# Reduced PyMOL surface OBJ
v -24.675413 15.631752 15.726822
v -25.450413 15.567215 16.062729
v -25.678484 15.360291 15.668564
v -26.487122 15.525635 15.739197
v -25.929390 16.110725 16.501831
v -24.971436 16.110725 16.501831
v -24.196436 16.406754 16.022858
v -24.131903 16.070847 15.247849
v -24.570286 15.575096 14.774033
v -25.326414 14.970398 14.779190
v -26.176413 14.899620 15.147598
v -27.026411 14.970398 14.779190
v -27.551741 15.820396 15.103867
v -27.059725 16.303200 15.845978
v -26.265297 16.885727 16.566360
v -25.450413 16.885727 16.797852
v -24.603064 16.819046 16.660110
v -23.835707 17.142494 16.023300
v -23.803604 16.815613 15.247849
v -24.196436 16.406754 14.472855
v -24.730305 15.451981 14.253860
v -25.326414 14.970398 13.728531
v -26.176413 14.645729 14.253860
v -27.026411 14.970398 13.728531
v -27.622520 15.451981 14.253860
v -27.990339 16.350082 14.284988
v -27.551741 16.871056 15.103867
v -27.118895 17.431839 15.572372
v -26.704390 17.364700 16.022858
v -26.139380 17.528023 16.791031
v -25.017790 17.585724 17.065231
v -24.405413 17.411690 17.074890
v -24.884390 18.007729 17.414841
v -23.926435 18.007729 17.414841
v -23.630413 17.528755 16.639832
v -23.525286 17.472099 15.687027
v -23.612764 17.307297 15.083191
v -23.086903 17.967850 16.160858
v -23.245098 18.226242 15.229919
v -23.779085 17.694397 14.338852
v -24.068302 16.901215 14.246384
v -24.464903 16.468590 13.755463
v -24.801085 15.820396 13.403854
v -25.637459 15.425888 12.779755
v -26.176413 14.899620 13.360123
v -26.674341 15.360291 12.839157
v -27.448412 15.679756 12.682877
v -26.673412 15.615219 12.346970
v -27.152390 16.158730 11.907883
v -27.927389 16.454758 12.386856
v -27.991922 16.118851 13.161850
v -28.223412 16.933731 13.161850
v -28.288118 17.190498 12.386398
v -28.111132 17.739868 13.161850
v -27.822725 17.335434 14.148193
v -28.062414 18.248726 13.134857
v -28.329790 18.681351 12.434860
v -27.904062 19.161156 13.240524
v -27.737741 18.774055 13.984863
v -27.573782 18.167862 14.381454
v -27.177181 17.735237 14.872375
v -27.177181 18.600487 14.872375
v -27.380508 19.179276 14.611206
v -27.016741 19.472061 14.941864
v -26.659508 19.012032 15.568207
v -27.183062 19.859161 14.197525
v -26.409100 20.341675 15.133499
v -26.155182 19.609238 15.807373
v -26.529741 18.745056 16.038864
v -26.178810 18.782730 16.520859
v -26.048157 18.219727 16.634964
v -25.659389 19.261703 16.935867
v -25.220297 18.782730 17.479370
v -24.884390 19.557732 17.414841
v -24.405413 18.782730 17.710861
v -23.926435 19.557732 17.414841
v -23.590528 18.782730 17.479370
v -23.151436 19.261703 16.935867
v -23.151436 18.303757 16.935867
v -22.855413 18.782730 16.160858
v -23.086903 19.597610 16.160858
v -23.151436 19.261703 15.385849
v -23.630413 20.036705 15.681885
v -23.503242 19.698685 14.833008
v -23.295992 18.782730 14.609955
v -23.151436 19.261703 13.985855
v -23.416683 18.436966 14.259552
v -23.703695 18.854424 13.445145
v -24.136318 18.154427 13.712509
v -24.194605 18.457825 13.012512
v -24.820765 17.336296 13.029190
v -24.464903 17.333839 13.755463
v -24.604305 18.064781 12.281693
v -25.015036 17.327454 12.490982
v -25.158318 16.280426 12.777512
v -25.449478 16.629395 12.224838
v -25.073322 17.630852 11.791000
v -25.537806 17.107422 11.362808
v -25.046896 17.504021 10.930191
v -25.596415 16.858025 10.590561
v -26.356413 16.443268 11.027863
v -26.135822 16.082626 11.841461
v -26.885012 16.591354 11.207886
v -26.356413 16.567734 10.120865
v -25.559402 16.748047 9.639084
v -26.356413 16.794739 9.321747
v -27.116411 16.858025 9.651154
v -27.706388 17.194511 10.084457
v -27.653641 16.914734 10.814056
v -27.707378 16.811646 11.564316
v -28.241013 17.412186 11.318130
v -28.133411 17.496399 10.327530
v -28.729519 17.977982 10.852859
v -28.658741 18.346397 11.702866
v -28.658741 19.397057 11.702866
v -29.394394 19.178375 10.468109
v -28.628508 20.165031 11.466202
v -28.431419 20.079239 12.153244
v -28.346014 19.711731 12.576233
v -27.952785 20.455780 12.643295
v -27.653807 19.932106 13.515640
v -27.524740 20.890060 13.435867
v -27.167507 20.430031 14.062210
v -26.803421 21.308060 13.997314
v -26.782389 20.766701 14.516861
v -26.303411 21.541702 14.220840
v -26.007389 21.062729 14.995834
v -25.528412 21.606239 14.556747
v -25.049435 21.062729 14.995834
v -25.528412 20.647720 15.515259
v -24.473385 20.513771 15.320709
v -25.180866 20.397438 15.904099
v -26.043827 20.129387 15.502060
v -25.797054 19.663422 16.214798
v -25.180412 20.036705 16.639832
v -24.405413 20.332726 16.160858
v -24.405413 20.101242 16.975739
v -23.630413 20.036705 16.639832
v -24.174450 20.831673 14.508530
v -23.914705 20.384277 14.616943
v -24.136768 21.168411 13.795807
v -23.156418 20.420303 13.484329
v -23.382036 19.920105 14.059860
v -22.754835 19.694328 13.494949
v -22.249413 20.352730 13.359848
v -21.779705 19.592728 13.069565
v -22.249413 19.059738 12.638962
v -23.003695 19.121803 13.012512
v -23.003695 18.912712 12.276489
v -23.703695 18.854424 12.579880
v -23.413395 18.519669 11.545670
v -24.113396 18.461380 11.849075
v -23.882412 18.085739 11.054977
v -24.582413 18.027451 11.358368
v -24.548485 17.722000 10.749954
v -23.788195 17.772621 10.433960
v -24.306437 17.252800 9.853851
v -25.006437 17.194511 10.157242
v -25.103855 16.962349 9.355316
v -24.346413 17.065727 9.031860
v -25.156685 17.249908 8.475540
v -25.843412 17.051628 8.879745
v -25.843412 17.396622 8.097122
v -26.882776 17.253540 8.821182
v -25.345484 17.857292 7.576157
v -26.368742 17.992722 7.615524
v -26.001925 18.156723 7.298386
v -26.194008 18.666298 7.126846
v -26.755844 18.737061 7.449203
v -26.497408 19.366295 7.068558
v -27.367741 19.547211 7.311142
v -27.540396 18.873375 7.556641
v -27.254864 18.188713 8.047531
v -27.372746 17.978401 8.543961
v -27.807774 18.440750 8.256638
v -28.009413 18.114487 8.784546
v -27.653027 17.524902 9.277756
v -28.286070 17.749664 9.624237
v -28.743196 18.159515 9.139786
v -28.776979 18.146263 10.056870
v -29.469412 18.561020 9.619553
v -29.469412 18.561020 8.680161
v -30.002403 18.991615 9.149857
v -29.939119 19.321022 9.909866
v -30.229414 19.790726 9.149857
v -29.939119 20.260429 9.909866
v -29.509966 19.945229 10.435776
v -29.139431 20.612556 10.649628
v -29.469412 21.020432 9.619553
v -29.086756 21.117828 10.055161
v -28.460411 21.475060 10.515182
v -28.264421 21.043060 11.401321
v -27.663244 21.661560 10.869644
v -27.625755 21.382828 11.655319
v -27.998796 20.779236 11.885864
v -27.595520 21.258476 12.585861
v -26.999411 21.740059 12.060532
v -26.999411 21.740059 13.111191
v -26.149412 22.064728 12.585861
v -25.528412 21.837723 13.741867
v -24.753412 21.541702 12.397629
v -24.753412 21.541702 13.262894
v -24.753412 21.541702 14.220840
v -23.881413 21.294693 12.786224
v -23.918980 21.460022 11.967056
v -23.009411 21.582436 12.309555
v -22.718430 21.211792 13.129684
v -23.416162 20.867699 13.375916
v -22.249413 21.645721 12.638962
v -21.779705 21.112732 13.069565
v -21.347773 21.702705 12.733078
v -20.914459 21.112732 13.069565
v -21.248894 20.395233 13.276855
v -20.310289 20.437729 13.514084
v -20.809925 19.568466 12.861511
v -19.912388 19.544510 13.206253
v -20.022411 19.475403 12.267532
v -20.722412 19.208023 11.834915
v -21.489414 19.123024 12.309555
v -21.319725 18.626450 11.593155
v -22.249413 18.734779 11.901779
v -22.389412 18.394554 11.344177
v -21.417412 17.613739 10.627975
v -22.177410 17.677025 10.298569
v -22.891445 18.069389 10.797974
v -22.952658 17.779282 10.056564
v -22.176296 17.578651 9.297928
v -22.876297 17.520363 8.994522
v -23.496414 17.390396 9.557190
v -23.496414 17.390396 8.506531
v -22.939636 18.159607 8.063644
v -23.821083 17.915718 7.656540
v -24.346413 17.319618 8.138107
v -24.844341 17.780289 7.617172
v -24.844341 17.989380 6.881149
v -24.064278 18.589348 6.598373
v -24.555187 18.192749 6.165756
v -25.345484 18.066383 6.840134
v -25.243637 18.192749 6.165756
v -24.064278 18.589348 5.733139
v -24.496901 17.889351 5.465759
v -24.899412 17.389153 5.326309
v -25.301924 17.889351 5.465759
v -25.530031 18.666298 5.935944
v -25.797407 19.098923 6.635941
v -25.739120 19.402321 5.935944
v -26.230030 19.798920 6.368576
v -26.327698 19.948380 5.439590
v -26.692743 20.530472 6.075867
v -27.012442 19.948029 6.630463
v -27.441196 20.858978 6.507599
v -27.973391 19.790726 7.420761
v -28.306290 20.856728 7.550644
v -28.709414 19.790726 7.629868
v -28.240396 18.931664 7.860031
v -29.179121 19.030724 7.920151
v -28.709414 18.497734 8.350754
v -29.508526 19.790726 7.856857
v -29.939119 19.321022 8.389847
v -29.939119 20.260429 8.389847
v -29.179121 20.550728 7.920151
v -29.469412 21.020432 8.680161
v -30.002403 20.589836 9.149857
v -28.768297 21.177094 8.315536
v -28.776979 21.435188 9.149857
v -28.286070 21.831787 8.675476
v -28.425295 21.648003 9.486237
v -27.725294 21.915382 9.053604
v -27.696575 21.909241 10.035385
v -27.206087 22.346863 9.595306
v -27.025547 21.877815 10.340744
v -26.592924 22.368729 9.944138
v -26.290310 21.921242 10.726151
v -26.955076 21.639000 11.240799
v -26.202244 21.926559 11.706085
v -25.299414 21.740059 11.195282
v -25.299414 21.740059 12.060532
v -24.599413 21.472679 11.627914
v -24.599413 21.681770 10.891891
v -23.869911 21.657227 11.090302
v -23.955276 21.877815 10.340744
v -23.064819 22.028366 10.693848
v -23.084547 21.704010 11.407242
v -22.614132 22.065742 11.336182
v -22.181509 22.556656 10.939590
v -21.914131 22.124031 11.639572
v -21.481508 22.824028 11.372208
v -21.123741 22.770058 11.983871
v -21.556364 22.070061 12.251236
v -20.660845 22.350395 12.675507
v -20.273743 23.094734 12.509186
v -19.819416 22.359612 12.949509
v -20.611059 21.812729 13.011276
v -20.139307 21.454063 13.279190
v -19.380302 21.743622 13.706299
v -19.792118 20.907433 13.929855
v -19.032120 21.197731 14.399567
v -19.361525 20.437729 14.462845
v -19.792118 19.968025 13.929855
v -19.032120 19.677727 14.399567
v -19.322411 19.208023 13.639572
v -18.562412 19.144737 13.968979
v -18.379887 18.912476 13.095016
v -19.322411 19.208023 12.700150
v -18.413670 18.745697 12.273514
v -19.322411 19.208023 11.834915
v -18.305387 18.623512 11.303848
v -19.005388 18.890892 10.834839
v -19.701078 18.855690 11.102356
v -20.022411 19.266312 11.531509
v -20.455034 18.775398 11.134903
v -20.133701 18.364777 10.705765
v -20.947704 18.146729 11.058563
v -20.657413 17.677025 10.298569
v -20.124422 18.107620 9.828857
v -20.657413 17.677025 9.359146
v -21.417412 17.386734 9.828857
v -21.417412 17.613739 9.029739
v -20.947704 18.146729 8.599152
v -21.970760 18.115120 8.472992
v -21.417412 18.906731 8.308853
v -22.476368 18.903473 8.086258
v -21.850035 19.606728 8.041489
v -22.778728 19.531357 7.346329
v -23.328318 18.700424 7.555511
v -23.386604 19.003822 6.855515
v -23.245813 19.115189 6.364136
v -22.720051 19.965698 6.704514
v -22.694416 19.609467 5.984344
v -23.273647 19.070335 5.466232
v -22.573647 19.128624 5.162827
v -23.115513 18.589348 4.784363
v -23.796900 18.156723 5.033127
v -23.548136 17.889351 4.516983
v -24.100300 17.456726 4.974838
v -23.669706 16.987022 4.441849
v -24.429705 16.696724 4.911560
v -24.139414 16.227020 4.151566
v -24.899412 16.163734 4.480972
v -25.369120 16.696724 4.911560
v -25.659410 16.227020 4.151566
v -26.183123 16.914772 4.558762
v -25.698524 17.456726 4.974838
v -26.497408 17.898727 4.803329
v -26.194008 18.666298 4.745041
v -26.930031 18.666298 4.535934
v -26.619106 19.441185 4.644012
v -25.797407 19.098923 5.235947
v -27.440807 19.248703 4.052078
v -26.940119 20.228432 3.944870
v -26.672743 20.661057 4.644852
v -26.569479 21.048546 3.653885
v -26.575743 21.468224 4.382858
v -26.710501 21.033424 5.299530
v -26.972343 21.900848 4.873779
v -27.201410 21.430023 5.732162
v -27.671118 22.190025 5.441849
v -27.734402 21.860619 6.201859
v -27.961412 22.659729 6.201859
v -27.805592 22.206223 7.003220
v -27.792688 21.557220 6.901855
v -27.734402 21.923706 7.736984
v -27.336329 23.112549 7.548508
v -27.278042 22.809151 8.248520
v -27.792688 22.227104 8.436996
v -28.225311 21.527107 8.169617
v -27.292671 22.615379 8.786240
v -27.108362 23.130638 8.592850
v -27.260019 23.640038 7.443802
v -27.671118 23.129433 6.961868
v -27.201410 23.889435 6.671555
v -26.470854 24.057343 7.017990
v -26.375353 24.172264 8.012299
v -26.783401 23.867836 8.592850
v -26.250410 24.298431 9.062561
v -26.720118 23.538429 9.352859
v -25.960119 23.828728 9.822556
v -26.289524 23.068726 9.885849
v -25.480335 23.102509 10.224060
v -25.892923 22.636101 10.376755
v -25.125097 22.368729 10.269089
v -24.691299 23.068726 9.885849
v -24.387899 22.368729 9.944138
v -23.955276 23.068726 9.676758
v -23.332197 22.460991 9.993851
v -23.211742 23.580818 9.233170
v -22.608402 23.521446 9.552734
v -22.439713 22.895889 10.372543
v -21.972408 23.723991 9.981339
v -21.838741 23.284058 10.745865
v -21.313412 24.134056 10.421188
v -21.117422 23.702057 11.307312
v -20.463413 24.204834 10.789597
v -20.642963 23.679642 11.785507
v -19.748413 24.035828 11.244965
v -19.748413 23.690834 12.027603
v -19.048412 24.094116 11.548355
v -18.817862 23.721077 12.151962
v -19.223083 23.094734 12.509186
v -18.357838 23.094734 12.509186
v -18.848415 22.536255 13.002274
v -18.041122 22.468681 13.098740
v -18.473745 21.977768 13.495346
v -17.671169 21.926086 13.879959
v -18.562412 21.730721 13.968979
v -18.092705 21.197731 14.399567
v -17.145824 21.032951 13.918472
v -17.763300 20.437729 14.462845
v -18.562412 20.437729 14.689865
v -18.092705 19.677727 14.399567
v -17.332706 19.968025 13.929855
v -17.802414 19.208023 13.639572
v -17.000124 19.752312 13.408066
v -16.779469 19.246094 12.984451
v -17.794846 18.851555 12.908218
v -17.424429 18.657669 12.593674
v -16.485704 18.756729 12.533554
v -16.955412 18.223740 12.102966
v -17.715410 18.287025 11.773560
v -16.955412 17.996735 11.303848
v -17.715410 18.287025 10.834152
v -16.955412 18.223740 10.504745
v -17.425119 18.756729 10.074142
v -18.207705 19.132347 10.193909
v -17.789743 19.457848 9.917496
v -18.222366 19.948761 9.520889
v -19.072950 19.132347 10.193909
v -19.353231 19.585846 9.460129
v -19.772951 18.864975 9.761276
v -19.705389 18.623512 10.402206
v -20.066135 19.339355 8.993729
v -20.187706 18.437027 9.068863
v -20.618299 18.906731 8.535873
v -21.172413 19.478722 8.204727
v -20.128180 20.418335 7.917480
v -21.172413 20.669632 7.540756
v -21.605036 20.178719 7.937347
v -22.050777 20.486816 7.187241
v -21.172413 20.878723 6.804733
v -22.050777 20.486816 6.322006
v -21.172413 20.669632 6.068710
v -21.783400 20.054199 5.621994
v -21.187687 19.624123 5.238403
v -22.228077 19.040077 4.691284
v -21.532684 19.065910 4.335190
v -21.758354 18.840546 3.614151
v -22.679413 18.589348 4.114487
v -22.679413 18.589348 3.249222
v -23.170322 18.192749 3.681854
v -23.112036 17.889351 2.981857
v -23.379412 17.456726 3.681854
v -23.406536 16.982216 2.927200
v -23.606422 16.657616 3.681854
v -24.139414 16.227020 3.212143
v -24.357462 16.579826 2.398148
v -24.869970 16.059113 2.865723
v -24.899412 15.936729 3.681854
v -25.700764 16.092545 3.228348
v -25.666979 15.870552 2.471451
v -26.569481 16.137543 2.836029
v -26.468660 16.460785 3.866959
v -27.404413 16.378731 3.158859
v -27.404413 16.605736 3.957962
v -26.932713 17.085411 4.492310
v -27.874121 17.138725 4.388565
v -27.404413 17.898727 4.678848
v -28.203526 17.898727 4.451859
v -27.874121 18.658730 4.388565
v -28.634119 18.368431 3.918869
v -28.164412 19.128433 3.628555
v -28.697403 18.697838 3.158859
v -28.164412 19.128433 2.689163
v -27.639021 19.769836 3.334991
v -27.529404 19.893059 2.858597
v -27.003403 20.557838 3.184860
v -27.038494 20.289658 2.425980
v -26.569479 21.048546 2.715836
v -26.529020 20.739037 1.942917
v -26.330673 21.642899 1.759384
v -26.082022 22.045219 2.410355
v -26.054638 21.506607 3.184860
v -25.845549 22.242630 3.184860
v -26.109825 22.018555 3.988922
v -25.231329 22.722313 3.871521
v -25.319187 22.947449 4.664902
v -26.503326 22.659729 4.583908
v -25.751812 23.438370 5.061508
v -26.911119 23.419731 4.972153
v -27.240524 22.659729 4.908859
v -27.671118 23.129433 5.441849
v -27.201410 23.889435 5.732162
v -27.734402 23.458839 6.201859
v -26.441412 23.952721 5.402756
v -26.441412 24.179726 6.201859
v -25.681414 23.889435 5.732162
v -25.640060 24.023911 6.655365
v -25.091436 23.552948 6.165466
v -24.318930 23.837151 7.100937
v -25.059389 24.204948 7.570465
v -25.490412 24.361717 7.793747
v -24.507332 24.283333 8.017044
v -25.490412 24.588722 8.592850
v -24.730413 24.298431 9.062561
v -25.490412 24.361717 9.391968
v -25.020704 23.828728 9.822556
v -24.206701 23.610680 9.469742
v -23.753319 24.141479 8.590012
v -23.659388 24.204948 7.570465
v -23.069410 24.541435 8.076553
v -22.779119 24.071732 8.836563
v -22.309412 24.604721 8.405960
v -22.093180 24.204834 9.159836
v -21.550528 24.430717 8.873810
v -21.393179 24.263123 9.463242
v -21.550528 24.639809 8.137787
v -20.787910 24.790543 8.313339
v -20.341763 24.866913 8.594360
v -19.910412 25.034721 7.681854
v -19.095530 24.882996 8.185471
v -19.540413 25.022728 9.047867
v -20.300411 24.732437 9.517563
v -19.540413 24.795723 9.846970
v -19.763412 24.608116 10.310364
v -20.463413 24.549828 10.006973
v -19.428101 24.556686 10.715683
v -18.840412 24.854012 10.150375
v -18.772846 24.879814 9.522232
v -18.072845 25.147194 9.954865
v -18.324951 25.254723 10.828430
v -18.615789 24.794113 11.280991
v -18.237118 24.929428 11.833862
v -18.600628 24.228745 11.991211
v -17.806524 24.459724 12.366852
v -17.477119 25.219727 12.303574
v -17.007412 24.459724 12.593857
v -17.566740 23.236252 12.805557
v -16.758169 23.496246 12.903625
v -17.227119 22.686729 13.451553
v -16.285713 22.740044 13.555313
v -16.757412 21.926727 13.741852
v -15.941277 21.897285 13.619461
v -16.287704 21.166725 13.451553
v -15.083179 21.876724 13.598862
v -15.420277 20.707642 13.051743
v -15.852900 20.216728 12.655136
v -16.702820 20.452225 13.453674
v -14.929573 20.238625 12.617813
v -15.362196 19.747711 12.221207
v -16.156300 19.516731 12.596848
v -15.655746 18.990372 12.138046
v -14.592405 19.295776 11.921982
v -14.496949 19.747711 12.221207
v -13.892406 19.028397 12.354599
v -13.771512 19.114220 11.736481
v -14.436419 19.440689 11.280991
v -13.736420 19.382401 10.977600
v -14.534178 19.722008 10.692886
v -15.136419 19.382401 10.977600
v -15.362196 19.747711 10.386505
v -15.725706 19.047028 10.543854
v -15.662422 18.717621 11.303848
v -16.195414 18.287025 11.773560
v -16.195414 18.287025 10.834152
v -16.485704 18.756729 10.074142
v -16.156300 19.516731 10.010864
v -16.955412 19.449158 9.659393
v -16.552900 19.949356 9.519943
v -16.945414 20.189217 8.868790
v -17.614103 20.035851 9.165405
v -17.798412 20.340721 8.331985
v -16.945414 20.398308 8.132767
v -17.798412 20.222733 7.484848
v -18.670736 20.396393 7.952988
v -18.933512 20.097641 9.029739
v -19.428179 20.476624 8.220871
v -19.747158 20.012527 8.671921
v -19.648830 20.673355 7.372818
v -18.648411 20.547401 6.959518
v -19.348412 20.814781 6.526901
v -20.569485 20.928383 6.828140
v -20.569485 20.719292 7.564163
v -20.569485 20.719292 6.092117
v -19.253284 20.495438 5.621658
v -20.197083 19.731720 5.154190
v -19.590780 19.894272 5.055862
v -20.111248 19.089600 4.693497
v -20.722412 19.135620 4.672592
v -20.620693 18.690918 3.888321
v -19.637413 18.651215 4.197739
v -19.637413 18.419731 3.382858
v -20.412867 18.355019 3.126083
v -21.279411 18.589348 3.249222
v -21.546789 18.156723 2.549240
v -21.979412 18.647636 2.945831
v -22.412035 18.156723 2.549240
v -21.979412 17.456726 2.281845
v -22.802666 17.298561 2.465424
v -22.889894 16.931305 1.703873
v -23.623678 16.860107 1.986404
v -23.363581 16.492668 0.821854
v -24.308273 16.504753 1.305069
v -23.991707 15.997055 0.377243
v -24.691708 15.729683 0.809860
v -24.848372 16.183228 1.965530
v -25.358608 15.295830 1.726791
v -24.691708 14.864433 0.809860
v -25.122301 14.394730 1.342850
v -25.921413 14.394730 1.569855
v -26.286728 15.094727 1.726089
v -26.720526 14.394730 1.342850
v -26.814629 15.296371 1.399826
v -26.972387 16.115761 1.891907
v -27.066326 15.924767 0.914062
v -27.275415 16.660789 0.914062
v -27.766325 17.057388 1.346695
v -27.463297 16.512360 2.324539
v -27.967243 17.055618 1.862244
v -28.164412 16.669022 2.689163
v -28.634119 17.429024 2.398849
v -28.697403 17.099617 3.158859
v -28.164412 16.669022 3.628555
v -28.634119 17.429024 3.918869
v -28.924414 17.898727 3.158859
v -28.634119 18.368431 2.398849
v -28.297628 17.898727 1.808884
v -28.182064 18.751724 1.885742
v -28.030252 18.367744 1.108887
v -27.853512 19.283524 1.198883
v -27.673502 19.525032 2.256531
v -27.308895 19.766838 1.689377
v -27.216412 20.056053 0.896194
v -26.725502 20.452652 1.328812
v -26.605312 20.678108 0.473343
v -26.172689 21.378105 0.740723
v -25.762924 20.979187 0.114532
v -25.620525 21.810730 0.282867
v -26.051119 22.280434 0.815857
v -25.291121 22.570732 0.346146
v -25.581411 23.040436 1.106155
v -26.114403 22.609840 1.575851
v -25.581411 23.040436 2.045563
v -24.821413 23.330727 1.575851
v -24.821413 23.103722 2.374969
v -25.363363 22.687630 2.859573
v -24.669912 22.899841 3.216766
v -24.053846 23.187813 2.050247
v -24.061415 23.040436 1.106155
v -23.249178 22.940651 1.427017
v -23.542076 23.285088 2.230820
v -22.736412 23.247833 1.946121
v -22.736412 23.501724 2.839859
v -22.234131 23.443863 2.432861
v -21.534130 23.711243 2.865494
v -22.290846 23.528900 3.963211
v -23.058413 23.462723 4.224869
v -23.818411 23.172432 3.755157
v -23.859764 23.306908 4.678360
v -24.399294 23.024376 4.450851
v -24.593548 23.235718 4.960892
v -24.025745 23.153679 5.597336
v -23.135078 23.361656 5.133667
v -23.325745 23.421059 6.029953
v -24.208591 23.428711 6.401108
v -23.606026 23.874557 6.763748
v -22.779119 24.071732 6.377151
v -23.069410 24.541435 7.137161
v -22.309412 24.604721 6.807755
v -22.309412 24.831726 7.606857
v -21.550528 24.639809 7.075928
v -21.840395 24.170792 6.317032
v -21.228920 24.277206 6.595749
v -20.769878 24.856354 7.223007
v -20.528919 24.335495 6.292343
v -19.963243 24.896553 6.802078
v -20.023094 24.681595 5.984818
v -19.104748 24.608994 6.336807
v -19.100140 24.850540 7.125534
v -18.404747 24.876373 6.769424
v -18.395529 25.150375 7.610855
v -17.776403 25.239059 7.284592
v -17.776403 25.239059 7.937119
v -18.772846 24.879814 8.573471
v -17.662884 25.287842 8.863632
v -17.285494 25.635658 8.369736
v -16.426430 25.963791 8.900681
v -16.426430 25.754700 9.636703
v -17.549362 25.336617 9.790146
v -17.036854 25.857338 10.257736
v -17.767410 25.689430 10.604156
v -17.007412 25.979721 11.073868
v -17.767410 25.689430 11.543564
v -17.007412 25.752716 11.872971
v -16.247414 25.689430 11.543564
v -16.537704 25.219727 12.303574
v -15.710798 25.022552 11.916977
v -16.251928 24.334274 12.570297
v -15.309076 24.361092 12.511887
v -15.892923 23.496246 12.903625
v -15.028742 23.727737 13.278183
v -15.383190 22.930565 13.464676
v -14.247427 22.837502 13.781860
v -13.978084 23.727737 13.278183
v -13.388108 23.353073 13.379959
v -12.928084 22.726730 13.737183
v -13.453413 21.876724 14.061844
v -14.347156 21.876724 13.807968
v -13.978742 21.026718 13.737183
v -14.842923 21.258209 13.362625
v -14.284435 20.311829 12.986282
v -13.639297 20.175957 13.483994
v -13.796949 19.480339 12.653824
v -13.363228 19.631744 13.539917
v -13.303119 18.693024 13.440857
v -13.366402 18.363617 12.680862
v -12.833413 17.933022 13.150558
v -12.833413 17.933022 12.211151
v -13.377961 18.889252 11.331497
v -12.426413 18.016022 11.404800
v -12.887050 18.492653 10.898865
v -13.245508 18.985802 10.544968
v -12.959401 18.446617 10.069855
v -13.284361 19.183815 10.069855
v -13.834177 19.663719 10.389481
v -13.295672 20.057083 9.667480
v -13.995672 20.324455 10.100113
v -13.728296 20.757080 9.400101
v -14.428296 20.815369 9.703506
v -14.860920 20.324455 10.100113
v -15.243179 21.126625 9.199875
v -15.852900 20.216728 9.952576
v -15.943180 21.068336 8.896484
v -15.243179 21.335716 8.463852
v -15.943180 21.068336 8.031235
v -16.434090 20.671738 8.463852
v -16.390705 20.610184 7.883194
v -15.675802 20.635712 7.331238
v -16.170414 20.253754 7.060837
v -16.945414 20.189217 7.396744
v -16.945414 19.957733 6.581863
v -16.170414 20.253754 6.102890
v -16.945414 20.189217 5.766983
v -17.758595 20.116516 6.125916
v -17.774429 20.122971 5.438309
v -18.553284 20.437149 5.925064
v -18.664490 19.870956 5.018127
v -17.645414 20.130928 4.598328
v -18.309761 19.420395 4.214966
v -19.158436 19.194725 4.636826
v -18.862413 18.715752 3.861832
v -18.225164 19.122383 3.449539
v -18.364534 18.607002 3.268036
v -18.861959 18.355019 3.126083
v -18.154430 18.116669 2.493668
v -18.910795 18.117210 2.356918
v -19.637413 18.210640 2.646835
v -19.343418 17.626297 1.960312
v -20.222549 17.583389 2.189163
v -19.794628 16.836670 1.881378
v -20.743435 16.738724 1.969833
v -21.222412 17.438271 2.388855
v -21.701389 16.738724 1.969833
v -21.222412 16.195213 1.530746
v -21.997412 16.259750 1.194839
v -22.468077 16.439079 1.173294
v -22.470379 16.125053 0.659393
v -21.556471 15.668854 0.863205
v -22.037756 15.425056 0.392014
v -22.737757 15.692429 -0.040604
v -23.170380 16.183342 0.356003
v -23.603003 15.692429 -0.040604
v -23.170380 14.992432 -0.307983
v -23.906403 14.992432 -0.098892
v -23.603003 14.292435 -0.040604
v -24.303003 14.559807 0.392014
v -24.344519 13.378395 0.159195
v -24.691708 13.925026 0.809860
v -25.161415 13.165024 0.519562
v -25.451706 13.634727 1.279556
v -25.921413 13.101738 0.848969
v -26.391121 13.634727 1.279556
v -26.729404 13.118698 0.296310
v -27.151119 13.925026 0.809860
v -27.477396 13.130669 -0.230331
v -28.008327 13.989731 0.097809
v -27.669291 14.394730 0.394089
v -27.151119 14.864433 0.809860
v -27.716120 15.017105 0.142181
v -27.333702 15.492142 0.214066
v -27.730303 15.924767 -0.276840
v -27.333702 16.357391 0.214066
v -27.552742 17.050056 -0.143143
v -27.603430 17.050957 0.370865
v -27.812519 17.786980 0.370865
v -27.870806 17.483582 1.070862
v -27.871262 18.142151 -0.468140
v -28.066414 18.680725 0.370865
v -27.741741 19.206055 -0.479141
v -27.812519 19.574471 0.370865
v -27.216412 20.056053 -0.154465
v -26.984921 19.681496 -1.018661
v -26.253311 20.289551 -0.466843
v -26.634411 19.765053 -1.511475
v -27.326061 19.302155 -1.091812
v -27.159740 18.915054 -1.836136
v -26.309742 19.239731 -2.361465
v -25.869896 19.898727 -1.951401
v -25.401743 19.332817 -2.754440
v -24.969120 19.823730 -2.357849
v -25.259411 20.293434 -1.597855
v -24.499413 20.356720 -1.927261
v -24.499413 20.681679 -1.190063
v -24.919350 20.678108 -0.800369
v -25.334547 20.415009 -0.695511
v -25.186728 21.110733 -0.100388
v -24.240013 20.868706 -0.730515
v -24.030396 19.922791 -2.417953
v -24.515299 19.701126 -2.610657
v -23.629414 19.713837 -2.814880
v -23.296028 20.152077 -1.952576
v -22.969687 19.689903 -2.851547
v -22.596027 20.210365 -2.255966
v -22.628128 20.537247 -1.480515
v -23.328129 20.478958 -1.177124
v -22.840012 20.868706 -0.730515
v -23.540012 20.810417 -0.427109
v -23.107389 21.301331 -0.030518
v -23.972635 21.301331 -0.030518
v -23.987082 21.869614 0.189499
v -24.831490 21.844513 -0.055344
v -24.351706 22.570732 0.346146
v -23.404320 22.466530 0.744492
v -22.820356 22.097900 0.250748
v -22.704319 22.408241 1.047882
v -22.004318 22.466530 0.744492
v -22.238483 22.787163 1.425156
v -21.538483 22.845451 1.121765
v -21.805861 23.278076 1.821762
v -21.105860 23.545448 1.389145
v -21.534130 23.711243 2.000229
v -21.043221 24.107841 2.432861
v -20.650389 24.516701 1.657852
v -20.714922 24.852608 2.432861
v -20.650389 24.516701 3.207870
v -21.083012 23.816704 3.475235
v -20.592102 24.213303 3.907852
v -21.083012 23.816704 4.340485
v -21.686928 23.568253 4.087234
v -21.600128 23.650711 5.343719
v -22.290846 23.319809 4.699234
v -22.309412 23.655952 5.858978
v -21.065832 23.955009 5.137482
v -21.228920 24.068115 5.859726
v -20.528919 24.335495 5.427094
v -20.574923 24.351608 4.704849
v -20.031412 24.790703 5.183823
v -20.084202 24.894852 4.228317
v -19.331865 25.209724 4.658218
v -19.180580 24.836662 5.560257
v -18.556412 25.241821 5.078369
v -18.404747 24.876373 5.904175
v -17.640547 25.507622 5.833633
v -17.776403 25.239059 6.419357
v -17.082989 26.001144 6.274918
v -17.285494 25.635658 6.851974
v -16.717411 26.334435 7.141159
v -17.250402 25.903839 7.610855
v -16.717411 26.334435 8.080551
v -15.957413 26.624725 7.610855
v -15.957413 26.397720 8.409958
v -15.197412 26.334435 8.080551
v -15.488396 25.963791 8.900681
v -14.760324 25.973656 8.466812
v -14.808529 25.906380 8.999619
v -15.488396 25.754700 9.636703
v -14.923412 25.790726 9.935867
v -15.738295 25.639000 10.439484
v -14.923412 25.536835 10.829605
v -15.430517 25.476059 11.183182
v -14.997894 24.985146 11.579788
v -13.920413 25.016716 11.670975
v -14.503412 24.323837 12.796600
v -13.457386 24.436707 12.346054
v -13.160413 24.953430 11.341568
v -12.690707 24.193428 11.631851
v -13.070020 23.567245 12.788742
v -12.256689 23.341934 11.597809
v -12.603413 23.252052 12.887192
v -12.007307 22.770470 12.361862
v -12.078084 22.402054 13.211868
v -11.650039 21.967773 12.419296
v -11.993868 21.411453 13.319458
v -12.559670 21.876724 13.807968
v -12.897085 21.066452 13.877670
v -11.735317 20.678802 13.405579
v -12.555190 19.959732 14.020538
v -11.603707 19.922729 13.910568
v -12.073413 19.162727 14.200851
v -12.872523 19.162727 13.973846
v -12.543118 18.402725 13.910568
v -11.603707 18.402725 13.910568
v -12.079037 17.803650 13.559357
v -11.239218 17.863060 13.207214
v -11.608778 17.137436 13.180756
v -10.843707 18.693024 13.440857
v -10.780424 18.363617 12.680862
v -11.313413 17.933022 12.211151
v -12.107197 17.531525 12.670776
v -12.058692 17.770737 11.855621
v -10.775775 18.492653 11.926849
v -10.847806 18.265419 11.311813
v -10.300241 19.030411 11.412857
v -10.338331 18.714798 10.828735
v -10.906412 18.016022 10.539566
v -11.353413 17.736542 10.446259
v -10.807348 17.955910 9.600845
v -11.016437 17.219887 9.600845
v -10.373424 18.446617 10.069855
v -10.436707 18.776024 9.309860
v -11.196707 18.485725 8.840149
v -11.666412 17.785728 8.898438
v -11.172359 16.754333 8.986801
v -11.061006 16.656349 9.405716
v -11.455890 16.472198 9.603989
v -11.832389 17.169724 9.926834
v -12.148617 17.555740 10.128799
v -12.426413 18.016022 10.539566
v -12.525476 17.955910 9.600845
v -12.206904 17.252342 9.428818
v -11.985370 16.538017 9.368332
v -11.148813 9.164703 2.969482
v -11.919028 9.231651 3.310776
v -11.338101 9.382637 3.788406
v -10.304565 9.535484 3.232758
v -10.467412 9.519699 1.805832
v -9.692412 9.703438 2.132996
v -9.474413 9.714722 2.608856
v -8.545534 9.485245 2.125839
v -8.624413 9.390053 3.134186
v -8.028307 8.908470 2.608856
v -8.215440 8.934692 3.676895
v -8.855905 9.015495 3.998367
v -9.313458 9.341606 4.227859
v -8.755461 9.027580 4.808029
v -8.245445 8.767235 4.468048
v -15.417908 11.571838 0.478317
v -15.238564 11.085197 0.658051
v -14.692425 11.185242 0.901016
v -15.784700 10.657867 0.679474
v -16.306450 11.432381 0.135696
v -15.721310 12.271835 0.536606
v -14.581009 12.819565 0.646744
v -14.097382 12.283066 0.067215
v -13.793982 11.583069 0.125504
v -14.086246 11.084106 0.818451
v -13.629233 10.909546 0.536011
v -11.725993 9.745720 0.325836
v -12.560303 9.878944 0.726852
v -12.455116 9.500603 1.376465
v -11.243319 9.375145 1.326859
v -11.848813 9.106415 1.800827
v -11.148813 9.164703 2.104233
v -11.848813 8.897324 2.536850
v -11.243319 9.584236 0.590836
v -10.505592 9.656937 0.870926
v -10.724463 9.777245 0.055191
v -10.023747 9.599998 -0.174088
v -9.659072 9.690704 0.500107
v -9.692412 9.815720 1.326859
v -8.917413 9.519699 0.847885
v -9.114386 9.125534 0.011108
v -8.438437 8.744698 0.551865
v -8.373904 9.080605 1.326859
v -8.045606 8.335838 1.326859
v -7.987318 8.639236 2.026855
v -7.717049 7.782326 1.793976
v -7.671039 8.105774 2.551407
v -7.228182 7.592514 2.764633
v -7.732374 8.425217 3.227524
v -7.174237 7.834381 3.691757
v -7.700338 8.427010 4.062576
v -17.439074 10.999756 0.835693
v -17.629248 10.494789 1.829330
v -16.979582 10.311470 1.294861
v -16.739073 10.732384 0.403061
v -16.395575 10.424530 0.768600
v -17.042473 11.432381 0.344788
v -17.481930 12.040955 1.003342
v -16.739073 12.132378 0.403061
v -17.221384 12.916893 1.229263
v -16.001413 12.902214 1.066742
v -16.480391 13.445724 1.505844
v -15.522436 13.445724 1.505844
v -15.179327 12.890556 0.853195
v -14.747437 13.741753 1.026855
v -14.350838 13.309128 0.535950
v -14.328421 14.267357 0.327316
v -14.016902 13.974617 0.017258
v -13.812670 13.088730 0.029968
v -13.331083 13.614059 -0.566147
v -13.331083 12.563400 -0.566147
v -13.006413 13.088730 -1.416138
v -13.124403 12.241600 -1.416138
v -13.331083 11.698151 -0.566147
v -12.915315 11.505577 -1.416138
v -13.099036 11.219002 -0.826004
v -13.172219 10.665291 0.210480
v -12.666412 10.519005 -0.558640
v -12.399036 10.951630 -1.258621
v -11.966413 10.460716 -0.862030
v -12.197396 10.085075 -0.067917
v -11.497396 10.026787 -0.371323
v -11.206412 10.397430 -1.191437
v -10.723747 9.867378 -0.606705
v -10.714529 10.141380 -1.448135
v -9.979412 9.701057 -0.993820
v -9.899646 9.830124 -1.951767
v -9.383307 9.219475 -1.519150
v -9.076719 8.605545 -0.851456
v -9.051324 8.811035 -2.106812
v -8.736704 7.994057 -1.699631
v -8.794991 7.690659 -0.999619
v -8.778383 8.306931 -0.044174
v -8.304080 7.294060 -0.567001
v -8.040872 7.922035 0.477066
v -7.309359 7.006828 -0.002533
v -7.586796 7.612358 0.984024
v -7.194267 7.205360 0.667023
v -7.089349 7.234985 1.253525
v -17.746727 7.015350 0.254715
v -17.350319 6.553192 0.879410
v -17.791151 7.212616 1.172714
v -18.179350 7.715347 0.522095
v -18.374765 7.642143 1.572372
v -19.020130 8.035294 1.207840
v -19.083864 7.796387 1.860306
v -19.856689 7.592644 1.638199
v -20.089390 11.346504 1.065857
v -20.615875 10.508476 1.433441
v -20.027374 10.933159 1.792984
v -19.749441 11.784271 1.661896
v -19.398043 11.115196 2.236404
v -19.208927 11.990730 1.995956
v -18.688066 11.491425 2.135727
v -18.291466 11.924049 1.644821
v -18.058470 11.093185 1.714478
v -18.835413 12.690727 1.840866
v -18.020529 12.690727 1.609360
v -18.356436 13.465729 1.544846
v -17.281384 13.454048 1.396729
v -17.923813 14.165726 1.277451
v -16.816298 14.220726 1.570358
v -17.225422 15.193626 1.415787
v -16.489698 15.029518 1.617233
v -16.001413 14.220726 1.801865
v -15.522436 14.995728 1.505844
v -15.186529 14.220726 1.570358
v -14.747437 14.699699 1.026855
v -15.003469 15.475433 1.091110
v -14.589165 15.068069 0.318542
v -14.550579 16.019577 0.204697
v -14.244617 15.673203 -0.609146
v -13.930068 15.239449 -0.918213
v -13.873140 16.012672 -1.437485
v -13.930068 15.239449 -1.914078
v -13.720980 14.503426 -1.914078
v -13.713312 14.490829 -0.857925
v -13.260306 13.982475 -1.416138
v -12.989052 13.520760 -1.920486
v -13.026307 13.805473 -2.726151
v -12.657152 13.001419 -2.641724
v -12.968019 14.108871 -3.426147
v -11.900037 13.377502 -3.865738
v -12.172850 12.781967 -3.138885
v -12.656761 11.975479 -2.611252
v -12.857027 11.808975 -2.116135
v -12.130748 10.945374 -2.157715
v -11.910067 11.543053 -2.950790
v -11.386413 10.779053 -2.544815
v -11.131278 10.519005 -2.093765
v -10.686413 10.720764 -2.848206
v -10.431278 10.460716 -2.397171
v -11.119037 11.211678 -3.244812
v -10.107412 10.911720 -3.279037
v -9.637707 10.378731 -2.848434
v -9.298086 10.928253 -3.494431
v -8.802395 10.112328 -3.438644
v -9.214197 9.655121 -2.728165
v -8.713286 9.198334 -3.360580
v -8.993036 9.114433 -2.806808
v -8.461349 8.474548 -3.478165
v -8.560412 8.414436 -2.539444
v -8.027424 7.983841 -3.009140
v -8.090707 7.654434 -2.249146
v -7.800412 7.184731 -3.009140
v -7.956882 6.500931 -2.174545
v -8.304080 7.294060 -1.432251
v -7.774754 5.997231 -1.165833
v -7.610778 6.664513 -0.662155
v -16.375420 6.443924 -0.296066
v -16.003187 6.673073 -0.060699
v -16.063574 6.202232 0.442032
v -16.805679 5.986115 -0.158691
v -16.504311 5.895012 0.650040
v -16.771896 5.999016 -1.044815
v -17.612396 5.723663 -0.564316
v -17.361301 5.167313 -1.349991
v -18.045019 5.232750 -0.960922
v -18.555796 5.815155 -0.477066
v -18.143328 6.582726 -0.236191
v -17.423172 6.247780 0.222946
v -18.879351 6.582726 -0.445282
v -18.446728 7.282722 -0.177902
v -19.311974 7.282722 -0.177902
v -18.879351 7.773636 0.218704
v -19.880318 7.120651 -0.158417
v -19.815731 7.781479 0.953262
v -20.147696 7.553276 0.541580
v -20.344887 7.263817 1.022308
v -20.467546 6.810204 0.343903
v -22.209696 9.283104 0.951279
v -22.576216 8.701286 1.305649
v -21.825914 9.237679 1.406769
v -21.791412 10.075722 0.915253
v -21.138243 9.897606 1.382401
v -21.358789 10.566635 0.518661
v -20.924789 10.880325 0.621628
v -22.270390 10.490730 0.395828
v -21.832624 11.086769 0.055893
v -21.529224 11.786766 -0.002396
v -20.485991 11.779129 0.574951
v -21.344833 12.690727 0.441757
v -20.608810 12.690727 0.650864
v -20.089390 12.211754 1.065857
v -20.146042 13.164558 1.170975
v -19.650297 12.690727 1.609360
v -19.314390 13.465729 1.544846
v -19.776741 14.081108 1.161438
v -18.835413 14.241631 1.400284
v -19.416723 14.916779 1.134476
v -18.436413 14.623596 1.399765
v -18.906120 15.398727 1.545563
v -19.720123 15.616776 1.192764
v -19.252548 16.129288 1.713470
v -18.436413 16.158730 1.835861
v -17.637300 16.158730 1.608841
v -18.154430 16.925758 1.829697
v -17.333900 16.858727 1.667130
v -16.901278 16.158730 1.399765
v -16.174709 16.883652 1.495193
v -16.357435 16.105827 1.409378
v -15.621412 16.105827 1.200272
v -15.142435 16.881729 1.344833
v -14.723873 16.355392 0.645569
v -14.367436 17.177757 0.865860
v -14.302904 16.841850 0.090866
v -14.071412 17.656731 0.090866
v -13.913357 17.320473 -0.611252
v -14.244617 16.538452 -0.609146
v -13.772084 16.832397 -1.393143
v -13.772084 17.883057 -1.393143
v -13.447413 17.357727 -2.243149
v -13.701307 16.463982 -2.243149
v -13.298028 16.943222 -2.943146
v -13.643020 16.160583 -2.943146
v -13.910396 15.727959 -2.243149
v -13.813787 15.351608 -2.755875
v -13.546411 15.784233 -3.455872
v -13.546411 14.918983 -3.455872
v -13.604698 14.615585 -2.755875
v -13.149811 15.351608 -3.946777
v -12.708916 14.596558 -3.902771
v -12.244265 15.396164 -4.138336
v -11.864590 14.580399 -4.334183
v -12.268020 13.841499 -3.858765
v -11.561190 13.880402 -4.275894
v -10.787998 14.589783 -4.805557
v -10.503033 13.860809 -4.794174
v -10.942084 13.297737 -3.994812
v -10.055962 13.101746 -4.426804
v -10.573670 12.447731 -3.924026
v -11.376361 12.505173 -3.566757
v -10.948174 11.925186 -3.627335
v -10.540036 11.402634 -3.675629
v -9.768419 11.395302 -3.733688
v -9.699530 12.563370 -4.204376
v -9.314917 12.129082 -4.013962
v -8.799499 11.327728 -3.760193
v -8.391707 12.087730 -4.148438
v -8.062303 11.327728 -4.085159
v -8.330482 10.568848 -4.050064
v -7.631707 10.858025 -4.618149
v -8.002349 10.037910 -4.909134
v -8.403061 9.643196 -4.178162
v -8.385785 9.633308 -4.703491
v -8.564707 8.691025 -4.377151
v -8.622994 8.994423 -5.077148
v -8.832083 8.258400 -5.077148
v -8.564707 7.825775 -4.377151
v -8.917902 7.617355 -4.793045
v -8.521302 7.184731 -4.302139
v -8.090707 7.654434 -3.769150
v -8.090707 6.715027 -3.769150
v -8.850707 6.424728 -4.238846
v -8.560412 5.955025 -3.478851
v -8.027424 6.385620 -3.009140
v -8.507097 5.851280 -2.537445
v -9.320413 5.664734 -3.009140
v -9.320413 5.775871 -2.211197
v -8.552845 5.598557 -1.798737
v -9.152020 5.642212 -1.362030
v -8.289615 5.237053 -1.151321
v -9.852020 5.909592 -1.794647
v -9.852020 5.700500 -1.058624
v -9.462471 4.742920 -0.553467
v -8.866244 4.950813 -0.880478
v -13.729133 4.881004 0.158554
v -13.295906 4.051125 0.032333
v -13.957664 4.506371 0.593079
v -13.029133 4.613632 -0.274063
v -13.627584 5.445793 -0.607803
v -14.060789 6.010582 0.025848
v -13.842796 6.011299 -0.996063
v -14.110172 6.443924 -0.296066
v -14.051885 6.747322 -0.996063
v -14.865254 7.019142 -0.228973
v -14.704586 6.711060 0.010529
v -15.242796 7.411301 -0.996063
v -15.242796 7.163353 -0.462296
v -15.620338 7.019142 -0.228973
v -15.942797 7.143921 -1.428680
v -16.433706 6.747322 -0.996063
v -16.375420 6.443924 -1.696060
v -15.675419 6.711296 -2.128677
v -15.978819 6.011299 -2.186966
v -16.698975 5.676353 -1.664291
v -16.302374 5.243729 -2.155197
v -16.783558 4.806068 -1.829941
v -16.103365 4.483727 -2.543442
v -17.053743 4.083466 -2.020248
v -17.700960 4.333138 -1.492737
v -19.447695 6.420654 -0.425797
v -20.070578 6.232910 -0.122772
v -19.615780 5.558861 -0.363480
v -24.457359 9.490051 -0.180176
v -24.414660 8.539642 -0.235260
v -23.939039 8.625160 0.283371
v -23.499481 9.598503 0.165924
v -22.909697 9.015732 0.518661
v -22.606297 9.715729 0.460373
v -23.001534 10.332184 0.138855
v -23.913412 10.256729 0.015854
v -23.478745 11.045898 -0.256790
v -22.613499 11.045898 -0.256790
v -23.046122 11.745895 -0.524185
v -22.310099 11.745895 -0.315079
v -22.613499 12.445892 -0.256790
v -21.832624 12.486763 0.055893
v -21.915390 12.962723 0.315842
v -22.737757 13.183014 -0.040604
v -22.251297 13.737724 0.380371
v -21.436413 13.737724 0.611862
v -21.980362 14.504402 0.415817
v -20.957157 14.513176 0.467484
v -20.524534 13.813179 0.734848
v -20.912210 13.390724 0.709152
v -20.221134 14.513176 0.676559
v -20.524534 15.213173 0.734848
v -21.389780 15.213173 0.734848
v -20.789789 15.704300 1.134140
v -22.737757 14.292435 -0.040604
v -22.434357 14.992432 -0.098892
v -22.987320 13.737724 0.171280
v -23.581043 13.337708 0.034622
v -23.170380 12.483017 -0.307983
v -24.028791 12.732399 -0.180435
v -23.913412 11.807632 -0.424728
v -24.894037 12.732399 -0.180435
v -24.911356 11.511436 -0.694885
v -25.214756 12.211433 -0.636612
v -25.647379 12.702347 -0.240005
v -25.885412 12.618149 -0.846313
v -26.585413 12.885529 -0.413681
v -26.585413 12.676437 -1.149704
v -27.187529 12.661652 -0.989212
v -27.178846 12.403557 -1.781784
v -27.946413 12.469734 -1.520142
v -27.946413 12.696739 -0.721024
v -28.706411 12.760025 -1.050430
v -28.416121 13.229729 -0.290436
v -29.176119 13.520027 -0.760147
v -28.745525 13.989731 -0.227158
v -29.176119 14.459435 -0.760147
v -28.416121 14.749733 -0.290436
v -28.706411 15.219437 -1.050430
v -28.055740 15.566628 -0.503815
v -28.241076 16.064537 -1.662796
v -27.820118 16.617432 -0.843140
v -27.883402 16.946838 -1.603134
v -27.674313 17.682861 -1.603134
v -27.433523 17.444336 -2.165970
v -27.192574 18.057175 -2.022232
v -27.600063 18.460724 -1.101028
v -26.699739 17.724617 -2.619476
v -26.370689 18.399239 -2.930145
v -26.312403 18.095840 -3.630142
v -25.914673 18.845001 -3.214981
v -25.779411 18.526436 -4.099838
v -25.019413 18.914680 -3.692062
v -24.947922 19.210213 -3.007248
v -24.141161 19.243088 -3.351974
v -24.201523 18.602623 -4.166580
v -23.442518 18.313065 -3.739471
v -23.104084 19.117737 -3.296463
v -22.716982 18.373398 -3.462784
v -22.249123 19.080894 -3.189102
v -21.816500 18.380898 -3.456482
v -21.425430 19.238976 -3.361801
v -22.104441 19.689903 -2.851547
v -21.034359 20.097054 -3.267105
v -21.801041 20.389900 -2.793274
v -21.305296 20.863731 -3.231644
v -21.744389 21.342705 -2.688141
v -22.137218 20.933846 -1.913147
v -21.808922 21.678612 -1.913147
v -22.195505 21.237244 -1.213150
v -21.708120 21.987274 -0.989487
v -22.407389 21.568703 -0.463135
v -21.928411 22.343704 -0.167114
v -21.086418 22.602570 -0.417740
v -21.228865 22.762726 0.265228
v -20.870274 23.089043 0.513474
v -20.379364 23.485641 0.080856
v -20.437651 23.789040 0.780853
v -19.996937 24.389626 0.241776
v -19.997755 24.859810 1.102707
v -19.730379 25.292435 0.402695
v -20.012165 25.748375 1.140427
v -20.276539 25.348358 1.959030
v -19.814695 26.114525 1.732864
v -19.796131 25.632179 2.461578
v -20.171412 25.291702 2.911835
v -20.031866 25.151436 3.489578
v -19.363508 26.332176 2.194199
v -18.967937 26.098160 3.157074
v -19.331865 25.209724 3.792984
v -18.840956 25.606323 4.225601
v -18.486389 26.478699 4.000870
v -18.146441 26.040932 4.596909
v -17.539379 26.793633 4.709991
v -17.907925 25.940247 5.133621
v -17.094383 26.286118 5.545929
v -16.518414 26.767838 5.026596
v -16.316341 26.365456 5.850952
v -15.899906 26.322502 5.522369
v -15.928659 26.412422 6.591171
v -15.126869 25.781326 5.811600
v -15.068583 26.084724 6.511597
v -15.197412 26.334435 7.141159
v -14.607437 25.997948 7.610855
v -14.269413 25.577057 6.983536
v -14.269413 25.577057 8.034195
v -13.673307 25.095474 7.508865
v -13.512417 25.111496 8.434799
v -14.073412 25.466057 9.410538
v -13.440051 24.699760 9.130203
v -13.381763 25.003159 9.830185
v -14.073412 25.466057 10.461197
v -13.160413 24.953430 10.402145
v -12.949140 24.303162 9.562820
v -12.592332 24.254654 10.112976
v -12.627424 24.522835 10.871857
v -12.400413 23.723724 10.871857
v -12.505460 23.530685 10.013870
v -12.356437 23.091568 10.772842
v -12.296371 22.794662 10.013870
v -12.147348 22.355545 10.772842
v -12.029556 22.572350 11.514511
v -11.656437 21.958946 11.205460
v -11.656437 21.958946 10.340225
v -10.931413 21.432961 10.856628
v -11.051409 21.512100 11.949158
v -10.300241 20.923050 11.412857
v -10.375182 20.532959 12.312851
v -11.126747 20.975731 12.888107
v -10.743938 20.058098 12.959412
v -11.264087 20.472244 13.264572
v -10.843707 19.632431 13.440857
v -10.442207 19.152649 12.714645
v -10.219950 19.445526 12.286942
v -10.031412 19.976730 11.412857
v -10.375182 20.532959 10.512863
v -10.188031 19.456856 10.571686
v -10.433470 20.229561 9.812851
v -10.146412 19.245728 10.069855
v -10.436707 19.715431 9.309860
v -10.906412 20.475433 9.600143
v -11.129972 20.063614 8.763962
v -10.867301 19.245728 8.776871
v -11.666412 19.245728 8.549850
v -12.099036 19.945724 8.282486
v -12.530186 19.198090 8.701675
v -12.136118 18.485725 8.840149
v -12.896118 18.776024 9.309860
v -13.017689 19.678352 9.234726
v -12.959401 19.981750 8.534714
v -13.237385 20.360481 8.967484
v -13.450313 20.378349 8.102097
v -13.728296 20.757080 8.534866
v -14.089413 20.730400 7.788193
v -14.543180 21.068336 8.031235
v -14.485738 21.046402 8.931992
v -14.871778 20.864899 7.159271
v -15.243179 21.126625 7.727829
v -14.049686 20.589912 6.706528
v -14.874376 20.861076 6.108017
v -15.574377 20.593697 6.581863
v -15.574377 20.593697 5.675400
v -15.166222 20.589050 4.938095
v -16.178732 20.362862 5.301895
v -16.022072 20.107254 4.509415
v -16.945414 20.398308 5.030960
v -17.018978 20.139488 4.222229
v -15.865412 19.833733 3.653854
v -17.092541 19.880669 3.413513
v -17.792542 19.822380 3.716904
v -17.525164 19.389755 3.016922
v -17.643654 18.908157 2.848312
v -15.820002 19.637039 2.605347
v -16.851082 18.916847 2.590225
v -16.286407 18.999268 2.358856
v -16.401703 18.433777 2.080765
v -17.215706 18.215729 2.433563
v -16.876085 17.666214 1.787567
v -17.685413 17.625755 2.097076
v -15.878180 18.432182 1.705566
v -15.621412 17.656731 1.640854
v -15.077465 18.423409 1.444809
v -14.806529 17.656731 1.409378
v -14.367436 18.135704 0.865860
v -14.484736 19.079849 1.056152
v -14.273375 19.066071 0.561020
v -14.183694 18.462868 0.090866
v -14.314249 19.378761 -0.219849
v -14.204932 18.443840 -0.924637
v -14.414021 19.179863 -0.924637
v -14.154312 18.759827 -1.684921
v -14.371069 19.508446 -1.745209
v -14.392396 19.670959 -1.256149
v -14.355141 19.955673 -2.061813
v -14.371069 19.508446 -2.741074
v -14.161981 18.772423 -2.741074
v -13.701307 18.251472 -2.243149
v -13.664052 17.966759 -3.048813
v -14.077307 18.524475 -3.501144
v -13.586395 18.127876 -3.933762
v -12.978289 17.463943 -3.457748
v -12.443752 17.615601 -3.943832
v -12.067878 16.705658 -3.658707
v -12.901428 16.510597 -3.434052
v -12.846411 16.051605 -3.888489
v -11.642118 16.140724 -3.853439
v -11.172413 16.900726 -3.563141
v -10.702707 16.140724 -3.853439
v -11.402108 15.324074 -4.352036
v -10.380384 15.530205 -4.626022
v -9.942707 16.431023 -4.323135
v -9.879424 16.101616 -5.083145
v -10.397665 15.472687 -5.710114
v -9.942707 16.431023 -5.843140
v -10.353806 15.920418 -6.325089
v -10.664464 15.276817 -6.707138
v -10.691069 14.598450 -5.868073
v -10.884798 14.522598 -6.736588
v -10.540244 13.979004 -5.967758
v -10.827558 13.389946 -6.806656
v -10.055962 13.101746 -6.313461
v -10.052324 13.511703 -5.378143
v -9.561413 13.003967 -5.743454
v -9.561413 13.003967 -5.012833
v -8.861413 12.847725 -5.378143
v -8.861413 12.620720 -4.579025
v -8.101413 12.557434 -4.908432
v -8.101413 12.557434 -5.847855
v -7.568424 12.126839 -5.378143
v -7.631707 11.797432 -4.618149
v -7.341413 11.327728 -5.378143
v -7.631707 11.797432 -6.138138
v -7.631707 10.858025 -6.138138
v -7.568424 10.528618 -5.378143
v -8.002349 10.037910 -5.847153
v -8.330482 10.568848 -6.706223
v -8.270429 9.519608 -6.633133
v -8.267868 9.376144 -5.586533
v -8.564707 8.691025 -5.777145
v -8.501424 8.361618 -6.537140
v -8.981096 7.827278 -6.065445
v -8.976190 7.920753 -5.493042
v -9.715425 7.524643 -5.561005
v -9.794413 7.640732 -6.537140
v -10.595764 7.796547 -6.083633
v -10.749161 7.606277 -5.442490
v -10.659412 7.174873 -4.759140
v -9.278654 7.117157 -4.653610
v -9.790118 6.424728 -4.238846
v -11.124689 6.656128 -4.317688
v -10.659412 6.167625 -3.751877
v -9.320413 5.891739 -3.808258
v -10.087980 5.807648 -2.534760
v -10.659412 5.913734 -2.858139
v -10.659412 5.704643 -2.122116
v -11.474296 5.856369 -2.625748
v -11.427195 5.338623 -1.878250
v -10.552020 5.642212 -1.362030
v -11.062141 4.907784 -1.110031
v -10.284644 5.209587 -0.662033
v -10.697803 4.379723 -0.540543
v -11.612371 4.357452 -0.688583
v -11.120233 3.664886 -0.441544
v -10.432316 3.948921 -0.363007
v -12.549667 4.366226 -0.800278
v -11.894626 3.583977 -0.578735
v -12.643287 3.758492 -0.366058
v -15.670742 3.783730 -2.810806
v -15.949045 3.282562 -2.534225
v -15.228971 3.089691 -2.486954
v -14.742332 3.844421 -2.559952
v -14.414119 3.101898 -2.773514
v -15.238119 4.483727 -2.543442
v -14.246545 4.605118 -2.459900
v -13.757692 3.882072 -3.317215
v -13.934960 2.970062 -3.170258
v -13.800644 3.553490 -3.733658
v -13.875453 2.941978 -3.828171
v -25.491119 8.936356 -1.945816
v -25.498756 8.058746 -1.965820
v -25.161348 8.281029 -1.277420
v -25.325661 9.409386 -1.467453
v -24.769182 9.133492 -0.640640
v -25.167389 9.777756 -0.759140
v -25.653740 10.253387 -1.541306
v -25.167389 10.735703 -0.759140
v -24.728296 10.256729 -0.215637
v -24.392389 11.031731 -0.280167
v -25.586405 11.168610 -1.458694
v -26.252344 10.722610 -2.280060
v -25.949394 11.482826 -1.721313
v -25.452789 11.918152 -1.113693
v -26.152790 12.185524 -1.546310
v -26.746223 11.912643 -2.178391
v -25.983006 9.777473 -1.949600
v -26.520525 9.963730 -2.315155
v -26.951118 10.433434 -2.848145
v -26.816704 11.412354 -2.948181
v -26.793001 12.459267 -3.047104
v -27.516703 12.544968 -2.515549
v -27.225624 13.159264 -3.314468
v -27.925625 13.217552 -3.011078
v -27.994053 12.621559 -2.383926
v -28.416121 13.229729 -2.749847
v -28.706411 12.760025 -1.989853
v -29.176119 13.520027 -2.280136
v -29.239403 13.190620 -1.520142
v -29.466413 13.989731 -1.520142
v -29.176119 14.459435 -2.280136
v -29.239403 14.788841 -1.520142
v -28.706411 15.219437 -1.989853
v -28.416121 14.749733 -2.749847
v -27.941689 15.715103 -2.438278
v -27.716120 15.017105 -3.182465
v -27.394680 16.352783 -3.027145
v -27.820118 16.617432 -2.363144
v -27.124830 16.957161 -2.973282
v -26.786503 16.239273 -3.644882
v -26.650620 17.306808 -3.663925
v -26.352863 16.825027 -4.443466
v -26.249119 17.766434 -4.390137
v -25.818525 17.296730 -4.923141
v -25.489120 18.056732 -4.859848
v -25.019413 17.296730 -5.150131
v -24.549706 18.056732 -4.859848
v -25.019413 18.589722 -4.429245
v -24.220301 17.296730 -4.923141
v -23.789707 17.766434 -4.390137
v -23.488552 17.042717 -4.411179
v -23.089706 17.499062 -3.957520
v -22.752529 17.042717 -4.202103
v -22.224461 17.499062 -3.957520
v -21.821156 17.084068 -4.280121
v -21.473391 17.825729 -4.109116
v -21.064528 17.050728 -4.501953
v -20.521021 17.892715 -4.253006
v -21.035625 18.421768 -3.769180
v -20.047628 18.374710 -3.877487
v -20.508648 19.231491 -3.598129
v -19.744228 19.074707 -3.819199
v -19.744228 20.012741 -3.819199
v -20.233644 20.088280 -3.527847
v -19.754389 20.863731 -3.672226
v -20.490412 20.863731 -3.463150
v -20.233644 21.639183 -3.527847
v -20.969389 21.638733 -3.167130
v -20.612497 22.461273 -2.947113
v -20.853765 22.619263 -2.511154
v -20.612497 23.326523 -2.947113
v -20.853765 23.484512 -2.511154
v -19.921341 22.679131 -3.931152
v -19.879873 23.586731 -3.988708
v -20.307505 24.348602 -4.199661
v -21.166119 24.608025 -3.502136
v -21.229403 24.278618 -2.742142
v -21.166119 24.608025 -1.982147
v -20.916723 23.835777 -1.923538
v -20.520123 24.268402 -1.432632
v -20.653797 23.302567 -1.550369
v -21.217211 22.383873 -1.422104
v -20.461836 23.099754 -0.732620
v -20.252747 23.835777 -0.732620
v -20.225807 24.585670 -0.788696
v -20.735525 25.077728 -1.449142
v -20.218327 25.522949 -0.741974
v -20.520123 25.887054 -1.432632
v -20.179028 26.517593 -0.596695
v -19.900404 26.066772 0.132736
v -20.109493 26.802795 0.132736
v -19.927423 26.415596 0.717850
v -20.045414 27.262726 0.717850
v -19.893688 26.759102 1.532745
v -20.078772 27.545319 1.601303
v -19.363508 27.197426 2.194199
v -19.897411 27.959023 2.370560
v -19.246740 27.611839 2.917191
v -18.930210 27.024460 3.180389
v -18.526552 27.733688 3.289658
v -18.092224 27.315475 3.803879
v -17.665035 27.809151 3.644150
v -17.232412 27.318237 4.040741
v -16.872416 27.773125 3.225861
v -16.457413 27.253700 3.704834
v -16.460972 27.125107 4.223907
v -15.797930 26.885841 3.305374
v -15.668413 26.697060 4.658188
v -15.084415 26.300125 3.953857
v -15.085022 26.011246 5.018753
v -14.564286 25.837357 4.427689
v -14.635959 25.384727 5.378983
v -14.090451 25.070671 4.720535
v -13.872161 24.709671 5.036148
v -13.936413 24.965706 5.811874
v -14.635959 25.384727 6.244217
v -13.935959 25.326439 6.547623
v -13.250153 24.769089 6.784882
v -13.381249 24.313072 5.468765
v -13.381249 24.313072 4.603531
v -12.951412 24.061058 4.673279
v -12.951412 24.061058 5.538528
v -13.599540 24.674072 4.287918
v -13.065160 24.557671 3.783554
v -13.539020 25.035240 3.580734
v -13.024287 24.870361 3.002686
v -12.650436 24.038704 3.303848
v -12.695536 23.685425 4.215851
v -12.498796 23.080475 3.304306
v -12.213331 22.876656 4.137985
v -12.283237 23.219803 5.077530
v -12.021412 22.345726 4.896866
v -12.131459 23.063683 5.712845
v -12.355307 23.579475 6.063858
v -11.864083 22.631058 6.412857
v -12.281813 23.565277 6.797577
v -12.843813 24.145279 6.529129
v -12.763412 23.948059 7.073288
v -12.281813 23.565277 7.728134
v -12.763412 23.948059 7.938522
v -13.254324 24.344658 7.505905
v -13.174558 24.473724 8.463852
v -12.655813 24.032272 8.929138
v -12.167307 23.466476 8.463852
v -12.238084 23.098061 9.313858
v -11.810039 22.628281 8.521301
v -12.065138 22.069107 9.278732
v -11.811111 21.445862 8.466141
v -11.856050 21.333084 9.278732
v -11.797762 21.636482 9.978745
v -11.365138 20.936485 9.711365
v -11.557086 20.822624 9.053513
v -11.615374 20.519226 8.353531
v -11.735019 20.908585 7.962845
v -11.539412 22.105728 7.262863
v -11.793306 21.211983 7.262863
v -12.366412 20.378349 7.582474
v -12.389412 20.730400 6.737534
v -13.239412 20.405731 7.262863
v -13.239412 20.659622 6.369110
v -12.620904 21.104958 5.873337
v -13.239412 20.868713 5.633087
v -14.045077 20.831459 5.917801
v -14.308980 20.968643 5.371231
v -13.541412 20.825729 4.896866
v -14.308980 20.759552 4.635208
v -13.511971 20.948112 4.080734
v -14.446930 20.512756 3.666061
v -15.105412 20.124023 4.123550
v -15.052097 20.020279 3.182159
v -14.458397 20.527275 2.908615
v -15.120001 19.695328 2.301956
v -14.169413 19.858749 1.513840
v -14.774065 19.123405 1.503098
v -15.574780 19.132179 1.763855
v -13.690436 20.633751 1.809860
v -13.625904 20.297844 1.034866
v -14.064286 19.802094 0.561020
v -13.690436 20.633751 0.259857
v -14.115090 20.109184 -0.388000
v -13.834992 21.112724 -0.516052
v -14.183308 20.406982 -1.256149
v -13.929414 21.300728 -1.256149
v -14.113596 20.744400 -2.066422
v -14.074942 22.023277 -2.077057
v -13.753430 21.394417 -2.758163
v -14.080308 20.677780 -2.828293
v -13.589396 21.074379 -3.260925
v -14.022020 20.374382 -3.528305
v -13.310774 20.623558 -3.990372
v -14.019019 19.693123 -4.201141
v -14.286395 19.260498 -3.501144
v -14.019019 18.827873 -4.201141
v -13.622419 19.260498 -4.692047
v -13.319019 18.560501 -4.633774
v -12.499349 19.229866 -5.323166
v -12.347479 18.824562 -5.016617
v -12.846987 18.210251 -4.499435
v -11.931297 18.228806 -4.552200
v -11.940425 18.760681 -5.635773
v -11.172413 18.420723 -5.083145
v -11.172413 18.193718 -4.284027
v -11.642118 17.660728 -3.853439
v -10.702707 17.660728 -3.853439
v -10.412413 18.130432 -4.613434
v -9.942707 17.370430 -4.323135
v -10.373302 16.900726 -3.790146
v -9.879424 17.699837 -5.083145
v -9.652412 16.900726 -5.083145
v -9.844332 17.431656 -5.842026
v -11.104845 18.545189 -5.990158
v -10.771462 18.364616 -6.352432
v -11.283970 18.885338 -6.820007
v -10.553412 18.717430 -7.166443
v -9.985332 18.018654 -6.877258
v -10.020424 18.286835 -7.636139
v -9.793412 17.487724 -7.636139
v -9.985332 16.956795 -6.877258
v -10.020424 16.688614 -7.636139
v -10.372785 16.244308 -7.220795
v -10.553412 16.258018 -8.105850
v -10.696239 15.600372 -7.474716
v -11.215105 16.103897 -8.478134
v -11.502226 15.330566 -8.117432
v -11.052707 14.869026 -7.467148
v -11.812707 14.578728 -7.936844
v -11.421186 13.917755 -7.481140
v -12.302662 13.771164 -7.786285
v -11.843670 13.038727 -7.378250
v -12.737412 13.038727 -7.632141
v -12.225185 12.197426 -7.453217
v -11.356311 12.447731 -7.161240
v -11.337413 11.065727 -7.291138
v -10.270270 11.747734 -6.874527
v -10.573670 12.447731 -6.816238
v -9.699530 12.563370 -6.543900
v -9.294037 12.162865 -6.729416
v -8.861413 12.620720 -6.177261
v -8.391707 12.087730 -6.607849
v -8.851336 11.361511 -7.009354
v -8.062303 11.327728 -6.671127
v -9.758020 10.510704 -7.430359
v -8.727082 10.136223 -7.197128
v -9.324707 9.920731 -7.766861
v -8.564707 9.630432 -7.297134
v -8.995301 9.160728 -7.830139
v -8.564707 8.691025 -7.297134
v -9.324707 8.400726 -7.766861
v -9.034412 7.931023 -7.006851
v -9.794413 7.867737 -7.336258
v -10.264118 8.400726 -7.766861
v -10.554413 7.931023 -7.006851
v -11.024118 8.691025 -7.297134
v -11.214353 8.332748 -6.540176
v -11.442806 9.303909 -6.696091
v -11.704271 9.224686 -6.177094
v -12.100871 8.792061 -5.686188
v -11.329548 7.867737 -5.801117
v -12.484083 7.978058 -5.695145
v -11.636341 7.696289 -5.254837
v -12.037553 7.468704 -4.899124
v -11.203717 7.205376 -4.858231
v -11.604929 6.977791 -4.502518
v -12.470177 6.977791 -4.502518
v -12.737553 7.410416 -5.202515
v -13.170177 6.710419 -4.935135
v -13.286785 6.055305 -5.008804
v -13.463520 6.235779 -5.673691
v -13.228464 7.013817 -5.635147
v -13.616707 6.606026 -6.395142
v -14.086412 5.846024 -6.104843
v -13.903385 5.270508 -5.202469
v -13.228498 5.751907 -4.308792
v -13.538707 4.774025 -4.533142
v -13.150464 5.181816 -3.773148
v -12.659553 5.578415 -3.340515
v -12.346787 6.045685 -3.823380
v -12.174295 5.798080 -2.929138
v -11.469687 6.097916 -3.414474
v -12.949420 5.109398 -2.581635
v -12.187484 5.288002 -2.194229
v -12.899667 4.932541 -1.716599
v -11.985413 4.885620 -1.369888
v -13.813921 5.096031 -2.063309
v -13.461757 5.313629 -1.406693
v -14.135964 5.475296 -1.703079
v -14.830327 5.243729 -2.155197
v -14.506772 6.011299 -2.186966
v -14.110172 6.443924 -1.696060
v -14.810172 6.711296 -2.128677
v -14.542796 7.143921 -1.428680
v -15.242796 7.202209 -1.732086
v -15.242796 6.011299 -2.396057
v -15.566351 5.243729 -2.364288
v -13.440331 4.712799 -3.014267
v -13.475424 4.444618 -3.773148
v -13.891519 3.960022 -4.315094
v -14.298707 4.483727 -5.002853
v -14.759949 3.492073 -4.848740
v -14.149983 3.136566 -4.371262
v -26.065638 8.215851 -3.608139
v -25.737249 7.273567 -3.388336
v -25.709694 7.717445 -2.753250
v -25.830740 8.386833 -2.591812
v -26.481411 8.734024 -3.138443
v -26.191120 9.203728 -2.378433
v -26.951118 9.494026 -2.848145
v -27.014402 9.164619 -3.608139
v -27.352619 9.973808 -3.574356
v -27.505312 9.561218 -4.040771
v -27.469387 10.472046 -4.450394
v -27.014402 10.762840 -3.608139
v -27.207222 11.076813 -4.516418
v -26.734715 11.290619 -3.747101
v -26.793001 11.594017 -4.447098
v -26.525625 12.026642 -3.747101
v -26.641756 12.220009 -4.292068
v -26.734715 12.762665 -3.747101
v -26.850845 12.956032 -4.292068
v -27.374409 13.405464 -3.879623
v -27.240740 13.845398 -4.644150
v -27.681063 14.370728 -3.909027
v -28.079975 13.877510 -3.358871
v -27.240740 14.896057 -4.644150
v -27.374409 15.335991 -3.879623
v -26.811579 15.819077 -4.359360
v -26.390741 15.220734 -5.169479
v -25.853745 15.837852 -5.016510
v -25.648298 15.303123 -5.368652
v -25.019413 15.829163 -5.274612
v -25.550344 16.537849 -4.958221
v -24.545031 16.529160 -5.007217
v -23.932793 16.591896 -4.931534
v -23.980431 15.382790 -5.624954
v -23.487595 15.882797 -5.213638
v -23.185152 16.342720 -4.469467
v -22.752529 15.851807 -4.866074
v -22.319906 16.342720 -4.469467
v -21.836840 15.833252 -4.918839
v -21.367928 16.350731 -4.560226
v -20.927441 15.952560 -5.138565
v -20.667927 16.618103 -4.992859
v -20.128296 16.178726 -5.518646
v -19.792389 16.953728 -5.454117
v -20.135498 17.508896 -4.801483
v -19.435497 17.776268 -5.234116
v -19.780251 17.942085 -4.577499
v -19.289341 18.338684 -5.010117
v -19.347628 18.642082 -4.310120
v -18.985781 19.122154 -4.724258
v -19.382381 19.554779 -4.233353
v -18.985781 19.987404 -4.724258
v -19.357788 20.431107 -4.163147
v -19.090412 20.863731 -4.863144
v -19.357788 21.296356 -4.163147
v -19.243874 21.728737 -4.715576
v -19.465118 22.210022 -4.681137
v -19.128628 22.643333 -5.271118
v -19.599594 23.133224 -4.722488
v -19.310741 23.349396 -5.555145
v -19.768696 23.896324 -4.787201
v -19.310741 24.400055 -5.555145
v -19.601727 24.645103 -4.850998
v -18.805628 25.375084 -5.507126
v -19.202229 25.807709 -5.016205
v -19.998327 25.077728 -4.360092
v -19.706120 26.105103 -4.404465
v -20.406120 25.837730 -3.971848
v -20.735525 25.077728 -4.035141
v -21.166119 25.547432 -3.502136
v -20.696411 26.307434 -3.211838
v -21.229403 25.876839 -2.742142
v -21.456413 25.077728 -2.742142
v -21.166119 25.547432 -1.982147
v -20.795479 26.367546 -2.273117
v -20.280638 26.825607 -2.742142
v -20.338924 27.129005 -2.042145
v -20.457649 26.968414 -1.326141
v -20.386423 27.873596 -1.057144
v -20.301413 27.333725 -0.626144
v -20.158497 27.808105 0.141434
v -20.367119 28.719025 -0.259140
v -20.099743 28.286400 0.440857
v -20.256405 27.921776 1.141968
v -20.367119 28.719025 1.140854
v -20.430403 28.389618 1.900864
v -20.657413 29.188728 1.900864
v -20.367119 28.719025 2.660858
v -20.367119 29.658432 2.660858
v -19.936525 29.188728 3.193848
v -19.607121 28.428726 3.130569
v -19.137413 29.188728 3.420853
v -18.663031 28.421158 3.277939
v -18.338301 29.188728 3.193848
v -18.034901 28.488731 3.252136
v -18.667706 29.948730 3.130569
v -17.500084 29.534737 2.567184
v -17.060150 28.770218 2.700851
v -16.650085 29.210060 2.041855
v -16.521021 28.252106 2.121628
v -16.814129 28.076523 2.525864
v -16.381506 27.376526 2.793228
v -16.325415 28.684731 1.191849
v -16.116325 27.948708 1.191849
v -16.239412 28.344681 0.764816
v -16.030323 27.608658 0.764816
v -15.754978 27.214424 1.488922
v -15.264069 26.817825 1.056305
v -15.264069 26.817825 1.986847
v -15.890413 27.175056 2.512192
v -15.307020 26.489243 2.872742
v -14.802412 26.377052 2.159195
v -14.857529 26.161377 2.765854
v -14.014812 25.805267 2.229584
v -14.122412 25.721054 3.220184
v -14.593505 25.903526 3.521225
v -14.052769 25.407410 4.007797
v -13.544417 25.333130 2.528854
v -13.608432 25.193687 1.536209
v -13.129413 24.813705 2.049881
v -13.463552 24.489456 1.077286
v -12.650436 24.038704 1.753860
v -12.585904 24.374611 2.528854
v -12.354412 23.559731 2.528854
v -12.650436 23.080757 1.753860
v -12.585904 22.744850 2.528854
v -13.024287 22.249100 2.055023
v -13.053506 22.182930 2.961472
v -12.527617 22.441452 3.228851
v -13.544417 21.786331 2.528854
v -13.486130 21.482933 3.228851
v -13.831976 21.020477 2.580627
v -13.910445 20.990639 3.497650
v -13.486130 21.482933 1.828857
v -13.403206 21.892914 1.121170
v -13.394412 21.112724 1.034866
v -13.690436 21.591698 0.259857
v -14.046873 22.414062 0.480148
v -14.105161 22.110664 -0.219849
v -14.314249 22.846687 -0.219849
v -14.183308 22.194473 -1.256149
v -14.840069 23.342392 -1.074295
v -14.779413 22.676056 -1.781479
v -15.212036 23.376053 -1.514099
v -15.270325 23.072655 -2.214096
v -14.779413 22.676056 -2.646713
v -15.253050 23.603241 -2.951553
v -14.527429 22.909081 -3.260925
v -14.037533 22.360458 -2.789963
v -13.827429 22.850792 -3.564316
v -13.296498 21.991730 -3.236191
v -12.888707 22.751732 -3.624435
v -12.559302 21.991730 -3.561142
v -12.888707 21.231728 -3.624435
v -12.128707 21.522026 -4.094147
v -12.598413 20.762024 -4.384445
v -12.065424 21.192619 -4.854141
v -12.499349 20.701912 -5.323166
v -13.032152 20.172737 -4.719803
v -12.708437 19.965889 -5.323166
v -12.761799 20.296280 -6.129868
v -12.539806 19.539375 -6.096085
v -12.838327 19.613724 -7.034088
v -13.270951 20.313721 -6.766708
v -13.271421 19.921249 -7.438614
v -12.780980 19.132187 -7.677902
v -12.080980 19.073898 -7.374496
v -11.925069 18.975128 -6.415298
v -12.072297 18.815804 -8.167068
v -11.313413 19.007721 -7.636139
v -11.313413 18.780716 -8.435257
v -10.553412 18.717430 -8.105850
v -10.843707 18.247726 -8.865860
v -10.083707 17.957428 -8.396133
v -10.514302 17.487724 -8.929138
v -10.083707 17.018021 -8.396133
v -10.843707 16.727722 -8.865860
v -11.313413 17.487724 -9.156143
v -11.783118 16.727722 -8.865860
v -12.112523 17.487724 -8.929138
v -12.597121 16.945770 -8.513046
v -12.293721 16.245773 -8.454758
v -13.029745 16.245773 -8.245651
v -12.282413 15.338730 -8.227142
v -13.080351 15.338730 -8.115997
v -12.735916 14.537376 -8.071320
v -13.366278 14.770729 -8.187042
v -13.617703 14.228775 -7.980026
v -13.185080 13.528778 -7.712662
v -14.001785 13.476379 -7.896072
v -13.649843 12.933060 -7.473785
v -14.559546 12.911125 -7.329514
v -14.126923 12.420212 -6.932907
v -13.262741 12.188721 -7.307480
v -13.623298 11.605331 -6.621658
v -12.866673 11.429543 -6.819366
v -13.156405 10.931396 -6.097397
v -12.567119 10.596024 -6.531143
v -12.192087 11.032806 -7.144943
v -11.807118 10.305725 -7.000839
v -12.136895 9.924683 -6.444473
v -12.723782 10.231400 -5.830032
v -12.404271 9.492058 -5.744461
v -13.120381 9.798775 -5.339111
v -12.836895 8.792061 -5.477097
v -13.423781 9.098778 -5.397400
v -13.269519 8.092064 -5.744461
v -13.942465 8.494743 -5.982803
v -13.616707 7.545433 -6.395142
v -14.376707 7.835732 -6.864853
v -14.047301 7.075729 -6.928131
v -14.846413 7.075729 -7.155136
v -14.376707 6.315727 -6.864853
v -15.316120 6.315727 -6.864853
v -14.846413 5.782738 -6.434250
v -15.470890 5.731750 -5.982178
v -14.768414 4.917473 -5.592133
v -15.602745 5.184845 -5.159515
v -15.299345 4.484848 -5.101227
v -16.077099 4.192894 -4.652206
v -15.530775 3.616081 -4.941010
v -16.329535 3.838753 -4.759430
v -25.041121 6.275322 -4.844223
v -24.634932 5.428802 -4.705658
v -25.091398 5.884117 -4.245392
v -25.509916 6.730415 -3.867798
v -25.542198 7.012253 -4.794846
v -25.476412 6.692398 -5.831818
v -26.084789 7.418457 -5.511368
v -26.006413 7.439484 -4.983673
v -26.123924 7.912453 -4.308151
v -26.072521 7.173981 -6.357147
v -26.567377 7.809982 -6.180313
v -27.024979 8.161263 -5.902145
v -27.016296 8.419357 -5.067810
v -26.556547 8.612450 -4.040771
v -27.072689 8.861221 -4.308151
v -27.717411 8.576019 -5.432434
v -28.187119 9.336021 -5.142136
v -27.850628 9.805725 -4.552170
v -28.187119 10.275429 -5.142136
v -28.477413 9.805725 -5.902145
v -28.250402 10.604836 -5.902145
v -27.717411 11.035431 -5.432434
v -27.717411 11.035431 -6.371841
v -27.005051 11.173897 -6.765915
v -27.427120 10.565727 -7.131851
v -26.524790 10.640862 -7.253418
v -26.214745 11.748611 -6.782516
v -26.596897 12.025757 -6.312622
v -25.918926 12.582130 -6.618698
v -26.108433 13.071579 -6.060806
v -26.778027 12.505859 -5.425583
v -26.953747 11.769516 -5.194107
v -26.768707 13.423119 -5.358841
v -26.164516 14.427948 -5.672241
v -26.759155 14.370728 -5.240250
v -25.656157 13.869728 -6.125244
v -25.287743 14.719734 -6.054474
v -24.802132 13.853386 -6.962082
v -24.237083 14.719734 -6.054474
v -24.827719 15.346077 -5.697235
v -23.804461 14.228821 -6.451065
v -23.469654 14.591301 -5.979599
v -23.037031 14.100388 -6.376205
v -23.710484 13.903160 -6.935410
v -22.769529 13.572098 -7.167465
v -22.439413 14.044586 -6.360138
v -21.931387 13.347107 -6.751816
v -21.474150 13.691208 -5.968124
v -21.914083 14.455734 -5.834473
v -21.037310 14.163948 -5.452240
v -21.431082 15.003159 -5.439438
v -22.321785 15.212204 -5.396347
v -23.041706 15.283730 -5.564850
v -20.418575 14.865967 -5.153351
v -20.523270 14.107689 -5.055893
v -19.787247 14.107689 -4.846786
v -19.313412 14.807686 -5.114182
v -19.792389 15.403725 -5.454117
v -18.834435 15.403725 -5.454117
v -19.313412 16.178726 -5.750137
v -18.507275 16.178726 -5.637863
v -19.095741 17.066780 -5.544510
v -18.074652 16.878723 -5.905228
v -18.395741 17.334152 -5.977142
v -18.792341 17.766777 -5.486237
v -18.395741 18.199402 -5.977142
v -18.924450 18.771744 -5.495132
v -18.524805 19.157356 -6.056900
v -18.718405 19.554779 -5.424255
v -18.892403 20.022621 -6.183151
v -18.927494 20.290802 -5.424255
v -19.119413 20.821732 -6.183151
v -18.976498 21.296112 -5.415573
v -18.997028 21.637863 -6.212585
v -18.867081 22.374390 -6.102646
v -18.476307 22.105438 -6.725098
v -18.334332 23.255951 -6.666367
v -19.011925 22.945450 -6.076309
v -18.829157 23.874725 -6.151245
v -18.147844 24.247765 -6.679413
v -18.460743 24.724731 -6.080475
v -17.541363 25.056984 -6.441803
v -18.277727 25.576729 -5.833389
v -17.479790 25.576729 -5.944519
v -17.912413 26.276726 -5.677139
v -18.711525 26.276726 -5.450134
v -18.497108 27.241165 -5.375961
v -19.142118 26.746429 -4.917145
v -18.789307 27.560432 -4.699097
v -19.298780 27.111053 -4.216019
v -19.063232 28.170074 -4.328674
v -19.818741 27.389145 -3.362137
v -20.045740 26.654625 -3.758469
v -19.818741 28.254395 -3.362137
v -20.071548 27.561630 -2.742142
v -20.143414 28.779724 -2.512146
v -20.345806 28.105682 -1.957077
v -20.292799 29.194229 -1.812149
v -20.504414 28.720726 -1.057144
v -20.250519 29.614471 -1.057144
v -20.320232 29.277054 -0.246872
v -19.789846 30.135422 -0.559219
v -19.956020 30.169037 0.658905
v -20.221313 29.188728 0.365723
v -20.367119 29.658432 1.140854
v -19.897411 30.418434 1.431152
v -20.430403 29.987839 1.900864
v -19.897411 30.418434 2.370560
v -19.137413 30.806679 1.962769
v -19.137413 30.481720 2.699966
v -19.607121 29.948730 3.130569
v -18.377415 30.418434 2.370560
v -18.648743 31.104820 1.451157
v -17.907345 30.877182 1.569946
v -17.677414 30.360146 2.067154
v -17.082087 30.096184 1.845871
v -16.882639 30.883369 1.193039
v -17.276705 31.595734 1.054565
v -16.516706 31.305435 0.584854
v -16.437084 29.929054 0.718857
v -16.483765 29.597160 1.297516
v -16.264137 28.900101 0.683746
v -16.112413 29.403725 -0.131149
v -16.230404 28.556595 -0.131149
v -16.264137 28.900101 -0.946030
v -16.055048 28.164078 -0.946030
v -16.021315 27.820572 -0.131149
v -15.848423 27.489708 -1.163010
v -15.357513 27.093109 -0.730392
v -15.539412 27.212059 0.332184
v -14.943306 26.730476 -0.193146
v -14.906051 26.445763 -0.998810
v -14.555197 25.829086 -1.005173
v -14.122904 25.844604 0.255859
v -14.668389 26.442253 1.067032
v -14.087451 25.573669 1.022537
v -14.206306 25.895470 1.633865
v -13.891412 25.029724 0.255859
v -14.187436 25.508698 -0.519135
v -14.187436 24.550751 -0.519135
v -14.029163 24.182381 0.189178
v -14.443469 23.775017 -0.583389
v -14.046873 23.279312 0.480148
v -13.632564 23.749756 0.680084
v -13.650273 22.846687 0.971054
v -13.089530 23.559731 1.210342
v -14.897465 24.263046 -1.098099
v -14.544054 25.002747 -1.125473
v -15.294064 24.695671 -1.589005
v -14.828100 25.449615 -1.835785
v -15.352352 24.999069 -2.289017
v -15.561441 24.263046 -2.289017
v -15.179323 25.104424 -2.852814
v -14.578594 25.843300 -2.514175
v -14.688412 25.501022 -3.285446
v -15.085869 24.764160 -3.638229
v -14.531060 25.137512 -3.986130
v -14.654103 24.294678 -4.214539
v -15.050703 23.862053 -3.723618
v -14.350703 23.594681 -4.156250
v -13.791037 23.775635 -4.451630
v -13.358413 23.284721 -4.055038
v -13.290845 23.636192 -4.812378
v -12.598413 23.221436 -4.384445
v -12.499349 23.281548 -5.323166
v -12.065424 22.790840 -4.854141
v -12.128707 22.461433 -4.094147
v -11.838412 21.991730 -4.854141
v -12.128707 22.461433 -5.614136
v -12.128707 21.522026 -5.614136
v -12.374687 22.137756 -6.199631
v -12.774704 21.182404 -6.163651
v -12.918182 21.951500 -6.774139
v -13.270951 21.178970 -6.766708
v -13.117303 22.254120 -7.457962
v -12.562799 22.734596 -6.924576
v -12.730707 23.081024 -7.655136
v -13.490707 22.790726 -8.124847
v -13.905750 21.994720 -7.945267
v -14.442190 22.753723 -8.234818
v -15.385120 21.980728 -7.928848
v -14.915413 21.220726 -8.219131
v -14.116302 21.220726 -7.992142
v -13.581963 20.749023 -7.512466
v -14.384482 20.461845 -8.027222
v -14.081082 19.761848 -8.085510
v -14.924723 19.735825 -8.347565
v -14.670639 18.882027 -8.807220
v -13.633084 18.890732 -8.661469
v -13.272529 19.474121 -7.975662
v -12.792828 18.860245 -8.515442
v -13.278635 18.093559 -8.847977
v -12.848547 17.487724 -8.720047
v -11.783118 18.247726 -8.865860
v -13.633084 17.190720 -8.661469
v -14.158413 18.040726 -8.986130
v -14.683742 17.190720 -8.661469
v -14.112747 16.320282 -8.506332
v -15.067720 16.230728 -8.274551
v -14.370482 15.529610 -8.431229
v -13.634459 15.529610 -8.222137
v -14.102302 14.770729 -8.396133
v -14.901413 14.770729 -8.623138
v -14.431707 14.010727 -8.332840
v -15.371120 14.010727 -8.332840
v -14.901413 13.477737 -7.902252
v -15.661411 13.541023 -7.572845
v -15.173365 12.991348 -7.185471
v -15.818766 13.177513 -6.872162
v -15.440742 12.558723 -6.485474
v -14.716744 12.375847 -6.648514
v -15.179026 11.871902 -6.105255
v -14.352118 11.674728 -6.491852
v -14.642413 11.205025 -5.731842
v -13.869410 11.065712 -5.927628
v -14.208673 10.615738 -5.396469
v -13.423781 10.498772 -5.397400
v -13.856405 9.798775 -5.130020
v -14.606389 10.072403 -4.973557
v -14.351409 9.141685 -5.348923
v -14.909789 9.372406 -5.031845
v -14.846413 8.693680 -5.697067
v -15.342413 8.881493 -5.428452
v -15.605297 8.403809 -6.166077
v -14.846413 8.368721 -6.434250
v -15.316120 7.835732 -6.864853
v -16.113367 7.834610 -6.754135
v -15.671646 7.061005 -7.027145
v -16.545990 7.075729 -7.021515
v -16.088364 6.257118 -6.615448
v -16.849390 6.316849 -6.963226
v -17.271421 6.005394 -6.631638
v -17.245991 6.749474 -7.454132
v -17.472462 6.077812 -7.823135
v -17.762331 5.608795 -7.064255
v -18.137413 5.736336 -6.173538
v -17.437412 6.003716 -5.740906
v -18.137413 5.736336 -5.308273
v -17.437412 5.794624 -5.004883
v -16.737411 5.736336 -5.308273
v -16.170891 5.790039 -5.678787
v -17.004789 5.303711 -4.608292
v -16.380499 4.892891 -4.710495
v -17.078697 4.035271 -4.421143
v -18.310654 5.044296 -4.418594
v -18.578032 5.476921 -5.118607
v -19.010654 4.776924 -4.851227
v -19.068941 5.080322 -5.551224
v -19.459084 4.504349 -5.243851
v -19.623438 4.528511 -6.211533
v -20.138279 4.070450 -5.742508
v -19.891706 3.804352 -4.976471
v -20.604687 3.357544 -5.496017
v -21.102760 3.690002 -6.263184
v -21.656416 2.888237 -5.890228
v -22.245775 3.272675 -6.032806
v -21.732298 4.093651 -6.706070
v -22.640120 4.637352 -6.212463
v -22.705488 3.726410 -5.937180
v -23.110397 4.204811 -5.804382
v -23.190874 4.874054 -5.951965
v -23.555479 5.392464 -5.995514
v -24.741295 6.252075 -5.420898
v -23.843569 5.548744 -5.812851
v -24.311974 5.358147 -5.274979
v -24.592295 6.203720 -6.302322
v -23.743294 6.097076 -6.550888
v -24.587685 6.445267 -7.126541
v -25.476412 6.692398 -6.882477
v -25.280422 7.124397 -7.768600
v -26.001741 7.542397 -7.207138
v -25.672579 8.182419 -7.886307
v -26.293806 8.188377 -7.227982
v -26.208389 8.727730 -7.448227
v -27.005051 8.437553 -6.765915
v -27.427120 9.045723 -7.131851
v -27.717411 8.576019 -6.371841
v -28.187119 9.336021 -6.662140
v -28.250402 9.006615 -5.902145
v -27.756525 9.805725 -7.195129
v -28.187119 10.275429 -6.662140
v -26.957413 9.805725 -7.422134
v -26.366589 9.616730 -7.568863
v -25.811789 9.160355 -7.939133
v -25.737793 10.392166 -8.289139
v -25.410780 9.562057 -8.698029
v -25.410780 10.427307 -8.698029
v -25.557413 11.340858 -8.386047
v -25.824789 10.908234 -7.686050
v -25.456457 11.712585 -7.915131
v -25.514744 12.015984 -7.215134
v -25.207794 12.564117 -7.780472
v -25.226507 12.983025 -6.945801
v -24.772987 13.597137 -7.680084
v -25.226507 12.983025 -8.345795
v -24.784382 13.882111 -8.409073
v -23.710484 13.694069 -7.671432
v -23.650194 13.910828 -8.420044
v -22.777372 13.459229 -8.049469
v -22.750034 13.567001 -8.976364
v -22.302990 12.691658 -8.342667
v -22.265583 13.028839 -7.629745
v -21.812080 12.295059 -7.910034
v -21.598707 12.655434 -7.093140
v -21.166084 11.955437 -7.360519
v -20.876324 11.723701 -6.741135
v -20.818037 12.027100 -6.041138
v -21.442045 13.020058 -6.392029
v -20.421436 12.459724 -5.550232
v -20.118036 11.759727 -5.608521
v -19.685413 12.459724 -5.341141
v -20.219870 13.407692 -5.114182
v -19.112904 13.209251 -5.028580
v -18.870529 12.459724 -5.109650
v -17.669418 13.226402 -5.145096
v -18.586746 13.883774 -4.744659
v -17.850723 13.883774 -4.953751
v -18.154123 14.583771 -5.012039
v -17.340120 14.365723 -5.364853
v -17.847301 15.482063 -5.498795
v -17.004744 14.799469 -5.954132
v -16.989389 15.560402 -5.752563
v -17.292789 16.260399 -5.810837
v -16.592789 15.993027 -6.243469
v -17.025412 16.693024 -6.510849
v -16.475542 16.383713 -7.157852
v -16.735121 17.162727 -7.270859
v -17.495119 17.453026 -6.801132
v -17.129187 17.893288 -7.409317
v -17.555229 18.391747 -6.900208
v -18.013290 17.922729 -6.385361
v -18.038507 18.659431 -6.603485
v -17.612806 19.488724 -7.344284
v -18.442524 19.525116 -6.745972
v -18.069120 20.061729 -7.412857
v -18.829119 20.352028 -6.943146
v -18.398525 20.821732 -7.476135
v -18.829119 21.291435 -6.943146
v -18.069120 21.581734 -7.412857
v -17.599413 20.821732 -7.703140
v -17.145910 21.623085 -7.547318
v -17.733845 22.062065 -7.246780
v -16.631746 22.462677 -7.308655
v -17.377743 22.757454 -7.220963
v -16.821413 23.567726 -7.405136
v -17.715157 23.567726 -7.151245
v -17.346743 24.417732 -7.080475
v -16.338387 24.496605 -7.175659
v -16.821413 25.013832 -6.598892
v -15.840105 25.102188 -6.246811
v -16.272728 25.593109 -5.850204
v -15.231838 25.644211 -5.782852
v -15.525478 26.537468 -5.444290
v -16.751772 26.241997 -5.859283
v -16.097084 27.044205 -5.782852
v -16.801001 26.988312 -6.048660
v -17.479790 26.976723 -5.944519
v -17.376120 27.593727 -6.428848
v -18.091431 27.676132 -5.967636
v -17.705524 28.353729 -6.492142
v -18.136118 28.823433 -5.959137
v -18.550873 28.353729 -5.266708
v -18.274584 29.217499 -5.246780
v -18.789307 28.425682 -4.699097
v -18.655844 29.152763 -4.486404
v -19.337156 28.779724 -3.958252
v -18.968742 29.629730 -3.887466
v -19.818741 29.305054 -3.362137
v -19.293411 30.155052 -3.037476
v -19.889519 29.673470 -2.512146
v -19.654411 30.096054 -1.582474
v -18.762745 30.945061 -1.752029
v -19.332586 30.574089 -0.942703
v -18.976118 31.305435 -0.935135
v -19.364363 30.897644 -0.175140
v -19.039402 31.634842 -0.175140
v -19.074493 31.366661 0.583740
v -19.406502 30.815033 0.998520
v -19.851704 30.469933 0.199142
v -18.506411 32.065437 0.294571
v -18.216120 31.595734 1.054565
v -17.746412 32.128723 0.623978
v -17.746412 32.355728 -0.175140
v -16.986414 32.065437 0.294571
v -16.986414 32.065437 -0.644852
v -16.453423 31.634842 -0.175140
v -16.516706 31.305435 -0.935135
v -16.226412 30.835732 -0.175140
v -16.382233 30.382233 -0.976486
v -16.230404 30.250854 -0.131149
v -16.882639 30.883369 -1.543320
v -16.338741 29.959328 -1.619705
v -16.772686 30.289917 -2.019028
v -16.282347 29.515549 -2.229126
v -17.073847 29.870193 -2.739899
v -16.381414 29.455437 -3.167847
v -15.848423 29.024841 -2.698135
v -15.954235 28.581451 -1.792084
v -15.339085 28.307625 -2.738815
v -15.790136 27.793106 -1.863007
v -14.931500 27.553368 -2.414581
v -15.357513 27.093109 -1.595627
v -14.555197 26.730728 -2.405167
v -14.835168 26.505432 -1.701981
v -14.218706 27.200432 -2.995148
v -14.218706 26.261024 -2.995148
v -13.928411 26.730728 -3.755142
v -14.155423 25.931618 -3.755142
v -14.218706 26.261024 -4.515137
v -14.329419 25.463776 -4.514023
v -14.555197 25.829086 -5.105118
v -14.276994 25.092377 -5.215134
v -14.117390 24.659004 -4.503754
v -13.723469 24.336189 -5.079758
v -13.489488 24.460876 -5.607620
v -12.944079 23.660057 -5.318253
v -12.730707 24.020432 -6.135147
v -12.374239 23.289085 -6.127579
v -12.440413 23.550728 -6.895142
v -12.667424 24.349838 -6.895142
v -12.730707 24.020432 -7.655136
v -13.200413 24.780434 -7.364853
v -13.490707 24.310730 -8.124847
v -13.161302 23.550728 -8.188126
v -13.960413 23.550728 -8.415146
v -14.430119 24.310730 -8.124847
v -14.759524 23.550728 -8.188126
v -15.250229 24.019745 -7.754211
v -15.165974 22.881218 -7.812393
v -15.885164 23.682610 -7.520798
v -15.986252 23.081711 -7.545120
v -15.895723 22.462677 -7.517746
v -15.581764 24.382607 -7.462509
v -15.420412 24.722145 -7.061447
v -14.720412 24.780434 -7.364853
v -14.846221 25.174240 -6.558182
v -13.960413 25.070724 -6.895142
v -14.012051 25.033096 -6.149277
v -14.631979 25.532753 -5.816544
v -13.200413 24.780434 -6.425430
v -13.960413 24.843719 -7.694260
v -15.083097 26.030731 -5.431381
v -14.649301 26.730728 -5.048141
v -14.218706 27.200432 -4.515137
v -14.917481 27.489609 -5.083221
v -14.688412 27.960434 -4.224838
v -15.179323 28.357033 -4.657471
v -15.288464 28.415642 -5.199142
v -15.314081 27.922234 -5.574142
v -15.676706 27.884026 -5.959137
v -15.676706 28.823433 -5.959137
v -16.107300 28.353729 -6.492142
v -16.436705 27.593727 -6.428848
v -16.906412 28.353729 -6.719131
v -16.436705 29.113731 -6.428848
v -17.376120 29.113731 -6.428848
v -16.906412 29.646721 -5.998245
v -17.666410 29.583435 -5.668839
v -16.906412 29.873726 -5.199142
v -17.707764 29.717911 -4.745636
v -16.876970 29.751343 -4.383011
v -17.673979 29.939903 -3.988739
v -18.241341 29.823448 -4.230240
v -18.443413 30.225830 -3.405884
v -17.593414 30.155052 -3.037476
v -18.414692 30.589233 -2.593170
v -17.628531 30.537086 -2.279739
v -18.061153 31.028000 -1.883133
v -17.073847 29.870193 -3.605148
v -16.381414 29.455437 -4.033096
v -16.146414 29.583435 -4.729446
v -15.578331 28.884659 -4.440262
v -15.716776 28.909805 -3.502151
v -15.225864 28.513206 -3.934769
v -15.613422 29.152840 -5.199142
v -16.146414 29.583435 -5.668839
v -14.688412 27.960434 -3.285446
v -14.155423 27.529839 -3.755142
v -17.276705 31.595734 -1.404846
v -18.216120 31.595734 -1.404846
v -17.746412 32.128723 -0.974258
v -18.506411 32.065437 -0.644852
v -16.199123 21.762680 -7.576035
v -16.801476 20.821732 -7.591995
v -16.065453 20.821732 -7.801102
v -15.714525 21.220726 -7.992142
v -15.389795 20.453156 -8.076218
v -16.368853 20.121735 -7.859390
v -15.933743 19.638733 -8.222473
v -16.867958 19.253998 -7.804733
v -16.302156 18.788727 -8.293243
v -15.503468 18.846390 -8.560410
v -15.933743 17.938721 -8.222473
v -15.142948 17.856033 -8.693680
v -15.594297 17.087959 -7.969284
v -16.294298 17.355331 -7.536652
v -15.990898 16.655334 -7.478363
v -15.594297 16.222710 -7.969284
v -15.244524 16.722214 -8.228622
v -16.839237 18.276978 -7.822495
v -17.158628 18.824371 -7.391113
v -17.232140 20.020401 -7.830093
v -16.310274 15.568665 -7.103134
v -16.131119 15.240433 -7.863144
v -15.371120 15.530731 -8.332840
v -15.700525 14.770729 -8.396133
v -16.131119 14.301025 -7.863144
v -16.421413 14.770729 -7.103134
v -16.277962 14.058182 -6.921524
v -16.577650 14.405418 -6.403137
v -16.529963 13.969849 -5.918686
v -16.592789 15.127777 -6.243469
v -17.036720 13.665726 -5.306564
v -16.290741 12.883400 -5.960144
v -17.281664 12.762726 -5.041519
v -16.761959 12.079514 -5.086273
v -15.801298 11.975334 -5.799652
v -16.171726 11.206001 -5.024277
v -15.459307 11.418396 -5.371475
v -15.775036 10.772400 -5.031845
v -14.909789 10.772400 -5.031845
v -15.342413 10.072403 -4.764465
v -16.078436 10.072403 -4.973557
v -15.775036 9.372406 -5.031845
v -16.475037 9.639778 -5.464462
v -16.040167 8.917252 -5.750656
v -17.059404 9.475060 -6.281601
v -16.305298 8.462097 -6.469467
v -17.137085 8.874054 -6.982132
v -16.973553 7.842705 -7.040405
v -17.618670 8.348724 -7.578247
v -17.704044 6.974052 -7.882034
v -18.097910 7.648727 -7.981522
v -17.860706 6.609428 -8.583145
v -18.421360 8.406166 -7.935516
v -18.797911 7.916100 -8.414154
v -19.054018 7.489700 -8.716354
v -19.357418 8.189697 -8.658066
v -20.028458 8.141609 -8.915131
v -19.777102 8.869774 -8.935745
v -20.461081 8.841606 -9.182510
v -20.764481 8.141609 -9.124222
v -20.479279 7.412170 -9.193756
v -19.543915 6.941078 -9.187332
v -18.620705 6.899727 -9.052841
v -19.090412 6.139725 -9.343140
v -18.291300 6.139725 -9.116135
v -18.620705 5.379723 -9.052841
v -17.860706 5.670021 -8.583145
v -18.330414 4.910019 -8.292847
v -17.797422 5.340614 -7.823135
v -18.330414 4.910019 -7.353439
v -19.090412 4.619728 -7.823135
v -19.031528 4.753357 -6.988815
v -18.548462 5.262825 -6.539444
v -18.578032 5.476921 -5.983856
v -19.857979 4.553551 -7.561508
v -20.213415 4.192024 -6.644852
v -20.504396 4.562668 -7.464951
v -20.973413 4.128738 -6.974258
v -21.443121 4.661728 -7.404846
v -20.973413 5.077507 -7.923019
v -21.837187 5.374092 -7.543320
v -22.203119 4.952026 -6.935135
v -22.566629 5.652710 -7.092484
v -22.299252 6.085335 -7.792496
v -22.963833 6.044487 -7.271805
v -22.848557 6.394547 -8.365173
v -23.628412 6.212730 -7.487137
v -23.628412 6.466621 -8.380875
v -24.478411 6.537399 -8.012466
v -23.361137 6.935562 -8.971741
v -24.784410 7.498024 -9.108841
v -24.024412 7.434738 -9.438248
v -24.494120 7.967728 -9.868851
v -25.254118 8.258026 -9.399139
v -25.392584 7.863953 -8.686783
v -25.544413 8.727730 -8.639145
v -25.254118 9.197433 -9.399139
v -24.917627 8.691338 -9.989120
v -24.922274 9.521317 -10.289139
v -25.143404 9.994682 -9.398026
v -24.901688 10.106102 -10.364258
v -25.110777 10.842125 -10.364258
v -25.363241 10.945953 -9.208969
v -25.284775 11.216698 -9.961807
v -25.592510 11.714622 -9.156143
v -25.654518 12.023979 -9.822144
v -25.756687 12.414101 -9.007263
v -25.514744 12.015984 -8.615128
v -25.908413 12.917725 -9.822144
v -25.583740 13.443054 -8.972153
v -25.654518 13.811470 -9.822144
v -25.058411 14.293053 -9.296814
v -25.138178 14.422119 -10.254776
v -24.208412 14.617722 -9.822144
v -24.208412 14.363831 -8.928406
v -23.358414 14.293053 -9.296814
v -23.250813 14.377274 -10.287430
v -22.762306 13.811470 -9.822144
v -23.215656 14.359543 -10.991745
v -22.358027 13.331726 -10.539642
v -22.417313 13.028831 -9.822144
v -22.239037 12.484100 -10.557144
v -22.157412 12.595627 -9.652267
v -22.355305 12.719475 -9.156143
v -21.948322 12.184563 -8.915085
v -21.948322 11.859604 -9.652267
v -21.457413 11.463005 -9.219650
v -21.457413 11.787964 -8.482452
v -20.757412 11.404716 -8.916245
v -20.757412 11.729675 -8.179062
v -19.997414 11.341431 -8.586838
v -19.997414 11.341431 -7.647446
v -20.385414 11.327103 -7.173767
v -19.429331 10.642654 -7.358261
v -19.447895 10.695435 -6.442566
v -20.385414 11.327103 -6.308517
v -19.538065 11.260422 -5.636017
v -19.105442 10.560425 -5.903397
v -18.838064 10.993050 -5.203384
v -19.141464 11.693047 -5.145096
v -18.427876 11.877884 -4.959625
v -17.808296 11.099525 -5.113846
v -17.714287 12.062729 -4.774155
v -16.907749 11.206001 -4.815201
v -17.340372 10.506004 -5.082565
v -16.475126 10.506004 -5.082565
v -16.867638 9.990112 -5.519409
v -17.607750 10.073380 -5.782578
v -18.267797 10.549568 -5.551559
v -18.397532 10.164375 -6.203140
v -17.662415 9.724052 -6.657471
v -18.406750 9.890373 -7.044571
v -17.987083 9.198730 -7.507462
v -18.648552 9.777039 -7.684525
v -18.744810 9.163605 -7.889511
v -19.141411 9.596230 -8.380417
v -19.141411 8.730980 -8.380417
v -19.527706 9.642021 -8.877136
v -19.139462 10.173637 -8.117142
v -19.527706 10.581429 -8.877136
v -19.958300 10.111725 -9.410141
v -20.287704 9.351723 -9.346848
v -20.947351 10.091110 -9.825668
v -20.839085 9.237770 -9.477524
v -21.343952 9.616730 -10.316574
v -21.539085 8.970398 -9.910141
v -21.142485 8.537773 -9.419235
v -21.728035 8.082726 -9.583511
v -21.995413 8.515350 -10.283524
v -22.562366 7.814758 -9.579117
v -22.129744 7.323845 -9.182510
v -21.295412 7.382729 -9.316147
v -21.765120 6.622726 -9.025848
v -20.841909 6.581375 -9.160324
v -21.231266 6.103638 -8.766983
v -20.531265 6.045349 -9.070374
v -19.906548 6.110283 -9.220749
v -19.560120 5.379723 -9.052841
v -20.798643 5.612724 -8.370377
v -19.850410 4.910019 -8.292847
v -19.090412 4.846733 -8.622253
v -22.055410 6.153023 -8.265854
v -22.994989 7.323845 -9.182510
v -23.347036 7.558708 -9.557281
v -22.914413 8.049622 -9.953888
v -23.555395 7.868668 -9.928955
v -22.914413 8.258713 -10.689911
v -22.228415 8.387024 -11.314438
v -22.988413 8.096733 -11.784134
v -23.801729 8.283279 -11.312439
v -24.338388 8.723511 -10.882492
v -24.281403 8.817619 -11.784134
v -24.799519 9.715981 -11.179138
v -24.632874 9.574974 -11.851700
v -24.728741 10.084396 -12.029144
v -25.053413 10.609726 -11.179138
v -25.110777 10.842125 -11.994034
v -25.262503 11.345749 -11.179138
v -25.420219 11.671616 -11.830139
v -25.652519 12.022980 -11.257141
v -25.711805 11.720078 -10.539642
v -26.056799 12.502716 -10.539642
v -25.910955 13.149536 -11.236359
v -26.057798 13.332230 -10.522141
v -25.709831 14.023033 -10.523148
v -25.768118 14.326431 -11.223145
v -25.080362 14.733620 -10.699432
v -25.298410 15.086433 -11.513443
v -24.538412 15.149719 -11.184036
v -24.102436 14.780212 -10.628799
v -23.778414 15.086433 -11.513443
v -24.538412 15.376724 -11.983139
v -23.778414 15.086433 -12.452850
v -23.245422 14.655838 -11.983139
v -23.308706 14.326431 -12.743149
v -22.920462 13.918640 -11.983139
v -23.248596 13.387711 -12.842209
v -22.853479 13.242561 -12.245987
v -22.760307 13.810471 -11.257141
v -22.506413 12.916725 -11.257141
v -22.335695 12.547867 -11.830139
v -22.297323 12.180702 -11.257141
v -22.126606 11.811844 -11.830139
v -21.907307 11.503471 -11.179138
v -21.869528 11.984940 -10.415710
v -21.504026 11.024231 -10.479141
v -21.479305 11.425674 -10.142990
v -20.988396 11.029076 -9.710358
v -21.653412 10.609726 -11.179138
v -21.611328 10.091110 -11.016571
v -21.468412 9.616730 -11.784134
v -21.628853 9.179794 -10.817703
v -21.695423 8.817619 -11.784134
v -21.758707 9.147026 -12.544144
v -22.228415 8.387024 -12.253845
v -22.518705 8.856728 -13.013840
v -22.988413 8.323738 -12.583252
v -23.458120 8.856728 -13.013840
v -23.748411 8.387024 -12.253845
v -24.218119 9.147026 -12.544144
v -23.787525 9.616730 -13.077133
v -24.339689 10.049355 -12.619278
v -23.948990 10.266731 -13.025833
v -24.670952 10.440392 -12.384857
v -24.252390 10.966728 -13.084122
v -25.027390 11.262756 -12.605148
v -24.588297 11.741730 -13.148651
v -25.150209 12.174355 -12.681046
v -24.478695 12.456955 -13.195160
v -25.008120 13.096725 -13.212845
v -25.498524 12.482208 -12.316116
v -25.768118 13.387024 -12.743149
v -25.337524 13.856728 -13.276138
v -25.768118 14.326431 -12.743149
v -26.058413 13.856728 -11.983139
v -25.831402 14.655838 -11.983139
v -25.298410 15.086433 -12.452850
v -25.008120 14.616730 -13.212845
v -24.538412 15.149719 -12.782257
v -24.068705 14.616730 -13.212845
v -24.538412 13.856728 -13.503143
v -23.739300 13.856728 -13.276138
v -24.007481 13.097847 -13.311234
v -23.229465 12.508408 -13.184097
v -23.773413 11.741730 -13.380142
v -22.958529 11.741730 -13.148651
v -22.519436 12.220703 -12.605148
v -22.462784 11.267899 -12.710266
v -23.229465 10.975052 -13.184097
v -23.462795 10.384300 -13.161224
v -22.988413 9.616730 -13.304138
v -22.189301 9.616730 -13.077133
v -21.758707 10.086433 -12.544144
v -21.978085 11.135056 -12.029144
v -20.287704 10.871727 -9.346848
v -19.464422 10.910835 -8.117142
v -18.938421 10.246056 -6.925629
v -25.259556 13.437103 -6.616165
v -10.593524 9.160728 -7.830139
v -11.075771 10.298157 -7.357315
v -10.264118 9.920731 -7.766861
v -10.696742 10.620728 -7.499466
v -9.794413 9.160728 -8.057144
v -10.388037 11.268074 -7.124603
v -12.781412 21.116020 4.427155
v -12.248424 21.546616 4.896866
v -12.311707 21.876022 4.136856
v -12.191437 21.452507 5.798508
v -12.002395 22.105728 5.633087
v -11.864083 21.580399 6.412857
v -11.793306 22.999474 7.262863
v -28.745525 13.989731 -2.813126
v -16.513998 3.631676 -2.357407
v -10.639036 20.908058 10.300156
v -18.910795 16.926300 1.692947
v -18.478172 17.626297 1.960312
v -20.234350 16.125183 1.609619
v -10.106030 9.350296 3.969772
v -10.757173 9.533630 4.266037
v -10.055545 9.498726 4.745895
v -11.274302 19.162727 13.973846
v -24.821413 23.103722 0.776749
v -11.701838 16.820160 8.751144
v -12.096721 16.636009 8.949402
v -24.835894 8.447121 -0.696808
v -9.845531 4.466301 -0.443268
v -18.216902 10.726143 2.345596
v -18.783590 11.064445 2.450745
v -16.828827 6.024071 0.876099
v -21.006052 2.711021 -5.492218
v -20.285227 2.887085 -4.984573
v -19.620371 3.460426 -4.671204
v -19.100288 3.929253 -4.463242
v -18.561264 4.253441 -4.351791
v -17.823217 4.319061 -4.304413
v -23.340929 8.591347 0.816284
v -19.004013 4.929558 -0.630981
v -18.461943 4.566498 -0.971069
v -14.676117 6.189064 0.370590
v -14.597268 5.552887 0.657578
v -14.301549 4.972015 0.693054
v -12.862454 10.367836 0.224213
v -7.075538 7.097603 1.876083
v -6.859359 6.959084 2.528458
v -6.847334 7.216042 3.112564
v -12.315479 9.145271 2.782211
v -12.496056 9.287498 2.156540
v -9.405502 9.298004 4.899643
v 2.044916 -2.060265 -31.094803
v 1.338956 -1.695320 -31.008896
v 1.287189 -2.095390 -30.712784
v 0.620759 -1.398499 -30.587509
v 1.041068 -0.895355 -31.411758
v 2.077445 -0.854271 -31.524734
v 3.167479 -1.654655 -31.570480
v 2.979132 -2.444992 -31.512558
v 2.413330 -2.910271 -31.024033
v 1.610640 -2.910271 -30.666763
v 0.890589 -2.528015 -30.221878
v 0.482293 -1.792572 -29.875137
v 0.012587 -1.032570 -30.165451
v 0.169939 -0.669060 -30.866135
v 0.737669 -0.195358 -31.470047
v 1.644821 -0.154274 -31.792130
v 2.380845 -0.154274 -31.583023
v 2.770962 -0.969154 -31.480881
v 3.470879 -0.954659 -31.512192
v 3.903502 -1.654655 -31.779587
v 3.723981 -2.210274 -31.973007
v 3.420581 -2.910271 -32.031296
v 2.926730 -3.169647 -31.523117
v 2.044916 -3.760277 -31.094803
v 1.054311 -3.867874 -31.010605
v 0.829481 -3.278610 -30.525803
v 0.482293 -2.731979 -29.875137
v 0.051699 -2.262276 -29.342148
v -0.277707 -1.502274 -29.405441
v -0.846206 -0.825493 -29.852524
v -0.877270 -0.169899 -30.163132
v -0.480670 0.262726 -30.654037
v -0.023436 0.100052 -30.923721
v 0.279963 0.800049 -30.865433
v 1.212197 0.545723 -31.524734
v 2.077445 0.545723 -31.524734
v 2.841964 0.545723 -31.061752
v 3.274587 -0.154274 -31.329147
v 4.210837 -0.269157 -31.213486
v 4.336126 -0.954659 -31.512192
v 4.639525 -1.654655 -31.570480
v 4.589228 -2.210274 -31.973007
v 5.036126 -1.222031 -31.079575
v 5.312415 -2.044052 -31.099503
v 5.920587 -2.409981 -31.616837
v 5.099780 -2.098877 -32.188492
v 5.844220 -2.055145 -32.327530
v 5.411596 -1.564232 -32.724106
v 4.711596 -1.622520 -33.027512
v 4.278973 -2.322517 -32.760147
v 4.220685 -2.019119 -33.460129
v 4.011597 -2.755142 -33.460129
v 4.010972 -3.139816 -32.639938
v 4.129587 -3.602272 -33.460129
v 3.804916 -4.127602 -32.610153
v 3.323330 -3.602272 -32.014023
v 3.038619 -4.407936 -31.976791
v 2.547902 -4.333275 -31.712906
v 2.981699 -5.033272 -32.096146
v 2.192665 -5.067062 -31.757919
v 1.519587 -4.386620 -31.452042
v 1.348256 -5.092155 -32.002762
v 0.483009 -5.092155 -32.002762
v 0.478303 -4.257126 -31.324478
v 0.100195 -4.560249 -31.896927
v -0.332429 -4.069336 -31.500320
v 0.020155 -3.848450 -30.896774
v -0.747413 -3.880226 -30.573227
v 0.012587 -3.491982 -30.165451
v -0.747413 -3.555267 -29.836044
v -0.277707 -3.022278 -29.405441
v -1.217118 -3.022278 -29.405441
v -0.747413 -2.262276 -29.115158
v -1.563547 -2.291718 -29.237534
v -1.279266 -1.385330 -29.369186
v -2.060116 -1.338303 -29.136795
v -1.895036 -0.749283 -29.924637
v -2.595036 -0.481911 -29.492020
v -2.198436 -0.049286 -29.982925
v -1.462413 -0.049286 -30.192001
v -1.895036 0.650711 -29.924637
v -0.953530 0.673035 -30.043869
v -1.462413 1.141624 -29.528030
v -0.444646 1.395348 -29.895737
v -0.177270 0.962723 -30.595749
v 0.281308 1.482002 -30.273849
v 0.013931 1.914627 -29.573837
v 0.713931 1.972916 -29.877243
v 1.146555 1.482002 -30.273849
v 0.712587 1.290962 -30.468826
v 0.944821 0.978348 -30.824753
v 1.644821 1.245728 -30.392136
v 1.644821 1.036636 -31.128159
v 2.344821 0.978348 -30.824753
v 2.646146 1.084351 -30.257095
v 1.853587 1.512398 -29.822800
v 2.703587 1.441620 -29.454391
v 3.553587 1.512398 -29.822800
v 3.518471 1.130363 -30.580551
v 4.388694 1.539223 -30.218857
v 3.951094 0.639450 -30.977127
v 4.853653 0.614906 -30.699295
v 5.389048 1.507759 -30.311478
v 5.692448 0.807762 -30.369766
v 5.700278 0.061676 -30.328537
v 5.054281 -0.277946 -30.878036
v 5.450881 -0.710571 -30.387131
v 6.180395 -0.342644 -29.811234
v 5.881476 -1.180275 -29.854141
v 5.450881 -1.649979 -30.387131
v 6.210882 -1.940277 -29.917435
v 5.920587 -2.409981 -30.677444
v 6.680587 -2.473267 -30.348038
v 6.680587 -2.700272 -31.147141
v 7.440588 -2.409981 -30.677444
v 7.472325 -2.541931 -31.689560
v 6.651145 -2.577888 -31.963272
v 7.371577 -2.767944 -32.762375
v 6.544220 -2.322517 -32.760147
v 6.800415 -2.292038 -33.291794
v 6.111596 -1.622520 -33.027512
v 6.349595 -1.562599 -33.570419
v 5.411596 -1.355141 -33.460129
v 5.527947 -0.978249 -34.008347
v 4.711596 -1.622520 -33.892776
v 4.827947 -1.245621 -34.440994
v 5.260571 -0.545624 -34.708359
v 4.769660 -0.942223 -35.140976
v 4.560571 -1.678246 -35.140976
v 4.278973 -2.322517 -34.160141
v 4.563587 -2.181274 -35.311142
v 4.394864 -1.748650 -36.146286
v 4.945577 -0.673386 -36.014145
v 4.495697 -1.170883 -36.576981
v 3.688980 -1.224251 -36.907364
v 3.842699 -2.181274 -36.604141
v 4.185514 -2.768753 -36.564560
v 4.715682 -3.194046 -35.320297
v 4.278973 -3.187767 -34.160141
v 4.572803 -3.876633 -34.689163
v 4.278973 -4.016777 -34.160141
v 4.572803 -4.778275 -34.689163
v 4.278973 -4.882027 -34.160141
v 3.991416 -4.482056 -33.407303
v 3.800536 -5.095184 -33.389145
v 3.533864 -4.600647 -32.554001
v 3.412293 -5.502975 -32.629135
v 3.475577 -5.832382 -33.389145
v 2.942587 -6.262978 -32.919418
v 2.652293 -5.793274 -32.159439
v 2.230226 -6.401443 -32.525375
v 1.700810 -5.830276 -32.049454
v 1.771616 -6.429443 -32.247726
v 0.915633 -5.792152 -32.270157
v 0.636564 -6.828270 -31.932175
v 0.036105 -5.807755 -32.145584
v -0.275036 -6.752365 -31.809341
v -0.399789 -6.393250 -32.163986
v -0.855459 -5.622253 -32.431747
v -0.399789 -4.993256 -32.163986
v -1.181904 -4.851265 -32.373825
v -0.765053 -4.560249 -31.896927
v -1.614528 -4.360352 -31.977219
v -1.032429 -4.127625 -31.196915
v -1.904396 -3.891335 -31.218338
v -1.507413 -3.491982 -30.165451
v -2.324306 -3.278610 -30.525803
v -2.044026 -2.825104 -29.792038
v -2.868184 -2.834595 -30.203476
v -2.463746 -2.313316 -29.361649
v -3.719895 -2.513695 -29.808212
v -3.010278 -2.119263 -29.045151
v -2.504351 -1.300652 -28.732498
v -3.177240 -1.690048 -28.261520
v -2.914207 -0.816193 -28.275375
v -2.869176 -0.460960 -29.009140
v -3.147799 -0.010139 -28.279709
v -2.869176 0.404289 -29.009140
v -2.595036 0.383339 -29.492020
v -2.162413 1.083336 -29.224655
v -2.392965 1.456375 -28.621048
v -1.462413 1.486618 -28.745407
v -1.866120 2.171638 -28.151291
v -0.904194 1.939621 -28.237045
v -0.612413 1.557396 -29.113815
v -0.147413 2.336754 -28.161179
v 0.713931 2.182007 -29.141220
v 0.552587 2.395042 -28.464554
v 1.308232 2.343613 -28.120193
v 1.843588 1.935753 -28.598160
v 1.413931 1.914627 -29.573837
v 2.139611 2.414726 -27.823166
v 2.618587 1.871216 -28.262253
v 3.092422 2.309601 -27.766525
v 3.393587 1.935753 -28.598160
v 3.873297 2.350471 -28.079208
v 4.285378 2.087891 -28.780869
v 3.394041 1.575020 -29.333908
v 4.256424 1.940384 -29.611465
v 4.956424 2.207764 -29.178848
v 4.956424 1.998672 -29.914871
v 5.656424 1.940384 -29.611465
v 5.656424 1.940384 -28.746231
v 6.147335 1.543785 -29.178848
v 6.089048 1.240387 -29.878860
v 6.643758 0.436104 -29.536026
v 7.154970 0.778206 -29.106064
v 7.587594 0.287292 -29.502670
v 7.154970 -0.412704 -29.770065
v 7.890994 -0.412704 -29.560959
v 7.496722 -1.209717 -29.749527
v 6.680587 -1.180275 -29.627151
v 7.150293 -1.940277 -29.917435
v 7.990105 -1.763985 -30.337814
v 8.535135 -1.367882 -29.832993
v 8.690105 -1.705696 -30.641220
v 8.030563 -2.073494 -31.110764
v 9.184920 -1.537598 -30.801987
v 8.503611 -0.350281 -29.312912
v 8.892525 -0.893890 -29.234482
v 9.235136 -1.635254 -29.400375
v 9.289125 -1.368271 -28.743576
v 9.640598 -2.167381 -28.811142
v 10.173587 -2.597977 -29.280838
v 10.390713 -2.049248 -30.071426
v 9.884920 -1.479309 -30.498611
v 10.948564 -1.671547 -30.605270
v 10.530916 -1.139687 -31.048111
v 9.830916 -1.197975 -31.351517
v 10.245672 -0.770027 -32.043961
v 9.754761 -1.166626 -32.476578
v 9.184920 -1.537598 -31.667252
v 9.398293 -1.897972 -32.484146
v 8.694950 -2.262466 -31.944473
v 8.928587 -2.657974 -32.774429
v 8.168587 -2.721260 -32.445023
v 7.937604 -2.345619 -31.650925
v 8.168587 -2.948265 -33.244156
v 8.928587 -2.657974 -33.713852
v 8.168587 -2.721260 -34.043259
v 7.408587 -2.657974 -33.713852
v 7.698882 -2.188271 -34.473862
v 6.696594 -1.678246 -33.950058
v 7.267543 -1.295837 -34.472641
v 6.393195 -0.978249 -34.008347
v 6.883091 -0.429626 -34.479324
v 5.960571 -0.487335 -34.404953
v 6.028824 0.125725 -34.881516
v 7.228699 0.371727 -34.408127
v 6.960518 1.130608 -34.443222
v 5.725424 0.923660 -34.823227
v 5.328824 0.491035 -35.314133
v 5.328824 -0.239586 -35.314133
v 5.270536 0.125725 -36.014145
v 5.035480 0.965675 -36.052689
v 4.882293 0.595428 -36.774155
v 4.882293 -0.343979 -36.774155
v 4.451699 0.125725 -37.307144
v 4.122293 -0.634277 -37.243851
v 3.652587 0.125725 -37.534134
v 3.219964 -0.709412 -37.365402
v 2.455542 0.075607 -37.328140
v 2.723722 -0.683273 -37.293045
v 3.019459 -1.504440 -37.115524
v 2.283435 -1.504440 -37.324600
v 2.935857 -2.177887 -37.060318
v 2.090227 -2.033249 -37.102371
v 2.333587 -2.874504 -36.924149
v 3.241096 -2.801407 -37.003647
v 2.801712 -3.631943 -37.213486
v 3.715980 -3.428299 -36.932358
v 4.149293 -4.018272 -37.268845
v 4.513783 -3.478607 -36.565506
v 4.909293 -4.308571 -36.799149
v 4.972576 -3.979164 -36.039139
v 5.199588 -4.778275 -36.039139
v 4.909293 -4.308571 -35.279160
v 4.909293 -5.247978 -35.279160
v 4.972576 -5.577385 -36.039139
v 4.439588 -6.007980 -35.569443
v 4.242417 -5.621384 -34.742538
v 3.738472 -6.164642 -35.204819
v 3.836842 -5.572144 -34.192612
v 3.247561 -6.561241 -34.772202
v 3.298964 -6.182541 -33.823380
v 2.690587 -6.908600 -34.143814
v 2.645958 -6.735825 -33.302719
v 2.199676 -7.305199 -33.711197
v 1.808848 -7.119637 -32.822189
v 1.804394 -7.673386 -33.186142
v 1.468216 -7.129440 -32.306015
v 1.411563 -8.082245 -32.411148
v 0.972471 -7.603271 -31.867630
v 0.650923 -8.640472 -31.833572
v 0.575870 -8.035896 -31.376724
v 0.204220 -7.527817 -31.513138
v 0.061330 -8.330269 -31.215042
v -0.307084 -7.480263 -31.285812
v -0.307084 -9.180275 -31.285812
v -0.832413 -8.330269 -30.961136
v -1.541265 -7.420319 -31.374069
v -0.832413 -6.884163 -31.767410
v -1.666460 -6.867180 -31.881210
v -1.181904 -6.251259 -32.373825
v -2.073118 -6.313766 -32.325821
v -1.614528 -5.551262 -32.641190
v -2.487482 -5.573883 -32.424118
v -2.047152 -4.851265 -32.373825
v -3.221389 -5.564369 -32.501633
v -3.298624 -4.611610 -32.473495
v -2.373413 -4.325264 -31.709030
v -3.216523 -4.328888 -31.945297
v -2.843118 -3.792274 -31.278427
v -3.682930 -3.615982 -31.698807
v -3.246813 -3.314117 -30.977737
v -4.194278 -3.281265 -31.050156
v -3.679437 -2.823204 -30.581161
v -4.379436 -2.881493 -30.277756
v -4.932403 -3.327957 -30.795914
v -4.969412 -3.217979 -29.844437
v -4.448870 -2.521362 -29.360489
v -5.260396 -2.847336 -29.024338
v -4.511629 -2.457474 -28.299057
v -3.744061 -2.190453 -28.762650
v -3.785412 -2.055977 -27.839432
v -4.545413 -2.119263 -27.510025
v -4.075707 -1.586273 -27.079453
v -3.315707 -1.295975 -27.549149
v -3.746301 -0.826271 -27.016159
v -3.315707 -0.356567 -27.549149
v -4.075707 -0.066269 -27.079453
v -3.702302 0.470337 -27.746323
v -4.509020 0.523705 -27.415939
v -4.039486 1.183243 -27.783737
v -3.271918 0.890060 -28.258102
v -3.156389 1.382721 -28.322098
v -4.610177 1.188797 -27.666763
v -4.126495 2.112785 -27.904617
v -4.913577 1.888794 -27.725052
v -4.610177 2.588791 -27.666763
v -3.772037 3.036774 -27.816818
v -3.339413 2.336777 -28.084183
v -2.906789 3.036774 -27.816818
v -2.852989 2.082718 -28.263809
v -2.223755 3.036018 -27.742599
v -2.656379 3.526932 -27.345993
v -1.749155 3.557388 -27.215164
v -1.401389 2.815727 -27.386154
v -0.922413 3.590729 -27.090134
v -0.443436 2.815727 -27.386154
v -0.922413 2.272217 -27.825241
v -0.130714 3.571632 -27.177353
v 0.378930 3.036018 -27.742599
v 0.717259 3.685883 -27.193314
v 1.413414 3.729393 -27.154465
v 1.771240 3.123047 -27.664902
v 2.038616 3.555672 -26.964890
v 2.618587 2.829735 -27.303757
v 2.368415 3.584961 -26.439499
v 2.976587 3.219025 -26.017441
v 3.527587 2.745544 -27.111740
v 3.736587 2.928734 -26.487137
v 4.439151 2.661560 -27.038620
v 4.436587 2.772491 -26.121811
v 5.141716 2.394379 -26.724838
v 5.141716 2.394379 -27.590073
v 4.441715 2.452667 -27.893478
v 5.177168 2.123444 -28.356766
v 5.668079 1.726845 -27.924149
v 5.632627 1.997780 -27.157455
v 6.211587 1.287750 -27.445175
v 6.158798 1.183601 -28.400681
v 7.070779 0.989517 -28.147110
v 6.953247 1.116745 -27.097397
v 7.762041 1.136108 -27.444870
v 7.767587 1.049721 -28.122025
v 7.767587 0.840630 -28.858047
v 8.467587 0.782341 -28.554642
v 8.200211 0.349716 -29.254623
v 8.821611 0.299728 -28.800369
v 9.088987 0.732353 -28.100357
v 9.521611 0.032356 -28.367752
v 9.289125 -0.461266 -28.743576
v 9.521611 -0.832893 -28.367752
v 9.788987 -0.400269 -27.667740
v 9.579899 0.335754 -27.667740
v 9.521611 0.032356 -26.967758
v 10.169994 -0.755981 -26.536575
v 10.069815 -1.415909 -27.442978
v 9.703881 -1.837975 -28.051132
v 10.463881 -2.128273 -27.581436
v 10.173587 -2.597977 -28.341446
v 10.933587 -2.661263 -28.012039
v 10.933587 -2.888268 -28.811142
v 11.692472 -2.696350 -28.280197
v 11.701155 -2.745354 -29.285538
v 10.933587 -2.661263 -29.610245
v 11.751694 -2.755608 -29.841476
v 11.366211 -2.203407 -30.162430
v 12.031975 -2.302109 -30.575241
v 11.721356 -1.709274 -30.684372
v 12.512453 -1.768715 -31.129745
v 11.942195 -0.987251 -31.198349
v 11.076947 -0.987251 -31.198349
v 11.509571 -0.496338 -31.594955
v 10.809571 -0.554626 -31.898361
v 11.299467 -0.006004 -32.369308
v 10.390588 -0.327599 -32.836472
v 10.915916 0.522400 -33.161148
v 10.065916 0.197723 -33.686478
v 9.831097 -0.613235 -33.448654
v 9.148896 -0.186317 -34.062759
v 9.365916 -0.934898 -34.119095
v 9.690588 -1.460220 -33.269089
v 9.398293 -1.897972 -34.004135
v 9.461576 -2.227379 -33.244156
v 8.967699 -1.428268 -34.537125
v 8.638293 -2.188271 -34.473862
v 8.168587 -1.428268 -34.764145
v 8.638293 -0.668266 -34.473862
v 7.664118 -0.560699 -34.576065
v 8.204980 -0.078293 -34.137344
v 8.665533 0.834717 -33.881577
v 7.864285 0.855438 -34.123642
v 8.217429 1.848694 -34.080093
v 7.397897 1.834778 -34.300735
v 7.707403 2.607712 -34.341202
v 6.887293 2.316727 -34.711838
v 6.417587 1.541595 -34.566055
v 5.964084 2.275375 -34.846329
v 5.681564 1.541595 -34.775131
v 5.315076 2.376732 -34.833420
v 4.727211 1.889252 -35.253311
v 5.284964 1.108971 -35.266037
v 4.420155 1.711899 -35.752487
v 3.871970 1.834389 -34.973190
v 3.762279 1.635513 -35.861679
v 4.412588 1.355431 -36.483841
v 3.652587 1.418716 -36.813248
v 4.122293 0.885727 -37.243851
v 3.182882 0.885727 -37.243851
v 2.892587 1.355431 -36.483841
v 2.250432 0.805511 -37.048416
v 1.888587 0.992966 -36.574448
v 1.188587 0.609718 -37.008255
v 1.658293 0.076729 -37.438858
v 0.718881 0.076729 -37.438858
v 1.188587 -0.683273 -37.729141
v 1.987699 -0.683273 -37.502121
v 1.658293 -1.443275 -37.438858
v 0.718881 -1.443275 -37.438858
v 1.188587 -2.033249 -37.102371
v 0.345477 -1.979889 -36.771957
v 0.944077 -2.485764 -36.687912
v 1.657604 -2.733246 -36.834976
v 1.247477 -3.185760 -36.629623
v 1.808259 -3.654266 -37.062485
v 0.511453 -3.185760 -36.420547
v 0.775992 -4.292267 -36.829330
v 1.439844 -4.504272 -37.133255
v 2.333587 -4.504272 -37.387131
v 1.808259 -5.354279 -37.062485
v 2.988046 -5.486160 -37.230179
v 2.881649 -4.778275 -37.448013
v 3.679587 -4.778275 -37.559128
v 4.149293 -5.538277 -37.268845
v 4.478699 -4.778275 -37.332138
v 4.909293 -5.247978 -36.799149
v 4.439588 -6.007980 -36.508835
v 3.679587 -6.071266 -36.838242
v 3.679587 -6.298271 -36.039139
v 2.920703 -6.106354 -36.570084
v 2.979588 -6.565651 -35.606522
v 2.459096 -6.534042 -36.058640
v 2.690587 -6.908600 -35.194473
v 1.840587 -6.979378 -35.562881
v 1.898029 -7.336647 -34.760208
v 1.140587 -7.382660 -35.083633
v 1.472497 -8.066925 -34.093246
v 0.595018 -8.223465 -34.558884
v 0.932587 -8.857246 -33.665115
v 1.476096 -8.418152 -33.186142
v 1.037713 -8.913902 -32.712296
v 0.676584 -9.295532 -32.575668
v 0.211534 -8.994919 -34.066818
v 0.100211 -8.572289 -34.485275
v -0.307084 -9.180275 -34.036484
v -0.765036 -8.572289 -34.485275
v -1.297688 -9.287872 -34.120682
v -0.832413 -9.776375 -33.554886
v 0.017587 -9.705597 -33.186478
v 0.017587 -9.705597 -32.135818
v -0.832413 -10.030266 -32.661148
v -0.832413 -9.776375 -31.767410
v -1.662742 -9.833595 -32.084702
v -1.357741 -9.180275 -31.285812
v -2.224094 -9.623520 -31.991806
v -2.636389 -8.986275 -31.585159
v -1.712191 -8.383102 -31.099319
v -2.227525 -8.211273 -31.192337
v -2.972296 -8.211273 -31.520645
v -2.665902 -7.273834 -31.711319
v -3.468042 -7.737442 -31.959030
v -3.155356 -6.956566 -31.999893
v -3.891379 -6.956566 -32.208969
v -3.337265 -6.320312 -32.360580
v -4.436389 -6.340271 -32.566177
v -3.998624 -5.744232 -32.906113
v -4.732413 -5.861298 -33.341171
v -4.032866 -5.442276 -33.866776
v -3.650868 -4.888763 -33.433212
v -3.515231 -4.990219 -34.374771
v -3.266628 -3.933914 -33.858109
v -3.492405 -4.299225 -33.267014
v -3.603118 -3.501976 -33.268143
v -3.666402 -3.831383 -32.508133
v -4.069485 -3.302223 -32.339981
v -3.706863 -2.560577 -33.321457
v -4.017874 -2.125267 -32.575699
v -4.519006 -2.755844 -31.900314
v -5.257713 -2.801590 -31.647598
v -4.770140 -1.956871 -32.050827
v -5.739491 -2.022064 -31.945358
v -6.199118 -2.748276 -31.543839
v -5.729413 -3.281265 -31.113266
v -6.489412 -3.217979 -30.783859
v -5.729413 -3.508270 -30.314133
v -6.489412 -3.217979 -29.844437
v -5.729413 -3.281265 -29.515030
v -6.199118 -2.748276 -29.084427
v -6.959118 -2.457977 -29.554153
v -6.563744 -2.047157 -28.927780
v -5.729413 -2.332497 -28.566269
v -5.931781 -1.660599 -28.250259
v -5.305413 -2.055977 -27.839432
v -5.775118 -1.295975 -27.549149
v -5.015118 -1.586273 -27.079453
v -5.344524 -0.826271 -27.016159
v -4.545413 -0.826271 -26.789139
v -5.027190 -0.029266 -26.969467
v -5.835228 -0.357254 -27.450089
v -6.138628 0.342743 -27.391800
v -5.281436 0.708862 -27.016159
v -5.959037 1.024399 -26.764450
v -5.310177 1.456169 -27.234146
v -5.588799 1.870598 -26.504684
v -5.310177 2.321419 -27.234146
v -6.226413 1.457024 -26.064438
v -5.756707 2.217026 -25.774155
v -6.516707 1.926727 -25.304428
v -6.187302 2.686729 -25.241135
v -5.696598 3.155746 -25.675064
v -6.516707 3.446732 -25.304428
v -5.944640 4.188751 -25.710159
v -5.016964 4.062378 -25.805038
v -4.783748 3.303078 -26.729721
v -4.519036 3.601707 -26.326004
v -4.039413 3.469398 -27.116806
v -4.086412 4.092621 -25.929398
v -4.611741 4.688721 -25.447800
v -3.561084 4.688721 -25.447800
v -3.236413 4.163399 -26.297806
v -2.969037 3.730774 -26.997818
v -3.339413 3.527687 -27.420212
v -2.161172 4.290726 -26.935043
v -2.711084 5.013397 -25.973129
v -1.900152 5.220734 -26.585800
v -1.381727 4.405731 -26.894119
v -1.034904 5.220734 -26.585800
v -0.639866 4.352997 -26.846542
v -0.228122 5.086777 -26.566238
v 0.246261 4.319214 -26.859421
v 0.585882 4.868729 -26.213425
v 1.055587 4.335739 -26.644028
v 1.488211 4.793594 -26.091873
v 1.917595 4.314400 -26.160873
v 2.446772 4.917747 -25.628067
v 2.506881 3.979027 -25.727158
v 2.858093 4.424911 -25.128067
v 3.266881 3.688728 -25.257431
v 3.714681 4.530930 -24.151779
v 4.209903 3.720947 -24.514175
v 3.698047 3.065842 -25.647202
v 4.570857 2.841736 -25.066574
v 4.810874 3.086075 -23.977219
v 5.056598 2.153618 -24.944138
v 5.040070 2.369019 -25.753464
v 5.589587 1.723022 -25.413834
v 5.656424 1.940384 -26.236801
v 6.320145 1.555115 -25.760269
v 6.290703 1.566360 -26.643723
v 7.049587 1.276489 -26.174698
v 6.975602 1.218582 -25.094925
v 7.408226 0.518585 -24.827560
v 8.070646 0.483444 -26.180038
v 7.608878 0.927200 -26.594650
v 8.462041 0.868729 -27.012253
v 8.821611 0.299728 -26.535110
v 9.088987 0.732353 -27.235123
v 8.388988 0.999733 -27.667740
v 8.525587 -0.179245 -25.760117
v 9.267247 -0.350250 -26.107895
v 9.300588 -0.475266 -25.281143
v 10.312168 -0.768654 -25.516434
v 10.000587 -0.742645 -24.848526
v 10.744792 -1.468651 -25.249039
v 10.803080 -1.165253 -25.949051
v 11.049894 -1.962318 -25.972366
v 10.799256 -1.694527 -26.992142
v 10.867612 -2.380249 -25.173141
v 11.583999 -2.752380 -25.718552
v 12.121588 -2.261269 -26.171555
v 11.320054 -2.265396 -27.372665
v 12.175537 -1.977791 -27.094803
v 12.402062 -2.164337 -27.755844
v 13.129223 -1.979462 -26.706284
v 13.328588 -2.083496 -27.984268
v 12.859571 -2.598335 -28.442337
v 13.798293 -2.499275 -28.502426
v 13.328588 -3.032265 -28.933029
v 14.088588 -2.968979 -29.262436
v 13.328588 -3.259270 -29.732132
v 12.568587 -2.968979 -30.201859
v 13.328588 -3.032265 -30.531265
v 12.858882 -2.499275 -30.961838
v 13.798293 -2.499275 -30.961838
v 13.328588 -1.739273 -31.252151
v 14.127698 -1.739273 -31.025131
v 13.798293 -0.979271 -30.961838
v 12.880917 -1.097275 -31.267471
v 13.494893 -0.279274 -30.903549
v 12.448293 -0.397278 -31.534836
v 12.777698 0.362724 -31.598129
v 12.040502 0.362724 -31.923080
v 12.509518 1.121605 -31.633224
v 11.859133 1.424454 -32.346725
v 11.542742 0.921539 -32.582016
v 11.293330 1.889725 -32.835251
v 10.896730 1.457100 -33.326157
v 10.513143 2.347412 -33.271866
v 10.065916 1.897736 -33.686478
v 10.434330 1.047729 -33.757248
v 9.457108 0.834717 -34.045120
v 9.094139 2.015732 -33.762009
v 9.540587 2.493835 -33.204880
v 8.935006 2.917931 -32.962692
v 8.481768 2.397614 -33.850876
v 8.062049 3.118484 -33.549698
v 8.201488 3.479240 -33.049515
v 7.710576 3.875839 -33.482132
v 7.647293 3.546432 -34.242142
v 7.177588 4.306435 -33.951859
v 6.887293 3.836731 -34.711838
v 7.216699 3.076729 -34.775131
v 6.417587 3.076729 -35.002151
v 5.947882 3.836731 -34.711838
v 5.618476 3.076729 -34.775131
v 5.127772 3.545746 -34.341202
v 4.824372 2.845749 -34.399490
v 4.207586 3.318611 -34.148788
v 4.304594 2.325302 -34.576614
v 3.397587 2.325302 -34.576614
v 2.927881 3.017731 -34.161850
v 2.563256 2.316612 -34.318497
v 2.923204 1.834389 -34.973190
v 2.110837 1.752907 -34.787247
v 2.358418 1.247490 -35.559402
v 2.817452 1.477005 -35.581528
v 1.658418 1.189201 -35.255997
v 1.658418 0.980110 -35.992020
v 0.958418 1.247490 -35.559402
v 1.188587 0.934677 -36.271042
v 0.421020 0.902901 -35.947495
v 0.428587 0.546432 -36.678848
v -0.185208 0.171402 -36.242050
v -0.041118 -0.213570 -36.969131
v -0.331413 -0.683273 -36.209152
v -0.041118 -1.152977 -36.969131
v 0.389476 -0.683273 -37.502121
v -0.209027 -1.499405 -36.238571
v -0.308884 -0.960823 -35.612228
v -0.099796 -1.696846 -35.612228
v -0.262169 -2.560745 -35.808212
v -0.367172 -2.129471 -34.912216
v -0.890532 -2.929375 -35.269363
v -0.627897 -3.421280 -36.324417
v -1.392413 -3.554947 -35.884476
v -1.067741 -4.080269 -36.734482
v -0.017084 -4.080269 -36.734482
v -0.542413 -4.930275 -37.059128
v 0.304714 -4.930275 -36.941147
v -0.017084 -5.780281 -36.734482
v 1.001806 -5.378342 -36.867325
v 0.582455 -5.937668 -36.376663
v 1.447702 -5.937668 -36.376663
v 0.860422 -6.568398 -35.995773
v 1.375311 -6.490875 -36.128677
v 2.087087 -5.961258 -36.575516
v -1.067741 -5.780281 -36.734482
v -0.542413 -6.376381 -36.252884
v 0.427799 -7.059311 -35.599167
v -0.192813 -7.051788 -35.753372
v 0.192916 -7.485275 -35.363480
v -0.830341 -7.620705 -35.402847
v -0.332413 -8.081375 -34.881882
v -1.262965 -8.111618 -35.006241
v -1.666413 -7.862617 -35.293228
v -2.126484 -8.211708 -35.067825
v -1.693861 -8.702621 -34.671249
v -2.624413 -8.672379 -34.546890
v -2.191789 -9.163292 -34.150284
v -2.157413 -9.529785 -33.654037
v -2.596965 -7.862617 -35.293228
v -3.304456 -8.041801 -35.167496
v -2.695415 -7.341156 -35.468796
v -2.191741 -7.236275 -35.650467
v -2.781355 -6.562981 -35.989395
v -1.783413 -6.679314 -36.064163
v -2.262389 -6.083275 -36.404129
v -3.037389 -5.787247 -35.925156
v -3.433989 -6.219872 -35.434219
v -3.957413 -7.115273 -35.370132
v -4.436389 -7.890274 -35.074112
v -3.957413 -8.433784 -34.635025
v -3.995140 -8.775177 -33.831894
v -2.932413 -9.465248 -33.318130
v -4.024094 -8.527519 -32.972794
v -3.411389 -8.690247 -32.064133
v -2.932413 -9.465248 -32.360153
v -2.157413 -9.761269 -32.839157
v -3.736389 -8.157646 -32.133530
v -4.436389 -7.890274 -32.566177
v -4.732413 -8.369247 -33.341171
v -5.211389 -7.594246 -33.045151
v -4.772296 -7.115273 -32.501633
v -5.211389 -6.636299 -33.045151
v -5.507413 -7.115273 -33.820145
v -5.275921 -6.300392 -33.820145
v -5.211389 -6.636299 -34.595139
v -4.732413 -5.861298 -34.299118
v -4.436389 -6.340271 -35.074112
v -4.024094 -5.703026 -34.667496
v -4.772296 -7.115273 -35.138657
v -5.211389 -7.594246 -34.595139
v -5.275921 -7.930153 -33.820145
v -4.732413 -8.369247 -34.299118
v -3.430220 -5.238159 -35.150131
v -3.037389 -4.829300 -35.925156
v -3.101921 -4.493393 -35.150131
v -2.558413 -4.054298 -35.629135
v -2.558866 -3.693565 -34.893387
v -3.160209 -4.189995 -34.450150
v -2.775924 -3.464897 -34.292038
v -2.172179 -3.484169 -34.623123
v -2.415172 -2.964699 -34.152603
v -3.172524 -3.032272 -33.801132
v -2.843118 -2.272270 -33.737839
v -2.172179 -2.293259 -33.959152
v -2.315228 -1.398293 -33.694199
v -3.051251 -1.398293 -33.485123
v -3.353722 -1.790321 -33.326736
v -3.557789 -0.789047 -33.500534
v -4.313397 -1.492661 -32.980667
v -4.515741 -0.709282 -33.371475
v -4.933740 -1.270729 -32.650162
v -5.365742 -0.384605 -32.846146
v -5.748623 -0.888474 -32.146530
v -5.387782 -1.681412 -32.123734
v -6.260344 -1.229393 -31.642227
v -6.202664 -0.362900 -31.620102
v -6.685533 -0.507233 -31.159470
v -6.959118 -1.518570 -31.074142
v -6.528524 -1.988274 -31.607132
v -6.959118 -2.457977 -31.074142
v -7.249413 -1.988274 -30.314133
v -7.022402 -2.787384 -30.314133
v -7.176293 -1.117371 -30.086136
v -7.050030 -1.589828 -29.451401
v -7.007307 -0.792976 -29.316208
v -6.535643 -1.301498 -28.810135
v -6.652789 -0.458649 -28.326157
v -6.293290 -0.826271 -27.964920
v -6.596689 -0.126274 -27.906631
v -7.085413 0.241348 -28.058762
v -7.029313 0.364639 -27.510025
v -7.785413 0.508728 -27.626144
v -7.785413 0.762619 -26.732407
v -6.571252 0.833656 -26.995193
v -6.986413 1.068779 -26.472214
v -7.745297 1.358650 -26.003220
v -6.986413 1.393738 -25.735031
v -7.456119 1.926727 -25.304428
v -8.310741 1.358719 -26.250809
v -8.635413 0.833397 -27.100815
v -9.160742 1.683395 -26.776138
v -8.750676 2.123245 -26.117142
v -9.160742 2.734055 -26.776138
v -8.345521 3.125519 -25.983444
v -7.785523 2.686729 -25.241135
v -7.456119 3.446732 -25.304428
v -6.986413 2.686729 -25.014145
v -7.746413 3.916435 -26.064438
v -6.986413 3.979721 -25.735031
v -7.053981 4.331192 -26.492386
v -6.458192 4.704536 -26.327103
v -6.863686 5.057159 -27.269089
v -6.264742 5.370056 -26.792160
v -5.987406 5.538727 -26.384293
v -5.545958 5.073456 -25.865555
v -5.461741 6.064056 -25.973129
v -4.980155 5.538727 -25.377029
v -4.611741 6.388733 -25.447800
v -4.086412 5.538727 -25.123154
v -3.618288 6.411057 -25.296799
v -3.192669 5.538727 -25.377029
v -3.042547 7.069168 -25.322525
v -1.756707 6.279724 -25.490433
v -2.226413 7.039726 -25.200150
v -1.427301 7.039726 -25.427139
v -0.936597 6.570709 -25.861069
v -1.467528 5.711647 -26.189194
v -0.530959 5.763992 -26.123520
v -0.200574 6.570709 -26.070175
v 0.239453 5.599289 -26.045517
v 0.612861 6.449722 -25.813980
v 0.993673 5.628731 -25.825180
v 1.128644 6.409019 -25.429886
v 2.143372 5.617744 -25.569778
v 2.085376 6.292686 -25.355118
v 2.785376 6.025314 -24.922501
v 2.843372 5.350372 -25.137161
v 3.052752 5.592690 -24.222488
v 3.015588 5.907730 -23.719131
v 3.247079 5.092850 -23.719131
v 3.311611 5.428757 -22.944138
v 3.311611 6.386703 -22.944138
v 3.750704 5.907730 -22.400620
v 4.023117 5.004333 -22.406448
v 4.144237 4.173416 -23.508865
v 4.037687 3.943985 -22.485428
v 4.379079 3.140846 -22.523148
v 4.443611 3.476753 -21.748154
v 4.922587 2.701752 -22.044174
v 4.922587 2.701752 -23.002121
v 5.337592 2.182327 -22.523148
v 5.413499 2.305153 -23.434738
v 5.722499 1.530754 -22.768143
v 5.803475 1.143951 -23.622910
v 5.490523 1.662910 -24.475113
v 6.201616 1.218964 -24.576981
v 6.634240 0.728050 -24.180405
v 6.227612 0.315758 -23.543137
v 7.002611 0.019730 -24.022110
v 6.163079 -0.020149 -22.768143
v 6.494390 -0.799728 -22.832138
v 7.481587 -0.523781 -23.583023
v 7.707752 -0.143684 -24.382187
v 8.353361 -0.561020 -23.976151
v 8.487408 -0.316483 -24.825211
v 7.908945 0.194046 -25.335098
v 9.225134 -0.598267 -24.369247
v 9.018158 -1.194504 -23.612411
v 9.755885 -1.400375 -24.068344
v 9.381958 -2.058105 -23.497269
v 10.114560 -2.444092 -23.932907
v 10.448595 -1.947906 -24.473587
v 10.433211 -1.442642 -24.581131
v 10.729944 -2.781967 -24.452072
v 10.678157 -3.486984 -23.445419
v 9.924329 -3.067032 -23.115646
v 10.383434 -3.954834 -23.046127
v 11.339309 -4.079613 -23.273941
v 11.980533 -3.803024 -23.825394
v 12.353985 -4.207458 -23.523361
v 12.992962 -3.700058 -24.138260
v 12.121588 -3.548080 -24.468246
v 12.896587 -3.155251 -24.877121
v 12.121588 -3.219788 -25.213028
v 11.346588 -3.155251 -24.877121
v 12.600564 -2.676277 -25.652115
v 13.585637 -2.473885 -25.678452
v 13.033188 -2.185364 -26.048721
v 13.925258 -1.924362 -26.324448
v 14.357882 -2.415276 -25.927841
v 14.869346 -1.722847 -26.342606
v 13.925258 -1.715271 -27.060471
v 14.654427 -1.075668 -27.249557
v 14.163515 -1.472267 -27.682175
v 14.621576 -1.003250 -28.197006
v 14.221803 -1.775665 -28.382156
v 14.649932 -1.136993 -28.693069
v 14.558293 -2.208977 -28.972153
v 14.848588 -1.739273 -29.732132
v 14.621576 -2.538383 -29.732132
v 14.558293 -2.208977 -30.492142
v 14.088588 -2.968979 -30.201859
v 14.558293 -1.269569 -30.492142
v 14.726202 -0.923141 -29.761581
v 14.086019 -0.224564 -30.169418
v 14.482618 0.208061 -29.678513
v 13.588090 0.581100 -30.477158
v 13.984690 1.013725 -29.986252
v 13.588090 1.446350 -30.477158
v 13.208293 0.832428 -31.065140
v 13.260918 1.576851 -30.856522
v 14.086019 2.252014 -30.169418
v 13.716402 2.566711 -30.329208
v 12.784678 2.335098 -30.905655
v 13.225698 3.035728 -30.763138
v 12.488502 3.035728 -31.088089
v 12.091902 2.603104 -31.578995
v 12.215239 1.960724 -31.504013
v 11.774917 2.415054 -32.239151
v 11.249588 3.265053 -31.914474
v 10.924916 2.739731 -32.764481
v 10.464892 3.366074 -32.407242
v 9.966964 2.819496 -32.893539
v 10.127293 3.817726 -32.150864
v 10.417587 4.287430 -31.390854
v 9.657587 4.350716 -31.720261
v 9.188571 3.916786 -32.210953
v 8.897587 4.287430 -31.390854
v 8.415637 3.876335 -31.901443
v 8.197587 4.229141 -31.087448
v 7.497587 4.287430 -31.390854
v 7.715637 3.934624 -32.204849
v 7.177588 4.306435 -32.147202
v 7.177588 4.306435 -33.012436
v 6.485155 4.721191 -32.575150
v 6.417587 4.596725 -33.482132
v 5.650020 4.662903 -33.220505
v 5.657587 4.306435 -33.951859
v 6.417587 4.369720 -34.281265
v 4.805458 4.189995 -33.745407
v 5.088861 4.719543 -32.889481
v 4.278587 4.649834 -33.226883
v 3.753259 4.053734 -33.708481
v 3.348035 4.680077 -33.351242
v 3.361195 3.607704 -33.825363
v 2.588261 3.567245 -33.515854
v 2.656211 4.524826 -33.096939
v 1.820915 4.408554 -33.127884
v 1.547468 3.592278 -33.217148
v 1.886211 3.110062 -33.550858
v 1.020964 3.110062 -33.550858
v 1.453587 2.619148 -33.947433
v 1.698009 2.316612 -34.318497
v 0.753587 2.677437 -34.250839
v 1.251545 1.834900 -34.758713
v 0.463293 2.207733 -35.010849
v -0.006413 2.740723 -34.580246
v -0.476118 2.207733 -35.010849
v -0.016490 1.481522 -35.412338
v -0.805524 1.447731 -35.074142
v -0.480924 0.693069 -35.274033
v -1.296228 0.978714 -34.640213
v -0.986722 0.205780 -34.599747
v -0.640424 -0.361748 -35.017319
v -1.087327 -0.929276 -34.453079
v -0.367172 -1.264221 -34.912216
v -0.763772 -1.696846 -34.421310
v -1.556344 -1.688156 -34.163223
v -1.251664 -2.345047 -34.323929
v -1.824524 -0.929276 -34.128128
v -1.488764 0.012848 -34.278519
v -2.224787 0.012848 -34.069412
v -2.618628 -0.698296 -33.752487
v -3.253741 -0.022278 -33.896469
v -2.728413 0.827728 -34.221146
v -3.622156 0.827728 -33.967239
v -4.087491 0.081390 -33.791336
v -4.774406 1.061157 -33.246597
v -4.884156 0.140724 -33.442245
v -5.449958 0.606003 -32.953751
v -5.207030 1.761154 -32.979233
v -5.790739 0.951836 -32.618484
v -5.806064 0.069725 -32.111008
v -6.532924 0.923355 -31.642044
v -6.264744 0.164474 -31.677139
v -6.929524 0.490730 -31.151138
v -7.023628 1.392372 -31.208115
v -7.420228 0.959747 -30.717209
v -7.360119 0.021027 -30.618149
v -7.748362 0.428818 -29.858139
v -7.423402 -0.308380 -29.858139
v -7.458493 -0.040199 -29.099258
v -7.913011 0.811356 -29.448288
v -7.935797 0.450516 -28.655319
v -8.557992 1.393127 -29.052231
v -8.635413 0.833397 -28.151474
v -9.160742 1.683395 -28.476151
v -9.231519 1.314980 -27.626144
v -9.485413 2.208725 -27.626144
v -9.160742 2.734055 -28.476151
v -9.231519 3.102470 -27.626144
v -8.760763 3.639549 -28.137894
v -8.635413 3.584053 -27.100815
v -7.943746 4.026054 -27.534256
v -8.336389 3.579948 -26.497757
v -7.452834 4.422653 -27.101608
v -7.490242 4.759834 -27.814529
v -8.233307 4.453171 -28.293259
v -7.687412 5.146431 -28.641434
v -6.906363 5.322479 -28.175797
v -6.835080 5.606155 -29.265335
v -6.229450 5.896759 -29.022141
v -6.335519 5.738472 -27.642136
v -5.738539 6.293358 -28.548294
v -5.224617 6.792557 -27.841904
v -5.626588 6.498886 -26.878159
v -4.563519 7.360474 -27.366135
v -4.936412 6.914055 -26.297806
v -4.492361 7.476364 -26.716934
v -4.171897 7.047729 -25.857895
v -3.623022 7.524590 -25.909927
v -3.967412 7.842056 -26.840805
v -2.986413 8.269432 -26.250443
v -2.696118 7.799728 -25.490433
v -2.226413 8.332718 -25.921036
v -1.756707 7.799728 -25.490433
v -1.306539 8.615128 -26.011734
v -2.067379 8.683525 -26.376999
v -1.661064 9.169052 -26.839035
v -0.812389 9.394730 -26.417160
v -0.421746 8.450699 -26.115891
v -0.787951 7.426193 -25.823013
v 0.077297 7.426193 -25.823013
v 0.578468 8.695183 -25.998154
v 0.807585 8.162331 -25.405075
v 1.319047 8.989899 -25.721176
v 1.647611 8.438728 -25.015182
v 1.311704 7.663727 -24.950638
v 2.126587 7.663727 -24.719131
v 1.647611 6.888725 -25.015182
v 2.383354 6.888275 -24.654434
v 3.038468 7.739182 -24.596146
v 3.173945 6.788422 -23.665207
v 3.474315 7.554871 -24.212814
v 3.790587 7.161705 -23.240158
v 4.174315 7.613159 -23.909439
v 4.307217 7.515015 -22.681900
v 4.021640 6.674408 -22.365189
v 4.689043 6.935455 -21.713547
v 4.495475 5.907730 -22.072342
v 4.892075 6.340355 -21.581436
v 4.892075 5.475105 -21.581436
v 5.132194 6.002869 -21.197128
v 4.950362 5.171707 -20.881424
v 5.190481 5.699471 -20.497147
v 4.936587 4.805725 -20.497147
v 4.726385 4.143814 -21.174637
v 4.443611 4.434700 -21.748154
v 5.127591 3.840462 -20.411667
v 5.159999 3.104622 -21.202744
v 5.796987 3.292351 -20.416367
v 5.923752 3.017311 -20.909103
v 5.643641 2.564087 -21.642441
v 6.356376 2.317314 -21.176498
v 6.063530 1.843483 -21.943161
v 6.614757 1.796997 -21.249924
v 6.170959 1.268562 -21.888016
v 6.567559 0.794731 -21.397110
v 6.227612 0.315758 -21.993149
v 5.931588 0.794731 -22.768143
v 6.567559 -0.111725 -21.397110
v 6.336715 -0.485237 -22.001450
v 6.346457 -0.829750 -21.330582
v 6.170390 -1.279243 -21.925339
v 7.914211 -1.014694 -23.186417
v 7.539736 -1.657555 -22.961685
v 6.833080 -1.673836 -22.746078
v 8.059200 -1.859955 -23.106552
v 9.028618 -3.078903 -23.098740
v 8.258762 -2.995674 -23.042221
v 8.206114 -2.305595 -23.155930
v 8.440825 -3.674980 -22.876480
v 8.981894 -3.964302 -22.769241
v 9.617227 -4.009193 -22.825058
v 14.060019 -3.241447 -24.436508
v 14.230675 -4.085358 -23.513443
v 13.351745 -4.227234 -23.542923
v 14.827587 -3.384361 -23.962112
v 14.827587 -3.175270 -24.698135
v 13.596587 -3.096962 -24.573715
v 15.662723 -3.006554 -24.265518
v 15.587587 -2.884979 -25.167831
v 14.827587 -2.948265 -25.497238
v 15.461653 -2.415527 -25.873337
v 16.305620 -2.454117 -25.722275
v 15.896615 -1.823860 -26.279037
v 16.830881 -1.866272 -26.464859
v 16.484451 -1.135712 -26.632767
v 15.601008 -1.165154 -26.621506
v 16.090179 -0.338699 -26.821304
v 15.287445 -0.686340 -27.437851
v 15.377981 -0.183418 -27.495132
v 15.319694 0.119980 -28.195145
v 15.721945 0.454849 -27.422653
v 15.573587 1.013725 -28.195145
v 15.248917 0.488396 -29.045151
v 14.859020 -0.400970 -28.693069
v 15.248917 1.539055 -29.045151
v 14.767330 1.013725 -29.641251
v 14.522858 1.859497 -29.653519
v 14.723588 2.389053 -28.720474
v 14.138606 2.941650 -29.311630
v 14.268272 3.129555 -28.365860
v 13.754668 3.566658 -28.711258
v 13.719576 3.834839 -29.470139
v 13.656293 3.505432 -30.230148
v 13.186587 4.265434 -29.939835
v 12.896293 3.795731 -30.699844
v 12.426587 4.328720 -30.269241
v 11.957571 3.894791 -30.759964
v 11.524947 4.385704 -30.363358
v 11.387268 3.825378 -31.138901
v 11.716353 4.648743 -29.612137
v 10.936587 4.787056 -30.137466
v 10.936587 4.787056 -29.086807
v 10.086587 5.111725 -29.612137
v 10.086587 4.857834 -30.505875
v 9.550007 5.200821 -29.946030
v 9.087240 4.726990 -30.466171
v 8.654616 5.217903 -30.069565
v 7.826449 4.822556 -30.617111
v 7.584535 5.625053 -30.485092
v 7.064963 4.987427 -31.123459
v 6.891930 5.467438 -31.099686
v 6.624554 5.034813 -31.799667
v 6.069563 5.687729 -31.456131
v 5.526094 5.452003 -31.704147
v 5.793470 5.019379 -32.404160
v 5.093471 4.961090 -32.100754
v 4.660847 5.452003 -31.704147
v 4.393471 5.019379 -32.404160
v 3.913570 5.881241 -32.106613
v 3.845963 5.140747 -32.830276
v 3.534216 6.301895 -32.600266
v 2.959611 5.224823 -33.038651
v 2.711873 5.966934 -33.085526
v 2.223588 5.224823 -32.829575
v 1.790964 5.924820 -33.096939
v 1.441724 5.067726 -32.981857
v 1.114844 5.843178 -32.949753
v 0.635587 5.067726 -33.094131
v 1.114844 4.292274 -32.949753
v 0.378820 4.292274 -33.158859
v 0.682220 3.592278 -33.217148
v -0.185637 4.202835 -33.175644
v -0.170549 5.067726 -32.981857
v -0.920615 4.725655 -32.566910
v -1.295413 4.118835 -33.047897
v -0.770084 3.522736 -33.529465
v -0.171936 3.048752 -33.884567
v -0.765297 2.775810 -34.312057
v -1.366414 2.787613 -33.969803
v -1.632719 2.350060 -34.050217
v -1.236118 1.917435 -34.541153
v -1.936118 1.650063 -34.108505
v -2.207843 2.778397 -33.695786
v -1.820741 3.522736 -33.529465
v -2.707051 3.610901 -33.019913
v -3.129118 3.002731 -33.385849
v -3.918413 3.449684 -32.606033
v -3.943122 2.784683 -33.033035
v -3.654133 2.223923 -33.503067
v -3.253741 1.677734 -33.896469
v -4.117923 1.446243 -33.521896
v -4.471006 1.761154 -33.188309
v -4.845922 2.656708 -33.022018
v -4.439463 3.347328 -32.582443
v -5.211707 3.288727 -32.831833
v -5.681413 2.528725 -33.122147
v -6.151118 3.288727 -32.831833
v -6.480524 2.528725 -32.895126
v -6.151118 1.768723 -32.831833
v -6.911119 2.059021 -32.362137
v -6.911119 2.998428 -32.362137
v -7.325215 2.523666 -31.663559
v -7.067781 3.363052 -31.661026
v -7.382844 2.863770 -30.957413
v -7.382844 2.117691 -30.957413
v -8.064156 2.490730 -30.429245
v -7.819683 1.644958 -30.441513
v -8.545742 1.965401 -29.833145
v -8.545742 3.016060 -29.833145
v -8.986065 2.490730 -29.098038
v -8.727894 3.294838 -28.944656
v -8.278689 3.484100 -29.946274
v -8.518806 4.030861 -28.944656
v -8.157118 4.386429 -29.871140
v -8.220402 4.715836 -29.111130
v -7.687412 5.146431 -29.580856
v -7.197416 4.713150 -30.775253
v -6.595413 5.522057 -30.377487
v -6.270741 4.996735 -31.227463
v -6.054920 5.930756 -30.197189
v -5.536362 6.237640 -30.858139
v -5.444774 6.540756 -30.441818
v -5.738539 6.293358 -29.495987
v -5.407518 6.825470 -29.636154
v -5.394805 6.621239 -28.750259
v -4.811412 7.307053 -29.110825
v -4.903893 7.017838 -28.317642
v -4.776886 7.472771 -30.264450
v -3.907094 7.741592 -30.030106
v -3.915413 7.850700 -29.229111
v -3.207094 8.008972 -29.597488
v -3.215866 8.269722 -28.750137
v -3.986824 7.979813 -27.901779
v -3.113138 8.349594 -27.280319
v -2.724955 8.666321 -28.270889
v -2.293981 8.684189 -27.627151
v -2.142832 9.038010 -28.103775
v -1.651921 9.434608 -27.671127
v -1.672519 9.467476 -29.008133
v -1.146651 10.022049 -28.300980
v -1.108413 9.873703 -27.192184
v -0.106379 10.348526 -28.043991
v -0.106379 10.139435 -27.307968
v -0.333413 9.938240 -26.856247
v 0.433268 9.973686 -27.127182
v 0.145564 9.394730 -26.417160
v 1.136216 9.368713 -26.599564
v 1.148331 9.869270 -27.268539
v 1.783758 9.769348 -26.922501
v 2.051134 9.336723 -26.222519
v 2.622243 10.034828 -26.478836
v 2.687136 9.670746 -25.600815
v 2.072641 9.055374 -25.388443
v 3.218809 9.069565 -24.982315
v 2.582528 8.476906 -24.877945
v 3.511996 9.890656 -25.069534
v 4.185717 9.158058 -24.727005
v 3.906939 8.045784 -24.609421
v 4.606938 8.313156 -24.176804
v 5.104867 9.118820 -23.869064
v 4.665226 8.009758 -23.476791
v 5.190988 8.860275 -23.136429
v 4.702481 8.294472 -22.671127
v 5.190988 8.860275 -22.205856
v 4.773258 7.926056 -21.821152
v 5.130491 8.331276 -21.194809
v 5.254844 7.400726 -21.225021
v 5.651444 7.833351 -20.734116
v 5.822611 7.313675 -20.730087
v 5.592867 6.523819 -20.699203
v 6.219211 6.881050 -20.239182
v 5.786587 6.181053 -19.971817
v 6.277498 6.577652 -19.539200
v 5.987316 5.651505 -19.038773
v 5.261258 5.331055 -19.647141
v 5.644907 4.848465 -19.004471
v 5.261258 4.280396 -19.647141
v 5.734591 3.696487 -19.085342
v 5.938700 4.393280 -18.288132
v 6.042453 3.240730 -18.292038
v 5.903195 2.983589 -19.178635
v 5.786448 1.924492 -18.592087
v 6.229611 2.592354 -19.283737
v 6.287898 2.895752 -19.983749
v 6.529755 1.460182 -19.539108
v 6.720242 2.196205 -20.402756
v 6.414663 2.620712 -20.476486
v 6.929331 1.460182 -20.402756
v 6.630489 0.936211 -19.800888
v 6.834935 0.320900 -20.697098
v 6.618453 0.166901 -20.132309
v 6.493102 -0.459908 -20.662460
v 15.501066 -3.370323 -23.725540
v 15.546089 -3.500542 -23.211990
v 14.981429 -3.873192 -23.283859
v 15.958385 -3.344048 -22.936630
v 16.600586 -2.457550 -23.267380
v 16.307621 -3.128670 -22.519424
v 16.600586 -2.457550 -24.132645
v 17.300587 -2.399261 -24.436020
v 16.447870 -2.715805 -24.835831
v 17.300587 -2.626266 -25.235153
v 17.933918 -2.313805 -24.556320
v 18.060585 -2.335976 -25.704849
v 17.300587 -2.399261 -26.034256
v 17.770294 -1.866272 -26.464859
v 18.530293 -1.575974 -25.995132
v 18.099699 -1.106270 -26.528122
v 17.300587 -1.106270 -26.755142
v 17.770294 -0.346268 -26.464859
v 16.826204 -0.338699 -26.612228
v 17.294859 0.438187 -26.349991
v 16.385696 0.636726 -26.824142
v 16.876404 1.105743 -26.390213
v 15.935011 1.608101 -27.069107
v 16.331612 2.040726 -26.578171
v 15.935011 2.473351 -27.069107
v 15.423917 2.359055 -27.794144
v 15.749356 2.955864 -27.130020
v 14.898588 3.209053 -27.469467
v 14.990964 2.821678 -28.020462
v 15.415236 1.926155 -28.300797
v 16.635010 2.740723 -26.636459
v 17.067635 2.040726 -26.369095
v 17.500257 2.740723 -26.636459
v 17.145809 3.643562 -26.822983
v 16.076931 3.681854 -26.644760
v 16.590673 4.242371 -26.155685
v 15.869603 3.649078 -25.627365
v 15.016537 3.381851 -26.250259
v 14.163471 3.649376 -26.944138
v 13.945179 3.497406 -27.826065
v 13.621588 3.865433 -27.162857
v 13.245193 4.016037 -28.228195
v 12.861588 4.044586 -27.491074
v 12.426587 4.119629 -27.935013
v 12.426587 4.328720 -28.671036
v 13.186587 4.265434 -29.000443
v 12.426587 4.555725 -29.470139
v 11.681587 4.453339 -28.510910
v 11.236548 4.837669 -27.450821
v 11.086132 4.785332 -28.078293
v 10.261942 5.197052 -28.007248
v 10.086587 4.993736 -28.764999
v 9.386587 5.261116 -28.332382
v 9.386587 5.261116 -29.197647
v 8.895676 5.657715 -28.764999
v 8.953963 5.961113 -28.065018
v 8.686991 6.427795 -28.948074
v 8.849823 6.795807 -28.248093
v 8.359096 7.206612 -29.131149
v 8.294563 6.870705 -29.906143
v 8.351217 5.917900 -30.011276
v 7.855471 6.391731 -30.449661
v 7.519564 7.166733 -30.385117
v 7.052327 6.429459 -30.791031
v 6.561331 7.167183 -30.536758
v 6.128707 6.467186 -30.804123
v 5.825307 7.167183 -30.745834
v 5.428707 6.734558 -31.236771
v 5.428707 7.599808 -31.236771
v 4.566293 7.175728 -31.643845
v 4.998917 6.475731 -31.376480
v 4.262894 6.475731 -31.585556
v 3.866293 6.908356 -32.076462
v 4.158503 7.935730 -32.032089
v 3.534216 7.249557 -32.600266
v 3.761902 8.368355 -32.522995
v 3.070935 8.242401 -33.132401
v 2.767535 7.542404 -33.074112
v 3.038471 6.775726 -33.038651
v 2.223588 6.775726 -33.270126
v 1.744331 7.551178 -33.125748
v 1.408704 6.775726 -33.038651
v 1.105304 7.475723 -33.096939
v 0.672681 6.775726 -32.829575
v 0.240057 7.475723 -33.096939
v -0.154086 6.680618 -32.953964
v 0.091640 5.834404 -32.898117
v -0.745742 6.577347 -32.861099
v -0.675042 5.541557 -32.424271
v -1.060391 6.193138 -32.426376
v -1.411065 5.541557 -32.215195
v -1.647254 6.175728 -32.151138
v -2.383278 6.175728 -31.942032
v -2.651458 5.416847 -31.977127
v -2.218834 4.716850 -32.244522
v -1.668454 4.647003 -32.366562
v -2.141187 4.131104 -32.803421
v -2.985673 4.061722 -32.290482
v -3.418297 4.761719 -32.023087
v -3.485789 3.940598 -32.209427
v -3.918413 4.640594 -31.942032
v -4.006839 3.838242 -32.185837
v -4.439463 4.538239 -31.918472
v -4.872087 3.838242 -32.185837
v -5.248789 4.312630 -32.004654
v -5.681413 3.821716 -32.401260
v -6.007673 4.347717 -31.736465
v -6.390468 3.819771 -32.093796
v -6.710676 4.232208 -31.361130
v -4.945389 5.012627 -31.946365
v -4.449344 5.416847 -32.186234
v -5.208229 5.706711 -31.717209
v -4.717524 6.175728 -32.151138
v -5.148118 6.645432 -31.618149
v -4.388118 6.935730 -32.087845
v -4.678413 7.405434 -31.327866
v -5.211402 6.974838 -30.858139
v -3.918413 7.468719 -31.657242
v -3.918413 7.695724 -30.858139
v -2.894685 7.907158 -31.426193
v -3.037921 8.077484 -30.523026
v -2.366519 8.588470 -31.053146
v -2.484633 8.588715 -29.779099
v -1.788172 9.154800 -30.038498
v -1.916538 9.046356 -29.235306
v -2.407450 8.649757 -28.802689
v -1.659805 9.263245 -30.759262
v -1.293685 9.560158 -30.970444
v -0.802774 9.956757 -30.537796
v -0.762519 10.082474 -31.105148
v -1.253430 9.685875 -31.537766
v -1.770412 9.070053 -31.578476
v -2.295742 8.220055 -31.903152
v -1.350389 8.856705 -32.617142
v -0.976538 9.688362 -32.315964
v -0.496519 10.414703 -32.050369
v -0.576747 10.682602 -32.807816
v -0.068508 11.216026 -32.203812
v 0.186445 11.393120 -31.805130
v 0.260077 12.036613 -32.246750
v 0.831363 12.026321 -31.240311
v 0.283115 11.104691 -30.897629
v 0.729481 11.562469 -30.464157
v -0.169412 10.723053 -30.257462
v 0.256550 11.198761 -29.338150
v -0.169412 10.723053 -29.206802
v -0.812083 10.339401 -29.742233
v -0.408866 10.292725 -28.583023
v -1.184012 10.033279 -29.473434
v 0.311834 10.862755 -28.478317
v 0.852587 11.538704 -28.859177
v 1.148611 11.059731 -28.084152
v 0.654664 10.383499 -27.702866
v 1.580955 10.360184 -27.665146
v 2.106564 11.059731 -28.084152
v 2.539187 10.568817 -27.687576
v 3.122571 10.904846 -27.960312
v 3.239187 10.627106 -27.384171
v 3.822571 10.963135 -27.656937
v 4.150588 11.108109 -27.207779
v 4.255195 11.663132 -27.924301
v 4.583211 11.808105 -27.475143
v 4.641499 11.504707 -26.775131
v 4.150588 11.108109 -26.342514
v 4.583211 11.808105 -26.075150
v 3.948587 11.524681 -25.586197
v 3.739499 10.788658 -25.586197
v 3.248587 10.392059 -26.018814
v 4.035933 12.025818 -25.379135
v 4.850587 12.240730 -26.775131
v 4.719748 12.869743 -26.548111
v 4.583211 12.673355 -27.475143
v 4.452372 13.302368 -27.248123
v 4.724211 13.713104 -27.030136
v 4.782498 13.409706 -26.330154
v 4.991587 14.145729 -26.330154
v 4.765499 13.763702 -25.570145
v 4.974587 14.499725 -25.570145
v 4.963870 14.228897 -24.583176
v 4.052598 13.199837 -24.498154
v 4.115881 12.870430 -25.258133
v 3.825587 12.400726 -24.498154
v 4.115881 12.870430 -23.738144
v 4.115881 11.931023 -23.738144
v 3.947973 11.584595 -24.468704
v 4.585587 11.171021 -24.028427
v 4.318211 10.738396 -24.728439
v 5.018211 10.471024 -24.295822
v 4.621611 10.038399 -24.786728
v 5.018211 9.605774 -24.295822
v 4.809146 11.582840 -23.192245
v 5.651444 10.470367 -23.371140
v 5.651444 9.605118 -23.371140
v 5.918820 10.037743 -22.671127
v 5.709732 9.301720 -22.671127
v 5.651444 9.605118 -21.971146
v 5.651444 10.470367 -21.971146
v 5.369076 9.755104 -21.558029
v 4.979913 9.154610 -21.297928
v 4.972476 10.187729 -21.067123
v 4.541882 9.718025 -20.534134
v 5.188779 8.634674 -20.494797
v 4.478598 9.388618 -19.774155
v 5.011587 8.958023 -19.304428
v 5.786587 8.446297 -19.971817
v 5.712703 8.801361 -18.939804
v 6.236215 8.098183 -19.419479
v 6.219211 7.746300 -20.239182
v 6.486588 7.313675 -19.539200
v 6.412703 7.668739 -18.507187
v 6.222244 6.860275 -18.680588
v 6.272769 7.102402 -17.841415
v 6.514315 6.313675 -17.836807
v 6.424156 6.044014 -18.522873
v 6.691532 5.611389 -17.822861
v 6.424156 5.178764 -18.522873
v 6.482444 4.875366 -17.822861
v 6.424156 5.178764 -17.122879
v 5.991532 4.478767 -17.390244
v 5.868195 4.848244 -16.798019
v 5.593878 4.050056 -17.117661
v 5.775076 3.673355 -17.592056
v 5.378476 3.240730 -17.101120
v 5.775076 2.808105 -17.592056
v 5.075077 2.540733 -17.159409
v 5.261357 1.937630 -18.053848
v 4.863234 1.813232 -17.433792
v 17.116468 -2.623924 -21.329880
v 16.835690 -3.135551 -21.165024
v 16.532078 -3.247749 -21.779770
v 17.116468 -2.623924 -22.266159
v 17.851585 -2.183601 -21.740829
v 17.851585 -2.183601 -22.791489
v 18.447693 -1.702019 -22.266159
v 18.484949 -1.417305 -23.071823
v 17.963223 -2.084564 -23.802200
v 18.384487 -1.106270 -23.699997
v 18.530293 -1.575974 -24.475143
v 18.640266 -0.624496 -24.438126
v 18.820587 -1.106270 -25.235153
v 18.593576 -1.905380 -25.235153
v 18.593576 -0.307159 -25.235153
v 18.530293 -0.636566 -25.995132
v 18.143698 0.190338 -25.797958
v 18.384487 0.428864 -25.235153
v 17.806515 0.903244 -25.760574
v 18.276440 1.559326 -25.668961
v 18.654020 1.505035 -24.654068
v 19.069307 1.872635 -25.059067
v 18.875586 2.215401 -25.786484
v 18.090893 2.114380 -26.279221
v 18.550917 2.740723 -26.636459
v 19.472994 2.959206 -26.135635
v 18.938019 3.485062 -26.802780
v 18.025587 3.590729 -26.961136
v 18.468256 3.899727 -27.066452
v 18.257984 4.405609 -27.018509
v 17.429565 4.504974 -26.679306
v 18.080770 4.890709 -26.963211
v 17.726124 5.401482 -26.171707
v 17.040154 5.005424 -25.759079
v 17.517481 5.565475 -25.167130
v 16.989315 4.884163 -24.794113
v 16.532917 4.582413 -25.271225
v 16.549244 4.608826 -24.330582
v 16.168156 4.376190 -24.941147
v 17.251209 4.995056 -23.898178
v 16.818586 4.295059 -23.630814
v 16.118587 4.236771 -23.934219
v 15.535191 4.095261 -24.717941
v 15.468155 4.108810 -23.559769
v 14.700587 4.251724 -24.034134
v 14.700587 4.024719 -24.833237
v 15.169603 3.590790 -25.323959
v 14.316538 3.649231 -25.817612
v 14.000587 4.083008 -25.136642
v 13.422471 4.230995 -25.807755
v 13.696723 3.987007 -26.260513
v 12.861588 4.155724 -26.693130
v 12.161588 4.423103 -26.260513
v 11.727460 4.441071 -27.018204
v 11.692007 4.712006 -26.251511
v 11.201096 5.108604 -26.684128
v 11.259383 5.412003 -25.984146
v 10.912614 6.085541 -25.926895
v 10.657587 5.547699 -27.163132
v 10.216644 6.138596 -26.831497
v 9.801616 5.699860 -27.581955
v 9.433603 6.399857 -27.419113
v 9.549864 6.768105 -26.972275
v 9.091803 7.237122 -27.487106
v 9.428293 7.670433 -26.897141
v 8.634980 8.167130 -27.526993
v 8.417383 7.510010 -28.431137
v 8.394864 8.218971 -28.163132
v 8.035244 7.990204 -29.268112
v 8.127488 8.651596 -28.863144
v 7.920481 8.903023 -29.405075
v 7.938128 7.693069 -29.685837
v 8.336576 9.387619 -28.863144
v 8.273293 9.717026 -29.623154
v 7.489606 9.265900 -30.329391
v 8.014198 10.250977 -30.048386
v 7.446098 9.754105 -30.647049
v 6.994683 9.614426 -31.112473
v 6.501916 8.829720 -31.011459
v 6.691939 9.344513 -31.484146
v 6.234540 9.262344 -31.711472
v 6.534587 9.708023 -32.184860
v 5.774587 9.644737 -32.514267
v 5.341963 9.153824 -32.117661
v 5.745859 8.364532 -31.387802
v 6.163611 7.998451 -30.878647
v 7.216164 7.866730 -30.326828
v 5.199099 8.635727 -31.765427
v 4.895699 7.935730 -31.707138
v 4.461902 8.635727 -32.090378
v 4.872947 9.587753 -32.608353
v 4.273963 9.197395 -32.818863
v 4.605571 10.020378 -33.308365
v 4.006588 9.630020 -33.518845
v 3.573964 8.930023 -33.251480
v 3.286096 9.301247 -34.061264
v 2.853472 8.810333 -33.664658
v 2.492916 9.393723 -34.350479
v 1.855959 8.769852 -33.829300
v 2.270220 8.251175 -33.393143
v 1.311707 8.251175 -33.393143
v 0.815468 8.302277 -33.515121
v 0.782587 8.954643 -34.278122
v 0.382844 8.793190 -33.911728
v -0.096413 8.302277 -33.515121
v -0.134765 9.090515 -33.845139
v -0.531365 8.657890 -33.354202
v -0.911296 8.377731 -33.160660
v -0.575389 7.602730 -33.096115
v -1.407042 7.903900 -32.722275
v -0.697755 9.199814 -33.172318
v -0.076477 9.393913 -34.545120
v 0.782587 9.163734 -35.014145
v 0.022587 9.454025 -35.483841
v -0.510402 9.884621 -35.014145
v -0.592481 10.260635 -34.063766
v -0.697755 10.065063 -33.172318
v -0.750412 11.150726 -33.680130
v -0.805682 10.931854 -34.370804
v -0.496519 12.044472 -33.680130
v -0.425741 11.676056 -32.830154
v -0.230604 12.482513 -32.806076
v -0.287430 12.780495 -33.680130
v -0.172593 13.276230 -33.419785
v 0.261259 13.039055 -32.708145
v 0.327814 13.777367 -32.852982
v 1.111259 13.363731 -32.182816
v 0.671324 12.599213 -32.049149
v 1.551301 12.879944 -31.374008
v 1.811258 13.631104 -31.750198
v 1.947126 13.238724 -30.717697
v 1.736732 12.569717 -30.464157
v 1.245821 12.173119 -30.896774
v 1.325587 12.044052 -29.938828
v 1.984758 12.657722 -29.558884
v 1.552134 11.957726 -29.291519
v 0.747462 11.595360 -29.811966
v 2.072234 12.355042 -28.775192
v 1.621220 11.666077 -28.440781
v 2.611997 11.525764 -28.390518
v 3.122571 12.095757 -28.624313
v 3.555195 11.395760 -28.356918
v 3.858594 12.095757 -28.415207
v 3.555195 12.795753 -28.356918
v 4.255195 12.528381 -27.924301
v 2.217431 13.219070 -29.054520
v 2.005413 12.935326 -30.017715
v 2.220860 13.836700 -30.060471
v 2.071587 14.145729 -29.250137
v 2.361881 13.676025 -28.490158
v 2.361881 14.615433 -28.490158
v 2.792476 14.145729 -27.957138
v 3.121881 13.385727 -28.020432
v 3.591587 14.145729 -27.730148
v 3.121881 14.905731 -28.020432
v 4.060604 15.004791 -27.960312
v 4.327611 14.145729 -27.521042
v 4.901105 14.729439 -28.440811
v 5.601105 14.462059 -28.008194
v 5.713866 14.583191 -28.642502
v 6.317538 14.098625 -28.108200
v 6.584914 14.531250 -27.408188
v 5.601105 14.671150 -27.272171
v 4.867321 14.742340 -27.554672
v 5.166506 15.030655 -26.329025
v 6.024882 15.259727 -26.799850
v 5.734587 15.729431 -26.039841
v 5.201598 15.298836 -25.570145
v 5.734587 15.729431 -25.100449
v 5.264882 14.969429 -24.810135
v 6.024882 15.259727 -24.340439
v 5.660256 14.558609 -24.183762
v 6.452587 14.680069 -24.039047
v 6.964293 15.259727 -24.340439
v 7.328918 14.558609 -24.183762
v 6.982947 13.881706 -23.842941
v 7.908406 13.890808 -23.857651
v 7.415571 13.390793 -23.446335
v 6.680541 13.160728 -23.268417
v 5.815293 13.160728 -23.268417
v 6.247917 12.669815 -22.871841
v 5.283672 12.400726 -22.880203
v 4.875882 13.160728 -23.268417
v 5.339964 13.759796 -23.619644
v 4.585587 13.630432 -24.028427
v 4.546476 12.400726 -23.205154
v 5.680273 11.968102 -22.389267
v 6.247917 12.460724 -22.135818
v 6.201258 12.451729 -21.614487
v 5.720549 11.461227 -21.490463
v 6.059287 12.137619 -21.184189
v 5.662261 11.764626 -20.790482
v 5.208757 11.030838 -21.070755
v 5.369076 10.620354 -21.558029
v 5.011587 11.417435 -20.243851
v 4.541882 10.657433 -20.534134
v 4.478598 10.986839 -19.774155
v 4.251587 10.187729 -19.774155
v 4.541882 10.657433 -19.014145
v 4.541882 9.718025 -19.014145
v 4.972476 10.187729 -18.481155
v 5.301882 9.427727 -18.544418
v 5.715922 10.054230 -18.245804
v 5.887594 9.288498 -18.222061
v 6.507611 10.187729 -18.045059
v 6.848546 9.621605 -17.545822
v 6.284194 8.855873 -17.731155
v 6.203614 8.404762 -18.507187
v 6.240313 8.162354 -17.846024
v 6.342482 8.552475 -17.031143
v 6.088588 7.658730 -17.031143
v 5.939202 8.073235 -16.331131
v 5.939202 7.244225 -16.331131
v 6.359106 6.716888 -17.230637
v 6.300818 6.413490 -16.530655
v 6.568194 5.980865 -17.230637
v 6.300818 5.548241 -16.530655
v 5.876372 6.010117 -15.784119
v 5.600819 5.280869 -16.098038
v 5.418311 5.541100 -15.269272
v 5.260236 4.833946 -15.577164
v 5.318523 4.530548 -16.277145
v 4.809415 4.104507 -15.855789
v 4.947882 3.710434 -16.568130
v 4.533126 3.240730 -15.875717
v 4.813406 2.787231 -16.609482
v 4.533126 2.333725 -15.875717
v 4.492612 1.447235 -17.008926
v 4.117867 1.228821 -15.993210
v 4.157666 1.123650 -16.563400
v 3.615547 0.641594 -16.303665
v 17.655472 -1.536041 -20.099014
v 17.411148 -2.256523 -19.996292
v 17.347672 -2.621033 -20.419968
v 17.946671 -1.873032 -21.111343
v 18.319586 -1.210602 -20.695816
v 18.459965 -1.457550 -21.420364
v 18.915695 -0.729019 -21.221146
v 18.817238 -0.879272 -22.381027
v 19.075302 -0.292198 -22.174484
v 18.651863 -0.673645 -23.000015
v 18.922297 0.340401 -23.162643
v 18.593576 -0.370247 -23.699997
v 18.686954 0.593307 -23.776260
v 18.419579 0.160683 -24.476242
v 18.444931 0.769012 -24.654068
v 18.712307 1.201637 -23.954086
v 19.231802 1.113335 -23.203110
v 19.172979 1.722588 -23.456131
v 19.114693 2.025986 -24.156143
v 19.433676 2.486801 -23.699081
v 19.529982 2.393585 -24.561142
v 20.017069 3.172615 -24.059647
v 19.949020 3.257034 -24.669205
v 19.471695 2.696983 -25.261154
v 19.999859 3.378296 -25.634171
v 20.409695 3.777985 -25.167130
v 20.301714 3.615097 -24.364975
v 20.532963 3.609451 -23.586899
v 20.740097 4.110847 -23.891159
v 20.846443 4.297043 -22.928421
v 20.971586 4.925728 -23.891159
v 20.775549 5.469673 -23.124466
v 20.740097 5.740608 -23.891159
v 20.775549 5.469673 -24.657822
v 20.751179 4.722984 -25.251846
v 20.698668 5.890656 -25.345261
v 20.890587 5.359726 -26.104141
v 20.663576 4.560616 -26.104141
v 20.600292 4.890022 -26.864151
v 20.130585 4.130020 -26.573837
v 19.840294 4.599724 -27.333847
v 19.406981 4.009750 -26.997360
v 19.697962 3.430023 -26.306473
v 18.900879 4.599724 -27.333847
v 19.370586 5.359726 -27.624130
v 18.571474 5.359726 -27.397141
v 18.900879 6.119728 -27.333847
v 18.140881 5.829430 -26.864151
v 18.610588 6.589432 -26.573837
v 18.041792 6.145050 -25.868271
v 18.610588 6.589432 -25.634445
v 18.848705 6.487381 -25.096146
v 18.113588 6.047058 -24.641800
v 18.608406 6.316940 -24.347092
v 18.021105 5.757843 -23.848618
v 17.505211 5.320999 -24.321365
v 17.598244 5.276825 -23.671707
v 18.116987 5.718277 -23.206406
v 17.628481 5.152473 -22.741135
v 17.309498 4.691658 -23.198196
v 17.158472 4.713097 -22.498734
v 16.818586 4.295059 -22.765549
v 16.458471 4.445717 -22.066086
v 16.024578 4.240425 -22.427261
v 16.118587 4.027679 -23.198196
v 15.230571 3.976700 -22.824997
v 15.230571 4.185791 -22.088974
v 14.671144 4.129341 -23.218002
v 14.158637 3.608620 -22.750443
v 13.940587 3.961433 -23.564438
v 13.458637 3.550331 -23.053818
v 13.326920 3.930069 -23.913467
v 13.933020 4.108810 -24.508530
v 13.417862 4.198540 -24.747818
v 12.713253 4.224373 -24.391708
v 12.722471 4.498375 -25.304153
v 12.231560 4.894974 -24.800522
v 11.981394 5.295845 -24.611130
v 11.711383 4.793106 -23.760239
v 11.588563 5.704704 -23.836136
v 11.653095 6.040611 -24.611130
v 11.588563 5.704704 -25.386154
v 11.109587 6.479706 -25.090103
v 11.214713 6.536362 -24.137314
v 10.694583 6.999130 -24.611130
v 10.456674 6.823273 -25.645096
v 10.367916 7.683151 -25.228134
v 9.843049 7.242485 -26.204697
v 10.299899 6.526398 -26.457230
v 10.022564 8.287399 -25.912552
v 9.625964 7.854774 -26.403458
v 9.625964 8.720024 -26.403458
v 9.105238 8.521217 -26.995895
v 9.334980 9.299751 -27.094345
v 8.634980 9.032379 -27.526993
v 9.419824 10.088791 -27.730515
v 8.719824 9.821419 -28.163132
v 8.394864 9.084221 -28.163132
v 9.360502 10.649727 -27.819077
v 10.097699 10.649727 -27.494125
v 9.829518 11.408607 -27.529221
v 8.963902 11.082352 -28.310013
v 9.432919 11.841232 -28.020126
v 8.988981 11.850105 -28.618912
v 8.910427 11.474243 -29.061508
v 8.696527 10.649727 -29.009995
v 8.661536 10.124817 -28.863144
v 8.394864 10.619354 -29.698288
v 8.474916 11.108398 -29.848129
v 8.474916 12.159058 -29.848129
v 7.993330 11.633728 -30.444260
v 7.446098 10.619354 -30.647049
v 7.748858 12.479507 -30.456528
v 7.312018 12.006767 -30.972427
v 7.294587 10.937729 -31.715134
v 7.178722 10.186729 -31.347031
v 7.004293 10.468025 -32.475143
v 7.004293 11.407433 -32.475143
v 6.573699 10.937729 -33.008133
v 6.244293 10.177727 -32.944839
v 5.836502 10.937729 -33.333084
v 5.305571 10.078667 -33.004959
v 5.176293 10.657394 -33.376511
v 5.417909 11.549255 -33.809555
v 4.839803 11.090706 -33.966507
v 4.476293 10.390022 -33.809128
v 4.110361 10.812088 -34.417313
v 3.716293 10.099724 -34.278854
v 3.188892 10.691376 -34.702225
v 2.868956 10.116776 -34.640396
v 2.488892 10.424004 -35.134872
v 2.168956 9.849403 -35.073013
v 2.012293 10.214027 -35.774155
v 1.542587 9.454025 -35.483841
v 1.657835 9.148781 -34.722885
v 1.252293 9.923729 -36.243851
v 0.782587 9.390739 -35.813248
v 0.312881 9.923729 -36.243851
v 0.782587 10.683731 -36.534134
v -0.016524 10.683731 -36.307144
v -0.447119 10.214027 -35.774155
v -0.447119 11.153435 -35.774155
v -0.737413 10.683731 -35.014145
v -0.510402 11.482841 -35.014145
v 0.044391 12.052795 -35.542923
v -0.134765 12.276947 -34.783157
v 0.660656 12.970848 -35.549210
v -0.086442 13.201111 -34.882156
v -0.217273 12.931793 -34.221146
v -0.328413 13.729729 -34.221146
v -0.038118 14.199432 -34.981125
v -0.101402 14.528839 -34.221146
v -0.038118 14.199432 -33.461136
v 0.431587 14.959435 -33.751450
v 0.721882 14.489731 -32.991440
v 1.191587 15.022720 -33.422043
v 1.660604 14.588791 -32.931320
v 1.191587 14.073952 -32.473251
v 1.891587 14.132240 -32.169876
v 2.808502 14.683487 -32.404343
v 2.296633 14.160797 -31.643845
v 2.856959 14.716148 -31.351791
v 2.494595 14.434677 -30.803268
v 2.285506 13.698654 -30.803268
v 2.785826 15.072792 -30.571945
v 2.361881 14.615433 -30.010147
v 2.831587 15.375435 -29.719833
v 2.298598 14.944839 -29.250137
v 2.831587 15.375435 -28.780441
v 3.557804 15.776932 -29.240067
v 3.591587 15.438721 -28.451035
v 4.351587 15.375435 -28.780441
v 4.359155 15.731903 -29.511765
v 5.168481 15.162064 -29.140823
v 5.355293 16.101730 -29.974442
v 5.749361 15.389366 -29.835983
v 5.668728 14.883301 -29.179306
v 6.535588 14.451431 -29.787430
v 6.317538 14.098625 -28.973434
v 7.017538 14.040337 -29.276840
v 7.017538 13.831245 -28.540817
v 7.537420 13.844559 -28.568924
v 7.516963 13.709053 -29.256088
v 7.068577 14.020836 -30.257126
v 7.439363 13.334564 -30.140396
v 7.949587 13.009056 -29.523483
v 7.005293 13.691429 -31.017136
v 7.126864 12.789101 -31.092270
v 6.574699 13.221725 -31.550125
v 6.878098 12.521729 -31.608414
v 6.178099 12.789101 -32.041031
v 6.610723 12.089104 -32.308426
v 7.207343 11.737717 -31.723221
v 6.119811 12.485703 -32.741043
v 6.305519 11.696609 -33.043228
v 5.792516 12.160774 -33.304245
v 5.823962 13.209778 -33.002579
v 5.395916 12.593399 -33.795151
v 5.395916 13.644058 -33.795151
v 4.914330 13.118729 -34.391251
v 5.118799 12.048973 -34.261490
v 4.538283 12.665649 -34.669571
v 4.498916 11.642395 -34.534134
v 4.017330 12.167725 -35.130234
v 3.648916 11.317719 -35.059464
v 3.123587 12.167725 -35.384140
v 2.833864 11.383728 -35.416641
v 2.206741 12.219284 -35.600357
v 2.072403 11.152748 -35.873215
v 1.762897 11.925682 -35.832748
v 1.252293 11.443733 -36.243851
v 1.581699 10.683731 -36.307144
v 0.782587 12.033707 -35.907364
v 0.312881 11.443733 -36.243851
v 1.251604 12.733704 -35.639969
v 1.722518 12.970848 -35.549210
v 1.191587 13.729729 -35.741135
v 1.990699 13.729729 -35.514145
v 1.661293 14.489731 -35.450851
v 0.721882 14.489731 -35.450851
v 0.392476 13.729729 -35.514145
v 1.191587 15.022720 -35.020248
v 0.431587 14.959435 -34.690842
v 1.191587 15.249725 -34.221146
v 1.951587 14.959435 -34.690842
v 1.951587 14.959435 -33.751450
v 2.541563 14.622948 -34.257523
v 2.651587 14.692055 -33.318802
v 3.819610 14.632721 -33.781021
v 3.485110 14.934570 -32.936661
v 4.411204 14.918388 -33.245193
v 4.051257 15.400612 -32.590500
v 3.299413 15.080086 -31.971695
v 3.655882 15.811432 -31.964127
v 3.267638 15.403641 -31.204147
v 3.592598 16.140839 -31.204147
v 3.540763 15.831421 -30.301193
v 4.125587 16.571434 -30.734421
v 4.125587 16.571434 -31.673843
v 4.885588 16.861725 -31.204147
v 4.885588 16.634720 -30.405014
v 5.645587 16.571434 -30.734421
v 5.645587 16.571434 -31.673843
v 6.178576 16.140839 -31.204147
v 6.115294 15.811432 -30.444138
v 6.405587 15.341728 -31.204147
v 6.634652 14.511543 -30.726151
v 6.115294 14.872025 -31.964127
v 6.306519 13.980606 -31.585220
v 5.909919 14.413231 -32.076126
v 5.909919 13.547981 -32.076126
v 5.582416 13.998505 -32.997971
v 5.288098 14.909103 -32.988052
v 4.943859 14.542671 -33.579025
v 5.684699 15.341728 -32.497116
v 4.885587 15.409302 -32.848618
v 5.355293 16.101730 -32.433853
v 4.415882 16.101730 -32.433853
v 4.885588 16.634720 -32.003250
v 6.115294 15.811432 -31.964127
v 4.545916 13.968735 -34.320480
v 3.255434 13.831093 -34.578201
v 4.091589 13.233612 -34.760788
v 3.648916 13.017731 -35.059464
v 2.458542 12.970848 -35.340134
v 2.421293 14.199432 -34.981125
v 8.641236 12.546158 -29.103806
v 8.859916 12.808060 -28.539139
v 9.287962 12.373779 -27.746567
v 8.930694 13.176476 -27.689133
v 8.334587 13.658058 -28.214462
v 8.442186 13.742279 -27.223862
v 7.425266 14.077728 -27.781326
v 7.510921 14.609055 -27.147018
v 8.080761 14.238083 -26.337692
v 7.724293 14.969429 -26.330124
v 6.964293 15.259727 -26.799850
v 7.254588 15.729431 -26.039841
v 6.494587 15.792717 -26.369247
v 6.494587 16.019722 -25.570145
v 7.254588 15.729431 -25.100449
v 6.494587 15.792717 -24.771042
v 7.787577 15.298836 -25.570145
v 7.724293 14.969429 -24.810135
v 8.112536 14.561638 -25.570145
v 8.192863 14.274521 -24.639450
v 8.743651 13.821548 -25.205154
v 8.644588 13.761436 -24.266434
v 9.177576 13.330841 -24.736130
v 9.353391 12.984543 -24.023453
v 8.353603 13.390793 -23.446335
v 9.160321 13.128342 -23.040695
v 8.836588 13.092735 -22.594284
v 7.964262 13.037064 -22.215256
v 8.836588 13.210724 -21.747147
v 7.964262 13.037064 -21.279007
v 7.206821 12.747742 -21.747147
v 6.947917 12.728104 -22.568436
v 7.054039 12.837967 -21.096481
v 7.797154 13.259445 -20.524734
v 6.633882 13.151733 -20.481857
v 6.000999 12.441017 -20.484177
v 5.873881 12.861435 -20.012131
v 5.472388 12.032852 -19.896927
v 6.343587 13.621437 -19.721848
v 5.810598 13.190842 -19.252151
v 6.343587 13.621437 -18.782455
v 5.873881 12.861435 -18.492142
v 6.633882 13.151733 -18.022446
v 6.304476 12.391731 -17.959152
v 5.605281 11.647728 -18.602707
v 6.114681 10.974014 -18.166458
v 5.301882 10.947731 -18.544418
v 4.912523 11.477547 -19.305130
v 7.577970 11.624161 -17.875046
v 6.948632 10.889610 -17.941147
v 7.733809 10.927734 -17.720444
v 7.381256 10.189613 -17.673782
v 8.221211 9.940742 -17.316635
v 7.788588 9.449829 -16.920029
v 8.908892 9.482079 -17.044052
v 8.641516 9.049454 -16.344040
v 7.841420 9.220558 -16.151367
v 6.851169 9.184708 -16.837479
v 6.941079 9.443100 -15.909866
v 6.360258 8.788109 -16.404831
v 6.092882 9.220734 -15.704849
v 5.669372 8.460732 -15.825119
v 5.332881 8.930435 -15.235138
v 5.332881 7.991028 -15.235138
v 5.669372 7.559090 -15.825119
v 5.539882 7.308678 -15.194138
v 5.876372 6.875366 -15.784119
v 5.539882 6.443428 -15.194138
v 5.360727 6.771660 -14.434143
v 5.249588 5.973724 -14.434143
v 5.539882 6.443428 -13.674149
v 5.396235 5.890945 -13.570160
v 5.040499 5.237701 -14.434143
v 4.985506 4.828659 -13.160019
v 4.747154 4.593422 -13.963211
v 4.739487 4.580826 -15.019363
v 4.284990 4.070450 -14.438217
v 4.357259 3.704056 -15.311142
v 3.758315 3.391159 -14.834183
v 4.180868 2.925674 -15.401688
v 3.525211 2.817635 -14.985947
v 3.777196 1.863899 -15.472702
v 3.022475 1.966728 -15.255951
v 3.417867 0.961449 -15.560593
v 2.719075 1.266731 -15.314240
v 2.331985 1.967606 -15.017502
v 2.028585 1.267609 -15.075790
v 2.289219 0.674347 -15.713470
v 1.545649 0.773338 -15.460541
v 8.471916 -2.133598 -18.170151
v 7.861042 -2.545189 -17.792587
v 7.824138 -2.522522 -18.548050
v 8.471916 -2.342690 -18.906174
v 7.732151 -2.877388 -19.159286
v 8.820583 -2.624001 -19.497391
v 8.739868 -3.036438 -20.030807
v 9.445211 -3.031601 -19.784103
v 9.117409 -3.616478 -20.283218
v 9.730064 -3.540352 -19.924576
v 10.405020 -3.013733 -18.656143
v 10.329321 -3.687103 -19.445816
v 10.692570 -3.601288 -18.866653
v 10.945483 -3.781853 -18.268600
v 10.210197 -3.510788 -17.042984
v 10.848514 -3.795258 -17.439590
v 10.754218 -3.663696 -16.855209
v 10.694362 -3.312592 -16.259537
v 17.350418 -2.629280 -17.080399
v 17.561251 -3.161797 -17.042862
v 17.635223 -3.330330 -17.730576
v 17.399488 -2.487404 -17.935135
v 17.456432 -3.222450 -18.507431
v 17.434580 -2.219223 -18.694016
v 17.608578 -1.751381 -17.935135
v 17.643669 -1.483200 -18.694016
v 17.341452 -2.501862 -19.484573
v 17.597185 -1.232643 -19.399002
v 17.901762 -0.690628 -18.702713
v 18.123596 -0.778603 -19.809677
v 18.089956 0.402397 -19.174271
v 18.487682 0.164726 -19.744797
v 18.844915 -0.360603 -20.371140
v 18.929132 0.630005 -20.263535
v 19.241446 -0.023178 -21.245193
v 19.568293 0.680023 -21.093155
v 19.631577 0.350616 -21.853134
v 19.858587 1.149727 -21.853134
v 19.568293 0.680023 -22.613144
v 19.715672 1.624107 -22.620712
v 19.747448 1.947662 -21.853134
v 19.924761 2.360130 -22.620712
v 19.491962 2.183403 -22.999100
v 19.924585 2.883400 -23.266464
v 20.520695 3.364983 -22.741135
v 20.008278 2.763855 -22.048172
v 20.393654 3.279907 -22.122147
v 20.294586 3.340019 -21.183426
v 20.827578 3.770615 -21.653152
v 20.764294 4.100021 -20.893143
v 21.054588 4.569725 -21.653152
v 20.764294 5.039429 -20.893143
v 20.827578 5.368835 -21.653152
v 20.862669 5.100655 -22.412033
v 20.347904 5.903175 -22.124832
v 20.260839 5.923668 -22.636429
v 19.421587 6.035149 -22.340225
v 19.421587 6.244240 -23.076248
v 20.196587 6.179703 -23.412155
v 19.421587 6.475723 -23.891159
v 20.249378 6.283852 -24.367691
v 19.370586 6.443626 -24.569016
v 20.189194 6.340034 -24.862198
v 19.370586 6.652718 -25.305038
v 20.130585 6.589432 -25.634445
v 19.370586 6.879723 -26.104141
v 20.130585 6.589432 -26.573837
v 20.663576 6.158836 -26.104141
v 20.600292 5.829430 -26.864151
v 19.840294 6.119728 -27.333847
v 20.169699 5.359726 -27.397141
v 19.370586 6.652718 -26.903244
v 18.646587 6.179703 -23.412155
v 18.224588 5.634056 -22.215805
v 18.774590 5.799431 -21.183426
v 18.158360 5.403893 -21.519699
v 17.641195 4.948242 -21.855270
v 17.641195 4.948242 -20.990005
v 17.158472 4.713097 -21.633469
v 17.159586 4.498146 -20.632828
v 16.699833 4.667831 -21.376358
v 18.237974 5.132553 -20.810043
v 19.064880 5.329727 -20.423447
v 18.735476 4.569725 -20.360153
v 17.999453 4.569725 -20.569229
v 17.566830 3.869728 -20.301865
v 16.983295 3.868683 -19.922256
v 16.459587 4.556435 -20.329453
v 15.699587 4.846725 -20.799149
v 15.699587 4.619720 -21.598251
v 14.939587 4.556435 -21.268845
v 14.939587 4.556435 -20.329453
v 14.406598 4.125839 -20.799149
v 14.265072 3.733139 -21.721603
v 14.062465 3.319412 -20.700974
v 13.571553 2.922813 -21.133591
v 13.458637 3.341240 -22.317795
v 12.871553 2.864525 -21.436996
v 12.459763 3.408249 -21.912125
v 12.633631 3.661690 -22.720200
v 11.912587 4.054703 -22.252182
v 12.144007 4.093109 -23.492844
v 11.497582 4.574127 -22.731125
v 11.259674 4.398270 -21.697189
v 11.190328 4.963539 -22.540115
v 11.248615 5.266937 -23.240097
v 10.981239 5.699562 -22.540115
v 11.173839 6.223671 -23.356430
v 11.062588 6.408730 -22.709152
v 10.870668 6.939659 -23.468033
v 10.835576 7.207840 -22.709152
v 10.752871 7.302528 -23.911148
v 10.555488 8.119591 -23.177139
v 10.582588 8.307190 -24.157089
v 10.485495 7.735153 -24.611130
v 10.367916 8.548401 -25.228134
v 10.692588 9.073730 -24.378159
v 10.540863 9.577354 -25.193039
v 10.215940 9.056511 -25.970169
v 10.591577 9.850616 -26.201157
v 10.058588 9.420021 -26.670853
v 10.528294 10.180023 -26.961136
v 9.768293 9.889725 -27.430832
v 10.818588 10.649727 -26.201157
v 10.528294 11.119431 -26.961136
v 10.591577 11.448837 -26.201157
v 10.058588 11.879433 -26.670853
v 10.058588 11.879433 -25.731430
v 9.546917 12.301437 -26.628769
v 9.766597 11.997238 -27.256516
v 9.557297 12.288734 -25.531174
v 9.056005 12.698036 -26.196152
v 8.967948 12.891762 -26.883469
v 8.703194 13.512039 -25.978104
v 9.114293 13.001434 -25.496140
v 9.502536 12.593643 -24.736130
v 10.058588 11.879433 -24.866196
v 9.993447 12.197044 -24.303513
v 10.528916 11.607056 -24.012131
v 10.003588 12.457054 -23.687485
v 10.599693 11.975471 -23.162155
v 10.111187 12.541275 -22.696884
v 10.636949 11.690758 -22.356491
v 10.282693 12.404472 -21.747147
v 9.686587 12.886055 -22.272476
v 9.686587 12.886055 -21.221817
v 10.211916 12.036057 -20.897141
v 9.462721 12.403030 -20.324265
v 8.889420 13.072556 -20.867355
v 8.779823 12.757042 -19.952133
v 8.453563 13.284950 -20.153793
v 8.396576 13.190842 -19.252151
v 7.863587 13.621437 -19.721848
v 7.863587 13.621437 -18.782455
v 7.103587 13.911728 -19.252151
v 7.103587 13.684723 -20.051254
v 7.103587 13.684723 -18.453049
v 7.573293 13.151733 -18.022446
v 8.333293 12.861435 -18.492142
v 7.902699 12.391731 -17.959152
v 7.103587 12.391731 -17.732162
v 8.454864 11.959106 -18.417007
v 8.270250 11.686737 -18.010025
v 9.074652 11.420547 -18.591110
v 8.685293 10.890732 -17.830429
v 9.445293 10.600433 -18.300156
v 9.079361 10.178368 -17.691971
v 9.887308 9.723824 -18.264206
v 9.693587 9.381058 -17.536819
v 10.352584 8.970993 -17.976669
v 10.218916 8.531059 -17.212143
v 9.255723 8.662010 -16.215775
v 10.079124 7.462891 -16.516159
v 9.713576 8.109840 -15.783142
v 9.180588 8.540436 -15.313431
v 9.748669 7.841660 -15.024261
v 9.287891 8.424736 -14.477646
v 8.488155 8.955193 -14.876129
v 7.894253 9.200378 -15.253464
v 7.912563 9.353951 -14.475143
v 7.322587 9.690437 -14.944839
v 7.322587 9.690437 -14.005447
v 6.562587 9.980728 -14.475143
v 6.562587 9.753723 -15.274246
v 5.802587 9.690437 -14.944839
v 5.802587 9.690437 -14.005447
v 5.269598 9.259842 -14.475143
v 5.332881 8.930435 -13.715149
v 5.042587 8.460732 -14.475143
v 5.332881 7.991028 -13.715149
v 5.164973 7.644600 -14.475143
v 5.582278 7.218781 -13.656540
v 6.031656 7.701851 -13.147064
v 6.282043 7.074814 -13.117661
v 5.944860 6.361908 -13.080261
v 6.678643 6.642189 -12.626755
v 6.246019 5.942192 -12.359390
v 5.454523 5.587547 -12.870163
v 5.553587 5.527435 -11.931442
v 5.020598 5.096840 -12.401138
v 5.083881 4.767433 -11.641144
v 4.695638 4.359642 -12.401138
v 4.727413 4.036087 -11.633575
v 4.236502 3.639488 -12.066208
v 3.792587 3.343529 -12.490860
v 3.792587 3.671822 -13.235626
v 3.092587 3.285240 -12.794266
v 3.092587 3.516724 -13.609146
v 3.792587 3.671822 -13.982651
v 4.283498 4.180702 -13.609146
v 3.059247 3.391708 -14.435883
v 2.317587 3.220703 -14.088120
v 2.613611 2.741730 -14.863113
v 1.574259 2.002731 -14.635483
v 1.249587 2.528053 -13.785477
v 0.724259 1.678055 -14.110138
v 1.187157 1.258392 -14.801788
v 0.291635 0.978058 -14.377518
v 0.647377 0.751617 -15.160309
v -0.020733 0.799309 -14.694214
v 9.205633 -2.128151 -16.630142
v 8.279625 -2.055542 -16.415543
v 8.123810 -2.793007 -16.568130
v 8.937452 -1.369270 -16.665237
v 9.673476 -1.369270 -16.456161
v 10.128092 -2.215523 -16.324265
v 9.979351 -2.875214 -16.936752
v 10.070076 -0.936646 -15.965240
v 10.734973 -2.074829 -15.514496
v 10.704952 -2.600067 -16.003693
v 16.315586 -2.419838 -16.290695
v 16.547207 -3.000275 -16.009430
v 17.194487 -3.139793 -16.315750
v 15.876943 -2.803413 -15.978027
v 15.176036 -2.398407 -16.083817
v 15.713963 -1.642105 -16.553604
v 16.846519 -1.711151 -16.607071
v 16.315586 -0.952271 -16.415146
v 17.114698 -0.952271 -16.642136
v 17.447857 -1.593002 -17.127762
v 17.593185 -0.247696 -17.117538
v 17.835587 -0.952271 -17.935135
v 17.724447 -0.154335 -17.935135
v 17.890942 0.501083 -17.897049
v 17.822580 -0.030228 -18.474258
v 18.043266 0.754944 -18.436142
v 17.787489 1.236725 -17.698013
v 17.933294 1.706429 -18.473129
v 18.348049 1.278481 -19.165573
v 18.053562 2.129944 -19.196762
v 18.290730 2.013100 -19.779129
v 18.487682 1.095276 -19.744797
v 18.811682 1.515175 -20.239792
v 18.687330 2.445724 -20.270035
v 19.208282 1.947800 -20.730698
v 19.137699 1.149727 -20.560165
v 19.568293 1.619431 -21.093155
v 19.715128 2.562347 -21.271988
v 19.589252 3.013718 -20.603012
v 18.210079 3.256973 -20.093918
v 17.620939 2.829941 -19.464127
v 17.463587 2.466431 -18.763443
v 16.966541 2.894699 -19.016159
v 16.533916 3.385612 -19.412766
v 16.173969 2.903389 -18.758072
v 15.741345 3.394302 -19.154678
v 16.169292 4.086731 -19.569443
v 15.473969 2.961678 -18.454697
v 14.606913 3.481064 -18.514267
v 14.549471 3.712090 -19.285782
v 13.681755 3.516556 -18.925919
v 13.880594 3.461060 -19.607620
v 14.371506 3.857658 -20.040268
v 13.221155 3.204193 -19.402908
v 13.571553 2.922813 -20.268356
v 12.696354 2.900665 -19.900253
v 12.871553 2.655434 -20.700974
v 12.171554 2.922813 -20.268356
v 12.171554 2.922813 -21.133591
v 11.750898 3.261803 -20.484573
v 11.715614 3.660538 -21.415390
v 11.201386 4.094872 -20.997177
v 10.999298 3.762001 -20.488815
v 10.695898 4.461998 -20.547104
v 10.992298 4.830894 -20.997177
v 10.884860 5.561676 -20.818802
v 10.299298 4.894623 -20.056198
v 10.299298 4.029373 -20.056198
v 10.031922 4.461998 -19.356186
v 10.241011 5.198021 -19.356186
v 11.056693 6.012985 -20.013138
v 11.115435 6.368149 -20.852127
v 10.919673 5.934349 -21.941574
v 11.128761 5.198326 -21.941574
v 10.847605 6.906731 -21.642899
v 11.114981 7.339355 -20.942917
v 10.893864 7.511238 -22.009140
v 11.321482 7.872025 -20.981094
v 10.961081 8.361450 -21.878891
v 10.626488 7.943863 -22.709152
v 11.674294 8.686028 -21.199142
v 11.337803 9.155731 -21.789108
v 11.070427 9.624748 -22.489120
v 10.764576 8.855614 -23.177139
v 10.991588 9.654724 -23.177139
v 10.880447 10.452660 -23.177139
v 10.701293 10.124428 -23.937149
v 10.701293 10.989677 -23.937149
v 10.433917 10.557053 -24.637131
v 10.643005 9.821030 -24.637131
v 10.675673 10.175346 -25.433578
v 10.626669 11.180656 -25.442245
v 10.470629 11.303658 -24.712143
v 10.853587 11.081726 -23.162155
v 11.236588 10.378105 -22.179764
v 11.263194 10.136040 -21.681076
v 10.745676 10.774704 -21.747147
v 11.303652 10.445549 -20.908157
v 10.574317 11.293488 -20.817856
v 10.536588 11.510727 -21.747147
v 10.788812 10.903610 -20.439133
v 10.287307 10.876030 -20.003433
v 9.801850 11.596207 -20.238144
v 9.481642 11.183769 -19.505508
v 9.049018 11.883766 -19.772873
v 8.990730 11.580368 -19.072861
v 8.721536 12.453644 -19.252151
v 9.583759 10.994507 -19.012497
v 10.492226 10.523903 -19.575363
v 10.213604 10.073082 -18.845932
v 10.914293 9.915733 -19.209427
v 10.587308 9.456451 -18.696823
v 11.243699 9.155731 -19.146164
v 10.834528 8.601707 -18.597763
v 11.028297 8.346405 -19.129623
v 11.028297 7.481155 -19.129623
v 11.426239 7.842979 -19.898270
v 11.310587 6.906731 -20.013138
v 11.111823 6.415421 -19.299149
v 11.066792 6.770653 -18.565353
v 10.665293 7.250435 -17.839157
v 10.554580 8.047684 -17.840256
v 10.328802 7.682373 -17.249161
v 10.328802 6.780731 -17.249161
v 10.665293 6.311028 -17.839157
v 10.222963 5.923256 -17.488266
v 10.061426 6.311714 -16.549179
v 9.955587 5.490631 -16.788284
v 9.881271 5.713371 -15.887680
v 9.818202 6.494598 -15.753708
v 9.539580 6.043777 -15.024261
v 9.748669 6.779800 -15.024261
v 9.940588 7.310730 -15.783142
v 9.695580 6.061775 -14.024033
v 9.904668 6.797798 -14.024033
v 9.869576 6.529617 -13.265137
v 10.096587 7.328728 -13.265137
v 9.904668 7.859657 -14.024033
v 9.869576 8.127838 -13.265137
v 9.336587 8.558434 -13.734848
v 9.336587 8.558434 -12.795441
v 8.576588 8.848724 -13.265137
v 8.575927 8.948189 -13.977524
v 7.876587 9.116104 -13.697769
v 7.641310 8.693314 -12.791519
v 7.032293 9.220734 -13.245438
v 6.701343 8.549484 -12.769318
v 6.092882 9.220734 -13.245438
v 6.562587 9.753723 -13.676041
v 5.763476 8.460732 -13.182144
v 7.286771 7.797745 -12.406082
v 6.647272 7.358727 -12.878967
v 7.043872 6.926102 -12.388062
v 7.777476 7.328728 -11.972153
v 7.309632 6.569847 -12.146149
v 8.106882 8.088730 -12.035431
v 8.576588 7.328728 -11.745148
v 9.046293 6.568726 -12.035431
v 9.375698 7.328728 -11.972153
v 9.806293 6.859024 -12.505142
v 9.336587 6.099022 -12.795441
v 8.624226 5.960556 -12.401367
v 7.840564 5.793594 -11.972153
v 6.967261 5.791496 -11.878067
v 7.543293 4.767433 -11.641144
v 6.783293 5.057732 -11.171432
v 6.313587 5.590721 -11.602036
v 5.843882 5.057732 -11.171432
v 6.313587 4.297729 -10.881149
v 5.482732 4.321548 -11.012619
v 5.860084 3.496376 -11.036972
v 5.045465 3.582138 -10.799377
v 5.577564 2.762596 -11.108154
v 5.015869 2.255745 -10.289413
v 4.565405 2.943535 -10.255600
v 4.314539 3.327637 -10.454941
v 4.122695 3.428703 -11.021317
v 3.092587 3.076149 -12.058243
v 2.984026 3.215904 -11.435532
v 3.694819 3.377571 -11.384171
v 2.215659 2.874069 -11.989853
v 2.185346 2.874611 -11.356705
v 2.266623 3.151932 -12.928024
v 1.740499 2.924652 -12.302185
v 1.691141 2.967239 -13.455246
v 1.249587 2.528053 -12.734818
v 1.485850 2.444511 -11.195633
v 0.905635 1.923058 -11.821762
v 0.689024 1.931496 -11.435181
v 0.666195 1.842239 -12.374252
v 0.162570 1.649872 -12.827515
v -0.565406 1.352104 -12.656158
v 0.058410 1.623322 -11.909622
v -0.070249 1.266434 -13.566360
v 0.653481 2.046471 -13.260147
v -0.623158 1.141426 -13.360901
v -0.594181 0.913292 -14.026794
v 6.799307 -2.074196 -14.415787
v 7.198527 -2.419579 -13.639053
v 7.056791 -2.585869 -14.342575
v 7.095293 -1.575317 -13.496140
v 7.022700 -1.305046 -14.305969
v 7.164225 -1.717918 -15.202560
v 7.301021 -0.701965 -14.676071
v 7.410273 -1.194527 -15.485703
v 7.791932 -0.305367 -15.108688
v 7.889656 -0.870430 -15.913055
v 8.237453 -0.236649 -15.697861
v 8.170362 -0.991730 -16.273087
v 8.937452 -0.178360 -16.001266
v 9.370076 -0.669273 -16.397873
v 9.637453 -0.236649 -15.697861
v 8.937452 0.030731 -15.265244
v 9.619520 -0.277313 -14.687241
v 10.128364 -0.633247 -15.265244
v 10.278502 -1.170273 -14.603958
v 9.971994 -0.995651 -14.181976
v 10.311687 -1.640556 -13.858734
v 10.617661 -1.737267 -14.407776
v 10.730554 -1.769135 -15.036575
v 14.838186 -1.451431 -16.467758
v 13.883813 -1.525948 -16.191345
v 14.553281 -1.911957 -16.275040
v 14.405562 -0.751434 -16.735123
v 15.329618 -0.851852 -16.526169
v 14.838186 -0.051437 -16.467758
v 15.406261 0.073212 -16.221436
v 15.950273 -0.252274 -16.258896
v 15.745882 0.622726 -15.575424
v 16.685295 0.622726 -15.575424
v 17.090748 -0.022942 -16.418411
v 17.445293 0.913025 -16.045151
v 17.613201 0.566597 -16.775711
v 17.735588 1.382729 -16.805130
v 17.445293 1.852432 -16.045151
v 17.508577 2.181839 -16.805130
v 17.543669 1.913658 -17.564011
v 16.869030 2.617767 -17.404221
v 16.762470 2.623093 -18.398819
v 16.173969 2.694298 -18.022049
v 16.215588 2.902725 -16.805130
v 15.473969 2.961678 -17.589432
v 15.250559 2.933060 -17.013412
v 14.584588 3.330055 -17.520798
v 14.292807 2.947830 -16.644028
v 13.734588 3.400833 -17.152390
v 13.734588 3.654724 -18.046127
v 12.919704 3.502998 -17.542526
v 12.924314 3.470543 -18.602463
v 12.237587 3.487724 -18.011154
v 12.255647 3.293594 -18.951218
v 11.431922 3.271088 -18.620163
v 11.431922 3.061996 -19.356186
v 10.731922 3.329376 -18.923569
v 10.731922 3.329376 -19.788834
v 11.431922 3.271088 -20.092209
v 10.241011 3.725975 -19.356186
v 10.299298 4.029373 -18.656204
v 10.999298 3.762001 -18.223557
v 10.745105 3.931778 -17.789810
v 10.312481 4.631775 -18.057175
v 10.409393 5.070114 -18.627670
v 10.312481 5.497025 -18.057175
v 10.728576 5.981621 -18.599136
v 10.045105 5.064400 -17.357193
v 10.254193 4.328377 -17.357193
v 10.164676 4.754608 -16.788284
v 10.745105 3.931778 -16.924576
v 10.655587 4.358009 -16.355637
v 10.164676 5.079567 -16.051086
v 10.655587 4.682968 -15.618454
v 10.239580 4.911156 -15.456879
v 11.355587 4.299721 -16.052261
v 11.355587 4.526726 -15.253143
v 10.453947 4.356705 -14.359924
v 10.195064 4.983932 -14.504929
v 9.748669 5.307755 -15.024261
v 9.383580 4.758728 -14.078293
v 9.853807 3.912735 -14.021713
v 8.986980 4.326103 -13.587387
v 8.986980 5.191353 -13.587387
v 9.686980 5.458725 -14.020004
v 9.419604 5.891350 -13.320007
v 8.902847 5.509735 -13.130814
v 8.617516 4.686684 -13.227051
v 8.080448 5.223549 -12.515884
v 8.089482 4.296768 -12.534866
v 8.746582 3.728729 -13.147293
v 8.220916 3.203400 -12.736145
v 7.863683 3.663429 -12.109802
v 7.543293 3.828026 -11.641144
v 7.072472 2.969650 -11.870209
v 6.783293 3.537727 -11.171432
v 7.112699 4.297729 -11.108154
v 6.297911 2.866776 -11.561295
v 6.513218 2.353172 -12.314651
v 5.686589 1.960236 -11.929871
v 5.628302 2.263634 -11.229874
v 5.562219 1.207520 -10.970764
v 5.686589 1.094986 -11.929871
v 5.694418 0.715973 -11.168289
v 5.366234 1.751503 -10.723877
v 13.079563 -0.414948 -16.092728
v 12.757866 -1.115517 -15.521378
v 13.293298 -1.166809 -16.039124
v 13.669538 -0.751434 -16.526047
v 13.922623 0.045685 -16.423782
v 13.136283 0.142799 -16.170700
v 12.330618 -0.164940 -15.672775
v 12.615330 0.640724 -15.710037
v 13.136283 1.138649 -16.170700
v 13.872307 1.138649 -16.379807
v 14.767052 1.026184 -16.058395
v 14.189749 1.851746 -16.155167
v 14.925773 1.851746 -15.946075
v 15.416476 1.382729 -15.512146
v 15.745882 2.142731 -15.575424
v 16.215588 1.382729 -15.285141
v 16.685295 2.142731 -15.575424
v 17.014698 1.382729 -15.512146
v 16.215588 2.675720 -16.006027
v 16.975586 2.612434 -16.335434
v 15.456703 2.710808 -16.274216
v 14.520134 2.658463 -16.208527
v 13.763230 2.624680 -15.986526
v 13.439683 1.838646 -16.112411
v 12.739683 1.571274 -15.679794
v 12.741956 2.172401 -15.194260
v 12.986792 3.016808 -15.219360
v 13.532516 2.998451 -16.328049
v 12.848464 3.481239 -16.007797
v 12.631321 3.603348 -16.948593
v 11.634853 3.869644 -16.582077
v 12.031096 3.676758 -17.277054
v 11.445105 3.664398 -17.357193
v 12.115587 4.236435 -15.722855
v 12.648576 3.805840 -15.253143
v 12.115587 4.236435 -14.783432
v 12.585293 3.476433 -14.493149
v 11.825293 3.766731 -14.023438
v 11.355587 4.299721 -14.454025
v 10.885881 3.766731 -14.023438
v 11.365665 3.040512 -13.621933
v 10.803211 2.852074 -13.659683
v 9.634563 3.552071 -13.717972
v 9.937963 2.852074 -13.659683
v 9.353539 2.770775 -13.436142
v 9.786163 2.070778 -13.168777
v 8.959146 1.851875 -13.061401
v 8.617516 2.770775 -13.227051
v 8.164096 1.595337 -13.164017
v 7.731472 2.295334 -12.896622
v 7.428072 1.595337 -12.954910
v 7.228018 2.218391 -12.636490
v 7.499597 2.785400 -12.174698
v 6.871916 1.523003 -12.662323
v 7.209331 0.712730 -12.732040
v 6.406640 0.770172 -12.374771
v 6.083189 1.527611 -12.420776
v 6.730090 0.012733 -12.328751
v 6.030090 0.280106 -11.896133
v 6.677266 -0.584938 -11.400757
v 6.084877 -0.031868 -11.200592
v 11.666642 -0.164940 -14.481873
v 12.009862 -0.440620 -13.852859
v 12.058797 -0.932030 -14.392746
v 11.934018 -0.597565 -15.181870
v 11.934018 0.267685 -15.181870
v 11.875731 0.571083 -14.481873
v 12.218730 1.073349 -15.219131
v 12.190722 1.533691 -14.741669
v 11.881588 0.911728 -14.072144
v 11.934018 0.267685 -13.781876
v 11.947762 0.650085 -13.304581
v 11.540606 1.598328 -13.373154
v 11.886518 2.247849 -13.925064
v 12.585293 2.537025 -14.493149
v 12.154698 3.006729 -13.960159
v 11.673074 0.778648 -12.326416
v 10.831293 1.671730 -12.842438
v 10.372935 2.286568 -13.199966
v 9.891882 1.671730 -12.842438
v 10.319829 0.979301 -12.427689
v 9.562476 0.911728 -12.779160
v 9.959076 0.479103 -12.288239
v 9.259076 0.211731 -12.720871
v 8.826452 0.911728 -12.988235
v 9.347383 -0.360954 -12.069977
v 9.947422 0.072487 -11.980240
v 8.538095 -0.434998 -12.530380
v 8.726427 -0.678276 -12.123413
v 8.105471 -0.887054 -11.931519
v 7.592789 -0.211136 -12.602066
v 7.945354 0.712730 -12.941132
v 7.367176 -0.836479 -11.763641
v 10.651505 0.428101 -11.834885
v 12.138190 0.022820 -13.196899
v 7.795293 -1.307945 -13.063522
v 8.002018 -1.675079 -12.919403
v 7.605034 -2.152153 -13.099167
v 8.555218 -1.342216 -12.903290
v 8.018867 -0.576729 -13.656860
v 7.527917 -0.875320 -13.763519
v 7.791932 -0.305367 -14.243454
v 8.491932 -0.247078 -13.940048
v 8.491932 -0.037987 -14.676071
v 8.718867 -0.518440 -13.353470
v 9.418867 -0.576729 -13.656860
v 9.096409 -1.098480 -13.101074
v 9.791809 -1.353577 -13.398834
v 9.806293 7.798431 -12.505142
v 9.046293 8.088730 -12.035431
v 8.576588 8.621719 -12.466034
v 11.528488 7.620598 -20.439133
v 11.737576 8.356621 -20.439133
v 11.674294 8.686028 -19.679153
v 11.964588 9.155731 -20.439133
v 11.674294 9.625435 -19.679153
v 11.737576 9.954842 -20.439133
v 11.674294 9.625435 -21.199142
v 11.204588 10.385437 -19.969437
v 15.699587 4.619720 -20.000046
v 18.432076 3.869728 -20.301865
v 19.534588 4.569725 -20.133133
v 20.004295 5.329727 -20.423447
v 20.333700 4.569725 -20.360153
v 20.004295 3.809723 -20.423447
v 19.534588 5.862717 -20.854019
v 20.294586 5.799431 -21.183426
v 19.534588 6.089722 -21.653152
v 10.405020 -3.013733 -17.790909
v 9.712587 -2.598976 -18.218857
v 9.637453 -2.720551 -17.316513
v 9.171917 -2.400978 -17.737534
v 8.937452 -2.662262 -17.013107
v 8.471916 -2.342690 -17.434128
v 9.012588 -2.331596 -18.651474
v 9.712587 -2.598976 -19.084091
v 7.848397 -2.938751 -17.229660
v 5.709732 10.773766 -22.671127
v 4.850126 14.541481 -27.037704
v -3.016772 7.525703 -31.751358
v -1.814156 7.694725 -32.499252
v -2.815902 6.875725 -32.209427
v -1.950654 6.875725 -32.209427
v -1.445742 6.844719 -32.428482
v -3.446713 6.989044 -32.191605
v -3.119301 6.175728 -32.151138
v -3.918413 6.175728 -32.378159
v -7.726523 3.916725 -30.404129
v -7.329924 3.484100 -30.895035
v -7.779444 3.296394 -30.466507
v -1.792163 0.712845 -34.336777
v -1.739555 -2.993256 -34.226517
v -1.472179 -3.425880 -34.926529
v -1.039555 -2.725883 -34.659134
v -2.097156 -4.422516 -36.382004
v -1.850094 -3.896027 -35.997482
v -2.598296 -5.308273 -36.468643
v -1.853525 -5.308273 -36.796951
v -1.309578 -6.188400 -36.460770
v -1.058060 -7.051788 -35.753372
v 11.121366 0.759766 -12.008820
v 11.952825 0.562355 -12.768021
v 7.980370 -3.028160 -16.773605
v 12.292130 -1.021156 -15.003616
v 6.381760 -1.509369 -22.440231
v 17.382938 -2.804199 -18.995377
v 6.244427 1.880951 -19.170395
v 17.112425 -2.885254 -20.803757
v 8.391956 -1.388893 -16.425034
v 7.047254 -2.319542 -14.882462
v 2.985646 0.591728 -15.976212
v 7.910593 -3.252846 -19.767532
v 8.325232 -3.506767 -20.142044
f 1 2 3
f 4 3 2
f 5 4 2
f 6 5 2
f 1 6 2
f 7 6 1
f 8 7 1
f 9 8 1
f 10 9 1
f 3 10 1
f 11 10 3
f 4 11 3
f 12 11 4
f 13 12 4
f 14 13 4
f 5 14 4
f 15 14 5
f 16 15 5
f 6 16 5
f 17 16 6
f 7 17 6
f 18 17 7
f 19 18 7
f 8 19 7
f 20 19 8
f 9 20 8
f 21 20 9
f 10 21 9
f 22 21 10
f 23 22 10
f 11 23 10
f 12 23 11
f 24 23 12
f 25 24 12
f 13 25 12
f 26 25 13
f 27 26 13
f 14 27 13
f 28 27 14
f 29 28 14
f 15 29 14
f 30 29 15
f 16 30 15
f 31 30 16
f 17 31 16
f 32 31 17
f 33 31 32
f 34 33 32
f 35 34 32
f 17 35 32
f 18 35 17
f 36 35 18
f 19 36 18
f 37 36 19
f 38 35 36
f 39 38 36
f 37 39 36
f 40 39 37
f 41 40 37
f 19 41 37
f 20 41 19
f 42 41 20
f 21 42 20
f 43 42 21
f 22 43 21
f 44 43 22
f 45 44 22
f 23 45 22
f 24 45 23
f 46 45 24
f 47 46 24
f 48 46 47
f 49 48 47
f 50 49 47
f 51 50 47
f 52 50 51
f 53 50 52
f 54 53 52
f 55 54 52
f 56 54 55
f 57 54 56
f 58 57 56
f 59 58 56
f 60 59 56
f 55 60 56
f 61 60 55
f 62 60 61
f 63 60 62
f 64 63 62
f 65 64 62
f 66 63 64
f 67 66 64
f 68 67 64
f 65 68 64
f 69 68 65
f 70 68 69
f 71 70 69
f 72 70 71
f 73 72 71
f 74 72 73
f 75 74 73
f 76 74 75
f 77 76 75
f 78 76 77
f 79 78 77
f 80 78 79
f 81 78 80
f 82 81 80
f 83 81 82
f 84 83 82
f 85 84 82
f 86 84 85
f 87 86 85
f 88 86 87
f 89 88 87
f 90 88 89
f 91 90 89
f 92 91 89
f 93 90 91
f 94 93 91
f 95 94 91
f 96 94 95
f 97 94 96
f 98 97 96
f 99 97 98
f 100 99 98
f 101 100 98
f 102 101 98
f 96 102 98
f 103 101 102
f 104 101 103
f 100 101 104
f 105 100 104
f 106 105 104
f 107 106 104
f 108 107 104
f 109 108 104
f 103 109 104
f 110 109 103
f 111 109 110
f 112 109 111
f 113 112 111
f 114 113 111
f 115 113 114
f 116 113 115
f 117 116 115
f 118 117 115
f 119 118 115
f 120 118 119
f 121 120 119
f 122 120 121
f 123 122 121
f 124 122 123
f 125 124 123
f 126 124 125
f 127 126 125
f 128 126 127
f 129 128 127
f 130 129 127
f 131 129 130
f 132 131 130
f 133 132 130
f 134 132 133
f 135 132 134
f 136 132 135
f 137 136 135
f 138 136 137
f 131 132 136
f 139 129 131
f 140 139 131
f 141 139 140
f 142 141 140
f 143 142 140
f 144 142 143
f 145 142 144
f 146 145 144
f 147 146 144
f 148 147 144
f 149 147 148
f 150 149 148
f 151 149 150
f 152 151 150
f 153 151 152
f 154 153 152
f 155 153 154
f 156 153 155
f 157 156 155
f 158 157 155
f 159 157 158
f 160 157 159
f 161 160 159
f 162 161 159
f 163 161 162
f 164 163 162
f 165 161 163
f 166 165 163
f 167 165 166
f 168 167 166
f 169 168 166
f 170 168 169
f 171 170 169
f 172 171 169
f 173 172 169
f 166 173 169
f 174 173 166
f 175 173 174
f 176 175 174
f 177 176 174
f 178 176 177
f 179 176 178
f 180 179 178
f 181 179 180
f 182 179 181
f 183 182 181
f 184 183 181
f 185 183 184
f 186 185 184
f 187 186 184
f 188 186 187
f 189 186 188
f 190 189 188
f 191 190 188
f 192 191 188
f 193 191 192
f 194 193 192
f 195 194 192
f 196 194 195
f 197 194 196
f 198 197 196
f 199 197 198
f 200 199 198
f 201 199 200
f 202 201 200
f 203 202 200
f 204 201 202
f 205 201 204
f 206 205 204
f 207 206 204
f 208 207 204
f 209 206 207
f 210 209 207
f 211 209 210
f 212 211 210
f 213 212 210
f 214 212 213
f 215 214 213
f 216 214 215
f 217 216 215
f 218 217 215
f 219 218 215
f 220 218 219
f 221 220 219
f 222 220 221
f 223 220 222
f 224 223 222
f 225 224 222
f 226 224 225
f 227 224 226
f 228 227 226
f 229 228 226
f 230 228 229
f 231 228 230
f 232 231 230
f 233 232 230
f 234 232 233
f 235 232 234
f 236 232 235
f 237 236 235
f 238 237 235
f 239 237 238
f 240 236 237
f 241 240 237
f 242 241 237
f 243 242 237
f 239 243 237
f 244 243 239
f 238 244 239
f 245 244 238
f 246 244 245
f 247 246 245
f 248 246 247
f 249 248 247
f 250 249 247
f 251 249 250
f 252 251 250
f 253 251 252
f 254 253 252
f 255 254 252
f 256 254 255
f 257 256 255
f 258 254 256
f 259 258 256
f 260 258 259
f 261 258 260
f 262 261 260
f 263 262 260
f 264 261 262
f 265 264 262
f 266 264 265
f 267 266 265
f 268 266 267
f 269 268 267
f 270 268 269
f 271 270 269
f 272 270 271
f 273 272 271
f 274 273 271
f 275 273 274
f 276 273 275
f 277 276 275
f 278 276 277
f 279 276 278
f 280 279 278
f 281 279 280
f 282 281 280
f 283 282 280
f 284 282 283
f 285 282 284
f 286 285 284
f 283 286 284
f 287 285 286
f 288 287 286
f 289 288 286
f 290 288 289
f 291 288 290
f 292 291 290
f 293 292 290
f 294 292 293
f 295 292 294
f 296 295 294
f 297 295 296
f 298 297 296
f 299 298 296
f 300 298 299
f 301 300 299
f 302 300 301
f 303 302 301
f 304 303 301
f 305 303 304
f 306 305 304
f 307 305 306
f 308 307 306
f 309 308 306
f 310 309 306
f 311 309 310
f 312 309 311
f 313 312 311
f 314 312 313
f 315 312 314
f 316 315 314
f 317 316 314
f 318 316 317
f 319 316 318
f 320 319 318
f 321 319 320
f 322 321 320
f 323 321 322
f 324 323 322
f 325 324 322
f 326 324 325
f 327 324 326
f 328 324 327
f 329 328 327
f 330 329 327
f 331 329 330
f 332 331 330
f 333 332 330
f 334 332 333
f 335 334 333
f 336 334 335
f 337 336 335
f 338 336 337
f 339 338 337
f 340 339 337
f 341 339 340
f 342 341 340
f 343 342 340
f 344 342 343
f 345 344 343
f 346 344 345
f 347 346 345
f 348 347 345
f 349 346 347
f 350 349 347
f 351 350 347
f 352 350 351
f 353 352 351
f 354 353 351
f 355 353 354
f 356 355 354
f 357 355 356
f 358 357 356
f 359 357 358
f 360 359 358
f 361 360 358
f 362 360 361
f 363 360 362
f 364 363 362
f 365 364 362
f 366 365 362
f 367 364 365
f 368 364 367
f 363 364 368
f 369 363 368
f 370 363 369
f 371 370 369
f 372 371 369
f 373 372 369
f 374 373 369
f 375 373 374
f 376 375 374
f 377 375 376
f 378 377 376
f 379 377 378
f 380 379 378
f 381 379 380
f 382 379 381
f 383 382 381
f 384 382 383
f 385 384 383
f 386 384 385
f 387 386 385
f 388 387 385
f 389 387 388
f 390 389 388
f 391 389 390
f 392 391 390
f 393 391 392
f 394 393 392
f 395 393 394
f 396 395 394
f 397 395 396
f 398 397 396
f 399 398 396
f 400 398 399
f 401 400 399
f 402 400 401
f 403 402 401
f 404 402 403
f 405 404 403
f 406 404 405
f 407 404 406
f 408 407 406
f 409 408 406
f 410 408 409
f 411 408 410
f 412 411 410
f 413 411 412
f 414 413 412
f 415 414 412
f 416 414 415
f 417 414 416
f 418 417 416
f 419 418 416
f 420 418 419
f 421 420 419
f 422 420 421
f 423 422 421
f 424 423 421
f 425 423 424
f 426 425 424
f 427 426 424
f 428 426 427
f 429 428 427
f 430 429 427
f 431 428 429
f 432 431 429
f 433 431 432
f 434 431 433
f 435 431 434
f 436 435 434
f 437 436 434
f 438 436 437
f 439 436 438
f 440 439 438
f 441 439 440
f 442 441 440
f 443 441 442
f 444 443 442
f 445 443 444
f 446 445 444
f 447 446 444
f 448 446 447
f 449 448 447
f 450 448 449
f 451 450 449
f 452 450 451
f 453 452 451
f 454 452 453
f 455 452 454
f 456 455 454
f 457 456 454
f 458 456 457
f 459 456 458
f 460 459 458
f 461 460 458
f 462 460 461
f 463 462 461
f 464 463 461
f 465 463 464
f 466 465 464
f 467 465 466
f 468 467 466
f 469 467 468
f 470 469 468
f 471 469 470
f 472 471 470
f 473 472 470
f 474 472 473
f 475 474 473
f 476 474 475
f 477 476 475
f 478 476 477
f 479 478 477
f 480 479 477
f 481 480 477
f 482 480 481
f 483 482 481
f 484 482 483
f 485 484 483
f 486 485 483
f 487 485 486
f 488 487 486
f 489 488 486
f 490 488 489
f 491 488 490
f 492 491 490
f 493 488 491
f 494 493 491
f 495 493 494
f 496 495 494
f 497 495 496
f 498 497 496
f 499 498 496
f 500 499 496
f 501 499 500
f 502 501 500
f 503 501 502
f 504 503 502
f 505 503 504
f 506 503 505
f 507 503 506
f 501 503 507
f 508 501 507
f 509 508 507
f 510 509 507
f 511 509 510
f 512 511 510
f 513 511 512
f 514 513 512
f 515 511 513
f 516 515 513
f 517 516 513
f 518 516 517
f 519 518 517
f 520 519 517
f 521 520 517
f 522 520 521
f 523 522 521
f 524 523 521
f 525 522 523
f 526 522 525
f 527 522 526
f 528 527 526
f 529 528 526
f 530 529 526
f 525 530 526
f 531 529 530
f 532 531 530
f 533 531 532
f 534 531 533
f 535 534 533
f 536 535 533
f 537 535 536
f 538 537 536
f 539 537 538
f 540 539 538
f 541 539 540
f 542 541 540
f 543 541 542
f 544 543 542
f 545 544 542
f 546 545 542
f 547 544 545
f 548 547 545
f 549 548 545
f 550 548 549
f 551 548 550
f 552 548 551
f 553 552 551
f 554 553 551
f 555 554 551
f 556 554 555
f 557 556 555
f 558 557 555
f 551 558 555
f 559 557 558
f 560 559 558
f 561 560 558
f 551 561 558
f 550 561 551
f 562 561 550
f 563 561 562
f 560 561 563
f 564 560 563
f 565 560 564
f 566 565 564
f 567 565 566
f 568 567 566
f 569 568 566
f 570 568 569
f 571 568 570
f 572 571 570
f 573 572 570
f 574 573 570
f 575 573 574
f 576 575 574
f 577 573 575
f 578 573 577
f 579 578 577
f 580 579 577
f 581 580 577
f 582 579 580
f 583 579 582
f 584 583 582
f 585 583 584
f 586 585 584
f 587 586 584
f 588 586 587
f 589 586 588
f 590 589 588
f 591 590 588
f 592 591 588
f 593 591 592
f 594 593 592
f 595 593 594
f 596 593 595
f 597 596 595
f 598 596 597
f 599 598 597
f 600 598 599
f 601 600 599
f 602 600 601
f 603 602 601
f 604 603 601
f 605 603 604
f 606 603 605
f 607 606 605
f 608 607 605
f 609 608 605
f 610 608 609
f 611 610 609
f 612 611 609
f 613 611 612
f 614 613 612
f 615 614 612
f 616 615 612
f 617 615 616
f 618 617 616
f 619 617 618
f 620 619 618
f 621 620 618
f 622 620 621
f 623 620 622
f 619 620 623
f 624 619 623
f 625 619 624
f 626 625 624
f 627 625 626
f 628 627 626
f 629 628 626
f 630 628 629
f 631 628 630
f 632 631 630
f 633 631 632
f 634 633 632
f 635 633 634
f 636 635 634
f 637 636 634
f 638 636 637
f 639 638 637
f 640 639 637
f 641 639 640
f 642 639 641
f 643 642 641
f 644 643 641
f 645 643 644
f 646 643 645
f 642 643 646
f 647 642 646
f 648 647 646
f 649 648 646
f 650 648 649
f 651 650 649
f 652 650 651
f 653 652 651
f 654 653 651
f 655 654 651
f 656 655 651
f 649 656 651
f 657 655 656
f 658 657 656
f 659 657 658
f 660 657 659
f 661 657 660
f 662 661 660
f 663 662 660
f 664 662 663
f 665 662 664
f 666 665 664
f 667 665 666
f 668 667 666
f 669 667 668
f 670 667 669
f 671 670 669
f 672 671 669
f 673 671 672
f 674 673 672
f 675 673 674
f 676 675 674
f 677 676 674
f 678 676 677
f 679 678 677
f 680 678 679
f 681 680 679
f 682 681 679
f 683 681 682
f 684 681 683
f 685 684 683
f 686 685 683
f 687 686 683
f 688 686 687
f 689 688 687
f 690 688 689
f 691 690 689
f 692 690 691
f 693 690 692
f 694 693 692
f 695 693 694
f 696 695 694
f 697 695 696
f 698 697 696
f 699 697 698
f 700 699 698
f 701 699 700
f 702 699 701
f 703 702 701
f 704 703 701
f 705 704 701
f 706 705 701
f 707 705 706
f 708 707 706
f 709 707 708
f 710 707 709
f 711 710 709
f 712 710 711
f 713 712 711
f 714 713 711
f 715 713 714
f 716 715 714
f 717 716 714
f 718 716 717
f 719 718 717
f 720 719 717
f 721 719 720
f 722 721 720
f 723 722 720
f 724 722 723
f 725 724 723
f 726 724 725
f 727 726 725
f 728 727 725
f 729 727 728
f 730 729 728
f 731 729 730
f 732 729 731
f 733 732 731
f 734 733 731
f 735 733 734
f 736 733 735
f 737 736 735
f 738 737 735
f 739 737 738
f 740 737 739
f 741 740 739
f 742 741 739
f 743 741 742
f 744 743 742
f 745 743 744
f 746 743 745
f 747 746 745
f 748 747 745
f 749 747 748
f 750 747 749
f 751 750 749
f 752 751 749
f 753 751 752
f 754 753 752
f 755 754 752
f 756 754 755
f 757 756 755
f 758 756 757
f 759 758 757
f 760 759 757
f 761 759 760
f 762 759 761
f 763 762 761
f 764 763 761
f 765 763 764
f 766 763 765
f 767 766 765
f 768 767 765
f 769 768 765
f 770 768 769
f 771 768 770
f 772 771 770
f 773 771 772
f 774 773 772
f 775 773 774
f 776 775 774
f 777 775 776
f 778 777 776
f 779 777 778
f 780 779 778
f 781 779 780
f 782 781 780
f 783 781 782
f 784 783 782
f 785 784 782
f 786 785 782
f 787 785 786
f 788 787 786
f 789 787 788
f 790 789 788
f 791 789 790
f 792 791 790
f 793 791 792
f 794 793 792
f 795 791 793
f 796 795 793
f 797 795 796
f 798 797 796
f 799 797 798
f 800 797 799
f 801 800 799
f 802 800 801
f 803 800 802
f 804 803 802
f 805 804 802
f 806 805 802
f 807 805 806
f 808 807 806
f 809 808 806
f 810 808 809
f 811 810 809
f 812 811 809
f 813 812 809
f 814 812 813
f 815 812 814
f 811 812 815
f 816 808 810
f 817 808 816
f 818 817 816
f 819 818 816
f 820 818 819
f 821 820 819
f 822 821 819
f 823 822 819
f 824 822 823
f 825 824 823
f 826 824 825
f 827 826 825
f 828 826 827
f 829 828 827
f 830 828 829
f 831 828 830
f 832 828 831
f 833 832 831
f 834 832 833
f 835 834 833
f 836 834 835
f 837 836 835
f 838 836 837
f 839 838 837
f 840 838 839
f 841 838 840
f 842 841 840
f 843 842 840
f 844 843 840
f 845 843 844
f 846 845 844
f 847 846 844
f 848 846 847
f 849 848 847
f 850 848 849
f 851 846 848
f 852 851 848
f 853 851 852
f 854 851 853
f 855 854 853
f 856 854 855
f 857 856 855
f 858 857 855
f 859 857 858
f 860 859 858
f 861 859 860
f 862 861 860
f 863 861 862
f 864 863 862
f 865 863 864
f 866 865 864
f 867 865 866
f 868 865 867
f 869 868 867
f 870 868 869
f 871 870 869
f 872 870 871
f 873 872 871
f 874 873 871
f 875 873 874
f 876 875 874
f 877 875 876
f 878 877 876
f 879 877 878
f 880 877 879
f 881 880 879
f 882 880 881
f 883 880 882
f 884 883 882
f 885 884 882
f 886 884 885
f 887 886 885
f 888 886 887
f 889 888 887
f 890 888 889
f 891 890 889
f 892 891 889
f 893 891 892
f 894 891 893
f 895 894 893
f 896 894 895
f 897 896 895
f 898 897 895
f 899 897 898
f 900 897 899
f 901 900 899
f 902 900 901
f 903 902 901
f 904 900 902
f 905 904 902
f 906 905 902
f 907 906 902
f 908 906 907
f 909 905 906
f 910 909 906
f 911 909 910
f 912 911 910
f 913 912 910
f 914 913 910
f 915 913 914
f 916 915 914
f 917 913 915
f 918 917 915
f 919 918 915
f 920 919 915
f 916 920 915
f 921 920 916
f 922 921 916
f 923 922 916
f 914 923 916
f 924 923 914
f 925 924 914
f 926 925 914
f 927 925 926
f 928 925 927
f 924 925 928
f 929 924 928
f 923 924 929
f 930 931 932
f 933 930 932
f 934 930 933
f 935 934 933
f 936 935 933
f 937 935 936
f 938 937 936
f 939 937 938
f 940 939 938
f 941 940 938
f 942 941 938
f 943 941 942
f 944 941 943
f 945 946 947
f 948 946 945
f 949 948 945
f 950 949 945
f 947 950 945
f 951 950 947
f 952 951 947
f 953 952 947
f 954 953 947
f 955 953 954
f 956 957 958
f 959 956 958
f 960 959 958
f 961 959 960
f 962 961 960
f 963 956 959
f 964 963 959
f 965 963 964
f 966 965 964
f 967 966 964
f 968 967 964
f 969 967 968
f 970 967 969
f 971 970 969
f 972 971 969
f 973 971 972
f 974 973 972
f 975 973 974
f 976 975 974
f 977 975 976
f 978 977 976
f 979 977 978
f 980 979 978
f 981 982 983
f 984 981 983
f 985 984 983
f 986 981 984
f 987 981 986
f 988 987 986
f 989 987 988
f 990 989 988
f 991 989 990
f 992 991 990
f 993 992 990
f 994 992 993
f 995 994 993
f 996 994 995
f 997 996 995
f 998 997 995
f 999 997 998
f 1000 999 998
f 1001 999 1000
f 1002 1001 1000
f 1003 1002 1000
f 1004 1002 1003
f 1005 1004 1003
f 1006 1005 1003
f 1007 1005 1006
f 1008 1005 1007
f 1009 1008 1007
f 1010 1009 1007
f 1011 1009 1010
f 1012 1009 1011
f 1013 1012 1011
f 1014 1012 1013
f 1015 1014 1013
f 1016 1014 1015
f 1017 1016 1015
f 1018 1017 1015
f 1019 1017 1018
f 1020 1019 1018
f 1021 1020 1018
f 1022 1021 1018
f 1023 1021 1022
f 1024 1023 1022
f 1025 1023 1024
f 1026 1025 1024
f 1027 1025 1026
f 1028 1027 1026
f 1029 1030 1031
f 1032 1029 1031
f 1033 1032 1031
f 1034 1032 1033
f 1035 1034 1033
f 1036 1034 1035
f 1037 1038 1039
f 1040 1037 1039
f 1041 1040 1039
f 1042 1040 1041
f 1043 1042 1041
f 1044 1042 1043
f 1045 1044 1043
f 1046 1042 1044
f 1047 1046 1044
f 1048 1046 1047
f 1049 1048 1047
f 1050 1048 1049
f 1051 1050 1049
f 1052 1050 1051
f 1053 1052 1051
f 1054 1053 1051
f 1055 1053 1054
f 1056 1055 1054
f 1057 1055 1056
f 1058 1055 1057
f 1059 1058 1057
f 1060 1058 1059
f 1061 1060 1059
f 1062 1061 1059
f 1063 1061 1062
f 1064 1063 1062
f 1065 1064 1062
f 1066 1065 1062
f 1067 1065 1066
f 1068 1065 1067
f 1069 1065 1068
f 1070 1069 1068
f 1071 1069 1070
f 1072 1071 1070
f 1073 1072 1070
f 1074 1073 1070
f 1075 1074 1070
f 1076 1074 1075
f 1077 1074 1076
f 1078 1077 1076
f 1079 1078 1076
f 1080 1078 1079
f 1081 1080 1079
f 1082 1078 1080
f 1083 1082 1080
f 1081 1083 1080
f 1084 1083 1081
f 1085 1083 1084
f 1086 1085 1084
f 1087 1086 1084
f 1088 1086 1087
f 1089 1088 1087
f 1090 1088 1089
f 1091 1090 1089
f 1092 1090 1091
f 1093 1092 1091
f 1094 1092 1093
f 1095 1094 1093
f 1096 1095 1093
f 1097 1095 1096
f 1098 1097 1096
f 1099 1100 1101
f 1102 1099 1101
f 1103 1102 1101
f 1104 1099 1102
f 1105 1104 1102
f 1106 1104 1105
f 1107 1106 1105
f 1108 1107 1105
f 1109 1108 1105
f 1110 1109 1105
f 1111 1108 1109
f 1112 1111 1109
f 1113 1111 1112
f 1114 1113 1112
f 1115 1113 1114
f 1116 1115 1114
f 1117 1115 1116
f 1118 1117 1116
f 1119 1117 1118
f 1120 1121 1122
f 1123 1120 1122
f 1124 1123 1122
f 1125 1123 1124
f 1126 1125 1124
f 1127 1123 1125
f 1128 1127 1125
f 1126 1128 1125
f 1129 1128 1126
f 1130 1129 1126
f 1131 1129 1130
f 1132 1131 1130
f 1133 1132 1130
f 1134 1132 1133
f 1135 1134 1133
f 1136 1134 1135
f 1137 1134 1136
f 1138 1137 1136
f 1139 1137 1138
f 1140 1139 1138
f 1141 1139 1140
f 1142 1139 1141
f 1143 1142 1141
f 1144 1143 1141
f 1145 1144 1141
f 1146 1144 1145
f 1147 1146 1145
f 1148 1147 1145
f 1149 1147 1148
f 1150 1149 1148
f 1151 1149 1150
f 1152 1149 1151
f 1153 1152 1151
f 1154 1152 1153
f 1155 1154 1153
f 1156 1154 1155
f 1157 1156 1155
f 1158 1157 1155
f 1159 1157 1158
f 1160 1157 1159
f 1161 1160 1159
f 1162 1161 1159
f 1163 1161 1162
f 1164 1163 1162
f 1165 1164 1162
f 1166 1164 1165
f 1167 1164 1166
f 1168 1167 1166
f 1169 1168 1166
f 1170 1167 1168
f 1171 1170 1168
f 1172 1170 1171
f 1173 1172 1171
f 1174 1173 1171
f 1175 1173 1174
f 1176 1173 1175
f 1177 1176 1175
f 1178 1177 1175
f 1179 1177 1178
f 1180 1179 1178
f 1181 1180 1178
f 1182 1180 1181
f 1183 1180 1182
f 1184 1180 1183
f 1185 1180 1184
f 1186 1185 1184
f 1187 1186 1184
f 1188 1186 1187
f 1189 1188 1187
f 1190 1189 1187
f 1191 1189 1190
f 1192 1191 1190
f 1193 1192 1190
f 1194 1192 1193
f 1195 1194 1193
f 1196 1194 1195
f 1197 1196 1195
f 1198 1197 1195
f 1199 1197 1198
f 1200 1199 1198
f 1201 1200 1198
f 1202 1200 1201
f 1203 1200 1202
f 1204 1203 1202
f 1205 1204 1202
f 1206 1204 1205
f 1207 1204 1206
f 1208 1207 1206
f 1209 1208 1206
f 1210 1208 1209
f 1211 1210 1209
f 1212 1208 1210
f 1213 1212 1210
f 1214 1213 1210
f 1215 1214 1210
f 1216 1217 1218
f 1219 1217 1216
f 1220 1219 1216
f 1221 1220 1216
f 1222 1220 1221
f 1223 1222 1221
f 1224 1222 1223
f 1225 1224 1223
f 1226 1225 1223
f 1227 1225 1228
f 1229 1227 1228
f 1230 1227 1229
f 1231 1230 1229
f 1232 1230 1231
f 1233 1230 1232
f 1234 1233 1232
f 1235 1234 1232
f 1236 1234 1235
f 1237 1236 1235
f 1238 1236 1237
f 1239 1238 1237
f 1240 1239 1237
f 1241 1242 1243
f 1244 1245 1246
f 1247 1244 1246
f 1248 1247 1246
f 1249 1247 1248
f 1250 1247 1249
f 1251 1247 1250
f 1252 1251 1250
f 1253 1252 1250
f 1254 1252 1253
f 1255 1254 1253
f 1256 1254 1255
f 1257 1256 1255
f 1258 1256 1257
f 1259 1256 1258
f 1260 1259 1258
f 1261 1260 1258
f 1262 1260 1261
f 1263 1262 1261
f 1264 1263 1261
f 1265 1264 1261
f 1266 1263 1264
f 1267 1263 1266
f 1268 1263 1267
f 1269 1268 1267
f 1262 1263 1268
f 1270 1260 1262
f 1271 1270 1262
f 1272 1260 1270
f 1259 1260 1272
f 1273 1259 1272
f 1274 1259 1273
f 1275 1274 1273
f 1276 1274 1275
f 1277 1276 1275
f 1278 1276 1277
f 1279 1278 1277
f 1280 1279 1277
f 1281 1279 1280
f 1282 1281 1280
f 1283 1281 1282
f 1284 1283 1282
f 1285 1283 1284
f 1286 1285 1284
f 1287 1286 1284
f 1288 1286 1287
f 1289 1288 1287
f 1290 1288 1289
f 1291 1290 1289
f 1292 1290 1291
f 1293 1292 1291
f 1294 1292 1293
f 1295 1294 1293
f 1296 1294 1295
f 1297 1296 1295
f 1298 1296 1297
f 1299 1298 1297
f 1300 1298 1299
f 1301 1300 1299
f 1302 1301 1299
f 1303 1300 1301
f 1304 1303 1301
f 1305 1303 1304
f 1306 1305 1304
f 1307 1305 1306
f 1308 1307 1306
f 1309 1308 1306
f 1310 1308 1309
f 1311 1308 1310
f 1312 1311 1310
f 1313 1312 1310
f 1314 1312 1313
f 1315 1314 1313
f 1316 1314 1315
f 1317 1316 1315
f 1318 1317 1315
f 1319 1317 1318
f 1320 1319 1318
f 1321 1319 1320
f 1322 1321 1320
f 1323 1322 1320
f 1324 1322 1323
f 1325 1324 1323
f 1326 1324 1325
f 1327 1326 1325
f 1328 1326 1327
f 1329 1326 1328
f 1330 1329 1328
f 1331 1329 1330
f 1332 1329 1331
f 1333 1332 1331
f 1334 1332 1333
f 1335 1334 1333
f 1336 1334 1335
f 1337 1336 1335
f 1338 1337 1335
f 1339 1337 1338
f 1340 1339 1338
f 1341 1340 1338
f 1342 1340 1341
f 1343 1339 1340
f 1344 1343 1340
f 1342 1344 1340
f 1345 1344 1342
f 1346 1344 1345
f 1347 1344 1346
f 1348 1347 1346
f 1349 1347 1348
f 1350 1349 1348
f 1351 1349 1350
f 1352 1349 1351
f 1353 1352 1351
f 1354 1352 1353
f 1355 1354 1353
f 1356 1354 1355
f 1357 1356 1355
f 1358 1357 1355
f 1359 1357 1358
f 1360 1357 1359
f 1361 1360 1359
f 1362 1360 1361
f 1363 1362 1361
f 1364 1363 1361
f 1365 1363 1364
f 1366 1365 1364
f 1367 1366 1364
f 1368 1366 1367
f 1369 1366 1368
f 1370 1369 1368
f 1371 1370 1368
f 1372 1370 1371
f 1373 1370 1372
f 1374 1373 1372
f 1375 1373 1374
f 1376 1375 1374
f 1377 1376 1374
f 1378 1376 1377
f 1379 1376 1378
f 1380 1379 1378
f 1381 1380 1378
f 1382 1380 1381
f 1383 1382 1381
f 1384 1383 1381
f 1385 1383 1384
f 1386 1385 1384
f 1387 1385 1386
f 1388 1385 1387
f 1389 1385 1388
f 1383 1385 1389
f 1390 1383 1389
f 1382 1383 1390
f 1391 1382 1390
f 1392 1391 1390
f 1393 1391 1392
f 1394 1393 1392
f 1395 1393 1394
f 1396 1393 1395
f 1397 1396 1395
f 1398 1397 1395
f 1399 1397 1398
f 1400 1397 1399
f 1401 1400 1399
f 1402 1401 1399
f 1403 1401 1402
f 1404 1401 1403
f 1405 1401 1404
f 1406 1405 1404
f 1407 1405 1406
f 1408 1407 1406
f 1409 1407 1408
f 1410 1409 1408
f 1411 1410 1408
f 1412 1409 1410
f 1413 1412 1410
f 1414 1409 1412
f 1415 1414 1412
f 1416 1415 1412
f 1417 1415 1416
f 1418 1415 1417
f 1419 1418 1417
f 1420 1418 1419
f 1421 1420 1419
f 1422 1420 1421
f 1423 1420 1422
f 1424 1423 1422
f 1425 1424 1422
f 1426 1424 1425
f 1427 1424 1426
f 1428 1423 1424
f 1429 1428 1424
f 1430 1428 1429
f 1431 1430 1429
f 1432 1431 1429
f 1433 1431 1432
f 1434 1433 1432
f 1435 1431 1433
f 1436 1435 1433
f 1437 1435 1436
f 1438 1437 1436
f 1439 1437 1438
f 1440 1437 1439
f 1441 1440 1439
f 1442 1441 1439
f 1443 1441 1442
f 1444 1443 1442
f 1445 1443 1444
f 1446 1445 1444
f 1447 1445 1446
f 1448 1445 1447
f 1449 1448 1447
f 1450 1449 1447
f 1451 1450 1447
f 1446 1451 1447
f 1452 1451 1446
f 1453 1451 1452
f 1454 1451 1453
f 1455 1454 1453
f 1456 1455 1453
f 1457 1455 1456
f 1458 1457 1456
f 1459 1458 1456
f 1460 1458 1459
f 1461 1458 1460
f 1462 1458 1461
f 1463 1462 1461
f 1464 1463 1461
f 1465 1463 1464
f 1466 1463 1465
f 1467 1466 1465
f 1468 1467 1465
f 1469 1467 1468
f 1470 1469 1468
f 1471 1470 1468
f 1472 1471 1468
f 1473 1471 1472
f 1474 1473 1472
f 1475 1473 1474
f 1476 1475 1474
f 1477 1476 1474
f 1478 1476 1477
f 1479 1478 1477
f 1480 1478 1479
f 1481 1480 1479
f 1482 1480 1481
f 1483 1480 1482
f 1484 1483 1482
f 1485 1484 1482
f 1486 1484 1485
f 1487 1484 1486
f 1488 1487 1486
f 1489 1488 1486
f 1490 1488 1489
f 1491 1488 1490
f 1492 1491 1490
f 1493 1492 1490
f 1494 1492 1493
f 1495 1492 1494
f 1496 1495 1494
f 1497 1496 1494
f 1498 1496 1497
f 1499 1496 1498
f 1500 1499 1498
f 1501 1500 1498
f 1502 1501 1498
f 1503 1502 1498
f 1504 1502 1503
f 1505 1502 1504
f 1506 1505 1504
f 1507 1506 1504
f 1508 1506 1507
f 1509 1506 1508
f 1510 1509 1508
f 1511 1509 1510
f 1512 1511 1510
f 1513 1512 1510
f 1514 1512 1513
f 1515 1514 1513
f 1516 1514 1515
f 1517 1514 1516
f 1518 1517 1516
f 1519 1518 1516
f 1520 1521 1522
f 1523 1524 1525
f 1526 1523 1525
f 1527 1526 1525
f 1528 1523 1526
f 1529 1528 1526
f 1530 1529 1526
f 1527 1530 1526
f 1531 1530 1527
f 1532 1530 1531
f 1533 1532 1531
f 1534 1535 1536
f 1537 1534 1536
f 1538 1537 1536
f 1539 1537 1538
f 1540 1537 1539
f 1541 1540 1539
f 1542 1541 1539
f 1543 1541 1542
f 1544 1540 1541
f 1545 1540 1544
f 1546 1545 1544
f 1547 1546 1544
f 1548 1546 1547
f 1549 1546 1548
f 1545 1546 1549
f 1550 1540 1545
f 1551 1550 1545
f 1552 1551 1545
f 1553 1552 1545
f 1549 1553 1545
f 1554 1553 1549
f 1555 1554 1549
f 1556 1554 1555
f 1557 1556 1555
f 1558 1557 1555
f 1559 1557 1558
f 1560 1559 1558
f 1561 1559 1560
f 1562 1561 1560
f 1563 1561 1562
f 1564 1561 1563
f 1565 1564 1563
f 1566 1564 1565
f 1567 1564 1566
f 1568 1567 1566
f 1569 1567 1568
f 1570 1569 1568
f 1571 1570 1568
f 1572 1570 1571
f 1573 1570 1572
f 1574 1573 1572
f 1575 1573 1574
f 1576 1575 1574
f 1577 1575 1576
f 1578 1577 1576
f 1579 1577 1578
f 1580 1579 1578
f 1581 1580 1578
f 1582 1579 1580
f 1583 1582 1580
f 1584 1582 1583
f 1585 1584 1583
f 1586 1584 1585
f 1587 1586 1585
f 1588 1586 1587
f 1589 1588 1587
f 1590 1588 1589
f 1591 1590 1589
f 1592 1591 1589
f 1593 1591 1592
f 1594 1593 1592
f 1595 1593 1594
f 1596 1595 1594
f 1597 1596 1594
f 1598 1596 1597
f 1599 1598 1597
f 1600 1598 1599
f 1601 1600 1599
f 1602 1600 1601
f 1603 1602 1601
f 1604 1602 1603
f 1605 1604 1603
f 1606 1600 1602
f 1604 1606 1602
f 1607 1606 1604
f 1608 1607 1604
f 1609 1608 1604
f 1610 1609 1604
f 1605 1610 1604
f 1611 1610 1605
f 1612 1611 1605
f 1613 1611 1612
f 1614 1613 1612
f 1605 1614 1612
f 1603 1614 1605
f 1615 1614 1603
f 1616 1614 1615
f 1617 1614 1616
f 1613 1614 1617
f 1618 1613 1617
f 1619 1613 1618
f 1620 1619 1618
f 1621 1619 1620
f 1622 1621 1620
f 1623 1622 1620
f 1624 1622 1623
f 1625 1624 1623
f 1626 1624 1625
f 1627 1626 1625
f 1628 1626 1627
f 1629 1628 1627
f 1630 1628 1629
f 1631 1630 1629
f 1632 1631 1629
f 1633 1631 1632
f 1634 1633 1632
f 1635 1633 1634
f 1636 1635 1634
f 1637 1635 1636
f 1638 1637 1636
f 1639 1638 1636
f 1640 1638 1639
f 1641 1640 1639
f 1642 1640 1641
f 1643 1642 1641
f 1644 1642 1643
f 1645 1644 1643
f 1646 1644 1645
f 1647 1646 1645
f 1648 1647 1645
f 1649 1648 1645
f 1650 1648 1649
f 1651 1648 1650
f 1652 1647 1648
f 1653 1647 1652
f 1654 1653 1652
f 1655 1654 1652
f 1656 1653 1654
f 1657 1656 1654
f 1658 1656 1657
f 1659 1658 1657
f 1660 1659 1657
f 1661 1660 1657
f 1662 1660 1661
f 1663 1662 1661
f 1664 1663 1661
f 1665 1663 1664
f 1666 1665 1664
f 1667 1666 1664
f 1668 1666 1667
f 1669 1668 1667
f 1670 1669 1667
f 1671 1669 1670
f 1672 1669 1671
f 1673 1672 1671
f 1674 1673 1671
f 1675 1673 1674
f 1676 1673 1675
f 1677 1673 1676
f 1678 1677 1676
f 1679 1677 1678
f 1680 1679 1678
f 1681 1679 1680
f 1682 1681 1680
f 1683 1682 1680
f 1684 1682 1683
f 1685 1682 1684
f 1681 1682 1685
f 1686 1681 1685
f 1687 1681 1686
f 1688 1679 1681
f 1689 1688 1681
f 1687 1689 1681
f 1690 1689 1687
f 1691 1689 1690
f 1692 1691 1690
f 1693 1691 1692
f 1694 1691 1693
f 1695 1694 1693
f 1696 1695 1693
f 1697 1695 1696
f 1698 1695 1697
f 1699 1698 1697
f 1700 1698 1699
f 1701 1700 1699
f 1702 1701 1699
f 1703 1701 1702
f 1704 1701 1703
f 1705 1704 1703
f 1706 1704 1705
f 1707 1706 1705
f 1708 1707 1705
f 1709 1704 1706
f 1710 1709 1706
f 1711 1710 1706
f 1712 1710 1711
f 1713 1712 1711
f 1714 1712 1713
f 1715 1714 1713
f 1716 1714 1715
f 1717 1716 1715
f 1718 1716 1717
f 1719 1718 1717
f 1720 1719 1717
f 1721 1719 1720
f 1722 1721 1720
f 1723 1721 1722
f 1724 1723 1722
f 1725 1724 1722
f 1726 1724 1725
f 1727 1724 1726
f 1728 1727 1726
f 1729 1727 1728
f 1730 1729 1728
f 1731 1730 1728
f 1732 1730 1731
f 1733 1730 1732
f 1734 1733 1732
f 1735 1734 1732
f 1736 1735 1732
f 1737 1735 1736
f 1738 1735 1737
f 1739 1738 1737
f 1740 1739 1737
f 1741 1738 1739
f 1742 1741 1739
f 1743 1741 1742
f 1734 1735 1738
f 1741 1734 1738
f 1744 1733 1734
f 1745 1744 1734
f 1746 1744 1745
f 1747 1746 1745
f 1748 1747 1745
f 1749 1747 1748
f 1750 1749 1748
f 1751 1750 1748
f 1752 1750 1751
f 1753 1752 1751
f 1754 1752 1753
f 1755 1754 1753
f 1756 1754 1755
f 1757 1756 1755
f 1758 1757 1755
f 1759 1757 1758
f 1760 1759 1758
f 1761 1759 1760
f 1762 1761 1760
f 1763 1761 1762
f 1764 1763 1762
f 1765 1764 1762
f 1766 1764 1765
f 1767 1766 1765
f 1768 1767 1765
f 1769 1767 1768
f 1770 1767 1769
f 1771 1770 1769
f 1772 1770 1771
f 1773 1770 1772
f 1774 1773 1772
f 1767 1770 1773
f 1775 1767 1773
f 1776 1775 1773
f 1777 1775 1776
f 1778 1777 1776
f 1779 1777 1778
f 1780 1779 1778
f 1781 1779 1780
f 1782 1781 1780
f 1783 1781 1782
f 1784 1781 1783
f 1785 1784 1783
f 1786 1784 1785
f 1787 1786 1785
f 1788 1786 1787
f 1789 1788 1787
f 1790 1789 1787
f 1791 1790 1787
f 1792 1790 1791
f 1793 1792 1791
f 1794 1792 1793
f 1795 1794 1793
f 1796 1794 1795
f 1797 1794 1796
f 1798 1794 1797
f 1799 1798 1797
f 1800 1799 1797
f 1801 1799 1800
f 1802 1799 1801
f 1803 1802 1801
f 1804 1803 1801
f 1805 1804 1801
f 1800 1805 1801
f 1806 1805 1800
f 1807 1805 1806
f 1808 1807 1806
f 1809 1808 1806
f 1810 1809 1806
f 1811 1809 1810
f 1812 1811 1810
f 1813 1809 1811
f 1814 1813 1811
f 1815 1813 1814
f 1816 1815 1814
f 1817 1813 1815
f 1818 1817 1815
f 1819 1817 1818
f 1820 1817 1819
f 1821 1820 1819
f 1822 1821 1819
f 1823 1821 1822
f 1824 1823 1822
f 1825 1823 1824
f 1826 1821 1823
f 1820 1821 1826
f 1827 1820 1826
f 1828 1813 1817
f 1809 1813 1828
f 1808 1809 1828
f 1829 1808 1828
f 1807 1808 1829
f 1830 1807 1829
f 1831 1807 1830
f 1832 1831 1830
f 1833 1832 1830
f 1834 1835 1836
f 1837 1834 1836
f 1838 1834 1837
f 1839 1838 1837
f 1840 1838 1839
f 1841 1838 1840
f 1842 1841 1840
f 1843 1841 1842
f 1844 1843 1842
f 1845 1844 1842
f 1846 1844 1845
f 1847 1846 1845
f 1848 1846 1847
f 1849 1848 1847
f 1850 1848 1849
f 1851 1850 1849
f 1852 1850 1851
f 1853 1852 1851
f 1854 1852 1853
f 1855 1854 1853
f 1856 1855 1853
f 1857 1854 1855
f 1858 1857 1855
f 1859 1857 1858
f 1860 1857 1859
f 1861 1860 1859
f 1862 1860 1861
f 1863 1862 1861
f 1864 1863 1861
f 1865 1863 1864
f 1866 1863 1865
f 1867 1863 1866
f 1868 1867 1866
f 1869 1868 1866
f 1870 1868 1869
f 1871 1870 1869
f 1872 1870 1871
f 1873 1872 1871
f 1874 1872 1873
f 1875 1874 1873
f 1876 1874 1875
f 1877 1876 1875
f 1878 1877 1875
f 1879 1877 1878
f 1880 1879 1878
f 1881 1879 1880
f 1882 1881 1880
f 1883 1881 1882
f 1884 1883 1882
f 1885 1883 1884
f 1886 1885 1884
f 1887 1885 1886
f 1888 1887 1886
f 1889 1887 1888
f 1890 1889 1888
f 1891 1889 1890
f 1892 1891 1890
f 1893 1891 1892
f 1894 1893 1892
f 1895 1893 1894
f 1896 1895 1894
f 1897 1895 1896
f 1898 1897 1896
f 1899 1898 1896
f 1900 1898 1899
f 1901 1900 1899
f 1902 1901 1899
f 1903 1901 1902
f 1904 1901 1903
f 1905 1904 1903
f 1906 1905 1903
f 1907 1905 1906
f 1908 1905 1907
f 1904 1905 1908
f 1909 1904 1908
f 1910 1909 1908
f 1911 1910 1908
f 1912 1910 1911
f 1913 1912 1911
f 1914 1912 1913
f 1915 1912 1914
f 1916 1915 1914
f 1917 1916 1914
f 1918 1916 1917
f 1919 1918 1917
f 1920 1918 1919
f 1921 1920 1919
f 1922 1920 1921
f 1923 1922 1921
f 1924 1923 1921
f 1925 1923 1924
f 1926 1925 1924
f 1927 1925 1926
f 1928 1927 1926
f 1929 1925 1927
f 1930 1929 1927
f 1928 1930 1927
f 1931 1930 1928
f 1932 1930 1931
f 1933 1932 1931
f 1934 1933 1931
f 1935 1933 1934
f 1936 1932 1933
f 1937 1936 1933
f 1938 1936 1937
f 1939 1938 1937
f 1940 1939 1937
f 1941 1939 1940
f 1942 1941 1940
f 1943 1942 1940
f 1944 1942 1943
f 1945 1942 1944
f 1946 1945 1944
f 1947 1945 1946
f 1948 1947 1946
f 1949 1948 1946
f 1944 1949 1946
f 1950 1948 1949
f 1951 1947 1948
f 1952 1947 1951
f 1953 1952 1951
f 1954 1952 1953
f 1955 1954 1953
f 1956 1955 1953
f 1957 1955 1956
f 1958 1955 1957
f 1959 1958 1957
f 1960 1958 1959
f 1961 1960 1959
f 1962 1961 1959
f 1963 1960 1961
f 1964 1963 1961
f 1962 1964 1961
f 1965 1963 1964
f 1966 1965 1964
f 1967 1963 1965
f 1960 1963 1967
f 1968 1960 1967
f 1969 1968 1967
f 1970 1968 1969
f 1971 1968 1970
f 1972 1971 1970
f 1973 1971 1972
f 1974 1973 1972
f 1975 1973 1974
f 1976 1975 1974
f 1977 1975 1976
f 1978 1977 1976
f 1979 1978 1976
f 1980 1978 1979
f 1981 1980 1979
f 1982 1981 1979
f 1983 1981 1982
f 1984 1983 1982
f 1985 1983 1984
f 1986 1985 1984
f 1987 1986 1984
f 1988 1986 1987
f 1989 1988 1987
f 1990 1988 1989
f 1991 1990 1989
f 1992 1991 1989
f 1993 1991 1992
f 1994 1991 1993
f 1995 1994 1993
f 1996 1994 1995
f 1997 1994 1996
f 1998 1997 1996
f 1999 1998 1996
f 2000 1999 1996
f 2001 2000 1996
f 1995 2001 1996
f 2002 1999 2000
f 2003 2002 2000
f 2004 2002 2003
f 2005 2004 2003
f 2006 2004 2005
f 2007 2006 2005
f 2008 2006 2007
f 2009 2008 2007
f 2010 2008 2009
f 2011 2008 2010
f 2012 2011 2010
f 2013 2011 2012
f 2014 2013 2012
f 2015 2014 2012
f 2016 2014 2015
f 2017 2016 2015
f 2018 2016 2017
f 2019 2018 2017
f 2020 2018 2019
f 2021 2020 2019
f 2022 2021 2019
f 2023 2021 2022
f 2024 2023 2022
f 2025 2023 2024
f 2026 2025 2024
f 2027 2026 2024
f 2028 2026 2027
f 2029 2028 2027
f 2030 2028 2029
f 2031 2030 2029
f 2032 2031 2029
f 2033 2031 2032
f 2034 2031 2033
f 2035 2031 2034
f 2036 2035 2034
f 2037 2035 2036
f 2038 2037 2036
f 2039 2037 2038
f 2040 2039 2038
f 2041 2039 2040
f 2042 2041 2040
f 2043 2041 2042
f 2044 2043 2042
f 2045 2043 2044
f 2046 2045 2044
f 2047 2045 2046
f 2048 2047 2046
f 2049 2047 2048
f 2050 2049 2048
f 2051 2049 2050
f 2052 2051 2050
f 2053 2051 2052
f 2054 2053 2052
f 2055 2053 2054
f 2056 2057 2058
f 2059 2056 2058
f 2060 2056 2059
f 2061 2056 2060
f 2062 2061 2060
f 2063 2062 2060
f 2064 2063 2060
f 2062 2063 2064
f 2065 2061 2062
f 2066 2065 2062
f 2067 2066 2062
f 2068 2067 2062
f 2064 2068 2062
f 2069 2068 2064
f 2070 2068 2069
f 2071 2068 2070
f 2072 2071 2070
f 2073 2072 2070
f 2074 2072 2073
f 2075 2072 2074
f 2076 2075 2074
f 2077 2076 2074
f 2078 2076 2077
f 2079 2078 2077
f 2080 2078 2079
f 2081 2080 2079
f 2082 2081 2079
f 2083 2082 2079
f 2084 2082 2083
f 2085 2084 2083
f 2086 2085 2083
f 2087 2086 2083
f 2088 2085 2086
f 2089 2085 2088
f 2090 2089 2088
f 2091 2085 2089
f 2092 2091 2089
f 2093 2091 2092
f 2094 2093 2092
f 2095 2094 2092
f 2096 2093 2094
f 2097 2096 2094
f 2098 2096 2097
f 2099 2096 2098
f 2100 2099 2098
f 2101 2100 2098
f 2097 2101 2098
f 2102 2100 2101
f 2103 2102 2101
f 2104 2103 2101
f 2105 2103 2104
f 2106 2105 2104
f 2107 2106 2104
f 2108 2107 2104
f 2109 2105 2106
f 2110 2105 2109
f 2111 2110 2109
f 2112 2111 2109
f 2113 2112 2109
f 2114 2112 2113
f 2115 2114 2113
f 2116 2114 2115
f 2117 2116 2115
f 2118 2116 2117
f 2119 2118 2117
f 2120 2119 2117
f 2121 2119 2120
f 2122 2121 2120
f 2123 2121 2122
f 2124 2123 2122
f 2125 2123 2124
f 2126 2125 2124
f 2127 2125 2126
f 2128 2127 2126
f 2129 2127 2128
f 2130 2129 2128
f 2131 2129 2130
f 2132 2131 2130
f 2133 2132 2130
f 2134 2132 2133
f 2135 2132 2134
f 2136 2135 2134
f 2137 2135 2136
f 2138 2137 2136
f 2139 2137 2138
f 2140 2139 2138
f 2141 2140 2138
f 2142 2140 2141
f 2143 2142 2141
f 2144 2142 2143
f 2145 2144 2143
f 2146 2144 2145
f 2147 2146 2145
f 2148 2147 2145
f 2149 2146 2147
f 2150 2149 2147
f 2151 2149 2150
f 2152 2151 2150
f 2153 2151 2152
f 2154 2153 2152
f 2155 2153 2154
f 2156 2155 2154
f 2157 2155 2156
f 2158 2157 2156
f 2159 2158 2156
f 2160 2158 2159
f 2161 2158 2160
f 2162 2161 2160
f 2163 2161 2162
f 2164 2161 2163
f 2165 2164 2163
f 2166 2165 2163
f 2167 2164 2165
f 2168 2164 2167
f 2169 2168 2167
f 2170 2169 2167
f 2171 2169 2170
f 2172 2169 2171
f 2173 2169 2172
f 2174 2173 2172
f 2175 2174 2172
f 2171 2175 2172
f 2176 2175 2171
f 2177 2175 2176
f 2178 2175 2177
f 2179 2178 2177
f 2180 2178 2179
f 2181 2180 2179
f 2182 2181 2179
f 2183 2181 2182
f 2184 2183 2182
f 2185 2184 2182
f 2186 2184 2185
f 2187 2184 2186
f 2188 2187 2186
f 2189 2188 2186
f 2190 2189 2186
f 2191 2189 2190
f 2192 2191 2190
f 2193 2189 2191
f 2194 2189 2193
f 2195 2194 2193
f 2196 2195 2193
f 2197 2195 2196
f 2198 2197 2196
f 2199 2198 2196
f 2200 2198 2199
f 2201 2200 2199
f 2202 2195 2197
f 2203 2195 2202
f 2204 2203 2202
f 2205 2203 2204
f 2206 2205 2204
f 2207 2206 2204
f 2208 2206 2207
f 2205 2206 2208
f 2209 2205 2208
f 2210 2209 2208
f 2211 2210 2208
f 2212 2210 2211
f 2213 2212 2211
f 2214 2213 2211
f 2215 2213 2214
f 2216 2213 2215
f 2217 2216 2215
f 2218 2216 2217
f 2219 2218 2217
f 2220 2218 2219
f 2221 2220 2219
f 2222 2221 2219
f 2223 2221 2222
f 2224 2221 2223
f 2225 2224 2223
f 2226 2224 2225
f 2227 2226 2225
f 2228 2226 2227
f 2229 2228 2227
f 2230 2228 2229
f 2231 2228 2230
f 2232 2231 2230
f 2233 2232 2230
f 2234 2233 2230
f 2235 2233 2234
f 2236 2235 2234
f 2237 2236 2234
f 2238 2237 2234
f 2239 2238 2234
f 2240 2238 2239
f 2241 2240 2239
f 2242 2240 2241
f 2243 2242 2241
f 2244 2243 2241
f 2245 2244 2241
f 2246 2244 2245
f 2247 2244 2246
f 2248 2247 2246
f 2249 2248 2246
f 2250 2247 2248
f 2251 2247 2250
f 2252 2251 2250
f 2253 2252 2250
f 2254 2252 2253
f 2255 2254 2253
f 2256 2255 2253
f 2257 2255 2256
f 2258 2255 2257
f 2259 2258 2257
f 2260 2258 2259
f 2261 2260 2259
f 2262 2260 2261
f 2263 2262 2261
f 2264 2262 2263
f 2265 2264 2263
f 2266 2265 2263
f 2267 2265 2266
f 2268 2267 2266
f 2269 2267 2268
f 2270 2269 2268
f 2271 2269 2270
f 2272 2271 2270
f 2273 2271 2272
f 2274 2271 2273
f 2275 2274 2273
f 2276 2274 2275
f 2277 2276 2275
f 2278 2276 2277
f 2279 2278 2277
f 2280 2279 2277
f 2281 2279 2280
f 2282 2279 2281
f 2283 2282 2281
f 2284 2282 2283
f 2285 2284 2283
f 2286 2284 2285
f 2287 2286 2285
f 2288 2286 2287
f 2289 2288 2287
f 2290 2289 2287
f 2291 2290 2287
f 2292 2291 2287
f 2293 2291 2292
f 2294 2293 2292
f 2295 2294 2292
f 2296 2295 2292
f 2297 2294 2295
f 2298 2297 2295
f 2299 2297 2298
f 2300 2294 2297
f 2293 2294 2300
f 2301 2293 2300
f 2302 2301 2300
f 2303 2301 2302
f 2304 2303 2302
f 2305 2303 2304
f 2306 2305 2304
f 2307 2306 2304
f 2308 2306 2307
f 2309 2306 2308
f 2310 2309 2308
f 2311 2309 2310
f 2312 2309 2311
f 2313 2312 2311
f 2314 2313 2311
f 2315 2313 2314
f 2313 2315 2316
f 2317 2313 2316
f 2318 2319 2320
f 2321 2319 2318
f 2322 2319 2321
f 2323 2322 2321
f 2324 2323 2321
f 2325 2323 2324
f 2326 2325 2324
f 2327 2325 2326
f 2328 2327 2326
f 2329 2327 2328
f 2330 2329 2328
f 2331 2329 2330
f 2332 2331 2330
f 2333 2331 2332
f 2334 2333 2332
f 2335 2331 2333
f 2336 2335 2333
f 2337 2331 2335
f 2338 2331 2337
f 2329 2331 2338
f 2339 2329 2338
f 2340 2339 2338
f 2341 2339 2340
f 2342 2341 2340
f 2343 2342 2340
f 2344 2343 2340
f 2345 2343 2344
f 2346 2345 2344
f 2347 2345 2346
f 2348 2347 2346
f 2349 2347 2348
f 2350 2347 2349
f 2351 2350 2349
f 2352 2351 2349
f 2353 2351 2352
f 2354 2353 2352
f 2355 2353 2354
f 2356 2355 2354
f 2357 2356 2354
f 2358 2356 2357
f 2359 2358 2357
f 2360 2358 2359
f 2361 2360 2359
f 2362 2361 2359
f 2363 2362 2359
f 2364 2362 2363
f 2365 2362 2364
f 2366 2365 2364
f 2367 2366 2364
f 2368 2366 2367
f 2369 2366 2368
f 2370 2369 2368
f 2371 2370 2368
f 2372 2370 2371
f 2373 2372 2371
f 2374 2372 2373
f 2375 2374 2373
f 2376 2374 2375
f 2377 2376 2375
f 2378 2377 2375
f 2379 2377 2378
f 2380 2379 2378
f 2381 2379 2380
f 2382 2381 2380
f 2383 2382 2380
f 2384 2382 2383
f 2385 2384 2383
f 2386 2385 2383
f 2387 2385 2386
f 2388 2385 2387
f 2389 2388 2387
f 2390 2388 2389
f 2391 2390 2389
f 2392 2390 2391
f 2393 2392 2391
f 2394 2392 2393
f 2395 2392 2394
f 2396 2395 2394
f 2397 2396 2394
f 2398 2396 2397
f 2399 2398 2397
f 2400 2398 2399
f 2401 2400 2399
f 2402 2400 2401
f 2403 2400 2402
f 2404 2403 2402
f 2405 2403 2404
f 2406 2405 2404
f 2407 2405 2406
f 2408 2407 2406
f 2409 2408 2406
f 2410 2408 2409
f 2411 2410 2409
f 2412 2411 2409
f 2413 2411 2412
f 2414 2413 2412
f 2415 2413 2414
f 2416 2415 2414
f 2417 2416 2414
f 2418 2416 2417
f 2419 2418 2417
f 2420 2418 2419
f 2421 2420 2419
f 2422 2420 2421
f 2423 2422 2421
f 2424 2422 2423
f 2425 2424 2423
f 2426 2424 2425
f 2427 2424 2426
f 2428 2427 2426
f 2429 2427 2428
f 2430 2429 2428
f 2431 2429 2430
f 2432 2431 2430
f 2433 2432 2430
f 2434 2433 2430
f 2435 2431 2432
f 2436 2435 2432
f 2437 2435 2436
f 2438 2435 2437
f 2439 2438 2437
f 2440 2438 2439
f 2441 2440 2439
f 2442 2440 2441
f 2443 2442 2441
f 2444 2442 2443
f 2445 2444 2443
f 2446 2442 2444
f 2447 2446 2444
f 2448 2446 2447
f 2449 2448 2447
f 2450 2448 2449
f 2451 2450 2449
f 2452 2451 2449
f 2453 2452 2449
f 2454 2452 2453
f 2455 2454 2453
f 2456 2454 2455
f 2457 2456 2455
f 2458 2456 2457
f 2459 2458 2457
f 2460 2456 2458
f 2461 2460 2458
f 2462 2460 2461
f 2463 2462 2461
f 2464 2462 2463
f 2465 2464 2463
f 2466 2464 2465
f 2467 2466 2465
f 2468 2467 2465
f 2469 2467 2468
f 2470 2467 2469
f 2471 2470 2469
f 2472 2470 2471
f 2473 2472 2471
f 2474 2472 2473
f 2475 2472 2474
f 2476 2475 2474
f 2477 2475 2476
f 2478 2477 2476
f 2479 2478 2476
f 2480 2478 2479
f 2481 2478 2480
f 2482 2481 2480
f 2483 2481 2482
f 2484 2483 2482
f 2485 2483 2484
f 2486 2485 2484
f 2487 2486 2484
f 2488 2483 2485
f 2489 2483 2488
f 2490 2483 2489
f 2491 2490 2489
f 2492 2490 2491
f 2493 2492 2491
f 2494 2493 2491
f 2495 2492 2493
f 2496 2490 2492
f 2481 2483 2490
f 2496 2481 2490
f 2478 2481 2496
f 2477 2478 2496
f 2492 2477 2496
f 2495 2477 2492
f 2475 2477 2495
f 2472 2475 2495
f 2470 2472 2495
f 2493 2470 2495
f 2467 2470 2493
f 2494 2467 2493
f 2466 2467 2494
f 2497 2466 2494
f 2498 2466 2497
f 2464 2466 2498
f 2499 2464 2498
f 2500 2499 2498
f 2501 2499 2500
f 2502 2501 2500
f 2503 2502 2500
f 2504 2503 2500
f 2505 2503 2504
f 2506 2503 2505
f 2507 2506 2505
f 2508 2507 2505
f 2509 2507 2508
f 2510 2507 2509
f 2511 2510 2509
f 2512 2510 2511
f 2513 2512 2511
f 2514 2512 2513
f 2515 2514 2513
f 2516 2514 2515
f 2517 2516 2515
f 2518 2517 2515
f 2519 2517 2518
f 2520 2517 2519
f 2521 2520 2519
f 2522 2520 2521
f 2523 2522 2521
f 2524 2517 2520
f 2516 2517 2524
f 2525 2516 2524
f 2526 2516 2525
f 2527 2526 2525
f 2528 2527 2525
f 2529 2527 2528
f 2530 2526 2527
f 2531 2526 2530
f 2514 2516 2526
f 2531 2514 2526
f 2512 2514 2531
f 2510 2512 2531
f 2506 2507 2510
f 2531 2506 2510
f 2530 2506 2531
f 2503 2506 2530
f 2527 2503 2530
f 2502 2503 2527
f 2529 2502 2527
f 2501 2502 2529
f 2532 2501 2529
f 2533 2501 2532
f 2499 2501 2533
f 2462 2464 2499
f 2533 2462 2499
f 2460 2462 2533
f 2532 2460 2533
f 2456 2460 2532
f 2454 2456 2532
f 2529 2454 2532
f 2528 2454 2529
f 2452 2454 2528
f 2451 2452 2528
f 2525 2451 2528
f 2524 2451 2525
f 2450 2451 2524
f 2520 2450 2524
f 2522 2450 2520
f 2448 2450 2522
f 2446 2448 2522
f 2523 2446 2522
f 2534 2446 2523
f 2535 2534 2523
f 2536 2534 2535
f 2537 2536 2535
f 2442 2446 2534
f 2440 2442 2534
f 2536 2440 2534
f 2438 2440 2536
f 2537 2438 2536
f 2435 2438 2537
f 2431 2435 2537
f 2429 2431 2537
f 2535 2429 2537
f 2427 2429 2535
f 2523 2427 2535
f 2521 2427 2523
f 2521 2424 2427
f 2519 2424 2521
f 2422 2424 2519
f 2518 2422 2519
f 2420 2422 2518
f 2515 2420 2518
f 2418 2420 2515
f 2513 2418 2515
f 2416 2418 2513
f 2511 2416 2513
f 2415 2416 2511
f 2509 2415 2511
f 2413 2415 2509
f 2508 2413 2509
f 2411 2413 2508
f 2410 2411 2508
f 2505 2410 2508
f 2504 2410 2505
f 2408 2410 2504
f 2500 2408 2504
f 2498 2408 2500
f 2497 2408 2498
f 2407 2408 2497
f 2494 2407 2497
f 2538 2396 2398
f 2539 2396 2538
f 2540 2539 2538
f 2541 2540 2538
f 2542 2540 2541
f 2543 2540 2542
f 2544 2543 2542
f 2545 2543 2544
f 2546 2545 2544
f 2547 2546 2544
f 2548 2546 2547
f 2549 2548 2547
f 2550 2548 2549
f 2551 2548 2550
f 2552 2551 2550
f 2553 2552 2550
f 2554 2553 2550
f 2555 2548 2551
f 2546 2548 2555
f 2545 2546 2555
f 2556 2545 2555
f 2557 2543 2545
f 2539 2540 2543
f 2557 2539 2543
f 2395 2396 2539
f 2557 2395 2539
f 2390 2392 2395
f 2557 2390 2395
f 2388 2390 2557
f 2545 2388 2557
f 2556 2388 2545
f 2385 2388 2556
f 2384 2385 2556
f 2555 2384 2556
f 2551 2384 2555
f 2382 2384 2551
f 2552 2382 2551
f 2381 2382 2552
f 2558 2379 2381
f 2552 2558 2381
f 2553 2558 2552
f 2559 2558 2553
f 2560 2559 2553
f 2561 2559 2560
f 2562 2559 2561
f 2563 2559 2562
f 2564 2563 2562
f 2565 2563 2564
f 2566 2565 2564
f 2567 2563 2565
f 2558 2559 2563
f 2567 2558 2563
f 2379 2558 2567
f 2377 2379 2567
f 2376 2377 2567
f 2565 2376 2567
f 2566 2376 2565
f 2374 2376 2566
f 2568 2374 2566
f 2569 2568 2566
f 2570 2568 2569
f 2571 2570 2569
f 2572 2571 2569
f 2573 2571 2572
f 2574 2573 2572
f 2575 2573 2574
f 2576 2575 2574
f 2577 2575 2576
f 2578 2575 2577
f 2579 2578 2577
f 2580 2578 2579
f 2581 2580 2579
f 2582 2580 2581
f 2583 2582 2581
f 2584 2582 2583
f 2585 2584 2583
f 2586 2584 2585
f 2587 2586 2585
f 2588 2586 2587
f 2589 2588 2587
f 2590 2586 2588
f 2591 2590 2588
f 2592 2591 2588
f 2593 2591 2592
f 2594 2593 2592
f 2595 2593 2594
f 2596 2595 2594
f 2597 2596 2594
f 2598 2597 2594
f 2599 2598 2594
f 2592 2599 2594
f 2600 2599 2592
f 2601 2599 2600
f 2602 2601 2600
f 2603 2601 2602
f 2604 2603 2602
f 2605 2603 2604
f 2606 2605 2604
f 2607 2605 2606
f 2608 2605 2607
f 2609 2608 2607
f 2610 2609 2607
f 2611 2609 2610
f 2612 2608 2609
f 2613 2612 2609
f 2614 2612 2613
f 2615 2614 2613
f 2616 2614 2615
f 2617 2614 2616
f 2618 2617 2616
f 2619 2618 2616
f 2620 2618 2619
f 2621 2618 2620
f 2622 2621 2620
f 2623 2621 2622
f 2624 2623 2622
f 2625 2623 2624
f 2626 2625 2624
f 2627 2625 2626
f 2628 2627 2626
f 2629 2627 2628
f 2630 2629 2628
f 2631 2630 2628
f 2632 2631 2628
f 2633 2631 2632
f 2634 2631 2633
f 2635 2631 2634
f 2636 2635 2634
f 2637 2636 2634
f 2638 2636 2637
f 2639 2638 2637
f 2640 2639 2637
f 2641 2639 2640
f 2642 2641 2640
f 2643 2641 2642
f 2644 2643 2642
f 2645 2644 2642
f 2646 2643 2644
f 2647 2646 2644
f 2648 2646 2647
f 2649 2648 2647
f 2650 2648 2649
f 2651 2650 2649
f 2652 2651 2649
f 2653 2651 2652
f 2654 2651 2653
f 2655 2654 2653
f 2656 2654 2655
f 2657 2656 2655
f 2658 2657 2655
f 2659 2657 2658
f 2660 2659 2658
f 2661 2660 2658
f 2662 2660 2661
f 2663 2660 2662
f 2664 2663 2662
f 2665 2664 2662
f 2666 2664 2665
f 2667 2666 2665
f 2668 2666 2667
f 2669 2668 2667
f 2670 2669 2667
f 2671 2669 2670
f 2672 2671 2670
f 2673 2672 2670
f 2674 2672 2673
f 2675 2672 2674
f 2676 2675 2674
f 2677 2676 2674
f 2678 2676 2677
f 2679 2676 2678
f 2680 2679 2678
f 2681 2679 2680
f 2682 2679 2681
f 2683 2682 2681
f 2684 2682 2683
f 2685 2682 2684
f 2686 2682 2685
f 2687 2686 2685
f 2688 2687 2685
f 2689 2687 2688
f 2690 2689 2688
f 2691 2689 2690
f 2692 2691 2690
f 2693 2691 2692
f 2694 2693 2692
f 2695 2693 2694
f 2696 2693 2695
f 2697 2696 2695
f 2698 2697 2695
f 2699 2698 2695
f 2700 2698 2699
f 2701 2700 2699
f 2702 2700 2701
f 2703 2702 2701
f 2704 2703 2701
f 2705 2703 2704
f 2706 2703 2705
f 2707 2706 2705
f 2708 2707 2705
f 2709 2708 2705
f 2710 2708 2709
f 2711 2710 2709
f 2712 2710 2711
f 2713 2712 2711
f 2714 2713 2711
f 2715 2713 2714
f 2716 2713 2715
f 2717 2716 2715
f 2718 2717 2715
f 2712 2713 2716
f 2719 2710 2712
f 2716 2719 2712
f 2720 2708 2710
f 2707 2708 2720
f 2721 2707 2720
f 2722 2707 2721
f 2723 2722 2721
f 2722 2706 2707
f 2724 2706 2722
f 2723 2724 2722
f 2725 2706 2724
f 2726 2725 2724
f 2727 2726 2724
f 2723 2727 2724
f 2728 2727 2723
f 2729 2727 2728
f 2730 2729 2728
f 2731 2729 2730
f 2732 2731 2730
f 2733 2732 2730
f 2734 2732 2733
f 2735 2734 2733
f 2736 2734 2735
f 2737 2736 2735
f 2738 2737 2735
f 2739 2737 2738
f 2740 2737 2739
f 2741 2740 2739
f 2742 2740 2741
f 2743 2740 2742
f 2744 2743 2742
f 2745 2743 2744
f 2746 2745 2744
f 2747 2746 2744
f 2748 2746 2747
f 2749 2746 2748
f 2750 2749 2748
f 2751 2750 2748
f 2752 2750 2751
f 2753 2752 2751
f 2754 2752 2753
f 2755 2754 2753
f 2756 2755 2753
f 2757 2755 2756
f 2758 2755 2757
f 2759 2758 2757
f 2760 2758 2759
f 2761 2760 2759
f 2762 2761 2759
f 2763 2761 2762
f 2764 2763 2762
f 2765 2763 2764
f 2766 2761 2763
f 2767 2766 2763
f 2768 2766 2767
f 2769 2768 2767
f 2770 2768 2769
f 2771 2768 2770
f 2772 2771 2770
f 2773 2771 2772
f 2774 2773 2772
f 2775 2773 2774
f 2776 2775 2774
f 2777 2775 2776
f 2778 2775 2777
f 2779 2778 2777
f 2780 2778 2779
f 2781 2780 2779
f 2782 2780 2781
f 2783 2782 2781
f 2784 2782 2783
f 2785 2784 2783
f 2786 2784 2785
f 2787 2786 2785
f 2788 2787 2785
f 2789 2787 2788
f 2790 2787 2789
f 2791 2790 2789
f 2792 2791 2789
f 2793 2791 2792
f 2794 2791 2793
f 2795 2791 2794
f 2796 2795 2794
f 2797 2795 2796
f 2798 2795 2797
f 2799 2798 2797
f 2800 2798 2799
f 2790 2791 2795
f 2798 2790 2795
f 2787 2790 2798
f 2800 2787 2798
f 2786 2787 2800
f 2801 2786 2800
f 2802 2786 2801
f 2803 2802 2801
f 2804 2803 2801
f 2805 2803 2804
f 2806 2803 2805
f 2807 2806 2805
f 2802 2803 2806
f 2784 2786 2802
f 2782 2784 2802
f 2806 2782 2802
f 2807 2782 2806
f 2780 2782 2807
f 2778 2780 2807
f 2808 2778 2807
f 2775 2778 2808
f 2773 2775 2808
f 2809 2773 2808
f 2771 2773 2809
f 2810 2771 2809
f 2768 2771 2810
f 2766 2768 2810
f 2811 2766 2810
f 2761 2766 2811
f 2760 2761 2811
f 2745 2746 2749
f 2812 2698 2700
f 2697 2698 2812
f 2813 2696 2697
f 2691 2693 2696
f 2814 2689 2691
f 2687 2689 2814
f 2679 2682 2686
f 2676 2679 2686
f 2675 2676 2686
f 2687 2675 2686
f 2814 2675 2687
f 2672 2675 2814
f 2671 2672 2814
f 2691 2671 2814
f 2696 2671 2691
f 2813 2671 2696
f 2669 2671 2813
f 2668 2669 2813
f 2697 2668 2813
f 2812 2668 2697
f 2666 2668 2812
f 2630 2631 2635
f 2623 2625 2627
f 2372 2374 2568
f 2370 2372 2568
f 2570 2370 2568
f 2327 2329 2339
f 2317 2319 2322
f 2284 2286 2288
f 2244 2247 2251
f 2243 2244 2251
f 2237 2238 2240
f 2226 2228 2231
f 2220 2221 2224
f 2194 2195 2203
f 2188 2189 2194
f 2203 2188 2194
f 2205 2188 2203
f 2110 2103 2105
f 2093 2096 2099
f 2815 2091 2093
f 2085 2091 2815
f 2084 2085 2815
f 2067 2068 2071
f 2030 2031 2035
f 2006 2008 2011
f 1805 1807 1831
f 1798 1799 1802
f 1792 1794 1798
f 2816 1784 1786
f 1788 2816 1786
f 2817 2816 1788
f 2818 2816 2817
f 2819 2818 2817
f 2820 2816 2818
f 1784 2816 2820
f 1781 1784 2820
f 1779 1781 2820
f 1777 1779 2820
f 2818 1777 2820
f 1775 1777 2818
f 2819 1775 2818
f 2821 1775 2819
f 2821 1767 1775
f 2821 1766 1767
f 2819 1766 2821
f 2817 1766 2819
f 1729 1730 1733
f 2822 1698 1700
f 1695 1698 2822
f 2823 1695 2822
f 2824 2823 2822
f 1700 2824 2822
f 1694 1695 2823
f 2825 1694 2823
f 2826 2825 2823
f 2827 2825 2826
f 1694 2825 2827
f 1691 1694 2827
f 1689 1691 2827
f 1688 1689 2827
f 2828 1679 1688
f 1672 1673 1677
f 1679 1672 1677
f 2828 1672 1679
f 1669 1672 2828
f 1668 1669 2828
f 1688 1668 2828
f 2827 1668 1688
f 2826 1668 2827
f 1666 1668 2826
f 1665 1666 2826
f 2823 1665 2826
f 2824 1665 2823
f 1663 1665 2824
f 1647 1653 1656
f 1646 1647 1656
f 1611 1613 1619
f 2829 1564 1567
f 1561 1564 2829
f 1559 1561 2829
f 1537 1540 1550
f 1534 1537 1550
f 2830 1524 1523
f 1483 1484 1487
f 1448 1443 1445
f 1430 1431 1435
f 1400 1401 1405
f 2831 1393 1396
f 1391 1393 2831
f 1380 1382 1391
f 2831 1380 1391
f 1375 1376 1379
f 1369 1370 1373
f 1365 1366 1369
f 1256 1259 1274
f 1254 1256 1274
f 1276 1254 1274
f 1252 1254 1276
f 1244 1247 1251
f 1179 1180 1185
f 2832 1144 1146
f 2833 2832 1146
f 1143 1144 2832
f 2834 1142 1143
f 1115 1117 1119
f 1077 1078 1082
f 1073 1074 1077
f 1008 1009 1012
f 1004 1005 1008
f 966 967 970
f 956 963 965
f 940 941 944
f 2835 2836 2837
f 912 913 917
f 2838 900 904
f 897 900 2838
f 896 897 2838
f 846 851 854
f 845 846 854
f 856 845 854
f 826 828 832
f 797 800 803
f 784 785 787
f 762 763 766
f 665 667 670
f 655 657 661
f 2839 642 647
f 639 642 2839
f 638 639 2839
f 617 619 625
f 572 573 578
f 559 560 565
f 547 548 552
f 520 522 527
f 498 499 501
f 508 498 501
f 487 488 493
f 495 487 493
f 497 487 495
f 407 408 411
f 360 363 370
f 359 360 370
f 254 258 261
f 253 254 261
f 264 253 261
f 172 173 175
f 108 109 112
f 93 94 97
f 59 60 63
f 44 45 46
f 48 44 46
f 47 24 25
f 51 47 25
f 26 51 25
f 52 51 26
f 55 52 26
f 27 55 26
f 61 55 27
f 28 61 27
f 29 61 28
f 2407 2494 2491
f 2405 2407 2491
f 2489 2405 2491
f 2403 2405 2489
f 2488 2403 2489
f 2485 2403 2488
f 2400 2403 2485
f 2486 2400 2485
f 2398 2400 2486
f 2487 2398 2486
f 2538 2398 2487
f 1792 1798 1802
f 59 63 66
f 2229 2234 2230
f 2239 2234 2229
f 1797 1806 1800
f 1810 1806 1797
f 1796 1810 1797
f 1812 1810 1796
f 2809 2808 2807
f 2810 2809 2807
f 2805 2810 2807
f 2811 2810 2805
f 2760 2811 2805
f 2804 2760 2805
f 2758 2760 2804
f 2755 2758 2804
f 2801 2755 2804
f 2754 2755 2801
f 2800 2754 2801
f 2799 2754 2800
f 2752 2754 2799
f 2797 2752 2799
f 2750 2752 2797
f 2796 2750 2797
f 2749 2750 2796
f 2794 2749 2796
f 2745 2749 2794
f 2793 2745 2794
f 2743 2745 2793
f 2792 2743 2793
f 2740 2743 2792
f 815 810 811
f 809 806 802
f 801 809 802
f 813 809 801
f 374 369 368
f 376 374 368
f 367 376 368
f 57 53 54
f 69 65 62
f 61 69 62
f 29 69 61
f 71 69 29
f 30 71 29
f 31 71 30
f 73 71 31
f 33 73 31
f 75 73 33
f 34 75 33
f 77 75 34
f 79 77 34
f 35 79 34
f 38 79 35
f 80 79 38
f 39 80 38
f 82 80 39
f 85 82 39
f 87 85 39
f 40 87 39
f 89 87 40
f 92 89 40
f 41 92 40
f 42 92 41
f 91 92 42
f 95 91 42
f 43 95 42
f 44 95 43
f 96 95 44
f 102 96 44
f 48 102 44
f 49 102 48
f 103 102 49
f 110 103 49
f 50 110 49
f 53 110 50
f 111 110 53
f 114 111 53
f 57 114 53
f 115 114 57
f 119 115 57
f 58 119 57
f 121 119 58
f 59 121 58
f 66 121 59
f 123 121 66
f 125 123 66
f 67 125 66
f 127 125 67
f 130 127 67
f 133 130 67
f 68 133 67
f 134 133 68
f 70 134 68
f 72 134 70
f 135 134 72
f 74 135 72
f 137 135 74
f 76 137 74
f 138 137 76
f 78 138 76
f 81 138 78
f 83 138 81
f 136 138 83
f 131 136 83
f 140 131 83
f 84 140 83
f 143 140 84
f 86 143 84
f 144 143 86
f 148 144 86
f 88 148 86
f 150 148 88
f 90 150 88
f 152 150 90
f 93 152 90
f 154 152 93
f 97 154 93
f 99 154 97
f 155 154 99
f 158 155 99
f 100 158 99
f 105 158 100
f 159 158 105
f 162 159 105
f 106 162 105
f 164 162 106
f 107 164 106
f 166 163 164
f 174 166 164
f 177 174 164
f 107 177 164
f 108 177 107
f 178 177 108
f 112 178 108
f 180 178 112
f 113 180 112
f 116 180 113
f 181 180 116
f 184 181 116
f 187 184 116
f 1654 1661 1657
f 1664 1661 1654
f 1655 1664 1654
f 1667 1664 1655
f 1670 1667 1655
f 1652 1670 1655
f 2788 2792 2789
f 2740 2792 2788
f 2737 2740 2788
f 2736 2737 2788
f 2785 2736 2788
f 2783 2736 2785
f 2734 2736 2783
f 2781 2734 2783
f 2732 2734 2781
f 2779 2732 2781
f 2731 2732 2779
f 2777 2731 2779
f 2729 2731 2777
f 2776 2729 2777
f 2727 2729 2776
f 2726 2727 2776
f 2774 2726 2776
f 2772 2726 2774
f 2725 2726 2772
f 2770 2725 2772
f 2769 2725 2770
f 2706 2725 2769
f 2703 2706 2769
f 2702 2703 2769
f 2767 2702 2769
f 2700 2702 2767
f 2763 2700 2767
f 2765 2700 2763
f 2812 2700 2765
f 2666 2812 2765
f 2664 2666 2765
f 2764 2664 2765
f 2663 2664 2764
f 2762 2663 2764
f 2660 2663 2762
f 2659 2660 2762
f 2759 2659 2762
f 2757 2659 2759
f 2657 2659 2757
f 2756 2657 2757
f 2756 2656 2657
f 2753 2656 2756
f 2751 2656 2753
f 2748 2656 2751
f 2747 2656 2748
f 2654 2656 2747
f 2651 2654 2747
f 2650 2651 2747
f 2744 2650 2747
f 2742 2650 2744
f 2648 2650 2742
f 2741 2648 2742
f 2646 2648 2741
f 2739 2646 2741
f 2643 2646 2739
f 2738 2643 2739
f 2641 2643 2738
f 2639 2641 2738
f 2735 2639 2738
f 2733 2639 2735
f 2638 2639 2733
f 2730 2638 2733
f 2636 2638 2730
f 2728 2636 2730
f 2635 2636 2728
f 2630 2635 2728
f 2723 2630 2728
f 2629 2630 2723
f 2721 2629 2723
f 2627 2629 2721
f 2720 2627 2721
f 2623 2627 2720
f 2710 2623 2720
f 2719 2623 2710
f 2621 2623 2719
f 2618 2621 2719
f 2618 2719 2716
f 2617 2618 2716
f 2717 2617 2716
f 2614 2617 2717
f 2612 2614 2717
f 2608 2612 2717
f 2718 2608 2717
f 2605 2608 2718
f 2603 2605 2718
f 2715 2603 2718
f 2601 2603 2715
f 2714 2601 2715
f 2599 2601 2714
f 2711 2599 2714
f 2598 2599 2711
f 2709 2598 2711
f 2597 2598 2709
f 2705 2597 2709
f 2704 2597 2705
f 2596 2597 2704
f 2701 2596 2704
f 2699 2596 2701
f 2595 2596 2699
f 2695 2595 2699
f 2694 2595 2695
f 2593 2595 2694
f 2591 2593 2694
f 2590 2591 2694
f 2692 2590 2694
f 2690 2590 2692
f 2586 2590 2690
f 2584 2586 2690
f 2688 2584 2690
f 2582 2584 2688
f 2685 2582 2688
f 2684 2582 2685
f 2580 2582 2684
f 2683 2580 2684
f 2578 2580 2683
f 2575 2578 2683
f 2573 2575 2683
f 2681 2573 2683
f 2571 2573 2681
f 2680 2571 2681
f 2570 2571 2680
f 2370 2570 2680
f 2369 2370 2680
f 2678 2369 2680
f 2677 2369 2678
f 2366 2369 2677
f 2365 2366 2677
f 2674 2365 2677
f 2673 2365 2674
f 2362 2365 2673
f 2361 2362 2673
f 2670 2361 2673
f 2360 2361 2670
f 2667 2360 2670
f 2665 2360 2667
f 2358 2360 2665
f 2662 2358 2665
f 2356 2358 2662
f 2661 2356 2662
f 2355 2356 2661
f 2658 2355 2661
f 2655 2355 2658
f 2653 2355 2655
f 2353 2355 2653
f 2652 2353 2653
f 2351 2353 2652
f 2649 2351 2652
f 2647 2351 2649
f 2350 2351 2647
f 2644 2350 2647
f 2645 2350 2644
f 2347 2350 2645
f 2345 2347 2645
f 2343 2345 2645
f 2642 2343 2645
f 2640 2343 2642
f 2342 2343 2640
f 2637 2342 2640
f 2341 2342 2637
f 2634 2341 2637
f 2633 2341 2634
f 2339 2341 2633
f 2327 2339 2633
f 2632 2327 2633
f 2325 2327 2632
f 2628 2325 2632
f 2626 2325 2628
f 2323 2325 2626
f 2624 2323 2626
f 2322 2323 2624
f 2622 2322 2624
f 2317 2322 2622
f 2620 2317 2622
f 2619 2317 2620
f 2313 2317 2619
f 2312 2313 2619
f 2616 2312 2619
f 2615 2312 2616
f 2309 2312 2615
f 2613 2309 2615
f 2306 2309 2613
f 2305 2306 2613
f 2609 2305 2613
f 187 116 117
f 188 187 117
f 192 188 117
f 195 192 117
f 118 195 117
f 120 195 118
f 196 195 120
f 122 196 120
f 198 196 122
f 124 198 122
f 126 198 124
f 200 198 126
f 128 200 126
f 203 200 128
f 129 203 128
f 139 203 129
f 141 203 139
f 202 203 141
f 204 202 141
f 208 204 141
f 142 208 141
f 207 208 142
f 145 207 142
f 210 207 145
f 213 210 145
f 146 213 145
f 215 213 146
f 219 215 146
f 147 219 146
f 221 219 147
f 149 221 147
f 222 221 149
f 151 222 149
f 225 222 151
f 153 225 151
f 156 225 153
f 226 225 156
f 229 226 156
f 157 229 156
f 160 229 157
f 230 229 160
f 233 230 160
f 161 233 160
f 234 233 161
f 165 234 161
f 235 234 165
f 238 235 165
f 167 238 165
f 168 238 167
f 245 238 168
f 170 245 168
f 247 245 170
f 250 247 170
f 171 250 170
f 252 250 171
f 172 252 171
f 255 252 172
f 175 255 172
f 257 255 175
f 176 257 175
f 179 257 176
f 182 257 179
f 256 257 182
f 259 256 182
f 183 259 182
f 185 259 183
f 260 259 185
f 263 260 185
f 186 263 185
f 189 263 186
f 262 263 189
f 265 262 189
f 190 265 189
f 267 265 190
f 191 267 190
f 269 267 191
f 193 269 191
f 271 269 193
f 274 271 193
f 194 274 193
f 197 274 194
f 275 274 197
f 199 275 197
f 277 275 199
f 201 277 199
f 278 277 201
f 205 278 201
f 280 278 205
f 283 280 205
f 206 283 205
f 286 283 206
f 209 286 206
f 289 286 209
f 211 289 209
f 290 289 211
f 293 290 211
f 212 293 211
f 294 293 212
f 214 294 212
f 296 294 214
f 299 296 214
f 216 299 214
f 301 299 216
f 304 301 216
f 217 304 216
f 306 304 217
f 310 306 217
f 218 310 217
f 311 310 218
f 220 311 218
f 313 311 220
f 223 313 220
f 314 313 223
f 317 314 223
f 224 317 223
f 227 317 224
f 318 317 227
f 320 318 227
f 228 320 227
f 231 320 228
f 322 320 231
f 325 322 231
f 232 325 231
f 236 325 232
f 326 325 236
f 327 326 236
f 240 327 236
f 330 327 240
f 333 330 240
f 241 333 240
f 335 333 241
f 242 335 241
f 337 335 242
f 340 337 242
f 343 340 242
f 243 343 242
f 2600 2592 2588
f 2589 2600 2588
f 2602 2600 2589
f 2604 2602 2589
f 2305 2609 2611
f 2303 2305 2611
f 2301 2303 2611
f 2293 2301 2611
f 2291 2293 2611
f 2610 2291 2611
f 2290 2291 2610
f 2607 2290 2610
f 2606 2290 2607
f 2289 2290 2606
f 2604 2289 2606
f 2589 2289 2604
f 2587 2289 2589
f 2288 2289 2587
f 2585 2288 2587
f 2284 2288 2585
f 2282 2284 2585
f 2583 2282 2585
f 2279 2282 2583
f 2581 2279 2583
f 2278 2279 2581
f 2579 2278 2581
f 2276 2278 2579
f 2577 2276 2579
f 2274 2276 2577
f 2576 2274 2577
f 2271 2274 2576
f 2269 2271 2576
f 2574 2269 2576
f 2267 2269 2574
f 2572 2267 2574
f 2265 2267 2572
f 2569 2265 2572
f 2264 2265 2569
f 2566 2264 2569
f 2564 2264 2566
f 2262 2264 2564
f 2562 2262 2564
f 2260 2262 2562
f 2561 2260 2562
f 2258 2260 2561
f 2560 2258 2561
f 2255 2258 2560
f 2254 2255 2560
f 2553 2254 2560
f 2554 2254 2553
f 243 345 343
f 348 345 243
f 244 348 243
f 246 348 244
f 248 348 246
f 347 348 248
f 351 347 248
f 354 351 248
f 249 354 248
f 356 354 249
f 251 356 249
f 358 356 251
f 361 358 251
f 253 361 251
f 362 361 253
f 366 362 253
f 264 366 253
f 266 366 264
f 365 366 266
f 268 365 266
f 367 365 268
f 270 367 268
f 376 367 270
f 378 376 270
f 272 378 270
f 380 378 272
f 273 380 272
f 381 380 273
f 276 381 273
f 279 381 276
f 383 381 279
f 281 383 279
f 385 383 281
f 282 385 281
f 388 385 282
f 285 388 282
f 390 388 285
f 287 390 285
f 392 390 287
f 288 392 287
f 394 392 288
f 291 394 288
f 396 394 291
f 399 396 291
f 292 399 291
f 401 399 292
f 295 401 292
f 403 401 295
f 405 403 295
f 297 405 295
f 406 405 297
f 409 406 297
f 298 409 297
f 300 409 298
f 410 409 300
f 302 410 300
f 412 410 302
f 303 412 302
f 415 412 303
f 305 415 303
f 416 415 305
f 419 416 305
f 307 419 305
f 421 419 307
f 424 421 307
f 308 424 307
f 427 424 308
f 430 427 308
f 309 430 308
f 312 430 309
f 315 430 312
f 429 430 315
f 432 429 315
f 316 432 315
f 319 432 316
f 433 432 319
f 321 433 319
f 434 433 321
f 323 434 321
f 437 434 323
f 438 437 323
f 324 438 323
f 328 438 324
f 440 438 328
f 329 440 328
f 442 440 329
f 331 442 329
f 444 442 331
f 332 444 331
f 447 444 332
f 449 447 332
f 334 449 332
f 451 449 334
f 336 451 334
f 453 451 336
f 338 453 336
f 454 453 338
f 457 454 338
f 339 457 338
f 341 457 339
f 458 457 341
f 461 458 341
f 342 461 341
f 464 461 342
f 344 464 342
f 466 464 344
f 346 466 344
f 468 466 346
f 349 468 346
f 470 468 349
f 473 470 349
f 350 473 349
f 475 473 350
f 352 475 350
f 477 475 352
f 481 477 352
f 483 481 352
f 353 483 352
f 486 483 353
f 355 486 353
f 489 486 355
f 357 489 355
f 490 489 357
f 359 490 357
f 492 490 359
f 370 492 359
f 371 492 370
f 491 492 371
f 494 491 371
f 372 494 371
f 496 494 372
f 500 496 372
f 373 500 372
f 502 500 373
f 375 502 373
f 504 502 375
f 377 504 375
f 505 504 377
f 379 505 377
f 382 505 379
f 506 505 382
f 384 506 382
f 386 506 384
f 507 506 386
f 510 507 386
f 387 510 386
f 512 510 387
f 389 512 387
f 514 512 389
f 391 514 389
f 2554 2252 2254
f 2550 2252 2554
f 2549 2252 2550
f 2251 2252 2549
f 2243 2251 2549
f 2547 2243 2549
f 2242 2243 2547
f 2544 2242 2547
f 2542 2242 2544
f 2240 2242 2542
f 2237 2240 2542
f 2541 2237 2542
f 2236 2237 2541
f 2538 2236 2541
f 2487 2236 2538
f 2484 2236 2487
f 2235 2236 2484
f 2482 2235 2484
f 2480 2235 2482
f 2233 2235 2480
f 2479 2233 2480
f 2232 2233 2479
f 2476 2232 2479
f 2474 2232 2476
f 2231 2232 2474
f 2473 2231 2474
f 2226 2231 2473
f 2224 2226 2473
f 2220 2224 2473
f 2471 2220 2473
f 2218 2220 2471
f 2469 2218 2471
f 2216 2218 2469
f 2468 2216 2469
f 2213 2216 2468
f 2212 2213 2468
f 2465 2212 2468
f 2463 2212 2465
f 2210 2212 2463
f 2461 2210 2463
f 2209 2210 2461
f 2458 2209 2461
f 2459 2209 2458
f 2205 2209 2459
f 2188 2205 2459
f 2187 2188 2459
f 2457 2187 2459
f 2184 2187 2457
f 2183 2184 2457
f 2455 2183 2457
f 2181 2183 2455
f 2453 2181 2455
f 2180 2181 2453
f 2449 2180 2453
f 2447 2180 2449
f 2444 2180 2447
f 2178 2180 2444
f 2445 2178 2444
f 2175 2178 2445
f 2443 2175 2445
f 2174 2175 2443
f 2441 2174 2443
f 2439 2174 2441
f 2173 2174 2439
f 2437 2173 2439
f 2436 2173 2437
f 2169 2173 2436
f 2168 2169 2436
f 2432 2168 2436
f 2433 2168 2432
f 2164 2168 2433
f 2161 2164 2433
f 2158 2161 2433
f 2434 2158 2433
f 2157 2158 2434
f 2430 2157 2434
f 2428 2157 2430
f 2426 2157 2428
f 2155 2157 2426
f 2153 2155 2426
f 2425 2153 2426
f 2151 2153 2425
f 2423 2151 2425
f 2149 2151 2423
f 2421 2149 2423
f 2146 2149 2421
f 2419 2146 2421
f 2144 2146 2419
f 2417 2144 2419
f 2142 2144 2417
f 2414 2142 2417
f 2412 2142 2414
f 2140 2142 2412
f 2409 2140 2412
f 2139 2140 2409
f 2406 2139 2409
f 2404 2139 2406
f 2137 2139 2404
f 2402 2137 2404
f 2135 2137 2402
f 2401 2135 2402
f 2132 2135 2401
f 2399 2132 2401
f 2131 2132 2399
f 2397 2131 2399
f 2394 2131 2397
f 2393 2131 2394
f 2129 2131 2393
f 2127 2129 2393
f 2391 2127 2393
f 2125 2127 2391
f 2389 2125 2391
f 2123 2125 2389
f 2387 2123 2389
f 2121 2123 2387
f 2386 2121 2387
f 2119 2121 2386
f 2118 2119 2386
f 2383 2118 2386
f 2380 2118 2383
f 2378 2118 2380
f 2116 2118 2378
f 2375 2116 2378
f 2114 2116 2375
f 2373 2114 2375
f 2112 2114 2373
f 2371 2112 2373
f 2111 2112 2371
f 2368 2111 2371
f 2367 2111 2368
f 2110 2111 2367
f 1389 909 911
f 1390 1389 911
f 1392 1390 911
f 912 1392 911
f 1394 1392 912
f 917 1394 912
f 918 1394 917
f 1395 1394 918
f 1398 1395 918
f 919 1398 918
f 1399 1398 919
f 1402 1399 919
f 920 1402 919
f 1403 1402 920
f 1388 909 1389
f 905 909 1388
f 904 905 1388
f 1387 904 1388
f 2838 904 1387
f 896 2838 1387
f 1386 896 1387
f 894 896 1386
f 1384 894 1386
f 891 894 1384
f 890 891 1384
f 1381 890 1384
f 1378 890 1381
f 1377 890 1378
f 888 890 1377
f 886 888 1377
f 1374 886 1377
f 1372 886 1374
f 884 886 1372
f 1371 884 1372
f 883 884 1371
f 1368 883 1371
f 1367 883 1368
f 880 883 1367
f 877 880 1367
f 875 877 1367
f 1364 875 1367
f 873 875 1364
f 872 873 1364
f 1361 872 1364
f 1359 872 1361
f 870 872 1359
f 1358 870 1359
f 868 870 1358
f 1355 868 1358
f 865 868 1355
f 863 865 1355
f 1353 863 1355
f 1351 863 1353
f 861 863 1351
f 1350 861 1351
f 859 861 1350
f 1348 859 1350
f 1346 859 1348
f 857 859 1346
f 1345 857 1346
f 856 857 1345
f 1342 856 1345
f 845 856 1342
f 843 845 1342
f 1341 843 1342
f 842 843 1341
f 1338 842 1341
f 841 842 1338
f 1335 841 1338
f 1333 841 1335
f 838 841 1333
f 1331 838 1333
f 836 838 1331
f 1330 836 1331
f 834 836 1330
f 1328 834 1330
f 832 834 1328
f 1327 832 1328
f 826 832 1327
f 824 826 1327
f 1325 824 1327
f 822 824 1325
f 1323 822 1325
f 821 822 1323
f 1320 821 1323
f 1318 821 1320
f 820 821 1318
f 1315 820 1318
f 1313 820 1315
f 818 820 1313
f 1310 818 1313
f 817 818 1310
f 1309 817 1310
f 808 817 1309
f 807 808 1309
f 1306 807 1309
f 805 807 1306
f 1304 805 1306
f 804 805 1304
f 1301 804 1304
f 1302 804 1301
f 803 804 1302
f 797 803 1302
f 795 797 1302
f 1299 795 1302
f 1297 795 1299
f 791 795 1297
f 789 791 1297
f 1295 789 1297
f 787 789 1295
f 1293 787 1295
f 784 787 1293
f 1291 784 1293
f 1289 784 1291
f 783 784 1289
f 1287 783 1289
f 1284 783 1287
f 1282 783 1284
f 781 783 1282
f 1280 781 1282
f 779 781 1280
f 777 779 1280
f 1277 777 1280
f 775 777 1277
f 1275 775 1277
f 1273 775 1275
f 773 775 1273
f 1272 773 1273
f 1270 773 1272
f 771 773 1270
f 1271 771 1270
f 768 771 1271
f 767 768 1271
f 1262 767 1271
f 1268 767 1262
f 766 767 1268
f 1269 766 1268
f 762 766 1269
f 1683 1379 1380
f 1684 1683 1380
f 2831 1684 1380
f 1396 1684 2831
f 1685 1684 1396
f 1397 1685 1396
f 1686 1685 1397
f 1400 1686 1397
f 1687 1686 1400
f 1690 1687 1400
f 1692 1690 1400
f 1405 1692 1400
f 1407 1692 1405
f 1409 1692 1407
f 1414 1692 1409
f 1693 1692 1414
f 1696 1693 1414
f 1415 1696 1414
f 1697 1696 1415
f 1418 1697 1415
f 1699 1697 1418
f 1702 1699 1418
f 1420 1702 1418
f 1423 1702 1420
f 1703 1702 1423
f 1428 1703 1423
f 1705 1703 1428
f 1708 1705 1428
f 1430 1708 1428
f 1435 1708 1430
f 1437 1708 1435
f 1707 1708 1437
f 1440 1707 1437
f 1706 1707 1440
f 1711 1706 1440
f 1441 1711 1440
f 1443 1711 1441
f 1713 1711 1443
f 1448 1713 1443
f 1715 1713 1448
f 1449 1715 1448
f 1717 1715 1449
f 1720 1717 1449
f 1450 1720 1449
f 1722 1720 1450
f 1725 1722 1450
f 1451 1725 1450
f 1454 1725 1451
f 1726 1725 1454
f 1455 1726 1454
f 1728 1726 1455
f 1731 1728 1455
f 1457 1731 1455
f 1732 1731 1457
f 1736 1732 1457
f 1458 1736 1457
f 1462 1736 1458
f 1737 1736 1462
f 1740 1737 1462
f 1463 1740 1462
f 1466 1740 1463
f 1739 1740 1466
f 1742 1739 1466
f 1467 1742 1466
f 1469 1742 1467
f 1743 1742 1469
f 1680 1379 1683
f 1375 1379 1680
f 1678 1375 1680
f 1373 1375 1678
f 1676 1373 1678
f 1369 1373 1676
f 1365 1369 1676
f 1675 1365 1676
f 1363 1365 1675
f 1674 1363 1675
f 1362 1363 1674
f 926 718 719
f 721 926 719
f 927 926 721
f 553 717 714
f 711 553 714
f 552 553 711
f 709 552 711
f 547 552 709
f 544 547 709
f 708 544 709
f 543 544 708
f 706 543 708
f 701 543 706
f 700 543 701
f 541 543 700
f 539 541 700
f 698 539 700
f 537 539 698
f 696 537 698
f 535 537 696
f 694 535 696
f 534 535 694
f 692 534 694
f 691 534 692
f 531 534 691
f 529 531 691
f 689 529 691
f 528 529 689
f 687 528 689
f 683 528 687
f 527 528 683
f 682 527 683
f 520 527 682
f 519 520 682
f 679 519 682
f 677 519 679
f 518 519 677
f 674 518 677
f 672 518 674
f 516 518 672
f 515 516 672
f 669 515 672
f 668 515 669
f 511 515 668
f 509 511 668
f 666 509 668
f 508 509 666
f 664 508 666
f 498 508 664
f 663 498 664
f 497 498 663
f 660 497 663
f 659 497 660
f 487 497 659
f 485 487 659
f 658 485 659
f 484 485 658
f 554 717 553
f 556 717 554
f 720 717 556
f 723 720 556
f 557 723 556
f 725 723 557
f 728 725 557
f 559 728 557
f 730 728 559
f 565 730 559
f 567 730 565
f 1403 721 722
f 1404 1403 722
f 724 1404 722
f 1406 1404 724
f 726 1406 724
f 1408 1406 726
f 1411 1408 726
f 727 1411 726
f 729 1411 727
f 732 1411 729
f 1410 1411 732
f 1413 1410 732
f 733 1413 732
f 736 1413 733
f 1412 1413 736
f 1416 1412 736
f 737 1416 736
f 740 1416 737
f 1417 1416 740
f 1419 1417 740
f 741 1419 740
f 1421 1419 741
f 743 1421 741
f 746 1421 743
f 1422 1421 746
f 1425 1422 746
f 747 1425 746
f 750 1425 747
f 1426 1425 750
f 1427 1426 750
f 751 1427 750
f 753 1427 751
f 927 721 1403
f 2840 920 921
f 2841 920 2840
f 2841 1403 920
f 908 716 718
f 906 908 718
f 907 716 908
f 715 716 907
f 914 718 926
f 910 718 914
f 906 718 910
f 2841 928 927
f 712 898 895
f 710 712 895
f 893 710 895
f 707 710 893
f 705 707 893
f 892 705 893
f 704 705 892
f 889 704 892
f 887 704 889
f 703 704 887
f 885 703 887
f 702 703 885
f 882 702 885
f 881 702 882
f 699 702 881
f 697 699 881
f 879 697 881
f 695 697 879
f 878 695 879
f 693 695 878
f 876 693 878
f 690 693 876
f 688 690 876
f 686 688 876
f 874 686 876
f 685 686 874
f 871 685 874
f 869 685 871
f 867 685 869
f 684 685 867
f 866 684 867
f 681 684 866
f 680 681 866
f 864 680 866
f 862 680 864
f 678 680 862
f 860 678 862
f 676 678 860
f 858 676 860
f 675 676 858
f 855 675 858
f 853 675 855
f 673 675 853
f 852 673 853
f 671 673 852
f 670 671 852
f 848 670 852
f 850 670 848
f 665 670 850
f 662 665 850
f 661 662 850
f 849 661 850
f 655 661 849
f 654 655 849
f 847 654 849
f 844 654 847
f 653 654 844
f 840 653 844
f 839 653 840
f 652 653 839
f 837 652 839
f 650 652 837
f 835 650 837
f 648 650 835
f 833 648 835
f 831 648 833
f 647 648 831
f 830 647 831
f 2839 647 830
f 638 2839 830
f 829 638 830
f 636 638 829
f 713 898 712
f 899 898 713
f 715 899 713
f 901 899 715
f 907 901 715
f 402 538 536
f 400 402 536
f 533 400 536
f 532 400 533
f 398 400 532
f 397 398 532
f 530 397 532
f 525 397 530
f 395 397 525
f 393 395 525
f 523 393 525
f 524 393 523
f 391 393 524
f 514 391 524
f 521 514 524
f 513 514 521
f 517 513 521
f 404 538 402
f 540 538 404
f 407 540 404
f 542 540 407
f 546 542 407
f 411 546 407
f 413 546 411
f 414 546 413
f 549 545 546
f 414 549 546
f 417 549 414
f 550 549 417
f 562 550 417
f 418 562 417
f 420 562 418
f 563 562 420
f 422 563 420
f 564 563 422
f 423 564 422
f 566 564 423
f 425 566 423
f 569 566 425
f 426 569 425
f 570 569 426
f 574 570 426
f 428 574 426
f 576 574 428
f 431 576 428
f 575 576 431
f 435 575 431
f 577 575 435
f 581 577 435
f 436 581 435
f 580 581 436
f 439 580 436
f 582 580 439
f 441 582 439
f 443 582 441
f 584 582 443
f 587 584 443
f 445 587 443
f 588 587 445
f 446 588 445
f 592 588 446
f 594 592 446
f 448 594 446
f 595 594 448
f 450 595 448
f 597 595 450
f 452 597 450
f 599 597 452
f 455 599 452
f 601 599 455
f 604 601 455
f 456 604 455
f 459 604 456
f 605 604 459
f 609 605 459
f 612 609 459
f 460 612 459
f 616 612 460
f 462 616 460
f 618 616 462
f 621 618 462
f 463 621 462
f 465 621 463
f 622 621 465
f 467 622 465
f 469 622 467
f 623 622 469
f 471 623 469
f 624 623 471
f 472 624 471
f 626 624 472
f 629 626 472
f 474 629 472
f 476 629 474
f 630 629 476
f 632 630 476
f 478 632 476
f 479 632 478
f 634 632 479
f 637 634 479
f 640 637 479
f 480 640 479
f 641 640 480
f 644 641 480
f 482 644 480
f 484 644 482
f 645 644 484
f 658 645 484
f 656 645 658
f 649 645 656
f 646 645 649
f 1650 1360 1362
f 1651 1650 1362
f 1674 1651 1362
f 1671 1651 1674
f 1670 1651 1671
f 1652 1651 1670
f 1648 1651 1652
f 1649 1360 1650
f 1357 1360 1649
f 1356 1357 1649
f 1645 1356 1649
f 1643 1356 1645
f 1354 1356 1643
f 1641 1354 1643
f 1352 1354 1641
f 1639 1352 1641
f 1349 1352 1639
f 1636 1349 1639
f 1634 1349 1636
f 1347 1349 1634
f 1632 1347 1634
f 1344 1347 1632
f 1343 1344 1632
f 1629 1343 1632
f 1627 1343 1629
f 1339 1343 1627
f 1625 1339 1627
f 1337 1339 1625
f 1623 1337 1625
f 1336 1337 1623
f 1620 1336 1623
f 1618 1336 1620
f 1334 1336 1618
f 1617 1334 1618
f 1332 1334 1617
f 1616 1332 1617
f 1329 1332 1616
f 1615 1329 1616
f 1326 1329 1615
f 1324 1326 1615
f 1603 1324 1615
f 1601 1324 1603
f 1322 1324 1601
f 1321 1322 1601
f 1599 1321 1601
f 1319 1321 1599
f 1597 1319 1599
f 1594 1319 1597
f 1317 1319 1594
f 1592 1317 1594
f 1316 1317 1592
f 1589 1316 1592
f 1587 1316 1589
f 1314 1316 1587
f 1585 1314 1587
f 1312 1314 1585
f 1583 1312 1585
f 1311 1312 1583
f 1580 1311 1583
f 1581 1311 1580
f 1308 1311 1581
f 1307 1308 1581
f 1578 1307 1581
f 1576 1307 1578
f 1305 1307 1576
f 1574 1305 1576
f 1303 1305 1574
f 1572 1303 1574
f 1300 1303 1572
f 1571 1300 1572
f 1298 1300 1571
f 1296 1298 1571
f 1568 1296 1571
f 1566 1296 1568
f 1294 1296 1566
f 1565 1294 1566
f 1292 1294 1565
f 1563 1292 1565
f 1290 1292 1563
f 1562 1290 1563
f 1288 1290 1562
f 1560 1288 1562
f 1286 1288 1560
f 1558 1286 1560
f 1285 1286 1558
f 1555 1285 1558
f 1549 1285 1555
f 1548 1285 1549
f 1283 1285 1548
f 1281 1283 1548
f 1547 1281 1548
f 1279 1281 1547
f 1278 1279 1547
f 1544 1278 1547
f 1541 1278 1544
f 1543 1278 1541
f 1276 1278 1543
f 1252 1276 1543
f 1251 1252 1543
f 1542 1251 1543
f 1244 1251 1542
f 1539 1244 1542
f 1538 1244 1539
f 1245 1244 1538
f 2842 1245 1538
f 1536 2842 1538
f 1964 2824 1700
f 1966 1964 1700
f 1701 1966 1700
f 1704 1966 1701
f 1965 1966 1704
f 1709 1965 1704
f 1967 1965 1709
f 1969 1967 1709
f 1710 1969 1709
f 1712 1969 1710
f 1970 1969 1712
f 1714 1970 1712
f 1972 1970 1714
f 1716 1972 1714
f 1974 1972 1716
f 1718 1974 1716
f 1976 1974 1718
f 1979 1976 1718
f 1982 1979 1718
f 1719 1982 1718
f 1984 1982 1719
f 1721 1984 1719
f 1987 1984 1721
f 1723 1987 1721
f 1989 1987 1723
f 1992 1989 1723
f 1724 1992 1723
f 1727 1992 1724
f 1729 1992 1727
f 1993 1992 1729
f 1995 1993 1729
f 1733 1995 1729
f 2001 1995 1733
f 1744 2001 1733
f 1746 2001 1744
f 2000 2001 1746
f 2003 2000 1746
f 1747 2003 1746
f 2005 2003 1747
f 1749 2005 1747
f 2007 2005 1749
f 1750 2007 1749
f 2009 2007 1750
f 1752 2009 1750
f 1754 2009 1752
f 2010 2009 1754
f 1756 2010 1754
f 2012 2010 1756
f 2015 2012 1756
f 1757 2015 1756
f 2017 2015 1757
f 1759 2017 1757
f 2019 2017 1759
f 1761 2019 1759
f 2022 2019 1761
f 1763 2022 1761
f 2024 2022 1763
f 2027 2024 1763
f 1764 2027 1763
f 2029 2027 1764
f 2032 2029 1764
f 1766 2032 1764
f 2033 2032 1766
f 2817 2033 1766
f 1788 2033 2817
f 2034 2033 1788
f 1789 2034 1788
f 2036 2034 1789
f 1790 2036 1789
f 2038 2036 1790
f 1792 2038 1790
f 2040 2038 1792
f 2042 2040 1792
f 1802 2042 1792
f 1803 2042 1802
f 2044 2042 1803
f 2046 2044 1803
f 1804 2046 1803
f 2048 2046 1804
f 2050 2048 1804
f 1805 2050 1804
f 1831 2050 1805
f 2052 2050 1831
f 1832 2052 1831
f 2054 2052 1832
f 1962 2824 1964
f 1663 2824 1962
f 1662 1663 1962
f 1959 1662 1962
f 1957 1662 1959
f 1660 1662 1957
f 1956 1660 1957
f 1659 1660 1956
f 1953 1659 1956
f 1951 1659 1953
f 1658 1659 1951
f 1948 1658 1951
f 1950 1658 1948
f 1656 1658 1950
f 1646 1656 1950
f 1644 1646 1950
f 1949 1644 1950
f 1642 1644 1949
f 1944 1642 1949
f 1640 1642 1944
f 1943 1640 1944
f 567 731 730
f 734 731 567
f 568 734 567
f 571 734 568
f 735 734 571
f 738 735 571
f 572 738 571
f 739 738 572
f 742 739 572
f 578 742 572
f 744 742 578
f 579 744 578
f 583 744 579
f 745 744 583
f 585 745 583
f 748 745 585
f 586 748 585
f 589 748 586
f 749 748 589
f 590 749 589
f 752 749 590
f 755 752 590
f 591 755 590
f 757 755 591
f 760 757 591
f 593 760 591
f 596 760 593
f 761 760 596
f 598 761 596
f 764 761 598
f 600 764 598
f 765 764 600
f 769 765 600
f 602 769 600
f 770 769 602
f 772 770 602
f 814 635 636
f 829 814 636
f 827 814 829
f 815 814 827
f 825 815 827
f 823 815 825
f 810 815 823
f 819 810 823
f 816 810 819
f 813 635 814
f 801 635 813
f 633 635 801
f 799 633 801
f 631 633 799
f 798 631 799
f 628 631 798
f 796 628 798
f 627 628 796
f 793 627 796
f 794 627 793
f 625 627 794
f 617 625 794
f 615 617 794
f 792 615 794
f 614 615 792
f 790 614 792
f 613 614 790
f 788 613 790
f 786 613 788
f 611 613 786
f 610 611 786
f 782 610 786
f 780 610 782
f 608 610 780
f 778 608 780
f 607 608 778
f 776 607 778
f 606 607 776
f 774 606 776
f 772 606 774
f 602 606 772
f 603 606 602
f 1429 1424 1427
f 1432 1429 1427
f 753 1432 1427
f 1434 1432 753
f 1147 1433 1434
f 1146 1147 1434
f 2833 1146 1434
f 753 2833 1434
f 754 2833 753
f 756 2833 754
f 2832 2833 756
f 758 2832 756
f 1143 2832 758
f 2834 1143 758
f 759 2834 758
f 762 2834 759
f 1269 2834 762
f 1142 2834 1269
f 1267 1142 1269
f 1139 1142 1267
f 1266 1139 1267
f 1137 1139 1266
f 1264 1137 1266
f 1134 1137 1264
f 1265 1134 1264
f 1132 1134 1265
f 1131 1132 1265
f 1261 1131 1265
f 1258 1131 1261
f 1257 1131 1258
f 1129 1131 1257
f 1255 1129 1257
f 1128 1129 1255
f 1253 1128 1255
f 1127 1128 1253
f 1250 1127 1253
f 1249 1127 1250
f 1123 1127 1249
f 1120 1123 1249
f 1248 1120 1249
f 1121 1120 1248
f 1149 1433 1147
f 1436 1433 1149
f 1152 1436 1149
f 1438 1436 1152
f 1154 1438 1152
f 1439 1438 1154
f 1156 1439 1154
f 1442 1439 1156
f 1444 1442 1156
f 1157 1444 1156
f 1160 1444 1157
f 1446 1444 1160
f 1452 1446 1160
f 1161 1452 1160
f 1453 1452 1161
f 1163 1453 1161
f 1456 1453 1163
f 1459 1456 1163
f 1164 1459 1163
f 1167 1459 1164
f 1460 1459 1167
f 1170 1460 1167
f 1172 1460 1170
f 1461 1460 1172
f 1464 1461 1172
f 1173 1464 1172
f 1176 1464 1173
f 1465 1464 1176
f 1468 1465 1176
f 1472 1468 1176
f 1177 1472 1176
f 1474 1472 1177
f 1477 1474 1177
f 1179 1477 1177
f 1479 1477 1179
f 1185 1479 1179
f 1481 1479 1185
f 1186 1481 1185
f 1188 1481 1186
f 1482 1481 1188
f 1485 1482 1188
f 1189 1485 1188
f 1191 1485 1189
f 1486 1485 1191
f 1489 1486 1191
f 1192 1489 1191
f 1490 1489 1192
f 1493 1490 1192
f 1194 1493 1192
f 1196 1493 1194
f 1494 1493 1196
f 1197 1494 1196
f 1497 1494 1197
f 1199 1497 1197
f 1498 1497 1199
f 1503 1498 1199
f 1200 1503 1199
f 1203 1503 1200
f 1504 1503 1203
f 1507 1504 1203
f 1204 1507 1203
f 1207 1507 1204
f 1508 1507 1207
f 1208 1508 1207
f 1212 1508 1208
f 1510 1508 1212
f 1513 1510 1212
f 1213 1513 1212
f 1515 1513 1213
f 1214 1515 1213
f 2843 1515 1214
f 1516 1515 2843
f 1519 1516 2843
f 1219 1522 1217
f 1520 1522 1219
f 1886 1596 1598
f 1888 1886 1598
f 1600 1888 1598
f 1890 1888 1600
f 1606 1890 1600
f 1892 1890 1606
f 1607 1892 1606
f 1894 1892 1607
f 1608 1894 1607
f 1896 1894 1608
f 1899 1896 1608
f 1902 1899 1608
f 1609 1902 1608
f 1903 1902 1609
f 1906 1903 1609
f 1610 1906 1609
f 1611 1906 1610
f 1907 1906 1611
f 1619 1907 1611
f 1621 1907 1619
f 1908 1907 1621
f 1911 1908 1621
f 1622 1911 1621
f 1913 1911 1622
f 1624 1913 1622
f 1914 1913 1624
f 1626 1914 1624
f 1917 1914 1626
f 1628 1917 1626
f 1919 1917 1628
f 1630 1919 1628
f 1921 1919 1630
f 1924 1921 1630
f 1631 1924 1630
f 1926 1924 1631
f 1633 1926 1631
f 1928 1926 1633
f 1635 1928 1633
f 1637 1928 1635
f 1931 1928 1637
f 1934 1931 1637
f 1935 1934 1637
f 1638 1935 1637
f 1640 1935 1638
f 1943 1935 1640
f 1933 1935 1943
f 1940 1933 1943
f 1937 1933 1940
f 1884 1596 1886
f 1595 1596 1884
f 1882 1595 1884
f 1593 1595 1882
f 1880 1593 1882
f 1591 1593 1880
f 1878 1591 1880
f 1590 1591 1878
f 1875 1590 1878
f 1873 1590 1875
f 1588 1590 1873
f 1871 1588 1873
f 1586 1588 1871
f 1869 1586 1871
f 1584 1586 1869
f 1866 1584 1869
f 1582 1584 1866
f 1865 1582 1866
f 1579 1582 1865
f 1864 1579 1865
f 1577 1579 1864
f 1575 1577 1864
f 1861 1575 1864
f 1859 1575 1861
f 1573 1575 1859
f 1858 1573 1859
f 1570 1573 1858
f 1569 1570 1858
f 1855 1569 1858
f 1856 1569 1855
f 1567 1569 1856
f 2829 1567 1856
f 1559 2829 1856
f 1557 1559 1856
f 1853 1557 1856
f 1556 1557 1853
f 1851 1556 1853
f 1554 1556 1851
f 1849 1554 1851
f 1553 1554 1849
f 1847 1553 1849
f 1845 1553 1847
f 1552 1553 1845
f 1842 1552 1845
f 1840 1552 1842
f 1551 1552 1840
f 1839 1551 1840
f 1550 1551 1839
f 1534 1550 1839
f 1837 1534 1839
f 1535 1534 1837
f 1836 1535 1837
f 2126 1885 1887
f 2128 2126 1887
f 1889 2128 1887
f 1891 2128 1889
f 2130 2128 1891
f 2133 2130 1891
f 1893 2133 1891
f 2134 2133 1893
f 1895 2134 1893
f 2136 2134 1895
f 1897 2136 1895
f 2138 2136 1897
f 2141 2138 1897
f 1898 2141 1897
f 2143 2141 1898
f 1900 2143 1898
f 2145 2143 1900
f 2148 2145 1900
f 1901 2148 1900
f 1904 2148 1901
f 1909 2148 1904
f 2147 2148 1909
f 2150 2147 1909
f 1910 2150 1909
f 2152 2150 1910
f 1912 2152 1910
f 2154 2152 1912
f 1915 2154 1912
f 2156 2154 1915
f 2159 2156 1915
f 1916 2159 1915
f 1918 2159 1916
f 2160 2159 1918
f 1920 2160 1918
f 2162 2160 1920
f 1922 2162 1920
f 2163 2162 1922
f 2166 2163 1922
f 1923 2166 1922
f 1925 2166 1923
f 1929 2166 1925
f 2165 2166 1929
f 2167 2165 1929
f 1930 2167 1929
f 2170 2167 1930
f 2171 2170 1930
f 1932 2171 1930
f 2176 2171 1932
f 1936 2176 1932
f 2177 2176 1936
f 1938 2177 1936
f 2179 2177 1938
f 2182 2179 1938
f 1939 2182 1938
f 2185 2182 1939
f 1941 2185 1939
f 2186 2185 1941
f 2190 2186 1941
f 1942 2190 1941
f 1945 2190 1942
f 2192 2190 1945
f 1947 2192 1945
f 1952 2192 1947
f 2191 2192 1952
f 1954 2191 1952
f 2193 2191 1954
f 2196 2193 1954
f 2199 2196 1954
f 2201 2199 1954
f 1955 2201 1954
f 1958 2201 1955
f 2200 2201 1958
f 1960 2200 1958
f 1968 2200 1960
f 1971 2200 1968
f 2198 2200 1971
f 1973 2198 1971
f 2197 2198 1973
f 1975 2197 1973
f 2202 2197 1975
f 1977 2202 1975
f 2204 2202 1977
f 2207 2204 1977
f 1978 2207 1977
f 1980 2207 1978
f 2208 2207 1980
f 2211 2208 1980
f 2214 2211 1980
f 1981 2214 1980
f 2215 2214 1981
f 1983 2215 1981
f 2217 2215 1983
f 1985 2217 1983
f 2219 2217 1985
f 2222 2219 1985
f 1986 2222 1985
f 1988 2222 1986
f 2223 2222 1988
f 1990 2223 1988
f 2225 2223 1990
f 1991 2225 1990
f 2227 2225 1991
f 1994 2227 1991
f 1997 2227 1994
f 2229 2227 1997
f 2239 2229 1997
f 1998 2239 1997
f 2241 2239 1998
f 2245 2241 1998
f 1999 2245 1998
f 2246 2245 1999
f 2002 2246 1999
f 2249 2246 2002
f 2004 2249 2002
f 2006 2249 2004
f 2011 2249 2006
f 2013 2249 2011
f 2248 2249 2013
f 2014 2248 2013
f 2250 2248 2014
f 2016 2250 2014
f 2253 2250 2016
f 2256 2253 2016
f 2018 2256 2016
f 2020 2256 2018
f 2257 2256 2020
f 2021 2257 2020
f 2259 2257 2021
f 2023 2259 2021
f 2261 2259 2023
f 2025 2261 2023
f 2263 2261 2025
f 2266 2263 2025
f 2026 2266 2025
f 2268 2266 2026
f 2028 2268 2026
f 2270 2268 2028
f 2030 2270 2028
f 2272 2270 2030
f 2035 2272 2030
f 2037 2272 2035
f 2273 2272 2037
f 2039 2273 2037
f 2275 2273 2039
f 2041 2275 2039
f 2277 2275 2041
f 2280 2277 2041
f 2043 2280 2041
f 2281 2280 2043
f 2045 2281 2043
f 2283 2281 2045
f 2047 2283 2045
f 2285 2283 2047
f 2049 2285 2047
f 2124 1885 2126
f 1883 1885 2124
f 2122 1883 2124
f 1881 1883 2122
f 2120 1881 2122
f 1879 1881 2120
f 2117 1879 2120
f 1877 1879 2117
f 2115 1877 2117
f 1876 1877 2115
f 2113 1876 2115
f 1874 1876 2113
f 2109 1874 2113
f 2106 1874 2109
f 1872 1874 2106
f 2107 1872 2106
f 1870 1872 2107
f 2108 1870 2107
f 1868 1870 2108
f 1867 1868 2108
f 2095 1862 1863
f 1867 2095 1863
f 2094 2095 1867
f 2097 2094 1867
f 2108 2097 1867
f 2104 2097 2108
f 2101 2097 2104
f 2092 1862 2095
f 2089 1862 2092
f 1860 1862 2089
f 2090 1860 2089
f 1857 1860 2090
f 1854 1857 2090
f 2088 1854 2090
f 1852 1854 2088
f 2086 1852 2088
f 1850 1852 2086
f 2087 1850 2086
f 1848 1850 2087
f 1846 1848 2087
f 1052 1145 1141
f 1140 1052 1141
f 1050 1052 1140
f 1138 1050 1140
f 1048 1050 1138
f 1136 1048 1138
f 1046 1048 1136
f 1135 1046 1136
f 1042 1046 1135
f 1040 1042 1135
f 1133 1040 1135
f 1037 1040 1133
f 1130 1037 1133
f 1126 1037 1130
f 1038 1037 1126
f 1124 1038 1126
f 1148 1145 1052
f 1053 1148 1052
f 1150 1148 1053
f 1055 1150 1053
f 1151 1150 1055
f 1058 1151 1055
f 1153 1151 1058
f 1060 1153 1058
f 1155 1153 1060
f 1158 1155 1060
f 1061 1158 1060
f 1063 1158 1061
f 1159 1158 1063
f 1162 1159 1063
f 1165 1162 1063
f 1064 1165 1063
f 1166 1165 1064
f 1169 1166 1064
f 1065 1169 1064
f 1069 1169 1065
f 1071 1169 1069
f 1168 1169 1071
f 1171 1168 1071
f 1174 1171 1071
f 1072 1174 1071
f 1175 1174 1072
f 1178 1175 1072
f 1181 1178 1072
f 1073 1181 1072
f 1077 1181 1073
f 1182 1181 1077
f 1082 1182 1077
f 1183 1182 1082
f 1083 1183 1082
f 1184 1183 1083
f 1085 1184 1083
f 1187 1184 1085
f 1190 1187 1085
f 1086 1190 1085
f 1193 1190 1086
f 1088 1193 1086
f 1195 1193 1088
f 1090 1195 1088
f 1198 1195 1090
f 1201 1198 1090
f 1092 1201 1090
f 1094 1201 1092
f 1202 1201 1094
f 1205 1202 1094
f 1095 1205 1094
f 1206 1205 1095
f 1209 1206 1095
f 1097 1209 1095
f 1211 1209 1097
f 2367 2103 2110
f 2364 2103 2367
f 2363 2103 2364
f 2102 2103 2363
f 2359 2102 2363
f 2357 2102 2359
f 2100 2102 2357
f 2354 2100 2357
f 2352 2100 2354
f 2099 2100 2352
f 2093 2099 2352
f 2349 2093 2352
f 2348 2093 2349
f 2815 2093 2348
f 2084 2815 2348
f 2346 2084 2348
f 2082 2084 2346
f 2344 2082 2346
f 2081 2082 2344
f 2340 2081 2344
f 2338 2081 2340
f 2337 2081 2338
f 2080 2081 2337
f 2335 2080 2337
f 2336 2080 2335
f 2078 2080 2336
f 2076 2078 2336
f 2075 2076 2336
f 2333 2075 2336
f 2334 2075 2333
f 2072 2075 2334
f 2071 2072 2334
f 2332 2071 2334
f 2067 2071 2332
f 2330 2067 2332
f 2066 2067 2330
f 2328 2066 2330
f 2326 2066 2328
f 2065 2066 2326
f 2324 2065 2326
f 2061 2065 2324
f 2321 2061 2324
f 2318 2061 2321
f 2056 2061 2318
f 2077 2087 2083
f 2079 2077 2083
f 1846 2087 2077
f 1844 1846 2077
f 2074 1844 2077
f 2073 1844 2074
f 1843 1844 2073
f 2070 1843 2073
f 1841 1843 2070
f 2069 1841 2070
f 1838 1841 2069
f 1834 1838 2069
f 2064 1834 2069
f 1835 1834 2064
f 2060 1835 2064
f 2059 1835 2060
f 987 1047 1044
f 1045 987 1044
f 981 987 1045
f 982 981 1045
f 2844 982 1045
f 1043 2844 1045
f 2845 2844 1043
f 1041 2845 1043
f 989 1047 987
f 1049 1047 989
f 991 1049 989
f 1051 1049 991
f 1054 1051 991
f 992 1054 991
f 1056 1054 992
f 994 1056 992
f 1057 1056 994
f 996 1057 994
f 1059 1057 996
f 997 1059 996
f 1062 1059 997
f 1066 1062 997
f 999 1066 997
f 1067 1066 999
f 1001 1067 999
f 1068 1067 1001
f 1070 1068 1001
f 1075 1070 1001
f 1002 1075 1001
f 1004 1075 1002
f 1076 1075 1004
f 1008 1076 1004
f 1012 1076 1008
f 1079 1076 1012
f 1014 1079 1012
f 1081 1079 1014
f 1016 1081 1014
f 1084 1081 1016
f 1087 1084 1016
f 1017 1087 1016
f 1019 1087 1017
f 1089 1087 1019
f 1091 1089 1019
f 1020 1091 1019
f 1093 1091 1020
f 1096 1093 1020
f 1021 1096 1020
f 1023 1096 1021
f 1098 1096 1023
f 1025 1098 1023
f 1102 1103 2846
f 1030 1102 2846
f 2056 2320 2057
f 2318 2320 2056
f 2308 2847 2310
f 2848 2847 2308
f 2307 2848 2308
f 2849 2848 2307
f 2850 2849 2307
f 2304 2850 2307
f 2302 2850 2304
f 2851 2850 2302
f 2300 2851 2302
f 2852 2851 2300
f 2297 2852 2300
f 2299 2852 2297
f 2053 2055 2299
f 2298 2053 2299
f 2051 2053 2298
f 2295 2051 2298
f 2296 2051 2295
f 2049 2051 2296
f 2285 2049 2296
f 2287 2285 2296
f 2292 2287 2296
f 1029 1109 1110
f 1030 1029 1110
f 1112 1109 1029
f 1032 1112 1029
f 1114 1112 1032
f 1034 1114 1032
f 1116 1114 1034
f 1036 1116 1034
f 1118 1116 1036
f 1241 1108 1111
f 1113 1241 1111
f 1115 1241 1113
f 1242 1241 1115
f 1119 1242 1115
f 1248 2853 1121
f 1246 2853 1248
f 1243 1108 1241
f 2854 1108 1243
f 1107 1108 2854
f 2855 1107 2854
f 1240 1107 2855
f 1106 1107 1240
f 1237 1106 1240
f 1235 1106 1237
f 1104 1106 1235
f 1232 1104 1235
f 1231 1104 1232
f 1099 1104 1231
f 1229 1099 1231
f 1100 1099 1229
f 1223 2856 1226
f 1221 2856 1223
f 2857 2856 1221
f 1216 2857 1221
f 2858 2857 1216
f 1218 2858 1216
f 1110 1102 1030
f 1105 1102 1110
f 1500 1787 1785
f 1499 1500 1785
f 1783 1499 1785
f 1782 1499 1783
f 1496 1499 1782
f 1495 1496 1782
f 1780 1495 1782
f 1492 1495 1780
f 1778 1492 1780
f 1776 1492 1778
f 1491 1492 1776
f 1773 1491 1776
f 1774 1491 1773
f 1488 1491 1774
f 1487 1488 1774
f 1772 1487 1774
f 1483 1487 1772
f 1771 1483 1772
f 1480 1483 1771
f 1478 1480 1771
f 1769 1478 1771
f 1476 1478 1769
f 1768 1476 1769
f 1475 1476 1768
f 1765 1475 1768
f 1762 1475 1765
f 1760 1475 1762
f 1473 1475 1760
f 1758 1473 1760
f 1471 1473 1758
f 1755 1471 1758
f 1753 1471 1755
f 1470 1471 1753
f 1751 1470 1753
f 1469 1470 1751
f 1743 1469 1751
f 1748 1743 1751
f 1745 1743 1748
f 1741 1743 1745
f 1734 1741 1745
f 1791 1787 1500
f 1501 1791 1500
f 1793 1791 1501
f 1795 1793 1501
f 1502 1795 1501
f 1505 1795 1502
f 1796 1795 1505
f 1812 1796 1505
f 1506 1812 1505
f 1509 1812 1506
f 1511 1812 1509
f 1811 1812 1511
f 1814 1811 1511
f 1512 1814 1511
f 1816 1814 1512
f 1514 1816 1512
f 1517 1816 1514
f 1530 1829 1828
f 1529 1530 1828
f 1817 1529 1828
f 1820 1529 1817
f 1528 1529 1820
f 1827 1528 1820
f 1532 1829 1530
f 1830 1829 1532
f 1833 1830 1532
f 1533 1833 1532
f 1238 1523 1528
f 1827 1238 1528
f 1236 1238 1827
f 1234 1236 1827
f 1826 1234 1827
f 1233 1234 1826
f 1823 1233 1826
f 1825 1233 1823
f 1230 1233 1825
f 1227 1230 1825
f 1824 1227 1825
f 1225 1227 1824
f 1224 1225 1824
f 1822 1224 1824
f 1222 1224 1822
f 1819 1222 1822
f 1818 1222 1819
f 1220 1222 1818
f 1219 1220 1818
f 1520 1219 1818
f 1815 1520 1818
f 1816 1520 1815
f 1517 1520 1816
f 1521 1520 1517
f 1518 1521 1517
f 2830 1523 1238
f 1239 2830 1238
f 2859 1007 1006
f 953 955 1006
f 1003 953 1006
f 952 953 1003
f 1000 952 1003
f 998 952 1000
f 951 952 998
f 995 951 998
f 993 951 995
f 950 951 993
f 990 950 993
f 988 950 990
f 949 950 988
f 986 949 988
f 984 949 986
f 948 949 984
f 985 948 984
f 1010 1007 2859
f 957 1010 2859
f 956 1010 957
f 1011 1010 956
f 965 1011 956
f 1013 1011 965
f 966 1013 965
f 1015 1013 966
f 970 1015 966
f 1018 1015 970
f 1022 1018 970
f 971 1022 970
f 1024 1022 971
f 973 1024 971
f 1026 1024 973
f 975 1026 973
f 1028 1026 975
f 2860 1028 975
f 977 2860 975
f 2861 2860 977
f 2862 2861 977
f 979 2862 977
f 1215 1210 1211
f 974 937 939
f 976 974 939
f 978 976 939
f 940 978 939
f 980 978 940
f 944 980 940
f 972 937 974
f 969 937 972
f 968 937 969
f 935 937 968
f 934 935 968
f 964 934 968
f 959 934 964
f 961 934 959
f 930 934 961
f 962 930 961
f 931 930 962
f 2863 931 962
f 2864 2863 962
f 960 2864 962
f 958 2864 960
f 942 938 936
f 933 942 936
f 2836 933 932
f 2835 933 2836
f 942 933 2835
f 2837 942 2835
f 2865 942 2837
f 943 942 2865
f 2841 929 928
f 1403 2841 927
f 903 902 907
f 901 907 903
f 2866 2867 2868
f 2869 2868 2867
f 2870 2869 2867
f 2871 2870 2867
f 2866 2871 2867
f 2872 2871 2866
f 2873 2872 2866
f 2874 2873 2866
f 2875 2874 2866
f 2868 2875 2866
f 2876 2875 2868
f 2877 2876 2868
f 2869 2877 2868
f 2878 2877 2869
f 2879 2878 2869
f 2870 2879 2869
f 2880 2879 2870
f 2881 2880 2870
f 2871 2881 2870
f 2882 2881 2871
f 2883 2882 2871
f 2872 2883 2871
f 2884 2883 2872
f 2885 2884 2872
f 2886 2885 2872
f 2873 2886 2872
f 2887 2886 2873
f 2888 2887 2873
f 2874 2888 2873
f 2889 2888 2874
f 2875 2889 2874
f 2890 2889 2875
f 2891 2890 2875
f 2876 2891 2875
f 2892 2891 2876
f 2877 2892 2876
f 2893 2892 2877
f 2894 2893 2877
f 2878 2894 2877
f 2895 2894 2878
f 2896 2895 2878
f 2879 2896 2878
f 2897 2896 2879
f 2898 2897 2879
f 2880 2898 2879
f 2899 2898 2880
f 2900 2899 2880
f 2881 2900 2880
f 2901 2900 2881
f 2882 2901 2881
f 2902 2901 2882
f 2903 2902 2882
f 2883 2903 2882
f 2884 2903 2883
f 2904 2903 2884
f 2905 2904 2884
f 2885 2905 2884
f 2906 2905 2885
f 2907 2906 2885
f 2886 2907 2885
f 2908 2905 2906
f 2909 2908 2906
f 2907 2909 2906
f 2910 2909 2907
f 2911 2910 2907
f 2912 2910 2911
f 2913 2912 2911
f 2914 2913 2911
f 2915 2914 2911
f 2916 2914 2915
f 2917 2916 2915
f 2918 2917 2915
f 2919 2917 2918
f 2920 2919 2918
f 2921 2920 2918
f 2922 2920 2921
f 2923 2922 2921
f 2924 2922 2923
f 2925 2924 2923
f 2926 2925 2923
f 2927 2925 2926
f 2928 2927 2926
f 2929 2928 2926
f 2930 2928 2929
f 2931 2930 2929
f 2932 2931 2929
f 2933 2931 2932
f 2934 2933 2932
f 2935 2933 2934
f 2936 2935 2934
f 2937 2935 2936
f 2938 2937 2936
f 2939 2937 2938
f 2940 2939 2938
f 2941 2939 2940
f 2942 2941 2940
f 2943 2941 2942
f 2944 2943 2942
f 2945 2944 2942
f 2946 2944 2945
f 2947 2946 2945
f 2948 2946 2947
f 2949 2948 2947
f 2950 2949 2947
f 2951 2949 2950
f 2952 2949 2951
f 2953 2952 2951
f 2954 2953 2951
f 2955 2954 2951
f 2956 2954 2955
f 2957 2954 2956
f 2958 2957 2956
f 2959 2957 2958
f 2960 2957 2959
f 2961 2957 2960
f 2962 2961 2960
f 2963 2962 2960
f 2964 2963 2960
f 2965 2963 2964
f 2966 2965 2964
f 2967 2965 2966
f 2968 2965 2967
f 2969 2968 2967
f 2970 2969 2967
f 2971 2970 2967
f 2972 2970 2971
f 2973 2970 2972
f 2974 2973 2972
f 2975 2974 2972
f 2976 2974 2975
f 2977 2976 2975
f 2978 2976 2977
f 2979 2978 2977
f 2980 2978 2979
f 2981 2980 2979
f 2982 2981 2979
f 2983 2981 2982
f 2984 2983 2982
f 2985 2983 2984
f 2986 2985 2984
f 2987 2985 2986
f 2988 2987 2986
f 2989 2987 2988
f 2990 2989 2988
f 2991 2989 2990
f 2992 2989 2991
f 2993 2992 2991
f 2994 2993 2991
f 2995 2994 2991
f 2990 2995 2991
f 2996 2994 2995
f 2997 2994 2996
f 2993 2994 2997
f 2998 2993 2997
f 2999 2998 2997
f 3000 2999 2997
f 3001 3000 2997
f 3002 3001 2997
f 2996 3002 2997
f 3003 3002 2996
f 2995 3003 2996
f 3004 3003 2995
f 3005 3003 3004
f 3006 3005 3004
f 3007 3005 3006
f 3008 3007 3006
f 3009 3008 3006
f 3010 3008 3009
f 3011 3010 3009
f 3012 3010 3011
f 3013 3010 3012
f 3014 3013 3012
f 3015 3014 3012
f 3016 3014 3015
f 3017 3016 3015
f 3018 3016 3017
f 3019 3018 3017
f 3020 3018 3019
f 3021 3020 3019
f 3022 3020 3021
f 3023 3022 3021
f 3024 3023 3021
f 3025 3024 3021
f 3026 3024 3025
f 3027 3026 3025
f 3028 3026 3027
f 3029 3028 3027
f 3030 3028 3029
f 3031 3030 3029
f 3032 3030 3031
f 3033 3032 3031
f 3034 3032 3033
f 3035 3034 3033
f 3036 3034 3035
f 3037 3036 3035
f 3038 3037 3035
f 3039 3037 3038
f 3040 3039 3038
f 3041 3040 3038
f 3042 3040 3041
f 3043 3042 3041
f 3044 3043 3041
f 3045 3043 3044
f 3046 3043 3045
f 3047 3046 3045
f 3048 3046 3047
f 3049 3048 3047
f 3050 3049 3047
f 3051 3049 3050
f 3052 3051 3050
f 3053 3051 3052
f 3054 3053 3052
f 3055 3054 3052
f 3056 3055 3052
f 3057 3054 3055
f 3058 3057 3055
f 3059 3057 3058
f 3060 3059 3058
f 3061 3059 3060
f 3062 3061 3060
f 3063 3062 3060
f 3064 3062 3063
f 3065 3062 3064
f 3066 3065 3064
f 3067 3065 3066
f 3068 3065 3067
f 3069 3068 3067
f 3070 3069 3067
f 3071 3069 3070
f 3072 3069 3071
f 3073 3072 3071
f 3074 3073 3071
f 3075 3073 3074
f 3076 3075 3074
f 3077 3076 3074
f 3078 3076 3077
f 3079 3076 3078
f 3080 3076 3079
f 3081 3080 3079
f 3082 3081 3079
f 3083 3081 3082
f 3083 3080 3081
f 3075 3076 3080
f 3084 3075 3080
f 3085 3084 3080
f 3086 3085 3080
f 3087 3085 3086
f 3088 3087 3086
f 3089 3088 3086
f 3090 3089 3086
f 3091 3090 3086
f 3092 3090 3091
f 3093 3092 3091
f 3094 3093 3091
f 3095 3093 3094
f 3096 3095 3094
f 3097 3096 3094
f 3098 3096 3097
f 3099 3098 3097
f 3100 3098 3099
f 3101 3100 3099
f 3102 3101 3099
f 3103 3100 3101
f 3104 3100 3103
f 3105 3104 3103
f 3106 3105 3103
f 3107 3105 3106
f 3108 3107 3106
f 3109 3107 3108
f 3110 3109 3108
f 3111 3109 3110
f 3112 3111 3110
f 3113 3111 3112
f 3114 3111 3113
f 3115 3114 3113
f 3116 3115 3113
f 3117 3116 3113
f 3118 3117 3113
f 3119 3117 3118
f 3120 3117 3119
f 3121 3120 3119
f 3122 3121 3119
f 3123 3121 3122
f 3124 3123 3122
f 3125 3123 3124
f 3126 3125 3124
f 3127 3125 3126
f 3128 3127 3126
f 3129 3128 3126
f 3130 3128 3129
f 3131 3130 3129
f 3132 3130 3131
f 3133 3132 3131
f 3134 3133 3131
f 3135 3133 3134
f 3136 3135 3134
f 3137 3135 3136
f 3138 3137 3136
f 3139 3137 3138
f 3140 3139 3138
f 3141 3139 3140
f 3142 3141 3140
f 3143 3141 3142
f 3144 3141 3143
f 3145 3144 3143
f 3146 3145 3143
f 3147 3145 3146
f 3148 3147 3146
f 3149 3147 3148
f 3150 3149 3148
f 3151 3149 3150
f 3152 3151 3150
f 3153 3151 3152
f 3154 3153 3152
f 3155 3153 3154
f 3156 3155 3154
f 3157 3155 3156
f 3158 3157 3156
f 3159 3157 3158
f 3160 3159 3158
f 3161 3160 3158
f 3162 3160 3161
f 3163 3162 3161
f 3159 3160 3162
f 3164 3159 3162
f 3165 3164 3162
f 3163 3165 3162
f 3166 3165 3163
f 3167 3166 3163
f 3168 3166 3167
f 3169 3168 3167
f 3170 3168 3169
f 3171 3170 3169
f 3172 3170 3171
f 3173 3172 3171
f 3174 3172 3173
f 3175 3174 3173
f 3176 3175 3173
f 3177 3175 3176
f 3178 3177 3176
f 3179 3177 3178
f 3180 3179 3178
f 3181 3179 3180
f 3182 3181 3180
f 3183 3181 3182
f 3184 3181 3183
f 3185 3184 3183
f 3186 3185 3183
f 3187 3185 3186
f 3188 3187 3186
f 3189 3188 3186
f 3190 3188 3189
f 3191 3188 3190
f 3192 3191 3190
f 3193 3192 3190
f 3194 3192 3193
f 3195 3194 3193
f 3196 3194 3195
f 3197 3196 3195
f 3198 3196 3197
f 3199 3198 3197
f 3200 3199 3197
f 3201 3199 3200
f 3202 3198 3199
f 3203 3202 3199
f 3204 3202 3203
f 3205 3204 3203
f 3206 3205 3203
f 3207 3206 3203
f 3208 3206 3207
f 3209 3208 3207
f 3210 3208 3209
f 3211 3208 3210
f 3212 3211 3210
f 3213 3212 3210
f 3214 3212 3213
f 3215 3214 3213
f 3216 3215 3213
f 3217 3214 3215
f 3218 3217 3215
f 3219 3217 3218
f 3220 3219 3218
f 3221 3220 3218
f 3222 3220 3221
f 3223 3222 3221
f 3224 3222 3223
f 3225 3224 3223
f 3226 3225 3223
f 3227 3225 3226
f 3228 3227 3226
f 3229 3227 3228
f 3230 3229 3228
f 3231 3230 3228
f 3232 3231 3228
f 3233 3231 3232
f 3234 3231 3233
f 3235 3231 3234
f 3236 3235 3234
f 3237 3236 3234
f 3238 3236 3237
f 3239 3236 3238
f 3240 3239 3238
f 3241 3240 3238
f 3242 3241 3238
f 3243 3241 3242
f 3244 3243 3242
f 3245 3243 3244
f 3246 3243 3245
f 3247 3246 3245
f 3248 3247 3245
f 3249 3247 3248
f 3250 3247 3249
f 3251 3247 3250
f 3252 3251 3250
f 3253 3252 3250
f 3254 3253 3250
f 3249 3254 3250
f 3255 3254 3249
f 3256 3254 3255
f 3257 3256 3255
f 3258 3256 3257
f 3259 3258 3257
f 3260 3258 3259
f 3261 3260 3259
f 3262 3261 3259
f 3263 3261 3262
f 3264 3263 3262
f 3265 3263 3264
f 3266 3265 3264
f 3267 3265 3266
f 3268 3267 3266
f 3269 3268 3266
f 3270 3268 3269
f 3271 3270 3269
f 3272 3270 3271
f 3273 3272 3271
f 3274 3272 3273
f 3275 3274 3273
f 3276 3275 3273
f 3277 3275 3276
f 3278 3277 3276
f 3279 3278 3276
f 3280 3278 3279
f 3281 3280 3279
f 3282 3278 3280
f 3283 3282 3280
f 3284 3282 3283
f 3285 3282 3284
f 3286 3285 3284
f 3287 3285 3286
f 3278 3282 3285
f 3277 3278 3285
f 3287 3277 3285
f 3288 3277 3287
f 3289 3288 3287
f 3290 3288 3289
f 3291 3290 3289
f 3292 3290 3291
f 3293 3292 3291
f 3294 3293 3291
f 3295 3293 3294
f 3296 3295 3294
f 3297 3295 3296
f 3298 3297 3296
f 3299 3298 3296
f 3300 3298 3299
f 3301 3298 3300
f 3302 3301 3300
f 3303 3302 3300
f 3304 3302 3303
f 3305 3304 3303
f 3306 3304 3305
f 3307 3304 3306
f 3308 3307 3306
f 3309 3307 3308
f 3310 3309 3308
f 3311 3310 3308
f 3312 3310 3311
f 3313 3312 3311
f 3314 3313 3311
f 3315 3313 3314
f 3316 3313 3315
f 3317 3316 3315
f 3318 3316 3317
f 3319 3318 3317
f 3320 3319 3317
f 3321 3319 3320
f 3322 3321 3320
f 3323 3319 3321
f 3324 3323 3321
f 3322 3324 3321
f 3325 3324 3322
f 3326 3325 3322
f 3327 3325 3326
f 3328 3327 3326
f 3329 3328 3326
f 3330 3328 3329
f 3326 3330 3329
f 3331 3328 3330
f 3332 3331 3330
f 3333 3331 3332
f 3334 3331 3333
f 3335 3331 3334
f 3336 3335 3334
f 3337 3335 3336
f 3338 3337 3336
f 3339 3337 3338
f 3340 3339 3338
f 3341 3339 3340
f 3342 3341 3340
f 3343 3341 3342
f 3344 3343 3342
f 3345 3343 3344
f 3346 3345 3344
f 3347 3346 3344
f 3348 3346 3347
f 3349 3346 3348
f 3350 3345 3346
f 3351 3345 3350
f 3352 3351 3350
f 3353 3351 3352
f 3354 3353 3352
f 3355 3354 3352
f 3356 3355 3352
f 3350 3356 3352
f 3346 3356 3350
f 3349 3356 3346
f 3357 3356 3349
f 3358 3356 3357
f 3359 3358 3357
f 3360 3358 3359
f 3361 3360 3359
f 3362 3360 3361
f 3363 3362 3361
f 3364 3363 3361
f 3365 3363 3364
f 3366 3363 3365
f 3367 3366 3365
f 3368 3366 3367
f 3369 3368 3367
f 3370 3368 3369
f 3371 3370 3369
f 3372 3370 3371
f 3373 3372 3371
f 3374 3372 3373
f 3375 3374 3373
f 3376 3375 3373
f 3377 3375 3376
f 3378 3377 3376
f 3379 3378 3376
f 3380 3378 3379
f 3381 3380 3379
f 3382 3380 3381
f 3383 3380 3382
f 3384 3383 3382
f 3385 3384 3382
f 3386 3385 3382
f 3387 3385 3386
f 3388 3387 3386
f 3389 3388 3386
f 3390 3389 3386
f 3391 3389 3390
f 3392 3391 3390
f 3393 3391 3392
f 3394 3393 3392
f 3395 3393 3394
f 3396 3393 3395
f 3397 3396 3395
f 3398 3397 3395
f 3399 3397 3398
f 3400 3399 3398
f 3401 3399 3400
f 3402 3401 3400
f 3403 3401 3402
f 3404 3403 3402
f 3405 3403 3404
f 3406 3403 3405
f 3407 3406 3405
f 3408 3407 3405
f 3409 3407 3408
f 3410 3409 3408
f 3411 3409 3410
f 3412 3411 3410
f 3413 3409 3411
f 3414 3413 3411
f 3415 3413 3414
f 3416 3415 3414
f 3417 3416 3414
f 3418 3416 3417
f 3419 3418 3417
f 3420 3419 3417
f 3421 3420 3417
f 3422 3420 3421
f 3423 3422 3421
f 3424 3422 3423
f 3420 3422 3424
f 3425 3420 3424
f 3426 3425 3424
f 3427 3426 3424
f 3423 3427 3424
f 3428 3427 3423
f 3429 3428 3423
f 3430 3427 3428
f 3431 3427 3430
f 3432 3431 3430
f 3433 3432 3430
f 3434 3432 3433
f 3435 3434 3433
f 3436 3434 3435
f 3437 3436 3435
f 3438 3436 3437
f 3439 3438 3437
f 3440 3438 3439
f 3441 3440 3439
f 3442 3440 3441
f 3443 3442 3441
f 3444 3442 3443
f 3445 3444 3443
f 3446 3444 3445
f 3447 3446 3445
f 3448 3447 3445
f 3449 3447 3448
f 3450 3447 3449
f 3451 3450 3449
f 3452 3451 3449
f 3453 3451 3452
f 3454 3453 3452
f 3455 3453 3454
f 3456 3455 3454
f 3457 3455 3456
f 3458 3455 3457
f 3459 3458 3457
f 3460 3459 3457
f 3461 3460 3457
f 3462 3460 3461
f 3463 3460 3462
f 3464 3463 3462
f 3465 3464 3462
f 3466 3460 3463
f 3467 3466 3463
f 3468 3466 3467
f 3469 3468 3467
f 3470 3468 3469
f 3471 3470 3469
f 3472 3471 3469
f 3473 3471 3472
f 3474 3473 3472
f 3475 3471 3473
f 3476 3475 3473
f 3477 3476 3473
f 3478 3477 3473
f 3474 3478 3473
f 3479 3477 3478
f 3480 3479 3478
f 3481 3479 3480
f 3482 3481 3480
f 3483 3482 3480
f 3484 3482 3483
f 3485 3484 3483
f 3486 3484 3485
f 3487 3486 3485
f 3488 3487 3485
f 3489 3487 3488
f 3490 3489 3488
f 3491 3489 3490
f 3492 3491 3490
f 3493 3491 3492
f 3494 3493 3492
f 3495 3494 3492
f 3496 3494 3495
f 3497 3496 3495
f 3498 3496 3497
f 3499 3498 3497
f 3500 3498 3499
f 3501 3500 3499
f 3502 3501 3499
f 3503 3501 3502
f 3504 3503 3502
f 3505 3503 3504
f 3506 3505 3504
f 3507 3506 3504
f 3508 3506 3507
f 3509 3506 3508
f 3510 3506 3509
f 3511 3510 3509
f 3512 3511 3509
f 3513 3511 3512
f 3514 3511 3513
f 3515 3514 3513
f 3516 3515 3513
f 3517 3515 3516
f 3518 3517 3516
f 3519 3518 3516
f 3520 3518 3519
f 3521 3518 3520
f 3522 3521 3520
f 3523 3521 3522
f 3524 3523 3522
f 3525 3523 3524
f 3526 3525 3524
f 3527 3525 3526
f 3528 3525 3527
f 3529 3528 3527
f 3530 3529 3527
f 3531 3529 3530
f 3532 3531 3530
f 3533 3532 3530
f 3534 3531 3532
f 3535 3534 3532
f 3536 3534 3535
f 3537 3536 3535
f 3538 3536 3537
f 3539 3538 3537
f 3540 3538 3539
f 3541 3540 3539
f 3542 3540 3541
f 3543 3542 3541
f 3544 3543 3541
f 3545 3542 3543
f 3546 3542 3545
f 3547 3546 3545
f 3548 3547 3545
f 3549 3547 3548
f 3550 3549 3548
f 3551 3550 3548
f 3552 3550 3551
f 3553 3552 3551
f 3554 3553 3551
f 3555 3553 3554
f 3556 3555 3554
f 3557 3555 3556
f 3558 3557 3556
f 3559 3557 3558
f 3560 3559 3558
f 3561 3559 3560
f 3562 3561 3560
f 3563 3562 3560
f 3564 3555 3557
f 3565 3564 3557
f 3559 3565 3557
f 3566 3565 3559
f 3561 3566 3559
f 3567 3565 3566
f 3568 3567 3566
f 3569 3567 3568
f 3570 3569 3568
f 3571 3569 3570
f 3572 3569 3571
f 3573 3572 3571
f 3574 3573 3571
f 3575 3573 3574
f 3576 3575 3574
f 3577 3575 3576
f 3578 3573 3575
f 3579 3578 3575
f 3580 3578 3579
f 3581 3578 3580
f 3582 3581 3580
f 3583 3581 3582
f 3584 3583 3582
f 3585 3584 3582
f 3586 3585 3582
f 3580 3586 3582
f 3587 3586 3580
f 3579 3587 3580
f 3588 3587 3579
f 3589 3588 3579
f 3575 3589 3579
f 3590 3589 3575
f 3591 3590 3575
f 3592 3590 3591
f 3593 3592 3591
f 3594 3593 3591
f 3595 3594 3591
f 3596 3592 3593
f 3597 3592 3596
f 3598 3592 3597
f 3599 3598 3597
f 3600 3599 3597
f 3601 3599 3600
f 3602 3599 3601
f 3603 3602 3601
f 3604 3602 3603
f 3605 3604 3603
f 3606 3604 3605
f 3607 3606 3605
f 3608 3604 3606
f 3609 3604 3608
f 3602 3604 3609
f 3610 3602 3609
f 3611 3610 3609
f 3599 3602 3610
f 3598 3599 3610
f 3611 3598 3610
f 3590 3592 3598
f 3611 3590 3598
f 3589 3590 3611
f 3588 3589 3611
f 3609 3588 3611
f 3608 3588 3609
f 3587 3588 3608
f 3606 3587 3608
f 3586 3587 3606
f 3607 3586 3606
f 3612 3586 3607
f 3585 3586 3612
f 3613 3585 3612
f 3614 3613 3612
f 3615 3613 3614
f 3616 3615 3614
f 3617 3616 3614
f 3618 3616 3617
f 3619 3616 3618
f 3620 3619 3618
f 3621 3620 3618
f 3622 3620 3621
f 3623 3620 3622
f 3624 3623 3622
f 3625 3624 3622
f 3626 3625 3622
f 3627 3625 3626
f 3628 3627 3626
f 3629 3627 3628
f 3630 3629 3628
f 3631 3629 3630
f 3632 3631 3630
f 3633 3632 3630
f 3634 3632 3633
f 3635 3632 3634
f 3636 3635 3634
f 3637 3636 3634
f 3638 3637 3634
f 3639 3637 3638
f 3640 3637 3639
f 3641 3640 3639
f 3642 3637 3640
f 3643 3642 3640
f 3644 3642 3643
f 3645 3644 3643
f 3646 3644 3645
f 3647 3646 3645
f 3648 3646 3647
f 3649 3646 3648
f 3650 3649 3648
f 3651 3649 3650
f 3652 3651 3650
f 3653 3652 3650
f 3654 3652 3653
f 3655 3652 3654
f 3656 3655 3654
f 3657 3655 3656
f 3658 3655 3657
f 3652 3655 3658
f 3659 3652 3658
f 3660 3659 3658
f 3661 3660 3658
f 3662 3660 3661
f 3663 3662 3661
f 3664 3663 3661
f 3665 3663 3664
f 3666 3665 3664
f 3667 3663 3665
f 3668 3667 3665
f 3669 3667 3668
f 3670 3669 3668
f 3671 3669 3670
f 3672 3671 3670
f 3673 3672 3670
f 3674 3673 3670
f 3675 3673 3674
f 3676 3675 3674
f 3677 3675 3676
f 3678 3677 3676
f 3679 3677 3678
f 3680 3679 3678
f 3681 3679 3680
f 3682 3681 3680
f 3683 3681 3682
f 3684 3683 3682
f 3685 3684 3682
f 3686 3685 3682
f 3687 3685 3686
f 3688 3685 3687
f 3689 3688 3687
f 3690 3688 3689
f 3691 3690 3689
f 3692 3690 3691
f 3693 3692 3691
f 3694 3692 3693
f 3695 3694 3693
f 3696 3695 3693
f 3697 3695 3696
f 3698 3695 3697
f 3699 3698 3697
f 3700 3698 3699
f 3701 3698 3700
f 3702 3701 3700
f 3703 3702 3700
f 3699 3703 3700
f 3704 3703 3699
f 3705 3703 3704
f 3706 3705 3704
f 3707 3705 3706
f 3708 3707 3706
f 3709 3708 3706
f 3710 3708 3709
f 3711 3710 3709
f 3712 3710 3711
f 3713 3712 3711
f 3714 3713 3711
f 3715 3713 3714
f 3716 3713 3715
f 3717 3713 3716
f 3718 3717 3716
f 3719 3717 3718
f 3720 3719 3718
f 3721 3720 3718
f 3722 3721 3718
f 3723 3721 3722
f 3724 3723 3722
f 3725 3724 3722
f 3726 3723 3724
f 3727 3723 3726
f 3728 3727 3726
f 3729 3727 3728
f 3730 3729 3728
f 3731 3730 3728
f 3732 3731 3728
f 3733 3730 3731
f 3734 3730 3733
f 3735 3730 3734
f 3736 3735 3734
f 3737 3736 3734
f 3738 3739 3737
f 3740 3739 3738
f 3741 3740 3738
f 3742 3740 3741
f 3743 3742 3741
f 3744 3743 3741
f 3738 3744 3741
f 3745 3742 3743
f 3746 3742 3745
f 3747 3746 3745
f 3748 3746 3747
f 3749 3746 3748
f 3750 3749 3748
f 3751 3750 3748
f 3752 3750 3751
f 3753 3752 3751
f 3754 3752 3753
f 3755 3754 3753
f 3756 3754 3755
f 3757 3756 3755
f 3758 3756 3757
f 3759 3758 3757
f 3760 3758 3759
f 3761 3760 3759
f 3762 3758 3760
f 3763 3758 3762
f 3764 3763 3762
f 3765 3763 3764
f 3766 3765 3764
f 3767 3765 3766
f 3768 3767 3766
f 3769 3768 3766
f 3770 3768 3769
f 3771 3767 3768
f 3772 3771 3768
f 3770 3772 3768
f 3773 3772 3770
f 3774 3772 3773
f 3775 3774 3773
f 3776 3775 3773
f 3777 3776 3773
f 3778 3776 3777
f 3779 3776 3778
f 3780 3779 3778
f 3781 3779 3780
f 3782 3781 3780
f 3783 3781 3782
f 3779 3781 3783
f 3784 3779 3783
f 3785 3784 3783
f 3786 3785 3783
f 3787 3785 3786
f 3788 3787 3786
f 3789 3787 3788
f 3790 3789 3788
f 3791 3790 3788
f 3792 3790 3791
f 3793 3792 3791
f 3794 3792 3793
f 3795 3794 3793
f 3796 3794 3795
f 3797 3796 3795
f 3798 3797 3795
f 3799 3796 3797
f 3800 3796 3799
f 3801 3800 3799
f 3802 3801 3799
f 3803 3801 3802
f 3804 3803 3802
f 3805 3803 3804
f 3806 3803 3805
f 3807 3806 3805
f 3808 3807 3805
f 3809 3808 3805
f 3810 3808 3809
f 3811 3810 3809
f 3812 3811 3809
f 3813 3811 3812
f 3814 3813 3812
f 3815 3813 3814
f 3816 3813 3815
f 3817 3816 3815
f 3818 3817 3815
f 3819 3817 3818
f 3820 3819 3818
f 3821 3819 3820
f 3822 3821 3820
f 3823 3822 3820
f 3824 3822 3823
f 3825 3824 3823
f 3826 3824 3825
f 3827 3824 3826
f 3828 3827 3826
f 3829 3824 3827
f 3830 3824 3829
f 3831 3830 3829
f 3832 3831 3829
f 3833 3831 3832
f 3834 3831 3833
f 3835 3834 3833
f 3836 3835 3833
f 3837 3835 3836
f 3838 3837 3836
f 3839 3837 3838
f 3840 3837 3839
f 3841 3840 3839
f 3842 3841 3839
f 3843 3841 3842
f 3844 3843 3842
f 3845 3843 3844
f 3846 3843 3845
f 3847 3846 3845
f 3848 3847 3845
f 3849 3847 3848
f 3850 3849 3848
f 3851 3849 3850
f 3852 3849 3851
f 3853 3852 3851
f 3854 3852 3853
f 3855 3854 3853
f 3856 3854 3855
f 3857 3856 3855
f 3858 3856 3857
f 3859 3856 3858
f 3860 3859 3858
f 3861 3859 3860
f 3862 3861 3860
f 3863 3861 3862
f 3864 3863 3862
f 3865 3863 3864
f 3866 3863 3865
f 3867 3863 3866
f 3868 3867 3866
f 3869 3868 3866
f 3870 3868 3869
f 3871 3870 3869
f 3872 3871 3869
f 3873 3871 3872
f 3874 3873 3872
f 3875 3874 3872
f 3876 3874 3875
f 3877 3876 3875
f 3878 3876 3877
f 3879 3878 3877
f 3880 3878 3879
f 3881 3878 3880
f 3882 3881 3880
f 3883 3882 3880
f 3884 3882 3883
f 3885 3884 3883
f 3886 3884 3885
f 3887 3884 3886
f 3888 3887 3886
f 3889 3888 3886
f 3890 3889 3886
f 3891 3890 3886
f 3885 3891 3886
f 3892 3890 3891
f 3893 3890 3892
f 3894 3893 3892
f 3895 3893 3894
f 3896 3895 3894
f 3897 3896 3894
f 3892 3897 3894
f 3898 3896 3897
f 3899 3898 3897
f 3900 3898 3899
f 3901 3898 3900
f 3902 3901 3900
f 3903 3901 3902
f 3904 3903 3902
f 3905 3903 3904
f 3906 3905 3904
f 3907 3906 3904
f 3908 3906 3907
f 3909 3908 3907
f 3910 3908 3909
f 3911 3910 3909
f 3912 3910 3911
f 3913 3912 3911
f 3914 3912 3913
f 3915 3914 3913
f 3916 3915 3913
f 3917 3916 3913
f 3911 3917 3913
f 3918 3915 3916
f 3919 3918 3916
f 3920 3918 3919
f 3921 3920 3919
f 3922 3921 3919
f 3923 3921 3922
f 3924 3923 3922
f 3925 3923 3924
f 3926 3925 3924
f 3927 3925 3926
f 3928 3927 3926
f 3929 3928 3926
f 3930 3927 3928
f 3931 3930 3928
f 3932 3930 3931
f 3933 3932 3931
f 3934 3935 3936
f 3937 3935 3934
f 3938 3939 3940
f 3941 3939 3938
f 3942 3941 3938
f 3943 3942 3938
f 3944 3945 3946
f 3947 3945 3944
f 3948 3947 3944
f 3949 3948 3944
f 3950 3947 3948
f 3951 3950 3948
f 3952 3951 3948
f 3953 3951 3952
f 3954 3951 3953
f 3955 3954 3953
f 3956 3954 3955
f 3957 3956 3955
f 3958 3957 3955
f 3959 3957 3958
f 3960 3959 3958
f 3961 3959 3960
f 3962 3961 3960
f 3963 3961 3962
f 3964 3963 3962
f 3965 3964 3962
f 3966 3965 3962
f 3967 3964 3965
f 3968 3967 3965
f 3969 3967 3968
f 3970 3967 3969
f 3971 3970 3969
f 3972 3970 3971
f 3973 3972 3971
f 3974 3973 3971
f 3975 3974 3971
f 3976 3974 3975
f 3977 3976 3975
f 3978 3976 3977
f 3979 3978 3977
f 3980 3978 3979
f 3981 3980 3979
f 3982 3978 3980
f 3983 3982 3980
f 3981 3983 3980
f 3984 3982 3983
f 3985 3984 3983
f 3986 3985 3983
f 3987 3985 3986
f 3988 3987 3986
f 3989 3987 3988
f 3990 3989 3988
f 3991 3989 3990
f 3992 3991 3990
f 3993 3991 3992
f 3994 3993 3992
f 3995 3993 3994
f 3996 3995 3994
f 3997 3996 3994
f 3998 3996 3997
f 3999 3996 3998
f 4000 3999 3998
f 4001 3999 4000
f 4002 4001 4000
f 4003 4001 4002
f 4004 4003 4002
f 4005 4003 4004
f 4006 4005 4004
f 4007 4005 4006
f 4008 4007 4006
f 4009 4007 4008
f 4010 4009 4008
f 4011 4010 4008
f 4012 4010 4011
f 4013 4012 4011
f 4014 4012 4013
f 4015 4012 4014
f 4016 4015 4014
f 4017 4016 4014
f 4018 4017 4014
f 4019 4018 4014
f 4013 4019 4014
f 4020 4018 4019
f 4021 4018 4020
f 4022 4021 4020
f 4023 4022 4020
f 4024 4022 4023
f 4025 4022 4024
f 4021 4022 4025
f 4026 4021 4025
f 4027 4026 4025
f 4028 4027 4025
f 4029 4027 4028
f 4030 4029 4028
f 4031 4030 4028
f 4032 4031 4028
f 4025 4032 4028
f 4024 4032 4025
f 4033 4031 4032
f 4034 4031 4033
f 4030 4031 4034
f 4035 4030 4034
f 4036 4030 4035
f 4037 4036 4035
f 4038 4037 4035
f 4039 4037 4038
f 4040 4039 4038
f 4041 4040 4038
f 4042 4040 4041
f 4043 4040 4042
f 4044 4043 4042
f 4045 4043 4044
f 4046 4045 4044
f 4047 4046 4044
f 4048 4046 4047
f 4049 4048 4047
f 4050 4048 4049
f 4051 4048 4050
f 4052 4051 4050
f 4053 4051 4052
f 4054 4051 4053
f 4055 4054 4053
f 4056 4054 4055
f 4057 4056 4055
f 4058 4056 4057
f 4059 4056 4058
f 4060 4059 4058
f 4061 4059 4060
f 4062 4061 4060
f 4063 4061 4062
f 4064 4063 4062
f 4065 4064 4062
f 4066 4064 4065
f 4067 4066 4065
f 4068 4066 4067
f 4069 4068 4067
f 4070 4066 4068
f 4071 4070 4068
f 4072 4071 4068
f 4073 4071 4072
f 4074 4073 4072
f 4075 4074 4072
f 4076 4074 4075
f 4077 4074 4076
f 4078 4077 4076
f 4079 4077 4078
f 4080 4079 4078
f 4081 4079 4080
f 4082 4081 4080
f 4083 4082 4080
f 4084 4082 4083
f 4085 4084 4083
f 4086 4085 4083
f 4087 4085 4086
f 4088 4087 4086
f 4089 4087 4088
f 4090 4087 4089
f 4091 4090 4089
f 4092 4091 4089
f 4093 4091 4092
f 4094 4093 4092
f 4095 4094 4092
f 4096 4094 4095
f 4097 4096 4095
f 4098 4094 4096
f 4099 4098 4096
f 4100 4099 4096
f 4101 4099 4100
f 4102 4099 4101
f 4103 4102 4101
f 4104 4102 4103
f 4105 4104 4103
f 4106 4104 4105
f 4107 4106 4105
f 4108 4106 4107
f 4109 4108 4107
f 4110 4108 4109
f 4111 4110 4109
f 4112 4111 4109
f 4113 4111 4112
f 4114 4113 4112
f 4115 4113 4114
f 4116 4115 4114
f 4117 4116 4114
f 4118 4116 4117
f 4119 4118 4117
f 4120 4118 4119
f 4121 4118 4120
f 4122 4121 4120
f 4123 4122 4120
f 4124 4122 4123
f 4125 4124 4123
f 4126 4125 4123
f 4127 4125 4126
f 4128 4127 4126
f 4129 4128 4126
f 4130 4127 4128
f 4131 4127 4130
f 4132 4131 4130
f 4133 4131 4132
f 4134 4133 4132
f 4135 4136 4137
f 4138 4136 4135
f 4139 4140 4138
f 4141 4139 4138
f 4142 4139 4141
f 4143 4142 4141
f 4144 4142 4143
f 4145 4142 4144
f 4146 4145 4144
f 4147 4146 4144
f 4148 4146 4147
f 4149 4146 4148
f 4150 4149 4148
f 4151 4150 4148
f 4152 4150 4151
f 4153 4152 4151
f 4154 4152 4153
f 4155 4154 4153
f 4156 4154 4155
f 4157 4156 4155
f 4158 4156 4157
f 4159 4158 4157
f 4160 4159 4157
f 4161 4159 4160
f 4162 4161 4160
f 4163 4162 4160
f 4164 4163 4160
f 4165 4159 4161
f 4158 4159 4165
f 4166 4158 4165
f 4167 4166 4165
f 4168 4167 4165
f 4161 4168 4165
f 4169 4168 4161
f 4170 4168 4169
f 4171 4170 4169
f 4172 4171 4169
f 4161 4172 4169
f 4162 4172 4161
f 4173 4172 4162
f 4174 4173 4162
f 4175 4173 4174
f 4176 4175 4174
f 4177 4175 4176
f 4178 4177 4176
f 4179 4178 4176
f 4180 4179 4176
f 4181 4179 4180
f 4182 4179 4181
f 4178 4179 4182
f 4183 4178 4182
f 4184 4183 4182
f 4185 4183 4184
f 4186 4185 4184
f 4187 4185 4186
f 4188 4187 4186
f 4189 4187 4188
f 4190 4187 4189
f 4191 4190 4189
f 4192 4190 4191
f 4193 4192 4191
f 4194 4193 4191
f 4195 4194 4191
f 4189 4195 4191
f 4196 4194 4195
f 4197 4194 4196
f 4198 4197 4196
f 4199 4197 4198
f 4200 4199 4198
f 4201 4199 4200
f 4202 4201 4200
f 4203 4201 4202
f 4204 4203 4202
f 4205 4204 4202
f 4206 4204 4205
f 4207 4204 4206
f 4208 4204 4207
f 4209 4208 4207
f 4210 4208 4209
f 4211 4210 4209
f 4212 4211 4209
f 4213 4212 4209
f 4214 4212 4213
f 4215 4212 4214
f 4216 4215 4214
f 4217 4215 4216
f 4218 4217 4216
f 4219 4217 4218
f 4220 4219 4218
f 4221 4220 4218
f 4222 4220 4221
f 4223 4222 4221
f 4224 4222 4223
f 4225 4224 4223
f 4226 4224 4225
f 4227 4226 4225
f 4228 4227 4225
f 4229 4228 4225
f 4230 4229 4225
f 4231 4229 4230
f 4232 4229 4231
f 4233 4229 4232
f 4234 4233 4232
f 4235 4233 4234
f 4236 4235 4234
f 4237 4235 4236
f 4238 4237 4236
f 4239 4237 4238
f 4240 4239 4238
f 4241 4239 4240
f 4242 4241 4240
f 4243 4241 4242
f 4244 4237 4239
f 4245 4237 4244
f 4246 4245 4244
f 4247 4245 4246
f 4248 4247 4246
f 4249 4247 4248
f 4250 4249 4248
f 4251 4250 4248
f 4252 4249 4250
f 4253 4252 4250
f 4254 4252 4253
f 4255 4254 4253
f 4256 4254 4255
f 4257 4256 4255
f 4258 4256 4257
f 4259 4258 4257
f 4260 4259 4257
f 4261 4256 4258
f 4262 4261 4258
f 4263 4262 4258
f 4264 4262 4263
f 4265 4262 4264
f 4266 4262 4265
f 4261 4262 4266
f 4266 4256 4261
f 4267 4256 4266
f 4268 4267 4266
f 4269 4268 4266
f 4265 4269 4266
f 4270 4269 4265
f 4264 4270 4265
f 4271 4269 4270
f 4272 4271 4270
f 4273 4272 4270
f 4274 4272 4273
f 4275 4274 4273
f 4276 4275 4273
f 4277 4275 4276
f 4278 4277 4276
f 4279 4277 4278
f 4280 4279 4278
f 4281 4280 4278
f 4282 4280 4281
f 4283 4282 4281
f 4284 4280 4282
f 4279 4280 4284
f 4285 4279 4284
f 4286 4285 4284
f 4287 4286 4284
f 4288 4286 4287
f 4289 4286 4288
f 4290 4289 4288
f 4291 4289 4290
f 4292 4291 4290
f 4293 4291 4292
f 4294 4293 4292
f 4295 4293 4294
f 4296 4295 4294
f 4297 4296 4294
f 4298 4297 4294
f 4299 4297 4298
f 4300 4299 4298
f 4301 4300 4298
f 4302 4301 4298
f 4303 4300 4301
f 4299 4300 4303
f 4304 4297 4299
f 4305 4304 4299
f 4306 4304 4305
f 4307 4306 4305
f 4308 4307 4305
f 4309 4308 4305
f 4310 4308 4309
f 4311 4310 4309
f 4305 4311 4309
f 4312 4310 4311
f 4313 4312 4311
f 4314 4313 4311
f 4315 4314 4311
f 4316 4314 4315
f 4317 4314 4316
f 4318 4317 4316
f 4319 4318 4316
f 4320 4318 4319
f 4321 4320 4319
f 4322 4320 4321
f 4323 4322 4321
f 4324 4322 4323
f 4325 4318 4320
f 4326 4325 4320
f 4322 4326 4320
f 4324 4326 4322
f 4327 4326 4324
f 4328 4326 4327
f 4329 4328 4327
f 4330 4328 4329
f 4331 4328 4330
f 4332 4331 4330
f 4333 4332 4330
f 4334 4332 4333
f 4335 4334 4333
f 4336 4335 4333
f 4337 4335 4336
f 4338 4337 4336
f 4339 4338 4336
f 4340 4338 4339
f 4341 4340 4339
f 4342 4341 4339
f 4343 4341 4342
f 4344 4341 4343
f 4345 4344 4343
f 4346 4344 4345
f 4347 4346 4345
f 4348 4347 4345
f 4349 4347 4348
f 4350 4349 4348
f 4351 4349 4350
f 4352 4349 4351
f 4353 4352 4351
f 4354 4352 4353
f 4355 4354 4353
f 4356 4355 4353
f 4357 4355 4356
f 4358 4357 4356
f 4359 4357 4358
f 4360 4359 4358
f 4361 4359 4360
f 4362 4363 4364
f 4365 4362 4364
f 4366 4362 4365
f 4367 4366 4365
f 4368 4366 4367
f 4369 4368 4367
f 4370 4369 4367
f 4371 4369 4370
f 4372 4371 4370
f 4373 4371 4372
f 4374 4373 4372
f 4375 4374 4372
f 4376 4373 4374
f 4377 4376 4374
f 4378 4376 4377
f 4379 4376 4378
f 4380 4379 4378
f 4381 4379 4380
f 4382 4379 4381
f 4383 4382 4381
f 4384 4383 4381
f 4385 4384 4381
f 4380 4385 4381
f 4386 4384 4385
f 4387 4384 4386
f 4388 4387 4386
f 4389 4388 4386
f 4390 4388 4389
f 4391 4390 4389
f 4392 4391 4389
f 4393 4391 4392
f 4394 4393 4392
f 4395 4394 4392
f 4396 4394 4395
f 4397 4396 4395
f 4398 4397 4395
f 4399 4397 4398
f 4400 4399 4398
f 4401 4397 4399
f 4402 4401 4399
f 4403 4402 4399
f 4400 4403 4399
f 4404 4403 4400
f 4405 4403 4404
f 4406 4405 4404
f 4407 4406 4404
f 4408 4407 4404
f 4409 4407 4408
f 4410 4407 4409
f 4411 4410 4409
f 4412 4411 4409
f 4413 4411 4412
f 4414 4411 4413
f 4415 4414 4413
f 4416 4414 4415
f 4417 4416 4415
f 4418 4416 4417
f 4419 4418 4417
f 4420 4419 4417
f 4421 4419 4420
f 4422 4421 4420
f 4423 4421 4422
f 4424 4421 4423
f 4425 4424 4423
f 4426 4424 4425
f 4427 4426 4425
f 4428 4427 4425
f 4429 4427 4428
f 4430 4429 4428
f 4431 4429 4430
f 4432 4431 4430
f 4433 4432 4430
f 4434 4431 4432
f 4435 4434 4432
f 4436 4435 4432
f 4437 4435 4436
f 4438 4437 4436
f 4439 4438 4436
f 4440 4439 4436
f 4441 4439 4440
f 4442 4441 4440
f 4443 4441 4442
f 4444 4443 4442
f 4445 4444 4442
f 4446 4445 4442
f 4440 4446 4442
f 4447 4446 4440
f 4448 4447 4440
f 4436 4448 4440
f 4432 4448 4436
f 4433 4448 4432
f 4449 4445 4446
f 4450 4449 4446
f 4451 4449 4450
f 4445 4449 4451
f 4452 4445 4451
f 4453 4452 4451
f 4454 4452 4453
f 4455 4454 4453
f 4456 4455 4453
f 4457 4455 4456
f 4458 4457 4456
f 4459 4457 4458
f 4460 4459 4458
f 4461 4460 4458
f 4462 4460 4461
f 4463 4460 4462
f 4464 4460 4463
f 4465 4464 4463
f 4466 4465 4463
f 4467 4465 4466
f 4468 4467 4466
f 4469 4468 4466
f 4470 4469 4466
f 4471 4469 4470
f 4472 4468 4469
f 4467 4468 4472
f 4473 4465 4467
f 4464 4465 4473
f 4474 4464 4473
f 4475 4474 4473
f 4476 4475 4473
f 4477 4476 4473
f 4467 4477 4473
f 4478 4477 4467
f 4472 4478 4467
f 4479 4477 4478
f 4480 4477 4479
f 4481 4480 4479
f 4482 4481 4479
f 4483 4481 4482
f 4484 4481 4483
f 4485 4484 4483
f 4486 4485 4483
f 4487 4485 4486
f 4488 4487 4486
f 4489 4488 4486
f 4490 4488 4489
f 4491 4488 4490
f 4492 4491 4490
f 4493 4492 4490
f 4494 4493 4490
f 4495 4493 4494
f 4496 4493 4495
f 4497 4496 4495
f 4498 4497 4495
f 4499 4496 4497
f 4500 4499 4497
f 4501 4499 4500
f 4502 4499 4501
f 4503 4502 4501
f 4504 4502 4503
f 4505 4502 4504
f 4506 4505 4504
f 4507 4496 4499
f 4508 4496 4507
f 4509 4508 4507
f 4510 4509 4507
f 4511 4510 4507
f 4499 4511 4507
f 4512 4510 4511
f 4513 4512 4511
f 4514 4513 4511
f 4515 4513 4514
f 4516 4513 4515
f 4517 4516 4515
f 4518 4517 4515
f 4519 4517 4518
f 4520 4519 4518
f 4521 4519 4520
f 4522 4521 4520
f 4523 4522 4520
f 4524 4523 4520
f 4525 4524 4520
f 4526 4524 4525
f 4527 4523 4524
f 4526 4527 4524
f 4528 4527 4526
f 4529 4528 4526
f 4530 4528 4529
f 4531 4530 4529
f 4532 4530 4531
f 4533 4532 4531
f 4534 4532 4533
f 4535 4532 4534
f 4536 4535 4534
f 4537 4536 4534
f 4538 4536 4537
f 4539 4538 4537
f 4540 4539 4537
f 4541 4540 4537
f 4542 4540 4541
f 4543 4542 4541
f 4544 4543 4541
f 4545 4544 4541
f 4546 4544 4545
f 4547 4543 4544
f 4548 4542 4543
f 4549 4542 4548
f 4550 4549 4548
f 4551 4550 4548
f 4552 4550 4551
f 4553 4552 4551
f 4554 4553 4551
f 4555 4554 4551
f 4556 4553 4554
f 4557 4556 4554
f 4558 4556 4557
f 4559 4558 4557
f 4560 4558 4559
f 4561 4560 4559
f 4562 4560 4561
f 4563 4562 4561
f 4564 4562 4563
f 4565 4564 4563
f 4566 4564 4565
f 4567 4566 4565
f 4568 4567 4565
f 4569 4568 4565
f 4570 4568 4569
f 4571 4568 4570
f 4572 4571 4570
f 4573 4571 4572
f 4574 4573 4572
f 4575 4574 4572
f 4576 4574 4575
f 4577 4576 4575
f 4578 4576 4577
f 4579 4576 4578
f 4580 4579 4578
f 4581 4579 4580
f 4582 4581 4580
f 4583 4582 4580
f 4584 4582 4583
f 4585 4584 4583
f 4586 4584 4585
f 4587 4586 4585
f 4588 4586 4587
f 4589 4588 4587
f 4590 4588 4589
f 4591 4590 4589
f 4592 4590 4591
f 4593 4594 4595
f 4596 4593 4595
f 4597 4593 4596
f 4598 4597 4596
f 4599 4597 4598
f 4600 4599 4598
f 4601 4599 4600
f 4602 4601 4600
f 4603 4601 4602
f 4604 4603 4602
f 4605 4603 4604
f 4606 4605 4604
f 4607 4605 4606
f 4608 4605 4607
f 4609 4605 4608
f 4610 4609 4608
f 4611 4610 4608
f 4612 4610 4611
f 4613 4612 4611
f 4614 4612 4613
f 4615 4614 4613
f 4616 4615 4613
f 4617 4615 4616
f 4618 4615 4617
f 4619 4615 4618
f 4614 4615 4619
f 4620 4614 4619
f 4621 4620 4619
f 4622 4620 4621
f 4623 4622 4621
f 4624 4622 4623
f 4625 4624 4623
f 4626 4625 4623
f 4627 4626 4623
f 4621 4627 4623
f 4628 4626 4627
f 4629 4628 4627
f 4630 4629 4627
f 4631 4629 4630
f 4632 4631 4630
f 4633 4631 4632
f 4634 4633 4632
f 4635 4634 4632
f 4636 4633 4634
f 4637 4633 4636
f 4638 4637 4636
f 4639 4637 4638
f 4640 4639 4638
f 4641 4639 4640
f 4642 4641 4640
f 4643 4641 4642
f 4644 4643 4642
f 4645 4644 4642
f 4646 4644 4645
f 4647 4646 4645
f 4648 4647 4645
f 4649 4647 4648
f 4650 4647 4649
f 4651 4650 4649
f 4652 4651 4649
f 4653 4651 4652
f 4654 4653 4652
f 4655 4653 4654
f 4656 4655 4654
f 4657 4656 4654
f 4658 4656 4657
f 4659 4656 4658
f 4660 4659 4658
f 4661 4659 4660
f 4662 4661 4660
f 4663 4661 4662
f 4664 4663 4662
f 4665 4664 4662
f 4666 4664 4665
f 4667 4664 4666
f 4668 4667 4666
f 4669 4667 4668
f 4670 4669 4668
f 4671 4669 4670
f 4672 4671 4670
f 4673 4672 4670
f 4674 4673 4670
f 4675 4673 4674
f 4676 4673 4675
f 4677 4676 4675
f 4678 4677 4675
f 4679 4677 4678
f 4680 4679 4678
f 4681 4680 4678
f 4682 4679 4680
f 4683 4682 4680
f 4684 4682 4683
f 4685 4684 4683
f 4686 4684 4685
f 4687 4686 4685
f 4688 4686 4687
f 4689 4688 4687
f 4690 4689 4687
f 4691 4688 4689
f 4692 4688 4691
f 4693 4692 4691
f 4694 4693 4691
f 4695 4693 4694
f 4696 4695 4694
f 4697 4696 4694
f 4698 4697 4694
f 4699 4698 4694
f 4700 4698 4699
f 4701 4698 4700
f 4697 4698 4701
f 4702 4697 4701
f 4703 4702 4701
f 4700 4703 4701
f 4704 4703 4700
f 4705 4702 4703
f 4706 4705 4703
f 4704 4706 4703
f 4707 4706 4704
f 4708 4707 4704
f 4709 4707 4708
f 4710 4707 4709
f 4711 4710 4709
f 4712 4711 4709
f 4713 4711 4712
f 4714 4713 4712
f 4715 4713 4714
f 4716 4713 4715
f 4717 4716 4715
f 4718 4717 4715
f 4719 4717 4718
f 4720 4719 4718
f 4721 4719 4720
f 4722 4721 4720
f 4723 4721 4722
f 4724 4723 4722
f 4725 4723 4724
f 4726 4725 4724
f 4727 4726 4724
f 4728 4725 4726
f 4729 4728 4726
f 4730 4728 4729
f 4731 4728 4730
f 4732 4731 4730
f 4733 4732 4730
f 4734 4732 4733
f 4735 4734 4733
f 4736 4734 4735
f 4737 4734 4736
f 4738 4737 4736
f 4739 4737 4738
f 4740 4739 4738
f 4741 4740 4738
f 4742 4740 4741
f 4743 4740 4742
f 4744 4743 4742
f 4745 4744 4742
f 4746 4744 4745
f 4747 4746 4745
f 4748 4746 4747
f 4749 4748 4747
f 4750 4749 4747
f 4751 4749 4750
f 4752 4749 4751
f 4753 4752 4751
f 4754 4752 4753
f 4755 4754 4753
f 4756 4755 4753
f 4757 4754 4755
f 4758 4757 4755
f 4759 4757 4758
f 4760 4759 4758
f 4761 4759 4760
f 4762 4759 4761
f 4763 4762 4761
f 4764 4762 4763
f 4765 4762 4764
f 4766 4765 4764
f 4767 4765 4766
f 4768 4767 4766
f 4769 4768 4766
f 4770 4768 4769
f 4771 4770 4769
f 4772 4770 4771
f 4773 4772 4771
f 4774 4772 4773
f 4775 4772 4774
f 4776 4770 4772
f 4775 4776 4772
f 4777 4776 4775
f 4778 4777 4775
f 4774 4778 4775
f 4779 4776 4777
f 4780 4779 4777
f 4781 4779 4780
f 4782 4781 4780
f 4783 4781 4782
f 4784 4783 4782
f 4785 4784 4782
f 4786 4783 4784
f 4787 4786 4784
f 4788 4786 4787
f 4789 4786 4788
f 4790 4789 4788
f 4791 4789 4790
f 4792 4791 4790
f 4793 4792 4790
f 4794 4792 4793
f 4795 4794 4793
f 4796 4794 4795
f 4797 4796 4795
f 4798 4796 4797
f 4799 4798 4797
f 4800 4798 4799
f 4801 4800 4799
f 4802 4800 4801
f 4803 4802 4801
f 4804 4803 4801
f 4805 4802 4803
f 4806 4805 4803
f 4807 4802 4805
f 4808 4802 4807
f 4809 4808 4807
f 4810 4808 4809
f 4811 4810 4809
f 4812 4811 4809
f 4813 4812 4809
f 4814 4811 4812
f 4815 4814 4812
f 4816 4814 4815
f 4817 4814 4816
f 4818 4817 4816
f 4819 4817 4818
f 4820 4819 4818
f 4821 4819 4820
f 4822 4821 4820
f 4823 4821 4822
f 4824 4823 4822
f 4825 4824 4822
f 4826 4824 4825
f 4827 4826 4825
f 4828 4826 4827
f 4829 4828 4827
f 4830 4828 4829
f 4831 4828 4830
f 4832 4831 4830
f 4833 4832 4830
f 4834 4832 4833
f 4835 4832 4834
f 4836 4835 4834
f 4837 4836 4834
f 4838 4836 4837
f 4839 4838 4837
f 4840 4838 4839
f 4841 4840 4839
f 4842 4840 4841
f 4843 4842 4841
f 4844 4842 4843
f 4845 4842 4844
f 4846 4845 4844
f 4847 4842 4845
f 4848 4847 4845
f 4849 4847 4848
f 4850 4849 4848
f 4851 4849 4850
f 4852 4847 4849
f 4840 4842 4847
f 4852 4840 4847
f 4838 4840 4852
f 4836 4838 4852
f 4835 4836 4852
f 4849 4835 4852
f 4851 4835 4849
f 4832 4835 4851
f 4831 4832 4851
f 4850 4831 4851
f 4826 4828 4831
f 4850 4826 4831
f 4824 4826 4850
f 4848 4824 4850
f 4823 4824 4848
f 4845 4823 4848
f 4846 4823 4845
f 4846 4821 4823
f 4853 4821 4846
f 4854 4821 4853
f 4855 4854 4853
f 4856 4854 4855
f 4857 4854 4856
f 4858 4854 4857
f 4819 4821 4854
f 4858 4819 4854
f 4817 4819 4858
f 4811 4814 4817
f 4858 4811 4817
f 4810 4811 4858
f 4857 4810 4858
f 4808 4810 4857
f 4800 4802 4808
f 4857 4800 4808
f 4798 4800 4857
f 4856 4798 4857
f 4796 4798 4856
f 4794 4796 4856
f 4855 4794 4856
f 4792 4794 4855
f 4853 4792 4855
f 4791 4792 4853
f 4846 4791 4853
f 4844 4791 4846
f 4789 4791 4844
f 4843 4789 4844
f 4783 4786 4789
f 4843 4783 4789
f 4781 4783 4843
f 4841 4781 4843
f 4779 4781 4841
f 4839 4779 4841
f 4776 4779 4839
f 4770 4776 4839
f 4859 4697 4702
f 4696 4697 4859
f 4860 4696 4859
f 4861 4696 4860
f 4862 4861 4860
f 4863 4862 4860
f 4859 4863 4860
f 4864 4862 4863
f 4865 4864 4863
f 4866 4864 4865
f 4867 4864 4866
f 4868 4867 4866
f 4869 4868 4866
f 4870 4868 4869
f 4871 4870 4869
f 4872 4870 4871
f 4873 4870 4872
f 4874 4873 4872
f 4875 4870 4873
f 4876 4875 4873
f 4877 4875 4876
f 4878 4877 4876
f 4879 4877 4878
f 4880 4879 4878
f 4881 4879 4880
f 4882 4881 4880
f 4883 4882 4880
f 4884 4882 4883
f 4885 4884 4883
f 4886 4885 4883
f 4887 4885 4886
f 4888 4887 4886
f 4889 4888 4886
f 4890 4889 4886
f 4891 4888 4889
f 4892 4888 4891
f 4893 4892 4891
f 4894 4893 4891
f 4895 4893 4894
f 4896 4895 4894
f 4897 4893 4895
f 4898 4897 4895
f 4896 4898 4895
f 4899 4897 4898
f 4900 4899 4898
f 4901 4899 4900
f 4902 4901 4900
f 4903 4902 4900
f 4904 4902 4903
f 4905 4904 4903
f 4906 4905 4903
f 4907 4902 4904
f 4908 4907 4904
f 4909 4907 4908
f 4910 4909 4908
f 4911 4909 4910
f 4912 4911 4910
f 4913 4911 4912
f 4914 4913 4912
f 4915 4914 4912
f 4916 4915 4912
f 4917 4915 4916
f 4918 4917 4916
f 4919 4917 4918
f 4920 4919 4918
f 4921 4919 4920
f 4922 4921 4920
f 4923 4922 4920
f 4924 4922 4923
f 4925 4924 4923
f 4926 4924 4925
f 4927 4924 4926
f 4928 4927 4926
f 4929 4927 4928
f 4930 4929 4928
f 4931 4930 4928
f 4932 4930 4931
f 4933 4932 4931
f 4934 4933 4931
f 4935 4933 4934
f 4936 4935 4934
f 4937 4935 4936
f 4938 4937 4936
f 4939 4937 4938
f 4940 4939 4938
f 4941 4939 4940
f 4942 4941 4940
f 4943 4941 4942
f 4944 4941 4943
f 4945 4944 4943
f 4946 4945 4943
f 4947 4945 4946
f 4948 4949 4950
f 4951 4948 4950
f 4952 4951 4950
f 4953 4951 4952
f 4954 4953 4952
f 4955 4953 4954
f 4956 4955 4954
f 4957 4955 4956
f 4958 4959 4960
f 4961 4958 4960
f 4962 4963 4964
f 4965 4962 4964
f 4966 4967 4968
f 4969 4966 4968
f 4970 4969 4968
f 4971 4969 4970
f 4972 4969 4971
f 4973 4972 4971
f 4974 4973 4971
f 4975 4973 4974
f 4976 4973 4975
f 4977 4976 4975
f 4978 4976 4977
f 4979 4978 4977
f 4980 4979 4977
f 4981 4979 4980
f 4982 4981 4980
f 4983 4981 4982
f 4984 4983 4982
f 4985 4983 4984
f 4986 4985 4984
f 4987 4985 4986
f 4988 4985 4987
f 4989 4988 4987
f 4990 4989 4987
f 4991 4989 4990
f 4992 4989 4991
f 4993 4989 4992
f 4994 4993 4992
f 4995 4993 4994
f 4996 4995 4994
f 4992 4996 4994
f 4997 4995 4996
f 4998 4997 4996
f 4999 4997 4998
f 5000 4999 4998
f 5001 5000 4998
f 5002 5000 5001
f 5003 5002 5001
f 5004 5002 5003
f 5005 5004 5003
f 5006 5005 5003
f 5007 5005 5006
f 5008 5007 5006
f 5009 5007 5008
f 5010 5009 5008
f 5011 5009 5010
f 5012 5011 5010
f 5013 5011 5012
f 5014 5013 5012
f 5015 5014 5012
f 5016 5014 5015
f 5017 5014 5016
f 5018 5017 5016
f 5019 5014 5017
f 5013 5014 5019
f 5020 5005 5007
f 5004 5005 5020
f 5021 5004 5020
f 5022 5004 5021
f 5023 5022 5021
f 5024 5023 5021
f 5025 5023 5024
f 5026 5025 5024
f 5027 5025 5026
f 5028 5027 5026
f 5029 5023 5025
f 5022 5023 5029
f 5030 5022 5029
f 5031 5030 5029
f 5032 5031 5029
f 5025 5032 5029
f 5027 5032 5025
f 5033 5032 5027
f 5034 5033 5027
f 5035 5034 5027
f 5028 5035 5027
f 5036 5035 5028
f 5037 5036 5028
f 5038 5036 5037
f 5039 5036 5038
f 5040 5039 5038
f 5041 5040 5038
f 5042 5040 5041
f 5043 5042 5041
f 5044 5043 5041
f 5045 5043 5044
f 5046 5045 5044
f 5047 5046 5044
f 5048 5046 5047
f 5049 5048 5047
f 5050 5048 5049
f 5051 5048 5050
f 5052 5051 5050
f 5053 5052 5050
f 5054 5052 5053
f 5055 5054 5053
f 5056 5054 5055
f 5057 5056 5055
f 5058 5056 5057
f 5059 5058 5057
f 5060 5058 5059
f 5061 5060 5059
f 5062 5061 5059
f 5063 5061 5062
f 5064 5061 5063
f 5065 5064 5063
f 5066 5065 5063
f 5067 5065 5066
f 5068 5067 5066
f 5069 5067 5068
f 5070 5069 5068
f 5071 5067 5069
f 5072 5071 5069
f 5073 5071 5072
f 5074 5073 5072
f 5075 5073 5074
f 5076 5075 5074
f 5077 5076 5074
f 5078 5075 5076
f 5079 5078 5076
f 5080 5079 5076
f 5081 5079 5080
f 5082 5079 5081
f 5078 5079 5082
f 5083 5078 5082
f 5084 5078 5083
f 5085 5084 5083
f 5086 5084 5085
f 5087 5086 5085
f 5088 5086 5087
f 5089 5088 5087
f 5090 5088 5089
f 5091 5090 5089
f 5092 5091 5089
f 5093 5091 5092
f 5094 5091 5093
f 5095 5094 5093
f 5096 5095 5093
f 5097 5095 5096
f 5098 5097 5096
f 5099 5097 5098
f 5100 5099 5098
f 5101 5099 5100
f 5102 5101 5100
f 5103 5102 5100
f 5104 5101 5102
f 5105 5101 5104
f 5106 5101 5105
f 5107 5106 5105
f 5108 5107 5105
f 5109 5106 5107
f 5110 5109 5107
f 5111 5109 5110
f 5112 5111 5110
f 5113 5111 5112
f 5114 5113 5112
f 5115 5113 5114
f 5116 5115 5114
f 5117 5115 5116
f 5118 5117 5116
f 5119 5118 5116
f 5120 5118 5119
f 5121 5120 5119
f 5122 5121 5119
f 5123 5121 5122
f 5124 5123 5122
f 5125 5124 5122
f 5126 5125 5122
f 5127 5125 5126
f 5128 5127 5126
f 5129 5127 5128
f 5130 5129 5128
f 5131 5130 5128
f 5132 5130 5131
f 5133 5130 5132
f 5134 5133 5132
f 5135 5133 5134
f 5136 5135 5134
f 5137 5135 5136
f 5138 5137 5136
f 5139 5137 5138
f 5140 5137 5139
f 5141 5140 5139
f 5142 5141 5139
f 5143 5141 5142
f 5144 5143 5142
f 5145 5144 5142
f 5146 5144 5145
f 5147 5146 5145
f 5148 5146 5147
f 5149 5148 5147
f 5150 5148 5149
f 5151 5150 5149
f 5152 5151 5149
f 5153 5152 5149
f 5154 5152 5153
f 5155 5154 5153
f 5156 5155 5153
f 5157 5156 5153
f 5158 5155 5156
f 5159 5155 5158
f 5160 5159 5158
f 5161 5159 5160
f 5162 5159 5161
f 5163 5162 5161
f 5164 5163 5161
f 5165 5163 5164
f 5166 5165 5164
f 5167 5165 5166
f 5168 5169 5170
f 5171 5169 5168
f 5172 5171 5168
f 5173 5172 5168
f 5174 5173 5168
f 5175 5172 5173
f 5176 5175 5173
f 5177 5176 5173
f 5178 5179 5180
f 5181 5179 5178
f 5182 5181 5178
f 5183 5182 5178
f 5184 5183 5178
f 5185 5183 5184
f 5186 5185 5184
f 5187 5186 5184
f 5188 5186 5187
f 5189 5188 5187
f 5190 5188 5189
f 5191 5188 5190
f 5192 5191 5190
f 5193 5191 5192
f 5194 5191 5193
f 5195 5194 5193
f 5196 5195 5193
f 5197 5195 5196
f 5198 5197 5196
f 5199 5198 5196
f 5200 5198 5199
f 5201 5198 5200
f 5202 5201 5200
f 5203 5202 5200
f 5204 5202 5203
f 5205 5202 5204
f 5206 5202 5205
f 5201 5202 5206
f 5207 5198 5201
f 5208 5198 5207
f 5197 5198 5208
f 5209 5197 5208
f 5210 5209 5208
f 5211 5210 5208
f 5212 5210 5211
f 5213 5212 5211
f 5214 5213 5211
f 5215 5212 5213
f 5216 5215 5213
f 5217 5216 5213
f 5218 5216 5217
f 5219 5218 5217
f 5220 5219 5217
f 5221 5218 5219
f 5222 5221 5219
f 5223 5221 5222
f 5224 5223 5222
f 5225 5223 5224
f 5226 5225 5224
f 5227 5225 5226
f 5228 5227 5226
f 5229 5227 5228
f 5230 5227 5229
f 5231 5230 5229
f 5232 5231 5229
f 5233 5231 5232
f 5234 5231 5233
f 5235 5231 5234
f 5236 5235 5234
f 5237 5236 5234
f 5238 5237 5234
f 5233 5238 5234
f 5239 5238 5233
f 5240 5239 5233
f 5241 5240 5233
f 5232 5241 5233
f 5242 5239 5240
f 5243 5239 5242
f 5244 5243 5242
f 5245 5243 5244
f 5246 5245 5244
f 5247 5246 5244
f 5248 5245 5246
f 5249 5248 5246
f 5250 5249 5246
f 5251 5250 5246
f 5247 5251 5246
f 5252 5250 5251
f 5253 5250 5252
f 5254 5253 5252
f 5255 5253 5254
f 5256 5255 5254
f 5257 5256 5254
f 5258 5256 5257
f 5259 5256 5258
f 5260 5256 5259
f 5255 5256 5260
f 5261 5253 5255
f 5262 5250 5253
f 5263 5250 5262
f 5264 5263 5262
f 5265 5263 5264
f 5266 5265 5264
f 5267 5266 5264
f 5268 5265 5266
f 5269 5268 5266
f 5270 5269 5266
f 5271 5269 5270
f 5272 5271 5270
f 5273 5271 5272
f 5274 5273 5272
f 5275 5271 5273
f 5276 5269 5271
f 5275 5276 5271
f 5277 5276 5275
f 5278 5276 5277
f 5279 5278 5277
f 5280 5278 5279
f 5281 5280 5279
f 5282 5280 5281
f 5283 5282 5281
f 5284 5282 5283
f 5285 5284 5283
f 5286 5285 5283
f 5287 5286 5283
f 5288 5287 5283
f 5289 5288 5283
f 5281 5289 5283
f 5290 5288 5289
f 5291 5288 5290
f 5292 5288 5291
f 5293 5292 5291
f 5294 5293 5291
f 5295 5293 5294
f 5296 5295 5294
f 5297 5296 5294
f 5298 5296 5297
f 5299 5298 5297
f 5300 5299 5297
f 5301 5298 5299
f 5302 5301 5299
f 5303 5301 5302
f 5304 5303 5302
f 5305 5304 5302
f 5306 5304 5305
f 5307 5306 5305
f 5308 5306 5307
f 5309 5308 5307
f 5310 5309 5307
f 5311 5309 5310
f 5312 5309 5311
f 5313 5312 5311
f 5314 5312 5313
f 5315 5314 5313
f 5316 5315 5313
f 5317 5314 5315
f 5318 5312 5314
f 5319 5318 5314
f 5320 5318 5319
f 5321 5318 5320
f 5322 5321 5320
f 5323 5318 5321
f 5324 5323 5321
f 5325 5324 5321
f 5326 5324 5325
f 5327 5326 5325
f 5328 5327 5325
f 5329 5328 5325
f 5330 5329 5325
f 5321 5330 5325
f 5322 5330 5321
f 5331 5330 5322
f 5332 5330 5331
f 5333 5332 5331
f 5334 5333 5331
f 5335 5333 5334
f 5336 5333 5335
f 5337 5336 5335
f 5338 5336 5337
f 5339 5338 5337
f 5340 5338 5339
f 5341 5340 5339
f 5342 5341 5339
f 5343 5342 5339
f 5344 5343 5339
f 5345 5346 5347
f 5348 5349 5346
f 5345 5348 5346
f 5350 5348 5345
f 5351 5348 5350
f 5352 5351 5350
f 5353 5351 5352
f 5349 5348 5351
f 5354 5349 5351
f 5355 5356 5354
f 5357 5355 5354
f 5358 5359 5360
f 5361 5359 5358
f 5362 5361 5358
f 5363 5359 5361
f 5364 5363 5361
f 5365 5366 5367
f 5368 5366 5365
f 5369 5368 5365
f 5370 5369 5365
f 5371 5369 5370
f 5372 5371 5370
f 5373 5371 5372
f 5374 5373 5372
f 5375 5373 5374
f 5376 5375 5374
f 5377 5375 5376
f 5378 5377 5376
f 5379 5377 5378
f 5380 5377 5379
f 5381 5380 5379
f 5382 5381 5379
f 5383 5381 5382
f 5384 5381 5383
f 5385 5384 5383
f 5386 5385 5383
f 5387 5386 5383
f 5382 5387 5383
f 5388 5389 5390
f 5391 5389 5388
f 5392 5391 5388
f 5393 5391 5392
f 5394 5393 5392
f 5395 5394 5392
f 5396 5394 5395
f 5397 5396 5395
f 5398 5397 5395
f 5399 5397 5398
f 5400 5399 5398
f 5401 5399 5400
f 5402 5399 5401
f 5403 5402 5401
f 5404 5403 5401
f 5405 5403 5404
f 5406 5405 5404
f 5407 5405 5406
f 5408 5405 5407
f 5409 5408 5407
f 5410 5408 5409
f 5411 5410 5409
f 5412 5410 5411
f 5413 5412 5411
f 5414 5413 5411
f 5415 5413 5414
f 5416 5415 5414
f 5417 5415 5416
f 5418 5417 5416
f 5419 5417 5418
f 5420 5419 5418
f 5421 5419 5420
f 5422 5421 5420
f 5423 5422 5420
f 5424 5421 5422
f 5425 5421 5424
f 5426 5421 5425
f 5427 5426 5425
f 5428 5427 5425
f 5429 5428 5425
f 5430 5428 5429
f 5431 5430 5429
f 5432 5428 5430
f 5433 5428 5432
f 5434 5433 5432
f 5435 5433 5434
f 5436 5435 5434
f 5437 5436 5434
f 5438 5436 5437
f 5439 5438 5437
f 5440 5436 5438
f 5441 5440 5438
f 5439 5441 5438
f 5442 5441 5439
f 5443 5442 5439
f 5444 5443 5439
f 5445 5443 5444
f 5445 5442 5443
f 5446 5442 5445
f 5447 5446 5445
f 5448 5447 5445
f 5449 5448 5445
f 5450 5448 5449
f 5451 5448 5450
f 5452 5448 5451
f 5453 5452 5451
f 5454 5452 5453
f 5455 5452 5454
f 5456 5455 5454
f 5457 5456 5454
f 5458 5457 5454
f 5459 5457 5458
f 5460 5459 5458
f 5461 5460 5458
f 5462 5459 5460
f 5463 5459 5462
f 5464 5463 5462
f 5465 5464 5462
f 5466 5464 5465
f 5467 5464 5466
f 5468 5467 5466
f 5465 5469 5466
f 3386 3382 3184
f 5445 5444 5449
f 5470 5471 5472
f 5473 5470 5472
f 5474 5470 5473
f 5475 5470 5474
f 5476 5470 5475
f 5477 5476 5475
f 5478 5477 5475
f 5479 5478 5475
f 5474 5479 5475
f 5480 5479 5474
f 5481 5479 5480
f 5482 5481 5480
f 5483 5482 5480
f 5484 5482 5483
f 5485 5484 5483
f 5486 5484 5485
f 5487 5486 5485
f 5488 5484 5486
f 5489 5488 5486
f 5490 5484 5488
f 5482 5484 5490
f 5491 5482 5490
f 5481 5482 5491
f 5492 5481 5491
f 5493 5481 5492
f 5479 5481 5493
f 5478 5479 5493
f 5494 5478 5493
f 5495 5494 5493
f 5492 5495 5493
f 5496 5495 5492
f 5497 5496 5492
f 5498 5496 5497
f 5499 5498 5497
f 5500 5498 5499
f 5501 5500 5499
f 5502 5500 5501
f 5503 5498 5500
f 5504 5498 5503
f 5505 5504 5503
f 5506 5504 5505
f 5507 5506 5505
f 5508 5507 5505
f 5509 5507 5508
f 5510 5507 5509
f 5511 5510 5509
f 5512 5511 5509
f 5513 5511 5512
f 5514 5513 5512
f 5515 5513 5514
f 5516 5515 5514
f 5517 5516 5514
f 5518 5516 5517
f 5519 5518 5517
f 5520 5518 5519
f 5521 5520 5519
f 5522 5521 5519
f 5523 5520 5521
f 5524 5520 5523
f 5525 5524 5523
f 5526 5525 5523
f 5527 5524 5525
f 5528 5527 5525
f 5529 5527 5528
f 5530 5529 5528
f 5531 5532 5533
f 5534 5531 5533
f 5535 5531 5534
f 5536 5531 5535
f 5537 5536 5535
f 5538 5536 5537
f 5539 5536 5538
f 5540 5536 5539
f 5541 5540 5539
f 5542 5541 5539
f 5543 5542 5539
f 5538 5543 5539
f 5544 5543 5538
f 5545 5543 5544
f 5546 5541 5542
f 5547 5546 5542
f 5548 5547 5542
f 5549 5547 5548
f 5550 5547 5549
f 5551 5550 5549
f 5552 5550 5551
f 5553 5552 5551
f 5554 5553 5551
f 5555 5553 5554
f 5555 5552 5553
f 5556 5552 5555
f 5557 5558 5555
f 5559 5558 5557
f 5560 5559 5557
f 5561 5560 5557
f 5562 5559 5560
f 5552 5556 5563
f 5550 5552 5563
f 5546 5547 5550
f 5564 5540 5541
f 5531 5536 5540
f 5532 5531 5540
f 5564 5532 5540
f 5496 5498 5504
f 5506 5496 5504
f 5477 5478 5494
f 5471 5470 5476
f 5447 5448 5452
f 5455 5447 5452
f 5427 5428 5433
f 5435 5427 5433
f 5419 5421 5426
f 5427 5419 5426
f 5565 5566 5567
f 5568 5566 5565
f 5569 5568 5565
f 5570 5569 5565
f 5571 5569 5570
f 5572 5569 5571
f 5573 5572 5571
f 5574 5569 5572
f 5575 5574 5572
f 5576 5574 5575
f 5577 5576 5575
f 5568 5569 5574
f 5576 5568 5574
f 5384 5385 5577
f 5575 5384 5577
f 5381 5384 5575
f 5572 5381 5575
f 5573 5381 5572
f 5380 5381 5573
f 5375 5377 5380
f 5573 5375 5380
f 5373 5375 5573
f 5571 5373 5573
f 5371 5373 5571
f 5570 5371 5571
f 5369 5371 5570
f 5368 5369 5570
f 5565 5368 5570
f 5567 5368 5565
f 5366 5368 5567
f 5578 5326 5327
f 5579 5326 5578
f 5324 5326 5579
f 5323 5324 5579
f 5580 5323 5579
f 5312 5318 5323
f 5580 5312 5323
f 5309 5312 5580
f 5308 5309 5580
f 5579 5308 5580
f 5578 5308 5579
f 5306 5308 5578
f 5304 5306 5578
f 5327 5304 5578
f 5303 5304 5327
f 5328 5303 5327
f 5287 5288 5292
f 5581 5284 5285
f 5582 5284 5581
f 5583 5284 5582
f 5584 5583 5582
f 5585 5583 5584
f 5586 5585 5584
f 5587 5586 5584
f 5588 5585 5586
f 5282 5284 5583
f 5280 5282 5583
f 5585 5280 5583
f 5278 5280 5585
f 5588 5278 5585
f 5276 5278 5588
f 5268 5269 5276
f 5588 5268 5276
f 5265 5268 5588
f 5586 5265 5588
f 5587 5265 5586
f 5263 5265 5587
f 5249 5250 5263
f 5587 5249 5263
f 5248 5249 5587
f 5584 5248 5587
f 5582 5248 5584
f 5245 5248 5582
f 5581 5245 5582
f 5243 5245 5581
f 5285 5243 5581
f 5239 5243 5285
f 5238 5239 5285
f 5286 5238 5285
f 5230 5231 5235
f 5227 5223 5225
f 5195 5197 5209
f 5099 5101 5106
f 5075 5078 5084
f 5589 5036 5039
f 5035 5036 5589
f 5590 5032 5033
f 5031 5032 5590
f 5591 5031 5590
f 5030 5031 5591
f 5592 5030 5591
f 5593 5592 5591
f 5594 5593 5591
f 5595 5030 5592
f 5596 5595 5592
f 5597 5595 5596
f 5022 5030 5595
f 5597 5022 5595
f 5004 5022 5597
f 5002 5004 5597
f 5596 5002 5597
f 5000 5002 5596
f 4999 5000 5596
f 5592 4999 5596
f 5593 4999 5592
f 4997 4999 5593
f 5594 4997 5593
f 4995 4997 5594
f 4988 4989 4993
f 5598 4963 4962
f 4961 4963 5598
f 4958 4961 5598
f 5599 4958 5598
f 5600 5599 5598
f 4962 5600 5598
f 5601 5599 5600
f 5602 5601 5600
f 5603 5601 5602
f 5604 5599 5601
f 5605 5599 5604
f 4958 5599 5605
f 4959 4958 5605
f 4955 4957 4959
f 5605 4955 4959
f 4953 4955 5605
f 5604 4953 5605
f 4951 4953 5604
f 4948 4951 5604
f 5601 4948 5604
f 5603 4948 5601
f 4949 4948 5603
f 5606 4949 5603
f 5602 5606 5603
f 4868 4870 4875
f 4877 4868 4875
f 4867 4868 4877
f 4695 4696 4861
f 4672 4673 4676
f 4667 4669 4671
f 4603 4605 4609
f 4512 4513 4516
f 4493 4496 4508
f 4492 4493 4508
f 4509 4492 4508
f 4444 4445 4452
f 5607 4328 4331
f 4326 4328 5607
f 5607 4325 4326
f 5608 4308 4310
f 4296 4297 4304
f 4306 4296 4304
f 4254 4256 4267
f 5609 4254 4267
f 5610 5609 4267
f 5611 5609 5610
f 5612 5611 5610
f 5613 5612 5610
f 5614 5609 5611
f 5615 5614 5611
f 5616 5614 5615
f 4252 4254 5609
f 5614 4252 5609
f 4249 4252 5614
f 5616 4249 5614
f 4247 4249 5616
f 4245 4247 5616
f 4235 4237 4245
f 4228 4229 4233
f 4156 4158 4166
f 4064 4066 4070
f 5617 4056 4059
f 5618 5617 4059
f 5619 5617 5618
f 4054 4056 5617
f 5619 4054 5617
f 4051 4054 5619
f 4048 4051 5619
f 4046 4048 5619
f 5618 4046 5619
f 4045 4046 5618
f 4039 4040 4043
f 4029 4030 4036
f 4018 4021 4026
f 4017 4018 4026
f 4010 4012 4015
f 3959 3961 3963
f 3912 3908 3910
f 3882 3884 3887
f 3876 3878 3881
f 3861 3863 3867
f 5620 3831 3834
f 3830 3831 5620
f 3822 3824 3830
f 5620 3822 3830
f 3821 3822 5620
f 3810 3811 3813
f 3756 3758 3763
f 3729 3730 3735
f 3651 3652 3659
f 3636 3637 3642
f 5621 3620 3623
f 3619 3620 5621
f 5622 3619 5621
f 5623 5622 5621
f 3616 3619 5622
f 5624 3613 3615
f 5625 5624 3615
f 5626 3613 5624
f 5627 5626 5624
f 3585 3613 5626
f 3584 3585 5626
f 5627 3584 5626
f 5628 3584 5627
f 3583 3584 5628
f 5629 3583 5628
f 3581 3583 5629
f 3572 3573 3578
f 3581 3572 3578
f 3546 3540 3542
f 3505 3506 3510
f 3477 3479 3481
f 3426 3427 3431
f 3401 3403 3406
f 3384 3385 3387
f 3355 3356 3358
f 3328 3331 3335
f 3337 3328 3335
f 3318 3319 3323
f 3302 3304 3307
f 3246 3247 3251
f 3230 3231 3235
f 3224 3220 3222
f 2954 2957 2961
f 5550 5563 5630
f 5546 5550 5630
f 5541 5546 5631
f 5564 5541 5631
f 3572 3581 5629
f 3569 3572 5629
f 3567 3569 5629
f 3565 3567 5629
f 5628 3565 5629
f 3564 3565 5628
f 5627 3564 5628
f 5627 3555 3564
f 3553 3555 5627
f 5624 3553 5627
f 5625 3553 5624
f 3552 3553 5625
f 3552 5625 3615
f 5602 5632 5606
f 5527 5529 5562
f 5560 5527 5562
f 5524 5527 5560
f 5561 5524 5560
f 5520 5524 5561
f 5518 5520 5561
f 5554 5557 5555
f 5561 5557 5554
f 5518 5561 5554
f 5516 5518 5554
f 5551 5516 5554
f 5549 5516 5551
f 5515 5516 5549
f 5548 5515 5549
f 5513 5515 5548
f 5511 5513 5548
f 5510 5511 5548
f 5542 5510 5548
f 5543 5510 5542
f 5545 5510 5543
f 5507 5510 5545
f 5506 5507 5545
f 5544 5506 5545
f 5496 5506 5544
f 5495 5496 5544
f 5538 5495 5544
f 5494 5495 5538
f 5537 5494 5538
f 5477 5494 5537
f 5535 5477 5537
f 5476 5477 5535
f 5534 5476 5535
f 5471 5476 5534
f 5633 5471 5534
f 5533 5633 5534
f 5528 5468 5530
f 5467 5468 5528
f 5525 5467 5528
f 5526 5467 5525
f 5464 5467 5526
f 5463 5464 5526
f 5523 5463 5526
f 5521 5463 5523
f 5459 5463 5521
f 5522 5459 5521
f 5457 5459 5522
f 5456 5457 5522
f 5519 5456 5522
f 5517 5456 5519
f 5455 5456 5517
f 5514 5455 5517
f 5512 5455 5514
f 5447 5455 5512
f 5446 5447 5512
f 4768 4770 4839
f 4837 4768 4839
f 4767 4768 4837
f 4834 4767 4837
f 4833 4767 4834
f 4765 4767 4833
f 4830 4765 4833
f 4829 4765 4830
f 4762 4765 4829
f 4759 4762 4829
f 4757 4759 4829
f 4827 4757 4829
f 4754 4757 4827
f 4825 4754 4827
f 4752 4754 4825
f 4822 4752 4825
f 4820 4752 4822
f 4749 4752 4820
f 4818 4749 4820
f 4748 4749 4818
f 4816 4748 4818
f 4746 4748 4816
f 4815 4746 4816
f 4744 4746 4815
f 4743 4744 4815
f 4812 4743 4815
f 4813 4743 4812
f 4740 4743 4813
f 4739 4740 4813
f 4809 4739 4813
f 4807 4739 4809
f 4805 4739 4807
f 4737 4739 4805
f 4806 4737 4805
f 4734 4737 4806
f 4732 4734 4806
f 4731 4732 4806
f 4803 4731 4806
f 4804 4731 4803
f 4728 4731 4804
f 4725 4728 4804
f 4801 4725 4804
f 4723 4725 4801
f 4799 4723 4801
f 4721 4723 4799
f 4797 4721 4799
f 4719 4721 4797
f 4795 4719 4797
f 4717 4719 4795
f 4793 4717 4795
f 4716 4717 4793
f 4790 4716 4793
f 4788 4716 4790
f 4787 4716 4788
f 4713 4716 4787
f 4711 4713 4787
f 4710 4711 4787
f 4784 4710 4787
f 4785 4710 4784
f 4707 4710 4785
f 4706 4707 4785
f 4782 4706 4785
f 4780 4706 4782
f 4705 4706 4780
f 4777 4705 4780
f 4778 4705 4777
f 4702 4705 4778
f 4859 4702 4778
f 4863 4859 4778
f 4774 4863 4778
f 4865 4863 4774
f 4773 4865 4774
f 4305 4315 4311
f 4299 4315 4305
f 4303 4315 4299
f 4316 4315 4303
f 4319 4316 4303
f 4301 4319 4303
f 4321 4319 4301
f 5267 5264 5262
f 5353 5354 5351
f 5446 5512 5509
f 5442 5446 5509
f 5508 5442 5509
f 5441 5442 5508
f 5505 5441 5508
f 5503 5441 5505
f 5440 5441 5503
f 5500 5440 5503
f 5436 5440 5500
f 5435 5436 5500
f 5502 5435 5500
f 5427 5435 5502
f 5419 5427 5502
f 5417 5419 5502
f 5501 5417 5502
f 5415 5417 5501
f 5499 5415 5501
f 5413 5415 5499
f 5497 5413 5499
f 5412 5413 5497
f 5492 5412 5497
f 5491 5412 5492
f 5410 5412 5491
f 5490 5410 5491
f 5408 5410 5490
f 5488 5408 5490
f 5489 5408 5488
f 5405 5408 5489
f 5403 5405 5489
f 5402 5403 5489
f 5486 5402 5489
f 5487 5402 5486
f 5399 5402 5487
f 5397 5399 5487
f 5485 5397 5487
f 5396 5397 5485
f 5483 5396 5485
f 5480 5396 5483
f 5394 5396 5480
f 5393 5394 5480
f 5474 5393 5480
f 5391 5393 5474
f 5473 5391 5474
f 5389 5391 5473
f 5472 5389 5473
f 4518 4525 4520
f 5590 5594 5591
f 4164 4160 4157
f 3782 3786 3783
f 3777 3773 3770
f 3562 3566 3561
f 4239 4246 4244
f 3657 3661 3658
f 3664 3661 3657
f 3666 3664 3657
f 5353 5357 5354
f 4233 4235 4245
f 3666 3415 3416
f 3418 3666 3416
f 3665 3666 3418
f 3668 3665 3418
f 3419 3668 3418
f 3670 3668 3419
f 3674 3670 3419
f 3420 3674 3419
f 3425 3674 3420
f 3676 3674 3425
f 3678 3676 3425
f 3426 3678 3425
f 3680 3678 3426
f 3431 3680 3426
f 3682 3680 3431
f 3686 3682 3431
f 3432 3686 3431
f 3434 3686 3432
f 3687 3686 3434
f 3436 3687 3434
f 3689 3687 3436
f 3438 3689 3436
f 3691 3689 3438
f 3440 3691 3438
f 3693 3691 3440
f 3442 3693 3440
f 3696 3693 3442
f 3444 3696 3442
f 3697 3696 3444
f 3446 3697 3444
f 3699 3697 3446
f 3704 3699 3446
f 3447 3704 3446
f 3450 3704 3447
f 3706 3704 3450
f 3709 3706 3450
f 3711 3709 3450
f 3451 3711 3450
f 3714 3711 3451
f 3453 3714 3451
f 3715 3714 3453
f 3455 3715 3453
f 3458 3715 3455
f 3716 3715 3458
f 3459 3716 3458
f 3718 3716 3459
f 3722 3718 3459
f 3725 3722 3459
f 3657 3415 3666
f 3656 3415 3657
f 3413 3415 3656
f 3654 3413 3656
f 3409 3413 3654
f 3653 3409 3654
f 3407 3409 3653
f 3650 3407 3653
f 3648 3407 3650
f 3406 3407 3648
f 3647 3406 3648
f 3401 3406 3647
f 3399 3401 3647
f 3645 3399 3647
f 3397 3399 3645
f 3643 3397 3645
f 3396 3397 3643
f 3640 3396 3643
f 3641 3396 3640
f 3393 3396 3641
f 3391 3393 3641
f 3639 3391 3641
f 3389 3391 3639
f 3638 3389 3639
f 3388 3389 3638
f 3634 3388 3638
f 3633 3388 3634
f 3387 3388 3633
f 3630 3387 3633
f 3628 3387 3630
f 3384 3387 3628
f 3626 3384 3628
f 3383 3384 3626
f 3622 3383 3626
f 3621 3383 3622
f 3380 3383 3621
f 3378 3380 3621
f 3618 3378 3621
f 3617 3378 3618
f 3377 3378 3617
f 3614 3377 3617
f 3612 3377 3614
f 3607 3377 3612
f 3375 3377 3607
f 3605 3375 3607
f 3374 3375 3605
f 3603 3374 3605
f 3601 3374 3603
f 3372 3374 3601
f 3600 3372 3601
f 3370 3372 3600
f 3597 3370 3600
f 3368 3370 3597
f 3596 3368 3597
f 3593 3368 3596
f 3366 3368 3593
f 3363 3366 3593
f 3594 3363 3593
f 3362 3363 3594
f 3595 3362 3594
f 3360 3362 3595
f 3358 3360 3595
f 3355 3358 3595
f 3412 3414 3411
f 3421 3417 3414
f 3412 3421 3414
f 3864 3662 3663
f 3667 3864 3663
f 3865 3864 3667
f 3669 3865 3667
f 3671 3865 3669
f 3866 3865 3671
f 3869 3866 3671
f 3872 3869 3671
f 3672 3872 3671
f 3875 3872 3672
f 3673 3875 3672
f 3675 3875 3673
f 3877 3875 3675
f 3677 3877 3675
f 3879 3877 3677
f 3679 3879 3677
f 3681 3879 3679
f 3880 3879 3681
f 3883 3880 3681
f 3683 3883 3681
f 3885 3883 3683
f 3684 3885 3683
f 3891 3885 3684
f 3685 3891 3684
f 3688 3891 3685
f 3892 3891 3688
f 3690 3892 3688
f 3692 3892 3690
f 3897 3892 3692
f 3899 3897 3692
f 3694 3899 3692
f 3900 3899 3694
f 3695 3900 3694
f 3698 3900 3695
f 3902 3900 3698
f 3701 3902 3698
f 3904 3902 3701
f 3907 3904 3701
f 3702 3907 3701
f 3909 3907 3702
f 3703 3909 3702
f 3911 3909 3703
f 3917 3911 3703
f 3705 3917 3703
f 3707 3917 3705
f 3916 3917 3707
f 3919 3916 3707
f 3708 3919 3707
f 3922 3919 3708
f 3710 3922 3708
f 3924 3922 3710
f 3712 3924 3710
f 3926 3924 3712
f 3929 3926 3712
f 3713 3929 3712
f 3717 3929 3713
f 3719 3929 3717
f 3928 3929 3719
f 3931 3928 3719
f 3720 3931 3719
f 3933 3931 3720
f 5634 3933 3720
f 3936 5634 3720
f 3721 3936 3720
f 3934 3936 3721
f 3723 3934 3721
f 3727 3934 3723
f 3937 3934 3727
f 3940 3937 3727
f 3729 3940 3727
f 3938 3940 3729
f 3735 3938 3729
f 3943 3938 3735
f 3736 3943 3735
f 3740 3946 3739
f 3862 3662 3864
f 3860 3662 3862
f 3858 3662 3860
f 3660 3662 3858
f 3857 3660 3858
f 3659 3660 3857
f 3855 3659 3857
f 3651 3659 3855
f 3853 3651 3855
f 3649 3651 3853
f 3851 3649 3853
f 3646 3649 3851
f 3644 3646 3851
f 3850 3644 3851
f 3642 3644 3850
f 3848 3642 3850
f 3636 3642 3848
f 3845 3636 3848
f 3844 3636 3845
f 3635 3636 3844
f 3842 3635 3844
f 3632 3635 3842
f 3631 3632 3842
f 3839 3631 3842
f 3838 3631 3839
f 3629 3631 3838
f 3836 3629 3838
f 3627 3629 3836
f 3833 3627 3836
f 3832 3627 3833
f 3625 3627 3832
f 3624 3625 3832
f 3829 3624 3832
f 3827 3624 3829
f 3623 3624 3827
f 3828 3623 3827
f 5621 3623 3828
f 5623 5621 3828
f 3410 3202 3204
f 3412 3410 3204
f 3205 3412 3204
f 3421 3412 3205
f 3423 3421 3205
f 3206 3423 3205
f 3429 3423 3206
f 3208 3429 3206
f 3211 3429 3208
f 3428 3429 3211
f 3430 3428 3211
f 3212 3430 3211
f 3433 3430 3212
f 3214 3433 3212
f 3435 3433 3214
f 3217 3435 3214
f 3437 3435 3217
f 3219 3437 3217
f 3439 3437 3219
f 3220 3439 3219
f 3441 3439 3220
f 3224 3441 3220
f 3443 3441 3224
f 3225 3443 3224
f 3445 3443 3225
f 3448 3445 3225
f 3227 3448 3225
f 3229 3448 3227
f 3449 3448 3229
f 3452 3449 3229
f 3230 3452 3229
f 3454 3452 3230
f 3235 3454 3230
f 3456 3454 3235
f 3236 3456 3235
f 3239 3456 3236
f 3457 3456 3239
f 3461 3457 3239
f 3240 3461 3239
f 3462 3461 3240
f 3465 3462 3240
f 3241 3465 3240
f 3243 3465 3241
f 3246 3465 3243
f 3464 3465 3246
f 3251 3464 3246
f 3252 3464 3251
f 3463 3464 3252
f 3467 3463 3252
f 3253 3467 3252
f 3469 3467 3253
f 3472 3469 3253
f 3474 3472 3253
f 3254 3474 3253
f 3256 3474 3254
f 3478 3474 3256
f 3258 3478 3256
f 3260 3478 3258
f 3480 3478 3260
f 3483 3480 3260
f 3261 3483 3260
f 3485 3483 3261
f 3488 3485 3261
f 3263 3488 3261
f 3265 3488 3263
f 3490 3488 3265
f 3267 3490 3265
f 3492 3490 3267
f 3495 3492 3267
f 3268 3495 3267
f 3497 3495 3268
f 3270 3497 3268
f 3499 3497 3270
f 3272 3499 3270
f 3502 3499 3272
f 3274 3502 3272
f 3504 3502 3274
f 3507 3504 3274
f 3275 3507 3274
f 3508 3507 3275
f 3277 3508 3275
f 3288 3508 3277
f 3509 3508 3288
f 3290 3509 3288
f 3512 3509 3290
f 3292 3512 3290
f 3513 3512 3292
f 3516 3513 3292
f 3519 3516 3292
f 3293 3519 3292
f 3520 3519 3293
f 3295 3520 3293
f 3522 3520 3295
f 3297 3522 3295
f 3524 3522 3297
f 3526 3524 3297
f 3298 3526 3297
f 3301 3526 3298
f 3527 3526 3301
f 3530 3527 3301
f 3302 3530 3301
f 3533 3530 3302
f 3307 3533 3302
f 3532 3533 3307
f 3309 3532 3307
f 3535 3532 3309
f 3537 3535 3309
f 3310 3537 3309
f 3539 3537 3310
f 3312 3539 3310
f 3541 3539 3312
f 3544 3541 3312
f 3313 3544 3312
f 3316 3544 3313
f 3543 3544 3316
f 3318 3543 3316
f 3545 3543 3318
f 3408 3202 3410
f 3198 3202 3408
f 3405 3198 3408
f 3196 3198 3405
f 3404 3196 3405
f 3194 3196 3404
f 3192 3194 3404
f 3402 3192 3404
f 3191 3192 3402
f 3400 3191 3402
f 3188 3191 3400
f 3398 3188 3400
f 3187 3188 3398
f 3395 3187 3398
f 3394 3187 3395
f 3185 3187 3394
f 3392 3185 3394
f 3184 3185 3392
f 3390 3184 3392
f 3386 3184 3390
f 3201 3203 3199
f 3207 3203 3201
f 3209 3207 3201
f 4052 3856 3859
f 4053 4052 3859
f 3861 4053 3859
f 4055 4053 3861
f 3867 4055 3861
f 4057 4055 3867
f 3868 4057 3867
f 4058 4057 3868
f 3870 4058 3868
f 4060 4058 3870
f 4062 4060 3870
f 3871 4062 3870
f 4065 4062 3871
f 3873 4065 3871
f 4067 4065 3873
f 3874 4067 3873
f 4069 4067 3874
f 3876 4069 3874
f 3854 3856 4052
f 4050 3854 4052
f 3852 3854 4050
f 4049 3852 4050
f 3849 3852 4049
f 3847 3849 4049
f 3846 3847 4049
f 4047 3846 4049
f 4044 3846 4047
f 4042 3846 4044
f 3843 3846 4042
f 4041 3843 4042
f 3841 3843 4041
f 3840 3841 4041
f 4038 3840 4041
f 4035 3840 4038
f 4034 3840 4035
f 3837 3840 4034
f 4033 3837 4034
f 3835 3837 4033
f 4032 3835 4033
f 3834 3835 4032
f 4024 3834 4032
f 5620 3834 4024
f 3821 5620 4024
f 4023 3821 4024
f 3819 3821 4023
f 3817 3819 4023
f 4020 3817 4023
f 3816 3817 4020
f 4019 3816 4020
f 3813 3816 4019
f 3810 3813 4019
f 4013 3810 4019
f 3808 3810 4013
f 4011 3808 4013
f 3807 3808 4011
f 4008 3807 4011
f 4006 3807 4008
f 3806 3807 4006
f 4004 3806 4006
f 3803 3806 4004
f 4002 3803 4004
f 3801 3803 4002
f 4000 3801 4002
f 3800 3801 4000
f 3998 3800 4000
f 3997 3800 3998
f 3796 3800 3997
f 3794 3796 3997
f 3994 3794 3997
f 3792 3794 3994
f 3790 3792 3994
f 3992 3790 3994
f 3990 3790 3992
f 3789 3790 3990
f 3988 3789 3990
f 3787 3789 3988
f 3785 3787 3988
f 3986 3785 3988
f 3784 3785 3986
f 3983 3784 3986
f 3981 3784 3983
f 3779 3784 3981
f 3776 3779 3981
f 3775 3776 3981
f 3979 3775 3981
f 3977 3775 3979
f 3774 3775 3977
f 3975 3774 3977
f 3772 3774 3975
f 3971 3772 3975
f 3771 3772 3971
f 3969 3771 3971
f 3767 3771 3969
f 3968 3767 3969
f 3765 3767 3968
f 3965 3765 3968
f 3966 3765 3965
f 3763 3765 3966
f 3756 3763 3966
f 3754 3756 3966
f 3962 3754 3966
f 3960 3754 3962
f 3752 3754 3960
f 3958 3752 3960
f 3750 3752 3958
f 3955 3750 3958
f 3953 3750 3955
f 3749 3750 3953
f 3952 3749 3953
f 3746 3749 3952
f 4243 5618 4059
f 4061 4243 4059
f 4241 4243 4061
f 4239 4241 4061
f 4246 4239 4061
f 4063 4246 4061
f 4248 4246 4063
f 4251 4248 4063
f 4064 4251 4063
f 4070 4251 4064
f 4250 4251 4070
f 4253 4250 4070
f 4071 4253 4070
f 4255 4253 4071
f 4073 4255 4071
f 4257 4255 4073
f 4260 4257 4073
f 4074 4260 4073
f 4077 4260 4074
f 4079 4260 4077
f 4081 4260 4079
f 4259 4260 4081
f 4258 4259 4081
f 4045 5618 4243
f 4242 4045 4243
f 4043 4045 4242
f 4039 4043 4242
f 4240 4039 4242
f 4037 4039 4240
f 4238 4037 4240
f 4036 4037 4238
f 4236 4036 4238
f 4029 4036 4236
f 4234 4029 4236
f 4232 4029 4234
f 4027 4029 4232
f 4231 4027 4232
f 4026 4027 4231
f 4017 4026 4231
f 4230 4017 4231
f 4016 4017 4230
f 4225 4016 4230
f 4223 4016 4225
f 4015 4016 4223
f 4221 4015 4223
f 4010 4015 4221
f 4009 4010 4221
f 4218 4009 4221
f 4216 4009 4218
f 4007 4009 4216
f 4214 4007 4216
f 4005 4007 4214
f 4213 4005 4214
f 4003 4005 4213
f 4209 4003 4213
f 4207 4003 4209
f 4001 4003 4207
f 4206 4001 4207
f 3999 4001 4206
f 4205 3999 4206
f 3996 3999 4205
f 3995 3996 4205
f 4202 3995 4205
f 4200 3995 4202
f 3993 3995 4200
f 4198 3993 4200
f 3991 3993 4198
f 4196 3991 4198
f 4195 3991 4196
f 3989 3991 4195
f 4189 3989 4195
f 4188 3989 4189
f 3987 3989 4188
f 3985 3987 4188
f 4186 3985 4188
f 3984 3985 4186
f 4184 3984 4186
f 4182 3984 4184
f 3982 3984 4182
f 4181 3982 4182
f 3978 3982 4181
f 3976 3978 4181
f 4180 3976 4181
f 3974 3976 4180
f 3973 3974 4180
f 4176 3973 4180
f 4174 3973 4176
f 3972 3973 4174
f 4162 3972 4174
f 4163 3972 4162
f 3970 3972 4163
f 4164 3970 4163
f 3967 3970 4164
f 3964 3967 4164
f 4157 3964 4164
f 3963 3964 4157
f 4155 3963 4157
f 3959 3963 4155
f 4153 3959 4155
f 3957 3959 4153
f 4151 3957 4153
f 3956 3957 4151
f 4148 3956 4151
f 4147 3956 4148
f 3954 3956 4147
f 4144 3954 4147
f 4143 3954 4144
f 3951 3954 4143
f 3950 3951 4143
f 4141 3950 4143
f 4138 3950 4141
f 4135 3950 4138
f 3947 3950 4135
f 4137 3947 4135
f 3945 3947 4137
f 3930 3932 4134
f 4132 3930 4134
f 3927 3930 4132
f 4130 3927 4132
f 3925 3927 4130
f 4128 3925 4130
f 3923 3925 4128
f 4129 3923 4128
f 3921 3923 4129
f 3920 3921 4129
f 4126 3920 4129
f 4123 3920 4126
f 4120 3920 4123
f 4119 3920 4120
f 3918 3920 4119
f 3915 3918 4119
f 4117 3915 4119
f 3914 3915 4117
f 4114 3914 4117
f 4112 3914 4114
f 3912 3914 4112
f 4109 3912 4112
f 3908 3912 4109
f 4107 3908 4109
f 3906 3908 4107
f 4105 3906 4107
f 4103 3906 4105
f 3905 3906 4103
f 4101 3905 4103
f 4100 3905 4101
f 3903 3905 4100
f 3901 3903 4100
f 4096 3901 4100
f 4097 3901 4096
f 3898 3901 4097
f 3896 3898 4097
f 4095 3896 4097
f 3895 3896 4095
f 4092 3895 4095
f 4089 3895 4092
f 3893 3895 4089
f 4088 3893 4089
f 3890 3893 4088
f 3889 3890 4088
f 4086 3889 4088
f 4083 3889 4086
f 3888 3889 4083
f 4080 3888 4083
f 4078 3888 4080
f 3887 3888 4078
f 4076 3887 4078
f 3882 3887 4076
f 3881 3882 4076
f 4075 3881 4076
f 3876 3881 4075
f 4069 3876 4075
f 4072 4069 4075
f 4068 4069 4072
f 5613 4224 4226
f 5612 5613 4226
f 4227 5612 4226
f 5611 5612 4227
f 5615 5611 4227
f 4228 5615 4227
f 4233 5615 4228
f 4245 5615 4233
f 5616 5615 4245
f 4222 4224 5613
f 3179 3382 3381
f 3177 3179 3381
f 3175 3177 3381
f 3379 3175 3381
f 3376 3175 3379
f 3174 3175 3376
f 3373 3174 3376
f 3371 3174 3373
f 3172 3174 3371
f 3170 3172 3371
f 3369 3170 3371
f 3367 3170 3369
f 3168 3170 3367
f 3166 3168 3367
f 3365 3166 3367
f 3364 3166 3365
f 3165 3166 3364
f 3361 3165 3364
f 3164 3165 3361
f 3359 3164 3361
f 3357 3164 3359
f 3159 3164 3357
f 3349 3159 3357
f 3348 3159 3349
f 3157 3159 3348
f 3347 3157 3348
f 3155 3157 3347
f 3344 3155 3347
f 3153 3155 3344
f 3342 3153 3344
f 3151 3153 3342
f 3340 3151 3342
f 3149 3151 3340
f 3338 3149 3340
f 3147 3149 3338
f 3336 3147 3338
f 3145 3147 3336
f 3334 3145 3336
f 3144 3145 3334
f 3333 3144 3334
f 3141 3144 3333
f 3139 3141 3333
f 3332 3139 3333
f 3137 3139 3332
f 3330 3137 3332
f 3135 3137 3330
f 3326 3135 3330
f 3322 3135 3326
f 3133 3135 3322
f 3320 3133 3322
f 3132 3133 3320
f 3317 3132 3320
f 3315 3132 3317
f 3130 3132 3315
f 3314 3130 3315
f 3128 3130 3314
f 3127 3128 3314
f 3311 3127 3314
f 3308 3127 3311
f 3306 3127 3308
f 3125 3127 3306
f 3305 3125 3306
f 3123 3125 3305
f 3121 3123 3305
f 3303 3121 3305
f 3120 3121 3303
f 3300 3120 3303
f 3299 3120 3300
f 3117 3120 3299
f 3116 3117 3299
f 3296 3116 3299
f 3294 3116 3296
f 3115 3116 3294
f 3291 3115 3294
f 3289 3115 3291
f 3114 3115 3289
f 3287 3114 3289
f 3286 3114 3287
f 3111 3114 3286
f 3109 3111 3286
f 3284 3109 3286
f 3107 3109 3284
f 3283 3107 3284
f 3105 3107 3283
f 3104 3105 3283
f 3280 3104 3283
f 3281 3104 3280
f 3100 3104 3281
f 3098 3100 3281
f 3279 3098 3281
f 3096 3098 3279
f 3276 3096 3279
f 3273 3096 3276
f 3095 3096 3273
f 3271 3095 3273
f 3093 3095 3271
f 3269 3093 3271
f 3092 3093 3269
f 3266 3092 3269
f 3264 3092 3266
f 3090 3092 3264
f 3262 3090 3264
f 3089 3090 3262
f 3259 3089 3262
f 3257 3089 3259
f 3088 3089 3257
f 3255 3088 3257
f 3087 3088 3255
f 3249 3087 3255
f 3248 3087 3249
f 3085 3087 3248
f 3084 3085 3248
f 3245 3084 3248
f 3244 3084 3245
f 3075 3084 3244
f 3073 3075 3244
f 3242 3073 3244
f 3072 3073 3242
f 3238 3072 3242
f 3237 3072 3238
f 3069 3072 3237
f 3068 3069 3237
f 3234 3068 3237
f 3233 3068 3234
f 3065 3068 3233
f 3062 3065 3233
f 3232 3062 3233
f 3061 3062 3232
f 3228 3061 3232
f 3226 3061 3228
f 3059 3061 3226
f 3223 3059 3226
f 3057 3059 3223
f 3221 3057 3223
f 3054 3057 3221
f 3218 3054 3221
f 3053 3054 3218
f 3051 3053 3218
f 3215 3051 3218
f 3216 3051 3215
f 3049 3051 3216
f 3048 3049 3216
f 3213 3048 3216
f 3210 3048 3213
f 3209 3048 3210
f 3046 3048 3209
f 3201 3046 3209
f 3200 3046 3201
f 3043 3046 3200
f 3042 3043 3200
f 3197 3042 3200
f 3195 3042 3197
f 3040 3042 3195
f 3193 3040 3195
f 3039 3040 3193
f 3190 3039 3193
f 3189 3039 3190
f 3037 3039 3189
f 3036 3037 3189
f 3186 3036 3189
f 3183 3036 3186
f 3182 3036 3183
f 3034 3036 3182
f 3180 3034 3182
f 3032 3034 3180
f 3178 3032 3180
f 3030 3032 3178
f 3176 3030 3178
f 3028 3030 3176
f 3173 3028 3176
f 3026 3028 3173
f 3171 3026 3173
f 3024 3026 3171
f 3169 3024 3171
f 3023 3024 3169
f 3167 3023 3169
f 3022 3023 3167
f 3163 3022 3167
f 3161 3022 3163
f 3020 3022 3161
f 3158 3020 3161
f 3156 3020 3158
f 3018 3020 3156
f 3154 3018 3156
f 3016 3018 3154
f 3152 3016 3154
f 3014 3016 3152
f 3150 3014 3152
f 3013 3014 3150
f 3148 3013 3150
f 3010 3013 3148
f 3008 3010 3148
f 3146 3008 3148
f 3007 3008 3146
f 3143 3007 3146
f 3142 3007 3143
f 3005 3007 3142
f 3003 3005 3142
f 3140 3003 3142
f 3138 3003 3140
f 3002 3003 3138
f 3136 3002 3138
f 3134 3002 3136
f 3001 3002 3134
f 3131 3001 3134
f 3129 3001 3131
f 3000 3001 3129
f 3126 3000 3129
f 3124 3000 3126
f 2999 3000 3124
f 3122 2999 3124
f 2998 2999 3122
f 3119 2998 3122
f 3118 2998 3119
f 2993 2998 3118
f 2992 2993 3118
f 3113 2992 3118
f 3112 2992 3113
f 2989 2992 3112
f 3110 2989 3112
f 2987 2989 3110
f 3108 2987 3110
f 2985 2987 3108
f 3181 3382 3179
f 3184 3382 3181
f 2943 3041 3038
f 2941 2943 3038
f 3035 2941 3038
f 2939 2941 3035
f 3033 2939 3035
f 2937 2939 3033
f 3031 2937 3033
f 2935 2937 3031
f 2933 2935 3031
f 3029 2933 3031
f 2931 2933 3029
f 3027 2931 3029
f 2930 2931 3027
f 3025 2930 3027
f 2928 2930 3025
f 3021 2928 3025
f 3019 2928 3021
f 2927 2928 3019
f 3017 2927 3019
f 2925 2927 3017
f 3015 2925 3017
f 2924 2925 3015
f 3012 2924 3015
f 3011 2924 3012
f 2922 2924 3011
f 2920 2922 3011
f 3009 2920 3011
f 2919 2920 3009
f 3006 2919 3009
f 3004 2919 3006
f 2917 2919 3004
f 2995 2917 3004
f 2916 2917 2995
f 2990 2916 2995
f 2914 2916 2990
f 2988 2914 2990
f 2913 2914 2988
f 2986 2913 2988
f 2912 2913 2986
f 2984 2912 2986
f 2982 2912 2984
f 2910 2912 2982
f 2979 2910 2982
f 2977 2910 2979
f 2909 2910 2977
f 2975 2909 2977
f 2908 2909 2975
f 2972 2908 2975
f 2971 2908 2972
f 2905 2908 2971
f 2904 2905 2971
f 2967 2904 2971
f 2966 2904 2967
f 2903 2904 2966
f 2902 2903 2966
f 2964 2902 2966
f 2960 2902 2964
f 2959 2902 2960
f 2901 2902 2959
f 2958 2901 2959
f 2900 2901 2958
f 2956 2900 2958
f 2899 2900 2956
f 2955 2899 2956
f 2951 2899 2955
f 2950 2899 2951
f 2898 2899 2950
f 2897 2898 2950
f 2947 2897 2950
f 2896 2897 2947
f 2945 2896 2947
f 2895 2896 2945
f 2942 2895 2945
f 2940 2895 2942
f 2894 2895 2940
f 2938 2894 2940
f 2893 2894 2938
f 2936 2893 2938
f 2892 2893 2936
f 2934 2892 2936
f 2891 2892 2934
f 2932 2891 2934
f 2890 2891 2932
f 2929 2890 2932
f 2926 2890 2929
f 2889 2890 2926
f 2923 2889 2926
f 2888 2889 2923
f 2921 2888 2923
f 2887 2888 2921
f 2918 2887 2921
f 2886 2887 2918
f 2915 2886 2918
f 2907 2886 2915
f 2911 2907 2915
f 3044 3041 2943
f 2944 3044 2943
f 2946 3044 2944
f 3045 3044 2946
f 2948 3045 2946
f 3047 3045 2948
f 3050 3047 2948
f 2949 3050 2948
f 2952 3050 2949
f 3052 3050 2952
f 2953 3052 2952
f 3056 3052 2953
f 2954 3056 2953
f 2961 3056 2954
f 3055 3056 2961
f 2962 3055 2961
f 3058 3055 2962
f 3060 3058 2962
f 3063 3060 2962
f 2963 3063 2962
f 3064 3063 2963
f 2965 3064 2963
f 3066 3064 2965
f 2968 3066 2965
f 3067 3066 2968
f 3070 3067 2968
f 2969 3070 2968
f 3071 3070 2969
f 2970 3071 2969
f 2973 3071 2970
f 3074 3071 2973
f 3077 3074 2973
f 2974 3077 2973
f 2976 3077 2974
f 3078 3077 2976
f 2978 3078 2976
f 2980 3078 2978
f 3079 3078 2980
f 3082 3079 2980
f 2981 3082 2980
f 3540 3823 3820
f 3538 3540 3820
f 3818 3538 3820
f 3536 3538 3818
f 3815 3536 3818
f 3814 3536 3815
f 3534 3536 3814
f 3531 3534 3814
f 3812 3531 3814
f 3529 3531 3812
f 3809 3529 3812
f 3528 3529 3809
f 3805 3528 3809
f 3804 3528 3805
f 3525 3528 3804
f 3802 3525 3804
f 3799 3525 3802
f 3523 3525 3799
f 3797 3523 3799
f 3521 3523 3797
f 3798 3521 3797
f 3518 3521 3798
f 3517 3518 3798
f 3795 3517 3798
f 3793 3517 3795
f 3515 3517 3793
f 3791 3515 3793
f 3514 3515 3791
f 3788 3514 3791
f 3786 3514 3788
f 3511 3514 3786
f 3782 3511 3786
f 3510 3511 3782
f 3505 3510 3782
f 3780 3505 3782
f 3503 3505 3780
f 3778 3503 3780
f 3501 3503 3778
f 3777 3501 3778
f 3500 3501 3777
f 3770 3500 3777
f 3769 3500 3770
f 3498 3500 3769
f 3496 3498 3769
f 3766 3496 3769
f 3764 3496 3766
f 3494 3496 3764
f 3762 3494 3764
f 3493 3494 3762
f 3760 3493 3762
f 3491 3493 3760
f 3761 3491 3760
f 3489 3491 3761
f 3487 3489 3761
f 3486 3487 3761
f 3759 3486 3761
f 3757 3486 3759
f 3484 3486 3757
f 3755 3484 3757
f 3482 3484 3755
f 3753 3482 3755
f 3751 3482 3753
f 3481 3482 3751
f 3748 3481 3751
f 3747 3481 3748
f 3477 3481 3747
f 3745 3477 3747
f 3476 3477 3745
f 3743 3476 3745
f 3744 3476 3743
f 3475 3476 3744
f 3546 3823 3540
f 3825 3823 3546
f 3547 3825 3546
f 3549 3825 3547
f 3826 3825 3549
f 3828 3826 3549
f 5623 3828 3549
f 3550 5623 3549
f 5622 5623 3550
f 3552 5622 3550
f 3615 5622 3552
f 3616 5622 3615
f 3318 3548 3545
f 3323 3548 3318
f 3551 3548 3323
f 3554 3551 3323
f 3324 3554 3323
f 3556 3554 3324
f 3558 3556 3324
f 3325 3558 3324
f 3327 3558 3325
f 3560 3558 3327
f 3563 3560 3327
f 3328 3563 3327
f 3337 3563 3328
f 3339 3563 3337
f 3562 3563 3339
f 3341 3562 3339
f 3343 3562 3341
f 3566 3562 3343
f 3568 3566 3343
f 3345 3568 3343
f 3570 3568 3345
f 3351 3570 3345
f 3353 3570 3351
f 3571 3570 3353
f 3574 3571 3353
f 3354 3574 3353
f 3576 3574 3354
f 3577 3576 3354
f 3355 3577 3354
f 3595 3577 3355
f 3591 3577 3595
f 3575 3577 3591
f 4462 4215 4217
f 4463 4462 4217
f 4219 4463 4217
f 4466 4463 4219
f 4470 4466 4219
f 4220 4470 4219
f 4222 4470 4220
f 5613 4470 4222
f 4471 4470 5613
f 5610 4471 5613
f 4267 4471 5610
f 4268 4471 4267
f 4469 4471 4268
f 4472 4469 4268
f 4269 4472 4268
f 4478 4472 4269
f 4271 4478 4269
f 4461 4215 4462
f 4212 4215 4461
f 4211 4212 4461
f 4458 4211 4461
f 4456 4211 4458
f 4210 4211 4456
f 4453 4210 4456
f 4451 4210 4453
f 4208 4210 4451
f 4450 4208 4451
f 4204 4208 4450
f 4203 4204 4450
f 4446 4203 4450
f 4447 4203 4446
f 4201 4203 4447
f 4199 4201 4447
f 4448 4199 4447
f 4197 4199 4448
f 4433 4197 4448
f 4194 4197 4433
f 4193 4194 4433
f 4430 4193 4433
f 4428 4193 4430
f 4192 4193 4428
f 4425 4192 4428
f 4423 4192 4425
f 4190 4192 4423
f 4422 4190 4423
f 4187 4190 4422
f 4185 4187 4422
f 4420 4185 4422
f 4183 4185 4420
f 4417 4183 4420
f 4415 4183 4417
f 4727 4459 4460
f 4464 4727 4460
f 4474 4727 4464
f 4726 4727 4474
f 4729 4726 4474
f 4475 4729 4474
f 4730 4729 4475
f 4733 4730 4475
f 4476 4733 4475
f 4735 4733 4476
f 4477 4735 4476
f 4480 4735 4477
f 4736 4735 4480
f 4724 4459 4727
f 4722 4459 4724
f 4457 4459 4722
f 4720 4457 4722
f 4455 4457 4720
f 4718 4455 4720
f 4454 4455 4718
f 4715 4454 4718
f 4714 4454 4715
f 4452 4454 4714
f 4444 4452 4714
f 4712 4444 4714
f 4443 4444 4712
f 4709 4443 4712
f 4708 4443 4709
f 4441 4443 4708
f 4439 4441 4708
f 4438 4439 4708
f 4704 4438 4708
f 4437 4438 4704
f 4700 4437 4704
f 4435 4437 4700
f 4699 4435 4700
f 4434 4435 4699
f 2985 3108 3106
f 2983 2985 3106
f 3103 2983 3106
f 3101 2983 3103
f 2981 2983 3101
f 3102 2981 3101
f 3082 2981 3102
f 3099 3082 3102
f 3097 3082 3099
f 3083 3082 3097
f 3094 3083 3097
f 3091 3083 3094
f 3086 3083 3091
f 3080 3083 3086
f 4415 4177 4178
f 4413 4177 4415
f 4175 4177 4413
f 4412 4175 4413
f 4173 4175 4412
f 4409 4173 4412
f 4172 4173 4409
f 4408 4172 4409
f 4171 4172 4408
f 4404 4171 4408
f 4400 4171 4404
f 4398 4171 4400
f 4170 4171 4398
f 4395 4170 4398
f 4392 4170 4395
f 4168 4170 4392
f 4389 4168 4392
f 4167 4168 4389
f 4386 4167 4389
f 4385 4167 4386
f 4166 4167 4385
f 4380 4166 4385
f 4156 4166 4380
f 4154 4156 4380
f 4378 4154 4380
f 4152 4154 4378
f 4377 4152 4378
f 4150 4152 4377
f 4149 4150 4377
f 4374 4149 4377
f 4375 4149 4374
f 4146 4149 4375
f 4145 4146 4375
f 4372 4145 4375
f 4370 4145 4372
f 4142 4145 4370
f 4139 4142 4370
f 4367 4139 4370
f 4365 4139 4367
f 4140 4139 4365
f 4364 4140 4365
f 4415 4178 4183
f 3725 3459 3460
f 3466 3725 3460
f 3724 3725 3466
f 3468 3724 3466
f 3726 3724 3468
f 3470 3726 3468
f 3728 3726 3470
f 3732 3728 3470
f 3471 3732 3470
f 3731 3732 3471
f 3475 3731 3471
f 3733 3731 3475
f 3744 3733 3475
f 3734 3733 3744
f 3738 3734 3744
f 3737 3734 3738
f 5053 4671 4672
f 5055 5053 4672
f 4676 5055 4672
f 5057 5055 4676
f 5059 5057 4676
f 4677 5059 4676
f 5062 5059 4677
f 4679 5062 4677
f 5063 5062 4679
f 4682 5063 4679
f 5066 5063 4682
f 4684 5066 4682
f 5068 5066 4684
f 4686 5068 4684
f 5070 5068 4686
f 4688 5070 4686
f 4692 5070 4688
f 5069 5070 4692
f 5072 5069 4692
f 4693 5072 4692
f 5074 5072 4693
f 5077 5074 4693
f 4695 5077 4693
f 4861 5077 4695
f 5076 5077 4861
f 5080 5076 4861
f 4862 5080 4861
f 4864 5080 4862
f 5081 5080 4864
f 4867 5081 4864
f 4877 5081 4867
f 4879 5081 4877
f 5082 5081 4879
f 4881 5082 4879
f 5083 5082 4881
f 4882 5083 4881
f 5085 5083 4882
f 5087 5085 4882
f 4884 5087 4882
f 5089 5087 4884
f 5092 5089 4884
f 4885 5092 4884
f 4887 5092 4885
f 5093 5092 4887
f 5096 5093 4887
f 4888 5096 4887
f 4892 5096 4888
f 5098 5096 4892
f 5100 5098 4892
f 5103 5100 4892
f 4893 5103 4892
f 4897 5103 4893
f 5102 5103 4897
f 4899 5102 4897
f 5104 5102 4899
f 4901 5104 4899
f 5105 5104 4901
f 5108 5105 4901
f 4902 5108 4901
f 4907 5108 4902
f 5107 5108 4907
f 5110 5107 4907
f 4909 5110 4907
f 5112 5110 4909
f 4911 5112 4909
f 5114 5112 4911
f 4913 5114 4911
f 5116 5114 4913
f 5119 5116 4913
f 4914 5119 4913
f 5122 5119 4914
f 5126 5122 4914
f 4915 5126 4914
f 4917 5126 4915
f 5128 5126 4917
f 5131 5128 4917
f 4919 5131 4917
f 5132 5131 4919
f 4921 5132 4919
f 5134 5132 4921
f 5136 5134 4921
f 4922 5136 4921
f 5138 5136 4922
f 4924 5138 4922
f 4927 5138 4924
f 5139 5138 4927
f 4929 5139 4927
f 5142 5139 4929
f 4930 5142 4929
f 5145 5142 4930
f 4932 5145 4930
f 5147 5145 4932
f 5149 5147 4932
f 5050 4671 5053
f 5049 4671 5050
f 4667 4671 5049
f 4664 4667 5049
f 5047 4664 5049
f 4663 4664 5047
f 5044 4663 5047
f 4661 4663 5044
f 5041 4661 5044
f 4659 4661 5041
f 5038 4659 5041
f 5037 4659 5038
f 4656 4659 5037
f 4655 4656 5037
f 5028 4655 5037
f 5026 4655 5028
f 4653 4655 5026
f 5024 4653 5026
f 4651 4653 5024
f 5021 4651 5024
f 4650 4651 5021
f 5020 4650 5021
f 4647 4650 5020
f 4646 4647 5020
f 5007 4646 5020
f 5009 4646 5007
f 4644 4646 5009
f 5011 4644 5009
f 4643 4644 5011
f 5013 4643 5011
f 4641 4643 5013
f 5019 4641 5013
f 4639 4641 5019
f 5017 4639 5019
f 4637 4639 5017
f 5018 4637 5017
f 4633 4637 5018
f 4631 4633 5018
f 5016 4631 5018
f 4629 4631 5016
f 5015 4629 5016
f 4628 4629 5015
f 5012 4628 5015
f 5010 4628 5012
f 4626 4628 5010
f 5008 4626 5010
f 4625 4626 5008
f 5006 4625 5008
f 4624 4625 5006
f 5003 4624 5006
f 5001 4624 5003
f 4622 4624 5001
f 4998 4622 5001
f 4996 4622 4998
f 4992 4622 4996
f 4620 4622 4992
f 4991 4620 4992
f 4614 4620 4991
f 4612 4614 4991
f 4990 4612 4991
f 4610 4612 4990
f 4987 4610 4990
f 4609 4610 4987
f 4986 4609 4987
f 4603 4609 4986
f 4601 4603 4986
f 4984 4601 4986
f 4982 4601 4984
f 4599 4601 4982
f 4980 4599 4982
f 4597 4599 4980
f 4977 4597 4980
f 4593 4597 4977
f 4975 4593 4977
f 4974 4593 4975
f 4594 4593 4974
f 4971 5635 4974
f 4970 5635 4971
f 4419 4678 4675
f 4674 4419 4675
f 4418 4419 4674
f 4416 4418 4674
f 4681 4678 4419
f 4421 4681 4419
f 4424 4681 4421
f 4680 4681 4424
f 4426 4680 4424
f 4683 4680 4426
f 4685 4683 4426
f 4427 4685 4426
f 4687 4685 4427
f 4429 4687 4427
f 4690 4687 4429
f 4431 4690 4429
f 4434 4690 4431
f 4689 4690 4434
f 4699 4689 4434
f 4694 4689 4699
f 4691 4689 4694
f 4674 4670 4668
f 4416 4674 4668
f 4414 4416 4668
f 4411 4414 4668
f 4666 4411 4668
f 4410 4411 4666
f 4665 4410 4666
f 4407 4410 4665
f 4406 4407 4665
f 4662 4406 4665
f 4660 4406 4662
f 4405 4406 4660
f 4658 4405 4660
f 4657 4405 4658
f 4403 4405 4657
f 4402 4403 4657
f 4654 4402 4657
f 4652 4402 4654
f 4401 4402 4652
f 4649 4401 4652
f 4648 4401 4649
f 4397 4401 4648
f 4396 4397 4648
f 4645 4396 4648
f 4642 4396 4645
f 4394 4396 4642
f 4640 4394 4642
f 4393 4394 4640
f 4638 4393 4640
f 4636 4393 4638
f 4391 4393 4636
f 4390 4391 4636
f 4634 4390 4636
f 4388 4390 4634
f 4635 4388 4634
f 4387 4388 4635
f 5241 5051 5052
f 5054 5241 5052
f 5240 5241 5054
f 5056 5240 5054
f 5242 5240 5056
f 5058 5242 5056
f 5244 5242 5058
f 5247 5244 5058
f 5060 5247 5058
f 5251 5247 5060
f 5061 5251 5060
f 5064 5251 5061
f 5252 5251 5064
f 5254 5252 5064
f 5257 5254 5064
f 5065 5257 5064
f 5258 5257 5065
f 5067 5258 5065
f 5071 5258 5067
f 5259 5258 5071
f 5073 5259 5071
f 5075 5259 5073
f 5084 5259 5075
f 5260 5259 5084
f 5086 5260 5084
f 5255 5260 5086
f 5261 5255 5086
f 5088 5261 5086
f 5090 5261 5088
f 5232 5051 5241
f 5229 5051 5232
f 5228 5051 5229
f 5048 5051 5228
f 5046 5048 5228
f 5226 5046 5228
f 5045 5046 5226
f 5224 5045 5226
f 5043 5045 5224
f 5222 5043 5224
f 5042 5043 5222
f 5219 5042 5222
f 5220 5042 5219
f 5040 5042 5220
f 5039 5040 5220
f 5217 5039 5220
f 5589 5039 5217
f 5213 5589 5217
f 5214 5589 5213
f 5035 5589 5214
f 5034 5035 5214
f 5211 5034 5214
f 5208 5034 5211
f 4125 4127 5636
f 4124 4125 5636
f 4358 4124 4360
f 4122 4124 4358
f 4356 4122 4358
f 4121 4122 4356
f 4353 4121 4356
f 4351 4121 4353
f 4350 4121 4351
f 4118 4121 4350
f 4116 4118 4350
f 4348 4116 4350
f 4115 4116 4348
f 4345 4115 4348
f 4343 4115 4345
f 4113 4115 4343
f 4342 4113 4343
f 4111 4113 4342
f 4110 4111 4342
f 4339 4110 4342
f 4336 4110 4339
f 4108 4110 4336
f 4333 4108 4336
f 4106 4108 4333
f 4330 4106 4333
f 4329 4106 4330
f 4104 4106 4329
f 4327 4104 4329
f 4102 4104 4327
f 4324 4102 4327
f 4099 4102 4324
f 4323 4099 4324
f 4098 4099 4323
f 4321 4098 4323
f 4301 4098 4321
f 4302 4098 4301
f 4094 4098 4302
f 4093 4094 4302
f 5423 5227 5230
f 5422 5423 5230
f 5235 5422 5230
f 5424 5422 5235
f 5236 5424 5235
f 5425 5424 5236
f 5429 5425 5236
f 5237 5429 5236
f 5431 5429 5237
f 5420 5227 5423
f 5223 5227 5420
f 5418 5223 5420
f 5221 5223 5418
f 5416 5221 5418
f 5218 5221 5416
f 5414 5218 5416
f 5216 5218 5414
f 5411 5216 5414
f 5215 5216 5411
f 5409 5215 5411
f 5407 5215 5409
f 5212 5215 5407
f 5406 5212 5407
f 5210 5212 5406
f 5209 5210 5406
f 5404 5209 5406
f 5195 5209 5404
f 5194 5195 5404
f 5401 5194 5404
f 5400 5194 5401
f 5191 5194 5400
f 5188 5191 5400
f 5398 5188 5400
f 5186 5188 5398
f 5185 5186 5398
f 5395 5185 5398
f 5392 5185 5395
f 5183 5185 5392
f 5388 5183 5392
f 5182 5183 5388
f 5390 5182 5388
f 4606 4373 4376
f 4379 4606 4376
f 4607 4606 4379
f 4382 4607 4379
f 4608 4607 4382
f 4611 4608 4382
f 4383 4611 4382
f 4613 4611 4383
f 4616 4613 4383
f 4384 4616 4383
f 4387 4616 4384
f 4617 4616 4387
f 4635 4617 4387
f 4632 4617 4635
f 4630 4617 4632
f 4618 4617 4630
f 4627 4618 4630
f 4619 4618 4627
f 4621 4619 4627
f 4604 4373 4606
f 4371 4373 4604
f 4602 4371 4604
f 4369 4371 4602
f 4600 4369 4602
f 4368 4369 4600
f 4598 4368 4600
f 4366 4368 4598
f 4596 4366 4598
f 4595 4366 4596
f 4362 4366 4595
f 5637 4362 4595
f 4363 4362 5637
f 3952 3948 3949
f 3740 3944 3946
f 3949 3944 3740
f 3742 3949 3740
f 3746 3949 3742
f 3952 3949 3746
f 5199 4978 4979
f 4981 5199 4979
f 5200 5199 4981
f 5203 5200 4981
f 5196 4978 5199
f 5193 4978 5196
f 5192 4978 5193
f 4976 4978 5192
f 5190 4976 5192
f 5189 4976 5190
f 4973 4976 5189
f 4972 4973 5189
f 5187 4972 5189
f 4969 4972 5187
f 4966 4969 5187
f 5184 4966 5187
f 5178 4966 5184
f 5180 4966 5178
f 4967 4966 5180
f 5203 4981 4983
f 5204 5203 4983
f 4985 5204 4983
f 4988 5204 4985
f 5205 5204 4988
f 4993 5205 4988
f 4995 5205 4993
f 5206 5205 4995
f 5594 5206 4995
f 5590 5206 5594
f 5201 5206 5590
f 5207 5201 5590
f 5033 5207 5590
f 5208 5207 5033
f 5034 5208 5033
f 5431 5237 5238
f 5286 5431 5238
f 5287 5431 5286
f 5292 5431 5287
f 5430 5431 5292
f 5293 5430 5292
f 5432 5430 5293
f 5295 5432 5293
f 5434 5432 5295
f 5437 5434 5295
f 5296 5437 5295
f 5439 5437 5296
f 5444 5439 5296
f 5298 5444 5296
f 5175 5382 5379
f 5378 5175 5379
f 5172 5175 5378
f 5171 5172 5378
f 5376 5171 5378
f 5638 5171 5376
f 5169 5171 5638
f 5365 5639 5370
f 5367 5639 5365
f 5165 5167 5364
f 5361 5165 5364
f 5163 5165 5361
f 5362 5163 5361
f 5162 5163 5362
f 5387 5382 5175
f 5176 5387 5175
f 4965 5173 5174
f 4962 4965 5174
f 5600 4962 5174
f 5602 5600 5174
f 5168 5602 5174
f 5170 5602 5168
f 5177 5173 4965
f 4346 4575 4572
f 4570 4346 4572
f 4344 4346 4570
f 4569 4344 4570
f 4341 4344 4569
f 4340 4341 4569
f 4565 4340 4569
f 4563 4340 4565
f 4338 4340 4563
f 4561 4338 4563
f 4337 4338 4561
f 4559 4337 4561
f 4335 4337 4559
f 4557 4335 4559
f 4334 4335 4557
f 4554 4334 4557
f 4555 4334 4554
f 4332 4334 4555
f 4331 4332 4555
f 4551 4331 4555
f 5607 4331 4551
f 4548 5607 4551
f 4325 5607 4548
f 4543 4325 4548
f 4547 4325 4543
f 4318 4325 4547
f 4317 4318 4547
f 4544 4317 4547
f 4546 4317 4544
f 4314 4317 4546
f 4313 4314 4546
f 4545 4313 4546
f 4347 4575 4346
f 4577 4575 4347
f 4349 4577 4347
f 4352 4577 4349
f 4578 4577 4352
f 4354 4578 4352
f 4580 4578 4354
f 4583 4580 4354
f 4355 4583 4354
f 4585 4583 4355
f 4357 4585 4355
f 4587 4585 4357
f 4359 4587 4357
f 4589 4587 4359
f 4361 4589 4359
f 4925 4574 4576
f 4579 4925 4576
f 4926 4925 4579
f 4581 4926 4579
f 4928 4926 4581
f 4931 4928 4581
f 4934 4931 4581
f 4582 4934 4581
f 4584 4934 4582
f 4936 4934 4584
f 4586 4936 4584
f 4938 4936 4586
f 4588 4938 4586
f 4940 4938 4588
f 4590 4940 4588
f 4942 4940 4590
f 4592 4942 4590
f 5640 4942 4592
f 4943 4942 5640
f 4946 4943 5640
f 4923 4574 4925
f 4573 4574 4923
f 4920 4573 4923
f 4918 4573 4920
f 4571 4573 4918
f 4916 4571 4918
f 4568 4571 4916
f 4567 4568 4916
f 4912 4567 4916
f 4910 4567 4912
f 4566 4567 4910
f 4908 4566 4910
f 4904 4566 4908
f 4564 4566 4904
f 4905 4564 4904
f 4562 4564 4905
f 4560 4562 4905
f 4906 4560 4905
f 4558 4560 4906
f 4556 4558 4906
f 5301 5450 5449
f 5298 5301 5449
f 5444 5298 5449
f 5303 5450 5301
f 5328 5450 5303
f 5451 5450 5328
f 5329 5451 5328
f 5453 5451 5329
f 5330 5453 5329
f 5332 5453 5330
f 5454 5453 5332
f 5458 5454 5332
f 5461 5458 5332
f 5333 5461 5332
f 5336 5461 5333
f 5460 5461 5336
f 5338 5460 5336
f 5462 5460 5338
f 5340 5462 5338
f 5465 5462 5340
f 5341 5465 5340
f 5469 5465 5341
f 5144 5334 5331
f 5143 5144 5331
f 5322 5143 5331
f 5320 5143 5322
f 5319 5143 5320
f 5141 5143 5319
f 5140 5141 5319
f 5314 5140 5319
f 5317 5140 5314
f 5137 5140 5317
f 5135 5137 5317
f 5315 5135 5317
f 5133 5135 5315
f 5316 5133 5315
f 5130 5133 5316
f 5129 5130 5316
f 5313 5129 5316
f 5311 5129 5313
f 5127 5129 5311
f 5310 5127 5311
f 5125 5127 5310
f 5124 5125 5310
f 5307 5124 5310
f 5305 5124 5307
f 5123 5124 5305
f 5302 5123 5305
f 5299 5123 5302
f 5300 5123 5299
f 5121 5123 5300
f 5120 5121 5300
f 5297 5120 5300
f 5294 5120 5297
f 5291 5120 5294
f 5290 5120 5291
f 5118 5120 5290
f 5289 5118 5290
f 5117 5118 5289
f 5281 5117 5289
f 5279 5117 5281
f 5115 5117 5279
f 5277 5115 5279
f 5113 5115 5277
f 5275 5113 5277
f 5111 5113 5275
f 5273 5111 5275
f 5109 5111 5273
f 5274 5109 5273
f 5106 5109 5274
f 5099 5106 5274
f 5097 5099 5274
f 5272 5097 5274
f 5095 5097 5272
f 5270 5095 5272
f 5094 5095 5270
f 5266 5094 5270
f 5267 5094 5266
f 5091 5094 5267
f 5090 5091 5267
f 5262 5090 5267
f 5261 5090 5262
f 5253 5261 5262
f 5146 5334 5144
f 5335 5334 5146
f 5148 5335 5146
f 5337 5335 5148
f 5150 5337 5148
f 5339 5337 5150
f 5344 5339 5150
f 5151 5344 5150
f 5347 5344 5151
f 5152 5347 5151
f 5345 5347 5152
f 5154 5345 5152
f 5350 5345 5154
f 5155 5350 5154
f 5159 5350 5155
f 5352 5350 5159
f 5162 5352 5159
f 5353 5352 5162
f 5362 5353 5162
f 5357 5353 5362
f 5358 5357 5362
f 5360 5357 5358
f 5355 5357 5360
f 5356 5355 5360
f 5157 5153 5149
f 4932 5157 5149
f 4933 5157 4932
f 4935 5157 4933
f 5156 5157 4935
f 4937 5156 4935
f 5158 5156 4937
f 4939 5158 4937
f 5160 5158 4939
f 4941 5160 4939
f 4944 5160 4941
f 5161 5160 4944
f 4945 5161 4944
f 5164 5161 4945
f 4947 5164 4945
f 5166 5164 4947
f 4550 4894 4891
f 4889 4550 4891
f 4549 4550 4889
f 4890 4549 4889
f 4542 4549 4890
f 4540 4542 4890
f 4539 4540 4890
f 4886 4539 4890
f 4883 4539 4886
f 4538 4539 4883
f 4880 4538 4883
f 4878 4538 4880
f 4536 4538 4878
f 4876 4536 4878
f 4535 4536 4876
f 4873 4535 4876
f 4874 4535 4873
f 4532 4535 4874
f 4530 4532 4874
f 4872 4530 4874
f 4528 4530 4872
f 4871 4528 4872
f 4527 4528 4871
f 4869 4527 4871
f 4523 4527 4869
f 4866 4523 4869
f 4865 4523 4866
f 4522 4523 4865
f 4773 4522 4865
f 4771 4522 4773
f 4521 4522 4771
f 4769 4521 4771
f 4766 4521 4769
f 4519 4521 4766
f 4764 4519 4766
f 4517 4519 4764
f 4763 4517 4764
f 4516 4517 4763
f 4761 4516 4763
f 4512 4516 4761
f 4760 4512 4761
f 4510 4512 4760
f 4758 4510 4760
f 4509 4510 4758
f 4755 4509 4758
f 4756 4509 4755
f 4492 4509 4756
f 4491 4492 4756
f 4753 4491 4756
f 4751 4491 4753
f 4750 4491 4751
f 4488 4491 4750
f 4487 4488 4750
f 4747 4487 4750
f 4745 4487 4747
f 4485 4487 4745
f 4742 4485 4745
f 4741 4485 4742
f 4484 4485 4741
f 4481 4484 4741
f 4738 4481 4741
f 4736 4481 4738
f 4480 4481 4736
f 4552 4894 4550
f 4553 4894 4552
f 4896 4894 4553
f 4556 4896 4553
f 4906 4896 4556
f 4903 4896 4906
f 4900 4896 4903
f 4898 4896 4900
f 4533 4537 4534
f 4545 4541 4537
f 4533 4545 4537
f 4313 4545 4533
f 4531 4313 4533
f 4312 4313 4531
f 4529 4312 4531
f 4526 4312 4529
f 4310 4312 4526
f 5608 4310 4526
f 4518 4308 5608
f 4307 4308 4518
f 4515 4307 4518
f 5608 4526 4525
f 4518 5608 4525
f 4506 4306 4307
f 4505 4506 4307
f 4296 4306 4506
f 4295 4296 4506
f 4504 4295 4506
f 4503 4295 4504
f 4293 4295 4503
f 4291 4293 4503
f 4501 4291 4503
f 4289 4291 4501
f 4500 4289 4501
f 4286 4289 4500
f 4285 4286 4500
f 4497 4285 4500
f 4498 4285 4497
f 4279 4285 4498
f 4277 4279 4498
f 4495 4277 4498
f 4494 4277 4495
f 4275 4277 4494
f 4490 4275 4494
f 4489 4275 4490
f 4274 4275 4489
f 4486 4274 4489
f 4483 4274 4486
f 4482 4274 4483
f 4272 4274 4482
f 4271 4272 4482
f 4479 4271 4482
f 4478 4271 4479
f 4505 4307 4515
f 4514 4505 4515
f 4502 4505 4514
f 4499 4502 4514
f 4511 4499 4514
f 4298 4294 4292
f 4302 4298 4292
f 4093 4302 4292
f 4290 4093 4292
f 4091 4093 4290
f 4288 4091 4290
f 4090 4091 4288
f 4287 4090 4288
f 4087 4090 4287
f 4085 4087 4287
f 4084 4085 4287
f 4284 4084 4287
f 4282 4084 4284
f 4082 4084 4282
f 4283 4082 4282
f 4081 4082 4283
f 4258 4081 4283
f 4263 4258 4283
f 4281 4263 4283
f 4278 4263 4281
f 4264 4263 4278
f 4276 4264 4278
f 4270 4264 4276
f 4273 4270 4276
f 5602 5170 5632
f 4954 4952 5641
f 5642 4954 5641
f 4956 4954 5642
