# Reduced PyMOL surface OBJ
v 18.777580 -20.701408 -0.221359
v 18.251415 -20.694149 -0.991104
v 18.437632 -20.263643 -0.817398
v 17.941887 -19.789808 -1.255783
v 17.502232 -20.796021 -1.919479
v 17.854815 -21.126772 -1.482010
v 18.554815 -21.394148 -1.049393
v 19.249403 -21.456308 -0.551529
v 19.464798 -21.059971 0.151031
v 19.174181 -20.268784 0.269562
v 18.777580 -19.836161 -0.221359
v 18.338488 -19.357185 -0.764862
v 17.941887 -18.924561 -1.255783
v 17.445580 -19.843208 -1.814362
v 17.189547 -19.067474 -1.878616
v 16.670580 -19.547184 -2.293335
v 17.006487 -20.322186 -2.357864
v 16.203342 -20.284458 -2.699265
v 16.565117 -21.022184 -2.744446
v 17.105631 -21.228643 -2.410400
v 16.958450 -21.880072 -3.056076
v 17.759714 -22.100571 -2.411179
v 17.805632 -21.496019 -1.977768
v 18.287437 -21.826771 -1.749390
v 18.493498 -22.380852 -1.957687
v 18.992580 -21.990185 -1.389328
v 18.213217 -22.834354 -2.691467
v 19.361273 -23.408810 -2.240402
v 19.628651 -22.976185 -1.540405
v 19.767580 -22.286209 -0.910355
v 20.200203 -22.986208 -1.177734
v 20.423309 -22.675215 -0.326019
v 19.832113 -21.950302 -0.135361
v 20.133293 -22.280609 0.615646
v 19.890400 -21.646902 0.564636
v 20.191580 -21.977209 1.315643
v 20.342722 -20.936758 1.398666
v 19.848618 -20.718533 0.581726
v 20.131580 -20.210320 0.755661
v 20.915241 -20.043358 1.184875
v 20.414101 -19.476536 0.684464
v 19.477100 -19.399969 0.328064
v 19.960598 -18.742752 0.404175
v 19.508207 -18.651068 0.117279
v 18.900400 -18.924561 -0.297256
v 19.111607 -18.218445 -0.373627
v 18.641888 -18.657185 -0.823151
v 19.053320 -17.915043 -1.073624
v 18.454056 -18.114847 -1.684219
v 19.330612 -17.726864 -2.265137
v 18.533604 -17.680174 -2.582474
v 17.824923 -17.786633 -2.350281
v 17.492947 -18.367474 -1.936905
v 16.859030 -17.696703 -2.367065
v 16.191603 -18.771278 -2.148773
v 15.758980 -18.071278 -2.416153
v 15.289555 -19.161667 -2.198685
v 15.722178 -19.861668 -2.466064
v 14.856932 -19.861668 -2.466064
v 15.279724 -20.246731 -2.712357
v 14.517311 -20.411184 -3.112061
v 14.949934 -20.902096 -3.508667
v 15.712347 -20.737642 -3.108948
v 15.572170 -21.129723 -3.799347
v 16.297739 -21.454807 -3.444458
v 16.297739 -21.454807 -4.309692
v 16.832685 -22.243254 -3.947479
v 16.797594 -21.975073 -4.706360
v 17.323595 -22.639854 -4.380096
v 17.382811 -22.765556 -3.686356
v 17.479433 -22.554073 -3.144974
v 17.932936 -23.287859 -3.425247
v 17.932936 -23.287859 -4.290497
v 18.632936 -23.555235 -3.857880
v 18.632936 -23.346146 -3.121857
v 19.361273 -23.408810 -3.105652
v 19.493511 -23.220167 -4.258270
v 20.061274 -23.467096 -3.409058
v 20.061274 -23.676186 -2.673019
v 20.963604 -23.391960 -3.287476
v 20.755056 -23.478191 -1.955353
v 20.061274 -23.467096 -1.936996
v 21.507393 -23.793062 -2.431900
v 21.507393 -23.793062 -1.478806
v 20.755056 -23.478191 -1.043472
v 20.970284 -23.389936 -0.550705
v 21.678602 -23.548210 -0.182327
v 20.979055 -23.129192 0.296646
v 21.678602 -23.548210 0.775620
v 20.488146 -22.732592 0.775894
v 20.907631 -23.293209 1.934784
v 20.552309 -22.712952 1.315186
v 20.610596 -22.409552 2.015182
v 20.965918 -22.989809 2.634781
v 20.768745 -22.030807 2.706619
v 20.501369 -21.598185 2.006622
v 20.768745 -21.165562 2.706619
v 20.710459 -20.862160 2.006622
v 21.201368 -20.465561 2.439255
v 21.613176 -20.847431 3.218811
v 21.702738 -20.026463 2.481262
v 21.627602 -19.904892 1.578934
v 22.191484 -19.709837 1.819641
v 22.153999 -19.433998 0.974319
v 21.337311 -19.435184 0.818939
v 21.774609 -18.742752 0.404175
v 20.867603 -18.742752 0.404175
v 20.908604 -17.980068 0.066986
v 22.076603 -18.009068 0.074997
v 21.572977 -17.518158 -0.321609
v 20.796604 -17.303284 -0.503204
v 20.244230 -17.460155 -0.337601
v 19.811607 -17.951069 0.058990
v 19.544230 -17.518444 -0.641006
v 21.611486 -17.269550 -0.846710
v 20.796604 -17.094194 -1.239227
v 21.725483 -16.982700 -1.603333
v 20.796604 -17.212185 -2.086349
v 20.096603 -17.361570 -1.671860
v 20.096603 -17.479561 -2.518982
v 20.291601 -17.114513 -3.235687
v 19.499043 -17.542559 -2.801407
v 19.441603 -17.185291 -3.604095
v 18.635939 -17.222546 -3.319382
v 18.929855 -16.714535 -4.141174
v 18.331274 -16.714561 -3.713058
v 18.063896 -17.147186 -3.013062
v 17.631273 -16.656273 -3.409668
v 17.268974 -17.186161 -2.776062
v 16.813675 -16.675617 -3.185059
v 16.813675 -16.466530 -3.921082
v 15.880589 -16.621035 -3.933914
v 16.032574 -16.826954 -3.087204
v 18.002357 -16.364111 -4.373657
v 17.204947 -16.405281 -4.743805
v 16.578602 -16.762514 -5.149033
v 15.728603 -16.833290 -4.780609
v 14.769737 -17.019463 -4.528976
v 14.899170 -16.955521 -3.637848
v 15.037115 -17.452085 -2.963730
v 15.599951 -17.317865 -2.690598
v 15.231581 -18.026184 -2.532333
v 14.337114 -17.719461 -3.396362
v 14.856932 -18.461666 -2.466064
v 14.053320 -17.351465 -4.035660
v 13.599659 -17.745270 -3.438110
v 13.690950 -18.540867 -3.026611
v 14.123573 -19.240866 -2.759232
v 14.553532 -19.161667 -2.407776
v 13.387550 -19.240866 -2.968323
v 13.652966 -20.138458 -3.130112
v 13.082891 -20.253912 -3.397781
v 13.347603 -20.768673 -3.933640
v 14.047604 -20.826962 -3.630234
v 14.053938 -21.056538 -4.371674
v 14.753939 -21.114824 -4.068283
v 14.753939 -21.323914 -4.804306
v 15.504604 -21.254185 -4.706360
v 15.504604 -21.045097 -5.442383
v 14.753939 -21.114824 -5.540329
v 14.976486 -20.821909 -6.181732
v 15.559603 -20.898186 -6.149353
v 14.161604 -20.924080 -5.791611
v 14.161604 -20.670185 -6.685364
v 15.011602 -20.994856 -7.210678
v 15.711603 -21.053143 -6.907288
v 16.409601 -21.222857 -6.674683
v 16.409601 -21.222857 -5.624023
v 16.433676 -21.417994 -4.817581
v 17.035946 -21.580090 -6.214661
v 17.436211 -21.952675 -6.193466
v 17.692995 -21.966961 -6.731842
v 18.136211 -22.010962 -6.496872
v 17.692995 -22.176050 -7.467865
v 18.693195 -21.695236 -7.084656
v 18.858152 -21.988174 -6.136032
v 18.447470 -22.514587 -5.681992
v 17.747469 -22.456299 -5.378586
v 17.288504 -22.371674 -5.138977
v 18.200314 -22.855234 -4.990494
v 19.226135 -22.787544 -4.958267
v 18.632936 -23.346146 -4.593903
v 19.147470 -22.456299 -5.378586
v 19.744274 -21.792185 -5.704025
v 20.203606 -22.506479 -4.565659
v 19.419605 -21.266857 -6.554031
v 20.269604 -21.196079 -6.185608
v 20.767532 -21.656754 -5.664658
v 20.963604 -22.118237 -4.973450
v 20.963604 -22.443195 -4.236252
v 20.493896 -22.976185 -3.805649
v 21.433311 -22.976185 -3.805649
v 22.031334 -22.324905 -4.819382
v 22.193310 -23.266479 -4.275360
v 21.856819 -23.699793 -3.685379
v 21.455057 -23.536480 -3.170639
v 21.798532 -24.003193 -2.985382
v 22.091852 -24.303837 -3.422043
v 22.033566 -24.607237 -2.722031
v 22.352596 -25.151184 -3.430817
v 22.033566 -25.695133 -2.722031
v 22.229603 -25.151184 -1.955353
v 21.998114 -24.336302 -1.955353
v 22.085220 -24.671928 -1.179901
v 22.033566 -25.695133 -1.188675
v 22.257565 -25.346132 -0.470032
v 22.157579 -24.323208 -0.478363
v 22.453602 -24.802185 0.296646
v 22.222113 -23.987301 0.296646
v 22.157579 -24.323208 1.071640
v 22.157579 -25.281162 1.071640
v 21.504879 -24.856674 1.970642
v 21.451744 -23.834953 1.564484
v 21.237503 -24.424049 2.670639
v 21.446592 -25.160074 2.670639
v 21.360603 -24.919514 3.841309
v 21.504879 -23.991426 3.370636
v 21.569693 -24.183491 3.841309
v 22.060602 -23.786890 4.273941
v 21.627979 -24.486891 4.541306
v 22.454531 -24.055904 4.945541
v 21.952581 -24.980419 5.286850
v 22.742088 -24.521181 5.698380
v 23.181932 -23.862185 5.288315
v 22.963497 -22.978970 4.081329
v 22.099716 -22.557184 3.450653
v 21.362518 -22.557184 3.125687
v 21.831535 -21.798300 3.415558
v 21.165346 -21.598185 3.197540
v 22.477657 -21.986744 3.743271
v 22.154207 -21.229301 3.789276
v 22.942932 -21.233910 4.030823
v 22.457607 -20.529301 3.730988
v 23.299036 -20.538521 4.004990
v 22.890230 -20.038391 3.334396
v 22.190229 -20.096678 3.030991
v 23.052603 -19.601292 2.115906
v 23.902601 -19.530514 2.484314
v 23.777372 -19.016319 1.704758
v 22.926601 -19.269514 1.365311
v 23.451931 -18.419514 1.040649
v 22.601933 -18.744186 0.515320
v 22.970346 -17.894184 0.444534
v 23.536148 -17.428909 0.933044
v 23.094698 -16.963633 0.414291
v 22.381931 -17.418703 -0.059067
v 22.784546 -16.855646 -0.121735
v 23.527321 -16.263634 0.146927
v 23.217169 -16.155647 -0.389114
v 22.588936 -16.218512 -1.052246
v 23.208487 -15.897553 -1.181686
v 22.733620 -16.009327 -1.653732
v 22.242710 -16.405928 -2.086349
v 22.612255 -15.583187 -2.201248
v 22.171932 -16.037514 -2.936356
v 21.646603 -16.887514 -2.611679
v 21.321934 -16.362186 -3.461685
v 20.831114 -16.357693 -3.711121
v 20.887657 -15.454743 -3.889725
v 20.335346 -15.739184 -4.156464
v 19.966932 -16.589184 -4.085678
v 19.813498 -15.729518 -4.501678
v 19.054493 -16.019081 -4.928802
v 19.466309 -15.182891 -5.152359
v 18.705620 -15.572249 -5.682175
v 18.236603 -16.006174 -5.191467
v 18.005619 -15.630537 -5.985565
v 17.536602 -16.064461 -5.494873
v 18.926739 -15.131461 -6.187729
v 18.091604 -15.398133 -6.682266
v 17.391603 -15.456421 -6.985672
v 18.091604 -15.073174 -7.419464
v 17.621897 -14.540185 -7.850067
v 16.905071 -14.468193 -7.501587
v 16.608383 -15.440018 -7.236191
v 16.253933 -16.237186 -7.049683
v 15.728603 -15.387185 -7.374359
v 15.245577 -16.316063 -7.144867
v 15.728603 -16.833290 -6.568100
v 16.578602 -16.762514 -6.199692
v 15.728603 -17.087185 -5.674362
v 15.049877 -17.115004 -6.072678
v 15.054485 -17.147461 -5.012726
v 14.239603 -17.299185 -5.516357
v 14.239603 -17.181194 -4.669235
v 13.282003 -17.058729 -5.051086
v 13.389605 -16.974514 -6.041687
v 12.763260 -16.617281 -5.451050
v 12.763260 -16.617281 -4.585800
v 13.167036 -17.254360 -3.834717
v 12.263634 -16.574881 -3.726608
v 12.696257 -17.274879 -3.459229
v 11.996256 -17.007504 -3.026611
v 12.299656 -17.707504 -2.968323
v 13.005320 -18.459728 -3.167542
v 12.028719 -18.474186 -2.932861
v 12.364347 -19.249638 -3.019974
v 11.725319 -19.174185 -2.991150
v 12.074684 -20.101776 -3.342575
v 11.292696 -19.665096 -3.387756
v 11.292696 -18.474186 -2.723770
v 11.426121 -17.733833 -2.747757
v 10.666245 -18.441616 -2.350525
v 10.515676 -17.719704 -2.426773
v 9.873673 -18.450300 -2.092438
v 10.362845 -19.141617 -2.408813
v 9.540831 -19.161547 -2.132523
v 9.934128 -19.737270 -2.968567
v 9.350227 -19.618042 -2.297379
v 9.270603 -20.216801 -2.950607
v 9.899720 -20.038532 -3.653107
v 10.705603 -19.810236 -3.455276
v 10.735044 -20.030571 -4.209488
v 10.014604 -20.154184 -4.589355
v 10.864603 -20.478855 -5.114685
v 11.247553 -20.551291 -4.677063
v 11.564169 -21.148724 -5.269348
v 11.890907 -20.701317 -4.333572
v 12.264170 -21.207012 -4.965958
v 12.650269 -20.953911 -4.530411
v 12.650269 -20.744823 -3.794388
v 13.160055 -21.122318 -5.304825
v 13.355940 -20.886824 -4.604279
v 12.264170 -21.416100 -5.701981
v 13.311605 -20.994856 -6.160034
v 12.447170 -21.180349 -6.669983
v 13.311605 -20.994856 -7.210678
v 12.728212 -21.680676 -7.571243
v 13.509251 -21.705021 -8.159866
v 14.161604 -20.924080 -7.579102
v 14.686934 -21.520184 -8.060684
v 14.161604 -22.370186 -8.385361
v 15.097853 -22.255302 -8.501007
v 15.357531 -21.554464 -7.867447
v 16.140469 -22.089195 -8.528336
v 16.117821 -21.605083 -7.551453
v 16.935553 -21.886734 -7.935989
v 16.992994 -21.908674 -7.035248
v 16.874252 -22.018003 -8.810852
v 17.684299 -21.970142 -8.335159
v 17.675604 -21.862185 -9.264359
v 18.443171 -22.005100 -8.789978
v 18.392996 -21.908674 -7.900482
v 18.951096 -21.908792 -8.901489
v 18.435602 -22.152479 -9.734070
v 19.252499 -22.365852 -9.373688
v 19.875998 -22.247208 -8.952576
v 19.757856 -21.666836 -8.510178
v 20.794933 -21.792185 -8.454681
v 20.269604 -21.196079 -7.973099
v 19.419605 -21.266857 -7.604691
v 20.269604 -20.942184 -7.079361
v 21.119602 -21.266857 -7.604691
v 21.119602 -21.266857 -6.554031
v 21.745947 -21.624088 -7.144669
v 22.290602 -21.855856 -6.836685
v 22.059111 -22.230415 -7.700867
v 22.873995 -22.541676 -7.197235
v 22.965275 -22.238098 -6.337585
v 22.290602 -21.855856 -5.786026
v 22.815931 -22.705856 -5.461349
v 23.581242 -22.986012 -5.961578
v 23.215332 -23.509937 -5.253403
v 22.458698 -23.165880 -4.835007
v 22.875362 -24.019241 -4.748276
v 23.595518 -24.354185 -5.207413
v 23.110586 -24.994497 -4.768982
v 22.581932 -24.605856 -4.086349
v 22.581932 -25.656513 -4.086349
v 22.806644 -25.845114 -4.808365
v 22.056602 -26.506514 -4.411026
v 22.034603 -26.109173 -3.441727
v 21.344946 -26.743280 -3.802902
v 21.314709 -26.618927 -2.872360
v 20.763905 -27.226482 -3.410370
v 20.718601 -27.100513 -2.347031
v 19.983484 -27.540836 -2.943359
v 19.540602 -27.782513 -2.139023
v 20.329485 -27.128836 -1.663605
v 21.129566 -26.806124 -1.194061
v 20.222240 -27.185371 -0.741257
v 21.064602 -26.688513 -0.202026
v 21.660709 -26.206928 -0.727356
v 21.783730 -26.112814 -0.177185
v 20.979055 -26.475178 0.343277
v 21.678602 -26.056162 0.775620
v 22.222113 -25.617069 0.296646
v 20.979055 -26.475178 1.208527
v 21.739777 -25.697544 1.903076
v 21.446592 -26.758297 2.670639
v 21.673603 -25.959185 2.670639
v 21.537533 -26.154144 3.762665
v 21.550190 -25.570169 3.639755
v 21.621929 -25.494848 4.601028
v 21.595819 -26.457544 4.462662
v 21.300518 -27.058155 3.596100
v 21.595819 -27.359184 4.462662
v 21.932310 -26.889479 5.052643
v 22.088972 -26.524853 5.753754
v 22.347065 -27.359184 5.745071
v 22.515932 -26.868856 6.350647
v 22.766933 -26.211514 6.741638
v 22.753729 -25.747118 6.546860
v 22.088972 -25.659607 5.753754
v 22.329643 -25.253834 6.018585
v 23.062551 -24.949818 6.557419
v 23.153746 -25.216578 7.363647
v 23.614202 -24.471729 7.128922
v 23.506601 -24.387512 6.138321
v 24.102711 -23.905928 6.663651
v 24.031931 -23.537514 5.813644
v 24.356604 -23.012184 6.663651
v 24.160997 -22.579561 5.733871
v 23.928253 -22.956615 5.440979
v 24.123802 -21.929613 5.755142
v 23.761932 -22.569513 4.696640
v 24.102711 -22.118443 6.663651
v 23.700323 -21.294090 6.461563
v 23.968615 -21.197060 5.546646
v 23.761932 -21.518856 4.696640
v 23.280348 -22.044186 4.100540
v 23.761932 -20.653608 4.696640
v 23.979465 -20.532124 5.216644
v 23.800310 -20.203892 4.456650
v 24.188555 -19.796101 5.216644
v 24.156778 -19.472544 4.449081
v 23.742023 -19.900490 3.756638
v 24.038036 -19.569881 3.507568
v 24.568420 -18.711514 3.819916
v 24.498711 -19.048927 3.009644
v 24.752604 -18.155186 3.009644
v 24.427931 -18.680513 2.159637
v 24.427931 -17.629856 2.159637
v 24.070698 -18.155186 1.533295
v 23.742113 -17.269299 1.576248
v 23.902601 -16.779856 2.484314
v 23.411692 -16.383255 2.051697
v 23.469978 -16.079857 1.351685
v 23.474737 -16.836676 0.876251
v 23.683826 -16.100651 0.876251
v 23.733313 -15.320511 0.962158
v 24.008669 -15.801000 0.121658
v 24.379309 -14.980890 0.412643
v 24.442593 -15.310296 -0.347351
v 23.909601 -15.740891 -0.817062
v 24.379309 -14.980890 -1.107361
v 23.619310 -15.271185 -1.577057
v 23.948715 -14.511185 -1.640350
v 23.211517 -14.511185 -1.965302
v 23.619310 -13.751185 -1.577057
v 22.680586 -13.652119 -1.637177
v 22.497374 -14.390050 -2.272247
v 21.913980 -13.704233 -1.911682
v 21.646603 -14.136856 -2.611679
v 22.171932 -14.986856 -2.936356
v 21.321934 -14.662185 -3.461685
v 21.690348 -15.512185 -3.532455
v 20.902267 -13.970537 -2.998795
v 20.827932 -14.190232 -3.535736
v 20.564207 -14.697302 -3.843719
v 20.127932 -13.922856 -3.968353
v 21.476603 -13.257479 -1.556061
v 22.176603 -13.315765 -1.252670
v 21.611387 -12.903996 -0.781769
v 20.716604 -12.967184 -1.086349
v 20.716604 -13.194195 -1.885468
v 19.949038 -13.110100 -1.560745
v 20.016603 -13.135908 -2.188873
v 20.485620 -13.569832 -2.679565
v 19.336370 -13.006166 -2.022354
v 19.336370 -12.797077 -2.758377
v 18.636370 -12.738791 -2.454987
v 19.155777 -12.535826 -3.795792
v 18.039310 -11.514187 -3.333649
v 18.799309 -11.804478 -3.803360
v 19.089603 -12.274185 -4.563354
v 19.298693 -13.010208 -4.563354
v 19.188293 -12.624779 -5.297638
v 19.582981 -13.635849 -5.208572
v 19.419685 -13.249252 -5.861465
v 19.468689 -14.254567 -5.852783
v 19.736065 -14.687191 -5.152786
v 19.408022 -14.879491 -5.852356
v 19.384594 -14.579295 -6.620361
v 19.611605 -13.780185 -6.620361
v 19.321310 -14.249890 -7.380356
v 18.851603 -15.009891 -7.090057
v 18.561312 -14.540185 -7.850067
v 18.890717 -13.780185 -7.913345
v 18.091604 -13.780185 -8.140350
v 18.561312 -13.020185 -7.850067
v 17.621897 -13.020185 -7.850067
v 17.292492 -13.780185 -7.913345
v 16.774872 -13.525860 -7.342896
v 17.331606 -12.550478 -7.090057
v 16.794315 -12.659765 -6.766571
v 16.291245 -13.308619 -6.814529
v 15.987844 -14.008618 -6.872818
v 15.122599 -14.008618 -6.872818
v 15.224977 -14.572302 -7.222626
v 14.373150 -14.528244 -7.490097
v 14.792355 -15.387185 -7.490005
v 13.860746 -14.916809 -8.039368
v 14.092354 -15.769444 -7.922638
v 14.488955 -16.202068 -7.431717
v 13.741674 -16.375530 -7.667068
v 13.741674 -16.584618 -6.931046
v 14.737532 -16.584618 -6.931046
v 14.239603 -17.045292 -6.410095
v 13.146170 -16.471272 -7.405746
v 12.917887 -16.693748 -6.572006
v 12.378603 -16.614185 -6.931351
v 12.319719 -16.480553 -6.097031
v 11.619719 -16.422266 -6.400421
v 11.435162 -16.205702 -5.588867
v 11.950605 -16.256514 -5.209930
v 11.250605 -15.989138 -4.777313
v 11.950605 -16.256514 -4.344681
v 11.250605 -16.198227 -4.041290
v 11.563633 -16.516594 -3.423203
v 10.750113 -16.372665 -3.852203
v 10.552586 -16.569248 -3.191177
v 10.985209 -17.060162 -2.794571
v 10.212276 -17.019703 -2.485062
v 9.539171 -16.423359 -2.951950
v 9.388270 -16.834610 -2.341248
v 9.820894 -17.534611 -2.073868
v 9.120894 -17.267235 -1.641251
v 9.424294 -17.967236 -1.582962
v 8.688271 -17.967236 -1.373871
v 9.114789 -18.740170 -1.623428
v 8.234644 -18.013210 -1.116287
v 7.931244 -18.713209 -1.174576
v 8.587973 -19.371677 -1.596390
v 7.499310 -19.303185 -1.511063
v 8.650228 -19.885418 -1.864746
v 7.503986 -20.486528 -2.322418
v 8.217604 -20.376329 -2.261353
v 8.917603 -20.318043 -2.564743
v 8.217604 -20.585419 -2.997375
v 8.570603 -20.484177 -3.383224
v 7.720603 -20.690857 -3.705032
v 7.720603 -20.690857 -2.839783
v 7.020603 -20.958233 -3.272400
v 7.061607 -21.100922 -4.315842
v 7.720603 -20.690857 -4.755692
v 8.570603 -20.366184 -4.230362
v 9.199720 -20.305908 -4.085739
v 9.168829 -20.395809 -5.238632
v 8.527861 -20.520681 -5.136551
v 8.669549 -21.048519 -5.863632
v 9.489275 -21.004185 -5.964691
v 10.014604 -20.408077 -5.483093
v 10.526350 -20.878836 -6.020187
v 9.906950 -21.815079 -6.425232
v 10.737719 -21.465103 -6.707291
v 11.530386 -21.161980 -6.186432
v 11.496603 -21.500195 -6.975464
v 10.954653 -21.916290 -7.460068
v 11.489603 -21.823097 -7.753326
v 12.028212 -21.738962 -7.267838
v 12.142691 -21.957031 -8.115784
v 11.489603 -22.032185 -8.489349
v 12.249601 -22.322479 -8.959061
v 13.066498 -22.535852 -8.598679
v 12.719309 -23.082479 -9.249359
v 13.550915 -23.475521 -8.808014
v 12.789268 -24.078548 -9.323547
v 13.066498 -24.568518 -8.598679
v 14.090311 -24.361185 -8.411057
v 14.436737 -23.630627 -8.578964
v 14.746372 -22.988995 -8.642334
v 15.320181 -23.660069 -8.567719
v 15.634542 -22.907803 -8.841019
v 16.031143 -23.382185 -9.331924
v 16.307432 -22.518412 -9.311996
v 16.445898 -22.912479 -10.024353
v 16.915606 -22.152479 -9.734070
v 17.205896 -22.622185 -10.494064
v 17.675604 -22.089195 -10.063461
v 18.145311 -22.622185 -10.494064
v 17.675604 -23.382185 -10.784363
v 18.474716 -23.382185 -10.557343
v 18.975269 -22.855822 -10.098557
v 18.965420 -23.851202 -10.123428
v 19.901518 -23.597185 -9.677307
v 19.577963 -22.829617 -9.645523
v 20.309311 -22.837185 -9.289062
v 20.638716 -23.597185 -9.352341
v 21.129419 -23.128168 -8.918427
v 21.234867 -22.556700 -8.588348
v 21.905178 -23.591858 -8.734238
v 22.195910 -22.924841 -8.029449
v 21.671707 -22.083965 -8.072464
v 22.878456 -23.535118 -8.281662
v 22.833603 -23.002907 -7.927872
v 23.533604 -23.061195 -7.624466
v 24.003311 -23.594185 -8.055069
v 24.293602 -23.124479 -7.295059
v 23.601170 -22.709724 -6.825363
v 24.293602 -23.124479 -6.355652
v 24.826593 -23.555073 -6.825363
v 24.763309 -23.884480 -6.065353
v 24.003311 -23.594185 -5.595657
v 24.332716 -24.354185 -5.532364
v 24.763309 -24.823891 -6.065353
v 24.003311 -25.114185 -5.595657
v 24.293602 -25.583891 -6.355652
v 23.592487 -25.740553 -5.991028
v 23.297554 -25.448513 -5.240982
v 22.864931 -26.148514 -5.508362
v 22.935711 -26.516928 -6.358353
v 22.339602 -26.998514 -5.833023
v 22.108110 -26.623953 -4.968842
v 21.466270 -27.179941 -5.414597
v 21.123997 -27.032909 -4.764664
v 20.484947 -27.452280 -4.757355
v 20.406029 -27.414473 -5.765686
v 19.858603 -27.809513 -5.282684
v 19.858603 -27.809513 -4.232025
v 19.983484 -27.540836 -3.808609
v 19.492575 -27.937437 -3.375977
v 18.969784 -28.240391 -3.405411
v 18.797020 -28.244068 -2.641357
v 17.995985 -28.256618 -2.947449
v 17.995985 -28.465706 -2.211411
v 18.805485 -28.222836 -1.728104
v 18.372862 -28.922836 -1.460739
v 18.849684 -28.421207 -0.929245
v 19.191036 -27.988880 -0.855423
v 19.681946 -27.592281 -1.288055
v 19.409601 -27.751581 -0.421356
v 18.907970 -28.724606 -0.229248
v 18.640594 -29.157230 -0.929245
v 18.950962 -29.660992 -0.213730
v 19.304571 -29.157230 0.261673
v 19.467888 -28.054981 0.278641
v 19.811270 -27.363510 0.409653
v 19.938477 -27.668198 1.521500
v 20.320267 -26.854834 1.050323
v 20.320267 -26.854834 0.185074
v 20.932167 -27.306637 2.134064
v 20.385912 -28.214186 2.216232
v 21.096498 -27.525229 2.845688
v 21.096498 -28.390476 2.845688
v 21.315975 -27.983625 3.575150
v 21.512594 -28.875074 3.387650
v 21.583351 -28.416248 4.275162
v 21.583786 -29.220682 4.188995
v 21.561670 -28.649000 5.343628
v 21.932310 -27.828890 5.052643
v 22.070776 -28.222958 5.764999
v 21.742737 -28.836069 6.181870
v 22.141373 -28.783695 6.582138
v 22.515932 -27.919514 6.350647
v 22.586712 -28.287928 7.200638
v 22.840605 -27.394184 7.200638
v 22.515932 -27.919514 8.050644
v 22.644999 -26.961561 8.130417
v 22.923595 -26.576139 7.442764
v 23.097593 -26.108295 8.201645
v 23.034309 -25.778891 7.441650
v 23.422554 -25.371099 8.201645
v 23.132685 -25.840117 8.960526
v 23.739670 -24.984001 9.248627
v 23.699211 -24.674494 8.475693
v 23.700323 -24.730280 7.861572
v 23.964504 -23.694185 8.182510
v 24.139965 -23.621216 7.469315
v 23.807123 -22.627367 8.298172
v 24.031931 -22.486856 7.513641
v 23.077240 -21.911613 8.144592
v 23.592262 -21.588140 7.257370
v 23.041218 -20.778988 7.386307
v 23.453997 -21.111809 6.961411
v 23.409149 -20.213909 6.989243
v 23.700323 -20.428841 6.461563
v 23.667700 -19.481256 7.075363
v 24.156828 -19.690060 6.318649
v 24.572601 -19.171890 6.788345
v 24.671669 -19.231998 5.849625
v 25.105593 -18.741295 6.318649
v 25.042309 -18.411890 5.558640
v 24.631210 -18.922493 5.076691
v 24.705818 -17.905792 4.968674
v 24.647532 -18.209192 4.268661
v 24.338026 -17.436258 4.309128
v 24.375433 -17.099075 5.022034
v 23.867619 -16.667881 4.387985
v 24.038036 -16.740490 3.507568
v 24.498711 -17.261442 3.009644
v 23.338602 -16.236479 3.703934
v 23.338602 -16.236479 2.838684
v 22.646170 -15.821723 3.266632
v 23.132252 -15.546754 1.961304
v 22.578604 -15.946184 4.173645
v 21.811037 -15.880011 3.912003
v 21.503111 -15.559704 3.532761
v 20.709932 -15.652184 3.821976
v 21.070488 -15.068792 3.136154
v 21.655909 -14.982841 2.873734
v 21.352509 -14.282841 2.815445
v 20.859289 -14.429185 2.909882
v 21.224604 -13.729185 2.753647
v 22.023716 -13.729185 2.526627
v 21.694311 -12.969187 2.463348
v 22.454309 -13.259478 1.993637
v 22.514420 -14.198201 2.092712
v 22.919310 -13.483809 1.314972
v 23.211517 -14.511185 1.270584
v 22.814917 -14.943809 1.761505
v 23.619310 -13.751185 0.882355
v 23.948715 -14.511185 0.945633
v 24.379309 -14.041478 0.412643
v 23.909601 -13.281479 0.122345
v 24.442593 -13.712072 -0.347351
v 24.669603 -14.511185 -0.347351
v 24.379309 -14.041478 -1.107361
v 23.909601 -13.281479 -0.817062
v 23.149603 -12.991184 -0.347351
v 23.149603 -13.218195 -1.146469
v 22.579773 -12.941805 -0.384232
v 22.574579 -12.835970 0.332001
v 21.809189 -12.686161 0.022812
v 21.984602 -12.499479 0.763931
v 21.224604 -12.436195 0.434540
v 20.682653 -12.852291 -0.050064
v 20.464605 -12.499479 0.763931
v 19.896523 -13.198254 0.474762
v 19.853882 -13.181042 -0.557770
v 19.405613 -13.594854 0.042130
v 19.025112 -13.300703 -0.936249
v 18.705612 -13.653141 -0.261261
v 18.264822 -13.250084 -0.620255
v 18.556602 -12.867857 -1.497025
v 17.706604 -12.797077 -1.128616
v 17.706604 -12.439812 -1.931305
v 16.896332 -12.727367 -1.466034
v 16.891722 -12.485821 -2.254761
v 17.446974 -11.962437 -2.733414
v 16.553270 -12.164858 -2.986465
v 17.099895 -11.514187 -3.333649
v 16.263706 -11.737743 -3.745468
v 16.809605 -11.044479 -4.093643
v 17.569603 -10.981195 -3.764252
v 17.569603 -10.754185 -4.563354
v 18.329601 -11.044479 -4.093643
v 18.329601 -11.044479 -5.033066
v 18.862593 -11.475073 -4.563354
v 18.799309 -11.804478 -5.323364
v 18.039310 -11.514187 -5.793060
v 18.768303 -12.327614 -6.145798
v 18.091604 -12.162235 -6.682266
v 18.851603 -12.550478 -7.090057
v 19.384594 -12.981073 -6.620361
v 19.321310 -13.310478 -7.380356
v 18.091604 -12.487194 -7.419464
v 17.569603 -11.929960 -6.311234
v 17.099895 -11.514187 -5.793060
v 16.614185 -12.085974 -6.012650
v 16.339897 -11.804478 -5.323364
v 15.907274 -12.504478 -5.590729
v 15.981964 -12.708014 -6.092133
v 15.270720 -12.748104 -5.759293
v 15.207273 -12.562765 -5.287338
v 15.750612 -12.139854 -4.889618
v 15.164371 -12.258791 -4.422729
v 14.464371 -12.526167 -4.855362
v 14.178486 -12.726820 -5.869965
v 14.913603 -13.167143 -6.324280
v 14.213602 -13.108856 -6.627686
v 13.478485 -12.668533 -6.173355
v 13.048685 -12.307253 -7.100479
v 13.414879 -12.931543 -7.891922
v 13.997494 -13.560913 -7.526306
v 13.346910 -13.740514 -8.128448
v 13.650311 -14.440514 -8.186737
v 12.950310 -14.173138 -8.619354
v 13.382933 -14.873137 -8.886734
v 13.802460 -15.220209 -8.739380
v 13.786123 -15.640762 -9.371689
v 13.563580 -14.949941 -9.987061
v 13.663486 -16.303650 -8.917465
v 13.041674 -16.642906 -8.099701
v 13.156992 -16.727001 -8.592621
v 12.561768 -16.891647 -8.750488
v 12.378603 -16.503044 -7.729294
v 11.591604 -16.712421 -8.554047
v 11.611036 -16.471272 -7.405746
v 10.891603 -16.445045 -8.121414
v 10.981604 -16.538139 -7.368317
v 10.124036 -16.622360 -7.708954
v 10.281604 -16.805515 -6.935684
v 10.919718 -16.480553 -6.097031
v 10.281604 -16.805515 -5.885025
v 10.550604 -16.256514 -5.209930
v 9.989822 -16.423286 -5.008255
v 9.929532 -16.206530 -4.259644
v 9.229532 -16.473906 -4.692261
v 9.539171 -16.214272 -3.687973
v 8.771604 -16.455133 -4.100449
v 8.742161 -16.234798 -3.346222
v 8.012719 -16.165266 -3.631424
v 8.012719 -15.956178 -2.895401
v 8.712719 -16.223553 -2.462784
v 8.079862 -16.057995 -2.351395
v 8.021574 -16.361397 -1.651398
v 8.450985 -16.875681 -1.648560
v 7.681627 -16.799160 -1.055359
v 7.725343 -15.977553 -1.515305
v 7.320898 -16.063417 -1.055817
v 7.783630 -15.674153 -2.215317
v 7.292719 -15.277554 -1.782684
v 7.007380 -15.639061 -0.948349
v 7.277107 -16.310165 -0.200912
v 7.106373 -17.144493 -0.034088
v 7.450981 -17.995012 -0.877762
v 6.831096 -17.914207 0.132736
v 6.685380 -18.315308 -0.281357
v 7.005785 -18.704111 -1.159851
v 6.269604 -18.833479 -0.751068
v 6.559898 -19.303185 -1.511063
v 5.804119 -19.416189 -1.495621
v 6.455103 -20.126825 -2.087265
v 7.071362 -19.995617 -1.925812
v 7.020603 -20.749144 -2.536377
v 6.123343 -20.629192 -2.511688
v 6.390718 -21.061817 -3.211685
v 5.631714 -21.142290 -2.913803
v 5.979897 -21.688185 -3.607056
v 6.679897 -21.420809 -4.039688
v 6.247273 -22.120808 -4.307068
v 6.652343 -21.994816 -4.846313
v 6.230965 -22.713013 -5.143127
v 6.852508 -22.268257 -5.274078
v 7.195274 -21.540855 -5.080353
v 7.676861 -22.066185 -5.676468
v 8.045275 -21.216185 -5.605682
v 8.570603 -22.066185 -5.930359
v 8.066978 -22.881069 -5.778625
v 8.898254 -22.898090 -6.051895
v 9.306627 -22.066185 -6.139450
v 9.693507 -23.182489 -6.548706
v 10.185066 -22.520668 -6.983414
v 10.080380 -23.699669 -7.205750
v 10.243353 -22.824066 -7.683411
v 10.630539 -22.262369 -8.020340
v 10.196614 -22.753075 -8.489349
v 10.729603 -22.322479 -8.959061
v 10.259897 -23.082479 -9.249359
v 11.019896 -22.792185 -9.719055
v 11.489603 -22.259197 -9.288467
v 11.959311 -22.792185 -9.719055
v 11.489603 -23.552185 -10.009354
v 12.288715 -23.552185 -9.782349
v 11.959311 -24.312185 -9.719055
v 11.019896 -24.312185 -9.719055
v 11.489603 -24.845175 -9.288467
v 12.567595 -24.961823 -8.655426
v 12.134972 -25.452732 -8.258835
v 12.982023 -25.408396 -7.919647
v 12.348310 -26.033184 -7.849060
v 13.175217 -25.836014 -7.462463
v 13.668243 -24.969357 -8.045135
v 13.917492 -25.609392 -7.220490
v 14.379488 -24.929266 -7.712296
v 14.591095 -25.834665 -6.709473
v 15.352718 -25.286577 -7.376862
v 14.862555 -24.419792 -8.161667
v 15.713274 -24.703184 -8.062683
v 16.023142 -25.394567 -7.850296
v 16.413275 -24.970560 -8.495316
v 16.000416 -24.099003 -8.881516
v 16.307432 -24.245958 -9.311996
v 16.758251 -24.975399 -9.033371
v 16.841408 -24.681850 -9.790726
v 16.445898 -23.851891 -10.024353
v 17.205896 -24.142185 -10.494064
v 16.876492 -23.382185 -10.557343
v 17.731350 -24.779167 -10.118866
v 18.145311 -24.142185 -10.494064
v 18.759193 -24.784573 -9.951126
v 18.367603 -25.620186 -9.735352
v 19.166716 -25.620186 -9.508347
v 19.436693 -24.317295 -9.725403
v 19.994480 -25.346319 -8.947495
v 20.309311 -24.357185 -9.289062
v 20.694481 -25.078943 -8.514877
v 21.129419 -24.066200 -8.918427
v 21.605274 -25.251184 -8.386688
v 22.130604 -24.401184 -8.711349
v 22.655933 -25.251184 -8.386688
v 23.026711 -24.374769 -8.563095
v 23.462385 -25.275257 -8.191544
v 23.595518 -24.354185 -8.443314
v 24.003311 -25.114185 -8.055069
v 24.332716 -24.354185 -8.118347
v 24.763309 -24.823891 -7.585358
v 24.763309 -23.884480 -7.585358
v 25.053602 -24.354185 -6.825363
v 24.826593 -25.153296 -6.825363
v 24.293602 -25.583891 -7.295059
v 23.533604 -25.647175 -7.624466
v 23.557533 -26.029066 -6.827209
v 23.100981 -26.138084 -7.227875
v 22.195910 -25.877529 -8.029449
v 22.014933 -26.473185 -7.733688
v 21.005152 -26.509426 -7.862274
v 21.489603 -27.069290 -7.252106
v 22.339602 -26.998514 -6.883682
v 21.489603 -27.323185 -6.358353
v 20.639605 -26.998514 -6.883682
v 20.417580 -26.455112 -7.948349
v 19.939604 -26.731136 -7.316315
v 19.939604 -26.940226 -6.580292
v 19.239603 -26.998514 -6.883682
v 19.506533 -27.419617 -6.172058
v 18.308720 -27.006554 -6.515778
v 19.008604 -27.880291 -5.651093
v 18.041342 -27.439177 -5.815781
v 18.162830 -27.892561 -5.406631
v 19.008604 -28.134184 -4.757355
v 18.156603 -28.167694 -4.676239
v 18.156603 -28.399185 -3.861359
v 17.381603 -28.103161 -4.340332
v 17.328812 -28.207308 -3.384811
v 16.838093 -27.664068 -3.861359
v 16.717873 -27.713663 -2.980881
v 17.047220 -28.465706 -2.211411
v 16.612774 -28.001295 -2.293976
v 16.341408 -28.457851 -1.523727
v 17.521603 -28.956617 -1.814819
v 16.990671 -29.665300 -1.498444
v 18.052534 -29.665300 -1.498444
v 17.521603 -30.424185 -1.690353
v 18.355934 -30.365301 -1.556732
v 18.832428 -30.114601 -0.942169
v 19.226973 -30.830275 -1.079636
v 19.215475 -30.440617 -0.200348
v 19.697510 -31.198809 -0.430145
v 19.964888 -30.766186 0.269852
v 19.661488 -30.066185 0.328140
v 20.237810 -30.522125 0.833466
v 20.100580 -29.587208 0.871643
v 20.519596 -30.112818 1.571182
v 20.353935 -29.347923 1.568649
v 19.744143 -28.764843 1.091934
v 19.989311 -28.646809 1.725311
v 20.689312 -28.914185 2.157944
v 21.018717 -29.674185 2.094650
v 21.449310 -29.204479 2.627640
v 21.449310 -30.143890 2.627640
v 21.739605 -29.674185 3.387650
v 21.512594 -30.473295 3.387650
v 21.449310 -30.143890 4.147644
v 20.979603 -30.903891 3.857346
v 20.782434 -30.517296 4.684250
v 21.112820 -29.710577 4.737625
v 20.717453 -30.205648 5.528534
v 21.054533 -29.407177 5.437622
v 20.748201 -30.047554 6.060501
v 21.274612 -29.593512 6.471191
v 20.726267 -30.191833 6.970215
v 21.470602 -30.025513 7.357315
v 22.068010 -29.281706 7.008148
v 22.066711 -29.543928 7.882645
v 22.413288 -28.750263 7.944473
v 21.995932 -29.175514 8.732635
v 22.158699 -28.324738 8.676987
v 21.514347 -28.650185 9.328751
v 21.229635 -27.844521 9.366013
v 21.537598 -27.359161 9.036575
v 22.158699 -27.459490 8.676987
v 21.840998 -26.659161 9.094864
v 21.166229 -26.911068 9.391922
v 21.371981 -26.144320 9.552917
v 22.274311 -26.069185 9.431351
v 21.687920 -25.536572 9.970322
v 22.884552 -25.378578 9.768967
v 22.085226 -24.855524 10.493103
v 22.880604 -24.987175 10.516754
v 23.640602 -24.923891 10.187347
v 23.350311 -24.454185 10.947342
v 24.110310 -24.163891 10.477646
v 24.173594 -24.493296 9.717636
v 24.400604 -23.694185 9.717636
v 24.110310 -24.163891 8.957642
v 24.220284 -23.212406 8.920639
v 24.173594 -22.895073 9.717636
v 23.640602 -22.464479 9.247940
v 23.640602 -22.464479 10.187347
v 22.880604 -22.174185 9.717636
v 22.948170 -22.049725 8.810638
v 21.893612 -21.991507 8.999771
v 22.272488 -21.092047 8.019409
v 21.665604 -21.563196 8.466751
v 21.339342 -21.037193 7.801971
v 22.020607 -20.564301 7.847290
v 20.906719 -20.337193 7.534592
v 21.445978 -19.864302 7.579910
v 22.505932 -19.868912 7.547470
v 21.696985 -18.576752 7.559723
v 22.545649 -18.701069 7.437637
v 23.330826 -18.739195 7.658325
v 22.987370 -17.956905 7.710632
v 23.812603 -17.942184 7.838638
v 24.282310 -18.702185 7.548355
v 24.611715 -17.942184 7.611633
v 25.042309 -18.411890 7.078644
v 25.042309 -17.472479 7.078644
v 25.332602 -17.942184 6.318649
v 25.105593 -17.143074 6.318649
v 25.042309 -17.472479 5.558640
v 24.572601 -16.712479 5.848938
v 24.572601 -16.712479 6.788345
v 23.812603 -16.422184 6.318649
v 23.842045 -16.544571 5.502518
v 23.045036 -16.356010 6.057007
v 22.578604 -16.382284 5.708786
v 23.338602 -16.236479 4.643356
v 22.578604 -16.173195 4.972763
v 21.990170 -16.432098 5.708267
v 21.818605 -16.236479 4.643356
v 21.118605 -16.503855 5.075974
v 21.118605 -16.294765 4.339951
v 20.136887 -16.139524 4.458206
v 20.409286 -16.475735 5.710953
v 19.872627 -16.915970 5.281006
v 19.539549 -16.829144 4.688293
v 19.272171 -16.396519 3.988297
v 19.659273 -15.652184 3.821976
v 18.773151 -15.848175 3.389969
v 19.334604 -15.126856 2.971970
v 20.184603 -15.056079 3.340378
v 19.440704 -14.861809 2.336151
v 20.393749 -13.705364 2.622162
v 19.873327 -14.161809 2.068771
v 19.994898 -13.259478 1.993637
v 20.754896 -12.969187 2.463348
v 20.464605 -12.499479 1.703354
v 21.224604 -12.436195 2.032761
v 21.224604 -12.209185 1.233643
v 21.984602 -12.499479 1.703354
v 19.931614 -12.930073 1.233643
v 19.476727 -13.729185 1.577866
v 19.405613 -13.594854 0.907379
v 19.005531 -14.303489 1.540146
v 18.705612 -13.862230 0.474762
v 17.934683 -14.136580 1.377563
v 17.901485 -13.853822 0.522247
v 18.005611 -13.594854 0.042130
v 17.086603 -13.702095 0.018616
v 17.086603 -13.911184 0.754639
v 16.386602 -13.643808 0.322021
v 16.856876 -13.452040 -0.522720
v 16.156876 -13.393753 -0.219315
v 16.391602 -12.908298 -1.004807
v 15.675274 -12.614506 -0.549606
v 15.658947 -12.588089 -1.522903
v 16.358948 -12.646376 -1.826309
v 15.853270 -12.432234 -2.553833
v 15.032602 -12.230856 -1.982925
v 15.101940 -12.181499 -3.027451
v 15.853270 -12.223145 -3.289856
v 15.050611 -12.407230 -3.804474
v 15.750612 -12.139854 -4.237091
v 14.482620 -12.390184 -4.086121
v 14.662359 -11.768257 -2.553833
v 14.071938 -11.654684 -2.896057
v 14.093878 -11.619183 -2.074097
v 13.648979 -10.899132 -2.456360
v 13.349997 -11.422808 -3.386124
v 13.782619 -12.122808 -3.653503
v 13.291710 -11.726208 -4.086121
v 13.764370 -12.258791 -4.422729
v 12.892044 -11.959808 -4.946411
v 13.684603 -12.387856 -5.380692
v 12.887436 -12.201355 -5.735138
v 12.189621 -11.979118 -5.097488
v 12.189621 -12.188208 -5.833511
v 12.189621 -11.979118 -6.569534
v 11.489620 -11.920832 -6.266144
v 11.756998 -11.488209 -6.966141
v 12.345131 -11.538975 -7.349182
v 11.777035 -10.769472 -7.576080
v 12.637957 -11.244968 -8.090347
v 13.013594 -12.039072 -7.859360
v 12.839596 -11.571230 -8.618240
v 12.950310 -12.368477 -8.619354
v 12.613819 -11.936544 -9.209335
v 12.613819 -12.801790 -9.209335
v 12.950310 -13.307890 -8.619354
v 12.682934 -13.740514 -9.319351
v 12.738598 -13.136257 -10.286880
v 12.905890 -13.642620 -10.203430
v 13.279699 -14.303181 -10.287766
v 12.892023 -14.476538 -9.319351
v 10.328773 -15.879295 -10.215973
v 10.789026 -15.986813 -11.019669
v 11.110600 -16.551880 -10.636368
v 10.412599 -15.342045 -11.132172
v 9.998388 -15.072577 -10.269333
v 9.661898 -15.505891 -9.679352
v 10.131603 -16.265892 -9.389069
v 9.523432 -15.899958 -8.966995
v 10.090252 -16.400366 -8.465851
v 10.891603 -16.556187 -8.919357
v 9.219172 -15.803226 -8.384628
v 8.906275 -16.280186 -7.785690
v 8.537861 -15.430185 -7.856461
v 8.018530 -16.006153 -7.374741
v 8.581603 -16.805515 -6.935684
v 9.431603 -16.876291 -7.304092
v 9.431603 -17.130184 -6.410355
v 8.616720 -16.978460 -5.906738
v 9.259545 -16.947420 -5.601181
v 8.272604 -16.961185 -5.453354
v 8.166939 -16.802834 -6.365784
v 7.422604 -16.636513 -5.978683
v 7.422604 -16.636513 -4.928024
v 8.272604 -16.707291 -4.559616
v 7.618595 -16.204512 -4.041901
v 6.782349 -16.021076 -4.561722
v 7.150470 -15.447069 -3.752594
v 7.641381 -15.843669 -3.319962
v 7.072603 -15.211514 -3.143021
v 7.292719 -15.277554 -2.647934
v 6.372603 -14.944138 -2.710403
v 6.592719 -15.010178 -2.215317
v 6.001628 -14.784400 -1.849991
v 6.591603 -15.120891 -1.418060
v 5.662488 -14.524554 -1.308029
v 6.591603 -15.120891 -0.478653
v 6.121898 -14.360890 -0.188354
v 6.532997 -14.871493 0.293594
v 7.082515 -15.517490 -0.046021
v 6.795643 -15.162189 0.916962
v 7.014479 -15.859552 0.785461
v 6.737355 -15.465590 1.616959
v 6.737355 -16.330837 1.616959
v 6.959928 -16.692673 0.781311
v 6.476611 -17.131552 1.608185
v 6.772808 -17.610809 0.832733
v 6.191173 -18.274143 1.655365
v 6.237988 -18.596376 0.839508
v 5.758549 -18.974144 1.388000
v 5.735603 -19.011810 0.291016
v 6.194468 -18.711908 0.151260
v 5.774720 -19.109533 -0.601364
v 4.929938 -19.437536 -0.188782
v 5.039603 -19.549856 -1.055679
v 4.413260 -19.907089 -0.595657
v 4.514275 -20.399857 -1.380356
v 5.364275 -20.075184 -1.905685
v 4.873122 -20.920038 -2.024002
v 4.514275 -21.450514 -1.380356
v 4.781651 -21.883137 -2.080353
v 5.063234 -21.613853 -2.436234
v 4.929603 -22.448185 -2.377350
v 5.219897 -21.978479 -3.137360
v 4.913786 -22.843513 -1.764633
v 5.040743 -23.246124 -2.377350
v 5.159611 -22.814230 -3.520477
v 5.397261 -22.413414 -4.001312
v 4.985615 -23.282074 -4.279358
v 5.518603 -22.851479 -4.749069
v 4.938925 -23.599407 -3.482346
v 4.634142 -24.081184 -4.211792
v 4.494703 -23.678673 -4.711975
v 4.543946 -24.486488 -4.941010
v 3.765895 -24.193464 -5.446365
v 3.780166 -23.680294 -5.609512
v 4.861324 -23.492359 -5.866776
v 4.177735 -23.361450 -6.062210
v 4.925090 -23.197790 -6.779236
v 5.809587 -23.431210 -6.305191
v 5.597792 -23.233898 -5.437195
v 6.509587 -23.163834 -5.872574
v 6.513309 -23.474480 -6.565353
v 6.681114 -23.648561 -6.063263
v 6.412934 -24.407446 -6.098343
v 7.077714 -24.081184 -5.572342
v 7.576071 -23.378162 -5.560181
v 8.203650 -24.075138 -5.222351
v 8.636274 -23.375137 -5.489731
v 9.046335 -24.296761 -5.165298
v 9.336274 -23.642513 -5.922363
v 8.341181 -24.660568 -4.599380
v 9.166504 -24.605280 -4.147537
v 9.781837 -24.621578 -4.639740
v 9.923838 -24.789204 -3.881363
v 10.800056 -25.194881 -4.285507
v 10.862270 -25.382511 -5.042465
v 10.292429 -25.011543 -5.851791
v 10.065059 -24.175541 -6.488556
v 10.358603 -25.273186 -6.619354
v 10.375401 -24.780638 -7.171356
v 10.648897 -25.742889 -7.379364
v 10.370610 -24.819139 -7.730469
v 10.161522 -24.083117 -7.730469
v 10.196614 -24.351295 -8.489349
v 9.969603 -23.552185 -8.489349
v 10.259897 -24.021891 -9.249359
v 10.729603 -24.781891 -8.959061
v 10.717260 -25.263956 -8.227310
v 11.163342 -25.371178 -8.623688
v 11.408895 -26.033184 -7.849060
v 11.118603 -26.502892 -7.089066
v 11.878603 -26.566174 -7.418472
v 11.878603 -26.793184 -6.619354
v 12.638601 -26.502892 -7.089066
v 12.638601 -26.502892 -6.149658
v 13.228579 -26.166401 -6.619354
v 13.088837 -26.213034 -5.711121
v 13.928579 -25.899025 -6.150345
v 13.769674 -26.093529 -5.297073
v 14.628580 -26.166401 -5.717712
v 14.469675 -26.360905 -4.864456
v 15.037279 -26.418518 -5.155228
v 15.059605 -26.267513 -6.148682
v 15.909603 -26.592184 -5.623352
v 15.909603 -26.338291 -6.517105
v 15.384274 -25.742184 -6.998688
v 16.111675 -25.935905 -7.341446
v 16.609604 -26.396578 -6.820496
v 16.583704 -26.022696 -7.782730
v 17.017628 -26.513401 -7.313721
v 17.074614 -26.419296 -8.215363
v 16.723143 -25.661943 -8.282928
v 17.137897 -26.089890 -8.975357
v 17.607605 -26.849892 -8.685059
v 17.897896 -26.380184 -9.445068
v 17.503830 -25.667824 -9.583527
v 18.367603 -26.913174 -9.014465
v 18.837311 -26.380184 -9.445068
v 19.127602 -26.849892 -8.685059
v 19.725330 -26.047667 -8.791000
v 19.717579 -26.513401 -8.251755
v 20.553354 -25.738068 -8.174011
v 19.168953 -26.984365 -7.761856
v 18.367603 -27.140184 -8.215363
v 18.338161 -27.017799 -7.399216
v 17.607605 -26.849892 -7.745651
v 17.608719 -26.739178 -6.948410
v 17.015121 -26.881437 -6.450577
v 17.608719 -26.948265 -6.212372
v 17.122637 -26.971272 -5.458893
v 16.422636 -26.703896 -5.891525
v 16.609604 -26.859560 -5.190735
v 16.828949 -27.398514 -4.693466
v 17.578577 -27.708998 -5.177109
v 16.311731 -26.996532 -4.195419
v 15.794722 -26.707836 -4.687103
v 15.773268 -26.858833 -4.058792
v 16.347183 -27.267467 -3.428726
v 15.459270 -27.000135 -3.006882
v 16.159271 -27.267511 -2.574249
v 15.459270 -27.209225 -2.270844
v 15.878990 -27.721014 -1.840469
v 15.280987 -27.414764 -1.271454
v 15.771896 -27.811365 -0.838821
v 15.170269 -27.268833 -0.247681
v 15.602892 -27.968834 0.019699
v 16.135235 -28.724606 -0.229248
v 16.193521 -28.421207 -0.929245
v 15.393261 -28.460270 0.608475
v 15.738634 -29.157230 0.261673
v 16.135235 -29.589853 -0.229248
v 15.341476 -29.913824 0.243942
v 15.393261 -29.325518 0.608475
v 15.016228 -29.595856 1.148697
v 14.583605 -30.295856 0.881317
v 14.908274 -30.821184 0.031311
v 15.666000 -30.856302 -0.350723
v 16.291897 -29.954479 -0.930359
v 16.062601 -31.288925 -0.841629
v 16.722490 -30.424185 -1.463348
v 16.990671 -31.183069 -1.498444
v 16.541292 -31.666136 -0.988968
v 17.065063 -32.075493 -1.617249
v 17.495634 -31.352230 -1.696335
v 17.892235 -31.784855 -2.187241
v 17.954226 -31.124186 -1.957733
v 17.270668 -32.625694 -2.431488
v 18.048897 -32.149479 -2.888351
v 17.616274 -32.849480 -3.155731
v 18.462467 -32.589745 -3.525970
v 18.808895 -31.859184 -3.358063
v 19.278603 -32.619186 -3.648361
v 19.748310 -31.859184 -3.358063
v 19.278603 -31.326195 -2.927475
v 20.038601 -31.389479 -2.598068
v 19.312386 -30.987980 -2.138443
v 18.788557 -30.856211 -1.953323
v 20.038601 -31.389479 -1.658646
v 19.697510 -31.198809 -1.295395
v 19.950693 -31.403608 -0.832962
v 20.524143 -31.944231 -1.317520
v 20.441603 -31.800209 -0.400330
v 21.031982 -32.565899 -0.730148
v 20.985113 -32.239304 0.078644
v 20.546730 -31.743557 0.552475
v 20.337641 -31.007532 0.552475
v 20.675022 -31.546158 1.315308
v 20.519596 -30.978065 1.571182
v 21.020565 -32.510239 0.845322
v 20.941669 -32.150368 1.793625
v 21.422283 -32.958408 1.465637
v 21.375593 -32.641075 2.262650
v 21.020039 -31.929829 2.972382
v 21.312309 -32.970478 3.022644
v 20.546980 -32.469139 3.589966
v 20.546980 -31.603891 3.589966
v 21.116728 -31.112648 3.001175
v 20.279604 -32.036514 4.289978
v 20.328932 -31.251080 4.403976
v 20.023611 -31.707312 5.277649
v 20.244976 -30.951237 5.335083
v 19.995275 -31.448881 6.357224
v 20.217163 -30.608110 6.315048
v 20.244576 -30.862436 7.379013
v 20.032833 -31.813339 6.844696
v 20.009686 -31.435116 7.572754
v 20.299555 -30.966099 8.331650
v 20.735485 -30.465836 7.811646
v 20.758688 -30.245943 8.666580
v 21.470602 -30.025513 8.407974
v 21.215355 -29.728792 9.280090
v 20.629684 -30.318115 9.676758
v 21.103363 -29.218685 9.777649
v 20.821604 -29.787186 10.435638
v 20.669775 -28.923412 10.483276
v 20.918957 -28.461346 9.772034
v 20.069170 -28.201012 10.173996
v 20.603579 -27.686207 9.686523
v 19.726355 -27.611069 9.659286
v 20.158978 -26.911068 9.391922
v 19.220209 -27.129210 9.174850
v 19.523609 -26.429209 9.116577
v 19.043718 -26.539145 8.628693
v 19.158209 -25.663561 8.773407
v 19.379251 -25.315399 9.261658
v 19.970343 -25.541176 9.626968
v 19.536606 -24.951891 9.962357
v 20.296604 -25.015175 10.291763
v 20.729227 -25.506084 9.895157
v 20.733606 -26.211067 9.659286
v 21.179296 -24.892174 10.440414
v 20.766312 -24.482185 10.722351
v 21.631557 -24.482185 10.722351
v 21.094542 -23.722185 10.901505
v 22.055370 -23.708906 11.109634
v 22.410896 -24.454185 10.947342
v 22.880604 -23.694185 11.237640
v 22.410896 -22.934185 10.947342
v 23.350311 -22.934185 10.947342
v 23.679716 -23.694185 11.010635
v 24.110310 -23.224480 10.477646
v 22.880604 -22.401196 10.516754
v 21.631557 -22.962185 10.722351
v 21.652603 -22.342014 9.849960
v 21.055489 -22.394104 10.023575
v 20.996605 -21.934809 9.060013
v 20.296604 -22.202185 9.492645
v 20.229038 -22.077724 8.585632
v 20.906719 -21.528103 8.198578
v 19.991165 -21.604832 7.807175
v 20.395298 -20.877190 7.733856
v 19.572628 -21.359856 7.399399
v 19.533859 -20.717186 7.320755
v 18.930626 -21.197418 6.947754
v 19.052275 -20.191856 6.724640
v 19.902273 -19.867184 7.249969
v 19.488228 -19.026810 6.269638
v 20.205673 -19.167185 7.191681
v 19.844196 -18.436193 7.005676
v 20.691671 -18.568069 7.510727
v 20.423491 -17.809185 7.475632
v 21.222603 -17.809185 7.702652
v 20.752895 -17.049185 7.412354
v 21.692310 -17.049185 7.412354
v 22.020540 -17.809185 7.591507
v 22.570652 -17.123577 7.298950
v 21.981487 -16.481104 6.713577
v 22.535604 -16.505981 6.476089
v 23.053719 -16.614103 6.849579
v 23.342896 -17.182184 7.548355
v 23.812603 -16.649197 7.117752
v 24.282310 -17.182184 7.548355
v 21.222603 -16.516197 6.981750
v 21.222603 -16.289185 6.182648
v 20.462605 -16.579479 6.652359
v 19.992897 -17.339479 6.942642
v 19.929613 -17.010075 6.182648
v 19.533184 -17.964493 6.259933
v 19.488228 -17.397041 5.806656
v 18.788227 -17.664417 5.374039
v 19.055605 -17.089790 5.066788
v 18.355604 -17.148079 4.763382
v 18.839548 -16.887432 4.384888
v 18.240723 -16.778534 3.940643
v 17.505606 -17.218857 4.394974
v 17.540722 -16.836823 3.637238
v 17.973345 -16.345909 3.240646
v 17.108099 -16.345909 3.240646
v 18.051210 -15.870962 3.029129
v 16.730227 -16.721184 3.529022
v 16.297604 -16.021185 3.261642
v 16.776581 -15.246185 2.965622
v 17.618587 -15.380051 2.632523
v 18.483833 -15.380051 2.632523
v 17.611933 -14.761185 2.129974
v 18.740704 -14.920096 2.032761
v 17.119690 -14.691022 2.312988
v 17.086603 -14.165078 1.648392
v 16.289272 -14.251101 1.572708
v 16.297604 -14.702676 2.526520
v 15.589272 -14.192814 1.876114
v 15.926527 -13.557751 0.886047
v 15.304737 -13.420300 1.108414
v 15.606548 -12.972294 0.330917
v 14.836613 -12.662857 0.819092
v 15.032602 -12.230856 -0.067032
v 13.945145 -12.115894 0.286285
v 13.996323 -11.683167 -1.016037
v 15.032602 -12.230856 -1.117691
v 13.039463 -11.689871 -0.192978
v 13.296322 -11.624880 -0.712631
v 13.583334 -11.207420 -1.527054
v 12.863699 -10.924879 -0.980011
v 13.220932 -10.464855 -1.606354
v 12.469467 -10.050692 -1.038605
v 12.695602 -9.614857 -1.931030
v 13.291710 -10.096441 -2.456360
v 12.695602 -9.614857 -2.981689
v 13.220932 -10.464855 -3.306351
v 12.494875 -10.144409 -3.914734
v 12.810867 -10.904701 -3.965347
v 12.058035 -10.617144 -4.430634
v 12.401981 -11.481176 -4.569855
v 11.756998 -11.488209 -4.700897
v 11.453598 -10.788208 -4.642609
v 11.056997 -11.220831 -5.133514
v 11.489620 -11.920832 -5.400894
v 10.998711 -11.524231 -5.833511
v 10.967871 -10.499792 -5.833511
v 11.056997 -11.220831 -6.533524
v 11.014200 -10.270651 -6.259003
v 11.453598 -10.788208 -7.024429
v 11.343336 -9.975992 -6.839859
v 11.715549 -9.969746 -7.351013
v 12.346443 -12.369167 -9.909332
v 12.594389 -12.123827 -10.375992
v 12.656992 -11.576880 -10.023010
v 12.594389 -12.614508 -10.375992
v 9.598615 -14.300161 -10.454498
v 9.483857 -14.241643 -11.176804
v 9.950463 -14.754459 -11.248627
v 8.945443 -13.892059 -10.943878
v 9.107703 -13.903562 -10.021866
v 9.540327 -14.603561 -9.754486
v 8.827423 -14.357065 -9.288086
v 9.247142 -15.077944 -8.986923
v 8.501837 -14.297562 -8.614746
v 8.934461 -14.997561 -8.347382
v 8.234461 -14.730186 -7.914749
v 7.747228 -14.324194 -8.078613
v 7.713508 -15.228114 -7.454071
v 7.173601 -14.331068 -7.704010
v 6.703088 -15.279053 -7.352539
v 7.298211 -16.061409 -6.992844
v 6.450620 -15.670249 -7.063171
v 6.954096 -16.203667 -6.539474
v 5.981604 -16.104174 -6.572464
v 5.981604 -16.331184 -5.773361
v 6.681603 -16.487421 -5.408035
v 5.981604 -16.104174 -4.974243
v 5.222719 -16.139267 -5.242432
v 5.098370 -15.914290 -4.774384
v 5.512588 -15.670249 -4.483536
v 6.414227 -15.646319 -4.422073
v 5.981604 -15.155408 -4.025482
v 6.681603 -15.213696 -3.722076
v 5.981604 -14.946320 -3.289459
v 5.281604 -15.213696 -3.722076
v 5.601995 -14.890319 -2.719849
v 4.901996 -15.157695 -3.152466
v 4.971171 -14.724360 -2.403992
v 4.538548 -15.215271 -2.800598
v 4.316642 -14.707657 -1.909424
v 4.962488 -14.466267 -1.611420
v 4.203604 -14.431174 -1.343246
v 4.672620 -13.997250 -0.852539
v 5.421898 -14.093514 -0.620987
v 4.766156 -13.410528 -0.493256
v 5.689274 -13.660891 0.079025
v 5.033532 -12.977905 0.206741
v 5.606859 -13.517698 0.791809
v 6.180185 -14.057490 0.511642
v 5.742274 -14.186513 1.630646
v 6.213314 -14.563240 1.280609
v 5.575954 -14.573615 2.374985
v 5.301952 -13.732186 2.365753
v 5.359628 -14.581161 2.860641
v 5.960211 -15.371586 2.652802
v 5.563611 -15.804210 3.143723
v 6.032627 -16.319050 2.685654
v 6.429227 -15.886426 2.194748
v 6.429227 -16.751675 2.194748
v 5.729227 -17.019051 2.627365
v 5.895588 -17.646597 2.036819
v 5.234689 -17.854185 2.360703
v 5.491173 -18.541519 2.087997
v 4.653344 -18.730911 2.359894
v 4.920720 -19.163534 1.659897
v 4.106302 -19.241455 1.942429
v 4.106725 -19.508671 1.206665
v 5.035604 -19.279186 0.723648
v 4.185603 -19.603855 0.198318
v 3.589498 -20.085442 0.723648
v 3.660275 -20.453857 -0.126358
v 3.335604 -20.979185 0.723648
v 3.660275 -21.504513 -0.126358
v 4.017508 -20.979185 -0.752701
v 4.346093 -21.865070 -0.709747
v 4.034835 -22.368694 0.105133
v 4.580218 -22.701687 -0.254364
v 4.626229 -22.378237 -1.011795
v 4.983498 -23.180927 -0.954361
v 5.415719 -23.379555 -0.039932
v 5.579603 -23.662514 -0.429031
v 5.449703 -23.726561 -0.912842
v 5.444171 -23.701881 -1.452286
v 5.882327 -24.426561 -1.180222
v 5.475976 -24.448605 -2.210709
v 5.289509 -23.792656 -2.176743
v 4.715719 -23.112179 0.392685
v 5.445162 -23.390800 0.843506
v 6.435665 -23.668274 0.057480
v 6.429923 -23.351088 1.292999
v 7.135665 -23.726561 0.360886
v 6.868289 -24.159185 -0.339127
v 7.442562 -24.262457 -0.104919
v 7.223526 -24.892967 -0.384155
v 6.402748 -24.883003 -0.626846
v 6.763898 -25.619184 -0.785645
v 6.003898 -25.328890 -1.255356
v 6.473603 -26.088890 -1.545654
v 5.940615 -25.658297 -2.015350
v 6.473603 -26.088890 -2.485062
v 5.905522 -25.390116 -2.774246
v 6.342877 -25.851912 -3.327332
v 5.518603 -25.310890 -3.809647
v 5.416149 -24.872761 -3.058792
v 5.048898 -24.550890 -3.519363
v 4.985615 -24.880297 -4.279358
v 6.278604 -25.601185 -4.279358
v 5.161658 -25.227898 -5.080704
v 6.278604 -25.374174 -5.078476
v 5.578604 -25.432461 -5.381866
v 4.931425 -25.541704 -5.947372
v 4.643180 -25.052561 -5.248398
v 4.393582 -25.338387 -5.739319
v 4.011235 -24.829828 -5.597992
v 6.047620 -24.998537 -5.872574
v 5.512572 -25.315029 -6.248154
v 5.969269 -24.741470 -6.647049
v 3.442864 -17.312553 -6.365402
v 3.171868 -17.852219 -6.196991
v 3.334406 -18.144581 -6.668488
v 3.742406 -17.996407 -7.298004
v 4.137901 -17.159344 -6.929245
v 4.227742 -17.590530 -7.947525
v 4.675668 -16.515999 -7.401367
v 4.499043 -17.048706 -8.393845
v 2.230314 -16.442457 -3.825928
v 1.931581 -17.082962 -4.065781
v 2.581641 -17.183868 -4.515549
v 3.064278 -16.715315 -4.432922
v 3.073434 -17.141403 -5.200912
v 3.645322 -16.396425 -5.645981
v 3.163139 -17.322624 -5.705170
v 3.583487 -16.283836 -4.974609
v 4.345322 -16.129049 -5.213364
v 4.345322 -16.338139 -5.949387
v 4.575488 -16.554266 -6.401428
v 5.214036 -16.397358 -6.035004
v 5.166579 -16.119400 -6.968750
v 4.340928 -15.994519 -4.506485
v 3.554766 -16.277699 -3.992828
v 4.318604 -15.843513 -3.513031
v 4.812588 -15.728537 -4.180145
v 3.468603 -15.914290 -3.144608
v 3.966532 -15.453617 -2.623657
v 2.850095 -15.468953 -2.648849
v 3.849269 -15.173547 -2.195328
v 3.043604 -15.136292 -1.910614
v 2.193604 -15.065515 -2.279022
v 2.518275 -14.540186 -1.429031
v 1.584603 -14.450421 -2.038040
v 1.786244 -14.124161 -1.510147
v 2.131173 -13.795851 -1.262711
v 1.698549 -13.304939 -0.866104
v 2.961161 -13.586323 -0.905273
v 2.517096 -12.876667 -0.425247
v 3.310275 -12.784184 -0.136032
v 3.835604 -13.410528 -0.493256
v 3.733898 -13.898186 -0.912643
v 4.333532 -12.919619 -0.096664
v 3.577651 -12.351561 0.563980
v 4.237114 -12.622255 0.686691
v 3.620566 -12.071213 1.207855
v 4.216604 -12.411161 1.645615
v 5.033532 -12.977905 1.071991
v 4.788422 -12.919975 2.088318
v 5.360240 -13.428787 1.665756
v 4.330170 -12.322716 2.424454
v 4.998899 -12.886906 2.860184
v 4.346478 -12.246813 2.981812
v 4.866609 -12.709581 3.455643
v 5.075697 -13.445604 3.455643
v 5.207987 -13.622929 2.860184
v 5.063603 -14.102185 3.635635
v 5.207987 -13.622929 4.411102
v 5.207987 -14.581442 4.411102
v 5.188620 -14.928926 3.602310
v 5.161469 -15.370285 3.978638
v 5.201355 -15.814780 3.568954
v 4.952380 -16.106308 3.978638
v 4.652667 -16.569630 3.405258
v 5.260211 -16.504210 3.085434
v 4.826898 -17.094185 2.748932
v 3.999990 -17.291355 3.135529
v 4.440137 -17.836300 2.605270
v 3.660275 -17.842184 3.000320
v 4.114601 -18.577301 2.559998
v 3.291861 -18.692184 2.929535
v 3.688460 -19.124809 2.438629
v 2.988461 -19.392185 2.871246
v 3.255836 -19.824808 2.171249
v 2.909898 -20.371479 2.587646
v 2.833406 -20.839111 1.962631
v 3.186218 -20.564682 1.423645
v 3.559259 -19.961090 1.654190
v 3.068228 -21.411808 1.423645
v 2.489539 -21.739368 2.037628
v 2.817673 -22.270300 1.178558
v 3.214272 -21.837677 0.687653
v 3.638235 -22.801319 0.596039
v 3.286689 -23.029184 0.888687
v 2.549492 -23.029184 1.213654
v 2.878898 -23.789185 1.276932
v 3.818309 -23.789185 1.276932
v 4.715719 -23.321266 1.128708
v 4.283095 -23.812178 1.525314
v 4.706257 -23.951099 1.989822
v 5.474604 -23.611134 1.597733
v 5.474603 -23.779415 2.389420
v 6.174603 -23.512039 1.956787
v 6.590022 -23.094490 2.547638
v 7.098269 -22.741610 2.001022
v 7.080934 -22.697891 2.980270
v 8.177720 -22.355461 2.530273
v 7.996662 -22.645794 1.688934
v 7.350327 -23.245785 1.142181
v 8.445612 -23.150623 1.269913
v 7.815603 -23.734291 0.576385
v 8.621268 -23.771545 0.291672
v 8.374043 -24.229017 -0.251465
v 9.259442 -23.928202 0.034622
v 9.259442 -24.137291 -0.701401
v 8.826818 -24.628201 -1.098007
v 8.097376 -24.906822 -0.647186
v 8.463309 -25.328890 -1.255356
v 7.703309 -25.619184 -0.785645
v 7.993604 -26.088890 -1.545654
v 7.233603 -26.152174 -1.216248
v 7.233603 -26.379185 -2.015350
v 7.993604 -26.088890 -2.485062
v 7.233603 -26.152174 -2.814468
v 7.702620 -25.718250 -3.305176
v 7.002620 -25.776537 -3.608566
v 7.177258 -25.424101 -3.998184
v 7.925639 -25.332104 -3.742706
v 7.706645 -24.865772 -4.490646
v 7.038604 -25.310890 -4.749069
v 7.575216 -24.644014 -5.122467
v 6.748309 -24.841185 -5.509064
v 8.561685 -25.390116 -2.774246
v 8.551171 -24.914646 -3.526108
v 9.251171 -24.856359 -3.222717
v 9.342463 -24.524500 -2.447983
v 10.138780 -24.480438 -2.773315
v 10.042463 -24.257122 -2.015350
v 10.935097 -24.552954 -2.491852
v 10.703604 -24.927513 -3.356033
v 11.403221 -25.310394 -2.852158
v 11.856653 -25.552513 -3.142731
v 11.856653 -25.552513 -4.007980
v 12.542471 -25.913071 -3.726120
v 12.542471 -25.913071 -4.591370
v 11.676273 -25.600561 -4.689651
v 12.347620 -26.132250 -5.329544
v 11.408895 -26.033184 -5.389648
v 11.878603 -26.566174 -5.820251
v 11.118603 -26.502892 -6.149658
v 10.648897 -25.742889 -5.859360
v 10.585613 -26.072296 -6.619354
v 12.949095 -26.050577 -4.968491
v 13.047621 -26.190536 -4.160889
v 13.709385 -26.310286 -4.548462
v 13.417604 -26.692514 -3.671692
v 14.267603 -26.763290 -4.040100
v 14.325043 -27.120560 -3.237411
v 15.077877 -26.833004 -3.702682
v 13.664604 -27.173290 -2.919098
v 14.619377 -27.271486 -2.551620
v 13.664604 -27.427185 -2.025360
v 14.474876 -27.243004 -1.469025
v 13.691021 -27.278923 -1.129257
v 14.470268 -27.001457 -0.680298
v 13.666603 -27.140903 -0.438492
v 14.470268 -27.210546 0.055725
v 13.666603 -27.253185 0.367645
v 14.366604 -27.520561 0.800262
v 14.902891 -27.701458 0.452316
v 14.799227 -28.220560 1.067642
v 14.347797 -27.708298 1.938644
v 14.676094 -28.453068 1.938644
v 15.016228 -28.730608 1.148697
v 14.868151 -29.363441 1.988251
v 15.247719 -29.105169 2.528778
v 15.247719 -29.970417 2.528778
v 14.585102 -30.089275 1.984573
v 14.779594 -30.727858 2.818100
v 14.058275 -31.145857 2.256638
v 13.987495 -30.777443 1.406647
v 13.733603 -31.671185 1.406647
v 14.058275 -31.145857 0.556641
v 14.058275 -32.196514 0.556641
v 14.539860 -31.671185 -0.039459
v 14.877274 -32.481461 -0.109177
v 15.352575 -31.642464 -0.402878
v 15.666000 -32.486069 -0.350723
v 15.933935 -31.859791 -0.810745
v 16.237892 -32.366135 -1.047256
v 16.062601 -32.918694 -0.841629
v 15.310478 -33.211597 -0.374893
v 15.654955 -33.669754 -0.831696
v 14.726582 -33.992668 -0.359314
v 15.222332 -34.369755 -1.099075
v 15.713242 -33.973152 -1.531693
v 15.347219 -34.996689 -1.637360
v 15.496603 -34.582184 -2.337357
v 15.750496 -33.688442 -2.337357
v 16.239004 -33.122639 -1.872086
v 16.346605 -33.206856 -2.862686
v 15.821276 -34.056854 -3.187363
v 16.671274 -33.732185 -3.712692
v 17.131298 -33.105843 -3.355453
v 17.721933 -33.732185 -3.712692
v 18.154556 -33.032185 -3.445312
v 17.196604 -34.582184 -4.037354
v 18.090347 -34.582184 -3.783463
v 18.542580 -34.154320 -3.421341
v 18.825100 -33.420536 -3.492538
v 19.314997 -33.969162 -3.021576
v 19.748310 -33.379185 -3.358063
v 20.038601 -33.848892 -2.598068
v 20.508308 -33.088890 -2.888351
v 20.077715 -32.619186 -3.421341
v 20.508308 -32.149479 -2.888351
v 20.798603 -32.619186 -2.128357
v 20.571592 -31.820074 -2.128357
v 20.676216 -33.435318 -2.157791
v 20.776024 -33.054184 -1.472260
v 20.464981 -33.905457 -1.964127
v 20.515598 -34.221447 -1.203842
v 20.920580 -33.533161 -0.696350
v 20.546730 -34.364815 -0.395187
v 20.985113 -33.869068 0.078644
v 21.216602 -33.054184 0.078644
v 21.166504 -33.440186 0.727509
v 21.379875 -33.896557 1.395950
v 20.894711 -34.593929 1.263641
v 21.375593 -34.239296 2.262650
v 21.602604 -33.440186 2.262650
v 21.312309 -33.909889 3.022644
v 20.842602 -34.669891 2.732346
v 20.552311 -34.200184 3.492355
v 20.881716 -33.440186 3.555634
v 20.178957 -33.583023 3.891998
v 20.485115 -33.007561 4.046539
v 19.911579 -33.150398 4.591995
v 20.237841 -32.622498 4.793640
v 19.854593 -33.056297 5.493637
v 20.081604 -32.257183 5.493637
v 19.889685 -32.788116 6.252533
v 19.420670 -33.547001 5.962662
v 19.534710 -33.517929 6.816635
v 19.788605 -32.624184 6.816635
v 19.463932 -33.149513 7.666641
v 19.800596 -32.171139 7.572754
v 19.598957 -32.497398 8.100662
v 19.974594 -31.703297 8.331650
v 19.441603 -32.133892 8.801346
v 20.009686 -31.435116 9.090530
v 19.150621 -31.763248 9.621460
v 20.160669 -31.077000 9.966629
v 20.267778 -30.642544 9.099213
v 19.301603 -31.405134 10.497559
v 20.061602 -31.016891 10.905350
v 20.594593 -30.586296 10.435638
v 20.531309 -30.256891 11.195633
v 19.771311 -30.547184 11.665344
v 20.100716 -29.787186 11.728638
v 20.531309 -29.317478 11.195633
v 19.771311 -29.027185 11.665344
v 20.061602 -28.557480 10.905350
v 19.301603 -28.494196 11.234756
v 19.301603 -28.169235 10.497559
v 18.831896 -29.027185 11.665344
v 18.008614 -28.515547 10.679718
v 18.522604 -28.040014 10.141953
v 18.787586 -27.620121 9.571457
v 17.850489 -27.843103 9.759567
v 17.903130 -27.577763 9.062637
v 18.611095 -27.239143 8.896072
v 17.791605 -27.494949 7.998077
v 18.224228 -26.794949 7.730698
v 17.494785 -27.073570 7.279892
v 17.684399 -26.514235 7.112350
v 18.246639 -25.918358 7.745895
v 17.912952 -25.389183 6.917526
v 18.353275 -24.934856 7.652634
v 18.765188 -25.499870 8.330231
v 18.652143 -24.629192 8.025070
v 18.919519 -24.196568 8.725082
v 18.652143 -23.722185 8.025070
v 18.968523 -23.191254 8.733765
v 18.776604 -23.722185 9.492645
v 19.003614 -24.521296 9.492645
v 19.066898 -24.191891 10.252640
v 19.066898 -23.252480 10.252640
v 19.497492 -23.722185 10.785629
v 19.826897 -24.482185 10.722351
v 20.296604 -23.722185 11.012650
v 19.826897 -22.962185 10.722351
v 20.766312 -22.962185 10.722351
v 20.296604 -22.429195 10.291763
v 19.536606 -22.492479 9.962357
v 19.003614 -22.923073 9.492645
v 19.536606 -22.492479 9.022934
v 19.536606 -22.492479 8.157684
v 18.910236 -22.887854 8.033752
v 19.269228 -22.059856 7.457687
v 18.103550 -22.769743 7.305023
v 18.627226 -21.897419 7.006042
v 17.669273 -21.977184 6.876968
v 18.129297 -21.350842 6.519745
v 17.251276 -21.415733 6.155655
v 17.230970 -20.754639 5.811630
v 18.392487 -20.555037 6.376740
v 17.534370 -20.054638 5.753342
v 18.757530 -19.444618 5.948776
v 17.277603 -19.279186 5.688644
v 18.355604 -18.594185 5.569641
v 19.091627 -18.594185 5.778732
v 17.733543 -18.466005 5.529846
v 17.830275 -17.744184 5.244965
v 17.236391 -17.908150 5.052673
v 16.798626 -18.504185 5.392624
v 16.502604 -18.025209 4.617615
v 16.805605 -17.277143 4.091568
v 16.235226 -17.592587 3.917618
v 15.680063 -18.245220 4.260727
v 15.369980 -17.592587 3.917618
v 15.919825 -16.851709 3.508636
v 15.054579 -16.851709 3.508636
v 15.470860 -15.987844 3.136627
v 14.580471 -16.084585 3.215622
v 15.017632 -15.254504 2.856522
v 15.818626 -15.246185 2.965622
v 15.391146 -14.650147 2.625671
v 14.409130 -14.829834 2.793365
v 14.901632 -14.127351 2.564056
v 14.102488 -13.901185 2.944153
v 14.541580 -13.422209 2.400650
v 15.132475 -13.753838 1.959702
v 14.679245 -13.020496 1.679581
v 14.062603 -12.647209 2.104614
v 14.138510 -12.524389 1.193024
v 13.147644 -12.133902 1.567795
v 13.007687 -12.013426 0.574585
v 12.516777 -11.616825 1.007217
v 12.548553 -11.293270 0.239639
v 12.160309 -10.885477 0.999649
v 12.223593 -10.556072 0.239639
v 12.606840 -10.989870 -0.460358
v 12.281879 -10.252672 -0.460358
v 11.789669 -10.065369 0.708664
v 11.152622 -9.549864 -0.305634
v 11.643532 -9.946465 -0.738266
v 11.210909 -9.246464 -1.005630
v 11.910910 -9.513842 -1.438263
v 11.706305 -8.413271 -1.798401
v 12.279587 -8.930477 -2.416611
v 11.962656 -8.506727 -2.536041
v 12.126301 -8.257723 -3.361328
v 12.204693 -9.218256 -3.414307
v 12.143566 -8.353640 -4.108994
v 12.188618 -9.760838 -4.081284
v 11.720037 -9.175150 -4.793503
v 12.075703 -8.635632 -4.494949
v 11.592581 -10.100786 -4.519043
v 11.348331 -9.783987 -4.905228
v 11.014200 -10.270651 -5.325668
v 6.035047 -13.791927 -8.376877
v 6.251862 -13.489443 -9.108795
v 7.028194 -13.673065 -8.972794
v 6.740977 -13.840157 -8.100601
v 6.308353 -14.331068 -7.704010
v 5.602423 -14.282839 -7.980270
v 5.409819 -14.995201 -7.849716
v 5.746309 -15.428514 -7.259735
v 4.919575 -15.814756 -7.814850
v 4.615714 -15.226185 -8.225342
v 4.415114 -16.384594 -8.732269
v 4.031869 -15.701473 -9.025940
v 3.852980 -14.905944 -8.919250
v 3.685378 -14.974982 -9.315796
v 3.604863 -14.441364 -9.324677
v 3.871110 -13.849991 -9.214081
v 1.249660 -15.118647 -3.577744
v 0.328540 -15.072797 -4.025986
v 0.868983 -15.630948 -3.981033
v 1.636853 -15.790302 -3.596710
v 2.074989 -15.409473 -2.979340
v 2.622828 -15.926561 -3.389084
v 1.567260 -14.708282 -2.739059
v 0.817036 -14.418647 -3.310364
v 0.850820 -14.405390 -2.393280
v 0.117036 -14.151271 -2.877731
v 0.125719 -14.102266 -1.872421
v 0.884604 -14.067174 -1.604248
v 0.415587 -13.633249 -1.113541
v -0.357347 -13.592793 -1.423050
v -0.357347 -13.383703 -0.687027
v 0.415587 -13.424160 -0.377518
v 0.934460 -13.329903 -0.386337
v -0.059396 -13.492184 0.222641
v 0.790604 -13.167515 0.747971
v 1.416948 -12.810280 0.287949
v -0.059396 -13.238291 1.116379
v 0.498822 -12.785286 1.624741
v -0.238438 -12.837456 1.610077
v 0.134604 -12.309292 2.291382
v 0.984603 -12.238512 1.922974
v 1.554172 -12.000645 1.429398
v 1.999599 -12.392414 0.646683
v 2.116948 -12.751993 -0.015457
v 2.877651 -12.293274 0.260574
v 2.920567 -12.012926 0.904449
v 2.254171 -11.942358 1.126007
v 2.961441 -11.700241 1.685333
v 2.245488 -11.684265 1.918579
v 2.891499 -11.303667 2.519348
v 3.661441 -11.758528 1.988724
v 3.521557 -11.383560 3.049973
v 3.553611 -10.982817 3.531097
v 3.908095 -11.751068 3.455643
v 3.972628 -11.415161 4.230637
v 4.451604 -12.190161 3.934616
v 4.682656 -11.702866 4.809601
v 4.942515 -12.586761 4.367249
v 5.079256 -12.135489 5.300522
v 4.912419 -13.040234 5.089172
v 5.137544 -12.438889 6.000519
v 4.697997 -12.883875 6.108688
v 4.756603 -12.634478 6.880936
v 4.286898 -13.394478 6.590652
v 4.148432 -13.000410 7.303009
v 5.466522 -12.033163 6.334534
v 5.408235 -11.729763 5.634521
v 5.675611 -11.297140 6.334534
v 5.600219 -11.705311 6.834015
v 5.903619 -11.005310 6.775726
v 6.300219 -11.437933 7.266647
v 5.867595 -12.137934 7.534012
v 6.358506 -11.741333 7.966644
v 5.867595 -12.137934 8.399261
v 6.300219 -11.437933 8.666641
v 5.520227 -11.699169 9.195496
v 4.918320 -12.234043 8.679977
v 4.469094 -12.635416 8.303131
v 4.237603 -12.260857 9.167313
v 3.629227 -12.986914 8.846878
v 3.923603 -13.060856 7.923309
v 3.327497 -13.542442 8.448639
v 3.398274 -13.910855 7.598648
v 3.073604 -14.436185 8.448639
v 3.358908 -14.934114 7.463211
v 3.755507 -14.436185 6.972305
v 4.165327 -14.296808 6.515503
v 4.243610 -14.882185 6.162781
v 4.769275 -14.356856 5.751648
v 4.640210 -15.314809 5.671875
v 4.940611 -15.014066 5.111099
v 5.036651 -13.924232 5.051651
v 4.894093 -15.802909 4.678650
v 4.207586 -16.014809 5.404495
v 4.461469 -16.502909 4.411270
v 3.651704 -16.598866 4.747940
v 3.946628 -16.960970 3.942245
v 3.335603 -17.316856 3.850311
v 3.532721 -16.362534 5.622635
v 2.797605 -16.802856 5.168320
v 2.643954 -17.779755 4.269974
v 2.810274 -18.166855 3.525650
v 2.369952 -18.692184 4.260757
v 2.659269 -19.160309 3.503311
v 2.553430 -19.630779 4.115204
v 2.741989 -20.025051 3.318207
v 2.809781 -20.345028 4.256073
v 2.619603 -20.841185 3.347641
v 2.837397 -21.332750 3.961899
v 2.431252 -21.435970 2.737625
v 2.817673 -22.270300 3.834732
v 2.118897 -22.559479 3.266647
v 2.055614 -22.230074 2.506638
v 1.828603 -23.029184 2.506638
v 2.118897 -22.559479 1.746643
v 2.118897 -23.498890 1.746643
v 2.055614 -23.828297 2.506638
v 2.588603 -24.258890 2.036942
v 2.588603 -24.258890 2.976349
v 3.348603 -24.549185 2.506638
v 3.348603 -24.322174 1.707535
v 4.108603 -24.258890 2.036942
v 4.145613 -24.368864 2.988419
v 4.883738 -24.113087 2.506638
v 4.883738 -24.322174 3.242661
v 5.418604 -24.221174 3.208527
v 5.418604 -24.448185 4.007645
v 6.178604 -24.157890 3.537933
v 6.178604 -24.157890 4.477356
v 6.711593 -23.727297 4.007645
v 6.648310 -23.397890 3.247635
v 7.049809 -22.938263 4.041428
v 6.648310 -23.397890 4.767639
v 6.752054 -22.456486 4.820953
v 7.063066 -22.021179 4.075211
v 7.362051 -22.550905 3.477356
v 7.763065 -21.753803 3.642593
v 8.062051 -22.283529 3.044739
v 8.494675 -21.792618 3.441345
v 8.992603 -22.253292 2.920380
v 9.194674 -21.850906 3.744736
v 9.835604 -22.235283 3.108749
v 9.995548 -22.599937 2.371887
v 8.935162 -22.610559 2.117691
v 9.425227 -23.089195 1.741150
v 9.013532 -23.331905 1.400742
v 9.207211 -23.616407 1.016129
v 9.929152 -23.639194 1.376968
v 9.864259 -24.003281 0.498947
v 10.490602 -24.360514 0.958969
v 10.283209 -24.408049 -0.195923
v 11.225721 -24.800837 0.433640
v 11.051720 -24.724836 -0.891357
v 10.042463 -24.466213 -1.279327
v 10.935097 -24.552954 -1.626602
v 11.560987 -25.049818 -0.840439
v 11.426006 -24.949554 -2.059219
v 11.907240 -25.494787 -1.210480
v 11.861229 -25.818237 -1.967911
v 12.189999 -26.350105 -1.177277
v 12.218498 -26.620928 -2.025360
v 12.289276 -26.252514 -2.875351
v 12.814606 -27.102514 -2.550690
v 12.814606 -27.102514 -1.500031
v 12.891603 -26.957161 -0.976578
v 12.312641 -26.247133 -0.399033
v 12.891603 -26.957161 -0.111328
v 12.348093 -26.518068 0.367645
v 12.891603 -26.957161 0.846619
v 12.412626 -26.182161 1.142639
v 13.187626 -26.478186 1.621613
v 13.599922 -27.115433 1.214996
v 14.117651 -26.591024 2.067749
v 13.619970 -25.778639 2.040634
v 14.514252 -26.158401 2.558655
v 14.566029 -27.114605 2.674103
v 14.903219 -26.996681 3.496643
v 14.894201 -27.731936 3.493103
v 14.740627 -28.117161 2.713638
v 15.277107 -28.705048 3.362717
v 15.306496 -28.304928 4.196640
v 15.708883 -29.129280 3.994568
v 15.515095 -29.537792 3.228775
v 15.484955 -30.272755 3.341309
v 15.918652 -30.227232 4.785645
v 15.651276 -30.659857 4.085648
v 15.052332 -30.972754 3.608688
v 15.218653 -31.359856 4.353012
v 14.685604 -31.530809 3.968018
v 14.311470 -31.485300 3.107407
v 13.625652 -31.845856 3.389267
v 13.672754 -31.989908 2.306320
v 13.401894 -32.508858 3.091125
v 13.583092 -32.885559 2.616745
v 13.223801 -33.500019 3.057083
v 13.657709 -34.114475 2.515594
v 13.925085 -33.681850 1.815598
v 13.871775 -32.550964 1.353806
v 13.891954 -33.448864 1.300980
v 14.159330 -33.016239 0.600983
v 14.078735 -33.610371 0.486145
v 13.675537 -34.108368 1.042664
v 13.774605 -34.168480 0.103943
v 13.241613 -34.599075 0.573639
v 13.304897 -34.928478 -0.186356
v 14.064896 -34.638184 -0.656067
v 13.735491 -35.398186 -0.719345
v 14.950619 -35.429310 -1.146439
v 14.796244 -34.630615 -1.012527
v 14.284426 -36.103008 -0.949814
v 15.295609 -36.211952 -1.146439
v 15.692209 -35.779327 -1.637360
v 16.289640 -36.095070 -1.908234
v 15.750496 -35.475929 -2.337357
v 16.346605 -35.957512 -2.862686
v 15.821276 -35.107513 -3.187363
v 16.671274 -35.432186 -3.712692
v 16.302860 -34.582184 -3.783463
v 17.196604 -36.028290 -3.231094
v 17.721933 -35.432186 -3.712692
v 18.046602 -35.957512 -2.862686
v 18.571932 -35.107513 -3.187363
v 18.705601 -35.547447 -2.422836
v 19.011597 -34.669159 -2.963287
v 19.192488 -34.956955 -2.240494
v 19.625111 -34.256954 -2.507874
v 19.856602 -34.631516 -1.643692
v 19.445459 -35.157177 -1.118362
v 19.576200 -35.097553 -0.558487
v 19.219982 -35.557457 -0.791138
v 19.298857 -35.650127 -0.035065
v 19.789766 -35.253529 0.397552
v 20.067110 -34.700954 -0.125870
v 20.298601 -35.075516 0.738312
v 19.830641 -35.566216 1.178436
v 20.412491 -35.168633 1.861145
v 19.647966 -36.027214 1.652985
v 19.955704 -35.529289 2.458649
v 19.610710 -36.311928 2.458649
v 19.539932 -35.943512 3.308640
v 20.037315 -35.116596 3.390671
v 19.144533 -35.588139 3.851730
v 19.447933 -34.888138 3.910019
v 19.875557 -34.283024 3.833710
v 19.090700 -34.428112 4.536362
v 19.478956 -33.850399 4.324631
v 19.420670 -33.547001 5.024628
v 18.823322 -33.995491 5.236359
v 18.390699 -34.695488 4.968979
v 18.332413 -34.392090 5.668991
v 18.880962 -33.997501 6.196457
v 18.490704 -34.593731 6.741486
v 18.938602 -33.999512 7.341965
v 18.389055 -34.298195 7.674973
v 18.613934 -33.474186 8.191971
v 17.737507 -33.594460 8.319107
v 18.133291 -32.713577 8.683228
v 19.007866 -32.723175 8.465973
v 18.681604 -32.197174 9.130753
v 17.584978 -32.248158 9.028900
v 18.211897 -31.664185 9.561356
v 17.427172 -31.698225 9.433914
v 17.608246 -31.144405 9.910355
v 18.479275 -31.231562 10.261353
v 17.861563 -30.640772 10.643936
v 18.541605 -31.016891 10.905350
v 18.071898 -30.256891 11.195633
v 18.831896 -30.547184 11.665344
v 19.301603 -31.080173 11.234756
v 18.502491 -29.787186 11.728638
v 19.301603 -29.787186 11.955643
v 18.011787 -29.318169 11.294708
v 17.371897 -29.989515 10.763016
v 17.029690 -29.171185 10.846588
v 16.621897 -29.931185 10.458344
v 16.292492 -29.171185 10.521637
v 16.621897 -28.411184 10.458344
v 17.560621 -28.312120 10.518463
v 17.091604 -27.878195 10.027756
v 16.331606 -27.941479 9.698349
v 17.091604 -27.651184 9.228638
v 16.331606 -27.941479 8.758942
v 17.062162 -27.773571 8.412506
v 16.528774 -28.328075 7.932022
v 17.040564 -27.897690 7.512314
v 16.679989 -28.469198 7.203049
v 16.982277 -27.594292 6.812302
v 16.735508 -27.969736 6.486984
v 16.338907 -27.537113 5.996078
v 16.326883 -28.682089 6.059570
v 15.930283 -28.249466 5.568665
v 15.858860 -27.411184 5.642746
v 16.378275 -26.513855 5.860641
v 15.377275 -26.885857 5.046646
v 15.981674 -26.081232 5.369736
v 16.253065 -25.633776 5.603348
v 16.667492 -25.720676 5.953125
v 15.751835 -26.021675 4.815155
v 15.751835 -25.156425 4.815155
v 16.253065 -24.768528 5.603348
v 15.738356 -24.314533 5.115326
v 15.896627 -23.946161 5.823639
v 16.671627 -24.242186 6.302628
v 17.212952 -24.256559 6.484909
v 17.103971 -23.542639 6.721634
v 17.694771 -23.721432 7.069626
v 17.912952 -24.523935 6.917526
v 17.516352 -24.956560 6.426620
v 17.300859 -22.827185 6.947754
v 16.335720 -23.467186 6.367157
v 16.819275 -22.301857 6.351639
v 15.896627 -22.988209 5.823639
v 16.288803 -22.115826 5.633118
v 15.515339 -22.494263 5.147415
v 16.057163 -21.633184 4.962875
v 16.757164 -21.365808 5.395508
v 16.360563 -20.933186 4.904587
v 16.745409 -20.273212 5.444046
v 15.966974 -19.753021 5.018768
v 16.462719 -19.279186 5.457153
v 16.023626 -18.800209 4.913651
v 15.490210 -19.315834 4.612488
v 15.088243 -20.165617 4.872818
v 14.790209 -19.583210 4.179855
v 15.093609 -18.883209 4.121567
v 14.357586 -18.883209 3.912491
v 14.790209 -18.183208 4.179855
v 13.504963 -18.291752 4.309814
v 13.766603 -17.524185 4.243637
v 14.582737 -17.494743 4.121262
v 14.236311 -16.764185 3.953354
v 13.313101 -16.722834 4.087830
v 13.030581 -15.989050 4.016632
v 13.818066 -15.691802 3.083588
v 13.118065 -15.424426 3.516205
v 13.514666 -14.991802 3.025299
v 13.084282 -14.504515 3.537094
v 13.357718 -13.901185 3.272446
v 12.747099 -13.749851 3.499680
v 12.854980 -13.050280 3.002441
v 13.766581 -13.126186 2.879623
v 13.287603 -12.582676 2.440521
v 12.725597 -12.634930 2.693466
v 12.025597 -12.367552 3.126099
v 12.256441 -12.018791 1.856995
v 11.765532 -11.622190 2.289612
v 11.823818 -11.318790 1.589615
v 11.556442 -10.886168 2.289612
v 11.722851 -10.612780 1.545959
v 11.455475 -10.180157 2.245956
v 11.540121 -9.638851 1.481598
v 11.675982 -9.388470 2.203842
v 11.191292 -8.846237 1.621002
v 10.890574 -9.266127 0.900391
v 10.457951 -8.566126 1.167770
v 10.399663 -8.869526 0.467773
v 10.890574 -9.266127 0.035141
v 11.274828 -9.607307 0.239639
v 10.457951 -8.566126 -0.232224
v 10.772152 -8.245899 -0.868622
v 10.286877 -7.965189 -0.762283
v 4.985603 -13.282410 -8.883240
v 4.985603 -13.251570 -9.330841
v 5.666737 -13.303526 -9.369675
v 5.418227 -13.773320 -8.486633
v 4.552979 -13.773320 -8.486633
v 4.985603 -14.473320 -8.219254
v 4.249579 -14.473320 -8.428345
v 4.374728 -13.484903 -9.241714
v -1.187612 -13.608162 -4.519348
v -1.289228 -13.152161 -5.360229
v -1.244007 -13.819760 -5.249023
v -1.159379 -12.461020 -5.358566
v -1.751726 -12.744293 -4.098038
v -1.245899 -13.911561 -3.819351
v -0.739452 -14.555457 -4.353485
v -0.777829 -14.210360 -3.505768
v -0.777829 -14.001271 -2.769745
v -1.945899 -13.644184 -3.386719
v -1.545396 -14.144186 -2.295364
v -0.786512 -13.952267 -1.764420
v -1.545396 -13.917174 -1.496246
v -2.305397 -13.853891 -1.825653
v -2.015102 -13.384186 -1.065659
v -1.679727 -12.950447 -0.476364
v -0.931721 -13.318520 -0.245483
v -1.578590 -12.728664 0.255798
v -0.909396 -13.167515 0.747971
v -1.434725 -12.317514 1.072647
v -1.759396 -11.792185 0.222641
v -1.816760 -11.559788 1.037521
v -1.900485 -11.350491 1.654312
v -1.298789 -11.552694 2.283524
v -0.711171 -12.321560 2.046921
v -0.390725 -11.713182 2.772964
v -0.931396 -11.400421 2.921951
v -0.801646 -10.978065 3.213303
v 0.084936 -10.966135 3.166168
v 0.659932 -11.713182 2.772964
v 1.047034 -10.968847 2.939285
v 1.534243 -11.724356 2.251419
v 1.956309 -11.116182 2.617355
v 2.388933 -10.625273 3.013947
v 1.873228 -9.982950 3.446030
v 2.420987 -10.224529 3.495071
v 3.032343 -9.852175 3.901978
v 2.540714 -9.339081 4.304092
v 3.612575 -9.762348 4.394058
v 3.915975 -10.462349 4.335770
v 4.312574 -10.029726 4.826675
v 4.411721 -10.936184 4.774155
v 4.753542 -10.504568 5.152298
v 5.011635 -11.297140 5.143616
v 5.408235 -10.864517 5.634521
v 5.150142 -10.030186 5.643204
v 5.564898 -10.499893 6.335648
v 5.564898 -9.560478 6.335648
v 6.300219 -9.743681 7.266647
v 6.300219 -10.572687 7.266647
v 6.449604 -10.158184 7.966644
v 6.567595 -11.005310 7.966644
v 6.567595 -9.311058 7.966644
v 6.300219 -9.743681 8.666641
v 6.096274 -10.127514 9.183640
v 6.314142 -9.004425 8.722076
v 6.135489 -8.860264 9.202957
v 6.665615 -8.247072 8.789642
v 6.608628 -8.152969 9.691284
v 6.025497 -8.708441 10.033646
v 5.771604 -9.602184 10.033646
v 5.889594 -10.449310 10.033646
v 6.096274 -10.992760 9.183640
v 5.718370 -11.132593 10.204086
v 6.273266 -10.582775 11.218246
v 5.817598 -11.668470 11.109497
v 5.002119 -12.127190 10.657913
v 4.972720 -11.820534 9.692642
v 4.237603 -12.260857 10.217972
v 4.562275 -12.786186 11.067978
v 3.712275 -13.110855 10.542648
v 3.641498 -12.742441 9.692642
v 3.387604 -13.636185 9.692642
v 3.712275 -14.161513 10.542648
v 3.545955 -14.548615 9.798309
v 3.398274 -14.961514 9.298645
v 3.971461 -15.209185 10.027039
v 3.545673 -15.968301 9.452728
v 2.975328 -15.282243 8.344086
v 2.846898 -16.257481 8.884644
v 2.783615 -15.928075 8.124649
v 3.199710 -15.443477 7.582687
v 2.846898 -16.257481 7.364639
v 3.322884 -16.066738 6.704926
v 3.755507 -15.366737 6.972305
v 3.877003 -15.626162 6.188400
v 2.905186 -16.560879 6.664642
v 2.690004 -16.718639 6.158920
v 2.490430 -16.988827 7.357071
v 2.131786 -17.621857 6.503922
v 2.201498 -17.284443 5.693649
v 1.947604 -18.178185 5.693649
v 2.272275 -17.652855 4.843643
v 2.137498 -18.672661 4.823624
v 2.201498 -19.071926 5.693649
v 2.131786 -18.734512 6.503922
v 3.098587 -19.752537 6.189178
v 2.958240 -19.892788 5.243530
v 3.624469 -20.063461 6.300018
v 3.340275 -20.650513 5.278641
v 3.123271 -20.950512 4.924545
v 4.190275 -20.975185 5.803970
v 4.511598 -21.460617 5.652100
v 5.240932 -20.975185 5.803970
v 4.734805 -22.093582 5.371170
v 4.459603 -20.330133 6.794556
v 5.227171 -20.298359 6.471008
v 5.673556 -20.484274 6.200577
v 6.252934 -21.469299 5.394012
v 5.949534 -22.169300 5.335724
v 5.418604 -22.928185 5.527649
v 4.619493 -22.928185 5.300629
v 4.128789 -22.459167 4.866714
v 4.188898 -23.397890 4.767639
v 3.260559 -22.899837 4.238373
v 3.628287 -22.323185 4.476822
v 3.792421 -23.921551 4.019058
v 2.878898 -23.789185 3.736343
v 2.549492 -23.029184 3.799637
v 2.118897 -23.498890 3.266647
v 3.348603 -24.322174 3.305756
v 4.658604 -24.157890 4.477356
v 4.948898 -23.688185 5.237350
v 5.418604 -24.221174 4.806747
v 5.888309 -23.688185 5.237350
v 6.217715 -22.928185 5.300629
v 6.766932 -20.819185 5.751968
v 7.154253 -21.459436 4.957916
v 7.616933 -20.494514 5.226639
v 7.942372 -21.091320 4.562531
v 7.495689 -21.321178 4.342590
v 8.195689 -21.262890 4.039185
v 8.749557 -20.927137 4.526642
v 9.310275 -21.294186 4.372971
v 9.182180 -20.227139 4.794022
v 9.836603 -20.362162 4.698120
v 10.360932 -21.294186 4.372971
v 9.835604 -21.890291 3.891388
v 10.681377 -21.902561 3.646912
v 11.225115 -21.062695 3.998413
v 11.694168 -21.801090 3.702850
v 11.073891 -22.418457 3.210068
v 10.695549 -22.658226 2.675293
v 11.448849 -23.014212 3.147461
v 11.147617 -23.414188 2.408829
v 10.428172 -23.090851 1.975296
v 10.815273 -23.835184 1.808975
v 11.989149 -24.050890 2.030869
v 11.157183 -24.512274 1.182526
v 11.857183 -24.570560 1.485931
v 11.589806 -25.003185 0.785934
v 12.289806 -25.270561 1.218552
v 12.019794 -25.773298 0.367645
v 12.421772 -24.541801 1.634277
v 12.788445 -25.472492 1.631073
v 13.121773 -24.809177 2.066895
v 13.345236 -25.132139 2.415909
v 13.180059 -24.505777 2.766907
v 13.683727 -24.565186 3.133865
v 14.063433 -25.428959 2.837280
v 14.201899 -25.034891 3.549637
v 14.737879 -25.993217 3.377655
v 14.900673 -25.324070 4.117722
v 15.355234 -25.589050 4.324234
v 15.190775 -26.531406 4.249481
v 15.341755 -24.747156 4.624420
v 14.632492 -24.565186 4.082626
v 15.297274 -24.238924 4.608627
v 14.900673 -23.806301 4.117722
v 15.189142 -23.180801 4.620911
v 14.597273 -23.106300 4.176010
v 14.660295 -22.393185 4.458054
v 13.761387 -22.343388 4.032944
v 14.356895 -21.693184 4.516342
v 15.088243 -21.700752 4.872818
v 14.826603 -20.933186 4.806641
v 15.624540 -20.933186 4.695511
v 14.027491 -20.933186 4.579636
v 14.356895 -20.173183 4.516342
v 13.559649 -20.174301 4.405640
v 13.924963 -19.583210 4.179855
v 13.188250 -19.473185 4.458054
v 13.621563 -18.883209 4.121567
v 13.112232 -18.741350 4.447769
v 12.616488 -19.215185 4.886154
v 12.280581 -18.440186 4.821625
v 12.786400 -17.598402 4.461166
v 11.943312 -17.626184 4.678345
v 12.466066 -16.841400 4.360397
v 11.639912 -16.926186 4.620056
v 11.943312 -16.226185 4.678345
v 11.142246 -16.329573 5.229355
v 11.535519 -15.466185 5.066589
v 12.272717 -15.466185 4.741638
v 11.943312 -14.706184 4.678345
v 12.703310 -14.996479 4.208633
v 12.316715 -14.169571 4.011475
v 11.582932 -13.889291 4.464981
v 11.966633 -13.588020 3.989059
v 11.266632 -13.320642 4.421677
v 11.663233 -12.888020 3.930771
v 11.266632 -12.414185 4.421677
v 11.606581 -11.935207 3.825638
v 11.266632 -11.507727 4.421677
v 11.447996 -11.021318 4.075134
v 11.671114 -11.599300 3.050644
v 11.441025 -10.657185 3.031647
v 11.672241 -10.151882 3.893890
v 11.629112 -9.715069 3.012650
v 11.951620 -9.199184 3.763870
v 11.860603 -8.900185 3.012650
v 11.664564 -8.356236 3.779327
v 11.629112 -8.085300 3.012650
v 11.564579 -8.421207 2.237640
v 11.085602 -7.646208 2.533661
v 10.789579 -8.125185 1.758667
v 10.351813 -7.529148 2.098618
v 10.652979 -6.946207 2.801041
v 10.048413 -6.829147 2.156906
v 9.651814 -7.261770 1.665985
v 9.927597 -6.257551 2.373184
v 9.271580 -6.049202 1.195328
v 9.168633 -7.210642 1.077606
v 9.992579 -8.333969 0.871246
v 9.501668 -7.937368 0.438629
v 9.992579 -8.333969 0.005997
v 9.503347 -7.792355 -0.182358
v 9.012436 -7.395754 0.250259
v 9.070724 -7.092354 -0.449738
v 9.868552 -7.336760 -0.901520
v 9.406895 -6.863585 -0.902054
v -1.123725 -11.405514 -4.514359
v -1.101635 -11.012836 -5.355240
v -0.995741 -11.838137 -5.214355
v -1.123725 -12.270760 -4.514359
v -1.494102 -11.150892 -4.129364
v -1.890703 -11.583515 -3.638443
v -1.882346 -10.619270 -3.369354
v -2.404461 -11.334370 -2.764374
v -2.775102 -12.154478 -3.055359
v -2.344508 -12.624186 -3.588348
v -2.775102 -13.093893 -3.055359
v -3.065396 -12.624186 -2.295364
v -2.838386 -13.423298 -2.295364
v -2.305397 -13.853891 -2.765060
v -2.775102 -13.093893 -1.535355
v -2.775102 -12.154478 -1.535355
v -2.344508 -12.624186 -1.002365
v -2.129106 -11.814857 -0.985840
v -1.908782 -12.206688 -0.477356
v -1.861729 -11.382235 -0.285843
v -1.680346 -10.974270 -0.982361
v -1.776062 -10.615803 -0.176025
v -2.019077 -11.015701 0.411804
v -2.170725 -10.155514 0.556641
v -2.337045 -10.542616 1.300980
v -2.940914 -10.307894 1.747314
v -2.391397 -10.953890 2.086945
v -2.997885 -10.625931 2.577698
v -2.428406 -11.063862 3.038422
v -2.946829 -10.869358 3.475998
v -2.100413 -10.583250 3.846466
v -1.631397 -11.017174 3.355759
v -1.161691 -10.484182 3.786346
v -1.631397 -10.068409 4.304520
v -0.615064 -9.833511 4.133545
v -0.347688 -10.266134 3.433533
v 0.261766 -9.712088 3.858444
v 0.517560 -10.266134 3.433533
v 1.007980 -9.982950 3.446030
v 0.741997 -8.948950 3.945023
v 1.781710 -9.049517 3.876968
v 1.174621 -8.458040 4.341614
v 2.061990 -8.596014 4.610748
v 1.642271 -8.084225 5.041138
v 2.542469 -8.062626 5.165253
v 2.888898 -8.793182 4.997345
v 3.358603 -8.033184 5.287643
v 3.812107 -8.834534 5.131821
v 4.592835 -7.792318 5.545532
v 4.450142 -8.855803 5.210587
v 4.753542 -9.555803 5.152298
v 5.150142 -9.123180 5.643204
v 4.896235 -8.492319 5.487244
v 5.292835 -8.059696 5.978149
v 5.814294 -8.788235 6.394257
v 5.510894 -8.088234 6.452530
v 6.262518 -8.247395 7.103622
v 6.210894 -9.220858 6.885162
v 6.581518 -8.571802 8.022079
v 6.036660 -7.716894 7.285904
v 6.538956 -7.152309 7.922272
v 7.041252 -7.452969 8.558655
v 7.361091 -6.894808 8.584366
v 7.419378 -7.198208 9.284363
v 7.099540 -7.756369 9.258652
v 7.041252 -7.452969 9.958664
v 7.814498 -6.595207 10.047409
v 6.931603 -7.295856 10.649307
v 6.298243 -8.062153 10.368973
v 6.335498 -7.777441 11.174637
v 6.081604 -8.671185 11.174637
v 6.406275 -8.145855 12.024643
v 6.406275 -9.196514 12.024643
v 5.945269 -10.070309 10.905960
v 6.780835 -10.060696 11.793152
v 7.256275 -9.521183 12.549973
v 7.310603 -10.742193 12.459686
v 6.780835 -10.925941 11.793152
v 6.984343 -11.442194 12.517975
v 7.636864 -11.442194 12.517975
v 7.310603 -11.968195 13.182755
v 6.550603 -12.031479 12.853348
v 6.840898 -12.501186 13.613358
v 6.080897 -12.791477 13.143646
v 6.017614 -12.462072 12.383652
v 5.959327 -12.158672 11.683640
v 5.449902 -13.031116 11.962845
v 5.666142 -13.261185 12.451218
v 4.976501 -13.636185 11.483749
v 5.400273 -14.264070 11.702011
v 4.562275 -14.486185 11.067978
v 4.193861 -13.636185 11.138748
v 5.764898 -14.965185 11.545349
v 4.786590 -15.406757 10.637222
v 5.475719 -15.533266 10.846573
v 5.097602 -16.024067 10.338303
v 4.274861 -15.909184 9.968750
v 4.612276 -16.719460 10.038467
v 4.014689 -16.727184 9.742599
v 4.510274 -17.246185 9.967972
v 3.711289 -17.427185 9.800888
v 3.221930 -16.694267 9.498444
v 2.831210 -17.485210 9.540863
v 2.540227 -16.905479 8.849976
v 2.107603 -17.605480 9.117355
v 2.008539 -17.545370 8.178635
v 2.458655 -16.665272 8.124649
v 1.574615 -18.036076 8.647644
v 1.637897 -18.365479 7.887650
v 2.048997 -17.854877 7.405685
v 2.040172 -18.981096 7.248489
v 1.637897 -19.304890 7.887650
v 2.341240 -19.669380 7.347977
v 2.107603 -20.064892 8.177933
v 2.867603 -20.128174 7.848526
v 3.098587 -19.752537 7.054428
v 3.658253 -20.076366 7.186142
v 3.635171 -20.212271 8.173264
v 4.459603 -20.121044 7.530579
v 4.194604 -20.118185 8.250641
v 4.645036 -20.083271 8.531265
v 4.194604 -19.996387 9.125092
v 4.653719 -20.034266 9.536575
v 5.412603 -20.226185 9.005646
v 5.442045 -20.103798 8.189514
v 5.349329 -20.090912 7.256546
v 6.045230 -19.651443 7.757538
v 6.045230 -19.651443 6.892288
v 6.598763 -19.212505 7.291367
v 6.657051 -19.515903 6.591354
v 6.312606 -20.084068 6.192291
v 7.154035 -20.074850 5.918289
v 7.357051 -19.248528 6.158737
v 7.952269 -19.751858 5.565903
v 8.287603 -19.218290 6.034393
v 8.749557 -19.736225 5.190628
v 8.316933 -20.227139 4.794022
v 9.137604 -19.147514 5.665970
v 9.404980 -19.580137 4.965973
v 9.988372 -18.894318 5.326523
v 10.089009 -19.281866 4.979889
v 10.562843 -18.515186 5.272736
v 10.974861 -19.248526 4.992630
v 10.521633 -19.981865 4.712509
v 11.322626 -19.990185 4.821625
v 10.748035 -20.549850 4.539291
v 11.801603 -20.533693 4.382523
v 12.280581 -19.990185 4.821625
v 12.812195 -20.192795 4.607666
v 12.301184 -20.863403 4.094955
v 13.233387 -20.702202 4.203995
v 12.669195 -21.563402 3.932129
v 13.536787 -21.402201 4.145706
v 12.937435 -22.305660 3.866898
v 11.890135 -22.577578 3.628860
v 12.285625 -23.211185 3.541626
v 13.220543 -23.249365 3.678848
v 12.697922 -23.848434 3.134995
v 11.989603 -23.690161 2.766617
v 12.689150 -24.109177 2.334274
v 13.380327 -23.865185 3.192154
v 13.909134 -23.303904 3.804672
v 14.141788 -24.096169 3.648712
v 11.801603 -19.215185 5.117645
v 11.544836 -18.439732 5.182358
v 11.041182 -17.988785 5.347733
v 11.243311 -17.358809 5.110977
v 10.644581 -17.556160 5.838638
v 10.644581 -16.598209 5.838638
v 10.205487 -17.077185 6.382156
v 9.934550 -16.310505 6.417603
v 10.388547 -15.822474 5.902893
v 9.991947 -15.389851 6.393799
v 10.663744 -15.110151 5.862442
v 10.147198 -14.752571 6.531830
v 10.781851 -14.223532 5.865326
v 11.210880 -14.547482 5.242691
v 10.919603 -13.376184 5.798645
v 10.623579 -13.855161 6.573639
v 10.623579 -12.897207 6.573639
v 10.794586 -12.549442 5.831985
v 10.999256 -12.888020 5.121674
v 10.944370 -11.836201 5.393646
v 10.781851 -11.663591 5.865326
v 11.153460 -11.100178 5.393646
v 11.214474 -10.963591 6.132706
v 11.693787 -10.623713 5.935532
v 11.672203 -10.658730 4.928360
v 12.160709 -10.092928 5.393646
v 12.089931 -9.724514 4.543640
v 12.414604 -9.199184 5.393646
v 12.089931 -8.673855 4.543640
v 12.160709 -8.305441 5.393646
v 11.645111 -7.649227 4.794540
v 11.903965 -7.754263 5.356979
v 11.694876 -7.018240 5.356979
v 11.574852 -6.623533 4.813965
v 11.307476 -7.056156 4.113968
v 11.455475 -7.620213 3.779327
v 11.303654 -7.354980 3.322220
v 11.076632 -6.682642 3.509613
v 11.416580 -6.255161 4.105637
v 10.977488 -5.776184 3.562134
v 10.580887 -6.208807 3.071228
v 10.321541 -5.667578 2.869370
v 10.715487 -5.077604 3.365555
v 10.318886 -4.644981 2.874649
v 9.927597 -5.392305 2.373184
v 10.260598 -4.341581 2.174637
v 9.869309 -5.088905 1.673187
v 9.645810 -5.848244 1.635468
v 9.574980 -5.349201 1.137039
v 10.016051 -4.724340 0.483276
v 9.375966 -4.999346 0.384613
v 8.874980 -5.616579 0.704407
v 8.999760 -5.282110 -0.084717
v 8.607604 -6.049202 0.004410
v 8.874980 -6.481825 0.704407
v 8.816692 -6.785225 0.004410
v 9.108314 -6.282536 -0.839798
v 8.855552 -5.803862 -0.462265
v -1.226727 -9.778854 -4.829361
v -1.449111 -9.388256 -5.445557
v -1.314219 -10.182201 -5.460236
v -1.348297 -10.681185 -4.904495
v -1.494102 -10.211477 -4.129364
v -1.202741 -9.152903 -4.470291
v -1.348297 -9.146049 -3.369354
v -1.557386 -9.882072 -3.369354
v -1.141291 -9.397474 -2.827408
v -1.592478 -10.150253 -2.610474
v -1.083003 -9.700874 -2.127411
v -1.416034 -10.270111 -1.853363
v -1.891568 -10.807869 -2.367355
v -1.738633 -10.670870 -1.682358
v -2.287859 -11.352619 -1.620667
v -1.441814 -10.190609 -1.000549
v -0.921461 -9.746368 -1.451370
v -0.993788 -9.350056 -0.659500
v -1.760660 -9.610004 -0.102356
v -1.404428 -8.824520 -0.076721
v -2.356373 -9.385321 0.396652
v -2.097349 -8.174137 0.240646
v -2.638893 -8.651535 0.325455
v -3.140035 -9.218357 0.825867
v -3.562102 -8.610184 0.459930
v -3.852396 -9.079891 1.219940
v -3.418657 -9.669176 1.555313
v -4.009748 -9.443401 1.920624
v -3.483413 -10.200537 2.144424
v -4.184102 -10.043182 2.507935
v -3.714396 -10.576174 2.938538
v -4.474397 -10.512890 3.267929
v -3.714396 -10.803185 3.737640
v -4.474397 -10.512890 4.207352
v -3.714396 -10.576174 4.536758
v -2.877962 -10.626400 4.209213
v -3.244691 -10.043182 4.967346
v -2.401922 -10.114243 4.662933
v -2.812067 -9.552273 5.363953
v -2.308171 -9.477562 5.726913
v -1.447205 -9.834818 5.131638
v -1.462397 -9.465290 5.971390
v -0.612397 -9.394512 5.602966
v -0.532630 -9.523577 4.645020
v -0.016291 -8.912928 5.077637
v 0.041997 -9.216328 4.377640
v 0.474621 -8.516327 4.645020
v 0.474621 -8.516327 5.510269
v 0.958609 -8.062397 5.482239
v 0.348603 -8.339514 6.079971
v 0.873932 -7.489515 6.404648
v 1.128313 -7.594513 5.877167
v 1.296533 -7.049185 6.152679
v 1.828312 -7.327135 5.444534
v 2.160715 -6.817694 5.778122
v 2.993289 -7.333183 5.443878
v 2.896738 -6.817694 5.569031
v 3.656587 -6.670185 5.589417
v 2.575539 -5.919926 5.906631
v 1.599932 -6.349184 6.210968
v 1.954382 -5.552017 6.397476
v 3.116905 -5.185501 6.417099
v 4.089211 -5.970184 5.856781
v 4.392611 -6.670185 5.798508
v 4.834059 -6.204910 6.317245
v 4.918275 -7.195515 6.209641
v 5.275508 -6.735491 6.835983
v 5.604094 -7.556070 6.793030
v 5.780627 -6.941162 7.221649
v 5.780627 -5.983208 7.221649
v 6.219720 -6.462185 7.765152
v 6.555627 -5.687185 7.700623
v 6.964491 -6.462185 8.093460
v 7.255627 -5.419807 8.133240
v 7.403021 -5.908871 8.558441
v 6.967922 -5.049936 7.293991
v 7.493530 -4.790071 7.900635
v 7.795603 -4.494184 8.774643
v 7.734269 -5.391060 9.289963
v 7.756210 -6.291807 9.347412
v 8.023586 -5.859184 10.047409
v 8.006952 -5.302433 10.241531
v 8.065240 -5.605833 10.941528
v 7.756210 -6.291807 10.747406
v 7.831655 -6.256269 11.451645
v 7.342749 -6.770191 11.174637
v 7.372518 -6.976425 11.786591
v 6.931603 -7.295856 11.699966
v 7.127594 -7.727858 12.586090
v 7.742264 -7.132534 12.900772
v 7.527399 -7.512108 13.597427
v 7.284461 -8.238562 13.111664
v 6.887861 -8.671185 12.620743
v 7.675388 -9.077133 13.112274
v 7.772235 -8.356516 13.622528
v 8.391036 -9.108358 13.302002
v 8.455408 -9.615101 12.690247
v 9.158604 -9.140135 13.625565
v 9.634620 -9.629251 12.701462
v 9.165604 -10.120161 12.304855
v 8.263964 -10.120161 12.304855
v 8.696588 -10.820162 12.037491
v 7.960564 -10.820162 12.246567
v 8.263964 -11.520163 12.304855
v 9.170699 -11.026491 11.643982
v 9.170699 -11.891737 11.643982
v 8.696972 -12.426853 12.442520
v 9.294313 -13.064857 11.628159
v 9.034090 -13.351372 12.276871
v 8.540309 -12.791477 13.143646
v 8.540309 -13.730890 13.143646
v 8.109714 -13.261185 13.676636
v 7.780309 -12.501186 13.613358
v 7.310603 -13.261185 13.903641
v 7.780309 -14.021185 13.613358
v 6.840898 -14.021185 13.613358
v 6.511493 -13.261185 13.676636
v 6.080897 -13.730890 13.143646
v 6.550603 -14.490891 12.853348
v 7.310603 -14.554173 13.182755
v 7.310603 -14.879133 12.445557
v 6.543036 -14.847359 12.122009
v 7.518431 -15.010244 11.823776
v 6.703620 -15.064249 11.605453
v 8.070603 -14.490891 12.853348
v 8.284257 -14.926813 11.561066
v 7.818820 -15.209393 11.005508
v 6.994604 -15.434891 10.785355
v 6.234604 -15.498174 11.114761
v 6.105257 -15.936913 10.403687
v 7.069739 -15.556461 9.883026
v 6.582291 -16.334747 9.614151
v 5.869548 -16.549646 10.090027
v 6.266148 -16.982269 9.599121
v 5.412603 -17.171049 10.089539
v 5.882309 -17.946184 10.235352
v 4.942898 -17.946184 10.235352
v 5.412603 -18.706184 10.525650
v 4.613492 -18.706184 10.298630
v 4.942898 -19.466185 10.235352
v 4.202557 -19.595184 9.877350
v 3.665542 -18.835186 10.056503
v 3.337309 -19.595184 9.877350
v 2.867603 -18.835186 10.167648
v 3.321106 -18.033834 10.011826
v 2.397898 -18.075184 9.877350
v 2.068492 -18.835186 9.940628
v 1.637897 -18.365479 9.407639
v 1.637897 -19.304890 9.407639
v 1.347603 -18.835186 8.647644
v 1.574615 -19.634296 8.647644
v 2.107603 -20.064892 9.117355
v 2.397898 -19.595184 9.877350
v 2.867603 -20.128174 9.446762
v 2.867603 -20.355186 8.647644
v 3.494604 -20.263763 8.692474
v 5.882309 -19.466185 10.235352
v 5.412603 -19.999172 9.804764
v 6.172604 -19.935890 9.475357
v 6.642309 -19.175890 9.765640
v 6.705592 -19.505295 9.005646
v 6.172604 -19.935890 8.535934
v 6.740685 -19.237114 8.246765
v 6.932604 -18.706184 9.005646
v 6.998777 -18.444542 8.238083
v 7.057065 -18.747944 7.538071
v 7.580875 -18.185261 7.471115
v 7.089675 -18.815905 6.858734
v 7.822327 -18.729784 6.600189
v 8.378655 -17.829626 6.944016
v 8.812932 -18.622185 6.515976
v 9.133837 -17.852638 6.678345
v 9.869580 -17.852184 6.317612
v 9.390604 -17.077185 6.613647
v 8.654580 -17.077185 6.822739
v 8.957980 -16.377186 6.881012
v 8.257980 -16.644562 7.313644
v 8.898255 -15.817811 7.278900
v 9.537951 -15.877880 6.908508
v 9.428930 -15.326636 7.258652
v 8.198256 -16.085186 7.711533
v 8.622040 -15.348870 8.202835
v 9.178333 -14.833516 8.081924
v 9.860931 -14.440514 7.454636
v 9.722620 -13.915185 8.234406
v 10.210223 -13.392475 7.260864
v 9.707949 -13.264904 8.368713
v 9.975325 -12.832281 7.668716
v 10.283632 -12.469727 7.169678
v 10.259474 -12.085232 7.704132
v 10.514475 -12.096214 6.565323
v 10.642273 -11.465853 6.701965
v 10.502693 -11.268114 7.538589
v 10.993603 -10.871513 7.105972
v 10.688969 -10.881788 8.051758
v 11.179878 -10.485188 7.619141
v 10.414964 -11.723217 8.060974
v 10.631603 -11.114185 8.866638
v 10.473251 -10.201754 8.972305
v 10.640745 -9.928808 8.517654
v 11.037346 -9.496185 8.026749
v 11.518932 -10.021515 7.430649
v 11.657085 -10.285295 6.712143
v 11.518932 -8.970856 7.430649
v 11.991924 -9.535517 6.582550
v 12.089931 -8.673855 6.243637
v 11.788244 -8.080997 6.947647
v 11.866711 -8.038975 6.162643
v 11.657621 -7.302952 6.162643
v 11.587038 -7.008268 7.425262
v 11.866711 -6.566929 6.162643
v 11.796127 -6.272245 7.425262
v 12.394875 -5.885616 6.535690
v 12.236256 -5.744188 6.047760
v 11.936422 -6.229515 5.352371
v 12.205082 -5.368858 5.321930
v 11.835596 -5.776184 4.805191
v 11.835596 -4.864305 4.805191
v 11.324163 -5.289516 3.964142
v 11.558908 -4.277906 4.327927
v 11.231747 -4.416578 3.822647
v 11.664370 -3.716578 3.555267
v 11.018887 -4.377604 3.307266
v 11.991531 -3.577906 4.060547
v 12.180710 -3.105928 3.122650
v 11.584602 -3.587513 2.597321
v 10.751509 -3.944981 2.607269
v 10.751509 -3.944981 1.742020
v 11.246660 -3.581871 1.503799
v 11.264624 -3.845133 0.712555
v 10.339554 -4.668644 1.357605
v 11.582376 -3.066271 0.928635
v -0.712372 -9.010345 -1.451370
v -0.884756 -8.455938 -1.804718
v -1.032736 -8.575302 -2.360733
v -0.872090 -7.882809 -1.459473
v -0.964725 -8.606760 -0.459351
v -0.964725 -7.741514 -0.459351
v -1.361325 -8.174137 0.031555
v -1.096458 -7.361809 -0.067871
v -1.796458 -7.420095 0.235519
v -0.602584 -7.358601 -0.947464
v -0.481059 -6.751493 -0.991455
v -0.810406 -6.872934 0.384262
v -1.850446 -7.031578 0.709335
v -2.623380 -6.991119 0.399826
v -2.513215 -7.417973 -0.047302
v -3.154311 -7.850185 0.071701
v -3.562102 -7.090187 0.459930
v -3.891508 -7.850185 0.396652
v -4.322103 -7.380478 0.929642
v -4.322103 -8.319893 0.929642
v -4.612396 -7.850185 1.689636
v -4.466191 -8.704861 1.656723
v -4.678571 -8.111826 2.457214
v -4.944102 -8.813477 2.977646
v -4.573461 -7.993368 3.268631
v -5.007386 -8.484072 3.737640
v -5.234396 -9.283184 3.737640
v -4.944102 -9.752892 2.977646
v -5.007386 -10.082296 3.737640
v -4.944102 -9.752892 4.497635
v -4.944102 -8.813477 4.497635
v -4.513508 -9.283184 5.030624
v -4.184102 -10.043182 4.967346
v -3.776311 -9.283184 5.355591
v -4.184102 -8.523186 4.967346
v -3.452756 -8.515617 5.323822
v -2.954031 -8.792965 5.946564
v -3.773281 -7.896816 4.571976
v -3.093815 -7.408878 5.280640
v -2.837725 -7.493855 5.927643
v -2.356140 -8.019184 6.523758
v -1.987725 -8.869183 6.452972
v -1.517948 -8.076626 6.881012
v -0.937068 -8.869183 6.452972
v -0.436092 -8.440529 6.572739
v -0.029004 -8.708694 5.963531
v 0.023932 -7.814184 6.929977
v -0.969773 -7.156084 7.509155
v -0.430395 -7.079067 7.370300
v 0.392346 -6.964186 7.000748
v -0.004254 -6.531563 7.491653
v 0.445605 -5.881445 7.083923
v 0.877752 -6.390163 6.566544
v 1.165656 -5.556625 6.639023
v 0.789106 -5.066563 7.117661
v 1.489106 -4.799185 6.685028
v 1.221730 -4.366562 7.385025
v 1.597171 -3.941645 7.689407
v 1.106259 -4.338245 8.122025
v 1.774370 -3.700579 8.495026
v 2.289603 -3.526890 8.117355
v 2.376575 -3.911461 7.344818
v 2.912497 -3.137138 7.686188
v 3.180910 -3.599964 6.909332
v 2.517976 -4.619469 6.706558
v 3.588604 -4.372185 6.603638
v 3.905840 -3.795122 6.515015
v 4.387715 -4.372185 6.376633
v 4.093464 -5.070652 6.460251
v 5.126980 -4.775585 6.225616
v 4.575508 -5.472256 6.403366
v 5.437064 -5.428219 6.568726
v 5.992228 -4.775585 6.225616
v 6.259604 -5.208208 6.925613
v 6.676601 -4.523067 6.436295
v 6.295628 -4.075584 6.167328
v 6.980001 -3.823067 6.378006
v 7.375656 -3.400867 6.503601
v 5.943277 -3.052029 6.142929
v 5.559604 -4.075584 5.958237
v 5.117837 -3.008184 5.857666
v 5.660111 -2.212175 6.197968
v 6.243978 -2.193302 6.168915
v 5.811354 -1.493301 6.436295
v 6.271979 -1.159185 6.345337
v 7.013144 -1.263149 6.063675
v 7.440627 -1.859186 6.403625
v 7.919603 -1.263149 6.063675
v 8.332349 -1.892658 6.555817
v 7.849491 -2.634186 6.796448
v 8.703883 -2.522167 7.047958
v 8.397063 -2.987410 7.425797
v 7.772256 -3.833490 6.994522
v 7.909033 -4.050072 7.855133
v 8.464247 -3.202194 8.223373
v 8.022614 -3.695072 8.774643
v 9.248035 -2.849724 8.732880
v 8.865004 -2.906639 9.661362
v 8.376497 -3.472441 10.126648
v 8.122603 -4.366184 10.126648
v 7.855227 -4.798807 9.426651
v 8.447274 -3.840855 10.976639
v 8.296268 -4.834309 10.998962
v 8.857340 -4.280701 11.635635
v 8.557440 -5.038504 11.955185
v 8.156614 -5.519072 11.451645
v 8.219897 -5.848476 12.211639
v 8.980587 -5.459118 12.741455
v 8.299540 -6.232368 13.094620
v 9.158604 -5.904234 13.625565
v 8.398603 -6.292479 14.033356
v 7.865615 -6.723072 13.563644
v 7.928898 -7.052477 14.323639
v 8.688898 -6.762186 14.793350
v 8.359492 -7.522184 14.856628
v 7.928898 -7.991892 14.323639
v 8.688898 -8.282183 14.793350
v 8.398603 -8.751890 14.033356
v 9.158604 -8.815174 14.362747
v 9.628309 -8.282183 14.793350
v 9.918603 -8.751890 14.033356
v 10.458271 -8.048548 14.397842
v 10.812740 -8.631418 13.600937
v 9.892887 -9.134357 13.259476
v 10.691257 -9.198814 12.923065
v 10.407554 -9.588793 12.391953
v 11.269093 -9.402605 12.029160
v 10.515579 -9.663401 11.411636
v 9.925603 -9.999891 11.881348
v 10.024669 -10.060001 10.942627
v 9.815580 -10.796024 10.942627
v 10.082956 -10.363401 10.242630
v 9.949699 -11.179491 10.342987
v 9.527931 -11.486515 11.017639
v 9.949699 -12.044737 10.342987
v 9.587498 -12.590475 10.860596
v 10.108218 -13.058048 10.348083
v 9.940310 -13.404478 11.078644
v 10.230604 -13.874185 10.318649
v 9.940310 -14.343890 11.078644
v 9.509715 -13.874185 11.611633
v 9.180309 -14.634185 11.548355
v 8.678776 -14.124958 12.431290
v 9.470604 -15.103890 10.788345
v 8.710604 -15.167173 11.117752
v 8.710604 -15.394185 10.318649
v 9.470604 -15.103890 9.848938
v 8.769488 -15.260553 9.484314
v 7.769739 -15.498174 9.579620
v 7.769739 -15.289085 10.315643
v 8.278577 -15.657153 9.051682
v 7.337115 -15.989085 9.183014
v 8.139968 -15.781787 8.411530
v 7.757933 -16.539513 8.446640
v 7.031874 -16.859959 9.055023
v 7.383372 -17.403694 8.215149
v 7.090293 -17.809284 8.983383
v 6.569548 -17.682270 9.657394
v 6.642309 -18.236479 9.765640
v 7.924253 -16.926617 7.702301
v 8.002106 -17.339561 7.422653
v 9.252554 -14.751079 9.034927
v 9.940310 -14.343890 9.558640
v 9.794504 -13.874185 8.783508
v 10.074784 -13.420681 9.517288
v 9.975325 -12.832281 9.068710
v 10.205875 -12.459240 9.672302
v 10.377709 -12.007929 8.866638
v 9.917037 -12.528881 8.368713
v 10.306932 -11.639515 9.716644
v 10.003592 -14.673295 10.318649
v 10.447422 -10.557858 9.676926
v 10.205875 -9.769131 9.672302
v 10.473251 -9.336508 10.372314
v 10.414964 -9.033108 9.672302
v 10.905874 -8.636507 10.104935
v 10.699959 -8.595671 9.209656
v 10.640745 -9.063562 8.517654
v 11.161699 -8.565634 8.056992
v 11.364037 -7.944881 8.703720
v 11.460646 -7.802210 8.130646
v 11.518932 -8.105610 7.430649
v 11.486557 -7.488138 7.651642
v 11.753933 -7.055515 8.351639
v 11.824711 -7.423929 9.201645
v 12.181980 -6.621239 9.259079
v 12.559055 -6.306145 8.627731
v 11.854414 -6.575645 8.125259
v 12.287037 -5.875645 7.857880
v 12.987038 -5.817358 8.161285
v 12.987038 -5.608269 7.425262
v 13.074739 -5.600349 6.882721
v 13.754604 -5.524174 7.100525
v 13.321981 -5.066319 6.548370
v 14.224312 -4.991182 6.669937
v 13.796364 -4.298750 6.255188
v 13.310980 -4.342136 5.953308
v 13.632118 -3.656372 5.614075
v 13.043602 -3.909513 5.253311
v 12.610979 -4.609514 5.520691
v 12.258909 -4.010529 4.760544
v 12.751822 -3.527287 4.376541
v 13.568932 -3.059515 4.928650
v 12.980591 -3.059311 4.313553
v 13.087347 -2.534185 4.332535
v 12.583990 -2.626688 3.822647
v 13.931334 -2.316952 4.849350
v 13.513296 -1.780634 4.278763
v 12.690746 -2.101562 3.841629
v 12.632460 -1.798162 3.141632
v 13.123369 -1.401562 3.574249
v 13.111240 -1.399704 2.660233
v 12.238997 -1.779562 2.192871
v 12.109932 -2.737514 2.272644
v 11.957581 -2.584208 1.648636
v 11.737570 -3.185270 1.936432
v 12.061611 -1.538898 1.662613
v 13.371620 -1.021275 2.228897
v 14.068468 -1.027084 3.150650
v 14.361652 -0.761791 2.170334
v 13.338379 -0.575562 1.672379
v 12.578087 -0.626183 1.356384
v 11.857908 -0.860907 0.870926
v 12.275368 -0.046486 0.583908
v 11.799622 -0.557507 0.170929
v 11.635532 -0.029137 0.169556
v 10.949715 -0.389692 -0.413834
v 11.238932 0.403486 -0.321350
v 10.389863 0.236090 -0.996353
v 10.029018 -0.378889 -0.955154
v 10.533432 -1.308908 -1.095230
v 9.538951 -0.993868 -1.239609
v 9.781712 -1.458986 -1.387817
v 9.137626 -1.769396 -1.671463
v 10.129273 1.392437 -3.209656
v 9.867660 0.909267 -3.560913
v 10.584042 0.660830 -3.920624
v 10.738602 1.444458 -3.735184
v 10.829273 1.659813 -2.777023
v 11.044533 1.870815 -3.466400
v 10.937485 1.605164 -2.220352
v 11.637486 1.872540 -2.652985
v 11.347933 2.570816 -3.524689
v 11.780556 1.870815 -3.257309
v 12.014322 1.830887 -1.647705
v 12.714323 1.563511 -2.080322
v 12.427032 1.737989 -3.276001
v 12.213179 2.570816 -3.524689
v 11.840910 2.969471 -3.784454
v 10.887880 2.912949 -4.051727
v 10.616207 2.258194 -3.975372
v 10.187880 2.645573 -4.484360
v 10.237820 1.700277 -4.791077
v 9.997313 2.071194 -5.129578
v 10.825832 1.097210 -4.414368
v 13.341227 1.341814 -4.375732
v 12.973583 0.589136 -4.356201
v 12.913179 1.438192 -3.957306
v 13.779963 1.817249 -4.065536
v 13.126610 2.427143 -3.807190
v 14.041603 2.584816 -3.999359
v 13.588100 3.386166 -3.843536
v 12.706156 2.969471 -3.784454
v 13.305580 4.119949 -3.772339
v 12.300934 3.595818 -4.141678
v 12.669348 4.445816 -4.212463
v 11.988035 4.072777 -4.740631
v 11.447018 3.402981 -4.466385
v 11.412230 3.624775 -5.111862
v 10.620502 3.345573 -4.751740
v 11.364613 3.780148 -5.729706
v 12.272747 4.878441 -4.703369
v 12.793699 5.376369 -4.242706
v 12.434879 5.766190 -5.158234
v 12.586605 6.269814 -4.343353
v 12.402424 6.826141 -5.153625
v 12.388504 6.476814 -5.805222
v 12.172777 5.491455 -6.037918
v 12.534309 6.007111 -6.580353
v 12.163670 5.186996 -6.871338
v 11.914684 4.698883 -6.029236
v 11.836777 4.600498 -6.820358
v 11.752960 4.806835 -7.784195
v 11.659554 4.167900 -7.436356
v 11.369684 3.698883 -6.677475
v 11.334593 3.430706 -7.436356
v 10.911148 2.864109 -6.963959
v 10.583553 3.352924 -6.152649
v 10.186951 2.515156 -6.531631
v 10.092643 2.956322 -5.720016
v 10.129592 2.948975 -5.184357
v 10.009009 1.981798 -5.849213
v 10.242032 1.892405 -6.499146
v 14.515985 1.817249 -3.856445
v 14.893526 1.206377 -4.268021
v 14.282652 0.973040 -4.357147
v 15.252008 1.817249 -4.065536
v 14.948608 2.517250 -4.123825
v 15.616278 2.285149 -4.588104
v 15.458151 3.052711 -4.490387
v 15.300024 3.820278 -4.392654
v 14.474226 3.419949 -3.830627
v 14.777626 4.119949 -3.772339
v 14.041603 4.119949 -3.563263
v 14.889711 5.056011 -3.750031
v 13.926323 4.943745 -3.542694
v 14.132555 5.613422 -2.931671
v 13.553982 5.569813 -3.210739
v 13.190300 4.943745 -3.751785
v 12.853981 5.837189 -3.643356
v 12.949488 6.181187 -2.785690
v 12.427261 6.651848 -3.043686
v 12.924387 6.426022 -1.941284
v 11.769602 7.083141 -2.409027
v 11.781786 7.410553 -3.095795
v 12.332710 7.163555 -4.343353
v 11.736603 7.645145 -3.818024
v 11.736603 7.645145 -4.868683
v 10.886604 7.969810 -4.343353
v 10.886604 7.831638 -5.223129
v 11.692268 7.544083 -5.688416
v 10.545719 7.595806 -6.073410
v 11.275162 7.874432 -6.524216
v 12.123211 7.457123 -6.098404
v 12.064602 7.706524 -6.870651
v 12.534309 6.946518 -6.580353
v 12.597593 7.275925 -7.340363
v 12.824604 6.476814 -7.340363
v 12.632685 7.007748 -8.099243
v 12.632685 5.945881 -8.099243
v 12.597593 5.677704 -7.340363
v 12.063313 5.419277 -8.183762
v 12.542166 5.929733 -8.957291
v 12.183311 5.395988 -9.216644
v 11.572403 5.022675 -8.616394
v 11.772470 4.924606 -9.262787
v 11.475534 4.365833 -9.297562
v 11.363314 4.286652 -8.616394
v 11.323492 3.813580 -8.867188
v 11.418688 3.755432 -8.203918
v 11.346771 3.023968 -8.537399
v -0.332773 -5.487562 -1.291351
v -0.698307 -5.831059 -1.599197
v -0.445544 -6.309734 -1.221664
v -0.065396 -5.920185 -0.591354
v -0.274486 -5.184162 -0.591354
v -0.110406 -5.740311 -0.048355
v -0.228396 -4.893185 -0.048355
v -0.076672 -5.396811 0.766525
v -0.285761 -6.132833 0.766525
v -0.346404 -5.600008 1.531647
v -0.854534 -6.574957 1.209549
v -0.731485 -5.827309 2.285507
v -1.632397 -6.678766 1.523331
v -1.222396 -6.223909 2.718124
v -2.123613 -6.482193 2.224762
v -2.332397 -6.620480 1.219940
v -3.092396 -6.330185 1.689636
v -3.092396 -6.557196 0.890533
v -3.852396 -6.620480 1.219940
v -3.852396 -6.620480 2.159348
v -4.385386 -7.051073 1.689636
v -4.420478 -7.319254 2.448532
v -3.453360 -6.827631 2.946182
v -4.270945 -7.508713 2.987015
v -4.058620 -7.535307 3.737640
v -3.281470 -6.696692 3.844467
v -3.246380 -7.151146 4.442612
v -2.781461 -6.285370 4.289658
v -2.839748 -5.981970 4.989655
v -2.572372 -5.549347 4.289658
v -2.540907 -4.966677 4.719879
v -3.090723 -5.096079 5.423309
v -2.942494 -5.696287 5.720642
v -2.735037 -6.553219 5.801971
v -3.093539 -5.887192 6.547333
v -2.400120 -7.027016 6.714828
v -2.695386 -6.171297 7.106644
v -2.162397 -6.601891 7.576355
v -1.876899 -7.319183 6.927032
v -1.402397 -6.665174 7.905762
v -2.026121 -6.143305 8.486740
v -0.932691 -6.132183 8.336349
v -0.593071 -6.681702 7.690353
v -0.172691 -5.841892 7.866638
v -0.667020 -5.541195 8.703140
v 0.259933 -5.141891 8.134018
v -0.176955 -5.062561 9.079697
v 0.723204 -4.718731 8.523361
v 0.730819 -4.763163 7.817657
v 0.615603 -4.634514 9.513977
v 1.211710 -4.152929 8.988647
v -0.234396 -4.705292 9.882385
v 0.290932 -4.109184 10.363968
v -0.759725 -4.109184 10.363968
v -0.234396 -3.259186 10.688644
v 0.645382 -3.312017 10.550476
v 1.369932 -3.046183 10.302963
v 1.094567 -2.225883 10.720688
v 1.889722 -2.021851 10.298721
v 2.219933 -2.721514 9.777634
v 1.694603 -3.571512 9.452972
v 2.353600 -3.161448 9.013123
v 2.660255 -2.196184 9.042526
v 2.759310 -2.766891 8.407639
v 3.115777 -2.035543 8.415207
v 3.212622 -2.250080 7.623215
v 3.323933 -1.529514 8.122635
v 3.768603 -1.744461 7.166153
v 3.270910 -2.553480 6.923203
v 4.035979 -2.177084 6.466156
v 3.602440 -3.095121 6.456741
v 4.381813 -3.008184 6.066757
v 4.685213 -2.308184 6.125031
v 4.468603 -1.686174 6.862747
v 5.227488 -1.721266 6.594574
v 4.938309 -1.153183 7.293350
v 5.758418 -0.862202 6.922714
v 5.267715 -0.393185 7.356628
v 5.698309 0.076523 6.823639
v 5.994980 -0.004808 6.255646
v 5.560972 0.598236 6.701752
v 5.957572 1.030859 6.210846
v 6.391580 0.427814 5.764725
v 6.702362 -0.417667 5.914200
v 7.127604 0.427814 5.555649
v 7.493937 -0.417667 5.750656
v 6.961576 1.434399 5.596603
v 7.631229 1.242697 5.403915
v 8.387604 0.852816 5.261642
v 8.400396 -0.417667 5.750656
v 8.820228 0.152815 5.529022
v 9.199680 -0.416002 5.965698
v 8.826062 -1.263149 6.063675
v 9.482985 -1.163513 6.544693
v 9.136507 -2.031258 6.651367
v 9.889339 -1.743702 7.116638
v 9.403883 -2.463881 7.351364
v 10.209548 -2.156145 7.849289
v 9.738947 -2.453123 8.300262
v 9.248035 -2.849724 7.867630
v 10.209548 -2.156145 8.714539
v 9.455211 -2.604675 9.249756
v 10.038603 -1.918858 9.610306
v 9.442497 -2.400442 10.135635
v 10.038603 -1.918858 10.660965
v 8.972603 -2.990856 10.651978
v 10.888603 -1.594185 10.135635
v 10.888603 -1.848080 11.029388
v 10.363275 -2.444187 11.510971
v 11.413933 -2.444187 11.510971
v 10.888603 -3.294186 11.835648
v 10.008825 -3.241354 11.697464
v 9.297275 -3.516186 11.501968
v 9.751601 -4.251303 11.942291
v 10.565153 -4.051628 11.939011
v 10.448139 -5.174675 12.418884
v 9.449603 -4.968208 12.344864
v 9.919309 -5.558186 12.681351
v 10.351933 -6.049095 13.077957
v 9.651933 -5.990808 13.381348
v 9.918603 -6.292479 14.033356
v 10.520645 -6.559597 13.718933
v 10.388309 -7.052477 14.323639
v 9.628309 -6.762186 14.793350
v 9.158604 -6.229195 14.362747
v 9.957715 -7.522184 14.856628
v 9.158604 -7.522184 15.083649
v 10.983723 -7.321901 13.835846
v 11.370243 -6.521013 13.041412
v 11.792311 -7.129187 13.407349
v 12.121716 -7.889185 13.470627
v 12.552309 -7.419477 12.937637
v 12.552309 -8.358892 12.937637
v 11.792311 -8.649183 13.407349
v 12.082602 -9.118891 12.647354
v 11.322603 -9.182175 12.976761
v 12.615593 -8.688297 12.177643
v 12.082602 -9.118891 11.707932
v 12.552309 -8.358892 11.417648
v 11.792311 -8.649183 10.947937
v 11.370243 -9.257357 11.313873
v 11.091619 -8.806538 10.584427
v 10.658997 -9.506538 10.851807
v 11.524933 -8.216560 10.247940
v 12.215818 -7.889185 10.827667
v 11.915720 -7.573750 10.014664
v 11.308369 -8.034578 9.634262
v 11.926880 -7.033812 10.016525
v 12.552309 -7.419477 11.417648
v 12.185928 -6.444351 10.690247
v 12.135969 -6.297789 10.016525
v 12.444979 -5.854891 9.963974
v 12.563694 -5.979061 9.434784
v 12.335300 -5.468338 10.798523
v 12.877602 -5.154890 10.231354
v 13.523621 -5.148537 9.492859
v 13.054604 -5.582460 9.002151
v 13.754604 -5.524174 8.698761
v 14.280968 -5.065380 9.199310
v 14.514603 -5.460890 8.369354
v 13.754604 -5.751184 7.899643
v 14.514603 -5.460890 7.429932
v 15.047594 -5.030296 7.899643
v 14.984310 -4.700891 7.139648
v 15.274605 -4.231184 7.899643
v 14.984310 -3.761477 7.139648
v 14.553717 -4.231184 6.606659
v 14.338314 -3.421856 6.590134
v 14.131853 -3.879240 6.163895
v 14.070938 -2.989233 5.890121
v 14.338314 -2.556610 6.590134
v 14.207932 -2.180515 5.990646
v 14.532604 -1.655186 6.840637
v 14.589968 -1.422789 6.025757
v 14.149645 -1.877115 5.290649
v 14.412693 -1.691061 4.685776
v 15.412579 -0.813400 5.095032
v 14.903603 -1.294460 4.253159
v 14.068468 -1.236174 3.886673
v 14.802254 -1.307365 3.604141
v 15.603603 -1.236174 3.949753
v 15.603603 -1.463184 3.150650
v 14.843605 -1.172890 2.680939
v 15.603603 -1.236174 2.351532
v 15.133896 -0.703182 1.920944
v 16.073311 -0.703182 1.920944
v 15.603603 0.056816 1.630646
v 14.696598 -0.010750 1.506180
v 15.377737 0.666307 1.648254
v 14.641714 0.666307 1.439163
v 13.882114 0.264307 1.320877
v 14.080933 1.134817 1.006317
v 13.405035 0.777151 0.779999
v 13.017933 0.032816 0.946320
v 12.563606 0.767933 0.505997
v 12.996229 1.258842 0.109390
v 12.296228 1.200556 -0.194016
v 11.938932 0.670864 0.111267
v 11.581699 1.130888 -0.515076
v 12.014322 1.621798 -0.911682
v 11.314322 1.563511 -1.215073
v 10.828867 0.843330 -0.980347
v 10.367229 1.304844 -1.683609
v 9.934606 0.813934 -1.287003
v 9.667230 1.246557 -1.987015
v 9.538951 0.406134 -1.239609
v 12.996229 1.467932 -0.626633
v 13.282719 1.465824 -1.212402
v 13.927578 1.534178 -0.751572
v 14.041603 1.291826 -1.680252
v 13.281605 1.355110 -2.009659
v 14.367865 0.765825 -2.345032
v 13.291775 0.405531 -3.201340
v 12.926470 1.258947 -2.802582
v 14.048603 0.480198 -2.942551
v 14.496037 5.943897 -1.901733
v 15.491533 6.165024 -2.422485
v 14.930393 5.617626 -3.104507
v 16.022488 5.894897 -0.896423
v 16.862463 5.716759 -1.539642
v 16.173372 6.149521 -1.761063
v 14.504719 5.894897 -0.896423
v 13.649488 6.122898 -1.420425
v 13.649488 6.122898 -2.482285
v 13.438046 5.894863 -0.672455
v 12.890604 6.087807 -1.152252
v 13.226604 5.666824 0.075516
v 12.123230 5.390072 -0.418701
v 11.855852 5.822697 -1.118698
v 12.190603 6.471050 -1.586044
v 11.444933 6.557812 -1.559021
v 10.795048 5.773952 -1.008774
v 10.489243 6.695789 -1.610138
v 10.919603 7.153919 -2.040619
v 10.069603 7.083141 -2.409027
v 10.919603 7.498913 -2.823257
v 10.104720 7.465179 -3.166748
v 10.886604 7.715919 -3.449615
v 10.036604 7.645145 -3.818024
v 9.191013 7.172531 -3.421249
v 9.410260 7.287907 -4.278046
v 10.047609 7.774662 -4.881927
v 9.186587 7.314167 -5.100143
v 10.080939 7.544083 -5.688416
v 9.168272 7.750633 -6.007645
v 8.486588 7.255882 -5.403534
v 8.053964 7.746792 -5.800140
v 8.255604 8.073055 -6.328049
v 8.955604 7.916813 -6.693359
v 8.255604 8.073055 -7.058670
v 8.955604 7.689808 -7.492462
v 9.714488 7.724899 -7.224289
v 9.424620 7.255882 -7.983170
v 10.124619 7.314167 -8.286575
v 10.544603 7.706524 -7.810059
v 10.545719 7.804897 -6.809433
v 11.304604 7.996811 -7.340363
v 11.304604 7.769806 -8.139465
v 12.064602 7.706524 -7.810059
v 12.123211 7.457123 -8.582306
v 11.304604 7.560715 -8.875488
v 12.290735 7.173546 -9.135529
v 11.555021 7.501831 -9.223007
v -0.377782 -4.478682 -0.748352
v -0.750320 -4.116362 -1.434555
v -0.842490 -5.032896 -1.586609
v -0.044527 -3.649620 -0.791794
v 0.025497 -3.999441 -0.048355
v 0.234586 -3.263418 -0.048355
v -0.032790 -3.696041 0.651642
v -0.076672 -4.389559 0.766525
v -0.406341 -3.580872 1.341599
v -0.139671 -4.634560 1.596756
v -0.497741 -3.850904 2.153717
v -0.386605 -4.403561 2.394699
v -0.407048 -5.067183 2.296753
v -0.633539 -5.037807 3.192627
v -0.789773 -5.523909 2.985504
v -1.348683 -5.258663 3.685806
v -1.643112 -5.851715 3.448563
v -2.063827 -5.479521 4.179001
v -2.496451 -5.970430 3.782394
v -1.922396 -6.282196 3.021530
v -2.682396 -6.345480 3.350937
v -2.681281 -6.456194 2.553696
v -1.800667 -4.739410 4.262268
v -1.030139 -4.605185 3.683533
v -1.551092 -4.107256 4.144211
v -2.237507 -4.266676 4.778168
v -2.018718 -3.598431 4.692551
v -2.981396 -3.519184 4.919647
v -2.973531 -4.266676 4.987259
v -3.451102 -4.279182 5.209946
v -3.780508 -3.519184 5.146652
v -4.211102 -3.988892 5.679642
v -3.741396 -4.748890 5.969940
v -4.274385 -4.318296 6.439651
v -3.854847 -5.151529 6.655334
v -4.119815 -4.635492 7.378647
v -3.810945 -5.190659 7.505280
v -3.320034 -5.587259 7.072647
v -3.186297 -5.774696 7.539261
v -3.708396 -5.698891 8.368942
v -2.830155 -6.152218 8.009293
v -2.796371 -5.985443 8.830811
v -3.708396 -5.698891 9.308350
v -2.948396 -5.762175 9.637756
v -2.188396 -5.698891 9.308350
v -2.478691 -5.229183 10.068344
v -1.651783 -5.032015 9.681747
v -1.371503 -5.485518 8.947968
v -0.938879 -4.994608 9.344574
v -1.232063 -4.520226 10.112137
v -2.132262 -4.498627 10.236252
v -1.579451 -4.064850 10.262924
v -2.948396 -4.469185 10.358643
v -2.716397 -3.767185 10.363647
v -2.147924 -3.216017 10.580658
v -1.146827 -3.364849 10.530289
v -1.427763 -2.845921 10.998779
v -1.825389 -2.366365 11.234329
v -1.322390 -2.051756 11.508163
v -0.437437 -2.181162 11.007568
v -0.134037 -1.481161 11.065857
v 0.239347 -2.370174 10.818253
v 0.767603 -1.481161 11.065857
v 0.298587 -0.990252 11.462463
v 1.237309 -0.891184 11.402344
v 1.610713 -1.427799 10.735474
v 1.952144 -0.535236 11.043533
v 2.153972 -0.965517 10.231522
v 2.586596 -0.265516 10.498901
v 2.663575 -0.477436 9.721024
v 2.454487 -1.213459 9.721024
v 2.370938 -1.728060 9.799973
v 2.721863 -0.780836 9.021011
v 3.154487 -0.080835 9.288391
v 3.456980 -0.340513 8.566696
v 3.889604 0.359488 8.834061
v 4.133918 0.039438 8.172501
v 4.530518 -0.393185 7.681595
v 4.115447 -1.211445 7.669922
v 4.833918 0.306816 7.739883
v 4.566542 0.739439 8.439880
v 5.091955 0.704597 7.929657
v 5.361818 0.508455 7.413620
v 5.293596 1.030859 7.401764
v 5.467592 1.498701 8.160645
v 5.502685 1.766882 7.401764
v 5.560972 1.463482 6.701752
v 5.819065 2.256054 6.693069
v 6.271805 1.858456 6.107483
v 6.327946 2.758728 6.012802
v 6.724545 2.326103 5.521896
v 6.980579 3.101841 5.457642
v 7.377179 2.669216 4.966736
v 7.817780 1.836468 5.056732
v 7.980621 2.386189 4.582779
v 8.866580 1.627815 4.965622
v 9.154284 2.206776 4.255600
v 9.642314 1.692070 4.709579
v 9.299484 0.928268 5.384628
v 9.980977 1.330076 5.047287
v 9.622710 0.545147 5.707962
v 10.439604 0.758520 6.068344
v 9.969898 -0.001478 6.358643
v 10.615894 0.338142 6.908157
v 10.306389 -0.434792 6.948624
v 10.205332 -0.983410 7.066025
v 10.750210 -0.697807 7.489410
v 10.642172 -1.456144 7.581909
v 10.909548 -1.023521 8.281921
v 10.700459 -1.759544 8.281921
v 10.816177 -1.412849 9.067047
v 11.639275 -0.769669 8.708359
v 11.979586 -1.220119 9.414459
v 11.703485 -1.536821 9.903244
v 12.562546 -1.426151 10.089798
v 11.718933 -1.790859 10.712097
v 12.732464 -1.855961 10.826569
v 12.278114 -2.675678 11.136414
v 13.143360 -2.675678 11.136414
v 12.518370 -3.294186 11.372665
v 11.782347 -3.294186 11.581741
v 12.179518 -3.925184 11.379593
v 11.444931 -4.104458 11.651459
v 11.855963 -4.692751 11.347824
v 10.950621 -4.878796 11.976654
v 11.747299 -5.256256 11.504074
v 11.297867 -5.668701 12.027634
v 11.887310 -5.817806 11.423965
v 11.783321 -6.388880 12.262360
v 10.882839 -6.104059 12.889618
v 12.181669 -6.599369 11.708633
v 12.082602 -6.659479 12.647354
v 12.615593 -7.090073 12.177643
v 12.587311 -4.685183 10.991348
v 12.933739 -3.954626 11.159256
v 13.414217 -4.488014 10.604752
v 13.728102 -3.346535 11.170822
v 14.229244 -3.913357 10.670410
v 13.917645 -4.298773 10.328934
v 14.185022 -4.731396 9.628937
v 14.941603 -3.774891 10.276352
v 14.934948 -4.239456 9.526093
v 15.474594 -3.344297 9.806641
v 15.300596 -3.812140 9.047760
v 14.984310 -4.700891 8.659637
v 15.411310 -3.014893 9.046646
v 15.147335 -3.418617 7.981949
v 15.074820 -2.508791 8.456665
v 14.712833 -2.672955 7.980637
v 14.654547 -2.976355 7.280640
v 14.445457 -2.240332 7.280640
v 14.765314 -1.735857 8.497131
v 14.310684 -1.155190 7.881302
v 14.211046 -1.147572 8.990509
v 13.481604 -0.868948 8.576080
v 13.778423 -0.447571 7.857880
v 14.204466 -0.026194 7.348770
v 14.589931 -0.649761 6.827637
v 14.589931 0.215485 6.827637
v 14.986532 -0.217138 6.336731
v 14.881210 -0.900496 6.300598
v 15.289932 0.482862 6.395020
v 15.778645 -0.128773 5.686935
v 16.060242 0.224644 6.063416
v 16.478645 -0.070486 5.383530
v 16.772602 0.363110 5.669357
v 16.871670 0.302999 4.730621
v 17.305593 0.793703 5.199646
v 17.352283 1.111038 4.402634
v 17.189777 0.318457 3.918213
v 16.881634 -0.206646 3.970627
v 16.112427 -0.739166 4.661819
v 16.363602 -1.172890 3.620346
v 16.896593 -0.742296 3.150650
v 16.363602 -1.172890 2.680939
v 16.833309 -0.412891 2.390640
v 17.123604 0.056816 3.150650
v 16.833309 0.526524 2.390640
v 16.402716 0.056816 1.857651
v 16.073311 0.816814 1.920944
v 16.446714 1.353430 2.587814
v 16.071255 1.788441 2.699387
v 15.371254 2.055819 2.266754
v 15.436310 2.580521 2.874649
v 15.025211 3.091125 2.392700
v 15.060452 2.523392 1.542648
v 15.002556 1.459251 1.416382
v 14.735178 1.891872 0.716370
v 15.049480 2.809040 0.813934
v 15.061905 2.610924 -0.213318
v 14.337738 1.845539 0.257263
v 13.813555 1.567440 0.306320
v 14.337738 1.845539 -0.607986
v 15.120192 2.307526 -0.913315
v 14.583553 1.707922 -1.195648
v 15.369684 2.053885 -1.720474
v 14.801601 1.355110 -2.009659
v 15.334593 1.785704 -2.479355
v 15.170736 1.258947 -2.802582
v 15.439140 1.529652 -3.233871
v 15.717840 2.219501 -3.179352
v 15.976313 1.973602 -3.721008
v 16.623640 2.782799 -3.516129
v 16.924032 2.203724 -4.034866
v 16.991093 1.535519 -4.409378
v 17.047503 4.164303 -1.859985
v 17.486551 4.335953 -2.155014
v 17.341383 4.967060 -1.694489
v 16.908064 4.525055 -1.359787
v 16.556593 3.767704 -1.427353
v 16.493309 4.097111 -0.667358
v 16.493309 5.036518 -0.667358
v 16.062716 4.566814 -0.134369
v 15.733311 5.326813 -0.197647
v 15.418396 4.740757 0.469131
v 14.944496 5.507542 0.176239
v 15.263603 5.859806 -0.628250
v 14.504719 5.685806 -0.160400
v 14.098928 5.611149 0.454514
v 14.735600 5.050076 1.008133
v 14.076603 5.460148 1.447968
v 13.226604 5.784813 0.922638
v 13.226604 5.530922 1.816391
v 12.376606 5.460148 1.447968
v 11.862467 5.105793 0.919601
v 11.793213 4.774326 1.808533
v 11.371557 4.709194 1.352219
v 11.371557 4.709194 0.486969
v 11.750261 5.102909 -0.007904
v 11.050261 5.044624 -0.311310
v 11.423229 5.331787 -0.722107
v 10.671556 4.650906 0.183578
v 10.238933 5.141815 -0.213028
v 9.971557 4.709194 0.486969
v 9.511533 5.335537 0.129745
v 9.713604 5.737923 -0.694611
v 8.998171 5.835991 -0.475769
v 8.956600 6.182957 -1.213959
v 10.056620 6.204880 -1.213547
v 9.587604 6.638805 -1.704239
v 8.807598 6.609386 -1.842056
v 9.369603 7.024857 -2.712433
v 8.271767 6.789780 -2.997070
v 7.612641 7.369846 -1.783569
v 7.571767 7.057156 -2.564438
v 7.571767 7.057156 -3.429688
v 8.491014 7.009701 -3.789261
v 7.379604 7.362148 -4.220032
v 8.486588 7.046791 -4.667511
v 7.786588 7.314167 -5.100143
v 7.295676 7.710770 -4.667511
v 7.268113 7.980587 -5.470840
v 6.638604 8.125523 -5.154648
v 6.675161 8.531776 -5.965103
v 7.499604 8.355145 -6.335022
v 6.649604 8.679813 -6.860352
v 7.499604 8.355145 -7.385681
v 6.702436 8.541645 -7.740128
v 7.303614 7.923145 -8.271805
v 8.039114 7.598324 -7.861130
v 7.771738 7.165699 -8.561127
v 8.471738 7.107414 -8.257721
v 8.233212 6.743042 -8.952820
v 9.048096 7.054298 -8.449203
v 9.116161 6.890465 -9.353790
v 8.252358 6.719513 -9.677017
v 9.952399 7.199707 -9.147644
v -0.056264 -2.737955 -0.835220
v -0.566005 -2.559702 -1.053940
v -0.658150 -3.199825 -1.282516
v -0.811347 -2.093037 -0.656967
v 0.002024 -2.434555 -0.135223
v -0.488888 -2.037954 0.297409
v -0.032790 -2.830795 0.651642
v -0.410907 -2.586071 1.218246
v -0.843531 -1.886070 0.950882
v -1.096725 -2.225515 1.801636
v -0.714497 -3.102289 2.093430
v -1.167502 -2.593929 2.651642
v -0.765117 -3.418282 2.853714
v -0.995669 -3.045240 3.457306
v -1.154492 -3.674633 3.653305
v -0.633539 -4.172562 3.192627
v -1.263045 -3.477863 4.157303
v -1.172116 -2.334881 4.395370
v -1.770990 -2.751617 4.853470
v -1.172116 -2.334881 5.260605
v -1.872116 -2.393167 5.564011
v -2.507014 -2.751617 5.062561
v -2.222512 -2.191103 5.908707
v -2.945758 -2.197384 5.394791
v -2.981396 -1.999184 6.439651
v -3.748964 -1.933010 6.178009
v -4.236311 -1.227194 5.652527
v -4.448964 -1.874723 6.481400
v -4.667684 -1.364981 6.303146
v -4.574612 -2.350166 5.522293
v -4.933744 -1.989529 5.184479
v -4.297112 -1.617628 4.942566
v -3.665195 -2.684582 5.076111
v -4.271212 -3.050167 5.580582
v -5.045577 -2.840063 6.070908
v -4.728842 -3.649187 6.617157
v -5.628336 -3.294580 7.223053
v -4.800389 -3.653515 7.631149
v -4.309478 -4.050116 7.198532
v -4.367765 -4.353516 7.898529
v -5.429014 -4.142012 8.453445
v -4.767389 -4.603516 8.512375
v -4.178102 -4.938892 8.078644
v -4.241385 -5.268297 8.838638
v -4.767389 -4.603516 9.164902
v -4.178102 -4.938892 9.598648
v -4.541612 -4.238201 9.755997
v -3.747508 -4.469185 10.131638
v -3.418102 -5.229183 10.068344
v -4.050908 -3.769184 10.189926
v -5.234982 -3.634588 9.912155
v -4.443340 -3.017269 10.252640
v -3.675773 -3.160185 10.727020
v -3.149020 -3.067184 10.631027
v -3.436252 -2.598494 11.103760
v -2.639962 -2.538584 11.301682
v -0.096003 -0.656950 11.748016
v -0.481704 -0.185255 12.885223
v -0.808357 -0.825901 12.392593
v 0.336621 -0.166040 12.144623
v 0.502080 0.279299 12.907181
v 1.291604 0.274109 12.461349
v 1.448956 -0.089401 11.760666
v 1.881579 0.610600 12.028030
v 2.148955 0.177977 11.328033
v 2.606979 0.805050 11.729034
v 3.084768 0.223051 11.007507
v 3.564932 0.884817 11.599976
v 3.889604 0.359488 10.749969
v 3.154487 -0.080835 10.224640
v 3.889604 0.359488 9.699310
v 4.532273 0.743137 10.267380
v 5.017203 1.177269 10.023911
v 5.013876 1.522385 10.597687
v 5.434933 2.111485 10.408646
v 5.505710 1.743071 9.558640
v 5.759604 2.636814 9.558640
v 5.816968 2.404415 8.743759
v 5.502685 1.766882 8.919525
v 5.694604 2.297813 8.160645
v 5.607880 3.140438 8.743759
v 5.875256 3.573063 9.443756
v 5.790934 3.843487 8.783646
v 5.777880 3.990440 8.207520
v 6.000022 4.579510 8.783646
v 5.986968 4.726463 8.207520
v 6.045256 4.423065 7.507523
v 5.929604 3.486816 7.392639
v 5.786196 2.599575 7.392868
v 6.078989 3.072315 6.692642
v 6.292859 4.134678 6.728638
v 6.640633 3.580814 6.053680
v 6.656115 4.782539 6.064636
v 6.980579 4.059788 5.457642
v 6.867299 4.989136 5.486008
v 6.986085 4.604927 4.704147
v 7.280622 3.518814 5.015411
v 7.418933 4.044144 4.235641
v 7.547997 3.086189 4.315414
v 7.944844 3.407810 3.495712
v 8.463058 2.525806 3.758270
v 8.730433 2.958431 3.058273
v 9.163057 2.467522 3.454880
v 9.595681 2.958431 3.058273
v 9.866095 2.590298 3.617752
v 10.298718 3.081207 3.221146
v 10.659273 2.497814 3.906967
v 10.248353 1.762699 4.347290
v 11.113600 1.762699 4.347290
v 10.680977 1.271790 4.743896
v 11.380978 1.330076 5.047287
v 11.871887 1.726677 5.479919
v 11.768497 1.634556 5.977646
v 12.299641 2.233753 5.510941
v 12.364605 2.116144 6.502975
v 11.781212 1.430326 6.863525
v 11.404606 1.110144 7.084976
v 10.778261 0.752911 6.624954
v 10.879276 0.260145 7.409637
v 11.729275 0.584814 7.934967
v 11.289341 -0.179699 8.068634
v 12.254604 -0.150303 8.375290
v 12.779934 0.584814 7.934967
v 13.167036 -0.159521 8.101288
v 12.603416 -0.713703 8.847824
v 13.325706 0.740814 7.768738
v 12.689274 1.590813 7.352966
v 13.739933 1.590813 7.352966
v 14.108347 0.740814 7.423752
v 14.616707 1.299032 6.970749
v 14.044933 2.244141 6.554092
v 14.770653 2.411423 6.179947
v 15.365322 1.238743 6.753983
v 15.542896 2.352814 6.429352
v 16.012604 1.592815 6.719650
v 16.482311 0.832817 6.429352
v 16.811716 1.592815 6.492630
v 17.242310 1.123108 5.959641
v 17.242310 2.062521 5.959641
v 17.532604 1.592815 5.199646
v 17.305593 2.391926 5.199646
v 17.242310 2.062521 4.439651
v 16.772602 2.822521 4.729935
v 16.292973 2.677769 4.008377
v 16.905819 1.629210 3.849670
v 16.025595 2.245146 3.308380
v 16.733673 1.507458 3.229950
v 17.001217 0.872952 3.121201
v 15.574776 2.974590 3.587006
v 16.042046 2.990429 4.383514
v 14.966602 3.340519 4.104355
v 15.065670 3.400631 3.165634
v 14.206604 3.728764 3.696564
v 14.219995 3.978329 3.019531
v 14.816122 3.827148 2.392700
v 13.773981 4.219673 3.299957
v 13.709875 4.712757 2.767532
v 12.786604 4.734921 3.027390
v 12.668386 5.077915 2.324753
v 13.832718 5.053028 2.329422
v 11.936605 4.664143 2.658966
v 12.261274 4.138813 3.508972
v 11.408909 4.263741 2.995361
v 11.341038 4.554279 1.978409
v 10.649719 4.237900 2.467575
v 10.641037 4.495991 1.675003
v 9.946936 4.300858 2.008133
v 9.635075 4.781563 1.529816
v 10.671556 4.441814 0.919601
v 9.064934 4.308701 2.121017
v 8.700309 5.009815 1.964355
v 8.990603 5.479527 1.204346
v 9.480645 5.105793 0.919601
v 9.031954 5.613995 0.281143
v 8.240754 5.913754 0.790756
v 8.298171 5.894276 -0.172363
v 7.807260 6.290878 0.260254
v 7.603702 6.615917 -0.478363
v 8.094613 6.219318 -0.910980
v 7.661989 6.919315 -1.178360
v 7.258710 7.398556 -0.478363
v 7.121730 7.766445 -1.268524
v 6.856324 8.222908 -0.680435
v 6.659887 8.532608 -1.042358
v 6.260621 8.175190 -2.104507
v 7.016603 7.709789 -2.221329
v 6.481611 7.669968 -2.846893
v 5.914996 8.245792 -2.465897
v 5.647620 7.813168 -3.165894
v 6.491445 7.537128 -3.715729
v 5.647620 7.813168 -4.031143
v 6.347620 7.754883 -4.334534
v 5.878604 8.188808 -4.825241
v 5.178604 8.247097 -4.521851
v 5.111036 8.481991 -5.362717
v 5.878604 8.415813 -5.624359
v 5.111036 8.272900 -6.098740
v 4.835943 8.192997 -6.627975
v 4.036947 8.141624 -6.222260
v 4.036947 7.932533 -6.958282
v 4.890603 8.287144 -7.550034
v 5.734829 8.490780 -7.263458
v 5.740603 8.611813 -8.075363
v 4.890603 8.287144 -8.600693
v 5.740603 8.357922 -8.969101
v 6.590604 8.287144 -8.600693
v 6.265932 7.761814 -9.450684
v 7.100588 7.501328 -8.988846
v 6.761347 7.058674 -9.910934
v 7.533212 6.801327 -9.256226
v 7.853001 6.640770 -10.185364
v 7.092579 6.528744 -10.442352
v 7.692637 6.555294 -10.795303
v -0.896329 -0.973387 1.027359
v -0.681766 -1.076899 -0.124649
v -1.082974 -1.383326 -0.084183
v -1.269671 -1.196560 1.836761
v -1.374773 -0.604563 1.842636
v -1.479607 -0.670994 2.687149
v -1.421396 -1.700186 2.651642
v -1.207682 -1.136129 3.540833
v -0.739492 -1.634880 4.127991
v -0.632830 -0.763878 4.095398
v -0.472116 -1.202257 4.827988
v -0.681205 -1.938280 4.827988
v -0.509761 -1.560581 5.735519
v -0.300672 -0.824558 5.735519
v -0.568048 -1.257181 6.435532
v -1.000672 -1.957182 6.168152
v -1.268048 -1.524559 6.868149
v -1.700672 -2.015469 6.471542
v -1.853868 -1.567505 7.263947
v -2.213829 -1.933010 6.701279
v -1.435620 -1.296309 7.862640
v -0.840219 -0.678183 6.850159
v -0.229492 -0.033878 6.227295
v -0.586725 0.426146 6.853653
v -1.027048 -0.028181 7.588760
v -1.493907 -0.992908 7.162643
v -1.239601 -0.409422 8.024200
v -1.007797 0.544353 8.105667
v -1.308010 0.227362 8.521912
v -0.740421 0.976976 7.405655
v -0.978355 1.457237 8.087463
v -2.008010 1.359985 8.954529
v -1.588290 0.639105 9.255692
v -1.588290 -0.226141 9.255692
v -1.506978 -0.842045 8.724197
v -2.467463 -1.076738 9.558395
v -2.008748 -1.450970 9.031662
v -1.950461 -1.754370 8.331665
v -2.441372 -2.150970 8.764282
v -2.441372 -2.150970 7.899033
v -3.376248 -2.406292 8.268326
v -3.010839 -2.121571 7.255783
v -3.740281 -2.400192 7.706604
v -3.740281 -2.191103 6.970581
v -4.440281 -2.132816 7.273972
v -4.705073 -1.765299 8.250259
v -4.770449 -1.782385 7.586609
v -4.917552 -1.463022 6.944885
v 0.300620 0.586462 13.584854
v 0.175587 1.019552 14.472672
v -0.156811 0.472805 14.167007
v 0.698458 1.353073 13.846832
v 1.001309 0.743816 13.221344
v 1.330715 1.503815 13.284637
v 1.761309 1.034107 12.751648
v 1.882880 1.936438 12.826782
v 2.279480 1.503815 12.335861
v 2.582880 2.203815 12.394150
v 3.130655 1.677376 12.028015
v 3.276813 2.723988 12.361237
v 3.726245 2.311546 11.837677
v 3.933346 1.734816 11.670746
v 4.170706 2.636814 11.349747
v 4.708874 1.791039 11.017014
v 4.414932 1.209486 11.074646
v 5.143938 2.686558 10.886902
v 4.542489 3.552425 11.418884
v 5.298309 3.985817 11.473343
v 5.563997 3.069439 10.488403
v 6.156685 4.214882 11.002533
v 6.121593 3.946705 10.243637
v 6.446552 4.683899 10.243637
v 6.058310 4.276112 9.483643
v 6.490933 4.976109 9.216263
v 6.937464 5.080502 9.811020
v 6.937464 5.080502 10.676270
v 7.271973 5.413483 10.347763
v 7.611604 5.596485 9.649979
v 7.704597 6.113483 10.615128
v 8.136932 6.446487 9.974640
v 8.207709 6.078075 9.124649
v 7.611604 5.596485 8.599319
v 8.244965 6.362785 8.318985
v 8.057323 5.846722 7.957718
v 7.567268 5.697548 7.779587
v 6.867269 5.430172 8.212204
v 6.477880 5.123066 8.640152
v 6.978004 5.456356 7.272110
v 7.621777 5.970043 6.716995
v 7.112668 5.543999 6.295624
v 6.597827 5.085938 6.764648
v 6.434645 4.730171 7.079590
v 7.483310 6.364113 6.004639
v 7.072210 5.853508 5.522690
v 7.425022 6.667511 5.304642
v 6.986085 6.076973 4.704147
v 6.776997 5.340950 4.704147
v 7.044373 5.773575 4.004150
v 7.044373 4.908325 4.004150
v 7.440972 5.340950 3.513245
v 7.585253 4.431244 3.491302
v 7.981853 4.863869 3.000397
v 8.255855 4.022438 3.009613
v 8.364934 4.576077 2.553635
v 8.797558 3.876080 2.821014
v 8.000309 5.277191 2.396973
v 7.670972 5.405235 3.027527
v 8.014671 5.923222 2.067383
v 7.682218 6.288681 2.998093
v 7.635880 6.672192 2.133514
v 7.577592 6.368793 1.433502
v 7.307250 7.149570 1.353134
v 7.635880 6.672192 0.733505
v 7.270981 7.154087 0.367416
v 6.636825 7.780872 0.738739
v 6.576852 8.274220 -0.062668
v 6.309476 8.706844 0.637329
v 6.589586 9.160076 -0.096024
v 6.518564 9.442867 0.637329
v 6.714603 9.986816 -0.129349
v 6.522726 9.510273 -0.957138
v 6.522726 10.463360 -0.957138
v 6.025026 9.992226 -1.556259
v 5.827997 8.875191 -1.837128
v 5.217346 9.307816 -2.353470
v 5.520746 8.607815 -2.411758
v 4.820746 8.875191 -2.844376
v 5.253370 8.175190 -3.111755
v 4.762459 8.571793 -3.544373
v 4.687693 8.643696 -4.089218
v 4.461579 9.338032 -3.387711
v 4.404593 9.243927 -4.289352
v 4.687693 8.968655 -4.826416
v 3.871604 9.674526 -4.759064
v 3.581309 9.204815 -5.519058
v 3.111604 9.737808 -5.088470
v 2.642588 9.303883 -5.579178
v 2.789906 8.919544 -6.243118
v 3.604323 8.632534 -5.825668
v 3.336947 8.199909 -6.525665
v 2.710604 8.557148 -6.985687
v 3.336947 8.199909 -7.390915
v 2.584948 8.471912 -7.686798
v 3.284947 8.204533 -8.119431
v 4.073893 8.145229 -7.884827
v 3.490603 8.287144 -8.600693
v 2.584948 8.471912 -8.617355
v 3.223276 8.133148 -9.267776
v 1.958604 8.829144 -8.092026
v 1.958604 8.829144 -9.142685
v 2.461604 8.120052 -9.723679
v 3.161604 7.736805 -10.157471
v 3.921604 7.673519 -9.828064
v 4.521849 7.734764 -9.343063
v 5.042603 7.422901 -9.973328
v 4.275036 7.279987 -10.447723
v 5.042603 7.213810 -10.709351
v 5.740603 7.350670 -9.976349
v 5.740603 7.141579 -10.712372
v 5.802604 6.923519 -11.179062
v 6.392579 6.587032 -10.745743
v 6.339216 6.256641 -11.552460
v 7.052121 6.219234 -11.215286
v 5.165979 6.630718 -11.941605
v 5.598603 6.139809 -12.338196
v 6.058936 5.803143 -12.286255
v 5.478420 5.966293 -13.299194
v 6.195203 5.663219 -13.111343
v 6.535502 5.245472 -13.114578
v 6.352121 5.110104 -12.383926
v 6.461816 4.807606 -12.889801
v 6.063705 4.355022 -12.562180
v 5.861210 4.713505 -11.951309
v 6.352121 5.110104 -11.518677
v 7.052121 5.168392 -11.215286
v 5.919497 4.410107 -11.251312
v 6.619497 4.677483 -10.818680
v 7.688004 4.667477 -10.975342
v 7.751998 5.222271 -11.568359
v 6.905529 5.561169 -11.967072
v 7.841123 5.755615 -11.801697
v -3.397372 2.717976 -8.983368
v -3.776664 1.868351 -9.272919
v -3.759591 1.840559 -8.648529
v -3.738867 2.263922 -9.863464
v -3.648261 3.194820 -9.735443
v -3.606461 3.453999 -8.983368
v -3.458558 2.505180 -7.678589
v -3.648372 2.209127 -8.188904
v -3.624290 3.460110 -7.972412
v -4.040386 3.944706 -8.514359
v -3.977102 4.274113 -7.754364
v -3.117437 4.037086 -7.184921
v -2.744396 3.337086 -7.243210
v -3.003178 2.695900 -7.421707
v -2.454453 2.622658 -7.403656
v -1.874567 3.459057 -7.841095
v -2.025323 2.505413 -7.769806
v -1.830045 3.150600 -8.283371
v -1.864315 2.287037 -8.369278
v -0.848692 2.972458 -3.522430
v -1.082280 2.482140 -3.370056
v -1.314598 2.394276 -3.659653
v -1.407396 3.888474 -4.225449
v -0.507206 3.820293 -3.628433
v -0.874635 4.416866 -4.650757
v -1.932725 4.514816 -4.582687
v -2.257396 3.989483 -3.732681
v -1.824772 3.289486 -3.465317
v -2.633444 3.362198 -2.921677
v -2.949045 4.452385 -3.313019
v -3.772000 3.841705 -2.434250
v -3.491820 3.109695 -2.615860
v -0.637413 2.421169 13.584854
v -1.061302 2.830082 14.137146
v -0.557327 2.379562 14.482727
v -0.088274 1.955288 14.626312
v 0.062587 2.362881 13.281464
v 1.127581 1.961216 13.392136
v 0.483965 2.871990 12.855423
v 1.440361 3.065372 13.454529
v 2.227402 2.569691 13.088104
v 2.484961 3.210251 13.533493
v 3.104243 3.239578 13.041351
v 1.961966 3.548798 13.629532
v 4.275113 3.985050 12.118881
v 4.363416 3.997311 12.858078
v 3.671973 3.569977 12.876511
v 3.808298 3.177242 11.846085
v 5.030933 4.418438 12.173355
v 4.960549 4.268776 13.275131
v 5.730933 4.685818 12.605972
v 5.842052 4.540039 11.859177
v 6.645604 5.018108 12.276352
v 6.212852 4.809467 12.814957
v 6.645476 5.509464 13.082336
v 7.115310 5.778111 12.566635
v 7.178593 5.448704 11.806641
v 6.744668 4.957996 11.337631
v 7.213685 5.716881 11.047760
v 7.405604 6.247814 11.806641
v 7.512323 6.473888 11.300980
v 7.178593 7.046925 11.806641
v 7.019556 7.389194 11.199966
v 7.779699 6.971817 10.600983
v 7.286932 7.821815 10.499969
v 8.136932 7.497147 9.974640
v 7.762372 8.361328 9.743149
v 8.315283 8.021744 9.084229
v 8.461603 6.971817 9.124649
v 8.561878 7.061192 8.570526
v 8.561878 8.068439 8.570526
v 8.713603 7.564816 7.755646
v 8.459709 6.671074 7.755646
v 8.388932 7.039486 6.905640
v 8.006704 6.162712 7.197433
v 8.072597 6.699482 6.438385
v 8.031699 7.564816 6.279297
v 8.620498 7.684860 7.086685
v 8.031699 8.495369 6.279297
v 7.764323 8.062744 5.579300
v 7.973412 8.798767 5.579300
v 7.893648 8.052677 4.727600
v 8.224575 8.909561 4.646011
v 7.870777 8.315224 3.736206
v 7.661689 7.579201 3.736206
v 7.512722 7.040997 4.644501
v 7.514309 6.635113 3.728638
v 7.804604 7.104816 2.968643
v 7.693463 7.902756 2.968643
v 7.514309 7.574520 2.208649
v 7.264913 8.346767 2.150040
v 6.868313 7.914143 1.659119
v 6.576852 8.274220 1.337326
v 6.576852 9.139469 1.337326
v 7.457930 9.074921 2.151306
v 7.878540 8.640537 2.805435
v 8.182798 9.352146 2.641281
v 7.818309 9.891815 1.937943
v 7.009476 9.839466 1.069946
v 7.550933 10.324436 1.237930
v 6.981979 10.419441 0.570648
v 7.565700 11.314510 0.779297
v 6.837596 10.898697 -0.204803
v 7.507412 11.617908 0.079300
v 7.270220 11.598698 -0.472183
v 6.689980 11.373112 -0.998688
v 7.096292 12.106953 -1.494781
v 6.398995 11.952839 -1.689575
v 5.606645 11.788544 -1.710785
v 5.708550 10.753498 -1.483322
v 5.303245 11.088543 -1.652496
v 4.906645 10.655918 -2.143417
v 4.906645 11.521168 -2.143417
v 4.425555 10.470657 -2.629425
v 4.972874 10.153591 -2.365738
v 4.028955 10.038033 -3.120346
v 4.028955 10.903282 -3.120346
v 3.761580 10.470657 -3.820343
v 3.970668 9.734634 -3.820343
v 3.515551 11.167133 -3.814316
v 3.151354 10.477814 -4.402740
v 2.718730 11.177814 -4.135361
v 2.286106 10.477814 -4.402740
v 2.510504 9.870617 -4.836197
v 1.437030 9.754333 -4.873062
v 1.869654 9.263424 -5.269669
v 1.169654 9.321712 -5.573059
v 1.869654 9.054333 -6.005692
v 0.856172 9.344273 -6.315353
v 1.782721 9.030731 -6.650101
v 0.788604 9.219810 -7.222351
v 1.556171 9.076897 -7.696747
v 1.958604 8.829144 -7.226776
v 0.788604 9.108673 -8.020294
v 1.108603 9.153812 -8.617355
v -0.291263 8.873699 -7.431122
v -0.226229 8.858639 -8.513580
v 0.293720 9.002090 -9.120987
v 1.108603 8.899921 -9.511093
v 0.672379 8.755192 -10.042633
v 1.633932 8.303814 -9.992691
v 1.216114 7.915321 -10.394119
v 2.259964 7.793789 -10.251572
v 1.826651 7.203812 -10.588058
v 2.691898 7.203812 -10.588058
v 2.259274 6.712902 -10.984665
v 3.161604 6.788036 -11.106232
v 3.630620 7.302879 -10.648178
v 4.283719 7.021896 -11.240295
v 3.800653 6.512421 -11.689667
v 4.573587 6.552879 -11.999176
v 5.042603 6.986805 -11.508469
v 3.832426 6.380936 -12.610992
v 4.736095 6.270939 -12.688400
v 2.921593 6.442413 -12.029541
v 4.644759 6.164860 -13.021652
v -3.364397 3.671669 -10.487503
v -3.629461 3.416756 -11.003296
v -3.664658 2.774330 -10.501251
v -3.575677 3.926891 -11.560974
v -3.490297 4.514683 -10.723358
v -3.631773 4.104294 -9.787506
v -3.757673 4.947308 -10.023361
v -3.977102 4.274113 -9.274353
v -4.124482 5.218201 -9.281921
v -4.267396 4.743816 -8.514359
v -4.391858 5.650826 -8.581924
v -4.333570 5.005455 -7.746796
v -4.761497 5.916710 -8.001572
v -4.618396 5.943485 -6.918030
v -4.141438 5.344543 -7.230927
v -3.611170 4.696178 -7.146179
v -3.331609 5.122166 -6.635803
v -2.789155 4.676250 -6.869888
v -2.272895 5.061642 -6.439667
v -1.913066 4.684933 -7.127991
v -2.371356 4.037086 -7.184921
v -1.517691 4.274113 -7.754364
v -0.974790 4.941277 -7.694000
v -0.855829 4.650356 -8.777115
v -1.454408 3.944706 -8.514359
v -1.419315 4.212883 -9.273239
v -1.888332 3.453999 -8.983368
v -1.918020 3.802586 -9.551208
v -1.485396 4.502583 -9.818588
v -1.976308 4.105984 -10.251205
v -2.185396 3.369961 -10.251205
v -1.898228 2.300415 -9.639313
v -2.097421 2.717976 -8.983368
v -1.849474 2.184217 -8.983368
v -0.824911 3.231422 -2.576126
v -1.577201 2.938126 -2.018845
v -1.154010 2.557796 -2.677246
v -1.221511 3.664047 -2.085220
v -0.471738 3.940769 -2.613632
v -0.788888 4.364048 -1.817841
v -0.088888 4.422333 -2.121246
v 0.068948 4.346722 -3.207352
v 0.994731 4.754845 -2.358673
v 0.994731 4.545753 -3.125351
v 0.994731 4.754845 -3.892044
v 1.694731 4.487469 -3.459412
v 1.805637 4.571014 -4.419495
v 1.116487 4.790539 -5.234985
v 0.106358 4.635120 -4.880417
v 0.248771 4.776989 -5.611130
v -0.642252 4.986507 -5.451569
v -0.642252 5.091053 -6.252197
v -1.480442 5.384933 -5.995361
v -1.480442 5.175842 -5.259338
v -2.365349 5.214817 -5.715317
v -2.529531 5.178928 -4.908127
v -3.097485 5.513885 -5.357407
v -3.164760 5.597214 -4.022232
v -2.782725 4.839485 -4.057358
v -3.223048 5.293816 -3.322235
v -3.777962 6.176819 -3.474487
v -3.958539 6.056423 -2.659363
v -3.654725 4.945438 -2.684311
v -4.015282 5.528831 -1.998489
v -3.966162 4.552841 -2.077988
v -4.525023 4.951996 -1.601517
v -0.927281 2.890186 12.825974
v -1.247134 3.633259 12.628296
v -1.302138 3.227638 13.354370
v -0.659905 3.322807 12.125977
v -0.227281 2.831898 12.522568
v 0.205343 3.322807 12.125977
v -0.159893 4.072765 12.028000
v 0.530379 3.978516 12.221664
v 1.068680 4.021603 12.729446
v 6.177400 6.775097 13.581650
v 6.066956 6.521484 13.888565
v 6.259792 5.871632 13.792755
v 6.778819 6.247814 13.156616
v 6.411966 7.082012 13.106308
v 7.115310 6.717518 12.566635
v 6.645604 7.477520 12.276352
v 5.885604 7.540806 12.605759
v 5.885604 7.767811 11.806641
v 4.796578 7.688705 11.852463
v 5.363604 8.137714 10.995773
v 6.004045 8.074856 10.899109
v 6.559532 8.015537 10.842743
v 6.122488 8.381897 9.991577
v 6.761603 8.417923 10.018387
v 6.500602 9.128700 9.425293
v 7.194227 8.908833 9.621780
v 6.761603 9.608833 9.354416
v 7.629999 9.417706 9.653320
v 7.057628 10.327682 9.391632
v 8.298175 10.167240 10.216507
v 7.454227 10.760307 9.882538
v 7.837348 10.526855 10.508316
v 8.759936 9.724491 9.205536
v 8.780152 10.026520 9.761810
v 8.327312 9.024490 8.938156
v 8.973310 9.364113 8.388641
v 9.329778 10.095455 8.396210
v 9.361552 9.771900 7.628647
v 9.036592 9.034706 7.628647
v 8.828379 8.399876 7.749588
v 8.620498 8.550110 7.086685
v 9.071685 9.302883 6.869766
v 8.589905 9.250767 6.048904
v 9.419334 9.769272 5.918030
v 8.589905 9.250767 5.112656
v 9.450603 9.746487 4.624313
v 8.706268 9.580166 4.237213
v 10.046710 10.228073 5.149643
v 10.058980 10.472542 4.303864
v 9.905016 10.591297 3.635483
v 9.219604 10.138485 3.179321
v 8.698579 9.758595 3.131256
v 8.215357 9.183567 3.804581
v 9.021244 10.619267 2.269730
v 8.319532 10.421860 1.896561
v 8.622932 11.121861 1.838272
v 7.922933 10.854485 1.405640
v 9.363491 11.475368 2.191956
v 8.937897 11.964230 1.601105
v 9.733714 12.309204 2.110809
v 9.432554 12.728924 1.389938
v 8.608487 12.332165 0.844894
v 7.998323 12.014507 0.511917
v 8.608487 12.332165 -0.091354
v 7.941593 11.922024 -0.475342
v 8.599269 12.606167 -1.003784
v 8.352604 12.702488 -1.751678
v 9.147614 13.204487 -1.502808
v 8.877933 13.552486 -2.076355
v 8.027932 13.227818 -2.601685
v 7.502604 12.631710 -2.120102
v 7.037327 13.120216 -2.685898
v 6.701836 12.522610 -2.165314
v 5.758932 12.912815 -2.873688
v 6.079378 12.304440 -2.147629
v 5.319088 12.253819 -2.463623
v 5.048399 12.633816 -2.878647
v 4.420906 12.564068 -3.291306
v 4.862980 13.420486 -3.300400
v 3.885632 12.840275 -3.831390
v 3.786487 11.933815 -3.778870
v 4.225579 11.454842 -3.235352
v 3.402980 12.862816 -4.202728
v 2.971603 11.933815 -4.010361
v 3.835604 13.353725 -4.599335
v 2.886997 13.117287 -4.670395
v 3.068036 13.496639 -5.073715
v 2.369767 13.600758 -5.063049
v 1.937143 13.109848 -4.666443
v 1.942605 12.692699 -4.369003
v 1.242605 12.425323 -4.801636
v 1.639205 11.992699 -4.310715
v 2.375229 11.992699 -4.101639
v 1.871603 11.177814 -4.253357
v 1.135580 11.177814 -4.462448
v 1.438980 10.477814 -4.520737
v 0.738980 10.745190 -4.953354
v 0.660170 10.243614 -5.320023
v 0.333913 11.237766 -5.392960
v -0.176691 10.755814 -5.804062
v 0.187934 10.054699 -5.960724
v -0.646397 10.063381 -6.218826
v -0.365326 9.439396 -6.673279
v 0.021036 9.285988 -6.960709
v -1.423886 9.306324 -6.731125
v -0.991262 8.815414 -7.127731
v -1.723396 8.613857 -7.699387
v -0.979062 8.571083 -8.048309
v -1.723396 8.404766 -8.435410
v -1.023396 8.672146 -8.868027
v -1.803163 8.533829 -9.393356
v -1.023396 8.672146 -9.918686
v -0.173397 8.996811 -9.393356
v -0.173397 8.742920 -10.287094
v -0.698725 8.146812 -10.768692
v 0.351932 8.146812 -10.768692
v -0.173397 7.296814 -11.093353
v 0.536436 7.279652 -11.012177
v -0.098787 6.456829 -11.356735
v 0.766461 6.456829 -11.356735
v 1.365466 6.841381 -11.309830
v 1.110426 6.139675 -11.854462
v 2.053015 6.344017 -11.884109
v -2.406396 4.582249 -12.367813
v -2.785485 4.191059 -12.602798
v -3.369189 4.185799 -12.126282
v -2.937328 5.290932 -12.051437
v -3.525389 4.782860 -11.482239
v -3.636102 5.580112 -11.483353
v -3.699386 5.250706 -10.723358
v -3.926396 6.049816 -10.723358
v -3.636102 6.519520 -11.483353
v -3.792765 6.884148 -10.782242
v -4.134170 7.242256 -10.147522
v -4.500102 6.743111 -9.539352
v -4.560212 7.681831 -9.638428
v -5.406723 7.812931 -9.094803
v -5.201789 6.629299 -8.329239
v -4.656765 6.378483 -8.838242
v -4.333570 5.954224 -9.281921
v -6.009881 7.133823 -8.468613
v -6.392326 6.566654 -7.516571
v -5.244740 6.300716 -7.508667
v -5.944740 6.359005 -7.205261
v -5.708829 6.176640 -6.789993
v -6.442613 6.131607 -6.538437
v -5.717512 6.434731 -5.997421
v -5.086905 6.376331 -6.357239
v -5.234447 6.944206 -5.548050
v -4.386905 6.318043 -6.053848
v -4.353117 6.741112 -5.337067
v -3.588396 5.910488 -5.790024
v -3.874061 5.777164 -6.530930
v -3.680877 6.199703 -4.996841
v -4.311397 6.885487 -4.749939
v -3.820485 6.488884 -4.317307
v -4.311397 6.885487 -3.884689
v -4.937740 7.242718 -4.289902
v -4.935180 7.197521 -3.323700
v -4.391163 6.756420 -2.926727
v -4.955406 6.791485 -2.500809
v -4.447905 6.228832 -2.265869
v -5.244723 6.323360 -1.743362
v -4.715281 5.796207 -1.565872
v -5.576956 5.735691 -1.312485
v -6.002165 6.612679 -1.275238
v -6.396657 5.794685 -1.141251
v -6.812330 6.523552 -1.419449
v 5.576057 7.271523 13.066360
v 4.788028 7.068329 13.701202
v 5.498591 6.876221 13.853180
v 4.800604 7.303623 12.739487
v 3.793041 7.308880 12.982498
v 3.968619 7.639881 12.319458
v 3.128309 7.837143 12.502014
v 3.523422 8.169331 11.860504
v 4.151604 8.192394 11.190475
v 3.542621 8.299049 11.227646
v 4.267171 8.157898 10.555267
v 4.728161 8.153454 10.807327
v 5.363604 8.346806 10.259750
v 3.499603 8.189674 10.231705
v 2.799603 8.457050 10.664322
v 2.870769 8.392784 9.763168
v 3.641933 8.061142 9.294647
v 2.867421 8.604927 8.772888
v 3.641933 8.270233 8.558624
v 4.435201 8.366806 8.945023
v 4.074557 8.761143 8.162018
v 4.496275 9.271770 8.027023
v 3.122663 9.551235 8.301437
v 4.063651 9.971771 7.759644
v 4.799675 9.971771 7.968735
v 5.196275 9.539146 8.459641
v 5.196275 10.404396 8.459641
v 5.341294 10.620865 8.917252
v 6.067978 9.828701 9.157913
v 5.728660 9.398273 9.235031
v 6.321604 10.327682 9.182541
v 5.851898 11.102818 9.328354
v 6.754228 11.027683 9.449921
v 6.279845 11.795250 9.743103
v 7.097749 11.603081 10.585953
v 6.021718 12.215424 9.879883
v 6.689941 12.131195 10.585068
v 9.820689 10.492054 8.828827
v 10.269389 10.403316 9.499268
v 9.700177 10.141602 9.711685
v 10.780289 10.925217 9.330383
v 10.243776 11.106037 8.128006
v 9.734668 10.679996 7.706619
v 10.215282 11.488033 7.378632
v 10.043118 11.066837 6.670074
v 9.329778 10.095455 6.861069
v 9.975931 10.596485 5.999649
v 10.116421 11.678143 5.959915
v 10.300604 11.121815 5.149643
v 10.046710 12.015556 5.149643
v 10.116421 11.678143 4.339371
v 10.218988 11.099316 4.404648
v 10.069603 11.513817 3.704636
v 9.951612 12.360943 3.704636
v 9.873997 11.946442 2.774872
v 9.744932 10.988487 2.854645
v 10.183593 12.806705 2.673645
v 10.120310 13.136112 3.433640
v 10.508554 13.543900 2.673645
v 10.120310 13.136112 1.913651
v 10.476778 13.867455 1.906082
v 10.388692 14.023510 1.079315
v 9.976964 13.538784 0.714310
v 10.460979 14.580441 0.608643
v 10.193604 14.147816 -0.091354
v 9.939710 13.254074 -0.091354
v 9.423632 12.687988 0.414597
v 9.343604 12.772488 -0.616684
v 9.868933 13.622486 -0.941360
v 9.868933 14.673145 -0.941360
v 9.484674 14.146641 -1.592087
v 9.183114 15.033699 -1.524750
v 9.006997 14.510441 -2.156128
v 8.915738 15.466324 -2.224747
v 8.801218 14.859680 -3.003799
v 8.467867 13.992332 -2.735352
v 8.147658 14.404774 -3.468002
v 7.568378 13.799686 -3.161682
v 7.462488 14.289448 -3.808685
v 6.776464 14.190758 -3.523941
v 7.011282 13.657150 -3.040009
v 6.146034 13.657150 -3.040009
v 5.878658 14.089771 -3.740005
v 5.295604 13.911396 -3.697006
v 5.295604 14.120487 -4.433029
v 4.595604 13.853107 -4.000397
v 4.595604 13.853107 -4.865646
v 5.370739 13.998913 -5.335358
v 4.632614 13.743130 -5.817139
v 3.835604 13.562817 -5.335358
v 3.835604 13.789822 -6.134476
v 3.075603 13.853107 -5.805069
v 3.366588 14.223747 -6.625168
v 2.646298 14.455475 -6.248459
v 2.224586 13.995705 -5.670074
v 1.578363 14.843815 -6.249451
v 1.166345 14.110474 -5.969345
v 0.818580 13.368816 -5.798340
v 0.339603 14.143814 -6.094360
v -0.148683 13.335018 -5.909729
v 0.380815 12.772778 -5.458389
v 1.199416 12.828060 -5.122391
v 0.858290 12.113651 -5.087418
v 0.077415 12.072777 -5.400101
v 0.738980 11.610439 -4.953354
v -0.406999 12.637932 -5.702713
v -0.646397 11.530949 -5.658264
v -1.195725 12.642544 -5.461182
v -1.550277 11.701481 -5.511841
v -1.116102 10.755814 -5.804062
v -1.947994 10.976814 -5.694855
v -1.780568 10.117279 -6.279099
v -2.440355 10.662086 -5.942795
v -2.707732 10.229465 -6.642792
v -2.222044 9.321293 -7.204239
v -2.922044 9.588665 -7.636856
v -2.423396 8.672146 -8.002777
v -2.978096 9.189533 -8.377258
v -2.467454 8.606522 -9.089157
v -3.506141 8.937206 -9.100494
v -3.270396 8.505806 -9.578461
v -2.801380 8.071880 -10.069168
v -3.740102 7.972813 -10.009064
v -3.404727 7.539074 -10.598343
v -2.406396 7.667767 -10.785278
v -1.732839 8.198986 -10.434067
v -1.647512 7.377899 -11.254288
v -1.214888 7.868809 -10.857681
v -2.406396 7.342808 -11.522461
v -1.936691 6.809814 -11.953064
v -1.122687 6.591766 -11.600250
v -0.606020 6.596813 -11.360733
v -0.871262 6.049816 -11.807251
v -1.607285 6.049816 -12.016342
v -1.303885 5.349815 -12.074631
v -1.932014 5.282249 -12.100449
v -1.499390 4.582249 -12.367813
v -0.739433 4.878479 -12.458847
v -2.406396 6.049816 -12.243362
v -2.876102 6.809814 -11.953064
v -3.205508 6.049816 -12.016342
v -3.166396 7.279522 -11.193069
v -4.079723 8.522331 -9.363068
v -3.906068 9.541813 -8.693680
v -3.581397 10.067142 -7.843689
v -4.431396 10.137920 -8.212097
v -5.118731 10.126175 -8.112381
v -5.399068 9.492813 -8.878693
v -5.924397 10.088921 -8.397095
v -6.449725 9.492813 -8.878693
v -5.924397 8.642815 -9.203354
v -4.965850 8.488548 -9.375977
v -6.818139 8.642815 -8.949463
v -6.449725 7.792816 -8.878693
v -7.269451 7.837151 -8.777634
v -6.740879 7.154392 -8.102280
v -7.453783 7.116985 -8.439468
v -7.173502 6.663483 -7.705688
v -7.990396 6.450108 -8.066055
v -7.927742 6.155895 -7.243179
v -7.227742 6.214184 -6.939774
v -7.784380 5.902748 -6.542175
v -7.011446 5.943207 -6.232666
v -7.493397 5.532108 -5.722061
v -6.960407 5.962704 -5.252350
v -6.469496 6.359303 -5.684982
v -6.434404 6.627483 -4.926102
v -5.934446 6.885921 -5.244644
v -6.556154 7.116306 -4.355377
v -5.436093 7.227154 -4.702667
v -6.123531 7.607216 -3.958771
v -5.423531 7.548931 -3.655380
v -6.123531 7.816307 -3.222748
v -5.423531 7.548931 -2.790131
v -6.123531 7.607216 -2.486725
v -5.712848 7.080803 -2.032684
v -6.434789 7.103588 -1.671844
v -7.268890 6.732281 -1.952271
v -6.823531 7.548931 -2.790131
v -7.418468 7.028820 -3.202377
v -7.689197 6.445728 -2.423538
v -7.746181 6.235458 -3.306335
v -8.256636 6.081459 -2.612747
v -8.288349 5.695805 -3.689331
v -7.690567 5.918705 -3.955750
v -8.253397 5.468822 -4.453247
v -8.816226 5.918705 -3.955750
v -8.778818 6.255886 -3.242844
v -8.485477 6.148304 -2.610367
v -8.659034 6.556213 -2.292679
v 2.799603 8.457050 11.394958
v 2.499341 8.723370 11.787415
v 2.524875 8.437202 12.356415
v 2.253335 9.135452 11.095642
v 2.308692 8.853653 10.231705
v 2.231082 9.337948 10.251328
v 2.264187 9.258648 9.606995
v 2.544963 8.838264 9.150436
v 4.605270 11.811775 9.372131
v 4.164657 12.185997 9.801865
v 3.714099 11.648933 9.345993
v 5.147945 12.224678 9.698013
v 5.487273 11.803932 9.485016
v 4.900772 11.212631 8.851273
v 4.063651 11.162682 8.423615
v 3.125449 11.051178 9.062531
v 4.496275 10.671772 8.027023
v 4.590744 12.652618 10.190918
v 5.589094 12.706333 10.276489
v 5.007062 12.890179 10.640915
v 5.531651 12.867664 10.802673
v 6.200252 12.612286 10.880142
v 10.506809 11.979893 8.141861
v 10.389627 12.386730 9.158310
v 10.712341 11.613796 9.034073
v 10.168593 12.768925 8.175644
v 10.105310 12.439518 7.415649
v 9.635604 13.199520 7.705933
v 9.450603 12.497143 6.540222
v 9.959505 11.969814 6.640503
v 8.875604 13.262806 7.376526
v 8.421955 13.071995 6.466141
v 9.155739 13.000805 5.276627
v 9.450603 12.497143 5.674973
v 9.644323 12.839909 4.947571
v 9.863905 12.585178 4.238815
v 8.455739 13.059093 5.580017
v 8.573524 13.643764 4.859497
v 7.620604 13.352276 6.054398
v 7.312657 13.882519 5.081375
v 7.890604 14.424248 4.869110
v 8.984714 14.264324 4.406128
v 9.421535 14.364700 4.001724
v 9.754377 13.653454 4.041809
v 10.180419 14.074833 3.532715
v 9.703919 15.150814 3.813812
v 10.650536 14.890930 3.309723
v 10.181518 15.649815 3.599594
v 10.918715 15.649815 3.274628
v 11.349310 15.180111 2.741638
v 10.978668 14.359997 2.450653
v 11.412594 14.850704 1.981644
v 10.879602 14.420109 1.511932
v 11.349310 15.180111 1.221649
v 11.639603 15.649815 1.981644
v 11.349310 16.119518 1.221649
v 10.918715 15.649815 0.688660
v 10.589310 16.409813 0.751938
v 10.296607 15.605125 0.315536
v 9.650587 16.508881 0.691833
v 10.119603 16.942806 1.182526
v 8.817629 16.575207 1.168839
v 8.877653 16.259331 0.265305
v 8.910980 16.223145 -0.349304
v 7.945603 16.380676 0.127701
v 7.945603 16.589767 -0.608322
v 8.852693 15.919746 -1.049316
v 9.343604 15.523144 -0.616684
v 8.220764 16.889343 -1.221146
v 8.842840 16.353664 -1.806870
v 8.892937 16.080864 -2.298843
v 8.979115 16.890190 -2.524460
v 9.160313 16.513489 -2.998840
v 9.021552 15.613899 -2.974350
v 9.435668 16.032997 -3.839340
v 8.709498 15.139374 -3.792252
v 8.419936 15.566486 -4.551254
v 7.966433 14.832706 -4.270966
v 7.929025 15.169888 -4.983871
v 7.644948 14.698719 -4.761810
v 7.614710 14.823074 -5.692352
v 7.018604 14.341488 -5.167023
v 6.974269 14.442547 -4.347305
v 6.023631 14.112289 -4.725235
v 6.168604 14.016819 -5.692352
v 7.018604 14.341488 -6.217682
v 6.168604 14.270710 -6.586105
v 5.468604 14.212421 -6.889496
v 5.936206 14.901932 -7.449722
v 5.301932 14.806816 -7.663681
v 4.776604 14.210709 -7.182098
v 4.594488 13.963821 -6.602310
v 4.251275 14.806816 -7.663681
v 4.847606 15.541931 -8.104004
v 4.385488 15.657734 -8.437286
v 3.688843 15.319542 -8.004196
v 3.626603 15.692825 -8.705475
v 2.867719 15.657734 -8.437286
v 2.859035 15.399643 -7.644714
v 3.102667 14.898415 -7.098282
v 2.453650 15.514439 -7.305679
v 2.186275 15.081818 -6.605682
v 1.753651 15.572727 -7.002289
v 1.753651 15.781818 -7.738312
v 0.637487 15.646542 -7.593735
v 1.145740 15.334724 -6.646057
v 0.488545 15.386089 -6.808014
v 0.713116 14.843815 -6.249451
v -0.033909 14.843815 -6.249451
v -0.466533 15.334724 -6.646057
v -0.778679 14.843815 -5.921158
v -0.475280 14.143814 -5.862869
v -1.211303 14.143814 -5.653778
v -1.533140 13.452816 -5.391464
v -1.836539 14.152817 -5.449753
v -2.269163 13.452816 -5.182373
v -1.984451 12.647152 -5.219635
v -2.615442 12.656700 -5.353348
v -2.347262 11.897816 -5.318253
v -3.083285 11.897816 -5.527344
v -2.779885 11.197815 -5.585632
v -3.517082 11.197815 -5.910599
v -3.882396 11.897816 -5.754364
v -4.247711 11.197815 -5.910599
v -3.352512 10.493896 -6.525284
v -4.680335 10.706905 -6.307190
v -4.984908 11.197815 -5.585632
v -5.242771 10.550076 -6.265015
v -5.242771 10.550076 -7.130249
v -4.431396 10.391811 -7.318359
v -5.942771 10.282700 -6.697632
v -5.924397 10.342812 -7.503357
v -6.739280 10.191090 -6.999725
v -6.774396 10.018147 -8.028687
v -7.168380 10.184170 -7.383575
v -7.439280 10.458469 -6.567108
v -7.868380 10.125881 -7.080170
v -8.288142 10.643040 -6.646332
v -8.807102 10.026814 -7.020065
v -8.337397 9.611038 -7.538239
v -7.335848 9.296825 -8.446686
v -8.057789 9.274040 -8.085846
v -7.848756 9.029789 -8.489578
v -8.750397 8.972805 -8.395462
v -8.280691 8.439812 -8.826065
v -9.220102 8.439812 -8.826065
v -8.750397 7.679813 -9.116364
v -8.005474 7.837151 -8.986725
v -8.280691 6.919815 -8.826065
v -9.220102 6.919815 -8.826065
v -8.750397 6.386822 -8.395462
v -9.510397 6.450108 -8.066055
v -8.750397 6.159817 -7.596359
v -9.563712 6.346363 -7.124664
v -8.770188 5.969051 -6.615768
v -9.581477 6.230881 -6.011246
v -9.013397 5.532108 -5.722061
v -8.253397 5.468822 -6.051468
v -8.253397 5.241817 -5.252350
v -9.013397 5.532108 -4.782654
v -9.546386 5.962704 -5.252350
v -9.483103 6.292110 -4.492355
v -9.773396 6.761814 -5.252350
v -9.586847 7.233517 -4.439041
v -9.146612 6.761814 -3.902374
v -9.046247 7.569439 -3.846252
v -8.549281 7.042797 -3.299225
v -8.549281 7.908047 -3.299225
v -8.281905 7.475422 -2.599228
v -8.490993 8.211445 -2.599228
v -8.915576 7.620697 -1.537323
v -8.596333 7.186050 -2.023712
v 8.875604 13.367428 8.991776
v 8.888009 13.233604 9.968369
v 9.715950 12.904400 9.393738
v 9.635604 13.199520 8.645355
v 8.875604 13.489811 8.175644
v 8.116719 13.297897 8.706573
v 7.642604 13.225815 7.587646
v 7.080488 13.190899 8.629578
v 7.089171 13.239899 7.624252
v 7.620604 13.352276 6.919647
v 6.321604 13.155807 7.299530
v 6.321604 13.382812 8.098648
v 5.562719 13.190899 7.567703
v 5.758774 12.705929 6.802032
v 5.031789 12.331833 7.239578
v 5.545227 11.672955 6.580658
v 6.018461 12.374191 6.138657
v 5.603515 11.369556 5.880661
v 6.076749 12.070793 5.438660
v 6.361461 12.876457 5.475922
v 6.018461 12.374191 4.738663
v 6.776469 13.131702 5.164413
v 5.585837 11.674191 5.006042
v 5.318461 12.106815 4.306030
v 5.621861 12.806816 4.247757
v 6.509093 13.564323 4.464417
v 5.990275 13.656815 4.176971
v 6.329720 14.507584 3.923782
v 6.934383 14.348629 4.508560
v 5.665604 14.182148 3.326965
v 6.246142 14.984806 3.292206
v 6.557154 15.420116 4.037964
v 7.359674 15.132931 4.552719
v 7.091493 15.891815 4.517639
v 7.890604 15.891815 4.744644
v 8.421535 15.132931 4.552719
v 8.689715 15.891815 4.517639
v 9.180419 15.422798 4.083710
v 9.120310 16.361519 3.984634
v 9.820310 16.094143 3.552017
v 9.467498 16.908146 3.333969
v 10.119603 16.942806 2.780746
v 10.589310 16.409813 3.211349
v 10.879602 16.879520 2.451355
v 11.349310 16.119518 2.741638
v 11.412594 16.448925 1.981644
v 10.879602 16.879520 1.511932
v 10.119603 17.169811 1.981644
v 9.352036 17.026897 2.456024
v 8.649488 17.219898 2.693710
v 8.650604 17.121525 3.694351
v 7.890604 17.411812 3.224640
v 7.890604 17.184807 2.425537
v 7.130604 17.121525 2.754944
v 7.224920 16.657955 2.014740
v 6.660898 16.361519 2.464645
v 6.559235 15.806149 2.384521
v 7.086539 16.261635 1.394653
v 6.549019 15.419247 1.590057
v 6.508928 15.752087 0.878815
v 7.144253 16.335995 0.472137
v 7.925950 16.511353 0.894196
v 6.441675 16.413250 -0.251663
v 7.178036 16.557991 -0.284760
v 6.874299 16.904160 -0.648254
v 7.512980 17.080677 -1.004913
v 6.987918 17.388813 -1.082123
v 7.725114 17.388813 -1.407074
v 7.421714 18.088814 -1.465363
v 7.973880 17.656189 -1.923218
v 8.342077 17.184181 -2.131805
v 8.738677 17.616806 -2.622726
v 8.346310 18.350189 -2.646027
v 9.046309 18.082813 -3.078659
v 9.375714 17.322815 -3.015366
v 9.806311 17.792519 -3.548355
v 9.806311 16.853111 -3.548355
v 10.096603 17.322815 -4.308350
v 9.869594 16.523705 -4.308350
v 9.806311 16.853111 -5.068359
v 9.336604 16.093105 -4.778061
v 9.046309 16.562817 -5.538055
v 8.635489 15.936443 -5.142685
v 8.127748 16.615009 -5.972992
v 7.984255 15.645817 -5.807236
v 7.543933 16.242146 -6.542358
v 7.543933 15.191486 -6.542358
v 7.062346 15.716816 -7.138458
v 6.693933 14.866817 -7.067688
v 6.249631 15.745537 -7.501877
v 6.693933 16.566814 -7.067688
v 5.791252 16.536293 -7.536758
v 5.670346 15.656815 -7.734467
v 5.249700 16.108261 -8.114700
v 5.249700 16.973511 -8.114700
v 4.856309 16.516113 -8.666351
v 5.054806 17.437359 -8.765350
v 4.725844 16.745255 -9.517349
v 3.945111 16.179241 -9.298752
v 3.794603 16.440819 -10.137360
v 3.027036 16.374641 -9.875717
v 3.157587 16.126751 -9.196167
v 2.457587 16.068462 -9.499573
v 2.327036 16.316357 -10.179123
v 1.916604 15.791485 -9.472687
v 2.024603 15.608994 -8.592209
v 1.066604 15.466820 -8.947357
v 1.066604 15.584808 -8.100235
v 1.066604 15.720711 -9.841095
v 0.216604 15.791485 -9.472687
v -0.177396 15.494820 -8.097351
v -0.483396 15.849773 -9.169281
v -1.027396 15.819485 -8.622681
v -1.049721 15.668484 -7.629227
v -0.466533 15.543816 -7.382080
v -1.304061 15.720165 -7.061783
v -1.816905 16.261044 -7.538864
v -2.044171 15.803440 -6.798630
v -1.211303 15.334724 -6.317749
v -2.357773 15.019684 -5.794632
v -1.643927 14.843815 -5.921158
v -2.832156 15.787251 -6.087814
v -3.260102 15.094818 -5.673065
v -2.826789 14.504841 -5.336578
v -3.918789 14.647793 -5.127579
v -3.437401 13.876316 -5.069244
v -4.351413 13.947792 -4.860199
v -3.805413 13.176315 -5.232071
v -3.412691 12.657814 -5.464066
v -4.352102 12.657814 -5.464066
v -4.862706 13.139767 -5.052963
v -5.166106 12.439766 -5.111252
v -4.681508 11.897816 -5.527344
v -5.417531 11.897816 -5.318253
v -6.222443 12.478813 -4.888062
v -5.978272 11.740139 -5.275696
v -5.510147 10.982700 -5.565002
v -6.375395 10.982700 -5.565002
v -5.942771 10.491791 -5.961609
v -6.739280 10.400181 -6.263702
v -7.171904 10.891090 -5.867111
v -7.290886 11.716324 -5.323120
v -7.767966 11.203480 -5.863998
v -8.155067 11.947815 -5.697678
v -8.680397 11.212700 -6.138016
v -9.205725 11.947815 -5.697678
v -9.574140 11.097816 -5.768463
v -9.162131 10.620762 -6.316727
v -9.723764 10.101147 -5.849243
v -9.567102 9.736519 -6.550354
v -9.884583 9.169632 -5.565781
v -9.869389 8.946770 -6.837479
v -9.353729 9.376141 -7.367249
v -10.043386 8.478924 -7.596359
v -9.510397 8.909519 -8.066055
v -9.980103 8.149517 -8.356354
v -10.270396 7.679813 -7.596359
v -9.980103 7.210110 -8.356354
v -9.549507 7.679813 -8.889343
v -10.043386 6.880703 -7.596359
v -9.980103 7.210110 -6.836349
v -10.046055 8.123501 -6.663910
v -9.921815 7.513508 -6.136353
v -9.712727 6.777485 -6.136353
v -9.911866 7.567661 -5.446182
v -9.724518 8.386280 -5.618271
v -9.600414 7.979050 -4.421356
v -9.884019 8.820194 -4.234528
v -9.306723 8.197361 -3.767349
v -9.772766 8.939598 -3.403442
v -8.981905 8.608044 -3.031845
v -9.748743 8.959896 -2.406174
v -8.981905 8.608044 -2.166595
v -10.060371 8.459393 -1.459763
v -9.336872 7.645164 -1.161133
v -10.361531 7.851032 -0.674271
v -10.939396 8.442825 -1.079468
v -11.006964 8.091358 -0.280350
v -10.153566 7.201729 0.100708
v -11.006964 8.091358 0.626648
v -10.607383 7.404587 0.745392
v -11.254227 7.479137 1.185349
v 8.116719 13.088806 9.442596
v 7.309048 13.255219 10.416794
v 8.146923 13.225235 10.116287
v 7.080488 12.981808 9.365601
v 6.321604 12.946716 9.633774
v 6.321604 13.155807 8.897751
v 5.621604 13.214092 9.201157
v 5.554036 13.448990 8.360275
v 4.983535 13.695404 8.835419
v 4.683150 13.428276 8.187561
v 5.053994 13.055813 7.684250
v 4.023130 12.863464 7.830460
v 4.347283 11.207535 7.978485
v 3.384930 10.681572 8.038818
v 3.235338 11.427399 7.994659
v 3.829762 9.611099 6.903503
v 3.065242 9.659149 7.333466
v 3.217488 10.149044 7.772339
v 4.311259 10.074909 7.220200
v 4.341497 9.950558 6.289642
v 4.802171 10.471512 6.787567
v 4.743883 10.774910 7.487564
v 4.970327 11.430191 7.263504
v 5.112603 10.972958 6.313278
v 4.283210 10.253956 5.589645
v 5.112603 10.972958 5.448044
v 4.306388 10.881763 5.181274
v 4.845227 11.405579 4.748032
v 3.887275 11.325813 4.618973
v 4.364884 12.113834 4.241959
v 3.454651 12.025814 4.351593
v 3.932261 12.604744 3.845367
v 4.797508 12.604744 3.845367
v 4.373549 13.371395 3.481064
v 5.102530 13.382786 3.766022
v 5.039260 13.824909 2.866943
v 4.339260 13.766624 2.563553
v 4.885838 14.252922 2.065613
v 5.585837 14.311207 2.369019
v 5.058113 14.506298 1.623749
v 5.758113 14.564587 1.927155
v 6.249024 14.961185 2.359772
v 6.076749 14.707809 2.801651
v 3.906636 14.257534 2.166946
v 3.639260 13.824909 2.866943
v 2.879315 14.185539 2.912628
v 3.241675 14.549252 1.952347
v 3.739604 15.009922 1.431381
v 4.589604 14.939144 1.062973
v 5.289604 14.880859 0.759567
v 5.989604 14.939144 1.062973
v 5.722228 15.371769 0.362976
v 4.856980 15.371769 0.362976
v 4.894275 16.120815 -0.231033
v 5.884880 16.228416 -0.146805
v 5.419603 16.716923 -0.712616
v 4.573829 16.729191 -0.957092
v 5.046562 17.245087 -1.393921
v 5.686160 17.298321 -1.258148
v 6.257289 17.388813 -1.082123
v 5.823493 18.088814 -1.465363
v 6.622603 18.088814 -1.238358
v 6.152898 18.848812 -1.528656
v 7.092309 18.848812 -1.528656
v 6.622603 19.381805 -1.959244
v 7.382604 19.318523 -2.288651
v 7.852309 18.558517 -1.998352
v 7.981678 18.967308 -2.734543
v 7.382604 19.318523 -3.228058
v 7.809036 18.908989 -4.046722
v 8.606047 18.720432 -3.492218
v 8.576604 18.842812 -4.308350
v 9.336604 18.552525 -3.838654
v 9.336604 18.552525 -4.778061
v 9.869594 18.121925 -4.308350
v 9.806311 17.792519 -5.068359
v 9.046309 18.082813 -5.538055
v 9.375714 17.322815 -5.601349
v 8.576604 17.322815 -5.828354
v 7.971038 18.114574 -5.469070
v 7.536076 17.522900 -5.874741
v 7.127071 18.153160 -5.317978
v 6.630309 17.596813 -6.046066
v 6.362933 17.164188 -6.746063
v 5.851781 17.907719 -6.611359
v 5.606933 17.564144 -7.488358
v 5.467777 18.311409 -7.302795
v 5.322182 17.869984 -8.065353
v 5.290463 18.723877 -8.070358
v 5.176603 18.311813 -8.765350
v 5.245785 19.068310 -8.871704
v 5.173141 18.610497 -9.487640
v 5.122684 17.429882 -9.378479
v 5.314604 17.960815 -10.137360
v 5.087592 17.161705 -10.137360
v 5.024309 17.491112 -10.897354
v 4.554604 16.731106 -10.607056
v 4.264309 17.200817 -11.367065
v 3.794603 16.667824 -10.936462
v 3.324898 17.200817 -11.367065
v 3.035719 16.632732 -10.668289
v 2.504788 17.491798 -10.996414
v 1.885809 17.271866 -10.775177
v 1.499228 18.096581 -10.451752
v 1.066604 17.166817 -10.647354
v 1.591932 16.316818 -10.322693
v 0.541275 16.316818 -10.322693
v 0.186825 17.113987 -10.509186
v -0.772756 17.051838 -10.321579
v -0.702725 16.344818 -9.472687
v -1.135349 16.835728 -9.869293
v -1.567053 16.465717 -9.365662
v -1.674397 17.108822 -10.227463
v -2.310004 16.852589 -9.882843
v -2.310396 16.484051 -8.828781
v -2.967052 16.465717 -9.365662
v -3.593397 16.108486 -8.775024
v -2.516905 16.528423 -7.971497
v -3.593397 16.108486 -9.825684
v -4.443397 15.783817 -9.300354
v -4.980513 15.684540 -9.179977
v -4.945396 15.857487 -8.151031
v -4.105088 16.172367 -7.685730
v -3.264779 16.487251 -7.220444
v -2.540842 16.269604 -7.011642
v -3.264779 16.278160 -6.484421
v -4.071021 16.073849 -6.639069
v -3.697403 15.787251 -6.087814
v -4.880485 15.569454 -5.875946
v -4.383516 15.013363 -5.339355
v -5.295396 15.013363 -5.339355
v -5.126771 13.893780 -5.090271
v -5.774373 14.313816 -4.920334
v -5.534851 13.376789 -4.852966
v -6.293339 13.834103 -4.505615
v -6.655756 13.068790 -4.551575
v -7.088380 13.768791 -4.284195
v -7.568643 13.086987 -4.522125
v -7.087690 12.478813 -4.888062
v -7.681699 12.510742 -5.280426
v -8.498339 12.967907 -4.311371
v -8.680397 12.543922 -5.216095
v -9.526171 12.556194 -4.971634
v -9.140513 12.949089 -4.061981
v -9.955397 12.846920 -4.452103
v -10.480725 12.250813 -4.933685
v -10.069907 11.716324 -5.323120
v -10.849140 11.400814 -5.004471
v -10.120365 10.533772 -5.358322
v -10.616478 10.465706 -4.957214
v -10.179048 9.537815 -4.536240
v -11.414942 10.935535 -4.515961
v -11.484390 10.131248 -3.975815
v -10.449447 9.321918 -3.615067
v -11.149446 9.380207 -3.311661
v -10.448742 9.227276 -2.838806
v -11.148743 8.959896 -2.406174
v -10.448742 9.018185 -2.102768
v -10.939396 8.651917 -1.815491
v -11.623829 8.612640 -2.069717
v -11.698280 8.616825 -1.547318
v -12.355105 8.821899 -1.348618
v -11.699396 8.506107 -0.750061
v -12.232386 8.936707 -0.280350
v -11.752712 8.402367 0.191345
v -12.289372 8.842602 0.621277
v -11.706964 8.149643 0.930054
v -12.607187 8.497093 1.158722
v -12.005461 7.907188 1.357529
v 5.621604 13.214092 10.066406
v 5.444070 13.782326 10.370941
v 5.868500 13.669689 10.700485
v 6.595520 13.366730 10.509247
v 5.108912 13.850506 9.636490
v 2.605706 8.975086 5.795166
v 1.471152 8.883224 6.278519
v 2.067441 9.124619 6.476242
v 2.527562 9.458946 6.891525
v 1.995951 8.174358 5.442307
v 2.486862 8.570957 5.009674
v 2.739394 9.295940 5.077164
v 3.482837 9.343189 5.448044
v 3.215461 9.775814 4.748032
v 3.915461 10.043190 5.180664
v 3.850586 9.553959 5.857025
v 3.518861 10.475815 4.689743
v 2.782837 10.475815 4.480667
v 2.963621 11.500050 4.490646
v 2.214822 11.440838 4.640427
v 2.673801 12.159092 4.534210
v 2.280680 14.694828 1.738998
v 1.736607 14.347618 2.384094
v 2.351564 14.358917 2.518829
v 1.784570 14.330906 1.102188
v 2.369603 14.723194 0.797012
v 2.889605 14.939144 1.062973
v 2.937147 15.376385 0.196869
v 3.659655 15.400928 0.564484
v 3.403570 15.919617 -0.426224
v 4.461651 15.629906 0.165573
v 3.968645 16.311913 -0.671524
v 2.970946 16.410526 -0.822815
v 3.740112 17.207298 -1.632248
v 2.946933 17.114815 -1.343033
v 3.269683 17.739422 -2.095444
v 4.172736 17.698208 -2.028854
v 4.020048 18.122665 -2.691422
v 4.803611 18.223148 -2.432098
v 5.029388 17.857830 -1.841003
v 5.392898 18.558517 -1.998352
v 5.329615 18.887924 -2.758362
v 5.862603 19.318523 -2.288651
v 5.862603 19.318523 -3.228058
v 6.622603 19.608810 -2.758362
v 6.622603 19.381805 -3.557465
v 6.153587 18.947880 -4.048172
v 7.091619 18.947880 -4.048172
v 7.254603 18.633987 -4.624680
v 6.160604 18.454765 -4.878265
v 5.490603 18.705143 -4.123779
v 5.393036 18.422989 -4.554718
v 5.393036 18.213898 -5.290741
v 6.190046 18.234432 -5.632492
v 5.529270 18.406094 -6.064682
v 4.693036 18.481274 -5.723358
v 5.067502 18.849846 -6.479294
v 4.790604 18.437767 -4.556412
v 4.090604 18.705143 -4.989029
v 3.738532 18.315250 -4.099655
v 3.240603 18.775921 -4.620621
v 3.240603 19.133190 -5.423309
v 3.923362 19.589382 -6.425888
v 4.745377 19.569454 -6.702179
v 5.245785 19.068310 -7.269012
v 5.111309 19.991520 -7.310364
v 5.401604 19.521816 -8.070358
v 5.174592 20.320927 -8.070358
v 5.111309 19.991520 -8.830353
v 4.641603 20.751522 -8.540070
v 4.351309 20.281815 -9.300064
v 4.774818 19.558208 -9.420334
v 3.838103 19.722401 -10.008759
v 4.716531 19.254810 -10.120331
v 4.554604 19.190525 -10.607056
v 5.087592 18.759926 -10.137360
v 5.024309 18.430519 -10.897354
v 4.264309 18.720814 -11.367065
v 4.593715 17.960815 -11.430344
v 3.794603 17.960815 -11.657364
v 3.324898 18.720814 -11.367065
v 2.995492 17.960815 -11.430344
v 2.469520 18.669418 -10.876740
v 3.034603 19.190525 -10.607056
v 2.218227 19.226948 -10.119629
v 2.767227 19.623146 -9.907059
v 1.785604 19.684807 -9.567474
v 1.315898 19.151814 -9.998062
v 0.329112 19.417297 -9.290466
v 0.951273 18.450699 -10.154724
v 0.002422 18.310764 -10.250214
v -0.370888 19.475582 -9.593872
v -1.090687 19.211140 -10.737869
v -0.875285 18.401814 -10.721344
v -0.407442 17.642929 -10.547348
v -1.204691 17.641815 -10.658066
v -1.584028 18.399483 -11.368240
v -2.143413 17.542747 -10.718170
v -2.210396 18.004108 -11.779068
v -2.970397 17.615864 -11.371277
v -3.321262 17.297932 -11.001129
v -2.576036 17.051838 -10.321579
v -3.031945 16.829803 -10.243683
v -3.918067 16.633816 -10.675690
v -4.534449 17.426373 -11.103729
v -4.968725 16.633816 -10.675690
v -4.443397 16.037708 -10.194107
v -5.249061 16.000454 -9.909393
v -5.578162 16.303509 -10.414093
v -5.795396 15.786709 -9.570099
v -6.320725 16.382816 -10.051682
v -6.645396 15.857487 -9.201691
v -5.795396 15.532818 -8.676361
v -6.645396 15.857487 -8.151031
v -5.795396 15.650806 -7.829224
v -5.712397 15.700817 -7.226364
v -6.472396 15.991108 -6.756653
v -5.774653 15.713364 -6.471970
v -4.911045 15.856632 -6.772858
v -6.531003 16.240505 -5.984406
v -5.774653 15.504272 -5.735947
v -6.727531 16.083294 -5.155899
v -6.176085 15.034870 -5.057999
v -6.672193 15.521439 -4.517258
v -6.606025 14.614979 -4.546478
v -7.095679 15.112438 -3.670776
v -7.095679 14.247189 -3.670776
v -7.492280 14.679813 -3.179871
v -7.795679 13.979813 -3.238159
v -7.528303 13.547192 -3.938156
v -8.440514 13.216465 -3.629364
v -8.486816 13.547192 -2.979645
v -9.140513 13.158180 -3.325958
v -9.583022 13.499790 -2.372604
v -10.070280 13.216465 -2.622101
v -9.955397 13.100811 -3.558365
v -10.827722 12.927151 -3.090225
v -10.805397 12.776142 -4.083679
v -11.515785 12.277622 -3.624908
v -11.330726 11.926144 -4.408356
v -12.129756 10.966381 -3.917526
v -12.168351 11.706074 -3.086731
v -12.861102 10.958813 -3.561066
v -12.391397 10.198814 -3.851364
v -13.190508 10.198814 -3.624344
v -12.861102 9.438816 -3.561066
v -11.921691 9.438816 -3.561066
v -12.391397 8.905823 -3.130463
v -11.631396 8.969105 -2.801056
v -12.391397 8.678818 -2.331360
v -13.151397 8.969105 -2.801056
v -13.151397 8.969105 -1.861649
v -13.684385 9.399704 -2.331360
v -13.719478 9.667881 -1.572479
v -12.828321 9.327614 -0.880310
v -13.346263 9.771931 -0.647369
v -12.723297 9.333309 0.152267
v -13.346263 9.771931 0.217880
v -13.138597 9.108379 1.028397
v -13.635102 9.581795 0.761734
v -13.957349 9.785416 0.446732
v 1.089768 14.030849 1.738998
v 0.118488 13.807304 2.198746
v 0.991010 14.146984 2.244797
v 0.346732 14.264988 1.208923
v 1.084570 14.272617 0.798782
v 0.651946 14.763527 0.402176
v 1.669603 14.664906 0.493622
v 1.236979 15.155815 0.097015
v 2.102227 15.155815 0.097015
v 1.669603 15.855816 -0.170364
v 2.516951 15.922497 -0.308105
v 2.148580 16.630814 -0.466385
v 1.213663 16.668995 -0.329147
v 1.669603 17.174324 -0.905472
v 2.436285 17.209778 -1.176407
v 1.721604 17.769207 -1.521210
v 2.421604 17.710922 -1.824615
v 1.959796 18.226074 -2.273972
v 2.630612 17.982941 -2.759354
v 1.930613 18.250317 -3.191986
v 2.742675 18.106159 -3.363632
v 3.236486 18.022182 -2.950760
v 3.738532 18.106159 -3.363632
v 2.742675 18.315250 -4.099655
v 2.042675 18.373539 -3.796265
v 1.622876 18.748249 -3.997650
v 1.439701 18.646919 -2.759354
v 1.288980 18.469208 -1.788589
v 1.023932 19.061146 -1.909363
v 1.094709 19.429558 -2.759354
v 1.131965 19.144848 -3.565018
v 0.498603 19.911144 -3.284683
v 1.092710 19.263557 -4.090363
v 0.498603 19.911144 -2.234024
v -0.351397 20.235813 -2.759354
v -0.352396 20.093819 -3.848419
v 0.496603 19.745144 -4.615692
v 1.079996 19.059330 -4.976242
v 1.583621 18.866955 -4.522980
v 1.779996 18.791950 -5.408859
v 2.430329 18.845631 -4.958023
v 2.479996 19.059330 -5.841492
v 1.779996 19.001041 -6.144882
v 2.219274 19.291523 -7.042984
v 2.865271 19.631145 -6.493469
v 2.651897 19.991520 -7.310364
v 3.411898 20.281815 -6.840652
v 3.121603 20.751522 -7.600647
v 3.881603 20.814808 -7.271240
v 4.351309 20.281815 -6.840652
v 4.641603 20.751522 -7.600647
v 3.881603 21.041813 -8.070358
v 3.121603 20.751522 -8.540070
v 3.881603 20.814808 -8.869461
v 2.977573 20.372353 -9.021179
v 3.244949 19.939732 -9.721176
v 2.515276 19.974747 -9.275726
v 2.531628 20.415035 -8.070358
v 1.751820 20.023022 -8.778427
v 1.737965 19.759991 -7.904587
v 0.833545 19.715862 -8.220886
v 1.316587 19.250881 -7.478546
v 0.472850 19.363232 -7.146698
v -0.139397 19.850147 -7.679031
v -0.081571 19.943707 -8.765427
v -0.880067 20.520519 -8.232986
v -0.433537 20.416134 -8.827728
v -0.803512 20.175583 -9.326492
v -0.924448 20.812733 -9.260361
v -1.191120 20.318192 -10.095490
v -0.797503 19.685520 -9.970306
v -1.362166 19.979042 -10.755356
v -1.649181 20.787209 -10.610336
v -1.602224 20.097591 -11.356995
v -1.325935 19.233814 -11.376923
v -1.740691 19.703518 -12.069351
v -1.740691 18.764111 -12.069351
v -2.171285 19.233814 -12.602341
v -2.500691 18.473816 -12.539062
v -2.970397 19.233814 -12.829361
v -3.440102 18.473816 -12.539062
v -2.970397 17.940823 -12.108475
v -3.788286 17.927921 -11.845795
v -4.200102 18.764111 -12.069351
v -3.769508 19.233814 -12.602341
v -4.200102 19.703518 -12.069351
v -4.614858 19.192055 -11.376923
v -4.263386 20.032925 -11.309357
v -4.733820 19.416191 -10.812317
v -5.031943 18.524456 -10.834869
v -5.433820 19.148815 -10.379684
v -5.882861 18.294147 -10.580490
v -5.337139 17.483814 -10.746460
v -6.276619 17.455181 -10.537842
v -5.866398 17.117931 -10.492004
v -6.824397 18.298817 -10.704361
v -7.365640 17.447433 -10.542633
v -7.581691 16.885818 -10.303070
v -8.285520 17.452816 -10.765579
v -8.051396 16.352825 -9.872467
v -7.113905 16.290333 -9.762466
v -8.051396 16.125820 -9.073364
v -8.818964 16.268734 -9.547745
v -8.749680 16.252796 -8.399643
v -8.051396 16.236958 -8.275421
v -7.908212 16.385445 -7.486908
v -7.345396 16.124863 -7.718399
v -7.062372 16.327595 -7.189957
v -7.998396 16.987770 -6.463425
v -7.160155 16.783295 -6.288528
v -7.998396 17.196861 -5.727402
v -7.298397 16.929485 -5.294785
v -7.998396 16.987770 -4.991379
v -7.204485 16.313236 -4.604950
v -7.695396 16.709835 -4.172333
v -7.262773 16.009838 -3.904953
v -7.800522 16.653183 -3.219528
v -7.591429 15.751717 -3.225952
v -7.858809 16.349785 -2.519516
v -7.895091 15.321659 -2.577942
v -8.089645 15.527161 -1.928040
v -8.648895 14.685257 -2.069534
v -8.054193 14.247189 -2.712265
v -9.150398 13.990700 -1.976013
v -9.604725 14.725815 -1.535690
v -9.991827 13.981480 -1.702011
v -10.424451 14.681480 -1.434631
v -10.857075 13.981480 -1.702011
v -10.770280 13.158180 -2.318710
v -11.420346 13.539440 -1.907837
v -11.370413 12.997166 -2.593567
v -12.071102 12.839813 -2.230057
v -11.735727 12.406075 -2.819351
v -12.435727 12.138699 -2.386719
v -12.831102 12.549519 -1.760361
v -13.286238 11.820774 -2.064056
v -13.151397 11.428524 -2.801056
v -13.759569 11.062588 -2.378998
v -13.621102 10.668518 -3.091354
v -13.911397 10.198814 -2.331360
v -13.621102 9.729111 -3.091354
v -13.977571 10.460453 -1.563797
v -14.008748 11.524654 -1.667755
v -14.468980 10.797192 -1.008301
v -14.035858 10.157055 -0.863785
v -14.187002 10.242188 -0.274887
v -14.578702 11.493958 -1.367218
v -1.499443 13.404812 1.317352
v -1.389084 12.820843 2.209305
v -0.655457 13.384720 2.046188
v -1.095172 13.711815 1.333420
v -1.932067 14.104813 1.049973
v -1.527796 14.411816 1.066040
v -0.696029 14.284267 1.177643
v -1.105337 15.021996 0.895844
v -0.147075 14.836895 0.838837
v -0.832420 15.659817 0.604614
v 0.172689 15.538979 0.105988
v -0.222082 16.409542 0.118790
v 0.529819 16.435123 -0.133514
v -0.000768 17.360981 0.230774
v 0.881912 17.207027 -0.454300
v 0.449288 17.907028 -0.721680
v 1.236979 17.665234 -1.302078
v 0.666699 18.601120 -1.283005
v 0.080246 18.715504 -0.595413
v 0.250474 19.283642 -1.346085
v -0.535943 19.449524 -0.906128
v -0.351397 19.981922 -1.865616
v -1.157062 19.810085 -1.414307
v -1.161671 20.051632 -2.203033
v -2.022519 20.204781 -1.860458
v -1.967233 20.247780 -2.696060
v -1.166280 20.084091 -3.262985
v -1.997233 20.262779 -3.240646
v -1.168280 20.127182 -3.857956
v -2.217977 20.347095 -4.062729
v -1.163671 19.885632 -4.646683
v -2.182524 20.076160 -4.829422
v -1.102396 19.650085 -5.518860
v -0.353396 19.815922 -4.984100
v -0.370888 19.475582 -5.949600
v 0.265112 19.370586 -5.479874
v 0.329112 19.208206 -6.382217
v 1.022554 19.081268 -5.876984
v 1.417931 19.032967 -6.676437
v -0.370888 19.475582 -6.814850
v -1.001397 19.757145 -6.422028
v -0.883731 20.016460 -7.291931
v -1.275442 20.318790 -7.477386
v -1.959705 20.250195 -7.027771
v -1.708066 20.809700 -7.873993
v -2.500638 20.818382 -7.615891
v -2.072691 21.510815 -8.030655
v -1.312691 21.220520 -8.500351
v -1.782396 21.980526 -8.790649
v -1.249408 21.549927 -9.260361
v -1.782396 21.980526 -9.730057
v -1.312691 21.220520 -10.020355
v -2.072691 21.510815 -10.490067
v -2.542397 22.043808 -10.059464
v -3.012102 21.510815 -10.490067
v -2.542397 21.095039 -11.008240
v -2.053044 20.827030 -11.078369
v -2.970397 20.851765 -11.371277
v -2.210396 20.463520 -11.779068
v -2.970397 20.526806 -12.108475
v -2.500691 19.993813 -12.539062
v -3.440102 19.993813 -12.539062
v -3.730397 20.463520 -11.779068
v -3.558730 20.860142 -10.837250
v -3.848292 21.287258 -10.078247
v -4.290201 20.569088 -10.571609
v -4.379485 20.473125 -10.028687
v -4.399581 20.830837 -9.131393
v -4.870397 20.076527 -9.596069
v -5.099581 20.563457 -8.698761
v -5.570396 20.018238 -9.292664
v -6.018732 19.782177 -9.613388
v -6.451355 20.273087 -9.216782
v -6.738912 19.807812 -9.969620
v -6.299067 19.148815 -10.379684
v -7.085557 19.355797 -10.532333
v -7.292404 19.959148 -10.208618
v -7.821581 19.355797 -10.741425
v -7.678635 18.468056 -10.810684
v -8.580465 19.065929 -11.210434
v -8.432080 18.407814 -11.028534
v -8.743581 17.921833 -11.280426
v -8.312285 19.824814 -11.175339
v -9.111397 19.824814 -11.402359
v -9.838449 19.663803 -11.215820
v -10.069789 18.802792 -11.314575
v -9.563690 18.212814 -11.651062
v -9.234285 17.452816 -11.714340
v -8.803690 16.983112 -11.181351
v -9.563690 16.692818 -11.651062
v -9.273396 16.223110 -10.891068
v -10.033396 16.159824 -11.220474
v -10.033396 15.932819 -10.421356
v -10.018675 16.060825 -9.596130
v -10.793396 16.223110 -9.951645
v -10.852003 16.472507 -9.179413
v -10.848906 16.344044 -8.631866
v -11.342915 16.869106 -8.746780
v -11.605725 16.819485 -8.092361
v -11.080397 15.969486 -7.767685
v -10.230396 15.898708 -8.136093
v -10.230396 15.644817 -7.242355
v -9.380396 15.969486 -7.767685
v -9.274511 16.333824 -9.154404
v -9.380396 15.969486 -6.717026
v -8.754052 16.326717 -7.177048
v -8.698397 16.929485 -6.160034
v -9.611887 16.344044 -5.852844
v -9.095396 16.709835 -5.037582
v -8.698397 16.929485 -5.294785
v -8.499954 16.972832 -4.386993
v -9.304512 17.026733 -4.472427
v -9.633888 16.781334 -4.877243
v -10.063396 17.061825 -4.204239
v -9.594379 17.495750 -3.713547
v -8.894381 17.437466 -3.410141
v -8.291433 17.049786 -3.652145
v -8.292968 17.084930 -2.574127
v -8.785414 17.516674 -2.793976
v -8.664440 17.659954 -1.948349
v -8.352790 16.816677 -1.661362
v -8.089645 16.392410 -1.928040
v -8.486245 15.959785 -1.437119
v -8.749390 16.384052 -1.170441
v -9.052790 15.684052 -1.228729
v -8.789644 15.259785 -1.495407
v -9.622772 15.655949 -1.102631
v -9.422728 16.223930 -0.815720
v -10.091789 16.170792 -0.644577
v -10.527096 15.634132 -1.084808
v -10.815397 16.050526 -0.221069
v -11.344397 15.623920 -0.784103
v -10.962403 14.888382 -1.395813
v -11.869725 15.027813 -1.265686
v -11.344397 14.292698 -1.706009
v -12.238140 14.177814 -1.336456
v -12.768925 14.719707 -0.869537
v -12.848790 13.745190 -0.820129
v -12.541539 13.477814 -1.394745
v -13.229853 13.070667 -1.098587
v -13.548790 13.477814 -0.387497
v -14.317543 12.670547 -0.786438
v -13.531102 12.282143 -1.327728
v -14.403476 12.081783 -1.288467
v -2.718707 16.625790 2.466049
v -2.685265 16.857109 3.250793
v -2.473223 16.147064 3.063858
v -2.479496 16.119816 1.986771
v -2.372932 15.473595 3.178513
v -2.632067 15.237438 2.017349
v -3.122978 14.840836 2.449966
v -2.778046 14.892101 3.323395
v -3.126489 14.585869 3.200699
v -2.807389 12.152863 2.273727
v -2.807389 12.122021 3.009750
v -2.048948 12.375702 2.534744
v -2.374765 12.643772 1.877136
v -1.932067 12.913902 1.713943
v -2.364691 13.404812 1.317352
v -2.807389 13.343773 1.609756
v -2.668090 14.104813 1.259064
v -3.240012 14.043774 1.877136
v -3.064691 14.537437 1.749969
v -2.364691 14.804813 1.317352
v -3.671026 14.344200 3.009750
v -3.940012 13.776398 2.309753
v -3.904359 13.966656 2.865555
v -4.067996 13.343773 3.009750
v -3.507389 12.211147 2.577133
v -3.904359 12.720890 3.153961
v -3.437692 12.254223 3.153961
v -3.940012 12.911148 2.309753
v -3.240012 12.643772 1.877136
v -3.543412 13.343773 1.818848
v -2.212120 15.687191 1.286774
v -1.895449 15.120132 1.116867
v -1.512120 15.419815 0.854156
v -1.815520 16.119816 0.795868
v -2.212120 16.552441 1.286774
v -1.540142 16.939590 0.909744
v -1.135820 16.359818 0.546326
v -0.832420 17.059818 0.604614
v -1.311397 17.834816 0.900650
v -0.496513 17.834816 0.669144
v -0.832420 18.609814 0.604614
v -0.057421 18.313789 0.125641
v -0.536397 19.088795 -0.170380
v -1.311397 19.153324 0.165527
v -1.311397 19.481625 -0.579239
v -1.883404 19.135860 0.125732
v -2.313412 19.659779 -0.334915
v -2.152524 20.061161 -1.107300
v -2.743420 20.392788 -0.666351
v -2.678888 20.728699 -1.441360
v -3.117271 21.224445 -0.967514
v -3.222396 21.167789 -1.920334
v -2.667233 20.515156 -2.263443
v -3.158144 20.911758 -2.696060
v -3.188144 20.926758 -3.240646
v -3.930715 21.326061 -2.288712
v -3.637401 21.687210 -1.441360
v -4.363339 22.026062 -2.021332
v -4.436626 21.730164 -2.968353
v -3.960715 21.341061 -3.648010
v -3.252397 21.182789 -4.016388
v -2.697233 20.530155 -3.673264
v -2.708888 20.743698 -4.495361
v -3.252397 21.182789 -4.974335
v -2.612416 20.351986 -5.464828
v -3.054052 20.629910 -5.731659
v -3.994056 21.353794 -5.322098
v -3.680397 20.987148 -6.191681
v -4.530396 21.311813 -5.666351
v -4.530396 21.057922 -6.560104
v -3.724732 20.886086 -7.011414
v -2.768013 20.385761 -6.915894
v -1.855229 19.937645 -5.984131
v -4.407630 20.771206 -7.396729
v -3.724732 21.095177 -7.747437
v -4.407630 20.771206 -8.261978
v -3.870478 21.281750 -8.501480
v -3.292108 21.586086 -8.144028
v -3.302397 21.980526 -8.790649
v -2.542397 22.043808 -8.461243
v -2.542397 22.270813 -9.260361
v -3.302397 21.980526 -9.730057
v -3.835386 21.549927 -9.260361
v -5.107630 20.503830 -7.829361
v -5.107630 20.712921 -7.093338
v -5.865072 20.793148 -7.361237
v -5.867376 20.776920 -8.323837
v -6.737396 20.966812 -7.829361
v -6.737396 20.712921 -8.723099
v -6.003020 20.509148 -8.896057
v -7.552279 20.815090 -8.332977
v -7.544396 20.779175 -9.003265
v -8.352512 20.943806 -8.615402
v -8.351397 21.054523 -9.412643
v -7.743224 20.688587 -9.929993
v -8.351397 21.054523 -10.352066
v -7.881691 20.294518 -10.642349
v -8.641691 20.584812 -11.112061
v -9.111397 21.117805 -10.681473
v -9.581102 20.584812 -11.112061
v -9.871397 21.054523 -10.352066
v -10.341103 20.294518 -10.642349
v -10.404386 20.623924 -9.882355
v -10.729345 19.886730 -9.882355
v -10.462673 19.392189 -10.717499
v -10.950748 19.046032 -10.190369
v -10.895297 18.692188 -10.984863
v -11.326385 18.251926 -10.421356
v -11.263102 17.922520 -11.181351
v -10.503101 18.212814 -11.651062
v -10.832508 17.452816 -11.714340
v -10.033396 17.452816 -11.941360
v -10.503101 16.692818 -11.651062
v -11.263102 16.983112 -11.181351
v -10.793396 16.223110 -10.891068
v -11.326385 16.653706 -10.421356
v -11.553396 17.452816 -10.421356
v -11.361477 16.921883 -9.662476
v -11.294297 18.454815 -9.664490
v -11.017657 19.399380 -9.500153
v -11.440102 18.924519 -8.889359
v -11.561673 18.022190 -8.964493
v -11.958273 18.454815 -8.473587
v -11.734790 17.777439 -8.172119
v -11.467414 17.344814 -8.872116
v -12.522257 17.959816 -7.641098
v -12.978140 18.724815 -7.613464
v -13.473907 18.106308 -7.168121
v -12.880413 17.388462 -6.908569
v -12.385789 17.034306 -6.849243
v -13.147789 16.955841 -6.208572
v -12.411396 16.629581 -5.680664
v -11.802397 16.348484 -6.488693
v -11.770101 16.430882 -7.311295
v -11.102721 15.818478 -6.774231
v -10.975617 15.903503 -5.910522
v -10.230396 15.898708 -6.348618
v -10.102396 16.348484 -5.438034
v -10.952396 16.277710 -5.069611
v -10.456975 16.762386 -4.510101
v -11.477725 16.873817 -4.588028
v -10.952396 17.284962 -4.062363
v -11.910349 17.364727 -4.191422
v -11.235755 17.807053 -3.913986
v -10.533102 17.594818 -3.773651
v -10.824530 18.332035 -3.113983
v -10.063396 18.010593 -3.255478
v -10.413303 18.857021 -2.313980
v -9.922392 18.460419 -1.881363
v -9.155352 18.056553 -2.380966
v -9.363397 17.952305 -2.952087
v -9.155352 18.056553 -1.515732
v -9.881386 18.418839 -0.964493
v -9.452169 17.635178 -0.797531
v -8.722728 17.356556 -1.248352
v -9.119328 16.923931 -0.757431
v -9.878212 17.213799 -0.288422
v -9.952578 18.136318 -0.230713
v -10.108397 17.682816 0.570648
v -10.317485 16.946793 0.570648
v -10.225216 16.586933 -0.258560
v -10.759731 16.263462 0.262207
v -10.808396 16.550190 1.003265
v -11.459732 16.205177 0.565613
v -11.515396 15.992237 0.082336
v -12.265396 16.167923 0.280899
v -12.190171 15.636189 -0.539627
v -12.883325 16.150768 -0.114212
v -13.250829 16.136513 0.676712
v -13.640725 15.247147 0.324646
v -13.283492 14.787121 -0.301697
v -13.898373 14.452415 0.281952
v -13.373582 14.098804 -0.269089
v -14.528855 13.738037 0.304626
v -14.820003 14.035606 0.757797
v -5.068373 17.750717 5.946594
v -5.411231 17.055248 5.993561
v -4.709522 17.362450 6.286514
v -4.518946 18.295372 6.229019
v -3.965396 17.433411 6.275192
v -3.824301 18.122261 5.901993
v -3.948653 19.052814 5.871750
v -3.301560 18.475559 5.311859
v -3.467068 19.578144 5.275650
v -3.142397 19.052814 4.425644
v -3.026745 18.116566 4.310760
v -3.294121 18.549191 3.610764
v -2.753300 17.229218 3.578537
v -3.365561 17.957851 2.805984
v -3.115394 17.139332 2.592758
v -3.016028 17.360233 1.679535
v -3.016028 18.225483 1.679535
v -2.619428 17.792858 1.188614
v -2.316028 17.092857 1.246902
v -1.883404 17.792858 0.979523
v -2.361335 18.585430 1.197296
v -1.744020 18.685722 0.727432
v -2.583404 19.194149 0.429138
v -2.771191 19.069893 1.654434
v -3.074315 19.590748 0.861755
v -3.016028 19.894146 0.161758
v -3.401407 20.296658 0.828644
v -3.343120 20.600056 0.128647
v -3.610496 21.032681 0.828644
v -3.355176 21.556545 -0.029007
v -3.401407 21.768703 0.828644
v -3.330215 22.114307 0.027298
v -3.579113 21.990608 -0.741364
v -3.801181 22.604206 -0.521332
v -3.910074 22.261066 -1.378036
v -4.393302 22.921326 -1.267349
v -4.451590 22.617928 -1.967361
v -4.779888 23.362698 -1.967361
v -4.844420 23.026787 -2.742355
v -4.630715 22.458687 -2.721329
v -5.217709 22.601757 -3.358994
v -4.751744 21.889027 -3.605774
v -5.235474 22.034431 -3.841995
v -4.802850 21.543522 -4.238586
v -5.502850 21.601810 -4.541992
v -4.802850 21.334431 -4.974609
v -4.027396 21.478813 -4.495361
v -5.502850 21.601810 -5.407242
v -6.280745 22.225147 -5.337463
v -5.821558 21.662853 -5.839142
v -5.336061 21.095177 -6.275391
v -5.922513 21.024181 -6.589706
v -6.538844 21.213001 -6.420959
v -6.749262 20.965321 -7.263748
v -7.449262 21.232700 -6.831131
v -7.552279 21.024181 -7.596954
v -6.971467 21.703907 -6.024368
v -8.046068 21.896812 -6.505692
v -8.677612 21.452763 -7.067993
v -8.302396 21.117683 -7.889862
v -9.216452 20.719852 -7.372009
v -9.216452 20.719852 -8.237259
v -9.916451 20.452477 -7.804626
v -9.653347 20.701710 -8.598648
v -9.111397 21.117805 -9.083252
v -9.871397 21.054523 -9.412643
v -9.111397 21.344810 -9.882355
v -10.439478 20.355747 -9.123474
v -10.387131 20.421425 -8.186905
v -11.179156 19.746300 -8.487656
v -11.538398 20.186699 -7.604004
v -11.879156 19.583469 -8.119644
v -12.379827 20.177479 -7.330002
v -12.740639 19.387814 -7.651627
v -13.245075 20.177479 -7.330002
v -13.909286 20.087814 -7.593353
v -13.714163 18.724815 -7.404373
v -14.146787 19.424816 -7.671753
v -14.744789 18.737839 -7.193573
v -14.129772 17.978477 -6.913818
v -14.995020 17.978477 -6.913818
v -15.041691 17.059818 -6.529068
v -14.141241 16.978527 -6.244125
v -13.580413 17.446751 -6.605179
v -14.751396 16.590107 -5.769058
v -13.976261 16.735916 -5.299362
v -14.751396 16.590107 -4.829651
v -13.931396 16.906013 -4.304932
v -13.111397 17.012825 -4.516251
v -13.111397 16.785820 -5.315353
v -12.270905 16.781334 -4.877243
v -12.610349 17.306438 -3.888031
v -13.111397 17.221916 -3.780228
v -12.801003 17.539677 -3.481354
v -12.101003 17.807053 -3.913986
v -12.368379 18.239674 -3.213974
v -11.668379 18.297962 -3.517380
v -11.916885 18.607914 -2.832977
v -12.616885 18.340538 -2.400360
v -12.184261 19.040539 -2.132980
v -11.298782 19.007065 -2.526886
v -11.484262 19.307915 -1.700363
v -12.259396 19.162106 -1.230652
v -11.571898 19.636532 -0.700699
v -10.859396 19.162106 -1.230652
v -10.392800 18.836231 -1.422928
v -10.647903 19.494839 -0.550903
v -10.204147 19.080227 -0.089142
v -10.233726 20.132484 0.018646
v -9.966350 19.699860 0.718643
v -9.884531 18.917324 1.050247
v -9.997257 18.480755 0.570648
v -10.093619 18.181301 1.050247
v -10.151907 18.484699 1.750244
v -10.480492 17.664120 1.707306
v -10.375772 17.250191 1.270645
v -11.001773 17.433323 2.157745
v -11.255085 16.858070 1.796814
v -11.701773 17.165947 2.590363
v -12.134397 16.675037 2.193771
v -11.508396 16.491905 1.306671
v -12.265396 16.421814 1.174637
v -12.604102 17.090813 2.711929
v -13.150729 16.440144 2.364746
v -13.222996 16.181362 1.639923
v -13.741740 15.739910 2.105194
v -13.711503 15.615559 1.174637
v -14.202415 15.218960 1.607269
v -14.317773 14.900200 1.130524
v -15.061068 14.542194 1.777939
v -14.547106 15.474140 2.214127
v -15.247106 15.206764 2.646744
v -15.830527 14.598602 1.946945
v -15.339767 14.279430 1.377029
v -15.228067 15.626770 4.648026
v -15.890270 15.912670 5.007828
v -15.810231 15.266048 5.475967
v -14.870402 14.732380 5.168106
v -14.362820 15.626770 4.648026
v -14.005155 14.732380 5.168106
v -14.437778 13.897247 4.900726
v -15.443713 13.936310 5.448532
v -14.870402 13.197247 5.168106
v -14.005155 13.197247 5.168106
v -14.437778 12.745193 5.766968
v -13.791894 12.908489 5.933517
v -13.305155 13.464622 5.600723
v -13.383192 13.223442 6.456879
v -12.910513 14.138477 6.455658
v -13.177889 14.571102 5.755661
v -12.444105 14.893143 6.209152
v -12.409807 14.774609 7.162033
v -12.824739 14.144695 7.128571
v -8.001014 18.365471 10.757706
v -8.046319 17.878948 11.599686
v -7.538411 17.973862 11.034470
v -7.082822 18.001663 10.294556
v -7.611623 18.836452 10.084808
v -6.889222 18.527176 9.484207
v -6.643319 17.718792 9.693207
v -6.747867 17.721996 8.727798
v -6.442030 17.405884 9.044968
v -6.637089 17.066311 8.489380
v -7.495087 17.546864 7.898041
v -7.209688 17.049194 7.878708
v -7.055395 16.796928 5.538300
v -6.757327 16.505730 5.915894
v -6.061563 16.717888 5.826019
v -6.622771 17.496929 5.270920
v -5.886747 17.496929 5.480011
v -6.190147 18.196930 5.538300
v -7.191687 18.246864 5.574509
v -6.759064 18.737774 5.971100
v -6.341021 19.021862 6.123978
v -5.475773 19.021862 6.123978
v -5.757628 19.707680 6.484528
v -5.074794 19.867699 6.183014
v -4.842396 19.052814 6.125641
v -4.317068 19.902813 5.800980
v -4.656511 20.753582 5.547775
v -3.899070 20.464268 5.079651
v -4.259912 21.186207 5.056870
v -3.418712 20.748405 4.473419
v -3.280568 19.932590 4.478470
v -3.312630 20.492798 3.435638
v -3.294121 19.556438 3.610764
v -3.440067 19.962143 3.080643
v -3.318496 19.059814 3.155777
v -3.172691 19.529518 2.380646
v -3.392397 20.621861 2.477692
v -3.109407 19.858925 1.620651
v -3.330808 20.597500 1.574646
v -3.183308 21.357883 2.477692
v -3.343120 21.465305 1.528641
v -2.852886 22.243931 2.002243
v -3.174397 22.567814 0.828644
v -2.907020 23.000439 1.528641
v -3.326224 23.431591 0.781006
v -3.464691 23.037518 0.068649
v -3.860201 23.867481 0.302277
v -4.131567 23.410923 -0.467972
v -4.674227 24.369587 -0.245148
v -4.727360 23.461842 -1.060898
v -5.159984 24.161842 -0.793518
v -5.218271 23.858444 -1.493515
v -5.427360 24.594467 -1.493515
v -5.675311 24.631992 -2.015106
v -5.323397 23.801792 -2.446335
v -6.057185 23.918850 -2.881393
v -5.619420 23.322811 -3.221329
v -6.490114 23.485233 -3.372726
v -6.004270 22.938099 -3.790787
v -6.757490 23.052608 -4.072739
v -6.151585 22.501167 -4.484940
v -6.833397 22.929790 -4.984329
v -7.532943 23.348812 -4.551987
v -7.608397 22.994324 -5.320236
v -7.129420 22.450813 -5.759338
v -8.139380 22.621906 -5.838104
v -8.572002 23.112816 -5.441498
v -8.672735 22.601673 -6.144974
v -9.272003 23.380192 -5.874130
v -9.480345 22.801983 -6.228470
v -9.096725 21.896812 -6.505692
v -10.148888 22.205208 -6.210495
v -9.483828 21.152477 -6.672012
v -10.465293 21.328842 -6.574936
v -9.916451 20.661568 -7.068604
v -10.884911 22.205208 -6.419586
v -11.467396 21.548157 -6.806458
v -11.884772 22.147144 -6.046310
v -12.317396 21.447147 -6.313690
v -11.992725 20.921814 -7.163681
v -12.785905 21.014297 -6.874466
v -13.017396 21.388859 -6.010284
v -13.717396 21.447147 -6.313690
v -13.948397 21.317524 -6.770065
v -13.424688 20.629765 -7.177246
v -14.238691 20.847813 -7.530060
v -14.708397 21.380806 -7.099472
v -15.178102 20.847813 -7.530060
v -14.708397 20.087814 -7.820358
v -15.507508 20.087814 -7.593353
v -15.178102 19.327816 -7.530060
v -15.938103 19.618111 -7.060364
v -15.645727 19.011326 -7.118347
v -16.042328 18.578701 -6.627441
v -15.511396 17.819817 -6.819351
v -16.310509 17.819817 -6.592346
v -15.981102 17.059818 -6.529068
v -16.741102 17.350113 -6.059357
v -16.271397 16.590107 -5.769058
v -15.511396 16.526825 -6.098465
v -15.511396 16.299820 -5.299362
v -16.271397 16.590107 -4.829651
v -15.511396 16.526825 -4.500244
v -15.981102 17.059818 -4.069656
v -14.752512 16.700825 -4.032394
v -15.235163 17.232426 -3.213974
v -14.190513 16.921162 -3.717606
v -14.305396 17.036819 -2.781357
v -13.433071 17.210484 -3.249481
v -13.455397 17.361485 -2.256027
v -12.859290 17.843075 -2.781357
v -12.872004 18.047306 -1.895477
v -13.490193 17.578854 -1.362778
v -12.675173 18.643936 -1.700363
v -13.512903 18.370094 -0.461609
v -12.549690 19.631817 -0.470657
v -13.281036 19.624249 -0.114182
v -12.977637 20.324249 -0.055893
v -11.992020 20.366398 -0.363983
v -12.765068 20.821815 0.166977
v -13.816289 20.871941 0.380829
v -13.012703 21.865486 0.750732
v -12.332444 21.312725 0.563568
v -12.616102 22.298111 1.241638
v -11.856102 22.007816 1.711349
v -11.424936 21.384922 1.321594
v -11.386396 21.149864 0.543564
v -11.366349 20.890770 -0.017380
v -10.666349 20.832485 0.286026
v -10.933725 20.399860 -0.413986
v -10.686397 21.091579 0.846954
v -10.175438 20.435883 0.718643
v -10.195485 20.694977 1.279587
v -10.005440 20.214722 1.389648
v -10.253773 20.391579 1.979584
v -10.063727 19.911324 2.089645
v -9.796351 19.478699 1.389648
v -10.063727 19.046074 2.089645
v -10.460327 19.478699 2.580566
v -10.763727 18.778698 2.522278
v -11.234325 18.556770 2.824554
v -10.837725 18.124146 2.333649
v -11.537725 17.856770 2.766266
v -11.867390 18.380791 3.106720
v -12.170790 17.680790 3.048431
v -11.633725 19.172813 3.261307
v -12.483726 18.848145 3.786636
v -12.968592 17.630482 3.415283
v -12.808396 18.322815 4.636642
v -13.017485 17.586792 4.636642
v -13.427385 17.129925 3.941635
v -13.470778 16.825535 3.119888
v -14.030964 16.309277 3.481888
v -13.953389 16.465145 4.267899
v -13.364102 16.800518 4.701645
v -13.727612 16.099831 4.858994
v -12.933508 16.330814 5.234634
v -13.236907 15.630814 5.292923
v -13.701755 15.432381 5.109818
v -13.467216 14.930470 5.405563
v -13.027612 17.232456 5.291611
v -12.502000 16.530663 5.705811
v -12.973782 17.749065 5.276642
v -12.973782 18.614315 5.276642
v -12.686226 18.149036 6.029480
v -12.824396 19.028816 5.976639
v -12.499725 18.503487 6.826645
v -12.125165 17.639305 6.595154
v -12.066877 17.942703 7.295151
v -11.857789 17.206680 7.295151
v -11.916748 17.682598 7.727631
v -11.769863 16.550163 8.003754
v -11.849356 16.144623 7.448975
v -12.070492 16.730511 6.176987
v -12.070492 15.865261 6.176987
v -12.044382 15.472698 7.066788
v -11.649372 17.249973 8.427628
v -11.901762 16.922508 8.992477
v -11.916748 17.682598 9.127625
v -11.858460 17.985996 8.427628
v -12.292385 18.476704 8.896637
v -12.118389 18.008858 9.655533
v -12.069933 17.539925 9.760590
v -12.277357 18.235138 10.504669
v -8.701014 18.423756 11.061111
v -9.190572 18.463654 11.825729
v -8.584245 18.066483 11.799515
v -9.208525 18.988075 10.449997
v -8.433638 18.856380 10.361099
v -8.775902 19.478985 10.053406
v -8.005691 19.548813 9.946350
v -8.439004 20.138790 9.609863
v -7.495087 20.030766 9.535248
v -7.245690 19.258518 9.476639
v -7.064590 19.576992 8.660217
v -6.955397 18.788815 8.716644
v -6.889222 19.050453 7.949081
v -7.143355 18.536800 7.956619
v -6.873888 18.298206 8.806503
v -7.099308 19.057884 7.256592
v -7.459064 18.679485 7.139755
v -6.768886 19.943932 7.732040
v -6.608397 19.454487 6.823975
v -6.083068 20.304485 7.148636
v -6.440301 20.764511 7.774979
v -5.859944 21.373489 7.170029
v -5.463344 20.940865 6.679123
v -5.156396 21.558914 6.537506
v -4.889020 21.126289 5.837509
v -4.889020 21.991539 5.837509
v -4.947308 22.294937 6.537506
v -4.456396 22.691540 6.104889
v -4.189020 22.258915 5.404892
v -3.956511 21.886208 5.115158
v -3.329966 22.756775 5.409912
v -3.017068 22.279816 4.810974
v -3.356512 21.429047 4.557785
v -2.692397 21.754482 3.960968
v -3.103541 21.228821 3.435638
v -2.692397 21.754482 2.910309
v -2.096290 22.236073 3.435638
v -2.167068 22.604485 2.585648
v -1.842397 23.129814 3.435638
v -2.167068 23.655144 2.585648
v -2.524301 23.129814 1.959305
v -2.852886 24.015697 2.002243
v -3.077044 23.893654 1.492249
v -3.279548 24.867844 1.686874
v -3.777045 24.161030 1.059631
v -3.676148 25.300468 1.195969
v -4.090454 24.893105 0.423386
v -3.834420 25.668842 0.487640
v -4.544449 25.381134 -0.091324
v -4.273513 26.147816 -0.055862
v -4.941049 25.813759 -0.582230
v -5.229194 25.134270 -0.934662
v -5.559148 26.042164 -1.067032
v -5.717421 25.673790 -1.775360
v -6.150819 26.426655 -1.891998
v -6.492420 25.969814 -2.254333
v -6.156513 25.194817 -2.318863
v -6.901284 25.194817 -2.647171
v -6.597884 24.494816 -2.705444
v -7.297884 24.762192 -3.138077
v -6.975120 24.037815 -3.231873
v -7.675120 24.305191 -3.664490
v -7.242496 23.605190 -3.931870
v -7.923885 24.037815 -4.180634
v -8.227285 24.737816 -4.122345
v -8.623885 24.305191 -4.613251
v -8.116141 23.545212 -4.902130
v -8.838763 23.919033 -5.350311
v -9.234748 24.725246 -5.050018
v -9.401068 24.338146 -5.794357
v -9.926396 25.188145 -5.469681
v -10.251068 24.662815 -6.319687
v -9.882653 23.812817 -6.390457
v -10.776396 23.812817 -6.644363
v -10.374438 22.956181 -6.452789
v -11.332725 23.002544 -6.460175
v -11.670139 23.812817 -6.390457
v -12.018249 23.149940 -5.920334
v -12.151725 24.338146 -5.794357
v -12.579771 23.868366 -5.001801
v -12.700127 22.654423 -5.092606
v -12.281372 22.579769 -5.555405
v -12.584772 21.879768 -5.613693
v -13.240829 21.732273 -5.393356
v -13.517486 21.835693 -4.765228
v -14.008397 21.439091 -5.197845
v -13.940829 21.464897 -5.825974
v -14.708397 21.380806 -5.501251
v -14.708397 21.607811 -6.300354
v -15.468397 21.317524 -5.830658
v -15.468397 21.317524 -6.770065
v -16.001385 20.886925 -6.300354
v -15.938103 20.557518 -7.060364
v -16.228397 20.087814 -6.300354
v -15.938103 20.557518 -5.540359
v -16.215454 19.875950 -5.258530
v -16.491623 19.133789 -6.213089
v -16.449688 19.099247 -5.324356
v -16.804386 18.618927 -5.299362
v -16.741102 18.289520 -6.059357
v -17.031397 17.819817 -5.299362
v -16.741102 18.289520 -4.539352
v -16.741102 17.350113 -4.539352
v -16.804386 17.020706 -5.299362
v -16.404612 17.819817 -3.949387
v -16.223484 18.859791 -3.874359
v -16.154781 18.322315 -3.481354
v -15.761758 17.516060 -3.425507
v -15.751502 17.843075 -2.781357
v -16.099142 18.719196 -2.784103
v -15.680725 18.211487 -1.931351
v -15.155396 17.361485 -2.256027
v -14.863615 17.743717 -1.379257
v -14.305396 17.290710 -1.887619
v -15.622437 18.514885 -1.231354
v -15.077171 18.166439 -0.924088
v -14.231397 18.178711 -0.679611
v -14.753128 18.651814 -0.140167
v -13.706068 18.774818 -0.198029
v -14.140345 19.567375 0.230011
v -15.176512 19.204731 0.346573
v -14.645581 20.063797 0.674713
v -15.465691 19.772816 1.045349
v -15.136285 20.532814 1.108627
v -14.645581 21.001831 0.674713
v -15.465691 21.292812 1.045349
v -15.126070 21.842331 0.399353
v -14.239943 21.808548 0.412262
v -15.935396 21.825806 0.614761
v -15.826656 22.258091 -0.046005
v -15.217725 22.829815 -0.346024
v -13.815725 22.521812 0.166977
v -14.227119 22.937416 -0.261810
v -13.332382 23.096931 0.022873
v -13.115726 22.789188 0.599594
v -12.679385 23.566925 0.481644
v -12.616102 23.237518 1.241638
v -12.146397 23.997524 0.951355
v -11.856102 23.527813 1.711349
v -12.185508 22.767815 1.774628
v -11.386396 22.767815 2.001648
v -11.124756 23.535381 2.067810
v -10.650373 22.767815 2.210739
v -10.749458 21.762199 2.046295
v -10.303315 22.265007 2.619431
v -10.352858 21.329575 2.537216
v -10.704593 21.121021 1.759842
v -10.455413 20.717838 2.507477
v -10.294570 21.026176 3.237213
v -10.723150 20.261063 3.291580
v -10.424397 20.533207 3.914261
v -11.214062 19.864460 3.724213
v -11.124396 20.265831 4.346878
v -11.742905 20.029583 4.587128
v -11.958397 19.698147 4.111313
v -11.124396 20.474922 5.082901
v -11.974396 20.404148 5.451309
v -12.611494 19.631618 5.148621
v -12.643809 19.245335 4.567490
v -12.570502 19.922558 5.976639
v -11.974396 20.404148 6.501968
v -12.499725 19.554146 6.826645
v -11.818003 20.256123 7.654694
v -12.361414 19.028816 7.606415
v -12.327477 19.806747 8.137756
v -12.327477 18.744881 8.137756
v -12.519397 19.275814 8.896637
v -12.292385 20.074924 8.896637
v -12.229102 19.745518 9.656647
v -12.339075 18.794033 9.693649
v -12.049513 19.330479 10.452652
v -11.525759 20.110012 10.196304
v -11.320643 19.806641 10.914230
v -11.983170 19.437828 11.358902
v -12.223885 18.895367 10.943527
v -11.571768 19.767273 11.577499
v -11.033003 19.786545 11.526581
v -10.436056 19.416069 11.592819
v -10.384772 19.816944 10.459061
v -9.908525 19.046360 10.753403
v -9.641149 19.478985 10.053406
v -10.161020 20.320152 9.732101
v -9.172166 20.237812 9.598877
v -9.426396 20.937382 9.470108
v -8.739542 20.937813 9.331497
v -8.972893 21.671165 9.189819
v -8.140396 21.415813 9.242645
v -8.006380 20.838791 9.342484
v -7.246654 21.415813 8.988754
v -7.089028 20.488396 8.775528
v -6.765068 20.890484 8.392639
v -6.542136 21.449448 8.378601
v -6.943254 22.115814 9.047043
v -6.120758 22.167645 8.675415
v -6.012290 21.565838 7.928406
v -5.408397 22.306110 8.281357
v -5.333261 22.184536 7.379013
v -4.633262 22.451916 7.811646
v -4.456396 22.691540 6.970139
v -3.756396 22.749825 7.273529
v -3.756396 22.958916 6.537506
v -3.214446 23.165920 6.788925
v -3.130557 23.573799 6.022659
v -3.756396 22.749825 5.801483
v -2.863181 24.042816 6.722672
v -3.125410 24.480076 5.795853
v -2.852886 24.015697 4.869034
v -2.550717 23.119724 4.928314
v -2.167068 23.655144 4.285645
v -2.167068 22.604485 4.285645
v -2.549296 24.531918 3.993866
v -2.096290 24.023556 3.435638
v -2.549296 24.531918 2.877426
v -3.043032 25.137169 3.338531
v -2.984745 25.440567 2.523636
v -2.852886 24.880947 2.002243
v -3.252121 25.873192 3.338531
v -3.100397 26.376816 2.523636
v -3.274062 25.908691 1.651321
v -3.425068 26.902145 1.673645
v -3.676148 26.995163 1.195969
v -3.425068 27.767395 1.673645
v -3.567512 28.120049 1.333511
v -4.059076 27.550095 0.493622
v -3.834420 26.626789 0.487640
v -4.544449 26.914497 -0.091324
v -4.593330 27.905441 -0.184433
v -5.034383 27.128162 -0.313278
v -5.296766 26.585163 -0.690155
v -5.430984 27.560787 -0.804184
v -5.850710 27.144653 -1.573410
v -5.518291 27.854420 -1.567947
v -6.328185 27.803780 -1.944382
v -6.631585 27.103779 -1.886093
v -7.254720 27.534817 -2.363007
v -6.971396 26.745724 -2.109772
v -7.707420 26.745724 -2.318863
v -7.404020 26.045723 -2.377151
v -8.104020 26.313099 -2.809769
v -7.648080 25.575375 -3.091568
v -7.796691 25.207520 -3.589355
v -9.026397 26.087791 -3.722580
v -8.556690 25.497814 -4.059067
v -9.495413 25.596882 -4.119171
v -9.495413 25.387791 -4.855194
v -10.076397 25.662205 -3.664612
v -10.776396 25.394825 -4.097229
v -10.776396 25.512814 -4.944351
v -11.626396 25.188145 -4.419022
v -11.626396 25.188145 -5.469681
v -10.776396 25.258923 -5.838104
v -11.301725 24.662815 -6.319687
v -12.222503 24.706558 -4.944351
v -11.925829 24.940510 -3.975281
v -12.625782 24.227318 -4.244354
v -12.416740 24.543911 -3.412048
v -12.809397 24.155148 -3.532684
v -13.334725 23.305145 -3.857361
v -12.977492 22.845119 -4.483704
v -13.575773 22.139091 -4.065216
v -13.972373 22.571716 -3.574310
v -14.275773 21.871716 -3.632599
v -14.008397 21.439091 -4.332596
v -14.708397 21.380806 -4.029205
v -14.708397 21.171715 -4.765228
v -15.250347 20.964710 -4.151398
v -15.250347 20.964710 -5.016647
v -15.879815 20.254120 -4.840363
v -15.844372 20.489033 -3.910751
v -16.132023 19.613235 -4.492706
v -16.014397 19.595814 -3.874359
v -16.119118 20.136887 -3.644699
v -16.317806 20.690197 -3.011215
v -16.310879 19.548702 -2.786865
v -16.743725 20.109486 -2.318359
v -16.301376 19.155552 -1.951004
v -16.754002 19.552505 -1.426300
v -16.695396 19.303104 -0.654068
v -17.165102 20.063110 -0.944351
v -17.228386 19.733704 -0.184357
v -16.695396 19.303104 0.285355
v -15.969180 18.901608 -0.174271
v -15.549906 18.682335 -0.487244
v -15.935396 19.239822 0.614761
v -16.405102 19.772816 1.045349
v -17.165102 20.063110 0.575638
v -16.734509 20.532814 1.108627
v -15.935396 20.532814 1.335648
v -16.405102 21.292812 1.045349
v -17.165102 21.002518 0.575638
v -16.695396 21.762524 0.285355
v -17.228386 21.331924 -0.184357
v -16.794460 21.822632 -0.653366
v -17.263477 21.063747 -0.943237
v -16.814503 21.528557 -1.468353
v -16.495770 22.070866 -1.778793
v -16.150772 22.629089 -0.875580
v -16.138502 22.873558 -1.721359
v -15.542397 23.355145 -1.196030
v -15.542397 23.355145 -2.246689
v -14.692396 23.679813 -1.721359
v -14.692396 23.425922 -0.827621
v -13.882122 23.495632 -1.165024
v -14.064068 23.507374 -2.713959
v -12.999303 23.887608 -2.094986
v -13.186731 23.521465 -0.808929
v -12.122396 24.357143 -1.233688
v -12.695820 23.918064 -0.376297
v -12.122396 24.357143 -0.183029
v -11.200838 24.890629 -0.678864
v -11.378061 24.523464 0.204071
v -10.523485 25.380394 -0.287750
v -10.842434 24.759541 0.623856
v -11.434035 24.135990 1.345413
v -10.722790 24.385166 1.807480
v -10.351522 25.156139 1.056473
v -10.310649 25.468826 1.837357
v -10.145725 25.227146 2.854645
v -10.145725 24.176487 2.854645
v -10.542326 23.743862 2.363739
v -9.856507 23.383308 2.947128
v -10.253773 23.200439 2.701645
v -9.459908 23.815933 3.438034
v -9.459908 22.950684 3.438034
v -9.210600 23.240589 4.258011
v -9.470215 22.309143 4.373367
v -9.938103 21.757519 3.229645
v -9.711761 21.520416 4.368759
v -9.991773 21.233208 3.646881
v -9.933485 20.929810 4.346878
v -9.933485 21.274803 5.129517
v -10.424397 20.533207 4.779495
v -10.424397 20.878201 5.562134
v -9.991773 21.578201 5.829514
v -10.720070 21.275948 6.371201
v -11.181838 20.832195 5.921097
v -11.239280 20.844471 6.912888
v -10.754478 21.400749 7.066757
v -11.245389 21.004147 7.499374
v -11.268485 20.902119 7.994308
v -10.719385 21.668926 7.825638
v -10.732291 21.406258 8.643539
v -11.066964 20.920277 8.938400
v -11.759397 20.505520 8.426941
v -11.759397 20.505520 9.366348
v -10.999396 20.568806 9.695755
v -10.388066 20.958263 9.436325
v -9.896102 21.629814 9.055344
v -10.260592 22.169483 8.352005
v -9.481060 22.425831 8.875763
v -10.102126 22.668579 8.102951
v -9.382492 22.951118 8.649979
v -8.996942 23.404537 8.923248
v -8.644022 22.230698 9.090912
v -9.306877 23.971928 8.492157
v -8.912725 24.395145 8.815643
v -8.431139 23.869816 9.411758
v -8.057744 23.011837 9.475388
v -7.537396 22.240051 9.202667
v -7.104773 22.940052 9.470032
v -7.628448 23.812374 9.769012
v -8.062725 24.719814 9.340973
v -7.335325 24.913540 9.683731
v -7.215086 24.418125 10.290756
v -6.780372 25.427029 10.026031
v -6.660102 25.003517 10.749649
v -6.660102 24.064110 10.749649
v -6.229508 24.533813 11.282639
v -5.900102 23.773815 11.219345
v -6.190396 23.304104 10.459351
v -5.430397 23.240822 10.788757
v -5.430397 23.013817 9.989639
v -6.197964 22.947639 9.727997
v -5.564888 22.740738 9.177536
v -4.266743 22.893185 9.198059
v -4.708396 22.573490 8.713974
v -3.756396 22.749825 8.871750
v -3.756396 22.522820 8.072647
v -2.996397 22.813107 8.542343
v -2.996397 22.813107 7.602936
v -2.463407 23.243706 8.072647
v -2.526690 23.573112 7.312637
v -2.236397 24.042816 8.072647
v -2.526690 24.512520 7.312637
v -2.463407 24.841927 8.072647
v -2.637404 25.309772 7.313766
v -2.863181 24.944458 6.722672
v -2.754308 25.730793 6.897644
v -2.921468 25.247856 6.022659
v -2.892397 25.652817 5.598648
v -3.159003 26.034191 7.827408
v -2.963397 26.466816 6.897644
v -3.288068 26.992146 7.747635
v -2.777105 27.603497 7.012131
v -2.696021 26.899441 6.197647
v -2.776745 26.589066 5.483765
v -3.044121 26.156441 4.783768
v -2.837452 25.033566 4.819000
v -2.984745 25.440567 4.038528
v -2.984745 26.305817 4.038528
v -2.835032 26.892464 4.783768
v -2.552121 27.005817 3.771149
v -3.043032 26.609215 3.338531
v -2.873037 27.471462 2.938797
v -3.140413 27.038837 2.238800
v -2.931324 27.774860 2.238800
v -2.440413 28.171459 2.671432
v -2.803180 28.310230 1.868912
v -2.052628 28.698681 2.269760
v -2.378068 29.295486 1.605637
v -3.120586 28.895756 1.015854
v -2.859653 29.820816 1.009537
v -3.540966 29.447777 0.481369
v -3.995003 28.503674 0.500641
v -4.053290 28.807072 -0.199356
v -3.683745 29.700813 -0.314240
v -4.124068 29.175484 -1.049362
v -4.513964 28.286118 -0.697281
v -4.998360 28.260784 -1.071564
v -5.115420 28.695843 -1.805359
v -4.605654 29.700813 -1.645462
v -5.058768 29.648651 -1.910477
v -5.554513 29.174816 -2.348862
v -5.890420 28.399818 -2.284332
v -6.369396 29.174816 -2.580353
v -6.825336 28.361637 -2.421555
v -7.333964 29.318516 -2.480515
v -7.584677 28.399364 -2.645065
v -8.228420 29.462215 -2.702042
v -8.501449 28.600498 -3.051315
v -8.230514 27.833817 -3.015869
v -9.045397 27.833817 -3.247360
v -8.302734 27.122742 -2.930542
v -9.589344 27.067135 -3.051315
v -9.860279 27.833817 -3.015869
v -10.299373 27.354843 -2.472351
v -10.299373 26.489594 -2.472351
v -10.483115 27.027679 -1.697357
v -10.657680 25.806610 -1.899353
v -10.731997 25.789593 -2.739731
v -10.776396 25.603916 -3.361206
v -11.467741 25.066914 -2.453049
v -11.790396 24.901142 -2.952026
v -12.122396 24.357143 -2.098938
v -11.631485 24.753746 -1.666306
v -11.090303 25.106609 -1.631973
v -10.599392 25.503212 -1.199356
v -10.390304 26.239235 -1.199356
v -10.314397 26.116417 -0.287750
v -10.457996 27.027218 -0.892349
v -10.523485 26.852440 -0.287750
v -10.409809 26.324787 0.356476
v -10.409809 25.459538 0.356476
v -10.142433 25.892162 1.056473
v -10.351522 26.628185 1.056473
v -10.101560 26.204849 1.837357
v -10.310649 26.940872 1.837357
v -10.074165 26.912304 2.431152
v -10.074165 26.047054 2.431152
v -9.784847 26.515179 3.188599
v -9.671972 26.014412 3.316727
v -8.843483 26.432976 3.633987
v -9.275373 25.581787 3.807648
v -8.500372 25.877811 4.286621
v -8.902084 25.156757 4.424286
v -9.398192 24.670189 3.883545
v -9.788492 24.636513 3.480988
v -9.401620 24.119331 4.138031
v -8.953749 24.626030 4.600632
v -8.168744 25.436871 4.877518
v -7.711710 26.195499 4.840881
v -7.723281 25.570583 5.443512
v -8.155905 24.870586 5.710892
v -7.664994 25.267185 6.143509
v -8.155905 24.870586 6.576126
v -8.871531 24.384090 6.202271
v -8.895461 24.322632 5.300629
v -9.306877 23.971928 5.855133
v -9.364477 23.563747 5.010757
v -9.739725 23.411144 6.323639
v -9.532477 22.704060 5.220871
v -9.836286 22.310253 6.063766
v -10.035914 22.586147 6.583694
v -10.245003 21.850124 6.583694
v -10.070385 22.890736 7.265137
v -9.810503 23.779556 7.173645
v -9.739725 23.411144 8.023636
v -9.357497 24.287918 7.731857
v -9.214396 24.261143 6.648315
v -8.970789 24.559330 7.079758
v -8.983502 24.763557 7.965637
v -8.387396 25.245144 7.440308
v -8.387396 25.245144 8.490967
v -7.652280 25.685467 7.965637
v -7.622881 25.378811 8.930908
v -7.120726 25.663517 8.959015
v -6.902701 25.613537 9.416367
v -6.474730 26.003139 9.508530
v -6.688102 26.363518 8.691635
v -5.928102 26.653812 9.161346
v -5.458396 26.238037 9.679520
v -6.190396 25.763523 10.459351
v -5.430397 25.826805 10.788757
v -5.900102 25.293812 11.219345
v -4.960690 25.293812 11.219345
v -5.430397 24.533813 11.509644
v -4.631285 24.533813 11.282639
v -4.960690 23.773815 11.219345
v -4.200691 24.064110 10.749649
v -4.670396 23.304104 10.459351
v -3.737784 23.617020 9.995300
v -3.987380 23.125462 9.665863
v -3.286691 23.282818 9.302353
v -2.957285 24.042816 9.365631
v -2.526690 23.573112 8.832642
v -2.526690 24.512520 8.832642
v -3.315391 24.933552 9.407974
v -2.996397 25.272526 8.542343
v -4.028809 25.911102 9.206680
v -3.429020 25.972523 8.274979
v -4.174687 26.435764 8.808533
v -3.698133 26.552299 8.406631
v -4.138068 27.316814 8.272964
v -4.649070 27.203331 8.515350
v -4.820658 28.043850 8.363037
v -3.737947 28.046139 7.938019
v -4.365396 28.941814 8.165649
v -3.471653 28.941814 7.911758
v -3.103065 28.236557 7.502640
v -2.564036 28.973839 7.411850
v -2.095020 28.539913 6.921158
v -1.662396 29.030823 7.317749
v -1.514355 28.605228 6.733932
v -1.953688 28.020866 6.560532
v -1.275396 28.218586 5.841873
v -1.887421 27.669598 5.720032
v -1.241954 27.691196 5.080780
v -2.344121 27.289066 5.216385
v -2.344121 27.289066 4.351135
v -1.271397 27.568817 4.264648
v -1.971396 27.412579 3.899323
v -1.271397 27.795822 3.465530
v -2.173037 27.738838 3.371429
v -1.740413 28.229748 2.974823
v -0.801691 28.328815 3.034943
v -1.209482 29.088814 2.646698
v -0.472285 29.088814 2.971649
v -0.801691 29.848812 3.034943
v -1.533037 29.856380 2.678467
v -1.929637 29.423756 2.187561
v -1.905894 30.605934 2.182144
v -2.378068 30.346146 1.605637
v -2.378068 31.211395 1.605637
v -3.144365 30.626480 0.972275
v -2.843161 31.350513 0.971573
v -3.540966 31.059105 0.481369
v -3.540966 30.193855 0.481369
v -3.808342 30.626480 -0.218628
v -3.584871 31.840714 -0.320663
v -4.124068 31.091393 -1.049362
v -4.124068 30.226143 -1.049362
v -4.890366 30.506477 -1.682724
v -4.338154 31.361408 -1.714157
v -5.114092 31.355469 -2.057449
v -5.437644 30.652641 -2.008057
v -5.890420 31.349815 -2.284332
v -6.193820 30.649815 -2.226044
v -5.890420 29.949814 -2.284332
v -6.626163 29.950268 -2.645065
v -6.590420 31.082439 -2.716949
v -7.505355 30.576546 -2.966782
v -7.925020 30.162216 -2.760330
v -8.192396 30.594837 -3.460327
v -8.633339 30.003944 -3.128708
v -8.967397 30.530308 -3.796234
v -9.301454 30.003944 -3.128708
v -8.967397 29.303944 -3.070419
v -9.734077 29.303944 -2.861328
v -9.589344 28.600498 -3.051315
v -10.325368 28.600498 -2.842224
v -10.882206 29.439659 -3.211975
v -11.485396 29.035309 -2.875244
v -11.101892 28.515793 -2.259415
v -10.660102 28.090584 -2.472809
v -11.069939 28.284222 -1.581100
v -10.692204 27.763702 -1.697357
v -10.667085 27.763241 -0.892349
v -11.152924 28.692493 -0.701370
v -10.977304 28.407398 0.077637
v -10.725372 27.459843 -0.192352
v -11.021397 27.938816 0.582642
v -10.789905 27.123932 0.582642
v -10.825357 27.394867 1.349319
v -10.773396 28.301815 1.812637
v -10.615046 27.389385 1.918304
v -10.448725 27.776485 2.662643
v -10.448725 28.827145 2.662643
v -9.967139 28.301815 3.258743
v -9.676196 27.473789 3.299744
v -9.073397 28.301815 3.512650
v -9.276106 27.132977 3.366608
v -8.540083 27.132977 3.575699
v -8.337373 28.301815 3.721725
v -8.001373 27.554813 3.940735
v -8.143482 26.700352 4.066605
v -7.604773 27.122189 4.431641
v -7.493633 27.920128 4.431641
v -7.337397 27.554813 5.131638
v -7.110386 28.353924 5.131638
v -7.145477 28.085747 5.890533
v -7.194482 27.080429 5.899216
v -7.018396 27.773815 6.475647
v -6.943061 26.544086 6.620590
v -7.210438 26.111462 5.920593
v -7.152150 25.808064 6.620590
v -7.161368 26.082069 7.462021
v -7.643061 25.411465 7.053207
v -6.866133 27.192665 7.390839
v -6.844765 26.728146 7.990524
v -6.301507 27.190426 8.494476
v -6.283660 27.859299 7.984634
v -5.389398 27.888699 8.291290
v -5.458396 27.243790 8.824860
v -5.843725 28.623814 7.850967
v -5.245175 28.994648 8.027466
v -5.800311 29.593456 7.360199
v -4.890725 29.791813 7.840973
v -5.215396 30.317142 6.990967
v -4.365396 30.387920 7.359390
v -3.735111 29.707813 7.855453
v -3.434844 30.418159 7.483734
v -2.461508 30.323814 7.811630
v -2.959010 30.886642 7.361755
v -2.132102 31.083813 7.748352
v -1.662396 30.323814 8.038651
v -2.134096 29.510498 7.852097
v -1.192691 29.563816 7.748352
v -0.863285 30.323814 7.811630
v -0.432691 29.854111 7.278641
v -0.902396 29.094105 6.988358
v -0.369408 29.524704 6.518646
v -0.673185 28.926525 6.214066
v -0.378181 29.052422 5.614624
v -0.076222 30.062176 5.751083
v 0.068282 29.570591 5.061661
v -0.041691 28.619110 5.024643
v 0.248604 29.088814 4.264648
v 0.021592 28.289703 4.264648
v -0.511396 27.859104 4.734344
v -0.511396 27.859104 3.794937
v -0.041691 28.619110 3.504639
v -0.041691 29.558517 3.504639
v 0.021592 29.887924 4.264648
v -0.511396 30.318523 3.794937
v -0.451655 30.434376 4.896149
v -0.927173 30.836693 4.264648
v -1.162070 30.665707 3.248306
v -1.432022 31.100864 3.220200
v -1.766308 31.527649 4.296783
v -1.789290 31.903557 3.277649
v -1.776577 31.525452 2.375809
v -1.961124 32.354870 2.471985
v -2.068496 31.864681 1.579636
v -1.859407 32.600704 1.579636
v -2.407632 32.083309 0.975494
v -1.922690 32.930111 0.819641
v -1.534448 33.337898 1.579636
v -1.566222 33.661453 0.812073
v -1.980978 33.233509 0.119644
v -2.212332 32.797997 -0.307343
v -1.778407 33.288704 -0.776352
v -2.311396 32.858105 -1.246063
v -3.242379 32.334675 -0.606735
v -3.003829 32.443356 0.130646
v -3.042587 32.449970 -1.685181
v -3.733290 31.938072 -1.039352
v -3.746004 32.142300 -1.925247
v -3.377397 32.506489 -2.140686
v -4.162092 32.405472 -2.633453
v -4.654068 31.981815 -2.414688
v -5.210388 32.471889 -2.962234
v -5.612020 31.902050 -2.543747
v -5.977403 32.550816 -3.193207
v -6.503068 32.025486 -3.604355
v -6.374003 32.983440 -3.684128
v -6.984653 32.550816 -4.200455
v -7.353068 31.700817 -4.129684
v -6.955125 31.126873 -3.388245
v -7.772732 31.009167 -3.666794
v -8.140655 31.815475 -4.406342
v -8.488420 31.073818 -4.235336
v -8.967397 31.848816 -4.531357
v -9.446373 31.073818 -4.235336
v -9.782280 31.848816 -4.299866
v -10.262331 31.214397 -3.813461
v -9.734077 30.494854 -3.525299
v -10.679260 30.353817 -3.498077
v -10.166701 30.003944 -3.128708
v -11.052773 31.204723 -3.437149
v -11.485396 30.353817 -3.610352
v -11.964373 31.128815 -3.314331
v -12.300280 30.353817 -3.378860
v -11.964373 29.578819 -3.314331
v -12.739372 29.874844 -2.835358
v -12.260397 29.099842 -2.539337
v -12.803905 29.538933 -2.060364
v -12.260397 29.099842 -1.581375
v -11.560850 28.680820 -2.060364
v -11.552078 28.941570 -1.213013
v -12.086739 29.531731 -0.730194
v -11.677303 29.540020 -0.354980
v -12.144905 30.101933 0.077637
v -11.706522 29.606186 0.551483
v -11.186392 29.143421 0.077637
v -11.144389 28.850697 0.658096
v -11.086102 29.154095 1.358093
v -11.011645 29.646870 1.427399
v -10.615046 29.214245 1.918304
v -10.615046 30.079494 1.918304
v -10.171270 29.724613 2.707718
v -10.550196 30.697788 2.373734
v -11.414300 30.992020 1.816025
v -10.841139 31.525814 2.332748
v -9.947396 31.525814 2.586639
v -9.623730 30.218979 2.781982
v -9.191107 29.728069 3.178589
v -9.598725 29.151814 3.187973
v -8.763138 28.922157 3.605621
v -8.415373 29.663815 3.434616
v -7.565273 29.089947 3.940735
v -7.890233 28.352753 3.940735
v -7.168673 28.657322 4.431641
v -6.919908 29.338715 3.999023
v -6.652531 28.906094 4.699020
v -7.366116 29.501835 3.714966
v -6.933492 29.992744 3.318359
v -6.149828 30.162037 3.882751
v -5.798789 29.631329 4.714508
v -6.161620 29.302692 5.131638
v -6.676461 28.844631 5.600662
v -5.823773 29.591087 5.619873
v -5.307878 30.027927 5.147141
v -5.340747 30.372639 5.953903
v -5.811502 29.835556 6.465637
v -5.098789 30.763950 5.147141
v -4.837729 30.836857 5.931137
v -4.405106 31.327766 5.534531
v -4.137730 30.895145 6.234543
v -3.591102 31.545815 5.887344
v -3.323726 31.113194 6.587357
v -3.665397 30.791203 6.880142
v -2.890413 31.703167 6.250854
v -2.422397 31.553524 6.988358
v -2.396238 31.907398 6.090805
v -1.662396 31.843811 6.518646
v -1.662396 31.616806 7.317749
v -0.902396 31.553524 6.988358
v -1.192691 31.083813 7.748352
v -0.432691 30.793518 7.278641
v -0.369408 31.122925 6.518646
v -0.142396 30.323814 6.518646
v -0.432691 30.793518 5.758652
v -0.902396 31.553524 6.048935
v -1.120446 31.200710 5.234940
v -1.632954 31.721432 5.702499
v -1.275396 31.131046 4.729416
v -2.361396 32.015522 5.127350
v -3.121397 32.078808 5.456757
v -2.853630 32.304188 5.044037
v -2.586254 32.736813 4.344040
v -1.968260 32.309269 4.190048
v -2.279003 33.004189 3.769409
v -1.998379 32.639580 3.277649
v -2.068496 33.399815 3.114777
v -2.408068 33.962139 3.689636
v -2.025187 34.466000 2.990021
v -1.801120 33.832439 2.414780
v -1.374465 34.713932 2.299728
v -1.046332 34.182995 1.440659
v -0.675691 35.003109 1.731644
v -0.612408 34.673702 0.971649
v -1.145396 34.243107 0.501938
v -0.675691 35.003109 0.211639
v -1.086790 34.492504 -0.270309
v -1.636307 33.846508 0.069321
v -1.440191 34.077736 -0.810135
v -1.502885 35.040188 -0.812256
v -1.841691 34.557522 -1.536362
v -1.841691 33.618111 -1.536362
v -2.272285 34.087814 -2.069351
v -2.529446 33.210918 -2.060059
v -2.852068 33.356487 -2.465363
v -2.937065 34.414074 -2.595352
v -3.333653 33.881817 -3.061462
v -3.702068 33.031818 -2.990692
v -4.156395 33.766933 -3.431015
v -4.734388 33.101437 -3.185623
v -5.155700 33.789608 -3.686584
v -5.674003 33.250816 -3.251495
v -5.941379 33.683437 -3.951492
v -5.337397 34.270107 -4.425064
v -6.097396 34.206821 -4.754471
v -6.530020 33.715912 -4.357864
v -6.906723 34.190296 -4.539062
v -7.339347 33.490295 -4.271683
v -7.894692 34.216450 -4.584213
v -8.382022 33.365700 -4.302628
v -7.878397 32.550816 -4.454361
v -9.089483 33.446354 -4.015320
v -8.860010 34.315365 -4.093094
v -9.140290 33.861858 -3.359314
v -9.657656 33.132328 -3.543503
v -9.446373 32.623814 -4.235336
v -10.221373 32.327789 -3.756363
v -10.359039 32.729504 -3.035309
v -10.780821 31.950443 -3.347137
v -10.907789 32.321331 -2.600235
v -11.539343 31.745457 -2.941040
v -11.464396 32.329144 -1.777679
v -12.260397 31.607792 -2.539337
v -12.060503 31.847557 -1.252350
v -12.803905 31.168701 -2.060364
v -12.739372 30.832790 -2.835358
v -13.035397 30.353817 -2.060364
v -12.739372 30.832790 -1.285355
v -12.739372 29.874844 -1.285355
v -12.531490 30.543304 -0.622360
v -12.324649 31.351761 -0.805649
v -12.376396 30.916817 0.077637
v -12.144905 31.731701 0.077637
v -12.080373 31.395790 0.852646
v -12.080373 30.437843 0.852646
v -11.393502 32.419556 0.886642
v -11.322725 32.051144 1.736649
v -10.797396 32.901142 1.411972
v -10.472725 32.375813 2.261978
v -9.947396 32.971920 1.780380
v -9.422068 32.375813 2.261978
v -9.016844 33.002159 1.904739
v -8.365420 32.970814 1.827621
v -8.038260 32.195816 2.011368
v -9.053654 31.525814 2.332748
v -8.317630 31.525814 2.123657
v -8.970680 30.872395 2.452820
v -8.538056 30.276943 2.784805
v -7.470031 30.826920 2.514069
v -7.867568 30.100033 3.156937
v -7.302237 32.195816 2.220444
v -6.942273 31.591816 2.474869
v -6.545673 31.159191 2.965775
v -6.630093 30.692745 3.260071
v -6.255895 31.358593 3.708389
v -5.762765 30.763950 3.956223
v -5.777941 31.604542 4.125244
v -5.366165 31.196575 4.447128
v -5.366165 30.331326 4.447128
v -5.212139 32.069817 4.613754
v -4.815539 31.637192 5.104660
v -4.389398 32.184700 4.983292
v -4.843725 32.919815 4.542969
v -4.216020 32.736813 4.807022
v -3.857060 32.170620 5.222488
v -3.350773 32.736813 4.807022
v -3.783396 33.436813 4.539642
v -2.889654 33.436813 4.285751
v -3.258068 34.286816 4.214966
v -4.308725 34.286816 4.214966
v -3.783396 34.882923 3.733383
v -2.888846 34.871731 3.491287
v -3.783396 35.227909 2.950745
v -2.812403 35.540386 2.616104
v -3.549067 35.691906 2.497955
v -3.131895 36.237118 2.026657
v -2.375102 36.232815 2.201355
v -1.895319 35.506603 2.602844
v -1.435691 36.232815 2.201355
v -1.106285 35.472813 2.264633
v -0.675691 35.942516 1.731644
v -1.145396 36.702518 1.441345
v -0.612408 36.271923 0.971649
v -0.385396 35.472813 0.971649
v -0.675691 35.942516 0.211639
v -1.145396 36.702518 0.501938
v -1.435691 36.232815 -0.258057
v -1.106285 35.472813 -0.321350
v -1.905396 35.817036 -0.776230
v -2.374413 36.331875 -0.318176
v -2.743724 35.892429 -1.181030
v -2.228286 35.384426 -1.339188
v -2.962070 35.664707 -1.792694
v -2.534956 34.905704 -2.082245
v -3.020357 35.361309 -2.492691
v -3.369233 36.273708 -2.401138
v -3.267397 35.800816 -3.155350
v -3.209301 34.812366 -3.091705
v -3.592068 35.275486 -4.005356
v -4.024070 34.389362 -3.809372
v -4.442068 34.950817 -4.530685
v -4.637396 34.328396 -4.121658
v -4.073653 35.800816 -4.601456
v -4.876344 35.858257 -4.958725
v -5.298285 35.499813 -5.248352
v -5.627691 34.739811 -5.185059
v -6.097396 35.499813 -5.475357
v -6.567102 34.739811 -5.185059
v -6.916149 35.533054 -5.555771
v -7.406555 34.789738 -4.981247
v -7.948627 35.544811 -5.395584
v -8.391398 34.969563 -4.644028
v -8.848627 35.888584 -4.839355
v -8.847106 35.201488 -4.126877
v -9.303154 36.357563 -4.080521
v -9.493102 35.541111 -3.577362
v -9.140290 34.727108 -3.359314
v -9.556386 35.211704 -2.817352
v -9.347297 34.475681 -2.817352
v -9.382389 34.743862 -2.058472
v -9.591477 34.007839 -2.058472
v -9.694936 33.571705 -2.744827
v -9.913252 33.532810 -1.714355
v -10.324396 33.007145 -2.239685
v -10.729280 32.769466 -1.181351
v -10.950741 32.649914 -1.779663
v -10.190055 33.197491 -0.717392
v -10.729280 32.769466 -0.316101
v -11.624899 32.325890 -0.582764
v -10.797396 32.901142 0.361313
v -10.141741 33.228916 0.179199
v -10.062280 33.341465 0.815643
v -9.619396 33.449795 1.052612
v -9.564156 33.696903 -0.209442
v -8.844397 33.745815 0.573639
v -8.844397 33.514324 1.388519
v -8.077715 33.549778 1.117584
v -8.144396 34.013195 0.141022
v -7.548869 33.849693 0.850143
v -7.589686 33.035069 1.571579
v -7.020022 33.167789 1.375900
v -6.771290 32.608147 2.239975
v -6.421406 33.112827 1.857162
v -5.822790 33.266956 2.467636
v -6.279075 32.101170 3.086578
v -5.764503 32.963558 3.167648
v -5.693725 32.595146 4.017639
v -5.319165 33.459328 3.786148
v -5.574494 33.547916 2.839645
v -5.158725 33.962139 3.689636
v -4.695827 33.542477 4.381287
v -5.345225 34.316586 2.892471
v -4.633396 34.812145 3.364975
v -4.900773 35.244770 2.664978
v -5.413726 34.520489 2.331650
v -5.315170 35.470455 2.239822
v -4.333708 35.742931 2.586838
v -4.921103 36.182819 2.101349
v -3.981691 36.182819 2.101349
v -4.451396 36.715809 1.670761
v -3.692512 36.750896 1.402573
v -4.451396 36.942814 0.871643
v -3.692512 36.750896 0.340714
v -2.664281 36.800892 0.440720
v -2.664281 36.800892 1.502579
v -1.905396 36.992809 0.971649
v -1.905396 36.765804 1.770752
v -1.905396 36.765804 0.172531
v -3.508397 36.475857 -0.086380
v -4.208396 36.534145 -0.389786
v -3.582052 36.176914 -0.849808
v -2.882052 36.118626 -0.546402
v -4.208396 36.534145 -1.255020
v -3.582052 36.176914 -1.715057
v -4.348888 36.801586 -1.765854
v -5.210281 36.750896 -1.131332
v -5.115838 36.962193 -1.689301
v -4.967396 37.246922 -2.261612
v -4.117396 37.176144 -2.630020
v -4.852513 37.616467 -3.155350
v -4.117396 37.176144 -3.680679
v -3.521290 36.694561 -3.155350
v -3.592068 36.326145 -4.005356
v -4.442068 36.650822 -4.530685
v -4.934216 37.194698 -4.446091
v -5.199794 36.615696 -4.912720
v -5.708581 37.404797 -4.936417
v -5.931090 36.959812 -5.126770
v -5.627691 36.259815 -5.185059
v -6.438490 36.356098 -5.579544
v -6.669995 37.200459 -5.494095
v -7.392396 36.444813 -5.739365
v -8.035646 37.303036 -5.510574
v -8.338713 36.444813 -5.470535
v -8.848627 37.001041 -4.839355
v -8.228102 38.343517 -4.837357
v -8.616345 37.935726 -4.077362
v -8.923568 37.391132 -3.939362
v -8.660727 37.643520 -3.049973
v -9.122461 37.300632 -3.286377
v -9.493102 36.480518 -3.577362
v -9.556386 36.809925 -2.817352
v -9.783397 36.010815 -2.817352
v -9.493102 36.480518 -2.057358
v -9.493102 35.541111 -2.057358
v -9.062508 36.010815 -1.524368
v -8.794328 35.251934 -1.489273
v -8.325312 36.010815 -1.199402
v -7.813935 35.360859 -0.638107
v -8.282411 34.696209 -0.799103
v -9.105098 34.437153 -1.415848
v -8.780279 34.026470 -0.680359
v -9.595163 33.715214 -1.183975
v -7.459723 34.955265 -0.182343
v -6.900102 35.573818 -0.214645
v -6.632726 35.141193 0.485352
v -7.041725 34.393818 0.538971
v -6.283998 34.358700 0.921005
v -6.587398 33.658699 0.979294
v -5.784250 34.006969 1.521774
v -5.681102 34.953114 1.631638
v -6.095858 35.464573 0.939209
v -5.681102 35.892521 1.631638
v -5.744386 36.221928 0.871643
v -5.211396 36.652523 1.341354
v -5.211396 36.652523 0.401932
v -5.832717 36.374561 -0.232651
v -5.210281 36.541805 -0.395309
v -4.451396 36.820431 0.055511
v -5.908396 36.534145 -1.255020
v -6.489281 36.200184 -0.610031
v -6.608397 36.475857 -1.558426
v -5.873280 36.916180 -2.012756
v -6.447363 37.363720 -2.321503
v -5.440656 37.407093 -2.409348
v -6.164065 37.932697 -2.690994
v -5.341042 37.831341 -2.731033
v -5.692501 38.410259 -3.259460
v -6.528690 38.633816 -2.847656
v -6.238397 39.103519 -3.607651
v -5.705407 38.672924 -4.077362
v -6.238397 39.103519 -4.547058
v -5.768691 38.343517 -4.837357
v -6.528690 38.633816 -5.307068
v -6.199285 37.873814 -5.370346
v -6.998396 37.873814 -5.597351
v -7.468102 38.633816 -5.307068
v -7.838350 37.912350 -5.460251
v -6.998396 39.166805 -4.876465
v -7.758397 39.103519 -4.547058
v -6.998396 39.393810 -4.077362
v -7.758397 39.103519 -3.607651
v -8.291386 38.672924 -4.077362
v -8.228102 38.343517 -3.317352
v -7.468102 38.633816 -2.847656
v -7.830773 37.794720 -2.414841
v -7.021446 38.020336 -2.501022
v -7.454070 37.320339 -2.233643
v -8.263396 37.303806 -2.018250
v -7.793691 36.770817 -1.587646
v -8.733103 36.770817 -1.587646
v -9.023396 37.240520 -2.347656
v -6.998396 39.166805 -3.278244
v -7.275174 36.210903 -1.052231
v -6.200102 35.841190 0.217972
v -4.875634 37.440792 -3.856262
v -11.315044 30.346870 1.485687
v -6.693725 28.299145 7.325638
v -6.764503 28.667557 6.475647
v -3.436453 31.743355 0.398026
v -4.988690 26.653812 9.161346
v -4.442063 26.003139 9.508530
v -4.062224 25.397587 10.037277
v -4.670396 25.763523 10.459351
v -4.200691 25.003517 10.749649
v -3.704000 24.472324 9.974426
v -13.435740 23.797909 -3.007355
v -12.809397 24.155148 -2.482025
v -14.259772 22.909580 -3.225754
v -14.692396 23.425922 -2.615097
v -15.217725 22.829815 -3.096680
v -14.708397 22.571716 -3.365219
v -15.400230 22.038574 -3.280289
v -16.067726 22.505146 -2.571350
v -16.057907 21.520699 -2.901749
v -15.411748 21.189030 -3.643372
v -16.743725 21.160145 -2.318359
v -17.184048 20.634815 -1.583237
v -17.455397 20.532814 -0.184357
v -16.388290 19.103523 -4.757401
v -7.459064 18.679485 6.274506
v -7.891687 17.979488 6.007126
v -7.949975 18.282887 6.707123
v -8.159063 17.546864 6.707123
v -7.891687 17.979488 7.407120
v -7.677783 16.923981 7.317993
v -7.911117 17.013103 6.707123
v -7.766909 16.779778 6.329575
v -7.495087 17.546864 5.516220
v -7.324507 16.611504 6.072174
v -13.701755 13.897247 5.109818
v -15.127052 16.119534 3.732712
v -15.860724 16.222656 4.203796
v -15.798789 16.260506 3.495132
v -14.722281 15.992897 2.992706
v -15.930663 15.850769 2.942551
v -15.908668 15.216438 2.536301
v -11.802397 16.348484 -5.438034
v 3.794603 19.253807 -10.936462
v 4.525808 18.389339 -3.898285
v 5.313086 18.672520 -3.567688
v 4.838703 18.491322 -3.190979
v 1.746081 10.997688 4.529892
v 0.634370 7.895905 5.304642
v 0.188940 8.549328 5.704056
v 0.931216 8.533592 5.995285
v 1.295951 8.116070 5.745697
v 1.295951 7.906979 5.009674
v 0.634370 7.686813 4.568619
v 1.334370 7.954189 4.136002
v 1.995951 8.174358 4.577057
v 1.611794 8.867107 3.543030
v 2.428575 8.874355 4.309677
v 2.031975 9.306980 3.818771
v 2.428575 9.739605 4.309677
v 1.611794 9.732357 3.543030
v 1.383559 10.358547 3.853531
v 0.911795 9.999733 3.110397
v 0.560347 10.422009 3.636887
v 0.089622 9.930038 3.223175
v -0.065630 7.954189 5.001251
v -0.425208 8.390697 4.549225
v -0.310216 8.499420 5.125229
v -0.243608 8.372543 3.829803
v 0.556770 8.002361 3.669800
v -0.117845 8.653370 3.378571
v 0.911795 8.599731 3.110397
v 0.479171 9.299732 2.843033
v 1.215194 9.299732 3.052109
v -0.054586 9.299728 3.090973
v 1.163272 10.661221 4.132324
v 7.817719 18.650898 -4.839294
v 8.576604 18.615807 -5.107468
v 6.370604 15.891815 3.224640
v 6.597615 16.690926 3.224640
v 6.660898 16.361519 3.984634
v 7.130604 17.121525 3.694351
v 7.420898 16.651814 4.454346
v 7.890604 17.184807 4.023758
v 8.360310 16.651814 4.454346
v -7.493397 5.532108 -4.782654
v -7.023691 6.292110 -4.492355
v -7.360181 6.725422 -3.902374
v -6.823531 7.548931 -3.655380
v -3.352512 10.284805 -7.261307
v 10.035252 15.060246 -0.197021
v -2.008029 4.145294 -12.826477
v 0.366800 5.812630 -11.961243
v 5.492950 8.785542 9.548691
v -1.480442 5.175842 -6.731384
v -0.274790 5.208656 -7.261383
v 0.730259 4.849720 -6.221802
v 0.730259 4.849720 -7.152359
v 0.730259 4.849720 -8.082901
v 0.188548 4.929405 -8.506332
v 1.126604 4.812489 -9.151688
v 0.426604 5.079865 -9.584305
v -0.164512 4.966732 -9.266281
v -0.164512 5.175823 -10.002304
v -0.864512 4.908443 -9.569687
v -1.228531 4.894436 -10.288834
v -0.528531 5.161816 -10.721451
v -1.228531 4.894436 -11.154083
v -1.719442 4.497837 -10.721451
v -1.661155 4.194439 -11.421463
v -1.918020 3.802586 -10.951218
v -1.614576 3.342781 -11.428345
v -1.851828 2.966820 -10.874619
v 2.111023 2.006184 -9.803223
v 1.742035 1.862652 -10.228394
v 1.682154 1.629519 -9.779694
v 1.792099 1.791616 -9.215332
v 1.965554 2.516403 -10.532883
v 2.405651 2.969814 -9.981400
v 2.296743 3.162876 -9.344360
v 2.222262 2.702854 -8.372070
v 2.208897 1.935823 -8.604019
v 2.637611 1.947704 -8.095169
v 3.021486 2.919540 -8.048737
v 3.297772 1.873556 -7.850494
v 4.606549 1.354568 -5.592606
v 3.854290 1.138071 -6.084122
v 3.525224 1.155331 -5.472229
v 4.081221 1.726658 -5.147659
v 5.039173 1.845478 -5.195999
v 4.606549 2.545479 -4.928635
v 3.930227 1.911238 -4.399307
v 3.930227 2.776485 -4.399307
v 3.437562 2.630711 -3.821411
v 3.497603 3.476482 -4.666687
v 2.688498 3.314419 -3.662949
v 3.026571 2.039698 -3.350372
v 2.601191 3.020786 -2.899185
v 2.614432 2.322105 -2.845505
v 2.358646 2.427551 -2.166595
v 0.480675 -0.656466 0.933548
v 0.489000 -0.589209 0.104218
v -0.063283 -0.805784 -0.249420
v 0.988795 -0.131802 0.267792
v 0.978603 -0.195791 1.454498
v 0.278604 -0.254078 1.757904
v -0.219325 -0.714752 1.236954
v -0.798258 -0.107716 1.666489
v -1.117886 -0.418678 1.308655
v -0.380333 0.019978 2.237457
v 0.221162 0.103188 2.631592
v -0.571396 -0.324858 3.176971
v 0.163720 0.115465 3.587891
v -0.228741 -0.310089 3.990097
v 0.290004 0.131361 4.455368
v -0.198503 -0.434441 4.920639
v 0.317837 0.176210 5.353271
v -0.171205 -0.337278 5.527298
v 0.808748 0.572811 4.920639
v 0.750461 0.876211 5.620651
v 0.099093 0.786701 6.270248
v 0.353860 1.308834 6.111557
v 0.429515 1.672745 6.745697
v -0.061396 1.276144 7.178314
v 0.371228 1.976145 7.445694
v -0.328772 1.708767 7.878311
v -0.006350 2.430859 8.026657
v -0.645513 2.204878 8.127548
v -0.438973 2.921768 8.423264
v -1.138973 3.189144 7.990646
v -1.381536 2.204878 8.336639
v -1.814160 2.904877 8.069260
v -2.128990 2.186382 8.134613
v -1.707797 1.676977 8.538284
v -2.579063 1.851585 8.549576
v -2.928326 2.173403 7.915512
v -3.230577 1.740604 8.366058
v -3.334949 1.339565 8.982742
v -2.720914 1.397392 9.291718
v -3.098455 0.817356 9.544113
v -2.288290 0.906483 9.688309
v -2.619781 0.439816 9.796875
v -2.331365 -0.026852 9.796875
v -3.141372 -2.209257 9.067688
v -3.753789 -1.617168 9.256729
v -2.974323 -1.480997 9.462601
v -4.311124 -2.126863 8.637604
v -4.330967 -1.755323 8.815048
v -2.443024 2.730042 7.595398
v -1.429397 4.095440 -1.308975
v -1.737242 3.729904 -0.965485
v -1.805140 3.340019 -1.482452
v -1.292658 4.163582 -0.617508
v -0.595312 4.515556 -0.401718
v -0.528269 4.696468 -1.397659
v 0.171731 4.963844 -0.965042
v 0.171731 4.754753 -1.701065
v 0.933231 4.621113 -1.510162
v 0.871731 4.696468 -0.532410
v 1.362642 4.299866 -0.965042
v 1.694731 4.487469 -1.926056
v 2.127355 3.787468 -1.658676
v 2.185642 4.090866 -2.358673
v 1.694731 4.487469 -2.791306
v 2.221095 3.819931 -3.125351
v 2.394731 3.354843 -2.358673
v 1.836477 3.533184 -0.672195
v 1.335263 3.946453 -0.204727
v 1.836477 3.533184 0.275482
v 2.284805 2.894001 -0.471390
v 2.226518 2.590603 0.228607
v 2.493894 2.157978 -0.471390
v 2.226518 1.725355 0.228607
v 2.101739 1.390888 -0.560516
v 1.864275 0.989412 -0.091995
v 1.680251 1.007685 0.897537
v 1.426534 0.428806 0.232101
v 1.469515 0.200809 1.021881
v 1.559656 0.648727 1.676575
v 1.858885 1.487679 1.548645
v 1.501368 0.952127 2.376572
v 0.978603 0.149199 2.237137
v 1.138915 0.783194 2.986649
v 1.420575 1.524359 3.090607
v 1.080627 1.086594 3.686646
v 0.648004 0.386593 3.419266
v 0.750461 0.876211 4.220642
v 1.080627 1.951839 3.686646
v 1.420575 2.389606 3.090607
v 0.719898 2.687584 3.686188
v 0.790521 2.627296 4.373978
v 0.808748 2.044857 4.920639
v 1.017837 1.308834 4.920639
v 0.671488 1.834625 5.680649
v 0.801603 2.663815 5.740646
v 0.666127 2.448956 6.801849
v 1.126274 3.189144 6.590637
v 1.184562 2.885746 7.290634
v 0.693650 2.489147 7.723267
v 1.126274 3.189144 7.990646
v 0.426274 2.921768 8.423264
v 0.729674 3.621769 8.481552
v -0.006350 3.621769 8.690643
v -0.006350 4.485405 8.291061
v -0.383891 4.232647 8.279053
v -0.742373 3.621769 8.481552
v -1.184145 3.939728 7.908386
v 1.345566 3.929783 0.708099
v 0.535645 4.122520 0.834641
v 0.429226 4.386108 0.255234
v 1.190987 3.905697 1.205811
v 1.623610 3.205696 1.473190
v 1.046603 3.426441 1.981262
v 1.479044 2.709721 2.319626
v 1.746603 2.293816 1.548645
v 1.687951 1.956982 2.390610
v 0.987951 3.089603 2.823227
v 0.200384 3.651733 2.243393
v 0.463560 3.239109 3.368912
v 0.041338 3.677502 3.078110
v -0.330440 3.980442 3.851791
v 0.504765 3.644684 4.445999
v -0.095233 4.218472 5.191315
v 0.611885 3.616314 5.891006
v 0.426274 4.321770 6.158020
v 1.126274 4.054394 6.590637
v 0.693650 4.754391 6.858017
v 1.184562 4.357792 7.290634
v 1.393650 3.621769 7.290634
v 1.126274 4.054394 7.990646
v 0.693650 4.754391 7.723267
v -0.006350 5.021770 7.290634
v -0.095475 4.629616 8.057724
v -0.006350 4.812679 6.554611
v -0.516704 4.306896 4.747665
v 0.442859 3.873928 1.522354
v 1.905397 1.837875 0.735458
v 2.961577 3.775005 -4.441116
v 2.211951 4.085484 -3.957474
v 2.505637 4.512730 -4.722900
v 3.789385 3.858715 -5.543457
v 2.505637 4.512730 -5.588150
v 1.805637 4.780106 -5.155518
v 1.805637 4.571014 -5.891541
v 2.153771 4.305988 -6.272583
v 1.356604 4.492489 -6.627029
v 2.235324 4.058304 -7.071335
v 1.356604 4.492489 -7.677689
v 1.847515 4.095886 -8.110306
v 1.596744 4.295498 -8.911728
v 2.029367 3.595501 -8.644363
v 2.087655 3.898899 -9.344360
v 1.617515 4.415886 -9.584305
v 2.196562 3.705837 -9.981400
v 1.459805 4.137772 -10.510117
v 1.126604 4.812489 -10.016937
v 0.804203 4.635105 -10.667679
v 1.994067 3.347355 -10.592285
v 2.056603 3.359863 -8.110306
v 3.021486 4.319542 -6.648727
v 3.021486 4.110451 -7.384750
v 2.437176 3.692127 -7.659393
v 3.454110 3.619541 -7.781357
v 3.721486 4.052166 -7.081360
v 4.363057 3.764343 -7.412125
v 3.930433 3.273434 -7.808731
v 4.795681 3.273434 -7.808731
v 4.363057 2.573433 -8.076096
v 3.627033 2.573433 -7.867004
v 3.990296 1.873432 -7.808731
v 4.608398 2.106768 -7.828156
v 5.306549 1.412855 -5.896011
v 5.095677 1.571041 -6.879913
v 4.407956 1.259695 -6.588654
v 5.797461 1.809456 -6.328629
v 5.739173 2.112856 -5.628632
v 6.006549 2.545479 -6.328629
v 5.739173 2.978104 -5.628632
v 5.342573 2.545479 -5.137711
v 5.039173 3.245480 -5.195999
v 5.306549 3.678104 -5.896011
v 4.606549 3.736389 -5.592606
v 4.282299 3.375473 -5.159454
v 4.484803 3.959457 -6.502365
v 3.849675 4.075474 -6.292068
v 5.184803 3.692081 -6.934982
v 5.797461 3.281502 -6.328629
v 5.444645 2.564114 -7.423920
v 5.473220 2.181917 -7.113235
v 5.170730 2.479649 -7.626038
v 2.914211 4.162304 -5.892487
v -0.528531 4.952724 -11.457474
v -0.150990 4.372688 -11.709869
v 0.203683 4.754898 -11.147705
v -0.629664 3.995148 -11.962631
v -1.151413 3.617607 -11.818420
v 6.316097 3.977482 -10.760391
v 6.248019 3.367958 -10.913788
v 5.928533 3.528511 -11.397705
v 6.723721 3.351616 -10.593506
v 6.913980 4.195824 -10.557861
v 7.261443 3.735497 -10.459564
v 7.552831 4.129379 -10.565933
v 5.830372 3.977482 -11.951309
v 0.264722 1.500612 14.385712
v 9.497558 3.817791 2.517609
v 10.124894 3.451767 2.813538
v 10.938896 3.669815 3.166351
v 11.874172 3.394478 3.675293
v 11.119297 3.124161 3.549744
v 11.617226 2.577579 4.036041
v 12.832344 2.989090 4.341400
v 12.399721 2.498180 4.737991
v 13.099722 2.556469 5.041397
v 13.737587 2.969879 4.924454
v 14.029486 2.498180 5.745255
v 13.214603 2.440811 5.977646
v 14.552605 2.764233 5.365952
v 14.675621 2.969879 4.924454
v 15.375622 3.028164 5.227859
v 15.252605 2.822521 5.669357
v 16.012604 3.112812 5.199646
v 16.012604 2.885807 5.998764
v 16.772602 2.822521 5.669357
v 16.482311 2.352814 6.429352
v 14.206604 3.403805 4.433762
v 13.596138 3.543400 4.035568
v 12.715601 3.403698 3.949295
v 13.163515 4.034309 3.638977
v 13.214603 2.186920 6.871384
v 12.169121 1.243813 7.524902
v -0.436392 -0.013987 13.178223
v -1.017516 -1.759447 -0.086807
v 14.601933 4.610146 1.772644
v 15.042255 4.084816 1.037521
v 14.774879 3.581192 1.737534
v 15.397934 4.240555 0.391632
v 15.314644 3.293320 0.288971
v 15.800045 3.748928 -0.121460
v 15.462872 2.998722 -0.528488
v 16.023602 3.337109 -0.957657
v 15.617802 2.832699 -1.569565
v 16.118687 3.243057 -2.144409
v 15.769869 2.693676 -2.478790
v 16.693554 3.136269 -3.245316
v 16.613579 3.673595 -2.328995
v 16.918589 3.437420 -2.919159
v 17.389067 3.796021 -2.672302
v 13.414038 -0.959011 9.544998
v 14.181604 -1.025185 9.806641
v 13.421606 -1.315479 10.276352
v 14.181604 -1.252195 10.605759
v 13.711897 -1.785187 11.036346
v 14.651312 -1.785187 11.036346
v 14.181604 -2.545185 11.326645
v 14.980717 -2.545185 11.099625
v 14.651312 -3.305183 11.036346
v 15.411310 -3.014893 10.566635
v 15.411310 -2.075478 10.566635
v 15.701605 -2.545185 9.806641
v 15.474594 -1.746073 9.806641
v 15.411310 -2.075478 9.046646
v 14.941603 -1.315479 9.336929
v 14.941603 -1.315479 10.276352
v 4.934604 1.068108 8.630356
v 14.776802 0.429998 -3.248688
v 12.842604 -7.889185 12.177643
v -3.382396 -6.403767 2.182297
v 10.764746 1.703909 -7.089661
v 11.174231 1.903238 -7.596573
v 9.392421 0.706514 -3.379486
v 8.732895 0.508759 -2.498276
v 8.987977 0.595762 -3.219940
v 8.484506 0.144665 -3.466873
v 7.757604 0.228390 -3.015930
v 7.757604 0.228390 -2.150681
v 8.648277 0.212715 -1.759750
v 9.062889 -0.249050 -1.315994
v 7.878740 -0.368681 -1.346375
v 8.457603 -0.904234 -1.183304
v 8.035900 -1.233130 -1.183777
v 7.299876 -1.233130 -0.974686
v 7.685784 -1.987135 -1.443802
v 8.360111 -1.877504 -1.513351
v 7.299876 -0.042219 -3.110718
v 7.682145 -0.780531 -3.754944
v 8.068054 -0.273930 -3.603165
v 6.867252 -0.533129 -3.507309
v 6.599876 -0.100506 -2.807312
v 7.299876 0.166870 -2.374695
v 6.599876 -0.100506 -1.942062
v 7.299876 -0.042219 -1.638672
v 6.867252 -0.533129 -1.242065
v 6.167253 -0.800507 -1.674698
v 6.563852 -1.233130 -1.183777
v 6.311461 -1.610670 -1.763824
v 6.922336 -1.844004 -1.386276
v 6.108965 -0.497107 -2.374695
v 6.078128 -1.233130 -2.374695
v 6.210327 -1.088923 -3.004990
v 6.676993 -1.088923 -3.471664
v 7.195103 -1.123499 -3.704834
v 4.754396 -3.891884 6.146179
v -4.474397 -8.053478 4.207352
v 6.211715 -18.706184 10.298630
v -2.838386 -11.825073 -2.295364
v 15.377275 -27.936514 5.046646
v 15.052603 -27.411184 4.196640
v 15.767170 -28.825880 4.694565
v 15.866209 -29.203043 5.561646
v 15.976259 -29.561905 4.694565
v 15.822329 -29.896559 5.446762
v 15.924496 -29.506441 6.261642
v 15.670603 -30.400185 6.261642
v 15.651276 -30.659857 5.485641
v 15.554953 -31.336433 6.376526
v 15.176514 -31.570309 5.935776
v 15.218653 -31.359856 5.218262
v 15.709562 -30.963255 4.785645
v 14.685604 -31.966908 5.503159
v 14.685604 -31.641949 4.765961
v 13.985603 -32.025196 5.199753
v 13.985603 -31.798185 4.400650
v 13.225605 -32.088478 4.870346
v 13.225605 -32.088478 3.930939
v 12.692614 -32.519073 4.400650
v 12.755898 -32.848480 3.640640
v 12.465603 -33.318184 4.400650
v 12.755898 -33.787891 3.640640
v 12.692614 -34.117294 4.400650
v 13.126537 -34.608002 3.931625
v 13.166996 -34.298492 3.158691
v 13.376085 -35.034519 3.158691
v 13.190239 -34.833374 2.260452
v 13.027506 -35.527718 2.365692
v 12.971130 -35.171539 1.475876
v 13.715996 -34.417877 1.815598
v 12.501373 -36.176956 1.811646
v 12.426432 -35.786869 0.911636
v 12.894991 -35.267002 0.324127
v 12.501373 -36.176956 0.011642
v 12.157604 -36.733185 0.911636
v 12.501373 -37.289413 0.011642
v 13.011288 -36.733185 -0.619522
v 12.870131 -37.679798 -0.634903
v 13.760897 -37.191185 -1.126068
v 13.431492 -37.951187 -1.189346
v 14.230604 -37.951187 -1.416351
v 14.712381 -37.154175 -1.236038
v 15.029716 -37.951187 -1.189346
v 15.823317 -37.149834 -0.590408
v 15.460310 -38.420891 -0.656357
v 15.848555 -38.013100 0.103638
v 16.339464 -37.616501 0.536270
v 16.618460 -36.927078 -0.037216
v 16.255939 -36.449833 -0.857788
v 16.955940 -36.391548 -0.554382
v 17.076271 -36.173325 -1.390320
v 17.761604 -36.354290 -0.839096
v 18.006458 -36.112206 -1.804581
v 17.196604 -36.282185 -2.337357
v 18.611603 -36.283516 -0.470688
v 18.832602 -35.643513 -1.623688
v 17.761604 -36.699284 -0.056458
v 18.691370 -36.412579 0.487274
v 17.883310 -37.329185 0.904938
v 18.643309 -37.038891 1.374649
v 19.075932 -36.338890 1.107269
v 19.339731 -35.962814 0.745804
v 19.150038 -36.832882 1.960709
v 18.706593 -37.368298 2.134644
v 19.014603 -36.793514 2.983978
v 18.173601 -37.798889 2.604355
v 18.016598 -37.761448 3.316132
v 17.481169 -38.213646 2.134644
v 16.946459 -38.697178 3.230637
v 17.357601 -38.171513 3.755966
v 17.882931 -37.321514 4.080643
v 17.989933 -36.535561 4.266586
v 17.401346 -36.796185 4.676743
v 17.704746 -36.096184 4.735031
v 18.377035 -35.791225 4.432907
v 18.689934 -36.268185 3.833969
v 18.062115 -35.516068 4.926041
v 18.747932 -35.155514 4.342636
v 17.359863 -35.892460 5.095398
v 17.898157 -35.307110 5.559021
v 17.092485 -35.459835 5.795395
v 17.906483 -35.114700 6.248611
v 17.063766 -35.453697 6.777176
v 17.827602 -35.019512 7.256973
v 16.977604 -35.090290 7.625381
v 17.502934 -34.494186 8.106979
v 16.452274 -34.494186 8.106979
v 16.977604 -33.644184 8.431641
v 16.083860 -33.644184 8.177750
v 16.368572 -32.838520 8.215012
v 17.152355 -32.739067 8.632294
v 17.114273 -32.175186 8.834976
v 16.264275 -31.850513 8.309647
v 16.674339 -31.410669 8.968643
v 16.113270 -30.857059 8.331970
v 16.193497 -30.589161 9.089401
v 16.765343 -30.990177 9.362976
v 16.331606 -30.400890 9.698349
v 17.043964 -30.539356 10.092422
v 15.798615 -29.970297 9.228638
v 15.861898 -29.640890 9.988647
v 15.571604 -29.171185 9.228638
v 15.861898 -28.701479 9.988647
v 15.798615 -28.372074 9.228638
v 15.861898 -28.701479 8.468643
v 15.751926 -29.652962 8.431625
v 16.041489 -29.116522 7.672623
v 15.811283 -30.148071 7.634018
v 15.854786 -29.843857 7.071915
v 16.385170 -28.985489 6.759567
v 15.822329 -30.903811 7.076523
v 15.823952 -31.325184 7.574524
v 15.613239 -31.639833 7.076523
v 15.823952 -32.261433 7.574524
v 15.122330 -32.036434 6.643906
v 15.347837 -33.644184 7.968658
v 14.962244 -33.208210 7.552856
v 14.652990 -32.556355 6.750748
v 14.599628 -32.225967 5.944031
v 13.828232 -32.702034 6.536606
v 13.778860 -32.395584 5.800140
v 13.063587 -33.262547 6.081406
v 12.755898 -32.848480 5.160645
v 12.645924 -33.799961 5.197647
v 12.688066 -34.069004 5.913925
v 13.113688 -35.007004 5.318985
v 13.171974 -34.703606 4.618988
v 13.400370 -35.679886 4.553802
v 13.335627 -35.344025 3.931625
v 13.361389 -36.223545 3.788620
v 13.151304 -35.814384 3.178116
v 13.024899 -36.655479 3.198639
v 12.868237 -36.290855 2.497528
v 13.455492 -37.125183 3.731628
v 13.024899 -37.594891 3.198639
v 12.961615 -37.924297 2.438644
v 13.494606 -38.354889 2.908356
v 13.759388 -38.702148 1.895798
v 13.057604 -38.189415 1.467880
v 12.501373 -37.289413 1.811646
v 12.426432 -37.679501 0.911636
v 12.612654 -38.013100 0.103638
v 12.937614 -38.750298 0.103638
v 13.000898 -38.420891 -0.656357
v 13.470606 -39.180893 -0.366058
v 13.760897 -38.711185 -1.126068
v 14.230604 -39.244175 -0.695465
v 14.700312 -38.711185 -1.126068
v 14.990602 -39.180893 -0.366058
v 14.230604 -39.471184 0.103638
v 14.868603 -39.242737 0.666306
v 15.523594 -38.750298 0.103638
v 15.580580 -38.844398 1.005280
v 15.906841 -38.316498 0.803650
v 16.100613 -38.743511 1.410187
v 15.568604 -39.184448 1.834946
v 16.296602 -39.175514 2.296310
v 16.858055 -38.454193 1.878311
v 16.990259 -38.610245 2.609024
v 16.296602 -39.175514 3.346970
v 15.446604 -39.500183 2.821640
v 15.446604 -39.246292 3.715378
v 15.971933 -38.650185 4.196976
v 16.879995 -38.489697 3.707535
v 16.572908 -38.272530 4.248734
v 15.446604 -37.915070 4.637299
v 15.921728 -37.278622 5.144531
v 17.032932 -37.646187 4.605972
v 16.578606 -36.911068 5.046295
v 16.269932 -36.658703 5.436356
v 16.659863 -36.159836 5.528015
v 15.930311 -36.109184 6.082352
v 16.362934 -35.618275 6.478958
v 15.591768 -35.703083 6.804153
v 16.171940 -35.127548 7.340683
v 15.344315 -35.100136 7.536545
v 15.704742 -34.529537 7.969528
v 14.876740 -34.587627 8.057266
v 14.530312 -35.318184 7.889343
v 14.060604 -34.558186 8.179642
v 14.532303 -33.744869 7.993088
v 13.590897 -33.798183 7.889343
v 14.146938 -33.166672 7.319946
v 13.300606 -33.328480 7.129349
v 12.830898 -34.088478 7.419647
v 12.767614 -33.759071 6.659637
v 12.540604 -34.558186 6.659637
v 12.830898 -35.027889 7.419647
v 12.767614 -35.357296 6.659637
v 12.830898 -35.027889 5.899643
v 13.300606 -35.787891 6.189941
v 13.241997 -35.538494 5.417694
v 14.110628 -36.242401 5.754288
v 14.110628 -36.242401 4.889038
v 14.700605 -36.578892 5.322357
v 14.543251 -36.942398 4.621658
v 13.843250 -36.675026 4.189041
v 14.146650 -37.375023 4.130753
v 14.552860 -37.800186 4.267746
v 14.039825 -38.406300 3.789856
v 14.921274 -38.650185 4.196976
v 14.596605 -39.175514 3.346970
v 13.970261 -38.818283 2.821640
v 14.763605 -39.238987 2.183853
v 15.041901 -37.267868 4.872818
v 15.460604 -36.642174 5.651749
v 14.991587 -36.208248 6.142456
v 14.060604 -36.078186 6.659637
v 14.820602 -35.787891 7.129349
v 14.060604 -35.851173 7.458755
v 13.300606 -35.787891 7.129349
v 13.590897 -35.318184 7.889343
v 13.261492 -34.558186 7.952637
v 14.063604 -39.180702 1.015213
v 13.470606 -39.180893 0.573349
v 13.688654 -38.828079 1.387360
v 18.173601 -37.798889 1.664932
v 17.341171 -37.894978 1.379898
v 16.980980 -37.404320 0.783371
v 17.413603 -36.913406 0.386765
v 12.051897 -25.446419 -0.407806
v 0.117036 -14.360359 -3.613770
v -0.246308 -14.646894 -4.063354
v 17.212952 -25.656559 6.484909
v 17.104332 -26.193411 6.469025
v 14.522331 -33.237129 -0.131699
v 9.342463 -24.524500 -1.582733
v 8.851552 -24.921101 -2.015350
v 8.526592 -25.658297 -2.015350
v 1.264870 -16.421799 -3.930008
v 20.803314 -30.483511 2.078125
v 10.690491 -23.552185 -9.782349
v 7.373461 -22.766186 -5.734756
v 16.276613 -11.475073 -4.563354
v 16.809605 -11.044479 -5.033066
v 17.569603 -10.981195 -5.362473
v 22.583677 -12.850691 1.257462
v 23.208487 -13.124817 0.486969
v 20.053177 -15.218243 -4.490997
v 21.998114 -25.966068 -1.955353
v 21.440603 -21.785080 -5.417618
v 19.544230 -17.518444 -1.506256
v 10.895422 0.823706 -4.222794
v 3.174110 10.332321 8.489761
v 16.551870 0.918661 -4.396606
v 15.707151 0.597036 -3.930923
v 10.813944 7.501640 -9.241745
v 12.637014 6.561562 -8.972839
v 13.512161 0.849901 -4.448685
v 11.439833 2.327919 -7.983475
v -1.908124 2.618874 -10.295258
v 3.486323 1.346218 -4.636490
v 3.325376 1.724928 -3.939529
v -0.268232 5.424194 -12.099411
v -1.294346 4.426338 -12.689087
v 10.674059 -4.393147 0.600723
v -1.458683 -8.827799 -5.056641
v -1.450687 -8.619146 -4.470291
v -1.463842 -8.548296 -3.843658
v -1.373662 -8.586744 -3.296021
v -1.174928 -8.668268 -2.748398
v 11.276182 -8.544327 -1.183441
v -1.015719 -14.254028 -4.760284
v 7.655578 -13.797019 -9.098801
v 8.211154 -13.798725 -9.638092
v 8.575520 -13.802723 -10.340927
v 12.732012 -11.223446 -9.401459
v 12.604712 -10.791348 -8.787354
v 12.263182 -10.372438 -8.129257
v 11.989286 -16.807655 -8.934570
v 11.687164 -16.949348 -9.430374
v 11.405359 -16.860004 -10.040161
v 15.003599 4.394547 -4.092773
v 15.415276 1.583914 -4.412231
v 11.050508 -1.229753 -0.544632
v 11.483957 -1.558977 0.103699
v 11.693926 -2.215717 0.643967
v -1.875874 3.378304 7.646179
v 2.233755 2.284157 -1.590652
v 2.261642 1.887241 -0.978851
v -0.473016 4.773819 7.535980
v -0.735977 4.664879 6.735077
v -0.756772 4.544598 5.695877
v 0.089474 4.560577 -0.179962
v 1.473829 3.797531 13.352859
v 5.587033 4.644714 13.452072
v 6.078622 5.182011 13.633087
v -1.893796 2.530193 -3.430252
v -2.479410 2.453102 -2.920319
v -3.111394 2.697517 -2.661011
v 5.716783 -23.457272 -7.053848
v 6.034573 -23.971466 -7.023834
v 4.012574 7.039291 13.615616
v 3.118064 7.252319 13.650986
v 2.598359 7.604485 13.353973
v 2.461001 8.063850 12.941101
v 3.264392 8.850266 8.306229
v -0.850164 3.878601 12.161636
v -9.868792 7.507565 -0.547562
v 4.573728 11.862816 7.754410
v -0.373158 0.224806 13.880966
v -4.156108 -2.581858 10.977631
v -4.786839 -2.709425 10.618179
v -5.020172 -3.086966 10.295715
v -5.287916 -4.143909 9.440826
v -5.393766 -4.300104 8.932114
v -5.440014 -3.755648 7.906738
v -5.604842 -2.789753 6.431503
v -5.487298 -2.262220 5.717590
v -1.011456 -1.457094 11.952911
v -3.975055 -1.497145 5.184097
v 3.149781 12.792583 4.213394
v 3.420274 13.350250 3.789444
v 3.321067 13.817490 3.323166
v -2.226176 -0.435129 9.652496
v -13.096176 13.699615 6.948105
v -15.048653 12.978527 5.677841
v -15.293994 13.375496 5.526215
v -15.558810 14.600418 5.485703
v -14.259659 13.211483 -0.281387
v -9.765957 18.997826 11.544510
v -3.365479 17.559460 5.886337
v -2.791786 17.506554 5.364838
v -2.577372 17.531082 4.704849
v -2.652761 17.474083 4.116547
v 7.491081 11.014687 10.543579
v 3.608871 12.096882 7.874023
v -5.823488 5.289192 -1.149002
v -5.149186 5.017036 -1.315567
v 7.854609 6.247925 -11.544052
v 12.821287 0.547243 -3.771576
v -9.219530 14.740307 3.718033
v -8.579413 14.777817 4.206879
v -8.963396 14.761051 4.605621
v -8.368735 14.518688 5.006470
v -7.843771 14.372650 4.628204
v -7.879414 14.510441 3.774246
v -8.549473 14.520824 3.378128
v -9.219530 14.531216 2.982010
v -9.919531 14.472927 3.285416
v -9.919531 14.472927 4.150665
v -9.663397 14.493671 5.038254
v -8.874271 14.368896 5.372711
v -7.290048 13.202065 3.373764
v -7.149868 13.120148 3.781509
v -7.430196 13.797905 4.306717
v -7.446790 13.810440 3.506882
v -7.556312 12.915913 2.669037
v -8.146790 14.077816 3.074249
v -8.283281 13.225422 2.274155
v -8.786907 14.040306 2.585419
v -9.184030 13.282864 2.296097
v -9.652155 14.040306 2.585419
v -10.007021 13.246815 2.357025
v -10.352154 13.772930 3.018036
v -10.707020 12.979439 2.789642
v -10.765307 13.282837 3.489639
v -10.410441 14.076328 3.718033
v -10.253231 13.935001 4.511826
v -10.567408 13.284706 4.899643
v -10.096020 13.793674 5.305618
v -10.509120 12.981308 5.599640
v -9.527212 13.286140 6.023392
v -10.112520 12.548683 6.090561
v -9.734369 12.588844 6.161911
v -9.936027 12.018124 6.038803
v -7.096718 12.173775 2.363922
v -7.008573 11.672733 3.081863
v -6.963481 12.329254 3.400528
v -7.096718 11.308525 2.363922
v -7.493319 11.741150 1.873001
v -7.796718 12.441151 1.931290
v -8.229342 11.741150 1.663910
v -8.688935 12.483288 1.969040
v -9.018068 11.736538 1.905457
v -9.574396 12.546814 2.089645
v -9.806795 11.731930 2.147003
v -10.310420 12.546814 2.298737
v -10.630371 11.869064 3.040695
v -10.317211 11.155899 2.857681
v -10.776496 12.548683 4.899643
v -10.811756 11.966640 4.346085
v -10.836344 12.123085 3.589371
v -10.624988 11.629883 5.070511
v -10.342777 11.655312 5.647018
v -9.353895 11.181293 2.093002
v -9.423612 10.392639 2.495895
v -8.717383 10.535503 2.177383
v -9.872015 10.559357 2.742310
v -8.195200 10.554863 2.254379
v -7.614184 10.611271 2.613968
v -7.251887 10.913017 2.973557
v -9.389512 13.953899 5.704056
v 6.142955 -11.224239 -6.746643
v 6.347809 -10.656254 -6.858871
v 5.907350 -10.349361 -7.364960
v 6.745193 -10.674732 -6.283066
v 6.410331 -11.656862 -6.046646
v 5.710331 -11.715149 -6.350052
v 4.985603 -11.645195 -6.336243
v 5.166477 -11.964096 -5.878387
v 4.341568 -11.902164 -5.374313
v 4.032556 -11.585142 -6.189377
v 3.224359 -11.265621 -5.989883
v 3.532561 -11.124580 -6.615540
v 4.085556 -11.168808 -7.074020
v 4.785556 -11.227095 -7.377426
v 4.301579 -10.493166 -7.715256
v 5.218180 -10.736185 -7.774033
v 4.886689 -10.269518 -7.882584
v 5.408439 -10.180391 -7.738373
v 6.842955 -10.956861 -4.914017
v 6.698747 -10.146696 -5.003143
v 6.932079 -10.524240 -5.614029
v 6.901242 -11.260262 -5.614029
v 6.410331 -11.656862 -5.181396
v 6.299101 -11.205809 -4.442368
v 5.866477 -11.905809 -4.709747
v 5.166477 -12.173185 -5.142365
v 5.166477 -11.964096 -4.406342
v 4.341568 -11.797619 -4.573669
v 4.733853 -11.473186 -4.009735
v 3.784035 -11.198521 -4.041000
v 3.516659 -11.631144 -4.741013
v 3.084035 -10.931143 -4.473633
v 2.880428 -10.974394 -5.674728
v 2.769289 -10.658531 -4.880341
v 2.474777 -10.202791 -5.578827
v 2.324693 -10.059208 -4.800354
v 2.232764 -9.600435 -5.361160
v 2.204730 -9.141932 -4.833008
v 3.948228 -8.623184 -3.667740
v 3.126054 -8.692881 -3.780502
v 3.650838 -8.329912 -4.079514
v 3.515604 -9.323185 -3.400360
v 4.251628 -9.323185 -3.609451
v 4.797009 -8.615263 -4.335709
v 5.101172 -9.267521 -3.702011
v 5.393352 -9.145250 -4.327332
v 5.801172 -9.534899 -4.134628
v 6.118153 -9.583584 -4.599136
v 5.404572 -9.967522 -3.643723
v 5.902501 -10.773186 -3.951462
v 6.446355 -10.524239 -4.423111
v 5.133825 -10.720354 -3.722183
v 5.599101 -11.473186 -4.009735
v 4.668549 -9.967522 -3.434631
v 4.235925 -10.667522 -3.702011
v 3.396933 -10.454185 -3.874680
v 3.082980 -10.023186 -3.667740
v 2.748513 -8.945642 -3.792511
v 2.382980 -9.755808 -4.100357
v 2.426054 -9.178976 -4.170059
v 3.872686 -10.861025 -7.244888
v 4.179361 -8.381054 -4.223145
f 1 2 3
f 4 3 2
f 5 4 2
f 6 5 2
f 7 6 2
f 1 7 2
f 8 7 1
f 9 8 1
f 10 9 1
f 11 10 1
f 3 11 1
f 12 11 3
f 4 12 3
f 13 12 4
f 14 13 4
f 15 13 14
f 16 15 14
f 17 16 14
f 18 16 17
f 19 18 17
f 20 19 17
f 21 19 20
f 22 21 20
f 23 22 20
f 24 22 23
f 25 22 24
f 26 25 24
f 27 22 25
f 28 27 25
f 29 28 25
f 26 29 25
f 30 29 26
f 31 29 30
f 32 31 30
f 33 32 30
f 34 32 33
f 35 34 33
f 36 34 35
f 37 36 35
f 38 37 35
f 39 37 38
f 40 37 39
f 41 40 39
f 42 41 39
f 43 41 42
f 44 43 42
f 45 44 42
f 46 44 45
f 47 46 45
f 48 46 47
f 49 48 47
f 50 48 49
f 51 50 49
f 52 51 49
f 53 52 49
f 54 52 53
f 55 54 53
f 56 54 55
f 57 56 55
f 58 57 55
f 59 57 58
f 60 59 58
f 61 59 60
f 62 61 60
f 63 62 60
f 64 62 63
f 65 64 63
f 66 64 65
f 67 66 65
f 68 66 67
f 69 68 67
f 70 69 67
f 71 70 67
f 72 70 71
f 73 70 72
f 74 73 72
f 75 74 72
f 76 74 75
f 77 74 76
f 78 77 76
f 79 78 76
f 80 78 79
f 81 80 79
f 82 81 79
f 83 80 81
f 84 83 81
f 85 84 81
f 86 84 85
f 87 84 86
f 88 87 86
f 89 87 88
f 90 89 88
f 91 89 90
f 92 91 90
f 93 91 92
f 94 91 93
f 95 94 93
f 96 95 93
f 97 95 96
f 98 97 96
f 99 97 98
f 100 97 99
f 101 100 99
f 102 101 99
f 103 101 102
f 104 103 102
f 105 104 102
f 106 104 105
f 107 106 105
f 108 106 107
f 109 106 108
f 110 109 108
f 111 110 108
f 112 111 108
f 113 112 108
f 114 112 113
f 111 112 114
f 115 110 111
f 116 115 111
f 117 115 116
f 118 117 116
f 119 118 116
f 120 118 119
f 121 118 120
f 122 121 120
f 123 121 122
f 124 123 122
f 125 123 124
f 126 125 124
f 127 126 124
f 128 126 127
f 129 128 127
f 130 128 129
f 131 128 130
f 132 131 130
f 133 132 130
f 134 128 131
f 135 134 131
f 136 135 131
f 132 136 131
f 137 136 132
f 138 137 132
f 139 138 132
f 133 139 132
f 140 139 133
f 141 140 133
f 142 140 141
f 143 139 140
f 142 143 140
f 144 143 142
f 145 139 143
f 146 145 143
f 147 146 143
f 144 147 143
f 148 147 144
f 149 148 144
f 150 147 148
f 151 150 148
f 152 150 151
f 153 152 151
f 154 153 151
f 155 153 154
f 156 155 154
f 157 155 156
f 158 157 156
f 159 157 158
f 160 157 159
f 161 160 159
f 162 161 159
f 163 160 161
f 164 163 161
f 165 164 161
f 166 165 161
f 162 166 161
f 167 166 162
f 168 167 162
f 159 168 162
f 169 168 159
f 158 169 159
f 170 167 168
f 171 170 168
f 172 170 171
f 173 172 171
f 174 172 173
f 175 174 173
f 176 175 173
f 177 176 173
f 178 177 173
f 171 178 173
f 179 178 171
f 180 178 179
f 177 178 180
f 181 177 180
f 182 181 180
f 183 177 181
f 176 177 183
f 184 176 183
f 181 184 183
f 185 184 181
f 186 176 184
f 187 186 184
f 188 187 184
f 189 188 184
f 185 189 184
f 190 189 185
f 191 190 185
f 192 190 191
f 193 189 190
f 192 193 190
f 194 193 192
f 195 194 192
f 196 195 192
f 197 195 196
f 198 195 197
f 199 198 197
f 200 198 199
f 201 200 199
f 202 201 199
f 203 202 199
f 204 202 203
f 205 202 204
f 206 205 204
f 207 206 204
f 208 206 207
f 209 208 207
f 210 208 209
f 211 208 210
f 212 211 210
f 213 212 210
f 214 212 213
f 215 212 214
f 216 215 214
f 217 216 214
f 218 216 217
f 219 218 217
f 220 218 219
f 221 220 219
f 222 220 221
f 223 222 221
f 224 223 221
f 225 224 221
f 219 225 221
f 226 225 219
f 217 226 219
f 227 226 217
f 228 226 227
f 229 228 227
f 230 226 228
f 231 230 228
f 232 230 231
f 233 232 231
f 234 232 233
f 235 234 233
f 236 235 233
f 237 235 236
f 238 235 237
f 239 238 237
f 240 239 237
f 241 239 240
f 242 241 240
f 243 241 242
f 244 241 243
f 245 244 243
f 246 245 243
f 247 245 246
f 248 245 247
f 249 248 247
f 250 249 247
f 251 249 250
f 252 251 250
f 253 252 250
f 254 252 253
f 255 254 253
f 256 255 253
f 257 255 256
f 258 257 256
f 259 257 258
f 260 259 258
f 261 260 258
f 262 260 261
f 263 262 261
f 264 262 263
f 265 264 263
f 266 265 263
f 267 265 266
f 268 267 266
f 269 265 267
f 270 269 267
f 271 270 267
f 272 270 271
f 273 272 271
f 274 273 271
f 275 274 271
f 276 275 271
f 277 275 276
f 278 277 276
f 279 278 276
f 280 279 276
f 281 279 280
f 282 279 281
f 283 282 281
f 284 282 283
f 285 284 283
f 286 284 285
f 287 284 286
f 288 287 286
f 289 288 286
f 290 289 286
f 291 289 290
f 292 291 290
f 293 291 292
f 294 293 292
f 295 294 292
f 296 294 295
f 297 296 295
f 298 296 297
f 299 298 297
f 300 298 299
f 301 296 298
f 302 296 301
f 303 302 301
f 304 302 303
f 305 304 303
f 306 305 303
f 301 306 303
f 307 305 306
f 308 307 306
f 309 307 308
f 310 309 308
f 311 310 308
f 312 311 308
f 306 312 308
f 313 311 312
f 314 311 313
f 315 314 313
f 316 315 313
f 317 315 316
f 318 317 316
f 319 317 318
f 320 319 318
f 321 320 318
f 322 319 320
f 323 322 320
f 324 319 322
f 325 324 322
f 326 324 325
f 327 326 325
f 328 326 327
f 329 328 327
f 330 329 327
f 331 329 330
f 332 329 331
f 333 332 331
f 334 333 331
f 335 333 334
f 336 335 334
f 337 335 336
f 338 337 336
f 339 335 337
f 340 339 337
f 341 339 340
f 342 341 340
f 343 342 340
f 344 342 343
f 345 342 344
f 346 345 344
f 347 346 344
f 348 347 344
f 349 347 348
f 350 349 348
f 351 350 348
f 352 350 351
f 353 350 352
f 354 353 352
f 355 353 354
f 356 355 354
f 357 355 356
f 358 357 356
f 359 358 356
f 360 359 356
f 361 359 360
f 362 359 361
f 363 362 361
f 364 363 361
f 365 363 364
f 366 363 365
f 367 366 365
f 368 367 365
f 369 367 368
f 370 367 369
f 371 370 369
f 372 371 369
f 373 371 372
f 374 373 372
f 375 373 374
f 376 375 374
f 377 375 376
f 378 377 376
f 379 378 376
f 380 379 376
f 381 379 380
f 382 381 380
f 383 382 380
f 384 382 383
f 385 382 384
f 386 385 384
f 387 386 384
f 388 385 386
f 389 388 386
f 390 388 389
f 391 390 389
f 392 390 391
f 393 392 391
f 394 392 393
f 395 392 394
f 396 392 395
f 397 396 395
f 398 397 395
f 399 398 395
f 400 398 399
f 401 400 399
f 402 401 399
f 403 402 399
f 404 403 399
f 405 403 404
f 406 403 405
f 407 403 406
f 408 407 406
f 409 408 406
f 410 408 409
f 411 410 409
f 412 410 411
f 413 412 411
f 414 413 411
f 415 413 414
f 416 415 414
f 417 413 415
f 418 417 415
f 419 418 415
f 420 419 415
f 416 420 415
f 421 420 416
f 422 419 420
f 423 419 422
f 424 423 422
f 425 423 424
f 426 425 424
f 427 426 424
f 428 426 427
f 429 426 428
f 430 429 428
f 431 429 430
f 432 431 430
f 433 431 432
f 434 433 432
f 435 433 434
f 436 433 435
f 437 436 435
f 438 437 435
f 439 438 435
f 440 438 439
f 441 438 440
f 442 441 440
f 443 441 442
f 444 443 442
f 445 444 442
f 446 444 445
f 447 446 445
f 448 446 447
f 449 448 447
f 450 448 449
f 451 450 449
f 452 451 449
f 453 451 452
f 454 453 452
f 455 454 452
f 456 454 455
f 457 456 455
f 458 454 456
f 459 458 456
f 460 459 456
f 461 459 460
f 458 459 461
f 462 453 454
f 463 453 462
f 464 463 462
f 465 464 462
f 466 465 462
f 467 465 466
f 468 467 466
f 469 468 466
f 470 467 468
f 471 470 468
f 472 470 471
f 473 472 471
f 474 472 473
f 475 474 473
f 476 475 473
f 477 476 473
f 478 476 477
f 479 478 477
f 480 478 479
f 481 480 479
f 482 481 479
f 483 481 482
f 484 481 483
f 485 481 484
f 486 485 484
f 487 486 484
f 488 486 487
f 489 486 488
f 490 489 488
f 491 489 490
f 492 491 490
f 493 492 490
f 494 492 493
f 495 492 494
f 496 495 494
f 497 496 494
f 498 497 494
f 499 497 498
f 500 499 498
f 501 499 500
f 502 501 500
f 503 501 502
f 504 503 502
f 505 504 502
f 506 504 505
f 507 506 505
f 508 507 505
f 509 507 508
f 510 506 507
f 511 510 507
f 512 510 511
f 513 512 511
f 514 512 513
f 515 514 513
f 516 515 513
f 517 515 516
f 518 517 516
f 519 517 518
f 520 519 518
f 521 519 520
f 522 521 520
f 523 522 520
f 524 522 523
f 525 522 524
f 526 525 524
f 527 526 524
f 528 526 527
f 529 528 527
f 530 528 529
f 531 530 529
f 532 530 531
f 533 532 531
f 534 533 531
f 535 533 534
f 536 535 534
f 537 535 536
f 538 537 536
f 539 538 536
f 540 538 539
f 541 540 539
f 542 540 541
f 543 540 542
f 544 543 542
f 545 544 542
f 546 545 542
f 547 546 542
f 541 547 542
f 548 547 541
f 549 547 548
f 550 547 549
f 551 550 549
f 552 551 549
f 553 552 549
f 554 552 553
f 555 552 554
f 556 555 554
f 557 556 554
f 558 556 557
f 559 556 558
f 560 559 558
f 561 560 558
f 562 560 561
f 563 560 562
f 564 563 562
f 565 564 562
f 566 564 565
f 567 566 565
f 568 566 567
f 569 568 567
f 570 569 567
f 571 570 567
f 572 571 567
f 573 571 572
f 574 573 572
f 575 573 574
f 576 575 574
f 577 575 576
f 578 577 576
f 579 577 578
f 580 579 578
f 581 579 580
f 582 579 581
f 583 582 581
f 584 583 581
f 585 583 584
f 586 585 584
f 587 586 584
f 588 586 587
f 589 586 588
f 590 589 588
f 591 590 588
f 592 590 591
f 593 592 591
f 594 593 591
f 595 592 593
f 596 595 593
f 597 595 596
f 598 595 597
f 599 598 597
f 600 599 597
f 601 599 600
f 602 599 601
f 603 602 601
f 604 603 601
f 605 603 604
f 606 603 605
f 607 606 605
f 608 606 607
f 609 608 607
f 610 609 607
f 611 609 610
f 612 609 611
f 613 612 611
f 614 613 611
f 615 613 614
f 616 615 614
f 617 615 616
f 618 615 617
f 619 618 617
f 620 619 617
f 621 620 617
f 622 620 621
f 623 620 622
f 624 623 622
f 625 623 624
f 626 625 624
f 627 626 624
f 628 626 627
f 629 628 627
f 630 629 627
f 631 630 627
f 632 630 631
f 629 630 632
f 633 629 632
f 634 629 633
f 635 634 633
f 636 635 633
f 637 636 633
f 632 637 633
f 638 637 632
f 639 637 638
f 640 639 638
f 641 640 638
f 642 639 640
f 643 639 642
f 644 643 642
f 645 643 644
f 646 645 644
f 647 645 646
f 648 647 646
f 649 647 648
f 650 649 648
f 651 650 648
f 652 650 651
f 653 650 652
f 654 653 652
f 655 654 652
f 656 654 655
f 657 656 655
f 658 656 657
f 659 658 657
f 660 659 657
f 661 659 660
f 662 661 660
f 663 661 662
f 664 661 663
f 665 664 663
f 666 665 663
f 667 666 663
f 668 666 667
f 669 668 667
f 670 668 669
f 671 670 669
f 672 670 671
f 673 672 671
f 674 672 673
f 675 674 673
f 676 674 675
f 677 676 675
f 678 676 677
f 679 678 677
f 680 678 679
f 681 680 679
f 682 680 681
f 683 682 681
f 684 683 681
f 685 683 684
f 686 685 684
f 687 685 686
f 688 685 687
f 689 688 687
f 690 689 687
f 691 690 687
f 692 689 690
f 693 692 690
f 694 692 693
f 695 694 693
f 696 692 694
f 697 696 694
f 698 697 694
f 699 697 698
f 700 699 698
f 701 700 698
f 694 701 698
f 702 700 701
f 703 700 702
f 704 703 702
f 705 704 702
f 701 705 702
f 706 704 705
f 707 706 705
f 708 707 705
f 709 707 708
f 710 709 708
f 711 710 708
f 712 709 710
f 713 712 710
f 714 712 713
f 715 712 714
f 716 715 714
f 717 716 714
f 718 716 717
f 719 716 718
f 715 716 719
f 720 715 719
f 721 720 719
f 722 720 721
f 723 720 722
f 724 723 722
f 725 723 724
f 726 725 724
f 727 726 724
f 728 726 727
f 729 728 727
f 730 729 727
f 731 729 730
f 732 731 730
f 733 731 732
f 734 733 732
f 735 734 732
f 736 734 735
f 737 736 735
f 738 736 737
f 739 738 737
f 740 739 737
f 741 739 740
f 742 741 740
f 743 741 742
f 744 743 742
f 745 744 742
f 746 744 745
f 747 746 745
f 748 746 747
f 749 748 747
f 750 748 749
f 751 748 750
f 752 751 750
f 753 751 752
f 754 753 752
f 755 754 752
f 756 754 755
f 757 753 754
f 758 751 753
f 759 751 758
f 760 759 758
f 761 759 760
f 762 761 760
f 763 762 760
f 764 762 763
f 765 762 764
f 766 762 765
f 767 766 765
f 768 767 765
f 769 768 765
f 764 769 765
f 770 769 764
f 763 770 764
f 771 769 770
f 772 769 771
f 773 772 771
f 774 773 771
f 775 774 771
f 776 774 775
f 777 776 775
f 778 776 777
f 779 778 777
f 780 779 777
f 781 779 780
f 782 779 781
f 780 783 781
f 784 785 783
f 786 785 784
f 787 786 784
f 788 786 787
f 789 788 787
f 790 788 789
f 791 790 789
f 792 790 791
f 793 792 791
f 794 793 791
f 795 793 794
f 796 795 794
f 797 795 796
f 798 797 796
f 799 797 798
f 800 799 798
f 801 799 800
f 802 801 800
f 803 801 802
f 804 803 802
f 805 804 802
f 806 804 805
f 807 806 805
f 808 807 805
f 809 807 808
f 810 807 809
f 811 810 809
f 806 807 810
f 812 806 810
f 813 812 810
f 814 813 810
f 811 814 810
f 815 814 811
f 809 815 811
f 816 815 809
f 817 816 809
f 818 816 817
f 819 818 817
f 820 819 817
f 821 819 820
f 822 821 820
f 823 821 822
f 824 823 822
f 825 824 822
f 826 824 825
f 827 824 826
f 828 827 826
f 829 827 828
f 830 829 828
f 831 830 828
f 832 830 831
f 833 832 831
f 834 832 833
f 835 834 833
f 836 835 833
f 837 835 836
f 838 837 836
f 839 837 838
f 840 837 839
f 841 840 839
f 842 841 839
f 843 841 842
f 844 843 842
f 845 843 844
f 846 845 844
f 847 846 844
f 848 846 847
f 849 848 847
f 850 848 849
f 851 850 849
f 852 851 849
f 853 851 852
f 854 851 853
f 855 854 853
f 856 854 855
f 857 854 856
f 858 857 856
f 859 858 856
f 860 858 859
f 861 860 859
f 862 860 861
f 863 862 861
f 864 863 861
f 865 863 864
f 866 865 864
f 867 865 866
f 868 867 866
f 869 868 866
f 870 868 869
f 871 868 870
f 872 871 870
f 873 872 870
f 874 872 873
f 875 872 874
f 876 875 874
f 877 876 874
f 878 876 877
f 879 878 877
f 880 876 878
f 881 880 878
f 882 880 881
f 883 880 882
f 884 883 882
f 885 884 882
f 886 884 885
f 887 886 885
f 888 886 887
f 889 888 887
f 890 888 889
f 891 890 889
f 892 890 891
f 893 892 891
f 894 892 893
f 895 894 893
f 896 894 895
f 897 896 895
f 898 896 897
f 899 898 897
f 900 898 899
f 901 898 900
f 902 898 901
f 896 898 902
f 903 896 902
f 904 903 902
f 905 903 904
f 894 896 903
f 892 894 903
f 906 890 892
f 907 890 906
f 908 890 907
f 909 908 907
f 910 909 907
f 911 909 910
f 912 909 911
f 908 909 912
f 913 908 912
f 914 913 912
f 915 914 912
f 916 914 915
f 917 916 915
f 918 916 917
f 919 918 917
f 920 918 919
f 921 920 919
f 922 921 919
f 923 921 922
f 924 923 922
f 925 923 924
f 926 925 924
f 927 925 926
f 928 927 926
f 929 928 926
f 930 928 929
f 931 930 929
f 932 931 929
f 933 931 932
f 934 933 932
f 935 933 934
f 936 935 934
f 937 936 934
f 938 936 937
f 939 938 937
f 940 938 939
f 941 940 939
f 942 941 939
f 943 941 942
f 944 943 942
f 945 943 944
f 946 945 944
f 947 946 944
f 948 946 947
f 949 946 948
f 950 946 949
f 951 950 949
f 952 950 951
f 953 952 951
f 954 952 953
f 955 954 953
f 956 954 955
f 957 956 955
f 958 957 955
f 959 957 958
f 960 959 958
f 961 959 960
f 962 961 960
f 963 961 962
f 964 963 962
f 965 964 962
f 966 964 965
f 967 966 965
f 968 966 967
f 969 968 967
f 970 968 969
f 971 970 969
f 972 971 969
f 973 972 969
f 974 972 973
f 975 972 974
f 976 975 974
f 977 976 974
f 978 976 977
f 979 978 977
f 980 978 979
f 981 980 979
f 982 981 979
f 983 981 982
f 984 983 982
f 985 984 982
f 986 984 985
f 987 986 985
f 988 986 987
f 989 986 988
f 990 989 988
f 991 989 990
f 992 991 990
f 993 992 990
f 994 992 993
f 995 994 993
f 996 994 995
f 997 996 995
f 998 997 995
f 999 997 998
f 1000 999 998
f 1001 1000 998
f 1002 1000 1001
f 1003 1002 1001
f 1004 1003 1001
f 1005 1003 1004
f 1006 1005 1004
f 1007 1006 1004
f 1008 1006 1007
f 1009 1008 1007
f 1010 1008 1009
f 1011 1010 1009
f 1012 1010 1011
f 1013 1012 1011
f 1014 1012 1013
f 1015 1012 1014
f 1016 1015 1014
f 1017 1016 1014
f 1018 1016 1017
f 1019 1018 1017
f 1020 1019 1017
f 1021 1019 1020
f 1022 1019 1021
f 1023 1022 1021
f 1024 1022 1023
f 1025 1024 1023
f 1026 1024 1025
f 1027 1024 1026
f 1028 1027 1026
f 1029 1028 1026
f 1030 1029 1026
f 1031 1030 1026
f 1032 1030 1031
f 1033 1032 1031
f 1034 1033 1031
f 1035 1033 1034
f 1036 1035 1034
f 1037 1035 1036
f 1038 1037 1036
f 1039 1038 1036
f 1040 1038 1039
f 1041 1040 1039
f 1042 1040 1041
f 1043 1042 1041
f 1044 1038 1040
f 1045 1038 1044
f 1046 1045 1044
f 1047 1045 1046
f 1048 1047 1046
f 1049 1047 1048
f 1050 1049 1048
f 1051 1050 1048
f 1052 1050 1051
f 1053 1050 1052
f 1054 1053 1052
f 1055 1054 1052
f 1056 1054 1055
f 1057 1056 1055
f 1058 1056 1057
f 1059 1058 1057
f 1060 1059 1057
f 1061 1059 1060
f 1062 1059 1061
f 1063 1062 1061
f 1064 1063 1061
f 1065 1063 1064
f 1066 1065 1064
f 1067 1063 1065
f 1068 1062 1063
f 1069 1068 1063
f 1070 1068 1069
f 1071 1070 1069
f 1072 1071 1069
f 1073 1072 1069
f 1074 1072 1073
f 1075 1074 1073
f 1076 1074 1075
f 1077 1076 1075
f 1078 1076 1077
f 1079 1076 1078
f 1080 1079 1078
f 1081 1080 1078
f 1082 1080 1081
f 1083 1082 1081
f 1084 1083 1081
f 1085 1083 1084
f 1086 1085 1084
f 1087 1086 1084
f 1088 1086 1087
f 1089 1088 1087
f 1090 1088 1089
f 1091 1090 1089
f 1092 1091 1089
f 1093 1091 1092
f 1094 1091 1093
f 1095 1094 1093
f 1096 1095 1093
f 1097 1096 1093
f 1098 1099 1100
f 1101 1099 1098
f 1102 1101 1098
f 1103 1102 1098
f 1104 1103 1098
f 1105 1103 1104
f 1106 1105 1104
f 1107 1106 1104
f 1108 1105 1106
f 1109 1108 1106
f 1110 1108 1109
f 1111 1110 1109
f 1112 1111 1109
f 1113 1112 1109
f 1114 1112 1113
f 1115 1112 1114
f 1116 1115 1114
f 1117 1115 1116
f 1118 1115 1117
f 1119 1118 1117
f 1120 1119 1117
f 1121 1120 1117
f 1122 1120 1121
f 1123 1120 1122
f 1124 1123 1122
f 1125 1124 1122
f 1126 1124 1125
f 1127 1126 1125
f 1128 1126 1127
f 1129 1128 1127
f 1130 1128 1129
f 1131 1130 1129
f 1132 1130 1131
f 1133 1132 1131
f 1134 1132 1133
f 1135 1134 1133
f 1136 1135 1133
f 1137 1135 1136
f 1138 1137 1136
f 1139 1137 1138
f 1140 1139 1138
f 1141 1140 1138
f 1142 1140 1141
f 1143 1142 1141
f 1144 1142 1143
f 1145 1144 1143
f 1146 1144 1145
f 1147 1146 1145
f 1148 1147 1145
f 1149 1147 1148
f 1150 1147 1149
f 1151 1150 1149
f 1152 1150 1151
f 1153 1152 1151
f 1154 1153 1151
f 1155 1153 1154
f 1156 1153 1155
f 1157 1156 1155
f 1158 1157 1155
f 1159 1157 1158
f 1160 1159 1158
f 1161 1157 1159
f 1162 1161 1159
f 1163 1162 1159
f 1160 1163 1159
f 1164 1163 1160
f 1165 1163 1164
f 1166 1165 1164
f 1167 1163 1165
f 1168 1167 1165
f 1169 1168 1165
f 1170 1168 1169
f 1171 1170 1169
f 1172 1171 1169
f 1173 1174 1172
f 1175 1174 1173
f 1176 1175 1173
f 1177 1176 1173
f 1178 1176 1177
f 1179 1176 1178
f 1180 1179 1178
f 1181 1179 1180
f 1182 1181 1180
f 1183 1182 1180
f 1184 1182 1183
f 1185 1184 1183
f 1186 1184 1185
f 1187 1186 1185
f 1188 1184 1186
f 1189 1188 1186
f 1190 1189 1186
f 1191 1189 1190
f 1192 1191 1190
f 1193 1192 1190
f 1194 1193 1190
f 1186 1194 1190
f 1187 1194 1186
f 1195 1194 1187
f 1196 1194 1195
f 1197 1196 1195
f 1198 1196 1197
f 1199 1198 1197
f 1200 1199 1197
f 1201 1199 1200
f 1202 1201 1200
f 1203 1201 1202
f 1204 1201 1203
f 1205 1201 1204
f 1206 1205 1204
f 1207 1205 1206
f 1199 1201 1205
f 1198 1199 1205
f 1207 1198 1205
f 1208 1198 1207
f 1209 1208 1207
f 1210 1208 1209
f 1211 1210 1209
f 1212 1210 1211
f 1213 1212 1211
f 1214 1212 1213
f 1215 1214 1213
f 1216 1214 1215
f 1217 1216 1215
f 1218 1216 1217
f 1219 1218 1217
f 1220 1219 1217
f 1221 1219 1220
f 1222 1221 1220
f 1223 1222 1220
f 1224 1222 1223
f 1225 1222 1224
f 1226 1225 1224
f 1227 1225 1226
f 1228 1227 1226
f 1229 1228 1226
f 1230 1228 1229
f 1231 1228 1230
f 1232 1231 1230
f 1233 1232 1230
f 1234 1231 1232
f 1235 1234 1232
f 1236 1234 1235
f 1237 1236 1235
f 1238 1236 1237
f 1239 1238 1237
f 1240 1236 1238
f 1241 1236 1240
f 1242 1241 1240
f 1243 1241 1242
f 1244 1243 1242
f 1234 1236 1241
f 1231 1234 1241
f 1243 1231 1241
f 1228 1231 1243
f 1227 1228 1243
f 1244 1227 1243
f 1245 1227 1244
f 1246 1245 1244
f 1247 1245 1246
f 1248 1245 1247
f 1249 1248 1247
f 1250 1249 1247
f 1251 1250 1247
f 1252 1249 1250
f 1253 1249 1252
f 1254 1253 1252
f 1255 1254 1252
f 1256 1254 1255
f 1257 1256 1255
f 1258 1256 1257
f 1259 1258 1257
f 1260 1258 1259
f 1261 1260 1259
f 1262 1260 1261
f 1263 1262 1261
f 1264 1263 1261
f 1265 1264 1261
f 1266 1263 1264
f 1267 1266 1264
f 1268 1267 1264
f 1269 1267 1268
f 1270 1267 1269
f 1271 1270 1269
f 1272 1271 1269
f 1273 1272 1269
f 1274 1273 1269
f 1268 1274 1269
f 1275 1274 1268
f 1264 1275 1268
f 1276 1274 1275
f 1277 1276 1275
f 1278 1276 1277
f 1279 1276 1278
f 1280 1279 1278
f 1281 1280 1278
f 1282 1280 1281
f 1283 1282 1281
f 1284 1280 1282
f 1285 1284 1282
f 1283 1285 1282
f 1286 1284 1285
f 1287 1286 1285
f 1288 1287 1285
f 1289 1287 1288
f 1290 1289 1288
f 1291 1290 1288
f 1285 1291 1288
f 1292 1290 1291
f 1293 1292 1291
f 1294 1293 1291
f 1295 1292 1293
f 1296 1295 1293
f 1297 1295 1296
f 1298 1295 1297
f 1299 1298 1297
f 1300 1298 1299
f 1301 1300 1299
f 1302 1301 1299
f 1303 1302 1299
f 1304 1302 1303
f 1305 1304 1303
f 1306 1302 1304
f 1307 1306 1304
f 1305 1307 1304
f 1308 1306 1307
f 1309 1308 1307
f 1310 1309 1307
f 1311 1309 1310
f 1312 1311 1310
f 1313 1312 1310
f 1314 1313 1310
f 1315 1312 1313
f 1316 1315 1313
f 1317 1315 1316
f 1318 1317 1316
f 1319 1317 1318
f 1320 1319 1318
f 1321 1319 1320
f 1322 1319 1321
f 1323 1322 1321
f 1324 1323 1321
f 1325 1324 1321
f 1326 1324 1325
f 1327 1326 1325
f 1328 1326 1327
f 1329 1326 1328
f 1330 1329 1328
f 1331 1329 1330
f 1332 1331 1330
f 1333 1332 1330
f 1334 1332 1333
f 1335 1334 1333
f 1336 1334 1335
f 1337 1336 1335
f 1338 1336 1337
f 1339 1338 1337
f 1340 1338 1339
f 1341 1340 1339
f 1342 1341 1339
f 1343 1342 1339
f 1344 1342 1343
f 1345 1344 1343
f 1346 1345 1343
f 1347 1346 1343
f 1339 1347 1343
f 1337 1347 1339
f 1348 1345 1346
f 1349 1345 1348
f 1350 1349 1348
f 1351 1349 1350
f 1352 1351 1350
f 1353 1352 1350
f 1354 1352 1353
f 1355 1352 1354
f 1356 1355 1354
f 1357 1356 1354
f 1358 1356 1357
f 1359 1355 1356
f 1360 1355 1359
f 1361 1360 1359
f 1362 1360 1361
f 1363 1362 1361
f 1364 1362 1363
f 1365 1364 1363
f 1366 1365 1363
f 1367 1365 1366
f 1368 1367 1366
f 1369 1367 1368
f 1370 1369 1368
f 1371 1369 1370
f 1372 1371 1370
f 1373 1372 1370
f 1368 1373 1370
f 1374 1372 1373
f 1375 1374 1373
f 1376 1374 1375
f 1377 1376 1375
f 1378 1376 1377
f 1379 1378 1377
f 1380 1378 1379
f 1381 1380 1379
f 1382 1381 1379
f 1383 1381 1382
f 1384 1381 1383
f 1385 1384 1383
f 1386 1385 1383
f 1387 1386 1383
f 1388 1386 1387
f 1389 1388 1387
f 1390 1381 1384
f 1391 1390 1384
f 1392 1390 1391
f 1380 1381 1390
f 1392 1380 1390
f 1393 1380 1392
f 1394 1393 1392
f 1395 1393 1394
f 1396 1395 1394
f 1397 1395 1396
f 1398 1397 1396
f 1399 1397 1398
f 1400 1399 1398
f 1401 1399 1400
f 1402 1399 1401
f 1403 1402 1401
f 1404 1403 1401
f 1405 1403 1404
f 1406 1405 1404
f 1407 1403 1405
f 1408 1407 1405
f 1409 1408 1405
f 1410 1409 1405
f 1406 1410 1405
f 1411 1410 1406
f 1412 1410 1411
f 1413 1412 1411
f 1414 1410 1412
f 1415 1414 1412
f 1416 1414 1415
f 1417 1414 1416
f 1418 1417 1416
f 1419 1418 1416
f 1420 1418 1419
f 1421 1420 1419
f 1422 1420 1421
f 1423 1422 1421
f 1424 1422 1423
f 1425 1424 1423
f 1426 1425 1423
f 1427 1424 1425
f 1428 1427 1425
f 1429 1428 1425
f 1430 1428 1429
f 1431 1430 1429
f 1432 1430 1431
f 1433 1432 1431
f 1434 1433 1431
f 1435 1433 1434
f 1436 1435 1434
f 1437 1435 1436
f 1438 1437 1436
f 1439 1437 1438
f 1440 1439 1438
f 1441 1439 1440
f 1442 1439 1441
f 1443 1442 1441
f 1444 1443 1441
f 1445 1443 1444
f 1446 1443 1445
f 1447 1446 1445
f 1448 1446 1447
f 1449 1448 1447
f 1450 1448 1449
f 1451 1450 1449
f 1452 1453 1454
f 1455 1453 1452
f 1456 1457 1458
f 1459 1457 1456
f 1460 1459 1456
f 1461 1460 1456
f 1462 1460 1461
f 1463 1462 1461
f 1464 1462 1463
f 1465 1464 1463
f 1466 1464 1465
f 1467 1464 1466
f 1468 1467 1466
f 1469 1467 1468
f 1470 1469 1468
f 1471 1470 1468
f 1472 1470 1471
f 1473 1472 1471
f 1474 1472 1473
f 1475 1474 1473
f 1476 1475 1473
f 1477 1475 1476
f 1478 1475 1477
f 1479 1478 1477
f 1480 1479 1477
f 1481 1480 1477
f 1482 1480 1481
f 1483 1482 1481
f 1484 1482 1483
f 1485 1482 1484
f 1486 1485 1484
f 1487 1485 1486
f 1488 1487 1486
f 1489 1487 1488
f 1490 1489 1488
f 1491 1490 1488
f 1492 1490 1491
f 1493 1492 1491
f 1494 1493 1491
f 1495 1493 1494
f 1496 1495 1494
f 1497 1495 1496
f 1498 1497 1496
f 1499 1498 1496
f 1500 1498 1499
f 1501 1500 1499
f 1502 1500 1501
f 1503 1500 1502
f 1504 1503 1502
f 1505 1504 1502
f 1506 1504 1505
f 1507 1506 1505
f 1508 1507 1505
f 1509 1507 1508
f 1510 1507 1509
f 1511 1510 1509
f 1512 1510 1511
f 1513 1512 1511
f 1514 1512 1513
f 1515 1514 1513
f 1516 1514 1515
f 1517 1516 1515
f 1518 1517 1515
f 1519 1517 1518
f 1520 1517 1519
f 1521 1520 1519
f 1522 1520 1521
f 1523 1522 1521
f 1524 1523 1521
f 1525 1523 1524
f 1526 1523 1525
f 1527 1526 1525
f 1528 1527 1525
f 1529 1527 1528
f 1530 1527 1529
f 1531 1530 1529
f 1532 1531 1529
f 1533 1532 1529
f 1534 1532 1533
f 1535 1534 1533
f 1536 1535 1533
f 1531 1532 1534
f 1537 1527 1530
f 1538 1537 1530
f 1539 1538 1530
f 1531 1539 1530
f 1540 1538 1539
f 1541 1540 1539
f 1542 1541 1539
f 1543 1541 1542
f 1544 1543 1542
f 1545 1544 1542
f 1546 1544 1545
f 1547 1546 1545
f 1548 1546 1547
f 1549 1548 1547
f 1550 1548 1549
f 1551 1550 1549
f 1552 1550 1551
f 1553 1552 1551
f 1554 1553 1551
f 1555 1553 1554
f 1556 1553 1555
f 1557 1552 1553
f 1558 1557 1553
f 1556 1558 1553
f 1559 1557 1558
f 1560 1559 1558
f 1561 1560 1558
f 1562 1561 1558
f 1563 1561 1562
f 1564 1563 1562
f 1565 1566 1567
f 1568 1569 1570
f 1571 1568 1570
f 1572 1568 1571
f 1573 1572 1571
f 1574 1572 1573
f 1575 1574 1573
f 1576 1577 1578
f 1579 1576 1578
f 1580 1579 1578
f 1581 1580 1582
f 1583 1580 1581
f 1584 1583 1581
f 1585 1584 1581
f 1586 1585 1581
f 1587 1585 1586
f 1588 1587 1586
f 1589 1583 1584
f 1590 1583 1589
f 1591 1590 1589
f 1592 1591 1589
f 1593 1590 1591
f 1594 1593 1591
f 1595 1593 1594
f 1596 1595 1594
f 1597 1595 1596
f 1598 1595 1597
f 1599 1598 1597
f 1600 1598 1599
f 1601 1600 1599
f 1602 1601 1599
f 1603 1601 1602
f 1604 1603 1602
f 1599 1604 1602
f 1605 1603 1604
f 1606 1605 1604
f 1607 1606 1604
f 1608 1607 1604
f 1609 1606 1607
f 1610 1606 1609
f 1611 1610 1609
f 1612 1610 1611
f 1613 1612 1611
f 1614 1613 1611
f 1615 1613 1614
f 1616 1615 1614
f 1617 1613 1615
f 1618 1617 1615
f 1619 1617 1618
f 1620 1619 1618
f 1621 1620 1618
f 1622 1621 1618
f 1623 1621 1622
f 1624 1621 1623
f 1625 1624 1623
f 1626 1625 1623
f 1627 1625 1626
f 1628 1627 1626
f 1629 1627 1628
f 1630 1629 1628
f 1631 1630 1628
f 1632 1630 1631
f 1633 1630 1632
f 1634 1633 1632
f 1635 1633 1634
f 1636 1635 1634
f 1637 1635 1636
f 1638 1637 1636
f 1639 1637 1638
f 1640 1639 1638
f 1641 1639 1640
f 1642 1641 1640
f 1643 1642 1640
f 1644 1643 1640
f 1645 1642 1643
f 1646 1642 1645
f 1647 1646 1645
f 1648 1647 1645
f 1649 1647 1648
f 1650 1647 1649
f 1651 1647 1650
f 1652 1651 1650
f 1653 1652 1650
f 1649 1653 1650
f 1654 1653 1649
f 1655 1653 1654
f 1656 1655 1654
f 1657 1656 1654
f 1658 1656 1657
f 1659 1658 1657
f 1660 1658 1659
f 1661 1660 1659
f 1662 1660 1661
f 1663 1662 1661
f 1664 1663 1661
f 1665 1664 1661
f 1666 1664 1665
f 1667 1666 1665
f 1668 1666 1667
f 1669 1668 1667
f 1670 1668 1669
f 1671 1670 1669
f 1672 1671 1669
f 1673 1672 1669
f 1674 1672 1673
f 1675 1674 1673
f 1676 1674 1675
f 1677 1676 1675
f 1678 1676 1677
f 1679 1676 1678
f 1680 1679 1678
f 1681 1679 1680
f 1682 1681 1680
f 1683 1681 1682
f 1684 1681 1683
f 1685 1684 1683
f 1686 1685 1683
f 1687 1685 1686
f 1688 1687 1686
f 1689 1679 1681
f 1684 1689 1681
f 1690 1689 1684
f 1691 1689 1690
f 1692 1689 1691
f 1693 1692 1691
f 1694 1692 1693
f 1695 1694 1693
f 1696 1695 1693
f 1697 1695 1696
f 1698 1697 1696
f 1699 1698 1696
f 1700 1698 1699
f 1701 1700 1699
f 1702 1701 1699
f 1703 1701 1702
f 1704 1703 1702
f 1705 1703 1704
f 1706 1705 1704
f 1707 1706 1704
f 1708 1706 1707
f 1709 1701 1703
f 1710 1701 1709
f 1711 1710 1709
f 1712 1710 1711
f 1713 1712 1711
f 1714 1712 1713
f 1715 1714 1713
f 1716 1712 1714
f 1717 1716 1714
f 1718 1716 1717
f 1719 1718 1717
f 1720 1718 1719
f 1721 1720 1719
f 1722 1720 1721
f 1723 1722 1721
f 1724 1722 1723
f 1725 1724 1723
f 1726 1725 1723
f 1727 1725 1726
f 1728 1725 1727
f 1729 1728 1727
f 1730 1729 1727
f 1731 1729 1730
f 1732 1729 1731
f 1733 1732 1731
f 1734 1733 1731
f 1735 1733 1734
f 1736 1735 1734
f 1737 1736 1734
f 1738 1736 1737
f 1739 1738 1737
f 1740 1738 1739
f 1741 1740 1739
f 1742 1740 1741
f 1743 1742 1741
f 1744 1742 1743
f 1745 1744 1743
f 1746 1744 1745
f 1747 1744 1746
f 1748 1744 1747
f 1749 1748 1747
f 1750 1748 1749
f 1751 1750 1749
f 1752 1751 1749
f 1753 1751 1752
f 1754 1753 1752
f 1755 1754 1752
f 1756 1755 1752
f 1757 1755 1756
f 1758 1755 1757
f 1759 1758 1757
f 1760 1759 1757
f 1761 1759 1760
f 1762 1761 1760
f 1763 1759 1761
f 1764 1763 1761
f 1765 1764 1761
f 1766 1765 1761
f 1762 1766 1761
f 1767 1765 1766
f 1768 1767 1766
f 1769 1767 1768
f 1770 1769 1768
f 1771 1770 1768
f 1772 1770 1771
f 1773 1770 1772
f 1774 1773 1772
f 1775 1770 1773
f 1776 1775 1773
f 1777 1775 1776
f 1778 1777 1776
f 1779 1778 1776
f 1780 1778 1779
f 1781 1780 1779
f 1782 1781 1779
f 1783 1781 1782
f 1784 1781 1783
f 1785 1781 1784
f 1786 1785 1784
f 1787 1786 1784
f 1788 1786 1787
f 1789 1786 1788
f 1790 1789 1788
f 1791 1790 1788
f 1792 1790 1791
f 1793 1792 1791
f 1794 1792 1793
f 1795 1794 1793
f 1796 1794 1795
f 1797 1796 1795
f 1798 1796 1797
f 1799 1796 1798
f 1800 1799 1798
f 1801 1800 1798
f 1802 1800 1801
f 1803 1802 1801
f 1804 1802 1803
f 1805 1804 1803
f 1806 1804 1805
f 1807 1806 1805
f 1808 1806 1807
f 1809 1808 1807
f 1810 1809 1807
f 1811 1808 1809
f 1812 1811 1809
f 1813 1812 1809
f 1814 1812 1813
f 1815 1812 1814
f 1816 1815 1814
f 1817 1816 1814
f 1818 1816 1817
f 1819 1818 1817
f 1820 1818 1819
f 1821 1820 1819
f 1822 1818 1820
f 1823 1822 1820
f 1821 1823 1820
f 1824 1823 1821
f 1825 1824 1821
f 1826 1824 1825
f 1827 1826 1825
f 1828 1827 1825
f 1829 1827 1828
f 1830 1829 1828
f 1831 1829 1830
f 1832 1831 1830
f 1833 1832 1830
f 1834 1832 1833
f 1835 1834 1833
f 1836 1835 1833
f 1837 1835 1836
f 1838 1837 1836
f 1839 1837 1838
f 1840 1839 1838
f 1841 1840 1838
f 1842 1841 1838
f 1843 1841 1842
f 1844 1841 1843
f 1845 1844 1843
f 1846 1845 1843
f 1847 1845 1846
f 1848 1845 1847
f 1849 1848 1847
f 1850 1848 1849
f 1851 1848 1850
f 1844 1845 1848
f 1851 1844 1848
f 1852 1844 1851
f 1853 1852 1851
f 1841 1844 1852
f 1840 1841 1852
f 1853 1840 1852
f 1854 1840 1853
f 1855 1840 1854
f 1856 1855 1854
f 1857 1855 1856
f 1858 1857 1856
f 1859 1857 1858
f 1860 1859 1858
f 1861 1859 1860
f 1862 1861 1860
f 1863 1862 1860
f 1864 1862 1863
f 1865 1864 1863
f 1866 1864 1865
f 1867 1866 1865
f 1868 1867 1865
f 1869 1866 1867
f 1870 1869 1867
f 1871 1869 1870
f 1872 1869 1871
f 1873 1872 1871
f 1874 1873 1871
f 1875 1873 1874
f 1876 1873 1875
f 1877 1876 1875
f 1878 1877 1875
f 1879 1877 1878
f 1880 1879 1878
f 1881 1879 1880
f 1882 1881 1880
f 1883 1882 1880
f 1884 1882 1883
f 1885 1882 1884
f 1886 1885 1884
f 1887 1885 1886
f 1888 1887 1886
f 1889 1888 1886
f 1890 1888 1889
f 1891 1888 1890
f 1892 1891 1890
f 1893 1891 1892
f 1894 1893 1892
f 1895 1893 1894
f 1896 1895 1894
f 1897 1895 1896
f 1898 1897 1896
f 1899 1898 1896
f 1900 1898 1899
f 1901 1898 1900
f 1902 1901 1900
f 1903 1902 1900
f 1904 1902 1903
f 1905 1904 1903
f 1906 1904 1905
f 1907 1906 1905
f 1908 1906 1907
f 1909 1908 1907
f 1910 1909 1907
f 1910 1911 1909
f 1912 1913 1914
f 1915 1913 1912
f 1916 1913 1915
f 1917 1916 1915
f 1918 1919 1920
f 1921 1918 1920
f 1922 1918 1921
f 1923 1918 1922
f 1924 1923 1922
f 1925 1924 1922
f 1926 1924 1925
f 1927 1924 1926
f 1928 1927 1926
f 1929 1927 1928
f 1930 1929 1931
f 1932 1930 1931
f 1933 1930 1932
f 1934 1935 1936
f 1937 1934 1936
f 1938 1934 1937
f 1939 1938 1937
f 1940 1934 1938
f 1941 1934 1940
f 1942 1941 1940
f 1943 1941 1942
f 1944 1943 1942
f 1945 1944 1942
f 1946 1944 1945
f 1947 1944 1946
f 1948 1947 1946
f 1949 1948 1946
f 1950 1949 1946
f 1951 1949 1950
f 1952 1951 1950
f 1953 1952 1950
f 1954 1951 1952
f 1955 1954 1952
f 1956 1954 1955
f 1957 1956 1955
f 1958 1957 1955
f 1959 1958 1955
f 1952 1959 1955
f 1953 1959 1952
f 1960 1959 1953
f 1961 1960 1953
f 1962 1960 1961
f 1963 1960 1962
f 1964 1960 1963
f 1965 1964 1963
f 1966 1964 1965
f 1967 1966 1965
f 1968 1967 1965
f 1969 1967 1968
f 1970 1967 1969
f 1971 1970 1969
f 1972 1970 1971
f 1973 1972 1971
f 1974 1972 1973
f 1975 1974 1973
f 1976 1974 1975
f 1977 1976 1975
f 1978 1976 1977
f 1979 1978 1977
f 1980 1978 1979
f 1981 1980 1979
f 1982 1980 1981
f 1983 1978 1980
f 1984 1978 1983
f 1985 1984 1983
f 1986 1985 1983
f 1987 1985 1986
f 1988 1987 1986
f 1989 1988 1986
f 1983 1989 1986
f 1990 1988 1989
f 1991 1990 1989
f 1992 1990 1991
f 1993 1992 1991
f 1994 1993 1991
f 1995 1994 1991
f 1996 1994 1995
f 1997 1996 1995
f 1998 1997 1995
f 1999 1997 1998
f 2000 1999 1998
f 2001 1999 2000
f 2002 2001 2000
f 2003 2002 2000
f 2004 2003 2000
f 2005 2003 2004
f 2006 2005 2004
f 2007 2005 2006
f 2008 2007 2006
f 2009 2008 2006
f 2010 2007 2008
f 2011 2007 2010
f 2012 2011 2010
f 2013 2011 2012
f 2014 2013 2012
f 2015 2013 2014
f 2016 2011 2013
f 2017 2016 2013
f 2015 2017 2013
f 2018 2017 2015
f 2019 2018 2015
f 2020 2018 2019
f 2021 2020 2019
f 2022 2020 2021
f 2023 2022 2021
f 2024 2022 2023
f 2025 2024 2023
f 2026 2024 2025
f 2027 2026 2025
f 2028 2026 2027
f 2029 2028 2027
f 2030 2029 2027
f 2031 2029 2030
f 2032 2031 2030
f 2033 2031 2032
f 2034 2031 2033
f 2035 2034 2033
f 2036 2034 2035
f 2037 2036 2035
f 2038 2037 2035
f 2039 2037 2038
f 2040 2037 2039
f 2041 2040 2039
f 2042 2040 2041
f 2043 2042 2041
f 2044 2042 2043
f 2045 2044 2043
f 2046 2044 2045
f 2047 2046 2045
f 2048 2047 2045
f 2043 2048 2045
f 2049 2047 2048
f 2050 2047 2049
f 2051 2050 2049
f 2052 2051 2049
f 2053 2052 2049
f 2054 2052 2053
f 2055 2054 2053
f 2056 2054 2055
f 2057 2056 2055
f 2058 2056 2057
f 2059 2058 2057
f 2060 2059 2057
f 2061 2060 2057
f 2062 2060 2061
f 2063 2062 2061
f 2064 2062 2063
f 2065 2062 2064
f 2066 2065 2064
f 2067 2065 2066
f 2068 2067 2066
f 2069 2067 2068
f 2070 2069 2068
f 2071 2070 2068
f 2072 2070 2071
f 2073 2070 2072
f 2074 2073 2072
f 2075 2073 2074
f 2076 2075 2074
f 2077 2075 2076
f 2078 2077 2076
f 2079 2078 2076
f 2080 2078 2079
f 2081 2078 2080
f 2077 2078 2081
f 2082 2077 2081
f 2083 2077 2082
f 2084 2083 2082
f 2085 2083 2084
f 2086 2085 2084
f 2087 2085 2086
f 2088 2087 2086
f 2089 2088 2086
f 2090 2088 2089
f 2091 2088 2090
f 2092 2091 2090
f 2093 2092 2090
f 2094 2092 2093
f 2095 2094 2093
f 2096 2095 2093
f 2097 2095 2096
f 2098 2095 2097
f 2099 2098 2097
f 2100 2099 2097
f 2101 2099 2100
f 2102 2099 2101
f 2103 2102 2101
f 2104 2103 2101
f 2105 2103 2104
f 2106 2105 2104
f 2107 2106 2104
f 2108 2106 2107
f 2109 2108 2107
f 2110 2108 2109
f 2111 2110 2109
f 2112 2110 2111
f 2113 2112 2111
f 2114 2113 2111
f 2115 2114 2111
f 2109 2115 2111
f 2116 2114 2115
f 2117 2116 2115
f 2118 2116 2117
f 2119 2116 2118
f 2120 2119 2118
f 2121 2119 2120
f 2122 2121 2120
f 2123 2122 2120
f 2124 2122 2123
f 2125 2124 2123
f 2126 2125 2123
f 2127 2124 2125
f 2128 2127 2125
f 2129 2128 2125
f 2130 2128 2129
f 2131 2130 2129
f 2132 2130 2131
f 2133 2132 2131
f 2134 2132 2133
f 2135 2134 2133
f 2136 2132 2134
f 2137 2136 2134
f 2138 2136 2137
f 2139 2138 2137
f 2140 2138 2139
f 2141 2140 2139
f 2142 2140 2141
f 2143 2142 2141
f 2144 2142 2143
f 2145 2142 2144
f 2146 2145 2144
f 2147 2145 2146
f 2148 2147 2146
f 2149 2148 2146
f 2150 2149 2146
f 2151 2149 2150
f 2152 2149 2151
f 2153 2152 2151
f 2154 2152 2153
f 2155 2154 2153
f 2156 2154 2155
f 2157 2156 2155
f 2158 2157 2155
f 2159 2157 2158
f 2160 2159 2158
f 2161 2160 2158
f 2162 2160 2161
f 2163 2162 2161
f 2164 2162 2163
f 2165 2162 2164
f 2166 2162 2165
f 2167 2166 2165
f 2168 2167 2165
f 2169 2167 2168
f 2170 2169 2168
f 2171 2169 2170
f 2172 2171 2170
f 2173 2171 2172
f 2174 2173 2172
f 2175 2174 2172
f 2176 2174 2175
f 2177 2174 2176
f 2178 2177 2176
f 2179 2177 2178
f 2180 2179 2178
f 2181 2180 2178
f 2182 2180 2181
f 2183 2182 2181
f 2184 2182 2183
f 2185 2184 2183
f 2186 2185 2183
f 2187 2184 2185
f 2188 2187 2185
f 2189 2184 2187
f 2190 2184 2189
f 2191 2190 2189
f 2192 2190 2191
f 2193 2192 2191
f 2194 2193 2191
f 2195 2194 2191
f 2196 2194 2195
f 2197 2194 2196
f 2198 2197 2196
f 2199 2197 2198
f 2200 2199 2198
f 2201 2199 2200
f 2202 2201 2200
f 2203 2201 2202
f 2204 2203 2202
f 2205 2203 2204
f 2206 2205 2204
f 2207 2205 2206
f 2208 2207 2206
f 2209 2208 2206
f 2210 2209 2206
f 2211 2209 2210
f 2212 2211 2210
f 2213 2212 2210
f 2214 2213 2210
f 2215 2211 2212
f 2213 2215 2212
f 2216 2215 2213
f 2217 2216 2213
f 2214 2217 2213
f 2218 2216 2217
f 2219 2218 2217
f 2220 2219 2217
f 2221 2220 2217
f 2222 2220 2221
f 2223 2222 2221
f 2224 2223 2221
f 2225 2224 2221
f 2226 2222 2223
f 2227 2222 2226
f 2228 2227 2226
f 2229 2227 2228
f 2230 2229 2228
f 2231 2229 2230
f 2232 2231 2230
f 2233 2232 2230
f 2234 2232 2233
f 2235 2234 2233
f 2236 2234 2235
f 2237 2236 2235
f 2238 2236 2237
f 2239 2236 2238
f 2240 2236 2239
f 2241 2240 2239
f 2242 2241 2239
f 2243 2241 2242
f 2244 2243 2242
f 2245 2243 2244
f 2246 2245 2244
f 2247 2246 2244
f 2248 2246 2247
f 2249 2246 2248
f 2250 2249 2248
f 2251 2250 2248
f 2252 2250 2251
f 2253 2252 2251
f 2254 2252 2253
f 2255 2254 2253
f 2256 2254 2255
f 2257 2256 2255
f 2258 2257 2255
f 2259 2257 2258
f 2260 2257 2259
f 2261 2257 2260
f 2262 2261 2260
f 2263 2261 2262
f 2264 2263 2262
f 2265 2263 2264
f 2266 2265 2264
f 2267 2265 2266
f 2268 2267 2266
f 2269 2267 2268
f 2270 2269 2268
f 2271 2270 2268
f 2272 2270 2271
f 2273 2272 2271
f 2274 2273 2271
f 2275 2274 2271
f 2276 2273 2274
f 2277 2276 2274
f 2278 2276 2277
f 2279 2280 2281
f 2282 2279 2281
f 2283 2279 2282
f 2284 2283 2282
f 2285 2283 2284
f 2286 2279 2283
f 2280 2279 2286
f 2287 2288 2289
f 2290 2288 2287
f 2291 2290 2287
f 2292 2291 2287
f 2293 2292 2287
f 2294 2292 2293
f 2295 2292 2294
f 2296 2292 2295
f 2297 2296 2295
f 2298 2297 2295
f 2299 2297 2298
f 2300 2297 2299
f 2301 2300 2299
f 2302 2301 2299
f 2303 2302 2299
f 2304 2302 2303
f 2305 2304 2303
f 2306 2304 2305
f 2307 2304 2306
f 2308 2307 2306
f 2309 2308 2306
f 2310 2309 2306
f 2311 2310 2306
f 2312 2310 2311
f 2313 2310 2312
f 2314 2313 2312
f 2315 2314 2312
f 2316 2315 2312
f 2317 2315 2316
f 2318 2317 2316
f 2319 2317 2318
f 2320 2317 2319
f 2321 2317 2320
f 2322 2321 2320
f 2323 2321 2322
f 2324 2321 2323
f 2325 2324 2323
f 2326 2325 2323
f 2327 2325 2326
f 2328 2327 2326
f 2329 2327 2328
f 2330 2329 2328
f 2331 2329 2330
f 2332 2329 2331
f 2333 2332 2331
f 2334 2332 2333
f 2335 2334 2333
f 2336 2335 2333
f 2337 2335 2336
f 2338 2337 2336
f 2339 2335 2337
f 2340 2339 2337
f 2341 2340 2337
f 2342 2340 2341
f 2343 2342 2341
f 2344 2342 2343
f 2345 2344 2343
f 2346 2345 2343
f 2347 2346 2343
f 2341 2347 2343
f 2348 2347 2341
f 2349 2348 2341
f 2350 2348 2349
f 2351 2348 2350
f 2352 2351 2350
f 2353 2352 2350
f 2354 2353 2350
f 2355 2353 2354
f 2356 2353 2355
f 2357 2356 2355
f 2358 2357 2355
f 2359 2357 2358
f 2360 2357 2359
f 2361 2360 2359
f 2362 2361 2359
f 2363 2361 2362
f 2364 2363 2362
f 2365 2364 2362
f 2366 2364 2365
f 2367 2366 2365
f 2368 2367 2365
f 2369 2367 2368
f 2370 2369 2368
f 2371 2370 2368
f 2372 2370 2371
f 2373 2369 2370
f 2374 2373 2370
f 2375 2369 2373
f 2374 2375 2373
f 2376 2375 2374
f 2377 2376 2374
f 2378 2376 2377
f 2379 2378 2377
f 2380 2378 2379
f 2381 2378 2380
f 2382 2378 2381
f 2383 2382 2381
f 2384 2383 2381
f 2380 2384 2381
f 2385 2383 2384
f 2386 2385 2384
f 2387 2386 2384
f 2388 2385 2386
f 2387 2388 2386
f 2389 2388 2387
f 2390 2388 2389
f 2391 2390 2389
f 2392 2385 2388
f 2393 2392 2388
f 2390 2393 2388
f 2394 2393 2390
f 2395 2394 2390
f 2396 2395 2390
f 2391 2396 2390
f 2397 2396 2391
f 2398 2397 2391
f 2399 2398 2391
f 2389 2399 2391
f 2400 2398 2399
f 2401 2400 2399
f 2402 2401 2399
f 2403 2400 2401
f 2404 2403 2401
f 2405 2404 2401
f 2406 2404 2405
f 2407 2403 2404
f 2408 2400 2403
f 2409 2400 2408
f 2410 2409 2408
f 2411 2409 2410
f 2398 2400 2409
f 2397 2398 2409
f 2411 2397 2409
f 2412 2397 2411
f 2396 2397 2412
f 2413 2394 2395
f 2414 2413 2395
f 2415 2413 2414
f 2416 2415 2414
f 2417 2416 2414
f 2418 2416 2417
f 2419 2416 2418
f 2420 2419 2418
f 2421 2419 2420
f 2422 2421 2420
f 2423 2422 2420
f 2424 2423 2420
f 2425 2423 2424
f 2426 2423 2425
f 2427 2426 2425
f 2428 2427 2425
f 2429 2428 2425
f 2430 2428 2429
f 2431 2430 2429
f 2432 2431 2429
f 2433 2431 2432
f 2434 2431 2433
f 2435 2434 2433
f 2436 2434 2435
f 2437 2436 2435
f 2438 2436 2437
f 2439 2438 2437
f 2440 2436 2438
f 2441 2440 2438
f 2442 2440 2441
f 2443 2442 2441
f 2444 2442 2443
f 2445 2444 2443
f 2446 2445 2443
f 2447 2445 2446
f 2448 2447 2446
f 2449 2447 2448
f 2450 2449 2448
f 2451 2450 2448
f 2452 2449 2450
f 2453 2449 2452
f 2454 2453 2452
f 2455 2453 2454
f 2456 2455 2454
f 2457 2455 2456
f 2458 2457 2456
f 2459 2457 2458
f 2460 2459 2458
f 2461 2460 2458
f 2462 2460 2461
f 2463 2462 2461
f 2464 2460 2462
f 2465 2464 2462
f 2466 2464 2465
f 2467 2466 2465
f 2468 2466 2467
f 2469 2468 2467
f 2470 2468 2469
f 2471 2468 2470
f 2472 2471 2470
f 2473 2472 2470
f 2474 2472 2473
f 2475 2474 2473
f 2476 2474 2475
f 2477 2476 2475
f 2478 2476 2477
f 2479 2478 2477
f 2480 2479 2477
f 2481 2479 2480
f 2482 2481 2480
f 2483 2481 2482
f 2484 2481 2483
f 2485 2484 2483
f 2486 2484 2485
f 2487 2486 2485
f 2488 2486 2487
f 2489 2488 2487
f 2490 2488 2489
f 2491 2490 2489
f 2492 2491 2489
f 2493 2491 2492
f 2494 2491 2493
f 2495 2494 2493
f 2496 2494 2495
f 2497 2496 2495
f 2498 2496 2497
f 2499 2498 2497
f 2500 2499 2497
f 2501 2499 2500
f 2502 2501 2500
f 2503 2501 2502
f 2504 2501 2503
f 2505 2504 2503
f 2506 2505 2503
f 2507 2505 2506
f 2508 2507 2506
f 2509 2508 2506
f 2510 2509 2506
f 2511 2509 2510
f 2512 2511 2510
f 2513 2511 2512
f 2514 2511 2513
f 2515 2514 2513
f 2516 2515 2513
f 2517 2515 2516
f 2518 2519 2520
f 2521 2518 2520
f 2522 2518 2521
f 2523 2522 2521
f 2524 2522 2523
f 2525 2524 2523
f 2526 2525 2523
f 2527 2526 2523
f 2528 2526 2527
f 2529 2526 2528
f 2530 2529 2528
f 2531 2530 2528
f 2532 2529 2530
f 2533 2529 2532
f 2534 2533 2532
f 2535 2533 2534
f 2536 2535 2534
f 2537 2535 2536
f 2538 2535 2537
f 2539 2538 2537
f 2540 2539 2537
f 2541 2539 2540
f 2542 2541 2540
f 2543 2541 2542
f 2544 2543 2542
f 2545 2543 2544
f 2546 2545 2544
f 2547 2545 2546
f 2548 2547 2546
f 2549 2548 2546
f 2550 2548 2549
f 2551 2548 2550
f 2552 2551 2550
f 2553 2552 2550
f 2554 2552 2553
f 2555 2554 2553
f 2556 2554 2555
f 2557 2554 2556
f 2558 2557 2556
f 2559 2557 2558
f 2560 2559 2558
f 2561 2559 2560
f 2562 2561 2560
f 2563 2562 2560
f 2564 2562 2563
f 2565 2564 2563
f 2566 2564 2565
f 2567 2566 2565
f 2568 2567 2565
f 2569 2567 2568
f 2570 2567 2569
f 2566 2567 2570
f 2571 2566 2570
f 2569 2571 2570
f 2572 2571 2569
f 2573 2571 2572
f 2574 2573 2572
f 2575 2574 2572
f 2576 2574 2575
f 2577 2574 2576
f 2578 2577 2576
f 2579 2578 2576
f 2580 2578 2579
f 2581 2580 2579
f 2582 2581 2579
f 2583 2581 2582
f 2584 2581 2583
f 2585 2584 2583
f 2586 2585 2583
f 2587 2585 2586
f 2588 2587 2586
f 2589 2587 2588
f 2590 2589 2588
f 2591 2590 2588
f 2592 2590 2591
f 2593 2590 2592
f 2594 2593 2592
f 2595 2594 2592
f 2596 2594 2595
f 2597 2594 2596
f 2598 2597 2596
f 2599 2598 2596
f 2600 2598 2599
f 2601 2600 2599
f 2602 2601 2599
f 2603 2602 2599
f 2596 2603 2599
f 2604 2602 2603
f 2605 2602 2604
f 2606 2605 2604
f 2607 2605 2606
f 2608 2607 2606
f 2609 2608 2606
f 2610 2607 2608
f 2611 2610 2608
f 2612 2610 2611
f 2613 2612 2611
f 2614 2613 2611
f 2615 2613 2614
f 2616 2615 2614
f 2617 2615 2616
f 2618 2617 2616
f 2619 2618 2616
f 2620 2618 2619
f 2621 2620 2619
f 2622 2620 2621
f 2623 2622 2621
f 2624 2623 2621
f 2625 2622 2623
f 2626 2625 2623
f 2627 2626 2623
f 2628 2626 2627
f 2629 2626 2628
f 2630 2629 2628
f 2631 2629 2630
f 2632 2631 2630
f 2633 2632 2630
f 2628 2633 2630
f 2634 2632 2633
f 2635 2632 2634
f 2636 2635 2634
f 2637 2635 2636
f 2638 2637 2636
f 2639 2637 2638
f 2640 2639 2638
f 2641 2640 2638
f 2642 2641 2638
f 2636 2642 2638
f 2643 2642 2636
f 2644 2642 2643
f 2645 2644 2643
f 2646 2644 2645
f 2647 2646 2645
f 2648 2647 2645
f 2649 2647 2648
f 2650 2647 2649
f 2651 2650 2649
f 2652 2650 2651
f 2653 2652 2651
f 2654 2653 2651
f 2655 2652 2653
f 2656 2655 2653
f 2657 2655 2656
f 2658 2657 2656
f 2659 2657 2658
f 2660 2659 2658
f 2661 2660 2658
f 2662 2660 2661
f 2663 2662 2661
f 2664 2662 2663
f 2665 2662 2664
f 2666 2665 2664
f 2667 2666 2664
f 2668 2666 2667
f 2669 2668 2667
f 2670 2668 2669
f 2671 2670 2669
f 2672 2671 2669
f 2673 2671 2672
f 2674 2671 2673
f 2675 2674 2673
f 2676 2675 2673
f 2677 2675 2676
f 2678 2674 2675
f 2679 2674 2678
f 2680 2679 2678
f 2681 2662 2665
f 2660 2662 2681
f 2682 2660 2681
f 2659 2660 2682
f 2683 2659 2682
f 2684 2683 2682
f 2685 2683 2684
f 2686 2685 2684
f 2687 2685 2686
f 2688 2687 2686
f 2689 2688 2686
f 2690 2688 2689
f 2691 2690 2689
f 2692 2690 2691
f 2693 2692 2691
f 2694 2693 2691
f 2695 2693 2694
f 2696 2693 2695
f 2697 2696 2695
f 2698 2697 2695
f 2699 2698 2695
f 2700 2698 2699
f 2701 2698 2700
f 2702 2701 2700
f 2703 2701 2702
f 2704 2703 2702
f 2705 2704 2702
f 2706 2704 2705
f 2707 2706 2705
f 2708 2706 2707
f 2709 2708 2707
f 2710 2708 2709
f 2711 2710 2709
f 2712 2710 2711
f 2713 2712 2711
f 2714 2713 2711
f 2715 2714 2711
f 2716 2715 2711
f 2717 2715 2716
f 2718 2715 2717
f 2719 2715 2718
f 2720 2719 2718
f 2721 2720 2718
f 2722 2720 2721
f 2723 2720 2722
f 2724 2723 2722
f 2725 2724 2722
f 2726 2724 2725
f 2727 2726 2725
f 2728 2727 2725
f 2729 2727 2728
f 2730 2727 2729
f 2731 2730 2729
f 2732 2731 2729
f 2733 2731 2732
f 2734 2733 2732
f 2735 2734 2732
f 2736 2734 2735
f 2737 2734 2736
f 2738 2734 2737
f 2739 2740 2741
f 2742 2739 2741
f 2743 2739 2742
f 2744 2739 2743
f 2745 2744 2743
f 2746 2745 2743
f 2747 2745 2746
f 2748 2747 2746
f 2749 2747 2748
f 2750 2749 2748
f 2751 2750 2748
f 2752 2750 2751
f 2753 2752 2751
f 2754 2750 2752
f 2755 2750 2754
f 2756 2755 2754
f 2757 2756 2754
f 2758 2756 2757
f 2759 2758 2757
f 2760 2758 2759
f 2761 2760 2759
f 2762 2761 2759
f 2763 2761 2762
f 2764 2763 2762
f 2765 2764 2762
f 2766 2764 2765
f 2767 2766 2765
f 2768 2766 2767
f 2769 2768 2767
f 2770 2768 2769
f 2771 2770 2769
f 2772 2770 2771
f 2773 2772 2771
f 2774 2773 2771
f 2775 2773 2774
f 2776 2775 2774
f 2777 2775 2776
f 2778 2777 2776
f 2779 2778 2776
f 2780 2778 2779
f 2781 2780 2779
f 2782 2781 2779
f 2783 2781 2782
f 2784 2783 2782
f 2785 2783 2784
f 2786 2783 2785
f 2787 2786 2785
f 2788 2786 2787
f 2789 2788 2787
f 2790 2789 2787
f 2791 2789 2790
f 2792 2791 2790
f 2793 2791 2792
f 2794 2793 2792
f 2795 2793 2794
f 2796 2795 2794
f 2797 2795 2796
f 2793 2795 2797
f 2798 2793 2797
f 2799 2798 2797
f 2800 2799 2797
f 2801 2800 2797
f 2796 2801 2797
f 2802 2801 2796
f 2803 2801 2802
f 2804 2803 2802
f 2805 2803 2804
f 2806 2805 2804
f 2807 2805 2806
f 2808 2805 2807
f 2809 2808 2807
f 2810 2808 2809
f 2811 2810 2809
f 2812 2810 2811
f 2813 2812 2811
f 2814 2810 2812
f 2815 2814 2812
f 2816 2815 2812
f 2817 2816 2812
f 2813 2817 2812
f 2818 2817 2813
f 2819 2817 2818
f 2820 2817 2819
f 2821 2820 2819
f 2822 2821 2819
f 2823 2821 2822
f 2824 2823 2822
f 2825 2823 2824
f 2826 2825 2824
f 2827 2825 2826
f 2828 2825 2827
f 2829 2828 2827
f 2830 2829 2827
f 2831 2830 2827
f 2832 2830 2831
f 2833 2830 2832
f 2834 2833 2832
f 2835 2834 2832
f 2836 2834 2835
f 2837 2836 2835
f 2838 2837 2835
f 2839 2838 2835
f 2840 2838 2839
f 2841 2840 2839
f 2842 2840 2841
f 2843 2840 2842
f 2844 2843 2842
f 2845 2844 2842
f 2846 2844 2845
f 2847 2846 2845
f 2848 2847 2845
f 2849 2847 2848
f 2850 2849 2848
f 2851 2850 2848
f 2852 2850 2851
f 2853 2850 2852
f 2854 2853 2852
f 2855 2854 2852
f 2856 2854 2855
f 2857 2854 2856
f 2858 2854 2857
f 2859 2858 2857
f 2860 2859 2857
f 2861 2859 2860
f 2862 2861 2860
f 2863 2858 2859
f 2861 2863 2859
f 2864 2863 2861
f 2865 2864 2861
f 2866 2865 2861
f 2862 2866 2861
f 2867 2866 2862
f 2868 2866 2867
f 2869 2866 2868
f 2870 2869 2868
f 2871 2870 2868
f 2872 2870 2871
f 2873 2872 2871
f 2874 2872 2873
f 2875 2874 2873
f 2876 2874 2875
f 2877 2876 2875
f 2878 2876 2877
f 2879 2878 2877
f 2880 2879 2877
f 2881 2879 2880
f 2882 2881 2880
f 2883 2882 2880
f 2884 2882 2883
f 2885 2882 2884
f 2886 2885 2884
f 2887 2885 2886
f 2888 2887 2886
f 2889 2887 2888
f 2890 2887 2889
f 2891 2887 2890
f 2892 2891 2890
f 2893 2892 2890
f 2894 2892 2893
f 2885 2887 2891
f 2882 2885 2891
f 2881 2882 2891
f 2892 2881 2891
f 2894 2881 2892
f 2895 2876 2878
f 2896 2895 2878
f 2897 2895 2896
f 2898 2895 2897
f 2899 2898 2897
f 2900 2899 2897
f 2901 2899 2900
f 2902 2899 2901
f 2903 2902 2901
f 2904 2903 2901
f 2905 2903 2904
f 2906 2905 2904
f 2907 2905 2906
f 2908 2905 2907
f 2909 2908 2907
f 2910 2908 2909
f 2911 2910 2909
f 2912 2910 2911
f 2913 2910 2912
f 2914 2913 2912
f 2915 2913 2914
f 2916 2915 2914
f 2917 2916 2914
f 2918 2916 2917
f 2919 2915 2916
f 2920 2919 2916
f 2918 2920 2916
f 2921 2920 2918
f 2922 2921 2918
f 2923 2921 2922
f 2924 2923 2922
f 2925 2923 2924
f 2926 2925 2924
f 2927 2926 2924
f 2928 2926 2927
f 2929 2928 2927
f 2930 2928 2929
f 2931 2928 2930
f 2932 2931 2930
f 2933 2931 2932
f 2934 2933 2932
f 2935 2931 2933
f 2936 2935 2933
f 2937 2936 2933
f 2938 2937 2933
f 2934 2938 2933
f 2939 2938 2934
f 2940 2939 2934
f 2941 2940 2934
f 2932 2941 2934
f 2942 2939 2940
f 2943 2942 2940
f 2941 2943 2940
f 2944 2942 2943
f 2945 2942 2944
f 2946 2945 2944
f 2947 2945 2946
f 2948 2945 2947
f 2949 2948 2947
f 2950 2948 2949
f 2951 2950 2949
f 2952 2951 2949
f 2953 2952 2949
f 2954 2952 2953
f 2955 2954 2953
f 2956 2954 2955
f 2957 2956 2955
f 2958 2956 2957
f 2959 2958 2957
f 2960 2958 2959
f 2961 2960 2959
f 2962 2958 2960
f 2963 2962 2960
f 2964 2963 2960
f 2961 2964 2960
f 2965 2964 2961
f 2966 2964 2965
f 2967 2964 2966
f 2968 2967 2966
f 2969 2968 2966
f 2970 2967 2968
f 2971 2972 2973
f 2974 2972 2971
f 2975 2974 2971
f 2976 2974 2975
f 2977 2976 2975
f 2978 2976 2977
f 2979 2978 2977
f 2980 2976 2978
f 2981 2980 2978
f 2982 2981 2978
f 2983 2982 2978
f 2979 2983 2978
f 2984 2983 2979
f 2985 2984 2979
f 2986 2984 2985
f 2987 2984 2986
f 2988 2987 2986
f 2989 2987 2988
f 2990 2989 2988
f 2991 2989 2990
f 2992 2991 2990
f 2993 2991 2992
f 2994 2993 2992
f 2995 2993 2994
f 2996 2995 2994
f 2997 2996 2994
f 2998 2997 2994
f 2999 2997 2998
f 3000 2997 2999
f 3001 2997 3000
f 3002 3001 3000
f 3003 3002 3000
f 3004 3002 3003
f 3005 3002 3004
f 3006 3005 3004
f 3007 3006 3004
f 3008 3005 3006
f 3009 3008 3006
f 3010 3009 3006
f 3007 3010 3006
f 3011 3010 3007
f 3012 3011 3007
f 3013 3011 3012
f 3014 3013 3012
f 3015 3013 3014
f 3016 3015 3014
f 3017 3013 3015
f 3018 3013 3017
f 3019 3018 3017
f 3020 3019 3017
f 3021 3019 3020
f 3022 3021 3020
f 3023 3022 3020
f 3024 3022 3023
f 3025 3022 3024
f 3026 3025 3024
f 3027 3025 3026
f 3028 3027 3026
f 3029 3027 3028
f 3030 3029 3028
f 3031 3030 3028
f 3032 3031 3028
f 3033 3031 3032
f 3034 3033 3032
f 3035 3034 3032
f 3036 3034 3035
f 3037 3034 3036
f 3038 3037 3036
f 3039 3038 3036
f 3040 3038 3039
f 3041 3040 3039
f 3042 3040 3041
f 3043 3040 3042
f 3044 3043 3042
f 3045 3043 3044
f 3046 3043 3045
f 3047 3046 3045
f 3048 3047 3045
f 3049 3046 3047
f 3050 3046 3049
f 3051 3050 3049
f 3052 3051 3049
f 3053 3052 3049
f 3054 3052 3053
f 3055 3054 3053
f 3056 3055 3053
f 3057 3056 3053
f 3058 3056 3057
f 3059 3058 3057
f 3060 3059 3057
f 3061 3059 3060
f 3062 3061 3060
f 3063 3062 3060
f 3064 3062 3063
f 3065 3062 3064
f 3066 3065 3064
f 3067 3065 3066
f 3068 3067 3066
f 3069 3068 3066
f 3070 3069 3066
f 3071 3070 3066
f 3072 3069 3070
f 3073 3072 3070
f 3074 3072 3073
f 3075 3074 3073
f 3076 3075 3073
f 3077 3075 3076
f 3078 3075 3077
f 3079 3078 3077
f 3080 3078 3079
f 3081 3080 3079
f 3082 3081 3079
f 3083 3081 3082
f 3084 3081 3083
f 3085 3084 3083
f 3086 3085 3083
f 3087 3085 3086
f 3088 3087 3086
f 3089 3087 3088
f 3090 3087 3089
f 3091 3090 3089
f 3092 3090 3091
f 3093 3092 3091
f 3094 3093 3091
f 3095 3093 3094
f 3096 3095 3094
f 3097 3095 3096
f 3098 3097 3096
f 3099 3098 3096
f 3100 3098 3099
f 3101 3100 3099
f 3102 3100 3101
f 3103 3102 3101
f 3104 3103 3101
f 3105 3103 3104
f 3106 3105 3104
f 3107 3105 3106
f 3108 3107 3106
f 3109 3107 3108
f 3110 3109 3108
f 3111 3110 3108
f 3112 3110 3111
f 3113 3112 3111
f 3114 3110 3112
f 3115 3114 3112
f 3116 3114 3115
f 3117 3114 3116
f 3118 3117 3116
f 3119 3118 3116
f 3120 3119 3116
f 3121 3118 3119
f 3122 3121 3119
f 3123 3121 3122
f 3124 3123 3122
f 3125 3124 3122
f 3126 3124 3125
f 3127 3126 3125
f 3128 3127 3125
f 3129 3127 3128
f 3130 3124 3126
f 3131 3130 3126
f 3132 3117 3118
f 3133 3117 3132
f 3134 3133 3132
f 3135 3133 3134
f 3136 3135 3134
f 3137 3135 3136
f 3138 3137 3136
f 3139 3138 3136
f 3140 3137 3138
f 3141 3117 3133
f 3114 3117 3141
f 3110 3114 3141
f 3109 3110 3141
f 3133 3109 3141
f 3135 3109 3133
f 3107 3109 3135
f 3137 3107 3135
f 3105 3107 3137
f 3140 3105 3137
f 3103 3105 3140
f 3142 3103 3140
f 3102 3103 3142
f 3143 3102 3142
f 3144 3102 3143
f 3145 3144 3143
f 3146 3144 3145
f 3147 3146 3145
f 3148 3147 3145
f 3149 3147 3148
f 3150 3147 3149
f 3151 3150 3149
f 3152 3151 3149
f 3153 3151 3152
f 3154 3151 3153
f 3150 3151 3154
f 3155 3150 3154
f 3156 3155 3154
f 3157 3156 3154
f 3158 3157 3154
f 3159 3157 3158
f 3160 3157 3159
f 3161 3160 3159
f 3162 3161 3159
f 3163 3161 3162
f 3164 3163 3162
f 3165 3163 3164
f 3166 3165 3164
f 3167 3166 3164
f 3168 3166 3167
f 3169 3168 3167
f 3170 3169 3167
f 3164 3170 3167
f 3171 3169 3170
f 3172 3169 3171
f 3173 3169 3172
f 3174 3173 3172
f 3175 3174 3172
f 3176 3175 3172
f 3175 3173 3174
f 3177 3173 3175
f 3178 3177 3175
f 3179 3178 3175
f 3176 3179 3175
f 3180 3179 3176
f 3181 3179 3180
f 3182 3181 3180
f 3183 3182 3180
f 3184 3183 3180
f 3185 3183 3184
f 3186 3185 3184
f 3187 3183 3185
f 3188 3182 3183
f 3189 3182 3188
f 3190 3189 3188
f 3191 3190 3188
f 3192 3191 3188
f 3183 3192 3188
f 3187 3192 3183
f 3193 3192 3187
f 3194 3192 3193
f 3195 3194 3193
f 3196 3194 3195
f 3197 3196 3195
f 3198 3196 3197
f 3199 3198 3197
f 3200 3199 3197
f 3201 3200 3197
f 3202 3200 3201
f 3203 3202 3201
f 3204 3202 3203
f 3205 3206 3207
f 3208 3205 3207
f 3209 3205 3208
f 3210 3209 3208
f 3211 3205 3209
f 3212 3211 3209
f 3213 3212 3209
f 3214 3212 3213
f 3215 3211 3212
f 3216 3215 3212
f 3217 3216 3212
f 3214 3217 3212
f 3218 3217 3214
f 3213 3218 3214
f 3219 3218 3213
f 3220 3219 3213
f 3221 3220 3213
f 3210 3221 3213
f 3222 3220 3221
f 3223 3222 3221
f 3224 3222 3223
f 3221 3225 3223
f 3226 3227 3228
f 3229 3226 3228
f 3230 3229 3228
f 3231 3229 3230
f 3232 3231 3230
f 3233 3232 3230
f 3234 3232 3233
f 3235 3234 3233
f 3236 3234 3235
f 3237 3236 3235
f 3238 3237 3235
f 3239 3237 3238
f 3240 3239 3238
f 3241 3239 3240
f 3237 3239 3241
f 3242 3236 3237
f 3243 3236 3242
f 3244 3243 3242
f 3245 3243 3244
f 3246 3245 3244
f 3247 3246 3244
f 3248 3247 3244
f 3249 3247 3248
f 3250 3249 3248
f 3251 3250 3248
f 3252 3250 3251
f 3253 3250 3252
f 3254 3253 3252
f 3255 3254 3252
f 3251 3255 3252
f 3256 3254 3255
f 3257 3256 3255
f 3258 3257 3255
f 3259 3257 3258
f 3260 3259 3258
f 3261 3260 3258
f 3262 3259 3260
f 3263 3259 3262
f 3264 3265 3266
f 3267 3265 3264
f 3268 3267 3264
f 3269 3267 3268
f 3270 3269 3268
f 3271 3270 3268
f 3272 3271 3268
f 3273 3271 3272
f 3274 3273 3272
f 3275 3273 3274
f 3276 3275 3274
f 3277 3275 3276
f 3278 3277 3276
f 3279 3278 3276
f 3280 3278 3279
f 3281 3278 3280
f 3282 3281 3280
f 3283 3281 3282
f 3284 3283 3282
f 3285 3284 3282
f 3286 3285 3282
f 3287 3285 3286
f 3288 3287 3286
f 3289 3287 3288
f 3290 3289 3288
f 3291 3290 3288
f 3292 3290 3291
f 3293 3292 3291
f 3294 3293 3291
f 3295 3293 3294
f 3296 3295 3294
f 3297 3295 3296
f 3298 3297 3296
f 3299 3297 3298
f 3300 3299 3298
f 3301 3300 3298
f 3302 3300 3301
f 3303 3300 3302
f 3304 3303 3302
f 3305 3304 3302
f 3306 3304 3305
f 3307 3306 3305
f 3308 3307 3305
f 3309 3307 3308
f 3310 3309 3308
f 3311 3309 3310
f 3312 3313 3314
f 3315 3312 3314
f 3316 3312 3315
f 3317 3316 3315
f 3318 3316 3317
f 3319 3318 3317
f 3320 3319 3317
f 3315 3320 3317
f 3321 3319 3320
f 3322 3321 3320
f 3323 3321 3322
f 3324 3323 3322
f 3325 3323 3324
f 3326 3325 3324
f 3327 3326 3324
f 3328 3326 3327
f 3329 3328 3327
f 3330 3328 3329
f 3331 3328 3330
f 3332 3331 3330
f 3333 3331 3332
f 3334 3331 3333
f 3335 3334 3333
f 3336 3334 3335
f 3337 3334 3336
f 3338 3337 3336
f 3339 3337 3338
f 3340 3339 3338
f 3341 3339 3340
f 3342 3341 3340
f 3343 3342 3340
f 3344 3343 3340
f 3345 3344 3340
f 3346 3344 3345
f 3347 3346 3345
f 3348 3346 3347
f 3349 3348 3347
f 3350 3349 3347
f 3351 3349 3350
f 3352 3349 3351
f 3353 3352 3351
f 3354 3353 3351
f 3355 3353 3354
f 3356 3353 3355
f 3357 3356 3355
f 3358 3356 3357
f 3359 3358 3357
f 3360 3359 3357
f 3361 3358 3359
f 3362 3361 3359
f 3363 3358 3361
f 3364 3363 3361
f 3362 3364 3361
f 3365 3363 3364
f 3366 3365 3364
f 3367 3366 3364
f 3368 3367 3364
f 3369 3367 3368
f 3370 3369 3368
f 3371 3370 3368
f 3372 3371 3368
f 3373 3371 3372
f 3374 3371 3373
f 3375 3374 3373
f 3376 3374 3375
f 3377 3376 3375
f 3378 3376 3377
f 3379 3378 3377
f 3380 3379 3377
f 3381 3379 3380
f 3382 3381 3380
f 3383 3381 3382
f 3384 3381 3383
f 3385 3381 3384
f 3386 3385 3384
f 3387 3385 3386
f 3388 3387 3386
f 3389 3387 3388
f 3390 3389 3388
f 3391 3390 3388
f 3392 3390 3391
f 3393 3392 3391
f 3394 3393 3391
f 3395 3394 3391
f 3396 3394 3395
f 3397 3396 3395
f 3398 3394 3396
f 3399 3398 3396
f 3400 3399 3396
f 3401 3400 3396
f 3397 3401 3396
f 3402 3400 3401
f 3403 3402 3401
f 3404 3403 3401
f 3405 3403 3404
f 3406 3405 3404
f 3407 3405 3406
f 3408 3407 3406
f 3409 3407 3408
f 3410 3409 3408
f 3411 3410 3408
f 3412 3409 3410
f 3413 3412 3410
f 3414 3412 3413
f 3415 3414 3413
f 3416 3414 3415
f 3417 3416 3415
f 3418 3414 3416
f 3419 3418 3416
f 3420 3419 3416
f 3421 3419 3420
f 3422 3421 3420
f 3423 3422 3420
f 3424 3423 3420
f 3425 3423 3424
f 3426 3423 3425
f 3427 3426 3425
f 3428 3427 3425
f 3429 3427 3428
f 3430 3427 3429
f 3431 3430 3429
f 3432 3430 3431
f 3433 3430 3432
f 3434 3433 3432
f 3435 3434 3432
f 3436 3435 3432
f 3437 3434 3435
f 3438 3437 3435
f 3439 3433 3434
f 3440 3433 3439
f 3441 3440 3439
f 3442 3441 3439
f 3443 3441 3442
f 3444 3443 3442
f 3445 3444 3442
f 3446 3444 3445
f 3447 3446 3445
f 3448 3444 3446
f 3449 3448 3446
f 3450 3448 3449
f 3451 3450 3449
f 3452 3451 3449
f 3453 3451 3452
f 3454 3453 3452
f 3455 3451 3453
f 3456 3451 3455
f 3457 3456 3455
f 3458 3457 3455
f 3459 3456 3457
f 3450 3451 3456
f 3460 3450 3456
f 3461 3460 3456
f 3459 3461 3456
f 3462 3461 3459
f 3463 3461 3462
f 3464 3463 3462
f 3465 3461 3463
f 3466 3465 3463
f 3464 3466 3463
f 3467 3466 3464
f 3468 3467 3464
f 3469 3467 3468
f 3470 3467 3469
f 3471 3470 3469
f 3472 3471 3469
f 3473 3471 3472
f 3474 3471 3473
f 3475 3474 3473
f 3476 3474 3475
f 3477 3476 3475
f 3478 3477 3475
f 3479 3477 3478
f 3480 3479 3478
f 3481 3479 3480
f 3482 3479 3481
f 3483 3482 3481
f 3484 3482 3483
f 3485 3484 3483
f 3486 3485 3483
f 3487 3485 3486
f 3488 3485 3487
f 3489 3488 3487
f 3490 3489 3487
f 3491 3489 3490
f 3492 3489 3491
f 3493 3492 3491
f 3494 3493 3491
f 3495 3493 3494
f 3496 3495 3494
f 3497 3495 3496
f 3498 3497 3496
f 3499 3498 3496
f 3500 3498 3499
f 3501 3500 3499
f 3502 3501 3499
f 3503 3501 3502
f 3504 3503 3502
f 3505 3504 3502
f 3506 3504 3505
f 3507 3504 3506
f 3508 3507 3506
f 3509 3508 3506
f 3510 3508 3509
f 3511 3508 3510
f 3512 3511 3510
f 3513 3512 3510
f 3514 3512 3513
f 3515 3514 3513
f 3516 3514 3515
f 3517 3516 3515
f 3518 3508 3511
f 3519 3518 3511
f 3520 3518 3519
f 3521 3520 3519
f 3522 3521 3519
f 3523 3521 3522
f 3524 3523 3522
f 3525 3524 3522
f 3526 3523 3524
f 3527 3528 3529
f 3530 3531 3532
f 3528 3530 3532
f 3533 3530 3528
f 3527 3533 3528
f 3534 3533 3527
f 3535 3534 3527
f 3536 3533 3534
f 3537 3536 3534
f 3538 3536 3537
f 3539 3538 3537
f 3540 3539 3537
f 3541 3540 3537
f 3542 3540 3541
f 3543 3540 3542
f 3544 3543 3542
f 3545 3544 3542
f 3546 3544 3545
f 3547 3546 3545
f 3548 3546 3547
f 3549 3548 3547
f 3550 3548 3549
f 3551 3548 3550
f 3552 3551 3550
f 3553 3552 3550
f 3554 3552 3553
f 3555 3554 3553
f 3556 3554 3555
f 3557 3554 3556
f 3558 3557 3556
f 3559 3558 3556
f 3560 3559 3556
f 3561 3559 3560
f 3562 3561 3560
f 3563 3562 3560
f 3556 3563 3560
f 3564 3562 3563
f 3565 3564 3563
f 3566 3565 3563
f 3567 3566 3563
f 3568 3566 3567
f 3569 3566 3568
f 3570 3569 3568
f 3571 3569 3570
f 3572 3569 3571
f 3573 3572 3571
f 3574 3572 3573
f 3575 3576 3577
f 3578 3576 3575
f 3579 3578 3575
f 3580 3578 3579
f 3581 3580 3579
f 3582 3581 3579
f 3583 3581 3582
f 3584 3583 3582
f 3585 3583 3584
f 3586 3585 3584
f 3587 3586 3584
f 3588 3586 3587
f 3589 3588 3587
f 3590 3588 3589
f 3591 3590 3589
f 3592 3590 3591
f 3593 3592 3591
f 3594 3593 3591
f 3595 3593 3594
f 3596 3595 3594
f 3597 3590 3592
f 3598 3590 3597
f 3599 3598 3597
f 3600 3599 3597
f 3601 3599 3600
f 3602 3601 3600
f 3603 3602 3600
f 3604 3602 3603
f 3605 3602 3604
f 3606 3605 3604
f 3607 3606 3604
f 3608 3606 3607
f 3609 3608 3607
f 3610 3608 3609
f 3611 3610 3609
f 3612 3611 3609
f 3613 3611 3612
f 3614 3611 3613
f 3615 3614 3613
f 3616 3614 3615
f 3617 3614 3616
f 3618 3617 3616
f 3619 3618 3616
f 3620 3618 3619
f 3621 3620 3619
f 3622 3621 3619
f 3623 3621 3622
f 3624 3621 3623
f 3625 3621 3624
f 3626 3625 3624
f 3620 3621 3625
f 3627 3620 3625
f 3628 3627 3625
f 3626 3628 3625
f 3629 3628 3626
f 3630 3629 3626
f 3631 3629 3630
f 3632 3629 3631
f 3633 3632 3631
f 3634 3633 3631
f 3635 3633 3634
f 3636 3635 3634
f 3637 3635 3636
f 3638 3635 3637
f 3639 3638 3637
f 3640 3639 3637
f 3641 3639 3640
f 3642 3641 3640
f 3643 3641 3642
f 3644 3643 3642
f 3645 3644 3642
f 3646 3645 3642
f 3647 3644 3645
f 3646 3647 3645
f 3648 3644 3647
f 3649 3648 3647
f 3650 3648 3649
f 3651 3650 3649
f 3652 3651 3649
f 3653 3652 3649
f 3654 3651 3652
f 3655 3651 3654
f 3656 3655 3654
f 3657 3656 3654
f 3658 3656 3657
f 3659 3656 3658
f 3660 3659 3658
f 3661 3660 3658
f 3662 3660 3661
f 3663 3662 3661
f 3664 3662 3663
f 3665 3664 3663
f 3666 3664 3665
f 3667 3666 3665
f 3668 3667 3665
f 3669 3667 3668
f 3670 3669 3668
f 3671 3669 3670
f 3672 3671 3670
f 3673 3672 3670
f 3674 3672 3673
f 3675 3674 3673
f 3676 3674 3675
f 3677 3676 3675
f 3678 3676 3677
f 3679 3678 3677
f 3680 3679 3677
f 3681 3679 3680
f 3682 3681 3680
f 3683 3681 3682
f 3684 3683 3682
f 3685 3683 3684
f 3686 3683 3685
f 3687 3686 3685
f 3688 3687 3685
f 3689 3687 3688
f 3690 3689 3688
f 3691 3689 3690
f 3692 3691 3690
f 3693 3691 3692
f 3694 3693 3692
f 3695 3694 3692
f 3696 3694 3695
f 3697 3696 3695
f 3698 3696 3697
f 3699 3698 3697
f 3700 3698 3699
f 3701 3700 3699
f 3702 3700 3701
f 3703 3702 3701
f 3704 3703 3701
f 3705 3702 3703
f 3706 3705 3703
f 3707 3705 3706
f 3708 3696 3698
f 3709 3696 3708
f 3710 3709 3708
f 3711 3709 3710
f 3712 3711 3710
f 3713 3712 3710
f 3714 3713 3710
f 3715 3712 3713
f 3716 3715 3713
f 3714 3716 3713
f 3717 3715 3716
f 3718 3717 3716
f 3719 3718 3716
f 3720 3717 3718
f 3721 3720 3718
f 3722 3720 3721
f 3723 3722 3721
f 3724 3723 3721
f 3725 3723 3724
f 3726 3723 3725
f 3727 3726 3725
f 3728 3726 3727
f 3729 3728 3727
f 3730 3729 3727
f 3731 3730 3727
f 3732 3731 3727
f 3733 3731 3732
f 3734 3733 3732
f 3735 3734 3732
f 3736 3733 3734
f 3737 3736 3734
f 3738 3736 3737
f 3739 3738 3737
f 3740 3738 3739
f 3741 3740 3739
f 3742 3740 3741
f 3743 3742 3741
f 3744 3743 3741
f 3745 3744 3741
f 3746 3745 3741
f 3739 3746 3741
f 3737 3746 3739
f 3747 3745 3746
f 3748 3745 3747
f 3749 3748 3747
f 3750 3748 3749
f 3751 3748 3750
f 3752 3751 3750
f 3753 3752 3750
f 3754 3752 3753
f 3755 3752 3754
f 3756 3755 3754
f 3757 3756 3754
f 3758 3756 3757
f 3759 3758 3757
f 3760 3759 3757
f 3761 3760 3757
f 3754 3761 3757
f 3762 3760 3761
f 3763 3760 3762
f 3764 3763 3762
f 3765 3764 3762
f 3766 3765 3762
f 3767 3764 3765
f 3766 3767 3765
f 3768 3764 3767
f 3769 3768 3767
f 3770 3768 3769
f 3771 3770 3769
f 3772 3770 3771
f 3773 3772 3771
f 3774 3772 3773
f 3775 3772 3774
f 3776 3775 3774
f 3777 3775 3776
f 3778 3777 3776
f 3776 3779 3778
f 3780 3781 3782
f 3783 3780 3782
f 3784 3780 3783
f 3785 3784 3783
f 3786 3785 3783
f 3787 3785 3786
f 3788 3787 3786
f 3789 3787 3788
f 3790 3789 3788
f 3791 3790 3788
f 3792 3790 3791
f 3793 3790 3792
f 3794 3790 3793
f 3795 3794 3793
f 3796 3795 3793
f 3797 3795 3796
f 3798 3797 3796
f 3799 3798 3796
f 3800 3798 3799
f 3801 3800 3799
f 3802 3801 3799
f 3803 3802 3799
f 3804 3802 3803
f 3805 3804 3803
f 3806 3802 3804
f 3807 3806 3804
f 3808 3806 3807
f 3809 3808 3807
f 3810 3809 3807
f 3811 3809 3810
f 3812 3811 3810
f 3813 3812 3810
f 3814 3812 3813
f 3815 3812 3814
f 3816 3815 3814
f 3817 3815 3816
f 3818 3815 3817
f 3819 3818 3817
f 3820 3819 3817
f 3821 3820 3817
f 3822 3820 3821
f 3823 3822 3821
f 3824 3822 3823
f 3825 3822 3824
f 3826 3825 3824
f 3827 3825 3826
f 3828 3827 3826
f 3829 3828 3826
f 3830 3828 3829
f 3831 3830 3829
f 3832 3830 3831
f 3833 3832 3831
f 3834 3833 3831
f 3835 3833 3834
f 3836 3835 3834
f 3837 3835 3836
f 3838 3837 3836
f 3839 3837 3838
f 3840 3837 3839
f 3838 3841 3839
f 3842 3843 3844
f 3845 3843 3842
f 3846 3845 3842
f 3847 3845 3846
f 3848 3847 3846
f 3849 3847 3848
f 3850 3847 3849
f 3851 3850 3849
f 3852 3851 3849
f 3853 3851 3852
f 3854 3853 3852
f 3855 3853 3854
f 3856 3855 3854
f 3857 3856 3854
f 3858 3855 3856
f 3859 3855 3858
f 3860 3859 3858
f 3861 3859 3860
f 3862 3861 3860
f 3863 3862 3860
f 3864 3862 3863
f 3865 3864 3863
f 3866 3864 3865
f 3867 3866 3865
f 3868 3867 3865
f 3869 3867 3868
f 3870 3869 3868
f 3871 3872 3873
f 3874 3871 3873
f 3875 3871 3874
f 3876 3871 3875
f 3877 3876 3875
f 3878 3876 3877
f 3879 3878 3877
f 3880 3879 3877
f 3881 3879 3880
f 3882 3879 3881
f 3883 3882 3881
f 3884 3883 3881
f 3885 3883 3884
f 3886 3883 3885
f 3887 3886 3885
f 3888 3886 3887
f 3889 3888 3887
f 3890 3889 3887
f 3891 3888 3889
f 3892 3888 3891
f 3893 3892 3891
f 3894 3893 3891
f 3895 3894 3891
f 3896 3894 3895
f 3897 3896 3895
f 3898 3899 3900
f 3901 3899 3898
f 3902 3899 3901
f 3903 3902 3901
f 3904 3903 3901
f 3905 3903 3904
f 3906 3905 3904
f 3907 3905 3906
f 3908 3907 3906
f 3909 3907 3908
f 3910 3909 3908
f 3911 3910 3908
f 3912 3910 3911
f 3913 3910 3912
f 3914 3913 3912
f 3915 3913 3914
f 3916 3915 3914
f 3917 3916 3914
f 3918 3916 3917
f 3919 3918 3917
f 3920 3919 3917
f 3921 3919 3920
f 3922 3919 3921
f 3918 3919 3922
f 3923 3918 3922
f 3924 3923 3922
f 3925 3924 3922
f 3926 3924 3925
f 3927 3926 3925
f 3928 3927 3925
f 3929 3928 3925
f 3922 3929 3925
f 3921 3929 3922
f 3930 3929 3921
f 3931 3929 3930
f 3932 3929 3931
f 3933 3932 3931
f 3934 3932 3933
f 3935 3934 3933
f 3936 3934 3935
f 3937 3936 3935
f 3938 3937 3935
f 3939 3937 3938
f 3940 3939 3938
f 3941 3939 3940
f 3942 3941 3940
f 3943 3941 3942
f 3944 3943 3942
f 3945 3943 3944
f 3946 3945 3944
f 3947 3945 3946
f 3948 3947 3946
f 3949 3948 3946
f 3950 3948 3949
f 3951 3950 3949
f 3952 3950 3951
f 3953 3950 3952
f 3954 3953 3952
f 3955 3953 3954
f 3956 3955 3954
f 3957 3956 3954
f 3958 3957 3954
f 3959 3958 3954
f 3960 3958 3959
f 3961 3958 3960
f 3962 3961 3960
f 3963 3961 3962
f 3964 3961 3963
f 3965 3964 3963
f 3966 3965 3963
f 3967 3964 3965
f 3968 3964 3967
f 3969 3968 3967
f 3970 3969 3967
f 3971 3969 3970
f 3972 3969 3971
f 3973 3972 3971
f 3974 3973 3971
f 3975 3973 3974
f 3976 3975 3974
f 3977 3976 3974
f 3978 3976 3977
f 3979 3978 3977
f 3980 3978 3979
f 3981 3980 3979
f 3982 3980 3981
f 3983 3982 3981
f 3984 3982 3983
f 3985 3984 3983
f 3986 3985 3983
f 3987 3985 3986
f 3988 3987 3986
f 3989 3988 3986
f 3990 3985 3987
f 3991 3985 3990
f 3992 3991 3990
f 3993 3992 3990
f 3994 3992 3993
f 3995 3994 3993
f 3996 3995 3993
f 3997 3994 3995
f 3998 3997 3995
f 3999 3997 3998
f 4000 3999 3998
f 4001 4000 3998
f 4002 3999 4000
f 4003 3999 4002
f 4004 4003 4002
f 4005 4004 4002
f 4006 4004 4005
f 4007 4006 4005
f 4008 4006 4007
f 4009 4008 4007
f 4010 4009 4007
f 4011 4008 4009
f 4012 4011 4009
f 4013 4012 4009
f 4014 4013 4009
f 4015 4013 4014
f 4016 4013 4015
f 4017 4016 4015
f 4018 4016 4017
f 4019 4018 4017
f 4020 4019 4017
f 4021 4019 4020
f 4022 4019 4021
f 4023 4022 4021
f 4024 4022 4023
f 4025 4024 4023
f 4026 4025 4023
f 4027 4026 4023
f 4028 4026 4027
f 4029 4026 4028
f 4030 4029 4028
f 4031 4030 4028
f 4032 4030 4031
f 4033 4032 4031
f 4034 4032 4033
f 4035 4032 4034
f 4036 4035 4034
f 4037 4036 4034
f 4038 4036 4037
f 4039 4038 4037
f 4040 4038 4039
f 4041 4040 4039
f 4042 4041 4039
f 4043 4042 4039
f 4044 4042 4043
f 4045 4042 4044
f 4046 4045 4044
f 4047 4046 4044
f 4048 4046 4047
f 4049 4048 4047
f 4050 4048 4049
f 4051 4050 4049
f 4052 4050 4051
f 4053 4050 4052
f 4054 4053 4052
f 4055 4056 4057
f 4058 4055 4057
f 4059 4055 4058
f 4060 4059 4058
f 4061 4060 4058
f 4062 4060 4061
f 4063 4062 4061
f 4064 4062 4063
f 4065 4064 4063
f 4066 4065 4063
f 4067 4065 4066
f 4068 4065 4067
f 4069 4068 4067
f 4070 4069 4067
f 4071 4069 4070
f 4072 4071 4070
f 4073 4071 4072
f 4074 4073 4072
f 4075 4071 4073
f 4076 4069 4071
f 4075 4076 4071
f 4076 4068 4069
f 4077 4068 4076
f 4078 4077 4076
f 4079 4078 4076
f 4080 4079 4076
f 4081 4079 4080
f 4082 4079 4081
f 4083 4082 4081
f 4084 4078 4079
f 4082 4084 4079
f 4085 4084 4082
f 4083 4085 4082
f 4086 4085 4083
f 4087 4086 4083
f 4088 4087 4083
f 4089 4088 4083
f 4081 4089 4083
f 4090 4088 4089
f 4091 4090 4089
f 4092 4091 4089
f 4093 4091 4092
f 4094 4093 4092
f 4095 4093 4094
f 4096 4095 4094
f 4097 4095 4096
f 4098 4097 4096
f 4099 4097 4098
f 4100 4097 4099
f 4101 4100 4099
f 4102 4101 4099
f 4103 4104 4105
f 4106 4104 4103
f 4107 4106 4103
f 4108 4106 4107
f 4109 4108 4107
f 4110 4108 4109
f 4111 4110 4109
f 4112 4110 4111
f 4113 4112 4111
f 4114 4112 4113
f 4115 4114 4113
f 4116 4115 4113
f 4117 4115 4116
f 4118 4117 4116
f 4119 4118 4116
f 4120 4117 4118
f 4121 4117 4120
f 4122 4121 4120
f 4123 4122 4120
f 4124 4122 4123
f 4125 4124 4123
f 4126 4124 4125
f 4127 4126 4125
f 4128 4126 4127
f 4129 4126 4128
f 4130 4126 4129
f 4131 4130 4129
f 4132 4131 4129
f 4133 4131 4132
f 4134 4133 4132
f 4135 4134 4132
f 4136 4135 4132
f 4137 4135 4136
f 4138 4137 4136
f 4139 4138 4136
f 4140 4139 4136
f 4141 4140 4136
f 4142 4139 4140
f 4143 4139 4142
f 4144 4143 4142
f 4145 4144 4142
f 4146 4145 4142
f 4147 4143 4144
f 4148 4147 4144
f 4149 4147 4148
f 4150 4149 4148
f 4151 4150 4148
f 4152 4150 4151
f 4153 4152 4151
f 4154 4152 4153
f 4155 4154 4153
f 4156 4154 4155
f 4157 4156 4155
f 4158 4156 4157
f 4159 4158 4157
f 4160 4156 4158
f 4161 4156 4160
f 4162 4161 4160
f 4163 4161 4162
f 4164 4163 4162
f 4165 4164 4162
f 4166 4164 4165
f 4167 4166 4165
f 4168 4166 4167
f 4169 4166 4168
f 4170 4169 4168
f 4171 4169 4170
f 4172 4171 4170
f 4173 4171 4172
f 4174 4173 4172
f 4175 4174 4172
f 4176 4174 4175
f 4177 4176 4175
f 4178 4177 4175
f 4179 4177 4178
f 4180 4179 4178
f 4181 4179 4180
f 4182 4181 4180
f 4183 4181 4182
f 4184 4183 4182
f 4185 4183 4184
f 4186 4185 4184
f 4187 4186 4184
f 4188 4186 4187
f 4189 4188 4187
f 4190 4188 4189
f 4191 4190 4189
f 4192 4191 4189
f 4193 4192 4189
f 4194 4192 4193
f 4195 4192 4194
f 4196 4195 4194
f 4197 4195 4196
f 4198 4197 4196
f 4199 4198 4196
f 4200 4198 4199
f 4201 4198 4200
f 4202 4201 4200
f 4197 4198 4201
f 4203 4197 4201
f 4204 4203 4201
f 4205 4204 4201
f 4202 4205 4201
f 4206 4205 4202
f 4207 4206 4202
f 4208 4207 4202
f 4200 4208 4202
f 4209 4207 4208
f 4210 4207 4209
f 4211 4210 4209
f 4212 4211 4209
f 4213 4211 4212
f 4214 4211 4213
f 4215 4214 4213
f 4212 4215 4213
f 4216 4214 4215
f 4217 4216 4215
f 4218 4214 4216
f 4219 4218 4216
f 4220 4219 4216
f 4221 4219 4220
f 4222 4221 4220
f 4223 4222 4220
f 4224 4225 4223
f 4226 4225 4224
f 4227 4226 4224
f 4228 4227 4224
f 4229 4228 4224
f 4230 4227 4228
f 4231 4230 4228
f 4229 4231 4228
f 4232 4231 4229
f 4233 4232 4229
f 4234 4233 4229
f 4235 4233 4234
f 4236 4237 4238
f 4239 4237 4236
f 4240 4239 4236
f 4241 4240 4236
f 4242 4241 4236
f 4243 4242 4236
f 4238 4243 4236
f 4244 4241 4242
f 4245 4241 4244
f 4246 4245 4244
f 4247 4246 4244
f 4248 4247 4244
f 4242 4248 4244
f 4249 4248 4242
f 4250 4248 4249
f 4251 4248 4250
f 4252 4251 4250
f 4253 4251 4252
f 4254 4253 4252
f 4255 4256 4257
f 4258 4255 4257
f 4259 4255 4258
f 4260 4259 4258
f 4261 4260 4258
f 4262 4261 4258
f 4263 4262 4258
f 4264 4262 4263
f 4265 4262 4264
f 4266 4265 4264
f 4267 4266 4264
f 4268 4269 4270
f 4271 4268 4270
f 4272 4268 4271
f 4273 4272 4271
f 4274 4272 4273
f 4275 4274 4273
f 4276 4275 4273
f 4277 4275 4276
f 4278 4277 4276
f 4279 4275 4277
f 4280 4281 4282
f 4283 4280 4282
f 4284 4281 4280
f 4285 4281 4284
f 4286 4285 4284
f 4287 4286 4284
f 4288 4286 4287
f 4289 4286 4288
f 4290 4289 4288
f 4291 4290 4288
f 4292 4291 4288
f 4293 4292 4288
f 4287 4293 4288
f 4294 4292 4293
f 4295 4292 4294
f 4296 4295 4294
f 4297 4295 4296
f 4298 4297 4296
f 4299 4298 4296
f 4300 4298 4299
f 4301 4300 4299
f 4302 4300 4301
f 4303 4302 4301
f 4304 4303 4301
f 4305 4303 4304
f 4306 4303 4305
f 4307 4306 4305
f 4308 4307 4305
f 4309 4307 4308
f 4310 4309 4308
f 4311 4309 4310
f 4312 4309 4311
f 4313 4309 4312
f 4314 4313 4312
f 4315 4314 4312
f 4316 4314 4315
f 4317 4316 4315
f 4318 4316 4317
f 4319 4318 4317
f 4320 4319 4317
f 4321 4320 4317
f 4315 4321 4317
f 4322 4320 4321
f 4323 4320 4322
f 4324 4320 4323
f 4325 4324 4323
f 4326 4324 4325
f 4327 4326 4325
f 4328 4326 4327
f 4329 4326 4328
f 4330 4326 4329
f 4331 4326 4330
f 4332 4331 4330
f 4333 4332 4330
f 4334 4333 4330
f 4329 4334 4330
f 4335 4333 4334
f 4336 4335 4334
f 4337 4335 4336
f 4338 4337 4336
f 4339 4337 4338
f 4340 4339 4338
f 4341 4340 4338
f 4342 4340 4341
f 4343 4342 4341
f 4344 4343 4341
f 4345 4344 4341
f 4346 4344 4345
f 4347 4346 4345
f 4348 4346 4347
f 4349 4348 4347
f 4350 4349 4347
f 4351 4349 4350
f 4352 4349 4351
f 4353 4352 4351
f 4354 4353 4351
f 4355 4352 4353
f 4356 4355 4353
f 4357 4355 4356
f 4358 4357 4356
f 4359 4358 4356
f 4360 4358 4359
f 4361 4360 4359
f 4362 4360 4361
f 4363 4362 4361
f 4364 4362 4363
f 4365 4364 4363
f 4366 4364 4365
f 4367 4366 4365
f 4368 4367 4365
f 4369 4366 4367
f 4370 4369 4367
f 4371 4366 4369
f 4372 4371 4369
f 4373 4372 4369
f 4370 4373 4369
f 4374 4373 4370
f 4375 4373 4374
f 4376 4375 4374
f 4377 4375 4376
f 4378 4377 4376
f 4379 4377 4378
f 4380 4379 4378
f 4381 4379 4380
f 4382 4381 4380
f 4383 4382 4380
f 4384 4382 4383
f 4385 4382 4384
f 4386 4385 4384
f 4387 4386 4384
f 4388 4385 4386
f 4389 4388 4386
f 4390 4385 4388
f 4389 4391 4388
f 4392 4393 4394
f 4395 4393 4392
f 4396 4395 4392
f 4397 4396 4392
f 4398 4396 4397
f 4399 4398 4397
f 4400 4398 4399
f 4401 4400 4399
f 4402 4400 4401
f 4403 4402 4401
f 4404 4402 4403
f 4405 4404 4403
f 4406 4405 4403
f 4407 4406 4403
f 4408 4406 4407
f 4409 4408 4407
f 4410 4408 4409
f 4411 4410 4409
f 4412 4411 4409
f 4413 4411 4412
f 4414 4411 4413
f 4415 4414 4413
f 4416 4415 4413
f 4417 4415 4416
f 4418 4417 4416
f 4419 4417 4418
f 4420 4417 4419
f 4421 4420 4419
f 4422 4421 4419
f 4418 4422 4419
f 4423 4422 4418
f 4424 4423 4418
f 4425 4423 4424
f 4426 4427 4428
f 4429 4427 4426
f 4430 4429 4426
f 4431 4429 4430
f 4432 4431 4430
f 4433 4432 4430
f 4434 4432 4433
f 4435 4434 4433
f 4436 4435 4433
f 4437 4435 4436
f 4438 4437 4436
f 4439 4438 4436
f 4440 4439 4436
f 4433 4440 4436
f 4441 4439 4440
f 4442 4441 4440
f 4443 4441 4442
f 4444 4443 4442
f 4445 4444 4442
f 4446 4444 4445
f 4447 4446 4445
f 4448 4446 4447
f 4449 4448 4447
f 4450 4449 4447
f 4451 4449 4450
f 4452 4449 4451
f 4453 4452 4451
f 4454 4453 4451
f 4455 4453 4454
f 4456 4455 4454
f 4457 4455 4456
f 4458 4459 4460
f 4461 4459 4458
f 4462 4461 4458
f 4463 4461 4462
f 4464 4461 4463
f 4465 4464 4463
f 4466 4465 4463
f 4467 4468 4469
f 4470 4467 4469
f 4471 4467 4470
f 4472 4471 4470
f 4473 4471 4472
f 4474 4471 4473
f 4475 4474 4473
f 4476 4474 4475
f 4477 4476 4475
f 4478 4477 4475
f 4479 4478 4475
f 4480 4478 4479
f 4481 4480 4479
f 4482 4480 4481
f 4483 4482 4481
f 4484 4482 4483
f 4485 4484 4483
f 4486 4484 4485
f 4487 4486 4485
f 4488 4486 4487
f 4489 4488 4487
f 4490 4491 4487
f 4485 4490 4487
f 4492 4490 4485
f 4493 4490 4492
f 4494 4490 4493
f 4495 4494 4493
f 4496 4495 4493
f 4497 4496 4493
f 4498 4496 4497
f 4499 4496 4498
f 4500 4499 4498
f 4501 4499 4500
f 4502 4501 4500
f 4503 4501 4502
f 4504 4503 4502
f 4505 4501 4503
f 4506 4505 4503
f 4507 4506 4503
f 4508 4507 4503
f 4504 4508 4503
f 4509 4508 4504
f 4510 4509 4504
f 4511 4508 4509
f 4512 4511 4509
f 4513 4511 4512
f 4514 4513 4512
f 4515 4511 4513
f 4516 4515 4513
f 4517 4515 4516
f 4518 4517 4516
f 4519 4518 4516
f 4520 4519 4516
f 4521 4519 4520
f 4522 4521 4520
f 4523 4521 4522
f 4524 4523 4522
f 4525 4523 4524
f 4526 4525 4524
f 4527 4526 4524
f 4528 4527 4524
f 4529 4527 4528
f 4530 4529 4528
f 4531 4529 4530
f 4532 4531 4530
f 4533 4531 4532
f 4534 4531 4533
f 4535 4534 4533
f 4536 4534 4535
f 4537 4536 4535
f 4538 4537 4535
f 4539 4538 4535
f 4540 4537 4538
f 4541 4540 4538
f 4542 4537 4540
f 4543 4542 4540
f 4544 4542 4543
f 4545 4544 4543
f 4546 4545 4543
f 4547 4546 4543
f 4548 4546 4547
f 4549 4548 4547
f 4550 4549 4547
f 4551 4549 4550
f 4552 4549 4551
f 4553 4552 4551
f 4554 4552 4553
f 4555 4554 4553
f 4556 4554 4555
f 4557 4556 4555
f 4558 4557 4555
f 4559 4557 4558
f 4560 4559 4558
f 4561 4560 4558
f 4562 4559 4560
f 4563 4562 4560
f 4564 4562 4563
f 4565 4564 4563
f 4566 4564 4565
f 4567 4566 4565
f 4568 4566 4567
f 4569 4568 4567
f 4570 4569 4567
f 4571 4569 4570
f 4572 4569 4571
f 4573 4572 4571
f 4574 4572 4573
f 4575 4574 4573
f 4576 4574 4575
f 4577 4576 4575
f 4578 4577 4575
f 4579 4577 4578
f 4580 4579 4578
f 4581 4582 4583
f 4584 4581 4583
f 4585 4584 4583
f 4586 4584 4585
f 4587 4586 4585
f 4588 4586 4587
f 4589 4586 4588
f 4590 4589 4588
f 4591 4590 4588
f 4592 4591 4588
f 4593 4591 4592
f 4594 4593 4592
f 4595 4594 4592
f 4596 4595 4592
f 4597 4596 4592
f 4598 4594 4595
f 4599 4598 4595
f 4600 4599 4595
f 4601 4599 4600
f 4602 4601 4600
f 4603 4601 4602
f 4604 4603 4602
f 4605 4604 4602
f 4606 4604 4605
f 4607 4606 4605
f 4608 4606 4607
f 4609 4608 4607
f 4610 4609 4607
f 4611 4608 4609
f 4612 4608 4611
f 4613 4612 4611
f 4614 4612 4613
f 4615 4612 4614
f 4616 4615 4614
f 4617 4616 4614
f 4618 4616 4617
f 4619 4618 4617
f 4620 4618 4619
f 4621 4620 4619
f 4622 4620 4621
f 4623 4620 4622
f 4624 4623 4622
f 4625 4623 4624
f 4626 4627 4628
f 4629 4627 4626
f 4630 4627 4629
f 4631 4630 4629
f 4632 4630 4631
f 4633 4632 4631
f 4634 4633 4631
f 4635 4633 4634
f 4636 4635 4634
f 4637 4636 4634
f 4638 4636 4637
f 4639 4635 4636
f 4640 4635 4639
f 4641 4640 4639
f 4642 4641 4639
f 4636 4642 4639
f 4643 4641 4642
f 4644 4643 4642
f 4645 4644 4642
f 4646 4644 4645
f 4647 4646 4645
f 4648 4646 4647
f 4649 4648 4647
f 4650 4649 4647
f 4651 4650 4647
f 4652 4650 4651
f 4653 4652 4651
f 4654 4653 4651
f 4655 4654 4651
f 4656 4653 4654
f 4657 4653 4656
f 4658 4657 4656
f 4659 4657 4658
f 4660 4659 4658
f 4661 4659 4660
f 4662 4661 4660
f 4663 4664 4665
f 4666 4664 4663
f 4667 4666 4663
f 4668 4667 4663
f 4669 4667 4668
f 4670 4669 4668
f 4671 4670 4668
f 4672 4670 4671
f 4673 4670 4672
f 4674 4673 4672
f 4675 4673 4674
f 4676 4675 4674
f 4677 4676 4674
f 4678 4676 4677
f 4679 4676 4678
f 4680 4679 4678
f 4681 4680 4678
f 4682 4679 4680
f 4683 4679 4682
f 4684 4683 4682
f 4685 4684 4682
f 4686 4684 4685
f 4687 4686 4685
f 4688 4687 4685
f 4689 4687 4688
f 4690 4689 4688
f 4691 4690 4688
f 4692 4691 4688
f 4693 4691 4692
f 4694 4691 4693
f 4690 4691 4694
f 4695 4690 4694
f 4696 4695 4694
f 4697 4695 4696
f 4698 4697 4696
f 4699 4697 4698
f 4700 4699 4698
f 4701 4700 4698
f 4702 4700 4701
f 4703 4702 4701
f 4704 4702 4703
f 4705 4704 4703
f 4706 4705 4703
f 4707 4705 4706
f 4708 4705 4707
f 4709 4708 4707
f 4710 4708 4709
f 4711 4710 4709
f 4712 4710 4711
f 4713 4710 4712
f 4714 4713 4712
f 4715 4714 4712
f 4716 4714 4715
f 4717 4716 4715
f 4718 4716 4717
f 4719 4718 4717
f 4720 4719 4717
f 4721 4719 4720
f 4722 4721 4720
f 4723 4722 4720
f 4724 4722 4723
f 4725 4724 4723
f 4726 4725 4723
f 4727 4726 4723
f 4728 4726 4727
f 4729 4726 4728
f 4730 4729 4728
f 4731 4726 4729
f 4732 4731 4729
f 4733 4731 4732
f 4734 4733 4732
f 4735 4734 4732
f 4736 4734 4735
f 4737 4736 4735
f 4738 4736 4737
f 4739 4738 4737
f 4740 4739 4737
f 4741 4739 4740
f 4742 4741 4740
f 4743 4741 4742
f 4744 4743 4742
f 4745 4743 4744
f 4746 4745 4744
f 4747 4746 4744
f 4748 4746 4747
f 4749 4748 4747
f 4750 4749 4747
f 4751 4750 4747
f 4752 4750 4751
f 4753 4752 4751
f 4754 4750 4752
f 4755 4754 4752
f 4756 4755 4752
f 4757 4756 4752
f 4758 4756 4757
f 4759 4756 4758
f 4760 4759 4758
f 4761 4759 4760
f 4762 4761 4760
f 4763 4762 4760
f 4764 4759 4761
f 4755 4756 4759
f 4764 4755 4759
f 4765 4755 4764
f 4766 4765 4764
f 4754 4755 4765
f 4767 4754 4765
f 4750 4754 4767
f 4749 4750 4767
f 4768 4746 4748
f 4745 4746 4768
f 4769 4745 4768
f 4743 4745 4769
f 4770 4743 4769
f 4771 4770 4769
f 4772 4771 4769
f 4773 4772 4769
f 4774 4772 4773
f 4775 4774 4773
f 4776 4775 4773
f 4777 4776 4773
f 4769 4777 4773
f 4768 4777 4769
f 4778 4775 4776
f 4779 4778 4776
f 4780 4778 4779
f 4781 4780 4779
f 4782 4780 4781
f 4783 4782 4781
f 4784 4782 4783
f 4785 4784 4783
f 4786 4785 4783
f 4787 4785 4786
f 4788 4787 4786
f 4789 4787 4788
f 4790 4789 4788
f 4791 4790 4788
f 4792 4790 4791
f 4793 4792 4791
f 4794 4792 4793
f 4795 4794 4793
f 4796 4794 4795
f 4797 4796 4795
f 4798 4796 4797
f 4799 4798 4797
f 4800 4798 4799
f 4801 4800 4799
f 4802 4800 4801
f 4803 4800 4802
f 4804 4800 4803
f 4805 4804 4803
f 4806 4805 4803
f 4807 4806 4808
f 4809 4807 4808
f 4810 4807 4809
f 4811 4810 4809
f 4812 4811 4809
f 4813 4812 4809
f 4814 4813 4809
f 4815 4813 4814
f 4816 4817 4818
f 4819 4817 4816
f 4820 4821 4819
f 4822 4821 4820
f 4823 4822 4820
f 4824 4825 4826
f 4827 4825 4824
f 4828 4827 4824
f 4829 4828 4824
f 4830 4829 4824
f 4826 4830 4824
f 4831 4830 4826
f 4832 4829 4830
f 4833 4825 4827
f 4834 4833 4827
f 4835 4833 4834
f 4836 4835 4834
f 4837 4836 4834
f 4838 4839 4840
f 4841 4839 4838
f 4842 4841 4838
f 4843 4841 4842
f 4844 4843 4842
f 4845 4844 4842
f 4846 4843 4844
f 4847 4846 4844
f 4848 4847 4844
f 4849 4848 4844
f 4850 4848 4849
f 4851 4848 4850
f 4852 4847 4848
f 4853 4852 4848
f 4854 4847 4852
f 4855 4854 4852
f 4853 4855 4852
f 4856 4855 4853
f 4857 4856 4853
f 4858 4857 4853
f 4859 4858 4853
f 4860 4858 4859
f 4861 4858 4860
f 4862 4861 4860
f 4863 4861 4862
f 4864 4863 4862
f 4865 4864 4862
f 4866 4865 4862
f 4860 4866 4862
f 4867 4865 4866
f 4868 4867 4866
f 4869 4867 4868
f 4870 4867 4869
f 4871 4870 4869
f 4872 4871 4869
f 4873 4871 4872
f 4874 4873 4872
f 4875 4873 4874
f 4876 4873 4875
f 4877 4876 4875
f 4878 4877 4875
f 4879 4878 4875
f 4880 4878 4879
f 4881 4880 4879
f 4882 4881 4879
f 4883 4882 4879
f 4884 4881 4882
f 4885 4884 4882
f 4886 4885 4882
f 4887 4885 4886
f 4888 4887 4886
f 4889 4888 4886
f 4890 4888 4889
f 4891 4890 4889
f 4892 4890 4891
f 4893 4892 4891
f 4894 4892 4893
f 4895 4894 4893
f 4896 4894 4895
f 4897 4896 4895
f 4898 4897 4895
f 4899 4897 4898
f 4900 4897 4899
f 4901 4897 4900
f 4902 4901 4900
f 4903 4902 4900
f 4904 4902 4903
f 4905 4904 4903
f 4906 4905 4903
f 4907 4906 4903
f 4908 4906 4907
f 4905 4906 4908
f 4909 4905 4908
f 4910 4909 4908
f 4911 4910 4908
f 4912 4910 4911
f 4913 4912 4911
f 4914 4913 4911
f 4915 4914 4911
f 4908 4915 4911
f 4916 4914 4915
f 4917 4916 4915
f 4918 4916 4917
f 4919 4916 4918
f 4920 4919 4918
f 4921 4920 4918
f 4922 4920 4921
f 4923 4922 4921
f 4924 4922 4923
f 4925 4922 4924
f 4926 4925 4924
f 4927 4926 4924
f 4928 4926 4927
f 4929 4928 4927
f 4930 4928 4929
f 4931 4930 4929
f 4932 4931 4929
f 4933 4931 4932
f 4934 4933 4932
f 4935 4933 4934
f 4936 4935 4934
f 4937 4935 4936
f 4938 4935 4937
f 4939 4938 4937
f 4940 4939 4937
f 4941 4939 4940
f 4942 4939 4941
f 4943 4942 4941
f 4944 4943 4941
f 4945 4944 4941
f 4946 4943 4944
f 4947 4946 4944
f 4948 4946 4947
f 4949 4948 4947
f 4950 4948 4949
f 4951 4948 4950
f 4952 4951 4950
f 4953 4951 4952
f 4954 4953 4952
f 4955 4954 4952
f 4950 4955 4952
f 4956 4955 4950
f 4949 4956 4950
f 4957 4955 4956
f 4958 4957 4956
f 4959 4957 4958
f 4960 4959 4958
f 4961 4959 4960
f 4962 4961 4960
f 4963 4962 4960
f 4964 4962 4963
f 4965 4962 4964
f 4966 4965 4964
f 4967 4965 4966
f 4968 4967 4966
f 4969 4967 4968
f 4970 4969 4968
f 4971 4969 4970
f 4972 4971 4970
f 4973 4972 4970
f 4974 4972 4973
f 4975 4972 4974
f 4976 4972 4975
f 4977 4976 4975
f 4978 4976 4977
f 4979 4978 4977
f 4980 4979 4977
f 4981 4979 4980
f 4982 4981 4980
f 4983 4981 4982
f 4984 4983 4982
f 4985 4983 4984
f 4986 4985 4984
f 4987 4986 4984
f 4988 4989 4990
f 4991 4988 4990
f 4992 4988 4991
f 4993 4988 4992
f 4994 4993 4992
f 4995 4993 4994
f 4996 4995 4994
f 4997 4996 4994
f 4998 4996 4997
f 4999 4996 4998
f 5000 4999 4998
f 5001 5000 4998
f 5002 5000 5001
f 5003 5002 5001
f 5004 5003 5001
f 4998 5004 5001
f 5005 5003 5004
f 5006 5005 5004
f 5007 5006 5004
f 5008 5006 5007
f 5009 5008 5007
f 5010 5006 5008
f 5011 5010 5008
f 5012 5011 5008
f 5013 5012 5008
f 5009 5013 5008
f 5014 5012 5013
f 5015 5014 5013
f 5016 5015 5013
f 5017 5014 5015
f 5018 5017 5015
f 5019 5018 5015
f 5016 5019 5015
f 5020 5019 5016
f 5021 5019 5020
f 5022 5021 5020
f 5023 5022 5020
f 5024 5022 5023
f 5025 5024 5023
f 5026 5024 5025
f 5027 5026 5025
f 5028 5026 5027
f 5029 5028 5027
f 5030 5029 5027
f 5031 5029 5030
f 5032 5031 5030
f 5033 5031 5032
f 5034 5031 5033
f 5035 5031 5034
f 5029 5031 5035
f 5036 5029 5035
f 5028 5029 5036
f 5037 5028 5036
f 5038 5028 5037
f 5039 5038 5037
f 5040 5039 5037
f 5036 5040 5037
f 5041 5039 5040
f 5042 5041 5040
f 5043 5041 5042
f 5044 5043 5042
f 5045 5044 5042
f 5046 5044 5045
f 5047 5046 5045
f 5048 5047 5045
f 5049 5048 5045
f 5042 5049 5045
f 5050 5047 5048
f 5051 5050 5048
f 5052 5050 5051
f 5053 5052 5051
f 5054 5052 5053
f 5055 5054 5053
f 5056 5054 5055
f 5057 5056 5055
f 5058 5057 5055
f 5059 5057 5058
f 5060 5057 5059
f 5061 5060 5059
f 5062 5061 5059
f 5063 5061 5062
f 5064 5063 5062
f 5065 5063 5064
f 5066 5065 5064
f 5067 5065 5066
f 5068 5067 5066
f 5069 5067 5068
f 5070 5069 5068
f 5071 5069 5070
f 5072 5071 5070
f 5073 5071 5072
f 5074 5073 5072
f 5075 5073 5074
f 5076 5075 5074
f 5077 5075 5076
f 5078 5075 5077
f 5079 5078 5077
f 5080 5079 5077
f 5081 5079 5080
f 5082 5079 5081
f 5083 5082 5081
f 5084 5082 5083
f 5085 5084 5083
f 5086 5085 5083
f 5087 5085 5086
f 5088 5087 5086
f 5089 5088 5086
f 5090 5088 5089
f 5091 5088 5090
f 5092 5091 5090
f 5093 5092 5090
f 5094 5092 5093
f 5095 5094 5093
f 5096 5092 5094
f 5097 5096 5094
f 5098 5097 5094
f 5095 5098 5094
f 5099 5097 5098
f 5100 5099 5098
f 5101 5100 5098
f 5102 5101 5098
f 5103 5101 5102
f 5104 5101 5103
f 5105 5104 5103
f 5106 5105 5103
f 5107 5105 5106
f 5108 5107 5106
f 5109 5105 5107
f 5110 5109 5107
f 5111 5110 5107
f 5112 5110 5111
f 5113 5112 5111
f 5114 5112 5113
f 5115 5114 5113
f 5116 5115 5113
f 5117 5115 5116
f 5118 5115 5117
f 5119 5118 5117
f 5120 5119 5117
f 5121 5119 5120
f 5122 5119 5121
f 5123 5122 5121
f 5124 5123 5121
f 5125 5123 5124
f 5126 5125 5124
f 5127 5125 5126
f 5128 5125 5127
f 5129 5125 5128
f 5130 5129 5128
f 5131 5129 5130
f 5132 5131 5130
f 5133 5131 5132
f 5134 5133 5132
f 5135 5134 5132
f 5136 5134 5135
f 5137 5136 5135
f 5138 5136 5137
f 5139 5138 5137
f 5140 5139 5137
f 5141 5139 5140
f 5142 5141 5140
f 5143 5141 5142
f 5144 5141 5143
f 5145 5144 5143
f 5146 5145 5143
f 5147 5144 5145
f 5148 5144 5147
f 5149 5144 5148
f 5150 5149 5148
f 5151 5150 5148
f 5152 5150 5151
f 5153 5150 5152
f 5154 5153 5152
f 5155 5153 5154
f 5156 5155 5154
f 5157 5155 5156
f 5158 5157 5156
f 5159 5157 5158
f 5160 5159 5158
f 5161 5159 5160
f 5162 5161 5160
f 5163 5161 5162
f 5164 5161 5163
f 5165 5164 5163
f 5166 5165 5163
f 5167 5165 5166
f 5168 5167 5166
f 5169 5167 5168
f 5170 5171 5172
f 5173 5171 5170
f 5174 5171 5173
f 5175 5174 5173
f 5176 5174 5175
f 5177 5176 5175
f 5178 5176 5177
f 5179 5178 5177
f 5180 5181 5179
f 5182 5183 5184
f 5185 5186 5187
f 5188 5185 5187
f 5189 5185 5188
f 5190 5189 5188
f 5191 5190 5188
f 5192 5190 5191
f 5193 5190 5192
f 5193 5189 5190
f 5194 5189 5193
f 5195 5194 5193
f 5196 5194 5195
f 5197 5196 5195
f 5198 5196 5197
f 5199 5198 5197
f 5200 5198 5199
f 5201 5200 5199
f 5202 5201 5199
f 5203 5201 5202
f 5204 5203 5202
f 5205 5203 5204
f 5206 5203 5205
f 5207 5206 5205
f 5208 5207 5205
f 5209 5207 5208
f 5210 5209 5208
f 5211 5210 5208
f 5212 5211 5208
f 5213 5206 5207
f 5209 5213 5207
f 5214 5206 5213
f 5215 5214 5213
f 5216 5215 5213
f 5217 5216 5213
f 5209 5217 5213
f 5218 5217 5209
f 5219 5218 5209
f 5220 5219 5209
f 5210 5220 5209
f 5221 5219 5220
f 5222 5219 5221
f 5223 5222 5221
f 5224 5223 5221
f 5225 5223 5224
f 5226 5223 5225
f 5227 5226 5225
f 5228 5227 5225
f 5229 5228 5225
f 5230 5228 5229
f 5231 5230 5229
f 5232 5230 5231
f 5233 5232 5231
f 5234 5232 5233
f 5235 5234 5233
f 5236 5235 5233
f 5237 5235 5236
f 5238 5235 5237
f 5239 5238 5237
f 5240 5239 5237
f 5241 5239 5240
f 5242 5241 5240
f 5243 5241 5242
f 5244 5243 5242
f 5245 5243 5244
f 5246 5243 5245
f 5247 5246 5245
f 5248 5246 5247
f 5249 5246 5248
f 5250 5249 5248
f 5251 5249 5250
f 5252 5251 5250
f 5253 5252 5250
f 5254 5252 5253
f 5255 5254 5253
f 5256 5254 5255
f 5257 5256 5255
f 5258 5256 5257
f 5259 5258 5257
f 5260 5258 5259
f 5261 5260 5259
f 5262 5261 5259
f 5263 5261 5262
f 5264 5263 5262
f 5265 5263 5264
f 5266 5265 5264
f 5267 5265 5266
f 5268 5267 5266
f 5269 5267 5268
f 5270 5269 5268
f 5271 5269 5270
f 5272 5271 5270
f 5273 5271 5272
f 5274 5273 5272
f 5275 5274 5272
f 5276 5274 5275
f 5277 5274 5276
f 5278 5277 5276
f 5279 5278 5276
f 5280 5278 5279
f 5281 5280 5279
f 5282 5280 5281
f 5283 5282 5281
f 5284 5283 5281
f 5285 5283 5284
f 5286 5285 5284
f 5287 5286 5284
f 5288 5285 5286
f 5289 5288 5286
f 5290 5289 5286
f 5291 5290 5286
f 5292 5291 5286
f 5293 5292 5286
f 5287 5293 5286
f 5294 5293 5287
f 5295 5293 5294
f 5296 5293 5295
f 5297 5296 5295
f 5298 5296 5297
f 5299 5298 5297
f 5300 5298 5299
f 5301 5300 5299
f 5302 5300 5301
f 5303 5302 5301
f 5304 5302 5303
f 5305 5304 5303
f 5306 5304 5305
f 5307 5306 5305
f 5308 5307 5305
f 5309 5307 5308
f 5310 5307 5309
f 5311 5310 5309
f 5312 5310 5311
f 5313 5310 5312
f 5314 5313 5312
f 5315 5314 5312
f 5316 5315 5312
f 5317 5315 5316
f 5318 5317 5316
f 5319 5317 5318
f 5320 5319 5318
f 5321 5317 5319
f 5322 5321 5319
f 5320 5322 5319
f 5323 5322 5320
f 5324 5322 5323
f 5325 5324 5323
f 5326 5324 5325
f 5327 5326 5325
f 5328 5326 5327
f 5329 5326 5328
f 5330 5329 5328
f 5331 5329 5330
f 5332 5331 5330
f 5333 5331 5332
f 5334 5333 5332
f 5335 5333 5334
f 5336 5335 5334
f 5337 5335 5336
f 5338 5337 5336
f 5339 5340 5341
f 5342 5339 5341
f 5343 5340 5339
f 5344 5345 5346
f 5347 5344 5346
f 5348 5345 5344
f 5349 5348 5344
f 5350 5349 5344
f 5351 5350 5344
f 5352 5350 5351
f 5353 5352 5351
f 5354 5353 5351
f 5355 5352 5353
f 5356 5352 5355
f 5357 5356 5355
f 5358 5356 5357
f 5359 5358 5357
f 5360 5361 5362
f 5363 5361 5360
f 5364 5363 5360
f 5365 5364 5360
f 5366 5364 5365
f 5367 5366 5365
f 5368 5366 5367
f 5369 5368 5367
f 5370 5368 5369
f 5371 5368 5370
f 5372 5371 5370
f 5373 5371 5372
f 5374 5373 5372
f 5375 5374 5372
f 5376 5374 5375
f 5377 5376 5375
f 5378 5377 5375
f 5379 5377 5378
f 5380 5377 5379
f 5381 5380 5379
f 5382 5380 5381
f 5383 5382 5381
f 5384 5382 5383
f 5385 5382 5384
f 5386 5385 5384
f 5387 5385 5386
f 5388 5385 5387
f 5389 5385 5388
f 5390 5389 5388
f 5391 5390 5388
f 5392 5391 5388
f 5393 5391 5392
f 5394 5391 5393
f 5395 5394 5393
f 5396 5391 5394
f 5397 5396 5394
f 5398 5396 5397
f 5399 5398 5397
f 5400 5399 5397
f 5394 5400 5397
f 5401 5400 5394
f 5395 5401 5394
f 5402 5401 5395
f 5403 5402 5395
f 5404 5402 5403
f 5405 5404 5403
f 5406 5404 5405
f 5407 5406 5405
f 5408 5406 5407
f 5409 5408 5407
f 5410 5409 5407
f 5411 5409 5410
f 5412 5411 5410
f 5413 5411 5412
f 5414 5413 5412
f 5415 5413 5414
f 5416 5413 5415
f 5417 5416 5415
f 5418 5416 5417
f 5419 5416 5418
f 5420 5419 5418
f 5421 5419 5420
f 5422 5419 5421
f 5423 5422 5421
f 5424 5422 5423
f 5425 5424 5423
f 5426 5425 5423
f 5427 5425 5426
f 5428 5427 5426
f 5429 5427 5428
f 5430 5427 5429
f 5431 5430 5429
f 5432 5431 5429
f 5433 5432 5429
f 5434 5432 5433
f 5435 5432 5434
f 5436 5435 5434
f 5437 5435 5436
f 5438 5437 5436
f 5439 5438 5436
f 5440 5439 5436
f 5441 5439 5440
f 5442 5439 5441
f 5443 5439 5442
f 5444 5443 5442
f 5445 5444 5442
f 5446 5444 5445
f 5447 5444 5446
f 5448 5447 5446
f 5449 5447 5448
f 5450 5449 5448
f 5451 5450 5448
f 5452 5450 5451
f 5453 5452 5451
f 5454 5452 5453
f 5455 5452 5454
f 5456 5455 5454
f 5457 5456 5454
f 5458 5455 5456
f 5459 5458 5456
f 5460 5458 5459
f 5461 5460 5459
f 5462 5460 5461
f 5463 5462 5461
f 5464 5462 5463
f 5465 5464 5463
f 5466 5464 5465
f 5467 5466 5465
f 5468 5467 5465
f 5469 5467 5468
f 5470 5467 5469
f 5471 5470 5469
f 5472 5470 5471
f 5473 5472 5471
f 5474 5473 5471
f 5475 5473 5474
f 5476 5475 5474
f 5477 5475 5476
f 5478 5477 5476
f 5479 5477 5478
f 5480 5477 5479
f 5481 5480 5479
f 5482 5481 5479
f 5483 5481 5482
f 5484 5483 5482
f 5485 5484 5482
f 5486 5484 5485
f 5487 5486 5485
f 5488 5486 5487
f 5489 5486 5488
f 5490 5489 5488
f 5491 5489 5490
f 5492 5491 5490
f 5493 5492 5490
f 5494 5492 5493
f 5495 5494 5493
f 5496 5494 5495
f 5497 5496 5495
f 5498 5496 5497
f 5499 5496 5498
f 5500 5501 5502
f 5503 5501 5500
f 5504 5503 5500
f 5505 5503 5504
f 5506 5505 5504
f 5507 5505 5506
f 5508 5507 5506
f 5509 5507 5508
f 5510 5509 5508
f 5511 5509 5510
f 5512 5509 5511
f 5513 5512 5511
f 5514 5513 5511
f 5515 5513 5514
f 5516 5515 5514
f 5517 5515 5516
f 5518 5517 5516
f 5519 5517 5518
f 5520 5519 5518
f 5521 5520 5518
f 5522 5520 5521
f 5523 5520 5522
f 5524 5520 5523
f 5525 5524 5523
f 5519 5520 5524
f 5525 5519 5524
f 5526 5517 5519
f 5527 5517 5526
f 5528 5527 5526
f 5529 5528 5526
f 5530 5529 5526
f 5531 5529 5530
f 5532 5531 5530
f 5533 5529 5531
f 5534 5533 5531
f 5535 5534 5531
f 5536 5535 5531
f 5532 5536 5531
f 5537 5536 5532
f 5538 5537 5532
f 5539 5537 5538
f 5540 5539 5538
f 5541 5539 5540
f 5542 5539 5541
f 5543 5542 5541
f 5544 5543 5541
f 5545 5543 5544
f 5546 5545 5544
f 5547 5545 5546
f 5548 5547 5546
f 5549 5548 5546
f 5550 5548 5549
f 5551 5548 5550
f 5547 5548 5551
f 5552 5547 5551
f 5553 5552 5551
f 5554 5552 5553
f 5555 5554 5553
f 5556 5554 5555
f 5557 5552 5554
f 5556 5557 5554
f 5558 5557 5556
f 5559 5557 5558
f 5560 5559 5558
f 5561 5559 5560
f 5562 5561 5560
f 5563 5562 5560
f 5564 5563 5560
f 5565 5563 5564
f 5566 5565 5564
f 5567 5566 5564
f 5568 5566 5567
f 5569 5568 5567
f 5570 5569 5567
f 5571 5569 5570
f 5572 5569 5571
f 5573 5572 5571
f 5574 5573 5571
f 5575 5573 5574
f 5576 5575 5574
f 5577 5575 5576
f 5578 5577 5576
f 5579 5577 5578
f 5580 5579 5578
f 5581 5580 5578
f 5582 5580 5581
f 5583 5580 5582
f 5584 5580 5583
f 5585 5584 5583
f 5586 5585 5583
f 5587 5585 5586
f 5588 5587 5586
f 5589 5588 5586
f 5590 5588 5589
f 5591 5590 5589
f 5592 5591 5589
f 5593 5591 5592
f 5594 5593 5592
f 5595 5591 5593
f 5596 5595 5593
f 5597 5596 5593
f 5598 5596 5597
f 5599 5598 5597
f 5600 5599 5597
f 5601 5599 5600
f 5602 5599 5601
f 5603 5602 5601
f 5604 5603 5601
f 5605 5603 5604
f 5606 5605 5604
f 5607 5605 5606
f 5608 5605 5607
f 5609 5608 5607
f 5610 5608 5609
f 5611 5610 5609
f 5612 5610 5611
f 5613 5612 5611
f 5614 5612 5613
f 5615 5614 5613
f 5616 5614 5615
f 5617 5616 5615
f 5618 5616 5617
f 5619 5618 5617
f 5620 5618 5619
f 5621 5620 5619
f 5622 5621 5619
f 5623 5621 5622
f 5624 5621 5623
f 5625 5624 5623
f 5626 5624 5625
f 5627 5626 5625
f 5628 5627 5625
f 5629 5627 5628
f 5630 5629 5628
f 5631 5629 5630
f 5632 5631 5630
f 5633 5631 5632
f 5634 5631 5633
f 5635 5634 5633
f 5636 5635 5633
f 5637 5635 5636
f 5638 5637 5636
f 5639 5637 5638
f 5640 5639 5638
f 5641 5637 5639
f 5642 5637 5641
f 5643 5642 5641
f 5644 5643 5641
f 5645 5643 5644
f 5646 5642 5643
f 5647 5648 5649
f 5650 5647 5649
f 5651 5647 5650
f 5652 5651 5650
f 5653 5652 5650
f 5654 5652 5653
f 5655 5654 5653
f 5656 5654 5655
f 5657 5656 5655
f 5658 5656 5657
f 5659 5658 5657
f 5660 5658 5659
f 5661 5660 5659
f 5662 5660 5661
f 5663 5662 5661
f 5664 5662 5663
f 5665 5662 5664
f 5666 5665 5664
f 5667 5665 5666
f 5668 5667 5666
f 5669 5667 5668
f 5670 5669 5668
f 5671 5669 5670
f 5672 5671 5670
f 5673 5672 5670
f 5674 5672 5673
f 5675 5674 5673
f 5676 5674 5675
f 5677 5676 5675
f 5678 5676 5677
f 5679 5678 5677
f 5680 5679 5677
f 5681 5679 5680
f 5682 5681 5680
f 5683 5681 5682
f 5684 5683 5682
f 5685 5683 5684
f 5686 5681 5683
f 5687 5681 5686
f 5688 5687 5686
f 5689 5687 5688
f 5690 5687 5689
f 5691 5690 5689
f 5692 5690 5691
f 5693 5692 5691
f 5694 5693 5691
f 5695 5693 5694
f 5696 5695 5694
f 5697 5695 5696
f 5698 5697 5696
f 5699 5697 5698
f 5700 5697 5699
f 5701 5700 5699
f 5702 5701 5699
f 5703 5702 5699
f 5704 5702 5703
f 5705 5704 5703
f 5706 5704 5705
f 5707 5706 5705
f 5708 5706 5707
f 5709 5706 5708
f 5704 5706 5709
f 5710 5704 5709
f 5702 5704 5710
f 5701 5702 5710
f 5711 5701 5710
f 5712 5711 5710
f 5713 5711 5712
f 5714 5711 5713
f 5715 5714 5713
f 5712 5715 5713
f 5716 5714 5715
f 5717 5716 5715
f 5718 5717 5715
f 5719 5717 5718
f 5720 5719 5718
f 5721 5720 5718
f 5722 5720 5721
f 5723 5720 5722
f 5724 5723 5722
f 5725 5724 5722
f 5726 5724 5725
f 5727 5726 5725
f 5728 5726 5727
f 5729 5724 5726
f 5730 5729 5726
f 5731 5730 5726
f 5732 5731 5726
f 5733 5732 5726
f 5728 5733 5726
f 5734 5733 5728
f 5735 5734 5728
f 5736 5734 5735
f 5737 5736 5735
f 5738 5736 5737
f 5739 5738 5737
f 5740 5739 5737
f 5741 5739 5740
f 5742 5741 5740
f 5743 5742 5740
f 5744 5742 5743
f 5745 5744 5743
f 5746 5745 5743
f 5747 5746 5743
f 5748 5746 5747
f 5749 5748 5747
f 5750 5749 5747
f 5751 5748 5749
f 5752 5751 5749
f 5753 5751 5752
f 5754 5751 5753
f 5755 5754 5753
f 5756 5755 5753
f 5757 5755 5756
f 5758 5755 5757
f 5759 5755 5758
f 5760 5759 5758
f 5761 5760 5758
f 5762 5761 5758
f 5757 5762 5758
f 5763 5762 5757
f 5764 5762 5763
f 5765 5762 5764
f 5766 5765 5764
f 5767 5766 5764
f 5768 5767 5764
f 5769 5767 5768
f 5770 5767 5769
f 5771 5770 5769
f 5772 5771 5769
f 5773 5771 5772
f 5774 5771 5773
f 5775 5774 5773
f 5776 5775 5773
f 5777 5775 5776
f 5778 5777 5776
f 5779 5778 5776
f 5780 5778 5779
f 5781 5780 5779
f 5782 5780 5781
f 5783 5780 5782
f 5784 5783 5782
f 5785 5784 5782
f 5786 5784 5785
f 5787 5784 5786
f 5788 5787 5786
f 5789 5788 5786
f 5790 5788 5789
f 5791 5792 5793
f 5794 5791 5793
f 5795 5794 5793
f 5796 5794 5795
f 5797 5796 5795
f 5798 5797 5795
f 5799 5797 5798
f 5800 5801 5802
f 5803 5800 5802
f 5804 5803 5802
f 5805 5803 5804
f 5806 5803 5805
f 5807 5806 5805
f 5808 5806 5807
f 5809 5808 5807
f 5810 5809 5807
f 5811 5808 5809
f 5812 5808 5811
f 5813 5812 5811
f 5814 5812 5813
f 5815 5816 5817
f 5818 5816 5815
f 5819 5818 5815
f 5820 5818 5819
f 5818 5814 5816
f 5812 5814 5818
f 5820 5812 5818
f 5808 5812 5820
f 5806 5808 5820
f 5819 5806 5820
f 5803 5806 5819
f 5800 5803 5819
f 5815 5800 5819
f 5801 5800 5815
f 5817 5801 5815
f 5797 5799 5811
f 5809 5797 5811
f 5796 5797 5809
f 5810 5796 5809
f 5821 5796 5810
f 5822 5821 5810
f 5823 5821 5822
f 5824 5821 5823
f 5825 5821 5824
f 5826 5825 5824
f 5827 5826 5824
f 5823 5827 5824
f 5828 5826 5827
f 5829 5826 5828
f 5830 5829 5828
f 5831 5829 5830
f 5832 5831 5830
f 5833 5831 5832
f 5834 5831 5833
f 5835 5834 5833
f 5836 5834 5835
f 5837 5836 5835
f 5838 5837 5835
f 5839 5837 5838
f 5840 5839 5838
f 5841 5839 5840
f 5842 5841 5840
f 5843 5842 5840
f 5844 5842 5843
f 5845 5844 5843
f 5846 5842 5844
f 5845 5846 5844
f 5847 5842 5846
f 5848 5847 5846
f 5849 5848 5846
f 5850 5849 5846
f 5845 5850 5846
f 5851 5850 5845
f 5852 5851 5845
f 5853 5851 5852
f 5854 5851 5853
f 5855 5854 5853
f 5856 5854 5855
f 5857 5854 5856
f 5858 5857 5856
f 5859 5857 5858
f 5860 5859 5858
f 5861 5860 5858
f 5862 5861 5858
f 5856 5862 5858
f 5863 5862 5856
f 5855 5863 5856
f 5864 5860 5861
f 5865 5864 5861
f 5866 5864 5865
f 5867 5866 5865
f 5868 5867 5865
f 5869 5867 5868
f 5870 5869 5868
f 5871 5869 5870
f 5872 5869 5871
f 5873 5869 5872
f 5867 5869 5873
f 5874 5864 5866
f 5875 5864 5874
f 5876 5875 5874
f 5877 5876 5874
f 5878 5876 5877
f 5879 5878 5877
f 5880 5879 5877
f 5881 5878 5879
f 5882 5881 5879
f 5883 5881 5882
f 5884 5883 5882
f 5885 5884 5882
f 5886 5884 5885
f 5887 5886 5885
f 5888 5886 5887
f 5889 5886 5888
f 5890 5889 5888
f 5891 5889 5890
f 5892 5891 5890
f 5893 5891 5892
f 5894 5893 5892
f 5895 5894 5892
f 5896 5894 5895
f 5897 5896 5895
f 5898 5896 5897
f 5899 5898 5897
f 5900 5899 5897
f 5901 5899 5900
f 5902 5901 5900
f 5903 5901 5902
f 5904 5901 5903
f 5905 5904 5903
f 5906 5904 5905
f 5907 5904 5906
f 5908 5907 5906
f 5899 5901 5904
f 5907 5899 5904
f 5898 5899 5907
f 5909 5898 5907
f 5896 5898 5909
f 5910 5896 5909
f 5911 5910 5909
f 5912 5911 5909
f 5913 5911 5912
f 5914 5913 5912
f 5915 5914 5912
f 5916 5913 5914
f 5917 5913 5916
f 5918 5917 5916
f 5919 5918 5916
f 5920 5919 5916
f 5921 5919 5920
f 5922 5921 5920
f 5923 5922 5920
f 5924 5923 5920
f 5925 5923 5924
f 5926 5923 5925
f 5927 5926 5925
f 5928 5926 5927
f 5929 5926 5928
f 5930 5929 5928
f 5931 5929 5930
f 5932 5931 5930
f 5933 5931 5932
f 5934 5933 5932
f 5935 5934 5932
f 5936 5934 5935
f 5937 5936 5935
f 5938 5936 5937
f 5939 5938 5937
f 5940 5939 5937
f 5941 5940 5937
f 5942 5939 5940
f 5943 5939 5942
f 5944 5943 5942
f 5945 5944 5942
f 5946 5944 5945
f 5947 5944 5946
f 5948 5944 5947
f 5949 5948 5947
f 5950 5949 5947
f 5951 5950 5947
f 5952 5950 5951
f 5953 5950 5952
f 5954 5953 5952
f 5955 5954 5952
f 5956 5954 5955
f 5957 5956 5955
f 5958 5956 5957
f 5959 5956 5958
f 5960 5959 5958
f 5961 5960 5958
f 5957 5961 5958
f 5962 5960 5961
f 5963 5962 5961
f 5964 5962 5963
f 5965 5962 5964
f 5966 5967 5968
f 5969 5966 5968
f 5970 5969 5968
f 5971 5969 5970
f 5972 5969 5971
f 5973 5972 5971
f 5974 5972 5973
f 5975 5974 5973
f 5976 5975 5973
f 5977 5975 5976
f 5978 5977 5976
f 5979 5977 5978
f 5980 5979 5978
f 5981 5979 5980
f 5982 5979 5981
f 5983 5982 5981
f 5984 5983 5981
f 5985 5983 5984
f 5986 5983 5985
f 5987 5986 5985
f 5988 5986 5987
f 5989 5986 5988
f 5990 5989 5988
f 5991 5990 5988
f 5992 5990 5991
f 5993 5992 5991
f 5994 5992 5993
f 5995 5994 5993
f 5996 5994 5995
f 5997 5996 5995
f 5998 5997 5995
f 5999 5997 5998
f 6000 5999 5998
f 6001 5999 6000
f 6002 6001 6000
f 6003 6001 6002
f 6004 6003 6002
f 6005 6004 6002
f 6006 6004 6005
f 6007 6006 6005
f 6008 6006 6007
f 6009 6008 6007
f 6010 6008 6009
f 6011 6010 6009
f 6012 6011 6009
f 6013 6010 6011
f 6014 6010 6013
f 6015 6014 6013
f 6016 6015 6013
f 6017 6015 6016
f 6018 6015 6017
f 6019 6018 6017
f 6020 6018 6019
f 6021 6020 6019
f 6022 6018 6020
f 6023 6022 6020
f 6024 6023 6020
f 6021 6024 6020
f 6025 6024 6021
f 6026 6024 6025
f 6027 6026 6025
f 6028 6026 6027
f 6029 6028 6027
f 6030 6029 6027
f 6031 6029 6030
f 6032 6031 6030
f 6033 6029 6031
f 6034 6029 6033
f 6035 6034 6033
f 6036 6034 6035
f 6037 6036 6035
f 6038 6036 6037
f 6039 6038 6037
f 6040 6038 6039
f 6041 6040 6039
f 6042 6041 6039
f 6043 6041 6042
f 6044 6043 6042
f 6045 6044 6042
f 6046 6044 6045
f 6047 6046 6045
f 6048 6047 6045
f 6049 6048 6045
f 6050 6047 6048
f 6051 6050 6048
f 6052 6050 6051
f 6053 6052 6051
f 6054 6053 6051
f 6055 6054 6051
f 6056 6054 6055
f 6057 6054 6056
f 6058 6054 6057
f 6059 6058 6057
f 6060 6059 6057
f 6061 6059 6060
f 6062 6061 6060
f 6063 6061 6062
f 6064 6061 6063
f 6065 6064 6063
f 6066 6065 6063
f 6067 6065 6066
f 6068 6065 6067
f 6069 6068 6067
f 6070 6069 6067
f 6071 6070 6067
f 6072 6070 6071
f 6073 6072 6071
f 6074 6072 6073
f 6075 6074 6073
f 6076 6075 6073
f 6077 6076 6073
f 6078 6076 6077
f 6079 6076 6078
f 6080 6079 6078
f 6081 6080 6078
f 6082 6080 6081
f 6083 6082 6081
f 6084 6082 6083
f 6085 6084 6083
f 6086 6085 6083
f 6087 6085 6086
f 6088 6084 6085
f 6089 6088 6085
f 6090 6089 6085
f 6087 6090 6085
f 6091 6089 6090
f 6092 6091 6090
f 6093 6091 6092
f 6094 6093 6092
f 6095 6093 6094
f 6096 6093 6095
f 6097 6096 6095
f 6098 6097 6095
f 6099 6098 6095
f 6100 6101 6102
f 6103 6100 6102
f 6104 6100 6103
f 6105 6104 6103
f 6106 6105 6103
f 6107 6106 6103
f 6108 6106 6107
f 6109 6106 6108
f 6110 6109 6108
f 6111 6109 6110
f 6112 6109 6111
f 6113 6112 6111
f 6114 6112 6113
f 6115 6112 6114
f 6116 6115 6114
f 6117 6116 6114
f 6118 6117 6114
f 6119 6120 6121
f 6122 6119 6121
f 6123 6119 6122
f 6124 6123 6122
f 6125 6124 6122
f 6126 6125 6127
f 6128 6126 6127
f 6129 6126 6128
f 6130 6129 6128
f 6131 6132 6133
f 6134 6131 6133
f 6135 6134 6133
f 6136 6134 6135
f 6137 6134 6136
f 6138 6137 6136
f 6139 6138 6136
f 6140 6139 6136
f 6141 6139 6140
f 6142 6141 6140
f 6143 6142 6140
f 6144 6142 6143
f 6145 6142 6144
f 6146 6145 6144
f 6147 6145 6146
f 6148 6147 6146
f 6149 6148 6146
f 6150 6148 6149
f 6151 6150 6149
f 6152 6150 6151
f 6153 6152 6151
f 6154 6152 6153
f 6155 6152 6154
f 6156 6155 6154
f 6157 6155 6156
f 6158 6155 6157
f 6159 6158 6157
f 6160 6158 6159
f 6161 6160 6159
f 6162 6160 6161
f 6163 6162 6161
f 6164 6163 6161
f 6165 6163 6164
f 6166 6165 6164
f 6167 6165 6166
f 6168 6167 6166
f 6169 6167 6168
f 6170 6169 6168
f 6171 6169 6170
f 6172 6171 6170
f 6173 6172 6170
f 6174 6172 6173
f 6175 6174 6173
f 6176 6174 6175
f 6177 6176 6175
f 6178 6176 6177
f 6179 6178 6177
f 6180 6178 6179
f 6181 6178 6180
f 6182 6181 6180
f 6183 6182 6180
f 6184 6182 6183
f 6185 6182 6184
f 6186 6185 6184
f 6187 6185 6186
f 6188 6187 6186
f 6189 6188 6186
f 6190 6188 6189
f 6191 6190 6189
f 6192 6190 6191
f 6193 6192 6191
f 6194 6190 6192
f 6195 6194 6192
f 6196 6194 6195
f 6197 6196 6195
f 6198 6197 6195
f 6199 6197 6198
f 6200 6197 6199
f 6201 6200 6199
f 6202 6201 6199
f 6203 6202 6199
f 6204 6202 6203
f 6205 6202 6204
f 6206 6205 6204
f 6207 6206 6204
f 6208 6206 6207
f 6209 6208 6207
f 6210 6208 6209
f 6211 6210 6209
f 6212 6210 6211
f 6213 6212 6211
f 6214 6212 6213
f 6215 6214 6213
f 6216 6214 6215
f 6217 6216 6215
f 6218 6217 6215
f 6219 6217 6218
f 6220 6217 6219
f 6221 6220 6219
f 6222 6220 6221
f 6223 6222 6221
f 6224 6222 6223
f 6225 6224 6223
f 6226 6224 6225
f 6227 6226 6225
f 6228 6226 6227
f 6229 6228 6227
f 6230 6228 6229
f 6231 6228 6230
f 6232 6231 6230
f 6233 6231 6232
f 6234 6233 6232
f 6235 6233 6234
f 6236 6235 6234
f 6237 6236 6234
f 6238 6236 6237
f 6239 6236 6238
f 6240 6239 6238
f 6241 6240 6238
f 6242 6240 6241
f 6243 6242 6241
f 6244 6243 6241
f 6245 6244 6241
f 6246 6245 6241
f 6247 6245 6246
f 6248 6247 6246
f 6249 6245 6247
f 6250 6249 6247
f 6251 6249 6250
f 6252 6251 6250
f 6253 6251 6252
f 6254 6253 6252
f 6255 6254 6252
f 6256 6254 6255
f 6257 6254 6256
f 6258 6257 6256
f 6259 6257 6258
f 6260 6259 6258
f 6261 6259 6260
f 6262 6259 6261
f 6263 6262 6261
f 6264 6259 6262
f 6265 6264 6262
f 6266 6265 6262
f 6263 6266 6262
f 6267 6265 6266
f 6268 6267 6266
f 6269 6268 6266
f 6270 6269 6266
f 6271 6269 6270
f 6272 6269 6271
f 6273 6269 6272
f 6274 6273 6272
f 6275 6273 6274
f 6276 6275 6274
f 6277 6276 6274
f 6278 6276 6277
f 6279 6273 6275
f 6280 6279 6275
f 6276 6280 6275
f 6268 6269 6273
f 6279 6268 6273
f 6281 6268 6279
f 6267 6268 6281
f 6282 6267 6281
f 6283 6282 6281
f 6279 6283 6281
f 6284 6282 6283
f 6285 6284 6283
f 6286 6285 6283
f 6287 6285 6286
f 6288 6287 6286
f 6289 6287 6288
f 6290 6289 6288
f 6291 6290 6288
f 6292 6291 6288
f 6286 6292 6288
f 6293 6291 6292
f 6294 6291 6293
f 6295 6289 6290
f 6296 6295 6290
f 6297 6295 6296
f 6298 6295 6297
f 6299 6298 6297
f 6300 6299 6297
f 6301 6300 6297
f 6296 6301 6297
f 6302 6300 6301
f 6303 6304 6305
f 6306 6304 6303
f 6307 6306 6303
f 6308 6306 6307
f 6309 6308 6307
f 6310 6308 6309
f 6311 6310 6309
f 6312 6311 6309
f 6313 6311 6312
f 6314 6313 6312
f 6315 6313 6314
f 6316 6315 6314
f 6317 6316 6314
f 6318 6315 6316
f 6319 6318 6316
f 6320 6313 6315
f 6318 6320 6315
f 6321 6320 6318
f 6319 6321 6318
f 6322 6320 6321
f 6323 6320 6322
f 6324 6323 6322
f 6325 6324 6322
f 6326 6324 6325
f 6327 6326 6325
f 6328 6326 6327
f 6329 6326 6328
f 6330 6329 6328
f 6331 6330 6328
f 6332 6331 6328
f 6333 6331 6332
f 6334 6333 6332
f 6335 6334 6332
f 6336 6334 6335
f 6337 6336 6335
f 6338 6336 6337
f 6339 6336 6338
f 6340 6339 6338
f 6341 6339 6340
f 6342 6341 6340
f 6343 6342 6340
f 6344 6342 6343
f 6345 6344 6343
f 6346 6344 6345
f 6347 6346 6345
f 6348 6346 6347
f 6349 6348 6347
f 6350 6348 6349
f 6351 6350 6349
f 6352 6350 6351
f 6353 6352 6351
f 6354 6353 6351
f 6355 6353 6354
f 6356 6355 6354
f 6357 6355 6356
f 6358 6357 6356
f 6359 6358 6356
f 6360 6358 6359
f 6361 6360 6359
f 6362 6360 6361
f 6363 6362 6361
f 6364 6362 6363
f 6365 6364 6363
f 6366 6364 6365
f 6367 6364 6366
f 6368 6367 6366
f 6369 6368 6366
f 6370 6368 6369
f 6371 6368 6370
f 6372 6371 6370
f 6373 6371 6372
f 6374 6373 6372
f 6375 6374 6372
f 6376 6374 6375
f 6377 6376 6375
f 6378 6376 6377
f 6379 6376 6378
f 6380 6379 6378
f 6381 6379 6380
f 6382 6381 6380
f 6383 6382 6380
f 6384 6383 6380
f 6385 6383 6384
f 6386 6383 6385
f 6387 6383 6386
f 6388 6387 6386
f 6389 6388 6386
f 6390 6388 6389
f 6391 6390 6389
f 6392 6390 6391
f 6393 6392 6391
f 6394 6392 6393
f 6395 6394 6393
f 6396 6394 6395
f 6397 6394 6396
f 6398 6397 6396
f 6399 6398 6396
f 6400 6398 6399
f 6401 6400 6399
f 6402 6401 6399
f 6403 6401 6402
f 6404 6401 6403
f 6405 6404 6403
f 6406 6405 6403
f 6407 6404 6405
f 6408 6404 6407
f 6409 6408 6407
f 6410 6409 6407
f 6411 6409 6410
f 6412 6409 6411
f 6413 6412 6411
f 6414 6413 6411
f 6415 6413 6414
f 6416 6415 6414
f 6417 6413 6415
f 6418 6417 6415
f 6419 6418 6415
f 6420 6418 6419
f 6421 6420 6419
f 6422 6420 6421
f 6423 6420 6422
f 6424 6423 6422
f 6425 6423 6424
f 6426 6425 6424
f 6427 6426 6424
f 6428 6426 6427
f 6429 6428 6427
f 6430 6429 6427
f 6431 6428 6429
f 6432 6431 6429
f 6433 6432 6429
f 6434 6433 6429
f 6430 6434 6429
f 6435 6433 6434
f 6436 6435 6434
f 6437 6436 6434
f 6438 6436 6437
f 6439 6438 6437
f 6440 6438 6439
f 6441 6440 6439
f 6442 6441 6439
f 6443 6441 6442
f 6444 6441 6443
f 6445 6444 6443
f 6446 6445 6443
f 6447 6445 6446
f 6448 6447 6446
f 6449 6448 6446
f 6450 6448 6449
f 6451 6448 6450
f 6452 6451 6450
f 6453 6451 6452
f 6454 6453 6452
f 6455 6453 6454
f 6456 6455 6454
f 6457 6456 6454
f 6458 6455 6456
f 6459 6458 6456
f 6460 6459 6456
f 6461 6460 6456
f 6457 6461 6456
f 6462 6459 6460
f 6463 6459 6462
f 6464 6463 6462
f 6465 6463 6464
f 6466 6465 6464
f 6467 6465 6466
f 6468 6467 6466
f 6469 6467 6468
f 6470 6467 6469
f 6471 6470 6469
f 6472 6471 6469
f 6473 6471 6472
f 6474 6471 6473
f 6475 6474 6473
f 6476 6475 6473
f 6477 6476 6473
f 6475 6476 6478
f 6479 6475 6478
f 6480 6475 6479
f 6481 6475 6480
f 6482 6481 6480
f 6483 6481 6482
f 6484 6481 6483
f 6485 6484 6483
f 6486 6484 6485
f 6487 6486 6485
f 6488 6486 6487
f 6489 6488 6487
f 6490 6489 6487
f 6491 6489 6490
f 6492 6491 6490
f 6493 6491 6492
f 6494 6491 6493
f 6495 6491 6494
f 6496 6495 6494
f 6497 6496 6494
f 6498 6496 6497
f 6499 6498 6497
f 6500 6498 6499
f 6501 6500 6499
f 6502 6500 6501
f 6503 6502 6501
f 6504 6502 6503
f 6505 6504 6503
f 6506 6505 6503
f 6507 6504 6505
f 6508 6507 6505
f 6509 6508 6505
f 6510 6509 6505
f 6511 6509 6510
f 6512 6511 6510
f 6513 6509 6511
f 6514 6513 6511
f 6515 6513 6514
f 6516 6513 6515
f 6517 6516 6515
f 6518 6517 6515
f 6519 6516 6517
f 6520 6519 6517
f 6521 6520 6517
f 6522 6520 6521
f 6523 6522 6521
f 6524 6522 6523
f 6525 6524 6523
f 6526 6525 6523
f 6527 6526 6523
f 6528 6526 6527
f 6529 6526 6528
f 6530 6529 6528
f 6531 6530 6528
f 6532 6530 6531
f 6533 6532 6531
f 6534 6532 6533
f 6535 6534 6533
f 6536 6535 6533
f 6537 6535 6536
f 6538 6537 6536
f 6539 6537 6538
f 6540 6539 6538
f 6541 6539 6540
f 6542 6541 6540
f 6543 6541 6542
f 6544 6541 6543
f 6545 6544 6543
f 6546 6544 6545
f 6547 6546 6545
f 6548 6544 6546
f 6549 6548 6546
f 6547 6549 6546
f 6550 6549 6547
f 6551 6549 6550
f 6552 6551 6550
f 6553 6552 6550
f 6554 6552 6553
f 6555 6551 6552
f 6556 6551 6555
f 6557 6556 6555
f 6558 6556 6557
f 6559 6558 6557
f 6560 6559 6557
f 6561 6560 6557
f 6562 6560 6561
f 6563 6560 6562
f 6564 6563 6562
f 6565 6564 6562
f 6566 6564 6565
f 6567 6566 6565
f 6568 6566 6567
f 6569 6568 6567
f 6570 6568 6569
f 6571 6568 6570
f 6572 6571 6570
f 6573 6571 6572
f 6574 6571 6573
f 6575 6571 6574
f 6576 6575 6574
f 6573 6576 6574
f 6577 6575 6576
f 6578 6577 6576
f 6579 6577 6578
f 6580 6579 6578
f 6581 6579 6580
f 6582 6581 6580
f 6583 6582 6580
f 6584 6583 6580
f 6585 6584 6580
f 6586 6583 6584
f 6587 6583 6586
f 6588 6583 6587
f 6589 6588 6587
f 6590 6589 6587
f 6591 6589 6590
f 6592 6589 6591
f 6593 6592 6591
f 6594 6592 6593
f 6595 6594 6593
f 6596 6594 6595
f 6597 6596 6595
f 6598 6597 6595
f 6599 6598 6595
f 6600 6598 6599
f 6601 6600 6599
f 6602 6600 6601
f 6603 6602 6601
f 6604 6603 6601
f 6605 6603 6604
f 6606 6603 6605
f 6607 6606 6605
f 6608 6607 6605
f 6609 6607 6608
f 6610 6609 6608
f 6611 6609 6610
f 6612 6609 6611
f 6613 6612 6611
f 6614 6612 6613
f 6615 6614 6613
f 6616 6615 6613
f 6617 6615 6616
f 6618 6615 6617
f 6619 6618 6617
f 6620 6619 6617
f 6621 6620 6617
f 6622 6621 6617
f 6623 6621 6622
f 6624 6623 6622
f 6625 6621 6623
f 6626 6625 6623
f 6624 6626 6623
f 6627 6625 6626
f 6628 6627 6626
f 6629 6628 6626
f 6630 6628 6629
f 6631 6630 6629
f 6632 6630 6631
f 6633 6630 6632
f 6634 6633 6632
f 6635 6633 6634
f 6636 6633 6635
f 6637 6636 6635
f 6638 6637 6635
f 6639 6637 6638
f 6640 6637 6639
f 6641 6640 6639
f 6642 6641 6639
f 6643 6640 6641
f 6642 6643 6641
f 6644 6643 6642
f 6645 6644 6642
f 6646 6645 6642
f 6647 6645 6646
f 6648 6645 6647
f 6649 6645 6648
f 6644 6645 6649
f 6650 6644 6649
f 6651 6644 6650
f 6652 6651 6650
f 6653 6651 6652
f 6654 6653 6652
f 6655 6654 6652
f 6656 6655 6652
f 6657 6654 6655
f 6658 6657 6655
f 6659 6658 6655
f 6660 6659 6655
f 6656 6660 6655
f 6661 6660 6656
f 6662 6660 6661
f 6663 6660 6662
f 6659 6660 6663
f 6664 6659 6663
f 6665 6664 6663
f 6666 6665 6663
f 6667 6665 6666
f 6668 6667 6666
f 6669 6668 6666
f 6663 6669 6666
f 6670 6668 6669
f 6671 6670 6669
f 6672 6671 6669
f 6673 6671 6672
f 6674 6673 6672
f 6675 6674 6672
f 6676 6674 6675
f 6677 6674 6676
f 6678 6677 6676
f 6679 6677 6678
f 6680 6679 6678
f 6681 6679 6680
f 6682 6681 6680
f 6683 6681 6682
f 6684 6683 6682
f 6685 6683 6684
f 6686 6685 6684
f 6687 6685 6686
f 6688 6687 6686
f 6689 6688 6686
f 6690 6688 6689
f 6691 6690 6689
f 6692 6690 6691
f 6693 6688 6690
f 6694 6693 6690
f 6695 6693 6694
f 6696 6695 6694
f 6697 6696 6694
f 6690 6697 6694
f 6692 6697 6690
f 6698 6697 6692
f 6699 6698 6692
f 6700 6699 6692
f 6701 6699 6700
f 6702 6699 6701
f 6703 6699 6702
f 6704 6703 6702
f 6705 6704 6702
f 6706 6704 6705
f 6707 6706 6705
f 6708 6706 6707
f 6709 6706 6708
f 6710 6709 6708
f 6711 6709 6710
f 6712 6711 6710
f 6713 6712 6710
f 6714 6712 6713
f 6715 6714 6713
f 6716 6715 6713
f 6717 6715 6716
f 6718 6715 6717
f 6719 6718 6717
f 6720 6719 6717
f 6721 6719 6720
f 6722 6719 6721
f 6723 6719 6722
f 6724 6723 6722
f 6725 6724 6722
f 6726 6725 6722
f 6727 6725 6726
f 6728 6727 6726
f 6729 6727 6728
f 6730 6729 6728
f 6731 6729 6730
f 6732 6731 6730
f 6733 6732 6730
f 6734 6732 6733
f 6735 6734 6733
f 6736 6734 6735
f 6737 6734 6736
f 6738 6737 6736
f 6739 6738 6736
f 6740 6738 6739
f 6741 6740 6739
f 6742 6741 6739
f 6743 6742 6739
f 6744 6741 6742
f 6743 6744 6742
f 6745 6744 6743
f 6746 6744 6745
f 6747 6744 6746
f 6748 6744 6747
f 6741 6744 6748
f 6749 6741 6748
f 6750 6741 6749
f 6751 6750 6749
f 6752 6750 6751
f 6753 6752 6751
f 6754 6753 6751
f 6755 6754 6751
f 6756 6754 6755
f 6757 6754 6756
f 6758 6757 6756
f 6759 6757 6758
f 6760 6759 6758
f 6761 6760 6758
f 6762 6760 6761
f 6763 6762 6761
f 6764 6762 6763
f 6765 6764 6763
f 6766 6764 6765
f 6767 6766 6765
f 6768 6767 6765
f 6769 6768 6765
f 6770 6768 6769
f 6771 6768 6770
f 6767 6768 6771
f 6772 6767 6771
f 6766 6767 6772
f 6773 6766 6772
f 6774 6773 6772
f 6775 6774 6772
f 6776 6774 6775
f 6777 6776 6775
f 6778 6777 6775
f 6779 6778 6775
f 6780 6778 6779
f 6781 6780 6779
f 6782 6780 6781
f 6783 6782 6781
f 6784 6782 6783
f 6785 6782 6784
f 6786 6785 6784
f 6787 6785 6786
f 6782 6785 6787
f 6788 6782 6787
f 6789 6788 6787
f 6790 6788 6789
f 6791 6788 6790
f 6792 6791 6790
f 6793 6792 6790
f 6794 6792 6793
f 6795 6794 6793
f 6796 6794 6795
f 6797 6796 6795
f 6798 6796 6797
f 6799 6798 6797
f 6800 6798 6799
f 6801 6798 6800
f 6802 6801 6800
f 6803 6802 6800
f 6804 6803 6800
f 6805 6803 6804
f 6806 6805 6804
f 6807 6805 6806
f 6808 6807 6806
f 6809 6807 6808
f 6810 6809 6808
f 6811 6809 6810
f 6812 6811 6810
f 6813 6811 6812
f 6814 6813 6812
f 6815 6813 6814
f 6816 6813 6815
f 6817 6816 6815
f 6818 6816 6817
f 6819 6816 6818
f 6820 6819 6818
f 6821 6819 6820
f 6822 6821 6820
f 6823 6821 6822
f 6824 6823 6822
f 6825 6823 6824
f 6826 6823 6825
f 6827 6826 6825
f 6828 6827 6825
f 6829 6827 6828
f 6830 6829 6828
f 6831 6830 6828
f 6832 6830 6831
f 6833 6832 6831
f 6834 6832 6833
f 6835 6834 6833
f 6836 6835 6833
f 6837 6835 6836
f 6838 6837 6836
f 6839 6837 6838
f 6840 6839 6838
f 6841 6839 6840
f 6842 6839 6841
f 6843 6842 6841
f 6844 6842 6843
f 6845 6844 6843
f 6846 6844 6845
f 6847 6844 6846
f 6848 6847 6846
f 6849 6847 6848
f 6850 6849 6848
f 6851 6850 6848
f 6852 6851 6848
f 6853 6851 6852
f 6854 6853 6852
f 6855 6853 6854
f 6856 6855 6854
f 6857 6855 6856
f 6858 6857 6856
f 6859 6858 6856
f 6860 6858 6859
f 6861 6858 6860
f 6862 6861 6860
f 6863 6862 6860
f 6864 6862 6863
f 6865 6862 6864
f 6866 6865 6864
f 6867 6866 6864
f 6868 6866 6867
f 6869 6868 6867
f 6870 6869 6867
f 6871 6869 6870
f 6872 6869 6871
f 6873 6872 6871
f 6874 6873 6871
f 6875 6873 6874
f 6876 6875 6874
f 6877 6875 6876
f 6878 6877 6876
f 6879 6878 6876
f 6880 6878 6879
f 6881 6880 6879
f 6882 6880 6881
f 6883 6880 6882
f 6884 6883 6882
f 6885 6884 6882
f 6886 6885 6882
f 6887 6885 6886
f 6888 6887 6886
f 6889 6887 6888
f 6890 6887 6889
f 6891 6890 6889
f 6892 6891 6889
f 6893 6891 6892
f 6894 6893 6892
f 6895 6893 6894
f 6896 6893 6895
f 6897 6896 6895
f 6898 6896 6897
f 6899 6896 6898
f 6900 6899 6898
f 6901 6900 6898
f 6902 6900 6901
f 6903 6902 6901
f 6904 6902 6903
f 6905 6902 6904
f 6906 6905 6904
f 6907 6906 6904
f 6908 6906 6907
f 6909 6906 6908
f 6910 6909 6908
f 6911 6909 6910
f 6912 6911 6910
f 6913 6912 6910
f 6914 6912 6913
f 6915 6914 6913
f 6916 6915 6913
f 6917 6915 6916
f 6918 6915 6917
f 6919 6918 6917
f 6920 6915 6918
f 6921 6920 6918
f 6922 6920 6921
f 6923 6920 6922
f 6924 6923 6922
f 6925 6924 6922
f 6926 6923 6924
f 6927 6926 6924
f 6928 6926 6927
f 6929 6928 6927
f 6930 6928 6929
f 6931 6930 6929
f 6932 6931 6929
f 6933 6931 6932
f 6934 6933 6932
f 6935 6933 6934
f 6936 6935 6934
f 6937 6936 6934
f 6938 6937 6934
f 6939 6937 6938
f 6940 6937 6939
f 6941 6940 6939
f 6942 6941 6939
f 6943 6941 6942
f 6944 6943 6942
f 6945 6943 6944
f 6946 6943 6945
f 6947 6946 6945
f 6948 6947 6945
f 6944 6948 6945
f 6949 6947 6948
f 6950 6949 6948
f 6951 6950 6948
f 6952 6950 6951
f 6953 6950 6952
f 6949 6950 6953
f 6954 6949 6953
f 6955 6949 6954
f 6956 6955 6954
f 6957 6955 6956
f 6958 6957 6956
f 6959 6958 6956
f 6960 6958 6959
f 6961 6958 6960
f 6962 6961 6960
f 6963 6962 6960
f 6964 6962 6963
f 6965 6964 6963
f 6966 6964 6965
f 6967 6966 6965
f 6968 6966 6967
f 6969 6966 6968
f 6970 6969 6968
f 6971 6970 6968
f 6972 6971 6968
f 6973 6971 6972
f 6974 6973 6972
f 6975 6974 6972
f 6976 6975 6972
f 6977 6974 6975
f 6978 6977 6975
f 6979 6977 6978
f 6980 6977 6979
f 6981 6980 6979
f 6982 6981 6979
f 6983 6981 6982
f 6984 6983 6982
f 6985 6983 6984
f 6986 6985 6984
f 6987 6985 6986
f 6988 6987 6986
f 6989 6988 6986
f 6990 6989 6986
f 6991 6989 6990
f 6992 6989 6991
f 6993 6992 6991
f 6994 6992 6993
f 6995 6994 6993
f 6996 6994 6995
f 6997 6996 6995
f 6998 6997 6995
f 6999 6997 6998
f 7000 6999 6998
f 7001 6997 6999
f 7002 7001 6999
f 7003 7001 7002
f 7004 7003 7002
f 7005 7004 7002
f 7006 7004 7005
f 7007 7006 7005
f 7008 7006 7007
f 7009 7008 7007
f 7010 7009 7007
f 7011 7009 7010
f 7012 7009 7011
f 7013 7012 7011
f 7014 7012 7013
f 7015 7014 7013
f 7016 7015 7013
f 7017 7015 7016
f 7018 7015 7017
f 7019 7015 7018
f 7020 7019 7018
f 7021 7019 7020
f 7022 7021 7020
f 7023 7021 7022
f 7024 7021 7023
f 7025 7024 7023
f 7026 7025 7023
f 7027 7026 7023
f 7022 7027 7023
f 7028 7027 7022
f 7029 7028 7022
f 7030 7028 7029
f 7031 7028 7030
f 7032 7031 7030
f 7033 7032 7030
f 7034 7032 7033
f 7035 7032 7034
f 7036 7035 7034
f 7037 7032 7035
f 7038 7037 7035
f 7039 7038 7035
f 7040 7039 7035
f 7036 7040 7035
f 7041 7040 7036
f 7042 7041 7036
f 7043 7041 7042
f 7040 7041 7043
f 7044 7040 7043
f 7045 7044 7043
f 7046 7045 7043
f 7047 7044 7045
f 7048 7047 7045
f 7049 7047 7048
f 7050 7049 7048
f 7045 7050 7048
f 7051 7049 7050
f 7052 7051 7050
f 7053 7052 7050
f 7054 7051 7052
f 7055 7054 7052
f 7056 7054 7055
f 7057 7056 7055
f 7058 7057 7055
f 7059 7057 7058
f 7060 7059 7058
f 7061 7059 7060
f 7062 7059 7061
f 7063 7062 7061
f 7064 7062 7063
f 7065 7062 7064
f 7066 7065 7064
f 7067 7065 7066
f 7068 7067 7066
f 7059 7062 7065
f 7057 7059 7065
f 7067 7057 7065
f 7056 7057 7067
f 7069 7056 7067
f 7070 7056 7069
f 7071 7070 7069
f 7072 7071 7069
f 7073 7072 7069
f 7074 7072 7073
f 7075 7074 7073
f 7076 7074 7075
f 7077 7074 7076
f 7078 7077 7076
f 7079 7078 7076
f 7080 7078 7079
f 7081 7080 7079
f 7082 7080 7081
f 7083 7082 7081
f 7084 7083 7081
f 7085 7083 7084
f 7086 7085 7084
f 7087 7086 7084
f 7088 7086 7087
f 7089 7086 7088
f 7090 7089 7088
f 7091 7090 7088
f 7092 7090 7091
f 7093 7092 7091
f 7094 7092 7093
f 7095 7092 7094
f 7096 7095 7094
f 7097 7096 7094
f 7098 7096 7097
f 7099 7098 7097
f 7100 7098 7099
f 7101 7100 7099
f 7102 7100 7101
f 7103 7100 7102
f 7104 7103 7102
f 7105 7104 7102
f 7106 7104 7105
f 7107 7106 7105
f 7108 7106 7107
f 7109 7108 7107
f 7110 7109 7107
f 7111 7109 7110
f 7112 7109 7111
f 7113 7112 7111
f 7114 7113 7111
f 7115 7114 7111
f 7116 7114 7115
f 7117 7114 7116
f 7118 7117 7116
f 7119 7117 7118
f 7120 7119 7118
f 7121 7119 7120
f 7122 7121 7120
f 7123 7121 7122
f 7124 7123 7122
f 7125 7124 7122
f 7126 7124 7125
f 7127 7124 7126
f 7128 7127 7126
f 7129 7127 7128
f 7130 7127 7129
f 7131 7130 7129
f 7132 7130 7131
f 7133 7132 7131
f 7134 7133 7131
f 7135 7132 7133
f 7136 7135 7133
f 7137 7135 7136
f 7138 7137 7136
f 7139 7137 7138
f 7140 7139 7138
f 7141 7139 7140
f 7142 7141 7140
f 7143 7142 7140
f 7144 7143 7140
f 7145 7143 7144
f 7146 7145 7144
f 7147 7145 7146
f 7148 7145 7147
f 7149 7148 7147
f 7150 7145 7148
f 7151 7150 7148
f 7152 7151 7148
f 7153 7152 7148
f 7154 7152 7153
f 7155 7154 7153
f 7156 7154 7155
f 7157 7156 7155
f 7158 7157 7155
f 7159 7156 7157
f 7160 7159 7157
f 7161 7159 7160
f 7162 7159 7161
f 7163 7162 7161
f 7164 7163 7161
f 7165 7163 7164
f 7166 7163 7165
f 7167 7166 7165
f 7168 7166 7167
f 7169 7166 7168
f 7170 7169 7168
f 7171 7170 7168
f 7172 7170 7171
f 7173 7172 7171
f 7174 7172 7173
f 7175 7174 7173
f 7176 7175 7173
f 7177 7176 7173
f 7178 7176 7177
f 7179 7178 7177
f 7180 7178 7179
f 7181 7178 7180
f 7182 7181 7180
f 7183 7182 7180
f 7184 7182 7183
f 7185 7182 7184
f 7186 7185 7184
f 7187 7186 7184
f 7188 7186 7187
f 7189 7186 7188
f 7190 7189 7188
f 7191 7190 7188
f 7192 7190 7191
f 7193 7192 7191
f 7194 7192 7193
f 7195 7192 7194
f 7196 7195 7194
f 7197 7196 7194
f 7198 7196 7197
f 7199 7198 7197
f 7200 7198 7199
f 7201 7200 7199
f 7202 7198 7200
f 7203 7202 7200
f 7204 7203 7200
f 7205 7204 7200
f 7206 7204 7205
f 7207 7206 7205
f 7208 7206 7207
f 7209 7208 7207
f 7210 7208 7209
f 7211 7210 7209
f 7212 7210 7211
f 7213 7212 7211
f 7214 7212 7213
f 7215 7214 7213
f 7216 7215 7213
f 7217 7215 7216
f 7218 7217 7216
f 7219 7217 7218
f 7220 7219 7218
f 7221 7220 7218
f 7222 7220 7221
f 7223 7222 7221
f 7224 7222 7223
f 7225 7224 7223
f 7226 7222 7224
f 7227 7226 7224
f 7228 7227 7224
f 7229 7227 7228
f 7230 7227 7229
f 7231 7230 7229
f 7232 7230 7231
f 7233 7230 7232
f 7234 7233 7232
f 7235 7234 7232
f 7236 7234 7235
f 7237 7234 7236
f 7238 7237 7236
f 7239 7238 7236
f 7240 7238 7239
f 7241 7240 7239
f 7242 7240 7241
f 7243 7242 7241
f 7244 7243 7241
f 7245 7243 7244
f 7246 7245 7244
f 7247 7245 7246
f 7248 7245 7247
f 7249 7248 7247
f 7250 7249 7247
f 7251 7248 7249
f 7252 7251 7249
f 7253 7251 7252
f 7254 7251 7253
f 7255 7254 7253
f 7256 7255 7253
f 7257 7255 7256
f 7258 7257 7256
f 7259 7257 7258
f 7260 7259 7258
f 7261 7259 7260
f 7262 7261 7260
f 7263 7262 7260
f 7264 7263 7260
f 7265 7263 7264
f 7266 7265 7264
f 7267 7263 7265
f 7268 7262 7263
f 7269 7262 7268
f 7270 7269 7268
f 7271 7270 7268
f 7272 7269 7270
f 7273 7272 7270
f 7274 7272 7273
f 7275 7272 7274
f 7276 7275 7274
f 7277 7276 7274
f 7278 7277 7274
f 7279 7277 7278
f 7280 7279 7278
f 7281 7280 7278
f 7282 7280 7281
f 7283 7280 7282
f 7284 7280 7283
f 7285 7284 7283
f 7286 7284 7285
f 7287 7286 7285
f 7288 7287 7285
f 7289 7287 7288
f 7290 7287 7289
f 7291 7290 7289
f 7292 7290 7291
f 7293 7292 7291
f 7294 7292 7293
f 7295 7292 7294
f 7296 7295 7294
f 7297 7296 7294
f 7298 7296 7297
f 7299 7298 7297
f 7300 7299 7297
f 7301 7299 7300
f 7302 7301 7300
f 7303 7301 7302
f 7304 7303 7302
f 7305 7303 7304
f 7306 7305 7304
f 7307 7305 7306
f 7308 7307 7306
f 7309 7308 7306
f 7310 7309 7306
f 7311 7309 7310
f 7312 7311 7310
f 7313 7308 7309
f 7314 7308 7313
f 7315 7314 7313
f 7316 7315 7313
f 7317 7315 7316
f 7318 7317 7316
f 7319 7317 7318
f 7320 7317 7319
f 7321 7317 7320
f 7322 7321 7320
f 7323 7321 7322
f 7324 7323 7322
f 7325 7323 7324
f 7326 7323 7325
f 7327 7326 7325
f 7328 7327 7325
f 7329 7326 7327
f 7330 7326 7329
f 7331 7330 7329
f 7332 7331 7329
f 7333 7331 7332
f 7334 7333 7332
f 7335 7333 7334
f 7336 7335 7334
f 7337 7335 7336
f 7338 7335 7337
f 7339 7338 7337
f 7340 7339 7337
f 7341 7339 7340
f 7342 7341 7340
f 7343 7341 7342
f 7344 7343 7342
f 7345 7343 7344
f 7346 7343 7345
f 7347 7346 7345
f 7348 7343 7346
f 7349 7348 7346
f 7350 7348 7349
f 7351 7350 7349
f 7352 7351 7349
f 7353 7351 7352
f 7354 7351 7353
f 7355 7354 7353
f 7356 7354 7355
f 7357 7356 7355
f 7358 7357 7355
f 7359 7357 7358
f 7360 7359 7358
f 7361 7360 7358
f 7362 7351 7354
f 7350 7351 7362
f 7341 7343 7348
f 7350 7341 7348
f 7339 7341 7350
f 7362 7339 7350
f 7338 7339 7362
f 7354 7338 7362
f 7356 7338 7354
f 7335 7338 7356
f 7333 7335 7356
f 7357 7333 7356
f 7331 7333 7357
f 7359 7331 7357
f 7363 7331 7359
f 7330 7331 7363
f 7364 7326 7330
f 7323 7326 7364
f 7321 7323 7364
f 7315 7317 7321
f 7364 7315 7321
f 7314 7315 7364
f 7330 7314 7364
f 7363 7314 7330
f 7308 7314 7363
f 7307 7308 7363
f 7359 7307 7363
f 7360 7307 7359
f 7305 7307 7360
f 7303 7305 7360
f 7361 7303 7360
f 7301 7303 7361
f 7299 7301 7361
f 7298 7299 7361
f 7358 7298 7361
f 7355 7298 7358
f 7353 7298 7355
f 7296 7298 7353
f 7352 7296 7353
f 7295 7296 7352
f 7349 7295 7352
f 7346 7295 7349
f 7347 7295 7346
f 7292 7295 7347
f 7345 7292 7347
f 7290 7292 7345
f 7344 7290 7345
f 7287 7290 7344
f 7286 7287 7344
f 7342 7286 7344
f 7365 7280 7284
f 7279 7280 7365
f 7275 7269 7272
f 7248 7251 7254
f 7243 7245 7248
f 7226 7227 7230
f 7233 7226 7230
f 7181 7182 7185
f 7143 7145 7150
f 7123 7124 7127
f 7130 7123 7127
f 7108 7109 7112
f 7054 7056 7070
f 7051 7054 7070
f 7037 7031 7032
f 7366 7021 7024
f 7019 7021 7366
f 6947 6949 6955
f 6957 6947 6955
f 6946 6947 6957
f 7367 6923 6926
f 6928 7367 6926
f 7368 7367 6928
f 6920 6923 7367
f 6914 6915 6920
f 7367 6914 6920
f 7368 6914 7367
f 6912 6914 7368
f 6868 6869 6872
f 7369 6858 6861
f 6857 6858 7369
f 7370 6823 6826
f 7371 6823 7370
f 6821 6823 7371
f 7372 6821 7371
f 7373 7372 7371
f 7374 7372 7373
f 7375 7372 7374
f 6819 6821 7372
f 7375 6819 7372
f 6816 6819 7375
f 6813 6816 7375
f 6811 6813 7375
f 7374 6811 7375
f 6809 6811 7374
f 6807 6809 7374
f 7373 6807 7374
f 6805 6807 7373
f 6803 6805 7373
f 7371 6803 7373
f 7370 6803 7371
f 6802 6803 7370
f 6801 6796 6798
f 6782 6788 6791
f 6780 6782 6791
f 6778 6780 6791
f 6792 6778 6791
f 6777 6778 6792
f 6794 6777 6792
f 6740 6741 6750
f 6752 6740 6750
f 6698 6699 6703
f 6658 6659 6664
f 6643 6644 6651
f 6653 6643 6651
f 6633 6628 6630
f 7376 6606 6607
f 7377 7376 6607
f 7378 6606 7376
f 7379 6606 7378
f 7380 7379 7378
f 7381 7380 7378
f 7382 7380 7381
f 7383 7380 7382
f 7384 7383 7382
f 7385 7384 7382
f 6603 6606 7379
f 6602 6603 7379
f 7380 6602 7379
f 7383 6602 7380
f 6600 6602 7383
f 6598 6600 7383
f 7384 6598 7383
f 7386 6598 7384
f 6597 6598 7386
f 7387 6597 7386
f 6596 6597 7387
f 7388 6594 6596
f 6592 6594 7388
f 6588 6589 6592
f 7388 6588 6592
f 6582 6583 6588
f 7388 6582 6588
f 6581 6582 7388
f 6596 6581 7388
f 7387 6581 6596
f 6579 6581 7387
f 6577 6579 7387
f 7386 6577 7387
f 6575 6577 7386
f 7384 6575 7386
f 7385 6575 7384
f 6571 6575 7385
f 6568 6571 7385
f 6566 6568 7385
f 7382 6566 7385
f 6564 6566 7382
f 7381 6564 7382
f 6563 6564 7381
f 7378 6563 7381
f 7378 6560 6563
f 7376 6560 7378
f 6559 6560 7376
f 7377 6559 7376
f 6558 6559 7377
f 6549 6551 6556
f 6529 6530 6532
f 6474 6475 6481
f 6408 6409 6412
f 7389 6404 6408
f 6401 6404 7389
f 6400 6401 7389
f 6398 6400 7389
f 6392 6394 6397
f 6367 6368 6371
f 6289 6295 6298
f 6287 6289 6298
f 6264 6257 6259
f 6253 6254 6257
f 6244 6245 6249
f 6150 6152 6155
f 7390 6137 6138
f 6139 7390 6138
f 7391 6137 7390
f 7392 7391 7390
f 7393 7391 7392
f 7394 7393 7392
f 7395 7393 7394
f 7396 7393 7395
f 7397 7393 7396
f 7391 7393 7397
f 7398 7391 7397
f 6137 7391 7398
f 6134 6137 7398
f 6131 6134 7398
f 7397 6131 7398
f 7399 6131 7397
f 6132 6131 7399
f 6129 6130 7395
f 7394 6129 7395
f 7400 6112 6115
f 6109 6112 7400
f 6106 6109 7400
f 6105 6106 7400
f 6115 6105 7400
f 7401 6100 6104
f 7402 6100 7401
f 7403 7402 7401
f 7404 7403 7401
f 7405 7403 7404
f 6101 6100 7402
f 6097 6098 7406
f 7405 6097 7406
f 7404 6097 7405
f 6096 6097 7404
f 6091 6093 6096
f 6069 6070 6072
f 6053 6054 6058
f 6028 6029 6034
f 6015 6018 6022
f 6014 6015 6022
f 5982 5983 5986
f 5989 5982 5986
f 5943 5944 5948
f 7407 5929 5931
f 5926 5929 7407
f 5923 5926 7407
f 5922 5923 7407
f 5894 5896 5910
f 5860 5864 5875
f 5841 5842 5847
f 5794 5796 5821
f 5825 5794 5821
f 5825 5791 5794
f 5770 5771 5774
f 5759 5754 5755
f 5723 5719 5720
f 5679 5681 5687
f 5635 5637 5642
f 5579 5580 5584
f 5565 5566 5568
f 5547 5552 5557
f 5545 5547 5557
f 5559 5545 5557
f 5543 5545 5559
f 5561 5543 5559
f 5528 5529 5533
f 5515 5517 5527
f 5484 5486 5489
f 5431 5432 5435
f 7408 5419 5422
f 5416 5419 7408
f 5413 5416 7408
f 5411 5413 7408
f 5422 5411 7408
f 5424 5411 5422
f 7409 5396 5398
f 5390 5391 5396
f 5389 5390 5396
f 7409 5389 5396
f 7410 5389 7409
f 7411 7410 7409
f 5385 5389 7410
f 5382 5385 7410
f 5380 5382 7410
f 7411 5380 7410
f 5377 5380 7411
f 5376 5377 7411
f 7412 5356 5358
f 7413 7414 7415
f 7416 7413 7415
f 7417 7413 7416
f 7418 7413 7417
f 7419 7418 7417
f 7420 7419 7417
f 7421 7419 7420
f 7422 7421 7420
f 7423 7421 7422
f 7424 7423 7422
f 7425 7423 7424
f 7426 7425 7424
f 7427 7425 7426
f 7428 7427 7426
f 7429 7427 7428
f 7430 7431 7432
f 7433 7431 7430
f 7434 7435 7433
f 7436 7435 7434
f 7437 7435 7436
f 7438 7437 7436
f 7439 7435 7437
f 7437 7429 7439
f 7427 7429 7437
f 7438 7427 7437
f 7425 7427 7438
f 7421 7423 7425
f 7438 7421 7425
f 7436 7421 7438
f 7419 7421 7436
f 7434 7419 7436
f 7418 7419 7434
f 7433 7418 7434
f 7430 7418 7433
f 7413 7418 7430
f 7414 7413 7430
f 7432 7414 7430
f 7426 7440 7428
f 7412 7440 7426
f 7424 7412 7426
f 5356 7412 7424
f 5352 5356 7424
f 5350 5352 7424
f 7422 5350 7424
f 5349 5350 7422
f 7420 5349 7422
f 5348 5349 7420
f 7417 5348 7420
f 7416 5348 7417
f 5345 5348 7416
f 7415 5345 7416
f 5292 5293 5296
f 5278 5280 5282
f 7441 5249 5251
f 7442 5249 7441
f 5246 5249 7442
f 5243 5246 7442
f 5241 5243 7442
f 7441 5241 7442
f 5239 5241 7441
f 5218 5219 5222
f 5203 5206 5214
f 5149 5150 5153
f 5141 5144 5149
f 5139 5141 5149
f 5153 5139 5149
f 5138 5139 5153
f 5155 5138 5153
f 5123 5125 5129
f 5122 5123 5129
f 5114 5115 5118
f 5073 5075 5078
f 7443 5043 5044
f 7444 5043 7443
f 7445 7444 7443
f 7446 7444 7445
f 7447 7446 7445
f 7448 7446 7447
f 7449 7448 7447
f 5041 5043 7444
f 7446 5041 7444
f 5039 5041 7446
f 7448 5039 7446
f 5038 5039 7448
f 7449 5038 7448
f 5026 5028 5038
f 7449 5026 5038
f 5024 5026 7449
f 5022 5024 7449
f 7447 5022 7449
f 5021 5022 7447
f 7445 5021 7447
f 5019 5021 7445
f 7443 5019 7445
f 5018 5019 7443
f 5044 5018 7443
f 5005 5006 5010
f 4995 4996 4999
f 4971 4972 4976
f 4978 4971 4976
f 4959 4955 4957
f 4914 4916 4919
f 4896 4897 4901
f 4865 4867 4870
f 7450 4810 4811
f 7451 4810 7450
f 7452 4810 7451
f 4807 4810 7452
f 4805 4806 4807
f 7452 4805 4807
f 7453 4805 7452
f 4804 4805 7453
f 4798 4800 4804
f 7453 4798 4804
f 4796 4798 7453
f 4794 4796 7453
f 7452 4794 7453
f 7451 4794 7452
f 4792 4794 7451
f 4790 4792 7451
f 7450 4790 7451
f 4789 4790 7450
f 4741 4743 4770
f 7454 4741 4770
f 4739 4741 7454
f 4725 4726 4731
f 4733 4725 4731
f 7455 4690 4695
f 4689 4690 7455
f 4612 4606 4608
f 4599 4601 4603
f 4581 7456 4582
f 4577 4579 7457
f 4576 4577 7457
f 4531 4534 4536
f 4495 4496 4499
f 7458 4480 4482
f 7459 4443 4444
f 7460 4443 7459
f 7461 4441 4443
f 7460 7461 4443
f 7462 7461 7460
f 7463 7462 7460
f 7464 7463 7460
f 7465 7463 7464
f 7466 7465 7464
f 7467 7466 7464
f 7468 7466 7467
f 7469 7468 7467
f 7470 7468 7469
f 7471 7468 7470
f 7472 7471 7470
f 7473 7472 7470
f 7474 7472 7473
f 7475 7474 7473
f 7476 7474 7475
f 7477 7476 7475
f 7478 7479 7480
f 7481 7478 7480
f 7478 7482 7479
f 7483 7482 7478
f 7484 7483 7478
f 7481 7484 7478
f 7485 7484 7481
f 7486 7485 7481
f 7487 7485 7486
f 7488 7485 7487
f 7489 7488 7487
f 7490 7491 7492
f 7493 7490 7492
f 7494 7490 7493
f 7495 7494 7493
f 7496 7495 7493
f 7497 7495 7496
f 7498 7497 7496
f 7499 7497 7498
f 7500 7499 7498
f 7501 7500 7498
f 7502 7500 7501
f 7503 7502 7501
f 7504 7502 7503
f 7505 7506 7507
f 7508 7506 7505
f 7509 7508 7505
f 7510 7509 7505
f 7511 7510 7505
f 7512 7510 7511
f 7513 7512 7511
f 7514 7510 7512
f 7515 7510 7514
f 7516 7515 7514
f 7517 7515 7516
f 7518 7517 7516
f 7519 7517 7518
f 7520 7519 7518
f 7521 7519 7520
f 7522 7521 7520
f 7523 7519 7521
f 7524 7523 7521
f 7525 7524 7521
f 7526 7524 7525
f 7527 7526 7525
f 7528 7527 7525
f 7529 7527 7528
f 7530 7529 7528
f 7531 7529 7530
f 7532 7531 7530
f 7533 7531 7532
f 7534 7533 7532
f 7535 7534 7532
f 7536 7534 7535
f 7537 7536 7535
f 7538 7537 7535
f 7539 7537 7538
f 7540 7537 7539
f 7541 7540 7539
f 7542 7541 7539
f 7543 7542 7539
f 7544 7542 7543
f 7545 7544 7543
f 7546 7544 7545
f 7547 7546 7545
f 7548 7549 7550
f 7551 7549 7548
f 7552 7549 7551
f 7553 7537 7540
f 7554 7555 7556
f 7557 7555 7554
f 7558 7557 7554
f 7559 7558 7554
f 7560 7558 7559
f 7561 7560 7559
f 7562 7560 7561
f 7563 7560 7562
f 7564 7563 7562
f 7565 7564 7562
f 7566 7564 7565
f 7567 7566 7565
f 7568 7567 7565
f 7569 7567 7568
f 7570 7567 7569
f 7566 7567 7570
f 7571 7564 7566
f 7572 7564 7571
f 7573 7572 7571
f 7574 7573 7571
f 7575 7573 7574
f 7576 7575 7574
f 7577 7575 7576
f 7578 7577 7576
f 7579 7577 7578
f 7580 7577 7579
f 7581 7580 7579
f 7582 7580 7581
f 7583 7580 7582
f 7584 7580 7583
f 7585 7584 7583
f 7586 7585 7583
f 7587 7585 7586
f 7588 7585 7587
f 7589 7588 7587
f 7590 7589 7587
f 7591 7589 7590
f 7592 7589 7591
f 7588 7589 7592
f 7593 7588 7592
f 7594 7593 7592
f 7595 7594 7592
f 7596 7595 7592
f 7591 7596 7592
f 7597 7596 7591
f 7598 7596 7597
f 7599 7596 7598
f 7600 7599 7598
f 7601 7599 7600
f 7602 7601 7600
f 7603 7602 7600
f 7604 7602 7603
f 7605 7604 7603
f 7606 7604 7605
f 7607 7606 7605
f 7608 7606 7607
f 7609 7608 7607
f 7610 7609 7607
f 7611 7609 7610
f 7612 7613 7614
f 7615 7613 7612
f 7616 7615 7612
f 7617 7615 7616
f 7618 7617 7616
f 7619 7618 7616
f 7620 7618 7619
f 7621 7617 7618
f 7622 7617 7621
f 7623 7622 7621
f 7624 7622 7623
f 7625 7624 7623
f 7626 7625 7623
f 7627 7625 7626
f 7628 7627 7626
f 7629 7627 7628
f 7630 7629 7628
f 7631 7629 7630
f 7632 7631 7630
f 7633 7632 7630
f 7634 7632 7633
f 7635 7632 7634
f 7631 7632 7635
f 7636 7631 7635
f 7637 7636 7635
f 7638 7631 7636
f 7629 7631 7638
f 7639 7625 7627
f 7640 7617 7622
f 7615 7617 7640
f 7613 7615 7640
f 7595 7596 7599
f 7641 7580 7584
f 7577 7580 7641
f 7575 7577 7641
f 7563 7564 7572
f 7536 7537 7553
f 7642 7499 7500
f 7643 7642 7500
f 7644 7642 7643
f 7645 7499 7642
f 7646 7645 7642
f 7644 7646 7642
f 7647 7646 7644
f 7648 7646 7647
f 7649 7646 7648
f 7650 7649 7648
f 7651 7649 7650
f 7652 7651 7650
f 7653 7651 7652
f 7654 7653 7652
f 7655 7653 7654
f 7656 7655 7654
f 7657 7656 7654
f 7658 7656 7657
f 7659 7658 7657
f 7660 7659 7657
f 7661 7659 7660
f 7662 7658 7659
f 7663 7653 7655
f 7651 7653 7663
f 7664 7649 7651
f 7665 7664 7651
f 7666 7665 7651
f 7667 7665 7666
f 7668 7665 7667
f 7669 7668 7667
f 7670 7669 7667
f 7671 7669 7670
f 7672 7671 7670
f 7673 7672 7670
f 7674 7672 7673
f 7675 7672 7674
f 7676 7677 7678
f 7679 7677 7676
f 7680 7679 7676
f 7681 7679 7680
f 7682 7681 7680
f 7683 7682 7680
f 7684 7682 7683
f 7685 7682 7684
f 7686 7685 7684
f 7687 7686 7684
f 7688 7685 7686
f 7689 7688 7686
f 7690 7685 7688
f 7691 7685 7690
f 7692 7691 7690
f 7682 7685 7691
f 7681 7682 7691
f 7692 7681 7691
f 7693 7681 7692
f 7679 7681 7693
f 7677 7679 7693
f 7672 7675 7694
f 7671 7672 7694
f 7692 7671 7694
f 7690 7671 7692
f 7669 7671 7690
f 7688 7669 7690
f 7668 7669 7688
f 7689 7668 7688
f 7664 7665 7668
f 7689 7664 7668
f 7695 7664 7689
f 7649 7664 7695
f 7646 7649 7695
f 7695 7645 7646
f 7689 7645 7695
f 7686 7645 7689
f 7687 7645 7686
f 7499 7645 7687
f 7497 7499 7687
f 7495 7497 7687
f 7684 7495 7687
f 7683 7495 7684
f 7494 7495 7683
f 7680 7494 7683
f 7676 7494 7680
f 7490 7494 7676
f 7678 7490 7676
f 7491 7490 7678
f 7673 7489 7674
f 7488 7489 7673
f 7670 7488 7673
f 7667 7488 7670
f 7666 7488 7667
f 7485 7488 7666
f 7696 7697 7698
f 7696 7699 7697
f 7474 7476 7700
f 4439 4441 7461
f 4382 4385 4390
f 4381 4382 4390
f 4344 4346 4348
f 4324 4326 4331
f 4319 4320 4324
f 4331 4319 4324
f 4307 4309 4313
f 4291 4292 4295
f 7701 7702 7703
f 7704 7702 7701
f 7705 7704 7701
f 7706 7704 7705
f 7707 7706 7705
f 7705 4232 7707
f 4231 4232 7705
f 7701 4231 7705
f 4230 4231 7701
f 7703 4230 7701
f 7708 4230 7703
f 4227 4230 7708
f 4226 4227 7708
f 4181 4183 4185
f 4185 4179 4181
f 4154 4156 4161
f 4161 4152 4154
f 7709 4104 4106
f 4095 4097 4100
f 7710 4008 4011
f 7711 4008 7710
f 4006 4008 7711
f 7712 4006 7711
f 4004 4006 7712
f 7713 4004 7712
f 7714 7713 7712
f 7715 7713 7714
f 7716 7713 7715
f 7717 7716 7715
f 7718 7716 7717
f 7719 7716 7718
f 7720 7719 7718
f 7721 7720 7718
f 7722 7719 7720
f 7723 7719 7722
f 7724 7723 7722
f 7725 7724 7722
f 7726 7724 7725
f 7727 7726 7725
f 7728 7726 7727
f 7729 7728 7727
f 7730 7719 7723
f 7731 7719 7730
f 7716 7719 7731
f 7732 7716 7731
f 7733 7732 7731
f 7713 7716 7732
f 4003 4004 7713
f 7732 4003 7713
f 7733 4003 7732
f 3999 4003 7733
f 3997 3999 7733
f 7731 3997 7733
f 3994 3997 7731
f 7730 3994 7731
f 3992 3994 7730
f 7723 3992 7730
f 7724 3992 7723
f 3991 3992 7724
f 7726 3991 7724
f 3984 3985 3991
f 7726 3984 3991
f 7728 3984 7726
f 3982 3984 7728
f 3980 3982 7728
f 7729 3980 7728
f 3978 3980 7729
f 3976 3978 7729
f 3975 3976 7729
f 7727 3975 7729
f 7725 3975 7727
f 3973 3975 7725
f 7722 3973 7725
f 7720 3973 7722
f 3972 3973 7720
f 7721 3972 7720
f 7734 3972 7721
f 3969 3972 7734
f 3968 3969 7734
f 7735 3964 3968
f 3961 3964 7735
f 3958 3961 7735
f 3957 3958 7735
f 3968 3957 7735
f 3956 3957 3968
f 7734 3956 3968
f 7721 3956 7734
f 3955 3956 7721
f 7718 3955 7721
f 7717 3955 7718
f 3953 3955 7717
f 3950 3953 7717
f 7715 3950 7717
f 3948 3950 7715
f 7714 3948 7715
f 3947 3948 7714
f 7712 3947 7714
f 7711 3947 7712
f 3945 3947 7711
f 7710 3945 7711
f 3928 3929 3932
f 7736 3899 3902
f 7737 3847 3850
f 3845 3847 7737
f 7738 3794 3795
f 7739 3794 7738
f 7740 7739 7738
f 3789 3790 3794
f 7739 3789 3794
f 7741 3789 7739
f 7742 7741 7739
f 7743 7741 7742
f 7744 7743 7742
f 7745 7743 7744
f 7746 7745 7744
f 7747 7745 7746
f 7748 7747 7746
f 7749 7747 7748
f 7750 7747 7749
f 7751 7750 7749
f 7752 7750 7751
f 3787 3789 7741
f 7743 3787 7741
f 3785 3787 7743
f 7745 3785 7743
f 3784 3785 7745
f 7747 3784 7745
f 7750 3784 7747
f 3780 3784 7750
f 7752 3780 7750
f 3781 3780 7752
f 3775 3777 7749
f 7748 3775 7749
f 3772 3775 7748
f 3770 3772 7748
f 7746 3770 7748
f 3768 3770 7746
f 7744 3768 7746
f 3764 3768 7744
f 7742 3764 7744
f 3763 3764 7742
f 7739 3763 7742
f 7740 3763 7739
f 3760 3763 7740
f 3759 3760 7740
f 3745 3748 3751
f 3744 3745 3751
f 7753 3728 3729
f 7754 3728 7753
f 7755 7754 7753
f 7756 7754 7755
f 7757 7756 7755
f 7758 7756 7757
f 7759 7758 7757
f 7760 7758 7759
f 7761 7760 7759
f 7762 7760 7761
f 7763 7760 7762
f 7764 7763 7762
f 7765 7763 7764
f 7766 7765 7764
f 7767 7765 7766
f 7768 7765 7767
f 7763 7765 7768
f 7758 7760 7763
f 7768 7758 7763
f 7756 7758 7768
f 7754 7756 7768
f 7767 7754 7768
f 3728 7754 7767
f 3726 3728 7767
f 7766 3726 7767
f 3722 3723 3726
f 7766 3722 3726
f 3720 3722 7766
f 7764 3720 7766
f 3717 3720 7764
f 7762 3717 7764
f 3715 3717 7762
f 7761 3715 7762
f 3712 3715 7761
f 3711 3712 7761
f 7759 3711 7761
f 3694 3696 3709
f 3711 3694 3709
f 3693 3694 3711
f 7759 3693 3711
f 7757 3693 7759
f 3691 3693 7757
f 7755 3691 7757
f 3689 3691 7755
f 7753 3689 7755
f 7769 3656 3659
f 3655 3656 7769
f 3650 3651 3655
f 7769 3650 3655
f 3588 3590 3598
f 3565 3566 3569
f 3523 3526 7770
f 3507 3508 3518
f 3488 3489 3492
f 7771 3450 3460
f 3448 3450 7771
f 3444 3448 7771
f 3443 3444 7771
f 3422 3423 3426
f 3393 3394 3398
f 3379 3381 3385
f 3374 3376 3378
f 3343 3344 3346
f 7772 3331 3334
f 3328 3331 7772
f 3259 3263 7773
f 3257 3259 7773
f 7774 3257 7773
f 7775 3206 3205
f 7776 7777 7775
f 7778 7777 7776
f 7779 7778 7776
f 7780 7779 7776
f 7781 7780 7776
f 7782 7781 7776
f 7783 7780 7781
f 7782 7783 7781
f 7784 7783 7782
f 7785 7783 7784
f 7786 7783 7785
f 7787 7786 7785
f 7788 7787 7785
f 7789 7790 7791
f 7792 7790 7789
f 7793 7792 7789
f 7794 7793 7789
f 7795 7793 7794
f 7796 7795 7794
f 7797 7795 7796
f 7798 7795 7797
f 7799 7798 7797
f 7800 7798 7799
f 7801 7800 7799
f 7802 7803 7804
f 7798 7800 7803
f 7802 7798 7803
f 7795 7798 7802
f 7793 7795 7802
f 7804 7793 7802
f 7792 7793 7804
f 7805 7792 7804
f 7806 7790 7792
f 7805 7806 7792
f 7786 7787 7801
f 7799 7786 7801
f 7797 7786 7799
f 7783 7786 7797
f 7796 7783 7797
f 7780 7783 7796
f 7794 7780 7796
f 7779 7780 7794
f 7789 7779 7794
f 7791 7779 7789
f 7778 7779 7791
f 7785 3204 7788
f 7784 3204 7785
f 3202 3204 7784
f 7782 3202 7784
f 3200 3202 7782
f 3181 3182 3189
f 3178 3179 3181
f 3168 3169 3173
f 3100 3102 3144
f 7807 3050 3051
f 3043 3046 3050
f 3040 3043 3050
f 7807 3040 3050
f 3038 3040 7807
f 3037 3038 7807
f 7808 3005 3008
f 3001 3002 3005
f 7808 3001 3005
f 2996 2997 3001
f 7808 2996 3001
f 2995 2996 7808
f 2974 2976 2980
f 2928 2931 2935
f 2908 2910 2913
f 2898 2899 2902
f 7809 2895 2898
f 2876 2895 7809
f 2874 2876 7809
f 2853 2854 2858
f 2863 2853 2858
f 2849 2850 2853
f 2863 2849 2853
f 2838 2840 2843
f 2829 2830 2833
f 2803 2805 2808
f 2791 2793 2798
f 2749 2750 2755
f 2740 2739 2744
f 2733 2734 2738
f 2714 2715 2719
f 2692 2693 2696
f 2659 2683 2685
f 2601 2602 2605
f 7810 2529 2533
f 2526 2529 7810
f 2525 2526 7810
f 2509 2511 2514
f 2504 2505 2507
f 2447 2449 2453
f 2434 2436 2440
f 2376 2378 2382
f 2360 2361 2363
f 2339 2340 2342
f 2314 2310 2313
f 2291 2292 2296
f 2220 2222 2227
f 2219 2220 2227
f 2229 2219 2227
f 2218 2219 2229
f 7811 2209 2211
f 7812 7811 2211
f 2208 2209 7811
f 7813 2208 7811
f 7814 2208 7813
f 7815 7814 7813
f 7816 7814 7815
f 7817 7814 7816
f 7818 7817 7816
f 7819 7818 7816
f 7820 7818 7819
f 7821 7820 7819
f 7822 7821 7819
f 7823 7822 7819
f 7824 7821 7822
f 7825 7824 7822
f 7826 7824 7825
f 7827 7826 7825
f 7828 7826 7827
f 7829 7828 7827
f 7830 7828 7829
f 7831 7830 7829
f 7832 7830 7831
f 7833 7832 7831
f 7834 7832 7833
f 7835 7834 7833
f 7836 7835 7833
f 7837 7835 7836
f 7838 7837 7836
f 7839 7837 7838
f 7840 7839 7838
f 7841 7840 7838
f 7842 7839 7840
f 7843 7842 7840
f 7844 7843 7840
f 7845 7843 7844
f 7846 7843 7845
f 7847 7846 7845
f 7848 7847 7845
f 7849 7847 7848
f 7850 7849 7848
f 7851 7849 7850
f 7852 7851 7850
f 7853 7852 7850
f 7854 7852 7853
f 7855 7854 7853
f 7856 7854 7855
f 7857 7856 7855
f 7858 7857 7855
f 7859 7858 7855
f 7860 7859 7855
f 7861 7859 7860
f 7862 7861 7860
f 7863 7861 7862
f 7864 7863 7862
f 7865 7864 7862
f 7866 7863 7864
f 7867 7866 7864
f 7868 7863 7866
f 7869 7868 7866
f 7870 7868 7869
f 7871 7870 7869
f 7872 7871 7869
f 7873 7872 7869
f 7874 7871 7872
f 7875 7871 7874
f 7876 7875 7874
f 7877 7875 7876
f 7878 7877 7876
f 7879 7877 7878
f 7880 7879 7878
f 7881 7880 7878
f 7882 7881 7878
f 7883 7882 7878
f 7884 7882 7883
f 7885 7884 7883
f 7886 7885 7883
f 7887 7886 7883
f 7888 7885 7886
f 7889 7888 7886
f 7890 7885 7888
f 7891 7890 7888
f 7892 7890 7891
f 7893 7892 7891
f 7894 7892 7893
f 7895 7894 7893
f 7896 7894 7895
f 7897 7896 7895
f 7898 7896 7897
f 7899 7898 7897
f 7900 7898 7899
f 7901 7900 7899
f 7902 7901 7899
f 7903 7901 7902
f 7904 7901 7903
f 7905 7904 7903
f 7906 7904 7905
f 7907 7906 7905
f 7908 7907 7905
f 7909 7907 7908
f 7910 7909 7908
f 7911 7907 7909
f 7912 7911 7909
f 7913 7911 7912
f 7914 7913 7912
f 7915 7913 7914
f 7916 7913 7915
f 7917 7913 7916
f 7918 7917 7916
f 7919 7917 7918
f 7920 7919 7918
f 7921 7920 7918
f 7922 7919 7920
f 7923 7919 7922
f 7924 7923 7922
f 7925 7923 7924
f 7926 7925 7924
f 7911 7913 7917
f 7907 7911 7917
f 7906 7907 7917
f 7919 7906 7917
f 7923 7906 7919
f 7904 7906 7923
f 7925 7904 7923
f 7901 7904 7925
f 7927 7901 7925
f 7928 7927 7925
f 7929 7928 7925
f 7926 7929 7925
f 7930 7929 7926
f 7931 7929 7930
f 7932 7931 7930
f 7933 7931 7932
f 7934 7933 7932
f 7935 7933 7934
f 7936 7933 7935
f 7937 7936 7935
f 7938 7937 7935
f 7939 7937 7938
f 7940 7939 7938
f 7941 7939 7940
f 7942 7941 7940
f 7943 7941 7942
f 7944 7943 7942
f 7945 7941 7943
f 7946 7945 7943
f 7947 7946 7943
f 7948 7946 7947
f 7949 7948 7947
f 7950 7949 7947
f 7951 7950 7947
f 7952 7950 7951
f 7953 7950 7952
f 7954 7950 7953
f 7955 7954 7953
f 7956 7954 7955
f 7957 7956 7955
f 7958 7956 7957
f 7959 7958 7957
f 7960 7958 7959
f 7961 7958 7960
f 7962 7961 7960
f 7963 7962 7960
f 7964 7962 7963
f 7965 7964 7963
f 7966 7964 7965
f 7967 7964 7966
f 7968 7967 7966
f 7969 7968 7966
f 7965 7969 7966
f 7970 7968 7969
f 7971 7968 7970
f 7972 7968 7971
f 7973 7972 7971
f 7974 7973 7971
f 7975 7974 7971
f 7976 7974 7975
f 7977 7974 7976
f 7978 7977 7976
f 7979 7978 7976
f 7980 7978 7979
f 7981 7978 7980
f 7982 7981 7980
f 7983 7981 7982
f 7984 7983 7982
f 7985 7983 7984
f 7986 7985 7984
f 7987 7985 7986
f 7988 7987 7986
f 7989 7987 7988
f 7990 7987 7989
f 7991 7990 7989
f 7992 7991 7989
f 7993 7991 7992
f 7994 7993 7992
f 7995 7993 7994
f 7996 7993 7995
f 7997 7996 7995
f 7998 7996 7997
f 7999 7996 7998
f 8000 7999 7998
f 8001 8000 7998
f 8002 8000 8001
f 8003 8002 8001
f 8004 8002 8003
f 8005 8004 8003
f 8006 8004 8005
f 8007 8006 8005
f 8008 8007 8005
f 8009 8007 8008
f 8010 8007 8009
f 8011 8010 8009
f 8012 8010 8011
f 8013 8012 8011
f 8014 8013 8011
f 8015 8013 8014
f 8016 8007 8010
f 8006 8007 8016
f 8017 8006 8016
f 8018 8006 8017
f 8004 8006 8018
f 8019 8004 8018
f 8020 8019 8018
f 8021 8019 8020
f 8022 8019 8021
f 8023 8022 8021
f 8002 8004 8019
f 8022 8002 8019
f 8000 8002 8022
f 7999 8000 8022
f 8023 7999 8022
f 8024 7999 8023
f 7996 7999 8024
f 7993 7996 8024
f 7991 7993 8024
f 8023 7991 8024
f 7990 7991 8023
f 8021 7990 8023
f 8020 7990 8021
f 7987 7990 8020
f 7985 7987 8020
f 8018 7985 8020
f 7983 7985 8018
f 8017 7983 8018
f 7981 7983 8017
f 7978 7981 8017
f 8016 7978 8017
f 7977 7978 8016
f 8010 7977 8016
f 8012 7977 8010
f 7974 7977 8012
f 7973 7974 8012
f 8013 7973 8012
f 7972 7973 8013
f 8015 7972 8013
f 7967 7968 7972
f 8015 7967 7972
f 7964 7967 8015
f 7962 7964 8015
f 8025 7962 8015
f 7961 7962 8025
f 8026 7961 8025
f 8027 8026 8025
f 7956 7958 7961
f 8026 7956 7961
f 7954 7956 8026
f 7950 7954 8026
f 8027 7950 8026
f 7949 7950 8027
f 8025 7949 8027
f 8015 7949 8025
f 8014 7949 8015
f 7948 7949 8014
f 8011 7948 8014
f 7946 7948 8011
f 7945 7946 8011
f 8009 7945 8011
f 8008 7945 8009
f 7941 7945 8008
f 7939 7941 8008
f 8005 7939 8008
f 8003 7939 8005
f 7937 7939 8003
f 8001 7937 8003
f 8001 7936 7937
f 7998 7936 8001
f 7997 7936 7998
f 7933 7936 7997
f 7995 7933 7997
f 7931 7933 7995
f 7994 7931 7995
f 7929 7931 7994
f 7928 7929 7994
f 7992 7928 7994
f 7927 7928 7992
f 7989 7927 7992
f 7988 7927 7989
f 7900 7901 7927
f 7988 7900 7927
f 7898 7900 7988
f 7986 7898 7988
f 7896 7898 7986
f 7894 7896 7986
f 7984 7894 7986
f 7892 7894 7984
f 7982 7892 7984
f 7890 7892 7982
f 7980 7890 7982
f 7884 7885 7890
f 8028 7877 7879
f 8029 8028 7879
f 7875 7877 8028
f 7871 7875 8028
f 7870 7871 8028
f 8029 7870 8028
f 8030 7870 8029
f 8031 7870 8030
f 7868 7870 8031
f 7861 7863 7868
f 7859 7861 7868
f 8031 7859 7868
f 8030 7859 8031
f 7858 7859 8030
f 7842 7843 7846
f 2207 2208 7814
f 7817 2207 7814
f 2182 2184 2190
f 2114 2116 2119
f 2075 2077 2083
f 8032 2075 2083
f 2073 2075 8032
f 2070 2073 8032
f 2046 2047 2050
f 1976 1978 1984
f 1959 1960 1964
f 1966 1959 1964
f 1948 1949 1951
f 8033 1941 1943
f 1935 1934 1941
f 8033 1935 1941
f 8034 1935 8033
f 1927 1929 1930
f 1897 1898 1901
f 1866 1869 1872
f 1839 1840 1855
f 1857 1839 1855
f 1835 1837 1839
f 8035 1832 1834
f 8036 1832 8035
f 8036 1831 1832
f 1769 1770 1775
f 1777 1769 1775
f 1754 1755 1758
f 8037 1748 1750
f 1742 1744 1748
f 8037 1742 1748
f 1700 1701 1710
f 1712 1700 1710
f 8038 1692 1694
f 8039 1692 8038
f 1689 1692 8039
f 8040 1689 8039
f 1679 1689 8040
f 1676 1679 8040
f 1674 1676 8040
f 8039 1674 8040
f 1672 1674 8039
f 8038 1672 8039
f 1671 1672 8038
f 1579 1580 1583
f 1590 1579 1583
f 1576 1579 1590
f 8041 1577 1576
f 1526 1527 1537
f 1480 1482 1485
f 1409 1410 1414
f 1417 1409 1414
f 1378 1380 1393
f 1376 1378 1393
f 1395 1376 1393
f 1374 1376 1395
f 1352 1355 1360
f 1351 1352 1360
f 1301 1302 1306
f 1266 1267 1270
f 1225 1227 1245
f 1248 1225 1245
f 1222 1225 1248
f 1221 1222 1248
f 1249 1221 1248
f 1253 1221 1249
f 1219 1221 1253
f 1218 1219 1253
f 1162 1163 1167
f 1112 1115 1118
f 1111 1112 1118
f 1062 1068 1070
f 1049 1050 1053
f 1037 1038 1045
f 1047 1037 1045
f 1035 1037 1047
f 1010 1012 1015
f 971 972 975
f 8042 950 952
f 945 946 950
f 8042 945 950
f 8043 854 857
f 851 854 8043
f 850 851 8043
f 8044 837 840
f 835 837 8044
f 804 806 812
f 761 762 766
f 8045 761 766
f 8046 761 8045
f 759 761 8046
f 8047 759 8046
f 751 759 8047
f 748 751 8047
f 746 748 8047
f 8046 746 8047
f 744 746 8046
f 8045 744 8046
f 743 744 8045
f 8048 723 725
f 8049 723 8048
f 720 723 8049
f 715 720 8049
f 712 715 8049
f 709 712 8049
f 8048 709 8049
f 707 709 8048
f 659 661 664
f 628 629 634
f 546 547 550
f 538 540 543
f 537 538 543
f 517 519 521
f 480 481 485
f 451 453 463
f 412 413 417
f 390 392 396
f 349 350 353
f 341 342 345
f 317 319 324
f 294 296 302
f 293 294 302
f 274 275 277
f 8050 262 264
f 260 262 8050
f 259 260 8050
f 251 252 254
f 225 226 230
f 216 218 220
f 8051 202 205
f 201 202 8051
f 198 194 195
f 8052 189 193
f 188 189 8052
f 175 176 186
f 157 160 163
f 138 139 145
f 126 128 134
f 125 126 134
f 110 115 117
f 69 70 73
f 8053 48 50
f 14 4 5
f 17 14 5
f 20 17 5
f 23 20 5
f 6 23 5
f 24 23 6
f 7 24 6
f 26 24 7
f 8 26 7
f 30 26 8
f 33 30 8
f 9 33 8
f 35 33 9
f 38 35 9
f 10 38 9
f 39 38 10
f 42 39 10
f 11 42 10
f 45 42 11
f 12 45 11
f 47 45 12
f 13 47 12
f 49 47 13
f 53 49 13
f 15 53 13
f 55 53 15
f 16 55 15
f 58 55 16
f 18 58 16
f 60 58 18
f 63 60 18
f 19 63 18
f 65 63 19
f 21 65 19
f 67 65 21
f 71 67 21
f 22 71 21
f 27 71 22
f 72 71 27
f 75 72 27
f 76 75 27
f 28 76 27
f 79 76 28
f 82 79 28
f 29 82 28
f 31 82 29
f 81 82 31
f 85 81 31
f 86 85 31
f 32 86 31
f 88 86 32
f 90 88 32
f 34 90 32
f 92 90 34
f 36 92 34
f 93 92 36
f 96 93 36
f 37 96 36
f 98 96 37
f 40 98 37
f 99 98 40
f 102 99 40
f 105 102 40
f 41 105 40
f 107 105 41
f 43 107 41
f 108 107 43
f 113 108 43
f 44 113 43
f 46 113 44
f 114 113 46
f 48 114 46
f 8053 114 48
f 6028 6034 6036
f 7884 7890 7980
f 7979 7884 7980
f 7882 7884 7979
f 7881 7882 7979
f 7976 7881 7979
f 7975 7881 7976
f 7880 7881 7975
f 7971 7880 7975
f 7970 7880 7971
f 7858 8030 8029
f 4234 4229 4224
f 7666 7651 7663
f 6091 6096 7404
f 7243 7248 7254
f 5187 5183 5182
f 7663 7485 7666
f 7655 7485 7663
f 7484 7485 7655
f 7656 7484 7655
f 7658 7484 7656
f 7483 7484 7658
f 7662 7483 7658
f 7482 7483 7662
f 3208 3207 8054
f 7970 7879 7880
f 7969 7879 7970
f 8029 7879 7969
f 5525 5526 5519
f 5530 5526 5525
f 5532 5530 5525
f 5538 5532 5525
f 5525 5540 5538
f 5523 5540 5525
f 5049 5042 5040
f 4345 4350 4347
f 5354 5351 5344
f 5347 5354 5344
f 5009 5007 5004
f 129 133 130
f 701 708 705
f 411 416 414
f 2225 2221 2217
f 2214 2225 2217
f 1265 1275 1264
f 1752 1749 1747
f 1756 1752 1747
f 1746 1756 1747
f 7883 7878 7876
f 7887 7883 7876
f 7965 8029 7969
f 7858 8029 7965
f 7857 7858 7965
f 7963 7857 7965
f 7856 7857 7963
f 7960 7856 7963
f 7959 7856 7960
f 7854 7856 7959
f 7852 7854 7959
f 7957 7852 7959
f 7851 7852 7957
f 7955 7851 7957
f 7849 7851 7955
f 7953 7849 7955
f 7847 7849 7953
f 7952 7847 7953
f 7846 7847 7952
f 7951 7846 7952
f 7842 7846 7951
f 7951 7947 7943
f 7944 7951 7943
f 7842 7951 7944
f 7839 7842 7944
f 7942 7839 7944
f 7837 7839 7942
f 7940 7837 7942
f 7835 7837 7940
f 7938 7835 7940
f 7834 7835 7938
f 7935 7834 7938
f 7832 7834 7935
f 7934 7832 7935
f 7830 7832 7934
f 7828 7830 7934
f 7932 7828 7934
f 7826 7828 7932
f 7930 7826 7932
f 7824 7826 7930
f 7821 7824 7930
f 7926 7821 7930
f 7820 7821 7926
f 7924 7820 7926
f 7922 7820 7924
f 7818 7820 7922
f 7920 7818 7922
f 7817 7818 7920
f 7921 7817 7920
f 2207 7817 7921
f 2205 2207 7921
f 2203 2205 7921
f 7918 2203 7921
f 2201 2203 7918
f 7916 2201 7918
f 2199 2201 7916
f 7915 2199 7916
f 2197 2199 7915
f 7914 2197 7915
f 2194 2197 7914
f 2193 2194 7914
f 7912 2193 7914
f 2192 2193 7912
f 7909 2192 7912
f 7910 2192 7909
f 2190 2192 7910
f 2182 2190 7910
f 2180 2182 7910
f 7908 2180 7910
f 2179 2180 7908
f 7905 2179 7908
f 7903 2179 7905
f 2177 2179 7903
f 7902 2177 7903
f 2174 2177 7902
f 2173 2174 7902
f 7899 2173 7902
f 7897 2173 7899
f 2171 2173 7897
f 7895 2171 7897
f 2169 2171 7895
f 7893 2169 7895
f 2167 2169 7893
f 7891 2167 7893
f 2166 2167 7891
f 7888 2166 7891
f 7889 2166 7888
f 2162 2166 7889
f 2160 2162 7889
f 2159 2160 7889
f 7886 2159 7889
f 7887 2159 7886
f 2157 2159 7887
f 7876 2157 7887
f 2156 2157 7876
f 7874 2156 7876
f 2154 2156 7874
f 7872 2154 7874
f 7873 2154 7872
f 2152 2154 7873
f 2149 2152 7873
f 2148 2149 7873
f 7869 2148 7873
f 7866 2148 7869
f 2147 2148 7866
f 7867 2147 7866
f 2145 2147 7867
f 2142 2145 7867
f 2140 2142 7867
f 7864 2140 7867
f 2138 2140 7864
f 7865 2138 7864
f 2136 2138 7865
f 2132 2136 7865
f 2130 2132 7865
f 7862 2130 7865
f 7860 2130 7862
f 7860 2128 2130
f 906 892 903
f 905 906 903
f 907 906 905
f 910 907 905
f 155 157 163
f 2069 2070 8032
f 2402 2399 2389
f 2387 2402 2389
f 2595 2603 2596
f 3048 3049 3047
f 4001 3998 3995
f 4963 4960 4958
f 7365 7284 7286
f 7340 7286 7342
f 7365 7286 7340
f 7337 7365 7340
f 7279 7365 7337
f 7336 7279 7337
f 7334 7279 7336
f 7277 7279 7334
f 7276 7277 7334
f 7332 7276 7334
f 7329 7276 7332
f 7275 7276 7329
f 7327 7275 7329
f 7269 7275 7327
f 7328 7269 7327
f 7262 7269 7328
f 7261 7262 7328
f 7325 7261 7328
f 7324 7261 7325
f 7259 7261 7324
f 7257 7259 7324
f 7322 7257 7324
f 7255 7257 7322
f 7320 7255 7322
f 7254 7255 7320
f 7319 7254 7320
f 7243 7254 7319
f 7242 7243 7319
f 7318 7242 7319
f 7240 7242 7318
f 7238 7240 7318
f 7316 7238 7318
f 7237 7238 7316
f 7313 7237 7316
f 7309 7237 7313
f 7311 7237 7309
f 7234 7237 7311
f 7233 7234 7311
f 7312 7233 7311
f 7226 7233 7312
f 7222 7226 7312
f 7220 7222 7312
f 7310 7220 7312
f 7219 7220 7310
f 7306 7219 7310
f 7304 7219 7306
f 7217 7219 7304
f 7302 7217 7304
f 7215 7217 7302
f 7300 7215 7302
f 7214 7215 7300
f 7297 7214 7300
f 7294 7214 7297
f 7212 7214 7294
f 7293 7212 7294
f 7210 7212 7293
f 7291 7210 7293
f 7208 7210 7291
f 7289 7208 7291
f 7206 7208 7289
f 7288 7206 7289
f 7204 7206 7288
f 7203 7204 7288
f 7285 7203 7288
f 7283 7203 7285
f 7202 7203 7283
f 7282 7202 7283
f 7198 7202 7282
f 7196 7198 7282
f 7281 7196 7282
f 7195 7196 7281
f 7278 7195 7281
f 7274 7195 7278
f 7273 7195 7274
f 7192 7195 7273
f 7190 7192 7273
f 7270 7190 7273
f 7271 7190 7270
f 7189 7190 7271
f 4830 4831 8055
f 1910 1914 1911
f 1912 1914 1910
f 8056 3779 3776
f 8057 8056 3776
f 3774 8057 3776
f 7474 7700 7699
f 7696 7474 7699
f 7472 7474 7696
f 7471 7472 7696
f 7698 7471 7696
f 7471 7698 7661
f 7468 7471 7661
f 7466 7468 7661
f 7660 7466 7661
f 7465 7466 7660
f 7657 7465 7660
f 7654 7465 7657
f 7463 7465 7654
f 7652 7463 7654
f 7462 7463 7652
f 7650 7462 7652
f 7461 7462 7650
f 7648 7461 7650
f 4439 7461 7648
f 7647 4439 7648
f 4438 4439 7647
f 7644 4438 7647
f 7643 4438 7644
f 4437 4438 7643
f 2210 2206 2204
f 2128 7860 7855
f 7853 2128 7855
f 2127 2128 7853
f 7850 2127 7853
f 7848 2127 7850
f 2124 2127 7848
f 7845 2124 7848
f 7844 2124 7845
f 2122 2124 7844
f 2121 2122 7844
f 7840 2121 7844
f 7841 2121 7840
f 2119 2121 7841
f 2114 2119 7841
f 2113 2114 7841
f 7838 2113 7841
f 7836 2113 7838
f 2112 2113 7836
f 7833 2112 7836
f 7831 2112 7833
f 2110 2112 7831
f 7829 2110 7831
f 2108 2110 7829
f 7827 2108 7829
f 2106 2108 7827
f 7825 2106 7827
f 2105 2106 7825
f 7822 2105 7825
f 7823 2105 7822
f 2103 2105 7823
f 2102 2103 7823
f 7819 2102 7823
f 7816 2102 7819
f 7815 2102 7816
f 2099 2102 7815
f 7813 2099 7815
f 2098 2099 7813
f 7811 2098 7813
f 7812 2098 7811
f 2095 2098 7812
f 2094 2095 7812
f 7189 7271 7268
f 7263 7189 7268
f 7267 7189 7263
f 7186 7189 7267
f 7185 7186 7267
f 7265 7185 7267
f 7181 7185 7265
f 7266 7181 7265
f 7178 7181 7266
f 7176 7178 7266
f 7264 7176 7266
f 7175 7176 7264
f 7260 7175 7264
f 7258 7175 7260
f 7174 7175 7258
f 7256 7174 7258
f 7172 7174 7256
f 7253 7172 7256
f 7252 7172 7253
f 7170 7172 7252
f 7169 7170 7252
f 7249 7169 7252
f 7250 7169 7249
f 7166 7169 7250
f 7163 7166 7250
f 7162 7163 7250
f 7247 7162 7250
f 7246 7162 7247
f 7159 7162 7246
f 7156 7159 7246
f 7244 7156 7246
f 7154 7156 7244
f 7152 7154 7244
f 7151 7152 7244
f 7241 7151 7244
f 7150 7151 7241
f 7239 7150 7241
f 7143 7150 7239
f 7142 7143 7239
f 7236 7142 7239
f 7235 7142 7236
f 7141 7142 7235
f 7232 7141 7235
f 7139 7141 7232
f 7231 7139 7232
f 7137 7139 7231
f 7229 7137 7231
f 7135 7137 7229
f 7228 7135 7229
f 7132 7135 7228
f 7130 7132 7228
f 7123 7130 7228
f 7121 7123 7228
f 7224 7121 7228
f 7225 7121 7224
f 7119 7121 7225
f 7223 7119 7225
f 7117 7119 7223
f 7221 7117 7223
f 7114 7117 7221
f 7113 7114 7221
f 7218 7113 7221
f 7216 7113 7218
f 7112 7113 7216
f 7213 7112 7216
f 7211 7112 7213
f 7108 7112 7211
f 7209 7108 7211
f 7106 7108 7209
f 7207 7106 7209
f 7104 7106 7207
f 7205 7104 7207
f 7103 7104 7205
f 7200 7103 7205
f 7201 7103 7200
f 7100 7103 7201
f 7098 7100 7201
f 7199 7098 7201
f 7096 7098 7199
f 7197 7096 7199
f 7095 7096 7197
f 7194 7095 7197
f 7193 7095 7194
f 7092 7095 7193
f 7090 7092 7193
f 7191 7090 7193
f 7089 7090 7191
f 7188 7089 7191
f 7187 7089 7188
f 7086 7089 7187
f 7085 7086 7187
f 7184 7085 7187
f 7183 7085 7184
f 7083 7085 7183
f 7082 7083 7183
f 7180 7082 7183
f 7179 7082 7180
f 7080 7082 7179
f 7177 7080 7179
f 7078 7080 7177
f 7173 7078 7177
f 7171 7078 7173
f 7077 7078 7171
f 7168 7077 7171
f 7167 7077 7168
f 7074 7077 7167
f 7072 7074 7167
f 7165 7072 7167
f 7071 7072 7165
f 7070 7071 7165
f 7164 7070 7165
f 7051 7070 7164
f 7049 7051 7164
f 7161 7049 7164
f 7160 7049 7161
f 7047 7049 7160
f 7157 7047 7160
f 7158 7047 7157
f 7044 7047 7158
f 7040 7044 7158
f 7039 7040 7158
f 7155 7039 7158
f 7153 7039 7155
f 7038 7039 7153
f 7148 7038 7153
f 7149 7038 7148
f 7037 7038 7149
f 7031 7037 7149
f 7147 7031 7149
f 7028 7031 7147
f 7027 7028 7147
f 7146 7027 7147
f 7026 7027 7146
f 7144 7026 7146
f 7140 7026 7144
f 7138 7026 7140
f 7025 7026 7138
f 7136 7025 7138
f 7024 7025 7136
f 7133 7024 7136
f 7134 7024 7133
f 7366 7024 7134
f 4220 4224 4223
f 7075 7079 7076
f 4051 3840 4052
f 3837 3840 4051
f 3835 3837 4051
f 4049 3835 4051
f 3833 3835 4049
f 4047 3833 4049
f 3832 3833 4047
f 4044 3832 4047
f 4043 3832 4044
f 3830 3832 4043
f 3828 3830 4043
f 3572 3574 8058
f 3569 3572 8058
f 3565 3569 8058
f 3841 3565 8058
f 3838 3565 3841
f 3564 3565 3838
f 3836 3564 3838
f 3562 3564 3836
f 3834 3562 3836
f 3561 3562 3834
f 3831 3561 3834
f 3829 3561 3831
f 3559 3561 3829
f 3558 3559 3829
f 3826 3558 3829
f 3824 3558 3826
f 3557 3558 3824
f 3823 3557 3824
f 3554 3557 3823
f 3552 3554 3823
f 3821 3552 3823
f 3551 3552 3821
f 3817 3551 3821
f 3816 3551 3817
f 3548 3551 3816
f 3546 3548 3816
f 3814 3546 3816
f 3544 3546 3814
f 3813 3544 3814
f 3543 3544 3813
f 3810 3543 3813
f 3807 3543 3810
f 3804 3543 3807
f 3805 3543 3804
f 3540 3543 3805
f 3539 3540 3805
f 3803 3539 3805
f 3299 3573 3571
f 3570 3299 3571
f 3297 3299 3570
f 3295 3297 3570
f 3568 3295 3570
f 3293 3295 3568
f 3567 3293 3568
f 3292 3293 3567
f 8059 3573 3299
f 3300 8059 3299
f 3303 8059 3300
f 3253 3305 3302
f 3301 3253 3302
f 3250 3253 3301
f 3249 3250 3301
f 3298 3249 3301
f 3296 3249 3298
f 3247 3249 3296
f 3294 3247 3296
f 3246 3247 3294
f 3291 3246 3294
f 3288 3246 3291
f 3286 3246 3288
f 3245 3246 3286
f 3282 3245 3286
f 3280 3245 3282
f 3243 3245 3280
f 3279 3243 3280
f 3236 3243 3279
f 3234 3236 3279
f 3276 3234 3279
f 3274 3234 3276
f 3232 3234 3274
f 3272 3232 3274
f 3231 3232 3272
f 3268 3231 3272
f 3264 3231 3268
f 3229 3231 3264
f 3266 3229 3264
f 3226 3229 3266
f 8060 3226 3266
f 3227 3226 8060
f 3260 3224 3262
f 3261 3224 3260
f 3222 3224 3261
f 3308 3305 3253
f 3310 3308 3253
f 3254 3310 3253
f 3256 3310 3254
f 3311 3310 3256
f 3257 3311 3256
f 8061 3311 3257
f 7774 8061 3257
f 4389 4221 4391
f 4219 4221 4389
f 4218 4219 4389
f 4386 4218 4389
f 4387 4218 4386
f 4214 4218 4387
f 4211 4214 4387
f 4384 4211 4387
f 4210 4211 4384
f 4383 4210 4384
f 4207 4210 4383
f 4206 4207 4383
f 4380 4206 4383
f 4378 4206 4380
f 4205 4206 4378
f 4376 4205 4378
f 4204 4205 4376
f 4374 4204 4376
f 4370 4204 4374
f 4203 4204 4370
f 4367 4203 4370
f 4368 4203 4367
f 4197 4203 4368
f 4195 4197 4368
f 4365 4195 4368
f 4192 4195 4365
f 4363 4192 4365
f 4191 4192 4363
f 4361 4191 4363
f 4359 4191 4361
f 4190 4191 4359
f 4356 4190 4359
f 4188 4190 4356
f 4353 4188 4356
f 4354 4188 4353
f 4186 4188 4354
f 4185 4186 4354
f 4351 4185 4354
f 4240 4394 4239
f 4392 4394 4240
f 4397 4392 4240
f 4241 4397 4240
f 4399 4397 4241
f 4245 4399 4241
f 4401 4399 4245
f 4246 4401 4245
f 4403 4401 4246
f 4407 4403 4246
f 4247 4407 4246
f 4409 4407 4247
f 4412 4409 4247
f 4248 4412 4247
f 4251 4412 4248
f 4413 4412 4251
f 4416 4413 4251
f 4253 4416 4251
f 4418 4416 4253
f 4424 4418 4253
f 4254 4424 4253
f 4425 4424 4254
f 4585 4583 4395
f 4396 4585 4395
f 4587 4585 4396
f 4398 4587 4396
f 4588 4587 4398
f 4381 4390 4580
f 4578 4381 4580
f 4379 4381 4578
f 4575 4379 4578
f 4377 4379 4575
f 4573 4377 4575
f 4375 4377 4573
f 4571 4375 4573
f 4570 4375 4571
f 4373 4375 4570
f 4372 4373 4570
f 4567 4372 4570
f 4565 4372 4567
f 4371 4372 4565
f 4563 4371 4565
f 4560 4371 4563
f 4561 4371 4560
f 4366 4371 4561
f 4364 4366 4561
f 4558 4364 4561
f 4362 4364 4558
f 4555 4362 4558
f 4360 4362 4555
f 4553 4360 4555
f 4358 4360 4553
f 4551 4358 4553
f 4357 4358 4551
f 4550 4357 4551
f 4422 4423 8062
f 7477 4422 8062
f 7475 4422 7477
f 4421 4422 7475
f 7473 4421 7475
f 4420 4421 7473
f 7470 4420 7473
f 7469 4420 7470
f 4417 4420 7469
f 4415 4417 7469
f 7467 4415 7469
f 7464 4415 7467
f 4414 4415 7464
f 7460 4414 7464
f 7459 4414 7460
f 4411 4414 7459
f 4410 4411 7459
f 4444 4410 7459
f 4446 4410 4444
f 4408 4410 4446
f 4448 4408 4446
f 7493 7492 8063
f 7496 7493 8063
f 8064 7496 8063
f 7498 7496 8064
f 7501 7498 8064
f 4758 7457 8065
f 4760 4758 8065
f 4763 4760 8065
f 4762 4763 8066
f 7456 4762 8066
f 4581 4762 7456
f 4761 4762 4581
f 4584 4761 4581
f 4764 4761 4584
f 4766 4764 4584
f 4586 4766 4584
f 4589 4766 4586
f 4765 4766 4589
f 4767 4765 4589
f 4590 4767 4589
f 4749 4767 4590
f 4591 4749 4590
f 4748 4749 4591
f 4593 4748 4591
f 4768 4748 4593
f 4777 4768 4593
f 4594 4777 4593
f 4776 4777 4594
f 4779 4776 4594
f 4598 4779 4594
f 4781 4779 4598
f 4599 4781 4598
f 4783 4781 4599
f 4786 4783 4599
f 4603 4786 4599
f 4788 4786 4603
f 4791 4788 4603
f 4604 4791 4603
f 4793 4791 4604
f 4606 4793 4604
f 4795 4793 4606
f 4612 4795 4606
f 4615 4795 4612
f 4797 4795 4615
f 4616 4797 4615
f 4799 4797 4616
f 4618 4799 4616
f 4801 4799 4618
f 4620 4801 4618
f 4623 4801 4620
f 4802 4801 4623
f 4625 4802 4623
f 4803 4802 4625
f 4576 7457 4758
f 4757 4576 4758
f 4574 4576 4757
f 4752 4574 4757
f 4753 4574 4752
f 4572 4574 4753
f 4751 4572 4753
f 4569 4572 4751
f 4568 4569 4751
f 4747 4568 4751
f 4744 4568 4747
f 4566 4568 4744
f 4742 4566 4744
f 4564 4566 4742
f 4740 4564 4742
f 4562 4564 4740
f 4737 4562 4740
f 4559 4562 4737
f 4735 4559 4737
f 4557 4559 4735
f 4732 4557 4735
f 4556 4557 4732
f 4729 4556 4732
f 4730 4556 4729
f 4554 4556 4730
f 4552 4554 4730
f 4728 4552 4730
f 4549 4552 4728
f 4548 4549 4728
f 4727 4548 4728
f 4546 4548 4727
f 3315 3314 2981
f 2969 8067 2968
f 2730 8067 2969
f 2727 2730 2969
f 2726 2727 2969
f 2966 2726 2969
f 2965 2726 2966
f 2724 2726 2965
f 2961 2724 2965
f 2723 2724 2961
f 2959 2723 2961
f 2957 2723 2959
f 2720 2723 2957
f 2719 2720 2957
f 2955 2719 2957
f 2714 2719 2955
f 2953 2714 2955
f 2713 2714 2953
f 2949 2713 2953
f 2947 2713 2949
f 2712 2713 2947
f 2946 2712 2947
f 2710 2712 2946
f 2944 2710 2946
f 2708 2710 2944
f 2943 2708 2944
f 2706 2708 2943
f 2704 2706 2943
f 2941 2704 2943
f 2703 2704 2941
f 2932 2703 2941
f 2930 2703 2932
f 2701 2703 2930
f 2929 2701 2930
f 2698 2701 2929
f 2697 2698 2929
f 2927 2697 2929
f 2924 2697 2927
f 2696 2697 2924
f 2922 2696 2924
f 2692 2696 2922
f 2918 2692 2922
f 2690 2692 2918
f 2917 2690 2918
f 2688 2690 2917
f 2914 2688 2917
f 2912 2688 2914
f 2687 2688 2912
f 2911 2687 2912
f 2685 2687 2911
f 2659 2685 2911
f 2657 2659 2911
f 2655 2657 2911
f 2909 2655 2911
f 2652 2655 2909
f 2907 2652 2909
f 2650 2652 2907
f 2906 2650 2907
f 2647 2650 2906
f 2646 2647 2906
f 2904 2646 2906
f 2901 2646 2904
f 2644 2646 2901
f 2900 2644 2901
f 2642 2644 2900
f 2641 2642 2900
f 2897 2641 2900
f 2896 2641 2897
f 2640 2641 2896
f 2878 2640 2896
f 2879 2640 2878
f 2639 2640 2879
f 2881 2639 2879
f 2894 2639 2881
f 2637 2639 2894
f 2635 2637 2894
f 2893 2635 2894
f 2632 2635 2893
f 2631 2632 2893
f 2890 2631 2893
f 2889 2631 2890
f 2629 2631 2889
f 2888 2629 2889
f 2626 2629 2888
f 2625 2626 2888
f 2886 2625 2888
f 2622 2625 2886
f 2884 2622 2886
f 2620 2622 2884
f 2883 2620 2884
f 2618 2620 2883
f 2617 2618 2883
f 2744 8068 2740
f 8069 8068 2744
f 8070 8069 2744
f 2745 8070 2744
f 8071 8070 2745
f 8072 8071 2745
f 2747 8072 2745
f 2973 8072 2747
f 2749 2973 2747
f 2755 2973 2749
f 2971 2973 2755
f 2756 2971 2755
f 2975 2971 2756
f 2758 2975 2756
f 2977 2975 2758
f 2760 2977 2758
f 2979 2977 2760
f 2985 2979 2760
f 2986 2985 2760
f 2761 2986 2760
f 2763 2986 2761
f 2988 2986 2763
f 2990 2988 2763
f 2764 2990 2763
f 2992 2990 2764
f 2766 2992 2764
f 1904 1906 8073
f 2277 1904 8073
f 1902 1904 2277
f 2274 1902 2277
f 2275 1902 2274
f 1918 2281 1919
f 2282 2281 1918
f 1923 2282 1918
f 2284 2282 1923
f 1924 2284 1923
f 1927 2284 1924
f 2285 2284 1927
f 1930 2285 1927
f 1933 2285 1930
f 2283 2285 1933
f 2286 2283 1933
f 2287 2289 8074
f 2293 2287 8074
f 2294 2293 8034
f 8033 2294 8034
f 1943 2294 8033
f 2295 2294 1943
f 1944 2295 1943
f 2298 2295 1944
f 1947 2298 1944
f 2299 2298 1947
f 2303 2299 1947
f 1948 2303 1947
f 1951 2303 1948
f 2305 2303 1951
f 1954 2305 1951
f 1956 2305 1954
f 2306 2305 1956
f 2311 2306 1956
f 1957 2311 1956
f 2312 2311 1957
f 2316 2312 1957
f 1958 2316 1957
f 2318 2316 1958
f 1959 2318 1958
f 1966 2318 1959
f 2319 2318 1966
f 1967 2319 1966
f 2320 2319 1967
f 1970 2320 1967
f 2521 2520 2290
f 2291 2521 2290
f 2523 2521 2291
f 2527 2523 2291
f 2296 2527 2291
f 2528 2527 2296
f 2531 2528 2296
f 2297 2531 2296
f 2300 2531 2297
f 2530 2531 2300
f 2532 2530 2300
f 2301 2532 2300
f 2534 2532 2301
f 2302 2534 2301
f 2536 2534 2302
f 2304 2536 2302
f 2307 2536 2304
f 2537 2536 2307
f 2540 2537 2307
f 2308 2540 2307
f 2542 2540 2308
f 2309 2542 2308
f 2544 2542 2309
f 2310 2544 2309
f 2546 2544 2310
f 2549 2546 2310
f 2314 2549 2310
f 2550 2549 2314
f 2553 2550 2314
f 2315 2553 2314
f 2555 2553 2315
f 2317 2555 2315
f 2556 2555 2317
f 2321 2556 2317
f 2558 2556 2321
f 2324 2558 2321
f 2560 2558 2324
f 2563 2560 2324
f 2325 2563 2324
f 2565 2563 2325
f 2327 2565 2325
f 2568 2565 2327
f 2329 2568 2327
f 2332 2568 2329
f 2569 2568 2332
f 2334 2569 2332
f 2572 2569 2334
f 2575 2572 2334
f 2335 2575 2334
f 2339 2575 2335
f 2576 2575 2339
f 2342 2576 2339
f 2344 2576 2342
f 2579 2576 2344
f 2582 2579 2344
f 2345 2582 2344
f 2583 2582 2345
f 2586 2583 2345
f 2346 2586 2345
f 2588 2586 2346
f 2347 2588 2346
f 2591 2588 2347
f 2348 2591 2347
f 2351 2591 2348
f 2592 2591 2351
f 2595 2592 2351
f 2352 2595 2351
f 2603 2595 2352
f 2353 2603 2352
f 2604 2603 2353
f 2356 2604 2353
f 2606 2604 2356
f 2609 2606 2356
f 2357 2609 2356
f 2360 2609 2357
f 2608 2609 2360
f 2363 2608 2360
f 2611 2608 2363
f 2614 2611 2363
f 2364 2614 2363
f 2616 2614 2364
f 2619 2616 2364
f 2366 2619 2364
f 2621 2619 2366
f 2624 2621 2366
f 2367 2624 2366
f 2369 2624 2367
f 2375 2624 2369
f 2623 2624 2375
f 2627 2623 2375
f 2376 2627 2375
f 2382 2627 2376
f 2628 2627 2382
f 2633 2628 2382
f 2383 2633 2382
f 2385 2633 2383
f 2634 2633 2385
f 2392 2634 2385
f 2636 2634 2392
f 2643 2636 2392
f 2393 2643 2392
f 2645 2643 2393
f 2648 2645 2393
f 2394 2648 2393
f 2413 2648 2394
f 2649 2648 2413
f 2415 2649 2413
f 2651 2649 2415
f 2654 2651 2415
f 2416 2654 2415
f 2419 2654 2416
f 2421 2654 2419
f 2653 2654 2421
f 2656 2653 2421
f 2422 2656 2421
f 2658 2656 2422
f 2661 2658 2422
f 2663 2661 2422
f 2423 2663 2422
f 2426 2663 2423
f 2664 2663 2426
f 2667 2664 2426
f 2427 2667 2426
f 2669 2667 2427
f 2672 2669 2427
f 2428 2672 2427
f 2430 2672 2428
f 2673 2672 2430
f 2676 2673 2430
f 2431 2676 2430
f 2434 2676 2431
f 2677 2676 2434
f 2440 2677 2434
f 2442 2677 2440
f 2444 2677 2442
f 2675 2677 2444
f 2678 2675 2444
f 2445 2678 2444
f 2680 2678 2445
f 2447 2680 2445
f 2453 2680 2447
f 2455 2680 2453
f 2679 2680 2455
f 2457 2679 2455
f 2459 2679 2457
f 2674 2679 2459
f 2671 2674 2459
f 2670 2671 2459
f 2460 2670 2459
f 2464 2670 2460
f 2668 2670 2464
f 2466 2668 2464
f 2666 2668 2466
f 2468 2666 2466
f 2471 2666 2468
f 2665 2666 2471
f 2681 2665 2471
f 2472 2681 2471
f 2682 2681 2472
f 2474 2682 2472
f 2684 2682 2474
f 2476 2684 2474
f 2478 2684 2476
f 2686 2684 2478
f 2689 2686 2478
f 2691 2689 2478
f 2479 2691 2478
f 2694 2691 2479
f 2481 2694 2479
f 2484 2694 2481
f 2486 2694 2484
f 2695 2694 2486
f 2699 2695 2486
f 2488 2699 2486
f 2700 2699 2488
f 2490 2700 2488
f 2702 2700 2490
f 2705 2702 2490
f 2491 2705 2490
f 2494 2705 2491
f 2707 2705 2494
f 2496 2707 2494
f 2709 2707 2496
f 2498 2709 2496
f 2711 2709 2498
f 2716 2711 2498
f 2499 2716 2498
f 2717 2716 2499
f 2501 2717 2499
f 2504 2717 2501
f 2718 2717 2504
f 2721 2718 2504
f 2507 2721 2504
f 2722 2721 2507
f 2725 2722 2507
f 2728 2725 2507
f 2508 2728 2507
f 2729 2728 2508
f 2732 2729 2508
f 2735 2732 2508
f 2509 2735 2508
f 2514 2735 2509
f 2736 2735 2514
f 2515 2736 2514
f 2737 2736 2515
f 2517 2737 2515
f 2742 2741 2519
f 2518 2742 2519
f 2522 2742 2518
f 2743 2742 2522
f 2524 2743 2522
f 2746 2743 2524
f 2748 2746 2524
f 2751 2748 2524
f 2525 2751 2524
f 2753 2751 2525
f 7810 2753 2525
f 2533 2753 7810
f 2535 2753 2533
f 2538 2753 2535
f 2752 2753 2538
f 2754 2752 2538
f 2539 2754 2538
f 2757 2754 2539
f 2541 2757 2539
f 2759 2757 2541
f 2762 2759 2541
f 2543 2762 2541
f 2765 2762 2543
f 2767 2765 2543
f 2545 2767 2543
f 2769 2767 2545
f 2547 2769 2545
f 2771 2769 2547
f 2774 2771 2547
f 2548 2774 2547
f 2776 2774 2548
f 2551 2776 2548
f 2779 2776 2551
f 2782 2779 2551
f 2552 2782 2551
f 2784 2782 2552
f 2554 2784 2552
f 2557 2784 2554
f 2785 2784 2557
f 2559 2785 2557
f 2787 2785 2559
f 2561 2787 2559
f 2790 2787 2561
f 2792 2790 2561
f 2562 2792 2561
f 2794 2792 2562
f 2564 2794 2562
f 2796 2794 2564
f 2566 2796 2564
f 2802 2796 2566
f 2804 2802 2566
f 2571 2804 2566
f 2806 2804 2571
f 2573 2806 2571
f 2574 2806 2573
f 2577 2806 2574
f 2807 2806 2577
f 2578 2807 2577
f 2809 2807 2578
f 2811 2809 2578
f 2580 2811 2578
f 2813 2811 2580
f 2818 2813 2580
f 2581 2818 2580
f 2584 2818 2581
f 2819 2818 2584
f 2822 2819 2584
f 2824 2822 2584
f 2585 2824 2584
f 2826 2824 2585
f 2587 2826 2585
f 2589 2826 2587
f 2827 2826 2589
f 2831 2827 2589
f 2590 2831 2589
f 2593 2831 2590
f 2832 2831 2593
f 2835 2832 2593
f 2839 2835 2593
f 2594 2839 2593
f 2841 2839 2594
f 2597 2841 2594
f 2842 2841 2597
f 2598 2842 2597
f 2513 2278 2516
f 2512 2278 2513
f 2276 2278 2512
f 2273 2276 2512
f 2510 2273 2512
f 2272 2273 2510
f 8075 1464 1467
f 1462 1464 8075
f 8076 1462 8075
f 1460 1462 8076
f 8077 1460 8076
f 1459 1460 8077
f 1443 1446 1917
f 1442 1443 1917
f 1915 1442 1917
f 1439 1442 1915
f 1912 1439 1915
f 1437 1439 1912
f 1910 1437 1912
f 1435 1437 1910
f 1907 1435 1910
f 1433 1435 1907
f 1905 1433 1907
f 1432 1433 1905
f 1903 1432 1905
f 1900 1432 1903
f 1430 1432 1900
f 1899 1430 1900
f 1428 1430 1899
f 1427 1428 1899
f 1896 1427 1899
f 1894 1427 1896
f 1424 1427 1894
f 1892 1424 1894
f 1422 1424 1892
f 1890 1422 1892
f 1420 1422 1890
f 1889 1420 1890
f 1418 1420 1889
f 1886 1418 1889
f 1884 1418 1886
f 1417 1418 1884
f 1883 1417 1884
f 1409 1417 1883
f 1408 1409 1883
f 1880 1408 1883
f 1878 1408 1880
f 1407 1408 1878
f 1875 1407 1878
f 1874 1407 1875
f 1403 1407 1874
f 1402 1403 1874
f 1871 1402 1874
f 1870 1402 1871
f 1399 1402 1870
f 1397 1399 1870
f 1867 1397 1870
f 1868 1397 1867
f 1395 1397 1868
f 1374 1395 1868
f 1865 1374 1868
f 1372 1374 1865
f 1863 1372 1865
f 1371 1372 1863
f 1860 1371 1863
f 1858 1371 1860
f 1856 1371 1858
f 1369 1371 1856
f 1367 1369 1856
f 1854 1367 1856
f 1365 1367 1854
f 1853 1365 1854
f 1364 1365 1853
f 1851 1364 1853
f 1850 1364 1851
f 1362 1364 1850
f 1849 1362 1850
f 1360 1362 1849
f 1351 1360 1849
f 1847 1351 1849
f 1349 1351 1847
f 1846 1349 1847
f 1345 1349 1846
f 1344 1345 1846
f 1843 1344 1846
f 1842 1344 1843
f 1342 1344 1842
f 1838 1342 1842
f 1836 1342 1838
f 1341 1342 1836
f 1340 1341 1836
f 1833 1340 1836
f 1830 1340 1833
f 1828 1340 1830
f 1338 1340 1828
f 1825 1338 1828
f 1336 1338 1825
f 1821 1336 1825
f 1334 1336 1821
f 1819 1334 1821
f 1332 1334 1819
f 1817 1332 1819
f 1331 1332 1817
f 1814 1331 1817
f 1813 1331 1814
f 1329 1331 1813
f 1809 1329 1813
f 1810 1329 1809
f 1326 1329 1810
f 1324 1326 1810
f 1807 1324 1810
f 1805 1324 1807
f 1323 1324 1805
f 1803 1323 1805
f 1322 1323 1803
f 1801 1322 1803
f 1798 1322 1801
f 1319 1322 1798
f 1797 1319 1798
f 1317 1319 1797
f 1795 1317 1797
f 1315 1317 1795
f 1793 1315 1795
f 1312 1315 1793
f 1791 1312 1793
f 1311 1312 1791
f 1788 1311 1791
f 1787 1311 1788
f 1309 1311 1787
f 1308 1309 1787
f 1784 1308 1787
f 1783 1308 1784
f 1306 1308 1783
f 1782 1306 1783
f 1301 1306 1782
f 1300 1301 1782
f 1779 1300 1782
f 1776 1300 1779
f 1298 1300 1776
f 1773 1298 1776
f 1774 1298 1773
f 1295 1298 1774
f 1292 1295 1774
f 1772 1292 1774
f 1290 1292 1772
f 1771 1290 1772
f 1289 1290 1771
f 1768 1289 1771
f 1766 1289 1768
f 1287 1289 1766
f 1762 1287 1766
f 1286 1287 1762
f 1760 1286 1762
f 1284 1286 1760
f 1757 1284 1760
f 1756 1284 1757
f 1280 1284 1756
f 1746 1280 1756
f 1279 1280 1746
f 1745 1279 1746
f 1276 1279 1745
f 1743 1276 1745
f 1274 1276 1743
f 1273 1274 1743
f 1741 1273 1743
f 1739 1273 1741
f 1272 1273 1739
f 1737 1272 1739
f 1734 1272 1737
f 1271 1272 1734
f 1731 1271 1734
f 1730 1271 1731
f 1270 1271 1730
f 1266 1270 1730
f 1727 1266 1730
f 1726 1266 1727
f 1263 1266 1726
f 1262 1263 1726
f 1723 1262 1726
f 1721 1262 1723
f 1260 1262 1721
f 1719 1260 1721
f 1258 1260 1719
f 1717 1258 1719
f 1256 1258 1717
f 1714 1256 1717
f 1715 1256 1714
f 1254 1256 1715
f 1253 1254 1715
f 1469 1920 8075
f 1467 1469 8075
f 1921 1920 1469
f 1922 1921 1469
f 1470 1922 1469
f 1925 1922 1470
f 1472 1925 1470
f 1474 1925 1472
f 1102 1458 1101
f 1456 1458 1102
f 1461 1456 1102
f 1103 1461 1102
f 1463 1461 1103
f 1105 1463 1103
f 1108 1463 1105
f 1465 1463 1108
f 1110 1465 1108
f 1466 1465 1110
f 1468 1466 1110
f 1111 1468 1110
f 1471 1468 1111
f 1118 1471 1111
f 1119 1471 1118
f 1473 1471 1119
f 1476 1473 1119
f 1120 1476 1119
f 1123 1476 1120
f 1477 1476 1123
f 1481 1477 1123
f 1124 1481 1123
f 1483 1481 1124
f 1126 1483 1124
f 1128 1483 1126
f 1484 1483 1128
f 1486 1484 1128
f 1130 1486 1128
f 1452 1094 1455
f 1091 1094 1452
f 1090 1091 1452
f 1454 1090 1452
f 8078 1090 1454
f 1088 1090 8078
f 8079 1088 8078
f 1086 1088 8079
f 8080 1086 8079
f 1085 1086 8080
f 1451 1085 8080
f 1449 1085 1451
f 1083 1085 1449
f 1447 1083 1449
f 1082 1083 1447
f 1445 1082 1447
f 1444 1082 1445
f 1080 1082 1444
f 1079 1080 1444
f 1441 1079 1444
f 1440 1079 1441
f 1076 1079 1440
f 1074 1076 1440
f 1438 1074 1440
f 1072 1074 1438
f 1436 1072 1438
f 1071 1072 1436
f 1434 1071 1436
f 1431 1071 1434
f 1429 1071 1431
f 1070 1071 1429
f 1425 1070 1429
f 1426 1070 1425
f 1062 1070 1426
f 1059 1062 1426
f 1058 1059 1426
f 1423 1058 1426
f 1421 1058 1423
f 1056 1058 1421
f 1054 1056 1421
f 1419 1054 1421
f 1053 1054 1419
f 1416 1053 1419
f 1415 1053 1416
f 1049 1053 1415
f 1412 1049 1415
f 1413 1049 1412
f 1047 1049 1413
f 1035 1047 1413
f 1411 1035 1413
f 1033 1035 1411
f 1032 1033 1411
f 1406 1032 1411
f 1404 1032 1406
f 1401 1032 1404
f 1030 1032 1401
f 1400 1030 1401
f 1029 1030 1400
f 1398 1029 1400
f 1028 1029 1398
f 1396 1028 1398
f 1394 1028 1396
f 1027 1028 1394
f 1392 1027 1394
f 1391 1027 1392
f 1024 1027 1391
f 1022 1024 1391
f 1384 1022 1391
f 1385 1022 1384
f 1019 1022 1385
f 1018 1019 1385
f 1386 1018 1385
f 1016 1018 1386
f 1388 1016 1386
f 1015 1016 1388
f 1389 1015 1388
f 1010 1015 1389
f 1008 1010 1389
f 1006 1008 1389
f 1387 1006 1389
f 1005 1006 1387
f 1383 1005 1387
f 1382 1005 1383
f 1003 1005 1382
f 1002 1003 1382
f 1379 1002 1382
f 1377 1002 1379
f 1000 1002 1377
f 1375 1000 1377
f 999 1000 1375
f 1373 999 1375
f 1368 999 1373
f 997 999 1368
f 1366 997 1368
f 996 997 1366
f 1363 996 1366
f 994 996 1363
f 1361 994 1363
f 992 994 1361
f 1359 992 1361
f 991 992 1359
f 1356 991 1359
f 1358 991 1356
f 989 991 1358
f 986 989 1358
f 984 986 1358
f 1357 984 1358
f 983 984 1357
f 1354 983 1357
f 1353 983 1354
f 981 983 1353
f 980 981 1353
f 1350 980 1353
f 1348 980 1350
f 978 980 1348
f 1346 978 1348
f 976 978 1346
f 1347 976 1346
f 975 976 1347
f 1337 975 1347
f 1335 975 1337
f 971 975 1335
f 1333 971 1335
f 970 971 1333
f 1330 970 1333
f 1328 970 1330
f 968 970 1328
f 1327 968 1328
f 966 968 1327
f 964 966 1327
f 1325 964 1327
f 963 964 1325
f 1321 963 1325
f 1320 963 1321
f 961 963 1320
f 959 961 1320
f 1318 959 1320
f 957 959 1318
f 1316 957 1318
f 956 957 1316
f 1313 956 1316
f 1314 956 1313
f 954 956 1314
f 952 954 1314
f 8042 952 1314
f 782 1096 1097
f 779 782 1097
f 778 779 1097
f 1093 778 1097
f 1092 778 1093
f 776 778 1092
f 774 776 1092
f 1089 774 1092
f 1087 774 1089
f 773 774 1087
f 1084 773 1087
f 1081 773 1084
f 1078 773 1081
f 772 773 1078
f 1077 772 1078
f 769 772 1077
f 768 769 1077
f 1075 768 1077
f 788 8081 786
f 8082 8081 788
f 1107 8083 8082
f 788 1107 8082
f 790 1107 788
f 1106 1107 790
f 792 1106 790
f 1109 1106 792
f 1113 1109 792
f 793 1113 792
f 1114 1113 793
f 795 1114 793
f 1116 1114 795
f 797 1116 795
f 799 1116 797
f 1117 1116 799
f 1121 1117 799
f 801 1121 799
f 803 1121 801
f 1122 1121 803
f 1125 1122 803
f 804 1125 803
f 1127 1125 804
f 812 1127 804
f 813 1127 812
f 1129 1127 813
f 1131 1129 813
f 814 1131 813
f 1133 1131 814
f 1136 1133 814
f 815 1136 814
f 1138 1136 815
f 1141 1138 815
f 816 1141 815
f 1143 1141 816
f 818 1143 816
f 1145 1143 818
f 1148 1145 818
f 819 1148 818
f 821 1148 819
f 1149 1148 821
f 823 1149 821
f 1151 1149 823
f 1154 1151 823
f 824 1154 823
f 827 1154 824
f 1155 1154 827
f 829 1155 827
f 1158 1155 829
f 1160 1158 829
f 830 1160 829
f 1164 1160 830
f 832 1164 830
f 1166 1164 832
f 834 1166 832
f 1104 8083 1107
f 1098 8083 1104
f 1100 8083 1098
f 3774 7770 8057
f 3773 7770 3774
f 3523 7770 3773
f 3771 3523 3773
f 3521 3523 3771
f 3769 3521 3771
f 3520 3521 3769
f 3767 3520 3769
f 3766 3520 3767
f 3518 3520 3766
f 3507 3518 3766
f 3504 3507 3766
f 3503 3504 3766
f 3762 3503 3766
f 3761 3503 3762
f 3501 3503 3761
f 3500 3501 3761
f 3754 3500 3761
f 3498 3500 3754
f 3753 3498 3754
f 3497 3498 3753
f 3750 3497 3753
f 3749 3497 3750
f 3495 3497 3749
f 3493 3495 3749
f 3747 3493 3749
f 3492 3493 3747
f 3746 3492 3747
f 3488 3492 3746
f 3737 3488 3746
f 3783 3782 3531
f 3786 3783 3531
f 3530 3786 3531
f 3788 3786 3530
f 3791 3788 3530
f 3533 3791 3530
f 3792 3791 3533
f 3536 3792 3533
f 3538 3792 3536
f 3793 3792 3538
f 3796 3793 3538
f 3273 8084 3271
f 3275 8084 3273
f 3277 3529 3275
f 3267 3269 8085
f 3265 3267 8085
f 3197 8086 3201
f 3195 8086 3197
f 8087 8086 3195
f 3193 8087 3195
f 8088 8087 3193
f 3187 8088 3193
f 3185 8088 3187
f 2970 8088 3185
f 3186 2970 3185
f 2967 2970 3186
f 2964 2967 3186
f 3184 2964 3186
f 2963 2964 3184
f 3180 2963 3184
f 3176 2963 3180
f 2962 2963 3176
f 3172 2962 3176
f 3171 2962 3172
f 2958 2962 3171
f 2956 2958 3171
f 3170 2956 3171
f 2954 2956 3170
f 2952 2954 3170
f 3164 2952 3170
f 3162 2952 3164
f 2951 2952 3162
f 3228 3524 3525
f 3216 3525 3522
f 3519 3216 3522
f 3511 3216 3519
f 3215 3216 3511
f 3512 3215 3511
f 3211 3215 3512
f 3514 3211 3512
f 3516 3211 3514
f 3205 3211 3516
f 7775 3205 3516
f 7776 7775 3516
f 3517 7776 3516
f 7782 7776 3517
f 3200 7782 3517
f 3199 3200 3517
f 3515 3199 3517
f 3513 3199 3515
f 3198 3199 3513
f 3510 3198 3513
f 3509 3198 3510
f 3196 3198 3509
f 3194 3196 3509
f 3506 3194 3509
f 3505 3194 3506
f 3192 3194 3505
f 3191 3192 3505
f 3502 3191 3505
f 3190 3191 3502
f 3499 3190 3502
f 3496 3190 3499
f 3494 3190 3496
f 3189 3190 3494
f 3491 3189 3494
f 3490 3189 3491
f 3181 3189 3490
f 3178 3181 3490
f 3487 3178 3490
f 3177 3178 3487
f 3486 3177 3487
f 3483 3177 3486
f 3481 3177 3483
f 3173 3177 3481
f 3168 3173 3481
f 3480 3168 3481
f 3166 3168 3480
f 3478 3166 3480
f 3165 3166 3478
f 3475 3165 3478
f 3473 3165 3475
f 3163 3165 3473
f 3472 3163 3473
f 3161 3163 3472
f 3160 3161 3472
f 3469 3160 3472
f 3468 3160 3469
f 3157 3160 3468
f 3464 3157 3468
f 3156 3157 3464
f 3462 3156 3464
f 3459 3156 3462
f 3155 3156 3459
f 3457 3155 3459
f 3458 3155 3457
f 3150 3155 3458
f 3147 3150 3458
f 3146 3147 3458
f 3455 3146 3458
f 3453 3146 3455
f 3144 3146 3453
f 3454 3144 3453
f 3100 3144 3454
f 3098 3100 3454
f 3452 3098 3454
f 3097 3098 3452
f 3449 3097 3452
f 3446 3097 3449
f 3447 3097 3446
f 3095 3097 3447
f 3093 3095 3447
f 3445 3093 3447
f 3442 3093 3445
f 3439 3093 3442
f 3092 3093 3439
f 3434 3092 3439
f 3437 3092 3434
f 3090 3092 3437
f 3438 3090 3437
f 3087 3090 3438
f 3085 3087 3438
f 3084 3085 3438
f 3435 3084 3438
f 3436 3084 3435
f 3081 3084 3436
f 3080 3081 3436
f 3432 3080 3436
f 3431 3080 3432
f 3078 3080 3431
f 3429 3078 3431
f 3428 3078 3429
f 3075 3078 3428
f 3074 3075 3428
f 3425 3074 3428
f 3424 3074 3425
f 3072 3074 3424
f 3217 3525 3216
f 3217 3228 3525
f 3230 3228 3217
f 3218 3230 3217
f 3233 3230 3218
f 3219 3233 3218
f 3235 3233 3219
f 3238 3235 3219
f 3220 3238 3219
f 3240 3238 3220
f 3222 3240 3220
f 3261 3240 3222
f 3258 3240 3261
f 3241 3240 3258
f 3255 3241 3258
f 3251 3241 3255
f 3237 3241 3251
f 3242 3237 3251
f 3248 3242 3251
f 3244 3242 3248
f 3208 3221 3210
f 4255 4428 4256
f 4426 4428 4255
f 4259 4426 4255
f 4430 4426 4259
f 4433 4430 4259
f 7582 7581 7508
f 7509 7582 7508
f 7583 7582 7509
f 7586 7583 7509
f 7510 7586 7509
f 7515 7586 7510
f 7587 7586 7515
f 7590 7587 7515
f 7517 7590 7515
f 7519 7590 7517
f 7591 7590 7519
f 7523 7591 7519
f 7597 7591 7523
f 7524 7597 7523
f 7598 7597 7524
f 7526 7598 7524
f 7527 7598 7526
f 7600 7598 7527
f 7529 7600 7527
f 7603 7600 7529
f 7531 7603 7529
f 7605 7603 7531
f 7533 7605 7531
f 7607 7605 7533
f 7610 7607 7533
f 7534 7610 7533
f 7611 7610 7534
f 8089 7611 7534
f 7536 8089 7534
f 7553 8089 7536
f 4429 7556 4427
f 7554 7556 4429
f 4431 7554 4429
f 7559 7554 4431
f 4432 7559 4431
f 7561 7559 4432
f 4434 7561 4432
f 7562 7561 4434
f 7565 7562 4434
f 7568 7565 4434
f 4435 7568 4434
f 4437 7568 4435
f 7569 7568 4437
f 7643 7569 4437
f 7500 7569 7643
f 7502 7569 7500
f 7570 7569 7502
f 7504 7570 7502
f 7566 7570 7504
f 8090 7566 7504
f 7571 7566 8090
f 7574 7571 8090
f 7576 7574 8090
f 8091 7576 8090
f 7578 7576 8091
f 7616 7573 7575
f 7619 7616 7575
f 7641 7619 7575
f 7584 7619 7641
f 7620 7619 7584
f 7585 7620 7584
f 7588 7620 7585
f 7593 7620 7588
f 7618 7620 7593
f 7621 7618 7593
f 7594 7621 7593
f 7623 7621 7594
f 7595 7623 7594
f 7626 7623 7595
f 7599 7626 7595
f 7628 7626 7599
f 7601 7628 7599
f 7630 7628 7601
f 7633 7630 7601
f 7602 7633 7601
f 7604 7633 7602
f 7634 7633 7604
f 7606 7634 7604
f 7608 7634 7606
f 7635 7634 7608
f 7637 7635 7608
f 7636 7637 8092
f 8093 7636 8092
f 7638 7636 8093
f 8094 7638 8093
f 7629 7638 8094
f 7627 7629 8094
f 7639 7627 8094
f 7612 7573 7616
f 7572 7573 7612
f 7614 7572 7612
f 7563 7572 7614
f 8095 7563 7614
f 7560 7563 8095
f 7558 7560 8095
f 3575 3312 3316
f 3318 3575 3316
f 3579 3575 3318
f 3582 3579 3318
f 3319 3582 3318
f 3584 3582 3319
f 3321 3584 3319
f 3587 3584 3321
f 3323 3587 3321
f 3589 3587 3323
f 3325 3589 3323
f 3591 3589 3325
f 3594 3591 3325
f 3326 3594 3325
f 3596 3594 3326
f 3328 3596 3326
f 7772 3596 3328
f 3334 3596 7772
f 3595 3596 3334
f 3337 3595 3334
f 3339 3595 3337
f 3593 3595 3339
f 3341 3593 3339
f 3592 3593 3341
f 3342 3592 3341
f 3597 3592 3342
f 3600 3597 3342
f 3603 3600 3342
f 3343 3603 3342
f 3604 3603 3343
f 3607 3604 3343
f 3346 3607 3343
f 3609 3607 3346
f 3612 3609 3346
f 3348 3612 3346
f 3613 3612 3348
f 3615 3613 3348
f 3349 3615 3348
f 3352 3615 3349
f 3616 3615 3352
f 3619 3616 3352
f 3622 3619 3352
f 3353 3622 3352
f 3356 3622 3353
f 3623 3622 3356
f 3358 3623 3356
f 3363 3623 3358
f 3624 3623 3363
f 3365 3624 3363
f 3626 3624 3365
f 3630 3626 3365
f 3366 3630 3365
f 3631 3630 3366
f 3634 3631 3366
f 3636 3634 3366
f 3367 3636 3366
f 3369 3636 3367
f 3637 3636 3369
f 3640 3637 3369
f 3370 3640 3369
f 3642 3640 3370
f 3646 3642 3370
f 3371 3646 3370
f 3374 3646 3371
f 3647 3646 3374
f 3378 3647 3374
f 3649 3647 3378
f 3653 3649 3378
f 3379 3653 3378
f 3385 3653 3379
f 3387 3653 3385
f 3652 3653 3387
f 3389 3652 3387
f 3654 3652 3389
f 3657 3654 3389
f 3390 3657 3389
f 3392 3657 3390
f 3658 3657 3392
f 3661 3658 3392
f 3393 3661 3392
f 3663 3661 3393
f 3398 3663 3393
f 3665 3663 3398
f 3668 3665 3398
f 3399 3668 3398
f 3400 3668 3399
f 3670 3668 3400
f 3673 3670 3400
f 3402 3673 3400
f 3675 3673 3402
f 3403 3675 3402
f 3677 3675 3403
f 3405 3677 3403
f 3577 3312 3575
f 3313 3312 3577
f 3320 2981 2982
f 3322 3320 2982
f 2983 3322 2982
f 3324 3322 2983
f 3327 3324 2983
f 2984 3327 2983
f 3329 3327 2984
f 2987 3329 2984
f 3330 3329 2987
f 2989 3330 2987
f 3332 3330 2989
f 2991 3332 2989
f 3333 3332 2991
f 2993 3333 2991
f 3335 3333 2993
f 2995 3335 2993
f 3336 3335 2995
f 7808 3336 2995
f 3008 3336 7808
f 3338 3336 3008
f 3009 3338 3008
f 3340 3338 3009
f 3345 3340 3009
f 3010 3345 3009
f 3347 3345 3010
f 3011 3347 3010
f 3350 3347 3011
f 3013 3350 3011
f 3018 3350 3013
f 3351 3350 3018
f 3354 3351 3018
f 3019 3354 3018
f 3021 3354 3019
f 3355 3354 3021
f 3022 3355 3021
f 3357 3355 3022
f 3025 3357 3022
f 3360 3357 3025
f 3027 3360 3025
f 3029 3360 3027
f 3359 3360 3029
f 3362 3359 3029
f 3030 3362 3029
f 3315 2981 3320
f 3578 3844 3576
f 3842 3844 3578
f 3580 3842 3578
f 3846 3842 3580
f 3848 3846 3580
f 3581 3848 3580
f 3583 3848 3581
f 3849 3848 3583
f 3852 3849 3583
f 3585 3852 3583
f 3854 3852 3585
f 3857 3854 3585
f 3586 3857 3585
f 3588 3857 3586
f 3598 3857 3588
f 3856 3857 3598
f 3599 3856 3598
f 3858 3856 3599
f 3601 3858 3599
f 3860 3858 3601
f 3863 3860 3601
f 3602 3863 3601
f 7513 4055 4059
f 7511 4055 7513
f 7514 7513 7512
f 7511 7505 7507
f 4055 7511 7507
f 4057 7737 3850
f 4440 4259 4260
f 4442 4440 4260
f 4445 4442 4260
f 4261 4445 4260
f 4447 4445 4261
f 4450 4447 4261
f 4262 4450 4261
f 4265 4450 4262
f 4451 4450 4265
f 4454 4451 4265
f 4266 4454 4265
f 4456 4454 4266
f 4268 4460 4269
f 4458 4460 4268
f 4462 4458 4268
f 4272 4462 4268
f 4274 4462 4272
f 4463 4462 4274
f 4466 4463 4274
f 4275 4466 4274
f 8096 4466 4275
f 4279 8096 4275
f 4286 8097 4285
f 8098 8097 4286
f 4289 8098 4286
f 4290 8098 4289
f 4469 8098 4290
f 4470 4469 4290
f 4291 4470 4290
f 4472 4470 4291
f 4295 4472 4291
f 4297 4472 4295
f 4473 4472 4297
f 4298 4473 4297
f 4475 4473 4298
f 4479 4475 4298
f 4300 4479 4298
f 4481 4479 4300
f 4302 4481 4300
f 4483 4481 4302
f 4485 4483 4302
f 4492 4485 4302
f 4303 4492 4302
f 4306 4492 4303
f 4493 4492 4306
f 4497 4493 4306
f 4307 4497 4306
f 4313 4497 4307
f 4498 4497 4313
f 4314 4498 4313
f 4500 4498 4314
f 4316 4500 4314
f 4502 4500 4316
f 4318 4502 4316
f 4504 4502 4318
f 4510 4504 4318
f 4319 4510 4318
f 4331 4510 4319
f 4332 4510 4331
f 4509 4510 4332
f 4433 4259 4440
f 4263 8099 8100
f 4264 4263 8100
f 8101 4264 8100
f 4267 4264 8101
f 4257 8099 4263
f 1937 1936 8041
f 1576 1937 8041
f 1939 1937 1576
f 1568 1582 1569
f 1581 1582 1568
f 1586 1581 1568
f 1572 1586 1568
f 1574 1586 1572
f 1588 1586 1574
f 1560 1561 1566
f 1565 1560 1566
f 1559 1560 1565
f 1478 1584 1585
f 1587 1478 1585
f 1475 1478 1587
f 1474 1475 1587
f 1588 1474 1587
f 1925 1474 1588
f 1926 1925 1588
f 1574 1926 1588
f 1928 1926 1574
f 1575 1928 1574
f 1479 1584 1478
f 1589 1584 1479
f 1592 1589 1479
f 1480 1592 1479
f 1485 1592 1480
f 1591 1592 1485
f 1487 1591 1485
f 1489 1591 1487
f 1594 1591 1489
f 1596 1594 1489
f 1490 1596 1489
f 1492 1596 1490
f 1170 1558 1556
f 1168 1170 1556
f 1555 1168 1556
f 1167 1168 1555
f 1554 1167 1555
f 1562 1558 1170
f 1564 1562 1170
f 1171 1564 1170
f 1176 8102 1175
f 1179 8102 1176
f 8103 8102 1179
f 1181 8103 1179
f 1567 8103 1181
f 1565 1567 1181
f 1169 1177 1173
f 1165 1177 1169
f 1166 1177 1165
f 834 1177 1166
f 1178 1177 834
f 835 1178 834
f 8044 1178 835
f 4630 8104 4627
f 8105 8104 4630
f 4632 8105 4630
f 8106 8105 4632
f 8107 8106 4632
f 4818 8107 4632
f 4633 4818 4632
f 4816 4818 4633
f 4635 4816 4633
f 4640 4816 4635
f 4819 4816 4640
f 4820 4819 4640
f 4641 4820 4640
f 4823 4820 4641
f 4643 4823 4641
f 4644 8108 4643
f 4646 8108 4644
f 4648 8108 4646
f 4461 4464 8109
f 4459 4461 8109
f 4467 4628 4468
f 4626 4628 4467
f 4471 4626 4467
f 4474 4626 4471
f 4629 4626 4474
f 4476 4629 4474
f 4631 4629 4476
f 4634 4631 4476
f 4637 4634 4476
f 4477 4637 4476
f 4638 4637 4477
f 4478 4638 4477
f 4480 4638 4478
f 7458 4638 4480
f 4106 4273 4271
f 7709 4106 4271
f 4108 4273 4106
f 4110 4273 4108
f 4110 4276 4273
f 4112 4276 4110
f 4278 4276 4112
f 4114 4278 4112
f 4282 4278 4114
f 4283 4282 4114
f 4115 4283 4114
f 4117 4283 4115
f 4121 4283 4117
f 4280 4283 4121
f 4122 4280 4121
f 4284 4280 4122
f 4287 4284 4122
f 4124 4287 4122
f 4293 4287 4124
f 4126 4293 4124
f 4130 4293 4126
f 4294 4293 4130
f 4131 4294 4130
f 4133 4294 4131
f 4296 4294 4133
f 4299 4296 4133
f 4134 4299 4133
f 4301 4299 4134
f 4304 4301 4134
f 4135 4304 4134
f 4137 4304 4135
f 4305 4304 4137
f 4308 4305 4137
f 4138 4308 4137
f 4310 4308 4138
f 4139 4310 4138
f 4143 4310 4139
f 4311 4310 4143
f 4147 4311 4143
f 4149 4311 4147
f 4312 4311 4149
f 4315 4312 4149
f 4321 4315 4149
f 4150 4321 4149
f 4322 4321 4150
f 4152 4322 4150
f 4991 4990 4839
f 4841 4991 4839
f 4843 4991 4841
f 4992 4991 4843
f 4846 4992 4843
f 4994 4992 4846
f 4997 4994 4846
f 4847 4997 4846
f 4854 4997 4847
f 4998 4997 4854
f 5004 4998 4854
f 5009 5004 4854
f 4855 5009 4854
f 5013 5009 4855
f 5016 5013 4855
f 4856 5016 4855
f 5020 5016 4856
f 5023 5020 4856
f 4857 5023 4856
f 5025 5023 4857
f 4858 5025 4857
f 4861 5025 4858
f 5027 5025 4861
f 4863 5027 4861
f 5030 5027 4863
f 4864 5030 4863
f 5032 5030 4864
f 4865 5032 4864
f 4870 5032 4865
f 5033 5032 4870
f 4871 5033 4870
f 5034 5033 4871
f 4873 5034 4871
f 4876 5034 4873
f 5035 5034 4876
f 5036 5035 4876
f 4877 5036 4876
f 5040 5036 4877
f 5049 5040 4877
f 4878 5049 4877
f 4880 5049 4878
f 5048 5049 4880
f 5051 5048 4880
f 4881 5051 4880
f 5053 5051 4881
f 4884 5053 4881
f 5055 5053 4884
f 5058 5055 4884
f 4885 5058 4884
f 4887 5058 4885
f 5059 5058 4887
f 5062 5059 4887
f 4888 5062 4887
f 5064 5062 4888
f 4890 5064 4888
f 5066 5064 4890
f 5068 5066 4890
f 4892 5068 4890
f 5070 5068 4892
f 4894 5070 4892
f 5072 5070 4894
f 4896 5072 4894
f 5074 5072 4896
f 4901 5074 4896
f 5076 5074 4901
f 4902 5076 4901
f 4904 5076 4902
f 5077 5076 4904
f 5080 5077 4904
f 4905 5080 4904
f 4909 5080 4905
f 5081 5080 4909
f 4910 5081 4909
f 5083 5081 4910
f 5086 5083 4910
f 4912 5086 4910
f 5089 5086 4912
f 4913 5089 4912
f 5090 5089 4913
f 5093 5090 4913
f 4914 5093 4913
f 4919 5093 4914
f 5095 5093 4919
f 4920 5095 4919
f 5098 5095 4920
f 5102 5098 4920
f 4922 5102 4920
f 4925 5102 4922
f 5103 5102 4925
f 5106 5103 4925
f 4926 5106 4925
f 5108 5106 4926
f 4928 5108 4926
f 4930 5108 4928
f 5107 5108 4930
f 5111 5107 4930
f 4931 5111 4930
f 5113 5111 4931
f 5116 5113 4931
f 4933 5116 4931
f 4935 5116 4933
f 4938 5116 4935
f 5117 5116 4938
f 5120 5117 4938
f 4939 5120 4938
f 4942 5120 4939
f 5121 5120 4942
f 5124 5121 4942
f 4943 5124 4942
f 5126 5124 4943
f 4946 5126 4943
f 5127 5126 4946
f 4948 5127 4946
f 4951 5127 4948
f 5128 5127 4951
f 5130 5128 4951
f 4953 5130 4951
f 5132 5130 4953
f 5135 5132 4953
f 4954 5135 4953
f 5137 5135 4954
f 5140 5137 4954
f 4955 5140 4954
f 4959 5140 4955
f 5142 5140 4959
f 4961 5142 4959
f 5143 5142 4961
f 5146 5143 4961
f 4962 5146 4961
f 4965 5146 4962
f 5145 5146 4965
f 4967 5145 4965
f 5147 5145 4967
f 4969 5147 4967
f 5148 5147 4969
f 5151 5148 4969
f 4971 5151 4969
f 4978 5151 4971
f 5152 5151 4978
f 4979 5152 4978
f 5154 5152 4979
f 4981 5154 4979
f 5156 5154 4981
f 4983 5156 4981
f 5158 5156 4983
f 4985 5158 4983
f 5160 5158 4985
f 4986 5160 4985
f 5162 5160 4986
f 5163 5162 8110
f 5166 5163 8110
f 5170 5172 4989
f 4988 5170 4989
f 4993 5170 4988
f 5173 5170 4993
f 4995 5173 4993
f 5175 5173 4995
f 4999 5175 4995
f 5177 5175 4999
f 5000 5177 4999
f 5179 5177 5000
f 5180 5179 5000
f 5002 5180 5000
f 5181 5180 5002
f 8111 5181 5002
f 4103 4105 8112
f 7736 4103 8112
f 3902 4103 7736
f 4107 4103 3902
f 3903 4107 3902
f 4109 4107 3903
f 3905 4109 3903
f 4111 4109 3905
f 3907 4111 3905
f 4113 4111 3907
f 3909 4113 3907
f 4116 4113 3909
f 4119 4116 3909
f 3910 4119 3909
f 3913 4119 3910
f 3915 4119 3913
f 4118 4119 3915
f 3916 4118 3915
f 4120 4118 3916
f 4123 4120 3916
f 3918 4123 3916
f 3923 4123 3918
f 4125 4123 3923
f 4127 4125 3923
f 3924 4127 3923
f 3926 4127 3924
f 4128 4127 3926
f 3894 3896 8113
f 3893 3894 8113
f 8114 3893 8113
f 8115 3893 8114
f 3892 3893 8115
f 3888 3892 8116
f 3886 3888 8116
f 8117 3886 8116
f 3883 3886 8117
f 3882 3883 8117
f 3879 3882 8118
f 3878 3879 8118
f 3876 3878 8119
f 8120 3876 8119
f 3871 3876 8120
f 3872 3871 8120
f 3898 3900 8121
f 3638 3901 3898
f 3635 3638 3898
f 8121 3635 3898
f 3633 3635 8121
f 3629 3632 3897
f 3895 3629 3897
f 3628 3629 3895
f 3891 3628 3895
f 3889 3628 3891
f 3627 3628 3889
f 3890 3627 3889
f 3620 3627 3890
f 3618 3620 3890
f 3617 3618 3890
f 3887 3617 3890
f 3885 3617 3887
f 3614 3617 3885
f 3884 3614 3885
f 3611 3614 3884
f 3610 3611 3884
f 3881 3610 3884
f 3880 3610 3881
f 3608 3610 3880
f 3877 3608 3880
f 3606 3608 3877
f 3875 3606 3877
f 3605 3606 3875
f 3874 3605 3875
f 3602 3605 3874
f 3863 3602 3874
f 3865 3863 3874
f 3873 3865 3874
f 8122 3865 3873
f 3639 3901 3638
f 3904 3901 3639
f 3641 3904 3639
f 3906 3904 3641
f 3643 3906 3641
f 3908 3906 3643
f 3911 3908 3643
f 3644 3911 3643
f 3648 3911 3644
f 3912 3911 3648
f 3650 3912 3648
f 7769 3912 3650
f 3914 3912 7769
f 3917 3914 7769
f 3920 3917 7769
f 3659 3920 7769
f 3921 3920 3659
f 3660 3921 3659
f 3930 3921 3660
f 3662 3930 3660
f 3931 3930 3662
f 3664 3931 3662
f 3933 3931 3664
f 3666 3933 3664
f 3935 3933 3666
f 3938 3935 3666
f 3667 3938 3666
f 3940 3938 3667
f 3669 3940 3667
f 3942 3940 3669
f 3671 3942 3669
f 3944 3942 3671
f 3946 3944 3671
f 3949 3946 3671
f 3672 3949 3671
f 3674 3949 3672
f 3951 3949 3674
f 3952 3951 3674
f 3676 3952 3674
f 3954 3952 3676
f 3959 3954 3676
f 3678 3959 3676
f 3960 3959 3678
f 3679 3960 3678
f 3681 3960 3679
f 3962 3960 3681
f 3683 3962 3681
f 3686 3962 3683
f 3963 3962 3686
f 3966 3963 3686
f 3687 3966 3686
f 3689 3966 3687
f 7753 3966 3689
f 3729 3966 7753
f 3965 3966 3729
f 3730 3965 3729
f 3967 3965 3730
f 3731 3967 3730
f 3970 3967 3731
f 3733 3970 3731
f 3971 3970 3733
f 3736 3971 3733
f 3974 3971 3736
f 3977 3974 3736
f 3738 3977 3736
f 3740 3977 3738
f 3979 3977 3740
f 3742 3979 3740
f 3981 3979 3742
f 3743 3981 3742
f 3983 3981 3743
f 3986 3983 3743
f 3744 3986 3743
f 3989 3986 3744
f 3751 3989 3744
f 3752 3989 3751
f 3755 3989 3752
f 3988 3989 3755
f 3756 3988 3755
f 3987 3988 3756
f 3758 3987 3756
f 3990 3987 3758
f 3993 3990 3758
f 3759 3993 3758
f 3996 3993 3759
f 7740 3996 3759
f 7738 3996 7740
f 3995 3996 7738
f 4001 3995 7738
f 3795 4001 7738
f 3797 4001 3795
f 4000 4001 3797
f 3798 4000 3797
f 3800 4000 3798
f 4002 4000 3800
f 4005 4002 3800
f 3801 4005 3800
f 4007 4005 3801
f 4010 4007 3801
f 3802 4010 3801
f 3806 4010 3802
f 3808 4010 3806
f 4009 4010 3808
f 4014 4009 3808
f 3809 4014 3808
f 4015 4014 3809
f 3811 4015 3809
f 4017 4015 3811
f 4020 4017 3811
f 3812 4020 3811
f 3815 4020 3812
f 4021 4020 3815
f 3818 4021 3815
f 4023 4021 3818
f 4027 4023 3818
f 3819 4027 3818
f 4028 4027 3819
f 3820 4028 3819
f 4031 4028 3820
f 3822 4031 3820
f 4033 4031 3822
f 3825 4033 3822
f 3827 4033 3825
f 4034 4033 3827
f 4037 4034 3827
f 3828 4037 3827
f 5174 5342 5171
f 5339 5342 5174
f 5176 5339 5174
f 5343 5339 5176
f 5178 5343 5176
f 5185 5347 5186
f 5354 5347 5185
f 5189 5354 5185
f 5194 5354 5189
f 5353 5354 5194
f 5196 5353 5194
f 5355 5353 5196
f 5198 5355 5196
f 5357 5355 5198
f 5200 5357 5198
f 5359 5357 5200
f 8123 5359 5200
f 5201 8123 5200
f 8124 8123 5201
f 5203 8124 5201
f 5214 8124 5203
f 8125 8124 5214
f 5215 8125 5214
f 5216 5362 5215
f 5360 5362 5216
f 5365 5360 5216
f 5217 5365 5216
f 5367 5365 5217
f 5218 5367 5217
f 5369 5367 5218
f 5222 5369 5218
f 5223 5369 5222
f 5370 5369 5223
f 5226 5370 5223
f 5372 5370 5226
f 5227 5372 5226
f 5375 5372 5227
f 5378 5375 5227
f 5228 5378 5227
f 5230 5378 5228
f 5379 5378 5230
f 5232 5379 5230
f 5381 5379 5232
f 5234 5381 5232
f 5383 5381 5234
f 5235 5383 5234
f 5238 5383 5235
f 5384 5383 5238
f 5386 5384 5238
f 5239 5386 5238
f 5387 5386 5239
f 7441 5387 5239
f 5251 5387 7441
f 5388 5387 5251
f 5392 5388 5251
f 5252 5392 5251
f 5254 5392 5252
f 5393 5392 5254
f 5395 5393 5254
f 5256 5395 5254
f 5403 5395 5256
f 5258 5403 5256
f 5405 5403 5258
f 5260 5405 5258
f 5407 5405 5260
f 5410 5407 5260
f 5261 5410 5260
f 5412 5410 5261
f 5414 5412 5261
f 5263 5414 5261
f 5415 5414 5263
f 5265 5415 5263
f 5417 5415 5265
f 5267 5417 5265
f 5418 5417 5267
f 5269 5418 5267
f 5420 5418 5269
f 5271 5420 5269
f 5421 5420 5271
f 5273 5421 5271
f 5423 5421 5273
f 5426 5423 5273
f 5428 5426 5273
f 5274 5428 5273
f 5277 5428 5274
f 5429 5428 5277
f 5433 5429 5277
f 5278 5433 5277
f 5434 5433 5278
f 5282 5434 5278
f 5436 5434 5282
f 5440 5436 5282
f 5283 5440 5282
f 5441 5440 5283
f 5285 5441 5283
f 5288 5441 5285
f 5442 5441 5288
f 5445 5442 5288
f 5289 5445 5288
f 5446 5445 5289
f 5290 5446 5289
f 5448 5446 5290
f 5451 5448 5290
f 5291 5451 5290
f 5453 5451 5291
f 5454 5453 5291
f 5457 5454 5291
f 5292 5457 5291
f 5296 5457 5292
f 5298 5457 5296
f 5456 5457 5298
f 5459 5456 5298
f 5300 5459 5298
f 5461 5459 5300
f 5302 5461 5300
f 5463 5461 5302
f 5304 5463 5302
f 5306 5463 5304
f 5465 5463 5306
f 5468 5465 5306
f 5307 5468 5306
f 5336 5169 5338
f 5167 5169 5336
f 5334 5167 5336
f 5165 5167 5334
f 5332 5165 5334
f 5164 5165 5332
f 5330 5164 5332
f 5328 5164 5330
f 5161 5164 5328
f 5327 5161 5328
f 5159 5161 5327
f 5325 5159 5327
f 5157 5159 5325
f 5323 5157 5325
f 5155 5157 5323
f 5320 5155 5323
f 5138 5155 5320
f 5318 5138 5320
f 5136 5138 5318
f 5134 5136 5318
f 5316 5134 5318
f 5133 5134 5316
f 5312 5133 5316
f 5311 5133 5312
f 5131 5133 5311
f 5309 5131 5311
f 5129 5131 5309
f 5308 5129 5309
f 5122 5129 5308
f 5305 5122 5308
f 5303 5122 5305
f 5119 5122 5303
f 5118 5119 5303
f 5301 5118 5303
f 5114 5118 5301
f 5299 5114 5301
f 5112 5114 5299
f 5110 5112 5299
f 5297 5110 5299
f 5109 5110 5297
f 5295 5109 5297
f 5294 5109 5295
f 5105 5109 5294
f 5104 5105 5294
f 5287 5104 5294
f 5284 5104 5287
f 7551 4100 7552
f 4095 4100 7551
f 7548 4095 7551
f 4093 4095 7548
f 7550 4093 7548
f 4091 4093 7550
f 4090 4091 7550
f 4088 4090 8126
f 7547 4088 8126
f 4087 4088 7547
f 7545 4087 7547
f 4086 4087 7545
f 7543 4086 7545
f 7539 4086 7543
f 7538 4086 7539
f 5642 5646 5790
f 5789 5642 5790
f 5635 5642 5789
f 5634 5635 5789
f 5786 5634 5789
f 5785 5634 5786
f 5631 5634 5785
f 5629 5631 5785
f 5782 5629 5785
f 5781 5629 5782
f 5627 5629 5781
f 5779 5627 5781
f 5626 5627 5779
f 5776 5626 5779
f 5773 5626 5776
f 5624 5626 5773
f 5772 5624 5773
f 5621 5624 5772
f 5620 5621 5772
f 5769 5620 5772
f 5768 5620 5769
f 5618 5620 5768
f 5764 5618 5768
f 5616 5618 5764
f 5763 5616 5764
f 5614 5616 5763
f 5757 5614 5763
f 5612 5614 5757
f 5756 5612 5757
f 5610 5612 5756
f 5753 5610 5756
f 5608 5610 5753
f 5752 5608 5753
f 5605 5608 5752
f 5603 5605 5752
f 5749 5603 5752
f 5750 5603 5749
f 5602 5603 5750
f 6114 8127 6118
f 6113 8127 6114
f 6108 8128 6110
f 8129 8128 6108
f 6107 8129 6108
f 6103 8130 6107
f 6102 8130 6103
f 6095 5965 6099
f 6094 5965 6095
f 5962 5965 6094
f 5960 5962 6094
f 6092 5960 6094
f 5959 5960 6092
f 6090 5959 6092
f 6087 5959 6090
f 5956 5959 6087
f 5954 5956 6087
f 6086 5954 6087
f 5953 5954 6086
f 6083 5953 6086
f 6081 5953 6083
f 5950 5953 6081
f 5949 5950 6081
f 6078 5949 6081
f 6077 5949 6078
f 5948 5949 6077
f 6073 5948 6077
f 5943 5948 6073
f 6071 5943 6073
f 5939 5943 6071
f 5938 5939 6071
f 6067 5938 6071
f 6066 5938 6067
f 5936 5938 6066
f 6063 5936 6066
f 6062 5936 6063
f 5934 5936 6062
f 6060 5934 6062
f 5933 5934 6060
f 6057 5933 6060
f 5787 5788 8131
f 5964 5787 8131
f 5963 5787 5964
f 5784 5787 5963
f 5783 5784 5963
f 5961 5783 5963
f 5957 5783 5961
f 5780 5783 5957
f 5778 5780 5957
f 5955 5778 5957
f 5777 5778 5955
f 5952 5777 5955
f 5951 5777 5952
f 5775 5777 5951
f 5774 5775 5951
f 5947 5774 5951
f 5946 5774 5947
f 5770 5774 5946
f 5945 5770 5946
f 5767 5770 5945
f 5766 5767 5945
f 5942 5766 5945
f 5940 5766 5942
f 5765 5766 5940
f 5941 5765 5940
f 5762 5765 5941
f 5761 5762 5941
f 5937 5761 5941
f 5935 5761 5937
f 5760 5761 5935
f 5932 5760 5935
f 5930 5760 5932
f 5759 5760 5930
f 5928 5759 5930
f 5754 5759 5928
f 5927 5754 5928
f 5751 5754 5927
f 5748 5751 5927
f 5925 5748 5927
f 5746 5748 5925
f 5924 5746 5925
f 5745 5746 5924
f 5920 5745 5924
f 5916 5745 5920
f 5914 5745 5916
f 5915 5745 5914
f 5744 5745 5915
f 6303 6305 6120
f 6119 6303 6120
f 6307 6303 6119
f 6123 6307 6119
f 6309 6307 6123
f 6312 6309 6123
f 6124 6312 6123
f 6314 6312 6124
f 6317 6314 6124
f 6125 6317 6124
f 6126 6317 6125
f 6316 6317 6126
f 6129 6316 6126
f 7394 6316 6129
f 6319 6316 7394
f 7392 6319 7394
f 7390 6319 7392
f 6321 6319 7390
f 6139 6321 7390
f 6141 6321 6139
f 6322 6321 6141
f 6325 6322 6141
f 6142 6325 6141
f 6327 6325 6142
f 6145 6327 6142
f 6147 6327 6145
f 6328 6327 6147
f 6116 6117 6294
f 6293 6116 6294
f 5804 5802 5648
f 5647 5804 5648
f 5805 5804 5647
f 5651 5805 5647
f 5807 5805 5651
f 5810 5807 5651
f 5652 5810 5651
f 5822 5810 5652
f 5654 5822 5652
f 5823 5822 5654
f 5656 5823 5654
f 5827 5823 5656
f 5658 5827 5656
f 5828 5827 5658
f 5660 5828 5658
f 5830 5828 5660
f 5832 5830 5660
f 5662 5832 5660
f 5665 5832 5662
f 5833 5832 5665
f 5667 5833 5665
f 5835 5833 5667
f 5669 5835 5667
f 5838 5835 5669
f 5671 5838 5669
f 5840 5838 5671
f 5843 5840 5671
f 5672 5843 5671
f 5674 5843 5672
f 5845 5843 5674
f 5852 5845 5674
f 5676 5852 5674
f 5853 5852 5676
f 5678 5853 5676
f 5855 5853 5678
f 5863 5855 5678
f 5679 5863 5678
f 5687 5863 5679
f 5690 5863 5687
f 5862 5863 5690
f 5692 5862 5690
f 5861 5862 5692
f 5865 5861 5692
f 5868 5865 5692
f 5693 5868 5692
f 5870 5868 5693
f 5695 5870 5693
f 5871 5870 5695
f 5697 5871 5695
f 5700 5871 5697
f 5872 5871 5700
f 5701 5872 5700
f 5711 5872 5701
f 5873 5872 5711
f 5714 5873 5711
f 5867 5873 5714
f 5866 5867 5714
f 5716 5866 5714
f 5874 5866 5716
f 5877 5874 5716
f 5880 5877 5716
f 5717 5880 5716
f 5719 5880 5717
f 5879 5880 5719
f 5882 5879 5719
f 5723 5882 5719
f 5885 5882 5723
f 5887 5885 5723
f 5724 5887 5723
f 5729 5887 5724
f 5888 5887 5729
f 5730 5888 5729
f 5890 5888 5730
f 5731 5890 5730
f 5892 5890 5731
f 5895 5892 5731
f 5732 5895 5731
f 5897 5895 5732
f 5900 5897 5732
f 5733 5900 5732
f 5902 5900 5733
f 5734 5902 5733
f 5736 5902 5734
f 5903 5902 5736
f 5738 5903 5736
f 5905 5903 5738
f 5739 5905 5738
f 5741 5905 5739
f 5906 5905 5741
f 5908 5906 5741
f 5742 5908 5741
f 5744 5908 5742
f 5915 5908 5744
f 6482 6480 8132
f 6304 6482 8132
f 6306 6482 6304
f 6483 6482 6306
f 6308 6483 6306
f 6485 6483 6308
f 6310 6485 6308
f 6487 6485 6310
f 6490 6487 6310
f 6311 6490 6310
f 6492 6490 6311
f 6313 6492 6311
f 6320 6492 6313
f 6493 6492 6320
f 6323 6493 6320
f 6494 6493 6323
f 6497 6494 6323
f 6324 6497 6323
f 6499 6497 6324
f 6326 6499 6324
f 6329 6499 6326
f 6501 6499 6329
f 6330 6501 6329
f 6503 6501 6330
f 6506 6503 6330
f 6331 6506 6330
f 6333 6506 6331
f 6505 6506 6333
f 6510 6505 6333
f 6334 6510 6333
f 6512 6510 6334
f 6336 6512 6334
f 6339 6512 6336
f 6341 6512 6339
f 6511 6512 6341
f 6514 6511 6341
f 6342 6514 6341
f 6515 6514 6342
f 6344 6515 6342
f 6518 6515 6344
f 6346 6518 6344
f 6517 6518 6346
f 6521 6517 6346
f 6348 6521 6346
f 6350 6521 6348
f 6473 6302 6477
f 6472 6302 6473
f 6300 6302 6472
f 6299 6300 6472
f 6469 6299 6472
f 6468 6299 6469
f 6298 6299 6468
f 6287 6298 6468
f 6466 6287 6468
f 6285 6287 6466
f 6464 6285 6466
f 6284 6285 6464
f 6462 6284 6464
f 6460 6284 6462
f 6282 6284 6460
f 6461 6282 6460
f 6267 6282 6461
f 6265 6267 6461
f 6457 6265 6461
f 6264 6265 6457
f 6454 6264 6457
f 6452 6264 6454
f 6257 6264 6452
f 6450 6257 6452
f 6253 6257 6450
f 6449 6253 6450
f 6251 6253 6449
f 6249 6251 6449
f 6244 6249 6449
f 6446 6244 6449
f 6243 6244 6446
f 6443 6243 6446
f 6442 6243 6443
f 6242 6243 6442
f 6439 6242 6442
f 6437 6242 6439
f 6240 6242 6437
f 6434 6240 6437
f 6430 6240 6434
f 6239 6240 6430
f 6427 6239 6430
f 6424 6239 6427
f 6422 6239 6424
f 6236 6239 6422
f 6235 6236 6422
f 6421 6235 6422
f 6233 6235 6421
f 6419 6233 6421
f 6231 6233 6419
f 6415 6231 6419
f 6416 6231 6415
f 6228 6231 6416
f 6226 6228 6416
f 6414 6226 6416
f 6224 6226 6414
f 6411 6224 6414
f 6410 6224 6411
f 6222 6224 6410
f 6407 6222 6410
f 6405 6222 6407
f 6220 6222 6405
f 6406 6220 6405
f 6217 6220 6406
f 6216 6217 6406
f 6403 6216 6406
f 6402 6216 6403
f 6214 6216 6402
f 6212 6214 6402
f 6399 6212 6402
f 6210 6212 6399
f 6396 6210 6399
f 6395 6210 6396
f 6208 6210 6395
f 6206 6208 6395
f 6393 6206 6395
f 6205 6206 6393
f 6391 6205 6393
f 6202 6205 6391
f 6389 6202 6391
f 6201 6202 6389
f 6200 6201 6389
f 6386 6200 6389
f 6385 6200 6386
f 6197 6200 6385
f 6196 6197 6385
f 6384 6196 6385
f 6380 6196 6384
f 6378 6196 6380
f 6194 6196 6378
f 6377 6194 6378
f 6190 6194 6377
f 6188 6190 6377
f 6375 6188 6377
f 6187 6188 6375
f 6372 6187 6375
f 6370 6187 6372
f 6185 6187 6370
f 6369 6185 6370
f 6182 6185 6369
f 6181 6182 6369
f 6366 6181 6369
f 6365 6181 6366
f 6178 6181 6365
f 6176 6178 6365
f 6363 6176 6365
f 6174 6176 6363
f 6361 6174 6363
f 6172 6174 6361
f 6359 6172 6361
f 6356 6172 6359
f 6171 6172 6356
f 6354 6171 6356
f 6169 6171 6354
f 6167 6169 6354
f 6351 6167 6354
f 6349 6167 6351
f 6165 6167 6349
f 6347 6165 6349
f 6163 6165 6347
f 6345 6163 6347
f 6162 6163 6345
f 6343 6162 6345
f 6160 6162 6343
f 6340 6160 6343
f 6338 6160 6340
f 6158 6160 6338
f 6337 6158 6338
f 6155 6158 6337
f 6150 6155 6337
f 6148 6150 6337
f 6335 6148 6337
f 6147 6148 6335
f 6332 6147 6335
f 6328 6147 6332
f 5971 5970 8133
f 8134 5971 8133
f 5973 5971 8134
f 5976 5973 8134
f 8135 5976 8134
f 8136 5976 8135
f 5978 5976 8136
f 5980 5978 5792
f 5791 5980 5792
f 5981 5980 5791
f 5825 5981 5791
f 5984 5981 5825
f 5826 5984 5825
f 5985 5984 5826
f 5829 5985 5826
f 5987 5985 5829
f 5831 5987 5829
f 5834 5987 5831
f 5836 5987 5834
f 5988 5987 5836
f 5837 5988 5836
f 5991 5988 5837
f 5839 5991 5837
f 5993 5991 5839
f 5841 5993 5839
f 5995 5993 5841
f 5998 5995 5841
f 5847 5998 5841
f 6000 5998 5847
f 5848 6000 5847
f 6002 6000 5848
f 6005 6002 5848
f 5849 6005 5848
f 6007 6005 5849
f 5850 6007 5849
f 6009 6007 5850
f 6012 6009 5850
f 5851 6012 5850
f 5854 6012 5851
f 5857 6012 5854
f 6011 6012 5857
f 5859 6011 5857
f 6013 6011 5859
f 6016 6013 5859
f 5860 6016 5859
f 5875 6016 5860
f 6017 6016 5875
f 5876 6017 5875
f 6019 6017 5876
f 5878 6019 5876
f 6021 6019 5878
f 5881 6021 5878
f 6025 6021 5881
f 5883 6025 5881
f 6027 6025 5883
f 6030 6027 5883
f 5884 6030 5883
f 6032 6030 5884
f 5886 6032 5884
f 5889 6032 5886
f 5891 6032 5889
f 6031 6032 5891
f 5893 6031 5891
f 6033 6031 5893
f 5894 6033 5893
f 5910 6033 5894
f 6035 6033 5910
f 5911 6035 5910
f 6037 6035 5911
f 5913 6037 5911
f 6039 6037 5913
f 5917 6039 5913
f 6042 6039 5917
f 5918 6042 5917
f 6045 6042 5918
f 6049 6045 5918
f 5919 6049 5918
f 5921 6049 5919
f 6048 6049 5921
f 6051 6048 5921
f 6055 6051 5921
f 5922 6055 5921
f 6056 6055 5922
f 7407 6056 5922
f 5931 6056 7407
f 5933 6056 5931
f 6057 6056 5933
f 6135 6133 5967
f 5966 6135 5967
f 6136 6135 5966
f 6140 6136 5966
f 5969 6140 5966
f 6143 6140 5969
f 5972 6143 5969
f 6144 6143 5972
f 5974 6144 5972
f 6146 6144 5974
f 6149 6146 5974
f 5975 6149 5974
f 6151 6149 5975
f 5977 6151 5975
f 6153 6151 5977
f 5979 6153 5977
f 6154 6153 5979
f 5982 6154 5979
f 5989 6154 5982
f 6156 6154 5989
f 5990 6156 5989
f 5992 6156 5990
f 6157 6156 5992
f 5994 6157 5992
f 6159 6157 5994
f 5996 6159 5994
f 6161 6159 5996
f 5997 6161 5996
f 6164 6161 5997
f 5999 6164 5997
f 6166 6164 5999
f 6001 6166 5999
f 6168 6166 6001
f 6003 6168 6001
f 6170 6168 6003
f 6173 6170 6003
f 6004 6173 6003
f 6175 6173 6004
f 6006 6175 6004
f 6177 6175 6006
f 6008 6177 6006
f 6179 6177 6008
f 6010 6179 6008
f 6014 6179 6010
f 6180 6179 6014
f 6183 6180 6014
f 6022 6183 6014
f 6023 6183 6022
f 6184 6183 6023
f 6186 6184 6023
f 6189 6186 6023
f 6024 6189 6023
f 6191 6189 6024
f 6026 6191 6024
f 6193 6191 6026
f 6028 6193 6026
f 6192 6193 6028
f 6036 6192 6028
f 6195 6192 6036
f 6198 6195 6036
f 6038 6198 6036
f 6199 6198 6038
f 6040 6199 6038
f 6203 6199 6040
f 6041 6203 6040
f 6204 6203 6041
f 6207 6204 6041
f 6043 6207 6041
f 6209 6207 6043
f 6044 6209 6043
f 6211 6209 6044
f 6046 6211 6044
f 6213 6211 6046
f 6047 6213 6046
f 6215 6213 6047
f 6218 6215 6047
f 6050 6218 6047
f 6219 6218 6050
f 6052 6219 6050
f 6221 6219 6052
f 6223 6221 6052
f 6053 6223 6052
f 6225 6223 6053
f 6058 6225 6053
f 6227 6225 6058
f 6059 6227 6058
f 6229 6227 6059
f 6061 6229 6059
f 6064 6229 6061
f 6230 6229 6064
f 6232 6230 6064
f 6065 6232 6064
f 6068 6232 6065
f 6234 6232 6068
f 6069 6234 6068
f 6237 6234 6069
f 5500 5502 5361
f 5363 5500 5361
f 5504 5500 5363
f 5506 5504 5363
f 5364 5506 5363
f 5508 5506 5364
f 5366 5508 5364
f 5510 5508 5366
f 5368 5510 5366
f 5371 5510 5368
f 5511 5510 5371
f 5514 5511 5371
f 5373 5514 5371
f 5516 5514 5373
f 5374 5516 5373
f 5518 5516 5374
f 5521 5518 5374
f 5376 5521 5374
f 5522 5521 5376
f 7411 5522 5376
f 7409 5522 7411
f 5398 5522 7409
f 5523 5522 5398
f 5399 5523 5398
f 5540 5523 5399
f 5400 5540 5399
f 5541 5540 5400
f 5544 5541 5400
f 5401 5544 5400
f 5546 5544 5401
f 5549 5546 5401
f 5402 5549 5401
f 5404 5549 5402
f 5550 5549 5404
f 5406 5550 5404
f 5408 5550 5406
f 5551 5550 5408
f 5553 5551 5408
f 5409 5553 5408
f 5555 5553 5409
f 5411 5555 5409
f 5424 5555 5411
f 5556 5555 5424
f 5425 5556 5424
f 5558 5556 5425
f 5427 5558 5425
f 5560 5558 5427
f 5564 5560 5427
f 5430 5564 5427
f 5567 5564 5430
f 5570 5567 5430
f 4661 4662 4837
f 4834 4661 4837
f 4827 4661 4834
f 4828 4661 4827
f 4659 4661 4828
f 4657 4659 4828
f 4829 4657 4828
f 4653 4657 4829
f 4652 4653 4829
f 4832 4652 4829
f 4650 4652 4832
f 4649 4650 4832
f 4830 4649 4832
f 4648 4649 4830
f 8055 4648 4830
f 4667 4840 4666
f 4838 4840 4667
f 4669 4838 4667
f 4842 4838 4669
f 4845 4842 4669
f 4670 4845 4669
f 4673 4845 4670
f 4844 4845 4673
f 4849 4844 4673
f 4675 4849 4673
f 4850 4849 4675
f 4851 4850 4675
f 4676 4851 4675
f 4679 4851 4676
f 4683 4851 4679
f 4488 4489 8137
f 4660 4488 8137
f 4658 4488 4660
f 4486 4488 4658
f 4656 4486 4658
f 4484 4486 4656
f 4654 4484 4656
f 4482 4484 4654
f 4655 4482 4654
f 7458 4482 4655
f 4651 7458 4655
f 4490 4665 4491
f 4494 4665 4490
f 4663 4665 4494
f 4668 4663 4494
f 4495 4668 4494
f 4671 4668 4495
f 4499 4671 4495
f 4501 4671 4499
f 4672 4671 4501
f 4505 4672 4501
f 4674 4672 4505
f 4506 4674 4505
f 4677 4674 4506
f 4507 4677 4506
f 4678 4677 4507
f 4681 4678 4507
f 4508 4681 4507
f 4511 4681 4508
f 4515 4681 4511
f 4680 4681 4515
f 4517 4680 4515
f 4682 4680 4517
f 4685 4682 4517
f 4518 4685 4517
f 4688 4685 4518
f 4692 4688 4518
f 4519 4692 4518
f 4521 4692 4519
f 4693 4692 4521
f 4523 4693 4521
f 4525 4693 4523
f 4694 4693 4525
f 4696 4694 4525
f 4526 4696 4525
f 4698 4696 4526
f 4701 4698 4526
f 4527 4701 4526
f 4703 4701 4527
f 4529 4703 4527
f 4706 4703 4529
f 4707 4706 4529
f 4531 4707 4529
f 4536 4707 4531
f 4709 4707 4536
f 4711 4709 4536
f 4537 4711 4536
f 4542 4711 4537
f 4712 4711 4542
f 4715 4712 4542
f 4544 4715 4542
f 4717 4715 4544
f 4545 4717 4544
f 4720 4717 4545
f 4546 4720 4545
f 8111 8138 5181
f 5184 8138 8111
f 5182 5184 8111
f 5188 5187 5182
f 5191 5188 5182
f 5192 5191 5182
f 8111 5192 5182
f 5002 5192 8111
f 5003 5192 5002
f 5193 5192 5003
f 5005 5193 5003
f 5195 5193 5005
f 5010 5195 5005
f 5197 5195 5010
f 5011 5197 5010
f 5199 5197 5011
f 5202 5199 5011
f 5012 5202 5011
f 5204 5202 5012
f 5014 5204 5012
f 5017 5204 5014
f 5205 5204 5017
f 5208 5205 5017
f 5212 5208 5017
f 5018 5212 5017
f 5211 5212 5018
f 5044 5211 5018
f 5046 5211 5044
f 5210 5211 5046
f 5220 5210 5046
f 5047 5220 5046
f 5221 5220 5047
f 5224 5221 5047
f 5050 5224 5047
f 5225 5224 5050
f 5229 5225 5050
f 5052 5229 5050
f 5054 5229 5052
f 5231 5229 5054
f 5056 5231 5054
f 5233 5231 5056
f 5236 5233 5056
f 5057 5236 5056
f 5060 5236 5057
f 5237 5236 5060
f 5240 5237 5060
f 5061 5240 5060
f 5242 5240 5061
f 5063 5242 5061
f 5244 5242 5063
f 5065 5244 5063
f 5245 5244 5065
f 5067 5245 5065
f 5247 5245 5067
f 5069 5247 5067
f 5248 5247 5069
f 5071 5248 5069
f 5250 5248 5071
f 5073 5250 5071
f 5253 5250 5073
f 5078 5253 5073
f 5079 5253 5078
f 5255 5253 5079
f 5082 5255 5079
f 5257 5255 5082
f 5084 5257 5082
f 5259 5257 5084
f 5262 5259 5084
f 5085 5262 5084
f 5264 5262 5085
f 5266 5264 5085
f 5087 5266 5085
f 5268 5266 5087
f 5270 5268 5087
f 5088 5270 5087
f 5091 5270 5088
f 5272 5270 5091
f 5275 5272 5091
f 5092 5275 5091
f 5096 5275 5092
f 5276 5275 5096
f 5097 5276 5096
f 5279 5276 5097
f 5099 5279 5097
f 5100 5279 5099
f 5281 5279 5100
f 5284 5281 5100
f 5104 5284 5100
f 5101 5104 5100
f 5335 5337 5497
f 5495 5335 5497
f 5333 5335 5495
f 5493 5333 5495
f 5331 5333 5493
f 5490 5331 5493
f 5488 5331 5490
f 5329 5331 5488
f 5487 5329 5488
f 5326 5329 5487
f 5324 5326 5487
f 5485 5324 5487
f 5322 5324 5485
f 5482 5322 5485
f 5479 5322 5482
f 5321 5322 5479
f 5478 5321 5479
f 5317 5321 5478
f 5315 5317 5478
f 5476 5315 5478
f 5314 5315 5476
f 5474 5314 5476
f 5313 5314 5474
f 5471 5313 5474
f 5469 5313 5471
f 5310 5313 5469
f 5468 5310 5469
f 5307 5310 5468
f 5653 5501 5503
f 5655 5653 5503
f 5505 5655 5503
f 5657 5655 5505
f 5507 5657 5505
f 5659 5657 5507
f 5509 5659 5507
f 5512 5659 5509
f 5661 5659 5512
f 5513 5661 5512
f 5663 5661 5513
f 5515 5663 5513
f 5527 5663 5515
f 5664 5663 5527
f 5528 5664 5527
f 5666 5664 5528
f 5533 5666 5528
f 5668 5666 5533
f 5534 5668 5533
f 5670 5668 5534
f 5673 5670 5534
f 5535 5673 5534
f 5675 5673 5535
f 5677 5675 5535
f 5680 5677 5535
f 5536 5680 5535
f 5682 5680 5536
f 5537 5682 5536
f 5684 5682 5537
f 5539 5684 5537
f 5542 5684 5539
f 5685 5684 5542
f 5543 5685 5542
f 5561 5685 5543
f 5562 5685 5561
f 5683 5685 5562
f 5686 5683 5562
f 5563 5686 5562
f 5688 5686 5563
f 5565 5688 5563
f 5689 5688 5565
f 5691 5689 5565
f 5694 5691 5565
f 5568 5694 5565
f 5696 5694 5568
f 5698 5696 5568
f 5569 5698 5568
f 5572 5698 5569
f 5699 5698 5572
f 5703 5699 5572
f 5573 5703 5572
f 5705 5703 5573
f 5575 5705 5573
f 5707 5705 5575
f 5577 5707 5575
f 5579 5707 5577
f 5708 5707 5579
f 5584 5708 5579
f 5585 5708 5584
f 5709 5708 5585
f 5587 5709 5585
f 5710 5709 5587
f 5712 5710 5587
f 5588 5712 5587
f 5715 5712 5588
f 5590 5715 5588
f 5718 5715 5590
f 5721 5718 5590
f 5591 5721 5590
f 5595 5721 5591
f 5722 5721 5595
f 5725 5722 5595
f 5596 5725 5595
f 5598 5725 5596
f 5727 5725 5598
f 5728 5727 5598
f 5735 5728 5598
f 5649 5501 5653
f 5650 5649 5653
f 4645 4642 4636
f 4638 4645 4636
f 7458 4645 4638
f 4651 4645 7458
f 4647 4645 4651
f 4984 4815 4987
f 4982 4815 4984
f 4813 4815 4982
f 4980 4813 4982
f 4812 4813 4980
f 4977 4812 4980
f 4975 4812 4977
f 4811 4812 4975
f 4974 4811 4975
f 7450 4811 4974
f 4789 7450 4974
f 4973 4789 4974
f 4787 4789 4973
f 4970 4787 4973
f 4785 4787 4970
f 4968 4785 4970
f 4784 4785 4968
f 4966 4784 4968
f 4964 4784 4966
f 4782 4784 4964
f 4963 4782 4964
f 4780 4782 4963
f 4958 4780 4963
f 4778 4780 4958
f 4956 4778 4958
f 4775 4778 4956
f 4949 4775 4956
f 4774 4775 4949
f 4947 4774 4949
f 4772 4774 4947
f 4944 4772 4947
f 4945 4772 4944
f 4771 4772 4945
f 4770 4771 4945
f 7454 4770 4945
f 4085 7532 7530
f 4084 4085 7530
f 7528 4084 7530
f 4078 4084 7528
f 7525 4078 7528
f 4077 4078 7525
f 7521 4077 7525
f 7522 4077 7521
f 4068 4077 7522
f 7520 4068 7522
f 4065 4068 7520
f 4064 4065 7520
f 7518 4064 7520
f 7516 4064 7518
f 4062 4064 7516
f 4060 4062 7516
f 7514 4060 7516
f 7535 7532 4085
f 7538 7535 4085
f 4086 7538 4085
f 4809 4808 4814
f 4622 8139 4624
f 8140 8139 4622
f 4621 8140 4622
f 4457 8140 4621
f 4455 4457 4621
f 4619 4455 4621
f 4453 4455 4619
f 4617 4453 4619
f 4452 4453 4617
f 4614 4452 4617
f 4613 4452 4614
f 4449 4452 4613
f 4611 4449 4613
f 4448 4449 4611
f 4609 4448 4611
f 4408 4448 4609
f 4610 4408 4609
f 4406 4408 4610
f 4405 4406 4610
f 4607 4405 4610
f 4605 4405 4607
f 4602 4405 4605
f 4600 4405 4602
f 4404 4405 4600
f 4595 4404 4600
f 4596 4404 4595
f 4402 4404 4596
f 4597 4402 4596
f 4400 4402 4597
f 4398 4400 4597
f 4588 4398 4597
f 4592 4588 4597
f 3869 3870 4102
f 4099 3869 4102
f 4098 3869 4099
f 3867 3869 4098
f 3866 3867 4098
f 4096 3866 4098
f 5496 5499 5645
f 5494 5496 5645
f 5644 5494 5645
f 5492 5494 5644
f 5641 5492 5644
f 5639 5492 5641
f 5491 5492 5639
f 5640 5491 5639
f 5489 5491 5640
f 5484 5489 5640
f 5483 5484 5640
f 5638 5483 5640
f 5481 5483 5638
f 5636 5481 5638
f 5480 5481 5636
f 5633 5480 5636
f 5632 5480 5633
f 5477 5480 5632
f 5475 5477 5632
f 5630 5475 5632
f 5628 5475 5630
f 5473 5475 5628
f 5472 5473 5628
f 5625 5472 5628
f 5623 5472 5625
f 5470 5472 5623
f 5622 5470 5623
f 5467 5470 5622
f 5466 5467 5622
f 5619 5466 5622
f 5617 5466 5619
f 5464 5466 5617
f 5615 5464 5617
f 5462 5464 5615
f 5613 5462 5615
f 5460 5462 5613
f 5611 5460 5613
f 5458 5460 5611
f 5609 5458 5611
f 5455 5458 5609
f 5607 5455 5609
f 5606 5455 5607
f 5452 5455 5606
f 5604 5452 5606
f 5601 5452 5604
f 5450 5452 5601
f 5600 5450 5601
f 5449 5450 5600
f 5597 5449 5600
f 5593 5449 5597
f 5594 5449 5593
f 5447 5449 5594
f 5444 5447 5594
f 5592 5444 5594
f 5443 5444 5592
f 5589 5443 5592
f 6277 6104 6105
f 6278 6277 6105
f 6115 6278 6105
f 6276 6278 6115
f 6274 6104 6277
f 6272 6104 6274
f 7401 6104 6272
f 6271 7401 6272
f 7404 7401 6271
f 6270 7404 6271
f 6091 7404 6270
f 6089 6091 6270
f 6088 6089 6270
f 6266 6088 6270
f 6263 6088 6266
f 6084 6088 6263
f 6261 6084 6263
f 6082 6084 6261
f 6260 6082 6261
f 6080 6082 6260
f 6079 6080 6260
f 6258 6079 6260
f 6256 6079 6258
f 6076 6079 6256
f 6255 6076 6256
f 6075 6076 6255
f 6252 6075 6255
f 6250 6075 6252
f 6074 6075 6250
f 6247 6074 6250
f 6248 6074 6247
f 6072 6074 6248
f 6069 6072 6248
f 6237 6069 6248
f 6246 6237 6248
f 6241 6237 6246
f 6238 6237 6241
f 6987 7105 7102
f 7101 6987 7102
f 6985 6987 7101
f 6983 6985 7101
f 7099 6983 7101
f 6981 6983 7099
f 7097 6981 7099
f 6980 6981 7097
f 7094 6980 7097
f 7093 6980 7094
f 6977 6980 7093
f 6974 6977 7093
f 7091 6974 7093
f 6973 6974 7091
f 7088 6973 7091
f 7087 6973 7088
f 6971 6973 7087
f 6970 6971 7087
f 7084 6970 7087
f 7081 6970 7084
f 6969 6970 7081
f 7079 6969 7081
f 6966 6969 7079
f 6964 6966 7079
f 7075 6964 7079
f 6962 6964 7075
f 7073 6962 7075
f 6961 6962 7073
f 7069 6961 7073
f 7067 6961 7069
f 7107 7105 6987
f 6988 7107 6987
f 7110 7107 6988
f 6989 7110 6988
f 6992 7110 6989
f 6994 7110 6992
f 6978 6861 6862
f 6865 6978 6862
f 6979 6978 6865
f 6982 6979 6865
f 6866 6982 6865
f 6984 6982 6866
f 6868 6984 6866
f 6872 6984 6868
f 6986 6984 6872
f 6990 6986 6872
f 6873 6990 6872
f 6991 6990 6873
f 6875 6991 6873
f 6993 6991 6875
f 6877 6993 6875
f 6995 6993 6877
f 6998 6995 6877
f 6878 6998 6877
f 7000 6998 6878
f 6880 7000 6878
f 6883 7000 6880
f 6999 7000 6883
f 7002 6999 6883
f 7005 7002 6883
f 6884 7005 6883
f 7007 7005 6884
f 7010 7007 6884
f 6885 7010 6884
f 6887 7010 6885
f 7011 7010 6887
f 6890 7011 6887
f 7013 7011 6890
f 7016 7013 6890
f 6891 7016 6890
f 7017 7016 6891
f 6893 7017 6891
f 6896 7017 6893
f 7018 7017 6896
f 7020 7018 6896
f 6899 7020 6896
f 7022 7020 6899
f 7029 7022 6899
f 6900 7029 6899
f 6902 7029 6900
f 7030 7029 6902
f 6905 7030 6902
f 7033 7030 6905
f 6906 7033 6905
f 6909 7033 6906
f 7034 7033 6909
f 6911 7034 6909
f 7036 7034 6911
f 7042 7036 6911
f 6912 7042 6911
f 7368 7042 6912
f 7043 7042 7368
f 7046 7043 7368
f 6928 7046 7368
f 6930 7046 6928
f 7045 7046 6930
f 7050 7045 6930
f 6931 7050 6930
f 7053 7050 6931
f 6933 7053 6931
f 6935 7053 6933
f 7052 7053 6935
f 7055 7052 6935
f 6936 7055 6935
f 7058 7055 6936
f 7060 7058 6936
f 6937 7060 6936
f 6940 7060 6937
f 7061 7060 6940
f 6941 7061 6940
f 7063 7061 6941
f 6943 7063 6941
f 6946 7063 6943
f 7064 7063 6946
f 6957 7064 6946
f 7066 7064 6957
f 6958 7066 6957
f 7068 7066 6958
f 6961 7068 6958
f 7067 7068 6961
f 6975 6861 6978
f 6976 6861 6975
f 7369 6861 6976
f 6967 6855 6857
f 6965 6855 6967
f 6963 6855 6965
f 6853 6855 6963
f 6960 6853 6963
f 6959 6853 6960
f 6851 6853 6959
f 6850 6851 6959
f 6956 6850 6959
f 6954 6850 6956
f 6849 6850 6954
f 6953 6849 6954
f 6847 6849 6953
f 6952 6847 6953
f 6844 6847 6952
f 6842 6844 6952
f 6951 6842 6952
f 6839 6842 6951
f 6837 6839 6951
f 6948 6837 6951
f 6944 6837 6948
f 6835 6837 6944
f 6942 6835 6944
f 6834 6835 6942
f 6939 6834 6942
f 6938 6834 6939
f 6832 6834 6938
f 6967 6857 7369
f 6976 6967 7369
f 6968 6967 6976
f 6972 6968 6976
f 6724 6867 6864
f 6723 6724 6864
f 6863 6723 6864
f 6719 6723 6863
f 6718 6719 6863
f 6860 6718 6863
f 6859 6718 6860
f 6715 6718 6859
f 6714 6715 6859
f 6856 6714 6859
f 6854 6714 6856
f 6712 6714 6854
f 6852 6712 6854
f 6711 6712 6852
f 6848 6711 6852
f 6846 6711 6848
f 6709 6711 6846
f 6845 6709 6846
f 6706 6709 6845
f 6704 6706 6845
f 6843 6704 6845
f 6841 6704 6843
f 6703 6704 6841
f 6840 6703 6841
f 6698 6703 6840
f 6697 6698 6840
f 6838 6697 6840
f 6836 6697 6838
f 6696 6697 6836
f 6833 6696 6836
f 6831 6696 6833
f 6695 6696 6831
f 6828 6695 6831
f 6825 6695 6828
f 6824 6695 6825
f 6693 6695 6824
f 6822 6693 6824
f 6820 6693 6822
f 6688 6693 6820
f 6687 6688 6820
f 6818 6687 6820
f 6685 6687 6818
f 6817 6685 6818
f 6683 6685 6817
f 6681 6683 6817
f 6815 6681 6817
f 6679 6681 6815
f 6814 6679 6815
f 6677 6679 6814
f 6870 6867 6724
f 6725 6870 6724
f 6727 6870 6725
f 6871 6870 6727
f 6729 6871 6727
f 6874 6871 6729
f 6731 6874 6729
f 6876 6874 6731
f 6879 6876 6731
f 6732 6879 6731
f 6881 6879 6732
f 6734 6881 6732
f 6737 6881 6734
f 6882 6881 6737
f 6886 6882 6737
f 6738 6886 6737
f 6888 6886 6738
f 6740 6888 6738
f 6889 6888 6740
f 6752 6889 6740
f 6892 6889 6752
f 6753 6892 6752
f 6894 6892 6753
f 6754 6894 6753
f 6757 6894 6754
f 6895 6894 6757
f 6759 6895 6757
f 6897 6895 6759
f 6760 6897 6759
f 6898 6897 6760
f 6901 6898 6760
f 6762 6901 6760
f 6903 6901 6762
f 6764 6903 6762
f 6904 6903 6764
f 6907 6904 6764
f 6766 6907 6764
f 6773 6907 6766
f 6908 6907 6773
f 6910 6908 6773
f 6913 6910 6773
f 6916 6913 6773
f 6774 6916 6773
f 6776 6916 6774
f 6917 6916 6776
f 6919 6917 6776
f 6777 6919 6776
f 6794 6919 6777
f 6796 6919 6794
f 6918 6919 6796
f 6921 6918 6796
f 6801 6921 6796
f 6922 6921 6801
f 6802 6922 6801
f 6925 6922 6802
f 7370 6925 6802
f 6826 6925 7370
f 6924 6925 6826
f 6827 6924 6826
f 6927 6924 6827
f 6829 6927 6827
f 6929 6927 6829
f 6932 6929 6829
f 6830 6932 6829
f 6832 6932 6830
f 6934 6932 6832
f 6938 6934 6832
f 6994 7111 7110
f 7115 7111 6994
f 6996 7115 6994
f 7116 7115 6996
f 6997 7116 6996
f 7118 7116 6997
f 7001 7118 6997
f 7120 7118 7001
f 7003 7120 7001
f 7122 7120 7003
f 7125 7122 7003
f 7004 7125 7003
f 7006 7125 7004
f 7126 7125 7006
f 7008 7126 7006
f 7128 7126 7008
f 7009 7128 7008
f 7012 7128 7009
f 7129 7128 7012
f 7014 7129 7012
f 7131 7129 7014
f 7134 7131 7014
f 7015 7134 7014
f 7366 7134 7015
f 7019 7366 7015
f 6525 6713 6710
f 6524 6525 6710
f 6708 6524 6710
f 6707 6524 6708
f 6522 6524 6707
f 6520 6522 6707
f 6705 6520 6707
f 6519 6520 6705
f 6702 6519 6705
f 6701 6519 6702
f 6516 6519 6701
f 6513 6516 6701
f 6700 6513 6701
f 6509 6513 6700
f 6508 6509 6700
f 6692 6508 6700
f 6691 6508 6692
f 6689 6508 6691
f 6507 6508 6689
f 6686 6507 6689
f 6684 6507 6686
f 6504 6507 6684
f 6682 6504 6684
f 6502 6504 6682
f 6680 6502 6682
f 6500 6502 6680
f 6678 6500 6680
f 6498 6500 6678
f 6676 6498 6678
f 6496 6498 6676
f 6675 6496 6676
f 6495 6496 6675
f 6716 6713 6525
f 6526 6716 6525
f 6529 6716 6526
f 6717 6716 6529
f 6720 6717 6529
f 6721 6720 6529
f 6532 6721 6529
f 6534 6721 6532
f 6722 6721 6534
f 6726 6722 6534
f 6535 6726 6534
f 6728 6726 6535
f 6537 6728 6535
f 6730 6728 6537
f 6733 6730 6537
f 6735 6733 6537
f 6539 6735 6537
f 6541 6735 6539
f 6544 6735 6541
f 6736 6735 6544
f 6548 6736 6544
f 6739 6736 6548
f 6743 6739 6548
f 6549 6743 6548
f 6556 6743 6549
f 6745 6743 6556
f 6558 6745 6556
f 7377 6745 6558
f 6746 6745 7377
f 6607 6746 7377
f 6609 6746 6607
f 6747 6746 6609
f 6612 6747 6609
f 6748 6747 6612
f 6749 6748 6612
f 6614 6749 6612
f 6751 6749 6614
f 6755 6751 6614
f 6615 6755 6614
f 6618 6755 6615
f 6756 6755 6618
f 6619 6756 6618
f 6758 6756 6619
f 6761 6758 6619
f 6620 6761 6619
f 6763 6761 6620
f 6765 6763 6620
f 6769 6765 6620
f 6621 6769 6620
f 6625 6769 6621
f 6770 6769 6625
f 6627 6770 6625
f 6357 6536 6533
f 6355 6357 6533
f 6531 6355 6533
f 6353 6355 6531
f 6528 6353 6531
f 6352 6353 6528
f 6527 6352 6528
f 6350 6352 6527
f 6521 6350 6527
f 6523 6521 6527
f 6538 6536 6357
f 6358 6538 6357
f 6540 6538 6358
f 6360 6540 6358
f 6542 6540 6360
f 6362 6542 6360
f 6543 6542 6362
f 6364 6543 6362
f 6367 6543 6364
f 6545 6543 6367
f 6371 6545 6367
f 6547 6545 6371
f 6373 6547 6371
f 6550 6547 6373
f 6553 6550 6373
f 6374 6553 6373
f 6554 6553 6374
f 6376 6554 6374
f 6379 6554 6376
f 6381 6554 6379
f 6552 6554 6381
f 6555 6552 6381
f 6382 6555 6381
f 6557 6555 6382
f 6561 6557 6382
f 6383 6561 6382
f 6387 6561 6383
f 6562 6561 6387
f 6565 6562 6387
f 6388 6565 6387
f 6567 6565 6388
f 6390 6567 6388
f 6569 6567 6390
f 6392 6569 6390
f 6397 6569 6392
f 6570 6569 6397
f 6398 6570 6397
f 6572 6570 6398
f 7389 6572 6398
f 6408 6572 7389
f 6573 6572 6408
f 6576 6573 6408
f 6412 6576 6408
f 6578 6576 6412
f 6413 6578 6412
f 6417 6578 6413
f 6580 6578 6417
f 6667 6800 6799
f 6665 6667 6799
f 6797 6665 6799
f 6664 6665 6797
f 6795 6664 6797
f 6658 6664 6795
f 6793 6658 6795
f 6657 6658 6793
f 6790 6657 6793
f 6789 6657 6790
f 6654 6657 6789
f 6653 6654 6789
f 6787 6653 6789
f 6643 6653 6787
f 6786 6643 6787
f 6640 6643 6786
f 6637 6640 6786
f 6636 6637 6786
f 6784 6636 6786
f 6783 6636 6784
f 6633 6636 6783
f 6628 6633 6783
f 6627 6628 6783
f 6781 6627 6783
f 6770 6627 6781
f 6771 6770 6781
f 6779 6771 6781
f 6775 6771 6779
f 6772 6771 6775
f 6804 6800 6667
f 6668 6804 6667
f 6806 6804 6668
f 6670 6806 6668
f 6808 6806 6670
f 6671 6808 6670
f 6810 6808 6671
f 6673 6810 6671
f 6812 6810 6673
f 6674 6812 6673
f 6677 6812 6674
f 6814 6812 6677
f 6444 6622 6617
f 6616 6444 6617
f 6441 6444 6616
f 6440 6441 6616
f 6613 6440 6616
f 6611 6440 6613
f 6438 6440 6611
f 6610 6438 6611
f 6436 6438 6610
f 6608 6436 6610
f 6435 6436 6608
f 6605 6435 6608
f 6604 6435 6605
f 6433 6435 6604
f 6601 6433 6604
f 6599 6433 6601
f 6432 6433 6599
f 6595 6432 6599
f 6593 6432 6595
f 6431 6432 6593
f 6591 6431 6593
f 6428 6431 6591
f 6590 6428 6591
f 6426 6428 6590
f 6425 6426 6590
f 6587 6425 6590
f 6586 6425 6587
f 6423 6425 6586
f 6584 6423 6586
f 6585 6423 6584
f 6420 6423 6585
f 6418 6420 6585
f 6417 6418 6585
f 6580 6417 6585
f 6445 6622 6444
f 6624 6622 6445
f 6447 6624 6445
f 6626 6624 6447
f 6629 6626 6447
f 6448 6629 6447
f 6451 6629 6448
f 6631 6629 6451
f 6453 6631 6451
f 6632 6631 6453
f 6634 6632 6453
f 6455 6634 6453
f 6458 6634 6455
f 6635 6634 6458
f 6638 6635 6458
f 6459 6638 6458
f 6463 6638 6459
f 6639 6638 6463
f 6465 6639 6463
f 6642 6639 6465
f 6646 6642 6465
f 6467 6646 6465
f 6470 6646 6467
f 6647 6646 6470
f 6471 6647 6470
f 6474 6647 6471
f 6648 6647 6474
f 6481 6648 6474
f 6484 6648 6481
f 6649 6648 6484
f 6486 6649 6484
f 6650 6649 6486
f 6488 6650 6486
f 6652 6650 6488
f 6656 6652 6488
f 6489 6656 6488
f 6661 6656 6489
f 6491 6661 6489
f 6495 6661 6491
f 6662 6661 6495
f 6675 6662 6495
f 6672 6662 6675
f 6663 6662 6672
f 6669 6663 6672
f 6292 6283 6279
f 6280 6292 6279
f 6293 6292 6280
f 6276 6293 6280
f 6116 6293 6276
f 6115 6116 6276
f 6286 6283 6292
f 4734 4934 4932
f 4733 4734 4932
f 4929 4733 4932
f 4725 4733 4929
f 4927 4725 4929
f 4724 4725 4927
f 4924 4724 4927
f 4923 4724 4924
f 4722 4724 4923
f 4721 4722 4923
f 4921 4721 4923
f 4918 4721 4921
f 4917 4721 4918
f 4719 4721 4917
f 4915 4719 4917
f 4718 4719 4915
f 4908 4718 4915
f 4907 4718 4908
f 4716 4718 4907
f 4714 4716 4907
f 4903 4714 4907
f 4900 4714 4903
f 4713 4714 4900
f 4899 4713 4900
f 4710 4713 4899
f 4708 4710 4899
f 4898 4708 4899
f 4705 4708 4898
f 4704 4705 4898
f 4895 4704 4898
f 4893 4704 4895
f 4702 4704 4893
f 4891 4702 4893
f 4700 4702 4891
f 4889 4700 4891
f 4699 4700 4889
f 4886 4699 4889
f 4882 4699 4886
f 4697 4699 4882
f 4883 4697 4882
f 4695 4697 4883
f 7455 4695 4883
f 4736 4934 4734
f 4936 4934 4736
f 4738 4936 4736
f 4937 4936 4738
f 4940 4937 4738
f 4739 4940 4738
f 7454 4940 4739
f 4945 4940 7454
f 4941 4940 4945
f 4045 4208 4200
f 4199 4045 4200
f 4042 4045 4199
f 4041 4042 4199
f 4196 4041 4199
f 4194 4041 4196
f 4040 4041 4194
f 4193 4040 4194
f 4189 4040 4193
f 4046 4208 4045
f 4212 4209 4208
f 4046 4212 4208
f 4048 4212 4046
f 4050 4212 4048
f 4215 4212 4050
f 4053 4215 4050
f 4217 4215 4053
f 4054 4217 4053
f 8141 4217 4054
f 4216 4217 8141
f 4036 4038 4040
f 4036 4040 4189
f 4187 4036 4189
f 4035 4036 4187
f 4184 4035 4187
f 4032 4035 4184
f 4182 4032 4184
f 4030 4032 4182
f 4029 4030 4182
f 4180 4029 4182
f 4178 4029 4180
f 4026 4029 4178
f 4025 4026 4178
f 4175 4025 4178
f 4172 4025 4175
f 4170 4025 4172
f 4024 4025 4170
f 4022 4024 4170
f 4168 4022 4170
f 4019 4022 4168
f 4018 4019 4168
f 4167 4018 4168
f 4016 4018 4167
f 4165 4016 4167
f 4162 4016 4165
f 4013 4016 4162
f 4012 4013 4162
f 4160 4012 4162
f 4158 4012 4160
f 4011 4012 4158
f 4159 4011 4158
f 7710 4011 4159
f 3945 7710 4159
f 3943 3945 4159
f 4157 3943 4159
f 3941 3943 4157
f 4155 3941 4157
f 3939 3941 4155
f 4153 3939 4155
f 3937 3939 4153
f 4151 3937 4153
f 3936 3937 4151
f 4148 3936 4151
f 4144 3936 4148
f 3934 3936 4144
f 4145 3934 4144
f 3932 3934 4145
f 4146 3932 4145
f 3928 3932 4146
f 3927 3928 4146
f 4043 4039 4037
f 3828 4043 4037
f 4539 4348 4349
f 4352 4539 4349
f 4355 4539 4352
f 4538 4539 4355
f 4541 4538 4355
f 4357 4541 4355
f 4550 4541 4357
f 4547 4541 4550
f 4543 4541 4547
f 4540 4541 4543
f 4185 4351 4350
f 4179 4185 4350
f 4177 4179 4350
f 4345 4177 4350
f 4176 4177 4345
f 4341 4176 4345
f 4338 4176 4341
f 4174 4176 4338
f 4336 4174 4338
f 4173 4174 4336
f 4334 4173 4336
f 4329 4173 4334
f 4171 4173 4329
f 4328 4171 4329
f 4169 4171 4328
f 4327 4169 4328
f 4166 4169 4327
f 4325 4166 4327
f 4164 4166 4325
f 4323 4164 4325
f 4163 4164 4323
f 4322 4163 4323
f 4152 4163 4322
f 4161 4163 4152
f 4234 4216 8141
f 4220 4216 4234
f 3292 3556 3555
f 3290 3292 3555
f 3553 3290 3555
f 3289 3290 3553
f 3550 3289 3553
f 3549 3289 3550
f 3287 3289 3549
f 3285 3287 3549
f 3547 3285 3549
f 3284 3285 3547
f 3545 3284 3547
f 3542 3284 3545
f 3541 3284 3542
f 3283 3284 3541
f 3537 3283 3541
f 3534 3283 3537
f 3535 3283 3534
f 3281 3283 3535
f 3278 3281 3535
f 3277 3278 3535
f 3527 3277 3535
f 3529 3277 3527
f 3563 3556 3292
f 3567 3563 3292
f 3803 3538 3539
f 3799 3538 3803
f 3796 3538 3799
f 3055 3395 3391
f 3388 3055 3391
f 3054 3055 3388
f 3386 3054 3388
f 3052 3054 3386
f 3384 3052 3386
f 3051 3052 3384
f 3383 3051 3384
f 7807 3051 3383
f 3037 7807 3383
f 3382 3037 3383
f 3034 3037 3382
f 3380 3034 3382
f 3033 3034 3380
f 3377 3033 3380
f 3375 3033 3377
f 3031 3033 3375
f 3373 3031 3375
f 3030 3031 3373
f 3372 3030 3373
f 3362 3030 3372
f 3368 3362 3372
f 3364 3362 3368
f 3056 3395 3055
f 3397 3395 3056
f 3058 3397 3056
f 3401 3397 3058
f 3404 3401 3058
f 3059 3404 3058
f 3406 3404 3059
f 3061 3406 3059
f 3408 3406 3061
f 3411 3408 3061
f 3062 3411 3061
f 3065 3411 3062
f 3067 3411 3065
f 3410 3411 3067
f 3413 3410 3067
f 3068 3413 3067
f 3415 3413 3068
f 3417 3415 3068
f 3069 3417 3068
f 3072 3417 3069
f 3424 3417 3072
f 3420 3417 3424
f 3416 3417 3420
f 3735 3737 3734
f 3488 3737 3735
f 3485 3488 3735
f 3484 3485 3735
f 3732 3484 3735
f 3727 3484 3732
f 3725 3484 3727
f 3482 3484 3725
f 3724 3482 3725
f 3479 3482 3724
f 3477 3479 3724
f 3721 3477 3724
f 3476 3477 3721
f 3718 3476 3721
f 3719 3476 3718
f 3474 3476 3719
f 3471 3474 3719
f 3470 3471 3719
f 3716 3470 3719
f 3714 3470 3716
f 3467 3470 3714
f 3710 3467 3714
f 3466 3467 3710
f 3708 3466 3710
f 3465 3466 3708
f 3698 3465 3708
f 3700 3465 3698
f 3702 3465 3700
f 3461 3465 3702
f 3705 3461 3702
f 3460 3461 3705
f 3707 3460 3705
f 7771 3460 3707
f 3443 7771 3707
f 3706 3443 3707
f 3441 3443 3706
f 3440 3441 3706
f 3703 3440 3706
f 3704 3440 3703
f 3433 3440 3704
f 3430 3433 3704
f 3427 3430 3704
f 3701 3427 3704
f 3699 3427 3701
f 3426 3427 3699
f 3697 3426 3699
f 3422 3426 3697
f 3695 3422 3697
f 3421 3422 3695
f 3692 3421 3695
f 3690 3421 3692
f 3419 3421 3690
f 3418 3419 3690
f 3688 3418 3690
f 3685 3418 3688
f 3414 3418 3685
f 3412 3414 3685
f 3684 3412 3685
f 3409 3412 3684
f 3682 3409 3684
f 3407 3409 3682
f 3680 3407 3682
f 3405 3407 3680
f 3677 3405 3680
f 3048 3053 3049
f 3057 3053 3048
f 3060 3057 3048
f 3063 3060 3048
f 3045 3063 3048
f 2814 3045 3044
f 2810 2814 3044
f 2808 2810 3044
f 3042 2808 3044
f 2803 2808 3042
f 3041 2803 3042
f 2801 2803 3041
f 3039 2801 3041
f 2800 2801 3039
f 3036 2800 3039
f 3035 2800 3036
f 2799 2800 3035
f 3063 3045 2814
f 2815 3063 2814
f 3064 3063 2815
f 2816 3064 2815
f 3066 3064 2816
f 3071 3066 2816
f 2817 3071 2816
f 2820 3071 2817
f 3070 3071 2820
f 3073 3070 2820
f 2821 3073 2820
f 3076 3073 2821
f 2823 3076 2821
f 3077 3076 2823
f 2825 3077 2823
f 2828 3077 2825
f 3079 3077 2828
f 3082 3079 2828
f 2829 3082 2828
f 3083 3082 2829
f 3086 3083 2829
f 2833 3086 2829
f 3088 3086 2833
f 2834 3088 2833
f 2836 3088 2834
f 3089 3088 2836
f 3091 3089 2836
f 3094 3091 2836
f 2837 3094 2836
f 3096 3094 2837
f 3099 3096 2837
f 2838 3099 2837
f 2843 3099 2838
f 3101 3099 2843
f 3104 3101 2843
f 2844 3104 2843
f 3106 3104 2844
f 2846 3106 2844
f 3108 3106 2846
f 3111 3108 2846
f 2847 3111 2846
f 3113 3111 2847
f 2849 3113 2847
f 2863 3113 2849
f 2864 3113 2863
f 3112 3113 2864
f 3115 3112 2864
f 2865 3115 2864
f 3116 3115 2865
f 3120 3116 2865
f 2866 3120 2865
f 2869 3120 2866
f 3119 3120 2869
f 3122 3119 2869
f 2870 3122 2869
f 3125 3122 2870
f 2872 3125 2870
f 3128 3125 2872
f 2874 3128 2872
f 3129 3128 2874
f 7809 3129 2874
f 2898 3129 7809
f 2902 3129 2898
f 3127 3129 2902
f 2903 3127 2902
f 3126 3127 2903
f 2905 3126 2903
f 3131 3126 2905
f 2908 3131 2905
f 2913 3131 2908
f 2915 3131 2913
f 3130 3131 2915
f 2919 3130 2915
f 3124 3130 2919
f 3123 3124 2919
f 2920 3123 2919
f 3121 3123 2920
f 3118 3121 2920
f 3132 3118 2920
f 2921 3132 2920
f 2923 3132 2921
f 3134 3132 2923
f 2925 3134 2923
f 3136 3134 2925
f 3139 3136 2925
f 2926 3139 2925
f 2928 3139 2926
f 2935 3139 2928
f 3138 3139 2935
f 2936 3138 2935
f 3140 3138 2936
f 3142 3140 2936
f 2937 3142 2936
f 3143 3142 2937
f 2938 3143 2937
f 2951 3162 3159
f 2950 2951 3159
f 3158 2950 3159
f 2948 2950 3158
f 3154 2948 3158
f 3153 2948 3154
f 3152 2948 3153
f 2945 2948 3152
f 2942 2945 3152
f 3149 2942 3152
f 2939 2942 3149
f 3148 2939 3149
f 2938 2939 3148
f 3143 2938 3148
f 3145 3143 3148
f 2848 2845 2842
f 2598 2848 2842
f 2851 2848 2598
f 2600 2851 2598
f 2852 2851 2600
f 2855 2852 2600
f 2601 2855 2600
f 2856 2855 2601
f 2605 2856 2601
f 2857 2856 2605
f 2607 2857 2605
f 2860 2857 2607
f 2610 2860 2607
f 2862 2860 2610
f 2867 2862 2610
f 2612 2867 2610
f 2868 2867 2612
f 2613 2868 2612
f 2871 2868 2613
f 2873 2871 2613
f 2615 2873 2613
f 2617 2873 2615
f 2875 2873 2617
f 2877 2875 2617
f 2883 2877 2617
f 2880 2877 2883
f 1992 2341 2337
f 2338 1992 2337
f 1990 1992 2338
f 1988 1990 2338
f 2336 1988 2338
f 1987 1988 2336
f 2333 1987 2336
f 1985 1987 2333
f 2331 1985 2333
f 1984 1985 2331
f 2330 1984 2331
f 1976 1984 2330
f 1974 1976 2330
f 2328 1974 2330
f 1972 1974 2328
f 2326 1972 2328
f 1970 1972 2326
f 2323 1970 2326
f 2320 1970 2323
f 2322 2320 2323
f 2349 2341 1992
f 1993 2349 1992
f 2350 2349 1993
f 2354 2350 1993
f 1994 2354 1993
f 1996 2354 1994
f 2355 2354 1996
f 2358 2355 1996
f 1997 2358 1996
f 2359 2358 1997
f 1999 2359 1997
f 2001 2359 1999
f 2362 2359 2001
f 2365 2362 2001
f 2002 2365 2001
f 2368 2365 2002
f 2371 2368 2002
f 2003 2371 2002
f 2005 2371 2003
f 2372 2371 2005
f 2007 2372 2005
f 2011 2372 2007
f 2016 2372 2011
f 2370 2372 2016
f 2374 2370 2016
f 2017 2374 2016
f 2377 2374 2017
f 2379 2377 2017
f 2018 2379 2017
f 2380 2379 2018
f 2020 2380 2018
f 2022 2380 2020
f 1980 1989 1983
f 1995 1991 1989
f 1980 1995 1989
f 1982 1995 1980
f 1998 1995 1982
f 2000 1998 1982
f 1981 2000 1982
f 2004 2000 1981
f 2006 2004 1981
f 1979 2006 1981
f 1977 2006 1979
f 2009 2006 1977
f 2267 2495 2493
f 2265 2267 2493
f 2492 2265 2493
f 2263 2265 2492
f 2261 2263 2492
f 2489 2261 2492
f 2487 2261 2489
f 2485 2261 2487
f 2257 2261 2485
f 2256 2257 2485
f 2483 2256 2485
f 2254 2256 2483
f 2482 2254 2483
f 2252 2254 2482
f 2250 2252 2482
f 2480 2250 2482
f 2477 2250 2480
f 2475 2250 2477
f 2249 2250 2475
f 2473 2249 2475
f 2246 2249 2473
f 2245 2246 2473
f 2470 2245 2473
f 2469 2245 2470
f 2243 2245 2469
f 2467 2243 2469
f 2241 2243 2467
f 2465 2241 2467
f 2240 2241 2465
f 2462 2240 2465
f 2463 2240 2462
f 2236 2240 2463
f 2234 2236 2463
f 2232 2234 2463
f 2461 2232 2463
f 2231 2232 2461
f 2458 2231 2461
f 2456 2231 2458
f 2229 2231 2456
f 2218 2229 2456
f 2454 2218 2456
f 2452 2218 2454
f 2216 2218 2452
f 2450 2216 2452
f 2215 2216 2450
f 2451 2215 2450
f 2211 2215 2451
f 7812 2211 2451
f 2094 7812 2451
f 2448 2094 2451
f 2092 2094 2448
f 2446 2092 2448
f 2091 2092 2446
f 2443 2091 2446
f 2441 2091 2443
f 2088 2091 2441
f 2087 2088 2441
f 2438 2087 2441
f 2439 2087 2438
f 2085 2087 2439
f 2083 2085 2439
f 8032 2083 2439
f 2069 8032 2439
f 2437 2069 2439
f 2435 2069 2437
f 2067 2069 2435
f 2433 2067 2435
f 2065 2067 2433
f 2432 2065 2433
f 2062 2065 2432
f 2060 2062 2432
f 2429 2060 2432
f 2059 2060 2429
f 2425 2059 2429
f 2424 2059 2425
f 2058 2059 2424
f 2420 2058 2424
f 2418 2058 2420
f 2056 2058 2418
f 2054 2056 2418
f 2417 2054 2418
f 2052 2054 2417
f 2414 2052 2417
f 2051 2052 2414
f 2395 2051 2414
f 2396 2051 2395
f 2412 2051 2396
f 2050 2051 2412
f 2411 2050 2412
f 2046 2050 2411
f 2410 2046 2411
f 2044 2046 2410
f 2408 2044 2410
f 2042 2044 2408
f 2403 2042 2408
f 2040 2042 2403
f 2407 2040 2403
f 2037 2040 2407
f 2036 2037 2407
f 2404 2036 2407
f 2406 2036 2404
f 2034 2036 2406
f 2031 2034 2406
f 2029 2031 2406
f 2405 2029 2406
f 2028 2029 2405
f 2401 2028 2405
f 2402 2028 2401
f 2026 2028 2402
f 2387 2026 2402
f 2024 2026 2387
f 2384 2024 2387
f 2022 2024 2384
f 2380 2022 2384
f 2269 2495 2267
f 2497 2495 2269
f 2500 2497 2269
f 2270 2500 2269
f 2502 2500 2270
f 2272 2502 2270
f 2510 2502 2272
f 2506 2503 2502
f 2510 2506 2502
f 1901 2271 2268
f 2266 1901 2268
f 1897 1901 2266
f 2264 1897 2266
f 1895 1897 2264
f 2262 1895 2264
f 1893 1895 2262
f 2260 1893 2262
f 2259 1893 2260
f 1891 1893 2259
f 2258 1891 2259
f 1888 1891 2258
f 1887 1888 2258
f 2255 1887 2258
f 2253 1887 2255
f 1885 1887 2253
f 2251 1885 2253
f 1882 1885 2251
f 1881 1882 2251
f 2248 1881 2251
f 1879 1881 2248
f 2247 1879 2248
f 1877 1879 2247
f 2244 1877 2247
f 1876 1877 2244
f 2242 1876 2244
f 2239 1876 2242
f 2238 1876 2239
f 1873 1876 2238
f 1872 1873 2238
f 2237 1872 2238
f 1866 1872 2237
f 2235 1866 2237
f 1864 1866 2235
f 1862 1864 2235
f 2233 1862 2235
f 1861 1862 2233
f 2230 1861 2233
f 2228 1861 2230
f 1859 1861 2228
f 2226 1859 2228
f 1857 1859 2226
f 2223 1857 2226
f 1839 1857 2223
f 1835 1839 2223
f 2224 1835 2223
f 1834 1835 2224
f 2225 1834 2224
f 8035 1834 2225
f 2214 8035 2225
f 8036 8035 2214
f 2210 8036 2214
f 2204 8036 2210
f 1831 8036 2204
f 2202 1831 2204
f 1829 1831 2202
f 2200 1829 2202
f 1827 1829 2200
f 2198 1827 2200
f 1826 1827 2198
f 2196 1826 2198
f 2195 1826 2196
f 1824 1826 2195
f 1823 1824 2195
f 2191 1823 2195
f 2189 1823 2191
f 1822 1823 2189
f 2187 1822 2189
f 2188 1822 2187
f 1818 1822 2188
f 1816 1818 2188
f 1815 1816 2188
f 2185 1815 2188
f 2186 1815 2185
f 1812 1815 2186
f 1811 1812 2186
f 2183 1811 2186
f 2181 1811 2183
f 1808 1811 2181
f 2178 1808 2181
f 2176 1808 2178
f 1806 1808 2176
f 2175 1806 2176
f 1804 1806 2175
f 1802 1804 2175
f 2172 1802 2175
f 2170 1802 2172
f 1800 1802 2170
f 2168 1800 2170
f 1799 1800 2168
f 2165 1799 2168
f 2164 1799 2165
f 1796 1799 2164
f 1794 1796 2164
f 2163 1794 2164
f 1792 1794 2163
f 2161 1792 2163
f 1790 1792 2161
f 2158 1790 2161
f 1789 1790 2158
f 2155 1789 2158
f 2153 1789 2155
f 1786 1789 2153
f 1785 1786 2153
f 2151 1785 2153
f 1781 1785 2151
f 2150 1781 2151
f 1780 1781 2150
f 2146 1780 2150
f 1778 1780 2146
f 2144 1778 2146
f 1777 1778 2144
f 2143 1777 2144
f 1769 1777 2143
f 1767 1769 2143
f 2141 1767 2143
f 1765 1767 2141
f 2139 1765 2141
f 1764 1765 2139
f 2137 1764 2139
f 1763 1764 2137
f 2134 1763 2137
f 2135 1763 2134
f 1759 1763 2135
f 1758 1759 2135
f 2133 1758 2135
f 1754 1758 2133
f 2131 1754 2133
f 1753 1754 2131
f 2129 1753 2131
f 2125 1753 2129
f 2126 1753 2125
f 1751 1753 2126
f 1750 1751 2126
f 2123 1750 2126
f 2120 1750 2123
f 2118 1750 2120
f 8037 1750 2118
f 2117 8037 2118
f 1742 8037 2117
f 1740 1742 2117
f 2115 1740 2117
f 1738 1740 2115
f 2109 1738 2115
f 1736 1738 2109
f 2107 1736 2109
f 1735 1736 2107
f 2104 1735 2107
f 2101 1735 2104
f 1733 1735 2101
f 2100 1733 2101
f 1732 1733 2100
f 2097 1732 2100
f 2096 1732 2097
f 1729 1732 2096
f 1728 1729 2096
f 2093 1728 2096
f 2090 1728 2093
f 2089 1728 2090
f 1725 1728 2089
f 1724 1725 2089
f 2086 1724 2089
f 2084 1724 2086
f 1722 1724 2084
f 2082 1722 2084
f 1720 1722 2082
f 2081 1720 2082
f 1718 1720 2081
f 2080 1718 2081
f 1716 1718 2080
f 1712 1716 2080
f 2079 1712 2080
f 1700 1712 2079
f 1698 1700 2079
f 2076 1698 2079
f 1697 1698 2076
f 2074 1697 2076
f 1695 1697 2074
f 2072 1695 2074
f 1694 1695 2072
f 2071 1694 2072
f 8038 1694 2071
f 1671 8038 2071
f 2068 1671 2071
f 1670 1671 2068
f 2066 1670 2068
f 2064 1670 2066
f 1668 1670 2064
f 1666 1668 2064
f 2063 1666 2064
f 2061 1666 2063
f 1664 1666 2061
f 1663 1664 2061
f 2057 1663 2061
f 2055 1663 2057
f 1662 1663 2055
f 2053 1662 2055
f 2049 1662 2053
f 2048 1662 2049
f 1660 1662 2048
f 2275 2271 1901
f 1902 2275 1901
f 1625 2008 2009
f 1624 1625 2009
f 1977 1624 2009
f 1975 1624 1977
f 1621 1624 1975
f 1620 1621 1975
f 1973 1620 1975
f 1619 1620 1973
f 1971 1619 1973
f 1969 1619 1971
f 1968 1619 1969
f 1617 1619 1968
f 1613 1617 1968
f 1612 1613 1968
f 1965 1612 1968
f 1963 1612 1965
f 1610 1612 1963
f 1962 1610 1963
f 1606 1610 1962
f 1605 1606 1962
f 1961 1605 1962
f 1603 1605 1961
f 1953 1603 1961
f 1950 1603 1953
f 1946 1603 1950
f 1945 1603 1946
f 1601 1603 1945
f 1600 1601 1945
f 1942 1600 1945
f 1940 1600 1942
f 1598 1600 1940
f 1938 1598 1940
f 1595 1598 1938
f 1939 1595 1938
f 1593 1595 1939
f 1590 1593 1939
f 1576 1590 1939
f 1627 2008 1625
f 2010 2008 1627
f 1629 2010 1627
f 2012 2010 1629
f 1630 2012 1629
f 2014 2012 1630
f 1633 2014 1630
f 2015 2014 1633
f 1635 2015 1633
f 2019 2015 1635
f 1637 2019 1635
f 2021 2019 1637
f 1639 2021 1637
f 2023 2021 1639
f 1641 2023 1639
f 2025 2023 1641
f 2027 2025 1641
f 1642 2027 1641
f 1646 2027 1642
f 2030 2027 1646
f 2032 2030 1646
f 1647 2032 1646
f 1651 2032 1647
f 2033 2032 1651
f 1652 2033 1651
f 2035 2033 1652
f 2038 2035 1652
f 1653 2038 1652
f 2039 2038 1653
f 1655 2039 1653
f 1656 2039 1655
f 2041 2039 1656
f 1658 2041 1656
f 2043 2041 1658
f 2048 2043 1658
f 1660 2048 1658
f 1616 1498 1500
f 1503 1616 1500
f 1615 1616 1503
f 1618 1615 1503
f 1622 1618 1503
f 1504 1622 1503
f 1623 1622 1504
f 1626 1623 1504
f 1506 1626 1504
f 1628 1626 1506
f 1631 1628 1506
f 1507 1631 1506
f 1510 1631 1507
f 1632 1631 1510
f 1512 1632 1510
f 1634 1632 1512
f 1514 1634 1512
f 1636 1634 1514
f 1516 1636 1514
f 1638 1636 1516
f 1640 1638 1516
f 1644 1640 1516
f 1517 1644 1516
f 1520 1644 1517
f 1643 1644 1520
f 1522 1643 1520
f 1645 1643 1522
f 1648 1645 1522
f 1523 1648 1522
f 1526 1648 1523
f 1649 1648 1526
f 1537 1649 1526
f 1654 1649 1537
f 1538 1654 1537
f 1657 1654 1538
f 1540 1657 1538
f 1659 1657 1540
f 1661 1659 1540
f 1665 1661 1540
f 1541 1665 1540
f 1667 1665 1541
f 1543 1667 1541
f 1669 1667 1543
f 1673 1669 1543
f 1544 1673 1543
f 1675 1673 1544
f 1546 1675 1544
f 1677 1675 1546
f 1548 1677 1546
f 1678 1677 1548
f 1550 1678 1548
f 1680 1678 1550
f 1552 1680 1550
f 1682 1680 1552
f 1557 1682 1552
f 1683 1682 1557
f 1686 1683 1557
f 1559 1686 1557
f 1688 1686 1559
f 1565 1688 1559
f 1181 1688 1565
f 1182 1688 1181
f 1687 1688 1182
f 1184 1687 1182
f 1188 1687 1184
f 1685 1687 1188
f 1684 1685 1188
f 1690 1684 1188
f 1189 1690 1188
f 1691 1690 1189
f 1191 1691 1189
f 1693 1691 1191
f 1696 1693 1191
f 1192 1696 1191
f 1699 1696 1192
f 1702 1699 1192
f 1193 1702 1192
f 1704 1702 1193
f 1707 1704 1193
f 1194 1707 1193
f 1196 1707 1194
f 1708 1707 1196
f 1198 1708 1196
f 1208 1708 1198
f 1706 1708 1208
f 1210 1706 1208
f 1705 1706 1210
f 1212 1705 1210
f 1703 1705 1212
f 1214 1703 1212
f 1709 1703 1214
f 1216 1709 1214
f 1711 1709 1216
f 1218 1711 1216
f 1713 1711 1218
f 1715 1713 1218
f 1253 1715 1218
f 1614 1498 1616
f 1497 1498 1614
f 1611 1497 1614
f 1609 1497 1611
f 1495 1497 1609
f 1607 1495 1609
f 1493 1495 1607
f 1608 1493 1607
f 1492 1493 1608
f 1505 1502 1501
f 1139 1508 1505
f 1140 1508 1139
f 1509 1508 1140
f 1142 1509 1140
f 1511 1509 1142
f 1144 1511 1142
f 1513 1511 1144
f 1146 1513 1144
f 1515 1513 1146
f 1518 1515 1146
f 1147 1518 1146
f 1150 1518 1147
f 1519 1518 1150
f 1152 1519 1150
f 1521 1519 1152
f 1524 1521 1152
f 1153 1524 1152
f 1156 1524 1153
f 1525 1524 1156
f 1528 1525 1156
f 1157 1528 1156
f 1161 1528 1157
f 1529 1528 1161
f 1533 1529 1161
f 1536 1533 1161
f 1162 1536 1161
f 1535 1536 1162
f 1167 1535 1162
f 1554 1535 1167
f 1551 1535 1554
f 1549 1535 1551
f 1547 1535 1549
f 1534 1535 1547
f 1545 1534 1547
f 1542 1534 1545
f 1531 1534 1542
f 1539 1531 1542
f 1139 1505 1501
f 1137 1139 1501
f 1135 1137 1501
f 1499 1135 1501
f 1134 1135 1499
f 1496 1134 1499
f 1494 1134 1496
f 1132 1134 1494
f 1491 1132 1494
f 1130 1132 1491
f 1488 1130 1491
f 1486 1130 1488
f 526 808 805
f 525 526 805
f 802 525 805
f 800 525 802
f 522 525 800
f 521 522 800
f 798 521 800
f 796 521 798
f 517 521 796
f 515 517 796
f 794 515 796
f 514 515 794
f 791 514 794
f 789 514 791
f 512 514 789
f 787 512 789
f 510 512 787
f 784 510 787
f 506 510 784
f 783 506 784
f 504 506 783
f 780 504 783
f 503 504 780
f 777 503 780
f 501 503 777
f 775 501 777
f 499 501 775
f 771 499 775
f 770 499 771
f 497 499 770
f 763 497 770
f 496 497 763
f 760 496 763
f 758 496 760
f 495 496 758
f 753 495 758
f 757 495 753
f 492 495 757
f 491 492 757
f 754 491 757
f 756 491 754
f 489 491 756
f 486 489 756
f 485 486 756
f 755 485 756
f 480 485 755
f 752 480 755
f 478 480 752
f 750 478 752
f 476 478 750
f 749 476 750
f 475 476 749
f 747 475 749
f 474 475 747
f 745 474 747
f 742 474 745
f 740 474 742
f 472 474 740
f 737 472 740
f 735 472 737
f 470 472 735
f 732 470 735
f 467 470 732
f 730 467 732
f 465 467 730
f 727 465 730
f 464 465 727
f 724 464 727
f 722 464 724
f 463 464 722
f 721 463 722
f 451 463 721
f 450 451 721
f 719 450 721
f 718 450 719
f 448 450 718
f 446 448 718
f 717 446 718
f 444 446 717
f 443 444 717
f 714 443 717
f 713 443 714
f 441 443 713
f 710 441 713
f 528 808 526
f 530 808 528
f 532 808 530
f 809 808 532
f 817 809 532
f 533 817 532
f 820 817 533
f 535 820 533
f 822 820 535
f 825 822 535
f 537 825 535
f 826 825 537
f 543 826 537
f 544 826 543
f 828 826 544
f 831 828 544
f 545 831 544
f 833 831 545
f 836 833 545
f 546 836 545
f 838 836 546
f 550 838 546
f 551 838 550
f 839 838 551
f 842 839 551
f 552 842 551
f 555 842 552
f 844 842 555
f 556 844 555
f 559 844 556
f 847 844 559
f 560 847 559
f 563 847 560
f 849 847 563
f 852 849 563
f 564 852 563
f 853 852 564
f 566 853 564
f 855 853 566
f 568 855 566
f 856 855 568
f 859 856 568
f 569 859 568
f 861 859 569
f 864 861 569
f 570 864 569
f 866 864 570
f 869 866 570
f 571 869 570
f 573 869 571
f 870 869 573
f 873 870 573
f 575 873 573
f 874 873 575
f 877 874 575
f 577 877 575
f 879 877 577
f 579 879 577
f 582 879 579
f 878 879 582
f 881 878 582
f 583 881 582
f 585 881 583
f 882 881 585
f 885 882 585
f 586 885 585
f 887 885 586
f 589 887 586
f 889 887 589
f 590 889 589
f 592 889 590
f 891 889 592
f 595 891 592
f 893 891 595
f 895 893 595
f 598 895 595
f 897 895 598
f 899 897 598
f 599 899 598
f 602 899 599
f 900 899 602
f 603 900 602
f 606 900 603
f 901 900 606
f 608 901 606
f 902 901 608
f 904 902 608
f 609 904 608
f 612 904 609
f 905 904 612
f 910 905 612
f 613 910 612
f 911 910 613
f 615 911 613
f 618 911 615
f 912 911 618
f 915 912 618
f 917 915 618
f 619 917 618
f 919 917 619
f 922 919 619
f 620 922 619
f 623 922 620
f 924 922 623
f 625 924 623
f 926 924 625
f 929 926 625
f 626 929 625
f 932 929 626
f 628 932 626
f 934 932 628
f 634 934 628
f 937 934 634
f 635 937 634
f 939 937 635
f 942 939 635
f 636 942 635
f 944 942 636
f 947 944 636
f 637 947 636
f 639 947 637
f 948 947 639
f 643 948 639
f 949 948 643
f 645 949 643
f 951 949 645
f 647 951 645
f 953 951 647
f 649 953 647
f 955 953 649
f 958 955 649
f 650 958 649
f 960 958 650
f 653 960 650
f 962 960 653
f 965 962 653
f 654 965 653
f 656 965 654
f 967 965 656
f 658 967 656
f 969 967 658
f 973 969 658
f 659 973 658
f 974 973 659
f 664 974 659
f 977 974 664
f 979 977 664
f 665 979 664
f 982 979 665
f 985 982 665
f 987 985 665
f 666 987 665
f 668 987 666
f 988 987 668
f 670 988 668
f 990 988 670
f 993 990 670
f 672 993 670
f 995 993 672
f 674 995 672
f 998 995 674
f 1001 998 674
f 676 1001 674
f 678 1001 676
f 1004 1001 678
f 1007 1004 678
f 680 1007 678
f 1009 1007 680
f 682 1009 680
f 1011 1009 682
f 683 1011 682
f 1013 1011 683
f 685 1013 683
f 688 1013 685
f 1014 1013 688
f 1017 1014 688
f 689 1017 688
f 1020 1017 689
f 692 1020 689
f 696 1020 692
f 1021 1020 696
f 1023 1021 696
f 697 1023 696
f 1025 1023 697
f 699 1025 697
f 1026 1025 699
f 1031 1026 699
f 1034 1031 699
f 700 1034 699
f 703 1034 700
f 1036 1034 703
f 704 1036 703
f 1039 1036 704
f 706 1039 704
f 1041 1039 706
f 1043 1041 706
f 707 1043 706
f 8048 1043 707
f 725 1043 8048
f 1042 1043 725
f 726 1042 725
f 728 1042 726
f 1040 1042 728
f 1044 1040 728
f 729 1044 728
f 1046 1044 729
f 731 1046 729
f 1048 1046 731
f 733 1048 731
f 1051 1048 733
f 734 1051 733
f 1052 1051 734
f 1055 1052 734
f 736 1055 734
f 738 1055 736
f 1057 1055 738
f 1060 1057 738
f 739 1060 738
f 1061 1060 739
f 741 1061 739
f 1064 1061 741
f 743 1064 741
f 1066 1064 743
f 8045 1066 743
f 766 1066 8045
f 767 1066 766
f 1065 1066 767
f 1067 1065 767
f 768 1067 767
f 1075 1067 768
f 1073 1067 1075
f 1069 1067 1073
f 1063 1067 1069
f 307 534 531
f 305 307 531
f 529 305 531
f 527 305 529
f 304 305 527
f 524 304 527
f 523 304 524
f 302 304 523
f 293 302 523
f 520 293 523
f 291 293 520
f 518 291 520
f 289 291 518
f 516 289 518
f 288 289 516
f 513 288 516
f 511 288 513
f 287 288 511
f 507 287 511
f 509 287 507
f 284 287 509
f 282 284 509
f 508 282 509
f 279 282 508
f 278 279 508
f 505 278 508
f 502 278 505
f 277 278 502
f 500 277 502
f 498 277 500
f 274 277 498
f 494 274 498
f 493 274 494
f 273 274 493
f 490 273 493
f 488 273 490
f 272 273 488
f 487 272 488
f 270 272 487
f 269 270 487
f 484 269 487
f 483 269 484
f 265 269 483
f 264 265 483
f 482 264 483
f 8050 264 482
f 309 534 307
f 536 534 309
f 539 536 309
f 310 539 309
f 541 539 310
f 548 541 310
f 311 548 310
f 314 548 311
f 549 548 314
f 553 549 314
f 315 553 314
f 554 553 315
f 317 554 315
f 557 554 317
f 324 557 317
f 326 557 324
f 558 557 326
f 561 558 326
f 328 561 326
f 562 561 328
f 565 562 328
f 329 565 328
f 332 565 329
f 567 565 332
f 572 567 332
f 333 572 332
f 574 572 333
f 335 574 333
f 576 574 335
f 339 576 335
f 578 576 339
f 341 578 339
f 580 578 341
f 345 580 341
f 581 580 345
f 584 581 345
f 346 584 345
f 587 584 346
f 347 587 346
f 588 587 347
f 349 588 347
f 591 588 349
f 594 591 349
f 353 594 349
f 355 594 353
f 357 594 355
f 593 594 357
f 596 593 357
f 358 596 357
f 597 596 358
f 600 597 358
f 359 600 358
f 362 600 359
f 601 600 362
f 604 601 362
f 363 604 362
f 366 604 363
f 605 604 366
f 607 605 366
f 610 607 366
f 367 610 366
f 370 610 367
f 611 610 370
f 614 611 370
f 371 614 370
f 616 614 371
f 373 616 371
f 375 616 373
f 617 616 375
f 621 617 375
f 377 621 375
f 622 621 377
f 378 622 377
f 624 622 378
f 627 624 378
f 631 627 378
f 379 631 378
f 381 631 379
f 632 631 381
f 638 632 381
f 641 638 381
f 382 641 381
f 385 641 382
f 640 641 385
f 388 640 385
f 642 640 388
f 390 642 388
f 644 642 390
f 396 644 390
f 646 644 396
f 397 646 396
f 648 646 397
f 651 648 397
f 398 651 397
f 400 651 398
f 652 651 400
f 655 652 400
f 401 655 400
f 657 655 401
f 660 657 401
f 402 660 401
f 662 660 402
f 403 662 402
f 407 662 403
f 663 662 407
f 667 663 407
f 408 667 407
f 669 667 408
f 410 669 408
f 412 669 410
f 671 669 412
f 417 671 412
f 673 671 417
f 418 673 417
f 675 673 418
f 677 675 418
f 419 677 418
f 423 677 419
f 679 677 423
f 425 679 423
f 681 679 425
f 684 681 425
f 426 684 425
f 429 684 426
f 686 684 429
f 431 686 429
f 300 306 301
f 298 300 301
f 312 306 300
f 313 312 300
f 1178 1183 1180
f 8044 1183 1178
f 840 1183 8044
f 1185 1183 840
f 841 1185 840
f 1187 1185 841
f 843 1187 841
f 1195 1187 843
f 845 1195 843
f 1197 1195 845
f 1200 1197 845
f 846 1200 845
f 1202 1200 846
f 848 1202 846
f 850 1202 848
f 1203 1202 850
f 8043 1203 850
f 857 1203 8043
f 1204 1203 857
f 858 1204 857
f 1206 1204 858
f 860 1206 858
f 1207 1206 860
f 862 1207 860
f 1209 1207 862
f 1211 1209 862
f 863 1211 862
f 1213 1211 863
f 865 1213 863
f 1215 1213 865
f 867 1215 865
f 1217 1215 867
f 1220 1217 867
f 1223 1220 867
f 868 1223 867
f 1224 1223 868
f 871 1224 868
f 1226 1224 871
f 1229 1226 871
f 872 1229 871
f 875 1229 872
f 1230 1229 875
f 1233 1230 875
f 876 1233 875
f 880 1233 876
f 883 1233 880
f 1232 1233 883
f 1235 1232 883
f 884 1235 883
f 1237 1235 884
f 886 1237 884
f 1239 1237 886
f 888 1239 886
f 890 1239 888
f 908 1239 890
f 913 1239 908
f 1238 1239 913
f 914 1238 913
f 1240 1238 914
f 916 1240 914
f 1242 1240 916
f 918 1242 916
f 1244 1242 918
f 1246 1244 918
f 920 1246 918
f 1247 1246 920
f 1251 1247 920
f 921 1251 920
f 923 1251 921
f 925 1251 923
f 1250 1251 925
f 927 1250 925
f 1252 1250 927
f 1255 1252 927
f 928 1255 927
f 1257 1255 928
f 930 1257 928
f 1259 1257 930
f 931 1259 930
f 1261 1259 931
f 1265 1261 931
f 933 1265 931
f 1275 1265 933
f 1277 1275 933
f 935 1277 933
f 1278 1277 935
f 1281 1278 935
f 1283 1281 935
f 936 1283 935
f 318 316 313
f 300 318 313
f 299 318 300
f 321 318 299
f 155 322 323
f 153 155 323
f 320 153 323
f 321 153 320
f 152 153 321
f 299 152 321
f 297 152 299
f 150 152 297
f 295 150 297
f 147 150 295
f 146 147 295
f 292 146 295
f 290 146 292
f 145 146 290
f 286 145 290
f 285 145 286
f 138 145 285
f 283 138 285
f 137 138 283
f 281 137 283
f 136 137 281
f 280 136 281
f 163 322 155
f 325 322 163
f 164 325 163
f 327 325 164
f 330 327 164
f 165 330 164
f 331 330 165
f 334 331 165
f 166 334 165
f 336 334 166
f 167 336 166
f 338 336 167
f 170 338 167
f 172 338 170
f 174 338 172
f 337 338 174
f 340 337 174
f 343 340 174
f 175 343 174
f 154 61 62
f 156 154 62
f 64 156 62
f 158 156 64
f 66 158 64
f 169 158 66
f 68 169 66
f 168 169 68
f 151 61 154
f 148 61 151
f 59 61 148
f 149 59 148
f 57 59 149
f 144 57 149
f 142 57 144
f 56 57 142
f 141 56 142
f 54 56 141
f 133 54 141
f 129 54 133
f 52 54 129
f 127 52 129
f 51 52 127
f 124 51 127
f 122 51 124
f 50 51 122
f 120 50 122
f 119 50 120
f 8053 50 119
f 114 8053 119
f 111 114 119
f 116 111 119
f 179 171 168
f 68 179 168
f 69 179 68
f 180 179 69
f 73 180 69
f 182 180 73
f 74 182 73
f 77 182 74
f 181 182 77
f 185 181 77
f 191 185 77
f 78 191 77
f 80 191 78
f 192 191 80
f 196 192 80
f 197 196 80
f 83 197 80
f 199 197 83
f 203 199 83
f 84 203 83
f 204 203 84
f 207 204 84
f 87 207 84
f 209 207 87
f 89 209 87
f 210 209 89
f 213 210 89
f 91 213 89
f 214 213 91
f 94 214 91
f 217 214 94
f 227 217 94
f 95 227 94
f 229 227 95
f 97 229 95
f 100 229 97
f 228 229 100
f 231 228 100
f 233 231 100
f 236 233 100
f 101 236 100
f 103 236 101
f 237 236 103
f 240 237 103
f 104 240 103
f 242 240 104
f 106 242 104
f 109 242 106
f 243 242 109
f 246 243 109
f 110 246 109
f 247 246 110
f 250 247 110
f 348 344 343
f 351 348 343
f 175 351 343
f 186 351 175
f 352 351 186
f 187 352 186
f 354 352 187
f 188 354 187
f 8052 354 188
f 360 356 354
f 8052 360 354
f 193 360 8052
f 361 360 193
f 364 361 193
f 194 364 193
f 365 364 194
f 368 365 194
f 198 368 194
f 200 368 198
f 369 368 200
f 372 369 200
f 201 372 200
f 374 372 201
f 8051 374 201
f 8051 380 376
f 374 8051 376
f 383 380 8051
f 205 383 8051
f 206 383 205
f 384 383 206
f 387 384 206
f 208 387 206
f 211 387 208
f 386 387 211
f 389 386 211
f 212 389 211
f 215 389 212
f 391 389 215
f 393 391 215
f 216 393 215
f 394 393 216
f 220 394 216
f 222 394 220
f 1314 1307 1305
f 8042 1314 1305
f 945 8042 1305
f 943 945 1305
f 1303 943 1305
f 941 943 1303
f 940 941 1303
f 1299 940 1303
f 1297 940 1299
f 1296 940 1297
f 938 940 1296
f 1293 938 1296
f 1294 938 1293
f 936 938 1294
f 1283 936 1294
f 1291 1283 1294
f 1285 1283 1291
f 1310 1307 1314
f 404 399 395
f 394 404 395
f 222 404 394
f 405 404 222
f 223 405 222
f 406 405 223
f 409 406 223
f 224 409 223
f 411 409 224
f 416 411 224
f 225 416 224
f 421 416 225
f 230 421 225
f 232 421 230
f 420 421 232
f 422 420 232
f 234 422 232
f 424 422 234
f 427 424 234
f 235 427 234
f 428 427 235
f 238 428 235
f 430 428 238
f 432 430 238
f 239 432 238
f 434 432 239
f 241 434 239
f 244 434 241
f 435 434 244
f 439 435 244
f 245 439 244
f 248 439 245
f 440 439 248
f 442 440 248
f 249 442 248
f 445 442 249
f 251 445 249
f 447 445 251
f 254 447 251
f 449 447 254
f 452 449 254
f 455 452 254
f 255 455 254
f 457 455 255
f 257 457 255
f 259 457 257
f 456 457 259
f 460 456 259
f 8050 460 259
f 461 460 8050
f 482 461 8050
f 479 461 482
f 477 461 479
f 473 461 477
f 471 461 473
f 431 687 686
f 691 687 431
f 433 691 431
f 436 691 433
f 690 691 436
f 693 690 436
f 437 693 436
f 695 693 437
f 438 695 437
f 441 695 438
f 710 695 441
f 711 695 710
f 708 695 711
f 701 695 708
f 694 695 701
f 117 253 250
f 256 253 117
f 118 256 117
f 121 256 118
f 258 256 121
f 261 258 121
f 123 261 121
f 125 261 123
f 263 261 125
f 134 263 125
f 266 263 134
f 135 266 134
f 268 266 135
f 136 268 135
f 280 268 136
f 454 466 462
f 469 466 454
f 458 469 454
f 461 469 458
f 471 469 461
f 468 469 471
f 271 267 268
f 280 271 268
f 276 271 280
f 1492 1597 1596
f 1599 1597 1492
f 1608 1599 1492
f 1604 1599 1608
f 2770 2999 2998
f 2768 2770 2998
f 2766 2768 2998
f 2994 2766 2998
f 2992 2766 2994
f 2772 2999 2770
f 3000 2999 2772
f 3003 3000 2772
f 2773 3003 2772
f 2775 3003 2773
f 3004 3003 2775
f 2777 3004 2775
f 3007 3004 2777
f 2778 3007 2777
f 3012 3007 2778
f 2780 3012 2778
f 3014 3012 2780
f 2781 3014 2780
f 3016 3014 2781
f 2783 3016 2781
f 2786 3016 2783
f 2788 3016 2786
f 3015 3016 2788
f 3017 3015 2788
f 2789 3017 2788
f 3020 3017 2789
f 3023 3020 2789
f 2791 3023 2789
f 2798 3023 2791
f 3024 3023 2798
f 2799 3024 2798
f 3026 3024 2799
f 3035 3026 2799
f 3032 3026 3035
f 3028 3026 3032
f 4074 3864 3866
f 4096 4074 3866
f 4094 4074 4096
f 4073 4074 4094
f 4092 4073 4094
f 4075 4073 4092
f 4089 4075 4092
f 4081 4075 4089
f 4080 4075 4081
f 4072 3864 4074
f 3862 3864 4072
f 4070 3862 4072
f 3861 3862 4070
f 4067 3861 4070
f 4066 3861 4067
f 3859 3861 4066
f 4063 3859 4066
f 3855 3859 4063
f 4061 3855 4063
f 3853 3855 4061
f 3851 3853 4061
f 4058 3851 4061
f 3850 3851 4058
f 4141 3926 3927
f 4140 4141 3927
f 4128 3926 4141
f 4141 4129 4128
f 4136 4129 4141
f 4132 4129 4136
f 4140 3927 4146
f 4142 4140 4146
f 4859 4848 4851
f 4683 4859 4851
f 4860 4859 4683
f 4684 4860 4683
f 4866 4860 4684
f 4686 4866 4684
f 4868 4866 4686
f 4687 4868 4686
f 4689 4868 4687
f 4869 4868 4689
f 4872 4869 4689
f 4874 4872 4689
f 7455 4874 4689
f 4883 4874 7455
f 4879 4874 4883
f 4875 4874 4879
f 4853 4848 4859
f 4512 4332 4333
f 4335 4512 4333
f 4514 4512 4335
f 4337 4514 4335
f 4509 4332 4512
f 4514 4516 4513
f 4520 4516 4514
f 4337 4520 4514
f 4339 4520 4337
f 4522 4520 4339
f 4340 4522 4339
f 4342 4522 4340
f 4524 4522 4342
f 4528 4524 4342
f 4530 4528 4342
f 4343 4530 4342
f 4532 4530 4343
f 4344 4532 4343
f 4533 4532 4344
f 4348 4533 4344
f 4539 4533 4348
f 4535 4533 4539
f 4546 4723 4720
f 4727 4723 4546
f 5570 5430 5431
f 5571 5570 5431
f 5574 5571 5431
f 5435 5574 5431
f 5576 5574 5435
f 5437 5576 5435
f 5578 5576 5437
f 5581 5578 5437
f 5438 5581 5437
f 5582 5581 5438
f 5439 5582 5438
f 5443 5582 5439
f 5583 5582 5443
f 5589 5583 5443
f 5586 5583 5589
f 5737 5598 5599
f 5602 5737 5599
f 5740 5737 5602
f 5750 5740 5602
f 5747 5740 5750
f 5743 5740 5747
f 5735 5598 5737
f 5909 5907 5908
f 5912 5909 5908
f 5915 5912 5908
f 3228 8142 3524
f 3208 3225 3221
f 7514 4059 4060
f 7513 4059 7514
f 4075 4076 4080
f 110 117 250
f 3209 3210 3213
f 4234 4224 4220
f 4235 4234 8141
f 4257 4263 4258
f 3865 8122 3868
f 1172 1169 1173
f 3850 4058 4057
f 3208 8054 3225
f 3227 8142 3228
f 4055 7507 4056
f 8143 8144 8145
f 8146 8145 8144
f 8147 8146 8144
f 8148 8147 8144
f 8149 8148 8144
f 8143 8149 8144
f 8150 8149 8143
f 8151 8150 8143
f 8152 8151 8143
f 8145 8152 8143
f 8153 8152 8145
f 8154 8153 8145
f 8146 8154 8145
f 8155 8156 8157
f 8158 8155 8157
f 8159 8155 8158
f 8160 8159 8158
f 8161 8159 8160
f 8162 8161 8160
f 8163 8161 8162
f 8164 8163 8162
f 8165 8163 8164
f 8166 8165 8164
f 8167 8165 8166
f 8168 8167 8166
f 8169 8168 8166
f 8170 8168 8169
f 8171 8168 8170
f 8172 8171 8170
f 8173 8171 8172
f 8174 8173 8172
f 8175 8173 8174
f 8176 8175 8174
f 8177 8175 8176
f 8178 8179 8180
f 8181 8179 8178
f 8182 8181 8178
f 8183 8182 8178
f 8184 8182 8183
f 8185 8184 8183
f 8186 8184 8185
f 8187 8186 8185
f 8188 8186 8187
f 8189 8188 8187
f 8190 8188 8189
f 8191 8188 8190
f 8192 8193 8194
f 8195 8193 8192
f 8196 8195 8192
f 8197 8198 8199
f 8200 8198 8197
f 8197 8191 8200
f 8188 8191 8197
f 8186 8188 8197
f 8199 8186 8197
f 8184 8186 8199
f 8201 8184 8199
f 8182 8184 8201
f 8181 8182 8201
f 8202 8181 8201
f 8203 8181 8202
f 8179 8181 8203
f 8175 8177 8196
f 8153 8154 8204
f 8175 8196 8192
f 8173 8175 8192
f 8171 8173 8192
f 8148 8157 8147
f 8158 8157 8148
f 8160 8158 8148
f 8149 8160 8148
f 8162 8160 8149
f 8150 8162 8149
f 8164 8162 8150
f 8151 8164 8150
f 8166 8164 8151
f 8169 8166 8151
f 8152 8169 8151
f 8170 8169 8152
f 8153 8170 8152
f 8172 8170 8153
f 8204 8172 8153
f 8174 8172 8204
f 8155 8180 8156
f 8159 8180 8155
f 8178 8180 8159
f 8183 8178 8159
f 8161 8183 8159
f 8185 8183 8161
f 8163 8185 8161
f 8187 8185 8163
f 8165 8187 8163
f 8189 8187 8165
f 8167 8189 8165
f 8190 8189 8167
f 8194 8190 8167
f 8168 8194 8167
f 8192 8194 8168
f 8171 8192 8168
f 8205 8206 8207
f 8208 8206 8205
f 8209 8208 8205
f 8210 8209 8205
f 8211 8210 8205
f 8212 8210 8211
f 8213 8212 8211
f 8214 8213 8211
f 8215 8213 8214
f 8216 8215 8214
f 8217 8216 8214
f 8211 8217 8214
f 8218 8217 8211
f 8219 8217 8218
f 8220 8219 8218
f 8221 8219 8220
f 8222 8221 8220
f 8223 8224 8225
f 8226 8223 8225
f 8227 8223 8226
f 8228 8223 8227
f 8229 8228 8227
f 8230 8229 8227
f 8231 8229 8230
f 8232 8231 8230
f 8233 8231 8232
f 8234 8233 8232
f 8235 8234 8232
f 8236 8234 8235
f 8237 8236 8235
f 8238 8236 8237
f 8239 8238 8237
f 8240 8239 8241
f 8242 8240 8241
f 8243 8244 8245
f 8246 8244 8243
f 8247 8246 8243
f 8248 8247 8243
f 8249 8247 8248
f 8250 8249 8248
f 8251 8249 8250
f 8252 8251 8250
f 8253 8251 8252
f 8254 8253 8252
f 8255 8254 8252
f 8256 8253 8254
f 8257 8256 8254
f 8258 8253 8256
f 8259 8258 8256
f 8249 8251 8253
f 8258 8249 8253
f 8247 8249 8258
f 8246 8247 8258
f 8260 8246 8258
f 8259 8260 8258
f 8261 8246 8260
f 8262 8246 8261
f 8263 8262 8261
f 8260 8263 8261
f 8244 8246 8262
f 8263 8264 8262
f 8242 8264 8263
f 8240 8242 8263
f 8238 8239 8240
f 8236 8238 8240
f 8217 8219 8265
f 8216 8217 8265
f 8209 8210 8212
f 8205 8218 8211
f 8207 8218 8205
f 8220 8218 8207
f 8222 8220 8207
f 8236 8240 8263
f 8260 8236 8263
f 8234 8236 8260
f 8259 8234 8260
f 8233 8234 8259
f 8256 8233 8259
f 8257 8233 8256
f 8231 8233 8257
f 8229 8231 8257
f 8228 8229 8257
f 8254 8228 8257
f 8255 8228 8254
f 8223 8228 8255
f 8224 8223 8255
f 8252 8224 8255
f 8243 8266 8248
f 8245 8266 8243
f 8235 8215 8237
f 8213 8215 8235
f 8232 8213 8235
f 8230 8213 8232
f 8212 8213 8230
f 8227 8212 8230
f 8209 8212 8227
f 8226 8209 8227
f 8208 8209 8226
f 8225 8208 8226
