# Reduced PyMOL surface OBJ
v 3.692051 -13.635906 -18.849075
v 4.091383 -14.197300 -18.239456
v 3.688504 -14.354696 -18.490738
v 3.254580 -14.845400 -18.021713
v 3.197593 -14.751296 -18.923355
v 2.763668 -15.242000 -18.454346
v 2.821956 -15.545400 -17.754333
v 3.521955 -15.278024 -17.321716
v 4.290604 -14.849468 -17.231155
v 4.816055 -14.094194 -17.630692
v 4.392051 -13.368528 -18.416458
v 4.124675 -12.935905 -19.116455
v 3.633763 -13.332506 -19.549072
v 3.232684 -14.483115 -19.682236
v 3.466276 -14.093889 -20.584015
v 2.373620 -14.811249 -20.213165
v 2.664603 -15.181890 -19.393066
v 1.904603 -15.245173 -19.722473
v 1.972171 -15.596646 -18.965118
v 1.471980 -15.736085 -19.325867
v 1.539547 -16.296646 -18.697739
v 2.273331 -16.016365 -18.244232
v 1.936147 -16.729271 -18.206833
v 2.488580 -16.916418 -17.968460
v 2.986508 -16.369841 -17.482162
v 3.289908 -17.069839 -17.540451
v 3.521955 -16.678024 -17.321716
v 3.218555 -15.978024 -17.263428
v 3.857980 -16.414715 -16.963776
v 3.857980 -15.549468 -16.963776
v 4.254580 -15.982092 -16.472870
v 4.557980 -15.282092 -16.531158
v 5.006279 -16.082697 -16.250244
v 5.325354 -15.483302 -16.295013
v 5.105372 -14.562320 -16.873245
v 5.970620 -14.562320 -16.873245
v 5.537996 -14.071408 -17.269836
v 6.295604 -14.061562 -17.764740
v 5.322603 -13.338291 -18.292099
v 6.253156 -13.368528 -18.416458
v 5.820532 -12.877619 -18.813049
v 4.824675 -12.877619 -18.813049
v 4.824675 -12.668530 -19.549072
v 5.897604 -12.518183 -19.915359
v 5.011139 -12.772594 -20.307480
v 4.124675 -12.935905 -19.981705
v 4.701996 -13.067696 -20.827469
v 5.230257 -12.614737 -21.280594
v 4.714709 -13.271929 -21.713364
v 4.118604 -13.753514 -21.188034
v 4.118604 -13.753514 -22.238693
v 3.383487 -14.193836 -21.713364
v 3.374269 -13.919834 -22.625793
v 2.826928 -14.360519 -21.895233
v 2.571553 -14.596854 -21.036453
v 1.954604 -14.416194 -21.516235
v 1.814112 -14.747410 -20.648392
v 1.254604 -14.683570 -21.083603
v 0.943879 -15.320935 -20.529846
v 1.204604 -15.303461 -20.025864
v 0.511255 -16.020935 -20.262466
v 0.771980 -16.003460 -19.758499
v 0.452968 -15.717535 -20.962479
v 0.243878 -16.453560 -20.962479
v 0.284658 -16.696451 -20.488525
v 0.342946 -16.999851 -19.788513
v 0.075570 -17.432476 -20.488525
v 0.342946 -17.865099 -19.788513
v 0.739546 -17.432476 -19.297607
v 1.234932 -16.810513 -18.912354
v 1.392180 -17.775585 -18.742447
v 1.631532 -17.243137 -18.421448
v 1.984954 -17.731300 -18.279724
v 2.288354 -18.546185 -18.338013
v 2.756479 -17.673859 -18.048691
v 3.224604 -18.546185 -18.222351
v 3.749932 -17.696184 -17.897690
v 4.118346 -18.546185 -17.968460
v 4.599933 -18.020855 -17.372360
v 4.167931 -17.134733 -17.176361
v 4.925372 -17.424049 -16.708237
v 4.557980 -16.682091 -16.531158
v 5.325354 -16.883301 -16.295013
v 6.029205 -17.813068 -16.236725
v 6.261603 -16.998184 -16.179352
v 5.757977 -16.183302 -16.027634
v 6.494001 -16.183302 -16.236725
v 6.190601 -15.483302 -16.295013
v 6.890601 -15.750678 -16.727631
v 6.670620 -14.829696 -17.305862
v 6.948889 -15.447278 -17.427628
v 6.995604 -15.194185 -18.197357
v 6.871142 -14.287179 -18.264923
v 7.285898 -14.724480 -18.957352
v 7.535295 -13.952235 -19.015961
v 7.284909 -13.110569 -19.148315
v 8.073948 -12.968903 -19.013290
v 7.641324 -12.268902 -19.280655
v 6.826906 -12.555914 -19.698120
v 6.520532 -12.935905 -19.116455
v 7.406601 -11.783447 -20.000839
v 6.747604 -12.193512 -20.440689
v 7.272933 -11.343513 -20.765350
v 6.422933 -11.668182 -21.290680
v 5.940347 -12.363686 -20.821548
v 5.680369 -11.747486 -21.653091
v 5.988656 -10.875626 -21.718735
v 5.040532 -11.420233 -22.072449
v 5.084255 -12.449188 -21.828247
v 4.643932 -11.852856 -22.563354
v 4.643932 -12.903515 -22.563354
v 4.162346 -12.378185 -23.159470
v 3.920244 -13.272736 -23.148270
v 3.394644 -12.904423 -23.755325
v 3.387996 -13.523695 -23.249237
v 2.573112 -13.834953 -23.752869
v 2.804604 -14.209514 -22.888687
v 2.007436 -14.396013 -23.243134
v 1.954604 -14.534184 -22.363358
v 1.254604 -14.683570 -22.777863
v 1.254604 -14.683570 -21.948853
v 0.763693 -15.198160 -22.363358
v 0.625197 -15.227102 -21.646790
v 0.277613 -16.110058 -21.777359
v 0.465833 -15.695616 -22.732803
v 0.243878 -16.453560 -22.592239
v 0.395603 -16.957184 -21.777359
v 0.489710 -17.263443 -22.632355
v 0.185852 -17.012779 -23.640030
v 0.418932 -17.631855 -23.482361
v 0.743604 -18.157185 -22.632355
v 0.280621 -18.157185 -21.002594
v 0.418932 -18.682514 -21.782364
v 0.151556 -19.115137 -21.082352
v 0.418932 -18.682514 -20.382355
v 0.284658 -18.168499 -20.488525
v 0.418932 -19.547760 -20.382355
v 0.735582 -18.880556 -19.860413
v 0.923546 -19.647474 -19.891602
v 1.118400 -19.119808 -19.309265
v 0.995580 -18.208210 -19.233353
v 1.551677 -18.807816 -18.794495
v 1.337852 -20.054836 -19.119034
v 1.984954 -19.361069 -18.279724
v 2.269292 -20.214571 -18.383011
v 2.720978 -19.361069 -18.070633
v 2.986606 -19.960068 -17.980011
v 3.749932 -19.396185 -17.897690
v 3.933700 -19.910490 -17.640701
v 4.599933 -19.071514 -17.372360
v 4.290933 -20.370514 -17.014359
v 4.786432 -19.425962 -16.575195
v 5.027978 -18.637238 -16.579803
v 5.128980 -19.202579 -15.409119
v 5.506613 -18.260687 -16.089737
v 5.828979 -18.935204 -14.976501
v 6.234108 -18.323345 -15.579712
v 6.376487 -18.813837 -14.550354
v 7.111604 -18.373514 -15.004684
v 6.786932 -17.848186 -15.854691
v 7.636932 -17.523514 -15.329361
v 7.174034 -17.103851 -16.021011
v 8.069556 -16.823513 -15.596725
v 7.711131 -16.579201 -16.323608
v 8.515604 -16.278086 -16.662216
v 7.606658 -16.403851 -17.153625
v 8.515604 -16.487175 -17.398239
v 7.656540 -16.484001 -17.728348
v 7.222615 -15.993297 -18.197357
v 7.755604 -16.423891 -18.667068
v 7.285898 -15.663891 -18.957352
v 8.045898 -15.954185 -19.427063
v 7.716493 -15.194185 -19.490341
v 8.515604 -15.194185 -19.717361
v 8.045898 -14.434185 -19.427063
v 9.038975 -14.352738 -19.519135
v 8.717478 -13.423861 -19.187698
v 9.710932 -13.446186 -19.036682
v 9.408034 -12.904522 -18.791000
v 10.260242 -12.960001 -18.359726
v 9.768088 -12.162792 -18.292587
v 9.104634 -12.204521 -18.732712
v 9.301603 -11.455320 -18.545258
v 8.565579 -11.455320 -18.754349
v 8.263206 -12.195303 -19.006714
v 7.866606 -11.762680 -19.497635
v 8.168980 -11.022697 -19.245255
v 7.713255 -10.818184 -20.030243
v 8.109855 -10.314558 -19.539322
v 7.713255 -9.881935 -20.030243
v 7.423939 -10.350060 -20.787674
v 7.654967 -9.578535 -20.730240
v 7.130863 -9.897688 -21.517807
v 6.791347 -10.818184 -21.361465
v 6.312106 -10.118183 -21.764740
v 6.734287 -9.253353 -22.392242
v 5.947752 -9.622259 -22.677368
v 5.478020 -10.552896 -22.164047
v 5.076556 -10.287609 -22.830734
v 4.643932 -10.987610 -22.563354
v 4.108864 -10.781553 -23.409317
v 4.108864 -11.646799 -23.409317
v 3.841488 -11.214176 -24.109314
v 3.674000 -12.080875 -23.741302
v 3.615713 -11.777475 -24.441299
v 3.175024 -12.500988 -24.674362
v 3.664668 -11.570002 -25.012344
v 3.019282 -12.179565 -25.449738
v 2.456114 -13.031071 -25.150742
v 2.609463 -13.429106 -24.455704
v 2.111410 -13.734297 -25.101364
v 1.775232 -13.190350 -25.981476
v 1.718579 -14.143161 -25.876358
v 1.783112 -14.479068 -25.101364
v 1.344729 -14.974813 -25.575195
v 1.239604 -14.918160 -24.622375
v 0.911322 -14.973698 -24.005981
v 0.618476 -15.447533 -24.772659
v 0.127564 -15.844132 -24.340042
v 0.420410 -15.370297 -23.573349
v 1.254604 -14.683570 -23.643112
v 0.198587 -16.126926 -23.606705
v -0.081524 -16.580156 -24.340042
v 0.185852 -16.147533 -25.040039
v 0.003411 -16.923233 -24.808701
v 0.061699 -17.226631 -24.108704
v -0.205677 -17.659256 -24.808701
v 0.061699 -18.157185 -24.108704
v -0.325173 -18.739670 -24.765747
v -0.302387 -19.100512 -24.043808
v 0.418932 -18.682514 -23.482361
v -0.106397 -19.532513 -23.157684
v 0.489710 -19.050926 -22.632355
v 0.029037 -19.571880 -22.134430
v -0.504220 -20.296238 -22.788330
v -0.180053 -20.307903 -22.134430
v -0.194426 -20.135504 -21.597229
v 0.014664 -19.399479 -21.597229
v 0.072951 -19.702881 -20.897232
v 0.072951 -20.568127 -20.897232
v 0.469551 -20.135504 -20.406311
v 0.740487 -20.902184 -20.370865
v 1.179580 -20.423208 -19.827362
v 1.179580 -21.381161 -19.827362
v 1.585503 -20.913925 -19.090088
v 1.244112 -21.717068 -19.052353
v 1.279564 -21.446133 -18.285675
v 1.859944 -20.580929 -18.719131
v 1.770475 -21.049532 -17.853058
v 1.409939 -21.386833 -17.076782
v 2.105330 -21.361004 -16.720688
v 2.476727 -20.883099 -17.609207
v 2.915604 -21.291290 -17.058105
v 3.440932 -20.695187 -17.539688
v 3.765604 -21.220514 -16.689682
v 2.915604 -21.545185 -16.164352
v 3.787929 -21.371519 -15.696228
v 4.361710 -20.738928 -16.164352
v 4.419997 -21.042328 -15.464355
v 4.764989 -20.259687 -15.464355
v 4.751565 -19.865992 -16.179276
v 5.161589 -20.692310 -14.973450
v 5.559034 -20.125896 -14.768631
v 5.525579 -19.635202 -14.918213
v 5.943863 -19.513836 -14.282990
v 5.949749 -20.468801 -14.280350
v 6.433582 -20.045189 -13.710602
v 6.411604 -19.506138 -13.521408
v 6.792709 -20.470442 -12.794357
v 6.196604 -19.988855 -12.269028
v 5.608479 -18.736320 -12.676270
v 6.304034 -18.777592 -13.192276
v 5.981322 -17.906096 -12.699127
v 6.786932 -17.848186 -13.104034
v 7.111604 -18.373514 -13.954025
v 7.636932 -17.523514 -13.629364
v 7.707709 -17.891928 -14.479355
v 8.104764 -17.008675 -14.671356
v 8.340253 -16.566616 -13.871689
v 8.671668 -16.450001 -14.394333
v 8.572604 -16.389891 -15.333069
v 9.105593 -15.959296 -14.863358
v 9.110067 -16.062241 -15.906693
v 9.596504 -15.562696 -15.295975
v 9.712604 -15.758461 -16.372849
v 9.057554 -16.071079 -16.913651
v 9.757554 -16.012791 -17.217041
v 9.275604 -16.423891 -17.727646
v 9.789092 -16.140980 -18.070862
v 9.275604 -16.423891 -18.667068
v 8.515604 -16.714186 -18.197357
v 8.515604 -16.487175 -18.996475
v 8.985310 -15.954185 -19.427063
v 9.805419 -15.663201 -19.056427
v 9.314715 -15.194185 -19.490341
v 9.794633 -15.101850 -19.144714
v 10.460243 -15.775356 -18.339127
v 10.882311 -15.167185 -18.705063
v 10.278112 -14.338476 -19.153198
v 11.211716 -14.407185 -18.768341
v 10.882311 -13.647186 -18.705063
v 11.642309 -13.937478 -18.235352
v 11.392914 -13.165234 -18.293961
v 12.057064 -13.500179 -17.475357
v 12.379002 -12.845438 -17.758514
v 11.656979 -12.411221 -18.331268
v 10.692867 -12.260000 -18.092346
v 11.125488 -11.559999 -18.359726
v 10.071488 -11.462791 -18.350861
v 10.529329 -10.616810 -18.619247
v 9.771309 -10.680183 -18.691055
v 10.096705 -9.916809 -18.886612
v 9.343362 -9.987751 -19.105820
v 8.868979 -10.755320 -18.812637
v 9.647980 -9.307194 -19.253860
v 8.413255 -9.614557 -19.597610
v 8.845879 -9.123648 -19.994217
v 8.145879 -9.181934 -20.297623
v 8.697268 -8.910833 -20.475784
v 8.145879 -9.181934 -21.162857
v 8.529370 -8.899580 -21.468735
v 7.657045 -9.198559 -21.992416
v 8.449604 -8.770514 -22.426682
v 7.599604 -8.841293 -22.795105
v 8.124932 -8.245184 -23.276688
v 7.134327 -8.352785 -23.360901
v 7.001595 -8.771229 -22.865219
v 6.301596 -8.829515 -23.168625
v 6.238747 -8.451553 -23.689575
v 5.712309 -9.164892 -23.602356
v 5.375818 -8.731579 -24.192337
v 4.823372 -9.310696 -24.450867
v 5.242603 -9.924891 -23.312057
v 4.541488 -10.081553 -23.676682
v 4.391778 -10.018545 -24.713791
v 4.050576 -10.478153 -24.109314
v 4.108864 -10.781553 -24.809311
v 4.325604 -10.280186 -25.481354
v 4.098593 -11.079298 -25.481354
v 4.035310 -10.749893 -26.241364
v 3.565604 -11.509892 -25.951065
v 3.275310 -11.040184 -26.711060
v 2.805604 -11.573175 -26.280472
v 2.335898 -11.040184 -26.711060
v 1.825294 -11.522137 -26.299957
v 2.372980 -12.064085 -25.883865
v 1.376204 -12.189184 -26.087952
v 2.069581 -12.764086 -25.825577
v 1.089271 -11.522137 -26.090881
v 0.640180 -12.189184 -26.297043
v 0.943580 -12.889185 -26.355331
v 0.183156 -12.743843 -26.724457
v 0.611951 -13.330126 -26.946228
v 1.345291 -13.610237 -26.492996
v 0.579930 -13.947734 -27.309372
v 1.278442 -14.508699 -26.616714
v 1.011932 -14.833857 -27.505356
v 1.336603 -15.359185 -26.655350
v 1.011932 -15.884514 -27.505356
v 1.082709 -16.252928 -26.655350
v 1.011932 -15.884514 -25.805359
v 0.637372 -16.748695 -26.036850
v 0.873621 -16.988953 -26.655350
v 0.676054 -17.772486 -26.398041
v 0.148759 -17.284588 -25.685043
v 0.192289 -18.229664 -25.773209
v 0.572309 -18.713890 -26.451355
v -0.131033 -19.078381 -25.911697
v 0.102604 -19.473890 -26.741653
v -0.657396 -19.537174 -26.412247
v -1.045912 -19.163860 -25.499222
v -1.339724 -19.299885 -26.042862
v -1.966914 -18.827894 -25.536789
v -2.234290 -19.260517 -24.836777
v -1.039262 -19.202070 -24.573120
v -1.636068 -19.866184 -24.247681
v -0.749945 -19.670195 -23.815689
v -1.218070 -20.427635 -23.526367
v -2.161397 -20.492529 -23.890457
v -1.578911 -21.149578 -23.503586
v -0.764028 -20.838318 -22.999954
v -0.908514 -21.704185 -23.229858
v -0.469420 -21.225208 -22.686356
v -0.469420 -22.183161 -22.686356
v -0.173397 -21.704185 -21.911362
v -0.285678 -20.898048 -21.911362
v -0.018302 -21.330673 -21.211349
v -0.369435 -22.248133 -21.144669
v 0.121476 -21.851532 -20.712051
v 0.503630 -21.761997 -20.368103
v -0.252678 -22.329920 -20.029602
v 0.700603 -22.156160 -19.531326
v -0.074397 -22.452185 -19.052353
v 0.700603 -22.156160 -18.573380
v -0.074397 -22.220692 -18.237473
v 0.399438 -21.782310 -17.741730
v -0.729087 -21.829100 -17.776932
v -0.210397 -21.456873 -17.379776
v 0.489603 -21.515160 -17.076385
v -0.430686 -21.100437 -16.557419
v 0.509259 -21.099281 -16.091904
v 1.179938 -21.355457 -16.506409
v 1.090055 -21.530212 -15.714844
v 2.100720 -21.602551 -15.931961
v 2.100487 -21.896835 -15.232361
v 2.857928 -21.607519 -15.629486
v 2.915370 -21.585579 -14.728729
v 3.615370 -21.318203 -15.161362
v 3.615370 -21.527290 -14.425339
v 4.315370 -21.585579 -14.728729
v 4.047994 -22.018202 -14.028732
v 4.821275 -22.214184 -14.169693
v 5.437655 -21.421627 -14.597733
v 4.816597 -21.474953 -14.973450
v 5.871932 -22.214184 -14.169693
v 6.240346 -21.364185 -14.240463
v 6.721932 -21.889513 -13.644363
v 6.721932 -20.838856 -13.644363
v 7.046603 -21.364185 -12.794357
v 6.938272 -22.304958 -12.894363
v 6.894878 -21.867809 -11.979477
v 6.721932 -20.838856 -11.944351
v 6.364699 -21.364185 -11.318008
v 6.000612 -20.420856 -11.382904
v 5.767252 -21.312756 -10.612686
v 5.622972 -20.403049 -10.590759
v 5.209411 -19.810074 -10.476364
v 5.153592 -19.472343 -11.485352
v 5.644504 -19.868944 -11.917984
v 5.211880 -19.168945 -12.185364
v 4.944504 -18.736320 -11.485352
v 5.211880 -18.303696 -12.185364
v 5.153592 -18.000298 -11.485352
v 5.584723 -17.473473 -12.208221
v 5.398604 -17.283951 -11.340332
v 5.665980 -16.851328 -12.040344
v 6.332605 -17.113068 -12.663712
v 6.365980 -16.583952 -12.472961
v 7.174034 -17.103851 -12.937714
v 7.323933 -16.504185 -12.602036
v 6.909706 -15.654185 -12.186264
v 7.692347 -15.654185 -12.531250
v 8.173933 -16.179514 -13.127350
v 8.516700 -15.452114 -12.933640
v 9.092837 -15.415579 -13.520981
v 8.856587 -15.033319 -12.902466
v 9.757336 -15.090761 -12.995407
v 9.854889 -15.405063 -13.912582
v 9.122122 -15.743895 -14.054031
v 9.596504 -15.562696 -14.430740
v 10.554890 -15.405063 -13.609177
v 10.616940 -15.185458 -14.433411
v 11.422604 -15.357291 -13.982101
v 11.220531 -14.954906 -14.806458
v 10.881620 -15.057160 -15.449524
v 11.294094 -14.835878 -15.717163
v 10.881620 -15.266249 -16.185547
v 10.181621 -15.324536 -15.882141
v 10.412603 -15.700173 -16.676239
v 11.172602 -15.636890 -17.005646
v 10.412603 -15.927185 -17.475357
v 11.172602 -15.636890 -17.945068
v 11.705593 -15.206296 -17.475357
v 11.642309 -14.876890 -18.235352
v 11.932604 -14.407185 -17.475357
v 11.642309 -14.876890 -16.715363
v 11.642309 -13.937478 -16.715363
v 11.374933 -13.504854 -16.015350
v 11.642309 -13.072231 -16.715363
v 11.584023 -12.768831 -16.015350
v 12.074932 -12.372231 -16.447983
v 12.342310 -12.804853 -17.147980
v 12.774933 -12.313944 -16.751373
v 12.906603 -12.489422 -17.281677
v 13.606604 -12.333185 -16.916351
v 13.606604 -12.106174 -17.715469
v 12.906603 -12.164461 -18.018875
v 14.366602 -12.042891 -17.386063
v 14.292486 -11.870548 -17.964706
v 14.934685 -11.344116 -17.675247
v 14.406483 -11.583698 -18.721329
v 14.993423 -10.669514 -18.394089
v 14.923710 -11.006927 -19.204361
v 14.327602 -11.488512 -19.729691
v 13.477604 -11.813185 -19.204361
v 13.477604 -11.559292 -20.098099
v 12.627605 -11.488512 -19.729691
v 12.548302 -11.850914 -18.987122
v 11.968609 -11.078447 -19.289841
v 11.733883 -11.563902 -18.569656
v 11.265352 -10.616810 -18.828323
v 11.661953 -10.184187 -19.319244
v 10.961952 -9.916809 -18.886612
v 11.622292 -9.699457 -19.693497
v 10.513227 -9.307194 -19.253860
v 11.318892 -8.999456 -19.751785
v 10.080604 -8.816284 -19.650467
v 10.886269 -8.508547 -20.148392
v 10.080604 -8.471291 -20.433105
v 9.380604 -8.874571 -19.953857
v 9.380604 -8.529577 -20.736496
v 9.878531 -8.068905 -21.257446
v 9.108601 -8.360449 -21.986847
v 9.573876 -7.607616 -22.274399
v 9.047010 -8.026707 -22.775848
v 9.692487 -7.208836 -22.887100
v 8.721738 -7.581070 -23.602127
v 9.663766 -7.202698 -23.868881
v 8.731829 -6.851562 -24.472626
v 8.292828 -7.309185 -24.000336
v 7.855062 -7.905222 -23.660385
v 7.427580 -7.309185 -24.000336
v 6.989815 -7.905222 -23.660385
v 6.492663 -7.347366 -24.137558
v 6.948604 -6.534185 -24.296356
v 6.121862 -6.500845 -24.171341
v 5.733323 -7.309639 -24.361069
v 5.723597 -7.921185 -24.271210
v 5.275852 -7.425764 -24.793793
v 5.197932 -8.446514 -24.682358
v 4.716346 -7.921185 -25.278458
v 4.383739 -8.726212 -25.344910
v 3.822603 -7.921185 -25.532364
v 3.389979 -8.621185 -25.799728
v 3.682498 -8.996475 -26.023300
v 2.805603 -8.930210 -26.374573
v 3.275310 -9.520187 -26.711060
v 4.035310 -9.810478 -26.241364
v 3.604714 -10.280186 -26.774338
v 2.805604 -10.280186 -27.001358
v 2.335898 -9.520187 -26.711060
v 2.006493 -10.280186 -26.774338
v 1.575898 -9.810478 -26.241364
v 1.515789 -10.749203 -26.340424
v 1.057727 -10.280186 -25.825577
v 0.754328 -10.980186 -25.883865
v 0.134627 -10.441050 -25.356339
v -0.168773 -11.141050 -25.414627
v 0.231544 -11.532835 -26.227173
v -0.643156 -11.908619 -25.707825
v -0.314773 -12.283169 -26.203506
v -0.747396 -12.774078 -26.600098
v -1.597396 -12.844856 -26.231689
v -1.272725 -13.370186 -27.081680
v -0.222068 -13.370186 -27.081680
v -0.363397 -13.882842 -27.673447
v -0.828672 -14.401587 -28.114899
v 0.161932 -14.509185 -28.030685
v -0.292395 -15.244302 -28.471008
v 0.530346 -15.359185 -28.101456
v -0.387407 -15.811447 -29.085190
v 0.654699 -16.289738 -28.131699
v 0.235776 -16.675411 -29.278000
v 0.484879 -16.857559 -28.810242
v 0.665242 -17.586372 -28.020920
v 0.910876 -16.704239 -27.461014
v 0.751464 -17.446247 -27.211349
v 0.862604 -18.244184 -27.211349
v 0.572309 -18.713890 -27.971359
v 0.635592 -19.043297 -27.211349
v 0.102604 -19.473890 -27.681061
v -0.094566 -19.087296 -28.507965
v -0.657396 -19.537174 -28.010468
v -0.657396 -19.764185 -27.211349
v -1.417397 -19.473890 -27.681061
v -1.417397 -19.473890 -26.741653
v -1.950386 -19.043297 -27.211349
v -1.985477 -18.775116 -26.452469
v -2.370291 -18.086227 -27.144577
v -2.222789 -17.844318 -26.093842
v -2.106451 -18.210520 -25.546631
v -2.316752 -17.404383 -25.413681
v -2.479584 -17.772396 -24.713684
v -2.373827 -18.643143 -24.846634
v -2.810668 -18.170410 -24.330734
v -3.055139 -19.016186 -24.318466
v -3.536725 -18.490856 -23.722351
v -3.536725 -19.541513 -23.722351
v -2.686725 -19.866184 -24.247681
v -3.104723 -20.427635 -23.526367
v -3.703045 -19.928616 -22.978027
v -3.491492 -20.915489 -22.689697
v -2.841680 -21.004185 -23.288147
v -3.070140 -21.959614 -22.666550
v -2.538280 -21.704185 -23.229858
v -2.096909 -21.004185 -23.616455
v -1.723397 -21.704185 -23.461349
v -2.202373 -22.479185 -23.165329
v -1.244421 -22.479185 -23.165329
v -1.723397 -23.022694 -22.726242
v -0.948397 -22.958160 -22.390335
v -1.723397 -23.254185 -21.911362
v -0.948397 -22.958160 -21.432388
v -0.404888 -22.519068 -21.911362
v -1.723397 -23.022694 -21.096481
v -1.249562 -22.584311 -20.600723
v -1.949562 -22.642597 -20.297333
v -1.249562 -22.375221 -19.864700
v -0.849850 -22.307800 -19.531616
v -2.248396 -22.511162 -19.593384
v -1.768687 -22.096437 -19.074417
v -0.849397 -22.156160 -18.573380
v -1.659042 -21.888065 -18.239578
v -2.549562 -22.137310 -18.761734
v -2.505206 -21.902056 -17.918915
v -1.685396 -21.811184 -17.555359
v -2.460396 -21.515160 -17.076385
v -1.685396 -21.579693 -16.740479
v -0.910397 -21.515160 -17.076385
v -1.206420 -21.036184 -16.301376
v -2.164372 -21.036184 -16.301376
v -1.685396 -20.261185 -16.005356
v -0.773516 -20.336639 -15.882370
v -0.877382 -19.848310 -15.703262
v -0.135790 -20.198326 -15.212357
v 0.048586 -20.578327 -15.593979
v 0.539497 -20.974926 -15.161362
v 0.193586 -20.494816 -14.270081
v 0.441943 -21.254583 -14.365723
v 0.941883 -21.799280 -14.959290
v 0.545283 -22.231903 -14.468369
v 0.941883 -22.664528 -14.959290
v 0.026689 -23.051237 -14.533417
v 0.184898 -23.707184 -15.207062
v 1.124309 -23.707184 -15.207062
v 1.634913 -23.225235 -14.795959
v 1.884310 -23.997478 -14.737350
v 2.182925 -23.804474 -14.121628
v 2.182925 -22.939226 -14.121628
v 2.425304 -22.307518 -14.496857
v 2.882925 -22.671850 -13.689011
v 3.182746 -22.018202 -14.028732
v 3.748173 -22.671850 -13.689011
v 3.315549 -23.371849 -13.421631
v 4.104275 -23.376459 -13.663177
v 2.882925 -24.071850 -13.689011
v 2.579525 -23.371849 -13.630722
v 2.458580 -24.373278 -14.333862
v 3.235815 -24.553148 -13.929382
v 2.761980 -25.073278 -14.392151
v 3.673580 -25.149185 -14.269333
v 4.217009 -24.578608 -13.915558
v 4.725477 -23.789185 -13.726364
v 5.252352 -23.041569 -14.012558
v 5.572603 -23.789185 -13.844360
v 6.511706 -22.770664 -13.678772
v 6.466346 -23.789185 -13.590469
v 6.947932 -23.263857 -12.994354
v 6.947932 -24.314514 -12.994354
v 7.272603 -23.789185 -12.144363
v 7.134432 -22.909407 -12.091522
v 6.947932 -23.263857 -11.294357
v 6.469036 -22.347206 -11.421936
v 6.160498 -22.660477 -10.667313
v 6.041254 -22.154182 -10.603470
v 6.102210 -22.963875 -9.967300
v 5.600932 -21.699856 -9.868362
v 6.142668 -22.654369 -9.194366
v 6.611685 -23.413254 -9.484238
v 6.576592 -23.145073 -8.725357
v 6.043604 -22.714479 -8.255646
v 5.283604 -22.326237 -8.663437
v 4.915113 -21.339300 -9.284958
v 5.226372 -20.835674 -10.099854
v 4.873233 -20.354019 -9.596237
v 4.067141 -20.883526 -9.147873
v 4.377486 -19.880184 -9.157852
v 4.816580 -19.401209 -9.701355
v 4.467880 -19.131943 -9.337357
v 4.987587 -19.053444 -10.443024
v 4.753819 -18.102825 -10.135376
v 4.979596 -18.468140 -10.726471
v 5.090309 -17.670891 -10.725357
v 4.757442 -17.180002 -10.120148
v 5.090309 -16.731480 -10.725357
v 4.402554 -16.324291 -10.201645
v 4.678493 -15.895290 -10.948914
v 5.246972 -16.366856 -11.426468
v 5.134097 -15.484852 -11.434311
v 5.643572 -15.934231 -11.917389
v 6.027475 -15.098917 -11.781586
v 6.379596 -15.934231 -12.126465
v 5.390446 -14.693027 -11.401642
v 6.540604 -14.472692 -11.307480
v 7.043883 -14.976622 -12.051483
v 7.783327 -14.299853 -11.610687
v 7.995747 -14.954185 -12.472961
v 8.620923 -14.078145 -11.793411
v 9.289211 -14.542408 -12.505875
v 9.320923 -14.136433 -11.490005
v 9.989211 -14.600696 -12.202469
v 10.022943 -14.684937 -11.153275
v 10.565809 -15.138611 -11.802597
v 10.492838 -15.415579 -12.655731
v 11.020506 -15.842287 -12.058350
v 11.016655 -15.848818 -13.194565
v 11.376690 -16.382826 -12.952911
v 11.855227 -15.848203 -13.585495
v 12.286274 -16.581184 -13.433685
v 12.857130 -15.817348 -13.867874
v 12.430935 -15.308612 -14.068649
v 13.460875 -14.885410 -13.516739
v 12.847132 -14.453077 -14.067535
v 12.044098 -14.801903 -14.529572
v 12.316347 -13.911185 -14.534470
v 11.638672 -14.110852 -15.188995
v 12.038910 -13.504854 -14.824448
v 11.642309 -13.072231 -15.315353
v 12.391504 -12.892744 -14.723709
v 12.074932 -12.372231 -15.582733
v 12.739645 -12.217209 -14.638351
v 12.774933 -12.104855 -16.015350
v 12.623932 -12.360407 -13.776688
v 12.607784 -11.484688 -13.912003
v 12.918213 -11.068777 -14.742523
v 13.344963 -11.580751 -15.330185
v 13.606604 -12.106174 -16.117249
v 14.076311 -11.573183 -15.686646
v 14.366602 -12.042891 -16.446655
v 14.836309 -11.282892 -16.156357
v 14.899593 -11.612297 -16.916351
v 15.126604 -10.813185 -16.916351
v 14.940054 -10.341484 -16.103043
v 15.004219 -9.997051 -16.945801
v 14.934685 -10.282253 -17.675247
v 14.725595 -9.546230 -17.675247
v 14.992971 -9.978853 -18.375244
v 14.992971 -9.113607 -16.975235
v 15.192778 -9.602779 -16.148788
v 15.704218 -8.864426 -16.513168
v 16.135387 -8.658390 -15.765274
v 16.149242 -8.395357 -16.639130
v 15.668982 -7.862320 -17.126633
v 14.968981 -8.129698 -17.559250
v 14.701605 -8.562321 -18.259262
v 14.910694 -7.826298 -18.259262
v 14.850935 -8.539185 -18.903030
v 15.060024 -7.803162 -18.903030
v 15.118311 -8.106562 -19.603027
v 15.176640 -8.922672 -19.811127
v 15.039433 -9.233406 -19.151520
v 15.003937 -9.645060 -20.076675
v 15.177605 -10.113184 -19.204361
v 14.852932 -10.638514 -20.054352
v 14.442867 -10.198669 -20.713348
v 14.002934 -10.963182 -20.579681
v 13.440619 -10.464893 -21.215103
v 12.952274 -10.963182 -20.579681
v 12.512341 -10.198669 -20.713348
v 12.102276 -10.638514 -20.054352
v 12.018892 -9.266834 -20.184418
v 12.278236 -9.026516 -20.670471
v 11.845613 -8.326515 -20.937851
v 12.336523 -8.723116 -21.370468
v 12.046654 -8.254099 -22.129349
v 11.555744 -7.857498 -21.696732
v 11.145613 -8.268229 -20.634445
v 10.855743 -7.799212 -21.393326
v 10.578531 -8.010618 -20.954056
v 10.887520 -7.475657 -22.160904
v 10.273876 -7.549330 -21.970993
v 10.392487 -7.150549 -22.583710
v 11.207369 -6.839291 -23.087326
v 10.449928 -6.919518 -23.355240
v 11.053947 -6.411280 -23.888657
v 10.427604 -6.768513 -24.348679
v 10.952932 -5.918514 -24.673355
v 10.203387 -6.068493 -25.410568
v 9.577603 -6.839291 -24.717102
v 9.013547 -6.506056 -25.045700
v 9.347604 -5.979694 -25.713242
v 8.515493 -5.988838 -25.447678
v 8.170160 -6.218615 -24.952911
v 7.935355 -5.508532 -24.965042
v 7.538755 -5.941154 -24.474121
v 7.860484 -6.609638 -24.419357
v 7.278011 -5.140440 -24.482895
v 6.404656 -5.767504 -24.100311
v 6.541987 -5.140440 -24.273804
v 5.740095 -4.986067 -24.091675
v 5.668633 -5.767504 -23.891235
v 6.367796 -4.166058 -24.269089
v 5.299861 -4.150185 -24.010468
v 4.734058 -4.615459 -23.521957
v 4.255227 -5.639175 -23.546860
v 4.668378 -6.462807 -24.481628
v 5.236009 -6.467505 -24.158600
v 3.822603 -6.130085 -23.943466
v 3.822603 -6.475079 -24.726105
v 4.347932 -7.071186 -25.207687
v 3.315156 -6.914843 -25.116455
v 3.084603 -6.541800 -24.512863
v 2.250108 -6.909651 -24.949722
v 2.886353 -7.806303 -25.648010
v 1.859275 -7.541187 -25.473679
v 2.384604 -8.276304 -25.914017
v 1.472173 -8.285522 -25.639999
v 1.996278 -8.970669 -26.065063
v 1.179298 -9.377855 -25.750443
v 0.434738 -8.113743 -25.579971
v 0.072107 -8.944534 -25.546539
v 0.398951 -9.528088 -25.508347
v -0.381396 -9.678320 -25.266251
v -0.834900 -8.944534 -25.546539
v -1.081801 -9.648359 -25.453995
v -0.601397 -10.441050 -25.147263
v -1.337420 -10.441050 -25.356339
v -1.083174 -11.179176 -25.403030
v -1.868351 -11.217300 -25.182343
v -1.435728 -11.917301 -25.449722
v -2.297396 -11.712233 -25.264313
v -1.864772 -12.412233 -25.531693
v -2.730020 -12.412233 -25.531693
v -2.448165 -13.098051 -25.892242
v -2.986789 -13.207211 -25.699570
v -3.420102 -13.797185 -26.036057
v -2.158848 -13.566175 -26.649689
v -3.084728 -14.230925 -26.625351
v -2.533117 -14.304089 -27.210281
v -1.869531 -14.034300 -27.407120
v -2.339396 -14.646856 -27.937683
v -1.489397 -14.576077 -28.306107
v -2.014725 -15.172184 -28.787689
v -0.964068 -15.172184 -28.787689
v -1.458657 -15.720192 -29.364685
v -2.454660 -15.936699 -28.921356
v -2.012866 -16.280123 -29.707642
v -1.132396 -16.246197 -30.029465
v -1.602102 -16.779184 -30.460068
v -0.662691 -16.779184 -30.460068
v -0.372396 -16.309479 -29.700058
v 0.097310 -17.069479 -29.990356
v -0.333285 -17.539185 -30.523346
v 0.097310 -18.008890 -29.990356
v 0.387604 -17.539185 -29.230362
v 0.160593 -18.338295 -29.230362
v -0.372396 -18.768890 -29.700058
v -0.131974 -18.750111 -29.220871
v -0.364829 -19.125359 -28.968719
v -1.132396 -19.059185 -29.230362
v -1.132396 -19.268272 -28.494339
v -2.020145 -18.802441 -28.627304
v -1.892396 -18.768890 -29.700058
v -2.425385 -18.338295 -29.230362
v -2.611672 -17.864811 -28.810242
v -2.509503 -18.254929 -27.995361
v -2.763669 -17.367239 -28.218018
v -2.652396 -17.539185 -29.230362
v -2.530011 -16.723049 -29.259796
v -2.836679 -16.428068 -28.396362
v -2.878132 -17.022358 -27.296417
v -3.189396 -16.022184 -27.412354
v -2.992723 -16.598633 -26.582031
v -2.490165 -17.411694 -26.793854
v -2.508609 -17.004971 -26.037292
v -3.017964 -16.201647 -25.713364
v -2.527053 -16.598248 -25.280746
v -3.017964 -16.201647 -24.848114
v -2.585340 -16.901646 -24.580734
v -3.103878 -16.458027 -24.190872
v -3.809461 -15.847000 -24.337341
v -3.769003 -15.537494 -23.564407
v -3.162165 -16.761427 -23.490860
v -3.162165 -17.626675 -23.490860
v -3.398414 -17.386417 -22.872360
v -3.607503 -18.122442 -22.872360
v -3.645800 -17.902599 -22.016434
v -3.832269 -18.320213 -22.401031
v -4.024850 -19.046280 -22.539917
v -4.005905 -18.785301 -21.634354
v -4.237396 -19.600185 -21.634354
v -3.959581 -20.248360 -22.276245
v -4.125114 -20.406321 -21.634354
v -3.848725 -21.375513 -22.063354
v -4.168269 -19.977215 -20.839035
v -4.377357 -20.713238 -20.839035
v -4.341905 -20.442303 -20.072357
v -4.573396 -21.257185 -20.072357
v -4.277372 -21.736160 -20.847351
v -4.015045 -21.762615 -21.319016
v -3.862649 -22.255127 -21.327072
v -3.798396 -22.511162 -20.551331
v -3.090078 -22.669434 -20.919708
v -3.103647 -22.614347 -21.917038
v -2.498396 -22.958160 -21.432388
v -2.498396 -22.958160 -22.390335
v -2.369010 -22.860474 -20.480255
v -3.023396 -22.807186 -20.072357
v -3.798396 -22.511162 -19.593384
v -3.023396 -22.575693 -19.257477
v -3.502373 -22.032185 -18.818375
v -4.277372 -21.736160 -19.297363
v -3.838280 -21.257185 -18.753845
v -3.170744 -21.591244 -18.227478
v -3.441679 -20.824562 -18.262939
v -3.077039 -21.141872 -17.501404
v -3.235396 -20.261185 -17.555359
v -2.939373 -20.740162 -16.780350
v -3.076603 -19.805244 -16.742172
v -2.500280 -20.261185 -16.236847
v -2.803679 -19.561184 -16.178558
v -2.164653 -19.485731 -16.149734
v -3.003905 -19.446301 -17.555359
v -2.999390 -18.784376 -16.587448
v -2.731223 -18.479053 -17.495865
v -2.999390 -17.919128 -16.587448
v -3.395990 -18.351753 -16.096527
v -3.906396 -18.935461 -15.612869
v -4.152893 -18.385536 -15.874542
v -4.606397 -18.877174 -15.309464
v -3.805045 -18.948366 -14.963867
v -4.606397 -19.104185 -14.510361
v -3.805045 -18.948366 -14.056854
v -3.313407 -18.383297 -14.510361
v -3.255120 -18.686695 -15.210358
v -2.822496 -17.986696 -14.942978
v -2.822496 -17.986696 -14.077728
v -1.731396 -17.601185 -14.512360
v -1.731396 -17.810272 -15.248383
v -1.031396 -17.868561 -14.944977
v -1.298772 -18.301186 -15.644974
v -0.598772 -18.568562 -15.212357
v -0.995372 -19.001184 -15.703262
v -1.428629 -19.485731 -15.940659
v -0.480782 -19.415688 -15.212357
v -0.331396 -19.001184 -14.512360
v -0.077502 -19.894928 -14.512360
v -0.114758 -19.610214 -13.706696
v -0.443815 -19.256161 -13.503693
v -0.502102 -19.559561 -12.803680
v -0.172741 -20.106953 -12.885559
v 0.104725 -20.555902 -13.611969
v -0.172438 -21.165537 -12.764404
v 0.135299 -21.663464 -13.570084
v -0.584881 -21.898190 -13.084625
v -0.258058 -22.387207 -13.933090
v -1.024725 -22.557186 -13.494690
v -1.422668 -21.983242 -12.753250
v -1.874725 -22.881857 -12.969360
v -1.393139 -23.407185 -13.565460
v -0.996539 -23.839809 -14.056381
v -1.729511 -24.012915 -13.554031
v -1.238451 -24.603958 -14.193329
v -0.575102 -23.997478 -14.737350
v -0.575102 -24.936890 -14.737350
v -0.144508 -24.467186 -15.270340
v 0.184898 -25.227184 -15.207062
v 0.654603 -24.467186 -15.497360
v 1.136381 -25.264194 -15.317032
v 1.453715 -24.467186 -15.270340
v 1.944419 -24.936201 -14.836426
v 1.828909 -25.879185 -15.026779
v 2.458580 -25.924185 -14.774445
v 2.132309 -26.579185 -15.085068
v 2.857199 -26.747177 -14.773575
v 3.194604 -25.924185 -14.565353
v 3.595625 -26.885178 -14.399002
v 4.009486 -25.924185 -14.333862
v 4.448580 -26.403160 -13.790359
v 3.951038 -27.382521 -13.686218
v 4.513112 -26.739067 -13.015350
v 4.841411 -25.994297 -13.015350
v 4.448580 -26.403160 -12.240356
v 4.876904 -25.670866 -11.851425
v 5.332322 -25.597698 -12.582733
v 5.687487 -25.604836 -12.215363
v 6.422604 -25.164513 -12.669693
v 6.422604 -25.164513 -11.619034
v 7.018709 -24.682928 -12.144363
v 6.947932 -24.314514 -11.294357
v 6.191112 -24.789953 -10.754852
v 6.593122 -24.527893 -10.399933
v 6.191112 -24.789953 -9.889603
v 6.611685 -24.475117 -9.484238
v 6.043604 -25.173891 -9.195068
v 6.576592 -24.743296 -8.725357
v 6.803604 -23.944185 -8.725357
v 6.513309 -24.413891 -7.965363
v 6.513309 -23.474480 -7.965363
v 6.361075 -24.024117 -6.994278
v 6.245277 -23.771044 -6.322968
v 6.324622 -24.293488 -6.178757
v 5.036654 -23.262577 -6.731720
v 5.055205 -23.534081 -5.627975
v 5.728074 -23.466015 -6.245773
v 5.752620 -23.085121 -7.435547
v 4.890783 -23.001104 -7.213303
v 5.283604 -22.651196 -7.926239
v 4.027730 -22.520184 -7.773346
v 4.583604 -22.267948 -8.360046
v 4.027730 -22.311096 -8.509369
v 4.655666 -21.827755 -8.983002
v 3.595106 -21.820185 -8.905975
v 3.327730 -22.252808 -8.205978
v 2.895106 -21.552809 -8.473343
v 3.291706 -21.120186 -8.964264
v 2.895106 -20.687561 -8.473343
v 3.595106 -20.420185 -8.905975
v 3.387931 -19.792637 -8.221344
v 3.980886 -19.447561 -8.666931
v 3.906715 -18.677204 -8.060379
v 4.200504 -18.699320 -8.637360
v 4.409593 -17.963295 -8.637360
v 4.467880 -18.266697 -9.337357
v 4.486443 -17.670200 -9.435379
v 4.636604 -17.164185 -8.637360
v 4.444685 -16.633255 -9.396240
v 4.514218 -16.348049 -8.666794
v 4.094522 -15.641550 -8.892639
v 3.911642 -15.927691 -9.769028
v 3.486864 -15.114817 -9.518402
v 3.428576 -15.418217 -10.218399
v 3.919488 -15.814816 -10.651031
v 3.486864 -15.114817 -10.918396
v 4.186864 -15.382193 -11.351028
v 3.871346 -14.601203 -11.427261
v 4.607370 -14.601203 -11.636353
v 4.174747 -13.901203 -11.368973
v 5.039994 -13.901203 -11.368973
v 4.607370 -13.410292 -10.972382
v 5.468187 -13.453426 -10.570374
v 6.061627 -13.929184 -10.868378
v 6.329003 -13.496559 -10.168381
v 5.629004 -13.229183 -9.735764
v 6.329003 -13.496559 -9.303131
v 5.685603 -13.340696 -9.186630
v 6.064751 -13.801801 -8.321365
v 6.740977 -13.631067 -8.836624
v 7.314604 -13.624193 -9.211227
v 7.314604 -13.742185 -10.058350
v 8.211153 -13.868422 -9.681168
v 8.407703 -13.636185 -10.454498
v 8.407703 -13.845274 -11.190521
v 9.107703 -13.903562 -10.887115
v 9.177914 -14.186929 -9.921478
v 9.568236 -14.425434 -10.248566
v 10.507523 -15.442011 -11.102600
v 10.406255 -15.836020 -9.801559
v 9.975259 -15.084011 -10.313263
v 10.707329 -15.899187 -11.140610
v 11.152229 -16.619236 -10.815796
v 11.198238 -16.295788 -11.573242
v 11.472240 -17.137215 -11.564026
v 11.365498 -16.624928 -12.058350
v 11.767883 -17.449280 -11.856293
v 12.067780 -17.171455 -12.605728
v 12.639915 -17.949131 -12.380997
v 12.811604 -17.207529 -13.076447
v 13.394089 -17.864578 -12.689575
v 13.697489 -17.164577 -12.747864
v 13.336933 -16.581184 -13.433685
v 14.186932 -16.256514 -12.908356
v 13.705347 -15.731185 -13.504456
v 14.186932 -15.205856 -12.908356
v 14.511604 -15.731185 -12.058350
v 14.257710 -14.837442 -12.058350
v 13.812372 -14.341675 -12.676865
v 13.888702 -14.275083 -11.835358
v 13.472931 -13.860856 -12.685364
v 13.238255 -13.840184 -13.203247
v 12.954397 -13.158758 -13.121109
v 12.797932 -13.385855 -13.938354
v 13.083036 -12.971489 -12.333282
v 12.492702 -12.458082 -12.959351
v 12.550989 -12.154682 -12.259354
v 12.283613 -11.722059 -12.959351
v 12.550989 -11.289436 -12.259354
v 12.265371 -10.838203 -13.070358
v 12.532747 -10.405581 -12.370361
v 12.474461 -10.102180 -13.070358
v 12.532747 -10.405581 -13.770355
v 12.945389 -9.711956 -13.630005
v 12.888063 -10.124180 -14.645782
v 13.108934 -9.353186 -14.554031
v 13.376310 -9.785809 -15.254028
v 13.476591 -10.684994 -15.217560
v 14.076311 -10.053186 -15.686646
v 14.405716 -10.813185 -15.623367
v 13.772911 -9.353186 -15.744934
v 14.508934 -9.353186 -15.954025
v 14.076311 -8.653185 -15.686646
v 14.941557 -8.653185 -15.686646
v 14.508934 -8.162275 -15.290054
v 15.342720 -8.355267 -15.244431
v 14.859653 -7.845793 -14.795044
v 15.632587 -7.886251 -14.485535
v 16.101604 -8.320175 -14.976242
v 16.570621 -7.886251 -14.485535
v 16.861603 -8.256891 -15.305649
v 17.429686 -7.558117 -15.016479
v 17.394594 -7.826298 -15.775360
v 16.861603 -8.256891 -16.245056
v 17.331310 -7.496893 -16.535355
v 16.571312 -7.787184 -17.005066
v 16.900717 -7.027185 -17.068344
v 16.297245 -6.868752 -17.342133
v 16.734373 -6.010319 -17.349243
v 17.204117 -6.327185 -17.126633
v 17.166996 -5.519409 -17.745834
v 16.466995 -5.577696 -18.049240
v 15.766918 -6.594563 -17.884216
v 15.422483 -7.395912 -17.839539
v 15.385077 -7.058729 -18.552444
v 15.767593 -6.237946 -18.657242
v 15.751116 -6.646563 -19.481461
v 15.482935 -7.405447 -19.446365
v 16.147717 -7.079185 -19.972366
v 15.818312 -7.839184 -20.035645
v 16.578310 -7.548893 -20.505356
v 16.108603 -8.308891 -20.795654
v 16.641594 -7.878298 -21.265350
v 16.108603 -8.308891 -21.735062
v 15.416170 -8.723646 -21.307114
v 14.969145 -9.231281 -21.030914
v 15.032776 -9.055958 -22.176987
v 14.523670 -9.482000 -21.660339
v 14.122658 -9.786224 -21.445999
v 13.664604 -9.810135 -22.191269
v 14.424603 -9.421890 -22.599060
v 13.664604 -9.485174 -22.928467
v 12.904606 -9.421890 -22.599060
v 12.687542 -9.501301 -21.533600
v 12.371614 -8.991297 -22.129349
v 12.434898 -8.661892 -22.889359
v 13.194897 -8.952183 -23.359055
v 12.865492 -8.192184 -23.422348
v 12.374788 -7.723167 -22.988419
v 13.133673 -7.433300 -23.457443
v 12.128979 -6.933535 -23.117691
v 11.600424 -7.513063 -22.498077
v 12.830273 -6.733299 -23.515732
v 11.753948 -6.352993 -23.585266
v 12.632477 -5.812185 -23.696365
v 11.896454 -5.812185 -23.905457
v 12.239954 -4.997303 -23.871719
v 11.478598 -5.393185 -24.262207
v 11.812675 -4.628933 -24.341568
v 11.051296 -4.834190 -24.863464
v 11.347256 -4.275434 -24.700241
v 10.906933 -3.864515 -25.435364
v 10.658234 -4.187349 -25.778488
v 10.601580 -5.140162 -25.673355
v 10.162486 -4.661184 -26.216858
v 9.826580 -5.436184 -26.152328
v 9.347604 -4.661184 -26.448349
v 8.868628 -5.436184 -26.152328
v 8.532722 -4.661184 -26.216858
v 8.093628 -5.140162 -25.673355
v 8.093628 -4.182207 -25.673355
v 7.674611 -4.661184 -24.973816
v 7.652611 -3.544247 -24.999008
v 7.278011 -4.181929 -24.482895
v 6.806120 -3.407032 -24.529297
v 7.561627 -2.970203 -24.998215
v 7.258227 -2.270203 -25.056503
v 6.334228 -2.632135 -24.575684
v 5.901604 -3.332136 -24.308304
v 5.468980 -2.632135 -24.575684
v 4.996461 -3.450184 -24.068756
v 4.397173 -2.925629 -24.457047
v 4.256586 -3.017561 -23.761505
v 4.689210 -3.717562 -23.494125
v 3.989210 -3.450184 -23.061493
v 4.292610 -4.150185 -23.003220
v 3.556586 -4.150185 -22.794128
v 3.989210 -4.850185 -23.061493
v 3.108986 -4.735619 -22.926437
v 3.541610 -5.435619 -23.193817
v 2.676362 -5.435619 -23.193817
v 2.963106 -6.017853 -23.701645
v 1.951980 -6.109177 -23.812866
v 2.384604 -6.600086 -24.209457
v 1.684604 -6.541800 -24.512863
v 1.251980 -5.841799 -24.245483
v 0.982989 -6.115934 -24.943359
v 1.454051 -6.914843 -25.116455
v 0.571781 -6.762743 -25.492065
v 0.885558 -7.384300 -25.301346
v 0.149535 -7.384300 -25.510437
v -0.340419 -6.862438 -26.070923
v -0.718407 -7.704475 -25.679611
v -0.381396 -8.143185 -25.702362
v -1.454430 -7.704475 -25.470520
v -1.021806 -7.004475 -25.737900
v -2.184225 -6.734388 -25.813370
v -2.433217 -7.482895 -25.783905
v -1.887054 -8.404476 -25.737900
v -2.709420 -8.184185 -26.094330
v -2.373513 -8.959185 -26.158859
v -1.877768 -9.433020 -25.720490
v -2.709420 -9.734184 -26.094330
v -2.300975 -10.517300 -25.449722
v -2.923966 -10.287848 -25.811005
v -3.311068 -11.032183 -25.644684
v -3.891948 -10.239624 -26.072739
v -4.361725 -11.032183 -25.644684
v -3.901701 -11.658527 -25.287460
v -2.878444 -11.732183 -25.377304
v -3.527312 -12.453098 -25.280472
v -4.253773 -12.257513 -24.527313
v -4.034297 -13.022051 -24.806351
v -3.793507 -13.260572 -25.369186
v -4.243386 -13.758075 -24.806351
v -4.180102 -14.087480 -25.566360
v -4.470397 -14.557185 -24.806351
v -4.180102 -15.026891 -25.566360
v -3.749508 -14.557185 -26.099350
v -3.534106 -15.366511 -26.115875
v -3.352908 -14.989809 -26.590256
v -3.246761 -15.789786 -26.597473
v -3.024809 -15.099663 -27.481522
v -3.710397 -15.786891 -25.276062
v -4.243386 -15.356296 -24.806351
v -4.180102 -15.026891 -24.046356
v -4.314578 -14.103682 -24.005005
v -4.034297 -14.557185 -23.271225
v -4.377436 -13.626637 -23.246262
v -4.341918 -14.210882 -22.417282
v -4.180102 -15.026891 -22.646362
v -4.285297 -15.096185 -22.079483
v -3.863771 -15.933237 -22.564804
v -3.909782 -16.256687 -21.807358
v -3.645800 -17.037352 -22.016434
v -3.567522 -16.817509 -21.160522
v -3.358433 -17.553532 -21.160522
v -3.545620 -16.844061 -20.544357
v -3.336531 -17.580086 -20.544357
v -3.567522 -18.289555 -21.160522
v -2.862973 -18.125185 -20.438675
v -3.166373 -18.825184 -20.380386
v -3.941373 -19.121208 -20.859360
v -3.961810 -19.643158 -20.298523
v -3.015560 -19.659842 -19.242691
v -3.798396 -20.003208 -19.593384
v -3.577504 -20.274467 -18.748428
v -4.277372 -20.778210 -19.297363
v -3.039357 -19.717237 -18.322037
v -2.524649 -19.263241 -18.810074
v -2.582936 -18.959843 -18.110062
v -2.315560 -18.527218 -18.810074
v -2.408085 -18.861210 -19.247757
v -2.198997 -18.125185 -19.247757
v -2.466373 -18.557808 -19.947754
v -2.466373 -17.692562 -19.947754
v -2.408085 -17.389160 -19.247757
v -2.827657 -17.182552 -19.977402
v -2.769370 -16.879154 -19.277405
v -2.653771 -17.242735 -18.495804
v -2.699782 -16.286434 -18.438354
v -2.432406 -16.719059 -17.738358
v -2.550396 -17.566185 -17.738358
v -2.699782 -17.151684 -17.038361
v -2.999390 -17.249241 -16.587448
v -2.573781 -16.391933 -16.609360
v -3.334886 -16.737965 -16.136627
v -3.699390 -17.584185 -16.154816
v -4.152893 -16.782833 -15.874542
v -4.606397 -17.584185 -16.030350
v -5.076102 -16.824184 -15.740067
v -5.405508 -17.584185 -15.803345
v -5.076102 -18.344185 -15.740067
v -5.906063 -18.110548 -15.344559
v -5.366396 -18.813890 -14.980057
v -6.523037 -18.519348 -14.547882
v -6.162280 -18.796461 -14.054977
v -5.360680 -18.954727 -13.793671
v -6.195476 -18.722790 -12.928436
v -5.400229 -18.810015 -12.671585
v -4.167061 -18.859459 -13.365417
v -4.202696 -19.106262 -12.532578
v -3.361397 -19.031292 -12.914093
v -3.308258 -18.754450 -13.730240
v -2.555120 -18.419319 -13.377731
v -2.515622 -19.043562 -12.669632
v -2.042888 -18.527666 -13.106461
v -1.731396 -17.810272 -13.776337
v -1.298772 -18.301186 -13.379730
v -1.031396 -17.868561 -14.079727
v -0.598772 -18.568562 -13.812363
v -0.540485 -18.265160 -14.512360
v -0.934726 -18.859562 -13.071060
v -1.634726 -18.801273 -12.767670
v -1.202102 -19.292185 -12.371063
v -2.095229 -19.425821 -12.301926
v -1.634726 -19.992184 -12.103683
v -0.898703 -19.992184 -12.312775
v -1.305061 -20.732914 -12.064407
v -0.569038 -20.732914 -12.273499
v -0.872437 -21.432913 -12.331787
v -1.903473 -21.488123 -12.250259
v -2.123108 -20.959457 -12.232788
v -2.973102 -21.509186 -11.734070
v -2.382738 -22.277119 -12.213776
v -3.302508 -22.269184 -11.797348
v -2.578809 -23.036909 -12.224197
v -2.975410 -23.469532 -11.733276
v -2.578809 -23.902157 -12.224197
v -2.159083 -23.486021 -12.993408
v -2.491502 -24.195789 -12.987946
v -2.958905 -24.701302 -12.450363
v -2.894372 -25.037209 -13.225357
v -2.119372 -24.741184 -13.704330
v -2.487744 -25.449503 -13.862610
v -1.707726 -25.369514 -14.037354
v -2.140350 -26.069515 -14.304733
v -1.299236 -26.273109 -14.403763
v -0.971703 -25.369514 -14.246445
v -0.587347 -26.476704 -14.293686
v -0.154723 -25.776703 -14.561066
v 0.260733 -26.673435 -14.608597
v 0.599940 -26.023199 -15.027481
v 1.131672 -26.580299 -15.183441
v 1.390627 -26.002319 -15.270340
v 0.863492 -27.339184 -15.148346
v 1.662603 -27.339184 -15.375351
v 1.192898 -28.099184 -15.085068
v 2.132309 -28.099184 -15.085068
v 2.461715 -27.339184 -15.148346
v 2.892309 -27.808891 -14.615356
v 2.422604 -28.568890 -14.325058
v 3.284604 -28.389513 -13.477692
v 2.354532 -28.891905 -13.405457
v 3.054532 -28.833618 -13.102051
v 3.551980 -28.822138 -12.777679
v 3.976253 -27.926617 -13.058029
v 3.931932 -28.373514 -12.537354
v 4.326722 -27.409971 -12.375458
v 4.304024 -27.475092 -13.015350
v 4.256603 -27.848185 -11.687363
v 4.176904 -26.803490 -11.418793
v 3.931932 -27.322857 -10.837357
v 3.931932 -26.457609 -10.837357
v 4.381692 -26.035172 -11.297226
v 4.381692 -25.690178 -10.514587
v 4.872603 -25.293579 -10.947220
v 4.872603 -25.293579 -10.081970
v 5.572603 -25.026203 -10.514587
v 5.572603 -25.235291 -11.250610
v 5.342488 -25.330553 -9.559692
v 4.364556 -25.757608 -9.704727
v 4.631932 -26.190231 -9.004730
v 5.424203 -25.802162 -8.675735
v 4.991579 -26.502161 -8.408356
v 5.552692 -25.570492 -7.823029
v 6.043604 -25.173891 -8.255646
v 6.102210 -24.924494 -7.483414
v 5.843220 -25.369818 -7.290527
v 5.990022 -24.805161 -6.641693
v 5.556708 -25.395138 -6.305191
v 6.013053 -24.946148 -5.784256
v 5.595962 -25.219631 -5.445053
v 3.843946 -24.219112 -5.373642
v 4.560611 -24.405909 -4.967133
v 4.633325 -23.885841 -5.173248
v 3.510556 -23.576096 -5.284424
v 2.978699 -24.219112 -5.373642
v 2.487597 -23.396185 -5.081497
v 3.077932 -23.085186 -5.681030
v 3.985996 -23.245674 -6.170471
v 3.402604 -22.559856 -6.531021
v 4.028948 -22.917089 -6.991058
v 3.482370 -22.430792 -7.488983
v 2.667487 -22.119534 -6.985352
v 2.836819 -21.856209 -7.773346
v 2.242533 -21.690151 -7.157257
v 2.509909 -21.257528 -7.857254
v 1.809909 -20.990152 -7.424637
v 2.206509 -20.557529 -7.915543
v 1.809909 -20.124905 -7.424637
v 2.509909 -19.857529 -7.857254
v 2.242533 -19.424904 -7.157257
v 3.105144 -19.369152 -7.600693
v 2.837768 -18.936527 -6.900696
v 3.462700 -18.446489 -7.399017
v 3.180596 -18.381817 -6.688812
v 3.700314 -17.973511 -7.327835
v 3.742028 -16.956108 -6.313538
v 4.085477 -16.995964 -6.898666
v 4.346310 -17.633890 -7.877350
v 4.577714 -16.496700 -7.381821
v 3.852980 -14.040696 -8.919250
v 4.218513 -14.384194 -8.611420
v 4.239425 -14.868484 -8.524323
v 3.474747 -14.168579 -9.536362
v 3.907371 -13.468578 -9.803726
v 3.416459 -13.865179 -10.236359
v 3.207371 -14.601203 -10.236359
v 3.474747 -14.168579 -10.936356
v 3.907371 -13.468578 -10.668976
v 4.607370 -13.201202 -10.236359
v 4.285604 -13.340696 -9.186630
v 4.985603 -13.073320 -9.619263
v 4.985603 -13.609682 -8.618835
v 4.596054 -13.843017 -8.599411
v 8.014604 -13.891570 -8.778610
v 8.358829 -14.326274 -8.660477
v 7.663346 -14.153970 -8.264648
v 8.812321 -14.186063 -9.308228
v 11.591604 -16.823563 -9.351974
v 11.620604 -16.590549 -8.400894
v 10.937326 -16.382633 -9.229782
v 11.997650 -16.887274 -8.986435
v 12.227249 -17.450874 -9.501190
v 11.472240 -17.137215 -9.952698
v 12.378603 -16.712133 -8.465317
v 12.337294 -16.619457 -8.127686
v 13.053984 -16.507160 -7.832016
v 13.309052 -17.075529 -8.799698
v 13.783325 -16.393343 -8.512863
v 13.973698 -16.593491 -9.282013
v 13.894117 -17.195185 -9.284256
v 13.532345 -17.932911 -9.329453
v 12.673254 -17.961864 -9.577103
v 12.266626 -18.374161 -10.214355
v 11.509497 -17.421928 -10.758362
v 11.873795 -17.965298 -10.989349
v 11.681330 -17.873240 -11.564026
v 12.266626 -18.374161 -11.764359
v 12.202093 -18.710068 -10.989349
v 12.745604 -19.149160 -11.468338
v 13.041626 -18.670185 -12.243332
v 13.520603 -19.213692 -11.804245
v 13.999580 -18.670185 -12.243332
v 14.295603 -19.149160 -11.468338
v 14.774580 -18.374161 -11.764359
v 14.335487 -17.895184 -12.307861
v 14.774580 -17.416208 -11.764359
v 14.434631 -16.988726 -12.360397
v 14.503878 -16.024559 -11.573242
v 14.945587 -17.068443 -10.989349
v 14.758976 -16.437134 -10.815796
v 14.401711 -15.634442 -10.758362
v 14.294966 -15.122154 -11.252686
v 13.999323 -14.810089 -10.960434
v 14.085876 -14.386130 -11.252686
v 13.676960 -15.086868 -10.162338
v 13.115698 -14.320880 -10.359009
v 13.472931 -13.860856 -10.985352
v 13.046442 -13.501791 -10.341949
v 13.090704 -12.984081 -11.277145
v 13.543709 -13.492441 -11.835358
v 12.613819 -12.801790 -10.609329
v 12.873947 -12.235466 -11.337433
v 12.613819 -11.936544 -10.609329
v 12.738947 -11.553904 -11.361282
v 12.948036 -10.817881 -10.365433
v 12.955704 -10.805288 -11.421570
v 13.408710 -10.296928 -10.863358
v 13.337931 -9.928514 -11.713364
v 13.660271 -9.683725 -11.305328
v 14.092894 -8.983725 -11.572693
v 14.360271 -9.416348 -10.872696
v 14.792894 -8.925438 -11.269302
v 14.584990 -8.348310 -11.937729
v 13.884989 -8.615688 -12.370361
v 14.317612 -7.915688 -12.637726
v 13.826702 -8.312288 -13.070358
v 13.481712 -9.094929 -13.070358
v 13.122507 -9.665348 -12.525543
v 13.376310 -8.920563 -13.854034
v 13.668743 -8.300680 -14.059021
v 13.318024 -8.617163 -14.554031
v 13.808933 -8.220562 -14.986649
v 13.376310 -8.920563 -15.254028
v 14.159653 -7.904079 -14.491653
v 14.159653 -7.904079 -13.626404
v 14.859653 -7.636703 -14.059021
v 15.135725 -8.161638 -11.944351
v 15.568348 -7.670729 -12.340942
v 16.011980 -8.013044 -11.997787
v 16.444603 -7.522135 -12.394394
v 15.568348 -7.461639 -13.076981
v 16.444603 -7.313046 -13.130417
v 15.568348 -7.670729 -13.813004
v 16.444603 -7.522135 -13.866440
v 17.204601 -7.133890 -13.458649
v 17.279737 -7.255461 -14.360977
v 17.737593 -6.703297 -13.928360
v 17.824987 -6.416687 -14.377350
v 17.557611 -6.849310 -15.077362
v 17.766701 -6.113287 -15.077362
v 17.759058 -6.057043 -15.864273
v 17.621605 -7.027185 -15.775360
v 17.465786 -6.573683 -16.576706
v 17.713764 -5.690506 -16.585632
v 17.921051 -4.990906 -16.140640
v 18.204674 -5.293905 -17.018265
v 18.621052 -4.723528 -16.573257
v 18.904675 -5.235619 -17.321655
v 18.561306 -5.771263 -18.224136
v 17.866997 -5.577696 -18.049240
v 18.074444 -5.477545 -18.782761
v 17.166996 -5.310320 -18.481873
v 17.374443 -5.210169 -19.215378
v 16.466995 -5.577696 -18.914490
v 16.674442 -5.477545 -19.648010
v 16.183533 -5.874146 -19.215378
v 16.241819 -6.177546 -19.915375
v 16.941820 -5.910168 -20.348007
v 16.701859 -6.707802 -20.442337
v 17.425688 -6.420944 -20.930420
v 16.966555 -7.141100 -21.265350
v 17.412785 -6.400064 -21.634079
v 16.638420 -6.610168 -22.124420
v 16.578310 -7.548893 -22.025360
v 16.147717 -7.079185 -22.558350
v 15.818583 -7.827156 -22.635101
v 15.116346 -7.118185 -23.257462
v 15.727806 -6.469723 -22.645920
v 14.871874 -6.272411 -23.269730
v 14.180794 -7.271400 -23.508896
v 14.463717 -8.192184 -23.422348
v 15.483595 -8.326515 -22.455612
v 14.894310 -8.661892 -22.889359
v 14.134312 -8.952183 -23.359055
v 13.664604 -8.192184 -23.649353
v 14.373346 -5.812185 -23.560471
v 14.894299 -5.314257 -23.099792
v 13.947670 -4.953571 -23.642548
v 13.479603 -5.812185 -23.814362
v 12.975977 -4.997303 -23.662628
v 13.302963 -4.113161 -23.914566
v 12.511616 -4.070057 -23.965118
v 13.734896 -3.523184 -24.251068
v 12.479879 -2.835560 -24.000244
v 11.743856 -3.842812 -24.209335
v 11.743856 -2.835560 -24.209335
v 11.347256 -3.339186 -24.700241
v 11.301527 -2.267963 -24.725525
v 10.906933 -2.813856 -25.435364
v 10.381604 -1.963858 -25.110687
v 10.056933 -2.489187 -25.960678
v 10.425345 -3.339186 -26.031464
v 9.531604 -3.339186 -26.285355
v 9.891551 -3.894503 -26.252319
v 8.803657 -3.894503 -26.252319
v 8.637861 -3.339186 -26.031464
v 9.006275 -2.489187 -25.960678
v 8.088232 -2.675392 -25.544983
v 8.601051 -1.862843 -25.603455
v 7.756156 -1.809528 -25.577454
v 8.277061 -0.897720 -25.530960
v 7.350932 -1.183184 -25.934692
v 6.825603 -1.779293 -25.453094
v 6.360327 -1.290785 -26.018906
v 5.895051 -1.809528 -25.577454
v 5.901604 -2.141226 -24.972290
v 5.201604 -2.199512 -25.275681
v 4.970113 -1.824953 -26.139862
v 4.351604 -2.270290 -25.644104
v 4.351604 -2.615284 -24.861465
v 3.530510 -2.624605 -24.881363
v 3.442959 -2.341507 -25.913406
v 2.754603 -2.769161 -25.360336
v 2.792784 -2.906391 -24.425415
v 3.556586 -2.750185 -24.194122
v 2.805822 -3.073727 -23.713791
v 3.556586 -2.959274 -23.458099
v 3.123962 -3.450184 -23.061493
v 2.117183 -3.703968 -23.261108
v 2.787809 -4.235493 -23.002655
v 2.344556 -4.487137 -22.985352
v 1.608532 -4.487137 -23.194443
v 1.911932 -5.187138 -23.252731
v 1.211932 -4.919760 -23.685364
v 1.211932 -4.054514 -23.685364
v 0.944556 -4.487137 -24.385361
v 0.982989 -5.250689 -24.943359
v 1.211932 -4.054514 -25.085358
v 0.924702 -4.947289 -25.643356
v 0.715612 -5.683311 -25.643356
v 0.508932 -5.361515 -26.493362
v 0.076930 -6.247637 -26.297363
v -0.341068 -5.686184 -27.018692
v -0.866396 -6.282291 -26.537094
v -1.391725 -5.686184 -27.018692
v -1.760947 -6.271099 -26.294998
v -2.241725 -5.361515 -26.493362
v -2.408045 -5.748617 -25.749023
v -2.693757 -4.955538 -26.065201
v -3.108045 -5.481239 -25.316391
v -2.804645 -6.181240 -25.258118
v -3.540669 -6.181240 -25.049026
v -3.108045 -6.881241 -25.316391
v -4.350262 -6.669693 -25.017746
v -3.964061 -7.499359 -25.363419
v -3.229608 -7.588148 -25.754379
v -3.667373 -8.184185 -26.094330
v -4.442372 -8.480207 -25.615356
v -4.003280 -8.959185 -26.158859
v -3.188396 -8.959185 -26.390350
v -3.676682 -9.767979 -26.205734
v -4.706147 -8.797689 -25.323639
v -5.102747 -8.365067 -24.832718
v -5.608325 -9.224232 -24.628448
v -5.211725 -9.656855 -25.119354
v -5.652048 -10.253187 -24.384247
v -5.211725 -10.707514 -25.119354
v -4.730139 -10.182184 -25.715469
v -5.378045 -11.094616 -24.375015
v -4.686397 -11.557512 -24.794693
v -5.025304 -11.812885 -23.903488
v -5.598503 -10.924162 -23.893127
v -5.656790 -11.227562 -23.193130
v -5.527725 -12.185514 -23.113358
v -4.698273 -13.022051 -23.615448
v -4.301673 -12.589428 -24.106354
v -4.301673 -13.454674 -24.106354
v -5.002397 -13.035515 -22.788681
v -5.598503 -12.553928 -22.263351
v -4.591252 -13.561178 -22.263351
v -4.705829 -13.406881 -21.329285
v -4.496740 -14.142905 -21.329285
v -4.610257 -14.298246 -20.544357
v -4.565578 -14.642681 -21.345703
v -4.721396 -15.096185 -20.544357
v -4.431102 -15.565890 -21.304352
v -4.494386 -15.895295 -20.544357
v -4.431102 -15.565890 -19.784363
v -3.961396 -16.325890 -20.074646
v -3.671102 -15.856185 -19.314651
v -3.260281 -16.482553 -19.710022
v -2.971102 -16.123562 -18.882034
v -3.263311 -15.096185 -18.926407
v -2.866711 -15.528809 -18.435501
v -2.866711 -14.663561 -18.435501
v -2.573781 -15.526687 -18.009354
v -2.557415 -15.159736 -17.522430
v -2.306405 -15.959311 -17.309357
v -2.573781 -15.526687 -16.609360
v -2.866711 -14.663561 -17.035492
v -3.478253 -15.189248 -16.141205
v -2.970382 -15.959311 -16.118439
v -3.870373 -16.049049 -15.803345
v -4.243507 -15.587694 -15.672836
v -4.661060 -16.028170 -15.560471
v -4.981902 -15.359135 -14.910721
v -5.415723 -16.274666 -15.094070
v -5.690756 -15.780210 -14.543579
v -6.123380 -16.271122 -14.940170
v -6.044859 -17.197718 -15.407486
v -6.654311 -17.130184 -15.268311
v -7.062102 -16.370186 -14.880066
v -7.391508 -17.130184 -14.943344
v -7.062102 -17.890186 -14.880066
v -7.822103 -17.599892 -14.410355
v -7.352396 -18.359890 -14.120056
v -7.885386 -17.929295 -13.650360
v -7.352396 -18.359890 -13.180649
v -6.659964 -18.774647 -13.650360
v -7.822103 -17.599892 -12.890350
v -7.062102 -17.890186 -12.420654
v -7.391508 -17.130184 -12.357361
v -6.677059 -16.883055 -11.791931
v -6.163659 -18.148245 -12.109497
v -6.101725 -17.487514 -11.341354
v -5.576396 -18.337513 -11.666031
v -5.357917 -17.836681 -10.743958
v -4.832061 -18.503834 -11.278931
v -4.841280 -18.777836 -12.120361
v -4.211396 -18.960514 -11.495026
v -4.053013 -18.992817 -10.817429
v -3.720485 -19.357113 -11.062408
v -3.418838 -19.388559 -12.111404
v -2.928773 -19.867195 -11.734863
v -3.380291 -20.120228 -11.046310
v -2.625373 -20.567194 -11.676575
v -3.380291 -20.985477 -11.046310
v -3.562102 -20.861465 -10.384811
v -3.796386 -21.470074 -10.504364
v -3.733102 -21.799480 -11.264359
v -4.023396 -22.269184 -10.504364
v -3.733102 -22.738892 -11.264359
v -3.796386 -23.068296 -10.504364
v -3.362461 -23.559000 -10.973373
v -3.263397 -23.498890 -10.034653
v -2.847620 -24.017061 -10.504364
v -2.905908 -24.320461 -11.204361
v -2.552195 -24.924515 -10.414566
v -2.862458 -25.528568 -10.815704
v -3.121183 -25.363590 -11.476517
v -2.978740 -24.678465 -11.607422
v -3.577725 -26.303856 -11.255356
v -3.648503 -25.935442 -12.105362
v -3.287203 -25.446072 -12.450363
v -3.761996 -26.017639 -12.880081
v -3.326996 -25.737209 -13.492737
v -3.654396 -26.101856 -13.870682
v -2.804396 -26.000841 -14.363449
v -3.329725 -26.627186 -14.720688
v -2.279068 -26.627186 -14.720688
v -2.804396 -27.477184 -15.045349
v -1.910654 -27.477184 -14.791458
v -1.086301 -27.275112 -14.389084
v -1.386649 -28.101049 -14.284851
v -0.653677 -27.975113 -14.121704
v -0.221053 -27.275112 -14.389084
v 0.312628 -28.232401 -13.891754
v -0.387372 -28.174112 -13.588348
v 0.237651 -28.694273 -12.918289
v 0.937651 -28.752562 -13.221680
v 0.902603 -28.568890 -14.325058
v 1.662603 -28.859184 -13.855362
v 1.662603 -28.632174 -14.654465
v 1.662603 -29.068274 -13.119339
v 1.693532 -29.320618 -12.561050
v 2.556603 -29.294291 -12.581100
v 0.670275 -29.185184 -12.521683
v 1.195603 -29.781292 -12.040100
v 2.010487 -29.883461 -11.649979
v 2.642766 -29.657698 -11.732880
v 3.406604 -29.223515 -12.212692
v 3.256269 -29.283203 -11.083008
v 4.002709 -28.741928 -11.687363
v 3.931932 -28.373514 -10.837357
v 3.246114 -28.734070 -10.253967
v 3.736179 -27.941128 -10.022095
v 3.187826 -28.430670 -9.553970
v 3.678738 -28.034069 -9.121338
v 3.931932 -27.322857 -9.437363
v 3.664557 -26.890232 -10.137360
v 3.931932 -26.457609 -9.437363
v 3.873645 -26.154209 -10.137360
v 4.328532 -26.890232 -8.946442
v 4.139114 -27.693562 -8.662262
v 4.839114 -27.426186 -8.229630
v 4.535714 -28.126184 -8.171341
v 5.100784 -27.672682 -7.679703
v 5.162586 -26.849926 -7.666702
v 5.134218 -27.310051 -6.848907
v 5.122972 -26.426605 -6.819473
v 5.352308 -25.766418 -6.857910
v 4.716912 -26.884235 -6.059753
v 4.461658 -26.360519 -6.048080
v 4.990988 -25.744791 -5.797592
v 4.246580 -25.485184 -5.739319
v 4.782928 -24.922316 -5.090042
v 5.127814 -25.237640 -5.237000
v 3.943180 -24.785185 -5.681030
v 3.510556 -25.485184 -5.948410
v 3.077932 -24.785185 -5.681030
v 2.774532 -25.485184 -5.739319
v 2.180354 -25.651302 -5.506699
v 2.225866 -24.506670 -4.908356
v 1.785932 -25.271185 -5.042023
v 1.260603 -25.897530 -5.399261
v 0.795327 -25.378784 -4.957809
v 0.651908 -24.872528 -4.502258
v 0.000628 -25.361282 -4.555557
v 0.562114 -24.492693 -4.157593
v 1.111932 -24.246185 -4.145035
v 0.085034 -23.979851 -3.616714
v 0.583456 -23.403603 -3.652649
v 1.480347 -23.396185 -4.074249
v 2.017427 -23.907932 -4.545013
v 1.961932 -22.870857 -4.670364
v 1.111932 -22.546185 -4.145035
v 1.554817 -21.989407 -4.914246
v 2.062947 -22.378090 -5.455048
v 2.377933 -22.817810 -5.248398
v 2.658269 -22.393536 -6.143921
v 1.711008 -21.567949 -5.923691
v 1.218964 -21.395035 -4.908752
v 1.606463 -20.767313 -5.923691
v 1.751621 -21.293552 -6.724640
v 1.542533 -20.557529 -6.724640
v 1.791692 -19.985760 -6.124954
v 1.751621 -19.821505 -6.724640
v 2.242533 -19.424904 -6.292007
v 2.282603 -19.589161 -5.692337
v 2.861565 -18.879131 -5.980042
v 2.826112 -19.150066 -5.213364
v 3.057604 -18.335186 -5.213364
v 3.122309 -18.078419 -5.988815
v 2.945322 -17.529049 -5.213364
v 3.212698 -17.096424 -5.913361
v 3.154410 -16.793026 -5.213364
v 3.557224 -16.664272 -5.662003
v 3.431029 -16.465191 -5.017838
v 13.898085 -15.442075 -9.439850
v 13.359138 -14.856627 -8.981827
v 13.759249 -15.287597 -8.516251
v 12.555532 -13.105190 -9.909332
v 12.547731 -12.970491 -9.479340
v 12.729593 -13.672947 -9.282684
v 12.524694 -12.369167 -9.442673
v 12.555532 -11.633144 -9.909332
v 12.599953 -11.958981 -9.245636
v 12.801622 -11.160952 -9.550354
v 12.697124 -11.584248 -8.639297
v 12.838877 -10.876240 -8.744690
v 13.010712 -10.424929 -9.550354
v 12.939932 -10.056515 -8.700363
v 13.381693 -9.736763 -9.359756
v 13.445965 -10.012217 -10.057693
v 13.872602 -9.340162 -9.792374
v 13.936874 -9.615616 -10.490311
v 14.572603 -9.281876 -10.095779
v 13.934980 -9.070194 -9.183853
v 14.792894 -8.925438 -9.273407
v 15.272604 -9.340162 -9.792374
v 15.280922 -9.440147 -10.815308
v 16.047604 -9.636185 -10.271362
v 16.047604 -9.404696 -11.086243
v 15.568626 -8.861185 -11.525330
v 16.526581 -8.861185 -11.525330
v 16.822603 -9.340162 -10.750336
v 17.301580 -8.565163 -11.046356
v 16.928291 -8.140133 -11.662994
v 17.301580 -7.607208 -11.046356
v 16.886856 -7.088242 -11.526062
v 16.927731 -6.775557 -10.745193
v 16.536966 -6.340153 -11.067017
v 16.595253 -6.036753 -11.767029
v 16.945143 -6.784842 -12.226059
v 17.263210 -6.884495 -12.686401
v 17.292728 -6.128201 -12.676178
v 17.674309 -6.373892 -13.168350
v 17.674309 -5.434477 -13.168350
v 17.964603 -5.904184 -13.928360
v 17.737593 -5.105072 -13.928360
v 17.821688 -5.429802 -14.695923
v 17.795879 -4.801672 -14.628357
v 17.653675 -5.423529 -15.440643
v 17.862764 -4.687506 -15.440643
v 17.361956 -4.310968 -14.159348
v 17.758556 -3.878345 -14.650253
v 18.673740 -3.706688 -15.223969
v 18.353674 -4.290905 -15.873260
v 19.086327 -4.204784 -16.131805
v 19.551603 -3.686041 -15.690369
v 19.996758 -4.198402 -16.137314
v 19.551603 -4.693291 -16.697617
v 20.446154 -4.682098 -16.939713
v 19.924644 -5.221457 -17.378922
v 20.889702 -4.852985 -17.908325
v 20.252602 -5.625513 -18.211029
v 19.402603 -5.696293 -17.842621
v 19.402603 -5.950186 -18.736359
v 20.252602 -5.625513 -19.261688
v 19.416945 -5.835125 -19.680939
v 18.626163 -5.800533 -19.373718
v 18.664604 -6.011694 -20.243469
v 18.074444 -5.477545 -19.648010
v 17.852493 -5.978657 -20.431213
v 17.374443 -5.419258 -19.951401
v 18.664604 -6.243183 -21.058365
v 18.125689 -6.362658 -21.265350
v 18.664604 -6.011694 -21.873245
v 17.816732 -5.862755 -22.074219
v 18.185627 -5.468184 -22.312332
v 17.497561 -5.137234 -22.142258
v 17.064938 -5.837234 -21.874878
v 16.455318 -5.106674 -22.189468
v 16.328915 -5.837234 -22.083969
v 15.514912 -5.619186 -22.436783
v 15.542299 -5.076113 -22.445786
v 15.916636 -4.203125 -22.546707
v 15.145699 -4.643490 -22.936707
v 15.590971 -3.597517 -23.080246
v 15.047714 -4.059799 -23.584183
v 14.280121 -4.209841 -23.785294
v 14.674311 -3.523184 -24.251068
v 15.434309 -3.232893 -23.781357
v 15.003716 -2.763186 -24.314346
v 14.204603 -2.763186 -24.541351
v 14.674311 -2.003187 -24.251068
v 13.734896 -2.003187 -24.251068
v 13.310696 -2.799374 -24.261841
v 13.457281 -1.696522 -23.919006
v 12.559383 -1.749353 -23.939194
v 13.024658 -0.996521 -23.651627
v 12.235931 -0.991913 -23.893173
v 11.770657 -1.744743 -24.180725
v 11.447206 -0.987303 -24.134720
v 10.867691 -0.981491 -23.928543
v 11.259672 -0.172070 -23.842438
v 10.523649 -0.172070 -23.633347
v 9.913863 -1.090912 -23.956360
v 10.346487 -1.581821 -24.352951
v 9.646487 -1.523535 -24.656357
v 9.213863 -0.823534 -24.388977
v 9.098980 -1.402168 -25.082504
v 9.531604 -1.893078 -25.479095
v 8.641254 -0.262182 -24.674240
v 8.913692 0.043583 -24.129227
v 8.271709 0.560558 -24.559357
v 8.200933 0.192144 -25.409363
v 7.675604 1.042143 -25.084686
v 7.350932 0.516813 -25.934692
v 7.719346 -0.333185 -26.005463
v 6.825603 -0.333185 -26.259354
v 6.332855 0.430698 -26.133057
v 5.840106 -0.435186 -26.469742
v 5.516656 0.322254 -26.423737
v 5.140106 -0.167809 -26.902359
v 5.603711 -1.047369 -27.183060
v 4.927604 -0.355478 -27.471405
v 5.495685 -1.054253 -28.047470
v 5.397309 -2.054892 -28.046356
v 5.183936 -1.694511 -27.229462
v 4.693966 -2.419380 -27.506683
v 4.351604 -2.270290 -27.116150
v 3.698587 -2.444250 -27.516541
v 4.167603 -2.878174 -28.007248
v 3.407603 -2.814890 -28.336655
v 2.925653 -2.403791 -27.826050
v 2.925653 -2.194702 -27.090027
v 3.234314 -2.145348 -26.615326
v 4.351604 -2.061201 -26.380127
v 2.534314 -2.412724 -26.182693
v 2.225654 -2.462078 -26.657394
v 2.225654 -2.462078 -27.522644
v 1.734742 -2.858679 -27.090027
v 1.574333 -3.311951 -26.864655
v 1.287323 -2.894489 -27.679077
v 0.801867 -3.614670 -27.444351
v 1.211932 -4.054514 -26.785355
v 1.639978 -3.620237 -25.992798
v 2.110152 -3.178205 -25.709030
v 1.849807 -3.271345 -24.826355
v 1.282710 -4.422928 -25.935364
v 0.822037 -4.943880 -26.433289
v 0.361932 -4.379183 -27.310684
v 0.046034 -4.941849 -27.185013
v -0.001070 -4.177702 -27.609070
v -0.866396 -4.951067 -27.459015
v -0.810397 -4.218161 -27.918579
v -1.653507 -4.164799 -27.588181
v -1.881509 -4.842426 -27.141525
v -2.196765 -3.702517 -27.084244
v -2.370790 -4.403563 -26.573120
v -2.851458 -3.342567 -26.602020
v -3.070790 -4.136185 -26.140503
v -3.388390 -3.338184 -26.383820
v -3.823697 -4.151501 -26.072800
v -3.393756 -4.688160 -25.632568
v -4.259004 -4.688160 -25.632568
v -3.589053 -5.149113 -25.328079
v -4.454301 -5.149113 -25.328079
v -4.021677 -5.849113 -25.060699
v -4.770293 -5.909403 -25.277451
v -5.278654 -5.351185 -25.730469
v -5.647068 -6.201183 -25.659683
v -5.164065 -6.748611 -25.264648
v -6.107092 -6.827528 -25.302460
v -5.406147 -7.665066 -24.891006
v -4.782886 -7.369694 -25.285126
v -6.357231 -7.517624 -25.021347
v -5.838771 -8.365067 -24.623627
v -6.776973 -8.524231 -24.686737
v -6.344349 -9.224232 -24.419357
v -7.068397 -9.059040 -24.477356
v -6.635773 -9.549950 -24.080750
v -6.360222 -10.055195 -23.862564
v -7.068397 -10.066292 -23.470093
v -6.368397 -10.469568 -22.990860
v -6.089414 -10.527561 -23.460495
v -5.935773 -11.169569 -22.723480
v -6.676014 -10.817354 -22.221939
v -6.016255 -10.999895 -21.720413
v -5.955771 -11.751238 -22.263351
v -6.448879 -10.299894 -21.453033
v -5.957968 -10.696495 -21.020401
v -5.536048 -11.055937 -20.716476
v -6.078964 -10.273453 -20.501953
v -5.095725 -10.601610 -19.981354
v -5.095725 -11.466856 -19.981354
v -5.523771 -12.047737 -20.773911
v -5.095725 -12.517515 -19.981354
v -5.166502 -12.885929 -20.831360
v -4.770255 -13.471960 -20.378601
v -4.409907 -12.878071 -19.397964
v -4.431102 -13.761231 -19.784363
v -4.025673 -13.665697 -19.043350
v -4.431102 -14.626479 -19.784363
v -3.566711 -14.396185 -18.868118
v -4.000508 -15.096185 -19.251373
v -3.299335 -13.963561 -18.168121
v -3.967386 -13.362297 -18.343353
v -4.194396 -12.563185 -18.343353
v -3.943540 -12.985826 -17.192627
v -3.734451 -13.721849 -17.192627
v -3.299335 -13.963561 -17.302872
v -2.808424 -14.360161 -17.735489
v -3.566711 -14.396185 -16.602875
v -4.001827 -13.289227 -16.492630
v -4.122660 -14.354670 -16.239349
v -4.438667 -13.761959 -15.976730
v -4.532725 -14.794514 -15.580353
v -4.973048 -14.340187 -14.845245
v -5.164725 -13.441515 -15.368362
v -5.331045 -13.828616 -14.624023
v -5.369648 -14.772811 -14.354324
v -5.653389 -14.191139 -14.048248
v -5.764102 -13.393890 -14.049362
v -5.926388 -13.749416 -13.304077
v -5.920765 -14.623763 -13.289352
v -6.458272 -15.410374 -13.721420
v -6.169053 -15.089124 -13.175980
v -6.664315 -15.833813 -12.636475
v -7.352396 -15.900479 -13.180649
v -7.352396 -15.900479 -14.120056
v -6.592397 -15.837196 -14.449463
v -7.885386 -16.331074 -13.650360
v -7.822103 -16.660480 -14.410355
v -8.112396 -17.130184 -13.650360
v -7.822103 -16.660480 -12.890350
v -7.062102 -16.370186 -12.420654
v -6.362103 -16.102810 -11.988022
v -6.186438 -15.527208 -12.024307
v -6.094726 -15.670185 -11.288025
v -6.185941 -16.496908 -11.233765
v -5.744492 -16.031631 -10.715012
v -5.718076 -17.004927 -10.698685
v -5.555858 -15.987944 -10.070923
v -6.312654 -15.239415 -10.483978
v -5.988482 -15.287944 -9.803543
v -5.497571 -15.684544 -9.370926
v -5.239478 -16.477116 -9.362244
v -5.529346 -16.008099 -8.603363
v -5.204386 -16.745296 -8.603363
v -4.801723 -17.186543 -9.390884
v -4.938828 -17.335226 -10.217087
v -4.841669 -17.833616 -10.201309
v -4.242725 -18.146515 -9.724350
v -4.376392 -18.586449 -10.488876
v -3.860497 -19.023289 -10.016144
v -3.556907 -18.507069 -9.140961
v -3.578848 -19.407818 -9.198410
v -3.594203 -19.716297 -9.609360
v -3.562102 -19.389418 -10.384811
v -3.353013 -20.125443 -10.384811
v -3.385115 -20.452320 -9.609360
v -3.338603 -20.102125 -8.796173
v -3.562102 -20.861465 -8.833908
v -3.594203 -21.188345 -9.609360
v -3.465726 -21.366856 -9.044357
v -3.733102 -21.799480 -9.744354
v -3.535765 -22.303516 -8.925247
v -3.733102 -22.738892 -9.744354
v -3.029759 -23.103380 -9.204697
v -3.028818 -22.775112 -8.494843
v -2.272413 -23.186537 -8.911148
v -2.539789 -23.619160 -9.611145
v -1.839789 -23.886536 -9.178513
v -2.236389 -24.319160 -9.669434
v -1.620508 -25.054184 -9.099365
v -2.051102 -25.523891 -9.632355
v -1.195745 -25.985056 -9.232086
v -1.859303 -26.346348 -9.698547
v -2.465858 -25.961191 -10.324783
v -2.313499 -26.829185 -10.314255
v -3.096139 -26.829185 -10.659256
v -2.616899 -27.529184 -10.255966
v -3.223858 -27.861177 -10.778793
v -3.577725 -27.354513 -11.255356
v -3.493907 -28.363070 -11.911972
v -3.822492 -27.542490 -11.869019
v -4.179725 -28.002514 -12.495361
v -4.179725 -26.951857 -12.495361
v -4.504396 -27.477184 -13.345352
v -4.250503 -26.583443 -13.345352
v -4.179725 -26.951857 -14.195358
v -4.179725 -28.002514 -14.195358
v -3.698139 -27.477184 -14.791458
v -3.329725 -28.327185 -14.720688
v -3.654396 -28.852514 -13.870682
v -2.804396 -28.923290 -14.239105
v -2.279068 -28.327185 -14.720688
v -1.954396 -28.852514 -13.870682
v -2.804396 -29.177185 -13.345352
v -2.018963 -29.326355 -12.992584
v -1.392468 -28.825905 -13.182449
v -1.125092 -29.258530 -12.482452
v -0.692468 -28.767618 -12.879059
v -0.122905 -29.277666 -12.232468
v -1.110380 -29.627249 -12.136169
v -0.337446 -29.586792 -11.826660
v 0.349829 -29.793562 -11.795624
v -0.119397 -29.939604 -11.012665
v 0.380720 -30.092548 -10.913956
v 1.224324 -30.144697 -11.227386
v 0.974587 -30.432249 -10.401169
v 1.912620 -30.432249 -10.401169
v 2.010487 -30.092548 -10.913956
v 2.643254 -29.701664 -10.661240
v 2.673309 -30.042891 -9.871353
v 2.203604 -30.802891 -9.581070
v 2.736592 -30.372295 -9.111359
v 3.061552 -29.635099 -9.111359
v 2.978738 -29.166693 -9.553970
v 3.246114 -28.734070 -8.853958
v 2.904144 -29.953268 -8.230698
v 3.766047 -29.523800 -7.694489
v 4.206309 -28.886185 -8.108063
v 3.946114 -28.466694 -8.421341
v 4.496604 -29.355890 -7.348068
v 4.966310 -28.595890 -7.638351
v 5.029593 -28.925297 -6.878357
v 5.256604 -28.126184 -6.878357
v 4.966310 -28.595890 -6.118362
v 4.966310 -27.656479 -6.118362
v 4.535714 -28.126184 -5.585373
v 4.117672 -27.213352 -5.714676
v 3.736604 -28.126184 -5.358353
v 3.070379 -27.147158 -5.518295
v 3.672932 -26.355911 -5.806534
v 2.612978 -26.351301 -5.774078
v 2.269478 -27.166185 -5.740341
v 1.758532 -26.597528 -5.666641
v 1.613604 -27.294186 -5.835358
v 1.199101 -26.594185 -5.685974
v 0.719861 -27.294186 -6.089249
v 0.416461 -26.594185 -6.030960
v 0.420111 -26.122459 -5.787354
v 0.087269 -26.826061 -6.663025
v 0.238275 -27.819513 -6.685364
v -0.086396 -27.294186 -7.535355
v 0.031594 -26.447060 -7.535355
v 0.089448 -25.936140 -7.462173
v -0.192701 -25.617905 -6.609070
v -0.012513 -25.631550 -5.390762
v -0.912881 -25.383181 -6.123627
v -0.827396 -25.574184 -5.158356
v -1.677396 -25.249514 -5.683685
v -1.677396 -25.249514 -4.633026
v -0.827396 -25.320290 -4.264618
v -1.352725 -24.724184 -3.783035
v -0.302068 -24.724184 -3.783035
v -0.756395 -23.989067 -3.342697
v -1.785349 -24.233273 -3.386429
v -1.078420 -23.712185 -3.005386
v -0.246768 -23.411020 -3.379227
v -0.742513 -22.937185 -2.940842
v -0.237000 -22.399597 -3.408249
v 0.369369 -22.466883 -3.782623
v 0.040143 -21.903217 -4.137268
v 0.651908 -21.919842 -4.502258
v -0.782396 -21.683208 -3.780380
v -0.781943 -21.322479 -4.516129
v -0.349319 -20.831568 -4.912720
v 0.771580 -20.844604 -4.853363
v 0.103487 -20.248459 -4.925201
v 1.074980 -20.144604 -4.795074
v 0.685518 -19.665348 -4.612015
v 1.507604 -19.653694 -4.398468
v 1.867599 -20.108582 -5.213364
v 2.282603 -19.589161 -4.734375
v 1.986580 -19.110184 -3.959381
v 2.761580 -18.814161 -4.438354
v 2.322486 -18.335186 -3.894852
v 2.853193 -17.534760 -4.475998
v 1.737322 -17.223822 -3.857285
v 2.310482 -16.316025 -3.951843
v 2.959359 -16.480537 -4.411148
v 12.173635 -10.336849 -8.067001
v 11.956196 -10.934216 -7.563614
v 12.418196 -11.195225 -8.094894
v 11.777035 -9.904226 -7.576080
v 12.450506 -9.360376 -8.080978
v 12.046064 -8.756945 -7.566788
v 12.746065 -8.489567 -7.999420
v 13.234980 -9.337572 -8.751236
v 13.667603 -8.637571 -8.483856
v 13.842274 -7.638184 -7.523026
v 14.367603 -8.234291 -8.004608
v 14.367603 -8.579285 -8.787247
v 15.213379 -8.246563 -8.249084
v 15.573769 -8.966312 -8.960724
v 16.117718 -8.086185 -8.624542
v 16.526581 -8.861185 -9.017380
v 16.047604 -9.404696 -9.456467
v 16.822603 -9.340162 -9.792374
v 17.301580 -8.565163 -9.496353
v 17.366114 -8.901070 -10.271362
v 17.597603 -8.086185 -10.271362
v 17.301580 -7.607208 -9.496353
v 17.366114 -7.271301 -10.271362
v 16.927731 -6.775557 -9.797516
v 16.591553 -7.319504 -8.917389
v 16.428932 -6.423855 -9.411362
v 16.499710 -6.055441 -10.261353
v 16.046705 -5.547081 -9.703140
v 16.001730 -5.303860 -10.237518
v 16.039038 -5.534489 -10.759293
v 15.811295 -4.683151 -10.972244
v 15.792641 -4.567837 -10.237518
v 15.818935 -4.717966 -9.677383
v 16.001730 -3.831814 -10.237518
v 16.001730 -3.831814 -11.185196
v 16.440113 -3.336069 -10.711349
v 16.475565 -3.065132 -11.478043
v 16.214310 -4.011562 -12.266022
v 16.495644 -3.158644 -12.212021
v 16.553930 -3.462044 -12.912018
v 16.553930 -4.327290 -12.912018
v 16.137163 -4.938633 -12.075607
v 16.914310 -5.144186 -12.698654
v 16.578934 -5.577923 -12.109360
v 17.303669 -4.614368 -13.459335
v 16.950531 -3.894667 -13.402939
v 17.026979 -3.384892 -13.383026
v 17.361956 -3.445723 -14.159348
v 17.794579 -2.745722 -13.891968
v 18.061956 -3.178345 -14.591965
v 18.494579 -2.687435 -14.195358
v 18.928503 -3.178139 -14.664383
v 18.677027 -2.003069 -13.578995
v 19.560471 -1.973627 -13.567749
v 19.906897 -2.704184 -13.735657
v 20.376604 -1.944185 -13.445358
v 20.846312 -2.704184 -13.735657
v 20.376604 -3.237175 -14.166245
v 21.136602 -3.173891 -14.495651
v 20.376604 -3.464186 -14.965363
v 21.235670 -3.234001 -15.434372
v 20.376604 -3.673275 -15.701385
v 20.868645 -3.469114 -16.041351
v 21.195211 -2.924496 -16.207306
v 20.926931 -3.772514 -16.741364
v 21.704685 -2.475117 -15.724243
v 21.686121 -2.527895 -16.639938
v 22.165581 -1.592562 -16.097763
v 22.310909 -2.104168 -17.076141
v 21.833611 -2.961687 -18.023987
v 21.354977 -3.338238 -17.533920
v 21.120022 -4.107834 -17.621048
v 21.400988 -3.661688 -18.291351
v 21.212116 -4.331213 -18.707642
v 21.237980 -3.751570 -19.080490
v 20.906996 -3.817562 -19.666122
v 20.777931 -4.775515 -19.586349
v 20.848709 -5.143929 -18.736359
v 20.481979 -4.260561 -20.358353
v 20.369699 -5.066698 -20.358353
v 20.190363 -5.471754 -20.103378
v 19.983114 -5.508068 -21.058365
v 19.439604 -5.947161 -20.579376
v 19.439604 -5.947161 -21.537338
v 19.918581 -5.172161 -21.833359
v 19.143581 -5.468184 -22.312332
v 19.479488 -4.693184 -22.376862
v 18.664604 -4.693184 -22.608353
v 19.143581 -3.918184 -22.312332
v 18.185627 -3.918184 -22.312332
v 17.849720 -4.693184 -22.376862
v 17.409895 -3.853931 -22.056305
v 17.113697 -4.693184 -22.167770
v 17.842518 -3.363022 -21.659698
v 16.981688 -3.479713 -21.517761
v 16.281687 -3.421427 -21.821167
v 16.549065 -2.988804 -21.121170
v 15.849064 -2.721426 -21.553787
v 15.790777 -3.024826 -22.253784
v 15.581688 -2.288803 -22.253784
v 15.724604 -2.763186 -23.021362
v 15.602219 -1.947052 -23.050797
v 15.434309 -2.293478 -23.781357
v 15.009027 -1.146185 -23.271683
v 15.478098 -1.046852 -23.072403
v 15.441650 -0.446184 -23.004303
v 14.705627 -0.446184 -23.213394
v 15.790777 -1.552780 -22.253784
v 16.023575 -1.108437 -22.399979
v 16.485088 -0.405182 -22.861618
v 15.874273 0.253817 -23.271683
v 15.241001 0.508932 -23.184723
v 14.504978 0.508932 -22.975632
v 14.204603 -0.279285 -23.156494
v 13.771980 -0.979286 -23.423874
v 14.204603 -1.470196 -23.820465
v 13.383820 -0.582203 -23.431702
v 13.792698 0.313366 -23.174530
v 13.080420 0.117798 -23.373428
v 13.080420 1.055832 -23.373428
v 12.589716 0.586815 -23.807343
v 12.321535 -0.172070 -23.842438
v 11.790604 0.586815 -24.034363
v 12.260311 1.346813 -23.744064
v 11.320896 1.346813 -23.744064
v 10.991491 0.586815 -23.807343
v 10.560898 1.056522 -23.274353
v 10.197389 0.355831 -23.431702
v 9.860898 0.789145 -22.841736
v 9.428274 0.298235 -23.238327
v 9.687614 -0.262995 -23.863190
v 8.995650 0.789145 -22.841736
v 8.728274 0.356522 -23.541733
v 8.569324 1.117533 -22.928802
v 8.301948 0.684910 -23.628799
v 7.869324 1.384911 -23.361435
v 7.783203 1.126360 -24.094086
v 7.939042 1.795490 -23.000488
v 7.129978 1.882074 -23.269012
v 7.397354 2.314697 -22.569016
v 6.651948 2.142912 -23.457657
v 6.608996 1.814325 -24.278244
v 6.025604 2.500141 -23.917679
v 5.733822 2.117916 -24.794464
v 6.275604 1.640142 -25.145691
v 6.940487 1.482466 -24.630356
v 6.911089 1.175812 -25.524612
v 5.950933 1.114813 -25.995682
v 5.511089 1.773811 -25.585617
v 5.313135 1.190947 -26.236008
v 4.733066 1.569574 -26.526932
v 4.438580 2.421032 -25.557724
v 4.381593 2.326927 -26.459351
v 4.318310 1.997522 -27.219360
v 3.981819 1.564209 -27.809326
v 4.494980 0.344522 -27.204025
v 4.227604 0.777145 -27.904022
v 4.436692 0.041122 -27.904022
v 4.511827 0.162693 -28.806351
v 4.927604 -0.355478 -28.336655
v 4.927604 -0.355478 -29.276062
v 5.460592 -0.786072 -28.806351
v 5.397309 -1.115477 -29.566360
v 5.687604 -1.585184 -28.806351
v 5.507282 -2.066961 -29.603363
v 5.460592 -2.384296 -28.806351
v 5.061121 -2.769894 -29.209778
v 4.927604 -2.814890 -28.336655
v 4.167603 -3.105185 -28.806351
v 4.235171 -3.229645 -29.713364
v 3.400036 -3.171358 -29.067993
v 3.751603 -3.479174 -30.085251
v 4.511603 -3.415890 -30.414658
v 3.751603 -3.706184 -30.884354
v 2.991603 -3.415890 -30.414658
v 2.592604 -2.966513 -29.305023
v 2.707603 -2.756603 -28.640045
v 2.014720 -2.655836 -28.846115
v 1.987323 -2.627113 -28.111694
v 1.314720 -2.597549 -28.542709
v 1.257278 -2.366520 -29.314224
v 0.434113 -2.282169 -28.995834
v 0.023934 -2.927069 -28.411728
v -0.419782 -2.387312 -28.649734
v -0.810397 -2.868185 -28.545364
v -0.340691 -3.628183 -28.255066
v -1.280102 -3.628183 -28.255066
v -1.609508 -2.868185 -28.318344
v -2.040102 -3.337893 -27.785355
v -2.040102 -2.398478 -27.785355
v -2.454858 -2.868185 -27.092926
v -2.103386 -2.069073 -27.025360
v -2.594297 -2.465673 -26.592728
v -2.095452 -1.701498 -26.385513
v -2.586363 -2.098099 -25.952896
v -3.084990 -2.570618 -26.325531
v -3.286363 -2.156385 -25.649490
v -3.823697 -2.524868 -26.072800
v -4.295396 -2.045195 -25.538467
v -4.765102 -2.578186 -25.969070
v -4.295396 -3.338184 -26.259354
v -5.094508 -3.338184 -26.032349
v -4.777174 -4.135193 -26.079041
v -5.537701 -3.607464 -25.735077
v -5.615561 -4.316685 -25.845490
v -4.975254 -4.651184 -25.788757
v -6.237701 -3.874842 -25.302460
v -6.697725 -4.501186 -25.659683
v -6.172397 -5.351185 -25.984360
v -7.066139 -5.351185 -25.730469
v -6.666873 -6.221203 -25.794464
v -7.509861 -6.364017 -25.534500
v -6.897395 -6.635067 -25.592010
v -7.824068 -7.421183 -25.303680
v -8.349397 -6.571184 -25.628357
v -8.885630 -7.497009 -25.404892
v -8.284092 -8.047527 -24.946457
v -7.193621 -8.098740 -24.979919
v -7.500147 -8.771067 -24.573013
v -8.461731 -8.628624 -24.690842
v -7.911067 -9.506184 -24.132690
v -9.080940 -9.644966 -24.019760
v -8.688690 -10.476183 -23.492065
v -7.768396 -10.469568 -22.990860
v -8.398396 -10.945890 -22.732056
v -7.602382 -10.766300 -22.207687
v -7.068397 -10.411282 -22.687454
v -8.398396 -10.945890 -21.792648
v -7.861783 -10.279015 -21.419250
v -7.148879 -10.241608 -21.756424
v -7.399183 -9.621460 -20.793625
v -8.324066 -9.775068 -20.875992
v -7.883938 -9.148542 -20.301971
v -7.176434 -9.071213 -19.821152
v -6.656303 -9.533981 -20.294983
v -6.580396 -9.411161 -19.383377
v -5.528349 -9.901609 -19.713974
v -5.872077 -9.569433 -19.015015
v -5.037438 -10.298210 -19.281357
v -4.926442 -9.927446 -18.623978
v -4.493818 -10.627447 -18.891342
v -4.738492 -11.061634 -19.355011
v -4.435531 -10.324047 -18.191345
v -4.226442 -11.060070 -18.191345
v -4.318858 -11.656179 -18.275787
v -4.669312 -12.010452 -19.277100
v -4.260571 -11.352779 -17.575790
v -4.051482 -12.088802 -17.575790
v -4.318858 -11.656179 -16.875793
v -4.286539 -12.483562 -16.455368
v -4.986539 -12.216185 -16.022751
v -4.683139 -12.916185 -15.964462
v -5.527126 -12.698952 -15.447662
v -5.701889 -12.120176 -15.806686
v -6.115534 -12.187874 -15.070175
v -5.605048 -12.987188 -14.633240
v -6.120570 -12.662544 -14.056931
v -6.779124 -11.826616 -14.173309
v -6.275849 -12.205688 -13.515030
v -6.054397 -12.924185 -13.289352
v -6.120570 -12.662544 -12.521790
v -5.862477 -13.455116 -12.530472
v -6.178858 -12.965944 -11.821793
v -5.920765 -13.758515 -11.830475
v -5.653389 -14.191139 -12.530472
v -5.920765 -14.623763 -11.830475
v -5.862477 -14.927163 -12.530472
v -6.244725 -14.358561 -11.324310
v -6.575458 -13.398567 -11.330872
v -6.944725 -14.091185 -10.891678
v -7.313139 -13.241184 -10.962463
v -7.794725 -13.766513 -10.366364
v -7.269396 -14.616513 -10.041687
v -7.865502 -14.134927 -9.516357
v -7.269396 -14.616513 -8.991028
v -7.794725 -13.766513 -8.666351
v -6.944725 -14.091185 -8.141022
v -6.504881 -14.750181 -8.551086
v -5.988482 -15.287944 -8.938293
v -5.683373 -14.870951 -8.070251
v -5.951272 -14.113509 -7.990021
v -5.179748 -14.056067 -7.758987
v -4.891706 -14.704235 -7.784744
v -5.201212 -15.477169 -7.744293
v -4.381103 -15.186185 -7.373657
v -4.710508 -15.946185 -7.310364
v -5.141102 -16.415890 -7.843353
v -4.381103 -16.706184 -7.373657
v -4.671396 -17.175892 -8.133652
v -3.911397 -17.239174 -7.804245
v -3.978964 -17.590647 -8.561600
v -3.478773 -17.730085 -8.200851
v -3.009757 -17.296162 -7.710144
v -2.541373 -17.607784 -7.699982
v -2.465493 -17.046045 -7.029358
v -1.841373 -17.875160 -7.267349
v -2.237973 -18.307785 -7.758270
v -1.841373 -18.740410 -7.267349
v -2.541373 -19.007786 -7.699982
v -2.861425 -18.739727 -8.238327
v -2.861425 -19.604973 -8.238327
v -3.258025 -19.172350 -8.729233
v -2.639397 -19.779284 -7.435165
v -3.265905 -20.382210 -8.058456
v -2.909396 -20.239479 -6.996658
v -3.442386 -20.670074 -7.466354
v -3.477478 -20.938255 -8.225235
v -3.669396 -21.469185 -7.466354
v -3.477478 -22.000116 -8.225235
v -3.442386 -22.268295 -7.466354
v -2.962712 -22.802635 -7.938049
v -2.909396 -22.698891 -6.996658
v -2.216964 -23.113647 -7.508118
v -2.216964 -23.113647 -8.373367
v -1.726053 -23.510246 -7.940735
v -1.781502 -23.583138 -8.478516
v -1.165620 -24.318161 -7.908463
v -1.787205 -23.636089 -7.334702
v -2.348300 -23.167490 -6.733047
v -1.845492 -23.939489 -6.634705
v -2.476773 -23.398891 -5.864029
v -2.202725 -24.399513 -6.008362
v -1.432495 -24.783163 -6.617523
v -0.595779 -24.689129 -7.182648
v -0.595779 -24.689129 -8.047897
v -1.223907 -24.621561 -8.608459
v -0.863155 -25.121752 -8.747894
v -0.163156 -25.389130 -8.315277
v -0.559756 -25.821753 -8.806183
v -0.163156 -26.254375 -8.315277
v -0.400390 -26.423306 -8.868896
v -0.133014 -26.855928 -8.168900
v -0.400390 -27.288551 -8.868896
v -0.796990 -26.855928 -9.359818
v -1.209073 -27.778273 -9.280853
v -1.533013 -26.855928 -9.568909
v -1.831301 -27.284996 -9.749146
v -2.049102 -28.008184 -9.616653
v -1.579396 -28.768185 -9.326355
v -2.378508 -28.768185 -9.553360
v -2.809102 -28.298479 -10.086349
v -2.809102 -29.237890 -10.086349
v -3.099396 -28.768185 -10.846359
v -2.872386 -29.567297 -10.846359
v -2.907478 -29.299116 -11.605240
v -2.339396 -29.997890 -11.316055
v -2.048413 -29.627249 -12.136169
v -2.919280 -29.292835 -12.409103
v -3.398389 -28.902515 -12.037872
v -3.654396 -28.852514 -12.820023
v -1.579396 -30.061174 -11.645462
v -1.579396 -30.288185 -10.846359
v -0.819396 -29.997890 -11.316055
v -0.811829 -30.145269 -10.371979
v -1.579396 -30.061174 -10.047241
v -1.093534 -29.760365 -9.671234
v -0.340297 -29.975697 -9.543976
v 0.201653 -30.391792 -10.091660
v 0.150615 -30.372295 -9.111359
v 0.683603 -30.802891 -9.581070
v 0.683603 -30.802891 -8.641647
v 1.443604 -31.093185 -9.111359
v 1.443604 -30.866175 -9.910461
v 1.443604 -30.866175 -8.312241
v 2.203604 -30.802891 -8.641647
v 1.913309 -30.333185 -7.881653
v 0.973898 -30.333185 -7.881653
v 1.321203 -29.454605 -7.394913
v 2.345933 -29.842274 -7.485046
v 2.046227 -29.231203 -7.038208
v 2.969036 -29.712358 -7.139999
v 2.976604 -29.355890 -6.408646
v 3.736604 -29.646185 -6.878357
v 3.736604 -29.419174 -6.079239
v 4.496604 -29.355890 -6.408646
v 4.206309 -28.886185 -5.648651
v 3.266898 -28.886185 -5.648651
v 2.439990 -28.689014 -6.035248
v 2.937492 -28.126184 -5.585373
v 2.046227 -28.223951 -6.030960
v 1.613604 -28.740292 -6.641617
v 1.088275 -28.144184 -6.160034
v 0.690332 -28.718128 -6.901474
v 0.376586 -28.923952 -7.535355
v 0.167498 -28.187927 -7.535355
v 0.109210 -28.491327 -8.235352
v -0.235782 -27.708687 -8.235352
v -0.287390 -28.923952 -8.726273
v -0.304273 -29.573185 -8.767136
v -0.843373 -28.768185 -9.117264
v 0.579831 -29.620823 -7.743179
v 0.213898 -30.042891 -8.351364
v -2.049102 -29.528185 -9.616653
v -2.339396 -29.997890 -10.376648
v -0.104868 -25.085728 -7.615265
v -2.618494 -23.985287 -5.158356
v -2.273503 -24.767927 -5.158356
v -2.285773 -24.523457 -4.312576
v -2.875905 -23.752068 -4.259354
v -2.332397 -24.191162 -3.780380
v -2.811373 -23.416161 -3.484360
v -2.036373 -23.712185 -3.005386
v -2.372280 -22.937185 -2.940842
v -1.557396 -22.937185 -2.709351
v -2.036373 -22.162186 -3.005386
v -1.078420 -22.162186 -3.005386
v -1.557396 -21.618675 -3.444473
v -2.332397 -21.683208 -3.780380
v -1.595123 -21.277285 -4.247620
v -2.875905 -22.122301 -4.259354
v -2.811373 -22.458208 -3.484360
v -3.107396 -22.937185 -4.259354
v -2.811373 -23.416161 -5.034363
v -2.666816 -22.937185 -5.810257
v -2.934192 -22.504560 -6.510269
v -3.379102 -21.938890 -6.706360
v -3.379102 -20.999479 -6.706360
v -3.027891 -21.445366 -6.107285
v -2.745793 -21.890564 -5.398178
v -1.900226 -20.831568 -5.871231
v -1.632850 -21.264191 -5.171234
v -1.200226 -20.564192 -5.438614
v -1.596826 -20.131569 -5.929520
v -1.200226 -19.698944 -5.438614
v -0.781943 -20.131569 -5.180099
v -0.921454 -19.241058 -4.945007
v -0.252046 -19.318586 -4.793396
v -0.587397 -18.714693 -4.277481
v -1.362397 -18.650162 -4.613388
v -1.066373 -18.171185 -3.838379
v -0.131456 -18.209366 -3.701157
v 0.680862 -18.368526 -3.788376
v 0.459671 -17.350685 -3.683502
v 1.507604 -18.335186 -3.663361
v 1.028627 -19.110184 -3.959381
v -0.587397 -17.396185 -3.542358
v -0.315588 -16.251270 -4.010361
v 0.549660 -16.251270 -4.010361
v 1.204229 -16.490303 -3.864075
v 0.853059 -15.551270 -4.068649
v 1.705608 -15.783802 -3.666794
v 1.234516 -15.109199 -3.494934
v 11.056997 -10.355585 -6.533524
v 11.169769 -11.177757 -6.463821
v 11.429211 -10.926172 -7.044678
v 11.195980 -9.668163 -6.409958
v 10.928604 -10.100786 -5.709961
v 11.137693 -9.364763 -5.709961
v 11.632938 -8.796810 -6.113708
v 11.631310 -9.184893 -6.874359
v 11.628603 -8.968163 -5.277328
v 12.186111 -7.977999 -5.567825
v 12.172113 -8.529070 -4.798355
v 12.403603 -7.714186 -4.798355
v 12.278587 -6.887444 -4.765015
v 12.207565 -7.170238 -4.031677
v 11.921900 -6.237871 -4.081985
v 12.341852 -5.888781 -5.208679
v 12.558699 -6.475426 -5.498352
v 12.738453 -5.456158 -5.699585
v 13.243244 -6.415735 -6.172440
v 12.697268 -7.062834 -6.694931
v 12.206358 -7.459435 -6.262299
v 12.231569 -7.941780 -7.029114
v 12.977028 -7.638184 -7.523026
v 13.437378 -6.979561 -6.958084
v 13.993708 -6.079403 -6.614258
v 14.458656 -6.845627 -7.094986
v 14.976635 -5.982521 -7.414993
v 15.261347 -6.788185 -7.452255
v 14.892933 -7.638184 -7.523026
v 15.742931 -7.313515 -8.048355
v 15.742931 -6.262856 -8.048355
v 16.183254 -6.717182 -8.783478
v 15.898308 -5.819752 -8.850418
v 15.353037 -5.373489 -8.400421
v 15.411324 -5.070089 -9.100433
v 15.143948 -4.637466 -8.400421
v 15.411324 -4.204844 -9.100433
v 15.353037 -3.901443 -8.400421
v 15.665764 -3.510506 -8.440079
v 15.960855 -3.519129 -9.456650
v 16.240494 -2.830345 -9.081360
v 16.375580 -3.000162 -9.936356
v 16.667318 -2.149044 -9.237625
v 16.527220 -2.041929 -9.935898
v 16.671602 -2.521185 -10.711349
v 16.794596 -1.609306 -10.635910
v 16.938978 -2.088562 -11.411362
v 17.394756 -1.340302 -11.437332
v 17.592819 -1.491579 -12.235382
v 17.262434 -2.298296 -12.288742
v 16.750645 -2.728680 -11.869019
v 16.986553 -2.762043 -12.644653
v 17.459602 -2.684891 -13.115646
v 17.953167 -2.097670 -12.985855
v 18.104095 -1.015684 -12.826950
v 18.447481 -1.455185 -13.241135
v 18.553911 -0.576183 -13.394592
v 19.183504 -1.455185 -13.450226
v 19.289934 -0.576183 -13.603683
v 19.902222 -1.176619 -13.588272
v 20.444675 -0.367529 -13.570633
v 20.907536 -1.185301 -13.637283
v 21.210936 -0.485300 -13.578995
v 21.634428 -0.424438 -14.136169
v 21.606310 -1.474478 -14.205353
v 21.175716 -1.944185 -13.672363
v 21.606310 -2.413893 -14.205353
v 21.897404 -1.984684 -15.181564
v 21.669594 -2.743298 -14.965363
v 22.021065 -1.037180 -14.897797
v 22.107294 -1.289162 -15.397751
v 22.533953 -0.884243 -15.939484
v 22.420252 -0.156616 -15.299698
v 22.804888 -0.117561 -15.974930
v 23.201488 -0.550184 -16.465851
v 22.865582 -1.325184 -16.530380
v 23.640581 -1.029161 -17.009354
v 23.218716 -1.877838 -17.235031
v 23.745932 -1.727514 -18.083359
v 23.220602 -2.577513 -18.408035
v 22.456089 -2.711182 -17.968094
v 22.428043 -3.005558 -18.988907
v 23.220602 -2.577513 -19.458679
v 22.370604 -2.648293 -19.827103
v 21.670603 -3.051569 -19.347855
v 21.255516 -2.549067 -20.053040
v 20.767580 -3.119606 -20.096359
v 20.293745 -2.681223 -20.592102
v 20.370979 -3.552229 -20.587265
v 19.897144 -3.113846 -21.083008
v 20.076853 -3.845835 -21.125046
v 19.524418 -3.377430 -21.636383
v 19.918581 -4.214207 -21.833359
v 20.214603 -4.693184 -21.058365
v 19.239933 -2.833187 -21.348679
v 18.687408 -3.302692 -21.947876
v 18.189274 -2.833187 -21.348679
v 18.714603 -2.206842 -20.991455
v 17.750881 -2.247822 -21.027161
v 17.414310 -2.988804 -21.121170
v 16.981688 -2.288803 -20.853790
v 17.480652 -1.506842 -20.933167
v 16.549065 -1.588802 -21.121170
v 16.245665 -2.288803 -21.062881
v 15.849064 -1.856180 -21.553787
v 16.781862 -1.144459 -21.267365
v 17.784052 -0.806841 -20.991455
v 17.516674 -0.374218 -21.691452
v 16.514484 -0.711836 -21.967361
v 17.249601 -0.271513 -22.421692
v 17.965115 0.320930 -22.143753
v 17.774931 0.578485 -22.746353
v 16.924932 0.253817 -23.271683
v 17.364866 1.018330 -23.405350
v 16.470606 0.988934 -23.712006
v 16.903229 1.479843 -24.108612
v 16.088291 1.485283 -24.144470
v 15.487171 0.998152 -23.438004
v 15.236883 1.681719 -23.718430
v 14.888943 1.229015 -23.235260
v 14.536882 1.949097 -23.285812
v 14.104259 1.249096 -23.018433
v 13.885708 2.122482 -22.555679
v 13.410660 1.440334 -23.089905
v 12.943611 2.080948 -22.469223
v 12.549488 1.914898 -23.045288
v 12.558170 1.963900 -22.039978
v 11.621170 2.128069 -22.443558
v 11.790604 1.879807 -23.313461
v 11.030603 1.816523 -22.984055
v 10.726620 2.320271 -22.075714
v 10.173470 1.728968 -22.537643
v 9.700605 2.345699 -22.055008
v 9.213383 2.252647 -22.315186
v 8.748106 1.499815 -22.602737
v 8.379129 2.285976 -22.562866
v 8.858932 3.049816 -22.128693
v 7.916639 3.142971 -22.215286
v 8.333604 3.645924 -21.647095
v 7.186699 3.405888 -22.150070
v 7.093954 3.014698 -22.510727
v 6.381034 3.098152 -22.648010
v 6.077634 3.798153 -22.589722
v 5.681034 3.365528 -23.080627
v 6.113658 2.665531 -23.348007
v 5.548645 3.099087 -23.604782
v 5.245245 3.799088 -23.546494
v 4.848645 3.366463 -24.037415
v 5.261089 2.633808 -24.357620
v 4.548604 2.699234 -24.820999
v 4.973533 2.168535 -25.110458
v 3.848604 2.757519 -25.124405
v 5.681034 4.230778 -23.080627
v 5.548645 4.499088 -23.604782
v 5.556310 5.104111 -23.712357
v 4.796309 4.813816 -24.182068
v 4.192060 3.993092 -23.945465
v 4.266603 3.211483 -23.854691
v 3.999228 3.644108 -23.154678
v 3.999228 2.778858 -23.154678
v 4.057515 2.475460 -23.854691
v 3.999228 2.778858 -24.554688
v 3.566604 2.078859 -24.287308
v 3.407579 2.063026 -23.285873
v 2.886274 1.855192 -24.529648
v 2.618898 2.287815 -25.229645
v 3.050064 2.910706 -25.619400
v 2.328604 2.757519 -25.989655
v 3.088604 3.047813 -26.459351
v 3.848604 2.757519 -25.989655
v 3.848604 2.757519 -26.929062
v 3.088604 2.820805 -27.258469
v 3.558310 2.287815 -27.689056
v 2.563288 2.743431 -27.655243
v 2.470596 2.175146 -28.448624
v 2.019776 2.904591 -28.169998
v 1.957499 2.577255 -28.940247
v 2.198088 1.741810 -29.664627
v 2.962604 1.608145 -29.224686
v 2.637933 1.082813 -30.074692
v 3.547518 0.884455 -29.593903
v 3.621600 1.198078 -28.784836
v 3.234738 0.418699 -30.400131
v 3.848551 0.346449 -29.936569
v 4.372370 -0.086790 -29.397736
v 4.292603 -0.215857 -30.355682
v 4.951599 -0.625921 -29.915848
v 3.528088 -0.082188 -30.795624
v 3.940532 -0.605751 -31.245056
v 4.511603 -0.956478 -31.354065
v 3.751603 -0.893194 -31.683472
v 4.221309 -1.426186 -32.114059
v 4.981309 -1.716476 -31.644363
v 5.044592 -1.387072 -30.884354
v 5.271604 -2.186184 -30.884354
v 5.251504 -1.585184 -30.341492
v 5.079684 -2.717115 -30.125473
v 5.044592 -2.985296 -30.884354
v 4.981309 -2.655891 -31.644363
v 4.511603 -3.415890 -31.354065
v 4.221309 -2.946182 -32.114059
v 3.751603 -3.479174 -31.683472
v 3.281898 -2.946182 -32.114059
v 2.991603 -3.415890 -31.354065
v 2.521897 -2.655891 -31.644363
v 2.458614 -2.985296 -30.884354
v 1.967703 -2.588696 -30.451736
v 2.014720 -2.655836 -29.711349
v 1.279603 -2.215513 -30.307693
v 1.604275 -1.690184 -31.157684
v 0.754274 -1.365515 -30.632355
v 0.594191 -1.762707 -29.851517
v 0.326229 -0.931238 -29.839798
v 0.280218 -1.254688 -29.082352
v -0.184785 -0.484192 -29.346298
v -0.436598 -0.820631 -28.687042
v -0.116382 -1.687311 -28.591446
v -0.720790 -1.086575 -28.024353
v -1.280102 -2.108187 -28.255066
v -1.570397 -1.638479 -27.495056
v -1.154620 -1.120308 -27.025360
v -1.656914 -1.478859 -26.490799
v -1.235673 -0.740808 -26.121490
v -2.130423 -1.360371 -25.671112
v -1.588414 -0.434458 -25.337845
v -2.183869 -0.766447 -24.905212
v -2.853739 -1.665476 -25.252899
v -3.326396 -1.106329 -24.737350
v -3.790879 -1.609880 -25.197388
v -4.362964 -1.693724 -24.781113
v -3.851725 -0.695187 -24.211685
v -4.630340 -1.261101 -24.081116
v -5.147656 -1.716408 -24.360199
v -5.055397 -2.108479 -25.209061
v -5.958363 -2.504017 -24.973495
v -5.934301 -3.174841 -25.244171
v -6.758998 -2.504017 -24.868942
v -7.316756 -3.453751 -25.066528
v -7.578397 -2.686184 -25.000351
v -8.109327 -3.445068 -24.808441
v -7.180728 -3.953758 -25.264648
v -8.136703 -4.377800 -24.839020
v -7.587640 -4.837048 -25.329788
v -8.414701 -5.094841 -24.946457
v -7.881272 -5.698860 -25.454697
v -8.874725 -5.721186 -25.303680
v -9.199396 -5.195856 -24.453690
v -9.724726 -6.045855 -24.778351
v -9.370519 -6.753685 -25.328598
v -10.101492 -6.705633 -24.909698
v -9.977139 -7.636185 -24.879471
v -10.458725 -7.110855 -24.283356
v -10.458725 -8.161514 -24.283356
v -9.608725 -8.486183 -24.808685
v -10.026723 -9.047636 -24.087372
v -10.645226 -8.515965 -23.486191
v -10.522577 -9.262682 -23.063705
v -10.022169 -9.763824 -23.630524
v -10.388103 -10.185892 -23.022354
v -9.628102 -10.476183 -23.492065
v -9.918396 -10.945890 -22.732056
v -9.158397 -11.009174 -23.061462
v -9.158397 -11.236185 -22.262360
v -9.918396 -10.945890 -21.792648
v -9.158397 -11.009174 -21.463242
v -9.628102 -10.476183 -21.032654
v -8.688690 -10.476183 -21.032654
v -9.116637 -9.783751 -20.617889
v -9.744350 -9.793633 -20.323654
v -10.174729 -9.825512 -20.685471
v -10.624447 -9.561703 -19.835693
v -9.831630 -9.325562 -19.679001
v -10.473494 -9.746477 -19.173019
v -9.831630 -9.325562 -18.813751
v -9.131630 -9.058186 -19.246368
v -8.630223 -9.182026 -20.021225
v -8.576433 -9.071213 -18.955902
v -7.876433 -8.803837 -19.388519
v -7.691335 -8.901186 -18.481216
v -7.083884 -9.119888 -18.934875
v -6.991335 -9.168562 -18.048599
v -6.572078 -9.302057 -18.582382
v -6.572078 -9.511147 -17.846359
v -5.749260 -9.614752 -18.170547
v -5.626442 -9.869160 -17.455322
v -4.926442 -9.927446 -17.758728
v -5.193818 -10.360069 -17.058731
v -4.493818 -10.627447 -17.491348
v -6.059066 -10.360069 -17.058731
v -6.955311 -10.301186 -17.290298
v -6.423691 -11.061184 -16.902069
v -5.118840 -11.499752 -16.349609
v -6.134512 -11.629267 -16.203293
v -6.893396 -11.594175 -16.471466
v -6.893396 -11.821186 -15.672363
v -7.652281 -11.629267 -16.203293
v -7.814043 -11.870129 -15.466461
v -6.893396 -12.030275 -14.936340
v -7.479124 -11.768330 -14.476715
v -8.216379 -12.111328 -14.978973
v -8.179125 -11.826616 -14.173309
v -7.645444 -11.381227 -13.732376
v -8.345444 -11.439514 -13.428986
v -7.645444 -11.172138 -12.996353
v -6.945444 -11.439514 -13.428986
v -6.945444 -11.439514 -12.563736
v -6.454533 -11.836115 -12.996353
v -6.562151 -12.202728 -12.192764
v -7.415126 -11.777981 -11.867905
v -6.878858 -12.698566 -11.389160
v -7.675718 -11.987226 -11.172089
v -7.616539 -12.541183 -11.020752
v -8.052165 -12.185696 -10.507858
v -7.923790 -12.808561 -10.446121
v -8.288414 -12.425951 -9.889359
v -8.119396 -13.241184 -9.516357
v -8.235048 -12.304935 -9.401474
v -7.826622 -12.660900 -8.528687
v -8.137507 -12.114693 -8.946869
v -7.654196 -11.624208 -8.402252
v -6.913873 -12.371166 -8.006256
v -7.313139 -13.241184 -8.070251
v -6.419396 -13.241184 -7.816360
v -5.951272 -12.368860 -7.990021
v -5.572270 -13.241184 -7.934341
v -5.102022 -12.251066 -8.062088
v -4.772799 -13.158405 -7.730042
v -4.365998 -12.251066 -7.852997
v -4.013280 -13.200186 -7.465851
v -4.478368 -13.966866 -7.639481
v -3.742344 -13.966866 -7.430389
v -3.268509 -13.200186 -7.137558
v -2.906725 -13.818856 -6.651352
v -2.984645 -14.839605 -6.539917
v -3.649756 -15.178617 -7.017181
v -2.617507 -15.662693 -6.558884
v -3.004390 -16.013752 -6.958893
v -3.911397 -15.946185 -7.083359
v -3.442380 -16.805248 -7.313538
v -2.282390 -16.382717 -6.547043
v -1.964193 -16.277901 -5.792358
v -1.993013 -16.916927 -5.867813
v -1.905905 -16.581303 -5.092361
v -2.137396 -17.396185 -5.092361
v -1.841373 -17.875160 -5.867355
v -1.783085 -17.571762 -6.567352
v -1.573997 -18.307785 -6.567352
v -1.775657 -18.517569 -5.499405
v -1.508281 -18.950191 -6.199402
v -1.525810 -19.010212 -5.318527
v -1.905905 -18.211067 -5.092361
v -1.841373 -17.875160 -4.317352
v -1.841373 -16.917210 -4.317352
v -1.402280 -17.396185 -3.773849
v -1.066373 -16.621185 -3.838379
v -1.362397 -16.142208 -4.613388
v -1.525810 -15.782157 -5.318527
v -0.929773 -15.442209 -4.880753
v -1.326373 -15.009585 -5.371674
v -0.929773 -14.576962 -4.880753
v -0.417099 -14.815849 -3.998962
v 0.117036 -15.551270 -4.277740
v 0.549660 -14.851271 -4.010361
v 0.052081 -14.329788 -3.476624
v 0.727911 -14.632550 -3.500626
v 10.789621 -10.788208 -5.833511
v 11.169769 -11.177757 -5.203217
v 11.037569 -11.321964 -5.833511
v 11.056997 -10.355585 -5.133514
v 11.367725 -10.703276 -4.765060
v 11.744932 -10.216612 -4.414307
v 11.195980 -9.668163 -5.009964
v 11.792017 -9.328215 -4.572189
v 11.995296 -9.693295 -4.004883
v 12.224298 -9.303190 -3.304062
v 11.995604 -8.482233 -3.414307
v 12.131731 -9.220860 -2.423065
v 12.120321 -8.241322 -2.555359
v 12.088221 -7.914440 -3.330811
v 12.262980 -8.049610 -4.114304
v 12.232603 -7.435184 -2.555359
v 12.036566 -6.891235 -3.322037
v 12.001114 -6.620300 -2.555359
v 11.787037 -6.344927 -3.432281
v 11.792025 -5.884277 -2.555359
v 11.577948 -5.608904 -3.432281
v 11.845324 -5.176281 -2.732285
v 11.787037 -4.872881 -3.432281
v 11.845324 -5.176281 -4.132278
v 12.205130 -4.209490 -3.770187
v 12.183580 -4.655163 -4.500351
v 12.074476 -5.456158 -4.508682
v 12.341852 -5.023535 -5.208679
v 12.247711 -4.351929 -2.934357
v 12.604977 -3.549238 -2.876907
v 12.857693 -3.438171 -3.656235
v 12.775875 -3.670616 -4.172653
v 13.189651 -3.876080 -5.010651
v 13.457029 -4.308702 -5.710648
v 13.889652 -3.817793 -5.314041
v 14.372719 -4.327267 -5.763428
v 13.864422 -4.819679 -6.131500
v 15.072130 -4.733517 -6.444580
v 14.309700 -5.319113 -6.563644
v 13.485348 -5.521185 -6.161255
v 14.580034 -5.549898 -6.924088
v 15.400692 -4.625492 -7.196686
v 15.458979 -5.794138 -7.896683
v 15.891602 -4.228891 -6.764069
v 16.111324 -3.937466 -7.267807
v 15.411324 -4.204844 -7.700424
v 16.660671 -4.001328 -6.499115
v 16.424051 -3.546528 -7.307449
v 15.891602 -4.228891 -5.824646
v 16.578529 -3.937061 -5.225052
v 17.387051 -4.233612 -5.810104
v 17.354603 -3.861282 -6.400467
v 17.354603 -3.516293 -7.183105
v 16.889328 -3.027784 -7.748901
v 16.156673 -3.113905 -8.007446
v 16.690104 -2.509886 -8.515686
v 17.445656 -2.127625 -8.092728
v 17.069105 -1.637562 -8.571365
v 17.769106 -1.370184 -8.138748
v 17.501728 -0.937561 -8.838745
v 16.794596 -1.609306 -9.235901
v 17.227219 -0.909306 -9.503281
v 16.736309 -1.305906 -9.935898
v 17.227219 -0.909306 -10.368530
v 18.157412 -0.639057 -9.888626
v 17.687603 -0.792421 -11.071915
v 18.417046 -0.513798 -10.657486
v 18.157310 -0.143560 -11.503693
v 17.889935 -0.576183 -12.203690
v 18.099024 0.159840 -12.203690
v 18.157310 -0.143560 -12.903687
v 18.589933 0.556440 -12.636307
v 18.857311 0.123817 -13.336304
v 19.289934 0.614727 -12.939713
v 19.867306 0.228146 -13.319778
v 20.477329 0.851215 -12.861816
v 20.942604 0.332472 -13.303268
v 21.125963 0.754839 -12.948135
v 21.594980 0.320915 -13.438843
v 22.027603 0.811825 -13.042252
v 22.095169 0.460354 -13.799591
v 22.787601 0.875109 -13.371658
v 22.886669 0.814999 -14.310379
v 22.361965 0.146784 -14.599686
v 22.637121 0.388481 -15.083313
v 22.846210 1.124504 -15.083313
v 22.829878 0.939190 -15.890472
v 23.257309 1.635107 -14.601364
v 22.920818 2.141207 -15.191330
v 23.257309 2.574520 -14.601364
v 22.590433 2.947926 -15.137970
v 22.239202 2.902363 -16.240082
v 22.727711 2.336559 -16.705353
v 22.981604 1.442816 -16.705353
v 23.097254 0.506567 -16.590469
v 23.266731 0.760445 -17.310516
v 23.640581 -0.071207 -17.009354
v 23.705114 0.264700 -17.784363
v 23.927742 -0.624371 -17.951416
v 23.816711 -0.308441 -18.933350
v 24.070604 -1.202185 -18.933350
v 23.745932 -0.676855 -19.783356
v 23.745932 -1.727514 -19.783356
v 23.816711 -2.095928 -18.933350
v 23.264347 -1.202185 -20.379456
v 22.895933 -2.052183 -20.308685
v 22.814232 -1.084021 -20.616486
v 21.982580 -1.385185 -20.990326
v 21.503603 -1.928696 -20.551239
v 21.024626 -1.385185 -20.990326
v 20.597145 -1.981222 -20.650391
v 20.192974 -1.084021 -20.616486
v 19.889574 -1.784021 -20.674774
v 19.722935 -2.285759 -20.953644
v 19.024328 -1.784021 -20.674774
v 19.456951 -1.084021 -20.407394
v 18.720928 -1.084021 -20.616486
v 18.216675 -1.506842 -20.724075
v 19.024328 -0.384020 -20.674774
v 18.976374 0.084682 -20.896240
v 18.276373 -0.182695 -21.328873
v 18.650932 0.681486 -21.560364
v 19.176598 1.206816 -21.149216
v 18.650932 1.732145 -21.560364
v 18.293699 1.206816 -22.186707
v 17.965115 2.092703 -22.143753
v 17.715431 1.819191 -22.706360
v 17.668980 2.924427 -22.383377
v 17.388556 2.441860 -23.366364
v 17.324324 1.681719 -23.718430
v 17.238203 1.940269 -24.451080
v 17.655931 2.874485 -24.066360
v 17.726711 2.506073 -24.916351
v 17.130602 2.024487 -25.441681
v 16.088291 1.694374 -24.880493
v 16.280603 1.953709 -25.810104
v 15.430605 2.024487 -25.441681
v 15.323004 1.940269 -24.451080
v 14.834496 2.506073 -24.916351
v 14.804260 2.381718 -23.985809
v 14.853085 2.822483 -23.688309
v 14.905275 2.874485 -25.766357
v 14.580603 3.399815 -24.916351
v 14.583618 3.595360 -23.894882
v 14.585709 3.255108 -22.988312
v 14.585709 2.389858 -22.988312
v 14.189108 2.822483 -22.497391
v 14.064987 3.722679 -22.475800
v 13.958170 3.363899 -22.039978
v 13.749081 2.627876 -22.039978
v 13.774513 2.837811 -21.528122
v 13.258171 2.231276 -21.607346
v 13.283604 2.441212 -21.095505
v 12.558170 2.172989 -21.303955
v 12.583603 2.382923 -20.792099
v 11.883602 2.441212 -21.095505
v 11.654953 2.294846 -21.622040
v 11.041054 2.884827 -21.182678
v 11.883602 2.786198 -20.312866
v 11.249319 3.274853 -20.101517
v 10.479603 3.606144 -20.764679
v 10.154933 3.080814 -21.614685
v 9.629603 3.676922 -21.133102
v 9.524659 3.093998 -21.918091
v 9.897730 3.970905 -20.656342
v 9.050604 3.970905 -20.774338
v 9.465106 4.461815 -20.259750
v 8.617980 4.461815 -20.377731
v 8.416878 3.916531 -21.185211
v 7.984254 4.407440 -20.788620
v 8.314580 5.161816 -20.319443
v 7.680854 5.107441 -20.730331
v 7.284254 4.674816 -21.221237
v 7.200980 4.404209 -21.683121
v 6.843932 5.129147 -21.956360
v 6.928148 4.138538 -22.063950
v 6.365005 4.851624 -22.540741
v 6.158113 5.489700 -22.539749
v 6.469372 5.993328 -21.724869
v 6.153977 6.109310 -22.202011
v 5.619593 6.372925 -22.952362
v 5.556310 6.043518 -23.712357
v 5.086604 6.803524 -23.422058
v 4.796309 6.333813 -24.182068
v 5.125714 5.573814 -24.245346
v 4.326604 5.573814 -24.472351
v 3.856898 6.333813 -24.182068
v 3.527493 5.573814 -24.245346
v 3.844827 4.776806 -24.292038
v 3.096898 5.104111 -23.712357
v 3.566604 4.344105 -23.422058
v 2.958431 4.710041 -23.000000
v 3.409252 3.980598 -22.721375
v 2.627093 4.718933 -22.244751
v 3.148617 3.363895 -22.310928
v 2.101861 3.567142 -21.916748
v 2.115932 2.479816 -22.449692
v 2.981180 2.479816 -22.449692
v 2.548556 1.988907 -22.846283
v 1.519602 1.744698 -22.890015
v 2.186275 1.796906 -23.361008
v 1.786978 1.312075 -23.590012
v 1.086978 1.253788 -23.286606
v 1.086978 1.044699 -24.022629
v 1.786978 1.312075 -24.455261
v 0.951291 1.310921 -24.839844
v 1.372271 1.578854 -25.185867
v 2.072271 1.637140 -24.882462
v 1.791990 2.090645 -25.616241
v 0.815603 1.479189 -25.718979
v 0.115603 1.211813 -25.286362
v 0.115603 1.420902 -26.022385
v 0.548227 1.911812 -26.418976
v -0.212169 2.088451 -26.754181
v 0.181898 2.800816 -26.892654
v 1.120620 2.899879 -26.832535
v 1.511710 2.544147 -26.350037
v 2.321036 2.904900 -26.933746
v 1.411604 3.270519 -27.652649
v 0.651604 3.333805 -27.323242
v 0.651604 3.560814 -28.122360
v 1.411604 3.270519 -28.592056
v 0.651604 3.333805 -28.921463
v 1.121309 2.800816 -29.352066
v 0.181898 2.800816 -29.352066
v 0.783604 2.452156 -29.742447
v -0.108397 3.270519 -28.592056
v -0.578102 2.510521 -28.882355
v -0.641386 2.839928 -28.122360
v -0.868396 2.040815 -28.122360
v -0.798406 1.822941 -28.724350
v -0.578102 2.510521 -27.362350
v -0.712577 1.587313 -27.320999
v -0.740308 0.936190 -27.282318
v -0.916396 0.975815 -28.724350
v -0.591725 1.501144 -29.574356
v 0.258275 1.825813 -30.099686
v 1.308932 1.825813 -30.099686
v 0.728052 1.033257 -30.527725
v 1.696980 1.096832 -30.279495
v 1.121272 0.557240 -30.762650
v 2.129603 0.605923 -30.676102
v 1.604275 0.009813 -31.157684
v 2.654932 0.009813 -31.157684
v 2.035270 -0.944233 -31.493881
v 3.065853 -0.725304 -31.598007
v 2.383031 -1.837364 -31.666870
v 3.281898 -1.426186 -32.114059
v 2.952492 -2.186184 -32.177353
v 3.751603 -2.186184 -32.404358
v 1.235860 -0.840185 -31.228470
v 0.705076 -0.298294 -30.761536
v 0.134333 0.130039 -30.182739
v -0.110139 0.975815 -30.170456
v -0.591725 0.450485 -29.574356
v -0.662502 0.082071 -28.724350
v -0.720790 -0.221329 -28.024353
v -0.510236 0.160831 -27.336334
v -0.719325 -0.575191 -27.336334
v -0.777612 -0.271791 -26.636337
v -0.703003 0.672125 -26.528305
v -1.114102 0.161522 -26.046356
v -0.743461 0.981630 -25.755371
v -1.177386 0.490927 -25.286362
v -0.644397 0.921520 -24.816650
v -1.212478 0.222746 -24.527466
v -0.319530 0.754700 -24.056366
v 0.086161 1.089428 -24.470230
v 0.386978 1.312075 -23.590012
v -0.319530 0.754700 -23.191132
v 0.481442 1.704309 -22.864243
v -0.608848 1.222824 -22.433685
v -1.132888 0.323584 -22.961868
v -1.400264 0.756207 -22.261871
v -1.832888 0.265297 -22.658463
v -1.832888 0.056208 -23.394485
v -1.703389 -0.173855 -24.094849
v -2.462060 -0.146982 -23.618423
v -2.861120 -0.587585 -24.295898
v -3.240912 -0.036190 -23.801620
v -2.743122 0.376335 -23.005325
v -3.777254 0.301815 -23.671753
v -2.170887 0.839264 -22.138809
v -2.982818 1.118916 -22.617447
v -2.776262 1.189699 -21.583130
v -3.397732 1.740929 -22.091553
v -3.599068 1.527145 -23.017349
v -4.080654 1.001816 -23.613464
v -4.513174 0.095875 -23.934509
v -4.326941 -0.561100 -24.022827
v -5.196325 -0.548183 -23.484390
v -5.499725 0.151817 -23.542679
v -5.932349 -0.548183 -23.275314
v -5.499725 -1.248184 -23.542679
v -6.364973 -1.248184 -23.542679
v -5.932349 -1.739094 -23.939285
v -6.632349 -1.680807 -24.242691
v -7.578397 -1.068233 -23.542267
v -7.578397 -1.393194 -24.279465
v -7.108691 -1.926186 -24.710068
v -8.048102 -1.926186 -24.710068
v -8.338396 -1.456478 -23.950058
v -8.808103 -2.216476 -24.240356
v -8.377508 -2.686184 -24.773346
v -8.808103 -3.155891 -24.240356
v -9.098396 -2.686184 -23.480362
v -8.976011 -3.502319 -23.509796
v -8.558706 -3.928135 -24.298965
v -8.964766 -4.385761 -23.539246
v -8.766773 -4.495855 -24.186310
v -9.334829 -5.156488 -23.430435
v -9.393117 -4.853088 -22.730423
v -9.969620 -5.956207 -23.117264
v -9.795503 -5.677441 -23.928360
v -10.068830 -6.221489 -23.931290
v -10.529503 -6.742441 -23.433365
v -10.357669 -6.291130 -22.627686
v -10.604473 -7.123959 -22.592056
v -10.783397 -7.636185 -23.433365
v -10.609731 -8.104309 -22.561035
v -10.035291 -7.567228 -21.720413
v -10.035291 -8.432474 -21.720413
v -10.556011 -8.900051 -22.232910
v -10.486478 -9.185253 -21.503479
v -10.678396 -9.716185 -22.262360
v -10.388103 -10.185892 -21.502350
v -10.451385 -10.515297 -22.262360
v -9.977003 -8.735874 -21.020401
v -9.767915 -7.999851 -21.020401
v -10.035291 -8.432474 -20.320404
v -10.035291 -7.567228 -20.320404
v -10.543941 -8.092236 -19.767517
v -10.959390 -8.884619 -19.763824
v -11.412893 -8.150833 -19.483536
v -11.866396 -8.952185 -19.639359
v -12.336102 -8.192186 -19.349060
v -12.665508 -8.952185 -19.412338
v -12.336102 -9.712183 -19.349060
v -11.397380 -9.811251 -19.409180
v -11.866396 -10.245174 -18.918472
v -11.057070 -10.261702 -18.703064
v -11.313772 -10.875633 -18.460297
v -10.690395 -10.573067 -18.425003
v -10.264254 -10.025562 -18.546371
v -9.867653 -10.458185 -18.055466
v -9.564254 -9.758184 -18.113754
v -8.842155 -9.898005 -17.769974
v -9.131630 -9.267275 -18.510345
v -8.391335 -9.168562 -18.048599
v -8.123959 -9.601185 -17.348587
v -7.691335 -9.110275 -17.745193
v -7.258711 -9.601185 -17.348587
v -7.709531 -10.330627 -17.069977
v -8.592976 -10.360069 -17.058731
v -8.206863 -11.234533 -16.494888
v -7.363102 -11.061184 -16.902069
v -8.978379 -11.407560 -16.640503
v -8.689062 -11.875685 -15.883057
v -9.411003 -12.107561 -16.373123
v -9.099745 -12.611187 -15.558243
v -9.540068 -13.065514 -16.293350
v -9.469291 -13.433928 -15.443359
v -9.167964 -13.028881 -15.044281
v -8.707291 -12.507929 -14.546356
v -9.303396 -12.989513 -14.021027
v -8.778068 -12.139515 -13.696350
v -9.628068 -12.464184 -13.171036
v -9.240966 -11.719849 -13.004715
v -9.789889 -11.369459 -12.534607
v -8.808342 -11.228939 -12.608109
v -9.522513 -10.936836 -11.834610
v -8.808342 -11.019850 -11.872086
v -7.876893 -11.334227 -12.282516
v -8.108342 -11.287226 -11.439468
v -9.025669 -11.008615 -11.127640
v -8.509773 -11.445456 -10.735138
v -9.025669 -11.008615 -10.262405
v -8.497502 -11.689928 -9.889359
v -8.989030 -10.902401 -9.483414
v -8.426725 -11.321514 -9.039352
v -8.510942 -10.330910 -8.931763
v -7.945139 -10.796185 -8.443253
v -7.607725 -9.985912 -8.373535
v -7.051396 -10.796185 -8.189362
v -6.547771 -9.981302 -8.341080
v -6.073861 -10.713352 -8.321716
v -6.419396 -11.611418 -8.279343
v -5.521311 -11.453577 -8.048920
v -5.207428 -10.630520 -8.126999
v -4.598396 -11.436184 -7.910355
v -4.810827 -10.197897 -7.636078
v -3.876396 -10.351160 -7.433136
v -3.407380 -11.051161 -7.700516
v -4.109996 -11.725185 -7.797760
v -3.198396 -11.649279 -7.674942
v -3.677373 -12.425186 -7.530380
v -2.765773 -12.349279 -7.407562
v -2.404325 -11.554138 -7.454269
v -2.007725 -11.986761 -6.963364
v -2.417281 -12.910793 -6.811844
v -1.717281 -12.643415 -6.379227
v -2.113116 -13.363243 -6.058548
v -1.556349 -12.970760 -5.646988
v -1.245899 -13.911561 -5.219345
v -1.642499 -14.344185 -5.710251
v -2.425139 -14.344185 -6.055252
v -2.180667 -15.189960 -6.042984
v -1.395079 -13.421339 -4.145584
v -1.065438 -12.574160 -5.214355
v -1.354354 -12.874405 -4.377243
v -0.871486 -14.273561 -4.180756
v -1.070446 -13.910028 -3.948151
v -0.635564 -14.160760 -3.646286
v 11.772045 -8.796623 -1.638458
v 11.424814 -9.436724 -0.916519
v 11.800468 -9.230261 -1.620178
v 11.226551 -8.201866 -1.201401
v 11.936581 -7.914162 -1.780350
v 11.497488 -7.435184 -1.236847
v 11.936581 -6.956207 -1.780350
v 11.161581 -6.660185 -1.301376
v 11.580143 -6.133841 -2.000641
v 10.858181 -5.960184 -1.359665
v 11.580143 -5.268595 -2.000641
v 11.121887 -5.139982 -1.226364
v 11.642017 -4.677214 -1.700195
v 11.802372 -4.847696 -2.315842
v 12.176931 -3.983515 -2.084351
v 12.109221 -3.542440 -1.301804
v 12.376596 -3.063185 -2.001816
v 12.057566 -2.519238 -1.293045
v 12.264103 -2.327763 -2.124054
v 12.857693 -3.093178 -2.873596
v 12.808954 -2.007067 -2.745987
v 13.348602 -2.696577 -3.306213
v 13.580479 -2.064508 -2.977020
v 14.048603 -2.638290 -3.609619
v 13.348602 -3.041571 -4.088852
v 14.048603 -2.983284 -4.392258
v 13.615980 -3.474194 -4.788849
v 14.661896 -3.759184 -5.064651
v 15.281792 -3.196180 -4.448715
v 15.661589 -3.852318 -5.045471
v 15.131603 -4.292175 -5.495239
v 16.195719 -3.205179 -4.499924
v 16.098904 -2.611113 -3.995056
v 16.816153 -3.384193 -4.288025
v 17.333860 -2.730185 -3.785248
v 17.702274 -3.580183 -3.856033
v 17.377605 -4.105513 -4.706024
v 18.227604 -4.176292 -4.337616
v 18.227604 -4.430185 -5.231354
v 19.077602 -4.105513 -4.706024
v 19.077602 -4.105513 -5.756683
v 18.227604 -4.176292 -6.125107
v 18.752934 -3.580183 -6.606689
v 18.200378 -3.528561 -6.938629
v 19.122980 -3.000950 -6.874756
v 18.756706 -2.628403 -7.282455
v 17.879932 -2.920183 -7.664688
v 18.248346 -2.070185 -7.735458
v 19.072699 -1.868113 -7.333084
v 18.551746 -1.370184 -7.793747
v 19.406607 -0.808065 -7.716003
v 19.139229 -0.375443 -8.416000
v 18.201729 -0.879274 -8.535339
v 18.201729 -0.670185 -9.271362
v 19.147602 -0.345890 -9.371658
v 19.727283 0.402039 -9.044342
v 19.680593 0.084703 -9.841354
v 19.147602 -0.345890 -10.311066
v 19.617310 0.414108 -10.601364
v 18.857311 0.123817 -11.071060
v 19.403936 0.774488 -11.418243
v 18.589933 0.556440 -11.771057
v 19.289934 0.823816 -12.203690
v 20.242603 1.311672 -12.116959
v 20.100115 1.353539 -11.353363
v 20.800116 1.620916 -11.785980
v 20.942604 1.369959 -12.420364
v 21.445480 1.869680 -11.844269
v 21.558586 1.245749 -12.551544
v 22.089518 2.104815 -12.223404
v 22.497311 1.344816 -12.611649
v 22.826715 2.104815 -12.548370
v 23.257309 1.635107 -13.081360
v 23.257309 2.574520 -13.081360
v 23.547604 2.104815 -13.841354
v 23.320593 1.305702 -13.841354
v 23.320593 2.903927 -13.841354
v 22.787601 3.334522 -13.371658
v 22.787601 3.334522 -14.311066
v 22.095169 3.749279 -13.799591
v 22.136930 3.681705 -14.857697
v 21.662546 4.449276 -14.066971
v 21.854605 5.062817 -15.004364
v 21.658514 4.578365 -15.890594
v 21.778746 3.647209 -16.005356
v 22.078644 3.378307 -15.557693
v 21.172699 4.132263 -16.480698
v 21.662891 3.388035 -16.726715
v 21.090853 3.547932 -16.820007
v 20.658230 4.247932 -16.552628
v 20.225607 3.547932 -16.820007
v 20.658230 3.057022 -17.216614
v 21.281603 2.888924 -17.599106
v 22.131601 2.818142 -17.230682
v 21.839821 2.435917 -18.107468
v 22.543324 2.218912 -17.642288
v 22.349602 1.876143 -18.369690
v 22.992338 1.302488 -17.682297
v 22.874931 1.026144 -18.694351
v 23.266731 0.760445 -18.258194
v 23.307554 0.326143 -18.961731
v 23.220602 0.173143 -19.458679
v 22.460598 1.428078 -19.166840
v 22.326931 0.988144 -19.931351
v 22.757580 -0.131208 -20.511353
v 21.982580 0.164814 -20.990326
v 22.318487 -0.610186 -21.054871
v 21.503603 -0.610186 -21.286362
v 20.941912 0.430275 -20.972351
v 20.688719 -0.610186 -21.054871
v 20.061544 0.284889 -20.879959
v 19.889574 -0.384020 -20.674774
v 20.447977 1.277697 -20.629639
v 19.711954 1.277697 -20.838715
v 19.918980 1.778862 -20.271683
v 19.218979 2.046240 -20.704315
v 19.615580 2.478863 -20.213394
v 19.218979 2.911488 -20.704315
v 18.563509 2.810474 -21.406158
v 18.866909 3.510475 -21.464447
v 18.065580 3.357052 -21.892456
v 18.368980 4.057053 -21.950745
v 17.668980 3.789677 -22.383377
v 18.137104 4.547115 -22.672684
v 17.610693 4.093075 -23.083374
v 17.401604 3.357052 -23.083374
v 17.784998 3.832439 -23.986588
v 18.039621 4.797813 -23.606583
v 18.177931 4.272484 -24.386353
v 18.083977 3.308765 -24.858917
v 18.248711 3.904072 -25.236359
v 17.803371 3.408302 -25.854858
v 17.655931 2.874485 -25.766357
v 17.536324 3.410721 -26.474289
v 16.805933 2.549816 -26.291687
v 16.865644 3.154545 -26.888794
v 16.200083 3.057751 -26.853073
v 15.755274 2.549816 -26.291687
v 15.315340 3.314331 -26.425354
v 15.642605 3.753483 -27.201691
v 14.930775 4.249035 -26.729187
v 14.776209 3.832439 -25.846130
v 14.944328 4.625191 -25.861481
v 14.687775 4.219753 -25.038910
v 14.671425 5.336597 -25.172241
v 14.606596 5.038689 -24.284363
v 14.488604 5.885815 -24.284363
v 14.465755 5.547279 -23.687912
v 14.339220 4.606064 -23.584351
v 14.232897 5.008518 -23.206360
v 14.232897 4.069111 -23.206360
v 13.942602 4.538815 -22.446350
v 14.169613 5.337925 -22.446350
v 14.545250 6.132030 -22.677338
v 14.603537 5.828632 -21.977341
v 14.273273 5.206818 -21.136688
v 14.545250 6.132030 -21.277344
v 14.005898 5.639442 -20.436691
v 14.627674 4.805820 -20.396378
v 14.569387 4.502422 -21.096375
v 14.129152 4.067112 -21.633041
v 14.531109 3.452465 -21.101974
v 14.836763 4.069798 -20.396378
v 14.589396 3.149067 -20.401978
v 14.098486 2.752468 -20.834610
v 14.098486 2.752468 -19.969360
v 13.398485 2.485088 -20.401978
v 13.398485 2.694180 -19.665955
v 12.583603 2.636814 -19.898361
v 12.583603 2.845905 -19.162338
v 11.883602 2.904194 -19.465729
v 12.150980 3.336815 -18.765732
v 11.450979 3.604191 -19.198364
v 11.847580 4.036816 -18.707443
v 11.245506 4.440960 -19.292175
v 10.673323 3.948910 -20.037292
v 10.247746 4.461815 -19.914749
v 10.736635 5.112480 -19.327713
v 9.944346 5.161816 -19.856461
v 10.465300 5.659744 -19.395782
v 9.606932 5.972088 -19.926178
v 9.050604 5.161816 -20.110352
v 8.676111 5.923424 -20.108490
v 9.591705 6.612816 -19.950455
v 9.129532 7.098862 -20.045441
v 8.243487 6.623425 -20.375870
v 7.940087 5.923424 -20.317581
v 7.710252 6.648872 -20.779404
v 7.406852 5.948872 -20.721115
v 6.865972 6.425953 -21.233948
v 7.010252 5.516247 -21.212021
v 6.853977 7.241932 -21.234634
v 6.421353 6.541931 -21.502014
v 6.117953 7.241932 -21.443726
v 5.721354 6.809307 -21.934631
v 5.363234 7.446323 -21.789871
v 5.161738 6.925091 -22.519730
v 4.782884 7.419262 -21.688080
v 5.215508 8.119263 -21.420700
v 4.515508 7.851887 -20.988083
v 4.049744 7.407589 -21.305267
v 3.758762 7.903160 -20.320663
v 3.259162 7.408192 -20.866913
v 3.411404 7.163319 -21.716537
v 3.525253 6.937992 -22.498856
v 4.326604 7.093811 -22.952362
v 3.566604 6.803524 -23.422058
v 4.326604 6.866806 -23.751465
v 2.958431 6.437588 -23.000000
v 3.096898 6.043518 -23.712357
v 2.682142 5.573814 -23.019928
v 2.662594 6.548145 -22.222809
v 2.298508 5.604816 -22.287704
v 1.941275 6.130146 -21.661362
v 1.941275 5.079487 -21.661362
v 1.616604 5.604816 -20.811356
v 1.734594 4.757690 -20.811356
v 2.230493 4.286308 -21.753830
v 1.525506 4.021667 -20.811356
v 1.508218 4.014065 -20.179352
v 1.404718 3.330582 -19.952225
v 1.184655 3.567448 -21.180573
v 0.740603 3.005146 -20.549026
v 0.740603 3.005146 -21.599686
v 1.584795 3.074268 -22.088699
v 1.065275 2.479816 -22.449692
v 0.059110 2.187618 -22.040543
v 0.144497 2.523560 -21.074356
v -0.182829 1.983513 -20.992432
v -0.673740 1.586912 -21.490356
v 0.215275 2.155146 -20.224350
v -0.214098 1.507441 -20.258377
v 0.243981 1.038128 -19.660400
v -0.091139 0.568815 -20.044250
v -0.672330 0.688128 -20.226715
v -0.328901 -0.167048 -20.207932
v -1.224124 -0.341240 -20.476685
v -1.656748 0.358761 -20.209320
v -1.382745 0.807440 -20.200104
v -2.082745 1.074818 -19.767471
v -2.115376 1.570538 -20.489502
v -1.373740 1.319536 -20.992432
v -1.376262 1.189699 -21.583130
v -2.076262 1.131413 -21.279724
v -2.508886 1.622322 -20.883133
v -2.452290 1.897556 -19.882355
v -3.048397 2.379147 -20.407684
v -3.244387 1.947142 -21.293808
v -3.845564 2.565639 -20.762131
v -4.102072 2.528149 -21.699234
v -4.974397 2.583824 -21.320236
v -4.974397 2.701813 -22.167358
v -4.124396 2.377148 -22.692688
v -4.974397 2.447922 -23.061096
v -4.449068 1.851814 -23.542679
v -5.499725 1.851814 -23.542679
v -4.974397 1.001816 -23.867355
v -5.868139 1.001816 -23.613464
v -6.398924 1.543707 -23.146545
v -6.433941 0.536541 -23.124954
v -6.928516 1.130985 -22.528976
v -6.928516 0.265739 -22.528976
v -6.778132 -0.177578 -22.994720
v -7.596145 -0.214027 -22.221054
v -7.296397 -0.859041 -23.045746
v -7.996397 -0.917328 -22.742355
v -8.521725 -0.506186 -22.216690
v -9.014492 -1.290878 -22.317703
v -8.345964 -1.100010 -23.218719
v -8.929673 -1.583672 -22.780350
v -8.871386 -1.887072 -23.480362
v -9.254633 -2.320869 -22.780350
v -9.690725 -2.278854 -22.057358
v -9.333492 -2.869490 -22.683701
v -9.774941 -3.269459 -22.164963
v -9.254633 -3.916744 -22.780350
v -9.973022 -4.440884 -22.100479
v -10.354473 -3.735287 -21.154861
v -10.855103 -4.750477 -21.393356
v -10.424507 -5.220184 -21.926346
v -10.027907 -5.652807 -22.417252
v -10.518612 -6.121824 -21.983337
v -10.855103 -5.689892 -21.393356
v -10.484461 -6.510000 -21.102371
v -10.583897 -6.768578 -21.865036
v -9.977003 -7.263828 -21.020401
v -10.542748 -6.813400 -20.402374
v -10.918386 -6.019297 -20.633362
v -10.739080 -6.735783 -19.888870
v -10.855103 -5.689892 -19.873352
v -10.587726 -6.122515 -19.173355
v -10.796815 -6.858538 -19.173355
v -11.130373 -7.417049 -19.412338
v -11.287725 -7.255138 -18.740738
v -11.914035 -7.584013 -18.983124
v -10.855103 -6.555138 -18.473358
v -11.795938 -6.868851 -18.023239
v -12.625280 -7.624104 -18.650284
v -12.883899 -6.915186 -17.887741
v -13.281398 -7.438303 -17.911011
v -13.477074 -7.990517 -18.207809
v -13.096102 -8.482477 -18.879364
v -13.497602 -8.962261 -18.153137
v -13.096102 -9.421892 -18.879364
v -13.159386 -9.751297 -18.119354
v -12.626396 -10.181890 -18.589066
v -12.644492 -10.784634 -17.907700
v -12.192657 -10.771175 -18.253693
v -12.555256 -11.514851 -17.854126
v -11.626396 -11.715185 -18.131363
v -12.151726 -12.565184 -17.806686
v -11.101068 -12.565184 -17.806686
v -10.713966 -11.820848 -17.973007
v -9.950133 -12.625668 -16.952347
v -9.760628 -11.847696 -17.227859
v -10.236068 -11.308184 -17.984680
v -9.339521 -10.805481 -17.475357
v -10.740512 -13.148577 -17.120865
v -10.390068 -13.390184 -16.818680
v -11.473616 -13.533285 -16.845459
v -10.915397 -13.986290 -16.337097
v -10.065397 -13.915513 -15.968689
v -10.915397 -14.240184 -15.443359
v -10.065397 -13.915513 -14.918030
v -10.915397 -13.986290 -14.549606
v -10.153397 -13.060291 -13.652618
v -9.482004 -13.229694 -14.557465
v -11.440725 -13.390184 -14.068024
v -10.915397 -12.979040 -13.542358
v -10.678725 -12.464184 -13.171036
v -11.542907 -12.232693 -13.545593
v -11.065827 -11.719849 -13.004715
v -10.655137 -11.369459 -12.534607
v -11.859513 -11.138550 -12.566757
v -10.922513 -10.936836 -11.834610
v -10.222513 -10.878550 -12.138000
v -10.222513 -10.669460 -11.401978
v -11.037396 -10.821186 -10.898361
v -10.227122 -10.637005 -10.342026
v -9.725669 -10.741240 -10.695023
v -9.531732 -10.662834 -9.985931
v -11.037396 -10.567291 -10.004608
v -10.512068 -9.971184 -9.523026
v -9.692342 -9.926849 -9.624084
v -8.956318 -9.926849 -9.414993
v -9.259718 -9.226849 -9.356705
v -8.559718 -9.494226 -8.924088
v -9.285365 -8.652140 -9.123383
v -10.115397 -9.056755 -9.340561
v -9.543458 -7.859568 -9.114700
v -8.888765 -8.219517 -8.632477
v -9.133602 -7.375107 -8.657578
v -8.732102 -7.854893 -7.931351
v -8.345507 -8.681799 -8.128525
v -7.972102 -8.145184 -7.461655
v -7.502397 -8.735161 -7.798141
v -7.963827 -9.290520 -8.347702
v -7.051396 -9.281301 -8.073700
v -6.395135 -8.757811 -7.824432
v -5.806102 -9.203514 -7.998978
v -5.453490 -8.780460 -7.641647
v -5.106102 -9.470892 -7.566360
v -5.506765 -9.917017 -8.062988
v -4.675508 -9.001184 -7.033371
v -4.346102 -9.761183 -7.096649
v -3.876396 -9.001184 -6.806351
v -3.404697 -9.814501 -6.992905
v -3.155914 -8.898518 -6.828400
v -2.350492 -9.398256 -6.769638
v -2.974756 -10.351160 -7.433136
v -2.047092 -10.098257 -6.827927
v -2.274756 -10.618538 -7.000519
v -2.671357 -11.051161 -7.491425
v -2.007725 -11.121515 -6.963364
v -1.650492 -10.596186 -6.337006
v -1.650492 -9.665634 -6.337006
v -1.383116 -10.098257 -5.637009
v -1.123725 -11.405514 -5.914352
v -1.520325 -11.838137 -6.405273
v -1.123725 -12.270760 -5.914352
v -0.856349 -11.838137 -5.214355
v -1.065438 -11.102114 -5.214355
v -1.198582 -11.452486 -4.644409
v -1.333059 -12.140188 -4.375580
v 10.829950 -8.634489 -0.710480
v 10.447035 -8.722073 -0.063690
v 10.833715 -9.127371 -0.167572
v 10.259955 -7.901346 -0.694000
v 9.984626 -8.230816 -0.136200
v 9.522217 -7.739559 -0.208694
v 9.770723 -7.359732 -0.882370
v 10.692579 -7.201345 -0.961380
v 10.440228 -6.749203 -1.128220
v 9.574980 -6.749203 -1.128220
v 10.007604 -6.049202 -1.395584
v 9.271580 -6.049202 -1.186508
v 9.574980 -5.349201 -1.128220
v 10.440228 -5.349201 -1.128220
v 10.007604 -4.858292 -0.731613
v 10.703604 -4.709991 -0.456238
v 10.007604 -4.649202 0.004410
v 10.736944 -4.488167 0.300385
v 11.478603 -4.317162 -0.047379
v 11.583731 -4.373814 -1.000198
v 12.022114 -3.878069 -0.526352
v 11.957581 -3.542162 0.248642
v 12.253603 -3.063185 -0.526352
v 11.957581 -2.584208 0.248642
v 12.022114 -2.248301 -0.526352
v 11.799622 -2.029552 0.170929
v 11.616276 -1.371342 -0.064636
v 11.478603 -1.809208 -1.005325
v 11.145390 -1.154003 -0.572922
v 10.770285 -1.650936 -1.373703
v 11.470285 -1.918312 -1.806320
v 11.039854 -1.848265 -2.245621
v 11.957222 -1.565243 -2.794891
v 11.257221 -1.623529 -3.098297
v 11.689844 -1.132620 -3.494888
v 12.659092 -0.573677 -3.502594
v 13.168823 -1.139353 -2.941528
v 13.472155 -0.361855 -3.000031
v 14.048603 -1.192184 -2.803360
v 14.671522 -0.344105 -3.028748
v 14.942347 -1.192184 -3.057251
v 14.573933 -2.042183 -3.128021
v 15.438114 -1.810692 -3.502594
v 14.894379 -2.650562 -3.854080
v 15.491718 -1.189184 -3.375549
v 15.900581 -1.964184 -3.768387
v 16.236488 -1.189184 -3.703842
v 16.882549 -1.924520 -3.957077
v 17.035633 -1.415350 -4.083939
v 17.671276 -1.919910 -3.715530
v 18.162298 -1.253841 -4.213257
v 18.695728 -1.857861 -3.705017
v 18.227604 -2.730185 -3.531357
v 19.107384 -2.783016 -3.669525
v 18.752934 -3.580183 -3.856033
v 19.641087 -3.580181 -4.405090
v 20.080933 -2.921183 -3.995026
v 20.405602 -3.446512 -4.845032
v 19.670485 -3.886835 -5.370361
v 20.405602 -3.446512 -5.895691
v 19.612299 -3.595139 -6.344284
v 20.080933 -2.921183 -6.745682
v 20.930931 -2.596514 -6.220352
v 20.449347 -2.071184 -6.816467
v 19.505322 -2.568113 -7.065704
v 19.860933 -1.543182 -7.275681
v 20.710932 -1.218513 -6.750351
v 20.229347 -0.693184 -7.346466
v 20.710932 -0.167854 -6.750351
v 19.892624 0.493755 -7.359116
v 19.832747 -0.260561 -7.837372
v 19.680593 0.147793 -8.306229
v 19.471504 0.883816 -8.306229
v 20.321037 0.721512 -6.398285
v 20.054979 1.169191 -6.433365
v 19.787603 1.601814 -7.133362
v 19.952877 2.239761 -6.435028
v 19.629251 2.514244 -7.239029
v 19.603420 2.158142 -7.943634
v 19.680593 1.619839 -8.306229
v 19.629251 2.514244 -8.639023
v 19.902855 2.153765 -8.954071
v 19.751785 1.337318 -9.040009
v 20.032064 1.790821 -9.773788
v 19.907604 0.883816 -9.841354
v 20.041828 1.656939 -10.653351
v 19.832739 0.920916 -10.653351
v 20.556669 2.115000 -10.184341
v 20.532738 2.053539 -11.085983
v 20.990593 2.605705 -10.653351
v 21.048880 2.302303 -11.353363
v 21.373840 3.039501 -11.353363
v 21.770441 2.606876 -11.844269
v 21.797310 3.132191 -12.179031
v 21.176645 3.760746 -11.492355
v 21.234932 4.064144 -12.192352
v 21.595577 3.887783 -12.574402
v 22.086487 3.491184 -13.007019
v 22.497311 2.864815 -12.611649
v 21.604259 4.145878 -13.366974
v 21.401253 4.451244 -12.936691
v 21.393396 4.972359 -13.370789
v 21.133877 4.883869 -12.236694
v 20.967556 4.496769 -11.492355
v 20.988937 5.537689 -11.917038
v 20.659746 5.305813 -11.284958
v 20.356346 6.005814 -11.343246
v 20.837931 6.531143 -11.939362
v 21.162603 6.005814 -12.789352
v 20.908710 6.899555 -12.789352
v 21.307341 6.511688 -13.711411
v 21.529932 5.588146 -14.154358
v 21.679935 6.016689 -14.596039
v 21.528931 7.010143 -14.618362
v 21.853603 6.484814 -15.468353
v 21.680939 5.530941 -15.876678
v 21.528931 5.959484 -16.318359
v 21.239714 5.166306 -16.410843
v 20.843113 5.598930 -16.901749
v 20.225607 4.947933 -16.820007
v 19.958229 5.380558 -17.520004
v 19.525606 4.680557 -17.252640
v 19.922207 4.247932 -16.761719
v 19.525606 3.815308 -17.252640
v 19.258230 4.247932 -17.952637
v 19.467319 3.511909 -17.952637
v 19.958229 3.115307 -17.520004
v 19.958229 3.115307 -18.385254
v 20.658230 2.847931 -17.952637
v 20.118645 3.292839 -18.896362
v 21.079531 2.486538 -18.423447
v 19.525606 3.815308 -18.652634
v 19.922207 4.247932 -19.143539
v 20.075876 3.641762 -19.640686
v 20.284966 2.905739 -19.640686
v 20.176931 4.461487 -19.596359
v 20.247711 4.093075 -20.446350
v 19.918980 3.178864 -20.271683
v 19.651602 3.611485 -20.971680
v 20.176931 4.461487 -21.296356
v 19.326933 4.136818 -21.821686
v 19.695347 4.986816 -21.892456
v 18.838894 4.956577 -22.276230
v 19.410635 5.792480 -21.929718
v 18.928001 5.952816 -22.366348
v 18.408581 5.473843 -22.781357
v 18.408581 6.431789 -22.781357
v 18.264025 5.952816 -23.557266
v 18.141205 6.864414 -23.481354
v 18.222322 6.396679 -24.547363
v 18.328938 5.265938 -24.364029
v 18.364431 5.677593 -25.289185
v 18.502604 4.797813 -25.236359
v 18.318420 5.354141 -26.046631
v 18.177931 4.272484 -26.086349
v 18.192604 5.128815 -26.676361
v 18.119644 4.575882 -26.786362
v 17.867931 4.603485 -27.526352
v 17.342602 3.753483 -27.201691
v 17.017933 4.278816 -28.051682
v 16.492603 3.682709 -27.570099
v 15.967274 4.278816 -28.051682
v 16.492603 5.128815 -28.376358
v 15.598860 5.128815 -28.122467
v 15.117275 4.603485 -27.526352
v 15.117275 5.654144 -27.526352
v 14.792603 5.128815 -26.676361
v 15.046497 6.022556 -26.676361
v 14.969898 6.105885 -25.945236
v 15.448883 6.846909 -26.474289
v 15.080652 6.843769 -25.834351
v 14.813276 6.411144 -25.134354
v 14.890276 6.948235 -24.936356
v 14.606596 6.732941 -24.284363
v 14.445591 7.424911 -24.364899
v 14.431240 7.125462 -23.469467
v 14.640329 6.389439 -23.469467
v 14.528709 7.097107 -22.659409
v 14.112614 7.581703 -23.201355
v 14.175898 7.911110 -22.441360
v 14.586996 7.400505 -21.959412
v 14.812626 6.564655 -21.977341
v 14.528709 7.097107 -21.259415
v 14.273273 8.126816 -21.136688
v 14.005898 7.694191 -20.436691
v 14.132109 6.664482 -20.768494
v 13.713690 6.666817 -20.392303
v 13.305897 7.426815 -20.004059
v 12.976492 6.666817 -20.067352
v 13.305897 5.906818 -20.004059
v 12.485788 6.197800 -19.633423
v 12.800161 5.283230 -19.233810
v 13.716721 5.280445 -19.608688
v 13.232784 4.792320 -18.837204
v 14.172787 4.069798 -19.205475
v 14.569387 4.502422 -19.696381
v 14.136765 5.202419 -19.963760
v 14.531109 3.452465 -19.701981
v 13.831108 3.185089 -19.269363
v 13.752743 4.147823 -18.850403
v 13.232784 3.392319 -18.837204
v 12.583603 4.036816 -18.498352
v 12.150980 4.736816 -18.765732
v 11.905281 5.812481 -19.386002
v 11.472658 5.112480 -19.118637
v 11.201323 5.659744 -19.186707
v 11.315678 6.667076 -19.416901
v 10.571522 6.486279 -19.529770
v 11.088364 7.212246 -19.040817
v 9.935744 7.280838 -19.685516
v 10.675838 7.921787 -19.042191
v 9.873254 7.860439 -19.368622
v 9.239594 7.929005 -19.884277
v 9.569854 8.560440 -19.310333
v 8.866600 9.022076 -19.771835
v 8.732932 8.582146 -20.536362
v 8.732932 7.531487 -20.536362
v 8.251346 8.056816 -21.132462
v 7.882932 7.206818 -21.061691
v 7.357603 8.056816 -21.386353
v 7.882932 8.906815 -21.061691
v 7.127346 9.049816 -21.390457
v 6.579291 8.088432 -21.497314
v 6.233603 9.049816 -21.644363
v 5.729978 8.234932 -21.492630
v 5.339861 9.049816 -21.390457
v 5.708275 9.899815 -21.319687
v 4.858274 9.575146 -20.794357
v 4.774059 8.584538 -20.901962
v 4.341568 8.956802 -20.021957
v 4.029210 8.349815 -20.441498
v 3.842273 8.395073 -19.441345
v 4.206898 9.096188 -19.284683
v 3.506898 8.828812 -18.852066
v 3.112831 8.116451 -18.990524
v 3.201720 7.420467 -19.875107
v 2.466604 6.980145 -19.420776
v 2.466604 6.980145 -20.286026
v 1.800786 6.161144 -20.001083
v 1.870498 6.498558 -20.811356
v 2.466604 6.980145 -21.336685
v 1.911497 6.187557 -19.479355
v 1.657603 5.293816 -19.479355
v 1.559239 5.372417 -19.996475
v 2.364502 6.695919 -18.921143
v 1.982274 5.819145 -18.629364
v 1.831269 4.825691 -18.607025
v 1.775594 4.446690 -19.479355
v 1.600239 4.054169 -18.664474
v 1.672094 3.763206 -19.252228
v 1.404718 3.330582 -18.552231
v 1.463006 3.027184 -19.252228
v 0.972095 2.630581 -18.819595
v 0.972095 2.630581 -19.684845
v 0.272095 2.572296 -18.516205
v 0.495275 3.158813 -17.936691
v 0.002508 2.308815 -18.037704
v 0.331093 1.422930 -17.994751
v 0.419630 1.616886 -18.881119
v 0.585653 0.779560 -18.774048
v 0.297961 0.307693 -18.054352
v 0.494274 0.007145 -18.957352
v 0.226898 -0.425478 -18.257355
v 0.285185 -0.728878 -18.957352
v 0.226898 -0.425478 -19.657364
v -0.524124 -1.473864 -19.509323
v -0.791500 -1.041241 -20.209320
v -1.224124 -1.532150 -19.812714
v -1.656748 -1.041241 -20.209320
v -1.924124 -1.473864 -19.509323
v -2.356748 -0.773863 -19.776688
v -1.960147 -0.341240 -20.267609
v -2.356748 0.091383 -19.776688
v -2.624124 -0.341240 -19.076691
v -2.415035 0.394783 -19.076691
v -2.353020 0.088457 -18.356125
v -2.281595 0.993340 -18.696533
v -2.025525 0.700758 -17.852173
v -2.776262 1.189699 -18.181595
v -2.940444 1.153814 -17.374405
v -3.969398 1.118696 -18.066711
v -3.373068 1.853813 -18.507034
v -4.423725 1.853813 -18.507034
v -3.898396 2.449921 -18.988617
v -3.048397 2.379147 -19.357025
v -3.898396 2.703812 -19.882355
v -4.746476 2.478420 -19.259445
v -4.927530 2.539082 -20.259903
v -5.841780 2.793446 -19.701187
v -5.841780 2.793446 -20.566437
v -6.332691 3.190048 -20.133804
v -6.370124 3.005245 -20.818405
v -5.670124 2.737869 -21.251022
v -6.370124 3.005245 -21.683640
v -5.789279 2.759182 -21.934952
v -6.489280 2.817471 -22.238358
v -5.802421 2.488911 -22.770157
v -6.911773 1.990816 -22.764038
v -7.279426 2.699135 -22.713226
v -7.652938 2.094780 -22.482391
v -7.628516 1.398363 -22.096344
v -8.540397 1.398363 -22.096344
v -8.061140 0.698362 -21.828979
v -7.325116 0.698362 -22.038055
v -9.084345 0.707134 -21.777313
v -9.421084 1.419868 -21.815002
v -9.794373 0.994839 -21.198349
v -9.614916 0.149237 -21.147659
v -9.141739 -0.213516 -21.753525
v -9.691492 -0.785879 -21.032700
v -9.371725 -0.830854 -21.691360
v -10.048725 -0.325855 -20.406357
v -10.178244 -1.389763 -20.395355
v -9.877226 -1.924404 -21.260193
v -9.947669 -2.196239 -20.362015
v -10.015396 -2.804184 -21.207352
v -10.219765 -3.084534 -20.434692
v -9.910414 -2.480951 -19.556351
v -10.099611 -3.538792 -19.879333
v -10.484461 -3.930368 -20.164337
v -10.126041 -4.027172 -19.130508
v -10.855103 -4.750477 -19.873352
v -10.918386 -4.421072 -20.633362
v -11.145396 -5.220184 -20.633362
v -10.778385 -4.679615 -18.561218
v -10.709297 -5.220184 -19.098221
v -10.855103 -5.689892 -18.473358
v -11.373274 -5.220184 -17.907318
v -11.251702 -6.122515 -17.982452
v -12.228561 -6.168850 -17.755859
v -12.269459 -5.169186 -17.675217
v -13.067396 -5.169186 -17.786362
v -13.457425 -6.071629 -17.607407
v -13.866508 -5.169186 -17.559341
v -14.297102 -5.638893 -17.026352
v -14.297102 -6.504139 -17.026352
v -13.813196 -6.725161 -17.582458
v -14.585725 -7.027855 -16.945358
v -14.104138 -7.553185 -17.541458
v -14.641220 -8.064932 -17.070709
v -13.899907 -8.439070 -17.528748
v -14.269569 -8.960907 -17.012283
v -13.542633 -9.317499 -17.419357
v -13.948380 -9.660538 -16.722580
v -13.228045 -10.188616 -17.048019
v -13.515757 -10.360538 -16.455200
v -13.130306 -11.230734 -17.317596
v -13.326397 -11.715185 -16.431351
v -13.001725 -12.240515 -17.281357
v -13.072503 -12.608929 -16.431351
v -12.476397 -13.090515 -16.956680
v -12.583996 -13.174728 -15.966080
v -13.001725 -12.240515 -15.581360
v -12.731049 -12.611187 -15.328476
v -12.361503 -13.433928 -15.443359
v -11.765396 -13.915513 -15.968689
v -11.765396 -13.915513 -14.918030
v -12.290726 -13.065514 -14.593353
v -12.644492 -11.780491 -14.955017
v -12.080062 -12.055458 -13.679413
v -11.880660 -12.625668 -13.934357
v -12.347438 -11.622835 -14.379410
v -12.289150 -11.319435 -13.679413
v -12.801993 -10.778555 -14.156494
v -12.780062 -10.922834 -13.246780
v -13.292905 -10.381954 -13.723862
v -13.524397 -10.756514 -12.859680
v -12.674397 -11.081186 -12.334351
v -13.369850 -10.784748 -11.646500
v -12.674397 -10.963194 -11.487228
v -12.364397 -10.986183 -11.051361
v -13.139397 -10.690161 -10.572388
v -12.364397 -10.754694 -10.236481
v -11.597715 -10.790146 -10.507416
v -11.588943 -10.841801 -11.530609
v -11.890562 -10.316311 -9.740723
v -12.843372 -10.211184 -9.797379
v -12.364397 -9.436184 -9.501358
v -11.562725 -9.971184 -9.523026
v -11.628373 -9.436184 -9.292267
v -13.179279 -9.436184 -9.732849
v -12.843372 -8.661184 -9.797379
v -11.562725 -8.271187 -9.523026
v -11.037396 -9.121185 -9.198364
v -10.554370 -8.192307 -9.427841
v -11.037396 -7.675079 -10.004608
v -10.227122 -7.605366 -10.342026
v -9.531732 -7.579536 -9.985931
v -9.522513 -7.305534 -10.827362
v -9.031602 -6.908934 -10.394730
v -9.040820 -7.182936 -9.553299
v -8.831732 -6.446913 -9.553299
v -8.927652 -6.389715 -8.612793
v -8.546048 -5.722181 -9.249466
v -8.575268 -5.186213 -8.590683
v -9.399492 -5.604185 -7.800705
v -9.178633 -6.154625 -7.991364
v -9.088571 -7.123545 -7.923782
v -9.323877 -6.690296 -7.642868
v -9.756725 -6.129515 -7.174362
v -9.320137 -7.046589 -6.846542
v -8.518730 -7.494513 -7.114456
v -8.336396 -7.446285 -6.388504
v -7.435396 -7.628792 -6.735001
v -7.368396 -7.319086 -5.790497
v -6.394790 -7.412823 -6.389877
v -6.189513 -7.589550 -7.186752
v -6.827414 -8.112822 -7.522507
v -5.756889 -8.080460 -7.583359
v -5.575975 -7.542299 -6.939987
v -4.710727 -7.542299 -6.939987
v -4.407328 -8.242300 -6.998276
v -3.918155 -7.533617 -6.681900
v -3.614756 -8.233618 -6.740189
v -3.155914 -7.707607 -6.164429
v -2.723290 -8.198517 -6.561035
v -2.455914 -7.765894 -5.861038
v -2.023291 -8.465895 -6.128403
v -2.419891 -8.898518 -6.619324
v -1.965003 -8.162495 -5.428406
v -1.470117 -8.720280 -5.170288
v -1.494102 -9.346231 -5.529358
v -1.259255 -9.359268 -4.223007
v -1.259255 -9.870981 -4.734711
v -1.411829 -8.416880 -4.470291
v -1.470117 -8.720280 -3.770279
v -1.230776 -9.232143 -3.555679
v 8.874980 -6.481825 -0.695587
v 8.831674 -6.642262 -0.146973
v 9.130254 -7.223310 -0.209229
v 8.766425 -6.150333 0.237747
v 8.874980 -5.616579 -0.695587
v 8.816692 -5.313179 0.004410
v 9.307604 -4.916578 -0.428207
v 9.307604 -4.916578 0.437027
v 9.019188 -5.671659 0.615280
v 9.439757 -5.351561 1.171539
v 10.003604 -4.768278 0.712402
v 9.927947 -5.035582 1.389282
v 10.320125 -4.567509 1.590942
v 11.281630 -3.922997 0.789398
v 10.779242 -4.065165 1.534470
v 11.245245 -3.570707 1.727417
v 11.775297 -3.124228 1.047867
v 11.647270 -3.117117 1.696289
v 11.918921 -2.436125 1.749222
v 11.690205 -2.151585 0.948639
v 11.959032 -1.661337 1.394058
v 11.906382 -0.985769 0.901489
v 10.389863 -1.163912 -0.996353
v 10.172562 -0.587482 -0.869537
v 10.926119 -0.442028 -0.399353
v 9.341858 -0.758997 -1.126022
v 10.065045 -1.608810 -1.716415
v 8.890227 -1.604235 -1.450684
v 9.157603 -2.036858 -2.150681
v 10.007604 -1.830175 -2.472488
v 9.157603 -2.036858 -3.015930
v 10.007604 -1.621086 -3.208511
v 8.890227 -1.604235 -3.715927
v 9.527618 -0.899137 -3.743820
v 10.584297 -0.956234 -3.673996
v 10.103558 -0.081070 -4.065369
v 11.261896 -0.440187 -3.909653
v 10.829273 0.259813 -4.177032
v 11.684544 0.403744 -4.054214
v 12.164227 -0.365051 -3.788086
v 12.467627 0.334949 -3.846375
v 12.962492 0.126324 -3.560883
v 11.080555 0.738192 -5.089935
v 11.937138 0.480453 -4.831024
v 12.637138 0.747829 -4.398392
v 12.908604 0.641815 -5.508362
v 13.815985 0.684626 -4.823822
v 13.344790 1.532419 -4.132858
v 13.060291 1.346317 -3.711884
v 13.359093 0.558947 -3.069962
v 13.525312 1.126627 -2.385757
v 13.040419 1.350750 -2.923187
v 14.273401 1.126627 -2.385757
v 14.048603 0.322699 -2.687698
v 14.738113 0.558947 -3.069962
v 14.992580 1.184809 -2.793823
v 15.528728 1.587400 -3.252487
v 16.638472 2.828423 -3.610840
v 15.821341 2.295593 -3.126389
v 15.711098 1.907583 -3.378082
v 16.861355 2.258932 -4.026703
v 17.503717 2.828423 -3.610840
v 17.726601 2.258932 -4.026703
v 17.272274 1.523815 -4.467026
v 18.344734 1.515795 -4.242081
v 17.797604 0.744047 -4.605331
v 16.839651 0.823814 -4.734406
v 17.272274 0.123814 -4.467026
v 16.325359 0.132397 -4.444016
v 16.862942 -0.634594 -4.206894
v 15.900581 -0.414185 -3.768387
v 15.543690 0.408356 -3.988388
v 15.134714 0.126324 -3.560883
v 15.438114 -0.573677 -3.502594
v 17.729675 -0.553841 -4.480637
v 17.990549 0.112480 -4.626083
v 18.423172 -0.587521 -4.358704
v 18.841127 0.176834 -4.390244
v 18.566605 0.840315 -4.425247
v 19.428547 0.972084 -4.720779
v 19.860933 0.156815 -4.525024
v 20.299984 0.719891 -5.324387
v 20.710932 -0.167854 -5.050354
v 20.300867 -0.607700 -4.391357
v 20.080933 -1.221186 -3.995026
v 20.930931 -1.545855 -4.520355
v 20.449347 -2.071184 -3.924255
v 19.555603 -2.071184 -3.670364
v 19.030273 -1.221186 -3.995026
v 20.930931 -2.596514 -4.520355
v 21.255604 -2.071184 -5.370361
v 21.001709 -2.964928 -5.370361
v 21.117432 -1.191406 -5.317520
v 21.035604 -0.693184 -5.900360
v 20.781712 0.200560 -5.900360
v 20.124710 1.219027 -5.629364
v 19.679373 2.195305 -5.010849
v 19.915621 1.955050 -5.629364
v 20.124710 2.691074 -5.629364
v 20.053932 3.059486 -4.779358
v 20.378605 3.584816 -5.629364
v 20.053932 3.059486 -6.479355
v 20.053932 4.110146 -6.479355
v 19.696699 3.584816 -7.105698
v 19.203934 4.434814 -7.004684
v 18.678604 4.023670 -7.530350
v 19.361876 2.946869 -7.939026
v 18.678604 3.814579 -8.266373
v 19.683575 3.749596 -8.805008
v 18.678604 4.023670 -9.002396
v 19.228586 4.263882 -9.363541
v 20.167311 4.164814 -9.423645
v 20.496716 3.404816 -9.360367
v 20.127193 2.796398 -9.227600
v 20.927309 2.935112 -9.893356
v 20.927309 3.874519 -9.893356
v 21.217604 3.404816 -10.653351
v 20.990593 4.203926 -10.653351
v 20.424984 4.753857 -10.384308
v 19.697603 4.697807 -9.854248
v 19.126541 4.753857 -10.211807
v 19.959745 5.573189 -10.852341
v 19.048100 5.305813 -10.939972
v 19.407051 6.063255 -10.985977
v 18.563683 5.822952 -11.328949
v 18.937273 6.855812 -11.414032
v 19.987932 6.855812 -11.414032
v 19.462603 7.451920 -11.895615
v 20.312601 7.381145 -12.264023
v 19.462603 7.705811 -12.789352
v 20.391481 7.476330 -13.272385
v 19.462603 7.587822 -13.636490
v 20.153603 7.930920 -14.574615
v 21.003601 7.860142 -14.943024
v 20.153603 8.184811 -15.468353
v 21.003601 7.860142 -15.993683
v 21.599709 7.378555 -15.468353
v 21.528931 7.010143 -16.318359
v 20.678932 7.334812 -16.843689
v 21.047346 6.484814 -16.914459
v 20.153603 6.923668 -17.369354
v 20.548819 6.050423 -17.456375
v 20.181026 6.592743 -18.196838
v 20.069628 5.480724 -18.291046
v 20.548819 6.050423 -18.856384
v 20.232460 5.112713 -18.991043
v 19.525606 4.680557 -18.652634
v 19.467319 4.983955 -17.952637
v 20.885309 5.617111 -19.446350
v 20.885309 6.556519 -19.446350
v 21.175604 6.086815 -20.206360
v 20.948593 5.287704 -20.206360
v 20.885309 5.617111 -20.966354
v 20.705894 4.809628 -20.922180
v 20.572956 4.493599 -20.437347
v 20.186535 5.327930 -21.534439
v 20.454716 6.086815 -21.499344
v 20.885309 6.556519 -20.966354
v 20.125311 6.846813 -21.436066
v 19.393963 6.854382 -21.792526
v 20.415602 7.316525 -20.676056
v 20.948593 6.885925 -20.206360
v 20.415602 7.316525 -19.736649
v 19.491581 7.612873 -20.143356
v 19.655603 7.379807 -19.407242
v 18.503838 7.886013 -19.553360
v 18.627558 7.886311 -20.512985
v 18.894936 8.318932 -21.212982
v 18.194935 8.586308 -20.780365
v 18.591536 9.018932 -21.271271
v 19.179596 8.510860 -21.840469
v 18.977957 8.184601 -22.368378
v 19.353594 8.978706 -22.599350
v 18.919670 8.487999 -23.068375
v 19.290310 9.308113 -23.359360
v 18.644314 8.968491 -23.908875
v 18.489698 8.441578 -23.847351
v 18.350294 7.600437 -23.481354
v 18.408581 7.297039 -22.781357
v 18.805182 6.864414 -22.290451
v 18.222322 8.008953 -24.547363
v 18.334602 7.202816 -24.547363
v 18.142727 7.679363 -25.375153
v 18.175810 6.746876 -25.360535
v 17.665291 7.256763 -25.938995
v 17.996996 6.325954 -25.976364
v 17.230064 6.888031 -26.712646
v 17.938709 6.022556 -26.676361
v 17.342602 6.504147 -27.201691
v 17.867931 5.654144 -27.526352
v 17.017933 5.978813 -28.051682
v 17.386347 5.128815 -28.122467
v 16.492603 6.574921 -27.570099
v 15.967274 5.978813 -28.051682
v 15.642605 6.504147 -27.201691
v 16.492603 6.919914 -26.787460
v 17.059532 8.071815 -26.007401
v 15.930292 7.492802 -26.391617
v 16.383522 8.192799 -26.124252
v 15.247509 8.273510 -25.562698
v 15.247509 7.408260 -25.562698
v 14.890276 7.813484 -24.936356
v 14.761209 8.771439 -25.016129
v 14.512388 8.344421 -24.551331
v 14.443274 9.283142 -24.661362
v 14.175898 8.850517 -23.961349
v 14.175898 7.911110 -23.961349
v 13.885603 8.380814 -23.201355
v 14.112614 9.179924 -23.201355
v 14.175898 8.850517 -22.441360
v 14.305086 9.796482 -22.458313
v 14.448578 9.194012 -21.610031
v 14.321703 8.380814 -21.666214
v 14.186508 8.672260 -20.778702
v 14.186508 9.537510 -20.778702
v 13.829275 9.077484 -20.152359
v 13.777054 10.292347 -20.694794
v 13.434208 9.778061 -19.264969
v 13.388952 8.666565 -19.417236
v 13.129274 7.944859 -19.719727
v 12.688951 8.399189 -18.984619
v 12.653610 7.479622 -19.473434
v 12.257010 7.912247 -18.982529
v 11.953609 7.212246 -19.040817
v 11.520987 7.912247 -18.773438
v 11.844542 8.679813 -18.805222
v 11.046604 8.679813 -18.916351
v 11.516312 9.439812 -18.626068
v 10.576899 9.439812 -18.626068
v 10.222738 8.653912 -19.071030
v 9.723633 9.467373 -18.296204
v 10.286604 9.909519 -17.866058
v 9.696629 9.573032 -17.396362
v 8.996629 9.305653 -17.865372
v 8.942613 9.168941 -18.648361
v 8.242613 9.436321 -18.215729
v 8.242613 9.436321 -19.080978
v 7.751701 9.832920 -18.648361
v 7.753202 10.012859 -19.848007
v 8.207603 9.432148 -20.211685
v 7.543488 9.757584 -20.808487
v 7.083604 10.425144 -20.469681
v 6.758932 9.899815 -21.319687
v 6.233603 10.495922 -20.838104
v 6.233603 10.840916 -20.055466
v 5.383603 10.425144 -20.469681
v 5.960604 11.167923 -19.542099
v 6.834677 10.902008 -19.980133
v 6.810604 11.097149 -19.173691
v 5.960604 11.421814 -18.648361
v 5.110603 11.097149 -19.173691
v 5.110603 11.097149 -18.123032
v 4.514498 10.615559 -18.648361
v 4.585275 10.247147 -19.498352
v 4.144953 9.792816 -18.763245
v 3.986331 9.934246 -18.275314
v 4.513197 10.353336 -17.773865
v 3.909036 9.713276 -17.580597
v 3.216603 9.298519 -18.092056
v 3.216603 9.298519 -17.152649
v 2.683615 8.867924 -17.622360
v 2.746898 8.538517 -18.382355
v 2.456603 8.068813 -17.622360
v 2.612423 7.615307 -18.423706
v 2.578989 7.252678 -17.592911
v 2.624210 7.115952 -18.160843
v 2.590235 6.369232 -17.563477
v 2.377315 6.302151 -18.081924
v 2.606883 5.791744 -17.303009
v 2.339507 5.359119 -18.003006
v 2.397795 5.055721 -17.303009
v 2.153227 4.858200 -18.108490
v 2.211514 4.554802 -17.408478
v 1.720603 4.158199 -17.841110
v 1.720603 4.158199 -16.975861
v 0.967771 3.870640 -17.441132
v 1.020604 4.008812 -16.561356
v 0.170604 3.684147 -17.086685
v 0.170604 3.684147 -16.036026
v -0.425503 3.202557 -16.561356
v -0.354725 2.834145 -17.411362
v -0.679396 2.308815 -16.561356
v -0.410220 1.797068 -17.536713
v -0.888485 1.572792 -16.561356
v -0.842163 0.911816 -17.255371
v -0.106140 0.911816 -17.464462
v -0.409539 0.211815 -17.522751
v -0.905726 0.007145 -17.557358
v -1.458268 0.109480 -17.644592
v -1.428310 1.113476 -17.192184
v -1.379396 1.176191 -16.128738
v -2.079396 0.908815 -16.561356
v -2.079396 1.117905 -15.825333
v -2.660396 1.152622 -15.880463
v -2.660396 0.943533 -16.616501
v -3.435396 0.759792 -16.289337
v -3.568709 0.722933 -17.260635
v -4.031433 0.419844 -16.716812
v -4.397620 -0.080307 -16.945358
v -4.395539 0.571192 -17.945343
v -4.888531 -0.476908 -17.377975
v -5.095539 0.303814 -18.377960
v -4.792140 1.003815 -18.436249
v -5.528163 1.003815 -18.645340
v -5.287907 1.622322 -18.881592
v -6.153154 1.622322 -18.881592
v -5.685030 2.379765 -19.170898
v -6.456554 2.322323 -18.939880
v -6.300590 3.516930 -19.358353
v -7.093870 2.060215 -18.415985
v -6.853154 2.754948 -18.448959
v -6.693420 3.925789 -18.583359
v -6.628888 4.261700 -19.358353
v -6.748084 3.815517 -20.342194
v -7.172397 4.700794 -19.837326
v -7.188360 4.379848 -20.661896
v -6.886812 3.468891 -21.409683
v -7.240888 4.280701 -21.568359
v -6.921904 3.517467 -21.970978
v -7.305420 3.944790 -22.343353
v -7.784397 4.719791 -22.047333
v -8.080420 4.240814 -22.822327
v -7.744514 3.465816 -22.886871
v -8.559397 3.465816 -23.118362
v -8.080420 2.690815 -22.822327
v -9.038372 2.690815 -22.822327
v -8.559397 2.094780 -22.482391
v -9.419209 2.150063 -22.146378
v -9.813373 2.986843 -22.343353
v -9.971645 2.618469 -21.635040
v -9.904932 2.097816 -21.267258
v -10.044396 2.792816 -20.445358
v -10.090396 1.473816 -20.423355
v -9.870731 2.324692 -19.573029
v -9.886225 1.489594 -19.202530
v -10.024396 0.609816 -19.255356
v -9.947669 0.493870 -20.362015
v -10.233485 -0.126207 -19.255356
v -10.048725 -0.325855 -18.706360
v -10.373396 -0.851185 -19.556351
v -10.194473 -1.363411 -18.715057
v -10.119502 -1.744928 -19.556351
v -9.947669 -2.196239 -18.750687
v -9.402540 -0.824642 -17.978073
v -9.739092 0.111887 -18.269928
v -8.880725 -0.200459 -17.739532
v -8.773773 -1.466326 -17.464035
v -9.404779 -1.970522 -17.209702
v -10.065461 -2.285370 -17.598373
v -10.215045 -2.628862 -18.050690
v -9.832235 -3.106169 -19.179337
v -10.184328 -3.723772 -18.430511
v -10.436102 -3.105478 -17.889359
v -10.969045 -4.176130 -17.949066
v -11.025389 -3.440855 -17.455612
v -11.608513 -3.782818 -17.100693
v -11.732443 -4.409187 -17.496063
v -12.308512 -3.841105 -16.797287
v -12.597691 -4.409187 -17.496063
v -13.067396 -3.876196 -17.065475
v -13.537103 -4.409187 -17.496063
v -13.827396 -3.939480 -16.736069
v -14.297102 -4.699478 -17.026352
v -14.360386 -4.370073 -16.266357
v -14.587397 -5.169186 -16.266357
v -14.297102 -4.699478 -15.506363
v -14.653570 -5.430826 -15.498795
v -14.711858 -6.076191 -16.333923
v -15.265996 -6.118639 -15.486633
v -14.714344 -5.640551 -14.915146
v -15.158397 -6.202856 -14.496033
v -15.754502 -6.684441 -15.021362
v -15.683725 -7.052855 -15.871353
v -16.099495 -7.467081 -15.021362
v -15.994290 -7.459475 -15.671310
v -16.410385 -7.944073 -15.129364
v -16.347103 -8.273478 -15.889359
v -16.637398 -8.743185 -15.129364
v -16.347103 -9.212893 -15.889359
v -15.916507 -8.743185 -16.422348
v -15.414790 -8.253185 -16.592499
v -15.111390 -7.553185 -16.534210
v -15.179311 -8.743185 -16.747299
v -15.587102 -9.503183 -16.359070
v -14.648380 -9.602251 -16.419174
v -15.117396 -10.036175 -15.928467
v -14.215756 -10.093161 -16.022568
v -15.117396 -10.263186 -15.129364
v -14.349829 -10.329359 -15.390991
v -14.349829 -10.120270 -14.654968
v -13.649829 -10.387646 -15.087601
v -13.292905 -10.381954 -14.589111
v -12.860281 -11.081955 -14.856491
v -13.130791 -11.282562 -15.501587
v -14.205151 -10.104519 -14.091675
v -15.117396 -10.036175 -14.330246
v -14.962393 -9.520863 -13.530701
v -14.459641 -9.926414 -13.068939
v -13.992905 -10.323668 -13.420471
v -14.120502 -10.274929 -12.334351
v -14.374396 -9.381186 -12.334351
v -14.049726 -9.906515 -11.484360
v -14.049726 -8.855856 -11.484360
v -13.756039 -8.555496 -10.997406
v -13.618373 -9.915161 -10.276352
v -13.618373 -8.957207 -10.276352
v -13.139397 -8.182207 -10.572388
v -12.907124 -7.810328 -11.397675
v -13.524397 -8.005857 -11.809021
v -12.674397 -7.681185 -12.334351
v -12.174163 -7.628168 -12.132355
v -11.967163 -7.616793 -11.330978
v -11.416721 -7.338852 -11.664230
v -11.037396 -7.421185 -10.898361
v -11.887396 -7.745857 -10.373032
v -12.418343 -8.044540 -10.170670
v -10.383455 -7.323498 -11.207993
v -10.601838 -7.061810 -12.041306
v -9.979061 -6.981823 -11.971329
v -9.204729 -6.924671 -11.432449
v -9.546437 -6.490913 -12.367920
v -8.846437 -6.223536 -11.935303
v -8.639485 -6.529207 -10.764359
v -8.430396 -5.793184 -10.764359
v -8.487761 -6.025581 -9.949478
v -8.204015 -5.070398 -10.036255
v -8.250025 -4.746948 -10.793701
v -7.774980 -4.223406 -9.985779
v -8.093905 -4.580301 -9.356354
v -7.550396 -4.141209 -8.877380
v -8.179325 -4.560465 -8.042450
v -7.477560 -4.055841 -7.574448
v -8.381396 -4.158077 -7.218094
v -8.957365 -4.639805 -7.737427
v -9.231397 -4.228857 -6.849686
v -9.756725 -5.078856 -7.174362
v -9.827502 -4.710442 -6.324356
v -10.081396 -5.604185 -6.324356
v -10.230782 -5.189682 -5.624359
v -10.073003 -6.091496 -5.403305
v -9.827502 -6.497929 -6.324356
v -9.310275 -7.074699 -5.841324
v -9.887920 -6.605209 -4.777939
v -9.265275 -7.125700 -5.288376
v -8.336396 -7.237196 -5.652481
v -8.331902 -7.487467 -4.831558
v -7.368396 -7.528175 -5.054474
v -7.368396 -7.755186 -4.255356
v -6.608397 -7.464891 -4.725067
v -6.609512 -7.354177 -5.522308
v -6.040315 -6.766117 -5.014236
v -5.982028 -7.069517 -5.714249
v -5.549404 -6.369516 -5.446869
v -5.843351 -7.109676 -6.239990
v -5.549404 -6.369516 -4.581619
v -4.849404 -6.102140 -5.014236
v -4.783409 -6.429741 -5.936401
v -5.143351 -7.051390 -6.543381
v -4.284789 -7.039160 -6.519135
v -4.083408 -6.488026 -5.633011
v -4.149405 -6.369516 -4.581619
v -3.658493 -6.766117 -5.014236
v -3.136347 -7.106079 -5.458313
v -3.136347 -7.106079 -4.593063
v -2.645435 -7.502680 -5.025696
v -2.653281 -7.615553 -4.143692
v -1.902740 -8.020279 -4.902908
v -1.975519 -8.016853 -3.919815
v -2.748297 -7.746050 -3.369354
v -1.509580 -8.507725 -3.290390
v -1.619320 -7.653183 -2.426010
v -1.141291 -8.532228 -2.827408
v -1.083003 -8.228828 -2.127411
v -0.873915 -8.964851 -2.127411
v -0.866186 -9.121159 -1.120697
v -0.905612 -9.485863 -1.676712
v 16.371094 3.261044 -2.910843
v 16.167377 3.203442 -2.317398
v 15.868799 2.718746 -2.600845
v 16.593256 3.693649 -2.111130
v 17.071095 3.319332 -3.214249
v 17.313580 3.731884 -2.632401
v 17.746202 3.240974 -3.028992
v 18.180126 3.731682 -2.559982
v 18.914932 3.411816 -2.925034
v 18.389603 2.815708 -3.406616
v 19.239601 2.886486 -3.775024
v 18.762644 2.287540 -4.087921
v 19.506979 2.453861 -4.475021
v 19.053280 1.695223 -4.464645
v 19.931252 3.349384 -4.194687
v 19.764931 3.736485 -3.450363
v 20.089603 4.261814 -4.300354
v 19.764931 4.787144 -3.450363
v 19.835709 5.155556 -4.300354
v 19.847980 4.911087 -5.146133
v 20.124710 4.478558 -5.629364
v 19.528603 4.960148 -6.154678
v 18.736046 5.388195 -5.720413
v 18.678604 5.030922 -6.523102
v 17.832829 5.043194 -6.278625
v 18.166857 4.560165 -7.060181
v 17.257101 4.380192 -6.498367
v 17.581150 4.041813 -7.396469
v 16.853041 3.651493 -6.864944
v 16.881603 3.622791 -7.829376
v 17.656603 3.918816 -8.308350
v 16.906651 3.837219 -8.869278
v 17.813267 3.966084 -9.282303
v 17.007603 4.137920 -9.733612
v 17.817875 4.207630 -10.071030
v 18.513268 4.233463 -9.714920
v 18.522486 4.507465 -10.556351
v 17.822485 4.449181 -10.859756
v 18.255108 4.940090 -11.256348
v 17.389862 4.940090 -11.256348
v 17.872028 5.874546 -11.554550
v 17.086462 5.640091 -11.314636
v 17.145065 6.212200 -11.618408
v 18.073092 6.624321 -11.788589
v 17.284504 6.782040 -11.989380
v 16.584503 6.840328 -11.685974
v 16.851881 7.272949 -12.385986
v 17.832836 7.242828 -12.789352
v 18.612604 7.381145 -12.264023
v 18.552643 7.531452 -13.436340
v 17.820948 7.256531 -13.960281
v 18.677259 7.502911 -14.537811
v 17.977259 7.235531 -14.970428
v 18.677259 7.502911 -15.468353
v 19.303604 7.860142 -14.943024
v 19.303604 7.860142 -15.993683
v 18.707432 7.388073 -16.543457
v 19.633808 7.407734 -16.954987
v 20.153603 7.930920 -16.362106
v 18.737602 7.064144 -17.424026
v 19.453602 6.981953 -17.672745
v 18.812738 7.185715 -18.326355
v 19.424620 7.004169 -18.613144
v 18.812738 7.394806 -19.062378
v 18.112738 7.453091 -18.758987
v 18.037601 7.331524 -17.856644
v 17.312334 8.025581 -17.794052
v 17.390255 8.313816 -18.608475
v 17.680115 8.153091 -19.026352
v 17.680115 9.018341 -19.026352
v 17.947252 8.654137 -19.601685
v 17.967432 9.552036 -19.654526
v 17.927559 9.018932 -20.080368
v 18.136648 8.282909 -20.080368
v 17.780931 9.906487 -18.857361
v 18.105604 10.431816 -19.707352
v 18.463116 10.210442 -20.815460
v 18.194935 9.451557 -20.780365
v 18.859716 9.777817 -21.306366
v 18.644314 10.587143 -21.289841
v 19.290310 10.247520 -21.839355
v 19.290310 9.308113 -21.839355
v 19.580605 9.777817 -22.599350
v 19.353594 10.576927 -22.599350
v 19.296902 10.441547 -23.521881
v 18.828995 11.218327 -22.713470
v 18.841709 11.422558 -23.599350
v 18.770931 11.054146 -24.449356
v 18.770931 10.003487 -24.449356
v 18.953819 9.741425 -23.949326
v 18.586027 9.271889 -24.608871
v 18.503555 9.570862 -25.149353
v 18.379251 8.709385 -24.796021
v 18.212931 9.096485 -25.540359
v 18.017796 8.290035 -25.564438
v 17.362932 8.771816 -26.065689
v 17.731346 9.621815 -26.136459
v 16.928656 9.564373 -26.493729
v 16.707062 8.974777 -26.392380
v 16.279581 9.570816 -26.732330
v 15.800604 8.974777 -26.392380
v 15.321627 9.570816 -26.732330
v 14.949497 9.025417 -26.015945
v 14.546627 9.866840 -26.253357
v 14.482094 9.530930 -25.478363
v 14.250605 10.345814 -25.478363
v 14.409397 9.889874 -24.665176
v 14.546627 10.824787 -24.703354
v 14.755627 10.406654 -23.670380
v 14.514317 9.640209 -23.798904
v 14.488251 9.974030 -22.970367
v 14.500172 10.959736 -22.985321
v 14.095997 10.532505 -22.458313
v 14.115492 11.512814 -22.509354
v 13.684898 11.043110 -21.976364
v 14.234184 10.019165 -21.741364
v 13.621614 10.713703 -21.216354
v 13.394604 11.512814 -21.216354
v 13.609146 10.960976 -20.324631
v 13.684898 11.982517 -20.456360
v 14.050831 11.560452 -19.848190
v 13.758495 10.496555 -19.302353
v 14.351128 11.058609 -18.953506
v 13.757196 10.234333 -18.427856
v 14.679274 10.452812 -17.927032
v 14.082470 9.788700 -17.601593
v 13.306400 9.772827 -17.984528
v 12.988556 9.556705 -18.680069
v 12.288555 9.498421 -18.376663
v 12.256329 9.099190 -18.717239
v 12.992352 9.099190 -18.926331
v 12.581739 9.763714 -17.396362
v 11.818466 9.862381 -17.965073
v 11.806602 9.909519 -16.926651
v 11.046604 10.199810 -17.396362
v 11.046604 9.972805 -18.195465
v 11.046604 9.972805 -16.597244
v 10.286604 9.909519 -16.926651
v 10.576899 9.439812 -16.166656
v 9.764171 9.026279 -16.188599
v 10.144275 8.948902 -15.770050
v 9.670095 8.634296 -15.396515
v 9.055488 8.709900 -15.699432
v 9.050629 9.086613 -16.691208
v 8.296603 8.999767 -16.168442
v 8.431996 9.287041 -17.019867
v 7.731997 9.345325 -16.716476
v 7.774948 9.673908 -17.537048
v 7.148604 10.031147 -17.077026
v 7.342324 10.373909 -17.804428
v 6.671645 10.630085 -17.389923
v 6.810604 11.097149 -18.123032
v 7.406710 10.615559 -18.648361
v 5.960604 11.167923 -17.754608
v 5.435275 10.571815 -17.273026
v 6.129604 10.131298 -16.727982
v 5.412719 10.089207 -16.912842
v 4.409227 9.852715 -17.219849
v 5.773275 9.505814 -16.227036
v 5.050299 9.186157 -16.341263
v 3.976604 9.361805 -16.823242
v 4.499751 8.731880 -16.127548
v 3.506898 8.828812 -16.392654
v 3.914689 8.068813 -16.004410
v 3.177493 8.068813 -16.329361
v 2.746898 8.538517 -16.862350
v 2.746898 7.599110 -16.862350
v 3.046309 6.983479 -16.178665
v 2.857611 6.801857 -16.863480
v 2.795389 6.402203 -16.360855
v 3.477435 6.664997 -15.367996
v 2.512351 5.843758 -15.728073
v 2.667603 5.526814 -16.559357
v 2.400228 5.094189 -15.859360
v 2.458515 4.790791 -16.559357
v 1.967604 4.394192 -16.126740
v 1.665004 4.624790 -15.515732
v 2.097628 5.324787 -15.248352
v 1.237587 4.679165 -14.798569
v 0.804274 4.089191 -15.135056
v 0.536898 4.521812 -14.435059
v 0.019835 3.698326 -14.542847
v 0.078123 3.394928 -15.242844
v -0.412788 2.998325 -14.810226
v -0.466494 2.911617 -15.733337
v -0.795048 2.379814 -15.046478
v -0.736760 2.076416 -15.746475
v -1.227672 1.679815 -15.313843
v -1.495048 2.112438 -14.613846
v -1.927671 1.621529 -15.010452
v -2.360295 2.112438 -14.613846
v -3.040953 1.597023 -15.133667
v -3.280838 2.133467 -14.673233
v -3.778679 1.315235 -14.677734
v -3.658286 0.834198 -15.210709
v -4.050761 1.134556 -14.286774
v -3.819789 0.314682 -14.229858
v -4.014358 0.049763 -15.043671
v -3.978905 0.320700 -15.810364
v -4.327937 -0.324715 -15.888962
v -4.275102 -0.750952 -15.034897
v -4.766013 -1.147552 -15.467529
v -4.813396 -0.598478 -16.475647
v -5.283102 -1.358477 -16.185364
v -5.436290 -0.988232 -16.906815
v -5.671346 -1.766270 -16.945358
v -5.729633 -1.462870 -17.645355
v -5.659082 -0.566410 -17.663376
v -6.126233 -1.030247 -18.136261
v -6.225394 -0.187265 -18.077988
v -5.960787 0.303814 -18.377960
v -6.606301 0.407743 -18.211639
v -7.294880 -0.330246 -18.077988
v -7.430654 0.609816 -17.809250
v -6.784173 1.330070 -18.361542
v -7.799067 1.459814 -17.880020
v -8.324396 0.609816 -17.555359
v -8.849726 1.459814 -17.880020
v -8.407870 2.459858 -18.011368
v -9.201372 2.102594 -18.583359
v -9.201372 2.967842 -18.583359
v -8.762280 3.446815 -18.039841
v -7.947396 3.446815 -17.808365
v -8.426373 4.221813 -18.104385
v -7.468420 4.221813 -18.104385
v -7.132513 3.446815 -18.039841
v -7.947396 4.765324 -18.543472
v -7.172397 4.700794 -18.879379
v -7.947396 4.996815 -19.358353
v -8.722397 4.700794 -18.879379
v -8.827522 4.757446 -19.832199
v -7.914056 4.871799 -20.185104
v -8.592737 4.890797 -20.741623
v -7.880715 4.859066 -21.070953
v -8.559397 5.015816 -21.568359
v -9.334396 4.719791 -21.089386
v -9.334396 4.719791 -22.047333
v -8.559397 4.784325 -22.383240
v -9.038372 4.240814 -22.822327
v -9.813373 3.944790 -22.343353
v -9.374279 3.465816 -22.886871
v -9.877905 4.280701 -21.568359
v -10.109396 3.465816 -21.568359
v -9.913358 4.009766 -20.801682
v -9.906225 3.672596 -20.392517
v -9.318434 4.360844 -20.264816
v -9.719725 3.318146 -19.595352
v -9.265905 4.261700 -19.358353
v -9.201372 3.925789 -18.583359
v -9.597973 2.535217 -19.074265
v -9.699725 1.135145 -18.405350
v -9.218140 0.609816 -17.809250
v -7.811595 -0.298595 -17.724106
v -7.598280 -1.030247 -18.136261
v -7.892444 -1.549347 -17.851257
v -7.294880 -1.730247 -18.077988
v -7.589045 -2.249348 -17.792969
v -8.289044 -1.981970 -17.360336
v -7.856421 -2.681971 -17.092972
v -8.446396 -2.345480 -16.659653
v -7.896879 -2.991476 -16.320038
v -8.736691 -2.815187 -15.899658
v -9.206396 -2.282196 -16.330246
v -9.675413 -2.716120 -15.839539
v -9.966396 -2.345480 -16.659653
v -10.534477 -3.044254 -16.370468
v -10.499386 -2.776073 -17.129364
v -11.025389 -3.440855 -16.803101
v -11.025389 -3.440855 -15.937851
v -11.725389 -3.708231 -16.370468
v -11.608513 -3.782818 -15.432022
v -12.308512 -3.841105 -15.735428
v -12.595697 -4.355869 -14.932907
v -13.067396 -3.876196 -15.467239
v -13.067396 -3.649185 -16.266357
v -13.827396 -3.939480 -15.796646
v -13.537103 -4.409187 -15.036652
v -13.033363 -5.176291 -14.588943
v -13.901728 -5.110302 -14.879990
v -13.875772 -5.641167 -14.524216
v -13.405645 -6.100304 -14.222702
v -14.308396 -6.132076 -14.127609
v -13.783068 -6.728186 -13.646027
v -14.833725 -6.728186 -13.646027
v -14.379398 -7.463303 -13.205704
v -15.202139 -7.578184 -13.575256
v -15.683725 -7.052855 -14.171356
v -15.648327 -7.984301 -13.801270
v -16.097706 -7.501234 -14.310745
v -16.347103 -8.273478 -14.369354
v -15.916507 -8.743185 -13.836365
v -16.347103 -9.212893 -14.369354
v -15.587102 -9.503183 -13.899658
v -15.877397 -9.972891 -14.659653
v -16.410385 -9.542297 -15.129364
v -15.877397 -9.972891 -15.599060
v -15.179311 -8.743185 -13.511414
v -14.697269 -8.140600 -13.023590
v -14.641772 -8.948563 -13.034363
v -14.183393 -8.415922 -12.248871
v -13.603699 -7.643456 -12.551590
v -13.350444 -7.219095 -13.249435
v -12.887248 -6.757893 -13.743408
v -12.368850 -7.415480 -13.264130
v -11.936226 -6.924570 -13.660721
v -11.571507 -7.358994 -12.762848
v -11.191359 -6.477654 -13.310364
v -10.879116 -6.730738 -12.692642
v -10.446492 -6.030737 -12.960007
v -10.111773 -6.583176 -12.417862
v -10.887941 -5.565460 -13.478760
v -10.322140 -5.100185 -12.990250
v -9.519449 -5.042744 -12.632980
v -9.243038 -5.790913 -12.426208
v -8.846437 -5.358290 -11.935303
v -8.799398 -4.717926 -12.188080
v -8.579782 -5.378681 -11.464355
v -8.393047 -4.513182 -11.576477
v -8.514414 -4.087042 -12.123978
v -8.023502 -3.690441 -11.691360
v -7.833267 -3.920006 -10.685776
v -7.427396 -3.208857 -11.166031
v -7.195905 -3.583416 -10.301849
v -6.715789 -3.103674 -10.676468
v -6.662261 -3.618832 -9.426987
v -5.970976 -2.908487 -10.056854
v -5.773672 -3.457182 -9.240860
v -6.587889 -3.742102 -8.863586
v -5.773672 -3.457182 -8.375610
v -6.702106 -3.759645 -8.053696
v -6.214077 -3.244936 -7.599701
v -6.922396 -3.403208 -7.231339
v -6.222850 -2.984192 -6.752350
v -6.922396 -3.403208 -6.273376
v -7.518434 -3.743156 -6.793564
v -7.541751 -3.786366 -5.832138
v -8.381396 -3.904184 -6.324356
v -8.381396 -4.022177 -5.477234
v -9.253721 -4.077850 -5.856232
v -9.254396 -3.818195 -4.960464
v -9.817226 -4.268074 -5.457977
v -10.014397 -3.881479 -4.631058
v -10.484102 -4.641478 -4.921356
v -10.547385 -4.312073 -4.161362
v -10.774397 -5.111185 -4.161362
v -10.484102 -5.580893 -4.921356
v -10.547385 -5.910297 -4.161362
v -10.484102 -5.580893 -3.401352
v -10.014397 -6.340891 -3.691650
v -9.724102 -5.871183 -2.931656
v -9.122848 -6.558558 -3.341995
v -9.186397 -7.030514 -4.280029
v -8.652105 -6.777136 -3.378464
v -8.128397 -7.464891 -3.785645
v -7.838102 -6.995184 -3.025650
v -7.368396 -7.528175 -3.456253
v -6.898691 -6.995184 -3.025650
v -6.608397 -7.464891 -3.785645
v -6.068730 -6.761549 -3.421158
v -6.009323 -7.113680 -4.260986
v -5.320453 -6.781374 -3.815521
v -6.569285 -6.235186 -2.962372
v -6.078581 -5.766169 -3.396286
v -5.342557 -5.766169 -3.605377
v -5.775181 -5.066168 -3.337997
v -4.909934 -5.066168 -3.337997
v -4.606534 -5.766169 -3.396286
v -4.220702 -5.326855 -3.040268
v -4.209934 -6.235186 -2.905380
v -4.642339 -6.775373 -3.749191
v -3.953470 -7.107679 -3.285538
v -3.903914 -6.812895 -4.118683
v -3.354396 -7.458891 -3.779068
v -3.354396 -7.458891 -2.839645
v -3.824102 -6.698893 -2.549362
v -3.063413 -7.088251 -2.019547
v -2.594396 -7.522175 -2.510239
v -2.097349 -6.983227 -1.895386
v -2.532481 -6.229185 -1.691406
v -1.465396 -5.920185 -1.991364
v -1.297826 -6.908100 -1.635269
v -0.729373 -5.920185 -1.782272
v -0.332773 -6.352808 -1.291351
v -0.835917 -7.245461 -1.091675
v -0.964725 -7.741514 -1.859360
v -0.697349 -8.174137 -1.159363
v -1.008636 -7.903360 -0.328857
v -0.957197 -7.325418 -0.047653
v -0.274486 -6.656208 -0.591354
v -0.672423 -6.658350 0.089340
v -0.169525 -5.716017 -0.643692
v -0.328736 -6.177809 -0.085144
v 17.363552 4.939133 -1.662399
v 16.816294 4.575294 -1.295715
v 16.856380 4.120983 -1.849594
v 17.782524 4.336849 -2.170242
v 18.130232 5.231979 -2.136230
v 18.480656 4.204372 -2.496979
v 19.023491 5.185085 -2.876419
v 19.283346 4.261814 -2.854248
v 18.602255 6.043339 -3.313599
v 19.239601 5.637142 -3.775024
v 18.504484 6.077465 -4.371353
v 19.239601 5.637142 -4.825684
v 18.392689 5.779381 -5.257629
v 17.821602 6.188145 -4.741684
v 17.518005 5.769066 -5.656021
v 16.971603 6.258923 -5.110107
v 16.446274 5.662815 -5.591690
v 16.880550 4.870258 -6.019730
v 16.077860 4.812817 -5.662460
v 16.406528 4.132153 -6.006882
v 15.596275 4.287487 -5.066360
v 15.948217 3.653564 -5.142349
v 16.235775 3.253590 -5.895187
v 15.948217 2.788315 -5.142349
v 16.097603 2.373814 -5.842361
v 16.281784 2.930141 -6.652634
v 15.963514 1.773121 -6.677032
v 15.965137 2.003370 -7.556137
v 16.302641 2.912766 -7.541672
v 15.978586 2.608620 -8.362152
v 16.357235 3.229000 -8.401154
v 15.528173 2.360855 -9.025085
v 16.353594 3.635143 -9.215912
v 15.586407 3.499454 -9.751907
v 16.128637 4.201511 -9.980743
v 15.112865 4.254524 -10.393280
v 15.702934 4.977818 -10.291031
v 16.574980 4.628830 -10.130219
v 16.393820 5.268799 -10.335999
v 16.689861 5.207466 -10.823730
v 17.122484 4.507465 -10.556351
v 16.090420 5.968800 -10.394287
v 15.270311 5.677818 -10.023651
v 15.599716 6.437817 -9.960373
v 16.030310 6.907520 -10.493362
v 16.445065 6.479576 -11.185791
v 16.093594 7.236927 -11.253357
v 15.560602 7.667522 -10.783646
v 15.601955 7.801998 -11.706863
v 16.151880 7.540325 -11.953354
v 15.651911 8.061771 -12.561035
v 16.494602 7.881145 -12.937027
v 15.644604 8.205811 -13.462357
v 16.494602 7.881145 -13.987686
v 17.120947 7.523907 -13.462357
v 17.120947 7.523907 -14.392914
v 16.530485 7.715179 -14.497955
v 17.265602 7.274857 -14.952286
v 16.565601 7.333141 -15.255692
v 17.265602 7.065765 -15.688309
v 16.565601 7.333141 -16.120926
v 17.495462 7.307800 -16.485672
v 17.977259 7.235531 -15.966278
v 18.037601 7.331524 -16.991409
v 17.025322 7.608120 -16.979630
v 16.219658 7.915859 -16.481705
v 16.539867 8.328300 -17.214355
v 15.647089 8.818821 -16.785675
v 16.099934 9.092815 -17.348022
v 16.949932 8.768147 -17.873352
v 16.740410 9.646572 -17.819427
v 17.390255 9.179066 -18.608475
v 17.299347 10.431816 -18.261246
v 16.461155 10.489258 -17.903976
v 16.930933 11.281815 -18.332031
v 17.780931 10.957146 -18.857361
v 17.348930 11.843266 -19.053345
v 17.967432 11.311596 -19.654526
v 17.780167 12.390640 -19.585281
v 18.037596 11.117859 -20.202469
v 16.722794 12.451981 -19.253922
v 17.388311 13.144814 -19.731644
v 18.148310 12.854519 -20.201355
v 18.438604 12.384815 -20.961349
v 18.211594 13.183926 -20.961349
v 18.148310 12.854519 -21.721359
v 18.396372 11.918327 -21.580841
v 18.316219 11.568680 -20.931915
v 18.594841 11.154251 -21.661362
v 18.304972 10.685234 -20.902466
v 18.338085 11.614929 -22.280853
v 18.919670 11.067635 -22.130341
v 18.031967 12.422550 -22.409546
v 18.374786 11.953342 -23.057465
v 17.395603 12.437904 -22.863327
v 17.395603 12.228813 -23.599350
v 18.245602 11.904148 -24.124680
v 17.395603 11.974922 -24.493103
v 17.920933 11.378815 -24.974686
v 17.193531 11.572536 -25.317459
v 17.704067 10.751804 -25.747711
v 18.413698 10.594120 -25.075699
v 18.212931 10.147144 -25.540359
v 17.054581 10.824787 -26.253357
v 16.575603 11.599789 -25.957336
v 16.279581 11.120811 -26.732330
v 16.615488 10.345814 -26.796860
v 15.800604 10.345814 -27.028351
v 15.321627 11.120811 -26.732330
v 14.985720 10.345814 -26.796860
v 14.546627 10.824787 -26.253357
v 15.025604 11.599789 -25.957336
v 14.482094 11.160698 -25.478363
v 15.025604 11.599789 -24.999374
v 15.800604 11.895813 -25.478363
v 15.767263 11.770794 -24.651611
v 14.961351 11.343758 -24.223648
v 15.749880 11.761944 -23.682556
v 14.903065 11.647156 -23.523651
v 14.914604 11.857037 -22.964233
v 15.765837 11.974922 -22.863327
v 15.383621 12.371880 -22.506180
v 14.444897 12.272812 -22.446060
v 14.914604 12.805805 -22.015472
v 14.154606 12.742519 -21.686066
v 13.684898 11.982517 -21.976364
v 13.621614 12.311924 -21.216354
v 14.154606 12.742519 -20.746658
v 14.880821 13.144020 -21.226440
v 15.202604 12.897144 -20.170029
v 14.444897 12.272812 -19.986649
v 15.527273 12.371815 -19.320023
v 14.805918 11.708080 -19.243652
v 15.519718 11.865208 -19.017853
v 15.119118 11.111805 -18.337097
v 15.880274 11.281815 -18.332031
v 15.469355 10.546700 -17.891708
v 16.229103 11.934414 -18.741806
v 15.946939 13.063465 -19.782928
v 15.568628 13.278034 -20.924973
v 16.158606 13.614521 -20.491653
v 16.448896 13.144814 -19.731644
v 16.918604 13.677807 -20.162247
v 16.918604 13.904812 -20.961349
v 17.678602 13.614521 -20.491653
v 17.678602 13.614521 -21.431061
v 16.918604 13.677807 -21.760468
v 17.388311 13.144814 -22.191055
v 16.448896 13.144814 -22.191055
v 16.158606 13.614521 -21.431061
v 15.614605 13.189053 -21.581665
v 15.816244 12.862789 -22.109573
v 16.198460 12.465832 -22.466736
v 16.465837 12.033207 -23.166733
v 16.556610 12.033665 -24.137939
v 16.589939 11.803085 -24.944412
v 15.800604 11.664322 -26.293243
v 15.196644 9.905567 -17.542221
v 14.685057 9.602524 -17.201126
v 14.684603 9.241795 -16.465378
v 13.909603 9.634624 -16.874237
v 13.942944 9.412800 -16.117615
v 13.134150 9.393433 -16.465103
v 13.382469 9.521320 -17.168961
v 12.434149 9.660809 -16.897720
v 13.430927 9.437153 -15.326477
v 12.558603 9.492825 -15.705490
v 11.743721 9.668182 -16.098007
v 11.686279 9.437153 -15.326477
v 10.844275 9.007191 -15.466644
v 10.844275 9.007191 -14.601410
v 10.370095 8.692585 -15.093109
v 10.370095 8.692585 -14.227875
v 9.567858 8.362186 -14.648819
v 9.505242 8.300846 -13.644028
v 8.954844 7.716759 -14.153275
v 8.765619 8.240883 -14.940536
v 8.234689 7.381817 -14.612411
v 7.826898 8.141815 -15.000656
v 8.296603 8.674809 -15.431244
v 7.386286 8.740299 -15.743073
v 6.731228 7.955814 -15.634979
v 6.298604 8.655815 -15.902359
v 6.964514 9.353313 -16.161530
v 5.583729 8.582142 -15.833023
v 5.838140 7.150833 -15.313004
v 5.115603 7.824699 -15.543701
v 4.926228 7.335823 -15.403854
v 5.165979 6.955677 -14.944046
v 4.436162 6.857189 -15.027298
v 4.111344 7.302090 -15.747360
v 4.493604 6.499920 -14.224609
v 3.551229 6.531857 -14.497314
v 3.519772 6.305805 -13.720261
v 2.589008 6.243458 -13.951141
v 2.576604 6.099789 -14.952332
v 1.959961 5.726505 -14.527298
v 1.910771 6.081638 -13.369141
v 1.345095 5.520580 -13.878860
v 0.958965 5.129986 -14.069138
v 0.662380 5.509693 -13.205353
v 0.246603 4.991520 -13.675064
v 0.000103 5.015144 -12.773682
v -0.361568 4.625591 -13.252991
v -0.223102 4.231518 -13.965363
v -0.812388 3.896145 -13.531616
v -0.680164 3.430950 -14.110229
v -1.423826 3.704033 -13.414536
v -1.767888 3.079296 -13.997467
v -1.152218 2.876240 -14.531189
v -2.240622 3.595192 -13.560623
v -2.561068 2.986816 -14.286682
v -3.086396 3.582924 -13.805099
v -3.611725 2.986816 -14.286682
v -3.936396 3.512142 -13.436691
v -4.461725 2.662144 -13.761353
v -3.980139 2.136816 -14.357468
v -4.461725 1.611486 -13.761353
v -4.786396 2.136816 -12.911362
v -4.648225 1.257038 -12.964188
v -4.087165 0.747305 -13.529861
v -4.483765 0.314682 -13.038956
v -4.087165 -0.117941 -13.529861
v -4.760942 -0.115427 -12.847229
v -4.519789 -0.817942 -13.797241
v -4.028877 -0.421341 -14.229858
v -4.766013 -1.147552 -14.602280
v -5.184051 -1.098269 -13.983170
v -5.757061 -1.727180 -14.502609
v -5.224815 -1.661877 -15.485352
v -6.211853 -2.500813 -14.838318
v -6.005968 -2.594875 -15.887405
v -5.639570 -2.089825 -16.177795
v -6.496879 -2.991476 -16.320038
v -6.456421 -2.681971 -17.092972
v -7.196878 -3.049763 -16.623428
v -7.156421 -2.740257 -17.396362
v -6.723797 -2.249348 -17.792969
v -6.429633 -1.730247 -18.077988
v -7.196878 -3.258852 -15.887405
v -6.496879 -2.991476 -15.454788
v -7.277414 -3.382042 -14.786987
v -7.977414 -3.440329 -15.090378
v -8.304067 -3.306097 -15.503052
v -9.004066 -3.247810 -15.199646
v -7.977414 -3.649418 -14.354355
v -7.277414 -3.382042 -13.921738
v -8.009254 -3.582424 -13.696228
v -8.618122 -3.584366 -13.880035
v -8.622732 -3.825912 -13.091309
v -9.428396 -3.654079 -13.542618
v -9.428396 -3.400185 -14.436356
v -10.278397 -3.724857 -13.911026
v -10.429230 -3.458357 -14.743576
v -9.552397 -3.180948 -15.190613
v -10.433838 -3.216812 -15.532303
v -11.226397 -3.644857 -15.098022
v -11.030407 -4.076859 -14.211899
v -11.811449 -4.401649 -14.651382
v -11.394890 -4.967213 -14.093384
v -12.160390 -5.101620 -14.621902
v -11.632808 -6.012379 -13.829117
v -12.540398 -6.100304 -14.222702
v -10.803725 -4.574856 -13.586349
v -9.953726 -4.250187 -13.061035
v -9.211162 -4.170883 -12.698624
v -7.922732 -3.558537 -12.658676
v -7.395777 -3.338938 -13.435898
v -7.482798 -3.054497 -12.375687
v -6.951421 -2.613346 -13.097946
v -6.531193 -2.050129 -12.063690
v -6.758740 -2.775089 -11.497055
v -6.132396 -2.417856 -11.037033
v -5.684438 -1.737755 -11.464493
v -5.282396 -2.347076 -10.668610
v -4.891878 -1.677132 -11.156570
v -4.582397 -2.288790 -10.365219
v -5.311722 -2.656673 -9.720413
v -4.582397 -2.288790 -9.499969
v -4.945494 -2.064011 -8.801804
v -5.282761 -3.060581 -8.808243
v -5.341048 -2.757181 -8.108246
v -5.067045 -1.915752 -8.099014
v -5.225204 -1.897345 -7.506363
v -5.731939 -2.587591 -7.231613
v -5.127117 -1.687090 -6.901428
v -5.645840 -2.487341 -6.453583
v -5.040552 -1.995871 -6.057770
v -5.516788 -2.715675 -5.813477
v -6.214077 -3.244936 -5.905014
v -5.025877 -2.319075 -5.380844
v -5.559633 -2.723965 -4.823730
v -6.211195 -3.363045 -5.018387
v -6.702106 -3.759645 -5.451019
v -6.383256 -3.597872 -4.372986
v -7.402106 -4.027021 -5.018387
v -6.812255 -4.094852 -4.052032
v -7.599508 -4.100882 -4.176880
v -8.334717 -3.812168 -4.707153
v -8.494396 -3.881479 -3.691650
v -9.446064 -3.379045 -3.878845
v -9.370278 -3.698421 -3.297989
v -9.848941 -2.939621 -3.384491
v -10.182087 -2.188135 -3.423965
v 4.352932 -9.336184 -7.774033
v 4.076838 -7.748201 -5.775360
v 3.595205 -9.301067 -7.391998
v 3.082980 -8.512045 -6.730911
v -9.932691 -1.415892 -3.365356
v -9.869408 -1.745296 -2.605362
v -10.692691 -1.706182 -3.835068
v -10.363285 -0.946184 -3.898346
v -11.162396 -0.946184 -4.125351
v -11.632102 -1.706182 -3.835068
v -11.046515 -2.358948 -3.468719
v -11.922397 -2.175890 -3.075058
v -10.970730 -2.678324 -2.887863
v -11.922397 -2.175890 -2.135651
v -11.162396 -2.239174 -1.806244
v -10.402396 -2.175890 -2.135651
v -10.636034 -1.780380 -1.305695
v -9.932691 -1.415892 -1.845352
v -10.146063 -1.055511 -1.028458
v -9.785311 -0.471802 -1.837784
v -9.642397 -0.946184 -2.605362
v -9.764782 -0.130051 -2.634796
v -9.932691 -0.476477 -3.365356
v -9.962582 0.772799 -3.076416
v -10.692691 -0.186186 -3.835068
v -11.162396 0.588951 -3.689255
v -11.632102 -0.186186 -3.835068
v -12.064726 0.513815 -3.567688
v -12.384140 0.044815 -3.352463
v -11.961508 -0.946184 -3.898346
v -12.392102 -1.415892 -3.365356
v -12.865726 -0.480515 -2.756363
v -12.455385 -1.745296 -2.605362
v -12.922907 -1.122070 -2.056747
v -12.512372 -1.839399 -1.703720
v -13.083397 -1.611513 -1.148682
v -12.233397 -1.936186 -0.623352
v -11.921281 -2.065176 -1.338409
v -11.393379 -1.863537 -1.012146
v -11.383396 -1.611513 -0.098022
v -10.757052 -1.254280 -0.558060
v -10.524943 -0.887178 -0.026230
v -11.614887 -1.236954 0.766159
v -10.562670 -0.874084 0.897385
v -9.825397 -0.468163 0.406662
v -9.761145 -0.212130 -0.369064
v -9.270233 0.184471 0.063553
v -8.930964 0.414354 -0.396118
v -9.517935 -0.039179 -1.137787
v -9.702857 -0.515530 -1.069061
v -9.003796 0.666634 -1.296921
v -9.576222 0.264221 -1.837784
v -9.553143 1.115747 -2.150803
v -8.798349 1.298817 -1.584061
v -9.166028 1.808769 -1.843613
v -9.884224 2.105589 -2.264999
v -10.022691 1.711523 -2.977356
v -10.492396 2.471523 -2.687057
v -10.782691 2.001816 -3.447067
v -10.453285 1.241816 -3.510345
v -11.252397 1.241816 -3.737350
v -11.722102 2.001816 -3.447067
v -12.051508 1.241816 -3.510345
v -12.482102 1.711523 -2.977356
v -12.734699 0.689669 -2.904419
v -13.032045 0.957247 -2.012024
v -13.278770 -0.092836 -2.060471
v -13.608726 0.289145 -1.473358
v -13.608726 -0.761515 -1.473358
v -14.042910 -0.281712 -0.709518
v -13.679502 -1.129929 -0.623352
v -13.691773 -0.885456 0.222412
v -13.083397 -1.611513 -0.098022
v -13.100280 -1.172836 0.639389
v -12.233397 -1.682293 0.270386
v -12.423738 -1.416819 0.991730
v -14.207669 -0.448616 0.614929
v -14.665836 0.244926 0.137741
v -14.938723 -0.246702 0.859940
v -14.615163 -0.594202 1.575638
v -15.315163 -0.861578 2.008270
v -14.615163 -0.803291 2.311661
v -13.915163 -0.861578 2.008270
v -14.729905 -1.048666 2.776535
v -15.429905 -1.106953 2.473129
v -15.293078 -1.730946 3.197952
v -14.257172 -1.564560 3.213364
v -14.649685 -2.080456 3.650208
v -13.734193 -2.263493 3.790878
v -13.251325 -1.955618 3.534943
v -13.411396 -1.552292 2.968903
v -12.700563 -2.479179 3.984375
v -12.195178 -1.963285 3.547546
v -12.547397 -1.594994 2.619537
v -13.322396 -1.202162 2.210663
v -12.580737 -1.373169 1.862900
v -11.772396 -1.202162 2.210663
v -11.772396 -1.202162 1.345413
v -11.300396 -0.919279 1.259155
v -10.737977 -0.366468 2.257019
v -10.600397 -0.651903 1.691772
v -10.037977 -0.308182 1.953613
v -9.825397 -0.468163 1.364624
v -9.125397 -0.200787 1.797241
v -9.229360 -0.128214 0.844437
v -8.614564 -0.041014 1.218857
v -8.570233 0.242758 0.366959
v -7.861732 0.246542 0.753586
v -8.230964 0.472641 -0.092712
v -7.463397 0.538815 -0.354355
v -8.222281 0.730734 -0.885284
v -7.463397 0.765825 -1.153473
v -7.933102 1.298817 -1.584061
v -6.993690 1.298817 -1.584061
v -7.463397 2.058815 -1.874359
v -6.638164 2.073536 -1.746353
v -6.993690 2.818813 -1.584061
v -7.945174 2.855824 -1.694031
v -8.675789 2.583839 -1.449570
v -8.372389 3.283840 -1.391281
v -9.108413 3.283840 -1.182190
v -9.541037 2.583839 -1.449570
v -9.914532 3.349602 -1.393250
v -10.413670 2.891033 -1.840820
v -9.619705 4.091866 -1.374969
v -8.675789 3.983841 -1.449570
v -9.109102 4.573818 -1.786057
v -9.869102 4.864113 -1.316360
v -10.037011 4.517681 -0.585800
v -9.852397 3.725716 -0.682220
v -10.172672 4.140873 0.114487
v -10.119773 3.293091 0.017776
v -10.061485 2.989693 -0.682220
v -10.552397 2.593090 -0.249603
v -10.552397 2.593090 -1.114853
v -11.252397 2.325714 -0.682220
v -11.252397 2.534805 -1.418243
v -12.040229 2.382641 -0.444138
v -12.012397 2.471523 -1.747650
v -11.252397 2.761814 -2.217361
v -12.012397 2.471523 -2.687057
v -11.252397 2.534805 -3.016464
v -12.545385 2.040928 -2.217361
v -12.580478 1.772747 -1.458466
v -12.638765 2.076147 -0.758469
v -13.152777 1.264736 -1.133865
v -13.471155 1.397758 -0.633438
v -13.775045 0.676247 -0.729019
v -14.171155 1.130381 -0.200821
v -13.617085 2.017904 0.153046
v -14.599102 1.822815 0.213943
v -14.928508 1.062815 0.150650
v -15.419211 1.531832 0.584579
v -15.722611 0.831831 0.526291
v -15.278755 0.206816 0.646500
v -16.144003 0.206816 0.646500
v -16.587860 0.831831 0.526291
v -16.923868 0.048706 0.164459
v -16.447403 -0.493185 0.704788
v -16.141300 -1.016113 1.132919
v -16.911522 -1.475214 0.663528
v -16.484066 -1.743515 1.326645
v -15.968245 -1.562771 1.934464
v -16.317747 -2.130617 2.070984
v -16.123627 -2.189695 2.790131
v -16.447302 -2.908699 2.593643
v -15.796524 -2.773556 3.210831
v -16.050701 -3.341322 3.084549
v -15.469420 -3.357418 3.631531
v -15.059553 -2.718937 3.640869
v -14.733397 -3.357418 3.840622
v -14.102205 -2.963493 3.953720
v -13.647286 -3.668676 4.135162
v -13.165840 -3.179180 4.251755
v -12.942299 -3.404036 5.077637
v -13.151387 -4.140059 5.077637
v -13.191190 -3.843943 6.007767
v -12.451387 -3.007435 5.510269
v -12.758566 -3.143942 6.275146
v -11.917397 -2.822643 5.977921
v -11.823629 -2.474577 5.382263
v -11.903397 -2.345512 4.424316
v -11.277052 -1.988279 4.884338
v -11.378068 -1.495514 4.099640
v -10.609628 -1.713696 5.095139
v -10.162991 -0.955704 4.839157
v -10.945444 -0.795513 3.832260
v -11.566422 -1.258549 3.260956
v -11.228889 -0.763069 2.689636
v -10.737977 -0.366468 3.122269
v -10.488262 -0.510069 4.012878
v -9.788262 -0.242693 3.580246
v -10.037977 -0.099092 2.689636
v -9.372280 -0.309460 3.086014
v -9.012194 -0.494198 4.092422
v -8.672279 -0.576836 3.518646
v -8.537978 -0.463758 2.917313
v -8.667397 -0.179186 2.098648
v -7.708560 -0.597528 2.696564
v -7.861732 0.037453 1.489609
v -7.290277 -0.071638 1.845657
v -7.557653 0.360985 1.145645
v -6.646837 0.407879 1.564819
v -6.703396 0.829109 0.980591
v -6.003397 0.887396 1.283997
v -6.003397 1.096485 0.547974
v -6.703396 0.829109 0.115341
v -5.907382 1.008698 -0.409012
v -6.703396 0.829109 -0.824066
v -6.166783 1.495985 -1.197464
v -5.453879 1.533392 -0.860275
v -5.747064 2.007774 -1.627853
v -4.679397 1.587486 -1.401688
v -5.285581 2.492802 -1.824615
v -6.196442 2.817699 -1.473343
v -5.231500 3.521030 -1.869461
v -6.391397 4.043816 -1.292358
v -6.561067 3.518814 -1.316681
v -7.127420 4.043816 -1.501450
v -7.463397 3.593948 -1.438263
v -6.613557 4.864799 -1.206329
v -7.349581 4.864799 -1.415421
v -8.169691 4.573818 -1.786057
v -7.760902 5.309998 -1.915436
v -8.681156 5.266251 -2.200821
v -8.128334 5.753025 -2.689056
v -8.837106 5.952488 -2.542847
v -9.438507 5.333817 -1.849350
v -9.202227 6.176929 -1.852966
v -9.869102 5.803520 -1.316360
v -9.482507 6.630428 -1.119186
v -10.037011 6.149952 -0.585800
v -10.159396 5.333817 -0.556351
v -10.226051 5.765636 0.255478
v -10.016481 4.859432 0.211212
v -10.360896 5.391758 0.983444
v -10.283857 4.426807 0.911209
v -10.834534 5.058834 1.546585
v -10.983858 4.159431 1.343842
v -10.516373 3.725716 0.508682
v -11.230103 3.460812 0.858932
v -10.819773 3.025715 0.450394
v -11.554772 3.102825 0.721146
v -11.252397 2.534805 0.053802
v -11.987396 2.611916 0.324539
v -12.554705 3.112537 0.741165
v -13.104773 2.628769 0.610321
v -12.837397 2.196146 -0.089691
v -13.537395 3.328770 0.877686
v -14.067904 2.520779 0.580368
v -14.548053 2.813744 0.988922
v -14.980677 2.322834 0.592331
v -15.413301 2.813744 0.988922
v -14.922014 3.672337 1.271469
v -15.729294 3.574032 1.039536
v -16.237654 3.015816 0.586533
v -16.587860 2.231833 0.526291
v -17.131397 3.015816 0.332642
v -17.687725 2.205544 0.516830
v -16.891258 1.531832 0.584579
v -16.155235 1.531832 0.793671
v -18.043827 1.510151 0.490997
v -17.340065 0.904240 0.163361
v -18.391138 0.999485 0.151962
v -17.823067 0.356813 -0.231689
v -18.873726 0.356813 -0.231689
v -17.930454 -0.123476 -0.573608
v -17.454655 -0.493185 -0.302460
v -17.851254 -0.925808 -0.793381
v -18.449421 -0.603186 -0.988327
v -18.113514 -1.378185 -1.052872
v -17.617767 -1.852020 -0.614487
v -18.382895 -1.903185 -1.107742
v -17.903654 -2.603186 -0.704468
v -17.271061 -2.135061 -0.130676
v -17.422068 -3.128515 -0.108353
v -18.272068 -3.453184 -0.633682
v -17.854069 -4.014637 0.087631
v -17.313145 -3.533129 0.638931
v -16.898420 -3.014162 1.118637
v -16.775600 -2.102562 1.042740
v -16.505589 -2.605299 1.893646
v -16.833889 -3.350069 1.893646
v -17.254856 -3.836529 1.338928
v -17.192747 -4.227507 1.933975
v -16.775600 -3.653469 2.593643
v -16.955887 -4.398054 2.867249
v -16.255886 -4.130676 3.299881
v -16.559286 -4.830677 3.358170
v -15.823262 -4.830677 3.567245
v -15.201521 -4.114861 3.551315
v -14.733397 -4.987185 3.377640
v -14.208068 -4.137186 3.702316
v -13.839654 -4.987185 3.631531
v -13.358068 -4.461855 4.227646
v -13.358068 -5.512514 4.227646
v -13.033397 -4.987185 5.077637
v -13.287291 -5.880928 5.077637
v -13.358068 -5.512514 5.927643
v -13.185122 -4.483559 5.892532
v -13.733210 -4.977592 6.639313
v -13.458566 -4.276566 6.707779
v -13.809407 -4.599297 7.424637
v -13.484447 -3.862099 7.424637
v -13.249477 -3.540543 6.707779
v -12.758566 -3.143942 7.227646
v -13.038216 -3.121063 7.793365
v -12.053808 -2.839691 7.813797
v -12.058566 -2.876566 6.707779
v -11.217396 -3.033184 7.227646
v -11.217396 -2.764357 6.281326
v -10.317396 -2.689415 6.671417
v -10.608068 -2.260506 5.747986
v -9.769108 -1.894226 6.158051
v -10.068748 -1.236616 5.607986
v -9.368748 -0.969238 6.040604
v -9.636124 -0.536615 5.340607
v -8.936124 -0.478329 5.643997
v -8.936124 -0.269239 4.907974
v -9.712193 -0.494198 4.395813
v -8.408560 -0.330153 4.773361
v -7.708560 -0.597528 5.205978
v -7.708560 -0.597528 4.340729
v -8.408560 -0.539242 4.037338
v -7.749434 -0.910213 3.518646
v -7.153396 -1.250162 3.997620
v -7.153396 -1.250162 3.039673
v -6.378397 -1.546185 3.518646
v -6.378397 -1.314695 2.703766
v -6.857373 -0.771185 2.264664
v -5.899420 -0.771185 2.264664
v -5.392556 -1.364220 3.066299
v -4.648067 -0.782183 2.676315
v -5.316722 -0.054966 2.171188
v -5.570773 0.396486 1.680603
v -4.669771 0.443844 1.839386
v -4.669771 0.652933 1.103363
v -5.303397 0.829109 0.980591
v -4.451280 0.712166 0.385635
v -5.086267 1.011013 -0.255325
v -4.316520 0.815559 -0.911133
v -3.960369 0.315565 -0.046982
v -4.018656 0.012165 -0.746979
v -3.979396 0.454863 -1.834305
v -4.015282 1.262045 -1.998489
v -3.508165 0.352325 -2.575867
v -3.363717 1.235535 -2.651367
v -3.596998 2.147932 -2.633728
v -4.354725 2.112816 -2.251694
v -3.829396 2.962814 -2.576355
v -4.723139 2.962814 -2.322464
v -4.354725 3.812813 -2.251694
v -3.471322 3.898731 -2.727921
v -4.015282 4.663582 -1.998489
v -4.715281 4.396206 -1.565872
v -4.411881 5.096207 -1.507584
v -5.147905 5.096207 -1.298492
v -5.455147 4.158699 -1.408005
v -5.887771 4.858700 -1.140640
v -5.431468 6.048195 -1.384537
v -6.434789 5.912678 -1.007858
v -6.004637 6.483986 -1.419861
v -6.867413 6.612679 -1.275238
v -7.170812 5.912678 -1.216949
v -7.656796 6.290379 -1.807098
v -7.134789 7.045300 -1.975235
v -7.804468 6.538857 -2.606339
v -7.329393 6.937737 -3.099609
v -7.804301 6.318279 -3.395279
v -8.490993 6.739399 -2.599228
v -8.536668 6.924702 -3.047089
v -8.525451 6.329750 -3.406387
v -8.440726 7.576553 -2.832550
v -8.649002 6.976753 -1.735962
v -8.649002 7.842003 -1.735962
v -9.145323 7.343334 -1.081772
v -9.448723 8.043335 -1.140060
v -9.912891 7.050148 -0.607391
v -10.476289 8.133926 -0.804794
v -10.244761 7.429214 0.104767
v -10.035672 6.693192 0.104767
v -10.303048 7.125816 0.804764
v -10.303048 6.260567 0.804764
v -10.699648 6.693192 1.295670
v -10.890508 5.935814 1.490646
v -11.618423 6.599335 1.880219
v -11.900943 5.865551 1.809036
v -11.570558 5.058834 1.755661
v -12.306581 5.058834 1.546585
v -12.003181 4.358833 1.488297
v -12.797285 4.589817 1.112656
v -12.493885 3.889816 1.054367
v -13.122013 3.822250 1.028564
v -13.596396 4.589817 0.885635
v -14.127327 3.830933 1.077560
v -14.395507 4.589817 1.112656
v -14.066102 5.349815 1.175934
v -14.863351 5.348701 1.286652
v -15.220396 4.462070 1.310501
v -15.379966 5.363480 1.196991
v -16.045286 4.334324 1.090164
v -16.201344 5.315258 0.935272
v -17.004084 4.559849 0.648911
v -16.606068 3.865814 0.657318
v -17.454845 3.773258 0.229263
v -18.018921 4.181797 0.057541
v -18.578701 3.575470 0.549545
v -18.080334 2.956749 0.513550
v -18.818371 3.048870 1.066284
v -18.490082 2.255974 1.042465
v -18.952251 3.150822 1.567642
v -18.693226 2.136036 2.085480
v -18.754345 1.444448 1.037430
v -18.673046 1.238138 2.138306
v -19.305996 0.966360 1.608917
v -19.198397 0.882143 0.618317
v -19.794502 0.400558 1.143646
v -19.831757 0.115847 0.337982
v -20.246904 -0.563301 0.265640
v -19.703396 -0.124208 -0.213333
v -19.306349 -0.134096 -0.628281
v -19.407372 -0.603186 -0.988327
v -20.182373 -0.899208 -0.509354
v -19.743279 -1.378185 -1.052872
v -18.928396 -1.378185 -1.284363
v -19.472343 -2.144867 -1.088318
v -20.242081 -2.013863 -0.348740
v -19.926338 -2.632895 -0.573608
v -18.751871 -2.689346 -1.067871
v -19.322725 -3.453184 -0.633682
v -20.172726 -3.128515 -0.108353
v -19.681889 -4.039928 0.106796
v -18.862701 -4.079529 -0.276459
v -18.663395 -4.490301 0.223984
v -19.082083 -5.000175 0.176971
v -18.178068 -5.194912 0.523819
v -17.672098 -4.384335 0.568466
v -17.460123 -4.660130 1.233978
v -17.359066 -5.479855 1.189636
v -17.208004 -4.961716 2.050613
v -16.924883 -5.959658 1.953476
v -16.920448 -5.426991 2.803452
v -16.545494 -6.245369 2.843216
v -16.243294 -5.590967 3.307541
v -15.469420 -6.616951 3.631531
v -15.289446 -5.864847 3.558228
v -14.647911 -6.496181 4.112381
v -14.208068 -5.837183 3.702316
v -13.883397 -6.362513 4.552307
v -14.114049 -6.757368 5.002640
v -13.747964 -6.401880 5.575577
v -14.938537 -6.881498 4.604263
v -14.671161 -7.314121 5.304260
v -13.689676 -7.570526 6.275574
v -13.518420 -7.296808 6.659042
v -13.576708 -6.128162 5.959045
v -13.773588 -6.221136 7.253983
v -13.715301 -5.917736 6.553986
v -14.018496 -5.335320 7.424637
v -13.774315 -5.803162 8.183533
v -13.983403 -5.067139 8.183533
v -14.033499 -5.325672 8.949142
v -14.209181 -4.701824 8.774612
v -13.872690 -4.269892 8.184647
v -14.209181 -3.836578 8.774612
v -13.751120 -3.367561 8.259781
v -13.809407 -3.064161 8.959778
v -13.318496 -2.667561 8.527161
v -13.318496 -2.667561 9.392395
v -12.618496 -2.400185 8.959778
v -12.618496 -2.609274 8.223755
v -11.833380 -2.651161 9.282806
v -11.217396 -2.764357 8.173965
v -11.217396 -2.555267 8.909988
v -10.385742 -2.593725 8.616089
v -10.380984 -2.839691 7.813797
v -10.160397 -2.564606 9.395737
v -10.927078 -2.600058 9.666672
v -10.160397 -2.773695 10.131760
v -9.460397 -2.831982 9.828354
v -9.252533 -2.948299 8.933365
v -8.969485 -3.228582 9.395737
v -8.528773 -3.501455 8.430862
v -8.516502 -3.745928 9.276642
v -7.920396 -4.227512 8.751312
v -7.252981 -3.858210 7.632797
v -8.082397 -3.415415 7.189407
v -8.886806 -3.055637 7.851318
v -8.657646 -2.663849 6.746643
v -9.384607 -2.649187 7.120621
v -8.864736 -1.959185 6.423569
v -8.128713 -1.959185 6.214478
v -8.467806 -1.114212 6.098389
v -7.975936 -1.030151 5.905975
v -7.672536 -1.730152 5.964264
v -7.275936 -1.297529 5.473358
v -7.182396 -2.100353 5.834885
v -6.662525 -1.609444 5.438278
v -7.217649 -0.994129 4.773361
v -6.520461 -1.417130 4.513519
v -5.988280 -1.689548 5.291290
v -5.988280 -1.480459 4.555267
v -5.147758 -1.803547 5.056793
v -5.090316 -1.641176 4.220657
v -4.097819 -1.984581 4.808731
v -4.244095 -1.669914 4.268875
v -4.323397 -1.307512 3.526321
v -3.727290 -0.825928 4.051651
v -3.761945 -0.586193 3.108322
v -3.473397 0.067816 4.051651
v -3.206020 -0.364807 3.351639
v -3.324011 0.482319 3.351639
v -2.739546 0.031082 2.716751
v -3.351262 -0.059782 2.654282
v -4.144205 -0.082567 2.293442
v -3.969771 0.385557 1.535995
v -2.669672 0.203440 1.836761
v -3.206396 0.320814 1.319641
v -4.021279 0.472540 0.816025
v -3.321280 0.205164 0.383392
v -2.507396 0.362814 1.142639
v -2.296329 0.217524 0.291321
v -2.940020 -0.337185 0.010025
v -3.704539 -0.337185 -0.452957
v -3.401139 -1.037186 -0.511246
v -4.033731 -0.569061 -1.085037
v -3.882725 -1.562515 -1.107361
v -4.207397 -1.037186 -1.957352
v -4.069225 -0.157406 -2.010193
v -3.882725 -0.511856 -2.807358
v -4.264760 -1.269583 -2.772232
v -3.739048 -0.844181 -3.459244
v -3.428601 0.063000 -3.386307
v -3.439215 -0.358856 -4.154633
v -2.908829 0.499512 -3.842285
v -2.967117 0.802912 -3.142288
v -2.507393 1.282078 -3.530838
v -2.742116 1.767532 -2.810654
v -1.933444 2.229572 -3.354294
v -2.330045 2.662197 -2.863388
v -3.174740 2.467533 -2.543289
v -2.469087 3.701355 -3.233337
v -1.955204 3.513382 -3.537476
v -11.274340 7.658733 1.326645
v -11.667767 8.361198 0.725998
v -11.240297 8.110786 0.425446
v -11.921823 7.299335 1.821930
v -12.556748 8.409977 1.321289
v -12.787070 7.299335 1.821930
v -12.354446 6.599335 2.089310
v -13.090469 6.599335 1.880219
v -12.787070 5.899334 1.821930
v -13.596396 5.939793 1.512436
v -13.126691 5.349815 1.175934
v -14.065413 6.639793 1.779800
v -14.722689 6.001637 1.488403
v -14.801436 6.639793 1.570709
v -15.736069 6.068089 1.222824
v -15.831450 6.873135 1.062683
v -16.524796 6.072701 0.981277
v -16.854652 6.864365 1.011032
v -17.287277 6.164364 0.743652
v -17.111294 5.610035 0.574539
v -17.988068 5.901814 0.192307
v -17.619654 5.051815 0.121536
v -18.513397 5.051815 -0.132355
v -19.038725 5.901814 0.192307
v -19.407139 5.051815 0.121536
v -19.038725 4.201817 0.192307
v -19.888725 4.526485 0.717636
v -19.363396 3.676487 1.042313
v -19.959503 4.158073 1.567642
v -19.474831 3.598568 2.063065
v -20.023561 4.478237 2.437027
v -19.572388 4.350933 2.928406
v -18.981403 3.360302 2.745911
v -18.947048 2.944817 2.147522
v -18.506725 2.490486 2.882645
v -18.533165 2.995304 3.157150
v -18.265789 2.562679 3.857147
v -18.239349 2.057863 3.582642
v -18.405670 1.670761 2.838303
v -18.448437 1.321840 3.582642
v -18.614758 0.934738 2.838303
v -19.105669 0.538137 3.270935
v -19.105669 0.538137 2.405685
v -19.805668 0.270761 2.838303
v -19.805668 0.479851 2.102280
v -20.686325 0.105536 2.682541
v -20.269213 -0.304760 1.787979
v -20.602900 -0.505562 2.118637
v -20.308941 -0.886211 1.225479
v -20.607975 -1.518871 2.187576
v -20.345673 -2.099560 1.556534
v -20.478395 -1.378185 0.265640
v -20.497396 -2.603186 0.741638
v -20.367765 -3.051928 1.726440
v -20.359226 -3.482964 0.688812
v -20.180771 -3.733067 1.896362
v -20.443735 -4.250679 1.017792
v -20.389858 -4.469090 1.896362
v -20.767591 -5.045517 0.838272
v -20.042723 -4.768290 0.348312
v -20.403103 -5.585186 0.134933
v -19.451618 -5.548176 0.024963
v -19.933395 -6.345184 -0.155350
v -19.134285 -6.345184 0.071655
v -18.643345 -5.947742 0.236267
v -18.429379 -6.871159 0.576035
v -17.840652 -6.005184 0.593536
v -17.359066 -6.530514 1.189636
v -17.884396 -7.380512 1.514313
v -17.192747 -6.917616 1.933975
v -17.833454 -7.690622 2.196198
v -16.921772 -7.455324 2.424332
v -16.644886 -6.783562 2.387741
v -16.248287 -7.216185 2.878647
v -16.577690 -7.976183 2.941940
v -15.817691 -7.685892 3.411636
v -16.287395 -8.445890 3.701935
v -15.664503 -8.056137 4.133102
v -15.429448 -7.278099 4.171646
v -15.371161 -7.581499 4.871643
v -15.441711 -8.477959 4.889648
v -14.974561 -8.014122 5.362549
v -14.878539 -9.026144 5.319565
v -14.219337 -9.082005 5.320435
v -14.025585 -7.824148 5.855896
v -13.722185 -8.524149 5.797623
v -13.284420 -9.120186 5.457672
v -12.509420 -9.416208 5.936646
v -12.948513 -9.895185 5.393127
v -12.509420 -10.374163 5.936646
v -12.090404 -9.895185 6.636185
v -12.351148 -9.047838 6.644958
v -12.126068 -9.082855 7.132645
v -12.416709 -8.285240 6.953995
v -11.906191 -8.795124 7.532455
v -12.043421 -7.860209 7.570648
v -12.818420 -7.564186 7.091660
v -12.522396 -7.085209 7.866669
v -13.282677 -6.617737 7.686615
v -12.384888 -6.879416 8.324127
v -13.090568 -6.269150 8.708679
v -12.153397 -6.504856 9.188309
v -13.003397 -6.180183 9.713638
v -13.703397 -5.912807 9.281021
v -13.703397 -5.912807 10.146271
v -14.194307 -5.516207 9.713638
v -14.193905 -4.952799 10.741684
v -14.432339 -4.650181 9.877670
v -14.193905 -4.087553 10.741684
v -14.476557 -4.269201 9.474625
v -14.267468 -3.533178 9.474625
v -13.761281 -3.387552 10.474319
v -13.623985 -3.027557 9.811340
v -13.061281 -3.329266 10.777710
v -12.694954 -2.734762 9.857315
v -12.302397 -3.294174 10.509537
v -11.833380 -2.860250 10.018829
v -11.542397 -3.230890 10.838943
v -10.927078 -2.809147 10.402695
v -10.767262 -3.085085 11.308640
v -10.160397 -3.005184 10.946640
v -10.160397 -3.214273 11.682663
v -9.592531 -3.038069 11.842667
v -9.526464 -3.099174 10.775269
v -8.892530 -2.770693 11.410034
v -8.892530 -2.979782 10.674011
v -8.099588 -3.002567 11.034851
v -8.481848 -3.506193 10.219971
v -7.595725 -3.702183 10.651978
v -7.920396 -4.227512 9.801971
v -7.070396 -4.298290 10.170395
v -7.070396 -4.552185 9.276642
v -6.220397 -4.227512 9.801971
v -6.242372 -4.339283 8.673843
v -7.070396 -4.298290 8.382904
v -6.326138 -3.753235 7.759140
v -5.626138 -3.694946 8.062546
v -5.500389 -3.386139 7.198532
v -6.302361 -3.495104 7.045288
v -5.758482 -2.802656 6.408096
v -6.626166 -2.859184 6.289413
v -7.182396 -3.490356 6.799332
v -7.738627 -2.859184 6.289413
v -6.229901 -2.100353 5.834885
v -5.555656 -2.180458 5.687897
v -4.768466 -2.938757 6.037308
v -4.428462 -2.624937 5.556442
v -4.181588 -1.442101 5.781403
v -3.714562 -2.001705 6.018066
v -3.453306 -2.271658 5.549637
v -3.645757 -1.064760 4.962173
v -4.484987 -0.742100 5.723114
v -3.671271 -0.517498 5.057632
v -4.881588 -1.174723 6.214020
v -4.881588 -0.309477 6.214020
v -4.535054 0.273729 6.207809
v -4.939875 -0.006077 6.914032
v -4.555453 0.658354 6.711029
v -4.968355 0.128885 7.460648
v -4.613740 0.961754 7.411026
v -4.122829 1.358355 6.978409
v -4.122829 1.358355 7.843643
v -3.430397 1.773109 7.406357
v -3.331332 1.712999 6.467621
v -3.580878 1.286482 5.694687
v -3.882420 0.616838 5.652649
v -3.586397 1.095816 4.877640
v -3.625121 0.571442 4.866531
v -3.570784 1.099867 4.176651
v -3.698678 1.901953 4.877640
v -3.893682 2.099674 4.267914
v -3.407953 1.467878 3.476654
v -3.835394 2.403072 3.567917
v -3.115344 2.078255 3.123016
v -2.927411 0.914942 2.860733
v -2.312654 2.020815 2.765747
v -2.007420 0.807766 2.418686
v -1.713457 1.554115 2.234604
v -1.449033 0.781166 2.134521
v -1.644567 1.141037 1.266815
v -1.506396 2.020815 1.319641
v -1.831068 1.495485 0.469650
v -2.098444 1.062862 -0.230362
v -1.980011 1.683065 -0.176361
v -2.038298 1.379665 -0.876358
v -1.831068 0.630239 -0.930359
v -1.817886 -0.151300 -0.523972
v -1.117886 -0.418678 -0.956589
v -1.578318 -0.944244 -0.152420
v -2.074773 -0.337185 0.010025
v -2.507396 -1.037186 -0.257355
v -0.685262 -0.909588 -0.559982
v -1.374773 -1.469809 0.442642
v -2.011975 -1.998619 -0.504105
v -3.032725 -1.887184 -0.582031
v -2.507396 -2.483292 -1.063614
v -3.357396 -2.412514 -1.432022
v -2.880437 -3.011457 -1.744919
v -3.624773 -2.845137 -2.132034
v -4.049045 -1.949617 -1.851685
v -4.625486 -2.443272 -2.477432
v -4.057396 -3.545137 -2.399399
v -5.073508 -3.263186 -2.647369
v -5.504102 -2.793478 -3.180359
v -5.034396 -2.033480 -3.470657
v -4.543485 -1.636879 -3.038025
v -4.171671 -1.544182 -3.726608
v -5.034396 -2.033480 -4.410065
v -4.341964 -1.618725 -4.847366
v -3.680760 -1.147581 -4.159241
v -3.739048 -0.844181 -4.859238
v -4.434138 -1.565042 -5.435318
v -3.996679 -0.787807 -5.696930
v -3.674163 -0.469809 -5.192963
v -3.183252 -0.073208 -4.760345
v -3.241539 0.230192 -5.460342
v -2.972669 0.529245 -4.683640
v -2.956827 1.035856 -5.423080
v -2.393257 1.334204 -5.098831
v -2.481758 0.925846 -4.251022
v -2.186178 1.655918 -5.995255
v -1.253733 1.317825 -5.441910
v -1.425888 1.605297 -4.839203
v -1.983829 1.731510 -3.943283
v -0.912911 1.825809 -4.410614
v -1.417900 2.698811 -4.073074
v -0.592448 2.254446 -3.551575
v -1.027000 3.364117 -3.441345
v -1.360287 3.383469 -3.737732
v -13.079523 9.428440 0.730255
v -12.786310 9.315948 0.330475
v -12.239878 8.775185 0.567871
v -13.138607 9.625725 -0.092407
v -13.779523 9.486725 1.033661
v -13.346899 8.995815 1.430252
v -14.212147 8.995815 1.430252
v -13.779523 8.295815 1.697632
v -13.043499 8.295815 1.488541
v -13.436022 7.480930 1.731369
v -14.328745 7.165981 1.745605
v -14.515547 8.295815 1.488541
v -15.064769 7.165981 1.536514
v -15.423213 7.732121 1.192780
v -14.982512 8.524422 1.229126
v -16.001884 8.339817 0.711548
v -16.375397 7.639816 0.866638
v -16.652557 8.072800 0.795670
v -17.388580 8.072800 0.586578
v -17.104563 8.955997 0.480087
v -17.879284 8.541817 0.152649
v -18.208691 7.781818 0.215942
v -17.590677 6.864365 0.801941
v -18.595896 6.844131 0.346176
v -19.148102 7.781818 0.215942
v -19.555290 7.258110 0.903687
v -19.555290 6.392860 0.903687
v -19.951889 6.825485 1.394608
v -20.255291 6.125484 1.336319
v -19.888725 5.577145 0.717636
v -20.420607 4.888371 1.286545
v -21.559448 5.483208 1.480331
v -21.143806 6.155792 1.397186
v -22.002285 6.301815 1.167648
v -22.331690 5.541817 1.230942
v -22.004387 4.962132 1.978867
v -21.266262 5.217915 2.460648
v -20.566261 4.950535 2.028015
v -20.770729 5.287773 2.909103
v -22.041397 5.072109 2.930344
v -21.494514 5.359539 3.933273
v -20.770729 5.496864 3.645126
v -20.070728 5.229488 3.212509
v -20.070728 5.229488 4.077744
v -19.579819 4.832886 3.645126
v -19.617226 4.495701 4.358032
v -19.105434 4.065319 3.938309
v -19.113281 3.952442 4.820312
v -18.622370 3.555843 4.387695
v -18.474876 3.298702 3.857147
v -18.990772 3.735542 3.384415
v -18.680656 3.252445 5.087692
v -19.380657 3.519821 5.520309
v -19.077257 2.819820 5.578598
v -18.777380 2.168194 5.083511
v -18.533165 2.130056 4.557144
v -18.506725 1.625240 4.282639
v -19.306726 1.249193 4.811935
v -18.939350 0.925240 4.015274
v -19.373512 0.877466 4.329636
v -20.073513 0.819180 4.633041
v -20.078121 0.577633 3.844315
v -20.854563 0.762791 4.566391
v -20.888397 0.507923 3.506897
v -21.738396 0.437143 3.875320
v -21.413727 -0.088186 3.025314
v -22.277908 -0.319677 3.399872
v -21.768175 -0.885353 2.838821
v -20.999500 -0.938185 2.609543
v -21.414211 -1.442371 2.755356
v -22.251396 -1.485186 3.030640
v -21.745672 -2.099560 2.956528
v -21.009647 -2.099560 2.747437
v -21.148148 -3.033066 3.028992
v -20.613049 -2.603186 2.256531
v -20.448147 -3.300444 2.596375
v -20.844746 -3.733067 3.087280
v -20.448147 -4.165689 2.596375
v -21.348373 -4.547951 3.398544
v -20.923750 -5.211714 2.866135
v -20.842972 -5.169670 2.020645
v -21.163103 -5.875477 2.124649
v -21.226387 -5.546072 1.364639
v -21.453396 -6.345184 1.364639
v -21.163103 -5.875477 0.604645
v -21.163103 -6.814892 0.604645
v -20.732506 -6.345184 0.071655
v -20.403103 -7.105183 0.134933
v -20.693398 -7.574890 0.894943
v -19.933395 -7.638174 0.565536
v -19.463692 -7.105183 0.134933
v -19.173397 -7.574890 0.894943
v -19.933395 -7.865185 1.364639
v -18.950111 -7.713726 1.939331
v -19.933395 -7.638174 2.163757
v -19.156837 -7.706648 2.540771
v -18.289347 -7.825703 2.455307
v -18.734396 -7.914274 2.775665
v -18.289347 -8.034792 3.191330
v -17.516413 -8.075251 2.881821
v -17.807396 -8.445890 3.701935
v -17.047398 -8.509174 3.372528
v -17.047398 -8.736185 4.171646
v -17.807396 -8.445890 4.641342
v -17.047398 -8.509174 4.970749
v -16.212261 -8.567461 4.604263
v -16.220654 -8.442116 5.369873
v -16.614773 -8.051319 5.522919
v -17.517101 -7.976183 5.401352
v -17.089155 -7.283751 5.816101
v -16.361439 -7.330456 6.090073
v -16.794062 -6.839546 6.486679
v -16.073881 -6.865181 6.842911
v -15.661438 -7.597834 6.522690
v -15.353702 -7.099905 7.328354
v -15.363062 -8.072300 7.290512
v -15.410203 -8.353025 6.711639
v -15.520653 -8.709494 5.802505
v -15.201115 -9.089048 6.711639
v -15.140192 -9.462563 5.860733
v -15.313396 -9.895185 6.711639
v -15.017372 -10.374163 5.936646
v -14.578279 -9.895185 5.393127
v -14.242373 -10.670185 5.457672
v -13.763396 -9.895185 5.161636
v -13.284420 -10.670185 5.457672
v -13.763396 -11.213696 5.896759
v -12.988396 -11.149162 6.232666
v -13.763396 -11.445185 6.711639
v -12.904088 -11.383854 7.357285
v -12.444888 -10.710070 6.711639
v -12.386600 -11.013470 7.411636
v -11.985579 -10.164513 7.172379
v -11.939568 -10.487965 7.929810
v -11.801396 -9.608185 7.982651
v -11.900396 -10.598185 8.871643
v -11.753263 -9.455772 8.927536
v -11.959677 -9.598280 9.511566
v -11.557290 -8.773928 9.713638
v -11.493291 -8.374660 8.843628
v -11.303396 -7.880184 9.713638
v -11.628068 -7.354855 8.863647
v -11.885148 -7.491838 8.278961
v -11.557290 -6.986441 9.713638
v -11.628068 -7.354855 10.563644
v -12.153397 -6.504856 10.238968
v -12.395948 -6.770491 11.093338
v -13.002396 -5.942669 10.943329
v -12.881290 -6.067442 11.739639
v -13.090379 -5.331419 11.739639
v -13.464462 -5.231422 11.192505
v -12.950363 -4.680487 11.816620
v -13.797304 -4.520176 11.232605
v -12.804020 -4.854328 12.631622
v -12.371396 -4.154327 12.364243
v -12.735020 -4.110044 11.643326
v -13.493904 -3.820175 11.174316
v -12.302397 -3.619135 11.246735
v -11.961349 -3.661560 12.078308
v -11.467261 -3.352461 11.741272
v -11.261349 -3.603273 12.381714
v -10.767262 -3.294174 12.044662
v -10.334638 -3.785084 12.441269
v -10.828725 -4.094183 12.778320
v -9.778068 -4.094183 12.778320
v -9.325154 -3.470692 12.542664
v -8.928067 -3.769514 13.303650
v -8.828732 -2.955414 12.185486
v -8.274021 -2.534443 12.657547
v -8.274021 -2.534443 11.792297
v -7.574022 -2.267067 12.224915
v -7.574022 -2.476156 11.488892
v -6.566771 -2.476156 11.488892
v -7.070396 -2.967066 11.092300
v -6.157966 -2.957848 10.818298
v -6.545068 -3.702183 10.651978
v -5.308588 -3.017269 10.252640
v -5.650653 -2.525791 11.083771
v -4.875964 -2.526360 10.649246
v -4.056674 -3.315546 10.389862
v -4.875964 -3.717270 9.985260
v -4.345286 -3.674885 10.066177
v -4.453303 -4.203632 9.703613
v -5.520397 -4.169226 9.498581
v -4.692130 -4.481745 9.144424
v -5.430357 -4.480316 8.781479
v -4.867514 -4.431055 8.669479
v -4.878514 -4.114389 8.158234
v 2.815604 -8.079422 -6.030914
v 5.324345 -8.759459 -7.411606
v 5.591721 -8.326836 -6.711609
v 4.776837 -8.015577 -5.342728
v 16.878073 5.625202 -1.250809
v 15.926466 5.597076 -0.730682
v 16.474621 5.152157 -0.974518
v 16.345768 6.585941 -1.705734
v 17.298580 6.480812 -1.762375
v 17.634487 5.705814 -1.697845
v 18.073580 6.184788 -2.241364
v 17.594603 6.959789 -2.537384
v 18.138113 6.520699 -3.016357
v 17.594603 6.959789 -3.495331
v 18.149765 6.307156 -3.838440
v 17.210041 6.623791 -4.474045
v 16.819603 7.024323 -3.831238
v 16.345768 6.585941 -4.326981
v 16.044603 6.959789 -3.495331
v 15.565626 6.184788 -3.791351
v 15.623913 5.881390 -4.491364
v 16.121605 6.188145 -4.741684
v 15.596275 5.338146 -5.066360
v 15.133003 5.484791 -4.058731
v 15.174227 4.552574 -4.263260
v 14.662346 4.943745 -3.751785
v 14.431150 3.886616 -3.722076
v 15.174227 3.687325 -4.263260
v 14.733488 3.352383 -3.908936
v 14.891615 2.584816 -4.006668
v 15.551617 3.220940 -4.651443
v 15.648609 2.249872 -4.556442
v 14.905535 2.050585 -4.015259
v 15.648609 1.384626 -4.556442
v 15.915985 1.817249 -5.256439
v 15.706896 1.081226 -5.256439
v 15.888514 1.637791 -5.842361
v 15.397604 1.241190 -6.274979
v 15.215986 0.684626 -5.689072
v 14.515985 0.626339 -5.992462
v 14.686058 0.881807 -6.773361
v 15.472605 1.376520 -7.109650
v 14.686058 0.881807 -7.685242
v 15.390491 1.511917 -8.087692
v 14.892603 1.129143 -8.596024
v 15.325226 1.829144 -8.863403
v 14.625225 1.561766 -9.296021
v 14.828173 2.093479 -9.457703
v 13.932653 1.813147 -9.881973
v 14.365276 2.513145 -10.149353
v 15.215275 2.837814 -9.624023
v 14.797277 3.399265 -10.345352
v 14.039835 3.109951 -10.813477
v 14.343235 3.809952 -10.871765
v 13.471395 3.640884 -11.150589
v 14.039835 4.509953 -10.813477
v 13.174589 4.509953 -10.813477
v 13.898964 5.087841 -10.360138
v 14.764210 5.087841 -10.360138
v 14.330896 5.677818 -10.023651
v 13.465651 5.677818 -10.023651
v 13.893599 6.437817 -9.608902
v 14.800604 6.437817 -9.733353
v 14.330896 7.197815 -10.023651
v 15.270311 7.197815 -10.023651
v 14.800604 7.730808 -10.454239
v 14.040606 7.667522 -10.783646
v 14.800604 7.957813 -11.253357
v 13.662876 7.636868 -12.032700
v 14.800604 7.846676 -12.051300
v 14.362877 7.904247 -12.465317
v 14.815163 8.054928 -12.873032
v 14.129721 8.321468 -13.391357
v 14.887161 8.309189 -13.785812
v 13.991995 8.600330 -13.972473
v 14.944603 8.355198 -14.742111
v 15.697435 8.067638 -14.342133
v 15.339575 8.170067 -15.233978
v 15.830484 7.773464 -14.801361
v 15.830484 7.773464 -15.666611
v 15.239765 8.589161 -16.122269
v 14.464312 8.885357 -15.643021
v 14.034946 8.928913 -14.793045
v 13.408602 9.286144 -14.333023
v 13.083933 8.760815 -13.483032
v 12.558603 9.356922 -13.964615
v 12.558603 9.610813 -14.858353
v 11.744883 9.443165 -14.234116
v 11.860928 9.218151 -13.306488
v 10.935772 9.253643 -13.718140
v 10.988604 9.391811 -12.838364
v 10.138603 9.067142 -13.363693
v 10.138603 9.067142 -12.313034
v 9.542498 8.585556 -12.838364
v 9.325603 7.996792 -11.674377
v 9.087661 7.885105 -12.690231
v 8.782095 7.557701 -12.153351
v 9.013132 7.413361 -13.453278
v 8.485898 6.486050 -12.928818
v 8.689576 6.645794 -13.421494
v 8.631289 6.949192 -14.121490
v 8.198665 6.249195 -13.854126
v 7.931289 6.681816 -14.554123
v 7.498665 6.190907 -14.157516
v 7.018402 6.700016 -14.583557
v 7.441929 7.414734 -14.856567
v 6.703388 7.150833 -15.313004
v 6.270764 6.659924 -14.916397
v 6.357488 6.174900 -14.078430
v 5.598603 6.464767 -14.547440
v 5.598603 6.139809 -13.810242
v 6.140553 5.723713 -13.325653
v 5.598603 5.930717 -13.074219
v 4.696104 6.244461 -13.497711
v 4.969429 6.321209 -12.341919
v 5.464545 6.071297 -12.437622
v 3.639570 6.319401 -12.493027
v 4.370112 6.445412 -12.125748
v 3.845282 6.617779 -11.598358
v 3.161604 6.578945 -11.842255
v 2.778486 6.277180 -12.256958
v 2.778486 6.068089 -12.992981
v 1.963603 6.219810 -12.489349
v 1.963603 6.428902 -11.753326
v 1.033837 6.024204 -12.056732
v 1.113604 5.895145 -13.014679
v 1.463734 6.670372 -11.217072
v 0.677713 6.585014 -11.341095
v 0.333837 5.965919 -11.753326
v 0.020551 6.503490 -11.358063
v -0.525356 6.367821 -11.508240
v -0.927056 5.998817 -11.747543
v -0.267272 5.447765 -12.073685
v -1.224845 5.327293 -12.083237
v -0.871262 4.858906 -12.471237
v -1.736557 4.838104 -12.270096
v -1.079764 4.328770 -12.831619
v -1.932014 4.091339 -12.764420
v -2.281038 4.818474 -12.262360
v -3.092434 3.981045 -12.937897
v -3.412133 4.466068 -12.160538
v -4.047830 3.590065 -12.415939
v -3.683125 4.075565 -11.334869
v -4.028877 3.222927 -11.592850
v -4.559539 2.718761 -12.035645
v -4.532503 3.030560 -12.911362
v -4.064396 2.539043 -10.920120
v -4.695568 2.029133 -11.476364
v -4.825769 1.753551 -12.207001
v -4.964396 1.082815 -11.476364
v -4.807777 0.562944 -12.317520
v -4.817456 0.167679 -11.410522
v -5.016866 -0.173079 -12.317520
v -4.630584 -0.798098 -11.306229
v -5.280814 -0.956596 -11.846451
v -5.193566 -0.815428 -13.114609
v -5.952396 -1.269955 -12.471130
v -5.952396 -1.269955 -13.583588
v -6.583568 -1.779869 -13.027359
v -6.446372 -2.165522 -14.039825
v -4.233984 -0.365475 -10.815323
v -4.149773 -1.588789 -10.632584
v -3.882397 -1.156166 -9.932587
v -4.091486 -1.892189 -9.932587
v -4.149773 -1.588789 -9.232590
v -4.191878 -0.544510 -9.323959
v -4.546373 -1.156166 -8.741684
v -4.492425 -0.355185 -8.877396
v -4.936519 -0.831730 -8.334152
v -4.832373 0.123793 -8.281357
v -5.128396 -0.355185 -7.506363
v -5.016115 -1.161322 -7.506363
v -4.936519 -0.831730 -6.678574
v -4.832373 0.123793 -6.731354
v -4.393280 -0.355185 -6.187851
v -4.492425 -1.261642 -6.135315
v -4.122344 0.411497 -6.152390
v -4.458522 0.955444 -7.032516
v -4.119725 1.188145 -6.547363
v -3.638139 0.662815 -5.951248
v -3.269725 1.512814 -6.022034
v -3.580200 2.164803 -7.072220
v -2.744396 2.108921 -6.503616
v -3.117437 2.637085 -7.184921
v -2.371356 2.637085 -7.184921
v -1.894396 2.038145 -6.872025
v -1.874567 2.593807 -7.841095
v -1.441943 1.893808 -7.573730
v -1.830045 2.285351 -8.283371
v -1.397421 1.585352 -8.550751
v -0.687896 1.379656 -8.318695
v -0.742396 1.474791 -7.141388
v -0.962687 1.118355 -6.319016
v -0.262687 1.060068 -6.622421
v 0.123738 0.502699 -6.011368
v 0.391114 0.935322 -6.711380
v 0.823738 0.444412 -6.314774
v 0.823738 0.235323 -5.578751
v 0.123738 0.502699 -5.146118
v 0.957916 0.484497 -4.704300
v 0.413055 0.970823 -4.388687
v -0.374532 1.256310 -4.863098
v -0.148396 1.692144 -3.970688
v 0.477948 1.334909 -3.510666
v -0.025350 1.598377 -2.779007
v 0.797697 1.446323 -2.941376
v 0.320112 1.259296 -2.359253
v -0.473068 1.166813 -2.070023
v -0.933092 1.793159 -2.427261
v -1.280011 1.415688 -2.008987
v -1.236492 2.493160 -2.485550
v -1.980011 2.548313 -1.576355
v -1.633092 2.925785 -1.994644
v -0.965038 3.289307 -2.727921
v -1.158607 3.663635 -1.990112
v -14.046263 10.039307 -0.214752
v -13.786564 10.129814 -1.024979
v -13.576129 9.900307 -0.431091
v -14.910091 10.220943 -0.144699
v -14.839205 9.807430 0.160431
v -14.046263 9.830215 0.521271
v -14.478887 9.339306 0.917877
v -15.343068 9.107815 0.543320
v -15.821868 10.031937 -0.020859
v -16.336521 9.085491 0.392303
v -16.691319 9.839199 0.164520
v -16.372023 10.333839 -0.293610
v -17.123943 10.330109 -0.232071
v -17.556568 9.839199 0.164520
v -17.823944 10.271824 -0.535477
v -18.523151 9.565105 -0.285583
v -17.859966 9.139198 0.222809
v -18.678396 8.541817 -0.074356
v -19.209328 9.300701 0.117569
v -19.477509 8.541817 0.152649
v -19.908102 9.011520 0.685638
v -19.908102 8.072113 0.685638
v -20.426273 8.541817 1.101425
v -20.255291 7.525486 1.336319
v -21.081562 7.728596 1.386322
v -20.687914 6.825485 1.603699
v -21.479191 6.943092 1.368134
v -21.899757 7.651791 1.567429
v -22.331690 7.061813 1.230942
v -22.849037 7.669987 1.596878
v -23.271105 7.061813 1.230942
v -22.801397 6.301815 0.940643
v -23.600510 6.301815 1.167648
v -23.271105 5.541817 1.230942
v -24.031103 5.832111 1.700638
v -23.561396 5.072109 1.990936
v -22.801397 5.008823 1.661530
v -22.801397 4.781818 2.460648
v -23.561396 5.072109 2.930344
v -22.801397 5.008823 3.259750
v -23.652462 5.594997 4.109634
v -22.793396 5.364819 4.578644
v -22.167614 5.312222 4.296890
v -22.034512 5.556732 5.109573
v -21.573389 5.471859 4.895767
v -21.334511 5.498447 5.412979
v -20.873390 5.204479 5.328384
v -20.770729 5.287773 4.381149
v -20.360291 4.802372 4.836746
v -20.347385 4.539703 5.654648
v -19.814396 4.109104 5.184937
v -19.967606 3.714638 6.079132
v -20.234829 4.086121 6.563721
v -19.766373 2.962070 6.107925
v -19.666773 3.425488 7.319595
v -19.815117 2.385937 7.265121
v -19.963461 2.211632 6.272629
v -20.397385 1.720928 6.741638
v -20.410292 1.458256 5.923752
v -19.574102 1.681816 5.511932
v -20.120731 1.031143 5.164749
v -20.912004 0.925161 5.402512
v -21.005272 0.604202 5.851028
v -21.738396 0.437143 4.925980
v -20.624397 0.921816 6.741638
v -20.776701 -0.214840 6.504745
v -21.324398 -0.210808 6.309021
v -22.137897 -0.154087 5.815002
v -22.366278 0.330465 4.659637
v -23.101395 -0.109858 5.255966
v -23.101395 -0.109858 4.205307
v -22.357059 0.056463 3.818207
v -22.776726 -0.635187 3.355316
v -23.626724 -0.959856 3.880646
v -23.145140 -1.485186 3.284531
v -23.626724 -2.010515 3.880646
v -22.807724 -2.295460 3.214828
v -22.978140 -2.918184 3.398544
v -22.084396 -2.918184 3.144638
v -22.609726 -3.768183 3.469315
v -21.616272 -3.790508 3.318314
v -22.016491 -4.585018 3.918320
v -22.934395 -4.293512 4.319321
v -22.199278 -4.733835 4.773636
v -21.649078 -5.142067 4.284882
v -21.163103 -5.010231 3.524643
v -21.098877 -5.550297 3.796127
v -21.157166 -5.853697 4.496140
v -20.814783 -6.315687 4.250641
v -20.756496 -6.012287 3.550644
v -20.411503 -6.794928 3.550644
v -20.826612 -6.381578 2.714615
v -20.496225 -7.188295 2.661255
v -21.163103 -6.814892 2.124649
v -20.693398 -7.574890 1.834351
v -21.226387 -7.144297 1.364639
v -19.914280 -7.417332 3.008896
v -19.815397 -7.276512 4.075974
v -19.080280 -7.716835 3.550644
v -19.071062 -7.442833 4.463074
v -18.397373 -8.109400 4.171646
v -18.531281 -7.582577 4.990158
v -18.963905 -7.091667 5.386749
v -18.170725 -6.999184 5.675980
v -18.603348 -6.508274 6.072571
v -17.512003 -6.749821 6.241226
v -17.934849 -6.215891 6.666367
v -17.234850 -6.274178 6.969772
v -17.972576 -5.992392 7.425705
v -17.159397 -6.151184 7.881638
v -16.486324 -6.341618 7.292343
v -16.486324 -6.132528 8.028366
v -15.786325 -6.399904 7.595734
v -15.786325 -6.399904 8.460983
v -15.295414 -6.796505 8.028366
v -15.353702 -7.099905 8.728363
v -15.086326 -7.532528 8.028366
v -15.255492 -8.065491 9.135300
v -14.988116 -8.498114 8.435303
v -15.083406 -8.761059 7.982651
v -15.217685 -9.311916 8.514221
v -15.201397 -9.608185 7.982651
v -15.169013 -9.415930 7.487091
v -15.117357 -10.439133 7.478317
v -15.065102 -10.341417 8.096191
v -14.804358 -11.142132 8.104965
v -14.643521 -11.205814 7.185471
v -15.081904 -10.710070 6.711639
v -14.538396 -11.149162 6.232666
v -14.289649 -11.596128 7.616928
v -13.763396 -11.654274 7.447662
v -13.450397 -11.916695 8.056763
v -14.225396 -11.852161 8.392670
v -13.450397 -12.148184 8.871643
v -12.675396 -11.852161 8.392670
v -12.675396 -11.852161 9.350616
v -12.131888 -11.413069 8.871643
v -12.196421 -11.077162 8.096649
v -12.196421 -11.077162 9.646637
v -12.971420 -11.373184 10.125626
v -12.635513 -10.598185 10.190155
v -12.332113 -9.898184 10.248444
v -13.076884 -9.898184 10.576736
v -12.063904 -9.297932 10.337509
v -13.438657 -10.635910 10.531540
v -13.864355 -9.974457 10.824081
v -13.391622 -9.458561 11.260910
v -14.237396 -9.446293 11.505386
v -13.712068 -8.850183 11.986969
v -12.847886 -8.618692 11.612411
v -12.351756 -8.774734 11.148560
v -11.628068 -8.405514 10.563644
v -12.109653 -7.880184 11.159744
v -12.788357 -8.063421 11.766617
v -12.508999 -7.239876 11.752594
v -12.952067 -7.486515 12.589645
v -12.779121 -6.457560 12.554520
v -13.414966 -7.066849 13.281296
v -12.982342 -6.575939 13.677887
v -12.511745 -6.024937 13.254532
v -12.804020 -5.719574 12.631622
v -12.407419 -5.286951 13.122543
v -11.811745 -5.757559 13.687149
v -11.606092 -5.133528 13.550552
v -12.104020 -4.586950 13.064255
v -11.206120 -4.614784 13.109100
v -11.693973 -4.094183 12.778320
v -10.610142 -5.121635 13.653687
v -10.303396 -4.690292 13.259903
v -9.824402 -5.074482 14.053955
v -9.453396 -4.619513 13.628311
v -9.341963 -4.697433 14.649063
v -8.857290 -4.137928 14.153641
v -8.928067 -3.769514 15.003647
v -8.468559 -3.161007 14.780075
v -8.478245 -3.277863 13.931335
v -7.953279 -2.803835 14.212646
v -7.944061 -2.529833 13.300217
v -7.248671 -2.504002 13.656311
v -7.244061 -2.262457 12.867584
v -6.438396 -2.434292 13.318893
v -6.502584 -2.246136 12.403900
v -5.632731 -2.262457 12.867584
v -5.725342 -2.257849 11.950912
v -4.867281 -2.268267 12.390579
v -4.875964 -2.317270 11.385269
v -4.108397 -2.460186 11.859650
v -4.175964 -2.584646 10.952637
v -3.416397 -2.634562 11.331024
v -3.756044 -3.081547 10.536896
v -2.990906 -3.147795 10.646225
v -2.716397 -2.576275 11.027618
v -2.241569 -3.043039 10.736816
v 15.296276 6.237423 -2.326660
v 14.630732 5.805710 -1.820557
v 15.260710 5.899536 -1.142136
v 14.832556 5.671711 -3.235062
v 15.501093 6.520699 -3.016357
v 16.044603 6.959789 -2.537384
v 14.184973 5.500355 -2.792038
v 9.920504 2.212950 -5.184357
v 10.136395 2.806816 -5.811996
v 10.136704 2.850292 -5.129578
v 10.311226 2.617580 -4.548035
v 10.187880 1.780327 -4.484360
v 10.129592 1.476927 -5.184357
v 10.605074 1.107559 -4.704514
v 10.655594 0.812145 -5.510620
v 10.164683 1.208746 -5.943237
v 10.655594 0.812145 -6.375870
v 11.355595 0.544769 -5.943237
v 11.355595 0.753859 -6.679260
v 12.093721 0.490089 -6.011978
v 12.132603 0.751923 -6.850616
v 13.021603 0.784512 -6.660278
v 13.210604 0.646532 -5.967224
v 13.986057 0.614431 -6.294098
v 13.815985 0.684626 -5.689072
v 13.986057 0.614431 -7.252609
v 12.947485 0.854090 -7.240738
v 13.116772 0.972492 -7.830994
v 14.089329 0.842644 -8.076019
v 13.492601 1.129143 -8.596024
v 14.192602 1.070856 -8.899429
v 13.345070 1.528477 -9.401550
v 12.757484 1.569468 -9.050354
v 12.365059 1.843138 -9.733978
v 13.232653 1.754860 -10.185379
v 12.599556 2.280907 -10.765427
v 13.665276 2.245770 -10.581985
v 13.032179 2.771816 -11.162033
v 12.166933 2.771816 -11.162033
v 12.599556 3.471817 -11.429398
v 11.863533 3.471817 -11.220322
v 12.166933 4.171818 -11.162033
v 13.032179 4.171818 -11.162033
v 12.599556 4.662727 -10.765427
v 11.899555 4.604443 -10.462021
v 12.283604 5.062840 -9.871384
v 13.106144 5.282848 -10.228271
v 12.838766 5.715473 -9.528275
v 12.063313 5.419277 -9.049011
v 12.614120 5.893108 -9.014938
v 13.198273 6.110439 -9.323654
v 12.949064 6.476814 -8.807922
v 12.442894 6.124302 -8.127411
v 12.462862 6.803581 -8.260269
v 12.347857 7.314758 -9.095642
v 12.838766 6.918156 -9.528275
v 12.283604 7.570789 -9.871384
v 11.575285 7.729061 -9.503006
v 11.946556 7.841812 -10.330399
v 12.110737 7.877697 -11.137589
v 13.200058 7.622280 -11.086716
v 13.558653 7.256424 -10.273041
v 13.538767 6.859871 -9.831665
v 12.886806 7.861828 -11.520523
v 12.412548 8.325703 -11.915085
v 12.962875 7.904247 -12.465317
v 12.356531 8.954540 -13.140259
v 13.230253 8.336868 -13.165314
v 13.662876 7.845959 -12.768723
v 11.838602 9.067142 -12.313034
v 11.513933 8.541813 -11.463028
v 10.988604 9.137920 -11.944611
v 10.463274 8.541813 -11.463028
v 10.860878 8.031094 -10.772247
v 10.030651 8.050903 -11.066422
v 10.260939 7.653461 -10.094925
v 9.531248 7.563751 -10.667023
v 9.748096 7.112583 -9.617844
v 8.933211 6.801327 -10.121475
v 8.746642 7.286766 -11.386673
v 8.255731 6.890163 -10.954056
v 8.453796 6.812931 -12.153351
v 7.752121 6.277523 -11.518677
v 7.994987 6.089451 -12.496185
v 7.540553 5.723713 -12.460403
v 7.540553 5.723713 -13.325653
v 6.840553 5.456333 -12.893021
v 6.840553 5.665424 -13.629044
v 6.623330 5.922409 -11.828125
v 6.138824 5.895935 -12.202438
v -3.573485 2.935646 -10.487503
v -3.470010 3.194820 -9.735443
v -3.500985 3.793724 -10.315430
v -3.631773 3.239044 -11.187500
v -3.788717 2.148293 -9.828766
v -3.550698 3.122265 -9.234055
v -3.854398 1.707832 -9.274139
v -4.251870 1.164183 -9.929810
v -4.620627 1.639046 -10.576355
v -4.620627 0.526585 -10.576355
v -4.225049 0.118650 -9.577393
v -4.175696 -0.062075 -10.115311
v -4.061438 0.884745 -8.947357
v -4.552349 0.488144 -8.514740
v -4.289124 1.071795 -8.113770
v -4.896905 0.459700 -7.506363
v -3.686877 1.748928 -8.715866
v -3.737497 2.064919 -7.955582
v -4.190503 1.556557 -7.397354
v -3.520741 2.813534 -7.895279
v -3.542708 3.210693 -8.646378
v -3.325049 3.417065 -8.066330
v -2.747751 3.418751 -7.685577
v -14.892193 11.495213 -1.679001
v -13.766473 11.623131 -1.791489
v -13.915296 11.015900 -1.870178
v -14.375429 12.129616 -1.291489
v -15.326014 12.038654 -1.503937
v -16.126001 11.944817 -1.807358
v -15.635561 11.185688 -1.307983
v -16.335560 11.127399 -1.611389
v -16.109396 10.747307 -0.812241
v -15.255598 10.813595 -0.684540
v -14.468482 10.857052 -1.131165
v -17.086216 10.553608 -0.991409
v -17.124397 10.690838 -1.926331
v -17.899397 10.394817 -1.447357
v -17.899397 10.626308 -2.262238
v -18.674397 10.690838 -1.926331
v -18.779522 10.634186 -0.973526
v -19.217905 11.129932 -1.447357
v -19.253357 11.400867 -0.680679
v -18.837811 10.330788 -0.273529
v -19.311646 11.097469 0.019318
v -19.572390 11.898186 0.028091
v -19.857517 11.850986 0.450027
v -19.877071 10.620144 0.606934
v -19.234409 9.898163 0.217392
v -19.658707 9.783768 0.627029
v -20.442497 10.142815 1.194550
v -20.304703 9.444145 1.176559
v -20.940426 9.337151 1.502289
v -21.225140 10.142815 1.539536
v -21.746092 9.644886 2.000214
v -21.654196 8.530842 1.715546
v -20.818998 8.517700 1.445282
v -22.134501 9.095222 2.289230
v -22.440908 8.321323 2.201874
v -22.907772 9.009331 3.184708
v -23.245056 8.331860 2.835922
v -23.561396 7.531521 1.990936
v -23.767773 7.557087 2.583862
v -24.094387 7.100925 2.460648
v -24.031103 6.771519 1.700638
v -24.321398 6.301815 2.460648
v -24.178482 6.776199 3.228210
v -24.179764 6.050484 3.119766
v -24.094387 5.502705 2.460648
v -24.121477 6.353882 3.819763
v -24.121477 7.415749 3.819763
v -24.313396 6.884815 4.578644
v -24.086386 6.085705 4.578644
v -24.023102 6.415112 5.338638
v -23.553394 5.655109 5.048355
v -23.263103 6.124817 5.808350
v -22.793396 5.591824 5.377762
v -22.197643 5.907753 5.887756
v -22.855310 6.884815 6.196594
v -22.114275 6.516087 6.642822
v -21.530739 5.766720 6.391098
v -21.551495 5.988392 7.192093
v -21.039829 5.370121 6.823715
v -20.788177 4.996815 6.050797
v -20.695503 4.607075 7.061646
v -21.047497 5.382713 7.879868
v -20.707773 4.851543 7.907425
v -20.099396 4.125484 7.586975
v -19.882412 4.391460 8.436188
v -19.449789 3.691463 8.168808
v -19.391502 3.994862 8.868805
v -18.980774 3.257538 8.659500
v -19.399397 2.992863 8.019592
v -18.874372 2.662838 8.563644
v -19.270973 2.230215 8.072739
v -18.937649 1.575441 8.406616
v -18.541048 2.008064 8.897522
v -18.541048 1.142818 8.897522
v -19.241047 0.875441 8.464905
v -19.782295 0.771896 8.105698
v -19.264484 0.189356 8.667679
v -19.750448 -0.025471 7.908829
v -20.334103 0.452108 7.501648
v -20.334103 1.391523 7.501648
v -20.076702 -0.482218 6.937363
v -19.380165 -0.863428 7.499130
v -19.776764 -1.296051 7.008224
v -20.473301 -0.914841 6.446457
v -20.776701 -1.614841 6.504745
v -21.209324 -0.914841 6.237366
v -21.641949 -1.614841 6.504745
v -21.783272 -0.612862 6.256973
v -22.251396 -1.485186 6.430649
v -22.776726 -0.635187 6.105972
v -23.145140 -1.485186 6.176743
v -23.626724 -0.959856 5.580643
v -23.729065 -2.010609 5.656372
v -23.951397 -1.485186 4.730637
v -23.697502 -0.591442 4.730637
v -23.833406 -2.332312 4.730637
v -23.784397 -2.918184 4.844650
v -23.459724 -3.443514 5.694641
v -23.530502 -3.811928 4.844650
v -23.459724 -3.443514 3.994644
v -22.934395 -4.293512 5.369980
v -22.609726 -3.768183 6.219971
v -22.306381 -4.671947 5.771744
v -21.797508 -4.409693 6.429123
v -21.883347 -5.445099 5.911636
v -21.851570 -5.121544 5.144073
v -21.495102 -5.852892 5.151642
v -21.558384 -6.182297 5.911636
v -21.025394 -6.612890 5.441940
v -21.084003 -6.363495 4.669693
v -20.332964 -7.027645 5.004639
v -20.441742 -6.919279 4.481186
v -19.771061 -7.175457 4.895691
v -19.497829 -6.969358 5.650009
v -20.265396 -6.903185 5.911636
v -19.505396 -6.612890 6.381348
v -20.265396 -6.676174 6.710754
v -19.796379 -6.242250 7.201462
v -19.410301 -5.977982 7.449020
v -18.710302 -5.919695 7.145615
v -18.710302 -5.710606 7.881638
v -19.538975 -5.599236 8.120667
v -18.710302 -5.919695 8.617661
v -18.010303 -5.977982 8.314270
v -18.443890 -6.524895 9.142593
v -17.671379 -6.738251 9.210831
v -17.299896 -6.320984 8.533524
v -16.918949 -6.832527 9.160980
v -16.486324 -6.341618 8.764389
v -16.053701 -6.832527 9.160980
v -16.681511 -7.265553 9.666306
v -15.955492 -7.798113 9.567917
v -16.181917 -7.920246 10.026260
v -15.612725 -8.525515 9.761642
v -16.028494 -8.111288 10.611649
v -15.683502 -8.893929 10.611649
v -15.230497 -9.402288 10.053421
v -15.217685 -9.008516 9.214218
v -14.970789 -9.822319 9.293137
v -14.827192 -10.165562 9.722549
v -15.025034 -10.354998 8.834579
v -14.704372 -11.077162 9.646637
v -14.768905 -11.413069 8.871643
v -14.225396 -11.852161 9.350616
v -13.929373 -11.373184 10.125626
v -13.450397 -11.916695 9.686523
v -14.331085 -10.652130 10.263290
v -14.643345 -9.937819 10.717850
v -15.087397 -9.375513 11.136978
v -15.695773 -8.649456 11.457413
v -14.795614 -8.993286 12.013748
v -15.374369 -8.619436 12.351273
v -14.153419 -8.412426 12.660172
v -15.328829 -8.101358 13.008240
v -14.693294 -7.877396 13.318481
v -13.802068 -7.811184 13.114975
v -14.114965 -7.334227 13.713913
v -14.728224 -7.378958 14.266281
v -14.277404 -6.649515 14.544907
v -13.682342 -6.634226 13.981293
v -13.734067 -6.226604 14.942612
v -13.109253 -6.344570 14.514771
v -13.236163 -6.113203 15.351639
v -12.478722 -6.402519 14.883514
v -12.306396 -6.380579 14.154495
v -11.606397 -6.322292 14.457901
v -11.606397 -6.576185 15.351639
v -10.756397 -6.251513 14.826309
v -11.081068 -5.726183 13.976318
v -10.158991 -5.507706 14.477142
v -10.160291 -5.769928 15.351639
v -9.803022 -4.967237 15.409088
v -10.231068 -5.401514 16.201645
v -10.090965 -4.482471 16.127914
v -9.654125 -4.089958 15.612015
v -10.090965 -3.617226 16.127914
v -9.553020 -3.095579 15.920883
v -10.190020 -3.340185 16.773026
v -9.626910 -2.774008 16.795135
v -9.120397 -2.395578 16.188248
v -8.889528 -2.688953 15.334778
v -8.456905 -1.988953 15.602158
v -8.189529 -2.421576 14.902145
v -7.756905 -1.930666 15.298752
v -7.268725 -2.491508 14.789093
v -6.996615 -1.981285 15.614746
v -6.438396 -2.434292 15.106384
v -6.438396 -2.688185 14.212646
v -5.588397 -2.363512 14.737976
v -5.588397 -2.363512 13.687317
v -4.962052 -2.006279 14.277954
v -4.867281 -2.059177 13.126602
v -4.262053 -1.947992 13.974548
v -4.108397 -2.024086 13.394775
v -4.108397 -2.233175 12.658752
v -3.249850 -2.013891 12.954361
v -3.349512 -2.268267 12.390579
v -2.716397 -2.113293 12.657394
v -2.716397 -2.367186 11.763641
v -1.866396 -2.042513 12.288971
v -1.787095 -2.404915 11.546402
v -1.207400 -1.632448 11.849136
v -0.972676 -2.117903 11.128952
v -1.337708 -2.747700 10.862335
v -0.666412 -2.169415 11.024063
v 10.741922 7.461685 -9.070389
v 10.911276 7.548229 -8.433838
v 11.577473 7.595882 -8.532425
v 10.159106 7.379425 -8.291748
v 10.124619 7.314167 -9.151825
v 10.741922 7.670776 -9.806412
v 9.135308 7.037170 -8.562866
v 8.990654 6.823269 -9.220718
v 8.271506 6.866222 -8.886078
v 8.233212 6.533951 -9.688843
v 7.509257 6.867683 -9.373322
v 7.533212 6.801327 -10.121475
v 8.233212 6.743042 -10.424866
v 7.792579 6.587032 -10.745743
v 6.968682 6.602219 -10.522858
v 7.129046 6.796249 -9.869843
v -13.942805 12.620525 -0.894897
v -13.436581 12.943539 -0.937943
v -13.589901 12.292488 -1.364685
v -13.384075 13.549095 -0.585052
v -14.634397 13.261505 -0.172928
v -14.808053 12.620525 -0.894897
v -15.334396 13.319790 -0.476334
v -15.630420 12.840813 -1.251328
v -15.860396 13.561859 -0.468292
v -16.560396 13.620144 -0.771683
v -16.301857 12.978783 -1.569443
v -16.372955 13.824146 0.168884
v -17.352955 14.048191 -0.301910
v -17.410397 13.690922 -1.140106
v -17.124397 13.198795 -1.926331
v -16.645420 12.423790 -2.222351
v -17.420422 12.719814 -2.701340
v -17.084515 11.944817 -2.765869
v -16.645420 11.465843 -2.222351
v -17.420422 11.169819 -2.701340
v -17.899397 11.944817 -2.997360
v -18.378372 11.169819 -2.701340
v -18.714279 11.944817 -2.765869
v -19.153374 11.465843 -2.222351
v -19.153374 12.423790 -2.222351
v -19.449398 11.944817 -1.447357
v -19.291040 12.825504 -1.501297
v -19.654793 12.391758 -0.645691
v -19.537811 13.291470 -0.788574
v -20.286396 12.978535 -0.186874
v -20.532894 13.528465 -0.448532
v -20.986397 13.036823 0.116531
v -20.553772 12.545914 0.513138
v -21.419022 12.545914 0.513138
v -20.557516 12.118362 0.882645
v -21.469397 12.118362 0.882645
v -21.013456 11.380634 1.164444
v -20.254116 11.418362 0.940933
v -20.733372 10.642906 1.237137
v -21.528538 10.842815 1.481247
v -21.948374 11.418816 1.301666
v -22.291483 10.863651 1.954300
v -22.059788 10.099010 2.165451
v -22.831493 10.301746 2.750931
v -22.528093 9.601746 2.809204
v -22.907772 9.874580 3.184708
v -23.340395 10.574581 2.917328
v -22.929049 10.040066 3.909531
v -22.929049 9.174816 3.909531
v -22.488726 9.629147 4.644638
v -22.870762 8.871418 4.609528
v -23.353117 8.625908 3.631714
v -23.652462 8.174633 4.109634
v -23.755505 7.801556 3.429642
v -23.553394 8.114521 5.048355
v -24.086386 7.683926 4.578644
v -24.023102 7.354519 5.338638
v -23.263103 7.644814 5.808350
v -23.592508 6.884815 5.871628
v -22.841034 8.252987 5.442413
v -22.360773 7.719948 5.929916
v -21.798117 8.235535 5.691086
v -21.530739 7.802914 6.391098
v -22.052845 7.267750 6.765915
v -21.500504 7.678558 7.321640
v -21.870049 6.784817 7.436523
v -21.602673 7.288441 8.136520
v -21.429726 6.259487 8.171646
v -21.451612 6.678280 9.007889
v -20.996876 5.698704 8.640152
v -21.429726 6.259487 9.571640
v -21.006613 5.272423 9.544662
v -20.638817 4.802887 8.885132
v -20.639759 4.474621 9.594986
v -19.882412 4.391460 9.301422
v -20.113396 4.015823 10.095535
v -19.413397 3.957539 9.792130
v -19.345829 3.931732 10.420258
v -18.563614 3.776066 10.135147
v -18.922485 3.560936 9.359512
v -18.048773 3.396862 9.886063
v -17.781397 3.829487 10.586075
v -17.348774 3.129486 10.318695
v -17.811506 2.390324 9.725128
v -17.414906 1.957701 10.216034
v -18.100725 1.597145 9.632645
v -17.743492 1.137121 10.258987
v -18.463127 0.854580 9.711945
v -18.176117 0.437120 10.526367
v -18.718166 0.400665 9.821671
v -19.209078 0.004065 10.254288
v -19.206196 -0.114044 9.367676
v -19.720425 -0.548370 9.785889
v -19.380165 -0.863428 8.899139
v -19.420731 -0.320135 8.751160
v -19.321877 -0.560028 8.199142
v -19.112789 -1.296051 8.199142
v -19.380165 -1.728674 8.899139
v -19.321877 -2.032074 8.199142
v -19.380165 -1.728674 7.499130
v -20.046898 -2.651484 7.712982
v -20.278772 -2.161419 6.991043
v -20.792423 -3.062464 7.296158
v -21.236725 -2.241186 6.861969
v -21.605139 -3.091185 6.932755
v -21.851999 -2.103302 6.602005
v -22.175449 -2.860744 6.648026
v -22.588022 -2.103302 6.392914
v -22.978140 -2.918184 6.290756
v -22.100908 -3.709692 6.487411
v -21.314196 -3.919209 6.973740
v -20.478998 -3.906067 7.244003
v -20.796326 -4.624300 7.239731
v -19.925879 -4.923212 8.016235
v -20.327311 -5.383184 7.529587
v -21.064507 -5.383184 7.204636
v -20.735102 -6.143183 7.141342
v -21.495102 -5.852892 6.671646
v -21.025394 -6.612890 6.381348
v -20.082397 -3.473444 7.734909
v -20.024111 -3.170044 8.434921
v -19.812790 -2.428675 8.631760
v -20.079395 -3.118185 9.517639
v -19.825502 -4.011929 9.517639
v -19.653669 -4.463240 8.711975
v -19.433384 -5.143162 8.965500
v -19.616413 -4.747952 9.517639
v -19.504578 -5.425682 9.699295
v -19.190514 -5.933849 8.944626
v -19.370102 -6.348892 9.740646
v -19.660397 -5.879185 10.500641
v -19.433384 -6.678297 10.500641
v -18.900396 -7.108891 10.030930
v -18.900396 -7.108891 10.970352
v -18.140396 -7.399185 10.500641
v -18.140396 -7.172174 9.701523
v -17.381512 -7.207266 9.969711
v -16.672829 -7.523645 10.458878
v -17.226742 -7.425280 11.912949
v -16.559902 -7.748600 11.183289
v -16.600397 -7.782513 12.372971
v -15.865280 -8.222836 11.918640
v -17.405914 -7.098894 12.544067
v -16.757700 -7.639004 13.107452
v -16.096397 -7.924046 13.420700
v -16.856396 -7.744890 13.748932
v -16.096397 -8.035185 14.218643
v -16.856396 -7.744890 14.688354
v -16.096397 -7.808174 15.017761
v -15.336396 -7.744890 14.688354
v -15.626691 -7.275183 15.448349
v -14.866691 -6.984892 14.978638
v -15.232624 -6.562824 15.586807
v -14.503181 -6.284201 15.136002
v -14.770557 -5.851578 15.835999
v -14.070558 -5.793291 15.532593
v -14.070558 -5.584202 16.268616
v -13.370558 -5.851578 15.835999
v -13.407986 -5.924057 16.935333
v -12.412062 -6.150457 16.696701
v -12.456396 -6.251513 15.876968
v -11.606397 -6.322292 16.245392
v -11.808468 -5.919905 17.069733
v -11.081068 -5.726183 16.726974
v -10.756397 -6.251513 15.876968
v -11.495295 -4.876184 17.142746
v -10.712654 -4.876184 16.797745
v -10.997366 -4.070520 16.835007
v -11.891894 -4.443562 17.633652
v -11.704903 -3.455837 17.709274
v -10.693966 -3.370520 16.893295
v -10.572279 -2.697550 17.673248
v -10.261342 -2.879610 17.289886
v -9.757397 -2.640186 17.905640
v -10.405079 -2.474033 18.515976
v -9.537879 -2.517895 18.926071
v -8.420397 -2.591187 18.250641
v -9.031455 -2.442020 17.227753
v -8.420397 -2.337292 17.356903
v -8.456905 -1.988953 16.467392
v -7.756905 -1.930666 16.770798
v -7.756905 -1.721577 16.034775
v -6.936325 -1.764528 16.363358
v -6.936325 -1.973618 17.099380
v -6.236325 -2.031904 16.795990
v -6.236325 -2.031904 15.930740
v -5.745414 -2.428505 16.363358
v -5.632731 -2.262457 15.557693
v -5.356531 -2.661070 16.616867
v -4.659584 -2.231335 15.854309
v -4.962052 -2.006279 15.143188
v -4.262053 -1.947992 15.446594
v -4.262053 -1.738903 14.710571
v -3.730771 -1.890068 15.369370
v -3.249850 -1.804802 14.648895
v -3.730771 -2.099157 16.105392
v -4.163395 -2.590067 16.501999
v -3.298147 -2.590067 16.501999
v -2.651083 -2.751341 16.460175
v -2.325397 -2.149292 15.668900
v -1.846327 -2.801804 16.182648
v -1.361779 -2.350842 15.802582
v -1.698943 -2.013891 15.384918
v -2.325397 -1.940203 14.932877
v -1.646607 -1.757309 14.646194
v -2.474396 -1.949184 14.169647
v -1.699397 -1.653162 13.690659
v -2.716397 -1.904203 13.393417
v -3.249850 -1.804802 13.690384
v -1.699397 -1.653162 12.825424
v -1.120436 -0.943134 13.402969
v -1.258019 -1.316456 12.609421
v -0.854290 -0.620928 12.880646
v -0.718355 -0.107115 13.759644
v -0.227444 0.289486 13.327026
v -0.363379 -0.224327 12.448013
v 0.035527 -0.768049 11.652832
v 0.247566 -0.181231 12.266617
v -14.201773 13.752415 0.223663
v -13.863242 14.483807 0.381134
v -13.606915 14.009682 -0.124878
v -14.750397 14.200199 0.863144
v -15.258709 13.774670 0.303787
v -15.507838 14.154194 1.186584
v -16.475384 13.865662 0.731827
v -16.475384 14.074753 1.467850
v -17.385490 14.099613 1.122269
v -17.118114 14.532234 1.822266
v -18.369446 14.577972 1.538666
v -18.236397 14.272816 0.689636
v -19.069447 14.636261 1.235260
v -18.936398 14.427914 0.316132
v -18.236397 14.041325 -0.125244
v -19.183250 14.214420 -0.522293
v -18.216061 13.728176 -0.855392
v -18.674850 13.559525 -1.190598
v -19.689783 14.892643 0.072525
v -20.124855 14.259949 -0.494583
v -20.516691 15.089813 -0.314056
v -20.986397 14.329815 -0.604355
v -21.456104 15.089813 -0.314056
v -21.785509 14.329815 -0.377350
v -21.456104 13.569817 -0.314056
v -22.301424 14.341537 -0.160873
v -22.196774 15.025814 0.044266
v -22.829428 15.118481 0.165283
v -23.114140 14.312817 0.202530
v -22.745726 13.462818 0.273315
v -21.795725 13.020298 0.331940
v -22.285702 12.836472 0.630554
v -23.163723 12.901363 0.994629
v -22.316744 12.127132 1.143387
v -23.133390 12.183250 1.638184
v -22.770741 11.639103 1.658096
v -23.568695 11.437500 1.949188
v -23.138756 10.900841 2.389435
v -24.040396 10.957825 2.483536
v -24.510103 11.490818 2.052933
v -24.800394 11.021107 2.812943
v -24.074179 10.619610 3.272568
v -24.800394 11.021107 3.752350
v -24.040396 10.957825 4.081757
v -23.163395 10.776295 4.228500
v -23.570688 11.490818 4.512344
v -22.705442 11.490818 4.512344
v -22.402042 10.790817 4.454056
v -22.051704 11.060486 4.788727
v -22.355104 11.760487 4.847015
v -21.655104 11.493111 5.279648
v -21.655104 10.627861 5.279648
v -21.325827 10.342106 5.768921
v -21.762669 9.949589 5.253021
v -21.211971 9.422508 5.946320
v -22.078659 9.189301 5.303635
v -21.494717 8.935535 5.632797
v -21.098116 8.502911 6.123718
v -20.830740 8.935535 6.823715
v -21.039829 8.199512 6.823715
v -21.098116 8.502911 7.523712
v -21.032045 9.504135 7.789978
v -21.289146 8.631306 8.069366
v -21.558790 7.981956 8.021652
v -21.685747 9.063931 8.560287
v -22.189373 8.249050 8.871536
v -21.805462 7.625385 8.990326
v -22.231787 7.926304 9.576752
v -21.799164 7.226303 9.844131
v -22.499165 7.493679 10.276764
v -22.195765 6.793678 10.335037
v -22.967772 6.784031 10.561295
v -22.164675 6.008816 10.492126
v -23.265396 6.006817 10.644638
v -22.811893 5.205467 10.800461
v -21.861275 5.308815 10.550415
v -21.464674 5.741440 10.059509
v -21.343103 4.839111 10.134644
v -21.690290 4.292484 10.785324
v -20.931286 4.002918 10.358200
v -21.349400 3.487930 10.961990
v -20.546021 3.199955 11.229324
v -20.113396 3.690865 10.832733
v -20.753067 2.752815 11.402313
v -19.903069 3.077484 11.927643
v -19.470444 3.777485 11.660263
v -19.203068 3.344860 12.360275
v -18.770443 3.835770 11.963669
v -18.481396 4.096863 11.018692
v -17.781397 3.829487 11.451309
v -18.337820 3.344860 12.360275
v -17.348774 3.129486 11.718689
v -17.290485 3.432884 11.018692
v -17.081398 2.696861 11.018692
v -17.348774 2.264238 11.718689
v -17.417494 1.473919 11.102646
v -17.475780 1.777319 11.802643
v -17.743492 1.137121 11.658981
v -17.685204 0.833721 10.958984
v -18.176117 0.437120 11.391617
v -18.709774 0.841814 12.234268
v -19.142397 0.350904 11.837662
v -19.009256 0.155781 11.030319
v -20.022522 -0.097555 11.575485
v -19.917397 -0.154207 10.622665
v -20.460907 -0.593300 11.101639
v -20.396374 -0.929207 10.326645
v -20.692396 -1.408184 11.101639
v -20.396374 -1.887161 10.326645
v -19.986511 -1.369846 9.645462
v -20.056425 -2.314642 9.730606
v -20.136761 -2.885788 10.332520
v -20.460907 -2.223068 11.101639
v -19.909081 -2.788918 11.637115
v -19.696438 -3.340115 11.067642
v -19.754726 -3.643515 10.367645
v -19.526764 -4.179607 10.559525
v -19.194164 -3.679695 11.427155
v -19.226776 -4.578587 11.343338
v -19.538010 -5.063049 10.530090
v -19.370102 -5.409477 11.260635
v -18.951759 -5.045307 11.967438
v -19.370102 -6.348892 11.260635
v -18.926788 -4.112318 12.127151
v -18.811619 -4.809669 12.784256
v -18.364407 -5.535686 12.779022
v -18.834406 -5.170511 13.506195
v -18.325233 -5.652260 13.824738
v -17.834322 -6.048861 13.392120
v -17.931782 -6.235687 12.511642
v -17.528503 -6.714928 13.211639
v -17.759357 -6.508266 14.316330
v -17.389385 -7.314297 14.218643
v -17.326103 -6.984892 14.978638
v -17.753250 -6.224545 15.330399
v -16.930727 -6.574068 15.605011
v -16.566101 -7.275183 15.448349
v -16.151489 -6.501511 15.881760
v -16.680965 -5.929359 16.296997
v -15.913397 -5.961136 16.620560
v -16.673397 -5.572891 17.028351
v -15.913397 -5.752047 17.356583
v -14.918346 -5.688704 17.046310
v -15.259562 -6.042313 18.307022
v -14.559562 -6.100599 18.003616
v -14.145412 -5.938251 17.472824
v -13.676396 -6.372175 17.963531
v -14.649083 -6.635618 18.778244
v -13.642612 -6.710392 18.752563
v -12.916396 -6.308891 18.292938
v -12.917512 -6.198177 17.495682
v -12.326421 -5.972401 17.861008
v -12.383408 -5.878298 18.762650
v -12.137950 -5.000685 18.483643
v -11.865625 -5.499485 17.746628
v -12.875045 -6.443367 19.216141
v -12.335758 -6.271950 19.551758
v -11.625120 -5.914320 19.895264
v -12.346396 -6.571293 20.376907
v -11.496397 -6.500513 20.745316
v -10.971067 -5.650515 20.420639
v -11.452654 -5.125185 19.824539
v -10.749622 -4.589903 20.435257
v -11.656886 -4.239300 19.837250
v -11.870574 -4.568062 19.183640
v -11.924262 -3.806677 19.137253
v -11.961231 -4.014311 18.371460
v -11.763190 -3.152437 18.409271
v -11.715174 -3.070654 19.137253
v -11.224262 -2.674053 18.704620
v -11.272280 -2.755836 17.976639
v -11.081070 -2.595974 19.680588
v -10.237879 -2.250519 19.358688
v -10.237879 -2.459608 20.094711
v -9.537879 -2.517895 19.791321
v -9.805255 -2.950518 20.491318
v -8.800615 -3.141287 19.939545
v -8.898861 -2.857052 19.188156
v -8.305513 -2.706837 19.186890
v -8.038137 -3.139460 19.886887
v -7.477592 -2.621225 19.421539
v -7.349671 -2.384811 18.616760
v -6.649672 -2.652187 19.049377
v -6.208669 -2.687616 17.944595
v -6.742349 -2.242228 17.503662
v -7.610123 -2.407005 17.694321
v -6.042349 -2.300514 17.200272
v -5.609725 -3.000515 17.467651
v -5.776045 -3.387617 18.211975
v -5.128947 -3.910099 17.666000
v -4.759725 -3.325184 16.942322
v -4.234396 -3.921291 17.423904
v -3.709068 -3.325184 16.942322
v -3.388622 -3.933563 17.668381
v -2.915888 -3.417667 17.231537
v -2.422531 -3.858086 17.843643
v -2.171105 -3.316135 16.966751
v -1.647397 -4.003891 17.373932
v -1.357102 -3.534184 16.613937
v -0.887396 -4.067175 17.044525
v -0.417691 -3.534184 16.613937
v -0.877318 -2.807968 16.212433
v -0.088285 -2.774185 16.550659
v -0.522082 -2.074184 16.167404
v 0.328347 -1.609184 16.585541
v -0.238844 -1.250420 15.976990
v -0.835983 -1.745836 15.776108
v -0.499984 -0.807705 15.240479
v -1.103359 -1.313213 15.076096
v -0.660068 -0.410515 14.459641
v -1.155888 -1.214069 14.169647
v -0.186011 -0.299688 16.009644
v -0.104407 0.368702 15.376648
v -0.173674 0.492046 14.556259
v 0.122603 1.167814 15.376648
v 0.278840 1.533129 14.676651
v 0.421596 1.033484 14.185135
v 0.500386 0.739611 13.446304
v 0.708887 1.300251 13.607941
v 2.934640 14.273846 2.879181
v 3.973148 13.817944 2.838318
v 3.595857 14.210564 2.328751
v 3.142997 14.500542 1.952759
v 2.330285 14.504684 2.505676
v 2.435642 14.524994 1.597839
v 1.789768 14.298229 2.171616
v 1.563603 14.678322 2.970764
v 1.089768 14.239941 2.475021
v 1.073690 14.208916 1.350037
v 0.093494 13.902782 2.087784
v 0.246824 14.193371 1.375183
v -0.481490 14.087029 1.239990
v -15.761067 14.483906 2.081345
v -15.010152 15.247284 2.472473
v -14.875316 14.883053 1.851730
v -16.222675 15.157719 2.572906
v -15.742261 16.007687 2.954666
v -16.778069 16.218815 2.855316
v -17.303396 15.483700 2.414993
v -17.828724 16.218815 2.855316
v -18.215828 15.474480 2.688995
v -17.807022 14.992790 2.018387
v -18.648451 14.983570 2.292389
v -19.125530 15.496414 2.833267
v -19.348450 15.041859 1.988998
v -20.226397 15.559521 2.250595
v -20.226397 15.559521 1.385345
v -19.693409 15.128925 0.915649
v -20.226397 15.559521 0.445938
v -20.918829 15.974277 0.873886
v -20.986397 15.622807 0.116531
v -21.419022 16.113716 0.513138
v -21.693148 15.840698 0.195999
v -22.104067 16.575813 0.636307
v -22.629396 15.725815 0.311646
v -21.146034 16.334846 1.205978
v -21.628628 17.115326 1.393127
v -22.629396 17.355579 0.774628
v -21.937086 17.689865 1.223038
v -22.386465 18.172932 0.713562
v -23.391779 18.164249 0.664551
v -23.723341 17.082150 0.790375
v -23.974451 16.531479 0.737366
v -24.556170 17.046513 0.543564
v -25.133701 16.411469 1.046555
v -24.842392 15.919384 1.423187
v -24.044092 15.227886 1.026215
v -23.523140 15.725815 0.565536
v -23.679941 14.778095 0.691040
v -24.121391 14.312817 1.209793
v -23.595724 13.787487 0.798645
v -23.921165 13.190681 1.462753
v -24.538992 13.684250 1.481476
v -24.842392 14.451817 1.423187
v -25.295895 13.650467 1.703461
v -25.142908 12.950817 1.931366
v -24.839508 12.250816 1.989655
v -23.617765 12.490681 1.521042
v -25.633612 12.481800 2.365295
v -25.270102 11.781113 2.522644
v -26.134396 12.513485 3.135315
v -25.824295 11.848309 3.715271
v -25.333385 11.451706 3.282639
v -25.349913 11.667110 4.091965
v -25.764111 12.109135 4.827759
v -24.942726 11.981728 4.908951
v -24.510103 11.490818 4.512344
v -23.928207 12.022228 5.065750
v -24.083399 12.570484 5.800980
v -23.383398 12.628773 5.497574
v -23.138065 11.981728 4.908951
v -22.787727 12.251396 5.243622
v -22.683397 12.570484 5.800980
v -22.087727 12.193111 5.547012
v -22.087727 12.193111 6.412262
v -21.596817 11.796509 5.979645
v -21.437992 11.556446 6.418503
v -21.928904 11.953045 6.851135
v -22.683397 12.570484 6.666214
v -22.950775 12.137863 7.366226
v -22.180475 11.324047 7.688568
v -21.480474 11.161217 7.320557
v -21.130474 10.594906 6.404251
v -20.973759 10.672783 7.089981
v -20.764669 9.936760 7.089981
v -21.032045 10.369385 7.789978
v -21.732046 10.636761 8.222610
v -21.428646 9.936760 8.280884
v -22.076908 9.850346 8.495987
v -22.492773 10.578815 8.350266
v -22.925396 9.878815 8.617645
v -22.457272 9.006489 8.791306
v -23.450726 9.028816 8.942322
v -23.010880 8.369823 9.352386
v -23.775394 8.503483 9.792313
v -23.115112 7.944569 9.992691
v -23.969116 8.160721 10.519714
v -23.307156 7.474384 10.520187
v -23.849106 7.681393 10.855118
v -23.796328 6.765701 10.836563
v -24.245707 7.248768 11.346039
v -24.495102 6.476521 11.404648
v -24.064508 6.006817 10.871658
v -24.495102 5.537113 11.404648
v -23.735104 5.246819 10.934937
v -24.025394 4.777111 11.694931
v -23.313034 4.638645 11.300873
v -23.609621 4.258938 12.164642
v -22.475540 4.302814 11.273254
v -22.653725 3.077484 11.927643
v -22.172140 3.602814 11.331528
v -21.803726 2.752815 11.402313
v -22.495726 1.947815 12.511307
v -21.278397 2.156708 11.883896
v -21.472467 1.812380 12.471939
v -20.392513 2.169422 12.088135
v -21.039845 1.321470 12.868546
v -19.959888 1.469421 12.355515
v -19.506468 2.644859 12.418549
v -19.142397 1.541815 12.501648
v -18.770443 2.644859 12.627640
v -18.175781 1.509941 12.235275
v -17.881138 2.440403 12.303818
v -19.575020 0.841814 12.234268
v -21.970396 1.351707 12.992905
v -20.837452 1.334478 13.446365
v -21.970396 1.097813 13.886642
v -20.837452 1.125389 14.182388
v -20.137451 1.067102 13.878998
v -19.646540 0.670502 13.446365
v -19.704826 0.367102 14.146378
v -19.437450 -0.065521 13.446365
v -19.704826 -0.498144 14.146378
v -19.665997 -0.845520 13.289093
v -19.743740 -0.586098 12.431808
v -20.056425 -1.366972 12.472672
v -20.396374 -0.929207 11.876648
v -20.396374 -1.887161 11.876648
v -20.053493 -1.955490 12.428299
v -19.697107 -2.305723 12.402985
v -19.697107 -2.305723 13.268234
v -19.206196 -2.702324 12.835617
v -19.264484 -3.005724 12.135605
v -18.931116 -3.729256 12.741302
v -19.264484 -3.005724 13.535614
v -19.198492 -4.227184 13.441299
v -19.672935 -3.616455 14.007202
v -19.555725 -4.752514 14.067642
v -19.971493 -4.338287 14.917648
v -19.626503 -5.120928 14.917648
v -19.030396 -5.602512 14.392319
v -19.030396 -5.602512 15.442978
v -18.295280 -6.042835 14.917648
v -18.180397 -5.673290 15.811386
v -18.798904 -5.227953 16.307159
v -18.029514 -5.105549 16.963242
v -17.480396 -5.731577 16.114792
v -17.373398 -5.514605 16.724945
v -17.329514 -5.163836 17.266647
v -18.029514 -4.896460 17.699265
v -17.329514 -5.163836 18.131897
v -16.673397 -5.572891 17.893600
v -17.087357 -5.706135 18.850967
v -16.060314 -6.001724 18.199814
v -16.508396 -6.416162 19.138672
v -15.733397 -6.480696 18.802765
v -15.733397 -6.712185 19.617645
v -15.228670 -6.692005 19.176315
v -16.508396 -6.416162 20.096619
v -15.766737 -6.587170 20.444382
v -16.212372 -5.937185 20.871628
v -15.344741 -6.312281 21.229950
v -14.740722 -6.820518 20.696518
v -14.718397 -6.669514 21.689972
v -13.868397 -6.994186 21.164642
v -13.815564 -6.856014 20.284866
v -14.418396 -6.876186 19.732651
v -13.062732 -6.568459 19.819595
v -13.058123 -6.810005 20.608322
v -13.058123 -6.810005 21.720963
v -12.346396 -6.825186 21.270645
v -12.346396 -6.707193 22.117767
v -12.683279 -6.565550 22.471237
v -11.959326 -6.690430 22.567642
v -12.694432 -6.260710 23.055862
v -13.403121 -6.251785 22.624191
v -13.868397 -6.740292 22.058380
v -14.393725 -6.144184 22.539963
v -13.979499 -5.294186 22.955734
v -13.243725 -5.333515 23.553635
v -12.444366 -5.772566 24.116714
v -11.953881 -6.317181 23.668900
v -11.235373 -7.024401 22.829636
v -11.127346 -6.949793 21.849335
v -10.645397 -7.360891 22.359940
v -10.359093 -6.961693 21.492569
v -10.645628 -6.247318 21.084763
v -9.823482 -6.131186 21.211685
v -10.245295 -5.002184 21.024551
v -9.415691 -6.891184 21.599930
v -9.086285 -6.131186 21.536652
v -8.884420 -5.625952 21.571533
v -8.386492 -6.172529 22.057831
v -8.083092 -5.472528 21.999557
v -8.814541 -4.874205 21.454926
v -7.623068 -4.846184 21.642319
v -7.869355 -4.122458 21.129211
v -8.615438 -4.122458 21.129211
v -9.480684 -4.122458 21.129211
v -9.941895 -4.302183 20.966263
v -10.237879 -3.650518 20.758698
v -9.088171 -3.606564 20.692368
v -8.242396 -3.594292 20.447906
v -7.436731 -3.631548 20.732620
v -7.004108 -4.122458 21.129211
v -6.736732 -3.689835 20.429214
v -7.044969 -3.112135 19.818130
v -6.338414 -3.778328 19.864273
v -6.217048 -3.352188 19.316757
v -5.847503 -4.174929 19.431641
v -5.776725 -3.806515 18.581650
v -6.158761 -3.048788 18.616760
v -5.251396 -4.656513 18.906311
v -5.251396 -4.656513 19.956970
v -4.401397 -4.981186 19.431641
v -4.401397 -4.727291 18.537903
v -3.551396 -4.656513 18.906311
v -3.843178 -4.274286 18.029541
v -3.122531 -4.125462 18.276260
v -2.925053 -4.299280 19.431641
v -2.422531 -4.067175 18.579666
v -2.306396 -3.672512 19.607071
v -1.606396 -3.614225 19.303665
v -1.684406 -4.113865 18.325424
v -0.887396 -4.067175 18.642761
v -0.887396 -4.294186 17.843643
v 0.046887 -4.074924 18.486771
v -0.127396 -4.003891 17.373932
v 0.605252 -3.573212 17.959656
v 0.342309 -3.243893 17.083649
v 1.028815 -2.887871 17.697876
v 0.705819 -2.543201 16.926285
v 1.265874 -2.149960 17.474258
v 0.829034 -1.677225 16.958374
v 1.510346 -1.304184 17.486542
v 0.836707 -1.050966 17.038544
v 1.225635 -0.498520 17.449280
v 0.520714 -0.290676 17.089157
v 0.124114 -0.723299 16.598251
v 0.124114 0.141947 16.598251
v 0.824114 0.409325 17.030869
v 0.172333 0.623924 15.987442
v 1.025518 1.350815 16.829697
v 0.278840 1.533129 16.076645
v 0.675440 1.965752 16.567551
v -0.205413 2.268167 16.854431
v -0.331900 2.385117 15.923721
v -0.017978 2.013390 15.358444
v -0.637396 2.397518 14.906937
v 0.093732 1.935221 14.295334
v -1.009660 2.998093 15.299973
v -1.128316 2.805943 14.245895
v -0.500702 2.558079 13.230759
v 0.184251 2.248423 13.419479
v 0.629542 1.892391 13.506805
v 2.956604 3.136433 13.093887
v 2.083548 2.612961 12.978928
v 2.695698 2.499165 12.614502
v 3.222663 2.701683 12.200485
v 3.784202 3.588448 12.551514
v 3.786742 3.295425 12.108734
v 3.655537 13.400536 3.737305
v 3.920154 12.667320 3.892670
v 3.981690 13.267014 3.397797
v 3.232261 12.872120 4.277985
v 3.232261 13.737370 4.277985
v 3.373023 13.778095 3.353012
v 2.882112 14.174698 3.785645
v 2.948400 13.953487 4.739594
v 2.959605 14.708008 4.659073
v 2.898112 14.417931 5.542648
v 3.129603 15.232815 5.542648
v 2.833580 15.711788 4.767639
v 2.479057 15.205349 4.121353
v 2.338603 14.613789 3.306671
v 1.897661 15.204685 3.638290
v 1.579604 15.592812 3.769241
v 2.058579 16.007812 4.288666
v 1.100627 16.007812 4.288666
v 0.626742 15.172955 4.068527
v 0.788603 14.613789 3.306671
v 0.039880 14.712978 3.914230
v 0.307256 14.280354 3.214233
v -0.389281 14.248207 3.689133
v -0.121905 13.815586 2.989136
v -1.095172 13.711815 3.598663
v -0.827796 13.279194 2.898666
v -0.827796 13.279194 2.033417
v -1.232067 12.972187 2.882599
v -1.232067 12.972187 2.017349
v -1.508894 13.343513 1.454910
v -1.096881 13.800301 1.276138
v -2.462058 15.395100 2.945190
v -2.939912 14.871902 2.072433
v -2.744847 15.399364 2.151367
v -2.610090 15.994347 2.156723
v -2.292049 16.220871 3.007767
v -2.771199 16.628311 2.348526
v -2.665561 16.825230 3.238617
v -3.066554 17.240990 2.621597
v -3.098185 17.525227 3.505997
v -3.258359 17.882122 3.003174
v -3.228809 18.207867 3.575836
v -15.827052 16.386913 4.230637
v -15.075173 15.492897 4.516281
v -15.025800 15.913067 3.791153
v -15.827052 16.386913 3.300095
v -15.032146 15.773064 3.124054
v -16.453396 16.744144 3.705307
v -16.453396 16.744144 4.755966
v -17.303396 17.068813 4.230637
v -17.303396 16.814922 3.336899
v -18.153397 16.744144 3.705307
v -18.118279 17.126183 4.463043
v -17.629398 17.172413 4.782043
v -18.329397 17.439793 5.214661
v -19.050451 17.577457 4.812958
v -19.294771 16.523754 3.906616
v -18.692905 15.987324 3.229874
v -19.917770 16.010788 3.496399
v -20.350395 16.501698 3.892990
v -20.617771 16.069073 3.192993
v -21.050394 16.769073 3.460373
v -21.108681 16.465675 2.760361
v -21.313473 17.291988 2.935806
v -21.183290 16.619556 2.011642
v -20.717308 15.956120 1.817978
v -21.392380 17.355579 2.011642
v -21.250887 17.685680 3.811249
v -21.529287 18.287868 2.960236
v -21.508537 18.133877 2.041641
v -21.397396 18.931816 2.041641
v -21.687691 18.462112 1.281647
v -21.687691 19.401520 1.281647
v -22.118284 18.931816 0.748657
v -22.447689 19.691814 0.811935
v -22.917397 18.931816 0.521637
v -23.387104 19.691814 0.811935
v -23.733532 18.961258 0.644028
v -24.137844 19.364159 1.046555
v -24.585369 18.816692 0.594131
v -24.158211 17.999615 0.479141
v -25.068396 17.887814 0.364639
v -25.593725 18.737812 0.689316
v -25.962139 17.887814 0.618530
v -25.593725 17.037815 0.689316
v -26.483757 17.241230 1.140396
v -25.954281 16.454422 1.375137
v -26.943558 16.215832 1.606674
v -26.386904 15.754421 1.642502
v -26.223780 15.219383 1.690552
v -26.943558 15.277798 1.606674
v -26.565533 14.422375 1.670029
v -25.749397 14.451817 1.547638
v -25.275015 15.219383 1.690552
v -26.219105 13.691818 1.837936
v -27.016352 13.692932 1.948654
v -26.651037 13.101841 2.174423
v -25.785791 13.101841 2.174423
v -27.065887 12.946335 2.574539
v -27.859066 13.038818 2.285309
v -27.534397 12.513485 3.135315
v -26.834396 12.571774 3.438721
v -27.255396 12.265099 3.759506
v -26.440857 12.084484 4.072098
v -27.255396 12.152817 4.565643
v -26.488714 12.348854 5.109589
v -27.255396 12.384308 5.380524
v -26.781561 12.822689 5.876266
v -25.836855 12.522480 5.961700
v -26.364407 13.127979 6.488113
v -25.774137 12.607674 6.979599
v -24.933397 12.363808 6.122772
v -24.933397 12.154716 6.858795
v -24.083399 12.570484 6.666214
v -24.500774 11.663807 7.255386
v -23.816021 12.137863 7.366226
v -23.383398 12.628773 6.969620
v -23.383398 12.837864 6.233597
v -24.071047 11.331135 7.638397
v -23.283913 11.385937 7.695053
v -23.487535 10.710960 8.251694
v -24.439419 10.622818 7.796661
v -24.096310 10.067654 8.449295
v -24.918396 10.079308 8.235764
v -24.918396 9.751007 8.980530
v -24.360310 9.227177 9.423096
v -24.993849 9.724819 9.962524
v -24.434391 8.913555 10.232162
v -25.261227 9.292198 10.662521
v -24.669117 8.428097 10.952347
v -25.066687 8.694279 11.193298
v -24.634064 7.994278 11.460678
v -25.334064 8.261654 11.893295
v -25.030664 7.561653 11.951584
v -25.822092 7.746944 12.347290
v -26.017847 7.443806 12.720322
v -25.351448 6.529545 12.651321
v -24.909857 6.913826 12.097076
v -24.896603 5.996738 12.130859
v -24.981756 5.677601 12.905380
v -24.558386 5.207706 12.164642
v -24.438486 5.027885 13.306686
v -24.124462 4.716999 12.633652
v -24.218670 4.434063 13.504379
v -23.697834 3.996502 12.968201
v -23.782887 3.628941 13.871536
v -23.496731 3.265938 13.014313
v -23.670397 2.797813 13.886642
v -23.345724 2.272484 13.036636
v -22.988491 2.732510 12.410294
v -23.416504 1.904070 13.886642
v -22.820395 1.422485 13.361313
v -22.608904 1.181047 14.939133
v -23.396826 2.100685 14.737778
v -23.365725 1.656487 15.478653
v -22.840395 0.806488 15.803314
v -22.096060 0.640167 15.416214
v -21.864197 0.899908 14.751602
v -21.210491 0.326744 15.076920
v -21.401485 -0.135162 16.120651
v -20.951941 -0.405910 15.163040
v -20.101427 -0.065521 14.637283
v -20.404827 0.634480 14.578995
v -20.404827 -0.765522 14.578995
v -20.997244 -1.409763 15.281647
v -20.410725 -1.364855 14.454651
v -20.056425 -1.366972 13.872681
v -20.053493 -1.955490 13.828293
v -20.410725 -2.415514 14.454651
v -19.724907 -2.776070 13.871246
v -20.067446 -3.477604 14.828888
v -21.192396 -0.871185 16.120651
v -20.938503 -1.764929 16.120651
v -20.632484 -2.414162 15.821640
v -20.690773 -2.717562 16.521652
v -20.423397 -3.150185 15.821640
v -20.360214 -3.904514 16.385361
v -20.169502 -4.043928 15.821640
v -19.773275 -4.818699 16.712616
v -19.638773 -4.876455 15.763412
v -20.290503 -4.241928 17.195648
v -19.694397 -4.723513 17.720978
v -18.844397 -5.048185 17.195648
v -18.844397 -4.794292 18.089386
v -19.369724 -4.198183 18.570969
v -18.411774 -4.277950 18.700043
v -18.144398 -4.852579 18.392792
v -17.711773 -4.545328 19.132660
v -18.381844 -3.806528 19.040741
v -17.618420 -3.880184 19.339691
v -17.221821 -4.312807 19.830597
v -17.393295 -5.173927 19.655365
v -16.987373 -4.683208 20.392639
v -16.987373 -5.641163 20.392639
v -17.051905 -5.977070 19.617645
v -16.548279 -5.162186 20.936157
v -16.277344 -4.395504 20.971603
v -15.880744 -4.828127 21.462509
v -15.825068 -5.395214 21.533005
v -15.372790 -4.861563 22.094406
v -15.243726 -5.819515 22.014633
v -14.609256 -5.191185 22.696732
v -14.953989 -4.396725 22.746826
v -14.282899 -4.594185 23.014023
v -14.492396 -3.955561 23.541016
v -14.015523 -4.161562 23.714035
v -13.582899 -4.861563 23.446655
v -13.431992 -4.623281 24.270325
v -13.894410 -4.179630 24.721146
v -13.282386 -4.594297 25.295639
v -12.990531 -4.994070 24.404404
v -12.499619 -5.390671 24.837036
v -12.749397 -5.024891 25.765350
v -11.989397 -5.315186 25.295639
v -11.989397 -5.524275 24.559616
v -11.220874 -5.640862 24.737808
v -11.556772 -6.015184 24.163010
v -10.719728 -6.190069 24.216019
v -11.182010 -6.694016 23.672745
v -10.355103 -6.891184 24.059341
v -10.645397 -7.360891 23.299347
v -9.885397 -7.424175 23.628754
v -9.885397 -7.651186 22.829636
v -9.125397 -7.360891 23.299347
v -9.125397 -7.360891 22.359940
v -9.885397 -7.424175 22.030533
v -8.592407 -6.930298 22.829636
v -8.655691 -6.600893 22.069641
v -8.267447 -6.193100 22.829636
v -8.557316 -6.662117 23.588531
v -8.322396 -6.158562 24.011017
v -7.646634 -5.764668 23.396744
v -7.776536 -5.796499 22.397018
v -7.298397 -5.371513 22.492310
v -6.649380 -5.257538 23.040421
v -6.701710 -4.910564 22.091400
v -5.873531 -4.824175 22.554672
v -5.873531 -4.615086 21.818649
v -5.139748 -4.895367 22.272141
v -5.098396 -4.760891 21.348938
v -5.798396 -4.493515 20.916306
v -5.877740 -4.299280 20.362198
v -4.338397 -5.051186 21.818649
v -4.338397 -4.940046 21.020706
v -4.401397 -4.863195 20.278763
v -3.551396 -4.656513 20.822220
v -3.551396 -4.656513 19.956970
v -2.861180 -4.184196 20.200943
v -2.932747 -4.311289 20.957321
v -2.306396 -3.672512 20.472305
v -2.306396 -3.672512 21.522964
v -1.686163 -3.534201 20.997635
v -1.606396 -3.405136 20.039688
v -0.906396 -3.672512 20.472305
v -0.811279 -3.701859 19.729858
v 0.041279 -4.020519 20.320770
v 0.041279 -4.020519 19.384521
v -0.187397 -4.125462 18.946152
v 0.913604 -4.194185 19.852646
v 0.913604 -3.940292 18.958893
v 1.763604 -3.869513 19.327316
v 1.438932 -3.344183 18.477310
v 2.288933 -3.019514 19.002640
v 1.878867 -2.579670 18.343643
v 2.439939 -2.026060 18.980316
v 1.991932 -1.829514 18.082642
v 2.316604 -1.304184 18.932648
v 1.991932 -0.778854 18.082642
v 2.198612 -0.457058 18.932648
v 1.991932 0.086391 18.082642
v 2.407701 0.278965 18.932648
v 2.361218 0.534679 18.418198
v 2.193310 0.881107 17.687637
v 1.433309 0.590816 17.217941
v 1.762715 1.350815 17.154648
v 2.549777 1.612455 17.680069
v 2.130527 2.242201 17.106522
v 2.930097 2.053541 17.320633
v 2.563150 2.733112 16.709915
v 3.362720 2.544453 16.924042
v 3.362720 2.753540 16.188019
v 2.525424 2.956608 15.950577
v 3.338604 2.797817 15.494644
v 2.563604 3.093838 15.015671
v 1.913620 3.521076 15.461304
v 1.894587 3.400791 16.421799
v 1.627211 2.968166 17.121811
v 0.927211 2.700790 17.554428
v 1.230610 3.400791 17.612717
v 0.494587 3.400791 17.821808
v 0.061963 2.700790 17.554428
v 0.494587 2.209881 17.157822
v 1.194587 2.268167 16.854431
v -0.241436 3.400791 17.612717
v -0.638037 2.968166 17.121811
v -0.638037 3.833416 17.121811
v -0.898212 3.301426 16.273727
v -0.696324 2.664768 16.421799
v -0.793668 4.102062 16.273727
v -1.158387 3.634689 15.425644
v -0.937022 4.390766 15.368210
v -0.983032 4.714214 14.610764
v -1.348655 3.566074 14.102249
v -1.359905 4.455433 13.958603
v -1.627281 4.022808 13.258591
v -1.418192 3.286785 13.258591
v -1.359905 3.590183 12.558594
v -0.741533 2.878052 12.845596
v -0.460615 3.178600 12.359314
v -0.227281 4.022808 11.858597
v 0.009801 3.172539 12.369125
v 0.710909 4.172680 12.157730
v 1.107510 3.740055 12.648636
v 1.107510 4.605305 12.648636
v 1.387620 4.152073 13.381989
v 1.165797 4.908703 13.348648
v 1.558628 4.499844 14.123642
v 1.926355 3.500469 14.027954
v 1.905324 3.935543 14.775803
v 1.616916 4.803242 14.823639
v 1.625213 4.388775 15.509140
v 1.126004 5.199841 15.256271
v 1.200886 4.674305 15.927261
v 1.685498 4.136814 16.421799
v 1.194587 4.533413 16.854431
v 1.627211 3.833416 17.121811
v 0.927211 4.100792 17.554428
v 0.494587 4.591702 17.157822
v 0.061963 4.100792 17.554428
v -0.205413 4.533413 16.854431
v 0.368100 4.813198 16.291733
v -0.458387 4.767315 15.858261
v 0.426004 5.258129 15.559662
v -0.383059 5.155327 15.149826
v 0.426004 5.467220 14.823639
v -0.025114 5.363590 14.084671
v 0.674886 5.305302 13.781265
v -0.025114 5.572681 13.348648
v -0.725114 5.305302 13.781265
v -0.826198 5.230366 12.871002
v -1.418192 4.758831 13.258591
v -1.359905 4.455433 12.558594
v -0.659905 4.722809 12.125977
v -0.963305 4.022808 12.067688
v -0.025114 5.363590 12.612625
v 0.407510 4.872681 12.216019
v 0.674886 5.305302 12.916016
v 1.126004 5.199841 14.391022
v 2.571923 3.202946 14.214676
v 2.571923 2.993855 13.478653
v 3.338604 3.029308 14.679764
v 3.714046 3.182442 14.282593
v 3.709436 3.423992 13.493866
v 4.506604 3.610485 13.848312
v 4.275113 3.985050 12.984131
v 5.030933 4.418438 13.038589
v 5.575603 4.402836 13.802658
v 5.658240 4.637909 12.531433
v 6.154565 5.112865 13.514969
v 6.196422 5.001583 12.834427
v 2.561545 12.105103 4.624893
v 3.067037 11.333893 4.440964
v 3.450177 12.043537 4.229202
v 2.227598 11.500050 4.699738
v 1.830997 11.932674 5.190643
v 2.164946 12.537727 5.115799
v 2.874232 12.885979 4.665771
v 2.497825 13.468693 5.236572
v 2.100944 12.891026 6.028091
v 2.382024 13.799568 6.128418
v 2.362606 13.373554 6.940369
v 2.991852 14.385468 7.009323
v 2.933564 14.688866 6.309326
v 3.225529 13.796886 7.436615
v 3.625494 14.679085 7.764694
v 3.885346 13.755814 7.742538
v 4.366933 14.281143 8.338638
v 3.903069 15.293716 8.688019
v 4.533253 14.668243 9.082977
v 4.667580 15.088787 9.524643
v 4.273417 15.925564 9.721619
v 3.454815 15.980850 9.385620
v 2.491203 15.516903 8.665268
v 2.553603 15.774670 9.114655
v 1.343604 15.686039 9.056763
v 1.579604 15.383720 8.052063
v 2.491203 15.307812 7.929245
v 1.579604 15.592812 7.316040
v 2.613570 15.354900 7.140182
v 2.058579 16.007812 6.796616
v 2.833580 15.711788 6.317642
v 2.354604 16.486790 6.021622
v 2.898112 16.047699 5.542648
v 2.354604 16.486790 5.063660
v 1.579604 16.782814 5.542648
v 1.579604 16.551323 4.727753
v 0.812922 16.586777 4.998703
v 0.804151 16.847523 5.799408
v 0.271488 16.855900 5.830704
v -0.018380 16.386883 5.071823
v 0.324894 16.072067 4.544693
v -0.601900 16.271793 4.639343
v -0.392744 15.412979 4.181610
v -1.128767 15.412979 3.972519
v -1.185420 16.365788 4.077652
v -1.624513 15.886814 3.534134
v -1.960420 15.111816 3.598663
v -1.527796 14.411816 3.866043
v -2.364691 14.804813 3.582596
v -1.932067 14.104813 3.849976
v -2.374765 14.043774 4.142380
v -2.071365 13.343773 4.200668
v -1.499443 13.404812 3.582596
v -1.674765 12.911148 3.709763
v -2.374765 12.643772 4.142380
v -2.107388 12.211147 3.442383
v -1.616477 12.607750 3.009750
v -2.107388 12.211147 2.577133
v -2.807389 11.943771 3.009750
v -2.896514 12.335926 2.242661
v -2.371407 12.570175 1.954941
v -1.935425 12.987499 1.636139
v -3.507389 14.476398 2.577133
v -3.706679 13.577110 2.165543
v -3.414905 14.119202 1.978958
v -3.998300 14.079796 3.009750
v -3.507389 14.476398 3.442383
v -3.940012 13.776398 3.709763
v -3.240012 14.043774 4.142380
v -2.807389 14.534683 3.745773
v -3.543412 13.343773 4.200668
v -2.807389 13.343773 4.409760
v -3.240012 12.643772 4.142380
v -3.940012 12.911148 3.709763
v -3.507389 12.211147 3.442383
v -2.807389 12.152863 3.745773
v -3.998300 12.607750 3.009750
v -3.418263 12.425049 2.386871
v -3.795805 12.966228 2.398880
v -4.207388 13.343773 3.009750
v -1.960420 16.661812 3.598663
v -1.664396 17.140789 4.373672
v -2.496153 17.337208 3.990997
v -2.363943 17.559811 4.852646
v -3.207476 18.380440 4.411133
v -1.630602 17.252193 5.340927
v -2.439396 17.205322 5.667526
v -2.872020 17.696232 5.270920
v -3.384202 18.238129 5.174866
v -15.173802 13.897247 5.109818
v -14.726195 13.942291 5.078979
v -14.845416 14.752132 4.905624
v -15.586935 14.447056 5.635071
v -15.915691 15.456947 5.712204
v -15.903316 15.019749 6.343765
v -16.418081 15.822266 6.630936
v -16.463829 16.074989 5.892242
v -15.928067 15.894146 5.080643
v -17.163830 16.133274 6.195633
v -17.197731 16.910465 5.143082
v -17.712753 17.066502 5.747589
v -17.702587 16.629818 6.544296
v -18.329397 17.439793 6.172623
v -18.455074 17.275043 6.933426
v -18.855890 18.030582 5.869827
v -18.104124 16.889248 7.431351
v -18.620020 17.326088 7.823868
v -19.135916 17.762928 7.351135
v -19.228397 18.052143 8.144318
v -18.632290 17.570557 8.669647
v -19.228397 18.052143 9.194977
v -19.809332 18.565529 8.844666
v -19.989147 18.764442 8.005585
v -20.059261 18.955189 7.291916
v -19.458290 18.498558 6.478638
v -19.729633 19.311199 6.535278
v -19.400002 18.801956 5.778641
v -19.543121 19.655190 6.075775
v -19.496782 19.271679 5.211197
v -19.508028 18.388233 5.181763
v -19.914089 18.845863 4.422043
v -20.118263 18.118305 4.511246
v -20.550888 18.818306 4.243881
v -20.854286 18.118305 4.302155
v -20.550888 17.418304 4.243881
v -19.716545 17.136768 4.325089
v -21.261911 18.720493 3.660233
v -20.424690 19.327816 4.010941
v -21.229082 19.655190 3.131790
v -21.331223 19.193455 2.809204
v -21.566120 20.034325 2.741638
v -21.624407 19.730927 2.041641
v -22.082262 20.283092 2.474274
v -22.157396 20.161526 1.571945
v -22.917397 20.451813 2.041641
v -22.917397 20.224808 1.242538
v -23.854172 20.236179 1.647461
v -24.075270 20.628906 2.744659
v -24.772171 20.129192 2.047379
v -24.922396 20.628906 2.626663
v -25.755486 20.205814 2.066238
v -25.244905 19.613297 1.610535
v -25.068396 19.333920 1.170898
v -25.954281 19.321205 1.375137
v -26.605688 20.248814 1.875931
v -27.075396 19.488815 1.585648
v -26.813755 18.721249 1.519470
v -27.549778 18.721249 1.728561
v -27.994141 18.284817 1.923538
v -28.515093 18.782745 2.384216
v -28.818493 18.082745 2.325928
v -28.297541 17.584816 1.865250
v -27.367008 17.487350 1.404282
v -28.067757 17.096790 1.363434
v -27.376181 16.915833 1.339294
v -27.679581 16.215832 1.397583
v -28.499689 16.506813 1.026932
v -28.170284 15.746815 0.963654
v -27.679581 15.277798 1.397583
v -28.499689 14.986816 1.026932
v -28.160069 14.437298 1.672928
v -28.969397 14.396839 1.363434
v -28.384396 13.773933 1.844986
v -27.727446 13.737297 1.940308
v -29.296827 13.783154 2.118988
v -28.909725 13.038818 2.285309
v -29.750450 13.262375 2.459274
v -29.194122 12.362217 2.803101
v -28.384396 12.442711 2.766907
v -28.809399 11.944485 3.737320
v -29.659397 11.873711 3.368896
v -29.659397 11.619820 4.262650
v -28.809399 11.944485 4.787979
v -28.029631 12.082802 4.262650
v -28.022078 12.348854 5.109589
v -29.134068 12.469818 5.637970
v -28.705944 13.123817 5.832138
v -27.734373 12.927818 5.819626
v -28.075516 13.623737 6.009598
v -27.325510 13.702816 6.212448
v -27.799343 14.469498 5.919601
v -26.767166 13.951679 6.487534
v -27.243162 15.026310 6.521484
v -26.441725 14.548485 7.151642
v -26.067165 13.684303 6.920151
v -25.715668 14.228039 7.760025
v -25.777847 13.287182 7.677597
v -25.278828 13.835526 8.275909
v -25.798523 12.708447 8.576813
v -25.832424 12.304276 7.679611
v -26.172373 11.876789 8.275650
v -25.733280 11.397816 7.732132
v -25.336679 11.830441 7.241226
v -24.933397 10.963806 7.522766
v -25.397373 10.622818 7.796661
v -26.172373 10.918842 8.275650
v -25.693396 10.143841 8.571671
v -26.515936 10.363850 8.928558
v -25.823139 9.974464 9.324509
v -26.652430 10.015015 9.422501
v -26.393850 9.724819 9.962524
v -25.693850 9.783108 10.265915
v -26.109797 9.307728 10.844070
v -26.809797 9.249439 10.540665
v -26.542419 8.816818 11.240662
v -25.766687 8.752563 11.496704
v -26.341621 8.104038 12.108490
v -27.021397 8.273308 11.679764
v -27.021397 7.945007 12.424530
v -26.506905 7.526043 12.983139
v -27.346775 7.877541 13.526871
v -26.738396 7.151485 13.847305
v -27.334503 7.633072 14.372635
v -26.738396 7.151485 14.897964
v -26.327253 6.625820 14.372635
v -26.053669 6.587383 13.891602
v -26.016415 6.302677 14.697266
v -25.525505 5.906075 14.264648
v -25.454725 6.274487 13.414642
v -24.929396 5.424488 13.739319
v -25.170612 4.947422 14.983673
v -24.479727 4.656437 14.403931
v -24.747105 4.223816 15.103943
v -24.047104 3.956440 14.671310
v -23.988817 4.259838 13.971313
v -24.336281 3.597446 15.499313
v -23.786566 3.115528 14.884109
v -23.903658 2.897446 15.766693
v -24.621622 3.235935 16.333649
v -23.903658 2.897446 16.900589
v -23.793770 2.090763 16.328644
v -23.449942 2.647091 17.286240
v -23.365725 1.656487 17.178635
v -23.436504 1.288073 16.328644
v -22.840395 0.806488 16.853973
v -22.551529 1.178368 17.758835
v -22.165480 0.581057 17.069458
v -21.753382 0.115501 16.692764
v -21.674570 0.184456 17.502075
v -21.817486 0.658838 18.269638
v -21.608397 -0.077185 18.269638
v -21.331396 -1.095184 17.473648
v -21.486012 -0.893318 18.299088
v -21.421335 -1.651604 18.247162
v -21.213406 -1.942310 17.473648
v -21.147215 -1.651512 16.663376
v -21.115770 -2.421238 18.022644
v -20.828215 -2.886513 17.212372
v -20.758503 -3.223928 18.022644
v -20.687725 -2.855515 18.872635
v -20.152905 -3.733856 18.710358
v -19.837725 -3.180183 19.397980
v -20.206139 -2.330185 19.468750
v -19.312397 -2.330185 19.722641
v -18.787067 -3.180183 19.397980
v -18.465271 -2.330185 19.604660
v -17.921820 -3.180183 19.397980
v -17.729246 -2.330185 19.813736
v -17.355457 -2.659567 20.163300
v -17.221821 -3.447561 19.830597
v -16.700766 -3.019516 20.645523
v -16.731339 -3.907476 20.456894
v -16.191292 -3.468895 21.128586
v -16.642479 -2.716116 21.345535
v -16.133003 -3.165495 21.828598
v -15.880744 -3.962881 21.462509
v -15.822456 -3.659481 22.162521
v -15.613368 -4.395504 22.162521
v -15.580829 -3.914358 23.049240
v -16.313368 -3.262880 22.595139
v -16.377838 -3.725800 23.443512
v -15.386612 -3.696728 23.879456
v -16.348396 -3.848185 24.259644
v -15.192396 -3.570192 24.820770
v -14.492396 -3.837568 24.388138
v -14.592438 -3.560457 25.290085
v -15.065171 -3.044563 25.726913
v -14.304882 -3.095181 26.042908
v -13.850413 -3.878675 25.672302
v -13.582612 -3.564201 26.212997
v -13.219103 -4.264893 26.055649
v -12.788507 -3.795185 26.588638
v -12.459103 -4.555183 26.525345
v -11.989397 -3.795185 26.815643
v -11.556772 -4.630320 26.646927
v -11.989397 -5.088175 26.094757
v -11.289396 -5.146461 26.398148
v -11.220874 -5.480747 25.504807
v -10.452352 -5.757446 25.781265
v -10.452352 -5.757446 24.916016
v -9.961440 -6.154047 25.348633
v -10.019728 -6.457447 24.648636
v -9.416380 -6.781162 24.855484
v -9.416380 -6.990252 24.119461
v -8.813308 -6.555162 24.443649
v -8.745067 -6.629560 25.452942
v -8.322396 -6.158562 24.876266
v -9.472818 -6.808113 25.373123
v -9.473760 -7.136383 26.082977
v -8.477691 -7.062183 26.152939
v -8.947396 -7.595175 26.583542
v -8.188512 -7.630266 26.851715
v -7.904092 -7.045528 26.402542
v -7.651037 -7.391184 26.821503
v -7.218414 -6.900274 26.424896
v -7.471468 -6.554619 26.005951
v -6.732116 -6.402346 25.878311
v -7.118396 -6.127562 25.066269
v -7.622396 -6.100275 25.179672
v -7.622396 -5.891186 24.443649
v -6.172424 -6.081944 25.375031
v -6.418396 -5.860186 24.633652
v -6.617564 -5.653862 23.834579
v -5.658397 -5.569891 24.163940
v -5.949380 -5.199251 23.343826
v -5.090315 -4.871117 23.874756
v -5.107421 -4.916082 22.919235
v -4.569380 -4.448538 23.411850
v -4.338397 -4.824175 22.617752
v -3.868690 -4.291183 23.048355
v -3.578396 -4.760891 22.288345
v -3.108691 -4.000893 22.578644
v -3.045407 -4.330297 21.818649
v -3.578396 -4.760891 21.348938
v -2.590519 -3.531185 22.162857
v -3.048581 -3.062168 22.677704
v -2.287120 -2.831184 22.221146
v -2.622659 -2.207710 22.387100
v -1.686163 -2.297184 22.234665
v -1.421872 -2.831184 22.221146
v -0.950140 -2.297184 22.443741
v -0.581725 -3.147182 22.372971
v -0.906396 -3.672512 21.522964
v -0.056396 -3.743290 21.891388
v -0.056396 -3.997185 20.997635
v 0.793603 -3.672512 21.522964
v 0.927657 -4.050602 20.748795
v 1.644372 -3.419317 21.183517
v 1.763604 -3.869513 20.377975
v 2.288933 -3.019514 20.702637
v 2.359710 -3.387928 19.852646
v 2.613604 -2.494184 19.852646
v 2.288933 -1.968855 20.702637
v 2.359710 -1.600441 19.852646
v 1.914372 -1.104673 20.471146
v 2.150621 -0.864418 19.852646
v 1.914372 -0.239428 20.471146
v 2.373967 -0.064535 19.747528
v 2.346996 0.460573 20.738525
v 2.636577 0.469847 19.682693
v 3.127488 0.866447 20.115311
v 2.739075 1.105469 19.217484
v 3.627087 1.677177 19.632416
v 3.448487 2.294163 18.844894
v 2.999132 1.953308 18.262482
v 2.581553 1.288900 18.447647
v 3.448487 2.294163 17.908646
v 4.204487 2.641163 18.214401
v 4.205929 2.583477 17.440521
v 4.939604 3.081486 17.760071
v 5.027604 2.926487 17.216965
v 4.177604 2.601814 16.691635
v 5.027604 2.926487 16.166306
v 4.214550 2.743313 15.788589
v 4.796113 3.301044 15.302139
v 4.113604 3.093838 15.015671
v 4.586370 3.481426 14.806259
v 5.286370 3.539711 15.109665
v 5.132948 3.967724 14.308334
v 5.494645 4.079884 15.141647
v 5.680730 4.346184 14.755478
v 5.552933 3.776485 15.841644
v 5.787204 4.745216 15.756638
v 6.054580 5.177841 15.056641
v 6.119112 4.841930 14.281647
v 6.350604 5.656815 14.281647
v 6.206221 6.136070 15.057098
v 6.119112 6.471699 14.281647
v 6.505698 6.030327 13.581650
v 6.177425 6.764812 13.268204
v 6.533898 6.177460 13.273529
v 7.964333 10.059307 10.068008
v 7.380619 10.168564 9.642502
v 7.815854 9.823296 9.416824
v 7.088695 10.705223 9.574692
v 7.960004 10.486271 10.885361
v 8.894996 10.193954 10.443146
v 8.894996 9.984863 9.707123
v 8.573238 9.745884 9.085022
v 1.855323 10.717365 4.596680
v 2.198324 10.191322 4.214630
v 2.725011 10.571823 4.426987
v 1.574643 10.032631 3.757874
v 1.155323 10.775654 4.293274
v 1.272127 10.992851 5.223801
v 0.467247 10.708549 4.419846
v 0.455323 10.717365 5.461929
v 1.138439 10.671993 5.941818
v 1.330643 11.304356 6.118301
v 1.388930 11.000957 6.818314
v 1.830997 11.932674 6.590652
v 1.772710 12.236073 5.890640
v 2.263776 12.523014 6.728088
v 2.285819 12.006424 7.311661
v 2.759206 12.940929 7.431274
v 2.985819 12.273800 7.744293
v 3.450155 12.751873 7.668243
v 4.229537 12.809315 7.690186
v 2.778828 11.390667 7.890533
v 3.611259 11.207535 8.187576
v 3.108936 10.800865 8.052124
v 4.472428 11.247375 7.919968
v 2.372913 10.800865 7.843033
v 2.676312 10.100864 7.784744
v 3.434593 10.036320 7.876740
v 3.108936 9.609955 7.388153
v 3.997203 9.746658 6.660233
v 4.068224 9.885925 7.294449
v 4.290395 9.772816 7.668961
v 3.641933 9.461143 7.894638
v 4.211494 9.334892 7.982895
v 4.070922 8.767715 8.249222
v 3.209310 8.761143 8.162018
v 2.905910 9.461143 8.103729
v 2.509310 9.028519 8.594635
v 2.509310 9.893768 8.594635
v 2.516747 10.431423 8.847641
v 2.249371 9.998798 9.547638
v 2.458459 10.734821 9.547638
v 2.949370 11.131420 9.115021
v 3.363651 11.104397 8.727020
v 3.495948 11.617718 9.612946
v 2.757730 11.020184 10.356812
v 3.196112 11.515930 10.830643
v 3.582698 11.957302 10.130646
v 4.282698 12.224678 9.698013
v 4.605622 11.733044 9.164597
v 5.114104 12.247597 9.782211
v 4.388398 11.215408 8.607590
v 7.000725 11.494091 10.162827
v 6.351930 11.679451 9.690964
v 6.829433 11.194412 9.691849
v 5.963553 12.239002 9.966492
v 6.780005 12.251446 11.012512
v 7.082319 11.832993 11.113190
v 7.512515 11.063705 10.582535
v 7.471498 11.052074 11.350647
v 7.459227 11.296543 12.196426
v 8.067603 10.570484 11.875977
v 8.359385 10.952717 12.752747
v 8.917603 10.499710 12.244385
v 8.917603 10.245819 11.350647
v 9.745628 10.458721 11.953445
v 9.911886 10.203007 11.175613
v 9.249150 10.224197 10.864899
v 10.024604 10.079815 10.385635
v 10.799603 10.375835 10.864624
v 10.799603 10.375835 9.906662
v 9.405933 10.064114 9.521271
v 9.798080 10.564514 8.451019
v 10.602631 10.770000 9.069885
v 10.190425 11.192661 8.366226
v 10.938633 11.629814 9.014603
v 10.306393 11.951618 8.148499
v 10.595760 12.441570 9.017731
v 10.103669 12.649445 8.320953
v 9.559934 13.111961 8.604263
v 9.634488 13.088806 9.442596
v 8.875976 13.218582 9.026581
v 4.965877 13.968243 8.815598
v 5.599082 13.292389 9.209274
v 5.579453 13.284660 8.376389
v 4.854036 13.507275 8.056885
v 5.130692 13.610695 9.633774
v 4.921604 14.346718 9.633774
v 5.230167 13.972584 10.460068
v 5.271933 14.762192 10.878693
v 4.825852 15.457161 10.232956
v 5.247192 15.758614 10.801285
v 4.600222 16.502022 10.191574
v 5.098967 17.142017 10.748749
v 4.368346 17.590816 10.177536
v 3.910698 16.765396 9.765427
v 3.474604 17.590816 9.923645
v 3.060102 16.890816 9.774261
v 2.686279 17.551487 10.116684
v 2.382880 16.851486 10.058395
v 2.986227 16.265579 9.511246
v 1.812620 16.200882 9.514832
v 1.343604 16.634808 10.005539
v 0.874587 16.200882 9.514832
v 0.583603 16.571522 10.334930
v 0.101654 16.160423 9.824326
v 0.212604 15.930325 9.278168
v 0.643604 15.744328 8.753372
v 0.212604 15.930325 8.412918
v 0.761604 15.697712 7.753784
v -0.018380 16.386883 7.651459
v 0.446980 16.351097 7.352066
v 1.146980 16.083721 6.919434
v 0.879604 16.609608 6.660934
v 1.579604 16.551323 6.357529
v 0.272604 16.757526 6.831345
v -0.487396 16.820808 7.160751
v -0.487396 17.047813 6.361649
v -1.246281 16.855900 6.892578
v -1.672715 17.031685 6.132614
v -0.463577 16.916332 5.530792
v -2.177397 16.776505 6.919220
v -2.439396 16.996231 6.403549
v -2.877397 16.834789 7.222626
v -3.652396 17.227623 6.813751
v -3.139396 17.263607 5.970932
v -4.085020 17.718533 6.417160
v -3.881602 18.297729 5.814285
v -4.470540 18.056118 6.025864
v -11.800740 16.605534 8.055710
v -11.807970 17.379753 7.816803
v -11.948343 17.206596 7.066589
v -11.780453 16.287418 7.056061
v -11.999590 16.600815 6.549713
v -12.195030 15.829636 6.187714
v -11.966877 15.540928 7.235138
v -12.475037 14.965630 6.280594
v -12.385818 14.589745 6.909164
v -12.886591 14.165417 6.088516
v -12.876729 14.193142 7.341782
v -13.211673 13.651192 7.134781
v -13.200127 13.254509 6.367752
v -13.406940 13.600113 5.741501
v -13.737779 12.764622 5.868103
v -14.060237 13.286373 5.312317
v -14.437778 12.706337 5.564713
v -14.437778 13.430580 5.078979
v -15.137778 12.764622 5.868103
v -15.570402 13.464622 5.600723
v -15.628690 13.161224 6.300735
v -15.854311 14.014431 6.335083
v -15.570402 13.464622 7.000732
v -15.600191 14.498894 7.068863
v -15.080320 14.083817 7.625687
v -15.412404 14.623150 8.294144
v -15.903316 15.019749 7.861526
v -15.938408 15.287926 7.102646
v -16.471397 15.718525 7.572357
v -16.410397 15.717953 8.587250
v -16.948444 15.961193 8.534317
v -17.439354 16.357792 8.101700
v -17.163830 16.133274 7.102646
v -17.654739 16.529877 7.577026
v -18.104124 16.889248 8.296600
v -17.408466 16.587536 8.891556
v -17.906395 17.048206 9.412506
v -17.206396 16.989922 9.715897
v -17.945004 17.098949 9.988144
v -18.645004 17.366329 9.555527
v -19.142147 16.791698 10.485291
v -19.553068 17.526814 10.044968
v -20.078396 16.676815 10.369644
v -20.756252 17.640816 10.151031
v -19.992912 18.185810 9.634903
v -21.059654 18.340816 10.092758
v -21.449770 17.525932 10.194916
v -21.953396 18.340816 10.346649
v -21.428066 19.190815 10.021973
v -22.478725 19.190815 10.021973
v -21.953396 19.786922 9.540390
v -21.103395 19.716145 9.171967
v -20.507290 19.234558 8.646637
v -21.024517 19.811333 8.163620
v -20.550175 19.351791 7.724548
v -21.024094 20.078548 7.427856
v -20.491886 19.655190 7.024536
v -20.894398 20.432037 6.988525
v -20.095287 20.087814 6.533630
v -20.424690 20.847813 6.470352
v -19.664692 20.557518 6.000641
v -20.134396 21.317524 5.710342
v -19.601408 20.886925 5.240646
v -19.374397 20.087814 5.240646
v -19.664692 20.557518 4.480637
v -19.664692 19.618111 4.480637
v -20.095287 20.087814 3.947647
v -20.424690 20.847813 4.010941
v -20.832481 20.087814 3.622696
v -21.363413 20.946880 3.950821
v -21.573517 20.456539 3.176468
v -22.063414 21.005169 3.647430
v -22.639179 21.005917 3.199539
v -22.347399 21.388142 4.076309
v -23.111912 21.521809 3.636383
v -23.496334 21.135815 3.157761
v -22.917397 20.660904 2.777664
v -24.042618 21.872646 3.428818
v -24.507893 21.119816 3.141251
v -24.922396 21.819817 3.290649
v -25.355019 21.119816 3.023270
v -25.834827 21.925480 3.448990
v -25.883888 21.307808 2.971313
v -26.316511 20.816898 2.574707
v -26.642773 21.597675 3.440323
v -27.075396 21.106766 3.043732
v -27.075396 20.781807 2.306534
v -27.835394 20.718525 2.635941
v -27.545103 20.248814 1.875931
v -28.305101 19.958519 2.345642
v -27.874508 19.488815 1.812653
v -28.443567 20.352589 3.057999
v -28.719856 19.530575 3.038071
v -29.090403 20.059196 3.519653
v -29.265165 19.067326 3.572128
v -28.953907 18.563698 2.757248
v -29.639725 18.203144 3.340637
v -29.619373 17.772655 2.725662
v -29.886749 17.340031 3.425659
v -29.828463 17.036633 2.725662
v -29.341095 17.714752 2.306091
v -29.729395 16.976521 1.786942
v -28.969397 17.039806 1.457535
v -29.439104 16.506813 1.026932
v -30.199102 16.216518 1.496643
v -29.768509 15.746815 0.963654
v -28.969397 15.746815 0.736649
v -29.439104 14.986816 1.026932
v -30.199102 15.277111 1.496643
v -29.806522 14.452442 1.713257
v -30.367012 14.930679 2.227203
v -30.073900 14.019817 2.413254
v -30.639687 14.328152 2.865219
v -30.553141 13.319817 2.816544
v -31.034725 13.845146 3.412643
v -31.034725 12.794487 3.412643
v -30.184727 12.469818 2.887314
v -30.509396 11.944485 3.737320
v -31.105503 12.426075 4.262650
v -30.509396 11.944485 4.787979
v -31.034725 12.794487 5.112640
v -30.184727 12.469818 5.637970
v -29.659397 11.873711 5.156387
v -30.553141 13.319817 5.708755
v -29.659397 13.319817 5.962646
v -30.184727 14.169815 5.637970
v -29.191273 14.192142 5.788986
v -29.724703 14.796158 5.280746
v -28.535366 14.469498 5.710510
v -28.737343 15.453133 5.677597
v -29.421303 15.496159 5.222458
v -29.074083 16.165867 5.715286
v -27.899773 16.359798 6.091782
v -27.596373 15.659798 6.033493
v -26.838326 16.031769 6.660736
v -27.401844 16.820473 6.612732
v -28.332396 16.850708 6.488388
v -27.807066 17.446815 6.969971
v -26.917700 17.798885 6.580078
v -26.614300 17.098885 6.638367
v -25.952282 16.507206 6.991150
v -26.441725 15.599144 7.151642
v -25.591726 15.923813 7.676971
v -25.960140 15.073814 7.747757
v -25.066397 15.073814 8.001648
v -24.633774 16.003578 7.806030
v -24.130148 15.188698 8.117294
v -24.633774 14.373814 8.269028
v -23.933773 14.641190 8.701645
v -24.366396 13.941189 8.969025
v -24.018669 14.032246 9.420685
v -24.901396 13.649609 9.942352
v -25.060968 13.590870 9.026520
v -23.530643 14.839970 9.032883
v -23.527760 14.428848 9.853302
v -22.984329 15.344296 9.345078
v -23.167503 14.845558 10.388641
v -23.695669 14.164249 10.761688
v -24.825943 13.678432 10.581390
v -25.601397 13.591324 10.245758
v -25.784130 13.073685 9.342667
v -26.202740 13.094902 9.730484
v -26.310040 12.278507 8.996689
v -26.515425 12.314026 9.689606
v -26.855373 12.751789 10.285645
v -27.215425 12.046650 10.122223
v -27.253773 12.483910 10.610504
v -27.686396 11.783909 10.343124
v -27.479939 11.449852 9.802612
v -26.591389 11.444447 8.975189
v -27.171118 10.854267 9.101944
v -27.909851 10.906605 9.358521
v -27.559654 10.045475 9.291656
v -28.386396 10.078815 9.166641
v -27.907419 9.303818 9.462662
v -27.070644 9.500790 9.856827
v -27.611397 8.824841 10.237671
v -28.386396 8.760307 9.901764
v -28.386396 8.528816 10.716644
v -27.608665 8.502850 11.070847
v -28.496397 8.605217 11.583038
v -27.796396 8.337841 12.015671
v -28.392433 8.677784 12.535858
v -27.882095 8.297783 13.051422
v -28.351559 8.990475 13.316727
v -27.934847 8.735630 13.842834
v -28.283047 9.718815 13.945526
v -27.842724 9.264484 14.680649
v -27.691772 8.435764 14.430084
v -27.347942 8.992092 15.330246
v -27.263725 8.001484 15.222641
v -26.782141 8.526814 15.818741
v -26.506905 7.526043 15.762161
v -26.295790 7.942440 16.164871
v -26.015995 7.129444 16.194778
v -26.074282 6.826046 15.494781
v -25.816486 6.866837 16.589645
v -25.863571 6.194221 15.566071
v -25.607397 6.130814 16.589645
v -25.874773 6.563438 17.289642
v -25.641579 5.437321 17.134995
v -25.797398 4.983814 16.333649
v -25.641579 5.437321 15.532288
v -25.507103 4.514111 15.573639
v -25.570387 4.184704 16.333649
v -25.037395 3.754108 15.863937
v -25.037395 3.754108 16.803345
v -25.507103 4.514111 17.093643
v -24.747105 4.223816 17.563354
v -24.325035 3.615643 17.197418
v -23.687445 3.480274 17.425568
v -24.277397 4.639591 18.081528
v -23.233774 4.280807 17.746140
v -22.930374 3.580807 17.687851
v -22.833973 3.079414 17.840729
v -22.533773 4.013432 18.178772
v -22.173532 3.648670 18.394928
v -22.782372 4.644123 18.553741
v -21.733103 4.574818 18.661346
v -21.306549 3.796768 18.634567
v -21.697739 3.058815 18.735977
v -22.437372 2.646790 18.331650
v -22.995567 2.161989 17.832901
v -22.437372 1.688837 18.331650
v -21.998280 2.167814 18.875153
v -21.183395 2.167814 19.106644
v -20.997667 1.278564 19.129807
v -20.377260 2.167814 18.994354
v -19.944637 1.467813 19.261734
v -20.558102 0.682814 19.499344
v -21.378212 0.391832 19.128708
v -20.887508 -0.077185 19.562637
v -21.318102 -0.546892 19.029648
v -20.558102 -0.837183 19.499344
v -20.965290 -1.360895 18.811600
v -20.771940 -1.864910 18.980240
v -20.035362 -1.526243 19.505997
v -19.614014 -0.844751 19.646729
v -18.808769 -1.515303 19.570923
v -18.376146 -0.815302 19.838303
v -18.072746 -1.515303 19.780014
v -17.482506 -1.905693 20.096115
v -17.290138 -0.587185 20.599747
v -17.085907 -1.473070 20.587036
v -16.958858 -2.226944 20.654205
v -16.818531 -1.905693 21.287033
v -16.650116 -1.500879 21.798355
v -16.916338 -2.024601 22.152176
v -16.791111 -1.509869 22.806870
v -17.241611 -2.328184 22.909668
v -16.623915 -2.768894 22.261215
v -16.911226 -3.171295 22.963028
v -17.578102 -2.797892 23.499649
v -17.108397 -3.557890 23.789932
v -17.641384 -3.127296 24.259644
v -17.108397 -3.557890 24.729355
v -17.578102 -2.797892 25.019638
v -16.818102 -3.088182 25.489349
v -16.348396 -3.621174 25.058762
v -15.879380 -3.187250 25.549454
v -17.147507 -2.328184 25.552628
v -17.578102 -1.858477 25.019638
v -16.818102 -1.568186 25.489349
v -17.108397 -1.098478 24.729355
v -16.373520 -1.047520 25.208954
v -15.639757 -0.885843 25.756561
v -15.621500 -2.144403 26.070755
v -15.113139 -1.586185 26.523758
v -14.744725 -2.436184 26.452972
v -14.219397 -1.586185 26.777634
v -13.680819 -2.425179 26.582489
v -13.339619 -1.639017 26.639481
v -12.874342 -2.391850 26.351913
v -13.256351 -3.036301 26.414627
v -12.441718 -3.091850 26.619293
v -12.138319 -2.391850 26.561005
v -11.727757 -3.027618 26.881821
v -11.427045 -1.873617 27.351303
v -10.886165 -2.350697 27.864151
v -10.856773 -3.362562 27.515640
v -11.253373 -3.795185 27.024734
v -11.033765 -4.335230 27.008896
v -10.333765 -4.602608 27.441528
v -10.730366 -5.035231 26.950623
v -10.333765 -5.467854 27.441528
v -10.798486 -5.543062 26.830780
v -10.467397 -6.302185 27.382645
v -10.533570 -6.040545 26.615082
v -10.177102 -6.771893 26.622650
v -10.019728 -6.457447 26.048630
v -10.240386 -7.101297 27.382645
v -9.707397 -7.531891 26.912949
v -9.806461 -7.592001 27.851669
v -8.947396 -7.920135 27.320724
v -9.143164 -8.062561 27.906250
v -8.573095 -8.643936 28.004684
v -7.923905 -8.148666 27.557526
v -7.491282 -8.639576 27.954132
v -7.130725 -8.056183 27.268311
v -6.823045 -8.736238 27.645599
v -6.456558 -8.207373 26.857742
v -6.785790 -7.391184 26.821503
v -6.040941 -7.625908 26.361038
v -6.299492 -6.893255 26.274918
v -5.137725 -7.280910 25.802826
v -5.493827 -6.585520 25.776993
v -5.475139 -8.091185 25.872543
v -4.581397 -8.091185 25.618637
v -4.056067 -7.241186 25.943314
v -4.615899 -6.462337 26.466232
v -3.827927 -6.620121 26.663040
v -4.466513 -6.275534 27.247635
v -5.188691 -5.675138 26.793640
v -5.246978 -5.978539 26.093643
v -5.456067 -5.242516 26.093643
v -5.299404 -5.607140 25.392532
v -5.188691 -4.809893 25.393646
v -5.125407 -5.139297 24.633652
v -4.898396 -4.340185 24.633652
v -5.188691 -3.870478 25.393646
v -5.125407 -3.541073 24.633652
v -4.673082 -3.963808 23.927505
v -5.514032 -2.910833 24.411530
v -4.755745 -2.874811 23.278900
v -4.276482 -3.531185 23.436600
v -3.868690 -2.771187 23.048355
v -3.539285 -3.531185 23.111633
v -4.253020 -2.126186 22.809021
v -3.358087 -2.289234 22.637253
v -3.820396 -1.426186 22.541641
v -2.926653 -1.426186 22.287750
v -3.295068 -0.576187 22.216965
v -2.501888 -0.483704 21.927750
v -2.190630 -1.426186 22.078659
v -1.598092 -0.291256 22.145081
v -1.454607 -1.426186 22.287750
v -1.077139 -0.789185 22.605759
v -0.739725 -1.599457 22.675461
v -0.183396 -0.789185 22.859634
v 0.372932 -1.599457 22.675461
v -0.056396 -2.297184 22.697647
v 0.837347 -2.297184 22.443741
v 0.468932 -3.147182 22.372971
v 1.318933 -2.822514 21.847641
v 1.403149 -1.831909 21.955246
v 1.931700 -2.494184 21.328979
v 1.893892 -1.485853 21.250076
v 1.276149 -1.254459 22.117249
v 1.646996 -0.672050 21.171158
v 1.269852 -0.293764 22.121078
v 1.856085 0.063972 21.171158
v 1.754683 0.360367 21.829559
v 2.368604 0.576578 21.314957
v 2.166964 0.902840 21.842850
v 3.068604 0.959826 21.748749
v 3.046996 0.727949 21.171158
v 3.828604 1.023109 21.419342
v 3.828604 1.023109 20.479935
v 4.361592 1.453703 20.949646
v 4.298309 1.783108 20.189651
v 4.588604 2.252815 20.949646
v 4.654778 2.514458 20.182083
v 4.662642 2.746162 21.090805
v 4.930017 3.178787 20.390808
v 5.051037 3.003567 19.646057
v 4.204487 2.641163 19.079636
v 4.939604 3.081486 18.625320
v 5.535709 3.563072 19.150650
v 5.605421 3.900486 18.340378
v 5.789603 4.456814 19.150650
v 5.637878 4.960438 18.335754
v 5.725880 4.805439 17.506531
v 5.664701 3.699017 17.519669
v 5.877604 4.301815 16.691635
v 5.623710 3.408073 16.691635
v 5.759613 5.148941 16.691635
v 5.927975 5.732471 17.616608
v 5.968701 5.884964 16.691635
v 6.011641 5.531403 15.874146
v 6.389692 6.288509 16.174316
v 6.473597 6.568695 15.757095
v 6.880604 6.685108 16.606934
v 6.651534 7.155930 15.748566
v 6.254934 6.723305 15.257645
v 7.350309 7.445110 16.316650
v 6.919715 7.914814 15.783646
v 6.130682 7.948597 15.445435
v 5.646221 7.491470 15.035583
v 5.576057 7.271523 14.538406
v 4.853649 7.482788 15.293671
v 4.800604 7.206814 14.281647
v 5.576057 7.062431 13.802383
v 4.800604 7.094532 13.475510
v 5.518021 7.116745 13.129166
v 4.723234 7.294674 12.929443
v 3.907318 7.483215 12.741333
v 2.941934 8.328518 8.862015
v 2.940465 8.435860 9.763168
v 3.384879 8.241386 9.205475
v 3.786141 8.364174 8.671753
v 2.451022 8.725121 9.294647
v 2.659688 8.567833 10.219742
v 2.241934 9.461143 9.294647
v 2.099604 9.589676 10.231705
v 2.351709 8.963028 11.227646
v 2.142621 9.699051 11.227646
v 2.308692 10.325699 10.231705
v 2.351709 10.435074 11.227646
v 2.099604 9.589676 11.827576
v 2.383965 10.506783 11.933975
v 2.757730 11.020184 11.304474
v 2.716855 11.332870 12.085358
v 3.204576 11.833843 11.846695
v 3.207767 11.729473 12.517975
v 3.695488 12.230442 12.279312
v 3.687642 12.343319 11.397308
v 4.178554 12.739918 11.829941
v 3.524410 12.260700 10.830643
v 4.395488 12.288731 12.582718
v 4.878553 12.798206 12.133331
v 4.878553 13.007298 11.397308
v 4.715322 12.924679 10.830643
v 5.589094 12.915424 11.012512
v 5.586253 12.382149 9.951462
v 4.715322 12.715588 10.094620
v 4.015322 12.657299 10.398026
v 6.289094 12.648045 10.579880
v 6.289094 12.648045 11.445129
v 5.578553 12.739918 11.829941
v 6.057603 12.273487 12.309311
v 6.635594 12.231312 11.783264
v 6.792720 11.833164 12.763641
v 5.846768 12.086399 13.223618
v 6.620837 11.980801 13.456650
v 7.320837 11.713421 13.024017
v 7.409304 11.696739 13.968872
v 8.279325 11.408302 13.537674
v 8.250604 11.771709 14.350388
v 9.143533 11.923092 14.134735
v 9.205545 11.490582 13.267319
v 9.870933 12.116817 13.791977
v 10.195603 11.591488 12.941971
v 9.415532 10.960384 12.765335
v 10.389324 11.248722 12.214569
v 10.881016 12.044296 12.485794
v 10.938633 11.588604 11.756683
v 10.602631 10.770000 11.701401
v 11.278580 11.150841 11.160645
v 11.278580 12.108788 11.160645
v 11.574604 11.629814 10.385635
v 11.343113 10.814930 10.385635
v 11.278580 11.150841 9.610641
v 11.278580 12.108788 9.610641
v 11.343113 12.444698 10.385635
v 10.799603 12.883793 9.906662
v 10.662645 13.188747 10.866638
v 10.024604 13.276623 10.315536
v 10.405159 13.721020 11.062332
v 9.857351 13.942165 10.985825
v 9.131603 13.398796 10.486282
v 8.696119 13.936169 11.070084
v 8.111938 13.429176 10.741608
v 8.917603 13.182831 9.720871
v 7.432932 14.498814 11.459320
v 6.907603 13.763699 11.018997
v 7.411229 13.272789 10.622391
v 7.411229 13.063698 9.886368
v 5.971932 14.494816 11.311310
v 5.971354 13.763699 11.018997
v 6.404556 15.194817 11.578690
v 5.668532 15.194817 11.369598
v 5.971932 15.894817 11.311310
v 6.939543 16.278114 11.771683
v 6.340346 16.744816 11.240540
v 6.821933 17.270145 11.836639
v 6.095875 17.590588 11.228271
v 6.662086 18.113079 11.868927
v 6.074932 18.522144 11.492645
v 5.593346 17.996815 10.896530
v 5.224932 18.846813 10.967316
v 4.865847 18.383167 10.358871
v 4.451344 19.053852 10.615051
v 3.999932 18.440815 10.248322
v 3.474604 19.036922 10.729904
v 2.949275 18.440815 10.248322
v 2.624604 18.966145 11.098312
v 2.099275 18.116146 10.773651
v 2.028498 18.484558 11.623642
v 1.708660 17.686275 11.030258
v 1.766368 17.257229 10.491028
v 1.276036 16.986279 10.762878
v 1.234277 16.918709 11.820969
v 0.583603 16.571522 11.274353
v 0.801653 16.218708 12.088348
v 0.101654 16.160423 11.784958
v -0.191531 16.425716 10.804642
v -0.816396 16.571522 11.274353
v -1.156262 16.686413 10.699280
v -0.835397 16.143860 10.163712
v -1.535397 16.202145 9.860306
v -0.487396 15.872040 9.581558
v -1.383564 16.015705 9.159378
v -0.487396 15.662949 8.845535
v -1.187396 15.930325 8.412918
v -0.487396 15.872040 8.109512
v -0.956413 16.386883 7.651459
v -1.729346 16.137333 8.077972
v -1.729346 16.346424 7.341949
v -2.407371 16.338818 7.832596
v -2.385396 16.063831 8.755875
v -3.184811 16.385559 8.179413
v -3.191061 16.101086 9.040588
v -4.080161 16.359592 8.640305
v -4.269261 16.559807 7.936615
v -3.652396 16.899323 7.558533
v -4.427396 16.834789 7.222626
v -5.127396 16.567413 7.655243
v -5.104396 16.618092 6.704880
v -4.671773 17.318092 6.437515
v -5.371773 17.050716 6.004883
v -5.158022 17.847672 5.885208
v -5.859297 17.581524 5.565842
v -7.891687 17.114239 6.007126
v -7.480723 17.441093 5.687210
v -7.848613 17.691071 6.076828
v -7.980813 17.835278 6.707123
v -11.728396 16.757534 8.899506
v -11.894836 17.647141 9.070267
v -11.827623 17.538391 8.427628
v -12.176149 17.404465 10.022202
v -12.124737 18.161831 9.492264
v -12.078756 16.420406 9.791992
v -11.937486 16.021511 8.899506
v -12.428396 15.624912 9.332123
v -12.500740 15.472912 8.488342
v -12.017497 15.856918 7.995422
v -12.399725 14.980145 7.703644
v -13.099725 14.712769 8.136261
v -13.155370 15.334496 8.862228
v -13.607372 14.694813 8.451660
v -13.608273 14.083817 7.625687
v -14.307342 14.119854 7.891800
v -13.911673 13.383816 7.567398
v -14.823662 13.290531 7.500381
v -14.437778 12.706337 7.036758
v -13.737779 12.764622 6.733353
v -14.437778 12.497246 6.300735
v -15.137778 12.764622 6.733353
v -14.712404 14.564861 8.597549
v -13.895078 15.273777 9.161697
v -15.145028 15.055771 8.994156
v -14.302353 15.837505 9.732025
v -15.185068 16.070812 9.416321
v -15.448428 15.755772 9.052444
v -15.777712 15.491405 8.726089
v -16.143021 16.150578 9.287247
v -15.799143 16.576611 9.710709
v -16.681068 16.393814 9.234314
v -16.410397 17.070202 10.377136
v -15.710397 16.920811 10.791641
v -16.242348 16.836491 11.810974
v -17.206396 16.989922 11.503387
v -17.206396 17.243813 10.609650
v -18.056396 16.919147 11.134979
v -17.731724 16.393814 11.984970
v -18.581726 16.069145 11.459641
v -18.258389 15.389568 11.990585
v -18.733109 15.458462 11.569702
v -19.433107 15.191086 11.137070
v -19.645773 15.976814 10.637024
v -20.298355 15.191086 11.137070
v -20.492899 15.976814 10.519028
v -20.878071 15.422874 11.017410
v -21.358147 15.976814 10.519028
v -20.925522 16.676815 10.251648
v -21.720135 16.517506 10.457672
v -22.211348 15.658192 10.721970
v -22.478725 16.090816 10.021973
v -22.175325 16.790817 9.963684
v -22.729740 16.190098 9.144577
v -22.946497 16.938713 9.204865
v -22.478725 17.490818 10.021973
v -23.328724 17.815487 9.496643
v -22.847139 18.340816 10.092758
v -23.328724 18.866146 9.496643
v -23.653397 18.340816 8.646637
v -23.399502 19.234558 8.646637
v -22.803394 19.716145 9.171967
v -22.768278 20.098183 8.414246
v -21.953396 20.040813 8.646637
v -21.838512 20.156467 7.710388
v -22.644342 20.438568 7.569901
v -22.115337 20.978291 6.931442
v -21.571136 20.589092 7.010391
v -21.363413 20.946880 6.530457
v -21.796036 21.437790 6.133865
v -20.894398 21.380806 6.039749
v -20.894398 21.607811 5.240646
v -22.577946 21.477825 6.574966
v -22.513054 21.841908 5.631638
v -23.139399 22.199146 6.156967
v -23.003963 22.238510 5.133713
v -22.948124 22.032246 4.617599
v -21.654682 21.397377 4.572983
v -20.894398 21.380806 4.441528
v -20.134396 21.317524 4.770935
v -23.476288 22.713558 4.990646
v -23.481695 22.341656 4.070786
v -24.072397 23.195148 4.465317
v -24.397066 22.669815 3.615311
v -25.090254 23.180813 3.807251
v -25.434622 22.661114 3.469559
v -25.393654 23.880814 3.865540
v -26.287397 23.880814 3.611649
v -26.267450 22.625481 3.716370
v -26.910316 23.032734 3.837036
v -26.976908 22.129681 3.878250
v -27.373508 22.562305 4.369156
v -27.676908 21.862305 4.310867
v -28.221394 22.427212 5.420639
v -28.636396 21.907795 4.941666
v -28.340374 21.428814 4.166672
v -27.957979 21.035587 3.416977
v -28.631725 20.855190 3.777695
v -29.162741 21.208527 4.523102
v -29.331726 20.587814 4.210312
v -30.008396 21.322807 4.928528
v -30.478104 20.789814 4.497940
v -30.768394 21.259525 5.257935
v -31.238102 20.499519 4.967651
v -30.807508 20.029816 4.434647
v -31.238102 19.560112 4.967651
v -30.539328 19.270931 4.399567
v -29.661766 19.499950 4.063049
v -30.022606 18.707005 4.040268
v -30.277485 18.403507 4.825317
v -29.964397 17.677814 4.190643
v -30.021761 17.910213 5.005524
v -30.352621 18.281937 5.727646
v -29.778503 17.403072 5.594650
v -29.570192 16.652439 5.174545
v -29.824669 16.722870 4.158310
v -29.966793 16.219814 4.683640
v -30.066216 15.934143 4.162918
v -30.194761 16.283997 3.236923
v -30.356264 15.360622 3.245865
v -30.489397 15.746815 2.256638
v -30.262386 16.545925 2.256638
v -30.192266 15.270283 4.344055
v -30.644831 14.734512 3.764709
v -30.509396 14.695148 4.787979
v -31.105503 14.213558 4.262650
v -31.034725 13.845146 5.112640
v -31.359398 13.319817 4.262650
v -29.320408 16.897495 6.164001
v -29.707724 17.771484 6.444641
v -28.857725 17.446815 6.969971
v -29.249256 18.395748 7.030685
v -28.332396 18.296814 7.294647
v -28.569397 19.017315 7.347504
v -27.776066 19.107090 7.110458
v -27.438652 18.296814 7.040756
v -26.917700 18.794743 6.580078
v -27.317448 19.887135 6.774612
v -26.547554 19.505306 6.574127
v -26.043928 18.690422 6.262863
v -26.376369 18.251331 6.382065
v -25.307905 18.690422 6.053772
v -25.776030 19.447865 6.343094
v -24.875282 19.390423 6.321152
v -24.571882 18.690422 6.262863
v -24.875282 17.990421 6.321152
v -25.207724 17.551331 6.440353
v -24.868103 17.001812 7.086349
v -25.749054 17.098885 6.638367
v -25.131702 16.550156 7.319733
v -24.175282 18.257797 6.753769
v -24.175282 19.123047 6.753769
v -23.814726 18.841190 7.439590
v -24.116995 17.954399 7.453781
v -23.756439 18.537792 8.139603
v -23.802782 17.926315 7.946640
v -23.760155 19.876820 7.483490
v -23.457788 19.537956 7.946640
v -24.514727 19.973816 7.006973
v -23.989397 20.823814 7.331650
v -23.076965 20.929478 7.173294
v -23.464067 21.673813 7.006973
v -24.166342 21.968151 7.283920
v -23.803513 22.524582 6.753769
v -24.617653 22.773815 7.455750
v -24.136068 23.299145 6.859634
v -23.635420 22.804863 5.820648
v -24.065289 23.667557 6.009644
v -24.028034 23.382847 5.203979
v -24.525963 24.188511 5.511719
v -24.505020 23.895145 4.732697
v -24.841290 24.774555 5.311646
v -24.912069 24.406143 4.461639
v -25.437399 25.256145 4.786316
v -25.762068 24.730812 3.936310
v -26.287397 25.326920 4.417892
v -26.812727 24.730812 3.936310
v -27.173283 25.314205 4.622131
v -27.662725 24.406143 4.461639
v -27.181141 23.880814 3.865540
v -27.662725 23.355484 4.461639
v -28.132633 23.867672 5.252731
v -28.012304 23.163235 5.420639
v -27.920109 23.201664 6.293442
v -28.112907 24.098930 6.254639
v -27.654209 23.598064 6.832672
v -27.313084 22.883652 6.797699
v -27.822800 22.263622 6.620300
v -26.926092 22.275887 6.995071
v -27.382141 21.429268 6.826263
v -28.340374 21.428814 6.674622
v -28.636396 21.907795 5.899612
v -29.111431 21.436428 6.519730
v -29.308395 21.706051 5.362335
v -30.008396 21.549812 5.727646
v -30.008396 21.322807 6.526749
v -30.768394 21.259525 6.197357
v -30.478104 20.789814 6.957352
v -31.238102 20.499519 6.487640
v -31.301386 20.828926 5.727646
v -31.528397 20.029816 5.727646
v -31.238102 19.560112 6.487640
v -31.301386 19.230705 5.727646
v -30.768394 18.800106 6.197357
v -30.768394 18.800106 5.257935
v -30.478104 19.269817 6.957352
v -30.050491 18.498886 6.638367
v -29.575773 19.194683 7.078918
v -30.008396 20.029816 7.247650
v -28.806396 19.737816 7.285645
v -29.470482 20.773449 7.084732
v -27.948341 20.647400 7.090622
v -27.912653 19.737816 7.031754
v -30.807508 20.029816 7.020630
v -26.876139 20.325886 6.617081
v -26.572739 21.025887 6.675369
v -26.140116 20.325886 6.407990
v -25.707493 21.025887 6.675369
v -25.391500 20.265598 6.624741
v -24.911919 20.754658 7.167053
v -24.972818 21.934822 7.514496
v -26.036726 21.923817 7.384964
v -25.511396 22.773815 7.709641
v -26.405140 22.773815 7.455750
v -26.015022 23.588699 7.557922
v -24.986067 23.623814 7.384964
v -25.419970 24.310856 7.265640
v -24.607372 24.224480 6.552521
v -25.147591 24.983929 6.254639
v -24.804035 24.489845 6.117310
v -25.540421 25.392788 7.029648
v -25.475887 25.728699 6.254639
v -25.276770 25.401241 5.493607
v -26.019398 26.167789 5.775665
v -26.320562 25.793941 4.944016
v -26.794397 26.232323 5.439758
v -27.273375 25.688812 5.000671
v -27.569397 26.167789 5.775665
v -28.048374 25.392788 5.479645
v -27.708426 24.955025 4.883606
v -28.185604 24.457874 5.441467
v -28.344397 24.913815 6.254639
v -28.112907 25.728699 6.254639
v -28.048374 25.392788 7.029648
v -28.048374 24.434841 7.029648
v -27.609282 24.913815 7.573151
v -27.273375 24.138817 7.508621
v -26.794397 24.913815 7.804642
v -26.250450 24.147133 7.608597
v -26.812511 23.395046 7.401321
v -25.979513 24.913815 7.573151
v -26.315420 25.688812 7.508621
v -27.273375 25.688812 7.508621
v -26.794397 26.232323 7.069534
v -26.019398 26.167789 6.733627
v -26.794397 26.463814 6.254639
v -27.569397 26.167789 6.733627
v -26.140116 21.516796 7.071960
v -26.646118 21.429268 7.035355
v -23.498898 17.434620 8.689377
v -23.749950 16.975582 7.979294
v -22.997116 16.622723 8.444565
v -23.393717 16.190098 7.953659
v -24.129740 16.190098 7.744568
v -23.697117 15.490097 8.011948
v -22.997116 15.757473 8.444565
v -22.765118 15.669910 10.186569
v -22.571396 15.327145 10.913971
v -21.721397 15.397923 11.282394
v -22.246727 14.801815 11.763977
v -23.096725 14.477146 11.238647
v -22.615141 13.951817 11.834747
v -23.439493 13.749744 11.432358
v -23.022812 12.856945 11.676804
v -24.208319 12.835690 11.904785
v -24.229349 13.718861 11.202621
v -24.834715 13.626778 11.604599
v -25.122419 13.047813 12.314621
v -25.601397 13.591324 11.875534
v -25.601397 13.822815 11.060638
v -26.376396 13.526791 11.539627
v -26.376396 13.526791 10.581665
v -26.982735 13.170177 11.054276
v -27.022942 13.040813 11.705765
v -27.798395 12.744610 11.499359
v -27.722942 12.773434 12.138382
v -28.498396 12.686325 11.802765
v -27.953773 12.216534 11.043137
v -28.977373 12.142815 11.363663
v -28.548195 11.717907 10.655106
v -29.161396 11.332790 10.237671
v -28.386396 11.397324 9.901764
v -28.865374 10.853813 9.462662
v -29.640373 10.557789 9.941635
v -29.201281 10.078815 9.398132
v -29.640373 9.599842 9.941635
v -28.865374 9.303818 9.462662
v -29.161396 8.824841 10.237671
v -29.704906 9.263931 10.716644
v -29.161396 8.824841 11.195618
v -29.740358 9.534866 11.483322
v -29.507046 9.437386 12.052307
v -28.815395 8.974483 12.471970
v -29.375423 9.971630 13.108398
v -28.654907 9.463932 13.380035
v -28.977373 10.592819 13.871628
v -29.752373 10.888844 13.392639
v -29.313280 11.367817 13.936157
v -28.498396 11.367817 14.167648
v -28.171574 10.496632 14.369629
v -27.313171 11.248188 14.479919
v -27.926941 10.255093 14.788239
v -26.992725 10.639812 15.205978
v -27.361139 9.789814 15.276749
v -26.467396 9.904697 15.646286
v -26.409225 9.394527 15.866516
v -25.994614 8.932758 16.310272
v -25.224020 9.446831 15.732254
v -25.942066 10.639812 15.205978
v -26.467396 11.235920 14.724380
v -25.617397 11.165142 14.355972
v -25.092068 10.315144 14.680649
v -24.958401 10.755077 13.916122
v -24.366146 10.019520 14.018524
v -24.476946 9.180824 15.315964
v -23.756397 9.473148 14.188980
v -23.987888 9.098583 15.053146
v -23.868330 8.669518 15.744888
v -24.766264 8.712696 16.073410
v -23.868330 8.460426 16.480911
v -24.766264 8.712696 16.938660
v -23.939671 8.622234 17.270676
v -24.791397 8.955921 17.600906
v -23.941399 8.885143 17.969315
v -24.733955 9.313190 18.439087
v -25.684391 9.335381 18.313187
v -26.117014 8.844471 17.916580
v -26.042542 8.596455 17.046921
v -26.340664 8.018314 17.637268
v -26.028414 7.509815 16.864883
v -26.166725 6.984486 17.644638
v -26.749777 7.877541 18.205017
v -26.300392 6.544552 18.409164
v -27.101738 7.055454 18.791946
v -26.725788 6.571301 19.029755
v -26.142395 5.885487 19.390305
v -25.573793 5.636173 18.834442
v -25.673609 5.907478 17.932755
v -24.680374 5.272522 18.488495
v -25.141171 4.936176 17.701813
v -24.474789 5.396000 19.529968
v -23.666397 5.116711 18.925385
v -23.141068 5.712818 19.406967
v -22.634972 5.660816 19.181976
v -22.655804 6.303043 19.782455
v -21.769726 5.660816 19.181976
v -21.315399 6.395931 19.622299
v -21.011997 5.695930 19.564011
v -21.305157 5.267250 19.076111
v -20.350531 5.054825 19.507614
v -20.750772 4.418720 18.933441
v -19.917908 4.563915 19.111023
v -20.345234 3.433834 18.725616
v -19.609211 3.433834 18.934708
v -19.912611 2.733833 18.992996
v -19.118507 2.964817 19.368637
v -19.586349 2.205933 19.194641
v -18.906370 2.070442 19.371628
v -19.186066 1.382814 19.231979
v -18.529789 1.234949 19.072159
v -18.962414 0.534948 19.339523
v -19.618690 0.682814 19.499344
v -19.272263 -0.047743 19.667252
v -20.088396 -0.077185 19.789642
v -18.388817 -0.018301 19.656006
v -18.097164 0.534948 19.339523
v -17.811092 -0.089256 20.139084
v -17.052441 1.015022 19.858612
v -16.921726 0.262814 20.528976
v -16.396397 0.858921 20.047379
v -16.045170 0.592194 20.703918
v -16.601500 -0.307966 21.047745
v -15.724725 -0.016186 21.429977
v -16.217491 -0.800879 21.530991
v -15.457349 -0.448809 22.129974
v -16.159204 -1.104279 22.230988
v -16.217491 -0.800879 22.930984
v -15.324873 -0.427492 23.060867
v -16.042397 -0.612856 23.448318
v -17.108397 -1.098478 23.789932
v -16.229179 -0.648289 24.358429
v -15.249838 -0.184811 23.918091
v -15.695741 -0.568090 25.142944
v -14.219397 0.113815 25.077652
v -15.069397 -0.210857 25.602982
v -14.219397 -0.140079 25.971390
v -14.744725 -0.736187 26.452972
v -13.694068 -0.736187 26.452972
v -13.409122 -0.070366 25.633972
v -12.827396 -0.783094 26.291611
v -12.748396 -0.177078 25.517380
v -12.048397 -0.118792 25.820786
v -12.127397 -0.724808 26.595016
v -12.637695 -1.578331 26.639908
v -12.097649 -1.464811 26.869614
v -11.701048 -0.961185 27.360519
v -11.636485 -0.328207 27.027634
v -11.246258 -0.230331 28.026520
v -11.260725 -1.486515 28.095642
v -10.779140 -0.961185 28.691757
v -10.488196 -1.789209 28.732742
v -9.885397 -0.961185 28.945633
v -9.640261 -1.780626 29.010330
v -9.569427 -2.458521 29.165009
v -10.419941 -2.798908 28.639236
v -9.854139 -3.264185 29.127747
v -10.335726 -3.789515 28.531647
v -9.485725 -4.114183 29.056976
v -10.118321 -4.476452 28.220840
v -9.192790 -4.646418 28.946030
v -8.356274 -4.428049 29.456741
v -8.492790 -4.913795 29.378647
v -8.889391 -5.346418 28.887741
v -8.492790 -5.779041 29.378647
v -9.192790 -6.046419 28.946030
v -9.746508 -6.302185 28.675644
v -9.349908 -6.734808 29.166550
v -9.766003 -7.282495 28.624588
v -10.177102 -6.771893 28.142639
v -10.069134 -5.675709 28.221390
v -9.487669 -7.850130 29.304977
v -9.483727 -8.256851 28.615417
v -9.718245 -8.656607 29.271652
v -9.107140 -9.195185 28.664536
v -9.588725 -9.720514 29.260635
v -8.738726 -10.045183 28.735306
v -8.213396 -9.310066 28.294998
v -7.688068 -10.045183 28.735306
v -7.277147 -9.310066 28.294998
v -6.831396 -9.466513 28.709213
v -7.264020 -10.166513 28.976593
v -7.363397 -10.570513 29.585312
v -8.213396 -10.641293 29.216904
v -8.181468 -10.960619 29.891953
v -7.186364 -10.953281 30.344406
v -6.737052 -10.213280 30.045334
v -6.071033 -9.516922 29.215775
v -6.131396 -9.199137 28.276596
v -5.348865 -9.361849 28.824997
v -5.431396 -9.466513 27.843979
v -6.090393 -9.056448 27.233154
v -5.431396 -9.466513 26.793320
v -5.956725 -8.616514 26.468643
v -5.106725 -8.941183 25.943314
v -4.581397 -9.537292 26.424896
v -4.098370 -9.020063 25.848129
v -3.650845 -9.567528 26.300552
v -3.576022 -9.078068 25.782364
v -3.072397 -9.739529 26.312546
v -2.547068 -9.113184 25.955307
v -3.072397 -8.263186 25.630646
v -2.178654 -8.263186 25.884537
v -2.547068 -7.413187 25.955307
v -1.697068 -7.737856 26.480637
v -2.222396 -6.887857 26.805313
v -3.072397 -6.817078 26.436905
v -3.072397 -6.563185 27.330643
v -2.222396 -6.887857 27.855972
v -3.029654 -6.717682 28.236832
v -3.584397 -6.545233 27.698685
v -3.658052 -6.635090 28.721939
v -4.284397 -6.277857 28.131317
v -4.284397 -6.277857 29.181976
v -4.947524 -5.803839 28.251694
v -4.861416 -5.842548 27.641129
v -5.473888 -5.136301 27.917648
v -5.438436 -5.407238 27.150955
v -5.912271 -4.640556 27.443802
v -5.853983 -4.337156 26.743805
v -6.121359 -3.904533 27.443802
v -5.892975 -3.834257 26.643158
v -5.525181 -4.303791 25.983627
v -5.834687 -3.530857 25.943161
v -5.972748 -2.985863 25.924973
v -5.559332 -3.050369 25.102661
v -5.825290 -2.407207 25.226410
v -6.020519 -2.032413 25.862930
v -6.240124 -2.553240 26.624985
v -6.004291 -1.702662 26.560623
v -6.256412 -1.004162 25.729263
v -5.896068 -1.145855 24.446640
v -5.745062 -2.139309 24.468964
v -5.455745 -1.671185 23.711533
v -5.455745 -2.607433 23.711533
v -5.059145 -2.174810 23.220612
v -4.756646 -1.311304 22.657303
v -5.795053 -0.653090 22.666092
v -5.095053 -0.711376 22.362686
v -4.662429 -0.220467 21.966080
v -5.721396 -0.354143 21.902664
v -5.288773 0.136766 21.506058
v -6.154020 0.136766 21.506058
v -5.721396 0.836767 21.238693
v -4.985373 0.836767 21.447769
v -4.259758 0.722694 21.889709
v -3.755092 0.050158 21.859741
v -3.566420 0.996862 21.537689
v -2.934512 0.007206 21.531158
v -2.666142 0.852036 21.296188
v -2.069264 0.007206 21.531158
v -1.765864 0.707207 21.472870
v -1.369264 0.274584 21.963776
v -1.305326 1.053818 21.936691
v -0.708725 0.060814 22.534973
v -0.150022 1.261932 22.184921
v 0.341932 0.060814 22.534973
v 0.902714 0.529324 22.102127
v 1.031672 1.245628 22.172668
v 0.353603 2.076815 22.336639
v 1.200729 2.076815 22.218643
v 1.801649 1.493931 22.068634
v 2.234273 2.193932 22.336014
v 2.598898 1.492817 22.179352
v 3.026845 2.185249 22.594101
v 3.538309 1.492817 22.179352
v 3.970933 1.983727 22.575943
v 4.328646 1.437580 21.759293
v 4.855845 1.866997 22.010025
v 4.670933 1.925440 22.879349
v 4.096885 2.166618 23.518997
v 4.670933 1.925440 23.744598
v 5.161844 1.528839 23.311966
v 5.186655 1.401901 24.107651
v 5.498709 0.927376 23.289749
v 5.988469 1.434374 22.710037
v 6.334898 0.703817 22.877945
v 6.804604 1.463816 22.587646
v 5.594197 2.231382 22.521469
v 6.497658 2.839149 22.884369
v 5.761634 2.839149 22.675278
v 5.326617 2.746162 22.281723
v 6.065034 3.539150 22.616989
v 6.690656 3.838257 22.777267
v 7.060205 3.259701 22.950272
v 7.493346 3.780815 23.134537
v 7.124932 4.630814 23.205307
v 6.240568 4.803982 22.775909
v 5.808980 4.360191 22.264648
v 5.797658 3.971775 21.916992
v 5.541604 4.792816 21.564651
v 5.362641 3.878788 21.523438
v 5.397221 4.313560 20.789200
v 4.871730 3.482185 21.090805
v 4.930017 3.178787 21.790817
v 5.397221 5.272072 20.789200
v 5.637878 4.960438 19.965530
v 5.464932 3.931484 20.000641
v 5.664597 5.704697 20.089188
v 5.671613 5.303940 19.150650
v 5.880701 6.039963 19.150650
v 5.653605 5.490860 18.426697
v 5.862693 6.226883 18.426697
v 6.353604 6.623486 18.859314
v 6.353604 6.623486 17.994064
v 6.939210 6.934505 18.318588
v 6.880604 6.685108 17.546356
v 6.459613 6.281567 17.124268
v 7.350309 7.445110 17.836639
v 7.413592 7.115704 17.076645
v 7.640604 7.914814 17.076645
v 7.350309 8.384518 17.836639
v 7.413592 8.713924 17.076645
v 7.350309 8.384518 16.316650
v 6.880604 9.144520 16.606934
v 6.590309 8.674812 15.846939
v 6.156996 9.264790 16.183426
v 5.650898 8.674812 15.846939
v 5.218274 9.374813 16.114319
v 4.737853 8.131699 15.850998
v 5.286273 7.973698 15.690277
v 4.305229 8.831699 16.118362
v 3.872605 8.131699 15.850998
v 4.305229 7.640789 15.454391
v 3.682321 7.466232 15.414261
v 3.949697 7.033611 14.714264
v 3.249697 6.975323 15.017670
v 3.249697 6.766232 14.281647
v 3.987423 7.048023 13.825699
v 3.249697 6.975323 13.545624
v 2.549697 7.033611 13.849014
v 2.549697 7.033611 14.714264
v 2.058785 7.430210 14.281647
v 2.117073 7.733608 13.581650
v 1.849697 8.166233 14.281647
v 2.117073 8.598858 13.581650
v 2.428309 8.104519 12.934647
v 2.346709 8.750027 12.739639
v 2.837621 8.353428 12.307022
v 2.308692 8.853653 11.827576
v 3.043909 8.356239 11.314529
v 2.137621 9.486050 12.739639
v 2.174876 9.770760 13.545303
v 2.346709 10.222073 12.739639
v 2.383965 10.506783 13.545303
v 2.691701 11.004711 12.739639
v 3.248680 11.352242 13.349319
v 2.874876 10.903385 13.977936
v 3.373034 10.999775 14.226364
v 3.805658 11.699772 13.959000
v 3.704171 11.972355 13.071884
v 4.454914 11.998898 13.450821
v 4.505658 11.758060 14.262390
v 5.146769 12.144688 13.527008
v 5.252186 12.342777 12.701859
v 5.620604 11.706306 14.022751
v 4.982738 11.245216 14.803268
v 5.620604 11.378006 14.767532
v 6.546174 11.709866 14.298843
v 6.452876 11.725384 15.435349
v 7.052675 12.174091 15.174744
v 6.950767 12.423473 15.659729
v 7.586105 12.778118 15.682983
v 7.785328 12.260216 14.916183
v 6.418642 12.041321 16.404312
v 6.909554 12.437923 16.836929
v 7.451504 13.314816 16.585510
v 7.586105 13.657513 15.682983
v 8.341656 13.217815 15.260025
v 8.775932 12.367817 14.831970
v 9.144346 13.217815 14.902756
v 9.558035 12.593777 14.390915
v 9.625933 13.743145 14.306641
v 10.239347 12.966816 13.862747
v 9.999613 13.910145 13.828094
v 10.720932 13.492146 13.266647
v 10.720932 12.441486 13.266647
v 11.045605 12.966816 12.416641
v 10.791710 13.860558 12.416641
v 10.720932 13.492146 11.566650
v 11.011204 12.541412 11.860641
v 10.195603 14.342144 11.891312
v 10.195603 14.342144 12.941971
v 9.345604 14.666813 12.416641
v 9.345604 14.412922 11.522903
v 8.539939 14.450176 11.807617
v 9.122929 14.744152 12.988525
v 9.100604 14.593143 13.981979
v 8.308045 15.021191 13.547699
v 7.837370 15.153210 13.267258
v 7.757604 15.024143 12.309311
v 7.346458 15.549809 12.834641
v 7.000546 15.314083 11.655075
v 7.341948 15.109913 13.935944
v 6.909324 15.809910 13.668564
v 7.141987 16.515324 12.760635
v 6.821933 17.270145 13.536636
v 6.892710 17.638557 12.686646
v 6.410984 18.157890 13.262619
v 6.490324 18.462910 12.484573
v 6.157980 18.646088 13.188416
v 6.145709 18.890556 12.342636
v 5.549603 19.372143 12.867966
v 5.549603 19.372143 11.817307
v 4.699603 19.696812 12.342636
v 4.699603 19.442921 11.448898
v 3.829582 19.506920 11.848160
v 3.417162 19.394192 11.568100
v 3.368938 19.132465 12.536072
v 2.624604 18.966145 12.148972
v 2.822964 18.485367 13.058563
v 2.099275 18.116146 12.473648
v 2.562173 17.696480 13.165298
v 2.123835 17.583324 12.775146
v 1.582954 17.106243 12.262314
v 1.671229 17.681866 11.681076
v 1.749274 16.719143 13.006638
v 1.150331 16.406246 12.529678
v 1.406507 15.991741 13.200363
v 0.669878 15.929813 12.478897
v 0.419057 15.496525 13.576370
v -0.030121 15.662437 12.911530
v -0.030121 15.871529 12.175507
v -0.730121 15.929813 12.478897
v -0.759571 16.030815 13.501587
v -1.221032 16.326416 12.911530
v -1.162745 16.629814 12.211533
v -1.532290 17.452557 12.096649
v -1.484058 17.140404 11.326141
v -2.128397 17.934147 11.571320
v -2.453068 17.408813 10.721313
v -1.856262 16.744701 10.395874
v -2.758438 16.801086 10.173218
v -2.385396 16.272923 9.491898
v -3.191061 16.310177 9.776611
v -3.780017 16.859493 10.248962
v -4.080161 16.464138 9.440933
v -4.659004 16.796040 10.046158
v -4.969262 16.618092 9.105270
v -5.359004 16.854328 9.742752
v -5.547916 16.882801 8.754196
v -5.003045 16.630993 8.219147
v -5.804397 16.559807 7.873535
v -6.545691 17.186485 8.389267
v -6.622771 16.306019 7.406937
v -5.804397 16.350716 7.137512
v -6.622771 16.096928 6.670914
v -5.922771 16.364307 6.238297
v -6.622771 16.306019 5.934891
v -6.190147 16.796928 5.538300
v -7.057751 17.280243 5.441803
v -7.459064 16.414242 6.274506
v -7.459064 16.414242 7.139755
v -7.949975 16.810841 6.707123
v -7.891687 17.114239 7.407120
v -7.191687 16.846863 7.839752
v -7.378213 17.749451 8.010986
v -7.038947 17.855690 8.477448
v -6.173888 17.165585 9.239136
v -6.606512 17.865582 9.506516
v -6.836992 18.182461 9.006165
v -12.305250 18.457767 10.360031
v -11.903078 19.310387 10.353516
v -12.168993 18.711121 9.933945
v -12.350673 18.843189 11.131775
v -12.521714 17.901760 10.874115
v -12.942725 18.403145 11.614639
v -12.854536 17.427780 11.250839
v -12.457936 16.995155 10.759933
v -13.157936 16.727779 11.192551
v -12.876150 16.271839 10.454834
v -13.590560 16.236870 10.795959
v -13.435684 15.804829 10.114822
v -13.128397 15.566624 9.635529
v -14.290560 16.295155 10.492554
v -14.023184 16.727779 11.192551
v -14.895514 16.978180 11.024033
v -14.860396 16.596142 10.266312
v -14.548829 16.854897 11.667267
v -15.316397 16.886673 11.343704
v -15.316397 16.997810 12.141647
v -14.557512 16.805897 12.672577
v -15.316397 16.770805 12.940750
v -16.076397 16.707523 12.611343
v -16.075281 16.596806 13.408600
v -16.937347 16.167706 12.808685
v -16.776398 16.649235 12.307953
v -17.418827 15.916855 12.583908
v -17.360538 15.613457 13.283920
v -17.716639 14.967949 12.358032
v -17.329765 14.450768 13.100983
v -17.388054 14.147369 12.400986
v -18.113239 14.535324 11.867126
v -17.784653 13.714745 11.910080
v -18.520676 13.714745 11.700989
v -18.849262 14.535324 11.658035
v -19.269293 13.775036 11.917740
v -19.725510 14.617748 11.700394
v -20.146069 14.066814 12.299973
v -20.606091 14.693161 11.942734
v -21.196724 14.066814 12.299973
v -21.225977 14.913250 11.841888
v -21.812450 14.009258 12.192017
v -21.565140 13.216816 12.370743
v -22.086092 12.718887 11.910080
v -21.196724 12.366817 12.299973
v -21.629349 11.666817 12.032593
v -22.389492 12.018887 11.968369
v -22.574425 11.539497 12.140518
v -23.375420 11.547813 12.249619
v -23.813185 12.143852 11.909668
v -24.483112 11.572815 12.437439
v -24.786512 12.272816 12.379150
v -25.183113 11.840191 12.870056
v -25.601397 12.348267 12.733627
v -26.274443 11.884113 13.133286
v -25.538094 11.527546 13.613403
v -26.409954 11.593189 13.921692
v -27.168234 11.969158 13.439728
v -26.900856 12.401783 12.739731
v -26.080374 13.047813 12.314621
v -27.723396 12.621792 13.096619
v -28.019419 12.142815 13.871628
v -28.498396 12.686325 13.432526
v -28.498396 12.917816 12.617645
v -29.273396 12.621792 13.096619
v -29.273396 12.621792 12.138672
v -29.816906 12.182701 12.617645
v -29.752373 11.846790 11.842636
v -30.048395 11.367817 12.617645
v -29.763193 11.197098 11.416641
v -29.875193 10.249535 11.917648
v -29.792013 10.558071 11.492096
v -29.704906 10.893700 10.716644
v -29.936396 10.078815 10.716644
v -29.816906 10.552933 12.617645
v -29.752373 11.846790 13.392639
v -28.977373 12.142815 13.871628
v -27.705683 11.764084 14.043076
v -24.750490 11.140194 13.137436
v -23.784283 10.772816 12.642456
v -24.180883 10.340191 13.133362
v -23.480883 10.072815 12.700745
v -23.748260 9.640194 13.400742
v -22.862675 9.548534 13.028946
v -23.097401 9.063076 13.749130
v -22.364746 8.742870 13.336685
v -22.632124 8.310246 14.036682
v -23.148018 8.747089 14.509415
v -22.632124 8.310246 14.901932
v -21.932123 8.042870 14.469315
v -21.932123 8.251961 15.205338
v -22.894943 8.443432 16.128891
v -21.741413 8.707958 16.282028
v -22.441414 8.440578 16.714645
v -23.113079 8.322685 16.866669
v -23.113079 8.531776 17.602692
v -21.741413 8.707958 17.147263
v -21.250504 9.104557 16.714645
v -21.570944 8.792522 17.889877
v -22.346397 8.727814 18.146637
v -21.579716 8.531776 18.690598
v -22.346397 8.496323 18.961533
v -23.161631 8.746830 18.494644
v -23.252855 8.548851 19.060669
v -23.941399 8.885143 19.019974
v -23.725773 8.211826 19.935959
v -24.482536 8.933132 19.525024
v -24.442398 8.636143 20.440964
v -24.973446 9.329731 19.957642
v -25.263315 9.798748 19.198761
v -25.298407 10.066925 19.957642
v -25.831398 10.497524 19.487930
v -26.121689 10.027813 18.727936
v -26.591396 10.560806 19.158524
v -27.061104 10.027813 18.727936
v -26.601475 9.301598 18.326431
v -27.390509 9.267815 18.664658
v -27.122328 8.508930 18.629562
v -27.455139 8.051815 18.799545
v -28.113106 9.142391 19.485123
v -28.113106 8.277142 19.485123
v -28.152300 7.510853 19.380936
v -27.663727 7.141556 18.975647
v -27.999104 6.707817 19.564941
v -27.425789 6.629589 19.333160
v -27.529396 6.174824 19.995529
v -26.829395 6.116535 19.692123
v -26.761829 5.881641 20.533005
v -26.133694 5.739738 20.427872
v -26.770512 6.139732 21.325577
v -25.790325 6.275379 21.330338
v -25.292397 5.814709 20.809387
v -25.292397 5.560818 19.915634
v -24.442398 5.885487 20.440964
v -24.767067 6.410816 21.290970
v -23.917068 6.735485 20.765640
v -23.591627 6.138680 20.101517
v -23.082420 7.177814 19.905731
v -23.917068 7.786144 20.765640
v -24.398653 7.260815 21.361740
v -24.767067 8.110813 21.290970
v -25.292397 7.260815 21.615646
v -25.524794 8.075699 21.673004
v -25.171885 8.670322 21.246414
v -26.036066 8.901814 21.620972
v -25.727623 9.315453 21.325821
v -25.361691 9.737518 20.717636
v -26.121689 10.027813 21.187347
v -25.831398 10.497524 20.427353
v -26.591396 10.560806 20.756760
v -26.591396 10.787811 19.957642
v -27.351395 10.497524 20.427353
v -27.351395 10.497524 19.487930
v -27.884386 10.066925 19.957642
v -27.821102 9.737518 19.197647
v -27.838936 9.567516 20.857315
v -28.177570 9.006176 20.725204
v -27.425728 9.326698 21.344009
v -28.289394 8.697521 21.264343
v -28.388462 8.757633 20.325623
v -28.822386 8.266926 20.794647
v -28.759102 7.937519 20.034653
v -29.049397 7.467815 20.794647
v -28.759102 6.998112 20.034653
v -28.822386 6.668705 20.794647
v -28.289394 6.238110 20.324936
v -28.289394 6.238110 21.264343
v -27.529396 5.947819 20.794647
v -27.529396 6.174824 21.593750
v -27.999104 6.707817 22.024353
v -27.059689 6.707817 22.024353
v -27.529396 7.467815 22.314636
v -26.730284 7.467815 22.087631
v -26.137053 7.093342 21.748138
v -26.470343 8.109257 22.049026
v -27.075893 8.269165 22.158829
v -26.994019 8.981579 21.750046
v -27.565790 8.817791 21.687851
v -27.999104 8.227814 22.024353
v -28.328508 7.467815 22.087631
v -28.759102 7.937519 21.554642
v -28.759102 6.998112 21.554642
v -27.061104 10.027813 21.187347
v -23.050747 7.905869 19.588684
v -21.867420 7.952812 19.400620
v -22.346397 7.177814 19.696640
v -21.566372 7.000008 19.597794
v -21.244905 8.226295 18.999756
v -20.432747 7.673656 19.580032
v -20.451725 8.133812 19.288971
v -19.582964 7.933990 19.982010
v -20.183569 7.211590 20.291275
v -19.575397 7.577526 20.713348
v -20.045101 6.817520 21.003647
v -20.459858 6.347816 20.311203
v -20.045101 5.878113 21.003647
v -20.183569 5.484043 20.291275
v -19.575397 5.118107 20.713348
v -19.650532 4.996540 19.811020
v -18.882965 4.703358 20.285400
v -19.184124 4.283634 19.564529
v -18.402122 4.100346 20.164383
v -18.846939 3.570732 19.527115
v -17.921280 3.706425 19.914154
v -18.353905 3.006424 19.646774
v -17.485065 2.905933 19.462006
v -17.837620 2.167809 19.415329
v -16.883289 2.067200 19.075943
v -17.583372 1.429682 19.368637
v -16.714138 2.793716 18.957260
v -16.317537 2.361092 18.466354
v -16.014137 1.661091 18.524643
v -16.281513 1.228468 19.224640
v -15.581513 1.170181 18.921249
v -15.199396 1.042906 19.318619
v -15.148890 1.661091 18.524643
v -15.581513 2.361092 18.257263
v -14.845490 2.361092 18.466354
v -15.148890 3.061092 18.524643
v -14.183102 3.390816 18.995346
v -13.758055 2.532139 19.024475
v -13.939809 1.673466 19.170181
v -14.435915 1.141874 19.594406
v -15.199396 0.833817 20.054642
v -15.696397 0.917208 20.350784
v -15.199396 0.579922 20.948380
v -14.435915 0.978334 20.385971
v -14.268844 0.610159 21.072739
v -14.701468 0.119249 21.469345
v -14.001468 0.177536 21.772736
v -14.701468 -0.089840 22.205368
v -13.895433 0.171843 22.566177
v -14.492396 -0.138800 22.693893
v -13.895433 0.171843 23.472641
v -14.543915 -0.117167 23.752808
v -13.895433 0.171843 24.379105
v -13.299397 0.511791 23.951614
v -13.404513 0.171179 24.845245
v -12.116163 0.691191 24.639038
v -12.315773 0.313831 25.120773
v -11.625252 1.087791 25.071655
v -11.615772 0.581209 25.553406
v -11.269045 1.320248 25.521973
v -11.210757 1.016848 26.221970
v -11.626129 0.126501 26.290527
v -11.427397 0.407816 27.027634
v -11.173503 1.301559 27.027634
v -11.102725 0.933146 27.877640
v -10.577396 1.783144 27.552963
v -10.252726 1.257814 28.402969
v -10.621140 0.407816 28.473740
v -9.727396 0.407816 28.727646
v -9.381771 -0.146303 28.793915
v -10.924540 -0.292185 28.532028
v -8.780396 -0.155418 28.672653
v -9.248521 -0.912861 28.961975
v -8.347773 -0.855419 28.940033
v -8.780396 -1.785185 29.135635
v -8.047966 -1.758520 29.223282
v -8.404068 -2.453911 29.197464
v -7.615342 -2.458521 28.955917
v -8.080618 -3.211353 29.243469
v -8.960397 -3.264185 29.381638
v -7.741020 -3.586946 29.149704
v -7.328511 -2.908955 28.552780
v -7.328511 -3.774200 28.552780
v -7.308396 -4.286947 29.417084
v -6.895888 -4.474201 28.820160
v -6.578954 -4.565571 29.831512
v -7.413270 -4.396809 30.231033
v -6.608397 -4.443184 30.647644
v -7.368396 -4.733479 31.117355
v -7.901385 -5.164072 30.647644
v -7.959673 -4.860672 29.947647
v -8.365137 -5.941648 30.272171
v -8.354622 -6.235704 31.024994
v -8.925391 -6.953186 30.743881
v -8.925414 -6.479042 29.646011
v -9.189907 -6.925554 29.924591
v -9.450414 -7.565418 30.110641
v -9.520817 -7.512901 31.115265
v -9.767834 -7.957558 30.948898
v -9.659503 -8.301441 30.110641
v -9.852669 -7.663754 31.750595
v -10.250725 -8.477856 31.555649
v -10.221045 -9.062754 31.200974
v -10.016771 -9.139633 30.053207
v -10.184244 -9.436607 30.467651
v -10.379396 -9.975185 31.306641
v -10.054726 -10.500515 30.456650
v -10.125503 -10.868929 31.306641
v -9.529396 -11.350513 30.781311
v -9.115526 -10.785889 29.657425
v -8.679397 -11.421291 30.412903
v -8.679397 -11.675186 31.306641
v -7.829396 -11.350513 30.781311
v -7.809376 -11.485291 31.801117
v -7.014389 -10.871256 31.250809
v -7.311531 -11.197561 31.962357
v -6.611531 -11.139275 32.265762
v -6.125726 -10.690945 31.563675
v -5.693102 -11.181854 31.960266
v -5.260380 -10.957161 31.584808
v -5.693004 -10.257160 31.317429
v -4.891154 -10.031693 31.446671
v -5.158531 -9.599070 30.746658
v -5.960380 -9.824537 30.617432
v -5.285524 -9.562244 29.953568
v -4.458530 -9.331694 30.314041
v -4.534600 -9.583199 29.498474
v -3.626905 -9.443848 30.118866
v -4.060340 -10.047073 29.103912
v -4.687061 -9.632833 28.231064
v -4.082502 -10.306929 28.180649
v -4.696280 -9.906836 27.389633
v -4.069788 -10.102695 27.294754
v -3.486396 -10.788513 27.655319
v -3.161725 -10.263184 26.805313
v -2.636396 -10.859291 27.286911
v -2.203773 -10.342951 26.676254
v -1.708373 -10.548185 26.603668
v -2.141844 -9.739529 26.312546
v -1.229396 -9.773186 26.307648
v -1.606753 -9.033291 26.149658
v -0.750420 -8.998186 26.603668
v -1.102717 -8.113201 26.890640
v -0.454396 -8.519209 27.378677
v -1.098124 -8.050755 27.703690
v -1.626290 -7.369442 27.330643
v -1.648453 -7.629295 28.253922
v -1.162715 -8.360937 28.704987
v -1.950262 -8.077301 29.031418
v -2.547068 -7.413187 28.705978
v -2.571092 -7.936842 29.198746
v -3.274468 -7.219465 29.048737
v -3.372420 -7.783419 29.626755
v -3.759068 -7.127855 29.506638
v -4.169133 -7.567699 30.165634
v -4.485126 -6.807411 30.115021
v -4.921966 -7.280144 30.630905
v -4.921966 -6.414898 30.630905
v -4.990448 -5.901270 30.647644
v -5.019513 -5.837534 29.592896
v -5.280315 -5.432253 29.888763
v -5.474430 -5.424086 28.922287
v -5.953144 -4.953241 29.172348
v -6.017396 -4.697208 28.396622
v -5.848396 -4.733479 30.177933
v -5.315407 -5.164072 30.647644
v -5.848396 -4.733479 31.117355
v -5.482531 -5.177299 31.563629
v -6.139380 -5.104118 31.937454
v -6.608397 -4.670195 31.446762
v -7.078102 -5.203186 31.877350
v -6.608397 -5.618959 32.395523
v -7.026850 -5.912479 32.693359
v -7.809005 -5.957195 32.209579
v -7.914291 -5.426743 31.465530
v -7.984061 -6.334536 33.036072
v -8.728396 -6.500856 32.648972
v -8.728396 -6.500856 31.598312
v -9.324503 -6.982441 32.123642
v -9.267907 -7.257677 33.124405
v -9.725397 -7.627857 32.930969
v -9.400725 -8.153187 33.780975
v -10.250725 -8.477856 33.255646
v -10.321503 -8.109442 32.405640
v -10.575397 -9.003185 32.405640
v -10.250725 -9.528515 33.255646
v -10.379131 -9.819859 32.263596
v -10.423672 -9.506811 31.590759
v -9.725397 -10.378513 32.930969
v -10.112789 -10.664696 32.192520
v -9.248438 -10.977457 32.618073
v -9.529396 -11.350513 31.831970
v -8.679397 -11.421291 32.200394
v -8.249674 -10.896433 32.801178
v -8.875397 -10.449291 33.299393
v -7.885257 -10.341337 33.277618
v -7.452633 -10.832247 32.881027
v -7.185256 -10.399624 33.581009
v -6.752633 -11.099625 33.313644
v -6.694345 -10.796225 34.013641
v -6.485257 -11.532248 34.013641
v -6.662570 -12.068544 33.246078
v -6.178907 -11.630184 32.662369
v -5.875508 -12.330185 32.720657
v -5.478908 -11.897562 32.229736
v -5.407858 -12.825945 32.220078
v -4.993102 -12.314478 31.527649
v -4.743706 -11.542234 31.469040
v -4.233102 -12.024187 31.057938
v -4.025907 -11.431694 31.446671
v -4.458530 -10.731693 31.714035
v -3.608407 -10.944786 31.445129
v -3.427140 -10.795143 32.243423
v -3.909171 -10.339209 31.968918
v -3.003397 -11.554480 31.817947
v -2.736021 -11.121857 32.517929
v -3.150884 -10.303186 33.101547
v -3.850884 -10.035809 32.668930
v -3.454284 -9.603186 33.159836
v -3.850884 -9.170563 32.668930
v -4.026762 -8.894161 32.243179
v -3.910301 -8.577736 33.043304
v -4.260352 -8.108982 32.247528
v -4.401315 -8.376253 31.451767
v -4.405421 -9.461174 31.246567
v -4.084935 -8.907185 30.743073
v -4.416185 -8.026499 30.825027
v -3.769020 -8.216042 30.117661
v -4.980253 -7.583544 31.330917
v -4.921966 -7.280144 32.030914
v -5.189342 -6.847521 31.330917
v -4.921966 -6.414898 32.030914
v -4.980253 -6.111498 31.330917
v -4.689589 -5.595058 31.938812
v -4.932160 -5.597870 31.347641
v -4.221966 -6.147520 32.463547
v -3.943117 -5.287992 32.342712
v -4.525365 -6.847521 32.521820
v -3.789342 -6.847521 32.730911
v -3.428521 -6.235508 32.603317
v -2.960397 -5.363184 32.429642
v -3.485725 -4.513186 32.754318
v -4.349907 -4.744677 33.128876
v -4.782531 -5.235586 32.732269
v -5.381487 -5.120007 33.162994
v -5.366446 -5.353666 32.363968
v -5.908397 -5.560673 32.698929
v -5.908397 -5.560673 33.564163
v -6.326850 -5.854193 32.996765
v -6.326850 -5.854193 33.862015
v -7.064576 -6.135979 33.452698
v -7.026396 -6.273209 34.387619
v -7.643039 -6.646498 33.962585
v -7.505373 -7.048208 34.683640
v -8.024793 -7.527185 34.268631
v -8.363645 -6.947216 33.542709
v -7.562025 -8.001020 34.788773
v -8.485596 -8.207745 34.244965
v -7.615233 -8.765247 34.660736
v -8.139373 -9.003185 34.314728
v -8.875397 -9.003185 34.105637
v -8.061389 -9.639229 34.356735
v -8.410120 -9.960785 33.865189
v -9.400725 -9.853184 33.780975
v -9.769139 -9.003185 33.851746
v -7.628765 -10.130138 33.960129
v -7.361389 -9.697515 34.660141
v -6.928765 -10.397516 34.392761
v -6.870478 -10.094116 35.092758
v -6.401461 -10.853001 35.382629
v -6.459748 -11.156401 34.682632
v -6.185640 -11.609604 35.373764
v -6.459748 -12.021646 34.682632
v -5.875508 -12.330185 35.306625
v -6.306102 -12.799892 34.773636
v -6.596396 -12.330185 34.013641
v -6.369386 -13.129297 34.013641
v -6.306102 -12.799892 33.253647
v -5.836396 -13.559891 33.543930
v -5.639226 -13.173296 32.717026
v -5.135281 -13.716553 33.179306
v -5.127436 -13.603680 32.297318
v -4.576207 -14.142790 32.747757
v -4.523396 -14.013891 31.817947
v -4.993102 -13.253893 31.527649
v -4.233102 -13.544186 31.057938
v -4.562508 -12.784185 30.994644
v -3.763397 -12.784185 30.767654
v -3.293691 -13.544186 31.057938
v -2.964285 -12.784185 30.994644
v -3.501756 -12.016619 30.701462
v -2.533690 -12.314478 31.527649
v -2.533690 -13.253893 31.527649
v -2.154521 -12.684109 32.272003
v -2.470407 -13.583298 32.287643
v -2.087160 -13.149500 32.987640
v -1.811654 -11.869184 32.783539
v -1.330068 -12.394514 33.379654
v -1.330068 -11.343855 33.379654
v -2.180068 -11.019186 32.854324
v -1.762070 -10.457733 33.575638
v -2.640092 -10.392841 33.211548
v -1.910368 -9.829351 33.868240
v -2.643708 -9.549240 33.414993
v -2.270420 -9.124208 34.031647
v -3.127861 -8.836651 33.514297
v -2.526453 -8.348476 33.967392
v -3.513700 -8.145113 33.534210
v -3.045420 -7.428185 33.552658
v -3.910301 -7.712490 33.043304
v -2.543020 -7.438513 33.871689
v -2.895092 -6.839527 33.111557
v -2.110396 -6.738512 33.604309
v -2.435068 -6.213182 32.754318
v -1.585068 -5.888514 33.279648
v -2.066654 -5.363184 32.683533
v -1.585068 -4.837854 33.279648
v -2.435068 -4.513186 32.754318
v -2.110396 -3.987856 33.604309
v -2.960397 -3.917076 33.235901
v -2.902955 -3.559811 34.038589
v -3.634229 -3.784306 33.656555
v -3.370178 -3.211084 34.705536
v -4.202396 -3.747078 34.095901
v -4.575438 -3.218912 34.777206
v -5.052396 -3.817856 34.464310
v -4.830774 -4.498426 33.555450
v -5.526749 -4.764263 33.985596
v -5.648503 -4.299440 34.989639
v -6.005771 -5.102131 34.932205
v -5.959761 -5.425581 34.174759
v -6.513811 -5.890253 34.789001
v -6.127502 -5.643442 35.553635
v -6.497048 -6.466183 35.668533
v -6.852739 -6.705099 35.238800
v -6.561502 -7.294849 35.815399
v -7.066279 -7.527185 35.227158
v -6.669680 -7.959808 35.718063
v -7.218633 -8.332624 35.151642
v -6.940011 -8.747051 35.881088
v -7.218633 -9.197870 35.151642
v -7.062397 -9.563185 35.851639
v -6.772102 -9.093477 36.611649
v -6.772102 -10.032892 36.611649
v -6.835386 -10.362297 35.851639
v -6.302396 -10.792891 36.321350
v -6.012102 -10.323183 37.081345
v -5.542397 -10.856174 36.650757
v -5.874335 -11.139275 36.086472
v -5.441711 -11.630184 35.689880
v -4.438907 -11.498692 36.357407
v -4.741711 -11.897562 36.122498
v -5.138311 -12.330185 35.631592
v -4.174067 -12.599274 35.639938
v -4.606690 -13.090185 35.243347
v -5.546103 -13.090185 35.243347
v -5.076396 -13.623175 34.812759
v -5.836396 -13.559891 34.483353
v -5.076396 -13.850185 34.013641
v -4.128954 -13.731278 34.448471
v -3.940396 -14.058185 33.458649
v -3.130122 -13.874002 34.014969
v -3.003397 -14.013891 32.757339
v -3.763397 -14.304186 32.287643
v -3.003397 -14.013891 31.817947
v -3.763397 -14.077174 31.488541
v -2.590513 -13.684835 33.293396
v -2.619234 -13.678696 34.275162
v -1.855396 -13.244514 33.704315
v -1.855396 -13.244514 34.754974
v -1.259291 -12.762928 34.229645
v -1.247020 -12.518456 35.075424
v -1.005397 -11.869184 34.229645
v -0.800468 -11.584429 34.911880
v -1.163748 -10.956753 34.123978
v -0.813717 -10.636095 34.719986
v -1.592966 -10.273144 34.238373
v -1.171507 -9.722914 34.788696
v -1.679524 -9.455839 34.472580
v -1.699731 -9.104536 35.300217
v -2.190643 -8.707935 34.867584
v -2.505396 -8.678808 35.780014
v -2.856266 -7.954002 35.382217
v -2.388821 -7.734245 34.814224
v -2.856266 -7.088757 35.382217
v -2.020904 -6.780931 34.753510
v -2.308756 -6.257734 35.564560
v -1.585068 -5.888514 34.979645
v -1.514291 -6.256927 34.129639
v -1.260397 -5.363184 34.129639
v -1.585068 -4.837854 34.979645
v -1.514291 -4.469440 34.129639
v -1.998963 -3.909935 34.625061
v -1.961020 -4.636808 35.407639
v -2.470020 -3.554914 35.261871
v -2.228397 -4.204185 36.107651
v -2.482290 -3.310442 36.107651
v -3.078396 -2.828857 35.582321
v -3.078396 -2.828857 36.632980
v -3.928396 -2.504185 36.107651
v -3.928396 -2.758080 35.213898
v -4.778397 -2.828857 35.582321
v -4.778397 -2.828857 36.632980
v -5.374503 -3.310442 36.107651
v -5.246117 -3.475088 35.191711
v -5.667593 -4.100113 35.898636
v -5.303725 -3.678856 36.957642
v -5.357000 -4.744083 37.040054
v -5.744048 -5.140434 36.222519
v -5.918414 -4.907419 35.553635
v -5.257844 -5.706856 37.056961
v -6.056726 -6.011856 36.403641
v -5.575139 -6.537186 36.999741
v -6.056726 -7.062515 36.403641
v -5.237725 -7.347458 37.069458
v -6.056726 -7.927761 36.403641
v -5.542397 -8.028049 36.935547
v -6.012102 -8.803186 37.081345
v -5.060619 -8.766174 37.191330
v -5.542397 -9.563185 37.371643
v -6.341508 -9.563185 37.144638
v -4.743285 -9.563185 37.144638
v -5.072690 -10.323183 37.081345
v -4.207443 -10.323183 37.081345
v -4.640757 -10.913160 36.744858
v -3.541040 -10.426872 37.358444
v -3.359858 -11.180944 37.411209
v -2.945102 -10.669477 38.103638
v -2.945102 -11.608892 38.103638
v -3.083569 -12.002958 37.391281
v -3.703406 -11.823511 36.768097
v -3.155061 -12.421833 36.269073
v -3.895171 -12.338562 36.005920
v -3.312881 -12.854538 35.606705
v -2.516747 -12.503365 36.890137
v -2.147178 -12.862286 35.631744
v -2.705396 -13.315290 35.123383
v -3.741443 -13.090185 35.243347
v -1.685954 -12.536798 36.527512
v -1.656512 -12.525553 35.644058
v -0.846433 -12.097612 35.744919
v -0.955396 -12.368891 36.873947
v -0.373303 -11.605022 36.398697
v -0.430068 -11.171515 35.362640
v -0.105396 -10.646185 36.212646
v -0.430068 -10.120855 35.362640
v -0.359290 -9.752441 36.212646
v -0.955397 -9.270857 35.687317
v -0.955397 -9.270857 36.737976
v -1.805397 -8.946184 36.212646
v -1.805397 -9.200077 37.106384
v -2.651171 -9.187809 36.861923
v -2.491189 -9.780775 37.809219
v -1.715396 -9.846195 38.142746
v -2.185102 -10.379187 38.573349
v -1.245691 -10.379187 38.573349
v -1.715396 -11.139185 38.863632
v -2.514508 -11.139185 38.636642
v -2.185102 -11.899183 38.573349
v -1.245691 -11.899183 38.573349
v -1.715396 -12.432175 38.142746
v -2.475397 -12.368891 37.813339
v -1.715396 -12.659185 37.343643
v -0.955396 -12.368891 37.813339
v -0.485691 -11.608892 38.103638
v -0.422407 -11.938297 37.343643
v -0.195396 -11.139185 37.343643
v -0.485691 -10.669477 38.103638
v -0.289701 -10.194313 37.157288
v -1.071142 -9.777447 37.707748
v -0.916285 -11.139185 38.636642
v -4.007262 -9.563185 36.935547
v -3.775966 -8.926521 36.675293
v -3.019996 -8.477060 36.318863
v -3.347085 -7.971912 36.366791
v -4.269416 -8.156853 36.743851
v -3.966017 -7.456852 36.802139
v -3.306068 -7.062515 36.403641
v -3.787653 -6.537186 36.999741
v -3.177003 -6.104563 36.483414
v -2.780403 -6.537186 35.992493
v -2.747966 -5.736225 36.103912
v -4.681396 -6.537186 37.253647
v -4.806373 -8.028049 37.144638
v -4.603062 -5.038242 37.426132
v -4.822139 -4.204185 37.553757
v -3.928396 -4.204185 37.807632
v -3.403068 -5.054184 37.482971
v -3.034654 -4.204185 37.553757
v -2.553068 -4.729515 36.957642
v -2.553068 -3.678856 36.957642
v -3.403068 -3.354187 37.482971
v -4.453725 -3.354187 37.482971
v -3.928396 -2.758080 37.001389
v -2.386748 -5.116617 36.213303
v -1.968717 -5.405926 35.622299
v -4.221966 -7.547522 32.463547
v -3.069020 -8.483419 29.685043
v -2.111068 -8.563187 29.555984
v -2.636396 -9.413185 29.880646
v -1.742653 -9.413185 29.626755
v -2.111068 -10.263184 29.555984
v -2.868794 -10.228067 29.938004
v -2.403231 -10.711599 29.471664
v -2.894142 -11.108200 29.904297
v -2.636396 -10.995195 29.027771
v -1.703231 -10.653313 29.168274
v -1.996078 -11.127148 28.401596
v -2.636396 -11.113186 28.180649
v -3.486396 -10.788513 28.705978
v -1.229396 -11.091696 28.672531
v -1.229396 -11.323185 27.857651
v -0.454396 -11.027163 28.336624
v -0.454396 -11.027163 27.378677
v -1.229396 -11.091696 27.042755
v -0.750420 -10.548185 26.603668
v 0.024580 -10.252163 27.082642
v -0.414513 -9.773186 26.539139
v 0.024580 -9.294209 27.082642
v 0.320603 -9.773186 27.857651
v 0.089112 -8.958302 27.857651
v 0.024580 -9.294209 28.632645
v -0.454396 -8.519209 28.336624
v -0.750420 -8.998186 29.111618
v -0.414513 -9.773186 29.176147
v -1.366525 -8.896206 29.326889
v 0.024580 -10.252163 28.632645
v -0.750420 -10.548185 29.111618
v 0.089112 -10.588070 27.857651
v -6.458339 -4.106314 28.064987
v -6.931911 -3.341578 28.061874
v -6.571070 -2.619637 28.084656
v -6.277379 -2.837952 27.430649
v -6.068290 -2.101929 27.430649
v -6.139068 -1.733515 28.280640
v -5.814397 -1.208185 27.430649
v -5.850457 -0.308884 28.122604
v -5.761387 -0.689310 27.207642
v -5.989035 -0.571537 26.429260
v -5.643396 0.157816 27.207642
v -5.968068 0.683146 26.357651
v -6.325301 0.223122 25.731293
v -6.270628 -0.281673 25.615158
v -6.969732 0.489668 25.193451
v -6.328916 -0.585073 24.915146
v -6.912308 0.100744 24.554596
v -6.421396 -0.295856 24.121964
v -6.832541 0.229809 23.596634
v -6.421396 -0.295856 23.071304
v -5.825290 -0.777441 23.596634
v -6.912308 0.100744 22.638687
v -6.421396 -0.295856 22.206070
v -6.854020 0.404144 21.938690
v -7.121397 0.836767 22.638687
v -6.854020 1.269390 21.938690
v -6.457420 0.836767 21.447769
v -6.154020 1.536768 21.506058
v -6.421396 1.969391 22.206070
v -5.721396 2.027678 21.902664
v -5.288773 1.536768 21.506058
v -5.021397 1.969391 22.206070
v -5.712178 2.630741 22.950836
v -4.905725 2.654816 23.145981
v -4.380396 2.058708 22.664383
v -4.007355 1.530542 21.983078
v -3.530396 2.129486 22.295975
v -3.263021 1.696863 21.595963
v -2.830397 2.187773 21.992569
v -2.233518 1.552036 21.563568
v -1.930523 2.603817 22.201645
v -1.608725 1.753819 21.994980
v -1.083396 2.603817 22.319641
v -0.493523 2.076815 22.218643
v -0.150022 2.891697 22.184921
v -0.579771 3.418701 22.167923
v 0.369618 3.611778 22.505447
v 0.677053 2.834255 22.440018
v 1.212227 3.236488 22.760345
v 1.633353 2.776814 22.486038
v 2.239604 3.280865 23.052567
v 2.672227 2.789955 22.655960
v 3.077595 3.185123 23.540985
v 3.510218 2.485126 23.273605
v 3.706497 2.751072 24.158646
v 2.939604 3.547535 24.093155
v 3.777274 3.119484 25.008636
v 4.302603 2.269485 24.683975
v 4.627275 2.794815 25.533981
v 5.087298 2.168470 25.176743
v 4.695744 1.798502 24.540268
v 5.211389 1.694799 25.024994
v 5.867848 1.875149 25.679825
v 5.940830 1.416176 25.475815
v 5.574898 0.994108 24.867645
v 6.334898 0.703817 25.337357
v 6.044603 0.234110 24.577347
v 5.511615 0.664703 24.107651
v 6.044603 0.234110 23.637939
v 6.804604 -0.056185 24.107651
v 6.804604 0.170826 23.308533
v 7.564604 0.234110 23.637939
v 7.274309 0.703817 22.877945
v 8.034309 0.994108 23.347641
v 7.603715 1.463816 22.814651
v 8.094419 1.932833 23.248581
v 7.349569 2.391201 22.835770
v 8.186346 2.444817 23.261536
v 7.941874 3.290592 23.249268
v 8.710351 3.068680 23.768143
v 8.364151 3.894016 24.241714
v 7.974933 4.306145 23.730637
v 8.045710 4.674557 24.580643
v 7.449604 5.156147 24.055313
v 7.449604 5.156147 25.105972
v 6.714487 5.596470 24.509644
v 6.685089 5.289806 23.615372
v 6.223576 5.993069 24.077011
v 5.842933 5.515144 23.063644
v 5.521595 6.511250 23.430893
v 5.460228 5.941990 22.487640
v 5.696698 5.166328 22.264648
v 5.242996 6.240681 21.680161
v 5.200996 6.811951 22.595139
v 5.460228 7.110638 21.787643
v 5.510372 6.673306 20.980148
v 5.689489 6.298046 20.506775
v 6.210372 6.940681 20.547531
v 6.353604 6.623486 19.909973
v 6.878933 7.473484 20.234634
v 6.949710 7.105072 19.384644
v 7.203604 7.998814 19.384644
v 7.204504 7.914814 18.611771
v 7.191604 8.557861 19.255692
v 7.082933 8.817142 18.536636
v 7.350309 9.249767 19.236649
v 7.037955 9.508030 18.245667
v 6.979668 9.204632 17.545654
v 6.523115 9.966091 17.776642
v 6.464828 9.662693 17.076645
v 6.255739 10.398716 17.076645
v 5.922803 10.022373 16.407303
v 6.020252 11.025387 16.567978
v 5.364488 10.504425 15.984131
v 4.923368 9.939617 15.944687
v 5.902665 11.187580 15.701736
v 5.097112 10.937046 15.284134
v 4.550114 10.754307 15.199875
v 6.523115 10.831341 17.776642
v 6.476930 11.737923 17.104309
v 6.919715 10.398716 18.267548
v 7.223115 11.098717 18.209274
v 7.538746 11.498440 18.276627
v 7.935346 11.065815 18.767532
v 7.984084 12.151928 18.895126
v 7.765218 12.498680 18.091202
v 7.210713 12.018204 17.557816
v 7.597309 12.845112 17.360641
v 7.887604 13.314816 18.120651
v 7.597309 13.784519 17.360641
v 7.660592 14.113926 18.120651
v 7.127604 14.544521 17.650940
v 6.909554 14.191708 16.836929
v 6.397045 14.712429 17.304504
v 6.418642 14.588310 16.404312
v 6.948646 14.234703 15.771545
v 6.519613 15.035145 15.282089
v 7.277055 14.745827 14.813965
v 7.817980 14.147579 14.961044
v 8.250604 14.663921 14.350388
v 8.775932 14.067814 14.831970
v 6.829983 15.504890 14.446609
v 5.861106 16.044815 14.536026
v 6.643746 16.044815 14.191040
v 6.340346 16.744816 14.132751
v 5.502155 16.802258 14.490021
v 5.971932 17.594814 14.061966
v 5.612034 18.102478 13.884293
v 4.699603 17.996815 14.042648
v 5.224932 18.846813 13.717972
v 4.174274 18.846813 13.717972
v 4.699603 19.442921 13.236389
v 3.849603 19.372143 12.867966
v 3.286530 18.572784 13.307022
v 3.805861 17.996815 13.788742
v 4.220027 17.186813 13.922333
v 3.484003 17.186813 13.713242
v 3.916627 16.486813 13.980621
v 3.161364 16.069477 14.050217
v 2.599275 17.043812 13.531967
v 2.230860 16.193813 13.602753
v 2.710101 15.493813 14.006027
v 1.927461 15.493813 13.661041
v 1.494837 15.002903 14.057632
v 0.973884 15.500832 13.596970
v 0.550729 15.216461 14.347870
v 1.014640 14.795849 14.832855
v 0.418603 15.135792 15.270615
v -0.356397 15.431816 14.791641
v -0.280943 15.554813 13.879761
v -1.056396 15.699192 14.359024
v -0.920228 15.320293 15.255508
v -1.417379 15.672192 14.742783
v -1.850003 16.372189 14.475403
v -1.551022 16.895863 13.603088
v -1.979068 17.330143 14.395645
v -1.803308 17.518791 13.787643
v -2.251768 17.780979 14.667770
v -2.012397 18.254814 13.787643
v -1.970327 17.985779 12.803375
v -2.308420 18.733788 13.012650
v -2.528430 18.376904 12.190109
v -3.083420 19.029812 12.533661
v -3.456917 18.573948 11.949234
v -2.978396 18.004921 11.202896
v -3.898826 17.957188 11.462936
v -3.503725 17.408813 10.721313
v -4.616053 17.124622 10.866745
v -5.162630 17.610920 11.364670
v -5.316052 17.182911 10.563339
v -5.920072 17.691151 11.096771
v -5.942397 17.540142 10.103317
v -5.542367 17.888874 11.675400
v -6.343513 17.782181 11.726242
v -6.792397 17.746822 11.475769
v -7.158397 17.724812 11.958649
v -7.492396 18.014202 11.043152
v -7.973280 17.782181 11.726242
v -8.104550 18.541893 10.634537
v -7.149557 18.125210 10.334000
v -7.500620 18.576366 10.108902
v -10.399436 19.442963 11.186020
v -9.833941 19.283794 10.554153
v -10.537980 19.556648 10.708893
v -11.251642 19.651360 10.608658
v -11.116468 19.831539 11.787552
v -12.015730 19.385143 11.338791
v -10.290532 19.727306 12.087891
v -10.849092 20.264160 12.487549
v -11.841396 20.343670 12.073654
v -11.583105 20.085140 11.606155
v -12.283106 19.817764 12.038788
v -12.366725 20.754814 12.599319
v -12.806660 19.990299 12.465652
v -12.568165 19.267326 11.846130
v -13.129226 18.757595 12.411819
v -13.351502 19.410339 13.104630
v -13.126131 18.374439 13.256516
v -13.386284 17.894943 12.540405
v -13.366601 17.260784 13.408600
v -13.857512 16.864185 12.975967
v -13.848829 17.122272 12.099884
v -13.321705 17.597309 11.544098
v -13.857512 16.864185 13.841217
v -14.557512 16.596806 13.408600
v -14.557512 16.805897 14.144623
v -15.316397 16.561714 13.676773
v -15.245905 16.912342 14.585312
v -16.424839 16.688427 14.141510
v -16.317417 16.948185 14.990463
v -17.155396 16.520519 14.487930
v -16.937347 16.167706 13.673935
v -17.521965 15.838688 14.090775
v -17.688385 16.089924 14.957642
v -17.915398 15.290813 14.957642
v -17.625103 14.821110 14.197647
v -17.688385 14.491703 14.957642
v -17.254459 14.000996 14.488632
v -17.139570 14.194592 13.552185
v -16.797907 13.239536 14.257645
v -16.856049 13.342651 13.388687
v -17.123425 13.775276 12.688675
v -17.123425 12.910027 12.688675
v -17.206282 12.411583 13.194778
v -17.823425 12.642651 12.256058
v -18.088053 13.014744 11.968369
v -18.256048 12.151741 12.652664
v -18.953300 13.014744 11.968369
v -16.887476 12.813351 13.976044
v -16.836044 11.917244 14.057312
v -16.568668 12.349869 14.757309
v -16.669725 11.530144 14.801636
v -17.268669 11.217243 14.324692
v -17.102348 10.830143 15.069016
v -17.806396 10.527210 14.737259
v -17.879513 10.968182 13.942978
v -18.687889 10.454899 14.416153
v -18.579512 10.909897 13.639572
v -18.146889 11.400806 13.242966
v -18.905773 11.690674 12.773956
v -19.338396 11.199764 13.170563
v -19.735146 11.701931 12.740295
v -19.474255 12.516815 12.429031
v -20.167770 12.401932 12.472916
v -19.777653 13.216816 12.370743
v -20.671396 13.216816 12.624649
v -20.772837 11.637234 12.314224
v -20.255749 11.175030 12.877655
v -21.076237 10.937237 12.372498
v -20.688372 10.475033 13.145035
v -21.435772 10.275578 12.753036
v -22.101887 10.903156 12.353928
v -22.458328 10.174198 12.726883
v -23.027653 10.806156 12.420624
v -21.964775 9.495701 13.049133
v -21.196098 9.442871 13.278397
v -21.499500 8.742870 13.336685
v -20.799500 9.010246 13.769302
v -21.232124 8.310246 14.036682
v -21.932123 8.251961 13.733292
v -20.686298 8.776318 14.556534
v -21.177210 8.379719 14.989166
v -20.689672 9.149189 15.343781
v -21.237789 8.900326 15.828751
v -20.654396 9.586147 16.189316
v -20.354729 9.691143 15.550781
v -19.982740 10.040913 15.869095
v -19.982740 10.040913 16.799637
v -20.654396 9.586147 17.239975
v -19.895906 9.641323 17.800415
v -20.422905 9.211582 18.104156
v -19.493773 9.220829 18.410782
v -19.926395 8.729919 18.807388
v -20.806892 8.763100 18.480560
v -19.428467 8.269245 19.328339
v -18.506397 9.137699 18.615295
v -18.192772 8.607304 19.061462
v -18.815395 8.076904 19.507614
v -17.828396 8.368526 19.441345
v -18.047829 7.933990 19.982010
v -18.815395 7.867813 20.243637
v -18.055397 7.577526 20.713348
v -18.815395 7.640808 21.042755
v -18.345692 7.107815 21.473343
v -19.285103 7.107815 21.473343
v -18.815395 6.347816 21.763641
v -19.614506 6.347816 21.536636
v -19.285103 5.587818 21.473343
v -18.345692 5.587818 21.473343
v -18.815395 5.054825 21.042755
v -17.971645 5.024933 21.040298
v -18.382772 4.563915 20.646164
v -17.560726 4.289818 20.599976
v -17.202450 5.159153 21.020920
v -16.510067 4.289818 20.599976
v -17.035397 3.693710 20.118393
v -16.185396 3.764484 19.749969
v -16.281513 3.493717 19.224640
v -15.485396 3.822773 19.446579
v -15.581513 3.552002 18.921249
v -16.014137 3.061092 18.524643
v -15.007396 4.589489 20.271973
v -14.620402 4.083248 19.410110
v -14.187778 4.574158 19.806702
v -13.755155 4.083248 19.410110
v -13.380740 4.703007 20.271545
v -12.948116 4.212097 19.874954
v -13.451756 3.383247 19.351822
v -12.644716 3.512096 19.816666
v -13.116280 2.836235 19.585739
v -12.719679 2.403610 20.076645
v -13.239809 1.940844 19.602798
v -13.181521 1.637444 20.302811
v -13.672433 1.240843 19.870178
v -13.672433 1.240843 20.776642
v -13.181521 1.637444 21.250473
v -13.568844 0.877537 21.505356
v -13.095485 1.087791 22.434647
v -13.510556 0.574137 22.205368
v -13.404522 0.568443 22.998810
v -12.943761 1.591415 23.249527
v -12.858454 1.102686 23.619995
v -12.555054 1.802687 23.561707
v -12.080139 1.823814 23.880753
v -12.561726 2.349144 23.284637
v -12.908978 1.942299 22.233002
v -12.632503 2.717556 22.434647
v -12.179497 3.225918 22.992859
v -11.776116 2.633778 24.059387
v -11.279725 2.125238 24.741638
v -11.683539 1.391191 24.371658
v -11.279725 2.990486 24.741638
v -10.922492 2.585262 25.367981
v -11.221437 1.821838 25.441635
v -10.771116 2.125914 25.829712
v -10.318899 2.815815 25.741028
v -10.080163 2.418922 26.267624
v -10.684997 1.867363 26.562363
v -9.842279 2.223467 27.098648
v -9.380163 2.477207 26.571014
v -9.300396 2.348141 27.528976
v -9.812881 1.916813 27.992905
v -8.975725 1.822815 28.378983
v -9.294773 1.337582 28.532028
v -8.450397 0.972815 28.703644
v -7.925068 1.822815 28.378983
v -7.811521 1.030140 28.733978
v -8.190523 0.157816 28.789658
v -7.343396 0.157816 28.907639
v -6.958068 -0.397911 28.946457
v -6.449654 0.157816 28.653748
v -6.818068 1.007814 28.582962
v -5.968068 0.683146 28.057632
v -6.493397 1.533144 27.732971
v -5.897290 1.051559 27.207642
v -6.493397 1.533144 26.682312
v -6.974052 1.990911 27.003647
v -7.600397 2.348141 26.478317
v -7.600397 2.348141 27.528976
v -8.450397 2.672813 27.003647
v -7.967379 2.383190 25.954025
v -7.760886 1.858702 25.570251
v -8.458290 2.779793 25.521408
v -8.047218 2.341812 24.740143
v -7.819173 1.555302 24.870255
v -7.518067 1.275192 25.399689
v -7.576355 0.971792 24.699692
v -7.518067 1.275192 23.999680
v -7.085443 0.575191 24.267059
v -7.193003 1.377192 23.406403
v -7.679301 1.875120 23.952988
v -7.244148 2.305233 23.438065
v -6.871918 1.688417 22.765732
v -6.512059 2.660824 23.092377
v -6.824451 3.051567 22.881882
v -6.098492 3.302742 22.814362
v -6.391827 3.542477 22.485291
v -6.088428 4.242477 22.427002
v -6.824451 4.242477 22.217911
v -6.391827 4.942478 22.485291
v -5.691827 4.675102 22.917908
v -5.398492 4.435368 23.246979
v -6.124451 5.375103 23.185287
v -5.907531 5.390537 23.764023
v -6.824451 5.433388 22.881882
v -7.257075 4.942478 22.485291
v -7.560474 4.242477 22.427002
v -8.006042 4.735332 23.054779
v -7.690240 5.622517 23.656876
v -7.957075 3.809853 22.917908
v -8.322388 4.362942 23.891647
v -8.076538 3.576748 23.880661
v -8.529068 4.041145 24.741638
v -8.818286 4.834324 24.834122
v -8.458092 5.482098 24.287369
v -9.036285 5.690308 24.961121
v -8.638629 6.506062 24.940552
v -7.867350 6.539486 24.524017
v -8.240973 7.321815 24.919968
v -7.375725 7.321815 24.919968
v -7.002102 6.539486 24.524017
v -7.325468 6.240383 24.251343
v -6.625468 6.182095 24.554733
v -6.422372 5.848598 24.233032
v -6.302102 6.272110 24.956650
v -5.832397 5.512104 24.666351
v -5.542102 5.981815 25.426346
v -5.072396 5.448822 24.995758
v -5.072396 5.123863 24.258560
v -4.312397 5.512104 24.666351
v -4.045020 5.079483 23.966354
v -4.639773 4.632954 23.861954
v -4.794899 4.204815 23.620026
v -3.965894 4.204815 23.620026
v -4.380396 3.504814 23.470642
v -5.274139 3.504814 23.216751
v -3.529344 4.599373 23.619019
v -3.095068 3.806816 23.190964
v -3.230807 3.071629 23.017166
v -3.855068 2.654816 23.145981
v -2.363146 3.303818 22.469040
v -2.666546 2.603817 22.410751
v -2.167148 4.161396 22.777084
v -1.406847 3.361259 22.423019
v -1.813020 4.466190 22.290634
v -1.113020 4.198814 21.858017
v -1.416420 4.898815 21.799728
v -0.680396 4.898815 21.590637
v -0.247772 4.198814 21.858017
v 0.055627 4.898815 21.799728
v 0.452228 4.466190 22.290634
v 0.545774 5.422184 22.108139
v 0.719604 4.898815 22.990646
v 0.853235 4.064484 23.049530
v 1.009898 4.429111 23.750641
v 1.479603 3.669109 23.460342
v 1.769898 4.138817 24.220352
v 2.239604 3.605824 23.789749
v 2.841190 3.860786 24.871475
v 2.322440 4.580399 25.062912
v 3.004604 4.220837 25.576614
v 3.344650 3.819485 25.276016
v 3.773237 4.093475 25.995010
v 4.240172 3.539150 25.700287
v 4.686063 4.103779 26.011673
v 5.081601 3.529930 25.974289
v 5.719826 3.727985 26.142471
v 5.990573 2.975151 26.064011
v 5.574508 2.646889 25.751358
v 6.398861 2.444817 26.153748
v 6.832002 2.965931 26.338013
v 7.353996 2.410816 26.601181
v 6.767275 1.594818 26.082962
v 7.855898 1.616817 26.640350
v 7.566719 1.048735 25.941574
v 7.250460 0.786612 25.561600
v 8.219862 0.688782 25.228409
v 7.564604 0.234110 24.577347
v 6.804604 0.170826 24.906754
v 8.097592 0.664703 24.107651
v 8.588504 1.061304 24.540268
v 8.888433 1.533705 24.114029
v 9.085604 1.147110 24.940933
v 9.555309 1.907108 24.650650
v 9.124715 2.376816 24.117661
v 8.707299 1.946888 23.722214
v 9.555309 2.846519 24.650650
v 9.845604 2.376816 25.410645
v 9.618592 3.175926 25.410645
v 9.085604 3.606525 24.940933
v 9.085604 3.606525 25.880356
v 8.393171 4.021275 25.452408
v 8.325603 3.669807 26.209763
v 7.892980 4.160717 25.813156
v 7.423964 3.726791 26.303864
v 7.124932 4.630814 25.955978
v 6.599604 3.780815 26.280640
v 6.131479 4.653141 26.106979
v 6.685089 5.289806 25.545914
v 5.924932 5.101860 25.848022
v 5.621532 5.801861 25.789734
v 6.286098 6.016659 25.071167
v 5.911309 6.209862 25.676651
v 6.090464 6.746876 24.916641
v 5.911309 7.075111 25.676651
v 6.201604 7.544815 24.916641
v 5.992952 6.902447 24.067307
v 6.201604 7.909863 24.065598
v 5.574819 7.508423 23.566666
v 6.166487 8.602161 23.036636
v 5.675575 8.205563 22.604019
v 5.463308 7.679897 22.730911
v 5.733863 7.902164 21.904022
v 6.166487 8.602161 22.171402
v 6.901604 9.042484 22.582321
v 6.656357 9.127567 21.558701
v 6.714644 8.824169 20.858688
v 6.521700 7.933510 20.860992
v 5.942996 7.373302 21.247528
v 7.007998 8.431438 20.314407
v 7.447552 9.128185 20.319855
v 7.147268 9.524166 21.126068
v 7.891603 9.690487 20.738968
v 7.891603 9.690487 19.688309
v 8.487709 10.172073 20.213638
v 8.416932 10.540485 19.363647
v 7.608744 9.945210 18.852921
v 8.741603 11.065815 20.213638
v 8.416932 11.591145 19.363647
v 8.487709 11.959557 20.213638
v 8.016953 12.496639 19.701889
v 7.891603 12.441143 20.738968
v 7.407167 13.061028 20.416153
v 7.400810 13.389614 19.680435
v 7.774996 12.887951 18.895126
v 7.597309 13.784519 18.880646
v 6.686503 14.180195 19.566895
v 7.127604 14.544521 18.590347
v 6.397045 14.712429 18.936783
v 6.367603 14.834812 18.120651
v 5.488510 14.686138 18.676285
v 5.376986 14.889473 19.493576
v 4.676986 14.947758 19.190186
v 4.134274 14.610188 18.982590
v 3.866898 15.042812 19.682602
v 3.434274 14.551903 19.285995
v 3.434274 14.342812 18.549973
v 4.134274 14.610188 18.117355
v 3.320270 14.392139 17.764542
v 3.866898 15.042812 17.417343
v 4.805619 15.141880 17.477463
v 4.336603 15.575806 16.986755
v 5.096603 15.512524 16.657349
v 5.667603 14.991055 16.890091
v 5.686579 15.176029 16.224045
v 5.171739 15.634090 15.755020
v 5.593730 15.612194 15.236023
v 5.052042 16.340488 14.933777
v 4.269035 15.927273 15.280640
v 4.184003 16.054188 14.680618
v 4.534173 16.850479 14.228287
v 3.576603 15.512524 14.852692
v 3.576603 15.512524 15.717941
v 2.977477 15.061192 15.571274
v 2.977477 15.061192 14.706024
v 2.414640 14.795849 14.832855
v 2.373766 14.483158 15.613724
v 1.673767 14.424873 15.310333
v 1.714640 14.737560 14.529449
v 1.673767 14.215782 16.046356
v 0.973767 14.483158 15.613724
v 0.936040 14.497570 16.502289
v 0.198313 14.779354 16.092987
v 0.094956 14.965450 17.280121
v -0.670281 14.711807 16.872696
v -0.896679 14.973793 16.104141
v -0.356397 15.200325 15.606522
v -1.101397 14.696815 17.197647
v -1.801396 14.964191 16.765015
v -1.801396 14.964191 17.630264
v -2.292308 15.360794 17.197647
v -2.374606 15.762920 16.250839
v -1.823078 15.294064 15.638992
v -2.255702 15.994064 15.371613
v -2.635028 16.931149 15.738754
v -2.336301 16.870117 15.021988
v -2.648368 17.348354 15.158676
v -3.198971 17.752590 15.792145
v -2.747513 18.254814 15.106155
v -3.609029 18.330265 15.460632
v -3.083420 19.029812 15.041626
v -2.308420 18.733788 14.562637
v -2.787396 19.508793 14.266617
v -2.243888 19.069698 13.787643
v -2.787396 19.508793 13.308670
v -3.562397 19.804813 13.787643
v -3.562397 19.573322 12.972763
v -4.337397 19.508793 13.308670
v -4.041373 19.029812 12.533661
v -4.816373 18.733788 13.012650
v -4.409744 18.321495 12.375397
v -5.446255 17.937126 12.820084
v -4.842368 17.830585 11.978790
v -5.222297 18.266556 13.825363
v -5.527844 17.768536 13.409363
v -6.227844 17.501160 12.976730
v -6.343513 17.573090 12.462265
v -7.158397 17.470921 12.852386
v -6.660468 17.010250 13.373337
v -7.656325 17.010250 13.373337
v -7.962476 17.561062 12.667725
v -8.539904 16.985092 13.488647
v -8.593838 17.747829 12.983963
v -8.673280 17.840466 12.029648
v -9.164190 18.237068 12.462265
v -9.106174 18.576809 11.642639
v -8.636850 18.592434 10.756271
v -9.792262 18.973698 11.804871
v -9.539067 19.313145 12.655640
v -9.214396 18.787815 13.505646
v -9.468290 19.681557 13.505646
v -10.064396 20.163143 12.980316
v -10.053659 20.386631 13.927109
v -10.365052 20.922909 13.909332
v -10.991396 21.280148 13.449310
v -10.912094 21.642544 14.191879
v -11.495397 21.794922 14.506897
v -11.841396 21.350922 13.080902
v -11.316068 20.754814 12.599319
v -12.770699 21.642544 14.191879
v -12.691397 21.280148 13.449310
v -13.376809 20.827335 13.905487
v -13.216725 20.430145 13.124649
v -13.541396 19.904816 13.974640
v -13.598760 20.137215 14.789520
v -13.389671 19.401192 14.789520
v -13.287502 19.011074 13.974640
v -13.306396 19.003677 15.249710
v -13.345790 17.842426 14.674637
v -13.078414 18.275051 13.974640
v -13.287502 17.539028 13.974640
v -13.778414 17.142429 14.407272
v -14.045790 17.575050 15.107269
v -14.478414 17.084141 14.710663
v -14.706396 17.487808 15.248535
v -14.006396 17.871052 15.682327
v -14.740180 17.826023 16.037567
v -15.466396 17.424526 15.577942
v -15.466396 17.424526 16.517349
v -15.963369 17.073784 16.224594
v -16.454281 16.677181 15.791977
v -16.050602 16.491352 16.713806
v -16.865101 16.050812 16.187347
v -17.155396 16.520519 15.427353
v -17.625103 15.760517 15.717636
v -17.194508 15.290813 16.250626
v -17.625103 14.821110 15.717636
v -16.733505 14.593060 16.280884
v -17.155396 14.061108 15.427353
v -16.276281 13.872433 15.927567
v -16.739620 13.542934 14.957642
v -15.876598 13.197453 15.710617
v -16.474394 12.789364 14.995667
v -15.876598 12.332203 15.710617
v -16.278116 11.838909 15.398712
v -16.191996 11.580360 16.131363
v -16.611439 11.226746 15.501648
v -16.780933 11.063801 16.648819
v -17.102348 10.830143 15.934265
v -17.776665 10.824112 16.393799
v -17.806396 10.527210 15.602493
v -18.506397 10.468922 15.905899
v -18.687889 10.245808 15.152176
v -19.312061 10.297085 15.454590
v -19.863819 10.087742 15.118164
v -19.356396 10.398144 16.274307
v -18.506397 10.722813 16.799637
v -19.356396 10.398144 17.324966
v -18.506397 10.468922 17.693390
v -19.031725 9.872814 18.174973
v -17.981068 9.872814 18.174973
v -17.696121 10.538631 17.355972
v -16.864162 10.120815 17.833664
v -17.445375 9.274647 18.221161
v -16.431538 9.420815 18.101044
v -17.161343 8.637569 18.737900
v -15.874959 8.843334 18.938095
v -16.428396 8.368526 19.441345
v -17.128395 8.310238 19.137955
v -16.910347 7.957424 19.951950
v -16.138102 7.898815 20.201340
v -16.570724 7.407906 20.597946
v -17.355396 7.519238 20.409958
v -17.531689 6.889767 21.120529
v -16.382725 6.814816 21.121964
v -17.280262 6.347816 21.327545
v -18.016285 6.347816 21.536636
v -17.635075 5.859154 21.288284
v -16.737175 5.911983 21.308472
v -15.857396 5.964817 21.446640
v -16.230083 4.947773 21.059280
v -15.332067 5.114819 21.121964
v -14.963654 5.964817 21.192749
v -14.467886 5.346310 20.747421
v -14.227630 5.964817 20.983658
v -13.441181 5.375584 20.837219
v -13.491606 5.964817 21.192749
v -12.931232 6.011852 21.589859
v -12.579725 5.137486 21.359634
v -12.680740 4.644718 20.574951
v -12.240168 4.296215 21.229843
v -12.248116 3.944721 20.307571
v -11.980741 3.512096 21.007568
v -12.248116 3.079472 20.307571
v -12.189829 2.776073 21.007568
v -12.248116 3.079472 21.707565
v -12.675249 2.406162 21.534592
v -12.661391 2.100212 20.776642
v -11.893907 3.911682 21.943039
v -12.326530 3.211681 22.210403
v -11.835619 3.608284 22.643036
v -11.626531 4.344307 22.643036
v -11.753782 3.930317 23.191635
v -11.731680 4.741772 23.174637
v -11.466225 4.395596 23.944473
v -11.707771 3.606869 23.949081
v -11.279725 4.041145 24.741638
v -11.056836 4.794189 24.735641
v -10.429726 4.365814 25.266983
v -10.798140 3.515816 25.337753
v -10.080163 3.609833 25.603638
v -9.379068 4.365814 25.266983
v -8.939133 3.601299 25.400635
v -9.647539 2.909832 25.871017
v -9.904396 5.145580 25.128662
v -11.123165 5.619305 24.637146
v -10.538725 5.962315 25.330475
v -9.597068 6.158817 25.393967
v -10.122396 7.008816 25.718643
v -9.228653 7.008816 25.464752
v -9.597068 7.858814 25.393967
v -9.073538 8.095482 25.133972
v -10.057093 8.485161 25.036728
v -8.975858 9.337429 24.659592
v -8.640914 8.795483 24.866592
v -8.208290 8.095482 25.133972
v -7.904891 8.795483 25.075684
v -7.697523 8.171814 25.126648
v -7.413659 9.126129 25.544327
v -6.941449 8.114372 25.348022
v -8.242074 9.550144 25.113083
v -7.861102 10.042110 25.784637
v -7.101102 9.751816 26.254349
v -6.631396 9.161839 25.917862
v -6.125470 8.502296 25.550064
v -6.490578 7.332783 25.261826
v -5.554174 7.538822 25.536331
v -5.871508 6.741814 25.489639
v -5.072396 6.741814 25.716644
v -4.618893 7.543163 25.560822
v -4.273285 6.741814 25.489639
v -4.602691 5.981815 25.426346
v -3.842691 6.272110 24.956650
v -3.479181 6.972797 25.113998
v -2.873396 6.942440 24.390015
v -3.407966 5.895103 23.789917
v -3.686028 5.907482 24.255524
v -2.707966 6.162479 23.357285
v -3.011365 5.462479 23.298996
v -2.249848 6.207348 22.826401
v -2.245068 5.182144 22.665634
v -2.726654 4.656815 23.261749
v -1.737068 5.580235 21.925644
v -1.737068 6.445484 21.925644
v -1.340467 6.012859 21.434738
v -1.037068 5.312859 21.493027
v -0.604444 6.012859 21.225632
v -0.171820 5.312859 21.493027
v 0.131579 6.012859 21.434738
v -0.161053 6.804096 21.412567
v 0.574971 6.804096 21.621658
v 0.929949 6.186398 22.201614
v 0.971571 7.236721 22.112564
v 1.395627 7.123398 22.866638
v 1.359603 5.990772 23.624924
v 0.946614 5.697926 22.990646
v 1.009898 5.368519 23.750641
v 1.463275 5.854237 24.231644
v 1.440492 4.898815 24.283630
v 1.837092 5.331440 24.774551
v 1.761439 6.488819 24.844589
v 1.895380 5.634838 25.474548
v 1.463275 6.719486 25.631638
v 1.881004 5.785271 26.016373
v 2.425643 4.930866 25.864334
v 2.399749 5.343822 26.481644
v 2.835773 4.710197 26.278763
v 3.103149 5.142818 26.978760
v 3.305769 4.594688 26.408279
v 3.779604 5.114819 26.871048
v 4.258580 4.699818 26.351624
v 4.821602 5.227818 26.723984
v 5.241891 4.647758 26.344818
v 5.224933 5.369236 26.280640
v 5.224933 6.234486 26.280640
v 4.555399 5.697533 27.190643
v 4.883698 6.442303 27.190643
v 5.084114 7.112190 26.700546
v 4.728603 6.815815 27.890640
v 4.555399 7.934097 27.190643
v 4.815934 7.871075 26.735641
v 5.480714 7.544815 26.209641
v 5.212534 8.303699 26.244736
v 5.911309 8.014519 25.676651
v 5.456768 9.012318 25.428131
v 6.079218 8.360950 24.946091
v 5.819205 9.602932 24.865005
v 6.384266 8.710632 24.141129
v 6.654403 9.589794 24.594742
v 6.901604 9.042484 23.632980
v 7.426932 9.892487 23.957642
v 7.497709 9.524075 23.107651
v 7.751603 10.417816 23.107651
v 7.425549 9.717510 22.204269
v 7.792323 10.567886 22.389984
v 7.984084 9.979702 21.532150
v 8.059699 11.065815 21.689987
v 8.416932 10.540485 21.063644
v 8.416932 11.591145 21.063644
v 7.866989 12.165318 21.668640
v 7.800512 11.712833 22.379318
v 7.463710 12.644558 22.368637
v 7.400692 12.837746 21.171600
v 6.975204 13.210361 21.903366
v 6.520552 13.778854 21.534653
v 6.805710 13.836555 20.245651
v 6.578839 14.082253 20.834641
v 6.195592 14.576794 19.999512
v 6.253880 14.880192 20.699509
v 5.934979 15.423676 20.051208
v 6.132309 15.782520 20.774643
v 5.372309 16.072815 20.304947
v 4.944362 15.380383 19.890182
v 4.432898 16.072815 20.304947
v 4.382227 15.485580 19.893250
v 3.772476 16.081791 20.466934
v 3.424274 15.405815 20.022324
v 3.019051 16.032158 20.379547
v 2.559027 15.405815 20.022324
v 2.191819 15.074799 19.732285
v 1.888420 15.774799 19.790573
v 1.491819 15.342175 19.299667
v 1.922357 14.517159 18.831039
v 2.622356 14.458874 19.134445
v 2.620270 14.124763 18.197159
v 2.138579 14.218655 17.670624
v 2.838579 14.486034 17.238007
v 1.906173 14.426311 16.858490
v 2.463235 14.584240 16.549622
v 1.438580 14.486034 17.238007
v 1.438580 14.486034 18.103256
v 0.848604 14.822521 17.669937
v 0.696542 15.111195 18.273407
v 0.088603 15.210766 18.077728
v 0.423547 15.669899 18.797882
v -0.246340 15.669899 18.797882
v -0.678964 15.178989 18.401291
v -0.401397 14.964191 17.630264
v -1.101397 14.905907 17.933670
v -1.376325 15.147160 18.466919
v -0.676325 15.414539 18.899551
v -1.376325 15.356251 19.202942
v -2.076324 15.414539 18.899551
v -2.076324 15.414539 18.034302
v -2.567236 15.811138 18.466919
v -2.501396 16.096817 17.197647
v -2.890719 16.575882 18.155472
v -2.728407 16.895927 17.197647
v -2.693315 16.627750 16.438766
v -3.218098 17.463306 16.618057
v -3.261396 17.326527 17.667343
v -4.021397 17.616814 17.197647
v -4.041653 17.630264 16.593262
v -4.781396 17.326527 16.727936
v -4.816373 16.910591 15.962646
v -4.041653 17.839355 15.857239
v -4.548996 17.343216 15.262650
v -4.443085 18.308758 15.179291
v -4.816373 17.775841 14.562637
v -4.816373 18.733788 14.562637
v -4.041373 19.029812 15.041626
v -4.337397 19.508793 14.266617
v -3.562397 19.573322 14.602524
v -4.880905 19.069698 13.787643
v -4.816373 16.910591 14.562637
v -5.235390 17.342934 13.863098
v -5.516373 16.643215 14.130020
v -5.935390 17.075558 13.430466
v -6.477513 16.494183 13.885239
v -5.948997 16.152306 14.526627
v -7.292397 16.182922 15.011383
v -7.292397 16.540195 14.208694
v -8.102671 16.252636 14.673965
v -8.107280 16.494183 13.885239
v -8.807280 16.552471 14.188644
v -8.798061 16.278461 15.030075
v -9.106443 16.697239 14.623016
v -9.239903 17.252468 13.921265
v -9.539067 17.397236 14.355637
v -9.098745 17.851566 13.620529
v -9.572556 18.265881 14.417648
v -9.899245 18.033184 15.206482
v -9.592539 19.191105 14.528137
v -9.936488 19.367355 15.411636
v -9.738032 20.116417 14.585754
v -9.795397 20.348816 15.400650
v -10.120068 20.874146 14.550644
v -10.049291 21.242558 15.400650
v -10.645397 21.724148 14.875320
v -10.645397 21.724148 15.925980
v -11.437955 22.152195 15.345093
v -11.849602 22.327194 15.633362
v -12.658396 22.280323 15.306763
v -12.432232 21.900227 14.507614
v -13.195985 21.812923 14.801254
v -13.433396 22.215794 15.642670
v -13.912373 21.440788 15.346649
v -13.572425 21.003025 14.750610
v -13.912373 20.482841 15.346649
v -14.208396 20.961815 16.121643
v -13.976905 20.146931 16.121643
v -13.573772 19.436302 15.949707
v -13.518209 19.646061 16.699661
v -12.813906 19.406334 16.486755
v -12.381281 18.915424 16.090149
v -12.658396 19.643307 16.936523
v -13.137372 20.186817 17.375626
v -12.179420 20.186817 17.375626
v -11.751938 19.590778 17.035675
v -11.404345 20.291374 17.204025
v -10.939068 19.538540 16.916458
v -11.485559 18.587284 16.741959
v -10.951749 18.246033 17.418655
v -11.564255 17.478523 16.589600
v -12.019368 18.063286 16.065277
v -12.264255 17.211147 16.156967
v -12.813906 18.215424 15.822769
v -13.129502 17.211147 16.156967
v -13.561851 18.393238 15.990784
v -13.246529 18.915424 16.090149
v -13.863286 17.491428 16.610474
v -14.273772 17.978718 16.450150
v -14.706396 17.487808 16.846756
v -14.236691 16.954815 17.277344
v -15.176102 16.954815 17.277344
v -14.706396 16.194817 17.567642
v -15.505507 16.194817 17.340637
v -15.176102 15.434818 17.277344
v -15.996211 15.725800 16.906708
v -16.281725 15.282314 16.697678
v -15.737725 14.423817 16.748978
v -14.794021 14.766815 17.014023
v -15.273828 13.961151 16.588287
v -14.361397 14.066814 16.746643
v -14.917725 13.256542 16.562454
v -13.996107 13.495087 16.809067
v -14.428731 12.795086 16.541702
v -15.273828 12.561150 16.588287
v -14.861355 12.095085 16.809067
v -15.640345 12.058445 16.702866
v -15.234396 11.566921 17.490387
v -16.084396 11.496143 17.121979
v -15.759725 10.970814 17.971970
v -16.645847 10.774826 17.539963
v -16.128139 10.120815 18.042755
v -15.232191 10.106251 18.441605
v -15.442335 9.334248 18.541489
v -14.535772 9.515053 19.069580
v -14.968396 8.815052 19.336960
v -14.477485 9.211655 19.769577
v -15.092182 8.149952 20.258194
v -15.668396 8.431808 19.770752
v -14.228790 8.429192 20.745407
v -14.926844 7.441162 20.764740
v -15.857396 7.441162 20.764740
v -15.392120 6.922417 21.206192
v -14.075025 7.159981 21.310776
v -14.122608 7.910664 21.201492
v -13.579280 7.633816 21.749161
v -13.243373 6.858818 21.684616
v -13.795006 6.664818 21.251038
v -12.911744 7.299759 22.275513
v -12.543373 6.591442 22.117249
v -12.576221 7.017353 22.962601
v -12.208007 5.985348 22.693405
v -12.222492 5.597511 21.985992
v -11.835619 5.080330 22.643036
v -11.893907 4.776932 21.943039
v -11.731680 5.607021 23.174637
v -12.193522 6.373184 23.400803
v -11.673392 5.910419 23.874649
v -11.455173 5.233944 23.935974
v -12.088396 6.429836 24.353622
v -11.533848 6.354805 24.961960
v -11.792373 6.908817 25.128616
v -11.056629 6.908363 25.489349
v -11.313396 7.683815 25.424637
v -10.401516 7.759266 25.547638
v -10.834420 8.458813 25.128616
v -11.792373 8.458813 25.128616
v -11.313396 9.054852 24.788681
v -10.216444 8.968903 24.716568
v -10.649068 9.459812 24.319977
v -9.783820 9.459812 24.319977
v -10.243845 10.086159 23.962738
v -9.480421 10.159813 24.261688
v -9.940445 10.786160 23.904449
v -8.890326 10.710815 24.544693
v -8.672459 10.037430 24.601303
v -8.275858 10.470055 25.092209
v -8.435999 11.445930 24.985001
v -7.950250 10.997410 25.630280
v -7.390281 11.839897 25.555573
v -7.101102 11.271812 26.254349
v -7.430508 10.511814 26.317642
v -6.631396 10.511814 26.544632
v -6.161691 11.271812 26.254349
v -5.832285 10.511814 26.317642
v -6.161691 9.751816 26.254349
v -5.341581 10.042797 25.883713
v -5.822070 9.202297 25.608353
v -4.787858 9.106514 25.584579
v -5.072396 8.276947 25.280548
v -4.336373 8.276947 25.489639
v -4.324116 9.407745 25.598984
v -3.575500 8.351597 25.815750
v -3.982708 7.516560 25.551987
v -3.046557 7.463707 25.510605
v -2.698725 8.059818 26.197983
v -2.173396 7.463711 25.716385
v -2.173396 7.209820 24.822647
v -1.323396 7.534489 25.347977
v -1.323396 7.534489 24.297318
v -2.058513 7.094166 23.886398
v -1.797020 7.107544 23.214417
v -0.756451 7.925770 23.655304
v -1.351964 7.540119 22.812576
v -1.293676 7.236721 22.112564
v -0.861053 7.936718 22.379944
v -0.593677 7.504097 21.679947
v -1.037068 6.712860 21.493027
v -0.161053 7.995007 22.076553
v 0.271571 7.504097 21.679947
v 0.538947 7.936718 22.379944
v -0.115849 8.227200 22.985901
v 0.659604 8.314308 23.321518
v 1.092227 7.823399 22.924927
v 1.359603 8.256023 23.624924
v 1.792227 7.556023 23.357544
v 1.850514 7.859421 24.057541
v 2.059604 7.123398 24.057541
v 1.792227 6.690773 23.357544
v 1.850514 6.387375 24.057541
v 1.792227 7.556023 24.757553
v 1.359603 8.256023 24.490173
v 1.143044 7.659260 25.255371
v 0.659604 8.314308 24.793564
v 0.646638 7.882767 25.926285
v -0.053362 8.150146 25.493668
v -0.394122 8.141994 26.230972
v 0.431582 8.071243 26.786148
v 1.035230 7.153767 26.481644
v 1.334210 7.677441 27.411407
v 1.473509 6.442303 27.190643
v 1.392498 6.351074 26.481644
v 1.807566 5.901783 26.984177
v 1.860095 6.000931 27.890640
v 2.350813 5.457691 27.414108
v 2.403603 5.561840 28.369614
v 3.178603 5.265816 27.890640
v 3.178603 5.497307 28.705521
v 3.953603 5.561840 28.369614
v 3.904556 5.381466 27.532547
v 4.497111 6.000931 27.890640
v 4.432579 6.336842 28.665634
v 3.657579 6.040817 29.144623
v 3.993485 6.815815 29.209152
v 4.432579 7.294788 28.665634
v 3.657579 7.590813 29.144623
v 3.953603 8.069790 28.369614
v 4.497111 7.630699 27.890640
v 4.117016 8.429844 27.664474
v 3.178603 8.134323 28.705521
v 2.699627 7.590813 29.144623
v 2.318790 8.131565 28.468674
v 2.697290 8.758968 28.258118
v 1.825861 8.777817 27.837753
v 2.194275 9.627815 27.766983
v 3.244932 9.627815 27.766983
v 2.719604 10.223923 27.285385
v 3.569604 10.153149 26.916977
v 4.094933 9.303146 27.241638
v 4.165709 9.671558 26.391647
v 4.535255 8.848816 26.506531
v 4.476968 8.545418 27.206528
v 4.723776 9.198334 25.945999
v 4.223997 9.974957 25.691635
v 4.923997 9.707581 25.259018
v 4.434100 10.405407 25.205841
v 5.115354 10.532700 24.923294
v 4.671589 11.223274 24.477768
v 5.526275 11.267815 24.482971
v 6.051603 10.417816 24.807632
v 6.576932 11.267815 24.482971
v 6.945346 10.417816 24.553757
v 7.426932 10.943146 23.957642
v 6.982867 11.836300 23.877640
v 7.613432 11.297596 23.160477
v 7.392933 12.276146 23.218643
v 6.542933 12.600815 23.743973
v 6.867604 13.126148 22.893967
v 6.103088 13.259808 23.333908
v 6.423552 13.688450 22.474869
v 5.736934 13.853931 22.921005
v 6.168518 14.576107 22.432236
v 5.433534 14.553932 22.862732
v 5.701715 15.312817 22.827637
v 6.132309 15.782520 22.294647
v 6.422604 15.312817 21.534653
v 6.311463 14.514877 21.534653
v 6.195592 16.111927 21.534653
v 5.662603 16.542522 22.004349
v 5.662603 16.542522 21.064941
v 4.902603 16.832813 21.534653
v 4.902603 16.605808 20.735535
v 4.142603 16.542522 21.064941
v 4.143719 16.640900 22.065582
v 3.434546 16.479160 21.452682
v 3.426487 16.474091 22.544266
v 2.611604 16.625813 22.040634
v 2.382504 16.646328 21.082260
v 1.911604 16.893192 21.608017
v 1.891593 17.042927 20.649643
v 2.336612 16.241982 20.201996
v 1.828310 16.713520 19.889648
v 1.358604 17.473522 20.179947
v 1.068309 17.003815 19.419937
v 1.397715 16.243816 19.356659
v 0.128898 17.003815 19.419937
v 0.598604 17.536808 19.850540
v -0.161397 17.473522 20.179947
v -0.631102 16.713520 19.889648
v -0.239714 16.208618 19.215103
v -0.969156 15.929996 19.665924
v -1.331102 16.446144 20.322266
v -1.857124 15.826958 19.789322
v -2.253397 16.226669 20.379654
v -2.557124 15.885242 19.485931
v -2.953396 16.284954 20.076248
v -3.073020 16.322086 19.093414
v -3.772397 16.860226 19.666565
v -3.681396 17.048145 18.772964
v -4.505396 17.607525 19.427353
v -4.721396 17.773052 18.428207
v -3.991954 17.494434 18.013779
v -5.265397 17.670807 18.158524
v -5.265397 17.897812 18.957642
v -6.025396 17.607525 18.487930
v -5.638748 17.422657 17.861252
v -6.562010 16.940643 18.114532
v -6.069315 16.503193 17.455521
v -5.389568 16.960590 17.150009
v -5.349478 16.627750 16.438766
v -6.094468 15.780537 16.700989
v -5.603557 16.177135 16.268356
v -5.248996 16.210590 15.695267
v -6.094468 15.780537 15.835739
v -5.948997 15.943214 15.262650
v -5.248996 16.210590 14.830017
v -4.758085 16.607193 15.262650
v -6.794468 15.722248 15.532333
v -7.163490 15.584324 15.903625
v -6.463490 15.642612 17.072266
v -7.163490 15.375233 16.639648
v -7.163490 15.584324 17.375671
v -7.863490 15.642612 17.072266
v -7.863490 15.642612 16.207016
v -8.354401 16.039211 16.639648
v -8.798061 16.278461 15.895325
v -8.098062 16.011086 15.462692
v -8.389935 16.694576 17.582077
v -8.804691 17.122520 16.889648
v -9.471567 17.495930 16.353027
v -9.288973 16.675064 15.462692
v -9.664331 17.100632 15.179657
v -9.983357 17.926311 15.933304
v -9.925070 18.229710 16.633316
v -10.206785 18.833050 16.069809
v -10.380661 18.748997 16.946472
v -10.120068 19.823486 16.250641
v -9.918893 18.305241 17.361084
v -9.274397 17.882526 17.179932
v -9.274397 17.882526 18.119354
v -10.034397 17.945808 18.448761
v -10.794397 17.882526 18.119354
v -10.503413 17.511883 18.939453
v -11.362477 17.183750 18.408524
v -11.416677 17.313526 17.469620
v -11.799152 16.700745 18.057159
v -11.996879 16.778522 16.856979
v -12.298441 16.086349 17.745590
v -12.998441 16.190895 17.377579
v -12.696878 16.720238 16.553574
v -13.409782 16.757645 16.890762
v -13.890262 16.194817 17.445267
v -13.439442 15.435932 17.166641
v -14.236691 15.434818 17.277344
v -13.866420 14.750816 17.011993
v -13.200405 14.530689 16.863647
v -13.565729 13.831768 16.841156
v -12.829706 13.831768 17.050247
v -13.139212 13.058834 17.090714
v -12.380327 13.348701 17.559723
v -12.610112 12.445675 17.546646
v -13.179865 12.254208 17.227859
v -13.692707 12.795086 16.750793
v -13.996107 12.095085 16.809067
v -13.483264 11.554207 17.286148
v -14.388621 11.579189 17.245911
v -13.915888 11.063297 17.682755
v -14.709067 10.970814 17.971970
v -14.276443 10.479904 18.368576
v -13.576444 10.538189 18.671967
v -14.228790 10.058956 19.115646
v -13.596721 10.388149 19.347519
v -14.170503 9.755558 19.815643
v -13.574396 10.237148 20.340973
v -14.099725 9.387146 20.665634
v -13.249725 9.711815 21.190964
v -13.699583 8.928005 21.313599
v -12.936827 9.234856 21.789917
v -13.365740 8.455902 21.760803
v -12.878539 8.931458 22.489914
v -13.113153 8.014500 22.282135
v -12.874396 8.609814 22.944641
v -12.928102 7.940582 23.099197
v -12.738380 8.510555 23.907974
v -12.863397 7.683815 23.874649
v -12.567372 8.162788 24.649643
v -12.567372 7.204842 24.649643
v -12.631905 6.868931 23.874649
v -12.128280 7.683815 25.193146
v -12.549726 9.135143 23.794647
v -12.620502 9.503555 22.944641
v -12.024397 9.985142 23.469971
v -11.699725 9.459812 24.319977
v -11.184486 10.102482 23.936325
v -11.289280 10.425465 22.944641
v -10.743725 10.602859 23.645020
v -10.949396 10.594868 22.495941
v -10.516773 11.294865 22.763321
v -10.484048 11.324566 23.342529
v -10.516773 12.160114 22.763321
v -10.484048 12.189816 23.342529
v -10.043725 11.735485 24.077637
v -10.298723 12.512924 23.981979
v -9.562140 12.260815 24.673752
v -9.193726 11.410816 24.602982
v -8.668396 12.260815 24.927643
v -9.172022 13.075699 24.775925
v -8.164771 13.075699 24.775925
v -7.732147 12.375698 25.043289
v -7.593020 12.895580 24.702042
v -6.957657 12.330807 25.158981
v -6.635068 12.815815 24.572983
v -6.038262 12.151699 24.898407
v -6.631396 11.804806 25.823746
v -5.871397 11.741520 25.494339
v -5.263224 11.375591 25.072281
v -5.401690 10.981518 25.784637
v -4.812404 10.646145 25.350906
v -4.545028 11.078770 24.650894
v -4.211848 10.445362 25.197586
v -4.605557 10.042797 25.674622
v -3.679780 11.078770 24.650894
v -3.446045 10.302868 25.347687
v -3.575500 9.468037 25.815750
v -2.862907 9.795700 26.256027
v -3.067139 8.909817 26.268753
v -2.606500 9.099598 26.667740
v -2.579725 10.183144 26.524643
v -2.098139 9.657814 27.120743
v -1.729725 8.807816 27.049973
v -1.204396 9.657814 27.374649
v -0.679068 8.807816 27.049973
v -1.204396 8.211708 26.568390
v -1.708120 7.952217 26.282181
v -1.089513 7.842159 25.745651
v -0.310653 9.657814 27.120743
v 0.140658 8.852150 26.948914
v 0.425370 9.657814 26.911667
v 0.876682 8.852150 27.158005
v 1.161394 9.657814 27.120743
v 1.169604 10.094860 26.613571
v 1.869604 10.153149 26.916977
v 1.904720 10.535183 26.159241
v 2.719604 10.477814 26.391647
v 2.266603 10.811951 25.419571
v 2.787603 10.849766 25.106552
v 3.598487 10.371864 25.736679
v 3.555171 10.817989 24.783005
v 3.122547 11.308899 24.386398
v 3.987795 11.308899 24.386398
v 4.239925 11.856480 23.910294
v 3.287087 12.449421 24.163864
v 3.936525 12.556480 23.852005
v 4.672549 12.556480 23.642914
v 5.105173 11.856480 23.910294
v 5.523128 12.620838 23.878754
v 6.017604 11.865700 24.184296
v 5.469558 13.421307 23.621017
v 4.358229 13.440670 23.901016
v 5.036934 14.121307 23.353638
v 4.520254 14.653812 23.647522
v 4.916854 15.086437 23.156616
v 4.223482 15.681545 23.598831
v 4.433587 16.171883 22.824463
v 5.372309 16.072815 22.764359
v 4.902603 16.605808 22.333755
v 3.733587 16.230167 23.127853
v 3.554604 15.958141 24.057968
v 2.914482 16.676315 23.081619
v 2.904410 16.533928 24.385635
v 2.611565 17.007763 23.618958
v 1.911604 16.893192 22.473267
v 1.731439 17.343941 23.075012
v 0.867167 17.381790 22.927963
v 1.257604 17.782322 23.570755
v 0.490922 17.817776 23.841690
v 0.002894 17.303066 23.387695
v 0.002894 17.093975 22.651672
v 0.076370 17.292210 21.848022
v -0.623630 17.024830 22.280640
v -0.861396 17.206142 21.551971
v -0.161397 17.473522 21.119339
v 0.598604 17.536808 21.448746
v 0.598604 17.763813 20.649643
v 1.358604 17.473522 21.119339
v -1.055468 16.831539 20.562546
v -1.788120 16.745415 20.821091
v -1.383376 17.297920 21.786163
v -2.253397 17.233921 21.386902
v -2.718673 16.745415 20.821091
v -3.103396 17.163143 21.755310
v -3.255879 16.903236 20.935623
v -3.803396 16.895767 21.322693
v -3.989662 16.974426 20.653091
v -4.796380 17.027790 20.983475
v -4.796380 17.236881 20.247452
v -5.399727 16.704075 20.776627
v -5.735102 17.137814 20.187347
v -5.265397 17.670807 19.756760
v -6.025396 17.607525 19.427353
v -6.495102 16.847519 19.717636
v -6.624470 17.256310 18.981461
v -7.235945 16.378010 19.358292
v -7.313339 16.924004 18.517807
v -7.784389 16.453861 18.980499
v -8.217012 16.944771 18.583908
v -8.250496 17.055325 18.082260
v -7.643024 16.251217 17.893478
v -6.777777 16.251217 17.893478
v -8.737783 17.215645 18.492752
v -8.741407 17.451927 17.649643
v -9.018064 16.762142 19.226532
v -9.508034 17.487011 18.949310
v -9.508975 17.158745 19.659164
v -8.985400 16.564075 19.845123
v -9.644397 16.974148 20.284973
v -10.494396 17.298813 19.759644
v -10.494396 17.044922 20.653381
v -11.344397 16.974148 20.284973
v -11.451997 17.058361 19.294373
v -11.940503 16.492558 19.759644
v -12.010215 16.155144 18.949371
v -12.194397 15.598816 19.759644
v -12.010215 15.042488 18.949371
v -12.024468 15.351322 18.415146
v -11.800406 14.530689 18.263641
v -12.067781 14.963314 17.563644
v -12.067781 14.098064 17.563644
v -12.464382 14.530689 17.072739
v -12.767782 15.230690 17.131027
v -11.983727 13.781326 18.050629
v -11.538116 13.880722 18.561722
v -11.479830 14.184120 19.261719
v -11.270741 13.448097 19.261719
v -11.324014 12.781071 19.112091
v -11.027969 13.408031 19.831879
v -11.144165 12.427326 19.646149
v -11.589502 11.931557 19.027649
v -11.647790 12.234955 18.327637
v -12.080414 11.534954 18.595016
v -12.044390 12.667580 17.836731
v -12.875116 11.601532 17.626953
v -12.607740 11.168911 18.326950
v -13.215888 11.121586 17.986160
v -12.839279 10.677471 18.879395
v -11.518725 11.563145 19.877640
v -10.832907 11.923698 20.461029
v -11.308140 11.096622 20.813141
v -12.024397 10.711201 20.230148
v -12.724396 10.652916 19.926743
v -12.724396 10.307922 20.709381
v -12.024397 10.366207 21.012787
v -12.724396 9.926857 21.250671
v -12.024397 9.985142 21.554062
v -10.949396 10.594868 21.630692
v -12.024397 9.985142 22.419312
v -10.516773 11.294865 21.363312
v -10.458486 10.991467 22.063309
v -10.249396 11.727489 22.063309
v -10.541152 12.258221 21.262177
v -10.458486 12.463512 22.063309
v -10.773106 13.280491 21.656128
v -10.949396 12.860111 22.495941
v -11.419102 13.620113 22.205643
v -11.482386 13.290707 22.965652
v -10.916672 12.889812 23.609909
v -11.419102 13.620113 23.725647
v -10.659101 13.329819 24.195358
v -10.988508 14.089817 24.258636
v -10.251311 14.089817 24.583603
v -9.880639 13.535534 24.596725
v -9.469423 14.677692 24.530167
v -8.986397 13.748814 24.759644
v -10.659101 14.849815 24.195358
v -10.189396 15.382809 23.764755
v -9.169728 15.332478 23.968307
v -8.510102 15.327812 24.245346
v -8.040397 14.567814 24.535645
v -8.017845 13.672199 24.642700
v -7.242458 14.567814 24.424500
v -7.160397 13.595581 24.434662
v -6.635068 14.215816 24.572983
v -6.074286 13.284325 24.140121
v -5.770886 13.984325 24.198410
v -5.338262 13.284325 23.931030
v -5.770886 12.584324 24.198410
v -4.740037 12.669380 24.062820
v -5.014045 11.837654 24.361038
v -4.436637 11.969379 24.121109
v -4.004014 12.669380 23.853729
v -3.571390 11.969379 24.121109
v -3.056108 12.437542 24.034073
v -3.488732 13.137543 23.766693
v -2.752708 13.137543 23.975784
v -2.257113 12.705414 24.664627
v -2.656564 11.979244 25.041061
v -2.979781 11.346146 25.083527
v -2.489725 11.513145 25.914642
v -2.746045 10.570244 25.780304
v -2.079660 11.073299 26.573639
v -1.639725 11.837814 26.439972
v -1.114397 11.102699 26.880295
v -1.729725 10.507812 27.049973
v -0.679068 10.507812 27.049973
v -0.128213 11.044010 26.576340
v 0.185114 10.276321 26.675415
v 0.603699 10.785744 26.108368
v 0.389645 11.403919 25.842697
v 1.089645 11.136543 25.410080
v 1.522269 10.645634 25.806671
v 1.833980 11.302860 25.022964
v 1.530580 12.002861 24.964691
v 2.354980 11.340675 24.709961
v 2.156925 12.360096 24.504654
v 2.856048 12.184498 24.311844
v 2.460324 13.060097 24.562943
v 1.760324 12.792721 24.995575
v 2.192948 13.492718 25.262955
v 3.229932 13.732815 24.907974
v 3.590487 13.149422 24.222153
v 4.079932 14.057484 24.382645
v 3.598346 14.582813 24.978745
v 4.079932 15.108143 24.382645
v 3.363220 15.810444 24.728470
v 2.953933 15.650146 25.204636
v 2.768511 16.325184 25.229111
v 2.268114 16.010700 25.788040
v 2.171633 16.505024 25.756683
v 2.511580 16.942787 25.160645
v 1.735439 17.231022 25.885223
v 2.032603 17.717793 24.864609
v 2.576112 17.278698 24.385635
v 2.032603 17.717793 23.906662
v 1.169889 18.158306 24.654739
v 1.086604 18.026142 25.729965
v 0.236604 18.350811 25.204636
v 0.236604 18.096920 24.310898
v -0.613396 18.026142 24.679306
v -0.321615 17.643917 23.802536
v -1.081905 17.593296 24.118530
v -1.081905 17.384205 23.382507
v -0.623630 17.233921 23.016663
v -1.381072 17.314152 22.748764
v -1.956513 17.352089 23.218018
v -2.253397 17.487812 22.280640
v -2.927756 17.549980 22.594986
v -2.656513 17.619465 23.721634
v -3.487233 17.822155 23.109558
v -3.803396 17.104858 22.058716
v -4.287220 17.795788 22.566483
v -4.649888 17.200012 21.737411
v -4.817397 17.580811 22.158249
v -5.399727 16.704075 22.176636
v -5.341440 16.400677 21.476639
v -5.832351 16.004078 21.909256
v -5.832351 16.004078 21.044006
v -6.646551 15.662571 21.444885
v -6.871380 15.485165 20.557175
v -6.129169 16.425453 20.325821
v -6.998684 16.032310 19.866089
v -7.571380 15.426880 20.253784
v -7.820125 15.752960 19.829285
v -8.271379 15.485165 20.557175
v -8.520124 15.811245 20.132675
v -8.368568 16.378010 19.358292
v -8.762291 15.881767 20.989807
v -9.036020 16.248089 20.605423
v -8.271379 15.485165 21.422424
v -8.740396 15.919094 21.913132
v -9.536444 15.957905 21.531570
v -9.969069 16.448814 21.134964
v -10.494396 16.037670 21.660629
v -11.019726 16.448814 21.134964
v -11.106749 15.683033 21.796631
v -11.512492 15.664120 21.235992
v -11.869725 16.124146 20.609634
v -11.869725 15.073486 20.609634
v -11.482386 14.825840 21.430511
v -11.344397 14.223484 20.284973
v -11.940503 14.705074 19.759644
v -11.273297 14.089817 21.430511
v -10.784151 13.705387 20.836868
v -11.529076 14.571598 22.168640
v -11.048461 15.379635 22.496628
v -11.482386 14.888927 22.965652
v -11.709396 14.089817 22.965652
v -11.419102 14.559521 23.725647
v -10.949396 15.319523 23.435349
v -10.189396 15.609814 22.965652
v -10.189396 15.818905 22.229630
v -9.536444 15.748814 22.267593
v -9.575531 15.651714 23.015640
v -8.841747 15.931995 22.562149
v -8.800396 15.797520 23.485352
v -8.040397 16.087811 23.015640
v -8.040397 15.860806 23.814758
v -7.340396 16.244053 23.380966
v -7.138756 15.917789 23.908859
v -7.467364 15.219814 24.282074
v -6.498790 15.111813 24.318787
v -6.195390 15.811813 24.260498
v -5.718924 15.269924 24.800827
v -6.081030 14.435863 24.533096
v -5.798790 16.244438 24.751404
v -5.188139 15.811813 25.267746
v -4.819725 14.961815 25.196976
v -4.905639 13.984325 24.198410
v -4.294396 14.365707 24.715378
v -3.921355 13.837543 24.034073
v -3.488732 14.328453 24.430679
v -3.056108 13.837543 24.034073
v -2.836701 14.327469 24.739731
v -2.356108 13.570168 24.466690
v -2.231772 14.195770 24.889969
v -1.928373 13.495770 24.831680
v -1.531773 13.928394 25.322601
v -1.531773 13.063145 25.322601
v -1.524645 14.633469 25.774323
v -0.887952 14.093273 26.269684
v -0.369507 13.192307 26.140121
v -1.179701 12.464157 26.082748
v -1.964396 12.363148 25.589981
v -0.672907 12.492306 26.198410
v -0.589068 11.837814 26.439972
v -0.156444 12.537815 26.172592
v 0.191275 13.660816 26.572983
v 0.802089 13.001820 26.162903
v 0.389645 12.269169 25.842697
v 1.089645 12.536545 25.410080
v 0.786245 11.836544 25.351791
v 1.566604 13.135487 25.722977
v 1.241932 13.660816 26.572983
v 2.091932 13.985485 26.047638
v 1.610347 14.510815 26.643753
v 2.472346 15.124817 25.800751
v 2.805449 14.568851 25.488297
v 1.325635 15.316479 26.681000
v 1.823237 16.016392 26.089569
v 1.198233 15.954651 26.587769
v 1.130347 16.650814 26.650742
v 0.292155 16.708256 27.008011
v 0.761932 17.500813 26.579971
v -0.288725 17.500813 26.579971
v 0.236604 18.096920 26.098389
v -0.613396 18.026142 25.729965
v -1.138725 17.176144 26.054642
v -1.256066 17.642494 25.247391
v -1.737669 16.863247 25.577682
v -1.976586 17.336338 24.671829
v -2.338773 16.733578 25.226028
v -3.068391 17.258343 24.959366
v -3.699113 16.520813 25.308441
v -4.002513 17.220814 25.250153
v -3.501643 17.798840 24.791458
v -4.338420 17.995811 25.185623
v -4.042397 18.474789 24.410614
v -3.446360 18.134846 23.931641
v -4.042397 18.474789 23.452667
v -4.817397 18.770813 23.931641
v -4.817397 18.539322 23.116760
v -5.592396 18.474789 23.452667
v -5.296373 17.995811 22.677658
v -6.071373 17.699787 23.156647
v -5.796328 17.136700 22.667542
v -6.432102 16.964046 23.156189
v -6.099728 16.436699 22.609268
v -6.848888 16.386806 22.881302
v -6.532351 15.945789 22.212662
v -7.281512 15.895897 22.484711
v -6.842421 16.629223 23.832077
v -6.464203 17.290928 23.931641
v -6.071373 16.741840 24.706650
v -6.071373 17.699787 24.706650
v -5.632279 17.220814 25.250153
v -5.361344 16.454132 25.285599
v -4.817397 17.220814 25.481644
v -4.543712 16.536030 25.562683
v -5.296373 17.995811 25.185623
v -5.592396 18.474789 24.410614
v -4.817397 18.539322 24.746536
v -6.135905 18.035698 23.931641
v -4.294396 15.811813 25.521637
v -3.447270 15.811813 25.403656
v -3.829120 14.854214 25.281189
v -3.238097 14.888851 25.214584
v -2.776823 15.807812 25.575027
v -2.338773 14.874050 25.226028
v -1.885792 15.480816 26.067642
v -1.762973 16.392414 25.991730
v -1.366372 15.959789 26.482635
v -1.366372 15.001842 26.482635
v -0.927279 15.480816 27.026154
v -0.591372 14.705818 26.961624
v -0.112396 15.480816 27.257645
v 0.454020 14.616322 27.079529
v 0.702487 15.480816 27.026154
v -0.591372 16.255814 26.961624
v -0.728660 16.736298 26.713638
v -8.040397 15.860806 22.216537
v -7.571380 15.426880 21.725830
v -7.571380 15.217789 20.989807
v -10.505730 12.847866 20.956131
v -10.773106 12.415241 20.256119
v 1.766355 7.663162 27.957321
v 1.304907 8.279888 27.377075
v 1.924627 7.294788 28.665634
v 1.531796 6.745701 27.890640
v 1.924627 6.336842 28.665634
v 2.363720 6.815815 29.209152
v 2.699627 6.040817 29.144623
v 3.178603 6.815815 29.440643
v -0.040396 8.256023 24.490173
v -0.697052 7.891720 24.822647
v 0.659604 8.523399 24.057541
v -0.040396 8.256023 23.624924
v -10.601654 20.348816 16.846756
v -11.044368 20.735649 17.060059
v -10.876888 21.349583 16.790146
v -10.120068 20.874146 16.250641
v -11.338000 21.499405 16.972748
v -11.843513 20.961815 17.440155
v -12.179420 21.736813 17.375626
v -11.883396 22.215794 16.600616
v -12.658396 22.280323 16.936523
v -12.658396 22.511814 16.121643
v -13.433396 22.215794 16.600616
v -13.137372 21.736813 17.375626
v -13.912373 21.440788 16.896637
v -13.976905 21.776699 16.121643
v -13.473280 20.961815 17.440155
v -13.912373 20.482841 16.896637
v -12.658396 20.961815 17.671646
v 0.963918 15.543816 18.973404
v -13.515485 18.267654 15.249710
v 3.043614 15.081924 16.187637
v 3.576603 15.512524 16.657349
v 4.336603 15.802811 16.187637
v 7.855898 3.136814 26.640350
v 8.795309 3.136814 26.640350
v 8.325603 2.376816 26.930649
v 9.124715 2.376816 26.703629
v 8.795309 1.616817 26.640350
v 9.555309 1.907108 26.170639
v 9.085604 1.147110 25.880356
v 8.325603 1.083826 26.209763
v 9.618592 1.577703 25.410645
v 9.555309 2.846519 26.170639
v -8.337633 3.105755 24.715714
v -8.007886 2.695698 23.910034
v -7.524451 3.109852 23.185287
v -7.257075 3.542477 22.485291
v -8.450397 2.418922 27.897385
v -7.278092 1.634159 28.225739
v -20.388514 9.636478 14.664658
v -20.568102 10.051517 13.868637
v -19.864759 10.416012 14.408310
v -20.098396 10.811520 13.578354
v -19.338396 10.874805 13.907761
v -6.818068 1.007814 25.832321
v -6.620654 -1.208185 28.876755
v -6.989068 -2.058184 28.805984
v -7.514397 -1.208185 29.130646
v -7.124911 18.553947 9.458511
v 4.073034 11.267151 14.658997
v 3.685932 10.522816 14.825317
v 3.142252 10.470760 14.677933
v 3.225908 9.896469 15.182541
v 2.525908 9.629093 14.749924
v 3.021198 9.147839 15.372955
v 3.872605 9.531700 15.850998
v 3.569205 8.831699 15.909286
v 3.249697 8.166233 15.681641
v 2.513673 8.166233 15.472549
v 2.817073 7.466232 15.414261
v 2.117073 7.733608 14.981644
v 2.117073 8.598858 14.981644
v 2.158659 9.049362 14.165787
v 2.442252 10.203384 14.245316
v 2.635966 8.589252 10.763657
v 0.710347 -0.789185 22.605759
v -17.641384 -1.529072 24.259644
v -17.868397 -2.328184 24.259644
v -17.578102 -1.858477 23.499649
v -23.666397 4.771717 18.142746
v 5.854938 13.124966 9.633774
v 2.652195 9.331165 6.735504
v 3.428684 9.380047 6.185226
v 2.817414 8.901134 5.698166
v 0.046547 9.999733 3.110397
v 0.767587 9.299736 3.021271
v 0.924841 9.886005 3.268982
v 0.479171 10.490643 3.507004
v -0.220829 10.432354 3.810410
v -0.653453 9.732357 3.543030
v -0.711740 10.035755 4.243027
v -0.220829 10.432354 4.675644
v -0.575853 9.625896 5.105820
v 0.022699 10.017368 5.729294
v -0.101654 9.086815 5.759537
v 0.419300 9.584743 6.220215
v 0.722699 10.284744 6.161926
v 1.225637 9.445862 6.419495
v 1.388930 10.135708 6.818314
v 1.821554 9.435711 6.550934
v 2.088930 9.868332 7.250931
v 1.785531 10.568333 7.309219
v 1.728575 8.606979 6.142303
v 0.863328 8.606979 6.142303
v 1.308758 8.062111 5.497543
v 1.965870 8.421837 5.661057
v 0.046547 8.599731 3.110397
v 0.700979 8.096298 3.782944
v 0.649245 8.633942 3.207748
v -0.143229 8.060650 3.973206
v -0.653453 8.867107 3.543030
v -0.256853 9.299732 3.052109
v -0.634141 8.457249 4.405823
v -0.920829 9.299732 4.243027
v -0.498254 8.654190 5.268631
v 0.401037 7.845634 4.958176
v 0.201746 8.386814 5.701248
v 0.375170 7.881119 4.413223
v 0.621563 7.988720 5.350540
v 1.976313 11.233490 7.352127
v -5.650829 -5.926359 24.895279
v 6.545716 5.522247 13.017975
v 4.371448 3.860245 12.046112
v -24.538992 15.219383 1.481476
v -10.670503 -2.950518 20.491318
v -11.656886 -3.374054 19.837250
v -11.117094 -3.728598 20.438889
v -17.909412 -6.796537 12.093857
v -18.178936 -7.262077 11.340591
v -18.610102 -6.639183 11.730347
v -18.674397 13.198795 -1.926331
v -18.378372 12.719814 -2.701340
v -17.899397 13.263325 -2.262238
v 6.967879 6.164276 -11.213501
v 12.089468 5.462612 -8.299805
v 11.666342 4.909534 -8.472183
v 11.872503 4.875576 -9.585983
v 11.381594 4.478973 -9.153351
v 11.451468 4.354919 -8.478897
v 11.172504 3.742950 -9.153351
v 11.372198 3.824261 -8.085556
v 11.416380 3.218815 -8.294861
v 11.381594 3.006927 -9.153351
v 11.199556 3.471817 -10.029404
v 11.408646 2.735794 -10.029404
v 11.706554 2.269730 -9.153351
v 11.451429 2.110134 -8.163971
v 11.120941 2.996571 -7.267349
v 11.451693 1.654808 -7.491592
v 10.619572 1.944769 -7.134155
v 10.922972 1.244768 -7.075867
v 10.222971 1.512146 -6.643234
v 11.699980 1.242832 -7.247208
v 11.942602 1.258207 -7.924210
v 12.203722 1.781979 -8.672470
v 12.642603 1.199921 -8.227615
v 11.899555 2.339191 -10.462021
v 11.466932 3.039192 -10.729401
v 11.466932 3.904442 -10.729401
v 11.408646 4.207840 -10.029404
v 9.883554 2.220299 -5.720016
v 10.394107 2.778599 -6.393661
v 10.738394 2.691387 -6.965775
v 11.292929 3.293606 -7.692215
v -1.976308 2.633938 -10.251205
v -2.066946 3.296841 -9.595261
v -1.948495 3.223721 -8.939316
v -1.830045 2.285351 -9.683380
v -1.888332 1.981953 -8.983368
v -1.397421 1.585352 -9.416000
v -1.130045 2.017975 -10.115997
v -0.633396 1.284521 -9.403305
v 0.159822 1.601917 -10.223251
v 0.066604 1.226234 -9.706711
v 0.066604 1.017145 -8.970688
v 0.767719 1.173807 -9.335312
v 0.712103 1.379656 -8.318695
v 0.066604 1.226234 -8.234665
v 0.033510 1.330236 -7.620361
v 0.767719 1.382896 -7.537430
v 1.557493 1.742908 -8.024338
v 1.526604 1.347805 -7.269241
v 1.057587 0.913881 -6.778534
v 1.995620 0.913881 -6.778534
v 1.526604 0.399040 -6.320480
v 2.226604 0.457327 -6.017075
v 1.526604 0.189951 -5.584457
v 2.332894 0.397978 -5.421387
v 1.792095 0.257208 -4.998489
v 2.492095 0.524584 -4.565872
v 1.792095 0.466297 -4.262466
v 3.032894 0.665354 -4.988770
v 3.004938 1.065464 -4.088791
v 3.497603 1.211237 -4.666687
v 3.437562 1.765465 -3.821411
v 2.737562 1.498087 -3.388794
v 1.874769 1.007942 -3.515991
v 2.307393 1.498852 -3.119385
v 1.483131 1.450932 -2.750580
v 1.174769 1.066229 -3.819382
v 1.988608 1.901211 -2.205353
v 1.573604 1.381792 -1.726379
v 0.774381 1.199509 -2.144318
v 2.226518 1.725355 -1.171387
v 1.793894 1.025354 -0.904007
v 0.947608 0.400078 -0.998871
v 0.318440 0.670872 -1.686676
v 0.076404 0.255783 -1.520508
v -0.788844 0.255783 -1.520508
v -0.217669 -0.411041 -1.014709
v 0.482331 -0.352755 -0.711319
v 0.014738 -0.851301 -0.256592
v 0.480675 -0.656466 0.068298
v 0.413318 -0.522335 1.208328
v 0.971586 -0.259865 0.500931
v 0.976264 -0.217150 1.136642
v -1.736072 0.169289 1.394623
v -0.937491 -0.499928 1.334167
v -1.188888 -1.770578 -0.135223
v -0.443465 -2.119526 0.371017
v -0.742916 -1.632471 0.758545
v -0.488888 -2.037954 -0.567841
v -1.188888 -1.979668 -0.871246
v -0.756264 -2.470577 -1.267853
v -1.621511 -2.470577 -1.267853
v -1.188888 -3.170578 -1.535217
v -2.074773 -2.974201 -1.460220
v -2.020398 -3.644066 -1.748703
v -1.716999 -4.344067 -1.806992
v -2.556293 -4.448042 -2.062775
v -3.091600 -3.589993 -2.106506
v -3.294451 -4.334848 -2.290085
v -3.945431 -4.158993 -2.393326
v -3.574706 -4.987234 -2.490753
v -4.524102 -4.626854 -2.981979
v -4.744102 -4.023184 -2.710648
v -5.254706 -4.505136 -3.121750
v -5.564212 -3.732203 -3.081299
v -6.077043 -4.345173 -3.375641
v -6.112255 -3.827475 -3.619400
v -5.892345 -3.201271 -3.940353
v -3.064102 -5.469187 -2.079651
v -3.824102 -5.759478 -2.549362
v -3.393508 -6.229185 -2.016373
v -2.120013 -5.461618 -1.932266
v -1.032773 -5.220184 -1.723984
v -0.765323 -3.958319 -1.253555
v -0.251694 -4.538622 -0.943832
v -0.258650 -5.295475 -0.877029
v -0.159524 -3.622084 -0.791794
v -0.452864 -3.170578 -1.326126
v -0.032922 -2.940708 -0.587418
v -0.181043 -2.403490 -0.224350
v -4.939875 -1.478123 6.914032
v -4.209842 -2.135912 7.153992
v -4.212736 -1.980183 6.644455
v -4.931192 -1.736216 7.706604
v -5.158862 -0.803665 7.583618
v -5.148964 -0.742100 6.914032
v -4.440281 -2.132816 8.139221
v -3.609581 -2.247471 8.657867
v -4.743748 -1.426863 8.904984
v -3.852270 -2.313099 7.749634
v -3.809218 -2.311115 8.204178
v -3.808872 -1.706295 9.400940
v -3.297956 -2.162365 8.823196
v -4.347148 -0.994240 9.395889
v -4.743748 -0.561617 8.904984
v -4.910068 -0.174515 8.160645
v -4.469745 0.279812 8.895767
v -4.541743 0.620783 8.153397
v -4.037121 0.979813 8.628387
v -3.853538 0.639105 9.255692
v -3.420914 1.339106 8.988312
v -3.430397 1.773109 8.271591
v -2.476322 1.811787 8.658630
v -2.840421 2.109600 7.838287
v -2.174071 2.314281 8.251160
v -2.514160 2.637501 7.636642
v -2.814864 2.150951 6.911758
v -2.572448 2.940903 6.936646
v -2.960690 2.533108 6.176651
v -2.623534 3.421551 5.928589
v -3.438794 2.835697 5.458832
v -3.431302 2.334576 5.577652
v -3.835394 2.403072 4.967911
v -3.835394 3.268322 4.967911
v -4.102771 2.835697 4.267914
v -3.893682 3.571720 4.267914
v -3.835394 3.268322 3.567917
v -3.402771 3.968319 3.835297
v -3.135395 3.535698 3.135300
v -3.438794 2.835697 3.077011
v -2.702771 2.835697 2.867920
v -2.270147 3.535698 3.135300
v -1.777396 3.518017 3.357925
v -2.702771 4.026608 3.531891
v -1.574396 4.221710 4.154388
v -0.686147 4.099571 3.709976
v -1.077396 3.576305 3.054520
v -1.389699 3.119419 2.587357
v -1.001943 3.221821 2.286270
v -0.806396 3.153439 1.752274
v -0.353396 3.426441 1.981262
v -0.209013 3.905697 1.205811
v -0.958121 3.657063 0.937378
v -1.390745 2.957066 1.204758
v -1.449033 3.260464 0.504761
v -1.680062 2.488941 0.447311
v -1.862020 3.395439 -0.176361
v -1.980011 2.548313 -0.176361
v -2.129397 2.962814 -0.876358
v -2.247387 2.115688 -0.876358
v -1.920308 3.698837 -0.876358
v -1.862020 3.395439 -1.576355
v -1.059725 4.151985 -1.597290
v -1.429397 4.095440 -0.443741
v -0.528269 4.696468 -0.532410
v -0.595312 4.585251 -1.223892
v 0.171731 4.785595 -0.965042
v -1.918020 2.937336 -10.951218
v -1.921524 3.788994 -10.874619
v -2.007146 3.658379 -10.251205
v -1.661155 3.329189 -11.421463
v -1.218020 2.669960 -11.383835
v -1.485396 2.237337 -10.683838
v -0.591897 2.116985 -10.859421
v -0.528531 2.570904 -11.457474
v 0.102848 2.587513 -11.141144
v 0.530258 2.156010 -11.024933
v 1.005651 2.969814 -11.381409
v 1.438275 2.269814 -11.114029
v 0.920112 1.551296 -10.539246
v 1.620112 1.609583 -10.235840
v 1.467719 1.441183 -9.767929
v 2.271139 2.712959 -9.709656
v 1.958631 1.837784 -9.335312
v 1.467719 1.441183 -8.902695
v 1.949947 2.095879 -8.542740
v 2.138275 2.537189 -10.681412
v 2.237745 2.893944 -9.922012
v 1.705651 4.102436 -10.414032
v 2.073242 3.697182 -9.849045
v 1.646893 4.311401 -9.860886
v 1.056908 4.769417 -9.728516
v 0.535488 4.908443 -10.434937
v 2.138275 3.402439 -10.681412
v 1.438275 3.669815 -11.114029
v 1.741674 2.969814 -11.172318
v 0.604093 3.329189 -11.421463
v 0.604093 4.194439 -11.421463
v 0.207492 3.761814 -11.912369
v -0.095907 4.461815 -11.854080
v 0.171469 4.894436 -11.154083
v -0.906072 4.769661 -11.200134
v -0.407191 5.096786 -10.727081
v -0.528531 3.761814 -12.121460
v -1.369236 4.316582 -11.276718
v -1.264555 3.761814 -11.912369
v -0.961155 3.061813 -11.854080
v -0.095907 3.061813 -11.854080
v 3.930433 1.873432 -7.808731
v 4.261924 2.806770 -7.917282
v 3.670526 2.688805 -7.997284
v 3.244774 1.873432 -7.808731
v 2.956927 2.731941 -8.095932
v 2.718112 1.873806 -7.934021
v 2.812150 1.382523 -7.412125
v 2.285488 1.382896 -7.537430
v 2.820923 1.121777 -6.611404
v 3.587604 1.414623 -7.085251
v 3.554263 1.192799 -6.328613
v 3.032894 0.665354 -5.854019
v 3.523805 1.061954 -5.421387
v 4.664773 1.498028 -5.545425
v 4.205998 1.664156 -5.046524
v 5.617427 2.992081 -7.202362
v 5.259315 3.415672 -7.024109
v 4.781180 3.179649 -7.606598
v 5.099081 2.573433 -7.867004
v 5.617427 2.126833 -7.202362
v 4.795681 1.873432 -7.808731
v 5.184803 1.426832 -6.934982
v 4.363057 1.382523 -7.412125
v 4.484803 1.159456 -6.502365
v 5.236854 1.525625 -5.939087
v 5.703519 1.922596 -6.184418
v 5.867156 2.545479 -6.328629
v 5.662937 3.173019 -6.530746
v 3.040962 2.198088 -3.330505
v 2.909083 2.988640 -3.461182
v 3.352096 2.618790 -3.961227
v 2.561473 3.230019 -2.973602
v 2.601191 2.155539 -2.899185
v 2.201143 2.612698 -2.306824
v 2.374425 3.387703 -2.305511
v 2.119521 3.558498 -1.563187
v 2.273603 2.514416 -1.293762
v 2.082880 3.404884 -0.934082
v 2.205059 2.861721 -0.538330
v 2.335072 2.259111 -0.238052
v 2.284805 1.421955 -0.471390
v 2.133554 1.630339 0.218246
v 1.793894 1.025354 -0.038773
v 1.792094 0.977949 0.716003
v 1.514123 0.520926 0.234146
v 0.998227 0.084085 -0.238586
v 1.376123 0.337568 1.124634
v -2.405349 -1.018347 9.522568
v -1.701339 -0.839718 9.003860
v -1.985699 -1.481327 8.840042
v -2.708748 -1.718348 9.464279
v -3.141372 -1.018347 9.731659
v -3.153538 -0.493519 9.688309
v -2.288290 -0.493519 9.688309
v -2.720914 0.206482 9.955688
v -3.456937 0.206482 9.746597
v -4.073145 -0.152811 9.386673
v -3.153538 0.906483 9.688309
v -2.199165 0.980993 9.411911
v -2.529422 1.385153 9.176529
v -1.984890 0.206482 9.746597
v -1.821624 0.439816 9.399902
v -1.561186 -0.143026 9.078537
v -1.974490 3.443020 7.311264
v -1.231835 3.238598 8.180481
v -1.694041 2.760132 8.064835
v -1.138973 4.054394 7.990646
v -1.197261 4.357792 7.290634
v -1.454360 3.905788 6.837433
v -2.050396 3.565838 6.399673
v -1.495233 4.218472 6.056564
v -0.706349 4.754391 6.858017
v -0.795233 4.485851 5.623932
v -1.574396 4.430801 4.890411
v -2.217262 4.309307 4.705246
v -0.768732 4.393547 4.605698
v 0.278602 4.061642 5.265106
v 0.013853 4.041286 4.013382
v 0.291030 3.700756 4.335403
v 0.652092 3.324463 3.546051
v -0.236440 3.506489 2.936279
v 0.346603 3.484726 2.284668
v 0.832705 3.251717 2.724472
v 1.075180 3.473915 2.003433
v 0.490987 3.963982 1.509216
v 1.194386 3.753975 1.298401
v 0.490987 4.173073 0.773193
v 1.290605 3.927311 0.569733
v 0.624961 4.230503 0.221527
v -0.199731 4.147453 0.538620
v 0.171731 4.754753 -0.229019
v 1.184187 4.190903 -0.009674
v 0.426274 4.321770 8.423264
v 0.616533 3.765976 8.387619
v -0.006350 3.621769 8.551254
v -0.438973 4.321770 8.423264
v -0.629232 3.477562 8.387619
v -0.006350 4.812679 8.026657
v -0.706349 4.754391 7.723267
v 0.226984 4.862946 7.189514
v 0.604525 4.610184 7.668182
v 0.849866 4.143517 8.065155
v 0.108231 4.450974 5.967987
v 0.137858 4.718742 6.667755
v -0.899731 4.089169 0.235214
v -2.702771 4.235699 4.267914
v -3.402771 3.968319 4.700546
v -2.917262 4.041927 5.137878
v -3.349886 3.341930 5.405258
v -1.980011 1.683065 -1.576355
v 14.515985 0.417250 -5.256439
v 15.215986 0.684626 -4.823822
v 14.515985 0.626339 -4.520416
v 14.948608 1.117249 -4.123825
v 14.083363 1.117249 -4.123825
v 14.515985 1.817249 -3.995834
v 16.819603 7.255814 -3.016357
v 16.819603 7.024323 -2.201477
v -5.567386 -2.464073 -3.940353
v -1.702003 2.453438 2.249405
v -16.973068 -1.018515 0.293640
v -9.724102 -4.351187 -2.931656
v -8.784691 -4.351187 -2.931656
v -9.254396 -5.111185 -2.641357
v -10.053508 -5.111185 -2.868362
v -10.484102 -4.641478 -3.401352
v -10.234706 -3.869234 -3.342758
v -8.438262 -5.081743 -2.763748
v -8.800893 -5.912537 -2.797180
v -7.821899 -5.433834 -2.891174
v -8.184531 -6.264627 -2.857742
v -7.368396 -6.235186 -2.735352
v -6.898691 -5.475187 -3.025650
v -7.288441 -4.735485 -3.508789
v -6.466756 -4.885210 -3.362137
v -7.957783 -4.548355 -3.318253
v -6.786503 -2.985441 -14.354355
v -10.171748 -3.517969 -3.930374
v -6.862257 -1.030247 -18.345352
v 3.611289 7.368813 -15.946121
v -4.849404 -6.311230 -4.278214
v 7.418981 10.371090 -19.494125
v 20.181967 6.921009 -18.906693
v 10.396649 0.959814 -3.909653
v 10.494694 1.698362 -3.640076
v 10.178369 1.361151 -2.977280
v 9.670934 0.618931 -3.797989
v 9.535394 1.149055 -2.975128
v 8.970934 0.351553 -3.365372
v 8.719242 0.661236 -2.500412
v 8.457603 0.286676 -3.319336
v 7.930125 0.231646 -2.874985
v 7.732500 -1.933130 -1.242065
v 7.299876 -1.233130 -1.114090
v 7.931127 -1.123499 -1.113922
v 8.457603 -2.095144 -1.847290
v 7.999876 -2.365753 -1.942062
v 8.457603 -2.304234 -2.583313
v 7.999876 -2.365753 -2.807312
v 8.457603 -2.095144 -3.319336
v 7.878740 -1.768682 -3.611618
v 7.299876 -2.424040 -3.110718
v 6.867252 -1.933130 -3.507309
v 7.299876 -1.233130 -3.774689
v 7.721580 -0.904234 -3.774216
v 8.457603 -0.904234 -3.983307
v 8.024980 -0.204233 -3.715927
v 8.890227 -0.204233 -3.715927
v 7.308244 -0.115652 -3.211319
v 6.922336 -0.225285 -3.141785
v 6.167253 -1.665752 -1.674698
v 6.280023 -0.843580 -1.744385
v 6.676993 -1.088923 -1.277725
v 6.867252 -1.933130 -1.242065
v 6.599876 -2.365753 -1.942062
v 7.299876 -2.424040 -1.638672
v 7.299876 -2.633129 -2.374695
v 6.599876 -2.365753 -2.807312
v 6.108965 -1.969152 -2.374695
v 6.167253 -1.665752 -3.074692
v 5.899877 -1.233130 -2.374695
v 6.167253 -0.800507 -3.074692
v 6.563852 -1.233130 -3.565598
v 6.292031 -0.466038 -2.285568
v 6.525364 -0.376913 -2.896439
v 9.367534 -0.081070 -3.856277
v -1.956420 -0.344166 -17.865219
v -2.353020 -0.776789 -18.356125
v -1.653020 -1.044167 -17.923492
v -1.920396 -1.476789 -18.623505
v -1.220397 -1.535076 -18.320099
v -0.630437 -0.868511 -17.874115
v -0.520397 -1.476789 -18.623505
v -1.220397 -1.744165 -19.056122
v -2.415035 -1.077263 -19.076691
v 4.583115 9.745529 -20.017349
v -11.626396 -13.161291 -17.325104
v 20.545113 2.351646 -20.009018
v 20.978916 1.931736 -20.089676
v 21.066484 2.278469 -19.152359
v 21.801601 1.838144 -19.606689
v 21.476933 1.312813 -20.456680
v -0.493915 1.408148 -26.528305
v -0.108397 3.270519 -27.652649
v 4.550714 -2.186184 -32.177353
v -1.717370 -19.686216 -6.199402
v -2.208281 -20.082817 -6.632019
v -1.775657 -19.382816 -6.899399
v -2.619102 -20.709185 -6.236649
v 16.862488 -8.086185 -8.952850
v -4.250503 -28.370928 -13.345352
v 1.153645 -3.751114 -24.385361
v 1.644556 -3.354513 -23.952728
v 5.627675 -1.376905 -26.277451
v 14.330931 -16.002857 -9.908356
v 14.665476 -16.615213 -10.222672
v 14.415148 -16.993462 -9.800751
v 14.774580 -17.416208 -10.214355
v 14.335487 -17.895184 -9.670853
v 14.774580 -18.374161 -10.214355
v 13.999580 -18.670185 -9.735382
v 14.295603 -19.149160 -10.510376
v 13.520603 -19.213692 -10.174469
v 13.041626 -18.670185 -9.735382
v 12.745604 -19.149160 -10.510376
v 13.520603 -19.445185 -10.989349
v 14.839113 -18.710068 -10.989349
v 15.070602 -17.895184 -10.989349
v -4.341905 -22.072067 -20.072357
v -2.864725 -15.496856 -28.262360
v -2.362102 -17.069479 -29.990356
v -2.362102 -18.008890 -29.990356
v -1.931508 -17.539185 -30.523346
v -1.602102 -18.299185 -30.460068
v -1.132396 -17.539185 -30.750351
v -0.662691 -18.299185 -30.460068
v -1.132396 -18.832172 -30.029465
v 6.701371 -23.574829 -10.457260
v 6.097932 -24.639185 -13.519684
v 5.104479 -24.661510 -13.670685
v 0.792908 4.535591 -0.567398
v -0.846039 -0.989058 1.214905
v -2.944790 -11.803875 31.045700
v -2.530497 -1.937067 8.954544
v 3.816337 2.089535 -4.456131
v 5.591721 -8.326836 -5.846359
v -0.211660 -0.781534 1.065948
v 2.210009 2.623970 -9.173218
v 2.513497 2.928425 -8.588379
v -0.088813 5.139168 -10.102692
v 0.462898 5.022728 -9.867844
v 3.073844 6.671120 -11.260193
v 2.262115 6.780773 -11.133575
v -2.956371 4.885345 -11.967163
v -3.317671 4.862823 -11.419006
v -3.460027 4.323071 -10.897705
v 12.020166 7.341858 -8.519012
v -0.222492 -1.439756 11.273819
v 5.479626 -13.615885 -8.582245
v 6.841084 -13.985427 -8.185364
v 4.462756 -15.315629 -8.319824
v 4.736985 -15.852314 -7.813858
v 12.985964 -14.363396 -9.175156
v 13.878830 -15.788395 -8.109695
v 13.625235 -16.262627 -7.896469
v 11.084703 -9.354151 -0.425369
v 9.509799 1.049252 -2.564987
v 14.033495 4.892372 -3.345871
v 14.248518 4.394547 -3.626099
v 11.535749 -0.602701 0.209335
v 13.879057 1.658772 -4.099228
v 10.514231 2.116076 -4.064972
v 8.677485 -1.043743 -1.202225
v -1.048585 -9.614906 -2.135391
v -1.190864 -9.414801 -2.774719
v -1.934011 3.109211 -8.369278
v -2.149669 3.315582 -7.789230
v -1.232916 -10.621851 -4.749405
v -0.880608 -8.452871 -0.790024
v -3.079072 4.253338 -2.973007
v -3.539684 4.975552 -2.665268
v -4.128429 5.423492 -2.082886
v -4.769173 5.686909 -1.625610
v -6.186828 7.107830 -1.811264
v -6.460617 7.419914 -2.316238
v -6.788510 7.394989 -2.826416
v 3.484624 7.766876 12.456284
v 3.153478 8.149605 11.927094
v 0.709890 3.086723 12.811966
v 1.383909 2.835686 13.132675
v 5.012326 4.363102 12.299408
v 0.379774 0.233240 12.878891
v -4.851121 -3.788565 7.493668
v -4.843725 -3.373209 6.740250
v -3.728522 -2.410709 5.331070
v -13.924333 10.560032 -1.602188
v -9.272688 18.819397 10.754837
v -7.848613 17.691071 7.337433
v -6.521637 17.263596 5.429733
v 6.341232 13.047539 9.688583
v 7.172936 13.005775 9.480652
v 8.024270 13.146011 9.266663
v 9.303468 10.104000 8.810196
v 5.390250 13.231899 7.870743
v 5.216167 12.859512 7.497177
v 4.886504 12.416821 7.559418
v 4.650933 11.800728 7.657486
v -3.142560 14.474014 2.025696
v 1.718339 14.352196 1.526718
v -14.425738 14.631603 1.063477
v -10.791820 8.011250 -0.109329
v -9.801270 8.306156 -1.433548
v -9.177756 8.426292 -2.075195
v -8.584934 8.098305 -2.455017
v -8.257751 6.060635 -3.408768
v 6.024344 -9.026836 -6.978989
v 6.018204 -9.650131 -7.189407
v 4.302403 11.014000 8.143036
v 6.309515 -9.090113 -5.841309
v 6.842955 -10.091616 -6.314026
v 6.282291 -10.543093 -6.921173
v 6.842955 -10.956861 -6.314026
v 4.891721 -8.268549 -7.014999
v 4.076838 -7.957291 -6.511383
v 4.331229 -8.110157 -6.937103
v 3.898605 -8.601067 -7.333710
v -8.263397 14.493671 5.038254
v -9.068735 14.677513 4.616913
v -8.474074 14.683105 4.195587
v -7.879414 14.510441 4.639496
v -7.968539 14.366234 3.829330
v -8.963396 14.551960 5.341644
v -9.574270 14.349468 4.983170
v -8.530773 14.061050 5.738251
v -9.396021 14.061050 5.738251
v -8.953634 13.304867 6.018951
v -8.227373 13.361050 5.796539
v -8.640472 12.548683 6.090561
v -8.148845 12.401783 5.662918
v -7.686648 12.769440 5.264664
v -7.446790 13.810440 4.906876
v -7.290048 13.202065 4.773758
v -7.388503 14.113838 4.206879
v -7.022672 12.769440 4.073761
v -7.431050 13.309471 3.183228
v -7.538750 13.840984 3.551636
v -9.809120 13.248684 6.032272
v -10.239220 13.107891 5.665268
v -10.089512 13.756218 5.314499
v -10.466045 12.692894 5.529953
v -9.376496 12.548683 6.299637
v -10.017492 11.969158 6.153839
v -9.281468 11.969158 6.362930
v -9.714092 11.269157 6.095551
v -8.848845 11.269157 6.095551
v -8.545444 11.969158 6.153839
v -8.085421 11.342815 5.796600
v -8.388821 10.642815 5.738312
v -7.647048 10.934814 5.264755
v -7.647048 11.800064 5.264755
v -7.379672 11.367439 4.564758
v -7.290048 12.336815 4.773758
v -7.164239 12.103596 3.918839
v -7.216233 11.103275 3.817764
v -6.829342 11.741150 3.063919
v -7.038431 12.477173 3.063919
v -7.249916 12.132736 2.465622
v -7.228919 11.741150 2.200272
v -10.670511 11.929569 2.854141
v -9.823704 11.820011 2.179581
v -10.274746 12.419395 2.411789
v -10.246202 11.130810 2.778275
v -10.692290 11.441555 3.618637
v -10.974397 12.546814 3.489639
v -10.864124 11.892868 4.424301
v -10.551441 12.793404 4.826614
v -10.596747 11.460243 5.124313
v -10.414092 11.536533 5.662918
v -9.981468 10.836536 5.395554
v -10.093881 10.633648 4.665054
v -9.521444 10.210194 5.038315
v -9.254068 10.642815 5.738312
v -8.821444 10.151905 5.341721
v -8.902297 9.649036 4.376663
v -8.121445 10.210194 5.038315
v -8.202297 9.707325 4.073273
v -7.679217 10.519367 4.452698
v -7.711386 10.103924 3.640640
v -8.202297 9.707325 3.208023
v -7.768372 10.198032 2.738998
v -7.157946 10.799877 3.117767
v -8.468372 10.139744 2.435608
v -7.916233 10.835903 1.985153
v -8.900995 10.630653 2.039001
v -9.334921 10.139946 2.508026
v -9.392920 11.549919 2.048492
v -10.034921 10.407322 2.940643
v -9.602297 9.707325 3.208023
v -10.093208 10.103924 3.640640
v -10.347299 10.658916 3.618637
v -9.602297 9.707325 4.073273
v -8.902297 9.439945 3.640640
v -8.902297 9.649036 2.904617
v -10.655035 11.156845 4.424301
v -8.867102 11.552994 1.887466
v -8.246909 11.739613 1.814133
v -7.606460 11.596939 1.966949
v -7.314359 12.763916 2.802231
v -10.594250 12.936363 2.859344
v -10.749608 12.936989 3.726303
v 5.918180 -10.468807 -7.341400
v 5.779613 -11.369398 -6.723572
v 6.484843 -11.380455 -6.135773
v 3.332556 -11.526855 -5.885986
v 3.963593 -11.706150 -5.434891
v 4.153226 -11.552038 -6.212570
v 3.498876 -11.139753 -6.630310
v 4.301223 -11.327015 -6.880280
v 4.352932 -10.736185 -7.774033
v 5.004689 -11.206715 -7.066040
v 5.218180 -10.736185 -7.774033
v 4.785556 -10.036184 -8.041397
v 5.521580 -10.036184 -7.832321
v 5.218180 -9.336184 -7.774033
v 4.049532 -10.036184 -7.832321
v 3.462852 -10.007130 -7.388596
v 2.850776 -9.371048 -6.832489
v 2.382980 -8.779423 -6.298294
v 2.324693 -8.476023 -5.598297
v 2.815604 -8.079422 -5.165665
v 3.515604 -7.812046 -5.598297
v 4.076838 -7.957291 -5.039337
v 4.353931 -8.234276 -4.506500
v 5.192260 -8.336279 -4.948654
v 5.818604 -8.693512 -5.408691
v 6.082632 -8.723436 -6.278976
v 6.410331 -9.391615 -5.181396
v 6.901242 -9.788216 -5.614029
v 7.110331 -10.524239 -5.614029
v 6.842955 -10.091616 -4.914017
v 6.730184 -10.913788 -4.983719
v 6.718177 -11.291327 -5.524902
v 2.841644 -11.130255 -5.453354
v 3.123327 -11.073606 -4.698318
v 3.647420 -11.488150 -4.862976
v 2.726006 -10.549627 -4.718109
v 2.467084 -10.266073 -5.684845
v 2.899932 -10.826855 -6.153351
v 2.454176 -9.803671 -6.341568
v 3.066252 -10.439753 -6.897690
v 2.115604 -9.212046 -5.598297
v 2.492321 -10.157848 -4.593689
v 2.115604 -9.323185 -4.800354
v 2.324693 -8.587162 -4.800354
v 2.382980 -8.890562 -4.100357
v 2.815604 -8.190561 -4.367737
v 3.082980 -8.623184 -3.667740
v 3.515604 -8.132275 -4.064331
v 3.515604 -7.923185 -4.800354
v 3.905154 -9.089851 -3.559174
v 3.515603 -9.323185 -3.578613
v 4.668549 -8.776611 -4.098602
v 4.433677 -9.071297 -3.659729
v 5.051324 -9.375202 -3.815353
v 5.368548 -8.834898 -4.402008
v 5.435638 -9.589981 -3.826782
v 6.142955 -9.824238 -4.481400
v 5.702748 -10.091869 -3.909927
v 5.917809 -10.421648 -4.006088
v 6.397270 -10.751429 -4.429535
v 2.779580 -9.323185 -3.609451
v 2.993855 -9.700726 -3.722809
v 2.596885 -9.946066 -4.189484
v 3.766252 -10.707130 -7.330322
v -10.245045 -2.539400 -2.836334
f 1 2 3
f 4 3 2
f 5 3 4
f 6 5 4
f 7 6 4
f 8 7 4
f 9 8 4
f 2 9 4
f 10 9 2
f 11 10 2
f 1 11 2
f 12 11 1
f 13 12 1
f 14 13 1
f 15 13 14
f 16 15 14
f 17 16 14
f 18 16 17
f 19 18 17
f 20 18 19
f 21 20 19
f 22 21 19
f 23 21 22
f 24 23 22
f 25 24 22
f 26 24 25
f 27 26 25
f 28 27 25
f 29 27 28
f 30 29 28
f 31 29 30
f 32 31 30
f 33 31 32
f 34 33 32
f 35 34 32
f 36 34 35
f 37 36 35
f 38 36 37
f 39 38 37
f 40 38 39
f 41 40 39
f 42 41 39
f 43 41 42
f 44 41 43
f 45 44 43
f 46 45 43
f 47 45 46
f 48 45 47
f 49 48 47
f 50 49 47
f 46 50 47
f 51 49 50
f 52 51 50
f 53 51 52
f 54 53 52
f 55 54 52
f 56 54 55
f 57 56 55
f 58 56 57
f 59 58 57
f 60 59 57
f 61 59 60
f 62 61 60
f 63 59 61
f 64 63 61
f 65 64 61
f 66 65 61
f 62 66 61
f 67 65 66
f 68 67 66
f 69 68 66
f 70 69 66
f 62 70 66
f 71 69 70
f 72 71 70
f 73 71 72
f 74 71 73
f 75 74 73
f 76 74 75
f 77 76 75
f 78 76 77
f 79 78 77
f 80 79 77
f 81 79 80
f 82 81 80
f 83 81 82
f 84 81 83
f 85 84 83
f 86 85 83
f 87 85 86
f 88 87 86
f 89 87 88
f 90 89 88
f 91 89 90
f 92 91 90
f 93 92 90
f 94 92 93
f 95 94 93
f 96 95 93
f 97 95 96
f 98 97 96
f 99 98 96
f 100 99 96
f 101 98 99
f 102 101 99
f 103 101 102
f 104 103 102
f 105 104 102
f 106 104 105
f 107 104 106
f 108 107 106
f 109 108 106
f 110 108 109
f 111 110 109
f 112 110 111
f 113 112 111
f 114 112 113
f 115 114 113
f 116 114 115
f 117 116 115
f 118 116 117
f 119 118 117
f 120 118 119
f 121 120 119
f 122 120 121
f 123 122 121
f 124 122 123
f 125 122 124
f 126 125 124
f 127 126 124
f 128 126 127
f 129 126 128
f 130 129 128
f 131 130 128
f 127 131 128
f 132 131 127
f 133 131 132
f 134 133 132
f 135 134 132
f 136 135 132
f 137 134 135
f 138 137 135
f 136 138 135
f 139 137 138
f 140 139 138
f 141 140 138
f 142 140 141
f 143 140 142
f 144 143 142
f 145 143 144
f 146 145 144
f 147 145 146
f 148 147 146
f 149 147 148
f 150 149 148
f 151 149 150
f 152 151 150
f 153 152 150
f 154 152 153
f 155 154 153
f 156 154 155
f 157 156 155
f 158 156 157
f 159 158 157
f 160 159 157
f 161 159 160
f 162 161 160
f 163 161 162
f 164 163 162
f 165 163 164
f 166 165 164
f 167 165 166
f 168 167 166
f 169 168 166
f 170 168 169
f 171 170 169
f 172 170 171
f 173 172 171
f 174 172 173
f 175 174 173
f 176 174 175
f 177 176 175
f 178 176 177
f 179 178 177
f 180 178 179
f 181 180 179
f 182 181 179
f 183 181 182
f 184 183 182
f 185 184 182
f 186 184 185
f 187 184 186
f 188 187 186
f 189 187 188
f 190 189 188
f 191 190 188
f 192 190 191
f 193 192 191
f 194 193 191
f 195 193 194
f 196 193 195
f 197 196 195
f 198 197 195
f 199 197 198
f 200 199 198
f 201 199 200
f 202 201 200
f 203 201 202
f 204 203 202
f 205 203 204
f 206 205 204
f 207 205 206
f 208 207 206
f 209 208 206
f 210 209 206
f 211 209 210
f 212 209 211
f 213 212 211
f 214 213 211
f 210 214 211
f 215 213 214
f 216 215 214
f 217 216 214
f 218 216 217
f 219 218 217
f 220 219 217
f 221 220 217
f 222 219 220
f 223 219 222
f 224 219 223
f 225 224 223
f 226 225 223
f 227 225 226
f 228 227 226
f 229 227 228
f 230 229 228
f 231 230 228
f 232 230 231
f 233 232 231
f 234 232 233
f 235 232 234
f 236 235 234
f 237 236 234
f 238 237 234
f 239 237 238
f 240 237 239
f 241 240 239
f 242 240 241
f 243 242 241
f 244 242 243
f 245 244 243
f 246 244 245
f 247 246 245
f 248 247 245
f 249 247 248
f 250 247 249
f 251 250 249
f 252 251 249
f 253 251 252
f 254 253 252
f 255 253 254
f 256 253 255
f 257 256 255
f 258 257 255
f 259 257 258
f 260 259 258
f 261 260 258
f 262 259 260
f 263 262 260
f 264 263 260
f 265 263 264
f 266 263 265
f 267 266 265
f 268 267 265
f 269 267 268
f 270 269 268
f 271 270 268
f 272 271 268
f 273 271 272
f 274 273 272
f 275 274 272
f 276 274 275
f 277 276 275
f 278 276 277
f 279 276 278
f 280 279 278
f 281 280 278
f 282 280 281
f 283 282 281
f 284 282 283
f 285 284 283
f 286 285 283
f 287 285 286
f 288 287 286
f 289 287 288
f 290 289 288
f 291 290 288
f 292 290 291
f 293 290 292
f 294 290 293
f 295 294 293
f 296 294 295
f 289 290 294
f 297 289 294
f 298 297 294
f 296 298 294
f 299 298 296
f 300 298 299
f 301 300 299
f 302 300 301
f 303 302 301
f 304 302 303
f 305 304 303
f 306 305 303
f 307 306 303
f 308 306 307
f 309 308 307
f 310 308 309
f 311 310 309
f 312 310 311
f 313 312 311
f 314 313 311
f 315 312 313
f 316 315 313
f 317 315 316
f 318 317 316
f 319 317 318
f 320 319 318
f 321 319 320
f 322 321 320
f 323 321 322
f 324 323 322
f 325 323 324
f 326 325 324
f 327 326 324
f 328 326 327
f 329 326 328
f 330 329 328
f 331 329 330
f 332 331 330
f 333 332 330
f 334 332 333
f 335 332 334
f 336 335 334
f 337 335 336
f 338 335 337
f 339 338 337
f 340 338 339
f 341 340 339
f 342 340 341
f 343 342 341
f 344 342 343
f 345 344 343
f 346 345 343
f 347 345 346
f 348 347 346
f 349 345 347
f 350 349 347
f 351 350 347
f 352 350 351
f 353 352 351
f 354 353 351
f 355 353 354
f 356 355 354
f 357 355 356
f 358 357 356
f 359 357 358
f 360 359 358
f 361 360 358
f 362 360 361
f 363 360 362
f 364 363 362
f 365 364 362
f 366 364 365
f 367 364 366
f 368 367 366
f 369 367 368
f 370 369 368
f 371 370 368
f 372 370 371
f 373 372 371
f 374 373 371
f 375 374 371
f 376 374 375
f 377 376 375
f 378 376 377
f 379 376 378
f 380 379 378
f 381 380 378
f 382 380 381
f 383 382 381
f 384 382 383
f 385 384 383
f 386 385 383
f 387 385 386
f 388 385 387
f 389 388 387
f 390 389 387
f 391 389 390
f 392 391 390
f 393 391 392
f 394 393 392
f 395 393 394
f 396 395 394
f 397 395 396
f 398 397 396
f 399 398 396
f 400 398 399
f 401 400 399
f 402 401 399
f 403 401 402
f 404 403 402
f 405 403 404
f 406 405 404
f 407 405 406
f 408 407 406
f 409 407 408
f 410 409 408
f 411 409 410
f 412 411 410
f 413 412 410
f 414 413 410
f 415 412 413
f 416 415 413
f 417 415 416
f 418 417 416
f 419 417 418
f 420 417 419
f 421 420 419
f 422 421 419
f 423 421 422
f 424 423 422
f 425 423 424
f 426 425 424
f 427 426 424
f 428 427 424
f 429 428 424
f 430 428 429
f 431 428 430
f 432 431 430
f 433 431 432
f 434 433 432
f 435 433 434
f 436 435 434
f 437 436 434
f 438 436 437
f 439 438 437
f 440 438 439
f 441 438 440
f 442 441 440
f 443 442 440
f 439 443 440
f 444 442 443
f 445 444 443
f 446 444 445
f 447 446 445
f 448 447 445
f 449 448 445
f 450 448 449
f 451 447 448
f 452 451 448
f 450 452 448
f 453 451 452
f 454 453 452
f 455 454 452
f 456 454 455
f 457 456 455
f 458 457 455
f 459 457 458
f 460 457 459
f 461 460 459
f 462 460 461
f 463 460 462
f 464 463 462
f 465 463 464
f 466 463 465
f 467 466 465
f 460 463 466
f 457 460 466
f 456 457 466
f 467 456 466
f 468 456 467
f 469 468 467
f 470 468 469
f 471 470 469
f 472 471 469
f 473 471 472
f 474 473 472
f 475 473 474
f 476 475 474
f 477 476 474
f 478 475 476
f 479 478 476
f 480 478 479
f 481 480 479
f 476 481 479
f 482 480 481
f 483 482 481
f 484 483 481
f 485 484 481
f 486 484 485
f 487 486 485
f 488 487 485
f 489 487 488
f 490 489 488
f 491 489 490
f 492 489 491
f 493 492 491
f 494 492 493
f 495 494 493
f 496 494 495
f 497 496 495
f 498 496 497
f 499 498 497
f 500 499 497
f 501 499 500
f 502 499 501
f 503 502 501
f 504 502 503
f 505 504 503
f 506 504 505
f 507 506 505
f 508 506 507
f 509 508 507
f 510 509 507
f 511 510 507
f 512 510 511
f 513 512 511
f 514 512 513
f 515 512 514
f 516 515 514
f 517 516 514
f 518 517 514
f 519 517 518
f 520 519 518
f 521 519 520
f 522 521 520
f 523 521 522
f 524 523 522
f 525 524 522
f 526 524 525
f 527 526 525
f 528 527 525
f 529 527 528
f 530 527 529
f 531 527 530
f 532 531 530
f 533 531 532
f 534 533 532
f 535 533 534
f 536 535 534
f 537 535 536
f 538 537 536
f 539 538 536
f 540 538 539
f 541 540 539
f 542 540 541
f 543 540 542
f 544 543 542
f 545 544 542
f 546 544 545
f 547 544 546
f 548 547 546
f 549 547 548
f 550 549 548
f 551 549 550
f 552 551 550
f 553 551 552
f 554 553 552
f 555 554 552
f 556 555 552
f 557 555 556
f 558 555 557
f 559 555 558
f 560 559 558
f 561 559 560
f 562 559 561
f 563 562 561
f 564 563 561
f 565 563 564
f 566 565 564
f 567 565 566
f 568 567 566
f 569 567 568
f 570 569 568
f 571 570 568
f 572 570 571
f 573 572 571
f 574 573 571
f 575 573 574
f 576 575 574
f 577 575 576
f 578 577 576
f 579 578 576
f 580 578 579
f 581 578 580
f 582 581 580
f 583 582 580
f 584 582 583
f 585 584 583
f 586 585 583
f 587 585 586
f 588 585 587
f 589 588 587
f 590 588 589
f 591 590 589
f 592 590 591
f 593 592 591
f 594 593 591
f 595 592 593
f 596 595 593
f 597 595 596
f 598 597 596
f 599 598 596
f 600 597 598
f 601 600 598
f 599 601 598
f 602 601 599
f 603 601 602
f 604 601 603
f 605 604 603
f 606 605 603
f 607 605 606
f 608 607 606
f 609 608 606
f 610 608 609
f 611 608 610
f 612 611 610
f 613 612 610
f 614 612 613
f 615 614 613
f 616 615 613
f 617 615 616
f 618 615 617
f 619 618 617
f 620 619 617
f 621 619 620
f 622 621 620
f 623 621 622
f 624 623 622
f 625 624 622
f 626 625 622
f 627 625 626
f 628 627 626
f 629 628 626
f 630 629 626
f 631 629 630
f 632 631 630
f 633 631 632
f 634 631 633
f 635 634 633
f 636 634 635
f 637 634 636
f 631 634 637
f 629 631 637
f 628 629 637
f 636 628 637
f 638 628 636
f 639 638 636
f 640 638 639
f 641 640 639
f 642 641 639
f 636 642 639
f 635 642 636
f 643 642 635
f 644 643 635
f 645 643 644
f 646 645 644
f 647 645 646
f 648 647 646
f 649 647 648
f 650 649 648
f 651 650 648
f 652 650 651
f 653 652 651
f 654 652 653
f 655 654 653
f 656 654 655
f 657 656 655
f 658 656 657
f 659 656 658
f 660 659 658
f 661 660 658
f 662 661 658
f 657 662 658
f 663 662 657
f 664 663 657
f 665 663 664
f 666 663 665
f 667 666 665
f 668 667 665
f 669 667 668
f 670 669 668
f 671 669 670
f 672 671 670
f 673 671 672
f 674 671 673
f 675 674 673
f 676 674 675
f 677 676 675
f 678 677 675
f 679 677 678
f 680 679 678
f 681 679 680
f 682 681 680
f 683 679 681
f 684 683 681
f 685 684 681
f 686 684 685
f 687 686 685
f 688 686 687
f 689 688 687
f 690 688 689
f 691 690 689
f 692 690 691
f 693 692 691
f 694 693 691
f 695 693 694
f 696 695 694
f 697 695 696
f 698 697 696
f 699 697 698
f 700 699 698
f 701 700 698
f 702 700 701
f 703 702 701
f 704 703 701
f 705 703 704
f 706 705 704
f 707 705 706
f 708 707 706
f 709 707 708
f 710 709 708
f 711 709 710
f 712 711 710
f 713 709 711
f 714 713 711
f 715 714 711
f 716 715 711
f 712 716 711
f 717 716 712
f 718 716 717
f 719 718 717
f 720 718 719
f 721 720 719
f 722 720 721
f 723 720 722
f 724 723 722
f 725 724 722
f 726 724 725
f 727 726 725
f 728 724 726
f 729 724 728
f 730 729 728
f 731 729 730
f 732 731 730
f 733 732 730
f 728 733 730
f 734 733 728
f 735 734 728
f 726 735 728
f 736 734 735
f 737 736 735
f 738 736 737
f 739 738 737
f 740 739 737
f 741 740 737
f 735 741 737
f 742 740 741
f 743 742 741
f 744 742 743
f 745 742 744
f 746 745 744
f 747 745 746
f 748 747 746
f 749 747 748
f 750 749 748
f 751 749 750
f 752 749 751
f 753 752 751
f 754 752 753
f 755 754 753
f 756 755 753
f 757 756 753
f 758 756 757
f 759 758 757
f 760 756 758
f 761 760 758
f 762 760 761
f 763 760 762
f 764 763 762
f 765 763 764
f 766 765 764
f 767 765 766
f 768 767 766
f 769 768 766
f 770 768 769
f 771 768 770
f 772 771 770
f 773 772 770
f 774 772 773
f 775 774 773
f 776 775 773
f 777 774 775
f 778 777 775
f 779 777 778
f 780 779 778
f 781 780 778
f 782 779 780
f 783 782 780
f 784 783 780
f 781 784 780
f 785 784 781
f 786 785 781
f 787 786 781
f 788 785 786
f 789 788 786
f 790 789 786
f 791 789 790
f 792 789 791
f 793 792 791
f 794 793 791
f 795 793 794
f 796 795 794
f 797 795 796
f 798 797 796
f 799 797 798
f 800 797 799
f 801 800 799
f 802 801 799
f 803 801 802
f 804 801 803
f 805 804 803
f 806 805 803
f 807 805 806
f 808 807 806
f 809 807 808
f 810 809 808
f 811 809 810
f 812 811 810
f 813 811 812
f 814 813 812
f 815 813 814
f 816 815 814
f 817 816 814
f 818 816 817
f 819 818 817
f 820 819 817
f 821 819 820
f 822 821 820
f 823 821 822
f 824 823 822
f 825 823 824
f 826 823 825
f 827 826 825
f 828 827 825
f 829 827 828
f 830 829 828
f 831 830 828
f 832 830 831
f 833 830 832
f 834 833 832
f 835 834 832
f 836 834 835
f 837 834 836
f 838 837 836
f 839 838 836
f 839 837 838
f 840 837 839
f 841 840 839
f 842 840 841
f 843 840 842
f 844 843 842
f 845 844 842
f 846 845 842
f 847 845 846
f 848 845 847
f 849 848 847
f 850 849 847
f 851 850 847
f 852 850 851
f 853 852 851
f 854 853 851
f 855 853 854
f 856 853 855
f 857 856 855
f 858 856 857
f 859 858 857
f 860 858 859
f 861 858 860
f 862 861 860
f 863 862 860
f 859 863 860
f 864 863 859
f 865 863 864
f 866 865 864
f 867 865 866
f 868 867 866
f 869 868 866
f 870 868 869
f 871 870 869
f 872 871 869
f 873 871 872
f 874 873 872
f 875 871 873
f 876 875 873
f 877 875 876
f 878 877 876
f 879 878 876
f 880 879 876
f 873 880 876
f 874 880 873
f 881 880 874
f 879 880 881
f 882 879 881
f 883 882 881
f 884 883 881
f 885 883 884
f 886 885 884
f 887 883 885
f 888 883 887
f 882 883 888
f 889 882 888
f 890 889 888
f 891 889 890
f 892 889 891
f 893 892 891
f 894 893 891
f 895 893 894
f 896 895 894
f 897 895 896
f 898 897 896
f 899 897 898
f 900 899 898
f 901 899 900
f 902 901 900
f 903 897 899
f 904 903 899
f 905 903 904
f 906 905 904
f 907 906 904
f 908 907 904
f 909 907 908
f 910 909 908
f 911 910 908
f 912 910 911
f 913 912 911
f 914 913 911
f 915 914 911
f 908 915 911
f 916 914 915
f 917 914 916
f 918 917 916
f 919 918 916
f 920 918 919
f 921 920 919
f 922 920 921
f 923 922 921
f 924 923 921
f 925 922 923
f 926 922 925
f 927 926 925
f 928 926 927
f 929 926 928
f 930 929 928
f 931 930 928
f 932 931 928
f 933 931 932
f 934 933 932
f 935 933 934
f 936 935 934
f 937 935 936
f 938 935 937
f 939 938 937
f 940 939 937
f 941 940 937
f 942 940 941
f 943 942 941
f 944 943 941
f 945 943 944
f 946 945 944
f 947 945 946
f 948 947 946
f 949 947 948
f 950 949 948
f 951 949 950
f 952 949 951
f 953 952 951
f 954 952 953
f 955 954 953
f 956 955 953
f 957 955 956
f 958 957 956
f 959 957 958
f 960 957 959
f 961 960 959
f 962 961 959
f 963 961 962
f 964 963 962
f 965 964 962
f 966 964 965
f 967 966 965
f 968 966 967
f 969 968 967
f 970 968 969
f 971 968 970
f 972 971 970
f 973 971 972
f 974 973 972
f 975 973 974
f 976 975 974
f 977 976 974
f 978 976 977
f 979 978 977
f 980 978 979
f 981 980 979
f 982 980 981
f 983 984 985
f 986 983 985
f 987 983 986
f 988 987 986
f 989 987 988
f 990 989 988
f 991 989 990
f 992 991 990
f 993 991 992
f 994 991 993
f 995 994 993
f 996 995 993
f 997 995 996
f 998 997 996
f 999 997 998
f 1000 999 998
f 1001 999 1000
f 1002 1001 1000
f 1003 1001 1002
f 1004 1003 1002
f 1005 1003 1004
f 1006 1003 1005
f 1007 1006 1005
f 1008 1006 1007
f 1009 1008 1007
f 1010 1009 1007
f 1011 1009 1010
f 1012 1011 1010
f 1013 1012 1010
f 1014 1012 1013
f 1015 1014 1013
f 1016 1014 1015
f 1017 1016 1015
f 1018 1016 1017
f 1019 1018 1017
f 1020 1018 1019
f 1021 1020 1019
f 1022 1021 1019
f 1023 1021 1022
f 1024 1021 1023
f 1025 1024 1023
f 1026 1024 1025
f 1027 1026 1025
f 1028 1027 1025
f 1029 1028 1025
f 1030 1029 1025
f 1023 1030 1025
f 1031 1029 1030
f 1032 1031 1030
f 1033 1032 1030
f 1034 1032 1033
f 1035 1032 1034
f 1036 1035 1034
f 1037 1038 1039
f 1040 1038 1037
f 1041 1038 1040
f 1042 1041 1040
f 1043 1041 1042
f 1044 1043 1042
f 1045 1043 1044
f 1046 1045 1044
f 1047 1045 1046
f 1048 1047 1046
f 1049 1047 1048
f 1050 1049 1048
f 1051 1050 1048
f 1052 1050 1051
f 1053 1052 1051
f 1054 1052 1053
f 1055 1052 1054
f 1056 1055 1054
f 1057 1056 1054
f 1058 1056 1057
f 1059 1058 1057
f 1060 1059 1057
f 1061 1059 1060
f 1062 1061 1060
f 1063 1059 1061
f 1064 1063 1061
f 1065 1063 1064
f 1066 1065 1064
f 1067 1065 1066
f 1068 1067 1066
f 1069 1067 1068
f 1070 1069 1068
f 1071 1070 1068
f 1072 1070 1071
f 1073 1072 1071
f 1074 1072 1073
f 1075 1074 1073
f 1076 1075 1073
f 1077 1075 1076
f 1078 1077 1076
f 1079 1075 1077
f 1080 1079 1077
f 1081 1079 1080
f 1082 1081 1080
f 1083 1081 1082
f 1084 1083 1082
f 1085 1083 1084
f 1086 1085 1084
f 1087 1086 1084
f 1088 1086 1087
f 1089 1088 1087
f 1090 1088 1089
f 1091 1090 1089
f 1092 1091 1089
f 1093 1091 1092
f 1094 1093 1092
f 1095 1093 1094
f 1096 1095 1094
f 1097 1095 1096
f 1098 1095 1097
f 1099 1098 1097
f 1100 1099 1097
f 1101 1100 1097
f 1096 1101 1097
f 1102 1101 1096
f 1103 1101 1102
f 1104 1101 1103
f 1105 1104 1103
f 1106 1105 1103
f 1107 1105 1106
f 1108 1107 1106
f 1109 1107 1108
f 1110 1109 1108
f 1111 1109 1110
f 1112 1111 1110
f 1113 1112 1110
f 1114 1113 1110
f 1115 1113 1114
f 1116 1115 1114
f 1117 1116 1114
f 1118 1116 1117
f 1119 1116 1118
f 1120 1119 1118
f 1121 1120 1118
f 1122 1121 1118
f 1123 1121 1122
f 1124 1121 1123
f 1125 1121 1124
f 1126 1125 1124
f 1127 1126 1124
f 1128 1126 1127
f 1129 1128 1127
f 1130 1129 1127
f 1131 1128 1129
f 1132 1131 1129
f 1133 1131 1132
f 1134 1133 1132
f 1135 1133 1134
f 1136 1135 1134
f 1137 1135 1136
f 1138 1137 1136
f 1139 1137 1138
f 1140 1139 1138
f 1141 1140 1138
f 1142 1141 1138
f 1143 1141 1142
f 1144 1143 1142
f 1145 1143 1144
f 1146 1145 1144
f 1147 1145 1146
f 1148 1147 1146
f 1149 1147 1148
f 1150 1149 1148
f 1151 1149 1150
f 1152 1151 1150
f 1153 1151 1152
f 1154 1151 1153
f 1155 1154 1153
f 1156 1155 1153
f 1157 1156 1153
f 1158 1156 1157
f 1159 1158 1157
f 1160 1158 1159
f 1161 1160 1159
f 1162 1161 1159
f 1163 1161 1162
f 1164 1163 1162
f 1165 1163 1164
f 1166 1165 1164
f 1167 1165 1166
f 1168 1167 1166
f 1169 1167 1168
f 1170 1169 1168
f 1171 1169 1170
f 1172 1171 1170
f 1173 1171 1172
f 1174 1171 1173
f 1175 1174 1173
f 1176 1175 1173
f 1177 1175 1176
f 1178 1177 1176
f 1179 1177 1178
f 1180 1177 1179
f 1181 1180 1179
f 1182 1181 1179
f 1183 1181 1182
f 1184 1181 1183
f 1185 1184 1183
f 1186 1185 1183
f 1187 1186 1183
f 1188 1186 1187
f 1189 1188 1187
f 1190 1189 1187
f 1191 1189 1190
f 1192 1191 1190
f 1193 1191 1192
f 1194 1193 1192
f 1195 1193 1194
f 1196 1195 1194
f 1197 1196 1194
f 1198 1197 1194
f 1199 1197 1198
f 1200 1197 1199
f 1201 1200 1199
f 1202 1201 1199
f 1203 1201 1202
f 1204 1203 1202
f 1205 1203 1204
f 1206 1205 1204
f 1207 1206 1204
f 1208 1206 1207
f 1209 1208 1207
f 1210 1208 1209
f 1211 1210 1209
f 1212 1206 1208
f 1213 1206 1212
f 1205 1206 1213
f 1214 1205 1213
f 1215 1205 1214
f 1216 1215 1214
f 1217 1215 1216
f 1218 1217 1216
f 1219 1218 1216
f 1220 1218 1219
f 1221 1220 1219
f 1222 1220 1221
f 1223 1222 1221
f 1224 1222 1223
f 1225 1224 1223
f 1226 1224 1225
f 1227 1226 1225
f 1228 1227 1225
f 1229 1227 1228
f 1230 1229 1228
f 1231 1230 1228
f 1232 1230 1231
f 1233 1230 1232
f 1234 1233 1232
f 1235 1233 1234
f 1236 1235 1234
f 1237 1233 1235
f 1238 1233 1237
f 1239 1238 1237
f 1240 1238 1239
f 1241 1238 1240
f 1242 1241 1240
f 1243 1241 1242
f 1244 1243 1242
f 1245 1244 1242
f 1240 1245 1242
f 1246 1244 1245
f 1247 1246 1245
f 1248 1247 1245
f 1249 1247 1248
f 1250 1249 1248
f 1251 1250 1248
f 1252 1250 1251
f 1253 1252 1251
f 1254 1250 1252
f 1253 1254 1252
f 1255 1254 1253
f 1256 1255 1253
f 1257 1255 1256
f 1258 1257 1256
f 1259 1257 1258
f 1260 1259 1258
f 1261 1260 1258
f 1262 1260 1261
f 1263 1262 1261
f 1264 1262 1263
f 1265 1264 1263
f 1266 1265 1263
f 1267 1265 1266
f 1268 1267 1266
f 1269 1268 1266
f 1270 1268 1269
f 1271 1270 1269
f 1272 1271 1269
f 1273 1271 1272
f 1274 1271 1273
f 1275 1274 1273
f 1276 1275 1273
f 1277 1275 1276
f 1278 1277 1276
f 1279 1277 1278
f 1280 1279 1278
f 1281 1277 1279
f 1282 1277 1281
f 1283 1282 1281
f 1284 1282 1283
f 1285 1284 1283
f 1286 1285 1283
f 1287 1285 1286
f 1288 1287 1286
f 1289 1287 1288
f 1290 1287 1289
f 1291 1287 1290
f 1292 1291 1290
f 1293 1292 1290
f 1294 1292 1293
f 1295 1294 1293
f 1296 1294 1295
f 1297 1296 1295
f 1298 1297 1295
f 1299 1297 1298
f 1300 1297 1299
f 1301 1300 1299
f 1302 1301 1299
f 1303 1301 1302
f 1304 1303 1302
f 1305 1303 1304
f 1306 1305 1304
f 1307 1306 1304
f 1308 1306 1307
f 1309 1308 1307
f 1310 1308 1309
f 1311 1310 1309
f 1312 1310 1311
f 1313 1312 1311
f 1314 1310 1312
f 1315 1314 1312
f 1316 1314 1315
f 1317 1316 1315
f 1318 1317 1315
f 1319 1317 1318
f 1320 1317 1319
f 1321 1320 1319
f 1322 1320 1321
f 1323 1322 1321
f 1324 1323 1321
f 1325 1324 1321
f 1326 1324 1325
f 1327 1326 1325
f 1328 1327 1325
f 1329 1326 1327
f 1330 1329 1327
f 1331 1329 1330
f 1332 1331 1330
f 1333 1332 1330
f 1334 1332 1333
f 1335 1334 1333
f 1336 1334 1335
f 1337 1336 1335
f 1338 1337 1335
f 1339 1336 1337
f 1340 1336 1339
f 1341 1340 1339
f 1342 1341 1339
f 1343 1341 1342
f 1344 1343 1342
f 1345 1344 1342
f 1346 1344 1345
f 1347 1344 1346
f 1348 1347 1346
f 1349 1347 1348
f 1350 1349 1348
f 1351 1349 1350
f 1352 1353 1354
f 1355 1352 1354
f 1356 1352 1355
f 1357 1356 1355
f 1358 1357 1355
f 1359 1358 1355
f 1360 1358 1359
f 1361 1360 1359
f 1362 1360 1361
f 1363 1360 1362
f 1364 1363 1362
f 1365 1363 1364
f 1366 1365 1364
f 1367 1365 1366
f 1368 1367 1366
f 1369 1367 1368
f 1370 1369 1368
f 1371 1369 1370
f 1372 1371 1370
f 1373 1371 1372
f 1374 1373 1372
f 1375 1373 1374
f 1376 1375 1374
f 1377 1375 1376
f 1378 1377 1376
f 1379 1378 1376
f 1380 1378 1379
f 1381 1382 1383
f 1384 1381 1383
f 1385 1381 1384
f 1386 1385 1384
f 1387 1386 1384
f 1388 1386 1387
f 1389 1386 1388
f 1385 1386 1389
f 1390 1385 1389
f 1391 1385 1390
f 1392 1391 1390
f 1393 1391 1392
f 1394 1391 1393
f 1381 1385 1391
f 1394 1381 1391
f 1382 1381 1394
f 1395 1396 1397
f 1398 1396 1395
f 1399 1400 1401
f 1402 1400 1399
f 1403 1402 1399
f 1404 1403 1399
f 1405 1400 1402
f 1406 1400 1405
f 1407 1406 1405
f 1408 1407 1405
f 1402 1408 1405
f 1403 1408 1402
f 1409 1407 1408
f 1410 1409 1408
f 1411 1410 1408
f 1412 1411 1408
f 1413 1412 1408
f 1403 1413 1408
f 1414 1413 1403
f 1415 1414 1403
f 1404 1415 1403
f 1416 1414 1415
f 1417 1416 1415
f 1418 1416 1417
f 1419 1416 1418
f 1420 1419 1418
f 1421 1420 1418
f 1422 1420 1421
f 1423 1422 1421
f 1424 1422 1423
f 1425 1424 1423
f 1426 1425 1423
f 1427 1425 1426
f 1428 1427 1426
f 1429 1427 1428
f 1430 1427 1429
f 1431 1430 1429
f 1432 1431 1429
f 1433 1432 1429
f 1434 1432 1433
f 1435 1434 1433
f 1436 1432 1434
f 1437 1436 1434
f 1438 1437 1434
f 1435 1438 1434
f 1439 1437 1438
f 1440 1439 1438
f 1441 1440 1438
f 1442 1439 1440
f 1443 1442 1440
f 1444 1442 1443
f 1445 1444 1443
f 1446 1444 1445
f 1447 1446 1445
f 1448 1446 1447
f 1449 1448 1447
f 1450 1448 1449
f 1451 1450 1449
f 1452 1450 1451
f 1453 1452 1451
f 1454 1453 1451
f 1455 1454 1451
f 1456 1454 1455
f 1457 1456 1455
f 1458 1457 1455
f 1459 1458 1455
f 1451 1459 1455
f 1449 1459 1451
f 1460 1457 1458
f 1461 1457 1460
f 1462 1461 1460
f 1463 1461 1462
f 1464 1463 1462
f 1465 1461 1463
f 1466 1461 1465
f 1467 1466 1465
f 1457 1461 1466
f 1456 1457 1466
f 1468 1454 1456
f 1469 1468 1456
f 1470 1468 1469
f 1471 1470 1469
f 1472 1471 1469
f 1473 1471 1472
f 1474 1473 1472
f 1475 1473 1474
f 1476 1473 1475
f 1477 1476 1475
f 1478 1476 1477
f 1479 1478 1477
f 1480 1479 1477
f 1481 1479 1480
f 1482 1481 1480
f 1483 1482 1480
f 1484 1482 1483
f 1485 1482 1484
f 1486 1482 1485
f 1487 1486 1485
f 1488 1486 1487
f 1489 1488 1487
f 1490 1489 1487
f 1491 1490 1487
f 1492 1490 1491
f 1493 1492 1491
f 1494 1492 1493
f 1495 1494 1493
f 1496 1494 1495
f 1497 1496 1495
f 1498 1496 1497
f 1499 1496 1498
f 1500 1499 1498
f 1501 1499 1500
f 1502 1501 1500
f 1503 1501 1502
f 1504 1503 1502
f 1505 1504 1502
f 1506 1504 1505
f 1507 1506 1505
f 1508 1506 1507
f 1509 1506 1508
f 1510 1509 1508
f 1511 1510 1508
f 1512 1511 1508
f 1513 1512 1508
f 1507 1513 1508
f 1514 1512 1513
f 1515 1512 1514
f 1516 1512 1515
f 1511 1512 1516
f 1517 1510 1511
f 1518 1510 1517
f 1519 1518 1517
f 1520 1519 1517
f 1521 1519 1520
f 1522 1519 1521
f 1523 1522 1521
f 1524 1522 1523
f 1525 1524 1523
f 1526 1525 1523
f 1527 1525 1526
f 1528 1527 1526
f 1529 1527 1528
f 1530 1529 1528
f 1531 1529 1530
f 1532 1531 1530
f 1533 1532 1530
f 1534 1532 1533
f 1535 1534 1533
f 1536 1534 1535
f 1537 1534 1536
f 1538 1534 1537
f 1539 1538 1537
f 1540 1538 1539
f 1541 1540 1539
f 1542 1540 1541
f 1543 1542 1541
f 1544 1543 1541
f 1545 1543 1544
f 1546 1545 1544
f 1547 1546 1544
f 1548 1546 1547
f 1549 1546 1548
f 1550 1549 1548
f 1551 1550 1548
f 1552 1550 1551
f 1553 1550 1552
f 1554 1553 1552
f 1555 1554 1552
f 1556 1555 1552
f 1557 1555 1556
f 1558 1557 1556
f 1559 1557 1558
f 1560 1557 1559
f 1561 1560 1559
f 1562 1560 1561
f 1563 1560 1562
f 1564 1563 1562
f 1565 1563 1564
f 1566 1563 1565
f 1567 1566 1565
f 1568 1567 1565
f 1569 1567 1568
f 1570 1569 1568
f 1571 1570 1568
f 1572 1570 1571
f 1573 1572 1571
f 1574 1572 1573
f 1575 1574 1573
f 1576 1574 1575
f 1577 1576 1575
f 1578 1576 1577
f 1579 1578 1577
f 1580 1578 1579
f 1581 1580 1579
f 1582 1581 1579
f 1583 1581 1582
f 1584 1583 1582
f 1585 1583 1584
f 1586 1585 1584
f 1587 1586 1584
f 1588 1586 1587
f 1589 1586 1588
f 1590 1589 1588
f 1591 1590 1588
f 1592 1590 1591
f 1593 1589 1590
f 1594 1589 1593
f 1595 1594 1593
f 1596 1595 1593
f 1597 1595 1596
f 1598 1597 1596
f 1599 1598 1596
f 1593 1599 1596
f 1590 1599 1593
f 1592 1599 1590
f 1600 1597 1598
f 1601 1600 1598
f 1602 1600 1601
f 1603 1600 1602
f 1604 1603 1602
f 1605 1604 1602
f 1606 1605 1602
f 1607 1606 1602
f 1608 1606 1607
f 1609 1605 1606
f 1610 1605 1609
f 1611 1610 1609
f 1612 1610 1611
f 1613 1612 1611
f 1614 1612 1613
f 1615 1614 1613
f 1616 1614 1615
f 1617 1616 1615
f 1618 1616 1617
f 1619 1616 1618
f 1620 1619 1618
f 1621 1619 1620
f 1622 1621 1620
f 1623 1621 1622
f 1624 1621 1623
f 1625 1624 1623
f 1626 1624 1625
f 1627 1626 1625
f 1628 1626 1627
f 1629 1628 1627
f 1630 1628 1629
f 1631 1628 1630
f 1632 1631 1630
f 1633 1632 1630
f 1634 1632 1633
f 1635 1632 1634
f 1636 1635 1634
f 1637 1635 1636
f 1638 1637 1636
f 1639 1637 1638
f 1640 1639 1638
f 1641 1640 1638
f 1642 1640 1641
f 1643 1640 1642
f 1644 1643 1642
f 1645 1644 1642
f 1646 1644 1645
f 1647 1646 1645
f 1648 1646 1647
f 1649 1648 1647
f 1650 1649 1647
f 1651 1648 1649
f 1652 1651 1649
f 1653 1651 1652
f 1654 1653 1652
f 1655 1654 1652
f 1656 1654 1655
f 1657 1656 1655
f 1658 1656 1657
f 1659 1658 1657
f 1660 1659 1657
f 1661 1659 1660
f 1662 1659 1661
f 1663 1662 1661
f 1664 1663 1661
f 1665 1663 1664
f 1666 1663 1665
f 1667 1666 1665
f 1668 1666 1667
f 1669 1666 1668
f 1670 1669 1668
f 1671 1670 1668
f 1672 1670 1671
f 1673 1672 1671
f 1674 1672 1673
f 1675 1674 1673
f 1676 1674 1675
f 1677 1676 1675
f 1678 1677 1675
f 1679 1677 1678
f 1680 1679 1678
f 1681 1680 1678
f 1682 1681 1678
f 1683 1680 1681
f 1684 1683 1681
f 1685 1684 1681
f 1682 1685 1681
f 1686 1684 1685
f 1687 1686 1685
f 1688 1686 1687
f 1689 1688 1687
f 1690 1688 1689
f 1691 1690 1689
f 1692 1690 1691
f 1693 1692 1691
f 1694 1693 1691
f 1695 1693 1694
f 1696 1695 1694
f 1697 1696 1694
f 1698 1696 1697
f 1699 1696 1698
f 1700 1699 1698
f 1701 1700 1698
f 1702 1701 1698
f 1703 1701 1702
f 1704 1703 1702
f 1705 1701 1703
f 1706 1701 1705
f 1707 1706 1705
f 1708 1701 1706
f 1709 1708 1706
f 1710 1709 1706
f 1707 1710 1706
f 1711 1710 1707
f 1712 1711 1707
f 1713 1711 1712
f 1714 1713 1712
f 1715 1713 1714
f 1716 1713 1715
f 1717 1716 1715
f 1718 1716 1717
f 1719 1718 1717
f 1720 1719 1717
f 1721 1720 1717
f 1722 1720 1721
f 1723 1722 1721
f 1724 1720 1722
f 1725 1720 1724
f 1726 1725 1724
f 1727 1725 1726
f 1728 1727 1726
f 1729 1728 1726
f 1730 1728 1729
f 1731 1730 1729
f 1732 1731 1729
f 1733 1730 1731
f 1734 1733 1731
f 1735 1734 1731
f 1732 1735 1731
f 1736 1734 1735
f 1737 1736 1735
f 1738 1737 1735
f 1739 1736 1737
f 1740 1736 1739
f 1741 1740 1739
f 1742 1740 1741
f 1743 1742 1741
f 1744 1743 1741
f 1745 1743 1744
f 1746 1743 1745
f 1747 1746 1745
f 1748 1747 1745
f 1749 1747 1748
f 1750 1749 1748
f 1751 1750 1748
f 1752 1750 1751
f 1753 1752 1751
f 1754 1753 1751
f 1755 1754 1751
f 1756 1754 1755
f 1757 1754 1756
f 1758 1757 1756
f 1759 1758 1756
f 1760 1759 1756
f 1761 1759 1760
f 1762 1758 1759
f 1761 1762 1759
f 1763 1758 1762
f 1764 1763 1762
f 1765 1764 1762
f 1766 1764 1765
f 1767 1764 1766
f 1768 1767 1766
f 1769 1767 1768
f 1770 1767 1769
f 1771 1770 1769
f 1772 1770 1771
f 1773 1772 1771
f 1774 1773 1771
f 1775 1773 1774
f 1776 1775 1774
f 1777 1775 1776
f 1778 1777 1776
f 1779 1777 1778
f 1780 1781 1782
f 1783 1784 1785
f 1786 1784 1783
f 1787 1788 1786
f 1789 1788 1787
f 1790 1788 1789
f 1791 1790 1789
f 1792 1791 1789
f 1793 1791 1792
f 1794 1793 1792
f 1795 1794 1792
f 1796 1794 1795
f 1797 1796 1795
f 1798 1796 1797
f 1799 1796 1798
f 1800 1799 1798
f 1801 1800 1798
f 1802 1801 1798
f 1803 1801 1802
f 1804 1803 1802
f 1805 1804 1802
f 1806 1804 1805
f 1807 1804 1806
f 1808 1807 1806
f 1809 1808 1806
f 1810 1808 1809
f 1811 1810 1809
f 1812 1810 1811
f 1813 1812 1811
f 1814 1813 1811
f 1815 1814 1811
f 1816 1815 1811
f 1817 1815 1816
f 1818 1817 1816
f 1819 1817 1818
f 1820 1819 1818
f 1821 1819 1820
f 1822 1821 1820
f 1823 1821 1822
f 1824 1823 1822
f 1825 1823 1824
f 1826 1821 1823
f 1827 1826 1823
f 1825 1827 1823
f 1828 1827 1825
f 1829 1828 1825
f 1830 1828 1829
f 1831 1828 1830
f 1832 1831 1830
f 1833 1832 1830
f 1834 1832 1833
f 1835 1834 1833
f 1836 1834 1835
f 1837 1836 1835
f 1838 1837 1835
f 1839 1837 1838
f 1840 1837 1839
f 1841 1840 1839
f 1842 1841 1839
f 1843 1841 1842
f 1844 1843 1842
f 1845 1843 1844
f 1846 1845 1844
f 1847 1843 1845
f 1848 1847 1845
f 1849 1847 1848
f 1850 1849 1848
f 1851 1849 1850
f 1852 1851 1850
f 1853 1852 1850
f 1854 1852 1853
f 1855 1854 1853
f 1856 1854 1855
f 1857 1854 1856
f 1858 1854 1857
f 1859 1858 1857
f 1860 1858 1859
f 1861 1860 1859
f 1862 1861 1859
f 1863 1861 1862
f 1864 1861 1863
f 1865 1864 1863
f 1866 1865 1863
f 1867 1865 1866
f 1868 1867 1866
f 1869 1868 1866
f 1870 1868 1869
f 1871 1870 1869
f 1872 1870 1871
f 1873 1872 1871
f 1874 1873 1871
f 1875 1873 1874
f 1876 1875 1874
f 1877 1875 1876
f 1878 1877 1876
f 1879 1878 1876
f 1880 1879 1876
f 1881 1879 1880
f 1882 1879 1881
f 1883 1882 1881
f 1884 1883 1881
f 1885 1882 1883
f 1886 1882 1885
f 1887 1886 1885
f 1888 1887 1885
f 1889 1887 1888
f 1890 1889 1888
f 1891 1890 1888
f 1892 1890 1891
f 1893 1890 1892
f 1894 1893 1892
f 1895 1893 1894
f 1896 1895 1894
f 1897 1896 1894
f 1898 1896 1897
f 1899 1898 1897
f 1900 1899 1897
f 1901 1900 1897
f 1902 1900 1901
f 1903 1902 1901
f 1904 1902 1903
f 1905 1902 1904
f 1906 1905 1904
f 1907 1906 1904
f 1908 1907 1904
f 1909 1908 1904
f 1903 1909 1904
f 1910 1909 1903
f 1911 1908 1909
f 1912 1908 1911
f 1913 1908 1912
f 1914 1913 1912
f 1915 1914 1912
f 1916 1914 1915
f 1917 1916 1915
f 1918 1917 1915
f 1919 1918 1915
f 1920 1919 1915
f 1912 1920 1915
f 1911 1920 1912
f 1921 1919 1920
f 1922 1918 1919
f 1923 1918 1922
f 1924 1918 1923
f 1925 1924 1923
f 1926 1924 1925
f 1927 1926 1925
f 1928 1926 1927
f 1929 1928 1927
f 1930 1929 1927
f 1931 1929 1930
f 1932 1931 1930
f 1933 1931 1932
f 1934 1933 1932
f 1935 1933 1934
f 1936 1935 1934
f 1937 1936 1934
f 1938 1936 1937
f 1939 1938 1937
f 1940 1938 1939
f 1941 1940 1939
f 1942 1940 1941
f 1943 1940 1942
f 1944 1943 1942
f 1945 1944 1942
f 1946 1944 1945
f 1947 1946 1945
f 1948 1947 1945
f 1949 1946 1947
f 1950 1949 1947
f 1951 1949 1950
f 1952 1951 1950
f 1953 1951 1952
f 1954 1953 1952
f 1955 1954 1952
f 1956 1954 1955
f 1957 1956 1955
f 1958 1957 1955
f 1959 1957 1958
f 1960 1957 1959
f 1961 1960 1959
f 1962 1961 1959
f 1963 1960 1961
f 1964 1963 1961
f 1965 1964 1961
f 1966 1964 1965
f 1967 1966 1965
f 1968 1967 1965
f 1969 1968 1965
f 1970 1968 1969
f 1971 1970 1969
f 1972 1970 1971
f 1973 1970 1972
f 1974 1973 1972
f 1975 1973 1974
f 1976 1975 1974
f 1977 1975 1976
f 1978 1977 1976
f 1979 1975 1977
f 1980 1975 1979
f 1980 1973 1975
f 1981 1973 1980
f 1982 1981 1980
f 1983 1982 1980
f 1979 1983 1980
f 1984 1983 1979
f 1985 1984 1979
f 1986 1983 1984
f 1987 1983 1986
f 1988 1987 1986
f 1989 1987 1988
f 1990 1989 1988
f 1991 1989 1990
f 1992 1989 1991
f 1993 1992 1991
f 1994 1993 1991
f 1995 1993 1994
f 1996 1993 1995
f 1997 1996 1995
f 1998 1997 1995
f 1994 1998 1995
f 1999 1998 1994
f 2000 1998 1999
f 2001 2000 1999
f 2002 2001 1999
f 2003 2002 1999
f 2004 2003 1999
f 2005 2002 2003
f 2006 2005 2003
f 2007 2005 2006
f 2008 2005 2007
f 2002 2005 2008
f 2009 2002 2008
f 2001 2002 2009
f 2010 2001 2009
f 2011 2001 2010
f 2012 2011 2010
f 2013 2012 2010
f 2014 2012 2013
f 2015 2014 2013
f 2016 2014 2015
f 2017 2014 2016
f 2018 2017 2016
f 2019 2018 2016
f 2020 2019 2016
f 2021 2019 2020
f 2022 2021 2020
f 2023 2022 2020
f 2024 2023 2020
f 2016 2024 2020
f 2015 2024 2016
f 2025 2023 2024
f 2026 2023 2025
f 2027 2026 2025
f 2028 2026 2027
f 2029 2026 2028
f 2030 2029 2028
f 2031 2030 2028
f 2032 2031 2028
f 2033 2031 2032
f 2034 2031 2033
f 2035 2031 2034
f 2036 2035 2034
f 2037 2036 2034
f 2038 2036 2037
f 2039 2038 2037
f 2040 2038 2039
f 2041 2040 2039
f 2042 2040 2041
f 2043 2040 2042
f 2044 2043 2042
f 2045 2044 2042
f 2046 2044 2045
f 2047 2046 2045
f 2048 2046 2047
f 2049 2048 2047
f 2050 2048 2049
f 2051 2050 2049
f 2052 2051 2049
f 2053 2051 2052
f 2054 2053 2052
f 2055 2053 2054
f 2056 2055 2054
f 2057 2056 2054
f 2058 2056 2057
f 2059 2058 2057
f 2060 2058 2059
f 2061 2060 2059
f 2057 2061 2059
f 2062 2060 2061
f 2063 2062 2061
f 2064 2062 2063
f 2065 2062 2064
f 2066 2065 2064
f 2067 2065 2066
f 2068 2065 2067
f 2069 2068 2067
f 2070 2069 2067
f 2071 2069 2070
f 2072 2069 2071
f 2073 2072 2071
f 2074 2073 2071
f 2075 2073 2074
f 2076 2075 2074
f 2077 2075 2076
f 2078 2075 2077
f 2079 2078 2077
f 2080 2079 2077
f 2081 2079 2080
f 2082 2081 2080
f 2083 2082 2080
f 2084 2082 2083
f 2085 2084 2083
f 2086 2085 2083
f 2087 2085 2086
f 2088 2085 2087
f 2089 2085 2088
f 2090 2089 2088
f 2091 2090 2088
f 2092 2091 2088
f 2087 2092 2088
f 2093 2091 2092
f 2094 2090 2091
f 2093 2094 2091
f 2095 2094 2093
f 2096 2095 2093
f 2097 2096 2093
f 2098 2095 2096
f 2099 2098 2096
f 2100 2098 2099
f 2101 2100 2099
f 2102 2100 2101
f 2103 2102 2101
f 2104 2102 2103
f 2105 2104 2103
f 2106 2104 2105
f 2107 2106 2105
f 2108 2107 2105
f 2109 2107 2108
f 2110 2107 2109
f 2111 2110 2109
f 2112 2110 2111
f 2113 2112 2111
f 2114 2112 2113
f 2115 2114 2113
f 2116 2115 2113
f 2117 2115 2116
f 2114 2115 2117
f 2118 2114 2117
f 2119 2118 2117
f 2120 2119 2117
f 2121 2120 2117
f 2122 2121 2117
f 2116 2122 2117
f 2123 2122 2116
f 2124 2122 2123
f 2125 2124 2123
f 2126 2124 2125
f 2127 2126 2125
f 2128 2127 2125
f 2129 2127 2128
f 2130 2129 2128
f 2131 2129 2130
f 2132 2129 2131
f 2133 2132 2131
f 2134 2133 2131
f 2135 2133 2134
f 2136 2135 2134
f 2137 2136 2134
f 2138 2136 2137
f 2139 2138 2137
f 2140 2136 2138
f 2141 2140 2138
f 2142 2141 2138
f 2143 2142 2138
f 2139 2143 2138
f 2144 2142 2143
f 2145 2144 2143
f 2146 2144 2145
f 2147 2146 2145
f 2148 2147 2145
f 2149 2147 2148
f 2150 2147 2149
f 2151 2150 2149
f 2152 2150 2151
f 2153 2152 2151
f 2154 2152 2153
f 2155 2154 2153
f 2156 2155 2153
f 2157 2158 2159
f 2160 2158 2157
f 2161 2160 2157
f 2162 2160 2161
f 2163 2162 2161
f 2164 2163 2161
f 2165 2163 2164
f 2166 2163 2165
f 2167 2166 2165
f 2168 2167 2165
f 2169 2167 2168
f 2170 2169 2168
f 2171 2169 2170
f 2172 2171 2170
f 2173 2172 2170
f 2174 2172 2173
f 2175 2172 2174
f 2176 2175 2174
f 2177 2175 2176
f 2178 2175 2177
f 2179 2178 2177
f 2180 2178 2179
f 2181 2178 2180
f 2182 2181 2180
f 2183 2182 2180
f 2184 2182 2183
f 2185 2184 2183
f 2186 2185 2183
f 2187 2185 2186
f 2188 2185 2187
f 2189 2185 2188
f 2190 2189 2188
f 2187 2190 2188
f 2191 2190 2187
f 2192 2190 2191
f 2193 2192 2191
f 2194 2193 2191
f 2195 2193 2194
f 2196 2195 2194
f 2197 2196 2194
f 2198 2197 2194
f 2199 2197 2198
f 2200 2199 2198
f 2201 2197 2199
f 2202 2197 2201
f 2196 2197 2202
f 2203 2196 2202
f 2204 2203 2202
f 2205 2203 2204
f 2206 2205 2204
f 2207 2205 2206
f 2208 2207 2206
f 2209 2205 2207
f 2210 2209 2207
f 2211 2210 2207
f 2212 2210 2211
f 2213 2212 2211
f 2214 2213 2211
f 2215 2213 2214
f 2216 2215 2214
f 2211 2216 2214
f 2217 2215 2216
f 2218 2217 2216
f 2219 2217 2218
f 2220 2217 2219
f 2221 2220 2219
f 2218 2221 2219
f 2222 2217 2220
f 2223 2222 2220
f 2224 2222 2223
f 2225 2224 2223
f 2226 2225 2223
f 2227 2226 2223
f 2220 2227 2223
f 2221 2227 2220
f 2228 2227 2221
f 2229 2227 2228
f 2230 2229 2228
f 2231 2229 2230
f 2232 2231 2230
f 2233 2232 2230
f 2234 2233 2230
f 2235 2232 2233
f 2236 2235 2233
f 2237 2236 2233
f 2238 2236 2237
f 2239 2238 2237
f 2240 2238 2239
f 2241 2238 2240
f 2242 2241 2240
f 2243 2241 2242
f 2244 2243 2242
f 2245 2243 2244
f 2246 2245 2244
f 2247 2246 2244
f 2248 2246 2247
f 2249 2248 2247
f 2250 2246 2248
f 2251 2250 2248
f 2252 2251 2248
f 2253 2251 2252
f 2254 2253 2252
f 2255 2254 2252
f 2256 2254 2255
f 2257 2256 2255
f 2258 2256 2257
f 2259 2258 2257
f 2260 2258 2259
f 2261 2258 2260
f 2262 2261 2260
f 2263 2262 2260
f 2264 2258 2261
f 2265 2264 2261
f 2262 2265 2261
f 2266 2265 2262
f 2267 2266 2262
f 2268 2267 2262
f 2263 2268 2262
f 2269 2268 2263
f 2270 2269 2263
f 2271 2270 2263
f 2260 2271 2263
f 2272 2271 2260
f 2273 2270 2271
f 2274 2270 2273
f 2275 2274 2273
f 2276 2274 2275
f 2277 2276 2275
f 2278 2277 2275
f 2279 2277 2278
f 2280 2277 2279
f 2281 2280 2279
f 2282 2281 2279
f 2283 2281 2282
f 2284 2283 2282
f 2285 2283 2284
f 2286 2285 2284
f 2287 2286 2284
f 2288 2285 2286
f 2289 2288 2286
f 2290 2288 2289
f 2291 2290 2289
f 2292 2290 2291
f 2293 2292 2291
f 2294 2292 2293
f 2295 2294 2293
f 2296 2294 2295
f 2297 2296 2295
f 2298 2297 2295
f 2299 2297 2298
f 2300 2299 2298
f 2301 2300 2298
f 2302 2301 2298
f 2303 2301 2302
f 2304 2301 2303
f 2305 2301 2304
f 2306 2305 2304
f 2307 2305 2306
f 2308 2305 2307
f 2309 2308 2307
f 2310 2309 2307
f 2311 2310 2307
f 2312 2311 2307
f 2313 2311 2312
f 2314 2313 2312
f 2315 2313 2314
f 2316 2315 2314
f 2317 2315 2316
f 2318 2317 2316
f 2319 2317 2318
f 2320 2319 2318
f 2321 2319 2320
f 2322 2321 2320
f 2323 2321 2322
f 2324 2323 2322
f 2325 2323 2324
f 2326 2323 2325
f 2327 2326 2325
f 2328 2326 2327
f 2329 2326 2328
f 2330 2329 2328
f 2331 2330 2328
f 2327 2331 2328
f 2332 2331 2327
f 2333 2332 2327
f 2334 2332 2333
f 2335 2334 2333
f 2336 2334 2335
f 2337 2334 2336
f 2338 2337 2336
f 2339 2338 2336
f 2340 2338 2339
f 2341 2340 2339
f 2342 2341 2339
f 2343 2341 2342
f 2344 2341 2343
f 2345 2344 2343
f 2346 2344 2345
f 2347 2346 2345
f 2348 2346 2347
f 2349 2348 2347
f 2350 2348 2349
f 2351 2350 2349
f 2352 2351 2349
f 2353 2351 2352
f 2354 2353 2352
f 2355 2353 2354
f 2356 2355 2354
f 2357 2356 2354
f 2358 2356 2357
f 2359 2358 2357
f 2360 2358 2359
f 2361 2360 2359
f 2362 2361 2359
f 2363 2360 2361
f 2364 2363 2361
f 2365 2364 2361
f 2366 2364 2365
f 2367 2366 2365
f 2368 2366 2367
f 2369 2368 2367
f 2370 2368 2369
f 2371 2368 2370
f 2372 2371 2370
f 2373 2372 2370
f 2374 2373 2370
f 2375 2373 2374
f 2376 2373 2375
f 2377 2376 2375
f 2378 2376 2377
f 2379 2378 2377
f 2380 2379 2377
f 2381 2379 2380
f 2382 2381 2380
f 2383 2382 2380
f 2384 2381 2382
f 2385 2384 2382
f 2386 2385 2382
f 2387 2385 2386
f 2388 2385 2387
f 2389 2388 2387
f 2390 2389 2387
f 2391 2390 2387
f 2392 2390 2391
f 2393 2392 2391
f 2394 2392 2393
f 2395 2394 2393
f 2396 2394 2395
f 2397 2396 2395
f 2398 2397 2395
f 2399 2396 2397
f 2400 2399 2397
f 2401 2400 2397
f 2398 2401 2397
f 2402 2401 2398
f 2403 2400 2401
f 2404 2403 2401
f 2405 2403 2404
f 2406 2405 2404
f 2407 2405 2406
f 2408 2407 2406
f 2409 2407 2408
f 2410 2407 2409
f 2411 2410 2409
f 2412 2411 2409
f 2413 2411 2412
f 2414 2411 2413
f 2415 2414 2413
f 2416 2415 2413
f 2417 2415 2416
f 2418 2417 2416
f 2419 2417 2418
f 2420 2419 2418
f 2421 2420 2418
f 2422 2420 2421
f 2423 2422 2421
f 2424 2420 2422
f 2425 2420 2424
f 2426 2425 2424
f 2427 2425 2426
f 2428 2427 2426
f 2429 2428 2426
f 2430 2428 2429
f 2431 2430 2429
f 2432 2430 2431
f 2433 2432 2431
f 2434 2433 2431
f 2435 2434 2431
f 2436 2434 2435
f 2437 2434 2436
f 2438 2437 2436
f 2439 2438 2436
f 2440 2439 2436
f 2441 2439 2440
f 2442 2441 2440
f 2443 2442 2440
f 2444 2442 2443
f 2445 2444 2443
f 2446 2444 2445
f 2447 2446 2445
f 2448 2446 2447
f 2449 2446 2448
f 2450 2449 2448
f 2451 2449 2450
f 2452 2451 2450
f 2453 2452 2450
f 2454 2452 2453
f 2455 2454 2453
f 2456 2455 2453
f 2450 2456 2453
f 2448 2456 2450
f 2457 2455 2456
f 2458 2457 2456
f 2459 2455 2457
f 2460 2459 2457
f 2461 2459 2460
f 2462 2461 2460
f 2463 2462 2460
f 2464 2462 2463
f 2465 2464 2463
f 2466 2464 2465
f 2467 2466 2465
f 2468 2466 2467
f 2469 2468 2467
f 2470 2469 2467
f 2471 2469 2470
f 2472 2471 2470
f 2473 2471 2472
f 2474 2471 2473
f 2469 2471 2474
f 2475 2469 2474
f 2476 2475 2474
f 2477 2475 2476
f 2478 2477 2476
f 2479 2478 2476
f 2474 2479 2476
f 2473 2479 2474
f 2480 2479 2473
f 2481 2480 2473
f 2482 2481 2473
f 2472 2482 2473
f 2483 2481 2482
f 2484 2481 2483
f 2485 2484 2483
f 2486 2484 2485
f 2487 2486 2485
f 2488 2486 2487
f 2489 2488 2487
f 2490 2489 2487
f 2491 2489 2490
f 2492 2491 2490
f 2493 2491 2492
f 2494 2491 2493
f 2495 2491 2494
f 2496 2495 2494
f 2497 2496 2494
f 2498 2496 2497
f 2499 2498 2497
f 2500 2498 2499
f 2501 2500 2499
f 2502 2500 2501
f 2503 2502 2501
f 2504 2503 2501
f 2505 2504 2501
f 2506 2504 2505
f 2507 2502 2503
f 2508 2502 2507
f 2509 2508 2507
f 2510 2508 2509
f 2511 2508 2510
f 2512 2511 2510
f 2513 2512 2510
f 2514 2513 2510
f 2515 2513 2514
f 2516 2515 2514
f 2517 2515 2516
f 2518 2517 2516
f 2519 2518 2516
f 2520 2517 2518
f 2521 2520 2518
f 2522 2520 2521
f 2523 2520 2522
f 2524 2523 2522
f 2525 2524 2522
f 2526 2524 2525
f 2527 2526 2525
f 2528 2526 2527
f 2529 2528 2527
f 2530 2528 2529
f 2531 2530 2529
f 2532 2530 2531
f 2533 2530 2532
f 2528 2530 2533
f 2534 2528 2533
f 2535 2534 2533
f 2536 2534 2535
f 2537 2534 2536
f 2538 2537 2536
f 2539 2537 2538
f 2526 2528 2534
f 2537 2526 2534
f 2524 2526 2537
f 2539 2524 2537
f 2540 2524 2539
f 2541 2540 2539
f 2542 2540 2541
f 2543 2542 2541
f 2544 2542 2543
f 2545 2542 2544
f 2546 2545 2544
f 2547 2540 2542
f 2545 2547 2542
f 2548 2547 2545
f 2524 2540 2547
f 2523 2524 2547
f 2548 2523 2547
f 2517 2520 2523
f 2548 2517 2523
f 2515 2517 2548
f 2545 2515 2548
f 2513 2515 2545
f 2512 2513 2545
f 2546 2512 2545
f 2549 2511 2512
f 2550 2511 2549
f 2508 2511 2550
f 2502 2508 2550
f 2500 2502 2550
f 2498 2500 2550
f 2549 2498 2550
f 2496 2498 2549
f 2495 2496 2549
f 2512 2495 2549
f 2546 2495 2512
f 2491 2495 2546
f 2551 2481 2484
f 2480 2481 2551
f 2552 2477 2478
f 2553 2552 2478
f 2554 2552 2553
f 2555 2552 2554
f 2556 2555 2554
f 2557 2555 2556
f 2558 2557 2556
f 2559 2557 2558
f 2560 2559 2558
f 2561 2559 2560
f 2562 2561 2560
f 2563 2561 2562
f 2564 2561 2563
f 2565 2564 2563
f 2566 2564 2565
f 2567 2564 2566
f 2568 2567 2566
f 2561 2564 2567
f 2559 2561 2567
f 2557 2559 2567
f 2568 2557 2567
f 2555 2557 2568
f 2569 2555 2568
f 2552 2555 2569
f 2477 2552 2569
f 2570 2477 2569
f 2475 2477 2570
f 2571 2475 2570
f 2468 2469 2475
f 2571 2468 2475
f 2572 2468 2571
f 2466 2468 2572
f 2464 2466 2572
f 2573 2464 2572
f 2574 2573 2572
f 2571 2574 2572
f 2575 2574 2571
f 2570 2575 2571
f 2576 2574 2575
f 2577 2576 2575
f 2578 2576 2577
f 2579 2576 2578
f 2580 2579 2578
f 2581 2580 2578
f 2582 2580 2581
f 2583 2582 2581
f 2584 2582 2583
f 2585 2582 2584
f 2586 2585 2584
f 2587 2586 2584
f 2588 2587 2584
f 2589 2587 2588
f 2590 2589 2588
f 2591 2590 2588
f 2592 2587 2589
f 2593 2592 2589
f 2594 2593 2589
f 2595 2594 2589
f 2596 2594 2595
f 2597 2596 2595
f 2598 2596 2597
f 2599 2600 2601
f 2602 2599 2601
f 2603 2599 2602
f 2604 2603 2602
f 2605 2604 2602
f 2606 2605 2602
f 2607 2604 2605
f 2608 2607 2605
f 2609 2607 2608
f 2610 2609 2608
f 2611 2610 2608
f 2612 2610 2611
f 2613 2612 2611
f 2614 2613 2611
f 2615 2614 2611
f 2616 2614 2615
f 2617 2616 2615
f 2618 2617 2615
f 2619 2618 2615
f 2620 2618 2619
f 2621 2618 2620
f 2622 2618 2621
f 2617 2618 2622
f 2623 2617 2622
f 2624 2623 2622
f 2625 2623 2624
f 2626 2625 2624
f 2627 2626 2624
f 2628 2626 2627
f 2629 2626 2628
f 2630 2629 2628
f 2631 2629 2630
f 2632 2629 2631
f 2633 2632 2631
f 2634 2632 2633
f 2635 2634 2633
f 2636 2634 2635
f 2637 2636 2635
f 2638 2637 2635
f 2639 2637 2638
f 2640 2639 2638
f 2641 2639 2640
f 2642 2641 2640
f 2643 2642 2640
f 2644 2642 2643
f 2645 2644 2643
f 2646 2644 2645
f 2647 2646 2645
f 2648 2647 2645
f 2649 2648 2645
f 2650 2648 2649
f 2651 2648 2650
f 2652 2648 2651
f 2647 2648 2652
f 2653 2647 2652
f 2654 2653 2652
f 2655 2653 2654
f 2656 2655 2654
f 2657 2655 2656
f 2658 2657 2656
f 2659 2657 2658
f 2660 2659 2658
f 2661 2659 2660
f 2662 2661 2660
f 2663 2662 2660
f 2664 2663 2660
f 2665 2663 2664
f 2666 2663 2665
f 2667 2666 2665
f 2668 2663 2666
f 2669 2668 2666
f 2670 2668 2669
f 2671 2668 2670
f 2672 2671 2670
f 2673 2672 2670
f 2674 2673 2670
f 2675 2673 2674
f 2676 2675 2674
f 2677 2675 2676
f 2678 2677 2676
f 2679 2678 2676
f 2680 2678 2679
f 2681 2678 2680
f 2682 2681 2680
f 2683 2682 2680
f 2684 2682 2683
f 2685 2684 2683
f 2686 2684 2685
f 2687 2686 2685
f 2688 2686 2687
f 2689 2688 2687
f 2690 2688 2689
f 2691 2690 2689
f 2692 2691 2689
f 2693 2688 2690
f 2694 2693 2690
f 2695 2693 2694
f 2696 2693 2695
f 2697 2696 2695
f 2698 2697 2695
f 2699 2697 2698
f 2700 2697 2699
f 2701 2700 2699
f 2702 2701 2699
f 2703 2701 2702
f 2704 2701 2703
f 2700 2701 2704
f 2705 2700 2704
f 2706 2705 2704
f 2707 2706 2704
f 2708 2706 2707
f 2709 2706 2708
f 2710 2709 2708
f 2711 2710 2708
f 2712 2710 2711
f 2713 2712 2711
f 2714 2712 2713
f 2715 2714 2713
f 2716 2715 2713
f 2717 2715 2716
f 2718 2717 2716
f 2719 2717 2718
f 2720 2719 2718
f 2721 2719 2720
f 2722 2721 2720
f 2723 2721 2722
f 2724 2723 2722
f 2725 2723 2724
f 2726 2725 2724
f 2727 2726 2724
f 2728 2726 2727
f 2729 2726 2728
f 2730 2729 2728
f 2731 2729 2730
f 2732 2731 2730
f 2733 2732 2730
f 2734 2732 2733
f 2735 2732 2734
f 2736 2735 2734
f 2737 2735 2736
f 2738 2737 2736
f 2739 2738 2736
f 2740 2738 2739
f 2741 2738 2740
f 2742 2741 2740
f 2743 2742 2740
f 2744 2742 2743
f 2745 2742 2744
f 2746 2745 2744
f 2747 2746 2744
f 2748 2746 2747
f 2749 2748 2747
f 2750 2746 2748
f 2751 2742 2745
f 2752 2751 2745
f 2753 2751 2752
f 2754 2753 2752
f 2745 2754 2752
f 2755 2754 2745
f 2746 2755 2745
f 2756 2755 2746
f 2757 2755 2756
f 2758 2757 2756
f 2759 2758 2756
f 2760 2759 2756
f 2761 2759 2760
f 2762 2759 2761
f 2763 2762 2761
f 2764 2763 2761
f 2760 2764 2761
f 2765 2764 2760
f 2766 2764 2765
f 2767 2766 2765
f 2768 2767 2765
f 2769 2767 2768
f 2770 2767 2769
f 2771 2770 2769
f 2772 2770 2771
f 2773 2772 2771
f 2774 2772 2773
f 2775 2774 2773
f 2776 2775 2773
f 2777 2776 2773
f 2778 2776 2777
f 2779 2778 2777
f 2780 2779 2777
f 2773 2780 2777
f 2771 2780 2773
f 2781 2778 2779
f 2782 2781 2779
f 2783 2782 2779
f 2784 2782 2783
f 2785 2784 2783
f 2786 2782 2784
f 2787 2786 2784
f 2788 2787 2784
f 2789 2787 2788
f 2790 2789 2788
f 2791 2790 2788
f 2792 2791 2788
f 2793 2791 2792
f 2794 2793 2792
f 2795 2793 2794
f 2796 2793 2795
f 2797 2793 2796
f 2798 2797 2796
f 2799 2797 2798
f 2800 2799 2798
f 2801 2799 2800
f 2802 2801 2800
f 2803 2801 2802
f 2804 2803 2802
f 2805 2803 2804
f 2806 2805 2804
f 2807 2805 2806
f 2808 2805 2807
f 2809 2808 2807
f 2810 2809 2807
f 2811 2809 2810
f 2812 2811 2810
f 2813 2811 2812
f 2814 2813 2812
f 2815 2814 2812
f 2816 2814 2815
f 2817 2816 2815
f 2818 2816 2817
f 2819 2816 2818
f 2820 2819 2818
f 2821 2819 2820
f 2822 2821 2820
f 2823 2821 2822
f 2824 2823 2822
f 2825 2824 2822
f 2826 2824 2825
f 2827 2826 2825
f 2828 2826 2827
f 2829 2826 2828
f 2830 2829 2828
f 2831 2830 2828
f 2832 2831 2828
f 2833 2831 2832
f 2834 2833 2832
f 2835 2833 2834
f 2836 2835 2834
f 2837 2835 2836
f 2838 2837 2836
f 2839 2838 2836
f 2840 2838 2839
f 2841 2840 2839
f 2842 2840 2841
f 2843 2842 2841
f 2844 2842 2843
f 2845 2842 2844
f 2846 2845 2844
f 2847 2846 2844
f 2848 2846 2847
f 2849 2848 2847
f 2850 2848 2849
f 2851 2850 2849
f 2852 2851 2849
f 2853 2851 2852
f 2854 2851 2853
f 2855 2854 2853
f 2856 2855 2853
f 2857 2855 2856
f 2858 2857 2856
f 2859 2857 2858
f 2860 2859 2858
f 2861 2859 2860
f 2862 2859 2861
f 2863 2862 2861
f 2864 2862 2863
f 2865 2864 2863
f 2866 2864 2865
f 2867 2864 2866
f 2868 2864 2867
f 2869 2868 2867
f 2870 2869 2867
f 2871 2869 2870
f 2872 2871 2870
f 2873 2872 2870
f 2874 2873 2870
f 2875 2873 2874
f 2876 2875 2874
f 2877 2875 2876
f 2878 2877 2876
f 2879 2877 2878
f 2880 2879 2878
f 2881 2879 2880
f 2882 2881 2880
f 2883 2881 2882
f 2884 2883 2882
f 2885 2883 2884
f 2886 2885 2884
f 2887 2883 2885
f 2881 2883 2887
f 2888 2881 2887
f 2889 2888 2887
f 2885 2889 2887
f 2890 2889 2885
f 2886 2890 2885
f 2891 2889 2890
f 2892 2889 2891
f 2893 2892 2891
f 2894 2892 2893
f 2895 2894 2893
f 2896 2895 2893
f 2897 2895 2896
f 2898 2895 2897
f 2899 2898 2897
f 2900 2899 2897
f 2901 2899 2900
f 2902 2901 2900
f 2903 2902 2900
f 2904 2902 2903
f 2905 2904 2903
f 2906 2904 2905
f 2907 2904 2906
f 2908 2907 2906
f 2909 2907 2908
f 2910 2909 2908
f 2911 2909 2910
f 2912 2911 2910
f 2913 2911 2912
f 2914 2913 2912
f 2915 2913 2914
f 2916 2915 2914
f 2917 2915 2916
f 2918 2917 2916
f 2919 2918 2916
f 2920 2919 2916
f 2921 2919 2920
f 2922 2919 2921
f 2923 2922 2921
f 2924 2922 2923
f 2925 2924 2923
f 2926 2924 2925
f 2927 2926 2925
f 2928 2927 2925
f 2929 2927 2928
f 2930 2927 2929
f 2931 2930 2929
f 2932 2931 2929
f 2933 2932 2929
f 2934 2932 2933
f 2935 2934 2933
f 2936 2935 2933
f 2937 2935 2936
f 2938 2934 2935
f 2939 2934 2938
f 2940 2939 2938
f 2941 2939 2940
f 2942 2941 2940
f 2943 2942 2940
f 2944 2943 2940
f 2945 2943 2944
f 2946 2943 2945
f 2947 2946 2945
f 2948 2946 2947
f 2949 2946 2948
f 2943 2946 2949
f 2942 2943 2949
f 2950 2942 2949
f 2951 2942 2950
f 2952 2951 2950
f 2953 2951 2952
f 2954 2951 2953
f 2941 2942 2951
f 2954 2941 2951
f 2955 2941 2954
f 2956 2955 2954
f 2957 2955 2956
f 2958 2957 2956
f 2959 2958 2956
f 2960 2959 2956
f 2961 2959 2960
f 2962 2959 2961
f 2963 2962 2961
f 2964 2965 2966
f 2967 2965 2964
f 2968 2965 2967
f 2969 2968 2967
f 2970 2969 2967
f 2971 2969 2970
f 2972 2969 2971
f 2973 2972 2971
f 2974 2975 2973
f 2976 2975 2974
f 2977 2976 2974
f 2978 2977 2974
f 2973 2978 2974
f 2979 2976 2977
f 2980 2979 2977
f 2981 2979 2980
f 2982 2981 2980
f 2983 2981 2982
f 2984 2983 2982
f 2985 2983 2984
f 2986 2985 2984
f 2987 2986 2984
f 2988 2986 2987
f 2989 2988 2987
f 2990 2989 2987
f 2991 2989 2990
f 2992 2986 2988
f 2993 2992 2988
f 2994 2993 2988
f 2995 2994 2988
f 2989 2995 2988
f 2996 2995 2989
f 2991 2996 2989
f 2997 2996 2991
f 2998 2996 2997
f 2999 2998 2997
f 3000 2999 2997
f 3001 2999 3000
f 3002 3001 3000
f 3003 3002 3000
f 2997 3003 3000
f 3004 3001 3002
f 3005 3001 3004
f 3006 3005 3004
f 3007 3001 3005
f 3008 3007 3005
f 3009 3008 3005
f 3010 3007 3008
f 3011 3010 3008
f 3012 3001 3007
f 3010 3012 3007
f 3013 3012 3010
f 3014 3013 3010
f 3015 3014 3010
f 3016 3015 3010
f 3011 3016 3010
f 3017 3016 3011
f 3018 3017 3011
f 3008 3018 3011
f 3019 3017 3018
f 3020 3017 3019
f 3021 3020 3019
f 3022 3020 3021
f 3023 3022 3021
f 3024 3023 3021
f 3025 3023 3024
f 3026 3025 3024
f 3027 3025 3026
f 3028 3025 3027
f 3029 3028 3027
f 3030 3028 3029
f 3031 3030 3029
f 3032 3031 3029
f 3033 3031 3032
f 3034 3033 3032
f 3035 3033 3034
f 3036 3035 3034
f 3037 3035 3036
f 3038 3037 3036
f 3039 3037 3038
f 3040 3039 3038
f 3041 3039 3040
f 3042 3041 3040
f 3043 3041 3042
f 3044 3043 3042
f 3045 3043 3044
f 3046 3045 3044
f 3047 3046 3044
f 3048 3046 3047
f 3049 3046 3048
f 3050 3049 3048
f 3051 3046 3049
f 3052 3051 3049
f 3050 3052 3049
f 3053 3051 3052
f 3054 3053 3052
f 3055 3054 3052
f 3056 3055 3052
f 3050 3056 3052
f 3057 3056 3050
f 3058 3057 3050
f 3059 3057 3058
f 3060 3059 3058
f 3061 3059 3060
f 3062 3061 3060
f 3063 3061 3062
f 3064 3063 3062
f 3065 3063 3064
f 3066 3065 3064
f 3067 3066 3064
f 3068 3065 3066
f 3069 3068 3066
f 3070 3068 3069
f 3071 3070 3069
f 3072 3071 3069
f 3073 3071 3072
f 3074 3073 3072
f 3075 3073 3074
f 3076 3075 3074
f 3077 3076 3074
f 3078 3076 3077
f 3079 3076 3078
f 3080 3079 3078
f 3081 3080 3078
f 3082 3079 3080
f 3083 3082 3080
f 3084 3083 3080
f 3085 3083 3084
f 3086 3083 3085
f 3087 3086 3085
f 3088 3087 3085
f 3089 3087 3088
f 3090 3089 3088
f 3091 3089 3090
f 3092 3091 3090
f 3093 3092 3090
f 3094 3092 3093
f 3095 3092 3094
f 3096 3095 3094
f 3097 3096 3094
f 3098 3097 3094
f 3099 3097 3098
f 3100 3099 3098
f 3101 3100 3098
f 3102 3100 3101
f 3103 3102 3101
f 3104 3102 3103
f 3105 3100 3102
f 3106 3105 3102
f 3104 3106 3102
f 3107 3106 3104
f 3108 3107 3104
f 3109 3108 3104
f 3110 3108 3109
f 3111 3108 3110
f 3112 3111 3110
f 3113 3112 3110
f 3114 3112 3113
f 3115 3114 3113
f 3116 3114 3115
f 3117 3116 3115
f 3118 3116 3117
f 3119 3118 3117
f 3120 3119 3117
f 3121 3119 3120
f 3122 3119 3121
f 3123 3122 3121
f 3124 3123 3121
f 3125 3124 3121
f 3126 3124 3125
f 3127 3126 3125
f 3128 3124 3126
f 3129 3128 3126
f 3130 3128 3129
f 3131 3130 3129
f 3132 3131 3129
f 3133 3131 3132
f 3134 3131 3133
f 3135 3134 3133
f 3136 3135 3133
f 3137 3136 3133
f 3138 3136 3137
f 3139 3138 3137
f 3140 3138 3139
f 3141 3138 3140
f 3142 3138 3141
f 3143 3142 3141
f 3144 3143 3141
f 3145 3144 3141
f 3146 3144 3145
f 3147 3146 3145
f 3148 3147 3145
f 3149 3147 3148
f 3150 3147 3149
f 3151 3150 3149
f 3152 3151 3149
f 3153 3151 3152
f 3154 3153 3152
f 3155 3153 3154
f 3156 3155 3154
f 3157 3155 3156
f 3158 3157 3156
f 3159 3157 3158
f 3160 3159 3158
f 3161 3160 3158
f 3162 3160 3161
f 3163 3160 3162
f 3164 3163 3162
f 3165 3163 3164
f 3166 3163 3165
f 3167 3166 3165
f 3168 3167 3165
f 3164 3168 3165
f 3169 3167 3168
f 3170 3169 3168
f 3171 3170 3168
f 3172 3170 3171
f 3173 3170 3172
f 3169 3170 3173
f 3174 3169 3173
f 3175 3174 3173
f 3176 3175 3173
f 3177 3175 3176
f 3178 3177 3176
f 3179 3178 3176
f 3180 3179 3176
f 3173 3180 3176
f 3172 3180 3173
f 3181 3179 3180
f 3182 3179 3181
f 3183 3179 3182
f 3184 3183 3182
f 3185 3184 3182
f 3186 3184 3185
f 3187 3186 3185
f 3188 3186 3187
f 3189 3188 3187
f 3190 3186 3188
f 3191 3190 3188
f 3192 3190 3191
f 3193 3192 3191
f 3194 3193 3191
f 3195 3192 3193
f 3196 3195 3193
f 3197 3196 3193
f 3198 3197 3193
f 3194 3198 3193
f 3199 3198 3194
f 3191 3199 3194
f 3188 3199 3191
f 3200 3199 3188
f 3189 3200 3188
f 3201 3200 3189
f 3187 3201 3189
f 3202 3200 3201
f 3203 3202 3201
f 3204 3202 3203
f 3205 3204 3203
f 3206 3204 3205
f 3207 3206 3205
f 3208 3206 3207
f 3209 3208 3207
f 3210 3208 3209
f 3211 3210 3209
f 3212 3210 3211
f 3213 3212 3211
f 3214 3206 3208
f 3215 3206 3214
f 3204 3206 3215
f 3216 3204 3215
f 3202 3204 3216
f 3217 3202 3216
f 3218 3217 3216
f 3200 3202 3217
f 3199 3200 3217
f 3218 3199 3217
f 3198 3199 3218
f 3219 3198 3218
f 3220 3198 3219
f 3197 3198 3220
f 3221 3197 3220
f 3222 3221 3220
f 3223 3221 3222
f 3224 3221 3223
f 3225 3224 3223
f 3226 3224 3225
f 3227 3226 3225
f 3228 3226 3227
f 3229 3228 3227
f 3230 3228 3229
f 3231 3228 3230
f 3232 3231 3230
f 3233 3232 3230
f 3234 3232 3233
f 3235 3234 3233
f 3236 3235 3233
f 3237 3235 3236
f 3238 3237 3236
f 3239 3238 3236
f 3240 3239 3236
f 3241 3239 3240
f 3242 3241 3240
f 3243 3241 3242
f 3244 3241 3243
f 3245 3244 3243
f 3239 3241 3244
f 3238 3239 3244
f 3246 3238 3244
f 3247 3246 3244
f 3248 3246 3247
f 3249 3248 3247
f 3250 3249 3247
f 3244 3250 3247
f 3245 3250 3244
f 3251 3250 3245
f 3252 3251 3245
f 3253 3252 3245
f 3254 3252 3253
f 3255 3252 3254
f 3256 3255 3254
f 3257 3256 3254
f 3258 3256 3257
f 3259 3258 3257
f 3260 3258 3259
f 3261 3258 3260
f 3262 3261 3260
f 3263 3262 3260
f 3264 3262 3263
f 3265 3262 3264
f 3266 3265 3264
f 3267 3266 3264
f 3268 3266 3267
f 3269 3266 3268
f 3270 3269 3268
f 3271 3270 3268
f 3272 3270 3271
f 3273 3272 3271
f 3274 3272 3273
f 3275 3272 3274
f 3276 3275 3274
f 3277 3276 3274
f 3278 3276 3277
f 3279 3276 3278
f 3280 3276 3279
f 3281 3280 3279
f 3282 3281 3279
f 3283 3281 3282
f 3284 3281 3283
f 3285 3284 3283
f 3286 3285 3283
f 3287 3285 3286
f 3288 3287 3286
f 3289 3287 3288
f 3290 3289 3288
f 3291 3285 3287
f 3292 3285 3291
f 3293 3292 3291
f 3294 3292 3293
f 3295 3294 3293
f 3296 3295 3293
f 3291 3296 3293
f 3297 3295 3296
f 3298 3297 3296
f 3299 3297 3298
f 3300 3299 3298
f 3301 3300 3298
f 3302 3301 3298
f 3296 3302 3298
f 3303 3301 3302
f 3304 3303 3302
f 3305 3303 3304
f 3306 3305 3304
f 3307 3306 3304
f 3308 3306 3307
f 3309 3308 3307
f 3310 3308 3309
f 3311 3310 3309
f 3312 3310 3311
f 3313 3310 3312
f 3314 3313 3312
f 3315 3313 3314
f 3316 3313 3315
f 3317 3313 3316
f 3318 3317 3316
f 3319 3318 3316
f 3320 3317 3318
f 3321 3320 3318
f 3322 3320 3321
f 3323 3322 3321
f 3324 3322 3323
f 3325 3324 3323
f 3326 3325 3323
f 3327 3326 3323
f 3328 3326 3327
f 3329 3328 3327
f 3330 3328 3329
f 3331 3330 3329
f 3332 3330 3331
f 3333 3332 3331
f 3334 3332 3333
f 3335 3334 3333
f 3336 3335 3333
f 3337 3335 3336
f 3338 3335 3337
f 3339 3338 3337
f 3340 3338 3339
f 3341 3340 3339
f 3342 3340 3341
f 3343 3342 3341
f 3344 3342 3343
f 3345 3344 3343
f 3346 3344 3345
f 3347 3346 3345
f 3348 3346 3347
f 3349 3348 3347
f 3350 3349 3347
f 3351 3349 3350
f 3352 3349 3351
f 3353 3352 3351
f 3354 3352 3353
f 3355 3354 3353
f 3356 3355 3353
f 3357 3356 3353
f 3358 3356 3357
f 3359 3358 3357
f 3360 3358 3359
f 3361 3358 3360
f 3362 3361 3360
f 3363 3362 3360
f 3364 3362 3363
f 3365 3364 3363
f 3366 3364 3365
f 3367 3366 3365
f 3368 3367 3365
f 3369 3368 3365
f 3370 3368 3369
f 3371 3366 3367
f 3372 3366 3371
f 3373 3372 3371
f 3374 3375 3371
f 3376 3375 3374
f 3377 3378 3379
f 3380 3378 3377
f 3381 3380 3377
f 3382 3380 3381
f 3383 3382 3381
f 3384 3382 3383
f 3385 3384 3383
f 3386 3384 3385
f 3387 3386 3385
f 3388 3386 3387
f 3389 3388 3387
f 3390 3389 3387
f 3391 3389 3390
f 3392 3389 3391
f 3393 3392 3391
f 3394 3392 3393
f 3395 3394 3393
f 3396 3395 3393
f 3397 3395 3396
f 3398 3397 3396
f 3399 3397 3398
f 3400 3399 3398
f 3401 3400 3398
f 3402 3400 3401
f 3403 3402 3401
f 3404 3402 3403
f 3405 3402 3404
f 3406 3405 3404
f 3407 3406 3404
f 3408 3405 3406
f 3409 3405 3408
f 3410 3409 3408
f 3411 3409 3410
f 3412 3411 3410
f 3413 3412 3410
f 3414 3412 3413
f 3415 3414 3413
f 3416 3414 3415
f 3417 3416 3415
f 3418 3417 3415
f 3419 3417 3418
f 3420 3419 3418
f 3421 3419 3420
f 3422 3421 3420
f 3423 3422 3420
f 3424 3422 3423
f 3425 3422 3424
f 3426 3425 3424
f 3427 3425 3426
f 3428 3427 3426
f 3429 3428 3426
f 3430 3428 3429
f 3431 3428 3430
f 3432 3428 3431
f 3433 3432 3431
f 3434 3433 3431
f 3435 3433 3434
f 3436 3435 3434
f 3437 3435 3436
f 3438 3437 3436
f 3439 3437 3438
f 3440 3437 3439
f 3441 3437 3440
f 3442 3441 3440
f 3443 3442 3440
f 3444 3442 3443
f 3445 3444 3443
f 3446 3444 3445
f 3447 3446 3445
f 3448 3446 3447
f 3449 3448 3447
f 3450 3448 3449
f 3451 3450 3449
f 3452 3451 3449
f 3453 3450 3451
f 3454 3450 3453
f 3455 3454 3453
f 3456 3454 3455
f 3457 3456 3455
f 3458 3456 3457
f 3459 3458 3457
f 3460 3459 3457
f 3461 3460 3457
f 3462 3461 3457
f 3463 3460 3461
f 3464 3463 3461
f 3465 3463 3464
f 3466 3463 3465
f 3467 3466 3465
f 3468 3467 3465
f 3469 3468 3465
f 3464 3469 3465
f 3470 3469 3464
f 3471 3469 3470
f 3472 3471 3470
f 3473 3471 3472
f 3474 3473 3472
f 3475 3473 3474
f 3476 3475 3474
f 3477 3475 3476
f 3478 3475 3477
f 3479 3473 3475
f 3480 3479 3475
f 3478 3480 3475
f 3481 3480 3478
f 3482 3480 3481
f 3483 3482 3481
f 3484 3482 3483
f 3485 3482 3484
f 3486 3485 3484
f 3487 3485 3486
f 3488 3487 3486
f 3489 3485 3487
f 3490 3489 3487
f 3491 3489 3490
f 3492 3491 3490
f 3493 3491 3492
f 3494 3493 3492
f 3495 3494 3492
f 3496 3494 3495
f 3497 3496 3495
f 3498 3496 3497
f 3499 3498 3497
f 3500 3498 3499
f 3501 3500 3499
f 3502 3501 3499
f 3503 3501 3502
f 3504 3501 3503
f 3505 3504 3503
f 3506 3505 3503
f 3507 3505 3506
f 3508 3507 3506
f 3509 3508 3506
f 3510 3508 3509
f 3511 3510 3509
f 3512 3510 3511
f 3513 3512 3511
f 3514 3513 3511
f 3515 3513 3514
f 3516 3513 3515
f 3517 3516 3515
f 3518 3517 3515
f 3519 3517 3518
f 3520 3519 3518
f 3521 3519 3520
f 3522 3521 3520
f 3523 3521 3522
f 3524 3523 3522
f 3525 3524 3522
f 3526 3524 3525
f 3527 3526 3525
f 3528 3526 3527
f 3529 3526 3528
f 3530 3526 3529
f 3531 3530 3529
f 3532 3531 3529
f 3533 3531 3532
f 3534 3533 3532
f 3535 3534 3532
f 3536 3535 3532
f 3537 3536 3532
f 3538 3536 3537
f 3539 3536 3538
f 3540 3539 3538
f 3541 3540 3538
f 3542 3540 3541
f 3543 3542 3541
f 3544 3542 3543
f 3545 3544 3543
f 3546 3544 3545
f 3547 3546 3545
f 3548 3546 3547
f 3549 3548 3547
f 3550 3548 3549
f 3551 3550 3549
f 3552 3551 3549
f 3553 3551 3552
f 3554 3551 3553
f 3555 3554 3553
f 3556 3554 3555
f 3557 3556 3555
f 3558 3557 3555
f 3559 3557 3558
f 3560 3557 3559
f 3561 3560 3559
f 3562 3561 3559
f 3563 3562 3559
f 3564 3562 3563
f 3565 3564 3563
f 3566 3564 3565
f 3567 3566 3565
f 3568 3564 3566
f 3569 3568 3566
f 3570 3568 3569
f 3571 3570 3569
f 3572 3570 3571
f 3573 3572 3571
f 3574 3572 3573
f 3575 3572 3574
f 3576 3575 3574
f 3577 3576 3574
f 3578 3576 3577
f 3579 3578 3577
f 3580 3579 3577
f 3581 3580 3577
f 3574 3581 3577
f 3582 3581 3574
f 3573 3582 3574
f 3583 3581 3582
f 3584 3583 3582
f 3585 3581 3583
f 3586 3585 3583
f 3587 3585 3586
f 3588 3585 3587
f 3589 3588 3587
f 3590 3588 3589
f 3591 3590 3589
f 3592 3590 3591
f 3593 3592 3591
f 3594 3593 3591
f 3595 3593 3594
f 3596 3593 3595
f 3597 3596 3595
f 3598 3597 3595
f 3599 3597 3598
f 3600 3599 3598
f 3601 3600 3598
f 3602 3600 3601
f 3603 3600 3602
f 3604 3600 3603
f 3605 3604 3603
f 3606 3605 3603
f 3607 3604 3605
f 3608 3607 3605
f 3606 3608 3605
f 3609 3607 3608
f 3610 3609 3608
f 3611 3610 3608
f 3612 3610 3611
f 3613 3612 3611
f 3614 3613 3611
f 3615 3614 3611
f 3616 3614 3615
f 3617 3616 3615
f 3618 3617 3615
f 3611 3618 3615
f 3608 3618 3611
f 3606 3618 3608
f 3619 3618 3606
f 3620 3618 3619
f 3617 3618 3620
f 3621 3617 3620
f 3622 3617 3621
f 3623 3622 3621
f 3624 3623 3621
f 3625 3623 3624
f 3626 3625 3624
f 3627 3625 3626
f 3628 3627 3626
f 3629 3628 3626
f 3630 3628 3629
f 3631 3630 3629
f 3632 3630 3631
f 3633 3632 3631
f 3634 3632 3633
f 3635 3632 3634
f 3636 3635 3634
f 3637 3635 3636
f 3638 3637 3636
f 3639 3638 3636
f 3640 3638 3639
f 3641 3640 3639
f 3642 3640 3641
f 3643 3640 3642
f 3644 3643 3642
f 3645 3644 3642
f 3646 3644 3645
f 3647 3646 3645
f 3648 3646 3647
f 3644 3646 3648
f 3649 3644 3648
f 3650 3649 3648
f 3651 3649 3650
f 3652 3651 3650
f 3653 3651 3652
f 3654 3651 3653
f 3655 3654 3653
f 3656 3655 3653
f 3657 3656 3653
f 3658 3656 3657
f 3659 3656 3658
f 3660 3659 3658
f 3661 3660 3658
f 3662 3660 3661
f 3663 3660 3662
f 3664 3660 3663
f 3665 3664 3663
f 3666 3664 3665
f 3667 3666 3665
f 3668 3667 3665
f 3669 3668 3665
f 3663 3669 3665
f 3670 3668 3669
f 3671 3670 3669
f 3672 3668 3670
f 3673 3672 3670
f 3671 3673 3670
f 3674 3673 3671
f 3675 3673 3674
f 3676 3675 3674
f 3677 3676 3674
f 3678 3677 3674
f 3679 3677 3678
f 3680 3679 3678
f 3681 3679 3680
f 3682 3681 3680
f 3683 3681 3682
f 3684 3683 3682
f 3685 3683 3684
f 3686 3685 3684
f 3687 3685 3686
f 3688 3687 3686
f 3689 3688 3686
f 3690 3688 3689
f 3691 3690 3689
f 3692 3691 3689
f 3693 3691 3692
f 3694 3688 3690
f 3695 3694 3690
f 3696 3694 3695
f 3697 3696 3695
f 3698 3697 3695
f 3699 3697 3698
f 3700 3699 3698
f 3701 3699 3700
f 3702 3701 3700
f 3703 3702 3700
f 3704 3701 3702
f 3705 3704 3702
f 3706 3705 3702
f 3707 3705 3706
f 3708 3707 3706
f 3709 3708 3706
f 3710 3708 3709
f 3711 3710 3709
f 3712 3711 3709
f 3713 3711 3712
f 3714 3711 3713
f 3715 3714 3713
f 3716 3715 3713
f 3717 3715 3716
f 3718 3714 3715
f 3719 3718 3715
f 3720 3719 3715
f 3717 3720 3715
f 3721 3720 3717
f 3722 3720 3721
f 3723 3722 3721
f 3724 3722 3723
f 3725 3722 3724
f 3726 3725 3724
f 3727 3726 3724
f 3728 3726 3727
f 3729 3728 3727
f 3730 3729 3727
f 3731 3729 3730
f 3732 3731 3730
f 3733 3732 3730
f 3734 3732 3733
f 3735 3732 3734
f 3736 3735 3734
f 3737 3735 3736
f 3738 3737 3736
f 3739 3738 3736
f 3740 3737 3738
f 3741 3740 3738
f 3742 3740 3741
f 3743 3742 3741
f 3744 3742 3743
f 3745 3744 3743
f 3746 3745 3743
f 3747 3745 3746
f 3748 3747 3746
f 3749 3748 3746
f 3750 3748 3749
f 3751 3748 3750
f 3747 3748 3751
f 3752 3747 3751
f 3753 3752 3751
f 3754 3753 3751
f 3755 3754 3751
f 3750 3755 3751
f 3756 3754 3755
f 3757 3754 3756
f 3758 3754 3757
f 3759 3758 3757
f 3760 3759 3757
f 3761 3762 3763
f 3764 3762 3761
f 3765 3762 3764
f 3766 3765 3764
f 3767 3766 3764
f 3768 3767 3764
f 3769 3767 3768
f 3770 3767 3769
f 3771 3770 3769
f 3772 3770 3771
f 3773 3772 3771
f 3774 3773 3771
f 3775 3773 3774
f 3776 3775 3774
f 3777 3775 3776
f 3778 3777 3776
f 3779 3778 3776
f 3780 3779 3776
f 3781 3779 3780
f 3782 3779 3781
f 3783 3782 3781
f 3784 3782 3783
f 3785 3784 3783
f 3786 3784 3785
f 3787 3786 3785
f 3788 3787 3785
f 3789 3787 3788
f 3790 3789 3788
f 3791 3790 3788
f 3792 3790 3791
f 3793 3792 3791
f 3794 3792 3793
f 3795 3794 3793
f 3796 3795 3793
f 3797 3796 3793
f 3798 3796 3797
f 3799 3798 3797
f 3800 3798 3799
f 3801 3800 3799
f 3802 3801 3799
f 3803 3801 3802
f 3804 3803 3802
f 3805 3801 3803
f 3806 3805 3803
f 3807 3805 3806
f 3808 3807 3806
f 3809 3807 3808
f 3810 3809 3808
f 3811 3809 3810
f 3812 3811 3810
f 3813 3812 3810
f 3814 3812 3813
f 3815 3814 3813
f 3816 3814 3815
f 3817 3814 3816
f 3818 3817 3816
f 3819 3818 3816
f 3820 3818 3819
f 3821 3820 3819
f 3822 3820 3821
f 3823 3820 3822
f 3824 3823 3822
f 3825 3824 3822
f 3826 3824 3825
f 3827 3824 3826
f 3828 3827 3826
f 3829 3827 3828
f 3830 3829 3828
f 3831 3830 3828
f 3832 3830 3831
f 3833 3830 3832
f 3834 3829 3830
f 3835 3834 3830
f 3836 3835 3830
f 3837 3835 3836
f 3838 3837 3836
f 3839 3838 3836
f 3840 3839 3836
f 3841 3839 3840
f 3842 3841 3840
f 3843 3842 3840
f 3844 3842 3843
f 3845 3844 3843
f 3846 3844 3845
f 3847 3846 3845
f 3848 3844 3846
f 3849 3848 3846
f 3850 3848 3849
f 3851 3850 3849
f 3852 3850 3851
f 3853 3852 3851
f 3854 3852 3853
f 3855 3852 3854
f 3856 3855 3854
f 3857 3856 3854
f 3858 3857 3854
f 3859 3858 3854
f 3860 3857 3858
f 3861 3857 3860
f 3862 3861 3860
f 3856 3857 3861
f 3863 3856 3861
f 3864 3856 3863
f 3865 3864 3863
f 3866 3864 3865
f 3867 3866 3865
f 3868 3867 3865
f 3869 3868 3865
f 3863 3869 3865
f 3870 3868 3869
f 3871 3870 3869
f 3872 3871 3869
f 3873 3871 3872
f 3874 3871 3873
f 3875 3874 3873
f 3876 3875 3873
f 3877 3875 3876
f 3878 3877 3876
f 3879 3877 3878
f 3880 3879 3878
f 3881 3879 3880
f 3882 3881 3880
f 3883 3882 3880
f 3884 3882 3883
f 3885 3882 3884
f 3886 3885 3884
f 3887 3886 3884
f 3888 3886 3887
f 3889 3888 3887
f 3890 3888 3889
f 3891 3890 3889
f 3892 3888 3890
f 3893 3892 3890
f 3894 3893 3890
f 3895 3894 3890
f 3896 3893 3894
f 3897 3896 3894
f 3898 3897 3894
f 3895 3898 3894
f 3899 3897 3898
f 3900 3897 3899
f 3901 3900 3899
f 3902 3900 3901
f 3903 3902 3901
f 3904 3902 3903
f 3905 3904 3903
f 3906 3905 3903
f 3907 3905 3906
f 3908 3907 3906
f 3909 3907 3908
f 3910 3909 3908
f 3911 3910 3908
f 3912 3910 3911
f 3913 3912 3911
f 3914 3912 3913
f 3915 3914 3913
f 3916 3914 3915
f 3917 3916 3915
f 3918 3916 3917
f 3919 3918 3917
f 3920 3918 3919
f 3921 3920 3919
f 3922 3920 3921
f 3923 3920 3922
f 3924 3923 3922
f 3925 3924 3922
f 3926 3924 3925
f 3927 3926 3925
f 3928 3926 3927
f 3929 3928 3927
f 3930 3928 3929
f 3931 3930 3929
f 3932 3931 3929
f 3933 3931 3932
f 3934 3933 3932
f 3935 3933 3934
f 3936 3935 3934
f 3937 3936 3934
f 3938 3936 3937
f 3939 3936 3938
f 3940 3939 3938
f 3941 3940 3938
f 3942 3941 3938
f 3943 3941 3942
f 3944 3941 3943
f 3945 3944 3943
f 3946 3945 3943
f 3947 3945 3946
f 3948 3945 3947
f 3949 3948 3947
f 3950 3949 3947
f 3951 3949 3950
f 3952 3951 3950
f 3953 3952 3950
f 3954 3952 3953
f 3955 3954 3953
f 3956 3955 3953
f 3957 3956 3953
f 3958 3955 3956
f 3959 3955 3958
f 3960 3955 3959
f 3961 3960 3959
f 3960 3954 3955
f 3962 3954 3960
f 3961 3962 3960
f 3963 3954 3962
f 3952 3954 3963
f 3964 3952 3963
f 3965 3964 3963
f 3966 3964 3965
f 3967 3964 3966
f 3968 3967 3966
f 3969 3967 3968
f 3970 3969 3968
f 3971 3969 3970
f 3972 3971 3970
f 3973 3972 3970
f 3974 3972 3973
f 3975 3974 3973
f 3976 3975 3973
f 3977 3976 3973
f 3978 3976 3977
f 3979 3978 3977
f 3980 3978 3979
f 3981 3978 3980
f 3982 3981 3980
f 3983 3982 3980
f 3984 3982 3983
f 3985 3984 3983
f 3986 3984 3985
f 3987 3984 3986
f 3988 3987 3986
f 3989 3988 3986
f 3990 3988 3989
f 3991 3990 3989
f 3992 3990 3991
f 3993 3990 3992
f 3994 3993 3992
f 3995 3994 3992
f 3996 3995 3992
f 3997 3995 3996
f 3998 3997 3996
f 3999 3997 3998
f 4000 3999 3998
f 4001 4000 3998
f 4002 3997 3999
f 4003 4002 3999
f 4004 4003 3999
f 4005 3997 4002
f 4006 4005 4002
f 4003 4006 4002
f 4007 4006 4003
f 4008 4007 4003
f 4004 4008 4003
f 4009 4007 4008
f 4010 4009 4008
f 4011 4009 4010
f 4012 4011 4010
f 4013 4011 4012
f 4014 4013 4012
f 4015 4013 4014
f 4016 4013 4015
f 4017 4016 4015
f 4018 4017 4015
f 4019 4018 4015
f 4020 4018 4019
f 4021 4018 4020
f 4022 4021 4020
f 4023 4021 4022
f 4024 4023 4022
f 4025 4024 4022
f 4026 4024 4025
f 4027 4026 4025
f 4028 4026 4027
f 4029 4028 4027
f 4030 4028 4029
f 4031 4030 4029
f 4032 4031 4029
f 4033 4031 4032
f 4034 4031 4033
f 4035 4034 4033
f 4036 4034 4035
f 4037 4036 4035
f 4038 4036 4037
f 4039 4038 4037
f 4040 4038 4039
f 4041 4040 4039
f 4042 4041 4039
f 4043 4041 4042
f 4044 4043 4042
f 4045 4044 4042
f 4046 4044 4045
f 4047 4044 4046
f 4048 4047 4046
f 4049 4047 4048
f 4050 4049 4048
f 4051 4049 4050
f 4052 4051 4050
f 4053 4052 4050
f 4054 4052 4053
f 4055 4054 4053
f 4056 4054 4055
f 4057 4056 4055
f 4058 4056 4057
f 4059 4056 4058
f 4060 4059 4058
f 4061 4060 4058
f 4062 4060 4061
f 4063 4062 4061
f 4064 4063 4061
f 4065 4062 4063
f 4066 4062 4065
f 4067 4066 4065
f 4068 4067 4065
f 4069 4068 4065
f 4070 4068 4069
f 4071 4070 4069
f 4072 4068 4070
f 4073 4072 4070
f 4074 4073 4070
f 4071 4074 4070
f 4075 4073 4074
f 4076 4075 4074
f 4077 4075 4076
f 4078 4075 4077
f 4079 4078 4077
f 4080 4079 4077
f 4081 4079 4080
f 4082 4081 4080
f 4083 4082 4080
f 4084 4082 4083
f 4085 4081 4082
f 4086 4085 4082
f 4087 4085 4086
f 4088 4085 4087
f 4089 4088 4087
f 4090 4088 4089
f 4091 4088 4090
f 4092 4091 4090
f 4093 4092 4090
f 4094 4092 4093
f 4095 4094 4093
f 4096 4095 4093
f 4097 4096 4093
f 4098 4096 4097
f 4099 4098 4097
f 4100 4098 4099
f 4101 4100 4099
f 4102 4100 4101
f 4103 4102 4101
f 4104 4102 4103
f 4105 4104 4103
f 4106 4104 4105
f 4107 4106 4105
f 4108 4106 4107
f 4109 4108 4107
f 4110 4108 4109
f 4111 4110 4109
f 4112 4110 4111
f 4113 4110 4112
f 4114 4113 4112
f 4115 4114 4112
f 4116 4115 4112
f 4117 4115 4116
f 4118 4115 4117
f 4114 4115 4118
f 4119 4114 4118
f 4120 4119 4118
f 4121 4120 4118
f 4122 4119 4120
f 4123 4122 4120
f 4124 4122 4123
f 4125 4124 4123
f 4126 4124 4125
f 4127 4126 4125
f 4128 4127 4125
f 4129 4127 4128
f 4130 4129 4128
f 4131 4130 4128
f 4132 4130 4131
f 4133 4132 4131
f 4134 4133 4131
f 4135 4134 4131
f 4136 4133 4134
f 4137 4133 4136
f 4138 4137 4136
f 4139 4138 4136
f 4140 4138 4139
f 4141 4137 4138
f 4142 4141 4138
f 4143 4142 4138
f 4140 4143 4138
f 4144 4143 4140
f 4139 4144 4140
f 4145 4143 4144
f 4146 4143 4145
f 4147 4146 4145
f 4148 4147 4145
f 4149 4147 4148
f 4150 4149 4148
f 4151 4150 4148
f 4152 4150 4151
f 4153 4152 4151
f 4154 4152 4153
f 4155 4154 4153
f 4156 4155 4153
f 4157 4156 4153
f 4158 4157 4153
f 4159 4157 4158
f 4160 4157 4159
f 4161 4160 4159
f 4158 4161 4159
f 4162 4161 4158
f 4163 4161 4162
f 4164 4163 4162
f 4165 4163 4164
f 4166 4165 4164
f 4167 4166 4164
f 4168 4167 4164
f 4169 4167 4168
f 4170 4167 4169
f 4171 4170 4169
f 4172 4171 4169
f 4173 4171 4172
f 4174 4173 4172
f 4175 4173 4174
f 4176 4175 4174
f 4177 4175 4176
f 4178 4177 4176
f 4179 4178 4176
f 4180 4177 4178
f 4181 4180 4178
f 4182 4181 4178
f 4183 4181 4182
f 4184 4183 4182
f 4185 4181 4183
f 4186 4185 4183
f 4187 4186 4183
f 4188 4189 4190
f 4191 4189 4188
f 4192 4191 4188
f 4193 4191 4192
f 4194 4193 4192
f 4195 4193 4194
f 4193 4196 4191
f 4195 4196 4193
f 4197 4196 4195
f 4198 4197 4195
f 4199 4197 4198
f 4200 4199 4198
f 4201 4202 4200
f 4203 4202 4201
f 4204 4203 4201
f 4205 4203 4204
f 4206 4205 4204
f 4207 4206 4204
f 4208 4206 4207
f 4209 4208 4207
f 4210 4211 4212
f 4213 4211 4210
f 4214 4213 4210
f 4215 4213 4214
f 4216 4215 4214
f 4217 4216 4214
f 4218 4216 4217
f 4219 4218 4217
f 4220 4218 4219
f 4221 4220 4219
f 4222 4221 4219
f 4223 4221 4222
f 4224 4223 4222
f 4225 4223 4224
f 4226 4225 4224
f 4227 4226 4224
f 4228 4226 4227
f 4229 4228 4227
f 4230 4225 4226
f 4231 4230 4226
f 4232 4231 4226
f 4228 4232 4226
f 4229 4232 4228
f 4233 4231 4232
f 4234 4233 4232
f 4235 4234 4232
f 4236 4235 4232
f 4237 4238 4239
f 4240 4238 4237
f 4241 4240 4237
f 4242 4240 4241
f 4243 4240 4242
f 4244 4243 4242
f 4245 4246 4247
f 4248 4245 4247
f 4249 4245 4248
f 4250 4249 4248
f 4251 4250 4248
f 4247 4251 4248
f 4252 4250 4251
f 4253 4252 4251
f 4254 4253 4251
f 4255 4253 4254
f 4256 4255 4254
f 4257 4255 4256
f 4258 4257 4256
f 4259 4258 4256
f 4260 4258 4259
f 4261 4258 4260
f 4262 4255 4257
f 4263 4255 4262
f 4264 4263 4262
f 4265 4263 4264
f 4266 4263 4265
f 4267 4266 4265
f 4268 4267 4265
f 4269 4267 4268
f 4270 4269 4268
f 4271 4270 4268
f 4272 4271 4268
f 4273 4271 4272
f 4274 4273 4272
f 4275 4274 4272
f 4276 4275 4272
f 4277 4273 4274
f 4278 4273 4277
f 4279 4278 4277
f 4280 4273 4278
f 4281 4280 4278
f 4271 4273 4280
f 4270 4271 4280
f 4281 4270 4280
f 4282 4270 4281
f 4269 4270 4282
f 4283 4267 4269
f 4284 4267 4283
f 4285 4284 4283
f 4286 4284 4285
f 4287 4284 4286
f 4288 4287 4286
f 4289 4288 4286
f 4290 4288 4289
f 4291 4290 4289
f 4292 4290 4291
f 4293 4292 4291
f 4294 4293 4291
f 4295 4293 4294
f 4296 4295 4294
f 4297 4295 4296
f 4298 4297 4296
f 4299 4298 4296
f 4300 4299 4296
f 4301 4300 4296
f 4302 4300 4301
f 4303 4300 4302
f 4304 4303 4302
f 4305 4303 4304
f 4306 4303 4305
f 4299 4300 4303
f 4306 4299 4303
f 4307 4299 4306
f 4308 4307 4306
f 4309 4308 4306
f 4310 4308 4309
f 4311 4310 4309
f 4312 4310 4311
f 4313 4312 4311
f 4314 4313 4311
f 4315 4313 4314
f 4316 4315 4314
f 4317 4315 4316
f 4318 4317 4316
f 4319 4317 4318
f 4320 4319 4318
f 4321 4320 4318
f 4322 4320 4321
f 4323 4322 4321
f 4324 4323 4321
f 4325 4323 4324
f 4326 4323 4325
f 4327 4326 4325
f 4328 4326 4327
f 4329 4328 4327
f 4330 4328 4329
f 4331 4330 4329
f 4332 4330 4331
f 4333 4332 4331
f 4334 4333 4331
f 4335 4334 4331
f 4336 4332 4333
f 4337 4332 4336
f 4338 4337 4336
f 4339 4338 4336
f 4340 4338 4339
f 4341 4340 4339
f 4342 4341 4339
f 4343 4340 4341
f 4344 4340 4343
f 4345 4340 4344
f 4346 4345 4344
f 4347 4346 4344
f 4348 4345 4346
f 4349 4345 4348
f 4350 4349 4348
f 4351 4350 4348
f 4352 4350 4351
f 4353 4352 4351
f 4354 4353 4351
f 4355 4354 4351
f 4356 4354 4355
f 4357 4356 4355
f 4358 4357 4355
f 4359 4358 4355
f 4360 4358 4359
f 4361 4360 4359
f 4362 4360 4361
f 4363 4362 4361
f 4364 4363 4361
f 4365 4364 4361
f 4366 4365 4361
f 4359 4366 4361
f 4367 4366 4359
f 4368 4364 4365
f 4369 4368 4365
f 4370 4368 4369
f 4371 4370 4369
f 4372 4370 4371
f 4373 4372 4371
f 4374 4372 4373
f 4375 4374 4373
f 4376 4374 4375
f 4377 4376 4375
f 4378 4376 4377
f 4379 4378 4377
f 4380 4376 4378
f 4381 4380 4378
f 4382 4380 4381
f 4383 4380 4382
f 4376 4380 4383
f 4374 4376 4383
f 4384 4372 4374
f 4385 4384 4374
f 4383 4385 4374
f 4386 4384 4385
f 4387 4386 4385
f 4388 4387 4385
f 4389 4387 4388
f 4390 4387 4389
f 4391 4390 4389
f 4392 4390 4391
f 4393 4392 4391
f 4394 4393 4391
f 4395 4393 4394
f 4396 4393 4395
f 4397 4396 4395
f 4398 4396 4397
f 4399 4398 4397
f 4400 4399 4397
f 4401 4399 4400
f 4402 4399 4401
f 4403 4402 4401
f 4404 4402 4403
f 4405 4404 4403
f 4406 4405 4403
f 4407 4406 4403
f 4408 4406 4407
f 4409 4408 4407
f 4410 4408 4409
f 4411 4410 4409
f 4412 4410 4411
f 4413 4410 4412
f 4414 4413 4412
f 4415 4413 4414
f 4416 4415 4414
f 4417 4416 4414
f 4418 4416 4417
f 4419 4416 4418
f 4420 4419 4418
f 4421 4420 4418
f 4422 4421 4418
f 4417 4422 4418
f 4423 4421 4422
f 4424 4423 4422
f 4425 4423 4424
f 4426 4425 4424
f 4427 4426 4424
f 4428 4426 4427
f 4429 4426 4428
f 4430 4429 4428
f 4431 4429 4430
f 4432 4429 4431
f 4433 4432 4431
f 4434 4432 4433
f 4435 4432 4434
f 4436 4435 4434
f 4437 4436 4434
f 4438 4437 4434
f 4439 4437 4438
f 4440 4439 4438
f 4441 4440 4438
f 4442 4440 4441
f 4443 4440 4442
f 4444 4440 4443
f 4445 4444 4443
f 4446 4445 4443
f 4442 4446 4443
f 4447 4445 4446
f 4448 4447 4446
f 4449 4448 4446
f 4450 4448 4449
f 4451 4450 4449
f 4452 4450 4451
f 4453 4452 4451
f 4454 4452 4453
f 4455 4454 4453
f 4456 4454 4455
f 4457 4456 4455
f 4458 4456 4457
f 4459 4458 4457
f 4460 4458 4459
f 4461 4460 4459
f 4462 4460 4461
f 4463 4462 4461
f 4464 4462 4463
f 4465 4464 4463
f 4466 4464 4465
f 4467 4466 4465
f 4468 4467 4465
f 4469 4467 4468
f 4470 4469 4468
f 4471 4469 4470
f 4472 4471 4470
f 4473 4472 4470
f 4474 4472 4473
f 4475 4472 4474
f 4476 4472 4475
f 4477 4471 4472
f 4476 4477 4472
f 4478 4471 4477
f 4479 4478 4477
f 4480 4478 4479
f 4481 4480 4479
f 4482 4481 4479
f 4483 4481 4482
f 4484 4483 4482
f 4485 4483 4484
f 4486 4485 4484
f 4487 4486 4484
f 4488 4486 4487
f 4489 4488 4487
f 4490 4489 4487
f 4491 4489 4490
f 4492 4491 4490
f 4493 4491 4492
f 4494 4493 4492
f 4495 4493 4494
f 4496 4495 4494
f 4497 4493 4495
f 4498 4497 4495
f 4496 4498 4495
f 4499 4498 4496
f 4500 4499 4496
f 4501 4500 4496
f 4502 4500 4501
f 4503 4502 4501
f 4504 4503 4501
f 4505 4503 4504
f 4506 4505 4504
f 4507 4505 4506
f 4508 4505 4507
f 4509 4508 4507
f 4510 4509 4507
f 4506 4510 4507
f 4511 4509 4510
f 4512 4511 4510
f 4513 4511 4512
f 4514 4513 4512
f 4515 4513 4514
f 4516 4513 4515
f 4517 4516 4515
f 4518 4517 4515
f 4519 4517 4518
f 4520 4519 4518
f 4521 4519 4520
f 4522 4521 4520
f 4523 4522 4520
f 4524 4523 4520
f 4525 4523 4524
f 4526 4523 4525
f 4527 4526 4525
f 4528 4526 4527
f 4529 4528 4527
f 4530 4528 4529
f 4531 4526 4528
f 4532 4526 4531
f 4533 4532 4531
f 4534 4533 4531
f 4535 4534 4531
f 4536 4535 4531
f 4528 4536 4531
f 4530 4536 4528
f 4537 4536 4530
f 4538 4537 4530
f 4539 4537 4538
f 4540 4537 4539
f 4541 4540 4539
f 4542 4540 4541
f 4543 4542 4541
f 4544 4543 4541
f 4545 4543 4544
f 4546 4545 4544
f 4547 4545 4546
f 4548 4547 4546
f 4549 4547 4548
f 4550 4549 4548
f 4551 4549 4550
f 4552 4551 4550
f 4553 4551 4552
f 4554 4553 4552
f 4555 4554 4552
f 4556 4554 4555
f 4557 4554 4556
f 4558 4557 4556
f 4559 4558 4556
f 4560 4559 4556
f 4555 4560 4556
f 4561 4559 4560
f 4562 4561 4560
f 4563 4561 4562
f 4564 4563 4562
f 4565 4563 4564
f 4566 4565 4564
f 4567 4566 4564
f 4568 4567 4564
f 4562 4568 4564
f 4569 4568 4562
f 4560 4569 4562
f 4570 4567 4568
f 4571 4567 4570
f 4572 4571 4570
f 4573 4571 4572
f 4574 4573 4572
f 4575 4573 4574
f 4576 4575 4574
f 4577 4575 4576
f 4578 4577 4576
f 4574 4578 4576
f 4579 4577 4578
f 4580 4579 4578
f 4581 4580 4578
f 4582 4577 4579
f 4583 4577 4582
f 4584 4583 4582
f 4585 4584 4582
f 4586 4585 4582
f 4587 4585 4586
f 4588 4585 4587
f 4589 4588 4587
f 4590 4588 4589
f 4591 4590 4589
f 4592 4591 4589
f 4593 4591 4592
f 4594 4591 4593
f 4595 4591 4594
f 4596 4591 4595
f 4597 4596 4595
f 4598 4597 4595
f 4599 4598 4595
f 4600 4598 4599
f 4601 4600 4599
f 4602 4601 4599
f 4603 4602 4599
f 4595 4603 4599
f 4594 4603 4595
f 4604 4600 4601
f 4605 4600 4604
f 4606 4605 4604
f 4607 4606 4604
f 4608 4606 4607
f 4609 4608 4607
f 4610 4609 4607
f 4611 4609 4610
f 4612 4611 4610
f 4613 4611 4612
f 4614 4611 4613
f 4615 4614 4613
f 4616 4615 4613
f 4617 4615 4616
f 4618 4617 4616
f 4619 4617 4618
f 4620 4619 4618
f 4621 4620 4618
f 4622 4620 4621
f 4623 4622 4621
f 4624 4622 4623
f 4625 4624 4623
f 4626 4624 4625
f 4627 4626 4625
f 4628 4627 4625
f 4629 4627 4628
f 4630 4627 4629
f 4631 4630 4629
f 4632 4631 4629
f 4633 4631 4632
f 4634 4633 4632
f 4635 4633 4634
f 4636 4635 4634
f 4637 4636 4634
f 4638 4636 4637
f 4639 4638 4637
f 4640 4638 4639
f 4641 4640 4639
f 4642 4638 4640
f 4643 4642 4640
f 4644 4643 4640
f 4641 4644 4640
f 4645 4644 4641
f 4646 4644 4645
f 4647 4644 4646
f 4643 4644 4647
f 4648 4643 4647
f 4649 4648 4647
f 4650 4649 4647
f 4651 4649 4650
f 4652 4651 4650
f 4653 4651 4652
f 4654 4653 4652
f 4655 4653 4654
f 4656 4653 4655
f 4657 4656 4655
f 4658 4656 4657
f 4659 4658 4657
f 4660 4658 4659
f 4661 4660 4659
f 4662 4660 4661
f 4663 4662 4661
f 4664 4665 4666
f 4667 4665 4664
f 4668 4667 4664
f 4669 4667 4668
f 4670 4669 4668
f 4671 4669 4670
f 4672 4671 4670
f 4673 4672 4670
f 4674 4672 4673
f 4675 4674 4673
f 4676 4674 4675
f 4677 4676 4675
f 4678 4674 4676
f 4679 4674 4678
f 4680 4679 4678
f 4681 4679 4680
f 4682 4681 4680
f 4683 4682 4680
f 4684 4683 4680
f 4685 4683 4684
f 4686 4683 4685
f 4687 4686 4685
f 4688 4686 4687
f 4689 4688 4687
f 4690 4688 4689
f 4691 4690 4689
f 4692 4690 4691
f 4693 4692 4691
f 4694 4693 4691
f 4695 4693 4694
f 4696 4695 4694
f 4697 4695 4696
f 4698 4697 4696
f 4699 4698 4696
f 4700 4698 4699
f 4701 4698 4700
f 4702 4701 4700
f 4703 4701 4702
f 4704 4703 4702
f 4705 4703 4704
f 4706 4705 4704
f 4707 4706 4704
f 4708 4706 4707
f 4709 4706 4708
f 4710 4709 4708
f 4711 4710 4708
f 4707 4711 4708
f 4712 4711 4707
f 4713 4711 4712
f 4714 4711 4713
f 4715 4714 4713
f 4716 4714 4715
f 4717 4716 4715
f 4718 4717 4715
f 4719 4717 4718
f 4720 4717 4719
f 4721 4720 4719
f 4722 4721 4719
f 4723 4720 4721
f 4724 4723 4721
f 4725 4723 4724
f 4726 4725 4724
f 4727 4725 4726
f 4728 4725 4727
f 4729 4725 4728
f 4730 4729 4728
f 4731 4730 4728
f 4732 4731 4728
f 4733 4731 4732
f 4734 4733 4732
f 4735 4733 4734
f 4736 4735 4734
f 4737 4736 4734
f 4738 4733 4735
f 4739 4738 4735
f 4740 4739 4735
f 4741 4740 4735
f 4736 4741 4735
f 4742 4740 4741
f 4743 4740 4742
f 4744 4743 4742
f 4745 4744 4742
f 4746 4744 4745
f 4747 4744 4746
f 4748 4747 4746
f 4749 4747 4748
f 4750 4749 4748
f 4751 4750 4748
f 4752 4751 4748
f 4753 4752 4748
f 4754 4752 4753
f 4755 4752 4754
f 4756 4755 4754
f 4757 4755 4756
f 4758 4757 4756
f 4759 4757 4758
f 4760 4757 4759
f 4761 4760 4759
f 4762 4761 4759
f 4763 4761 4762
f 4764 4763 4762
f 4765 4763 4764
f 4766 4765 4764
f 4767 4765 4766
f 4768 4767 4766
f 4769 4767 4768
f 4770 4769 4768
f 4771 4769 4770
f 4772 4771 4770
f 4773 4772 4770
f 4774 4772 4773
f 4775 4772 4774
f 4776 4775 4774
f 4777 4775 4776
f 4778 4777 4776
f 4779 4778 4776
f 4780 4778 4779
f 4781 4778 4780
f 4782 4781 4780
f 4783 4781 4782
f 4784 4783 4782
f 4785 4784 4782
f 4786 4784 4785
f 4787 4786 4785
f 4788 4786 4787
f 4789 4788 4787
f 4790 4789 4787
f 4791 4790 4787
f 4792 4790 4791
f 4793 4792 4791
f 4794 4793 4791
f 4795 4790 4792
f 4796 4795 4792
f 4797 4795 4796
f 4798 4797 4796
f 4799 4798 4796
f 4800 4797 4798
f 4801 4800 4798
f 4802 4800 4801
f 4803 4802 4801
f 4804 4802 4803
f 4805 4804 4803
f 4806 4805 4803
f 4807 4806 4803
f 4808 4806 4807
f 4809 4808 4807
f 4810 4808 4809
f 4811 4810 4809
f 4812 4810 4811
f 4813 4812 4811
f 4814 4812 4813
f 4815 4814 4813
f 4816 4815 4813
f 4817 4814 4815
f 4818 4814 4817
f 4819 4814 4818
f 4820 4819 4818
f 4821 4820 4818
f 4822 4819 4820
f 4823 4822 4820
f 4821 4823 4820
f 4824 4823 4821
f 4825 4823 4824
f 4826 4825 4824
f 4827 4825 4826
f 4828 4827 4826
f 4829 4828 4826
f 4830 4828 4829
f 4831 4828 4830
f 4832 4831 4830
f 4833 4831 4832
f 4834 4831 4833
f 4835 4834 4833
f 4836 4835 4833
f 4837 4835 4836
f 4838 4837 4836
f 4839 4837 4838
f 4840 4837 4839
f 4841 4837 4840
f 4842 4841 4840
f 4843 4842 4840
f 4844 4842 4843
f 4845 4844 4843
f 4846 4845 4843
f 4847 4845 4846
f 4848 4847 4846
f 4849 4847 4848
f 4850 4849 4848
f 4851 4849 4850
f 4852 4849 4851
f 4853 4852 4851
f 4854 4852 4853
f 4855 4854 4853
f 4856 4854 4855
f 4857 4856 4855
f 4858 4857 4855
f 4859 4857 4858
f 4860 4859 4858
f 4861 4860 4858
f 4862 4861 4858
f 4863 4861 4862
f 4864 4861 4863
f 4865 4864 4863
f 4866 4865 4863
f 4867 4865 4866
f 4868 4867 4866
f 4869 4867 4868
f 4870 4869 4868
f 4871 4870 4868
f 4872 4870 4871
f 4873 4872 4871
f 4874 4873 4871
f 4875 4873 4874
f 4876 4873 4875
f 4877 4876 4875
f 4878 4877 4875
f 4874 4878 4875
f 4879 4877 4878
f 4880 4877 4879
f 4881 4880 4879
f 4882 4881 4879
f 4883 4881 4882
f 4884 4883 4882
f 4885 4884 4882
f 4886 4885 4882
f 4887 4885 4886
f 4888 4887 4886
f 4889 4888 4886
f 4890 4887 4888
f 4891 4890 4888
f 4892 4890 4891
f 4893 4890 4892
f 4894 4893 4892
f 4895 4894 4892
f 4896 4894 4895
f 4897 4896 4895
f 4898 4896 4897
f 4899 4896 4898
f 4900 4899 4898
f 4901 4900 4898
f 4902 4900 4901
f 4903 4900 4902
f 4904 4903 4902
f 4905 4900 4903
f 4906 4905 4903
f 4907 4905 4906
f 4908 4907 4906
f 4909 4907 4908
f 4910 4909 4908
f 4911 4909 4910
f 4912 4911 4910
f 4899 4900 4905
f 4907 4899 4905
f 4909 4899 4907
f 4896 4899 4909
f 4894 4896 4909
f 4911 4894 4909
f 4893 4894 4911
f 4912 4893 4911
f 4887 4890 4893
f 4912 4887 4893
f 4885 4887 4912
f 4884 4885 4912
f 4910 4884 4912
f 4913 4884 4910
f 4883 4884 4913
f 4914 4881 4883
f 4915 4881 4914
f 4880 4881 4915
f 4916 4877 4880
f 4876 4877 4916
f 4917 4876 4916
f 4918 4917 4916
f 4919 4917 4918
f 4920 4919 4918
f 4921 4920 4918
f 4922 4920 4921
f 4923 4922 4921
f 4924 4922 4923
f 4925 4924 4923
f 4926 4925 4923
f 4927 4925 4926
f 4928 4927 4926
f 4929 4927 4928
f 4930 4929 4928
f 4931 4929 4930
f 4932 4929 4931
f 4933 4932 4931
f 4934 4932 4933
f 4935 4934 4933
f 4936 4934 4935
f 4937 4936 4935
f 4938 4937 4935
f 4939 4937 4938
f 4940 4937 4939
f 4936 4937 4940
f 4941 4936 4940
f 4942 4941 4940
f 4943 4941 4942
f 4944 4941 4943
f 4945 4944 4943
f 4946 4944 4945
f 4947 4946 4945
f 4948 4946 4947
f 4949 4948 4947
f 4950 4949 4947
f 4951 4949 4950
f 4952 4951 4950
f 4953 4951 4952
f 4954 4951 4953
f 4955 4954 4953
f 4956 4954 4955
f 4957 4956 4955
f 4958 4957 4955
f 4959 4957 4958
f 4960 4954 4956
f 4951 4954 4960
f 4949 4951 4960
f 4961 4949 4960
f 4962 4961 4960
f 4963 4961 4962
f 4964 4961 4963
f 4948 4949 4961
f 4964 4948 4961
f 4965 4948 4964
f 4946 4948 4965
f 4966 4946 4965
f 4967 4966 4965
f 4968 4966 4967
f 4969 4968 4967
f 4970 4968 4969
f 4971 4970 4969
f 4972 4970 4971
f 4973 4972 4971
f 4974 4970 4972
f 4975 4974 4972
f 4976 4975 4972
f 4977 4976 4972
f 4978 4976 4977
f 4979 4976 4978
f 4980 4979 4978
f 4981 4979 4980
f 4982 4979 4981
f 4983 4982 4981
f 4984 4983 4981
f 4985 4983 4984
f 4986 4985 4984
f 4987 4985 4986
f 4988 4987 4986
f 4989 4987 4988
f 4990 4989 4988
f 4991 4990 4988
f 4992 4990 4991
f 4993 4992 4991
f 4994 4992 4993
f 4995 4994 4993
f 4996 4994 4995
f 4997 4996 4995
f 4998 4997 4995
f 4999 4997 4998
f 5000 4999 4998
f 5001 4999 5000
f 5002 5001 5000
f 5003 5001 5002
f 5004 5003 5002
f 5005 5003 5004
f 5006 5005 5004
f 5007 5005 5006
f 5008 5007 5006
f 5009 5008 5006
f 5010 5008 5009
f 5011 5008 5010
f 5012 5011 5010
f 5013 5011 5012
f 5014 5013 5012
f 5015 5014 5012
f 5016 5014 5015
f 5017 5016 5015
f 5018 5016 5017
f 5019 5018 5017
f 5020 5018 5019
f 5021 5020 5019
f 5022 5020 5021
f 5023 5022 5021
f 5024 5022 5023
f 5025 5020 5022
f 5026 5025 5022
f 5027 5026 5022
f 5028 5026 5027
f 5029 5028 5027
f 5030 5029 5027
f 5031 5029 5030
f 5032 5031 5030
f 5033 5032 5030
f 5027 5033 5030
f 5034 5032 5033
f 5035 5034 5033
f 5036 5034 5035
f 5037 5034 5036
f 5038 5034 5037
f 5039 5038 5037
f 5040 5039 5037
f 5041 5039 5040
f 5042 5039 5041
f 5043 5042 5041
f 5044 5043 5041
f 5045 5043 5044
f 5046 5045 5044
f 5047 5046 5044
f 5048 5047 5044
f 5049 5047 5048
f 5050 5047 5049
f 5051 5047 5050
f 5052 5047 5051
f 5053 5052 5051
f 5046 5047 5052
f 5054 5046 5052
f 5055 5054 5052
f 5056 5057 5058
f 5059 5056 5058
f 5060 5056 5059
f 5061 5060 5059
f 5062 5060 5061
f 5063 5062 5061
f 5064 5060 5062
f 5065 5064 5062
f 5066 5064 5065
f 5067 5066 5065
f 5068 5066 5067
f 5069 5066 5068
f 5070 5069 5068
f 5071 5069 5070
f 5072 5071 5070
f 5073 5072 5070
f 5074 5072 5073
f 5075 5074 5073
f 5076 5074 5075
f 5077 5076 5075
f 5078 5077 5075
f 5079 5077 5078
f 5080 5079 5078
f 5081 5080 5078
f 5082 5080 5081
f 5083 5082 5081
f 5084 5083 5081
f 5085 5083 5084
f 5086 5085 5084
f 5087 5085 5086
f 5088 5087 5086
f 5089 5087 5088
f 5090 5089 5088
f 5091 5089 5090
f 5092 5091 5090
f 5093 5092 5090
f 5094 5092 5093
f 5095 5094 5093
f 5096 5095 5093
f 5097 5094 5095
f 5092 5094 5097
f 5098 5092 5097
f 5099 5098 5097
f 5100 5099 5097
f 5101 5100 5097
f 5095 5101 5097
f 5102 5100 5101
f 5103 5100 5102
f 5104 5103 5102
f 5105 5104 5102
f 5106 5104 5105
f 5107 5106 5105
f 5108 5106 5107
f 5109 5108 5107
f 5110 5109 5107
f 5111 5109 5110
f 5112 5109 5111
f 5113 5112 5111
f 5114 5112 5113
f 5115 5114 5113
f 5116 5114 5115
f 5117 5116 5115
f 5118 5117 5115
f 5119 5117 5118
f 5120 5117 5119
f 5116 5117 5120
f 5121 5116 5120
f 5122 5121 5120
f 5123 5121 5122
f 5124 5123 5122
f 5125 5124 5122
f 5126 5124 5125
f 5127 5126 5125
f 5128 5126 5127
f 5129 5126 5128
f 5130 5129 5128
f 5131 5130 5128
f 5132 5130 5131
f 5133 5132 5131
f 5134 5132 5133
f 5135 5134 5133
f 5136 5132 5134
f 5137 5136 5134
f 5138 5137 5134
f 5139 5138 5134
f 5140 5138 5139
f 5141 5140 5139
f 5142 5141 5139
f 5143 5142 5139
f 5144 5142 5143
f 5145 5144 5143
f 5146 5142 5144
f 5147 5146 5144
f 5148 5142 5146
f 5149 5148 5146
f 5150 5148 5149
f 5151 5150 5149
f 5152 5151 5149
f 5153 5151 5152
f 5154 5153 5152
f 5155 5153 5154
f 5156 5155 5154
f 5157 5156 5154
f 5158 5156 5157
f 5159 5155 5156
f 5160 5155 5159
f 5161 5160 5159
f 5162 5161 5159
f 5163 5161 5162
f 5164 5161 5163
f 5165 5164 5163
f 5166 5164 5165
f 5167 5164 5166
f 5168 5167 5166
f 5169 5167 5168
f 5170 5167 5169
f 5171 5170 5169
f 5172 5171 5169
f 5173 5171 5172
f 5174 5173 5172
f 5175 5173 5174
f 5176 5173 5175
f 5177 5176 5175
f 5178 5177 5175
f 5179 5177 5178
f 5180 5179 5178
f 5181 5180 5178
f 5182 5180 5181
f 5183 5180 5182
f 5184 5180 5183
f 5185 5184 5183
f 5186 5185 5183
f 5187 5185 5186
f 5188 5187 5186
f 5189 5187 5188
f 5190 5189 5188
f 5191 5189 5190
f 5192 5191 5190
f 5193 5189 5191
f 5187 5189 5193
f 5194 5185 5187
f 5195 5185 5194
f 5196 5195 5194
f 5197 5196 5194
f 5198 5196 5197
f 5199 5196 5198
f 5200 5199 5198
f 5201 5199 5200
f 5202 5199 5201
f 5203 5202 5201
f 5204 5202 5203
f 5205 5202 5204
f 5206 5205 5204
f 5207 5206 5204
f 5208 5207 5204
f 5199 5202 5205
f 5196 5199 5205
f 5195 5196 5205
f 5206 5195 5205
f 5184 5185 5195
f 5206 5184 5195
f 5179 5180 5184
f 5206 5179 5184
f 5207 5179 5206
f 5177 5179 5207
f 5208 5177 5207
f 5176 5177 5208
f 5209 5176 5208
f 5173 5176 5209
f 5210 5173 5209
f 5171 5173 5210
f 5211 5171 5210
f 5170 5171 5211
f 5212 5167 5170
f 5164 5167 5212
f 5161 5164 5212
f 5160 5161 5212
f 5170 5160 5212
f 5211 5160 5170
f 5155 5160 5211
f 5153 5155 5211
f 5210 5153 5211
f 5151 5153 5210
f 5209 5151 5210
f 5150 5151 5209
f 5208 5150 5209
f 5204 5150 5208
f 5203 5150 5204
f 5148 5150 5203
f 5141 5142 5148
f 5203 5141 5148
f 5201 5141 5203
f 5140 5141 5201
f 5200 5140 5201
f 5138 5140 5200
f 5137 5138 5200
f 5198 5137 5200
f 5197 5137 5198
f 5136 5137 5197
f 5194 5136 5197
f 5187 5136 5194
f 5193 5136 5187
f 5132 5136 5193
f 5130 5132 5193
f 5191 5130 5193
f 5129 5130 5191
f 5192 5129 5191
f 5213 5129 5192
f 5124 5126 5129
f 5213 5124 5129
f 5123 5124 5213
f 5214 5123 5213
f 5215 5123 5214
f 5216 5215 5214
f 5217 5215 5216
f 5218 5217 5216
f 5219 5218 5216
f 5220 5218 5219
f 5221 5217 5218
f 5222 5221 5218
f 5220 5222 5218
f 5223 5222 5220
f 5224 5222 5223
f 5225 5224 5223
f 5226 5224 5225
f 5227 5226 5225
f 5228 5226 5227
f 5229 5228 5227
f 5230 5228 5229
f 5231 5230 5229
f 5232 5231 5229
f 5233 5231 5232
f 5234 5233 5232
f 5235 5234 5232
f 5236 5234 5235
f 5237 5234 5236
f 5238 5237 5236
f 5239 5238 5236
f 5240 5237 5238
f 5241 5237 5240
f 5242 5241 5240
f 5243 5241 5242
f 5244 5241 5243
f 5245 5244 5243
f 5246 5245 5243
f 5242 5246 5243
f 5247 5244 5245
f 5248 5247 5245
f 5249 5247 5248
f 5250 5249 5248
f 5251 5250 5248
f 5252 5250 5251
f 5253 5250 5252
f 5254 5253 5252
f 5255 5254 5252
f 5256 5254 5255
f 5257 5256 5255
f 5258 5256 5257
f 5259 5258 5257
f 5260 5259 5257
f 5261 5259 5260
f 5262 5261 5260
f 5263 5261 5262
f 5264 5263 5262
f 5265 5264 5262
f 5266 5263 5264
f 5267 5266 5264
f 5268 5266 5267
f 5269 5268 5267
f 5270 5268 5269
f 5271 5270 5269
f 5272 5271 5269
f 5273 5271 5272
f 5274 5271 5273
f 5275 5274 5273
f 5276 5275 5273
f 5277 5275 5276
f 5278 5277 5276
f 5279 5277 5278
f 5280 5279 5278
f 5281 5280 5278
f 5282 5280 5281
f 5283 5280 5282
f 5284 5283 5282
f 5285 5284 5282
f 5286 5284 5285
f 5287 5286 5285
f 5288 5287 5285
f 5289 5287 5288
f 5290 5289 5288
f 5291 5289 5290
f 5292 5291 5290
f 5293 5292 5290
f 5294 5293 5290
f 5295 5289 5291
f 5296 5289 5295
f 5297 5296 5295
f 5298 5297 5295
f 5299 5298 5295
f 5300 5298 5299
f 5301 5297 5298
f 5302 5297 5301
f 5303 5302 5301
f 5304 5303 5301
f 5305 5303 5304
f 5306 5305 5304
f 5307 5306 5304
f 5308 5306 5307
f 5309 5308 5307
f 5310 5309 5307
f 5311 5309 5310
f 5312 5309 5311
f 5313 5309 5312
f 5314 5313 5312
f 5315 5313 5314
f 5316 5315 5314
f 5317 5315 5316
f 5318 5317 5316
f 5319 5313 5315
f 5308 5309 5313
f 5319 5308 5313
f 5320 5308 5319
f 5306 5308 5320
f 5321 5306 5320
f 5305 5306 5321
f 5322 5303 5305
f 5323 5303 5322
f 5324 5323 5322
f 5325 5323 5324
f 5326 5325 5324
f 5327 5326 5324
f 5328 5326 5327
f 5329 5326 5328
f 5330 5329 5328
f 5331 5329 5330
f 5332 5331 5330
f 5333 5332 5330
f 5334 5332 5333
f 5335 5334 5333
f 5336 5335 5333
f 5337 5335 5336
f 5338 5335 5337
f 5339 5338 5337
f 5340 5339 5337
f 5341 5339 5340
f 5342 5341 5340
f 5343 5341 5342
f 5344 5343 5342
f 5345 5344 5342
f 5346 5343 5344
f 5347 5346 5344
f 5348 5347 5344
f 5345 5348 5344
f 5349 5348 5345
f 5350 5348 5349
f 5351 5350 5349
f 5352 5350 5351
f 5353 5352 5351
f 5354 5353 5351
f 5355 5353 5354
f 5356 5355 5354
f 5357 5355 5356
f 5358 5357 5356
f 5359 5358 5356
f 5360 5361 5362
f 5362 5361 5363
f 5364 5365 5359
f 5366 5364 5359
f 5367 5364 5366
f 5368 5367 5366
f 5369 5368 5366
f 5370 5369 5366
f 5359 5370 5366
f 5371 5369 5370
f 5372 5371 5370
f 5373 5371 5372
f 5374 5373 5372
f 5375 5374 5372
f 5376 5374 5375
f 5377 5376 5375
f 5378 5376 5377
f 5379 5378 5377
f 5380 5379 5377
f 5381 5379 5380
f 5382 5381 5380
f 5383 5381 5382
f 5384 5383 5382
f 5385 5383 5384
f 5386 5385 5384
f 5387 5385 5386
f 5388 5387 5386
f 5389 5388 5386
f 5390 5388 5389
f 5391 5388 5390
f 5392 5391 5390
f 5393 5391 5392
f 5394 5393 5392
f 5395 5393 5394
f 5396 5395 5394
f 5397 5396 5394
f 5398 5396 5397
f 5399 5396 5398
f 5400 5399 5398
f 5401 5399 5400
f 5402 5399 5401
f 5403 5402 5401
f 5404 5403 5401
f 5405 5404 5401
f 5406 5404 5405
f 5407 5406 5405
f 5408 5407 5405
f 5409 5408 5405
f 5410 5407 5408
f 5411 5410 5408
f 5412 5410 5411
f 5413 5410 5412
f 5414 5413 5412
f 5415 5414 5412
f 5416 5415 5412
f 5417 5415 5416
f 5418 5417 5416
f 5419 5418 5416
f 5420 5418 5419
f 5421 5418 5420
f 5422 5421 5420
f 5423 5421 5422
f 5424 5423 5422
f 5425 5423 5424
f 5426 5425 5424
f 5427 5425 5426
f 5428 5427 5426
f 5429 5427 5428
f 5430 5429 5428
f 5431 5429 5430
f 5432 5431 5430
f 5433 5431 5432
f 5434 5433 5432
f 5435 5433 5434
f 5436 5431 5433
f 5429 5431 5436
f 5437 5429 5436
f 5438 5437 5436
f 5439 5438 5436
f 5440 5438 5439
f 5441 5440 5439
f 5442 5441 5439
f 5443 5441 5442
f 5444 5441 5443
f 5445 5444 5443
f 5446 5445 5443
f 5447 5445 5446
f 5448 5447 5446
f 5449 5448 5446
f 5450 5449 5446
f 5451 5448 5449
f 5452 5451 5449
f 5453 5452 5449
f 5450 5453 5449
f 5454 5453 5450
f 5455 5453 5454
f 5456 5453 5455
f 5457 5456 5455
f 5458 5456 5457
f 5459 5456 5458
f 5460 5459 5458
f 5461 5459 5460
f 5462 5461 5460
f 5463 5461 5462
f 5464 5463 5462
f 5465 5463 5464
f 5466 5465 5464
f 5467 5465 5466
f 5468 5467 5466
f 5469 5467 5468
f 5470 5469 5468
f 5471 5469 5470
f 5472 5471 5470
f 5473 5471 5472
f 5474 5473 5472
f 5475 5473 5474
f 5476 5475 5474
f 5477 5476 5474
f 5478 5477 5474
f 5472 5478 5474
f 5479 5477 5478
f 5480 5479 5478
f 5481 5480 5478
f 5482 5480 5481
f 5483 5482 5481
f 5484 5480 5482
f 5485 5480 5484
f 5486 5485 5484
f 5487 5486 5484
f 5488 5487 5484
f 5489 5488 5484
f 5490 5488 5489
f 5491 5490 5489
f 5492 5491 5489
f 5493 5491 5492
f 5494 5493 5492
f 5495 5493 5494
f 5496 5495 5494
f 5497 5495 5496
f 5498 5497 5496
f 5499 5498 5496
f 5500 5498 5499
f 5501 5500 5499
f 5502 5498 5500
f 5503 5498 5502
f 5504 5498 5503
f 5505 5504 5503
f 5506 5504 5505
f 5507 5506 5505
f 5508 5506 5507
f 5509 5506 5508
f 5510 5509 5508
f 5511 5510 5508
f 5512 5510 5511
f 5513 5512 5511
f 5514 5513 5511
f 5515 5513 5514
f 5516 5513 5515
f 5517 5516 5515
f 5518 5517 5515
f 5519 5518 5515
f 5520 5518 5519
f 5521 5520 5519
f 5522 5521 5519
f 5523 5521 5522
f 5524 5523 5522
f 5525 5523 5524
f 5526 5525 5524
f 5527 5525 5526
f 5528 5527 5526
f 5529 5528 5526
f 5530 5528 5529
f 5531 5530 5529
f 5532 5530 5531
f 5533 5532 5531
f 5534 5532 5533
f 5535 5532 5534
f 5536 5535 5534
f 5537 5536 5534
f 5538 5536 5537
f 5539 5538 5537
f 5540 5539 5537
f 5541 5540 5537
f 5542 5540 5541
f 5543 5542 5541
f 5544 5542 5543
f 5545 5544 5543
f 5546 5545 5543
f 5547 5546 5543
f 5548 5546 5547
f 5549 5546 5548
f 5550 5546 5549
f 5551 5550 5549
f 5552 5551 5549
f 5553 5551 5552
f 5554 5551 5553
f 5555 5554 5553
f 5556 5555 5553
f 5557 5556 5553
f 5558 5556 5557
f 5559 5558 5557
f 5560 5558 5559
f 5561 5560 5559
f 5562 5560 5561
f 5563 5562 5561
f 5564 5562 5563
f 5565 5564 5563
f 5566 5565 5563
f 5567 5565 5566
f 5568 5567 5566
f 5569 5567 5568
f 5570 5567 5569
f 5571 5570 5569
f 5572 5570 5571
f 5573 5572 5571
f 5574 5573 5571
f 5575 5573 5574
f 5576 5575 5574
f 5577 5576 5574
f 5578 5576 5577
f 5579 5578 5577
f 5580 5576 5578
f 5581 5580 5578
f 5582 5581 5578
f 5579 5582 5578
f 5583 5581 5582
f 5584 5583 5582
f 5585 5583 5584
f 5586 5585 5584
f 5587 5586 5584
f 5588 5586 5587
f 5589 5588 5587
f 5590 5588 5589
f 5591 5590 5589
f 5592 5591 5589
f 5593 5591 5592
f 5594 5593 5592
f 5595 5593 5594
f 5596 5595 5594
f 5597 5595 5596
f 5598 5597 5596
f 5599 5598 5596
f 5600 5598 5599
f 5601 5600 5599
f 5602 5600 5601
f 5603 5602 5601
f 5604 5602 5603
f 5605 5602 5604
f 5606 5605 5604
f 5607 5606 5604
f 5608 5605 5606
f 5609 5608 5606
f 5610 5608 5609
f 5611 5610 5609
f 5612 5610 5611
f 5613 5610 5612
f 5614 5613 5612
f 5615 5614 5612
f 5616 5615 5612
f 5617 5615 5616
f 5618 5617 5616
f 5619 5618 5616
f 5620 5619 5616
f 5621 5618 5619
f 5622 5621 5619
f 5623 5621 5622
f 5624 5623 5622
f 5625 5623 5624
f 5626 5625 5624
f 5627 5626 5624
f 5628 5626 5627
f 5629 5626 5628
f 5630 5629 5628
f 5631 5630 5628
f 5632 5630 5631
f 5633 5632 5631
f 5634 5633 5631
f 5635 5633 5634
f 5636 5633 5635
f 5637 5636 5635
f 5638 5637 5635
f 5639 5638 5635
f 5634 5639 5635
f 5640 5639 5634
f 5641 5639 5640
f 5642 5639 5641
f 5643 5639 5642
f 5644 5643 5642
f 5645 5644 5642
f 5646 5644 5645
f 5647 5646 5645
f 5648 5646 5647
f 5649 5648 5647
f 5650 5649 5647
f 5651 5649 5650
f 5652 5651 5650
f 5653 5651 5652
f 5654 5653 5652
f 5655 5653 5654
f 5656 5655 5654
f 5657 5655 5656
f 5658 5657 5656
f 5659 5658 5656
f 5660 5658 5659
f 5661 5660 5659
f 5662 5660 5661
f 5663 5662 5661
f 5664 5663 5661
f 5665 5663 5664
f 5666 5663 5665
f 5667 5666 5665
f 5668 5667 5665
f 5669 5667 5668
f 5670 5669 5668
f 5671 5669 5670
f 5672 5671 5670
f 5673 5671 5672
f 5674 5673 5672
f 5675 5673 5674
f 5676 5675 5674
f 5677 5675 5676
f 5678 5677 5676
f 5679 5678 5676
f 5680 5677 5678
f 5681 5677 5680
f 5682 5681 5680
f 5683 5682 5680
f 5684 5682 5683
f 5685 5682 5684
f 5686 5685 5684
f 5687 5685 5686
f 5688 5687 5686
f 5689 5688 5686
f 5690 5688 5689
f 5691 5688 5690
f 5692 5691 5690
f 5693 5692 5690
f 5694 5693 5690
f 5695 5693 5694
f 5696 5695 5694
f 5697 5696 5694
f 5698 5696 5697
f 5699 5698 5697
f 5700 5698 5699
f 5701 5698 5700
f 5702 5701 5700
f 5703 5702 5700
f 5704 5703 5700
f 5705 5703 5704
f 5706 5705 5704
f 5707 5706 5704
f 5708 5707 5704
f 5709 5707 5708
f 5710 5709 5708
f 5711 5709 5710
f 5712 5709 5711
f 5713 5712 5711
f 5714 5713 5711
f 5715 5713 5714
f 5716 5715 5714
f 5717 5716 5714
f 5718 5716 5717
f 5719 5716 5718
f 5720 5719 5718
f 5721 5719 5720
f 5722 5721 5720
f 5723 5722 5720
f 5724 5722 5723
f 5725 5722 5724
f 5726 5725 5724
f 5727 5725 5726
f 5728 5727 5726
f 5729 5730 5731
f 5732 5730 5729
f 5733 5732 5729
f 5734 5732 5733
f 5735 5734 5733
f 5736 5734 5735
f 5737 5736 5735
f 5738 5736 5737
f 5739 5738 5737
f 5740 5739 5737
f 5741 5739 5740
f 5742 5741 5740
f 5743 5741 5742
f 5744 5743 5742
f 5745 5743 5744
f 5746 5745 5744
f 5747 5746 5744
f 5748 5746 5747
f 5749 5748 5747
f 5750 5748 5749
f 5751 5750 5749
f 5752 5750 5751
f 5753 5750 5752
f 5754 5753 5752
f 5755 5753 5754
f 5756 5753 5755
f 5757 5756 5755
f 5758 5757 5755
f 5759 5757 5758
f 5760 5759 5758
f 5761 5759 5760
f 5762 5761 5760
f 5763 5762 5760
f 5764 5762 5763
f 5765 5762 5764
f 5766 5765 5764
f 5767 5766 5764
f 5768 5766 5767
f 5769 5768 5767
f 5770 5768 5769
f 5771 5770 5769
f 5772 5771 5769
f 5773 5771 5772
f 5774 5773 5772
f 5775 5774 5772
f 5776 5774 5775
f 5777 5776 5775
f 5778 5776 5777
f 5779 5778 5777
f 5780 5779 5777
f 5781 5779 5780
f 5782 5779 5781
f 5783 5782 5781
f 5784 5783 5781
f 5785 5783 5784
f 5786 5783 5785
f 5787 5786 5785
f 5788 5787 5785
f 5789 5787 5788
f 5790 5787 5789
f 5791 5790 5789
f 5792 5791 5789
f 5793 5791 5792
f 5794 5791 5793
f 5795 5794 5793
f 5796 5795 5793
f 5797 5795 5796
f 5798 5795 5797
f 5799 5798 5797
f 5800 5798 5799
f 5801 5800 5799
f 5802 5800 5801
f 5803 5802 5801
f 5804 5802 5803
f 5805 5804 5803
f 5806 5804 5805
f 5807 5806 5805
f 5808 5806 5807
f 5809 5806 5808
f 5810 5809 5808
f 5811 5806 5809
f 5812 5811 5809
f 5810 5812 5809
f 5813 5812 5810
f 5814 5813 5810
f 5815 5814 5810
f 5816 5814 5815
f 5817 5816 5815
f 5818 5816 5817
f 5819 5816 5818
f 5820 5819 5818
f 5821 5819 5820
f 5822 5821 5820
f 5823 5822 5820
f 5824 5822 5823
f 5825 5824 5823
f 5826 5824 5825
f 5827 5826 5825
f 5828 5826 5827
f 5829 5828 5827
f 5830 5829 5827
f 5831 5829 5830
f 5832 5831 5830
f 5833 5831 5832
f 5834 5833 5832
f 5835 5834 5832
f 5836 5833 5834
f 5837 5833 5836
f 5838 5837 5836
f 5839 5838 5836
f 5840 5839 5836
f 5834 5840 5836
f 5841 5839 5840
f 5842 5841 5840
f 5843 5841 5842
f 5844 5843 5842
f 5845 5844 5842
f 5846 5845 5842
f 5847 5846 5842
f 5840 5847 5842
f 5848 5846 5847
f 5849 5848 5847
f 5850 5848 5849
f 5851 5848 5850
f 5852 5851 5850
f 5853 5851 5852
f 5854 5851 5853
f 5855 5854 5853
f 5856 5854 5855
f 5857 5856 5855
f 5858 5857 5855
f 5859 5857 5858
f 5860 5857 5859
f 5861 5860 5859
f 5862 5860 5861
f 5863 5862 5861
f 5864 5862 5863
f 5865 5864 5863
f 5866 5865 5863
f 5867 5865 5866
f 5868 5867 5866
f 5869 5867 5868
f 5870 5869 5868
f 5871 5869 5870
f 5872 5871 5870
f 5868 5872 5870
f 5873 5872 5868
f 5874 5873 5868
f 5875 5873 5874
f 5876 5873 5875
f 5877 5876 5875
f 5878 5877 5875
f 5879 5877 5878
f 5880 5877 5879
f 5881 5880 5879
f 5882 5881 5879
f 5883 5882 5879
f 5884 5882 5883
f 5885 5884 5883
f 5886 5884 5885
f 5887 5886 5885
f 5888 5887 5885
f 5889 5887 5888
f 5890 5887 5889
f 5891 5890 5889
f 5892 5891 5889
f 5893 5891 5892
f 5894 5893 5892
f 5895 5894 5892
f 5896 5894 5895
f 5897 5896 5895
f 5898 5896 5897
f 5899 5898 5897
f 5900 5899 5897
f 5901 5899 5900
f 5902 5899 5901
f 5903 5904 5905
f 5906 5904 5903
f 5907 5904 5906
f 5908 5907 5906
f 5909 5908 5906
f 5910 5908 5909
f 5911 5910 5909
f 5912 5910 5911
f 5913 5912 5911
f 5914 5910 5912
f 5915 5914 5912
f 5916 5914 5915
f 5917 5916 5915
f 5918 5916 5917
f 5919 5918 5917
f 5920 5918 5919
f 5921 5920 5919
f 5922 5921 5919
f 5923 5921 5922
f 5924 5923 5922
f 5925 5923 5924
f 5926 5923 5925
f 5927 5926 5925
f 5928 5927 5925
f 5929 5927 5928
f 5930 5929 5928
f 5931 5929 5930
f 5932 5931 5930
f 5933 5931 5932
f 5934 5933 5932
f 5935 5934 5932
f 5936 5935 5932
f 5937 5935 5936
f 5938 5935 5937
f 5939 5938 5937
f 5940 5939 5937
f 5941 5940 5937
f 5942 5940 5941
f 5943 5942 5941
f 5944 5942 5943
f 5945 5944 5943
f 5946 5944 5945
f 5947 5946 5945
f 5948 5946 5947
f 5949 5948 5947
f 5950 5948 5949
f 5951 5950 5949
f 5952 5950 5951
f 5953 5952 5951
f 5954 5953 5951
f 5955 5953 5954
f 5956 5953 5955
f 5957 5956 5955
f 5958 5956 5957
f 5959 5958 5957
f 5960 5958 5959
f 5961 5960 5959
f 5962 5961 5959
f 5963 5961 5962
f 5964 5963 5962
f 5965 5963 5964
f 5966 5965 5964
f 5967 5966 5964
f 5968 5966 5967
f 5969 5968 5967
f 5970 5968 5969
f 5971 5968 5970
f 5972 5971 5970
f 5973 5971 5972
f 5974 5973 5972
f 5975 5974 5972
f 5976 5974 5975
f 5977 5974 5976
f 5978 5977 5976
f 5979 5977 5978
f 5980 5979 5978
f 5981 5980 5978
f 5982 5980 5981
f 5983 5980 5982
f 5984 5983 5982
f 5985 5983 5984
f 5986 5985 5984
f 5987 5986 5984
f 5988 5986 5987
f 5989 5986 5988
f 5990 5989 5988
f 5991 5989 5990
f 5992 5991 5990
f 5993 5992 5990
f 5994 5993 5990
f 5995 5993 5994
f 5996 5995 5994
f 5997 5995 5996
f 5998 5997 5996
f 5999 5998 5996
f 6000 5998 5999
f 6001 6000 5999
f 6002 6000 6001
f 6003 6002 6001
f 6004 6002 6003
f 6005 6004 6003
f 6006 6005 6003
f 6007 6005 6006
f 6008 6007 6006
f 6009 6007 6008
f 6010 6009 6008
f 6011 6009 6010
f 6012 6011 6010
f 6013 6011 6012
f 6014 6011 6013
f 6015 6014 6013
f 6016 6014 6015
f 6017 6016 6015
f 6018 6016 6017
f 6019 6018 6017
f 6020 6018 6019
f 6021 6020 6019
f 6022 6020 6021
f 6023 6022 6021
f 6024 6022 6023
f 6025 6024 6023
f 6026 6025 6023
f 6027 6025 6026
f 6028 6027 6026
f 6029 6027 6028
f 6030 6029 6028
f 6026 6030 6028
f 6031 6029 6030
f 6032 6031 6030
f 6033 6031 6032
f 6034 6033 6032
f 6035 6033 6034
f 6036 6035 6034
f 6037 6036 6034
f 6038 6036 6037
f 6039 6036 6038
f 6040 6039 6038
f 6041 6040 6038
f 6042 6040 6041
f 6043 6042 6041
f 6044 6043 6041
f 6045 6043 6044
f 6046 6042 6043
f 6047 6042 6046
f 6048 6042 6047
f 6049 6048 6047
f 6050 6051 6052
f 6053 6050 6052
f 6054 6050 6053
f 6055 6054 6053
f 6056 6050 6054
f 6057 6056 6054
f 6058 6057 6054
f 6059 6057 6058
f 6060 6059 6058
f 6061 6059 6060
f 6062 6061 6060
f 6063 6062 6060
f 6058 6063 6060
f 6064 6062 6063
f 6065 6064 6063
f 6066 6065 6063
f 6067 6066 6063
f 6058 6067 6063
f 6068 6067 6058
f 6069 6067 6068
f 6070 6069 6068
f 6071 6069 6070
f 6072 6069 6071
f 6073 6072 6071
f 6074 6073 6071
f 6075 6073 6074
f 6076 6075 6074
f 6077 6076 6074
f 6078 6076 6077
f 6079 6078 6077
f 6080 6078 6079
f 6081 6080 6079
f 6082 6080 6081
f 6083 6080 6082
f 6084 6083 6082
f 6085 6084 6082
f 6086 6084 6085
f 6087 6086 6085
f 6088 6087 6085
f 6089 6088 6085
f 6090 6088 6089
f 6091 6090 6089
f 6092 6091 6089
f 6093 6091 6092
f 6094 6090 6091
f 6095 6094 6091
f 6096 6095 6091
f 6093 6096 6091
f 6097 6096 6093
f 6098 6096 6097
f 6099 6098 6097
f 6100 6098 6099
f 6101 6100 6099
f 6102 6101 6099
f 6103 6101 6102
f 6104 6101 6103
f 6105 6104 6103
f 6106 6105 6103
f 6107 6106 6103
f 6108 6107 6103
f 6109 6107 6108
f 6110 6107 6109
f 6111 6110 6109
f 6112 6111 6109
f 6113 6111 6112
f 6114 6111 6113
f 6115 6114 6113
f 6116 6115 6113
f 6117 6116 6113
f 6118 6116 6117
f 6119 6118 6117
f 6120 6118 6119
f 6121 6120 6119
f 6122 6121 6119
f 6123 6120 6121
f 6124 6123 6121
f 6125 6124 6121
f 6126 6125 6121
f 6122 6126 6121
f 6127 6125 6126
f 6128 6127 6126
f 6129 6127 6128
f 6130 6129 6128
f 6131 6130 6128
f 6132 6133 6134
f 6135 6133 6132
f 6136 6135 6132
f 6137 6136 6132
f 6138 6136 6137
f 6139 6138 6137
f 6140 6139 6137
f 6141 6139 6140
f 6142 6139 6141
f 6143 6139 6142
f 6144 6143 6142
f 6145 6143 6144
f 6146 6143 6145
f 6147 6146 6145
f 6148 6147 6145
f 6149 6147 6148
f 6150 6149 6148
f 6151 6149 6150
f 6152 6151 6150
f 6153 6152 6150
f 6154 6153 6150
f 6155 6153 6154
f 6156 6153 6155
f 6157 6156 6155
f 6158 6157 6155
f 6159 6157 6158
f 6160 6159 6158
f 6161 6160 6158
f 6162 6160 6161
f 6163 6160 6162
f 6164 6160 6163
f 6165 6164 6163
f 6166 6165 6163
f 6167 6166 6163
f 6168 6167 6163
f 6169 6168 6163
f 6170 6168 6169
f 6171 6168 6170
f 6172 6171 6170
f 6173 6172 6170
f 6174 6173 6170
f 6175 6173 6174
f 6176 6175 6174
f 6177 6175 6176
f 6178 6177 6176
f 6179 6177 6178
f 6180 6179 6178
f 6181 6180 6178
f 6182 6181 6178
f 6183 6179 6180
f 6181 6183 6180
f 6184 6179 6183
f 6185 6184 6183
f 6186 6185 6183
f 6187 6186 6183
f 6188 6186 6187
f 6189 6186 6188
f 6190 6189 6188
f 6191 6189 6190
f 6192 6189 6191
f 6193 6192 6191
f 6194 6192 6193
f 6195 6194 6193
f 6196 6194 6195
f 6197 6196 6195
f 6198 6196 6197
f 6199 6198 6197
f 6200 6199 6197
f 6201 6199 6200
f 6202 6199 6201
f 6203 6202 6201
f 6204 6203 6201
f 6205 6203 6204
f 6206 6205 6204
f 6207 6205 6206
f 6208 6205 6207
f 6209 6208 6207
f 6210 6208 6209
f 6211 6210 6209
f 6212 6211 6209
f 6213 6211 6212
f 6214 6213 6212
f 6215 6213 6214
f 6216 6215 6214
f 6217 6215 6216
f 6218 6217 6216
f 6219 6217 6218
f 6220 6217 6219
f 6221 6220 6219
f 6222 6221 6219
f 6223 6221 6222
f 6224 6221 6223
f 6225 6224 6223
f 6226 6224 6225
f 6227 6226 6225
f 6228 6227 6225
f 6229 6227 6228
f 6230 6229 6228
f 6231 6230 6228
f 6232 6230 6231
f 6233 6232 6231
f 6234 6232 6233
f 6235 6232 6234
f 6236 6235 6234
f 6237 6236 6234
f 6238 6236 6237
f 6239 6236 6238
f 6240 6236 6239
f 6241 6240 6239
f 6242 6241 6239
f 6238 6242 6239
f 6243 6241 6242
f 6244 6243 6242
f 6245 6244 6242
f 6246 6244 6245
f 6247 6246 6245
f 6248 6247 6245
f 6249 6248 6245
f 6250 6248 6249
f 6251 6250 6249
f 6252 6250 6251
f 6253 6252 6251
f 6254 6253 6251
f 6255 6253 6254
f 6256 6255 6254
f 6257 6255 6256
f 6258 6255 6257
f 6259 6258 6257
f 6260 6258 6259
f 6261 6260 6259
f 6262 6261 6259
f 6263 6261 6262
f 6264 6263 6262
f 6265 6263 6264
f 6266 6265 6264
f 6267 6265 6266
f 6268 6267 6266
f 6269 6267 6268
f 6270 6269 6268
f 6271 6270 6268
f 6272 6270 6271
f 6273 6272 6271
f 6274 6273 6271
f 6275 6272 6273
f 6276 6272 6275
f 6277 6276 6275
f 6278 6276 6277
f 6279 6278 6277
f 6280 6278 6279
f 6281 6280 6279
f 6282 6281 6279
f 6283 6281 6282
f 6284 6283 6282
f 6285 6281 6283
f 6286 6285 6283
f 6287 6286 6283
f 6288 6287 6283
f 6284 6288 6283
f 6289 6287 6288
f 6290 6287 6289
f 6291 6290 6289
f 6292 6290 6291
f 6293 6292 6291
f 6294 6292 6293
f 6295 6292 6294
f 6296 6295 6294
f 6297 6296 6294
f 6298 6296 6297
f 6299 6298 6297
f 6300 6298 6299
f 6301 6300 6299
f 6302 6300 6301
f 6303 6302 6301
f 6304 6302 6303
f 6305 6304 6303
f 6306 6304 6305
f 6307 6306 6305
f 6308 6306 6307
f 6309 6306 6308
f 6310 6309 6308
f 6311 6310 6308
f 6312 6311 6308
f 6313 6311 6312
f 6314 6313 6312
f 6315 6314 6312
f 6316 6314 6315
f 6317 6316 6315
f 6318 6316 6317
f 6319 6318 6317
f 5363 5361 6320
f 5361 5360 6321
f 6321 6322 5361
f 5361 6322 6323
f 6324 6325 6326
f 6327 6325 6324
f 6328 6327 6324
f 6329 6328 6324
f 6330 6328 6329
f 6331 6328 6330
f 6332 6331 6330
f 6333 6331 6332
f 6334 6333 6332
f 6335 6333 6334
f 6336 6333 6335
f 6337 6336 6335
f 6338 6336 6337
f 6339 6338 6337
f 6340 6339 6337
f 6341 6340 6337
f 6342 6340 6341
f 6343 6340 6342
f 6344 6343 6342
f 6345 6343 6344
f 6346 6345 6344
f 6347 6346 6344
f 6348 6346 6347
f 6349 6348 6347
f 6350 6349 6347
f 6351 6349 6350
f 6352 6349 6351
f 6353 6352 6351
f 6354 6353 6351
f 6355 6353 6354
f 6356 6355 6354
f 6357 6355 6356
f 6358 6355 6357
f 6359 6358 6357
f 6360 6359 6357
f 6361 6360 6357
f 6362 6360 6361
f 6363 6362 6361
f 6364 6362 6363
f 6365 6364 6363
f 6366 6364 6365
f 6367 6366 6365
f 6368 6366 6367
f 6369 6368 6367
f 6370 6369 6367
f 6371 6369 6370
f 6372 6369 6371
f 6373 6372 6371
f 6374 6372 6373
f 6375 6374 6373
f 6376 6374 6375
f 6377 6376 6375
f 6378 6377 6375
f 6379 6377 6378
f 6380 6377 6379
f 6381 6380 6379
f 6382 6381 6379
f 6383 6381 6382
f 6384 6383 6382
f 6385 6383 6384
f 6386 6383 6385
f 6387 6386 6385
f 6388 6386 6387
f 6389 6388 6387
f 6390 6388 6389
f 6391 6390 6389
f 6392 6390 6391
f 6393 6392 6391
f 6394 6392 6393
f 6395 6394 6393
f 6396 6395 6393
f 6397 6395 6396
f 6398 6397 6396
f 6399 6397 6398
f 6400 6397 6399
f 6401 6397 6400
f 6395 6397 6401
f 6402 6395 6401
f 6394 6395 6402
f 6403 6394 6402
f 6404 6394 6403
f 6405 6404 6403
f 6406 6405 6403
f 6407 6405 6406
f 6408 6405 6407
f 6409 6408 6407
f 6410 6408 6409
f 6411 6410 6409
f 6412 6410 6411
f 6413 6412 6411
f 6414 6412 6413
f 6415 6414 6413
f 6416 6414 6415
f 6417 6416 6415
f 6418 6416 6417
f 6419 6418 6417
f 6420 6419 6417
f 6421 6419 6420
f 6422 6421 6420
f 6423 6421 6422
f 6424 6423 6422
f 6425 6424 6422
f 6426 6424 6425
f 6427 6424 6426
f 6428 6424 6427
f 6429 6428 6427
f 6430 6428 6429
f 6431 6428 6430
f 6432 6431 6430
f 6433 6432 6430
f 6434 6432 6433
f 6435 6432 6434
f 6436 6437 6434
f 6438 6437 6436
f 6439 6438 6436
f 6440 6439 6436
f 6441 6440 6436
f 6442 6440 6441
f 6443 6440 6442
f 6444 6443 6442
f 6445 6444 6442
f 6446 6443 6444
f 6447 6446 6444
f 6448 6447 6444
f 6449 6447 6448
f 6450 6449 6448
f 6451 6450 6448
f 6452 6451 6448
f 6453 6451 6452
f 6454 6453 6452
f 6455 6453 6454
f 6456 6455 6454
f 6457 6455 6456
f 6458 6455 6457
f 6459 6458 6457
f 6460 6458 6459
f 6461 6460 6459
f 6462 6460 6461
f 6463 6462 6461
f 6464 6463 6461
f 6465 6464 6461
f 6466 6463 6464
f 6467 6466 6464
f 6468 6467 6464
f 6469 6467 6468
f 6470 6469 6468
f 6471 6469 6470
f 6472 6471 6470
f 6473 6471 6472
f 6474 6473 6472
f 6475 6474 6472
f 6476 6474 6475
f 6477 6476 6475
f 6478 6476 6477
f 6479 6478 6477
f 6480 6471 6473
f 6481 6480 6473
f 6482 6480 6481
f 6483 6482 6481
f 6484 6482 6483
f 6485 6482 6484
f 6486 6485 6484
f 6487 6485 6486
f 6488 6487 6486
f 6489 6487 6488
f 6490 6489 6488
f 6491 6490 6488
f 6492 6490 6491
f 6493 6490 6492
f 6494 6493 6492
f 6495 6494 6492
f 6496 6493 6494
f 6497 6493 6496
f 6498 6497 6496
f 6499 6498 6496
f 6500 6498 6499
f 6501 6498 6500
f 6502 6501 6500
f 6503 6501 6502
f 6504 6503 6502
f 6505 6504 6502
f 6506 6504 6505
f 6507 6506 6505
f 6508 6506 6507
f 6509 6508 6507
f 6510 6509 6507
f 6511 6510 6507
f 6505 6511 6507
f 6512 6511 6505
f 6513 6511 6512
f 6514 6513 6512
f 6515 6513 6514
f 6516 6515 6514
f 6517 6516 6514
f 6518 6517 6514
f 6519 6517 6518
f 6520 6519 6518
f 6521 6520 6518
f 6514 6521 6518
f 6522 6520 6521
f 6523 6520 6522
f 6524 6523 6522
f 6525 6523 6524
f 6526 6525 6524
f 6527 6526 6524
f 6528 6527 6524
f 6529 6527 6528
f 6530 6529 6528
f 6531 6529 6530
f 6532 6531 6530
f 6533 6532 6530
f 6534 6532 6533
f 6535 6536 6537
f 6538 6536 6535
f 6539 6538 6535
f 6540 6539 6535
f 6541 6539 6540
f 6542 6539 6541
f 6543 6539 6542
f 6544 6543 6542
f 6545 6543 6544
f 6546 6543 6545
f 6547 6546 6545
f 6548 6547 6545
f 6549 6547 6548
f 6550 6549 6548
f 6551 6550 6548
f 6552 6550 6551
f 6553 6550 6552
f 6554 6553 6552
f 6555 6553 6554
f 6556 6555 6554
f 6557 6555 6556
f 6558 6557 6556
f 6559 6557 6558
f 6560 6559 6558
f 6561 6559 6560
f 6562 6559 6561
f 6563 6562 6561
f 6564 6562 6563
f 6565 6564 6563
f 6566 6565 6563
f 6567 6565 6566
f 6568 6567 6566
f 6569 6567 6568
f 6570 6569 6568
f 6571 6570 6568
f 6572 6570 6571
f 6573 6570 6572
f 6574 6573 6572
f 6575 6573 6574
f 6576 6575 6574
f 6577 6576 6574
f 6578 6576 6577
f 6579 6578 6577
f 6580 6578 6579
f 6581 6580 6579
f 6582 6581 6579
f 6583 6581 6582
f 6584 6581 6583
f 6585 6584 6583
f 6586 6584 6585
f 6587 6584 6586
f 6588 6587 6586
f 6589 6587 6588
f 6590 6589 6588
f 6591 6590 6588
f 6592 6590 6591
f 6593 6592 6591
f 6594 6593 6591
f 6595 6593 6594
f 6596 6593 6595
f 6597 6593 6596
f 6598 6597 6596
f 6599 6593 6597
f 6600 6599 6597
f 6601 6600 6597
f 6602 6601 6597
f 6598 6602 6597
f 6603 6602 6598
f 6604 6602 6603
f 6605 6604 6603
f 6606 6605 6603
f 6607 6605 6606
f 6608 6605 6607
f 6609 6608 6607
f 6610 6608 6609
f 6611 6610 6609
f 6612 6610 6611
f 6613 6612 6611
f 6614 6612 6613
f 6615 6614 6613
f 6616 6614 6615
f 6617 6614 6616
f 6618 6617 6616
f 6619 6618 6616
f 6620 6619 6616
f 6621 6619 6620
f 6622 6619 6621
f 6623 6622 6621
f 6624 6623 6621
f 6625 6623 6624
f 6626 6625 6624
f 6627 6625 6626
f 6628 6627 6626
f 6629 6627 6628
f 6630 6629 6628
f 6631 6625 6627
f 6632 6625 6631
f 6633 6632 6631
f 6634 6632 6633
f 6635 6634 6633
f 6636 6634 6635
f 6637 6634 6636
f 6638 6637 6636
f 6639 6637 6638
f 6640 6639 6638
f 6641 6639 6640
f 6642 6641 6640
f 6643 6641 6642
f 6644 6643 6642
f 6645 6644 6642
f 6646 6644 6645
f 6647 6646 6645
f 6648 6646 6647
f 6649 6648 6647
f 6650 6648 6649
f 6651 6650 6649
f 6652 6650 6651
f 6653 6652 6651
f 6654 6653 6651
f 6655 6653 6654
f 6656 6655 6654
f 6657 6656 6654
f 6658 6656 6657
f 6659 6656 6658
f 6660 6659 6658
f 6661 6660 6658
f 6662 6661 6658
f 6663 6661 6662
f 6664 6660 6661
f 6665 6664 6661
f 6666 6664 6665
f 6667 6664 6666
f 6668 6667 6666
f 6669 6668 6666
f 6670 6668 6669
f 6671 6670 6669
f 6672 6671 6669
f 6673 6670 6671
f 6674 6670 6673
f 6675 6674 6673
f 6676 6675 6673
f 6677 6675 6676
f 6678 6677 6676
f 6679 6675 6677
f 6680 6679 6677
f 6681 6680 6677
f 6682 6680 6681
f 6683 6682 6681
f 6684 6683 6681
f 6685 6684 6681
f 6677 6685 6681
f 6678 6685 6677
f 6686 6685 6678
f 6687 6685 6686
f 6688 6685 6687
f 6689 6688 6687
f 6690 6688 6689
f 6691 6690 6689
f 6692 6690 6691
f 6693 6692 6691
f 6694 6693 6691
f 6695 6694 6691
f 6696 6694 6695
f 6697 6694 6696
f 6698 6697 6696
f 6699 6698 6696
f 6700 6698 6699
f 6701 6700 6699
f 6702 6698 6700
f 6703 6702 6700
f 6704 6702 6703
f 6705 6704 6703
f 6706 6704 6705
f 6707 6706 6705
f 6708 6706 6707
f 6709 6708 6707
f 6710 6709 6707
f 6711 6709 6710
f 6712 6711 6710
f 6713 6711 6712
f 6714 6713 6712
f 6715 6713 6714
f 6716 6715 6714
f 6717 6715 6716
f 6718 6717 6716
f 6719 6717 6718
f 6720 6719 6718
f 6721 6719 6720
f 6722 6721 6720
f 6723 6721 6722
f 6724 6723 6722
f 6725 6723 6724
f 6726 6723 6725
f 6727 6726 6725
f 6728 6729 6730
f 6731 6729 6728
f 6732 6731 6728
f 6733 6732 6728
f 6734 6729 6731
f 6735 6736 6737
f 6738 6735 6737
f 6739 6735 6738
f 6740 6735 6739
f 6741 6740 6739
f 6742 6740 6741
f 6743 6740 6742
f 6744 6743 6742
f 6745 6744 6742
f 6746 6744 6745
f 6747 6746 6745
f 6748 6746 6747
f 6749 6748 6747
f 6750 6749 6747
f 6751 6749 6750
f 6752 6751 6750
f 6753 6749 6751
f 6754 6749 6753
f 6755 6754 6753
f 6756 6755 6753
f 6757 6755 6756
f 6758 6757 6756
f 6759 6757 6758
f 6760 6757 6759
f 6761 6760 6759
f 6762 6761 6759
f 6763 6761 6762
f 6764 6763 6762
f 6765 6763 6764
f 6766 6763 6765
f 6767 6766 6765
f 6768 6766 6767
f 6769 6768 6767
f 6770 6769 6767
f 6771 6769 6770
f 6772 6769 6771
f 6773 6772 6771
f 6774 6773 6771
f 6775 6773 6774
f 6776 6773 6775
f 6777 6776 6775
f 6778 6777 6775
f 6779 6777 6778
f 6780 6777 6779
f 6781 6780 6779
f 6782 6781 6779
f 6783 6782 6779
f 6784 6782 6783
f 6785 6782 6784
f 6786 6785 6784
f 6787 6786 6784
f 6788 6787 6784
f 6789 6788 6784
f 6783 6789 6784
f 6790 6789 6783
f 6791 6787 6788
f 6792 6787 6791
f 6793 6792 6791
f 6794 6792 6793
f 6795 6794 6793
f 6796 6795 6793
f 6797 6792 6794
f 6798 6792 6797
f 6799 6798 6797
f 6800 6798 6799
f 6801 6798 6800
f 6802 6801 6800
f 6803 6801 6802
f 6804 6803 6802
f 6805 6803 6804
f 6806 6805 6804
f 6807 6806 6804
f 6808 6806 6807
f 6809 6808 6807
f 6810 6808 6809
f 6811 6810 6809
f 6812 6810 6811
f 6813 6812 6811
f 6814 6812 6813
f 6815 6814 6813
f 6816 6812 6814
f 6817 6816 6814
f 6818 6819 6820
f 6821 6818 6820
f 6822 6819 6818
f 6823 6819 6822
f 6824 6823 6822
f 6825 6824 6822
f 6826 6825 6822
f 6827 6825 6826
f 6828 6825 6827
f 6829 6828 6827
f 6830 6825 6828
f 6831 6830 6828
f 6832 6830 6831
f 6833 6832 6831
f 6834 6830 6832
f 6835 6834 6832
f 6836 6835 6832
f 6824 6825 6830
f 6834 6824 6830
f 6823 6824 6834
f 6837 6838 6823
f 6839 6838 6837
f 6837 6840 6839
f 6841 6842 6843
f 6844 6842 6841
f 6845 6844 6841
f 6846 6845 6841
f 6847 6846 6841
f 6848 6846 6847
f 6849 6848 6847
f 6850 6849 6847
f 6851 6850 6847
f 6852 6848 6849
f 6853 6848 6852
f 6854 6853 6852
f 6855 6853 6854
f 6856 6855 6854
f 6857 6856 6854
f 6858 6856 6857
f 6859 6858 6857
f 6860 6859 6857
f 6861 6859 6860
f 6862 6859 6861
f 6863 6862 6861
f 6864 6863 6861
f 6865 6864 6861
f 6860 6865 6861
f 6866 6864 6865
f 6867 6864 6866
f 6868 6867 6866
f 6869 6867 6868
f 6870 6867 6869
f 6871 6870 6869
f 6872 6871 6869
f 6873 6872 6869
f 6874 6871 6872
f 6875 6874 6872
f 6876 6874 6875
f 6877 6876 6875
f 6878 6877 6875
f 6879 6877 6878
f 6880 6879 6878
f 6881 6880 6878
f 6882 6880 6881
f 6883 6880 6882
f 6884 6883 6882
f 6885 6884 6882
f 6886 6883 6884
f 6887 6883 6886
f 6888 6887 6886
f 6889 6888 6886
f 6890 6888 6889
f 6891 6890 6889
f 6892 6890 6891
f 6893 6892 6891
f 6894 6892 6893
f 6895 6892 6894
f 6896 6895 6894
f 6897 6896 6894
f 6898 6896 6897
f 6899 6898 6897
f 6900 6899 6897
f 6901 6899 6900
f 6902 6899 6901
f 6903 6902 6901
f 6904 6903 6901
f 6905 6903 6904
f 6906 6905 6904
f 6907 6905 6906
f 6908 6907 6906
f 6909 6908 6906
f 6910 6908 6909
f 6911 6910 6909
f 6912 6910 6911
f 6913 6910 6912
f 6914 6913 6912
f 6915 6914 6912
f 6916 6915 6912
f 6917 6915 6916
f 6918 6917 6916
f 6919 6918 6916
f 6920 6919 6916
f 6921 6918 6919
f 6922 6918 6921
f 6923 6922 6921
f 6924 6923 6921
f 6925 6923 6924
f 6926 6925 6924
f 6927 6925 6926
f 6928 6927 6926
f 6929 6927 6928
f 6930 6929 6928
f 6931 6929 6930
f 6932 6931 6930
f 6933 6931 6932
f 6934 6933 6932
f 6935 6934 6932
f 6936 6933 6934
f 6937 6933 6936
f 6938 6933 6937
f 6939 6938 6937
f 6940 6939 6937
f 6936 6940 6937
f 6941 6938 6939
f 6942 6938 6941
f 6943 6942 6941
f 6944 6942 6943
f 6945 6944 6943
f 6946 6945 6943
f 6947 6945 6946
f 6948 6945 6947
f 6949 6948 6947
f 6950 6949 6947
f 6951 6949 6950
f 6952 6951 6950
f 6953 6951 6952
f 6954 6951 6953
f 6955 6951 6954
f 6956 6955 6954
f 6957 6955 6956
f 6958 6957 6956
f 6959 6958 6956
f 6960 6959 6956
f 6961 6959 6960
f 6962 6959 6961
f 6963 6962 6961
f 6964 6963 6961
f 6965 6963 6964
f 6966 6965 6964
f 6967 6966 6964
f 6968 6966 6967
f 6969 6968 6967
f 6970 6968 6969
f 6971 6968 6970
f 6972 6971 6970
f 6973 6971 6972
f 6974 6973 6972
f 6975 6973 6974
f 6976 6975 6974
f 6977 6976 6974
f 6978 6977 6974
f 6979 6977 6978
f 6980 6977 6979
f 6981 6980 6979
f 6982 6980 6981
f 6983 6982 6981
f 6984 6982 6983
f 6985 6982 6984
f 6986 6985 6984
f 6987 6982 6985
f 6980 6982 6987
f 6988 6980 6987
f 6977 6980 6988
f 6989 6977 6988
f 6976 6977 6989
f 6990 6976 6989
f 6991 6990 6989
f 6992 6990 6991
f 6993 6992 6991
f 6994 6992 6993
f 6995 6994 6993
f 6996 6995 6993
f 6997 6995 6996
f 6998 6995 6997
f 6999 6998 6997
f 7000 6999 6997
f 7001 6999 7000
f 7002 7001 7000
f 7003 7001 7002
f 7004 7003 7002
f 7005 7004 7002
f 7006 7004 7005
f 7007 7004 7006
f 7008 7007 7006
f 7009 7008 7006
f 7010 7008 7009
f 7011 7008 7010
f 7012 7011 7010
f 7013 7011 7012
f 7014 7013 7012
f 7015 7014 7012
f 7016 7014 7015
f 7017 7016 7015
f 7018 7016 7017
f 7019 7018 7017
f 7020 7019 7017
f 7021 7020 7017
f 7022 7020 7021
f 7023 7022 7021
f 7024 7022 7023
f 7025 7024 7023
f 7026 7024 7025
f 7027 7026 7025
f 7028 7027 7025
f 7029 7027 7028
f 7030 7029 7028
f 7031 7029 7030
f 7032 7031 7030
f 7033 7031 7032
f 7034 7033 7032
f 7035 7034 7032
f 7036 7034 7035
f 7037 7036 7035
f 7038 7036 7037
f 7039 7038 7037
f 7040 7038 7039
f 7041 7040 7039
f 7042 7040 7041
f 7043 7042 7041
f 7044 7043 7041
f 7045 7043 7044
f 7046 7047 7048
f 7049 7047 7046
f 7050 7049 7046
f 7051 7050 7046
f 7052 7049 7050
f 7053 7052 7050
f 7054 7052 7053
f 7055 7054 7053
f 7056 7054 7055
f 7057 7056 7055
f 7058 7057 7055
f 7059 7057 7058
f 7060 7057 7059
f 7061 7057 7060
f 7056 7057 7061
f 7062 7063 7064
f 7065 7063 7062
f 7066 7065 7062
f 7067 7066 7062
f 7068 7066 7067
f 7069 7068 7067
f 7070 7068 7069
f 7071 7070 7069
f 7072 7071 7069
f 7073 7070 7071
f 7074 7073 7071
f 7075 7074 7071
f 7076 7075 7071
f 7072 7076 7071
f 7077 7076 7072
f 7078 7076 7077
f 7079 7078 7077
f 7080 7079 7077
f 7081 7079 7080
f 7082 7079 7081
f 7083 7082 7081
f 7084 7082 7083
f 7085 7084 7083
f 7086 7084 7085
f 7087 7086 7085
f 7088 7086 7087
f 7089 7088 7087
f 7090 7088 7089
f 7091 7090 7089
f 7092 7090 7091
f 7093 7092 7091
f 7094 7093 7091
f 7095 7093 7094
f 7096 7095 7094
f 7097 7095 7096
f 7098 7097 7096
f 7099 7098 7096
f 7100 7098 7099
f 7101 7098 7100
f 7102 7098 7101
f 7103 7102 7101
f 7104 7103 7101
f 7105 7103 7104
f 7106 7105 7104
f 7107 7105 7106
f 7108 7105 7107
f 7109 7108 7107
f 7110 7109 7107
f 7111 7109 7110
f 7112 7111 7110
f 7113 7112 7110
f 7114 7112 7113
f 7115 7114 7113
f 7116 7112 7114
f 7117 7116 7114
f 7118 7116 7117
f 7119 7116 7118
f 7120 7119 7118
f 7121 7116 7119
f 7122 7121 7119
f 7123 7121 7122
f 7124 7123 7122
f 7125 7124 7122
f 7126 7124 7125
f 7127 7126 7125
f 7128 7126 7127
f 7129 7128 7127
f 7130 7128 7129
f 7131 7130 7129
f 7132 7130 7131
f 7133 7132 7131
f 7134 7133 7131
f 7135 7133 7134
f 7136 7135 7134
f 7137 7135 7136
f 7138 7137 7136
f 7139 7137 7138
f 7140 7139 7138
f 7141 7140 7138
f 7142 7140 7141
f 7143 7140 7142
f 7144 7143 7142
f 7145 7144 7142
f 7146 7144 7145
f 7147 7146 7145
f 7148 7146 7147
f 7149 7148 7147
f 7150 7148 7149
f 7151 7150 7149
f 7152 7150 7151
f 7153 7152 7151
f 7149 7153 7151
f 7154 7152 7153
f 7155 7154 7153
f 7156 7155 7153
f 7157 7155 7156
f 7158 7155 7157
f 7159 7155 7158
f 7160 7159 7158
f 7161 7160 7158
f 7162 7160 7161
f 7163 7162 7161
f 7164 7162 7163
f 7165 7164 7163
f 7166 7164 7165
f 7167 7166 7165
f 7168 7166 7167
f 7169 7168 7167
f 7170 7168 7169
f 7171 7166 7168
f 7172 7166 7171
f 7164 7166 7172
f 7173 7164 7172
f 7174 7173 7172
f 7175 7173 7174
f 7176 7175 7174
f 7177 7176 7174
f 7178 7176 7177
f 7179 7178 7177
f 7180 7178 7179
f 7181 7173 7175
f 7164 7173 7181
f 7162 7164 7181
f 7182 7162 7181
f 7183 7162 7182
f 7184 7183 7182
f 7185 7184 7182
f 7186 7185 7182
f 7181 7186 7182
f 7175 7186 7181
f 7187 7186 7175
f 7188 7186 7187
f 7189 7188 7187
f 7190 7189 7187
f 7191 7189 7190
f 7192 7189 7191
f 7193 7192 7191
f 7194 7193 7191
f 7195 7193 7194
f 7196 7195 7194
f 7197 7196 7194
f 7198 7196 7197
f 7199 7196 7198
f 7200 7196 7199
f 7201 7200 7199
f 7202 7200 7201
f 7203 7202 7201
f 7204 7200 7202
f 7205 7204 7202
f 7206 7205 7202
f 7207 7205 7206
f 7208 7207 7206
f 7209 7207 7208
f 7210 7209 7208
f 7211 7210 7208
f 7206 7211 7208
f 7212 7210 7211
f 7213 7212 7211
f 7214 7212 7213
f 7215 7214 7213
f 7216 7214 7215
f 7217 7216 7215
f 7218 7216 7217
f 7219 7218 7217
f 7220 7218 7219
f 7221 7220 7219
f 7222 7221 7219
f 7223 7221 7222
f 7224 7221 7223
f 7225 7224 7223
f 7226 7225 7223
f 7227 7224 7225
f 7228 7227 7225
f 7229 7227 7228
f 7230 7227 7229
f 7231 7230 7229
f 7232 7231 7229
f 7233 7231 7232
f 7234 7233 7232
f 7235 7233 7234
f 7236 7233 7235
f 7237 7236 7235
f 7238 7237 7235
f 7239 7238 7235
f 7240 7238 7239
f 7241 7240 7239
f 7242 7240 7241
f 7243 7242 7241
f 7244 7242 7243
f 7245 7242 7244
f 7246 7245 7244
f 7247 7246 7244
f 7248 7246 7247
f 7249 7248 7247
f 7250 7248 7249
f 7251 7250 7249
f 7252 7251 7249
f 7253 7251 7252
f 7254 7253 7252
f 7255 7253 7254
f 7256 7255 7254
f 7257 7253 7255
f 7251 7253 7257
f 7258 7251 7257
f 7259 7258 7257
f 7260 7259 7257
f 7261 7260 7257
f 7262 7260 7261
f 7263 7262 7261
f 7264 7263 7261
f 7265 7264 7261
f 7266 7264 7265
f 7267 7266 7265
f 7268 7266 7267
f 7269 7268 7267
f 7270 7269 7267
f 7271 7268 7269
f 7272 7268 7271
f 7273 7272 7271
f 7274 7272 7273
f 7275 7272 7274
f 7276 7275 7274
f 7277 7276 7274
f 7278 7277 7274
f 7279 7277 7278
f 7280 7281 7282
f 7283 7281 7280
f 7284 7283 7280
f 7285 7283 7284
f 7286 7285 7284
f 7287 7285 7286
f 7288 7287 7286
f 7289 7287 7288
f 7290 7289 7288
f 7291 7290 7288
f 7292 7290 7291
f 7293 7292 7291
f 7294 7293 7291
f 7295 7293 7294
f 7296 7295 7294
f 7297 7295 7296
f 7298 7293 7295
f 7299 7298 7295
f 7300 7298 7299
f 7301 7300 7299
f 7302 7300 7301
f 7303 7302 7301
f 7304 7303 7301
f 7305 7303 7304
f 7306 7303 7305
f 7307 7306 7305
f 7308 7307 7305
f 7309 7308 7305
f 7304 7309 7305
f 7310 7309 7304
f 7311 7309 7310
f 7312 7309 7311
f 7313 7312 7311
f 7314 7312 7313
f 7315 7314 7313
f 7316 7314 7315
f 7317 7316 7315
f 7318 7316 7317
f 7319 7316 7318
f 7320 7319 7318
f 7321 7320 7318
f 7322 7320 7321
f 7323 7322 7321
f 7324 7323 7321
f 7325 7323 7324
f 7326 7325 7324
f 7327 7326 7324
f 7328 7326 7327
f 7329 7326 7328
f 7330 7329 7328
f 7331 7330 7328
f 7327 7331 7328
f 7332 7330 7331
f 7333 7332 7331
f 7334 7332 7333
f 7335 7334 7333
f 7336 7334 7335
f 7337 7334 7336
f 7338 7334 7337
f 7339 7338 7337
f 7340 7338 7339
f 7341 7338 7340
f 7342 7341 7340
f 7343 7342 7340
f 7344 7342 7343
f 7345 7344 7343
f 7346 7345 7343
f 7347 7345 7346
f 7348 7347 7346
f 7349 7347 7348
f 7350 7349 7348
f 7351 7349 7350
f 7352 7351 7350
f 7353 7351 7352
f 7354 7353 7352
f 7355 7354 7352
f 7356 7355 7352
f 7357 7355 7356
f 7358 7355 7357
f 7359 7358 7357
f 7360 7358 7359
f 7361 7360 7359
f 7362 7361 7359
f 7363 7360 7361
f 7364 7363 7361
f 7362 7364 7361
f 7365 7364 7362
f 7366 7364 7365
f 7367 7366 7365
f 7368 7367 7365
f 7369 7367 7368
f 7370 7367 7369
f 7371 7370 7369
f 7372 7371 7369
f 7373 7371 7372
f 7374 7371 7373
f 7375 7374 7373
f 7376 7374 7375
f 7377 7376 7375
f 7378 7377 7375
f 7379 7377 7378
f 7380 7377 7379
f 7381 7380 7379
f 7382 7381 7379
f 7383 7381 7382
f 7384 7383 7382
f 7385 7383 7384
f 7386 7385 7384
f 7387 7385 7386
f 7388 7387 7386
f 7389 7388 7386
f 7390 7388 7389
f 7391 7388 7390
f 7392 7388 7391
f 7393 7392 7391
f 7394 7393 7391
f 7395 7394 7391
f 7396 7394 7395
f 7397 7394 7396
f 7398 7397 7396
f 7399 7398 7396
f 7400 7398 7399
f 7401 7398 7400
f 7402 7401 7400
f 7403 7398 7401
f 7404 7403 7401
f 7405 7404 7401
f 7406 7404 7405
f 7407 7406 7405
f 7408 7407 7405
f 7409 7408 7405
f 7410 7408 7409
f 7411 7408 7410
f 7412 7411 7410
f 7413 7411 7412
f 7414 7411 7413
f 7415 7414 7413
f 7416 7415 7413
f 7417 7415 7416
f 7418 7415 7417
f 7419 7418 7417
f 7420 7418 7419
f 7421 7420 7419
f 7422 7421 7419
f 7423 7421 7422
f 7424 7423 7422
f 7425 7424 7422
f 7426 7424 7425
f 7427 7424 7426
f 7428 7427 7426
f 7429 7428 7426
f 7430 7429 7426
f 7431 7429 7430
f 7432 7429 7431
f 7433 7432 7431
f 7434 7433 7431
f 7435 7429 7432
f 7436 7435 7432
f 7437 7436 7432
f 7438 7436 7437
f 7439 7438 7437
f 7440 7439 7437
f 7441 7440 7437
f 7442 7440 7441
f 7443 7442 7441
f 7444 7443 7441
f 7445 7443 7444
f 7446 7445 7444
f 7447 7445 7446
f 7448 7445 7447
f 7449 7448 7447
f 7450 7449 7447
f 7451 7448 7449
f 7452 7451 7449
f 7453 7451 7452
f 7454 7453 7452
f 7455 7453 7454
f 7456 7455 7454
f 7457 7456 7454
f 7458 7456 7457
f 7459 7456 7458
f 7460 7459 7458
f 7461 7460 7458
f 7462 7460 7461
f 7463 7462 7461
f 7464 7463 7461
f 7465 7464 7461
f 7466 7463 7464
f 7467 7463 7466
f 7468 7463 7467
f 7469 7468 7467
f 7470 7469 7467
f 7471 7469 7470
f 7472 7471 7470
f 7473 7471 7472
f 7474 7473 7472
f 7475 7473 7474
f 7476 7475 7474
f 7477 7475 7476
f 7478 7477 7476
f 7479 7477 7478
f 7480 7479 7478
f 7481 7480 7478
f 7482 7480 7481
f 7483 7482 7481
f 7484 7482 7483
f 7485 7484 7483
f 7486 7485 7483
f 7487 7485 7486
f 7488 7487 7486
f 7489 7487 7488
f 7490 7489 7488
f 7491 7485 7487
f 7492 7491 7487
f 7489 7492 7487
f 7493 7492 7489
f 7494 7492 7493
f 7495 7494 7493
f 7496 7495 7493
f 7497 7496 7493
f 7498 7496 7497
f 7499 7500 7501
f 7502 7499 7501
f 7503 7499 7502
f 7504 7503 7502
f 7505 7503 7504
f 7506 7503 7505
f 7507 7506 7505
f 7508 7507 7505
f 7509 7507 7508
f 7510 7509 7508
f 7511 7509 7510
f 7512 7513 7514
f 7515 7513 7512
f 7516 7513 7515
f 7517 7516 7515
f 7518 7517 7515
f 7519 7517 7518
f 7520 7519 7518
f 7521 7520 7518
f 7522 7520 7521
f 7523 7520 7522
f 7524 7523 7522
f 7525 7523 7524
f 7526 7525 7524
f 7527 7526 7524
f 7528 7526 7527
f 7529 7526 7528
f 7530 7529 7528
f 7531 7529 7530
f 7532 7531 7530
f 7533 7531 7532
f 7534 7533 7532
f 7535 7531 7533
f 7536 7535 7533
f 7537 7536 7533
f 7538 7536 7537
f 7539 7538 7537
f 7540 7539 7537
f 7541 7540 7537
f 7542 7541 7537
f 7543 7541 7542
f 7544 7543 7542
f 7545 7544 7542
f 7546 7545 7542
f 7547 7546 7542
f 7548 7546 7547
f 7549 7546 7548
f 7550 7549 7548
f 7551 7549 7550
f 7552 7549 7551
f 7553 7549 7552
f 7554 7553 7552
f 7555 7554 7552
f 7551 7555 7552
f 7556 7555 7551
f 7557 7556 7551
f 7558 7555 7556
f 7559 7558 7556
f 7560 7558 7559
f 7561 7560 7559
f 7562 7561 7559
f 7563 7561 7562
f 7564 7561 7563
f 7565 7564 7563
f 7566 7565 7563
f 7567 7565 7566
f 7568 7565 7567
f 7569 7568 7567
f 7570 7569 7567
f 7571 7569 7570
f 7572 7569 7571
f 7573 7572 7571
f 7574 7572 7573
f 7575 7574 7573
f 7576 7574 7575
f 7577 7574 7576
f 7578 7572 7574
f 7577 7578 7574
f 7579 7578 7577
f 7580 7579 7577
f 7581 7580 7577
f 7576 7581 7577
f 7582 7581 7576
f 7583 7581 7582
f 7584 7583 7582
f 7585 7583 7584
f 7581 7583 7585
f 7586 7581 7585
f 7587 7586 7585
f 7588 7586 7587
f 7589 7586 7588
f 7590 7589 7588
f 7591 7590 7588
f 7592 7590 7591
f 7593 7592 7591
f 7594 7592 7593
f 7595 7594 7593
f 7596 7594 7595
f 7597 7596 7595
f 7598 7596 7597
f 7599 7598 7597
f 7600 7598 7599
f 7601 7600 7599
f 7602 7601 7599
f 7603 7601 7602
f 7604 7603 7602
f 7605 7603 7604
f 7606 7605 7604
f 7607 7605 7606
f 7608 7607 7606
f 7609 7607 7608
f 7610 7609 7608
f 7611 7609 7610
f 7612 7609 7611
f 7613 7612 7611
f 7614 7612 7613
f 7615 7614 7613
f 7616 7614 7615
f 7617 7616 7615
f 7618 7617 7615
f 7619 7617 7618
f 7620 7619 7618
f 7621 7619 7620
f 7622 7621 7620
f 7623 7617 7619
f 7624 7614 7616
f 7625 7624 7616
f 7626 7624 7625
f 7627 7626 7625
f 7628 7627 7625
f 7629 7628 7625
f 7630 7628 7629
f 7631 7630 7629
f 7632 7630 7631
f 7633 7632 7631
f 7634 7633 7631
f 7629 7634 7631
f 7635 7633 7634
f 7636 7635 7634
f 7637 7635 7636
f 7638 7635 7637
f 7639 7638 7637
f 7640 7638 7639
f 7641 7640 7639
f 7642 7641 7639
f 7643 7641 7642
f 7644 7641 7643
f 7645 7644 7643
f 7646 7644 7645
f 7647 7646 7645
f 7648 7646 7647
f 7649 7648 7647
f 7650 7649 7647
f 7651 7649 7650
f 7652 7651 7650
f 7653 7651 7652
f 7654 7651 7653
f 7655 7654 7653
f 7656 7655 7653
f 7657 7655 7656
f 7658 7655 7657
f 7659 7655 7658
f 7660 7659 7658
f 7661 7660 7658
f 7662 7660 7661
f 7663 7662 7661
f 7664 7662 7663
f 7665 7664 7663
f 7666 7664 7665
f 7667 7666 7665
f 7668 7664 7666
f 7669 7668 7666
f 7667 7669 7666
f 7670 7668 7669
f 7671 7670 7669
f 7672 7671 7669
f 7673 7671 7672
f 7674 7673 7672
f 7675 7674 7672
f 7676 7675 7672
f 7677 7675 7676
f 7678 7675 7677
f 7674 7675 7678
f 7679 7674 7678
f 7680 7679 7678
f 7681 7679 7680
f 7682 7679 7681
f 7683 7682 7681
f 7684 7682 7683
f 7685 7682 7684
f 7679 7682 7685
f 7686 7679 7685
f 7687 7686 7685
f 7688 7687 7685
f 7689 7688 7685
f 7684 7689 7685
f 7690 7689 7684
f 7691 7690 7684
f 7683 7691 7684
f 7692 7691 7683
f 7693 7692 7683
f 7681 7693 7683
f 7680 7693 7681
f 7694 7692 7693
f 7695 7694 7693
f 7696 7695 7693
f 7697 7695 7696
f 7698 7697 7696
f 7699 7695 7697
f 7700 7699 7697
f 7701 7700 7697
f 7702 7700 7701
f 7703 7702 7701
f 7704 7703 7701
f 7705 7703 7704
f 7706 7705 7704
f 7707 7706 7704
f 7708 7707 7704
f 7709 7708 7704
f 7710 7708 7709
f 7711 7708 7710
f 7707 7708 7711
f 7712 7707 7711
f 7706 7707 7712
f 7713 7706 7712
f 7714 7706 7713
f 7715 7714 7713
f 7716 7715 7713
f 7717 7715 7716
f 7718 7717 7716
f 7719 7717 7718
f 7720 7719 7718
f 7721 7720 7718
f 7722 7719 7720
f 7723 7719 7722
f 7724 7723 7722
f 7725 7724 7722
f 7726 7724 7725
f 7727 7726 7725
f 7728 7726 7727
f 7729 7726 7728
f 7730 7729 7728
f 7731 7729 7730
f 7732 7731 7730
f 7733 7732 7730
f 7734 7732 7733
f 7735 7734 7733
f 7736 7734 7735
f 7737 7736 7735
f 7738 7736 7737
f 7739 7738 7737
f 7740 7738 7739
f 7741 7740 7739
f 7742 7740 7741
f 7743 7742 7741
f 7744 7742 7743
f 7745 7744 7743
f 7746 7744 7745
f 7747 7746 7745
f 7748 7747 7745
f 7749 7747 7748
f 7750 7747 7749
f 7751 7750 7749
f 7752 7750 7751
f 7753 7752 7751
f 7754 7752 7753
f 7755 7754 7753
f 7756 7755 7753
f 7757 7756 7753
f 7758 7756 7757
f 7759 7758 7757
f 7760 7756 7758
f 7761 7760 7758
f 7762 7761 7758
f 7759 7762 7758
f 7763 7762 7759
f 7764 7763 7759
f 7765 7766 7767
f 7768 7765 7767
f 7769 7765 7768
f 7770 7769 7768
f 7771 7772 7773
f 7774 7772 7771
f 7775 7774 7771
f 7776 7775 7771
f 7777 7775 7776
f 7778 7775 7777
f 7779 7778 7777
f 7780 7778 7779
f 7781 7780 7779
f 7782 7781 7779
f 7783 7782 7779
f 7777 7783 7779
f 7784 7783 7777
f 7785 7783 7784
f 7786 7783 7785
f 7787 7783 7786
f 7788 7787 7786
f 7789 7788 7786
f 7790 7789 7786
f 7791 7789 7790
f 7792 7791 7790
f 7793 7791 7792
f 7794 7793 7792
f 7795 7793 7794
f 7796 7795 7794
f 7797 7796 7794
f 7798 7796 7797
f 7799 7798 7797
f 7800 7799 7797
f 7801 7800 7797
f 7802 7803 7804
f 7805 7802 7804
f 7806 7802 7805
f 7807 7806 7805
f 7808 7806 7807
f 7809 7808 7807
f 7810 7809 7811
f 7812 7810 7811
f 7813 7814 7815
f 7816 7813 7815
f 7817 7816 7815
f 7818 7813 7816
f 7819 7813 7818
f 7820 7819 7818
f 7821 7820 7818
f 7822 7820 7821
f 7823 7820 7822
f 7824 7820 7823
f 7825 7824 7823
f 7826 7825 7823
f 7827 7826 7823
f 7822 7827 7823
f 7828 7827 7822
f 7829 7827 7828
f 7830 7827 7829
f 7831 7830 7829
f 7832 7830 7831
f 7833 7832 7831
f 7834 7832 7833
f 7835 7834 7833
f 7836 7835 7833
f 7837 7834 7835
f 7838 7832 7834
f 7839 7838 7834
f 7840 7839 7834
f 7837 7840 7834
f 7841 7839 7840
f 7842 7841 7840
f 7843 7841 7842
f 7844 7843 7842
f 7845 7843 7844
f 7846 7845 7844
f 7847 7845 7846
f 7848 7847 7846
f 7849 7847 7848
f 7850 7849 7848
f 7851 7850 7848
f 7852 7850 7851
f 7853 7850 7852
f 7854 7853 7852
f 7855 7854 7852
f 7856 7854 7855
f 7857 7856 7855
f 7858 7856 7857
f 7859 7858 7857
f 7860 7859 7857
f 7861 7859 7860
f 7862 7861 7860
f 7863 7862 7860
f 7864 7863 7860
f 7865 7862 7863
f 7866 7862 7865
f 7867 7866 7865
f 7868 7867 7865
f 7869 7866 7867
f 7870 7866 7869
f 7871 7870 7869
f 7872 7871 7869
f 7873 7871 7872
f 7874 7873 7872
f 7875 7873 7874
f 7876 7875 7874
f 7877 7875 7876
f 7878 7877 7876
f 7879 7878 7876
f 7880 7878 7879
f 7881 7880 7879
f 7882 7881 7879
f 7883 7881 7882
f 7884 7883 7882
f 7885 7883 7884
f 7886 7885 7884
f 7887 7886 7884
f 7888 7887 7884
f 7889 7885 7886
f 7890 7889 7886
f 7891 7889 7890
f 7892 7889 7891
f 7893 7892 7891
f 7894 7892 7893
f 7895 7894 7893
f 7896 7895 7893
f 7897 7895 7896
f 7898 7897 7896
f 7899 7897 7898
f 7900 7899 7898
f 7901 7899 7900
f 7902 7901 7900
f 7903 7901 7902
f 7904 7903 7902
f 7905 7903 7904
f 7906 7905 7904
f 7907 7906 7904
f 7908 7907 7904
f 7909 7907 7908
f 7910 7907 7909
f 7911 7910 7909
f 7912 7910 7911
f 7913 7912 7911
f 7914 7912 7913
f 7915 7914 7913
f 7916 7914 7915
f 7917 7916 7915
f 7918 7916 7917
f 7919 7918 7917
f 7920 7919 7917
f 7921 7918 7919
f 7922 7921 7919
f 7923 7921 7922
f 7924 7921 7923
f 7925 7924 7923
f 7926 7925 7923
f 7927 7926 7923
f 7928 7927 7923
f 7929 7927 7928
f 7930 7927 7929
f 7931 7930 7929
f 7932 7931 7929
f 7933 7932 7929
f 7934 7931 7932
f 7935 7931 7934
f 7936 7935 7934
f 7937 7936 7934
f 7938 7936 7937
f 7939 7936 7938
f 7940 7939 7938
f 7941 7939 7940
f 7942 7931 7935
f 7943 7942 7935
f 7944 7943 7935
f 7945 7943 7944
f 7946 7945 7944
f 7947 7945 7946
f 7948 7947 7946
f 7949 7947 7948
f 7950 7949 7948
f 7951 7947 7949
f 7952 7951 7949
f 7953 7952 7949
f 7954 7952 7953
f 7955 7952 7954
f 7956 7955 7954
f 7957 7956 7954
f 7958 7956 7957
f 7959 7956 7958
f 7960 7959 7958
f 7961 7960 7958
f 7962 7961 7958
f 7963 7961 7962
f 7964 7963 7962
f 7965 7964 7962
f 7966 7963 7964
f 7967 7963 7966
f 7968 7967 7966
f 7969 7968 7966
f 7970 7968 7969
f 7971 7970 7969
f 7972 7970 7971
f 7973 7970 7972
f 7974 7973 7972
f 7975 7973 7974
f 7976 7975 7974
f 7977 7976 7974
f 7978 7976 7977
f 7979 7976 7978
f 7980 7979 7978
f 7981 7980 7978
f 7982 7980 7981
f 7983 7980 7982
f 7984 7983 7982
f 7985 7984 7982
f 7986 7984 7985
f 7987 7986 7985
f 7988 7986 7987
f 7989 7988 7987
f 7990 7988 7989
f 7991 7990 7989
f 7992 7990 7991
f 7993 7992 7991
f 7994 7992 7993
f 7995 7994 7993
f 7996 7995 7993
f 7997 7994 7995
f 7998 7997 7995
f 7999 7997 7998
f 8000 7997 7999
f 8001 8000 7999
f 8002 8001 7999
f 8003 8002 7999
f 8004 8002 8003
f 8005 8002 8004
f 8006 8005 8004
f 8007 8005 8006
f 8008 8007 8006
f 8009 8007 8008
f 8010 8009 8008
f 8011 8010 8008
f 8012 8010 8011
f 8013 8009 8010
f 8014 8013 8010
f 8015 8014 8010
f 8016 8014 8015
f 8017 8016 8015
f 8018 8016 8017
f 8019 8016 8018
f 8020 8019 8018
f 8021 8019 8020
f 8022 8021 8020
f 8023 8022 8020
f 8024 8022 8023
f 8025 8024 8023
f 8026 8024 8025
f 8027 8026 8025
f 8028 8027 8025
f 8029 8026 8027
f 8030 8029 8027
f 8031 8029 8030
f 8032 8031 8030
f 8033 8031 8032
f 8034 8033 8032
f 8035 8033 8034
f 8036 8035 8034
f 8037 8035 8036
f 8038 8037 8036
f 8039 8037 8038
f 8040 8039 8038
f 8041 8039 8040
f 8042 8041 8040
f 8043 8042 8040
f 8044 8043 8040
f 8045 8043 8044
f 8046 8043 8045
f 8047 8046 8045
f 8048 8046 8047
f 8049 8048 8047
f 8050 8048 8049
f 8051 8050 8049
f 8052 8051 8049
f 8053 8051 8052
f 8054 8053 8052
f 8055 8054 8052
f 8056 8055 8052
f 8049 8056 8052
f 8057 8056 8049
f 8047 8057 8049
f 8058 8057 8047
f 8059 8057 8058
f 8060 8059 8058
f 8061 8060 8058
f 8062 8061 8058
f 8063 8062 8058
f 8064 8060 8061
f 8065 8064 8061
f 8066 8064 8065
f 8067 8066 8065
f 8068 8067 8065
f 8069 8066 8067
f 8070 8069 8067
f 8071 8069 8070
f 8072 8071 8070
f 8073 8072 8070
f 8074 8072 8073
f 8075 8074 8073
f 8076 8075 8073
f 8077 8075 8076
f 8078 8077 8076
f 8079 8077 8078
f 8080 8079 8081
f 8082 8080 8081
f 8083 8082 8081
f 8084 8082 8083
f 8085 8084 8083
f 8086 8084 8085
f 8087 8086 8085
f 8088 8087 8085
f 8089 8087 8088
f 8090 8087 8089
f 8091 8090 8089
f 8092 8090 8091
f 8093 8092 8091
f 8094 8093 8091
f 8095 8093 8094
f 8096 8095 8094
f 8097 8095 8096
f 8098 8095 8097
f 8099 8098 8097
f 8100 8098 8099
f 8101 8098 8100
f 8102 8101 8100
f 8103 8101 8102
f 8104 8103 8102
f 8105 8103 8104
f 8106 8105 8104
f 8107 8105 8106
f 8108 8107 8106
f 8109 8108 8106
f 8110 8108 8109
f 8111 8110 8109
f 8112 8110 8111
f 8113 8110 8112
f 8114 8113 8112
f 8115 8110 8113
f 8116 8115 8113
f 8117 8115 8116
f 8108 8110 8115
f 8117 8108 8115
f 8107 8108 8117
f 8118 8105 8107
f 8095 8098 8101
f 8093 8095 8101
f 8103 8093 8101
f 8092 8093 8103
f 8105 8092 8103
f 8118 8092 8105
f 8090 8092 8118
f 8087 8090 8118
f 8086 8087 8118
f 8107 8086 8118
f 8117 8086 8107
f 8084 8086 8117
f 8116 8084 8117
f 8082 8084 8116
f 8080 8082 8116
f 8113 8080 8116
f 8114 8080 8113
f 8079 8080 8114
f 8077 8079 8114
f 8112 8077 8114
f 8075 8077 8112
f 8111 8075 8112
f 8074 8075 8111
f 8109 8074 8111
f 8072 8074 8109
f 8106 8072 8109
f 8104 8072 8106
f 8071 8072 8104
f 8102 8071 8104
f 8069 8071 8102
f 8100 8069 8102
f 8066 8069 8100
f 8099 8066 8100
f 8064 8066 8099
f 8060 8064 8099
f 8097 8060 8099
f 8059 8060 8097
f 8096 8059 8097
f 8057 8059 8096
f 8056 8057 8096
f 8094 8056 8096
f 8055 8056 8094
f 8091 8055 8094
f 8089 8055 8091
f 8054 8055 8089
f 8119 8054 8089
f 8088 8119 8089
f 8120 8119 8088
f 8121 8054 8119
f 8122 8121 8119
f 8123 8122 8119
f 8124 8122 8123
f 8125 8124 8123
f 8126 8124 8125
f 8127 8124 8126
f 8128 8127 8126
f 8129 8127 8128
f 8130 8129 8128
f 8131 8132 8133
f 8134 8132 8131
f 8135 8134 8131
f 8136 8135 8131
f 8137 8136 8131
f 8138 8136 8137
f 8139 8136 8138
f 8140 8139 8138
f 8141 8139 8140
f 8142 8141 8140
f 8143 8142 8140
f 8144 8141 8142
f 8145 8144 8142
f 8146 8144 8145
f 8147 8146 8145
f 8148 8147 8145
f 8149 8147 8148
f 8150 8149 8148
f 8151 8150 8148
f 8152 8151 8148
f 8153 8152 8148
f 8154 8152 8153
f 8155 8154 8153
f 8156 8155 8153
f 8157 8156 8153
f 8158 8156 8157
f 8159 8158 8157
f 8160 8158 8159
f 8161 8160 8159
f 8162 8160 8161
f 8163 8162 8161
f 8164 8162 8163
f 8165 8162 8164
f 8166 8165 8164
f 8167 8165 8166
f 8168 8165 8167
f 8169 8168 8167
f 8170 8169 8167
f 8171 8170 8167
f 8172 8170 8171
f 8173 8172 8171
f 8174 8172 8173
f 8175 8172 8174
f 8176 8175 8174
f 8177 8176 8174
f 8178 8177 8174
f 8179 8177 8178
f 8180 8179 8178
f 8181 8179 8180
f 8182 8181 8180
f 8183 8182 8180
f 8184 8182 8183
f 8185 8182 8184
f 8186 8185 8184
f 8187 8186 8184
f 8188 8186 8187
f 8189 8186 8188
f 8190 8189 8188
f 8191 8190 8188
f 8192 8191 8188
f 8193 8194 8195
f 8196 8194 8193
f 8197 8196 8193
f 8198 8196 8197
f 8199 8198 8197
f 8200 8199 8197
f 8201 8198 8199
f 8202 8201 8199
f 8203 8201 8202
f 8204 8201 8203
f 8205 8204 8203
f 8206 8205 8203
f 8207 8204 8205
f 8208 8207 8205
f 8209 8207 8208
f 8210 8207 8209
f 8204 8207 8210
f 8198 8201 8204
f 8210 8198 8204
f 8196 8198 8210
f 8194 8196 8210
f 8209 8194 8210
f 8189 8190 8208
f 8205 8189 8208
f 8206 8189 8205
f 8186 8189 8206
f 8185 8186 8206
f 8203 8185 8206
f 8202 8185 8203
f 8182 8185 8202
f 8181 8182 8202
f 8199 8181 8202
f 8200 8181 8199
f 8179 8181 8200
f 8211 8175 8176
f 8212 8175 8211
f 8213 8212 8211
f 8214 8212 8213
f 8215 8214 8213
f 8216 8212 8214
f 8217 8216 8214
f 8218 8217 8214
f 8215 8218 8214
f 8219 8218 8215
f 8220 8221 8222
f 8223 8220 8222
f 8224 8223 8222
f 8225 8223 8224
f 8226 8225 8224
f 8227 8226 8224
f 8228 8227 8224
f 8229 8226 8227
f 8230 8229 8227
f 8231 8229 8230
f 8232 8229 8231
f 8233 8232 8231
f 8234 8232 8233
f 8235 8234 8233
f 8236 8232 8234
f 8237 8236 8234
f 8238 8237 8234
f 8239 8237 8238
f 8240 8237 8239
f 8241 8240 8239
f 8242 8241 8239
f 8243 8242 8239
f 8238 8243 8239
f 8244 8243 8238
f 8245 8244 8238
f 8246 8244 8245
f 8247 8246 8245
f 8248 8246 8247
f 8249 8248 8247
f 8250 8249 8247
f 8251 8249 8250
f 8252 8251 8250
f 8253 8251 8252
f 8254 8253 8252
f 8255 8254 8252
f 8256 8255 8252
f 8257 8253 8254
f 8258 8253 8257
f 8259 8258 8257
f 8260 8259 8257
f 8261 8259 8260
f 8262 8261 8260
f 8263 8261 8262
f 8264 8263 8262
f 8265 8263 8264
f 8266 8265 8264
f 8267 8265 8266
f 8268 8265 8267
f 8269 8268 8267
f 8270 8268 8269
f 8271 8270 8269
f 8272 8271 8269
f 8273 8272 8269
f 8274 8272 8273
f 8271 8272 8274
f 8275 8271 8274
f 8276 8275 8274
f 8277 8276 8274
f 8278 8276 8277
f 8279 8278 8277
f 8280 8278 8279
f 8281 8280 8279
f 8282 8281 8279
f 8283 8282 8279
f 8284 8282 8283
f 8285 8284 8283
f 8286 8284 8285
f 8287 8284 8286
f 8288 8287 8286
f 8289 8288 8286
f 8290 8288 8289
f 8291 8290 8289
f 8292 8290 8291
f 8293 8292 8291
f 8294 8293 8291
f 8295 8292 8293
f 8296 8295 8293
f 8297 8295 8296
f 8298 8297 8296
f 8299 8298 8296
f 8300 8298 8299
f 8301 8298 8300
f 8302 8301 8300
f 8303 8302 8300
f 8304 8303 8300
f 8305 8303 8304
f 8306 8303 8305
f 8307 8306 8305
f 8308 8307 8305
f 8309 8307 8308
f 8310 8309 8308
f 8311 8309 8310
f 8312 8311 8310
f 8313 8311 8312
f 8314 8313 8312
f 8315 8314 8312
f 8316 8314 8315
f 8317 8316 8315
f 8318 8316 8317
f 8319 8318 8317
f 8320 8319 8317
f 8321 8319 8320
f 8322 8321 8320
f 8323 8322 8320
f 8324 8322 8323
f 8325 8322 8324
f 8326 8322 8325
f 8327 8326 8325
f 8328 8326 8327
f 8329 8328 8327
f 8330 8328 8329
f 8331 8330 8329
f 8332 8331 8329
f 8333 8331 8332
f 8334 8331 8333
f 8335 8334 8333
f 8336 8335 8333
f 8337 8335 8336
f 8338 8335 8337
f 8339 8338 8337
f 8340 8339 8337
f 8341 8339 8340
f 8342 8341 8340
f 8343 8341 8342
f 8344 8343 8342
f 8345 8344 8342
f 8346 8345 8342
f 8347 8345 8346
f 8348 8347 8346
f 8349 8348 8346
f 8350 8348 8349
f 8351 8348 8350
f 8352 8351 8350
f 8353 8351 8352
f 8354 8353 8352
f 8355 8354 8352
f 8356 8353 8354
f 8357 8356 8354
f 8358 8356 8357
f 8359 8356 8358
f 8360 8359 8358
f 8361 8360 8358
f 8362 8360 8361
f 8363 8362 8361
f 8364 8363 8361
f 8365 8363 8364
f 8366 8363 8365
f 8367 8366 8365
f 8368 8367 8365
f 8369 8367 8368
f 8370 8367 8369
f 8371 8370 8369
f 8372 8371 8369
f 8373 8371 8372
f 8374 8373 8372
f 8375 8374 8372
f 8376 8375 8372
f 8377 8374 8375
f 8378 8377 8375
f 8379 8377 8378
f 8380 8377 8379
f 8381 8380 8379
f 8382 8380 8381
f 8383 8380 8382
f 8384 8383 8382
f 8385 8384 8382
f 8386 8384 8385
f 8387 8386 8385
f 8388 8386 8387
f 8389 8388 8387
f 8390 8389 8387
f 8391 8389 8390
f 8392 8391 8390
f 8393 8391 8392
f 8394 8391 8393
f 8395 8394 8393
f 8396 8395 8393
f 8397 8395 8396
f 8398 8397 8396
f 8399 8397 8398
f 8400 8397 8399
f 8401 8400 8399
f 8402 8401 8399
f 8403 8401 8402
f 8404 8403 8402
f 8405 8404 8402
f 8406 8404 8405
f 8407 8404 8406
f 8408 8407 8406
f 8409 8408 8406
f 8410 8408 8409
f 8411 8410 8409
f 8412 8410 8411
f 8413 8412 8411
f 8414 8412 8413
f 8415 8414 8413
f 8416 8415 8413
f 8417 8415 8416
f 8418 8417 8416
f 8419 8417 8418
f 8420 8419 8418
f 8421 8419 8420
f 8422 8421 8420
f 8423 8421 8422
f 8424 8423 8422
f 8425 8423 8424
f 8426 8423 8425
f 8427 8426 8425
f 8428 8423 8426
f 8429 8428 8426
f 8430 8429 8426
f 8431 8429 8430
f 8432 8431 8430
f 8433 8432 8430
f 8434 8432 8433
f 8435 8434 8433
f 8436 8435 8433
f 8430 8436 8433
f 8437 8435 8436
f 8438 8437 8436
f 8439 8438 8436
f 8440 8438 8439
f 8441 8437 8438
f 8442 8441 8438
f 8440 8442 8438
f 8443 8442 8440
f 8444 8442 8443
f 8445 8444 8443
f 8446 8444 8445
f 8447 8446 8445
f 8448 8446 8447
f 8449 8448 8447
f 8450 8448 8449
f 8451 8450 8449
f 8452 8450 8451
f 8453 8452 8451
f 8454 8453 8451
f 8455 8452 8453
f 8456 8452 8455
f 8457 8456 8455
f 8458 8456 8457
f 8459 8458 8457
f 8460 8459 8457
f 8461 8459 8460
f 8462 8461 8460
f 8463 8462 8460
f 8464 8462 8463
f 8465 8464 8463
f 8466 8464 8465
f 8467 8466 8465
f 8468 8466 8467
f 8469 8468 8467
f 8470 8468 8469
f 8471 8470 8469
f 8472 8470 8471
f 8473 8470 8472
f 8474 8473 8472
f 8475 8473 8474
f 8476 8475 8474
f 8477 8475 8476
f 8478 8477 8476
f 8479 8477 8478
f 8480 8479 8478
f 8481 8479 8480
f 8482 8481 8480
f 8483 8481 8482
f 8484 8483 8482
f 8485 8484 8482
f 8486 8485 8482
f 8487 8484 8485
f 8488 8484 8487
f 8489 8488 8487
f 8490 8488 8489
f 8491 8490 8489
f 8492 8491 8489
f 8493 8491 8492
f 8494 8493 8492
f 8495 8493 8494
f 8496 8495 8494
f 8497 8495 8496
f 8498 8495 8497
f 8499 8498 8497
f 8500 8498 8499
f 8501 8500 8499
f 8502 8498 8500
f 8503 8502 8500
f 8501 8503 8500
f 8504 8503 8501
f 8505 8504 8501
f 8506 8504 8505
f 8507 8504 8506
f 8508 8507 8506
f 8509 8508 8506
f 8510 8508 8509
f 8511 8510 8509
f 8512 8513 8514
f 8515 8513 8512
f 8516 8515 8512
f 8517 8516 8512
f 8518 8517 8512
f 8519 8518 8512
f 8514 8519 8512
f 8520 8521 8522
f 8523 8521 8520
f 8524 8523 8520
f 8525 8524 8520
f 8526 8524 8525
f 8527 8526 8525
f 8528 8527 8525
f 8529 8528 8525
f 8530 8528 8529
f 8531 8530 8529
f 8532 8531 8529
f 8533 8531 8532
f 8534 8531 8533
f 8535 8534 8533
f 8536 8534 8535
f 8537 8536 8535
f 8538 8536 8537
f 8539 8534 8536
f 8540 8539 8536
f 8541 8539 8540
f 8542 8541 8540
f 8543 8539 8541
f 8544 8543 8541
f 8545 8544 8541
f 8546 8544 8545
f 8547 8546 8545
f 8548 8547 8545
f 8549 8548 8545
f 8550 8549 8545
f 8551 8549 8550
f 8552 8551 8550
f 8553 8552 8550
f 8554 8553 8550
f 8555 8553 8554
f 8556 8555 8554
f 8557 8556 8554
f 8558 8556 8557
f 8559 8558 8557
f 8560 8559 8557
f 8561 8560 8557
f 8562 8560 8561
f 8563 8560 8562
f 8564 8563 8562
f 8565 8564 8562
f 8566 8565 8562
f 8567 8566 8562
f 8568 8566 8567
f 8562 8569 8567
f 8561 8569 8562
f 8570 8571 8572
f 8573 8571 8570
f 8574 8573 8570
f 8575 8574 8570
f 8576 8575 8570
f 8577 8575 8576
f 8578 8575 8577
f 8579 8578 8577
f 8580 8578 8579
f 8581 8580 8579
f 8582 8581 8579
f 8583 8581 8582
f 8584 8583 8582
f 8585 8584 8582
f 8586 8584 8585
f 8587 8584 8586
f 8588 8587 8586
f 8589 8588 8586
f 8590 8588 8589
f 8591 8588 8590
f 8592 8591 8590
f 8593 8591 8592
f 8594 8593 8592
f 8595 8593 8594
f 8596 8595 8594
f 8597 8595 8596
f 8598 8595 8597
f 8599 8598 8597
f 8600 8601 8602
f 8603 8600 8602
f 8604 8601 8600
f 8605 8604 8600
f 8606 8604 8605
f 8607 8606 8605
f 8608 8607 8605
f 8609 8607 8608
f 8610 8609 8608
f 8611 8609 8610
f 8612 8611 8610
f 8613 8612 8610
f 8614 8612 8613
f 8615 8614 8613
f 8616 8614 8615
f 8617 8616 8615
f 8618 8617 8615
f 8619 8617 8618
f 8620 8617 8619
f 8621 8620 8619
f 8622 8620 8621
f 8623 8622 8621
f 8624 8623 8621
f 8625 8624 8621
f 8626 8624 8625
f 8627 8626 8625
f 8628 8626 8627
f 8629 8628 8627
f 8630 8629 8627
f 8631 8629 8630
f 8632 8631 8630
f 8633 8629 8631
f 8628 8629 8633
f 8634 8628 8633
f 8635 8634 8633
f 8636 8634 8635
f 8637 8636 8635
f 8638 8637 8635
f 8639 8636 8637
f 8640 8639 8637
f 8641 8639 8640
f 8642 8641 8640
f 8643 8642 8640
f 8644 8642 8643
f 8645 8644 8643
f 8646 8644 8645
f 8647 8648 8649
f 8650 8647 8649
f 8651 8650 8649
f 8652 8650 8651
f 8653 8650 8652
f 8654 8653 8652
f 8655 8653 8654
f 8656 8655 8654
f 8657 8655 8656
f 8658 8657 8656
f 8659 8658 8656
f 8660 8659 8656
f 8661 8659 8660
f 8662 8661 8660
f 8663 8661 8662
f 8664 8663 8662
f 8665 8663 8664
f 8666 8665 8664
f 8667 8665 8666
f 8668 8667 8666
f 8669 8667 8668
f 8670 8669 8668
f 8671 8669 8670
f 8672 8671 8670
f 8673 8672 8670
f 8674 8673 8670
f 8675 8673 8674
f 8676 8673 8675
f 8677 8676 8675
f 8678 8677 8675
f 8679 8678 8675
f 8680 8678 8679
f 8681 8678 8680
f 8682 8678 8681
f 8683 8682 8681
f 8684 8682 8683
f 8685 8684 8683
f 8686 8685 8683
f 8687 8685 8686
f 8688 8687 8686
f 8689 8687 8688
f 8690 8689 8688
f 8691 8690 8688
f 8692 8690 8691
f 8693 8690 8692
f 8694 8693 8692
f 8695 8694 8692
f 8696 8694 8695
f 8697 8696 8695
f 8698 8697 8695
f 8699 8698 8695
f 8700 8698 8699
f 8701 8700 8699
f 8702 8700 8701
f 8703 8702 8701
f 8704 8702 8703
f 8705 8704 8703
f 8706 8704 8705
f 8707 8706 8705
f 8708 8706 8707
f 8709 8708 8707
f 8710 8709 8707
f 8711 8709 8710
f 8712 8711 8710
f 8713 8711 8712
f 8714 8711 8713
f 8715 8714 8713
f 8716 8714 8715
f 8717 8716 8715
f 8718 8716 8717
f 8719 8718 8717
f 8720 8718 8719
f 8721 8720 8719
f 8722 8721 8719
f 8723 8722 8719
f 8724 8721 8722
f 8725 8724 8722
f 8726 8724 8725
f 8727 8726 8725
f 8728 8726 8727
f 8729 8728 8727
f 8730 8729 8727
f 8731 8729 8730
f 8732 8731 8730
f 8733 8732 8730
f 8734 8732 8733
f 8735 8734 8733
f 8736 8734 8735
f 8737 8736 8735
f 8738 8734 8736
f 8739 8738 8736
f 8740 8738 8739
f 8741 8740 8739
f 8742 8741 8739
f 8743 8741 8742
f 8744 8743 8742
f 8745 8743 8744
f 8746 8745 8744
f 8747 8746 8744
f 8748 8746 8747
f 8749 8748 8747
f 8750 8748 8749
f 8751 8748 8750
f 8752 8751 8750
f 8753 8752 8750
f 8754 8752 8753
f 8755 8752 8754
f 8756 8755 8754
f 8757 8755 8756
f 8758 8757 8756
f 8759 8757 8758
f 8760 8759 8758
f 8761 8759 8760
f 8762 8761 8760
f 8763 8762 8760
f 8764 8762 8763
f 8765 8762 8764
f 8766 8765 8764
f 8767 8765 8766
f 8768 8767 8766
f 8769 8768 8766
f 8770 8767 8768
f 8771 8770 8768
f 8772 8770 8771
f 8773 8772 8771
f 8774 8772 8773
f 8775 8774 8773
f 8776 8774 8775
f 8777 8774 8776
f 8778 8777 8776
f 8779 8778 8776
f 8780 8779 8776
f 8781 8779 8780
f 8782 8779 8781
f 8783 8779 8782
f 8784 8783 8782
f 8785 8784 8782
f 8786 8785 8782
f 8781 8786 8782
f 8787 8786 8781
f 8788 8787 8781
f 8789 8787 8788
f 8790 8789 8788
f 8791 8789 8790
f 8792 8789 8791
f 8793 8792 8791
f 8794 8793 8791
f 8795 8793 8794
f 8796 8795 8794
f 8797 8795 8796
f 8798 8797 8796
f 8799 8798 8796
f 8800 8795 8797
f 8801 8800 8797
f 8802 8800 8801
f 8803 8802 8801
f 8804 8803 8801
f 8797 8804 8801
f 8805 8804 8797
f 8798 8805 8797
f 8806 8805 8798
f 8807 8806 8798
f 8799 8807 8798
f 8808 8806 8807
f 8809 8808 8807
f 8810 8808 8809
f 8811 8808 8810
f 8812 8811 8810
f 8813 8811 8812
f 8814 8813 8812
f 8815 8814 8812
f 8810 8815 8812
f 8816 8815 8810
f 8809 8816 8810
f 8817 8815 8816
f 8818 8815 8817
f 8819 8818 8817
f 8820 8818 8819
f 8821 8820 8819
f 8822 8821 8819
f 8823 8821 8822
f 8824 8821 8823
f 8825 8824 8823
f 8826 8825 8823
f 8827 8825 8826
f 8828 8827 8826
f 8829 8827 8828
f 8830 8829 8828
f 8831 8829 8830
f 8832 8831 8830
f 8833 8831 8832
f 8834 8833 8832
f 8835 8834 8832
f 8836 8834 8835
f 8837 8836 8835
f 8838 8836 8837
f 8839 8838 8837
f 8840 8838 8839
f 8841 8840 8839
f 8842 8841 8839
f 8843 8841 8842
f 8844 8843 8842
f 8845 8843 8844
f 8846 8843 8845
f 8847 8846 8845
f 8848 8847 8845
f 8849 8848 8845
f 8844 8849 8845
f 8850 8848 8849
f 8851 8848 8850
f 8852 8851 8850
f 8853 8851 8852
f 8854 8851 8853
f 8855 8854 8853
f 8856 8855 8853
f 8857 8855 8856
f 8858 8855 8857
f 8859 8858 8857
f 8860 8859 8857
f 8861 8860 8857
f 8862 8860 8861
f 8863 8862 8861
f 8859 8860 8862
f 8864 8859 8862
f 8865 8864 8862
f 8863 8865 8862
f 8866 8865 8863
f 8867 8866 8863
f 8868 8867 8863
f 8861 8868 8863
f 8869 8868 8861
f 8870 8868 8869
f 8871 8868 8870
f 8867 8868 8871
f 8872 8867 8871
f 8873 8872 8871
f 8874 8872 8873
f 8875 8874 8873
f 8876 8875 8873
f 8877 8876 8873
f 8878 8876 8877
f 8879 8878 8877
f 8880 8878 8879
f 8881 8880 8879
f 8882 8880 8881
f 8883 8880 8882
f 8884 8880 8883
f 8885 8884 8883
f 8886 8884 8885
f 8887 8886 8885
f 8888 8886 8887
f 8889 8886 8888
f 8890 8889 8888
f 8891 8890 8888
f 8892 8890 8891
f 8893 8890 8892
f 8894 8893 8892
f 8895 8893 8894
f 8896 8895 8894
f 8897 8896 8894
f 8898 8896 8897
f 8899 8896 8898
f 8900 8899 8898
f 8901 8899 8900
f 8902 8901 8900
f 8903 8901 8902
f 8904 8903 8902
f 8905 8904 8902
f 8906 8904 8905
f 8907 8903 8904
f 8908 8903 8907
f 8909 8908 8907
f 8910 8908 8909
f 8911 8910 8909
f 8912 8911 8909
f 8913 8912 8909
f 8914 8912 8913
f 8915 8914 8913
f 8916 8914 8915
f 8917 8916 8915
f 8918 8916 8917
f 8919 8918 8917
f 8920 8919 8917
f 8921 8919 8920
f 8922 8919 8921
f 8923 8922 8921
f 8924 8922 8923
f 8925 8924 8923
f 8926 8925 8923
f 8927 8926 8923
f 8928 8926 8927
f 8929 8926 8928
f 8930 8929 8928
f 8931 8929 8930
f 8932 8931 8930
f 8933 8931 8932
f 8934 8933 8932
f 8935 8933 8934
f 8936 8935 8934
f 8937 8933 8935
f 8938 8937 8935
f 8939 8937 8938
f 8940 8939 8938
f 8941 8939 8940
f 8942 8941 8940
f 8943 8942 8940
f 8944 8942 8943
f 8945 8944 8943
f 8946 8944 8945
f 8947 8946 8945
f 8948 8947 8945
f 8949 8947 8948
f 8950 8949 8948
f 8951 8949 8950
f 8952 8951 8950
f 8953 8949 8951
f 8954 8953 8951
f 8955 8954 8951
f 8956 8955 8951
f 8957 8955 8956
f 8958 8957 8956
f 8959 8958 8956
f 8960 8959 8956
f 8961 8959 8960
f 8962 8961 8960
f 8963 8961 8962
f 8964 8963 8962
f 8965 8963 8964
f 8966 8963 8965
f 8967 8966 8965
f 8968 8967 8965
f 8969 8967 8968
f 8970 8969 8968
f 8971 8970 8968
f 8972 8970 8971
f 8973 8972 8971
f 8974 8970 8972
f 8975 8974 8972
f 8976 8974 8975
f 8977 8976 8975
f 8978 8976 8977
f 8979 8978 8977
f 8980 8979 8977
f 8981 8979 8980
f 8982 8981 8980
f 8983 8981 8982
f 8984 8983 8982
f 8985 8983 8984
f 8986 8985 8984
f 8987 8986 8984
f 8988 8986 8987
f 8989 8988 8987
f 8990 8988 8989
f 8991 8988 8990
f 8992 8991 8990
f 8993 8991 8992
f 8994 8991 8993
f 8995 8994 8993
f 8996 8994 8995
f 8997 8996 8995
f 8998 8996 8997
f 8999 8998 8997
f 9000 8998 8999
f 9001 9000 8999
f 9002 9001 8999
f 9003 9001 9002
f 9004 9003 9002
f 9005 9003 9004
f 9006 9005 9004
f 9007 9005 9006
f 9008 9007 9006
f 9009 9007 9008
f 9010 9009 9008
f 9011 9010 9008
f 9012 9011 9008
f 9006 9012 9008
f 9013 9011 9012
f 9014 9011 9013
f 9015 9014 9013
f 9016 9014 9015
f 9017 9016 9015
f 9018 9017 9015
f 9019 9018 9015
f 9020 9018 9019
f 9021 9020 9019
f 9022 9018 9020
f 9023 9018 9022
f 9024 9023 9022
f 9025 9024 9022
f 9026 9024 9025
f 9027 9026 9025
f 9028 9026 9027
f 9029 9028 9027
f 9030 9029 9027
f 9031 9028 9029
f 9032 9031 9029
f 9033 9032 9029
f 9030 9033 9029
f 9034 9033 9030
f 9035 9034 9030
f 9036 9034 9035
f 9037 9036 9035
f 9038 9037 9035
f 9039 9037 9038
f 9040 9039 9038
f 9041 9039 9040
f 9042 9039 9041
f 9043 9044 9045
f 9046 9043 9045
f 9047 9044 9043
f 9048 9044 9047
f 9049 9048 9047
f 9050 9048 9049
f 9051 9048 9050
f 9052 9051 9050
f 9053 9052 9050
f 9054 9052 9053
f 9055 9052 9054
f 9056 9055 9054
f 9057 9056 9054
f 9058 9056 9057
f 9059 9058 9057
f 9060 9058 9059
f 9061 9060 9059
f 9062 9061 9059
f 9063 9061 9062
f 9064 9063 9062
f 9065 9061 9063
f 9066 9065 9063
f 9067 9066 9063
f 9068 9067 9063
f 9069 9067 9068
f 9070 9069 9068
f 9071 9070 9068
f 9072 9071 9068
f 9073 9069 9070
f 9074 9069 9073
f 9075 9069 9074
f 9076 9075 9074
f 9077 9076 9074
f 9078 9076 9077
f 9079 9076 9078
f 9080 9079 9078
f 9081 9080 9078
f 9082 9080 9081
f 9083 9082 9081
f 9084 9082 9083
f 9085 9084 9083
f 9086 9085 9083
f 9087 9085 9086
f 9088 9087 9086
f 9089 9088 9086
f 9090 9088 9089
f 9091 9088 9090
f 9092 9091 9090
f 9093 9092 9090
f 9094 9092 9093
f 9095 9092 9094
f 9096 9095 9094
f 9097 9096 9094
f 9098 9096 9097
f 9099 9096 9098
f 9100 9096 9099
f 9101 9100 9099
f 9102 9100 9101
f 9103 9102 9101
f 9104 9102 9103
f 9105 9104 9103
f 9106 9105 9103
f 9107 9105 9106
f 9108 9107 9106
f 9109 9108 9106
f 9110 9107 9108
f 9111 9110 9108
f 9112 9111 9108
f 9113 9112 9108
f 9113 9111 9112
f 9114 9110 9111
f 9115 9114 9111
f 9116 9110 9114
f 9117 9116 9114
f 9118 9116 9117
f 9119 9116 9118
f 9120 9119 9118
f 9121 9119 9120
f 9122 9121 9120
f 9123 9121 9122
f 9124 9123 9122
f 9125 9124 9122
f 9126 9124 9125
f 9127 9126 9125
f 9128 9126 9127
f 9129 9128 9127
f 9130 9128 9129
f 9131 9130 9129
f 9132 9130 9131
f 9133 9132 9131
f 9134 9132 9133
f 9135 9134 9133
f 9136 9135 9133
f 9137 9135 9136
f 9138 9135 9137
f 9139 9138 9137
f 9140 9138 9139
f 9141 9140 9139
f 9142 9141 9139
f 9143 9141 9142
f 9144 9143 9142
f 9145 9144 9142
f 9146 9144 9145
f 9147 9146 9145
f 9148 9146 9147
f 9149 9148 9147
f 9150 9148 9149
f 9151 9150 9149
f 9152 9150 9151
f 9153 9150 9152
f 9154 9153 9152
f 9155 9153 9154
f 9156 9153 9155
f 9157 9156 9155
f 9158 9156 9157
f 9159 9158 9157
f 9160 9159 9157
f 9161 9160 9157
f 9162 9160 9161
f 9163 9160 9162
f 9164 9163 9162
f 9165 9164 9162
f 9166 9164 9165
f 9167 9166 9165
f 9168 9166 9167
f 9169 9170 9171
f 9172 9169 9171
f 9173 9174 9175
f 9176 9177 9174
f 9173 9176 9174
f 9178 9176 9173
f 9179 9178 9173
f 9180 9178 9179
f 9181 9180 9179
f 9182 9181 9179
f 9183 9181 9182
f 9184 9181 9183
f 9185 9181 9184
f 9186 9185 9184
f 9187 9186 9184
f 9188 9186 9187
f 9189 9188 9187
f 9190 9188 9189
f 9191 9190 9189
f 9192 9191 9189
f 9193 9191 9192
f 9194 9191 9193
f 9190 9191 9194
f 9195 9186 9188
f 9196 9186 9195
f 9197 9196 9195
f 9198 9196 9197
f 9199 9198 9197
f 9200 9199 9197
f 9201 9200 9197
f 9202 9200 9201
f 9199 9200 9202
f 9203 9199 9202
f 9204 9203 9202
f 9205 9203 9204
f 9206 9203 9205
f 9207 9206 9205
f 9208 9207 9205
f 9209 9208 9205
f 9210 9208 9209
f 9211 9208 9210
f 9212 9211 9210
f 9213 9211 9212
f 9214 9213 9212
f 9215 9214 9212
f 9216 9215 9212
f 9217 9215 9216
f 9218 9217 9216
f 9219 9217 9218
f 9220 9219 9218
f 9221 9220 9218
f 9222 9220 9221
f 9223 9220 9222
f 9224 9223 9222
f 9225 9224 9222
f 9226 9224 9225
f 9227 9226 9225
f 9228 9227 9225
f 9229 9227 9228
f 9230 9229 9228
f 9231 9229 9230
f 9232 9229 9231
f 9233 9232 9231
f 9234 9233 9231
f 9235 9233 9234
f 9236 9235 9234
f 9237 9235 9236
f 9238 9235 9237
f 9239 9238 9237
f 9240 9239 9237
f 9241 9239 9240
f 9242 9239 9241
f 9243 9242 9241
f 9244 9242 9243
f 9245 9239 9242
f 9246 9245 9242
f 9247 9245 9246
f 9248 9247 9246
f 9249 9248 9246
f 9250 9249 9246
f 9242 9250 9246
f 9244 9250 9242
f 9251 9250 9244
f 9252 9251 9244
f 9253 9248 9249
f 9254 9253 9249
f 9255 9253 9254
f 9256 9255 9254
f 9257 9255 9256
f 9258 9257 9256
f 9259 9257 9258
f 9260 9259 9258
f 9261 9260 9258
f 9262 9260 9261
f 9263 9262 9261
f 9264 9262 9263
f 9265 9264 9263
f 9266 9264 9265
f 9267 9266 9265
f 9268 9267 9265
f 9269 9268 9265
f 9270 9268 9269
f 9271 9268 9270
f 9272 9271 9270
f 9273 9271 9272
f 9274 9273 9272
f 9275 9273 9274
f 9276 9275 9274
f 9277 9276 9274
f 9278 9276 9277
f 9279 9278 9277
f 9280 9279 9277
f 9274 9280 9277
f 9272 9280 9274
f 9281 9279 9280
f 9282 9279 9281
f 9283 9282 9281
f 9284 9282 9283
f 9285 9282 9284
f 9286 9285 9284
f 9287 9286 9284
f 9288 9287 9284
f 9283 9288 9284
f 9289 9287 9288
f 9290 9289 9288
f 9291 9290 9288
f 9292 9290 9291
f 9293 9292 9291
f 9294 9293 9291
f 9295 9290 9292
f 9296 9295 9292
f 9297 9295 9296
f 9298 9297 9296
f 9299 9297 9298
f 9300 9299 9298
f 9289 9290 9295
f 9301 9286 9287
f 9302 9286 9301
f 9303 9302 9301
f 9304 9302 9303
f 9305 9304 9303
f 9306 9304 9305
f 9307 9306 9305
f 9308 9307 9305
f 9309 9307 9308
f 9310 9307 9309
f 9311 9310 9309
f 9312 9311 9309
f 9313 9312 9309
f 9314 9312 9313
f 9315 9312 9314
f 9316 9315 9314
f 9317 9316 9314
f 9318 9317 9314
f 9319 9318 9314
f 9320 9318 9319
f 9321 9320 9319
f 9322 9320 9321
f 9323 9317 9318
f 9324 9317 9323
f 9325 9324 9323
f 9326 9325 9323
f 9327 9325 9326
f 9328 9327 9326
f 9329 9324 9325
f 9330 9329 9325
f 9327 9330 9325
f 9331 9324 9329
f 9332 9331 9329
f 9333 9332 9329
f 9334 9332 9333
f 9335 9332 9334
f 9336 9335 9334
f 9337 9335 9336
f 9338 9337 9336
f 9339 9338 9336
f 9340 9338 9339
f 9341 9340 9339
f 9342 9340 9341
f 9343 9342 9341
f 9344 9342 9343
f 9345 9344 9343
f 9346 9344 9345
f 9347 9346 9345
f 9348 9346 9347
f 9349 9348 9347
f 9350 9348 9349
f 9351 9350 9349
f 9352 9351 9349
f 9353 9351 9352
f 9354 9351 9353
f 9355 9354 9353
f 9356 9354 9355
f 9357 9354 9356
f 9358 9357 9356
f 9359 9358 9356
f 9360 9359 9356
f 9361 9359 9360
f 9362 9361 9360
f 9363 9362 9360
f 9364 9363 9360
f 9365 9363 9364
f 9366 9365 9364
f 9367 9365 9366
f 9368 9365 9367
f 9369 9368 9367
f 9370 9368 9369
f 9371 9370 9369
f 9372 9371 9369
f 9373 9371 9372
f 9374 9371 9373
f 9375 9374 9373
f 9376 9374 9375
f 9377 9376 9375
f 9378 9374 9376
f 9379 9378 9376
f 9380 9378 9379
f 9381 9378 9380
f 9382 9381 9380
f 9383 9381 9382
f 9384 9383 9382
f 9385 9384 9382
f 9386 9378 9381
f 9374 9378 9386
f 9371 9374 9386
f 9370 9371 9386
f 9381 9370 9386
f 9383 9370 9381
f 9368 9370 9383
f 9365 9368 9383
f 9363 9365 9383
f 9384 9363 9383
f 9362 9363 9384
f 9387 9362 9384
f 9388 9362 9387
f 9389 9388 9387
f 9390 9388 9389
f 9391 9390 9389
f 9392 9390 9391
f 9393 9390 9392
f 9394 9390 9393
f 9395 9394 9393
f 9396 9394 9395
f 9397 9396 9395
f 9398 9397 9395
f 9399 9397 9398
f 9400 9399 9398
f 9401 9399 9400
f 9402 9401 9400
f 9403 9399 9401
f 9404 9403 9401
f 9405 9404 9401
f 9406 9404 9405
f 9407 9406 9405
f 9408 9406 9407
f 9409 9408 9407
f 9410 9408 9409
f 9411 9410 9409
f 9412 9411 9409
f 9413 9411 9412
f 9414 9411 9413
f 9415 9411 9414
f 9416 9415 9414
f 9417 9416 9414
f 9418 9416 9417
f 9419 9418 9417
f 9420 9418 9419
f 9421 9420 9419
f 9422 9421 9419
f 9423 9420 9421
f 9424 9420 9423
f 9425 9420 9424
f 9426 9425 9424
f 9427 9426 9424
f 9428 9426 9427
f 9429 9426 9428
f 9425 9426 9429
f 9418 9420 9425
f 9416 9418 9425
f 9429 9416 9425
f 9415 9416 9429
f 9410 9411 9415
f 9429 9410 9415
f 9428 9410 9429
f 9408 9410 9428
f 9406 9408 9428
f 9427 9406 9428
f 9404 9406 9427
f 9403 9404 9427
f 9424 9403 9427
f 9423 9403 9424
f 9399 9403 9423
f 9421 9399 9423
f 9397 9399 9421
f 9422 9397 9421
f 9396 9397 9422
f 9430 9390 9394
f 9431 9430 9394
f 9388 9390 9430
f 9431 9388 9430
f 9362 9388 9431
f 9361 9362 9431
f 9394 9361 9431
f 9396 9361 9394
f 9359 9361 9396
f 9422 9359 9396
f 9358 9359 9422
f 9419 9358 9422
f 9417 9358 9419
f 9357 9358 9417
f 9414 9357 9417
f 9413 9357 9414
f 9354 9357 9413
f 9351 9354 9413
f 9412 9351 9413
f 9350 9351 9412
f 9409 9350 9412
f 9407 9350 9409
f 9348 9350 9407
f 9346 9348 9407
f 9405 9346 9407
f 9344 9346 9405
f 9401 9344 9405
f 9402 9344 9401
f 9342 9344 9402
f 9400 9342 9402
f 9340 9342 9400
f 9338 9340 9400
f 9398 9338 9400
f 9337 9338 9398
f 9395 9337 9398
f 9393 9337 9395
f 9335 9337 9393
f 9392 9335 9393
f 9332 9335 9392
f 9331 9332 9392
f 9391 9331 9392
f 9316 9317 9324
f 9331 9316 9324
f 9391 9316 9331
f 9315 9316 9391
f 9389 9315 9391
f 9311 9312 9315
f 9389 9311 9315
f 9387 9311 9389
f 9310 9311 9387
f 9384 9310 9387
f 9385 9310 9384
f 9307 9310 9385
f 9306 9307 9385
f 9382 9306 9385
f 9380 9306 9382
f 9304 9306 9380
f 9379 9304 9380
f 9302 9304 9379
f 9285 9286 9302
f 9379 9285 9302
f 9376 9285 9379
f 9377 9285 9376
f 9282 9285 9377
f 9279 9282 9377
f 9278 9279 9377
f 9375 9278 9377
f 9373 9278 9375
f 9276 9278 9373
f 9372 9276 9373
f 9275 9276 9372
f 9369 9275 9372
f 9367 9275 9369
f 9273 9275 9367
f 9366 9273 9367
f 9271 9273 9366
f 9267 9268 9271
f 9366 9267 9271
f 9364 9267 9366
f 9266 9267 9364
f 9360 9266 9364
f 9356 9266 9360
f 9355 9266 9356
f 9264 9266 9355
f 9353 9264 9355
f 9262 9264 9353
f 9352 9262 9353
f 9260 9262 9352
f 9349 9260 9352
f 9347 9260 9349
f 9259 9260 9347
f 9345 9259 9347
f 9343 9259 9345
f 9257 9259 9343
f 9255 9257 9343
f 9341 9255 9343
f 9253 9255 9341
f 9339 9253 9341
f 9248 9253 9339
f 9247 9248 9339
f 9336 9247 9339
f 9334 9247 9336
f 9245 9247 9334
f 9333 9245 9334
f 9239 9245 9333
f 9238 9239 9333
f 9329 9238 9333
f 9330 9238 9329
f 9235 9238 9330
f 9233 9235 9330
f 9327 9233 9330
f 9232 9233 9327
f 9328 9232 9327
f 9432 9232 9328
f 9433 9432 9328
f 9326 9433 9328
f 9434 9432 9433
f 9435 9434 9433
f 9436 9435 9433
f 9437 9435 9436
f 9438 9435 9437
f 9434 9435 9438
f 9229 9232 9432
f 9227 9229 9432
f 9434 9227 9432
f 9226 9227 9434
f 9438 9226 9434
f 9439 9223 9224
f 9440 9223 9439
f 9441 9223 9440
f 9442 9441 9440
f 9443 9442 9440
f 9444 9442 9443
f 9445 9444 9443
f 9446 9444 9445
f 9447 9446 9445
f 9448 9447 9445
f 9449 9447 9448
f 9450 9447 9449
f 9451 9450 9449
f 9452 9451 9449
f 9453 9451 9452
f 9454 9453 9452
f 9455 9453 9454
f 9456 9453 9455
f 9457 9456 9455
f 9458 9456 9457
f 9459 9458 9457
f 9460 9459 9457
f 9461 9459 9460
f 9462 9461 9460
f 9463 9461 9462
f 9464 9463 9462
f 9465 9463 9464
f 9466 9463 9465
f 9467 9466 9465
f 9468 9466 9467
f 9469 9468 9467
f 9470 9468 9469
f 9471 9468 9470
f 9472 9471 9470
f 9473 9471 9472
f 9474 9473 9472
f 9475 9474 9472
f 9476 9474 9475
f 9477 9476 9475
f 9478 9476 9477
f 9479 9476 9478
f 9480 9479 9478
f 9481 9480 9478
f 9482 9481 9478
f 9483 9481 9482
f 9484 9483 9482
f 9485 9483 9484
f 9486 9485 9484
f 9487 9485 9486
f 9488 9487 9486
f 9489 9487 9488
f 9490 9487 9489
f 9491 9485 9487
f 9492 9485 9491
f 9493 9492 9491
f 9494 9493 9491
f 9495 9493 9494
f 9496 9495 9494
f 9497 9496 9494
f 9498 9496 9497
f 9499 9498 9497
f 9500 9499 9497
f 9501 9500 9497
f 9502 9500 9501
f 9503 9502 9501
f 9504 9502 9503
f 9505 9504 9503
f 9506 9504 9505
f 9507 9506 9505
f 9508 9507 9505
f 9509 9508 9505
f 9510 9509 9505
f 9503 9510 9505
f 9511 9509 9510
f 9512 9511 9510
f 9513 9511 9512
f 9514 9511 9513
f 9515 9514 9513
f 9516 9514 9515
f 9517 9516 9515
f 9518 9517 9515
f 9519 9518 9515
f 9520 9519 9515
f 9521 9519 9520
f 9522 9521 9520
f 9523 9519 9521
f 9524 9523 9521
f 9525 9523 9524
f 9526 9525 9524
f 9527 9525 9526
f 9528 9527 9526
f 9529 9527 9528
f 9530 9529 9528
f 9531 9530 9528
f 9532 9530 9531
f 9533 9532 9531
f 9534 9532 9533
f 9535 9534 9533
f 9536 9534 9535
f 9537 9536 9535
f 9538 9536 9537
f 9539 9538 9537
f 9540 9538 9539
f 9541 9540 9539
f 9542 9540 9541
f 9543 9542 9541
f 9544 9543 9541
f 9545 9543 9544
f 9546 9545 9544
f 9547 9543 9545
f 9548 9543 9547
f 9549 9548 9547
f 9550 9548 9549
f 9551 9550 9549
f 9552 9550 9551
f 9553 9552 9551
f 9554 9553 9551
f 9555 9553 9554
f 9556 9555 9554
f 9557 9555 9556
f 9558 9557 9556
f 9559 9557 9558
f 9560 9557 9559
f 9561 9560 9559
f 9562 9561 9559
f 9563 9561 9562
f 9564 9561 9563
f 9565 9564 9563
f 9566 9564 9565
f 9567 9566 9565
f 9568 9566 9567
f 9569 9568 9567
f 9570 9568 9569
f 9571 9568 9570
f 9572 9571 9570
f 9573 9571 9572
f 9574 9573 9572
f 9575 9574 9572
f 9576 9575 9572
f 9577 9575 9576
f 9578 9575 9577
f 9579 9575 9578
f 9580 9579 9578
f 9581 9580 9578
f 9582 9580 9581
f 9583 9582 9581
f 9584 9582 9583
f 9585 9584 9583
f 9586 9585 9583
f 9587 9586 9583
f 9588 9586 9587
f 9589 9588 9587
f 9590 9588 9589
f 9591 9590 9589
f 9592 9590 9591
f 9593 9590 9592
f 9594 9593 9592
f 9595 9594 9592
f 9596 9594 9595
f 9597 9596 9595
f 9598 9597 9595
f 9599 9597 9598
f 9600 9599 9598
f 9601 9600 9598
f 9602 9601 9598
f 9603 9599 9600
f 9604 9603 9600
f 9605 9603 9604
f 9606 9605 9604
f 9607 9605 9606
f 9608 9607 9606
f 9609 9608 9606
f 9610 9608 9609
f 9611 9610 9609
f 9612 9610 9611
f 9613 9610 9612
f 9614 9610 9613
f 9615 9610 9614
f 9616 9615 9614
f 9617 9616 9614
f 9618 9617 9614
f 9613 9618 9614
f 9619 9618 9613
f 9612 9619 9613
f 9620 9619 9612
f 9611 9620 9612
f 9621 9619 9620
f 9622 9621 9620
f 9623 9622 9620
f 9624 9622 9623
f 9625 9624 9623
f 9626 9624 9625
f 9627 9624 9626
f 9628 9627 9626
f 9629 9627 9628
f 9630 9629 9628
f 9631 9629 9630
f 9632 9631 9630
f 9633 9632 9630
f 9628 9633 9630
f 9634 9632 9633
f 9635 9634 9633
f 9636 9634 9635
f 9637 9636 9635
f 9638 9637 9635
f 9639 9637 9638
f 9640 9637 9639
f 9641 9640 9639
f 9642 9641 9639
f 9643 9641 9642
f 9644 9643 9642
f 9645 9643 9644
f 9646 9645 9644
f 9647 9646 9644
f 9648 9646 9647
f 9649 9648 9647
f 9650 9648 9649
f 9651 9650 9649
f 9652 9650 9651
f 9653 9652 9651
f 9654 9653 9651
f 9655 9653 9654
f 9656 9653 9655
f 9657 9656 9655
f 9658 9656 9657
f 9659 9656 9658
f 9660 9656 9659
f 9661 9660 9659
f 9662 9661 9659
f 9658 9662 9659
f 9663 9662 9658
f 9664 9663 9658
f 9665 9663 9664
f 9666 9665 9664
f 9667 9665 9666
f 9668 9665 9667
f 9669 9665 9668
f 9670 9669 9668
f 9671 9670 9668
f 9672 9670 9671
f 9673 9672 9671
f 9674 9672 9673
f 9675 9674 9673
f 9676 9675 9673
f 9671 9676 9673
f 9677 9676 9671
f 9678 9677 9671
f 9679 9677 9678
f 9680 9679 9678
f 9681 9679 9680
f 9682 9681 9680
f 9683 9681 9682
f 9684 9683 9682
f 9685 9683 9684
f 9686 9685 9684
f 9687 9685 9686
f 9688 9687 9686
f 9689 9687 9688
f 9690 9687 9689
f 9691 9687 9690
f 9692 9691 9690
f 9693 9692 9690
f 9694 9692 9693
f 9695 9694 9693
f 9696 9694 9695
f 9697 9696 9695
f 9698 9696 9697
f 9699 9698 9697
f 9700 9698 9699
f 9701 9698 9700
f 9702 9698 9701
f 9703 9702 9701
f 9704 9703 9701
f 9705 9703 9704
f 9706 9705 9704
f 9707 9706 9704
f 9708 9706 9707
f 9709 9708 9707
f 9710 9709 9707
f 9711 9709 9710
f 9712 9711 9710
f 9713 9712 9710
f 9714 9712 9713
f 9711 9712 9714
f 9715 9711 9714
f 9716 9711 9715
f 9717 9716 9715
f 9718 9717 9715
f 9719 9718 9715
f 9720 9719 9715
f 9714 9720 9715
f 9721 9720 9714
f 9722 9720 9721
f 9723 9722 9721
f 9724 9722 9723
f 9725 9724 9723
f 9726 9725 9723
f 9721 9726 9723
f 9727 9722 9724
f 9728 9727 9724
f 9729 9728 9724
f 9730 9727 9728
f 9731 9730 9728
f 9732 9730 9731
f 9733 9732 9731
f 9734 9732 9733
f 9735 9732 9734
f 9736 9735 9734
f 9737 9735 9736
f 9738 9737 9736
f 9739 9738 9736
f 9740 9737 9738
f 9741 9740 9738
f 9742 9740 9741
f 9743 9740 9742
f 9744 9743 9742
f 9745 9744 9742
f 9746 9744 9745
f 9747 9746 9745
f 9748 9746 9747
f 9749 9748 9747
f 9750 9748 9749
f 9751 9750 9749
f 9752 9751 9749
f 9753 9750 9751
f 9754 9753 9751
f 9755 9754 9751
f 9756 9754 9755
f 9757 9756 9755
f 9758 9756 9757
f 9759 9758 9757
f 9760 9759 9757
f 9761 9759 9760
f 9762 9759 9761
f 9763 9759 9762
f 9764 9763 9762
f 9765 9764 9762
f 9761 9765 9762
f 9766 9764 9765
f 9767 9766 9765
f 9768 9767 9765
f 9769 9767 9768
f 9770 9769 9768
f 9771 9769 9770
f 9772 9771 9770
f 9773 9769 9771
f 9767 9769 9773
f 9774 9767 9773
f 9775 9774 9773
f 9776 9774 9775
f 9777 9776 9775
f 9778 9776 9777
f 9779 9776 9778
f 9780 9779 9778
f 9781 9780 9778
f 9782 9781 9778
f 9783 9781 9782
f 9784 9781 9783
f 9785 9784 9783
f 9786 9785 9783
f 9787 9784 9785
f 9788 9784 9787
f 9789 9788 9787
f 9790 9789 9787
f 9791 9789 9790
f 9792 9791 9790
f 9793 9791 9792
f 9794 9793 9792
f 9795 9794 9792
f 9796 9791 9793
f 9797 9796 9793
f 9798 9797 9793
f 9794 9798 9793
f 9799 9798 9794
f 9800 9799 9794
f 9795 9800 9794
f 9801 9800 9795
f 9802 9800 9801
f 9803 9802 9801
f 9804 9802 9803
f 9805 9804 9803
f 9806 9804 9805
f 9807 9806 9805
f 9808 9807 9805
f 9809 9807 9808
f 9810 9807 9809
f 9811 9810 9809
f 9812 9811 9809
f 9813 9810 9811
f 9814 9810 9813
f 9815 9814 9813
f 9816 9815 9813
f 9817 9815 9816
f 9818 9815 9817
f 9814 9815 9818
f 9807 9810 9814
f 9806 9807 9814
f 9818 9806 9814
f 9819 9806 9818
f 9820 9819 9818
f 9821 9820 9818
f 9822 9821 9818
f 9817 9822 9818
f 9823 9821 9822
f 9824 9823 9822
f 9825 9821 9823
f 9826 9825 9823
f 9827 9826 9823
f 9828 9826 9827
f 9829 9828 9827
f 9830 9828 9829
f 9831 9830 9829
f 9832 9830 9831
f 9833 9832 9831
f 9834 9832 9833
f 9835 9834 9833
f 9836 9834 9835
f 9837 9836 9835
f 9838 9836 9837
f 9839 9838 9837
f 9840 9838 9839
f 9841 9840 9839
f 9842 9840 9841
f 9843 9842 9841
f 9844 9842 9843
f 9845 9844 9843
f 9846 9845 9843
f 9847 9846 9843
f 9848 9845 9846
f 9849 9848 9846
f 9850 9848 9849
f 9851 9850 9849
f 9852 9850 9851
f 9853 9852 9851
f 9854 9853 9851
f 9855 9853 9854
f 9856 9853 9855
f 9857 9856 9855
f 9858 9857 9855
f 9854 9858 9855
f 9859 9857 9858
f 9860 9859 9858
f 9861 9859 9860
f 9862 9861 9860
f 9863 9862 9860
f 9864 9862 9863
f 9865 9864 9863
f 9866 9864 9865
f 9867 9864 9866
f 9868 9867 9866
f 9869 9867 9868
f 9870 9869 9868
f 9871 9869 9870
f 9872 9871 9870
f 9873 9872 9870
f 9874 9872 9873
f 9875 9872 9874
f 9876 9875 9874
f 9877 9876 9874
f 9878 9876 9877
f 9879 9878 9877
f 9880 9878 9879
f 9881 9880 9879
f 9882 9880 9881
f 9883 9880 9882
f 9878 9880 9883
f 9884 9878 9883
f 9885 9884 9883
f 9886 9884 9885
f 9887 9884 9886
f 9888 9887 9886
f 9876 9878 9884
f 9887 9876 9884
f 9875 9876 9887
f 9888 9875 9887
f 9889 9875 9888
f 9890 9875 9889
f 9891 9890 9889
f 9892 9891 9889
f 9893 9894 9895
f 9896 9894 9893
f 9897 9896 9893
f 9898 9896 9897
f 9899 9898 9897
f 9900 9899 9897
f 9901 9899 9900
f 9902 9901 9900
f 9903 9901 9902
f 9904 9903 9902
f 9905 9904 9902
f 9906 9903 9904
f 9907 9903 9906
f 9908 9907 9906
f 9909 9908 9906
f 9910 9907 9908
f 9911 9910 9908
f 9912 9910 9911
f 9913 9910 9912
f 9914 9913 9912
f 9915 9914 9912
f 9916 9914 9915
f 9917 9916 9915
f 9918 9917 9915
f 9919 9917 9918
f 9920 9917 9919
f 9921 9920 9919
f 9922 9920 9921
f 9923 9922 9921
f 9924 9923 9921
f 9925 9923 9924
f 9926 9925 9924
f 9927 9926 9924
f 9928 9926 9927
f 9929 9928 9927
f 9930 9928 9929
f 9931 9930 9929
f 9932 9930 9931
f 9933 9932 9931
f 9934 9932 9933
f 9935 9932 9934
f 9936 9935 9934
f 9937 9935 9936
f 9938 9937 9936
f 9939 9938 9936
f 9940 9938 9939
f 9941 9940 9939
f 9942 9941 9939
f 9943 9941 9942
f 9944 9943 9942
f 9945 9943 9944
f 9946 9945 9944
f 9947 9945 9946
f 9948 9945 9947
f 9949 9948 9947
f 9950 9949 9947
f 9951 9950 9947
f 9946 9951 9947
f 9952 9951 9946
f 9953 9950 9951
f 9954 9950 9953
f 9955 9954 9953
f 9956 9955 9953
f 9957 9955 9956
f 9958 9957 9956
f 9959 9957 9958
f 9960 9959 9958
f 9961 9959 9960
f 9962 9961 9960
f 9963 9961 9962
f 9964 9963 9962
f 9965 9964 9962
f 9966 9964 9965
f 9967 9961 9963
f 9968 9959 9961
f 9957 9959 9968
f 9969 9957 9968
f 9955 9957 9969
f 9954 9955 9969
f 9970 9950 9954
f 9971 9945 9948
f 9943 9945 9971
f 9972 9943 9971
f 9973 9972 9971
f 9974 9972 9973
f 9975 9974 9973
f 9976 9974 9975
f 9977 9976 9975
f 9978 9976 9977
f 9979 9978 9977
f 9980 9979 9977
f 9981 9979 9980
f 9982 9979 9981
f 9983 9982 9981
f 9984 9983 9981
f 9985 9983 9984
f 9986 9985 9984
f 9987 9986 9984
f 9988 9986 9987
f 9989 9985 9986
f 9990 9985 9989
f 9991 9990 9989
f 9992 9991 9989
f 9993 9991 9992
f 9994 9993 9992
f 9995 9994 9992
f 9996 9994 9995
f 9997 9996 9995
f 9998 9996 9997
f 9999 9998 9997
f 10000 9998 9999
f 10001 10000 9999
f 10002 10001 9999
f 10003 10001 10002
f 10004 10003 10002
f 10005 10004 10002
f 10006 10004 10005
f 10007 10006 10005
f 10008 10007 10005
f 10009 10007 10008
f 10010 10009 10008
f 10011 10009 10010
f 10012 10009 10011
f 10013 10012 10011
f 10014 10013 10011
f 10015 10014 10011
f 10016 10014 10015
f 10017 10016 10015
f 10018 10016 10017
f 10019 10018 10017
f 10020 10018 10019
f 10021 10020 10019
f 10022 10020 10021
f 10023 10022 10021
f 10024 10023 10021
f 10025 10024 10021
f 10026 10024 10025
f 10027 10024 10026
f 10028 10027 10026
f 10029 10028 10026
f 10030 10028 10029
f 10031 10028 10030
f 10032 10028 10031
f 10033 10032 10031
f 10034 10032 10033
f 10035 10034 10033
f 10036 10035 10033
f 10037 10035 10036
f 10038 10037 10036
f 10039 10038 10036
f 10040 10038 10039
f 10041 10040 10039
f 10042 10040 10041
f 10043 10042 10041
f 10044 10042 10043
f 10045 10044 10043
f 10046 10044 10045
f 10047 10046 10045
f 10048 10044 10046
f 10049 10048 10046
f 10050 10048 10049
f 10051 10050 10049
f 10052 10051 10049
f 10053 10051 10052
f 10054 10053 10052
f 10055 10053 10054
f 10056 10055 10054
f 10057 10055 10056
f 10058 10057 10056
f 10059 10057 10058
f 10060 10059 10058
f 10061 10059 10060
f 10062 10059 10061
f 10063 10062 10061
f 10064 10062 10063
f 10065 10064 10063
f 10066 10065 10063
f 10067 10065 10066
f 10068 10065 10067
f 10069 10068 10067
f 10070 10068 10069
f 10071 10068 10070
f 10064 10065 10068
f 10071 10064 10068
f 10072 10064 10071
f 10073 10072 10071
f 10074 10072 10073
f 10062 10064 10072
f 10074 10062 10072
f 10059 10062 10074
f 10057 10059 10074
f 10055 10057 10074
f 10073 10055 10074
f 10053 10055 10073
f 10051 10053 10073
f 10071 10051 10073
f 10070 10051 10071
f 10050 10051 10070
f 10069 10050 10070
f 10075 10050 10069
f 10048 10050 10075
f 10044 10048 10075
f 10042 10044 10075
f 10040 10042 10075
f 10069 10040 10075
f 10037 10038 10040
f 10027 10028 10032
f 10034 10027 10032
f 10023 10024 10027
f 10034 10023 10027
f 10076 9996 9998
f 9994 9996 10076
f 10077 9994 10076
f 10078 10077 10076
f 10079 10077 10078
f 10080 10077 10079
f 10081 10080 10079
f 10082 10080 10081
f 10083 10082 10081
f 10084 10083 10081
f 10085 10083 10084
f 10086 10085 10084
f 10087 10086 10084
f 10081 10087 10084
f 10079 10087 10081
f 10088 10086 10087
f 10089 10088 10087
f 10090 10088 10089
f 10091 10090 10089
f 10092 10090 10091
f 10093 10092 10091
f 10094 10092 10093
f 10095 10094 10093
f 10096 10094 10095
f 10097 10096 10095
f 10098 10096 10097
f 10099 10098 10097
f 10100 10098 10099
f 10101 10100 10099
f 10102 10098 10100
f 10103 10102 10100
f 10104 10103 10100
f 10105 10104 10100
f 10106 10104 10105
f 10107 10106 10105
f 10108 10106 10107
f 10104 10106 10108
f 10109 10104 10108
f 10110 10109 10108
f 10111 10109 10110
f 10112 10111 10110
f 10113 10112 10110
f 10114 10113 10110
f 10108 10114 10110
f 10115 10114 10108
f 10107 10115 10108
f 10116 10115 10107
f 10117 10116 10107
f 10105 10117 10107
f 10118 10116 10117
f 10119 10116 10118
f 10120 10119 10118
f 10121 10120 10118
f 10122 10120 10121
f 10123 10122 10121
f 10124 10122 10123
f 10125 10124 10123
f 10126 10124 10125
f 10127 10126 10125
f 10128 10126 10127
f 10129 10126 10128
f 10130 10129 10128
f 10131 10129 10130
f 10132 10131 10130
f 10133 10131 10132
f 10134 10133 10132
f 10135 10133 10134
f 10136 10135 10134
f 10137 10136 10134
f 10138 10136 10137
f 10139 10136 10138
f 10140 10139 10138
f 10141 10139 10140
f 10142 10141 10140
f 10143 10142 10140
f 10144 10142 10143
f 10145 10144 10143
f 10146 10145 10143
f 10147 10144 10145
f 10148 10147 10145
f 10149 10147 10148
f 10150 10149 10148
f 10151 10149 10150
f 10152 10151 10150
f 10153 10151 10152
f 10154 10153 10152
f 10155 10154 10152
f 10156 10154 10155
f 10157 10154 10156
f 10158 10157 10156
f 10159 10158 10156
f 10160 10158 10159
f 10161 10160 10159
f 10162 10161 10159
f 10156 10162 10159
f 10163 10161 10162
f 10164 10163 10162
f 10165 10164 10162
f 10166 10165 10162
f 10167 10165 10166
f 10168 10165 10167
f 10169 10168 10167
f 10170 10169 10167
f 10171 10169 10170
f 10172 10169 10171
f 10173 10169 10172
f 10174 10173 10172
f 10175 10174 10172
f 10176 10173 10174
f 10177 10176 10174
f 10178 10177 10174
f 10175 10178 10174
f 10179 10178 10175
f 10180 10178 10179
f 10181 10178 10180
f 10182 10181 10180
f 10179 10182 10180
f 10183 10181 10182
f 10184 10183 10182
f 10185 10184 10182
f 10186 10184 10185
f 10187 10184 10186
f 10188 10187 10186
f 10189 10187 10188
f 10190 10189 10188
f 10191 10189 10190
f 10192 10191 10190
f 10193 10192 10190
f 10194 10192 10193
f 10195 10194 10193
f 10196 10195 10193
f 10197 10195 10196
f 10198 10197 10196
f 10199 10198 10196
f 10193 10199 10196
f 10200 10198 10199
f 10201 10198 10200
f 10202 10201 10200
f 10203 10201 10202
f 10204 10203 10202
f 10205 10204 10202
f 10206 10204 10205
f 10207 10206 10205
f 10208 10206 10207
f 10209 10206 10208
f 10210 10209 10208
f 10211 10209 10210
f 10212 10211 10210
f 10213 10211 10212
f 10214 10213 10212
f 10215 10213 10214
f 10216 10215 10214
f 10217 10215 10216
f 10218 10217 10216
f 10219 10217 10218
f 10220 10219 10218
f 10221 10220 10218
f 10222 10220 10221
f 10223 10220 10222
f 10224 10223 10222
f 10225 10224 10222
f 10226 10224 10225
f 10227 10226 10225
f 10228 10226 10227
f 10229 10228 10227
f 10230 10228 10229
f 10231 10230 10229
f 10232 10230 10231
f 10233 10232 10231
f 10234 10233 10231
f 10235 10234 10231
f 10236 10234 10235
f 10237 10236 10235
f 10238 10236 10237
f 10239 10238 10237
f 10240 10236 10238
f 10241 10236 10240
f 10242 10241 10240
f 10243 10241 10242
f 10244 10243 10242
f 10245 10244 10242
f 10246 10244 10245
f 10247 10244 10246
f 10248 10247 10246
f 10249 10248 10246
f 10250 10249 10246
f 10251 10248 10249
f 10252 10251 10249
f 10253 10252 10249
f 10254 10252 10253
f 10255 10252 10254
f 10256 10255 10254
f 10257 10255 10256
f 10258 10257 10256
f 10259 10258 10256
f 10260 10258 10259
f 10261 10258 10260
f 10262 10261 10260
f 10263 10262 10260
f 10264 10261 10262
f 10265 10264 10262
f 10266 10264 10265
f 10267 10266 10265
f 10268 10266 10267
f 10269 10266 10268
f 10270 10266 10269
f 10271 10270 10269
f 10272 10271 10269
f 10273 10271 10272
f 10274 10273 10272
f 10275 10273 10274
f 10276 10275 10274
f 10277 10276 10274
f 10278 10277 10274
f 10279 10277 10278
f 10280 10279 10278
f 10281 10279 10280
f 10282 10281 10280
f 10283 10282 10280
f 10284 10282 10283
f 10285 10284 10283
f 10286 10285 10283
f 10287 10285 10286
f 10288 10287 10286
f 10289 10288 10286
f 10290 10285 10287
f 10288 10290 10287
f 10291 10290 10288
f 10292 10291 10288
f 10293 10292 10288
f 10289 10293 10288
f 10294 10292 10293
f 10295 10294 10293
f 10296 10295 10293
f 10297 10295 10296
f 10298 10297 10296
f 10299 10298 10296
f 10300 10299 10296
f 10301 10299 10300
f 10302 10299 10301
f 10303 10302 10301
f 10304 10299 10302
f 10298 10299 10304
f 10305 10298 10304
f 10306 10305 10304
f 10307 10305 10306
f 10308 10307 10306
f 10309 10307 10308
f 10310 10309 10308
f 10311 10307 10309
f 10312 10311 10309
f 10313 10307 10311
f 10314 10313 10311
f 10315 10314 10311
f 10312 10315 10311
f 10316 10315 10312
f 10317 10316 10312
f 10318 10317 10312
f 10319 10318 10312
f 10320 10318 10319
f 10321 10320 10319
f 10322 10320 10321
f 10323 10320 10322
f 10324 10323 10322
f 10325 10323 10324
f 10326 10325 10324
f 10327 10325 10326
f 10328 10327 10326
f 10329 10327 10328
f 10330 10329 10328
f 10331 10330 10328
f 10332 10329 10330
f 10333 10332 10330
f 10334 10332 10333
f 10335 10334 10333
f 10336 10335 10333
f 10337 10335 10336
f 10338 10337 10336
f 10339 10338 10336
f 10340 10339 10336
f 10341 10337 10338
f 10342 10337 10341
f 10343 10342 10341
f 10344 10342 10343
f 10345 10344 10343
f 10346 10345 10343
f 10347 10345 10346
f 10348 10347 10346
f 10349 10347 10348
f 10350 10349 10348
f 10351 10350 10348
f 10352 10350 10351
f 10353 10352 10351
f 10354 10352 10353
f 10355 10354 10353
f 10356 10354 10355
f 10357 10356 10355
f 10358 10356 10357
f 10359 10358 10357
f 10360 10359 10357
f 10361 10359 10360
f 10362 10361 10360
f 10363 10361 10362
f 10364 10361 10363
f 10365 10364 10363
f 10366 10365 10363
f 10367 10365 10366
f 10368 10365 10367
f 10369 10368 10367
f 10370 10368 10369
f 10371 10370 10369
f 10372 10371 10369
f 10373 10371 10372
f 10374 10373 10372
f 10375 10374 10372
f 10376 10374 10375
f 10377 10376 10375
f 10378 10376 10377
f 10379 10378 10377
f 10380 10378 10379
f 10381 10380 10379
f 10382 10380 10381
f 10383 10382 10381
f 10384 10382 10383
f 10385 10384 10383
f 10386 10382 10384
f 10387 10386 10384
f 10388 10386 10387
f 10389 10388 10387
f 10390 10388 10389
f 10391 10390 10389
f 10392 10390 10391
f 10393 10392 10391
f 10394 10392 10393
f 10395 10394 10393
f 10396 10394 10395
f 10397 10396 10395
f 10398 10396 10397
f 10399 10398 10397
f 10400 10398 10399
f 10401 10400 10399
f 10402 10401 10399
f 10397 10402 10399
f 10403 10401 10402
f 10404 10401 10403
f 10405 10404 10403
f 10406 10405 10403
f 10407 10405 10406
f 10408 10405 10407
f 10409 10408 10407
f 10410 10409 10407
f 10411 10409 10410
f 10412 10411 10410
f 10413 10411 10412
f 10414 10413 10412
f 10415 10413 10414
f 10416 10415 10414
f 10417 10415 10416
f 10418 10415 10417
f 10419 10418 10417
f 10420 10419 10417
f 10421 10419 10420
f 10422 10419 10421
f 10423 10422 10421
f 10424 10423 10421
f 10425 10423 10424
f 10426 10423 10425
f 10427 10426 10425
f 10428 10427 10425
f 10429 10427 10428
f 10430 10429 10428
f 10431 10430 10428
f 10432 10430 10431
f 10433 10432 10431
f 10434 10432 10433
f 10435 10432 10434
f 10436 10435 10434
f 10437 10435 10436
f 10438 10437 10436
f 10439 10438 10436
f 10440 10438 10439
f 10441 10440 10439
f 10442 10437 10438
f 10443 10437 10442
f 10444 10443 10442
f 10445 10443 10444
f 10446 10445 10444
f 10447 10445 10446
f 10448 10447 10446
f 10449 10447 10448
f 10450 10449 10448
f 10451 10449 10450
f 10452 10451 10450
f 10453 10451 10452
f 10454 10453 10452
f 10455 10453 10454
f 10456 10455 10454
f 10457 10455 10456
f 10458 10457 10456
f 10459 10458 10456
f 10460 10458 10459
f 10461 10460 10459
f 10462 10460 10461
f 10463 10462 10461
f 10464 10463 10461
f 10465 10463 10464
f 10466 10463 10465
f 10467 10466 10465
f 10468 10466 10467
f 10469 10466 10468
f 10470 10469 10468
f 10471 10469 10470
f 10472 10471 10470
f 10473 10472 10470
f 10474 10472 10473
f 10475 10474 10473
f 10476 10475 10473
f 10477 10475 10476
f 10478 10475 10477
f 10479 10478 10477
f 10480 10479 10477
f 10481 10479 10480
f 10482 10479 10481
f 10483 10482 10481
f 10484 10483 10481
f 10485 10484 10481
f 10486 10483 10484
f 10487 10486 10484
f 10488 10486 10487
f 10489 10488 10487
f 10490 10488 10489
f 10491 10490 10489
f 10492 10490 10491
f 10493 10492 10491
f 10494 10492 10493
f 10495 10494 10493
f 10496 10495 10493
f 10497 10494 10495
f 10498 10497 10495
f 10499 10497 10498
f 10500 10499 10498
f 10501 10499 10500
f 10502 10501 10500
f 10503 10501 10502
f 10504 10503 10502
f 10505 10504 10502
f 10506 10505 10502
f 10500 10506 10502
f 10507 10505 10506
f 10508 10507 10506
f 10509 10507 10508
f 10510 10505 10507
f 10511 10510 10507
f 10509 10511 10507
f 10512 10511 10509
f 10513 10512 10509
f 10514 10510 10511
f 10515 10514 10511
f 10516 10514 10515
f 10517 10514 10516
f 10518 10517 10516
f 10519 10518 10516
f 10520 10518 10519
f 10521 10520 10519
f 10522 10520 10521
f 10523 10522 10521
f 10524 10522 10523
f 10525 10524 10523
f 10526 10524 10525
f 10527 10526 10525
f 10528 10526 10527
f 10529 10526 10528
f 10530 10529 10528
f 10531 10529 10530
f 10532 10531 10530
f 10533 10532 10530
f 10534 10532 10533
f 10535 10532 10534
f 10536 10535 10534
f 10537 10536 10534
f 10538 10536 10537
f 10539 10536 10538
f 10535 10536 10539
f 10540 10535 10539
f 10541 10540 10539
f 10542 10540 10541
f 10543 10540 10542
f 10544 10543 10542
f 10545 10543 10544
f 10546 10540 10543
f 10535 10540 10546
f 10532 10535 10546
f 10531 10532 10546
f 10543 10531 10546
f 10545 10531 10543
f 10529 10531 10545
f 10526 10529 10545
f 10524 10526 10545
f 10544 10524 10545
f 10522 10524 10544
f 10520 10522 10544
f 10542 10520 10544
f 10518 10520 10542
f 10541 10518 10542
f 10517 10518 10541
f 10539 10517 10541
f 10538 10517 10539
f 10514 10517 10538
f 10510 10514 10538
f 10537 10510 10538
f 10505 10510 10537
f 10504 10505 10537
f 10534 10504 10537
f 10533 10504 10534
f 10503 10504 10533
f 10530 10503 10533
f 10528 10503 10530
f 10501 10503 10528
f 10527 10501 10528
f 10547 10501 10527
f 10548 10547 10527
f 10549 10548 10527
f 10550 10548 10549
f 10551 10548 10550
f 10552 10551 10550
f 10553 10552 10550
f 10554 10552 10553
f 10555 10554 10553
f 10556 10555 10553
f 10557 10555 10556
f 10558 10552 10554
f 10559 10551 10552
f 10499 10501 10547
f 10497 10499 10547
f 10548 10497 10547
f 10494 10497 10548
f 10551 10494 10548
f 10559 10494 10551
f 10492 10494 10559
f 10490 10492 10559
f 10560 10483 10486
f 10561 10483 10560
f 10562 10561 10560
f 10563 10562 10560
f 10564 10562 10563
f 10565 10564 10563
f 10566 10564 10565
f 10567 10564 10566
f 10562 10564 10567
f 10568 10562 10567
f 10569 10568 10567
f 10561 10562 10568
f 10482 10483 10561
f 10568 10482 10561
f 10478 10479 10482
f 10568 10478 10482
f 10569 10478 10568
f 10475 10478 10569
f 10474 10475 10569
f 10567 10474 10569
f 10566 10474 10567
f 10472 10474 10566
f 10471 10472 10566
f 10565 10471 10566
f 10570 10471 10565
f 10469 10471 10570
f 10571 10469 10570
f 10466 10469 10571
f 10463 10466 10571
f 10462 10463 10571
f 10443 10435 10437
f 10430 10432 10435
f 10364 10365 10368
f 10334 10335 10337
f 10342 10334 10337
f 10572 10313 10314
f 10305 10307 10313
f 10572 10305 10313
f 10298 10305 10572
f 10294 10295 10297
f 10264 10266 10270
f 10234 10236 10241
f 10573 10226 10228
f 10574 10226 10573
f 10575 10574 10573
f 10576 10574 10575
f 10577 10576 10575
f 10578 10577 10575
f 10579 10577 10578
f 10580 10579 10578
f 10581 10579 10580
f 10582 10579 10581
f 10583 10582 10581
f 10584 10583 10581
f 10585 10584 10581
f 10586 10582 10583
f 10587 10586 10583
f 10584 10587 10583
f 10588 10586 10587
f 10589 10588 10587
f 10590 10589 10587
f 10591 10589 10590
f 10592 10589 10591
f 10593 10592 10591
f 10594 10592 10593
f 10595 10592 10594
f 10596 10595 10594
f 10597 10595 10596
f 10598 10597 10596
f 10599 10597 10598
f 10600 10597 10599
f 10601 10600 10599
f 10602 10597 10600
f 10603 10602 10600
f 10595 10597 10602
f 10604 10595 10602
f 10592 10595 10604
f 10589 10592 10604
f 10588 10589 10604
f 10602 10588 10604
f 10603 10588 10602
f 10586 10588 10603
f 10582 10586 10603
f 10577 10579 10582
f 10582 10576 10577
f 10224 10226 10574
f 10189 10191 10192
f 10605 10158 10160
f 10606 10158 10605
f 10157 10158 10606
f 10607 10157 10606
f 10608 10607 10606
f 10609 10607 10608
f 10610 10607 10609
f 10611 10610 10609
f 10612 10610 10611
f 10613 10612 10611
f 10614 10613 10611
f 10615 10613 10614
f 10616 10615 10614
f 10617 10616 10614
f 10618 10617 10614
f 10619 10617 10618
f 10620 10619 10618
f 10621 10619 10620
f 10622 10621 10620
f 10623 10621 10622
f 10624 10623 10622
f 10625 10624 10622
f 10626 10623 10624
f 10627 10626 10624
f 10628 10626 10627
f 10629 10626 10628
f 10630 10629 10628
f 10631 10630 10628
f 10632 10630 10631
f 10633 10630 10632
f 10634 10633 10632
f 10635 10634 10632
f 10636 10634 10635
f 10637 10634 10636
f 10638 10637 10636
f 10639 10638 10636
f 10640 10639 10636
f 10641 10639 10640
f 10642 10641 10640
f 10643 10641 10642
f 10644 10643 10642
f 10645 10643 10644
f 10646 10645 10644
f 10647 10645 10646
f 10648 10647 10646
f 10649 10647 10648
f 10650 10647 10649
f 10651 10650 10649
f 10652 10651 10649
f 10653 10651 10652
f 10654 10653 10652
f 10655 10653 10654
f 10656 10655 10654
f 10657 10655 10656
f 10658 10657 10656
f 10659 10657 10658
f 10660 10657 10659
f 10661 10660 10659
f 10662 10661 10659
f 10663 10661 10662
f 10664 10663 10662
f 10665 10664 10662
f 10666 10664 10665
f 10667 10664 10666
f 10668 10667 10666
f 10669 10668 10666
f 10670 10668 10669
f 10671 10670 10669
f 10672 10671 10669
f 10673 10671 10672
f 10674 10671 10673
f 10675 10674 10673
f 10676 10674 10675
f 10677 10676 10675
f 10678 10676 10677
f 10679 10678 10677
f 10680 10678 10679
f 10681 10680 10679
f 10682 10680 10681
f 10683 10682 10681
f 10684 10682 10683
f 10685 10684 10683
f 10686 10685 10683
f 10687 10685 10686
f 10688 10687 10686
f 10689 10687 10688
f 10690 10689 10688
f 10691 10690 10688
f 10692 10690 10691
f 10693 10692 10691
f 10694 10692 10693
f 10695 10694 10693
f 10696 10695 10693
f 10697 10695 10696
f 10698 10695 10697
f 10699 10698 10697
f 10700 10699 10697
f 10701 10700 10697
f 10702 10700 10701
f 10703 10702 10701
f 10704 10702 10703
f 10705 10704 10703
f 10706 10704 10705
f 10707 10706 10705
f 10708 10706 10707
f 10709 10708 10707
f 10710 10708 10709
f 10711 10710 10709
f 10712 10711 10709
f 10713 10711 10712
f 10714 10713 10712
f 10715 10713 10714
f 10716 10715 10714
f 10717 10715 10716
f 10718 10717 10716
f 10719 10718 10716
f 10720 10717 10718
f 10721 10720 10718
f 10722 10721 10718
f 10719 10722 10718
f 10723 10715 10717
f 10724 10723 10717
f 10713 10715 10723
f 10725 10713 10723
f 10726 10725 10723
f 10727 10726 10723
f 10728 10726 10727
f 10729 10728 10727
f 10730 10729 10727
f 10731 10730 10727
f 10732 10730 10731
f 10733 10730 10732
f 10734 10733 10732
f 10735 10733 10734
f 10736 10735 10734
f 10737 10736 10734
f 10738 10736 10737
f 10739 10738 10737
f 10740 10739 10737
f 10741 10739 10740
f 10742 10741 10740
f 10743 10742 10740
f 10744 10742 10743
f 10745 10744 10743
f 10746 10741 10742
f 10747 10741 10746
f 10748 10747 10746
f 10749 10747 10748
f 10750 10747 10749
f 10751 10750 10749
f 10752 10750 10751
f 10753 10750 10752
f 10754 10753 10752
f 10755 10753 10754
f 10756 10755 10754
f 10757 10755 10756
f 10758 10755 10757
f 10759 10755 10758
f 10753 10755 10759
f 10760 10753 10759
f 10761 10760 10759
f 10762 10760 10761
f 10763 10762 10761
f 10764 10763 10761
f 10765 10763 10764
f 10766 10763 10765
f 10767 10766 10765
f 10768 10766 10767
f 10769 10768 10767
f 10770 10768 10769
f 10771 10768 10770
f 10772 10771 10770
f 10773 10772 10770
f 10774 10773 10770
f 10775 10773 10774
f 10776 10773 10775
f 10777 10776 10775
f 10778 10777 10775
f 10779 10778 10775
f 10780 10778 10779
f 10781 10780 10779
f 10782 10780 10781
f 10783 10782 10781
f 10784 10783 10781
f 10779 10784 10781
f 10785 10783 10784
f 10786 10785 10784
f 10787 10785 10786
f 10788 10787 10786
f 10789 10788 10786
f 10790 10788 10789
f 10791 10790 10789
f 10792 10790 10791
f 10793 10790 10792
f 10794 10793 10792
f 10795 10793 10794
f 10796 10795 10794
f 10797 10793 10795
f 10798 10797 10795
f 10799 10798 10795
f 10800 10798 10799
f 10801 10800 10799
f 10802 10800 10801
f 10803 10802 10801
f 10804 10803 10801
f 10799 10804 10801
f 10795 10804 10799
f 10796 10804 10795
f 10805 10803 10804
f 10806 10807 10808
f 10809 10806 10808
f 10810 10806 10809
f 10811 10810 10809
f 10812 10806 10810
f 10813 10812 10810
f 10814 10813 10810
f 10815 10814 10810
f 10816 10814 10815
f 10817 10814 10816
f 10818 10817 10816
f 10819 10818 10816
f 10820 10818 10819
f 10821 10818 10820
f 10822 10821 10820
f 10823 10822 10820
f 10824 10822 10823
f 10825 10824 10823
f 10826 10825 10823
f 10827 10826 10823
f 10828 10824 10825
f 10829 10828 10825
f 10830 10828 10829
f 10831 10830 10829
f 10832 10830 10831
f 10833 10832 10831
f 10834 10832 10833
f 10835 10834 10833
f 10836 10835 10833
f 10837 10835 10836
f 10838 10835 10837
f 10839 10838 10837
f 10840 10839 10837
f 10841 10839 10840
f 10842 10841 10840
f 10843 10842 10840
f 10844 10842 10843
f 10845 10844 10843
f 10846 10845 10843
f 10847 10845 10846
f 10848 10845 10847
f 10849 10848 10847
f 10850 10849 10847
f 10851 10849 10850
f 10852 10851 10850
f 10848 10849 10851
f 10853 10845 10848
f 10854 10853 10848
f 10855 10853 10854
f 10856 10855 10854
f 10857 10856 10854
f 10858 10856 10857
f 10859 10858 10857
f 10860 10859 10857
f 10861 10859 10860
f 10862 10861 10860
f 10863 10862 10860
f 10857 10863 10860
f 10864 10862 10863
f 10865 10862 10864
f 10866 10865 10864
f 10867 10866 10864
f 10868 10866 10867
f 10869 10868 10867
f 10870 10868 10869
f 10871 10866 10868
f 10872 10866 10871
f 10873 10872 10871
f 10874 10872 10873
f 10875 10874 10873
f 10876 10875 10873
f 10877 10875 10876
f 10878 10877 10876
f 10879 10875 10877
f 10880 10875 10879
f 10881 10880 10879
f 10882 10880 10881
f 10883 10882 10881
f 10884 10883 10881
f 10885 10882 10883
f 10886 10885 10883
f 10887 10885 10886
f 10888 10887 10886
f 10889 10887 10888
f 10890 10887 10889
f 10891 10890 10889
f 10892 10891 10889
f 10893 10892 10889
f 10894 10892 10893
f 10895 10894 10893
f 10896 10894 10895
f 10897 10896 10895
f 10898 10897 10895
f 10899 10896 10897
f 10900 10896 10899
f 10901 10900 10899
f 10902 10901 10899
f 10903 10901 10902
f 10904 10903 10902
f 10905 10904 10902
f 10906 10904 10905
f 10907 10906 10905
f 10908 10906 10907
f 10909 10908 10907
f 10910 10908 10909
f 10911 10910 10909
f 10912 10910 10911
f 10913 10910 10912
f 10914 10913 10912
f 10915 10913 10914
f 10916 10915 10914
f 10917 10915 10916
f 10918 10915 10917
f 10919 10918 10917
f 10920 10919 10917
f 10921 10919 10920
f 10922 10921 10920
f 10923 10921 10922
f 10924 10923 10922
f 10925 10924 10922
f 10926 10919 10921
f 10923 10926 10921
f 10927 10926 10923
f 10924 10927 10923
f 10928 10926 10927
f 10929 10928 10927
f 10930 10928 10929
f 10931 10930 10929
f 10932 10931 10929
f 10933 10931 10932
f 10934 10933 10932
f 10935 10933 10934
f 10936 10935 10934
f 10937 10935 10936
f 10938 10937 10936
f 10939 10937 10938
f 10940 10937 10939
f 10941 10940 10939
f 10942 10940 10941
f 10943 10942 10941
f 10944 10942 10943
f 10945 10942 10944
f 10946 10945 10944
f 10947 10945 10946
f 10948 10947 10946
f 10949 10947 10948
f 10945 10947 10949
f 10950 10942 10945
f 10949 10950 10945
f 10951 10950 10949
f 10952 10951 10949
f 10953 10952 10949
f 10948 10953 10949
f 10954 10953 10948
f 10955 10954 10948
f 10956 10953 10954
f 10957 10956 10954
f 10958 10957 10954
f 10959 10957 10958
f 10960 10957 10959
f 10961 10960 10959
f 10962 10961 10959
f 10958 10962 10959
f 10963 10961 10962
f 10964 10961 10963
f 10965 10964 10963
f 10966 10965 10963
f 10967 10965 10966
f 10968 10967 10966
f 10969 10967 10968
f 10970 10967 10969
f 10971 10970 10969
f 10972 10971 10969
f 10973 10971 10972
f 10974 10973 10972
f 10975 10973 10974
f 10976 10973 10975
f 10977 10976 10975
f 10978 10976 10977
f 10979 10978 10977
f 10980 10978 10979
f 10981 10978 10980
f 10982 10981 10980
f 10983 10981 10982
f 10984 10983 10982
f 10985 10984 10982
f 10986 10985 10982
f 10987 10985 10986
f 10988 10987 10986
f 10989 10988 10986
f 10990 10989 10986
f 10991 10989 10990
f 10992 10989 10991
f 10993 10992 10991
f 10994 10992 10993
f 10995 10992 10994
f 10996 10995 10994
f 10997 10996 10994
f 10998 10996 10997
f 10999 10996 10998
f 11000 10999 10998
f 11001 10999 11000
f 11002 11001 11000
f 11003 11001 11002
f 11004 11003 11002
f 11005 11004 11002
f 11006 11005 11002
f 11007 11005 11006
f 11008 11007 11006
f 11004 11005 11007
f 11009 11004 11007
f 11008 11009 11007
f 11010 11004 11009
f 11003 11004 11010
f 11011 11003 11010
f 11012 11011 11010
f 11009 11012 11010
f 11013 11012 11009
f 11014 11011 11012
f 11015 11014 11012
f 11016 11014 11015
f 11017 11016 11015
f 11018 11017 11015
f 11019 11018 11015
f 11020 11018 11019
f 11021 11020 11019
f 11022 11021 11019
f 11023 11021 11022
f 11024 11023 11022
f 11025 11024 11022
f 11026 11025 11022
f 11027 11025 11026
f 11028 11027 11026
f 11029 11027 11028
f 11030 11029 11028
f 11031 11029 11030
f 11032 11031 11030
f 11033 11032 11030
f 11034 11032 11033
f 11035 11034 11033
f 11036 11035 11033
f 11037 11036 11033
f 11038 11036 11037
f 11039 11038 11037
f 11040 11039 11037
f 11035 11036 11038
f 11041 11035 11038
f 11042 11041 11038
f 11039 11042 11038
f 11043 11042 11039
f 11044 11043 11039
f 11045 11042 11043
f 11046 11045 11043
f 11047 11042 11045
f 11048 11047 11045
f 11049 11047 11048
f 11050 11049 11048
f 11051 11049 11050
f 11052 11051 11050
f 11053 11052 11050
f 11054 11052 11053
f 11055 11054 11053
f 11056 11054 11055
f 11057 11056 11055
f 11058 11057 11055
f 11059 11057 11058
f 11060 11059 11058
f 11061 11059 11060
f 11062 11061 11060
f 11063 11061 11062
f 11064 11061 11063
f 11065 11064 11063
f 11066 11065 11063
f 11067 11065 11066
f 11068 11067 11066
f 11069 11067 11068
f 11070 11069 11068
f 11071 11069 11070
f 11072 11071 11070
f 11073 11072 11070
f 11074 11072 11073
f 11075 11072 11074
f 11076 11075 11074
f 11077 11076 11074
f 11078 11076 11077
f 11079 11078 11077
f 11080 11079 11077
f 11081 11079 11080
f 11082 11081 11080
f 11083 11082 11080
f 11084 11081 11082
f 11085 11081 11084
f 11086 11085 11084
f 11087 11085 11086
f 11088 11087 11086
f 11089 11088 11086
f 11090 11089 11086
f 11091 11088 11089
f 11092 11088 11091
f 11093 11092 11091
f 11094 11093 11091
f 11095 11093 11094
f 11096 11095 11094
f 11097 11095 11096
f 11098 11097 11096
f 11099 11097 11098
f 11100 11099 11098
f 11101 11099 11100
f 11102 11101 11100
f 11103 11102 11100
f 11104 11102 11103
f 11105 11104 11103
f 11106 11105 11103
f 11107 11105 11106
f 11108 11107 11106
f 11109 11107 11108
f 11110 11109 11108
f 11111 11110 11108
f 11112 11110 11111
f 11113 11112 11111
f 11114 11112 11113
f 11115 11114 11113
f 11116 11115 11113
f 11117 11115 11116
f 11118 11115 11117
f 11114 11115 11118
f 11119 11114 11118
f 11120 11119 11118
f 11121 11120 11118
f 11122 11121 11118
f 11117 11122 11118
f 11123 11122 11117
f 11124 11121 11122
f 11125 11121 11124
f 11126 11121 11125
f 11127 11126 11125
f 11128 11127 11125
f 11129 11127 11128
f 11130 11129 11128
f 11131 11130 11128
f 11132 11129 11130
f 11133 11132 11130
f 11134 11132 11133
f 11135 11134 11133
f 11136 11134 11135
f 11137 11136 11135
f 11138 11137 11135
f 11139 11138 11135
f 11140 11138 11139
f 11141 11138 11140
f 11142 11141 11140
f 11143 11141 11142
f 11144 11143 11142
f 11145 11143 11144
f 11146 11143 11145
f 11147 11146 11145
f 11148 11147 11145
f 11149 11147 11148
f 11150 11149 11148
f 11151 11150 11148
f 11152 11151 11148
f 11153 11151 11152
f 11154 11153 11152
f 11155 11154 11152
f 11156 11154 11155
f 11157 11156 11155
f 11158 11157 11155
f 11159 11157 11158
f 11160 11157 11159
f 11161 11160 11159
f 11162 11160 11161
f 11163 11160 11162
f 11164 11163 11162
f 11165 11164 11162
f 11166 11163 11164
f 11167 11163 11166
f 11168 11167 11166
f 11169 11168 11166
f 11170 11168 11169
f 11171 11168 11170
f 11172 11171 11170
f 11173 11172 11170
f 11174 11171 11172
f 11175 11174 11172
f 11176 11174 11175
f 11177 11176 11175
f 11178 11176 11177
f 11179 11178 11177
f 11180 11179 11177
f 11181 11180 11177
f 11182 11179 11180
f 11183 11182 11180
f 11184 11182 11183
f 11185 11184 11183
f 11186 11185 11183
f 11187 11186 11183
f 11180 11187 11183
f 11188 11186 11187
f 11189 11186 11188
f 11190 11189 11188
f 11191 11189 11190
f 11192 11189 11191
f 11193 11192 11191
f 11194 11192 11193
f 11195 11194 11193
f 11196 11195 11193
f 11197 11195 11196
f 11198 11197 11196
f 11199 11197 11198
f 11200 11197 11199
f 11201 11200 11199
f 11202 11200 11201
f 11203 11202 11201
f 11204 11202 11203
f 11205 11204 11203
f 11206 11204 11205
f 11207 11206 11205
f 11208 11204 11206
f 11209 11208 11206
f 11210 11209 11206
f 11211 11210 11206
f 11212 11210 11211
f 11213 11210 11212
f 11214 11213 11212
f 11215 11214 11212
f 11216 11214 11215
f 11217 11216 11215
f 11218 11217 11215
f 11219 11217 11218
f 11220 11219 11218
f 11221 11220 11218
f 11222 11219 11220
f 11223 11219 11222
f 11224 11219 11223
f 11225 11224 11223
f 11226 11225 11223
f 11227 11225 11226
f 11228 11227 11226
f 11229 11228 11226
f 11230 11228 11229
f 11231 11230 11229
f 11232 11231 11229
f 11233 11232 11229
f 11234 11231 11232
f 11235 11234 11232
f 11236 11234 11235
f 11237 11236 11235
f 11238 11236 11237
f 11239 11236 11238
f 11240 11239 11238
f 11241 11240 11238
f 11242 11240 11241
f 11243 11242 11241
f 11244 11243 11241
f 11245 11243 11244
f 11246 11243 11245
f 11247 11243 11246
f 11248 11247 11246
f 11249 11247 11248
f 11250 11247 11249
f 11251 11250 11249
f 11252 11251 11249
f 11253 11251 11252
f 11254 11253 11252
f 11255 11254 11252
f 11256 11254 11255
f 11257 11256 11255
f 11258 11257 11255
f 11259 11257 11258
f 11260 11257 11259
f 11261 11260 11259
f 11262 11260 11261
f 11263 11262 11261
f 11264 11262 11263
f 11265 11264 11263
f 11266 11264 11265
f 11267 11266 11265
f 11268 11266 11267
f 11269 11268 11267
f 11270 11268 11269
f 11271 11270 11269
f 11272 11270 11271
f 11273 11272 11271
f 11274 11272 11273
f 11275 11274 11273
f 11276 11274 11275
f 11277 11276 11275
f 11278 11276 11277
f 11279 11278 11277
f 11280 11276 11278
f 11281 11276 11280
f 11282 11281 11280
f 11283 11281 11282
f 11284 11283 11282
f 11285 11283 11284
f 11286 11283 11285
f 11287 11286 11285
f 11288 11287 11285
f 11289 11287 11288
f 11290 11289 11288
f 11291 11289 11290
f 11292 11291 11290
f 11293 11292 11290
f 11294 11292 11293
f 11295 11292 11294
f 11296 11295 11294
f 11297 11296 11294
f 11298 11296 11297
f 11299 11296 11298
f 11300 11299 11298
f 11301 11300 11298
f 11302 11300 11301
f 11303 11300 11302
f 11299 11300 11303
f 11304 11299 11303
f 11305 11304 11303
f 11306 11304 11305
f 11307 11304 11306
f 11308 11307 11306
f 11309 11307 11308
f 11310 11309 11308
f 11311 11309 11310
f 11312 11311 11310
f 11313 11312 11310
f 11314 11313 11310
f 11315 11313 11314
f 11316 11315 11314
f 11317 11315 11316
f 11318 11317 11316
f 11319 11317 11318
f 11320 11317 11319
f 11321 11320 11319
f 11322 11321 11319
f 11323 11317 11320
f 11324 11323 11320
f 11325 11323 11324
f 11326 11323 11325
f 11327 11326 11325
f 11328 11326 11327
f 11329 11328 11327
f 11330 11329 11327
f 11331 11329 11330
f 11332 11329 11331
f 11333 11332 11331
f 11334 11333 11331
f 11335 11333 11334
f 11336 11333 11335
f 11337 11336 11335
f 11338 11337 11335
f 11339 11333 11336
f 11332 11333 11339
f 11340 11332 11339
f 11341 11340 11339
f 11342 11341 11339
f 11343 11341 11342
f 11344 11343 11342
f 11345 11343 11344
f 11346 11345 11344
f 11347 11345 11346
f 11348 11347 11346
f 11349 11348 11346
f 11350 11349 11346
f 11351 11349 11350
f 11352 11351 11350
f 11353 11351 11352
f 11354 11353 11352
f 11355 11351 11353
f 11356 11355 11353
f 11357 11356 11353
f 11358 11357 11353
f 11354 11358 11353
f 11359 11358 11354
f 11360 11359 11354
f 11361 11359 11360
f 11362 11361 11360
f 11363 11361 11362
f 11364 11361 11363
f 11365 11364 11363
f 11366 11365 11363
f 11367 11365 11366
f 11368 11365 11367
f 11369 11368 11367
f 11370 11369 11367
f 11371 11370 11367
f 11372 11369 11370
f 11373 11372 11370
f 11371 11373 11370
f 11374 11372 11373
f 11375 11374 11373
f 11376 11375 11373
f 11377 11374 11375
f 11378 11374 11377
f 11379 11378 11377
f 11380 11379 11377
f 11381 11379 11380
f 11382 11381 11380
f 11383 11381 11382
f 11384 11381 11383
f 11385 11384 11383
f 11386 11385 11383
f 11387 11385 11386
f 11388 11387 11386
f 11389 11388 11386
f 11390 11389 11386
f 11391 11389 11390
f 11392 11389 11391
f 11393 11392 11391
f 11394 11392 11393
f 11395 11392 11394
f 11396 11395 11394
f 11397 11395 11396
f 11398 11397 11396
f 11399 11398 11396
f 11400 11398 11399
f 11401 11400 11399
f 11402 11400 11401
f 11403 11402 11401
f 11404 11402 11403
f 11405 11404 11403
f 11406 11404 11405
f 11407 11406 11405
f 11408 11406 11407
f 11409 11406 11408
f 11410 11406 11409
f 11411 11410 11409
f 11412 11411 11409
f 11413 11411 11412
f 11414 11413 11412
f 11415 11414 11412
f 11416 11415 11412
f 11417 11415 11416
f 11418 11417 11416
f 11419 11417 11418
f 11420 11419 11418
f 11421 11419 11420
f 11422 11421 11420
f 11423 11421 11422
f 11424 11423 11422
f 11425 11423 11424
f 11426 11425 11424
f 11427 11425 11426
f 11428 11427 11426
f 11429 11427 11428
f 11430 11429 11428
f 11431 11429 11430
f 11432 11431 11430
f 11433 11431 11432
f 11434 11431 11433
f 11435 11431 11434
f 11436 11435 11434
f 11437 11436 11434
f 11438 11436 11437
f 11439 11438 11437
f 11440 11439 11437
f 11441 11439 11440
f 11442 11441 11440
f 11443 11441 11442
f 11444 11443 11442
f 11445 11443 11444
f 11446 11445 11444
f 11447 11446 11444
f 11448 11446 11447
f 11449 11448 11447
f 11450 11448 11449
f 11451 11450 11449
f 11452 11450 11451
f 11453 11452 11451
f 11454 11453 11451
f 11455 11453 11454
f 11456 11455 11454
f 11457 11456 11454
f 11458 11457 11454
f 11459 11457 11458
f 11460 11457 11459
f 11461 11460 11459
f 11462 11460 11461
f 11463 11462 11461
f 11464 11460 11462
f 11465 11460 11464
f 11466 11465 11464
f 11467 11465 11466
f 11468 11467 11466
f 11469 11467 11468
f 11470 11469 11468
f 11471 11470 11468
f 11472 11471 11468
f 11473 11471 11472
f 11474 11471 11473
f 11475 11471 11474
f 11476 11475 11474
f 11477 11476 11474
f 11478 11477 11474
f 11479 11477 11478
f 11480 11479 11478
f 11481 11479 11480
f 11482 11481 11480
f 11483 11482 11480
f 11484 11482 11483
f 11485 11482 11484
f 11486 11485 11484
f 11487 11486 11484
f 11488 11486 11487
f 11489 11488 11487
f 11490 11489 11487
f 11491 11489 11490
f 11492 11491 11490
f 11493 11491 11492
f 11494 11493 11492
f 11495 11494 11492
f 11496 11494 11495
f 11497 11496 11495
f 11498 11494 11496
f 11499 11491 11493
f 11500 11499 11493
f 11501 11499 11500
f 11502 11501 11500
f 11503 11501 11502
f 11504 11501 11503
f 11505 11504 11503
f 11506 11505 11503
f 11507 11505 11506
f 11508 11507 11506
f 11509 11507 11508
f 11510 11507 11509
f 11511 11510 11509
f 11512 11511 11509
f 11513 11511 11512
f 11514 11513 11512
f 11515 11513 11514
f 11516 11513 11515
f 11517 11516 11515
f 11518 11516 11517
f 11519 11518 11517
f 11520 11518 11519
f 11521 11520 11519
f 11522 11520 11521
f 11523 11522 11521
f 11524 11522 11523
f 11525 11524 11523
f 11526 11524 11525
f 11527 11526 11525
f 11528 11527 11525
f 11529 11527 11528
f 11530 11527 11529
f 11531 11530 11529
f 11532 11531 11529
f 11533 11531 11532
f 11534 11531 11533
f 11535 11534 11533
f 11536 11535 11533
f 11537 11535 11536
f 11538 11537 11536
f 11539 11538 11536
f 11540 11537 11538
f 11539 11540 11538
f 11541 11537 11540
f 11542 11541 11540
f 11543 11542 11540
f 11544 11542 11543
f 11545 11544 11543
f 11546 11545 11543
f 11547 11545 11546
f 11548 11547 11546
f 11549 11548 11546
f 11550 11548 11549
f 11551 11550 11549
f 11552 11550 11551
f 11553 11552 11551
f 11554 11553 11551
f 11555 11552 11553
f 11556 11555 11553
f 11557 11555 11556
f 11558 11555 11557
f 11559 11558 11557
f 11560 11558 11559
f 11561 11560 11559
f 11562 11560 11561
f 11563 11562 11561
f 11564 11562 11563
f 11565 11562 11564
f 11566 11562 11565
f 11567 11566 11565
f 11568 11566 11567
f 11569 11568 11567
f 11570 11568 11569
f 11571 11570 11569
f 11572 11571 11569
f 11573 11571 11572
f 11574 11573 11572
f 11575 11573 11574
f 11576 11575 11574
f 11577 11575 11576
f 11578 11577 11576
f 11579 11577 11578
f 11580 11577 11579
f 11581 11580 11579
f 11582 11580 11581
f 11583 11582 11581
f 11584 11582 11583
f 11585 11584 11583
f 11586 11585 11583
f 11587 11584 11585
f 11588 11587 11585
f 11589 11588 11585
f 11590 11588 11589
f 11591 11588 11590
f 11592 11588 11591
f 11593 11592 11591
f 11594 11593 11591
f 11595 11594 11591
f 11596 11593 11594
f 11597 11596 11594
f 11598 11596 11597
f 11599 11598 11597
f 11600 11599 11597
f 11601 11599 11600
f 11602 11601 11600
f 11603 11599 11601
f 11604 11599 11603
f 11605 11604 11603
f 11606 11605 11603
f 11607 11604 11605
f 11608 11607 11605
f 11609 11607 11608
f 11610 11609 11608
f 11611 11609 11610
f 11612 11611 11610
f 11613 11611 11612
f 11614 11611 11613
f 11615 11614 11613
f 11616 11615 11613
f 11617 11615 11616
f 11618 11617 11616
f 11619 11617 11618
f 11620 11619 11618
f 11621 11619 11620
f 11622 11621 11620
f 11623 11622 11620
f 11624 11622 11623
f 11625 11622 11624
f 11626 11625 11624
f 11627 11625 11626
f 11628 11627 11626
f 11629 11628 11626
f 11630 11628 11629
f 11631 11628 11630
f 11632 11631 11630
f 11633 11632 11630
f 11634 11632 11633
f 11635 11634 11633
f 11636 11634 11635
f 11637 11636 11635
f 11638 11636 11637
f 11639 11636 11638
f 11640 11639 11638
f 11641 11640 11638
f 11642 11640 11641
f 11643 11640 11642
f 11644 11643 11642
f 11645 11644 11642
f 11646 11644 11645
f 11647 11646 11645
f 11648 11647 11645
f 11649 11647 11648
f 11650 11647 11649
f 11651 11650 11649
f 11652 11651 11649
f 11653 11651 11652
f 11654 11653 11652
f 11655 11654 11652
f 11656 11653 11654
f 11657 11656 11654
f 11658 11656 11657
f 11659 11656 11658
f 11660 11659 11658
f 11661 11660 11658
f 11662 11660 11661
f 11663 11662 11661
f 11664 11662 11663
f 11665 11664 11663
f 11666 11665 11663
f 11667 11665 11666
f 11668 11664 11665
f 11669 11664 11668
f 11670 11669 11668
f 11671 11669 11670
f 11672 11671 11670
f 11673 11671 11672
f 11674 11673 11672
f 11675 11674 11672
f 11676 11675 11672
f 11670 11676 11672
f 11677 11675 11676
f 11678 11677 11676
f 11679 11678 11676
f 11680 11678 11679
f 11681 11678 11680
f 11682 11681 11680
f 11683 11681 11682
f 11684 11683 11682
f 11685 11683 11684
f 11686 11685 11684
f 11687 11686 11684
f 11688 11686 11687
f 11689 11686 11688
f 11690 11686 11689
f 11691 11690 11689
f 11692 11691 11689
f 11693 11691 11692
f 11694 11693 11692
f 11695 11694 11692
f 11696 11694 11695
f 11697 11693 11694
f 11696 11697 11694
f 11698 11693 11697
f 11699 11698 11697
f 11700 11699 11697
f 11701 11699 11700
f 11702 11701 11700
f 11703 11702 11700
f 11704 11702 11703
f 11705 11704 11703
f 11706 11705 11703
f 11707 11705 11706
f 11708 11707 11706
f 11709 11708 11706
f 11710 11707 11708
f 11711 11707 11710
f 11712 11711 11710
f 11713 11711 11712
f 11714 11713 11712
f 11715 11713 11714
f 11716 11715 11714
f 11717 11716 11714
f 11718 11716 11717
f 11719 11718 11717
f 11720 11718 11719
f 11721 11718 11720
f 11722 11721 11720
f 11723 11721 11722
f 11724 11721 11723
f 11725 11724 11723
f 11726 11724 11725
f 11727 11726 11725
f 11728 11726 11727
f 11729 11728 11727
f 11730 11728 11729
f 11731 11730 11729
f 11732 11731 11729
f 11733 11732 11729
f 11734 11733 11729
f 11735 11732 11733
f 11736 11732 11735
f 11737 11736 11735
f 11738 11736 11737
f 11739 11738 11737
f 11740 11738 11739
f 11741 11738 11740
f 11742 11741 11740
f 11743 11741 11742
f 11744 11743 11742
f 11745 11744 11742
f 11746 11744 11745
f 11747 11746 11745
f 11748 11747 11745
f 11749 11747 11748
f 11750 11747 11749
f 11751 11750 11749
f 11752 11751 11749
f 11753 11751 11752
f 11754 11751 11753
f 11755 11754 11753
f 11756 11755 11753
f 11757 11756 11753
f 11758 11756 11757
f 11759 11756 11758
f 11760 11759 11758
f 11761 11759 11760
f 11762 11761 11760
f 11763 11761 11762
f 11764 11763 11762
f 11765 11763 11764
f 11766 11765 11764
f 11767 11765 11766
f 11768 11767 11766
f 11769 11768 11766
f 11770 11768 11769
f 11771 11768 11770
f 11772 11771 11770
f 11773 11772 11770
f 11774 11772 11773
f 11775 11774 11773
f 11776 11775 11773
f 11770 11776 11773
f 11777 11775 11776
f 11778 11775 11777
f 11779 11778 11777
f 11780 11779 11777
f 11781 11779 11780
f 11782 11781 11780
f 11783 11782 11780
f 11784 11783 11780
f 11785 11781 11782
f 11786 11781 11785
f 11778 11779 11781
f 11787 11775 11778
f 11788 11787 11778
f 11789 11787 11788
f 11790 11789 11788
f 11791 11790 11788
f 11792 11790 11791
f 11793 11792 11791
f 11794 11793 11791
f 11795 11790 11792
f 11796 11795 11792
f 11793 11796 11792
f 11797 11796 11793
f 11798 11797 11793
f 11799 11797 11798
f 11800 11797 11799
f 11801 11797 11800
f 11802 11801 11800
f 11803 11801 11802
f 11804 11803 11802
f 11805 11801 11803
f 11806 11801 11805
f 11807 11806 11805
f 11808 11807 11805
f 11809 11808 11805
f 11810 11808 11809
f 11811 11810 11809
f 11812 11811 11809
f 11813 11811 11812
f 11814 11813 11812
f 11815 11813 11814
f 11816 11815 11814
f 11817 11816 11814
f 11818 11816 11817
f 11819 11816 11818
f 11820 11816 11819
f 11821 11820 11819
f 11822 11820 11821
f 11823 11820 11822
f 11824 11823 11822
f 11825 11823 11824
f 11826 11825 11824
f 11827 11825 11826
f 11828 11827 11826
f 11829 11828 11826
f 11830 11829 11826
f 11831 11829 11830
f 11832 11829 11831
f 11833 11832 11831
f 11834 11832 11833
f 11835 11834 11833
f 11836 11834 11835
f 11837 11834 11836
f 11838 11837 11836
f 11839 11837 11838
f 11840 11839 11838
f 11841 11839 11840
f 11842 11841 11840
f 11843 11841 11842
f 11844 11843 11842
f 11845 11843 11844
f 11846 11845 11844
f 11847 11845 11846
f 11848 11847 11846
f 11849 11847 11848
f 11850 11849 11848
f 11851 11849 11850
f 11852 11851 11850
f 11853 11851 11852
f 11854 11853 11852
f 11855 11854 11852
f 11856 11853 11854
f 11857 11851 11853
f 11849 11851 11857
f 11858 11849 11857
f 11859 11858 11857
f 11860 11859 11857
f 11861 11859 11860
f 11862 11859 11861
f 11863 11862 11861
f 11864 11862 11863
f 11865 11864 11863
f 11866 11865 11863
f 11867 11865 11866
f 11868 11867 11866
f 11869 11868 11866
f 11870 11868 11869
f 11871 11870 11869
f 11872 11871 11869
f 11873 11871 11872
f 11874 11871 11873
f 11875 11874 11873
f 11876 11875 11873
f 11877 11875 11876
f 11878 11877 11876
f 11879 11877 11878
f 11880 11879 11878
f 11881 11880 11878
f 11882 11880 11881
f 11883 11880 11882
f 11884 11883 11882
f 11885 11883 11884
f 11886 11883 11885
f 11887 11886 11885
f 11888 11887 11885
f 11889 11886 11887
f 11890 11889 11887
f 11888 11890 11887
f 11891 11890 11888
f 11892 11890 11891
f 11893 11892 11891
f 11894 11892 11893
f 11895 11892 11894
f 11896 11895 11894
f 11897 11896 11894
f 11898 11896 11897
f 11899 11898 11897
f 11900 11899 11897
f 11901 11900 11897
f 11902 11900 11901
f 11903 11898 11899
f 11904 11903 11899
f 11905 11903 11904
f 11906 11905 11904
f 11907 11905 11906
f 11908 11905 11907
f 11909 11908 11907
f 11910 11908 11909
f 11911 11910 11909
f 11912 11910 11911
f 11913 11912 11911
f 11914 11913 11911
f 11915 11913 11914
f 11916 11913 11915
f 11917 11916 11915
f 11918 11916 11917
f 11919 11916 11918
f 11920 11919 11918
f 11921 11920 11918
f 11922 11921 11918
f 11923 11921 11922
f 11924 11923 11922
f 11925 11921 11923
f 11926 11921 11925
f 11927 11926 11925
f 11928 11926 11927
f 11929 11928 11927
f 11930 11928 11929
f 11931 11930 11929
f 11932 11931 11929
f 11933 11931 11932
f 11934 11930 11931
f 11935 11930 11934
f 11936 11935 11934
f 11937 11935 11936
f 11938 11937 11936
f 11939 11938 11936
f 11940 11938 11939
f 11941 11940 11939
f 11942 11940 11941
f 11943 11942 11941
f 11944 11943 11941
f 11945 11944 11941
f 11946 11945 11941
f 11947 11945 11946
f 11948 11947 11946
f 11949 11948 11946
f 11950 11949 11946
f 11951 11949 11950
f 11952 11951 11950
f 11953 11948 11949
f 11954 11948 11953
f 11955 11948 11954
f 11956 11955 11954
f 11957 11956 11954
f 11958 11956 11957
f 11959 11958 11957
f 11960 11958 11959
f 11961 11960 11959
f 11957 11961 11959
f 11962 11960 11961
f 11963 11962 11961
f 11964 11962 11963
f 11965 11964 11963
f 11966 11965 11963
f 11967 11965 11966
f 11968 11965 11967
f 11969 11968 11967
f 11970 11968 11969
f 11971 11970 11969
f 11972 11970 11971
f 11973 11972 11971
f 11974 11973 11971
f 11975 11974 11971
f 11976 11975 11971
f 11977 11973 11974
f 11978 11977 11974
f 11979 11973 11977
f 11980 11979 11977
f 11981 11979 11980
f 11982 11979 11981
f 11983 11982 11981
f 11984 11983 11981
f 11985 11983 11984
f 11986 11985 11984
f 11987 11986 11984
f 11988 11986 11987
f 11989 11988 11987
f 11990 11988 11989
f 11991 11990 11989
f 11992 11991 11989
f 11993 11991 11992
f 11994 11993 11992
f 11995 11993 11994
f 11996 11995 11994
f 11997 11996 11994
f 11998 11993 11995
f 11999 11993 11998
f 12000 11993 11999
f 12001 12000 11999
f 12002 12001 11999
f 12003 12001 12002
f 12004 12003 12002
f 12005 12004 12002
f 12006 12005 12002
f 12007 12005 12006
f 12008 12007 12006
f 12009 12007 12008
f 12010 12007 12009
f 12011 12010 12009
f 12012 12010 12011
f 12007 12010 12012
f 12013 12005 12007
f 12004 12005 12013
f 12014 12004 12013
f 12015 12014 12013
f 12016 12015 12013
f 12017 12016 12013
f 12007 12017 12013
f 12012 12017 12007
f 12018 12016 12017
f 12019 12016 12018
f 12020 12019 12018
f 12021 12019 12020
f 12015 12016 12019
f 12022 12015 12019
f 12021 12022 12019
f 12023 12022 12021
f 12024 12015 12022
f 12025 12024 12022
f 12026 12024 12025
f 12027 12024 12026
f 12028 12027 12026
f 12029 12027 12028
f 12030 12029 12028
f 12031 12029 12030
f 12032 12031 12030
f 12033 12032 12030
f 12034 12032 12033
f 12035 12034 12033
f 12036 12034 12035
f 12037 12036 12035
f 12038 12037 12035
f 12039 12037 12038
f 12040 12039 12038
f 12041 12037 12039
f 12042 12041 12039
f 12043 12042 12039
f 12044 12043 12039
f 12045 12044 12039
f 12040 12045 12039
f 12046 12045 12040
f 12047 12045 12046
f 12048 12047 12046
f 12049 12047 12048
f 12050 12049 12048
f 12051 12049 12050
f 12052 12051 12050
f 12053 12052 12050
f 12054 12052 12053
f 12055 12054 12053
f 12056 12054 12055
f 12057 12054 12056
f 12058 12057 12056
f 12059 12057 12058
f 12060 12057 12059
f 12061 12060 12059
f 12062 12061 12059
f 12063 12062 12059
f 12058 12063 12059
f 12064 12063 12058
f 12065 12063 12064
f 12066 12065 12064
f 12067 12065 12066
f 12068 12065 12067
f 12069 12068 12067
f 12070 12069 12067
f 12071 12069 12070
f 12072 12069 12071
f 12073 12072 12071
f 12074 12072 12073
f 12075 12072 12074
f 12076 12075 12074
f 12077 12076 12074
f 12078 12076 12077
f 12079 12076 12078
f 12080 12079 12078
f 12081 12079 12080
f 12082 12081 12080
f 12083 12081 12082
f 12084 12081 12083
f 12085 12084 12083
f 12086 12085 12083
f 12087 12086 12083
f 12088 12086 12087
f 12089 12086 12088
f 12090 12089 12088
f 12091 12089 12090
f 12092 12089 12091
f 12093 12092 12091
f 12094 12092 12093
f 12095 12094 12093
f 12096 12095 12093
f 12097 12095 12096
f 12098 12097 12096
f 12099 12098 12096
f 12100 12098 12099
f 12101 12098 12100
f 12102 12098 12101
f 12103 12102 12101
f 12104 12103 12101
f 12105 12103 12104
f 12106 12105 12104
f 12107 12105 12106
f 12108 12107 12106
f 12109 12108 12106
f 12110 12108 12109
f 12111 12108 12110
f 12112 12111 12110
f 12113 12111 12112
f 12114 12111 12113
f 12115 12114 12113
f 12116 12115 12113
f 12117 12115 12116
f 12118 12117 12116
f 12119 12117 12118
f 12120 12119 12118
f 12121 12120 12118
f 12122 12120 12121
f 12123 12122 12121
f 12124 12122 12123
f 12125 12124 12123
f 12126 12125 12123
f 12127 12125 12126
f 12128 12125 12127
f 12129 12128 12127
f 12130 12128 12129
f 12131 12130 12129
f 12132 12131 12129
f 12133 12130 12131
f 12134 12133 12131
f 12135 12130 12133
f 12136 12135 12133
f 12137 12136 12133
f 12134 12137 12133
f 12138 12137 12134
f 12139 12137 12138
f 12140 12139 12138
f 12141 12139 12140
f 12142 12141 12140
f 12143 12142 12140
f 12144 12142 12143
f 12145 12142 12144
f 12146 12145 12144
f 12147 12146 12144
f 12148 12145 12146
f 12149 12148 12146
f 12150 12145 12148
f 12141 12142 12145
f 12150 12141 12145
f 12151 12141 12150
f 12152 12151 12150
f 12153 12152 12150
f 12154 12152 12153
f 12155 12152 12154
f 12151 12152 12155
f 12156 12151 12155
f 12157 12151 12156
f 12158 12157 12156
f 12159 12158 12156
f 12160 12158 12159
f 12161 12160 12159
f 12162 12160 12161
f 12163 12162 12161
f 12164 12162 12163
f 12165 12164 12163
f 12166 12165 12163
f 12167 12165 12166
f 12168 12165 12167
f 12169 12168 12167
f 12170 12169 12167
f 12171 12168 12169
f 12172 12171 12169
f 12173 12172 12169
f 12170 12173 12169
f 12174 12173 12170
f 12175 12173 12174
f 12176 12175 12174
f 12177 12175 12176
f 12178 12177 12176
f 12179 12177 12178
f 12180 12179 12178
f 12181 12179 12180
f 12182 12181 12180
f 12183 12181 12182
f 12184 12183 12182
f 12185 12181 12183
f 12186 12185 12183
f 12184 12186 12183
f 12187 12186 12184
f 12188 12187 12184
f 12189 12188 12184
f 12190 12187 12188
f 12191 12190 12188
f 12192 12190 12191
f 12187 12190 12192
f 12193 12186 12187
f 12194 12193 12187
f 12192 12194 12187
f 12195 12194 12192
f 12196 12194 12195
f 12197 12196 12195
f 12198 12194 12196
f 12199 12194 12198
f 12200 12199 12198
f 12201 12199 12200
f 12202 12201 12200
f 12203 12202 12200
f 12204 12201 12202
f 12205 12204 12202
f 12206 12204 12205
f 12207 12206 12205
f 12208 12206 12207
f 12209 12208 12207
f 12210 12208 12209
f 12211 12210 12209
f 12212 12210 12211
f 12213 12210 12212
f 12214 12213 12212
f 12215 12213 12214
f 12216 12215 12214
f 12217 12215 12216
f 12218 12217 12216
f 12219 12217 12218
f 12220 12219 12218
f 12221 12220 12218
f 12222 12220 12221
f 12223 12222 12221
f 12224 12223 12221
f 12225 12223 12224
f 12226 12223 12225
f 12227 12226 12225
f 12228 12226 12227
f 12229 12228 12227
f 12230 12228 12229
f 12231 12230 12229
f 12232 12230 12231
f 12233 12232 12231
f 12234 12232 12233
f 12235 12234 12233
f 12236 12234 12235
f 12237 12232 12234
f 12238 12232 12237
f 12239 12238 12237
f 12240 12238 12239
f 12241 12240 12239
f 12242 12241 12239
f 12243 12241 12242
f 12244 12243 12242
f 12245 12241 12243
f 12240 12241 12245
f 12246 12240 12245
f 12247 12246 12245
f 12248 12240 12246
f 12238 12240 12248
f 12230 12232 12238
f 12248 12230 12238
f 12228 12230 12248
f 12246 12228 12248
f 12226 12228 12246
f 12247 12226 12246
f 12223 12226 12247
f 12222 12223 12247
f 12245 12222 12247
f 12243 12222 12245
f 12220 12222 12243
f 12244 12220 12243
f 12219 12220 12244
f 12249 12219 12244
f 12250 12219 12249
f 12251 12250 12249
f 12252 12250 12251
f 12253 12250 12252
f 12254 12253 12252
f 12255 12253 12254
f 12256 12253 12255
f 12257 12256 12255
f 12258 12257 12255
f 12259 12257 12258
f 12260 12259 12258
f 12261 12259 12260
f 12262 12261 12260
f 12263 12261 12262
f 12264 12259 12261
f 12257 12259 12264
f 12265 12257 12264
f 12256 12257 12265
f 12219 12250 12253
f 12217 12219 12253
f 12256 12217 12253
f 12215 12217 12256
f 12213 12215 12256
f 12265 12213 12256
f 12210 12213 12265
f 12208 12210 12265
f 12264 12208 12265
f 12261 12208 12264
f 12263 12208 12261
f 12206 12208 12263
f 12204 12206 12263
f 12262 12204 12263
f 12201 12204 12262
f 12199 12201 12262
f 12193 12194 12199
f 12262 12193 12199
f 12260 12193 12262
f 12186 12193 12260
f 12258 12186 12260
f 12185 12186 12258
f 12255 12185 12258
f 12254 12185 12255
f 12181 12185 12254
f 12179 12181 12254
f 12252 12179 12254
f 12177 12179 12252
f 12251 12177 12252
f 12175 12177 12251
f 12173 12175 12251
f 12249 12173 12251
f 12172 12173 12249
f 12244 12172 12249
f 12242 12172 12244
f 12171 12172 12242
f 12239 12171 12242
f 12168 12171 12239
f 12237 12168 12239
f 12165 12168 12237
f 12164 12165 12237
f 12234 12164 12237
f 12236 12164 12234
f 12162 12164 12236
f 12266 12162 12236
f 12267 12266 12236
f 12160 12162 12266
f 12141 12151 12157
f 12139 12141 12157
f 12137 12139 12157
f 12158 12137 12157
f 12136 12137 12158
f 12160 12136 12158
f 12266 12136 12160
f 12135 12136 12266
f 12267 12135 12266
f 12268 12135 12267
f 12130 12135 12268
f 12128 12130 12268
f 12125 12128 12268
f 12124 12125 12268
f 12267 12124 12268
f 12236 12124 12267
f 12235 12124 12236
f 12122 12124 12235
f 12233 12122 12235
f 12120 12122 12233
f 12231 12120 12233
f 12119 12120 12231
f 12229 12119 12231
f 12117 12119 12229
f 12227 12117 12229
f 12225 12117 12227
f 12115 12117 12225
f 12224 12115 12225
f 12114 12115 12224
f 12221 12114 12224
f 12218 12114 12221
f 12216 12114 12218
f 12111 12114 12216
f 12107 12108 12111
f 12097 12098 12102
f 12079 12081 12084
f 12036 12037 12041
f 12269 12027 12029
f 12270 12027 12269
f 12014 12015 12024
f 12027 12014 12024
f 12270 12014 12027
f 12004 12014 12270
f 12003 12004 12270
f 12000 12001 12003
f 11991 11993 12000
f 11947 11948 11955
f 11920 11921 11926
f 11847 11849 11858
f 11845 11847 11858
f 11797 11801 11806
f 11796 11797 11806
f 11767 11768 11771
f 11750 11751 11754
f 12271 11699 11701
f 12272 12271 11701
f 12273 11699 12271
f 12274 12273 12271
f 12275 12273 12274
f 12276 12273 12275
f 12277 12276 12275
f 12278 12276 12277
f 11698 11699 12273
f 12276 11698 12273
f 12278 11698 12276
f 11693 11698 12278
f 11691 11693 12278
f 11690 11691 12278
f 12277 11690 12278
f 11685 11686 11690
f 12277 11685 11690
f 11683 11685 12277
f 12275 11683 12277
f 11681 11683 12275
f 12274 11681 12275
f 11678 11681 12274
f 11677 11678 12274
f 12271 11677 12274
f 12272 11677 12271
f 11675 11677 12272
f 12279 11671 11673
f 12280 12279 11673
f 12281 11671 12279
f 12282 12281 12279
f 11669 11671 12281
f 11662 11664 11669
f 12281 11662 11669
f 11660 11662 12281
f 12282 11660 12281
f 11659 11660 12282
f 11653 11656 11659
f 11650 11651 11653
f 11659 11650 11653
f 12282 11650 11659
f 12279 11650 12282
f 12280 11650 12279
f 11647 11650 12280
f 11646 11647 12280
f 11598 11599 11604
f 11587 11588 11592
f 12283 11544 11545
f 12284 11544 12283
f 12285 12284 12283
f 12286 12285 12283
f 12287 12284 12285
f 12288 12284 12287
f 12289 12288 12287
f 12290 12289 12287
f 12285 12290 12287
f 12291 12289 12290
f 12292 12291 12290
f 12293 12291 12292
f 12294 12291 12293
f 12295 12294 12293
f 12296 12295 12293
f 12297 12294 12295
f 12298 12297 12295
f 12299 12294 12297
f 12289 12291 12294
f 12299 12289 12294
f 12288 12289 12299
f 11544 12284 12288
f 11542 11544 12288
f 12299 11542 12288
f 11541 11542 12299
f 12297 11541 12299
f 12298 11541 12297
f 11537 11541 12298
f 11535 11537 12298
f 11534 11535 12298
f 12295 11534 12298
f 12296 11534 12295
f 11531 11534 12296
f 11530 11531 12296
f 12293 11530 12296
f 12292 11530 12293
f 11527 11530 12292
f 11526 11527 12292
f 12290 11526 12292
f 12290 11524 11526
f 11481 11482 11485
f 11470 11471 11475
f 12300 11467 11469
f 11457 11460 11465
f 11429 11431 11435
f 11404 11406 11410
f 11349 11351 11355
f 11348 11349 11355
f 11315 11317 11323
f 11281 11283 11286
f 11274 11276 11281
f 11286 11274 11281
f 11272 11274 11286
f 11253 11254 11256
f 12301 11247 11250
f 11243 11247 12301
f 12301 11242 11243
f 11242 11239 11240
f 12302 11168 11171
f 11167 11168 12302
f 12303 11167 12302
f 12304 11167 12303
f 11163 11167 12304
f 11160 11163 12304
f 11157 11160 12304
f 11156 11157 12304
f 12303 11156 12304
f 11154 11156 12303
f 11120 11121 11126
f 12305 11097 11099
f 12306 11097 12305
f 12307 12306 12305
f 12308 12306 12307
f 12309 12308 12307
f 12310 12308 12309
f 12311 12310 12309
f 12312 12311 12309
f 12313 12310 12311
f 12314 12308 12310
f 12306 12308 12314
f 11095 11097 12306
f 12314 11095 12306
f 11093 11095 12314
f 11092 11093 12314
f 12310 11092 12314
f 12313 11092 12310
f 11088 11092 12313
f 11087 11088 12313
f 12311 11087 12313
f 11081 11085 11087
f 12311 11081 11087
f 12312 11081 12311
f 11079 11081 12312
f 11078 11079 12312
f 12309 11078 12312
f 12307 11078 12309
f 11076 11078 12307
f 12305 11076 12307
f 11075 11076 12305
f 11099 11075 12305
f 11101 11075 11099
f 11072 11075 11101
f 11071 11072 11101
f 11102 11071 11101
f 11025 11027 11029
f 12315 11016 11017
f 12316 11016 12315
f 12317 11016 12316
f 11014 11016 12317
f 12318 11014 12317
f 11011 11014 12318
f 11003 11011 12318
f 11001 11003 12318
f 10999 11001 12318
f 12317 10999 12318
f 10996 10999 12317
f 12316 10996 12317
f 10995 10996 12316
f 10989 10992 10995
f 10988 10989 10995
f 12316 10988 10995
f 12315 10988 12316
f 10987 10988 12315
f 10987 10984 10985
f 12319 10983 10984
f 12320 10981 10983
f 10978 10981 12320
f 10976 10978 12320
f 10971 10973 10976
f 12320 10971 10976
f 10970 10971 12320
f 10983 10970 12320
f 12319 10970 10983
f 10967 10970 12319
f 10965 10967 12319
f 10984 10965 12319
f 10964 10965 10984
f 10940 10942 10950
f 12321 10887 10890
f 10885 10887 12321
f 10882 10885 12321
f 12322 10882 12321
f 12323 12322 12321
f 12324 12322 12323
f 12325 12324 12323
f 10880 10882 12322
f 10874 10875 10880
f 12322 10874 10880
f 12324 10874 12322
f 10872 10874 12324
f 10865 10866 10872
f 12324 10865 10872
f 12325 10865 12324
f 10862 10865 12325
f 10861 10862 12325
f 12323 10861 12325
f 10844 10845 10853
f 10855 10844 10853
f 10725 10726 10728
f 10711 10713 10725
f 10694 10695 10698
f 10633 10634 10637
f 10623 10626 10629
f 12326 10617 10619
f 10616 10617 12326
f 10612 10613 10615
f 12327 10610 10612
f 12328 10610 12327
f 12329 12328 12327
f 10607 10610 12328
f 10157 10607 12328
f 10153 10154 10157
f 12328 10153 10157
f 10151 10153 12328
f 12329 10151 12328
f 10149 10151 12329
f 10115 10116 10119
f 10103 10104 10109
f 9993 9994 10077
f 10080 9993 10077
f 9941 9943 9972
f 9901 9903 9907
f 9891 9892 12330
f 9872 9875 9890
f 9871 9872 9890
f 9820 9821 9825
f 9804 9806 9819
f 12331 9784 9788
f 9781 9784 12331
f 9780 9781 12331
f 12332 9780 12331
f 12333 9780 12332
f 12334 12333 12332
f 12335 12333 12334
f 12336 12335 12334
f 12337 12336 12334
f 12338 12336 12337
f 12339 12336 12338
f 12340 12336 12339
f 12341 12340 12339
f 12342 12340 12341
f 12343 12340 12342
f 12336 12340 12343
f 12335 12336 12343
f 12344 12335 12343
f 12345 12335 12344
f 12333 12335 12345
f 9779 9780 12333
f 12345 9779 12333
f 9776 9779 12345
f 9774 9776 12345
f 12344 9774 12345
f 9767 9774 12344
f 9766 9767 12344
f 12343 9766 12344
f 12342 9766 12343
f 9764 9766 12342
f 9763 9764 12342
f 12341 9763 12342
f 9758 9759 9763
f 12341 9758 9763
f 9756 9758 12341
f 12339 9756 12341
f 9754 9756 12339
f 12338 9754 12339
f 9753 9754 12338
f 12337 9753 12338
f 9669 9670 9672
f 9660 9653 9656
f 9608 9610 9615
f 9566 9568 9571
f 9560 9561 9564
f 9542 9543 9548
f 9509 9511 9514
f 9483 9485 9492
f 9220 9223 9441
f 9219 9220 9441
f 9185 9186 9196
f 9180 9181 9185
f 9148 9150 9153
f 9156 9148 9153
f 9095 9096 9100
f 9102 9095 9100
f 9067 9069 9075
f 9066 9067 9075
f 9051 9052 9055
f 9051 12346 9048
f 9017 9018 9023
f 12347 8994 8996
f 8988 8991 8994
f 8986 8988 8994
f 12347 8986 8994
f 8985 8986 12347
f 12348 8908 8910
f 12349 8908 12348
f 12350 12349 12348
f 8903 8908 12349
f 8901 8903 12349
f 8899 8901 12349
f 12350 8899 12349
f 8896 8899 12350
f 8895 8896 12350
f 12351 8859 8864
f 8858 8859 12351
f 8848 8851 8854
f 8847 8848 8854
f 8793 8795 8800
f 8778 8779 8783
f 8751 8752 8755
f 8728 8729 8731
f 8677 8678 8682
f 12352 8604 8606
f 8601 8604 12352
f 8559 8560 8563
f 12353 8547 12354
f 12355 12353 12354
f 12356 12357 12358
f 12359 12356 12358
f 12360 12356 12359
f 12361 12356 12360
f 12362 12361 12360
f 12363 12362 12360
f 12364 12362 12363
f 12365 12364 12363
f 12366 12364 12365
f 12367 12366 12365
f 12368 12367 12365
f 12369 12367 12368
f 12370 12369 12368
f 12371 12369 12370
f 12372 12371 12370
f 12373 12372 12370
f 12374 12369 12371
f 12375 12369 12374
f 12376 12375 12374
f 12377 12376 12374
f 12378 12379 12380
f 12381 12379 12378
f 12382 12381 12378
f 12383 12382 12378
f 12384 12381 12382
f 12385 12384 12382
f 12386 12384 12385
f 12387 12384 12386
f 12388 12387 12386
f 12381 12384 12387
f 12389 12379 12381
f 12387 12389 12381
f 12388 12390 12387
f 12375 12376 12390
f 12388 12375 12390
f 12367 12369 12375
f 12366 12367 12375
f 12388 12366 12375
f 12386 12366 12388
f 12364 12366 12386
f 12385 12364 12386
f 12362 12364 12385
f 12361 12362 12385
f 12382 12361 12385
f 12383 12361 12382
f 12356 12361 12383
f 12357 12356 12383
f 12378 12357 12383
f 12380 12357 12378
f 12374 12355 12377
f 12371 12355 12374
f 12353 12355 12371
f 12372 12353 12371
f 8546 8547 12353
f 12372 8546 12353
f 8544 8546 12372
f 12373 8544 12372
f 8543 8544 12373
f 12391 8543 12373
f 8539 8543 12391
f 8534 8539 12391
f 8531 8534 12391
f 8530 8531 12391
f 12373 8530 12391
f 12370 8530 12373
f 8528 8530 12370
f 12368 8528 12370
f 8527 8528 12368
f 12365 8527 12368
f 12363 8527 12365
f 8526 8527 12363
f 12360 8526 12363
f 12359 8526 12360
f 8524 8526 12359
f 8523 8524 12359
f 12358 8523 12359
f 8495 8498 8502
f 8493 8495 8502
f 12392 8442 8444
f 8441 8442 12392
f 8421 8423 8428
f 8395 8397 8400
f 8366 8367 8370
f 8347 8344 8345
f 8321 8322 8326
f 8251 8253 8258
f 8172 8175 8212
f 8129 8130 12393
f 8053 8054 8121
f 7994 7997 8000
f 7959 7955 7956
f 7930 7931 7942
f 7918 7921 7924
f 7858 7859 7861
f 7808 7809 7810
f 7782 7783 7787
f 7769 7770 12394
f 7746 7747 7750
f 7705 7706 7714
f 7674 7679 7686
f 7673 7674 7686
f 7687 7673 7686
f 7640 7641 7644
f 7612 7614 7624
f 7580 7581 7586
f 7589 7580 7586
f 12395 7549 7553
f 7546 7549 12395
f 7545 7546 12395
f 7529 7531 7535
f 7495 7496 7498
f 12396 7453 7455
f 7451 7453 12396
f 12397 7451 12396
f 12398 12397 12396
f 7448 7451 12397
f 7445 7448 12397
f 7443 7445 12397
f 12398 7443 12397
f 7442 7443 12398
f 7428 7429 7435
f 7423 7424 7427
f 7407 7408 7411
f 7397 7398 7403
f 7393 7394 7397
f 7387 7388 7392
f 7366 7367 7370
f 7341 7342 7344
f 7302 7303 7306
f 7250 7251 7258
f 12399 7200 7204
f 12400 7200 12399
f 12401 12400 12399
f 12400 7196 7200
f 7195 7196 12400
f 12401 7195 12400
f 7185 7186 7188
f 7160 7162 7183
f 7159 7160 7183
f 7112 7116 7121
f 7097 7098 7102
f 12402 7086 7088
f 12403 7086 12402
f 12404 12403 12402
f 7084 7086 12403
f 7082 7084 12403
f 7078 7079 7082
f 12403 7078 7082
f 12404 7078 12403
f 7076 7078 12404
f 7075 7076 12404
f 7045 7042 7043
f 6975 6976 6990
f 6949 6951 6955
f 6917 6914 6915
f 6898 6899 6902
f 6879 6880 6883
f 6810 6812 6816
f 12405 6810 6816
f 6787 6792 6798
f 6801 6787 6798
f 6786 6787 6801
f 12406 6777 6780
f 6776 6777 12406
f 12407 6776 12406
f 12408 6776 12407
f 12409 12408 12407
f 12410 12409 12407
f 12411 12409 12410
f 12412 12411 12410
f 12413 12411 12412
f 12414 12411 12413
f 12415 12411 12414
f 12416 12415 12414
f 12417 12416 12414
f 12413 12417 12414
f 12418 12417 12413
f 12419 12418 12413
f 12420 12418 12419
f 12421 12420 12419
f 12422 12420 12421
f 12423 12422 12421
f 12424 12420 12422
f 12425 12420 12424
f 12418 12420 12425
f 12426 12418 12425
f 12427 12426 12425
f 12417 12418 12426
f 12428 12416 12417
f 12429 12416 12428
f 12415 12416 12429
f 12430 12415 12429
f 12431 12415 12430
f 12411 12415 12431
f 12409 12411 12431
f 12408 12409 12431
f 6773 6776 12408
f 6772 6773 12408
f 12431 6772 12408
f 12430 6772 12431
f 6769 6772 12430
f 6768 6769 12430
f 12429 6768 12430
f 6766 6768 12429
f 12428 6766 12429
f 6763 6766 12428
f 6761 6763 12428
f 12417 6761 12428
f 12426 6761 12417
f 6760 6761 12426
f 12427 6760 12426
f 6757 6760 12427
f 6755 6757 12427
f 6754 6755 12427
f 12425 6754 12427
f 6748 6749 6754
f 12425 6748 6754
f 12424 6748 12425
f 6746 6748 12424
f 12422 6746 12424
f 6744 6746 12422
f 12423 6744 12422
f 6743 6744 12423
f 12432 6743 12423
f 6740 6743 12432
f 6735 6740 12432
f 6736 6735 12432
f 12433 6736 12432
f 12423 12433 12432
f 12421 12433 12423
f 12434 12433 12421
f 12419 12434 12421
f 12413 12435 12419
f 12412 12435 12413
f 6684 6685 6688
f 6688 6683 6684
f 6674 6675 6679
f 6660 6664 6667
f 6592 6593 6599
f 6538 6539 6543
f 12436 12437 12438
f 12439 12436 12438
f 12440 12439 12438
f 12441 12439 12440
f 12442 12439 12441
f 12443 12442 12441
f 12444 12442 12443
f 12445 12444 12443
f 12446 12445 12443
f 12447 12445 12446
f 12448 12447 12446
f 12449 12448 12446
f 12450 12448 12449
f 12451 12448 12450
f 12452 12448 12451
f 12453 12452 12451
f 12454 12453 12451
f 12455 12453 12454
f 12456 12455 12454
f 12457 12455 12456
f 12458 12457 12456
f 12459 12457 12458
f 12460 12459 12458
f 12461 12459 12460
f 12462 12461 12460
f 12463 12459 12461
f 12464 12463 12461
f 12465 12463 12464
f 12466 12465 12464
f 12467 12466 12464
f 12468 12467 12464
f 12469 12467 12468
f 12470 12469 12468
f 12471 12470 12468
f 12472 12469 12470
f 12473 12472 12470
f 12474 12473 12470
f 12475 12472 12473
f 12476 12475 12473
f 12477 12476 12473
f 12474 12477 12473
f 12478 12477 12474
f 12479 12477 12478
f 12480 12479 12478
f 12481 12479 12480
f 12482 12479 12481
f 12483 12482 12481
f 12484 12482 12483
f 12485 12484 12483
f 12486 12484 12485
f 12487 12486 12485
f 12490 12491 12492
f 12493 12491 12490
f 12494 12493 12490
f 12495 12493 12494
f 12496 12495 12494
f 12497 12495 12496
f 12498 12497 12496
f 12499 12497 12498
f 12500 12497 12499
f 12501 12500 12499
f 12502 12501 12499
f 12503 12501 12502
f 12504 12503 12502
f 12505 12503 12504
f 12506 12505 12504
f 12507 12506 12504
f 12508 12506 12507
f 12509 12508 12507
f 12510 12508 12509
f 12511 12510 12509
f 12512 12511 12509
f 12513 12503 12505
f 12514 12513 12505
f 12515 12513 12514
f 12501 12503 12513
f 12516 12501 12513
f 12500 12501 12516
f 12517 12500 12516
f 12518 12500 12517
f 12519 12518 12517
f 12520 12519 12517
f 12521 12518 12519
f 12522 12521 12523
f 12518 12521 12522
f 12497 12500 12518
f 12522 12497 12518
f 12495 12497 12522
f 12523 12495 12522
f 12493 12495 12523
f 12524 12493 12523
f 12491 12493 12524
f 12525 12526 12527
f 12528 12526 12525
f 12529 12528 12525
f 12530 12529 12525
f 12531 12526 12528
f 12532 12531 12528
f 12533 12532 12528
f 12534 12526 12531
f 12535 12534 12531
f 12532 12535 12531
f 12536 12537 12532
f 12533 12536 12532
f 12538 12536 12533
f 12539 12538 12533
f 12540 12539 12533
f 12541 12539 12540
f 12542 12541 12540
f 12543 12541 12542
f 12544 12541 12543
f 12545 12544 12543
f 12546 12545 12543
f 12547 12545 12546
f 12548 12547 12546
f 12549 12547 12548
f 12550 12549 12548
f 12551 12550 12548
f 12552 12550 12551
f 12553 12552 12551
f 12554 12552 12553
f 12555 12554 12553
f 12556 12555 12553
f 12557 12555 12556
f 12558 12555 12557
f 12559 12558 12557
f 12560 12558 12559
f 12561 12560 12559
f 12562 12560 12561
f 12563 12562 12561
f 12564 12563 12561
f 12565 12563 12564
f 12566 12563 12565
f 12567 12566 12565
f 12568 12566 12567
f 12569 12568 12567
f 12570 12569 12567
f 12571 12570 12567
f 12572 12571 12567
f 12573 12571 12572
f 12574 12573 12572
f 12575 12573 12574
f 12576 12575 12574
f 12577 12576 12574
f 12578 12577 12574
f 12579 12577 12578
f 12580 12579 12578
f 12581 12579 12580
f 12582 12581 12580
f 12583 12581 12582
f 12584 12583 12582
f 12585 12581 12583
f 12586 12585 12583
f 12587 12585 12586
f 12588 12585 12587
f 12589 12588 12587
f 12590 12589 12587
f 12591 12589 12590
f 12592 12593 12594
f 12595 12593 12592
f 12596 12595 12592
f 12597 12596 12592
f 12598 12596 12597
f 12599 12596 12598
f 12600 12599 12598
f 12601 12600 12598
f 12602 12600 12601
f 12603 12602 12601
f 12604 12603 12601
f 12605 12603 12604
f 12606 12605 12604
f 12607 12605 12606
f 12608 12607 12606
f 12609 12608 12606
f 12610 12608 12609
f 12607 12608 12610
f 12611 12603 12605
f 12607 12611 12605
f 12612 12611 12607
f 12613 12614 12615
f 12616 12613 12615
f 12617 12613 12616
f 12618 12614 12613
f 12619 12618 12613
f 12620 12618 12619
f 12612 12614 12618
f 12611 12612 12618
f 12620 12611 12618
f 12603 12611 12620
f 12602 12603 12620
f 12619 12602 12620
f 12621 12602 12619
f 12622 12621 12619
f 12623 12621 12622
f 12624 12623 12622
f 12625 12624 12622
f 12626 12624 12625
f 12627 12626 12625
f 12628 12623 12624
f 12626 12628 12624
f 12629 12628 12626
f 12630 12628 12629
f 12631 12628 12630
f 12632 12628 12631
f 12623 12628 12632
f 12621 12623 12632
f 12600 12602 12621
f 12632 12600 12621
f 12599 12600 12632
f 12631 12599 12632
f 12596 12599 12631
f 12595 12596 12631
f 12630 12595 12631
f 12629 12595 12630
f 12593 12595 12629
f 12633 12634 12635
f 12636 12633 12635
f 12637 12636 12635
f 12638 12636 12637
f 12639 12636 12638
f 12640 12639 12638
f 12641 12639 12640
f 12642 12639 12641
f 12643 12642 12641
f 12644 12643 12641
f 12645 12643 12644
f 12646 12643 12645
f 12647 12646 12645
f 12648 12649 12650
f 12651 12648 12650
f 12652 12648 12651
f 12653 12652 12651
f 12654 12652 12653
f 12655 12654 12653
f 12656 12654 12655
f 12657 12654 12656
f 12658 12654 12657
f 12652 12654 12658
f 12659 12652 12658
f 12648 12652 12659
f 12660 12648 12659
f 12649 12648 12660
f 12656 12646 12657
f 12643 12646 12656
f 12642 12643 12656
f 12655 12642 12656
f 12636 12639 12642
f 12633 12636 12642
f 12655 12633 12642
f 12653 12633 12655
f 12634 12633 12653
f 12651 12634 12653
f 12650 12634 12651
f 12661 12662 12663
f 12664 12662 12661
f 12665 12664 12661
f 12666 12664 12665
f 12667 12664 12666
f 12666 12668 12667
f 12669 12668 12666
f 12670 12668 12669
f 12671 12670 12669
f 12672 12671 12669
f 12673 12674 12672
f 12675 12674 12673
f 12676 12674 12675
f 12677 12676 12675
f 12678 12677 12675
f 12679 12676 12677
f 12680 12681 12682
f 12683 12680 12682
f 12684 12680 12683
f 12685 12680 12684
f 12686 12680 12685
f 12687 12686 12685
f 12688 12687 12685
f 12689 12688 12685
f 12684 12689 12685
f 12690 12687 12688
f 12691 12687 12690
f 12692 12691 12690
f 12693 12691 12694
f 12695 12693 12694
f 12696 12697 12698
f 12699 12697 12696
f 12700 12699 12696
f 12701 12700 12696
f 12702 12701 12696
f 12703 12701 12702
f 12704 12701 12703
f 12705 12704 12703
f 12706 12705 12703
f 12707 12706 12703
f 12708 12705 12706
f 12709 12705 12708
f 12710 12709 12708
f 12711 12709 12710
f 12712 12711 12710
f 12713 12712 12710
f 12714 12712 12713
f 12715 12712 12714
f 12716 12715 12714
f 12717 12716 12714
f 12718 12716 12717
f 12719 12718 12717
f 12720 12718 12719
f 12721 12720 12719
f 12722 12721 12719
f 12723 12721 12722
f 12724 12720 12721
f 12725 12726 12727
f 12728 12725 12727
f 12729 12728 12727
f 12730 12725 12728
f 12731 12730 12728
f 12732 12730 12731
f 12733 12730 12732
f 12725 12730 12733
f 12734 12725 12733
f 12726 12725 12734
f 12705 12709 12735
f 12736 12705 12735
f 12704 12705 12736
f 12732 12704 12736
f 12731 12704 12732
f 12700 12701 12704
f 12731 12700 12704
f 12699 12700 12731
f 12728 12699 12731
f 12729 12699 12728
f 12697 12699 12729
f 12687 12691 12693
f 12686 12687 12693
f 12695 12686 12693
f 12680 12686 12695
f 12681 12680 12695
f 12737 12588 12589
f 12581 12585 12588
f 12737 12581 12588
f 12579 12581 12737
f 12577 12579 12737
f 12738 12568 12569
f 12563 12566 12568
f 12562 12563 12568
f 12738 12562 12568
f 12739 12562 12738
f 12740 12739 12738
f 12741 12739 12740
f 12560 12562 12739
f 12558 12560 12739
f 12741 12558 12739
f 12555 12558 12741
f 12741 12554 12555
f 12740 12554 12741
f 12477 12479 12482
f 12444 12445 12447
f 12436 12439 12442
f 12742 6529 6531
f 6439 6440 6443
f 6423 6424 6428
f 6418 6419 6421
f 6392 6394 6404
f 12743 6358 6359
f 12744 6358 12743
f 12745 12744 12743
f 12746 12744 12745
f 12747 12746 12745
f 12748 12746 12747
f 6355 6358 12744
f 6353 6355 12744
f 12746 6353 12744
f 6352 6353 12746
f 12748 6352 12746
f 6339 6340 6343
f 12749 6336 6338
f 6333 6336 12749
f 6331 6333 12749
f 12750 6331 12749
f 6328 6331 12750
f 6327 6328 12750
f 6304 6306 6309
f 6286 6287 6290
f 6247 6248 6250
f 6235 6236 6240
f 6220 6221 6224
f 6167 6168 6171
f 6138 6139 6143
f 6146 6138 6143
f 6115 6116 6118
f 12751 6107 6110
f 6106 6107 12751
f 12752 6080 6083
f 6078 6080 12752
f 6067 6069 6072
f 6040 6042 6048
f 5898 5899 5902
f 5876 5877 5880
f 5872 5873 5876
f 5851 5854 5856
f 5831 5833 5837
f 5786 5787 5790
f 5782 5783 5786
f 5778 5779 5782
f 5687 5688 5691
f 5638 5639 5643
f 5629 5625 5626
f 5545 5546 5550
f 12753 5518 5520
f 5517 5518 12753
f 5497 5498 5504
f 5479 5480 5485
f 5440 5441 5444
f 12754 5357 5358
f 12755 5355 5357
f 12754 12755 5357
f 12756 12755 12754
f 12757 12756 12754
f 12758 12757 12754
f 12759 12758 12754
f 12760 12755 12756
f 12761 12760 12756
f 12762 12760 12761
f 12763 12762 12761
f 12764 12762 12763
f 12765 12762 12764
f 12766 12762 12765
f 12767 12766 12765
f 12768 12762 12766
f 12760 12762 12768
f 12755 12760 12768
f 5355 12755 12768
f 5353 5355 12768
f 12766 5353 12768
f 5352 5353 12766
f 12767 5352 12766
f 5302 5303 5323
f 12769 5297 5302
f 5323 12769 5302
f 5325 12769 5323
f 5296 5297 12769
f 5287 5289 5296
f 5286 5287 5296
f 12769 5286 5296
f 5032 5034 5038
f 12770 5005 5007
f 5003 5005 12770
f 4944 4946 4966
f 12771 4917 4919
f 4876 4917 12771
f 4873 4876 12771
f 4872 4873 12771
f 4835 4837 4841
f 12772 4831 4834
f 4828 4831 12772
f 4827 4828 12772
f 4812 4814 4819
f 4723 4725 4729
f 4672 4674 4679
f 12773 4643 4648
f 4642 4643 12773
f 4590 4591 4596
f 4575 4577 4583
f 4566 4567 4571
f 4536 4537 4540
f 4532 4523 4526
f 4439 4440 4444
f 12774 4435 4436
f 4429 4432 4435
f 12774 4429 4435
f 4426 4429 12774
f 4425 4426 12774
f 4408 4410 4413
f 12775 4350 4352
f 4338 4340 4345
f 4349 4338 4345
f 4337 4338 4349
f 4350 4337 4349
f 12775 4337 4350
f 4332 4337 12775
f 4330 4332 12775
f 4298 4299 4307
f 4308 4298 4307
f 4253 4255 4263
f 4266 4253 4263
f 4252 4253 4266
f 12776 12777 12778
f 12779 12776 12778
f 12780 12779 12778
f 12781 12779 12780
f 12782 12781 12780
f 12783 12781 12782
f 12784 12783 12782
f 12785 12786 12787
f 12788 12785 12787
f 12789 12785 12788
f 12790 12789 12788
f 12791 12789 12790
f 12792 12791 12790
f 12793 12791 12792
f 12794 12791 12793
f 12795 12794 12793
f 12796 12795 12793
f 12797 12796 12793
f 12798 12797 12793
f 12799 12797 12798
f 12800 12799 12798
f 12801 12797 12799
f 12802 12797 12801
f 12803 12804 12805
f 12806 12803 12805
f 12807 12803 12806
f 12808 12807 12806
f 12809 12807 12808
f 12810 12807 12809
f 12811 12807 12810
f 12812 12811 12810
f 12813 12811 12812
f 12814 12813 12812
f 12815 12814 12812
f 12816 12813 12814
f 12803 12807 12811
f 12813 12803 12811
f 12804 12803 12813
f 12816 12804 12813
f 12814 12817 12816
f 12802 12817 12814
f 12815 12802 12814
f 12796 12797 12802
f 12815 12796 12802
f 12795 12796 12815
f 12812 12795 12815
f 12810 12795 12812
f 12794 12795 12810
f 12809 12794 12810
f 12791 12794 12809
f 12789 12791 12809
f 12808 12789 12809
f 12785 12789 12808
f 12806 12785 12808
f 12786 12785 12806
f 12805 12786 12806
f 12799 12784 12801
f 12783 12784 12799
f 12800 12783 12799
f 12781 12783 12800
f 12818 12781 12800
f 12779 12781 12818
f 4166 4167 4170
f 4156 4157 4160
f 4132 4133 4137
f 4129 4130 4132
f 4113 4114 4119
f 4108 4110 4113
f 4043 4044 4047
f 12819 4036 4038
f 12820 4036 12819
f 12821 12820 12819
f 12822 12820 12821
f 12823 12822 12821
f 12824 12823 12821
f 12825 12823 12824
f 12826 12823 12825
f 12822 12823 12826
f 12827 12820 12822
f 4034 4036 12820
f 12827 4034 12820
f 4031 4034 12827
f 4030 4031 12827
f 12822 4030 12827
f 12826 4030 12822
f 4028 4030 12826
f 4026 4028 12826
f 12825 4026 12826
f 4024 4026 12825
f 4023 4024 12825
f 12824 4023 12825
f 4011 4013 4016
f 12828 3990 3993
f 3988 3990 12828
f 3976 3978 3981
f 3951 3952 3964
f 3967 3951 3964
f 3886 3888 3892
f 3885 3886 3892
f 3855 3856 3864
f 3827 3823 3824
f 3758 3753 3754
f 3745 3747 3752
f 3720 3722 3725
f 3719 3720 3725
f 12829 3694 3696
f 3688 3694 12829
f 3687 3688 12829
f 3667 3668 3672
f 3659 3660 3664
f 3655 3656 3659
f 3616 3617 3622
f 3599 3600 3604
f 3607 3599 3604
f 3581 3585 3588
f 3580 3581 3588
f 3535 3536 3539
f 3524 3526 3530
f 3500 3501 3504
f 12830 3491 3493
f 12831 3491 12830
f 12832 12831 12830
f 12833 12831 12832
f 12834 12831 12833
f 3489 3491 12831
f 12834 3489 12831
f 3485 3489 12834
f 3482 3485 12834
f 3480 3482 12834
f 12833 3480 12834
f 3479 3480 12833
f 3473 3479 12833
f 3334 3335 3338
f 3310 3313 3317
f 3284 3285 3292
f 3261 3262 3265
f 3237 3238 3246
f 12835 3224 3226
f 3197 3221 3224
f 12835 3197 3224
f 3196 3197 12835
f 12836 3192 3195
f 3190 3192 12836
f 3184 3186 3190
f 12836 3184 3190
f 3183 3184 12836
f 3178 3179 3183
f 12836 3178 3183
f 3195 3178 12836
f 3177 3178 3195
f 3196 3177 3195
f 12835 3177 3196
f 3175 3177 12835
f 3226 3175 12835
f 3174 3175 3226
f 3228 3174 3226
f 3231 3174 3228
f 3169 3174 3231
f 3167 3169 3231
f 3232 3167 3231
f 3166 3167 3232
f 3234 3166 3232
f 3163 3166 3234
f 3118 3119 3122
f 3075 3076 3079
f 3070 3065 3068
f 2985 2986 2992
f 2939 2941 2955
f 2913 2915 2917
f 2803 2805 2808
f 12837 2797 2799
f 2791 2793 2797
f 12837 2791 2797
f 2790 2791 12837
f 2781 2782 2786
f 2758 2759 2762
f 2741 2742 2751
f 2662 2663 2668
f 2625 2626 2629
f 2586 2587 2592
f 12838 2579 2580
f 12839 2579 12838
f 12840 12839 12838
f 2576 2579 12839
f 12841 2576 12839
f 12841 2574 2576
f 2573 2574 12841
f 2462 2464 2573
f 2461 2462 2573
f 12841 2461 2573
f 12839 2461 12841
f 2459 2461 12839
f 12840 2459 12839
f 2455 2459 12840
f 2454 2455 12840
f 2433 2434 2437
f 2419 2420 2425
f 2360 2356 2358
f 2300 2301 2305
f 2294 2290 2292
f 2290 2285 2288
f 2276 2277 2280
f 2269 2270 2274
f 2256 2258 2264
f 2226 2227 2229
f 2184 2185 2189
f 12842 2178 2181
f 2175 2178 12842
f 2172 2175 12842
f 2171 2172 12842
f 2181 2171 12842
f 2068 2069 2072
f 12843 2065 2068
f 2062 2065 12843
f 2060 2062 12843
f 2030 2031 2035
f 2012 2014 2017
f 1982 1983 1987
f 1963 1964 1966
f 1917 1918 1924
f 1926 1917 1924
f 1913 1914 1916
f 1907 1908 1913
f 1860 1861 1864
f 1814 1815 1817
f 1803 1804 1807
f 1794 1796 1799
f 1753 1754 1757
f 1719 1720 1725
f 1700 1701 1708
f 1699 1695 1696
f 1597 1600 1603
f 12844 1567 1569
f 1566 1567 12844
f 12845 1566 12844
f 1560 1563 1566
f 12845 1560 1566
f 1557 1560 12845
f 1555 1557 12845
f 12846 1546 1549
f 1545 1546 12846
f 1532 1534 1538
f 1504 1506 1509
f 1453 1454 1468
f 12847 1432 1436
f 1431 1432 12847
f 12848 1431 12847
f 12849 12848 12847
f 12850 12848 12849
f 12851 12850 12849
f 12852 12850 12851
f 12853 12852 12851
f 12854 12852 12853
f 12855 12854 12853
f 12856 12855 12853
f 12857 12855 12856
f 12858 12855 12857
f 12854 12855 12858
f 12859 12852 12854
f 12860 12852 12859
f 12850 12852 12860
f 1430 1431 12848
f 12850 1430 12848
f 12860 1430 12850
f 1427 1430 12860
f 1425 1427 12860
f 12859 1425 12860
f 1424 1425 12859
f 12854 1424 12859
f 12858 1424 12854
f 1422 1424 12858
f 1420 1422 12858
f 12857 1420 12858
f 1419 1420 12857
f 1414 1416 1419
f 12857 1414 1419
f 12856 1414 12857
f 1413 1414 12856
f 1412 1413 12856
f 12853 1412 12856
f 12851 1412 12853
f 1411 1412 12851
f 12849 1411 12851
f 1410 1411 12849
f 12847 1410 12849
f 1334 1336 1340
f 1285 1287 1291
f 1275 1277 1282
f 1274 1275 1282
f 1284 1274 1282
f 1233 1238 1241
f 1241 1230 1233
f 1243 1230 1241
f 1229 1230 1243
f 1244 1229 1243
f 1246 1229 1244
f 1227 1229 1246
f 1226 1227 1246
f 1226 1222 1224
f 1203 1205 1215
f 1180 1181 1184
f 1120 1121 1125
f 1115 1116 1119
f 1100 1101 1104
f 1031 1032 1035
f 989 991 994
f 12861 889 892
f 882 889 12861
f 879 882 12861
f 878 879 12861
f 892 878 12861
f 867 868 870
f 12862 850 852
f 12863 848 849
f 12864 848 12863
f 12865 12864 12863
f 12866 12864 12865
f 12867 12866 12865
f 12868 12866 12867
f 12869 12866 12868
f 844 845 848
f 12864 844 848
f 843 844 12864
f 12866 843 12864
f 12869 843 12866
f 840 843 12869
f 837 840 12869
f 12868 837 12869
f 834 837 12868
f 833 834 12868
f 12867 833 12868
f 830 833 12867
f 829 830 12867
f 12865 829 12867
f 12863 829 12865
f 827 829 12863
f 849 827 12863
f 826 827 849
f 850 826 849
f 12862 826 850
f 823 826 12862
f 821 823 12862
f 788 789 792
f 723 724 729
f 705 707 709
f 12870 656 659
f 654 656 12870
f 652 654 12870
f 12871 647 649
f 645 647 12871
f 12872 645 12871
f 643 645 12872
f 642 643 12872
f 627 628 638
f 607 608 611
f 600 601 604
f 584 585 588
f 526 527 531
f 388 389 391
f 262 263 266
f 251 253 256
f 218 219 224
f 215 216 218
f 203 205 207
f 139 140 143
f 125 120 122
f 64 65 67
f 1 3 5
f 10490 10559 10552
f 10558 10490 10552
f 10488 10490 10558
f 10486 10488 10558
f 10560 10486 10558
f 10554 10560 10558
f 10563 10560 10554
f 10555 10563 10554
f 10565 10563 10555
f 10570 10565 10555
f 10557 10570 10555
f 10571 10570 10557
f 10462 10571 10557
f 10556 10462 10557
f 10460 10462 10556
f 10553 10460 10556
f 10550 10460 10553
f 10458 10460 10550
f 10549 10458 10550
f 10457 10458 10549
f 10527 10457 10549
f 10525 10457 10527
f 10455 10457 10525
f 10523 10455 10525
f 10453 10455 10523
f 10521 10453 10523
f 10451 10453 10521
f 10519 10451 10521
f 10449 10451 10519
f 10516 10449 10519
f 10447 10449 10516
f 10515 10447 10516
f 10511 10447 10515
f 10445 10447 10511
f 10512 10445 10511
f 10443 10445 10512
f 12721 12873 12724
f 12723 12873 12721
f 12591 12873 12723
f 12589 12591 12723
f 12722 12589 12723
f 12737 12589 12722
f 12577 12737 12722
f 12576 12577 12722
f 12719 12576 12722
f 12717 12576 12719
f 12575 12576 12717
f 12714 12575 12717
f 12713 12575 12714
f 12573 12575 12713
f 12571 12573 12713
f 12570 12571 12713
f 12710 12570 12713
f 12708 12570 12710
f 12569 12570 12708
f 12706 12569 12708
f 12707 12569 12706
f 12738 12569 12707
f 12740 12738 12707
f 8179 8200 8197
f 8545 8541 8542
f 12107 12111 12216
f 12214 12107 12216
f 12105 12107 12214
f 12212 12105 12214
f 12103 12105 12212
f 12211 12103 12212
f 12102 12103 12211
f 12209 12102 12211
f 12097 12102 12209
f 12207 12097 12209
f 12205 12097 12207
f 12095 12097 12205
f 12094 12095 12205
f 12202 12094 12205
f 12092 12094 12202
f 12203 12092 12202
f 12089 12092 12203
f 12086 12089 12203
f 12085 12086 12203
f 12200 12085 12203
f 12198 12085 12200
f 12084 12085 12198
f 12196 12084 12198
f 12079 12084 12196
f 12197 12079 12196
f 12076 12079 12197
f 12075 12076 12197
f 12195 12075 12197
f 11778 11781 11786
f 11788 11778 11786
f 11791 11788 11786
f 11794 11791 11786
f 7625 7616 7617
f 10037 10040 10069
f 10067 10037 10069
f 10035 10037 10067
f 10066 10035 10067
f 10034 10035 10066
f 10023 10034 10066
f 10022 10023 10066
f 10063 10022 10066
f 10061 10022 10063
f 10060 10022 10061
f 10020 10022 10060
f 10018 10020 10060
f 10058 10018 10060
f 10016 10018 10058
f 10056 10016 10058
f 10014 10016 10056
f 10054 10014 10056
f 10013 10014 10054
f 10052 10013 10054
f 10012 10013 10052
f 10049 10012 10052
f 10046 10012 10049
f 10047 10012 10046
f 10009 10012 10047
f 10007 10009 10047
f 10045 10007 10047
f 10006 10007 10045
f 10043 10006 10045
f 10004 10006 10043
f 10041 10004 10043
f 10003 10004 10041
f 10039 10003 10041
f 10001 10003 10039
f 10000 10001 10039
f 10036 10000 10039
f 10033 10000 10036
f 10031 10000 10033
f 9998 10000 10031
f 10030 9998 10031
f 10076 9998 10030
f 10078 10076 10030
f 5027 5022 5024
f 5033 5027 5024
f 6823 6834 6835
f 6837 6823 6835
f 12874 12488 12489
f 5 14 1
f 17 14 5
f 6 17 5
f 19 17 6
f 22 19 6
f 7 22 6
f 25 22 7
f 28 25 7
f 8 28 7
f 30 28 8
f 9 30 8
f 32 30 9
f 35 32 9
f 10 35 9
f 37 35 10
f 39 37 10
f 11 39 10
f 42 39 11
f 12 42 11
f 43 42 12
f 46 43 12
f 13 46 12
f 46 13 15
f 50 46 15
f 52 50 15
f 55 52 15
f 16 55 15
f 57 55 16
f 18 57 16
f 60 57 18
f 20 60 18
f 62 60 20
f 70 62 20
f 21 70 20
f 72 70 21
f 23 72 21
f 2750 2765 2760
f 23 73 72
f 24 73 23
f 75 73 24
f 26 75 24
f 77 75 26
f 80 77 26
f 27 80 26
f 29 80 27
f 82 80 29
f 31 82 29
f 33 82 31
f 83 82 33
f 86 83 33
f 34 86 33
f 88 86 34
f 36 88 34
f 90 88 36
f 38 90 36
f 93 90 38
f 40 93 38
f 96 93 40
f 100 96 40
f 41 100 40
f 44 100 41
f 99 100 44
f 102 99 44
f 105 102 44
f 45 105 44
f 48 105 45
f 106 105 48
f 109 106 48
f 49 109 48
f 111 109 49
f 51 111 49
f 113 111 51
f 53 113 51
f 115 113 53
f 117 115 53
f 54 117 53
f 119 117 54
f 56 119 54
f 121 119 56
f 58 121 56
f 123 121 58
f 59 123 58
f 63 123 59
f 124 123 63
f 64 124 63
f 127 124 64
f 1404 1399 1401
f 10443 10512 10513
f 10435 10443 10513
f 10430 10435 10513
f 10429 10430 10513
f 10509 10429 10513
f 10508 10429 10509
f 10427 10429 10508
f 10426 10427 10508
f 10506 10426 10508
f 10500 10426 10506
f 10423 10426 10500
f 10498 10423 10500
f 10422 10423 10498
f 10495 10422 10498
f 10496 10422 10495
f 10419 10422 10496
f 10418 10419 10496
f 10493 10418 10496
f 10491 10418 10493
f 10415 10418 10491
f 10413 10415 10491
f 10411 10413 10491
f 10489 10411 10491
f 10409 10411 10489
f 10487 10409 10489
f 10408 10409 10487
f 10484 10408 10487
f 10485 10408 10484
f 10405 10408 10485
f 10404 10405 10485
f 10481 10404 10485
f 10480 10404 10481
f 10401 10404 10480
f 10400 10401 10480
f 10477 10400 10480
f 10476 10400 10477
f 10398 10400 10476
f 10473 10398 10476
f 10470 10398 10473
f 10396 10398 10470
f 10468 10396 10470
f 10394 10396 10468
f 10467 10394 10468
f 10392 10394 10467
f 10465 10392 10467
f 10390 10392 10465
f 10464 10390 10465
f 10388 10390 10464
f 10461 10388 10464
f 10386 10388 10461
f 10459 10386 10461
f 10456 10386 10459
f 10382 10386 10456
f 10380 10382 10456
f 10454 10380 10456
f 10378 10380 10454
f 10452 10378 10454
f 10376 10378 10452
f 10450 10376 10452
f 10374 10376 10450
f 10448 10374 10450
f 10373 10374 10448
f 10446 10373 10448
f 10444 10373 10446
f 10371 10373 10444
f 10442 10371 10444
f 10370 10371 10442
f 10438 10370 10442
f 10440 10370 10438
f 10368 10370 10440
f 10364 10368 10440
f 10441 10364 10440
f 10361 10364 10441
f 10359 10361 10441
f 10439 10359 10441
f 10358 10359 10439
f 10436 10358 10439
f 10356 10358 10436
f 10434 10356 10436
f 10354 10356 10434
f 10433 10354 10434
f 10352 10354 10433
f 10350 10352 10433
f 10431 10350 10433
f 10349 10350 10431
f 10428 10349 10431
f 10425 10349 10428
f 10347 10349 10425
f 10424 10347 10425
f 10345 10347 10424
f 10421 10345 10424
f 10420 10345 10421
f 10344 10345 10420
f 10417 10344 10420
f 10416 10344 10417
f 10342 10344 10416
f 10334 10342 10416
f 10414 10334 10416
f 10332 10334 10414
f 10412 10332 10414
f 10329 10332 10412
f 10410 10329 10412
f 10327 10329 10410
f 10407 10327 10410
f 10325 10327 10407
f 10406 10325 10407
f 10323 10325 10406
f 10403 10323 10406
f 10320 10323 10403
f 10402 10320 10403
f 10318 10320 10402
f 10367 10372 10369
f 10333 10330 10331
f 10580 10585 10581
f 10318 10402 10397
f 10317 10318 10397
f 10395 10317 10397
f 10393 10317 10395
f 10316 10317 10393
f 10391 10316 10393
f 10389 10316 10391
f 10315 10316 10389
f 10387 10315 10389
f 10314 10315 10387
f 10384 10314 10387
f 10385 10314 10384
f 10572 10314 10385
f 10298 10572 10385
f 10297 10298 10385
f 10383 10297 10385
f 10381 10297 10383
f 10294 10297 10381
f 10379 10294 10381
f 10292 10294 10379
f 10377 10292 10379
f 10291 10292 10377
f 10375 10291 10377
f 10372 10291 10375
f 10367 10291 10372
f 10290 10291 10367
f 12875 10290 10367
f 7676 7672 7669
f 7667 7676 7669
f 7939 7935 7936
f 7944 7935 7939
f 7946 7944 7939
f 7941 7946 7939
f 7948 7946 7941
f 7635 7638 7640
f 7575 7582 7576
f 9318 9326 9323
f 9320 9326 9318
f 9433 9326 9320
f 9436 9433 9320
f 9322 9436 9320
f 9313 9319 9314
f 9321 9319 9313
f 7857 7864 7860
f 7327 7333 7331
f 5840 5834 5835
f 5847 5840 5835
f 5849 5847 5835
f 12554 12740 12707
f 12703 12554 12707
f 12702 12554 12703
f 12552 12554 12702
f 12696 12552 12702
f 12550 12552 12696
f 12698 12550 12696
f 12549 12550 12698
f 12545 12547 12692
f 12690 12545 12692
f 12544 12545 12690
f 12688 12544 12690
f 12689 12544 12688
f 12541 12544 12689
f 12539 12541 12689
f 12538 12539 12689
f 12684 12538 12689
f 12536 12538 12684
f 12683 12536 12684
f 12537 12536 12683
f 12876 12537 12683
f 12682 12876 12683
f 12486 12487 12679
f 12677 12486 12679
f 12678 12486 12677
f 12484 12486 12678
f 12482 12484 12678
f 12477 12482 12678
f 12476 12477 12678
f 12675 12476 12678
f 12673 12476 12675
f 12475 12476 12673
f 12672 12475 12673
f 12669 12475 12672
f 12472 12475 12669
f 12666 12472 12669
f 12665 12472 12666
f 12469 12472 12665
f 12467 12469 12665
f 12661 12467 12665
f 12466 12467 12661
f 12663 12466 12661
f 12877 12466 12663
f 12465 12466 12877
f 12647 12465 12877
f 12645 12465 12647
f 12463 12465 12645
f 12644 12463 12645
f 12459 12463 12644
f 12457 12459 12644
f 12641 12457 12644
f 12455 12457 12641
f 12640 12455 12641
f 12453 12455 12640
f 12452 12453 12640
f 12638 12452 12640
f 12572 12567 12565
f 12337 12334 12332
f 10723 10731 10727
f 10724 10731 10723
f 12191 12195 12192
f 12075 12195 12191
f 12072 12075 12191
f 12069 12072 12191
f 12068 12069 12191
f 12188 12068 12191
f 12189 12068 12188
f 12065 12068 12189
f 12063 12065 12189
f 12062 12063 12189
f 12184 12062 12189
f 12182 12062 12184
f 12180 12062 12182
f 12061 12062 12180
f 12178 12061 12180
f 12060 12061 12178
f 12176 12060 12178
f 12057 12060 12176
f 12054 12057 12176
f 12174 12054 12176
f 12052 12054 12174
f 12051 12052 12174
f 12170 12051 12174
f 12049 12051 12170
f 12167 12049 12170
f 12047 12049 12167
f 12166 12047 12167
f 12045 12047 12166
f 12044 12045 12166
f 12163 12044 12166
f 12161 12044 12163
f 12043 12044 12161
f 12159 12043 12161
f 12042 12043 12159
f 12156 12042 12159
f 12155 12042 12156
f 12041 12042 12155
f 12154 12041 12155
f 12036 12041 12154
f 12034 12036 12154
f 12153 12034 12154
f 12032 12034 12153
f 12031 12032 12153
f 12150 12031 12153
f 12148 12031 12150
f 12029 12031 12148
f 12149 12029 12148
f 12269 12029 12149
f 11013 11015 11012
f 11019 11015 11013
f 11022 11019 11013
f 11026 11022 11013
f 11028 11026 11013
f 11028 11013 11009
f 11008 11028 11009
f 11030 11028 11008
f 11033 11030 11008
f 11006 11033 11008
f 11037 11033 11006
f 11040 11037 11006
f 11002 11040 11006
f 11000 11040 11002
f 12003 12270 12269
f 12149 12003 12269
f 12146 12003 12149
f 12000 12003 12146
f 12147 12000 12146
f 11991 12000 12147
f 11990 11991 12147
f 12144 11990 12147
f 12143 11990 12144
f 11988 11990 12143
f 11986 11988 12143
f 12140 11986 12143
f 11985 11986 12140
f 12138 11985 12140
f 11983 11985 12138
f 12134 11983 12138
f 11982 11983 12134
f 12131 11982 12134
f 12132 11982 12131
f 11979 11982 12132
f 11973 11979 12132
f 11972 11973 12132
f 12129 11972 12132
f 11970 11972 12129
f 12127 11970 12129
f 11968 11970 12127
f 12126 11968 12127
f 11965 11968 12126
f 11964 11965 12126
f 12123 11964 12126
f 12121 11964 12123
f 11962 11964 12121
f 12118 11962 12121
f 11960 11962 12118
f 12116 11960 12118
f 11958 11960 12116
f 12113 11958 12116
f 12112 11958 12113
f 11956 11958 12112
f 11955 11956 12112
f 12110 11955 12112
f 11947 11955 12110
f 12109 11947 12110
f 11945 11947 12109
f 11944 11945 12109
f 12106 11944 12109
f 11943 11944 12106
f 12104 11943 12106
f 12101 11943 12104
f 11942 11943 12101
f 12100 11942 12101
f 11940 11942 12100
f 11938 11940 12100
f 12099 11938 12100
f 11937 11938 12099
f 12096 11937 12099
f 12093 11937 12096
f 12091 11937 12093
f 11935 11937 12091
f 12090 11935 12091
f 11930 11935 12090
f 11928 11930 12090
f 12088 11928 12090
f 11926 11928 12088
f 12087 11926 12088
f 11920 11926 12087
f 11919 11920 12087
f 12083 11919 12087
f 12082 11919 12083
f 11916 11919 12082
f 12080 11916 12082
f 11913 11916 12080
f 11912 11913 12080
f 12078 11912 12080
f 12077 11912 12078
f 11910 11912 12077
f 11908 11910 12077
f 12074 11908 12077
f 12073 11908 12074
f 11905 11908 12073
f 11903 11905 12073
f 12071 11903 12073
f 11898 11903 12071
f 12070 11898 12071
f 11896 11898 12070
f 11895 11896 12070
f 12067 11895 12070
f 12066 11895 12067
f 11892 11895 12066
f 11890 11892 12066
f 12064 11890 12066
f 11889 11890 12064
f 12058 11889 12064
f 12056 11889 12058
f 11886 11889 12056
f 12055 11886 12056
f 11883 11886 12055
f 11880 11883 12055
f 12053 11880 12055
f 11879 11880 12053
f 12050 11879 12053
f 12048 11879 12050
f 11877 11879 12048
f 12046 11877 12048
f 11875 11877 12046
f 12040 11875 12046
f 11874 11875 12040
f 12038 11874 12040
f 11871 11874 12038
f 11870 11871 12038
f 12035 11870 12038
f 12033 11870 12035
f 11868 11870 12033
f 12030 11868 12033
f 11867 11868 12030
f 12028 11867 12030
f 12026 11867 12028
f 11865 11867 12026
f 12025 11865 12026
f 11864 11865 12025
f 12022 11864 12025
f 11862 11864 12022
f 12023 11862 12022
f 11859 11862 12023
f 11858 11859 12023
f 11845 11858 12023
f 12021 11845 12023
f 12020 11845 12021
f 11843 11845 12020
f 12018 11843 12020
f 11841 11843 12018
f 12017 11841 12018
f 11839 11841 12017
f 12012 11839 12017
f 11837 11839 12012
f 12011 11837 12012
f 11834 11837 12011
f 11832 11834 12011
f 12009 11832 12011
f 11829 11832 12009
f 11828 11829 12009
f 12008 11828 12009
f 11827 11828 12008
f 12002 12008 12006
f 11999 12008 12002
f 11998 12008 11999
f 11827 12008 11998
f 11995 11827 11998
f 11825 11827 11995
f 11996 11825 11995
f 11823 11825 11996
f 11997 11823 11996
f 11820 11823 11997
f 11816 11820 11997
f 11815 11816 11997
f 11994 11815 11997
f 11992 11815 11994
f 11989 11815 11992
f 11813 11815 11989
f 11811 11813 11989
f 11987 11811 11989
f 11810 11811 11987
f 11984 11810 11987
f 11981 11810 11984
f 11980 11810 11981
f 11808 11810 11980
f 11807 11808 11980
f 11977 11807 11980
f 11978 11807 11977
f 11806 11807 11978
f 11796 11806 11978
f 11795 11796 11978
f 11974 11795 11978
f 11975 11795 11974
f 11790 11795 11975
f 11789 11790 11975
f 11976 11789 11975
f 11787 11789 11976
f 11775 11787 11976
f 11774 11775 11976
f 11971 11774 11976
f 11969 11774 11971
f 11772 11774 11969
f 11967 11772 11969
f 11771 11772 11967
f 11966 11771 11967
f 11767 11771 11966
f 11963 11767 11966
f 11765 11767 11963
f 11961 11765 11963
f 11763 11765 11961
f 11957 11763 11961
f 11761 11763 11957
f 11954 11761 11957
f 11759 11761 11954
f 11953 11759 11954
f 11756 11759 11953
f 11755 11756 11953
f 11949 11755 11953
f 11951 11755 11949
f 11754 11755 11951
f 11750 11754 11951
f 11952 11750 11951
f 11747 11750 11952
f 11746 11747 11952
f 11242 12301 11250
f 11539 11543 11540
f 11546 11543 11539
f 11549 11546 11539
f 11551 11549 11539
f 11554 11551 11539
f 11524 12290 12285
f 12286 11524 12285
f 11522 11524 12286
f 11520 11522 12286
f 7629 7625 7617
f 12529 12533 12528
f 12540 12533 12529
f 11696 11700 11697
f 11703 11700 11696
f 11706 11703 11696
f 11709 11706 11696
f 4889 4886 4882
f 2566 2569 2568
f 641 642 12872
f 2543 2546 2544
f 2491 2546 2543
f 2489 2491 2543
f 2488 2489 2543
f 2569 2575 2570
f 2566 2575 2569
f 2565 2575 2566
f 2577 2575 2565
f 5298 5304 5301
f 5300 5304 5298
f 5307 5304 5300
f 5310 5307 5300
f 5375 5372 5370
f 6323 6322 12878
f 3723 3727 3724
f 3730 3727 3723
f 3733 3730 3723
f 12879 12485 12483
f 12874 12879 12483
f 12468 12464 12461
f 12462 12468 12461
f 12471 12468 12462
f 4276 4272 4268
f 4265 4276 4268
f 4264 4276 4265
f 3862 3863 3861
f 3869 3863 3862
f 3872 3869 3862
f 2298 2295 2293
f 2302 2298 2293
f 1520 1517 1511
f 476 485 481
f 477 485 476
f 488 485 477
f 1472 1469 1456
f 1961 1969 1965
f 1962 1969 1961
f 874 884 881
f 1248 1245 1240
f 1251 1248 1240
f 127 64 67
f 132 127 67
f 136 132 67
f 68 136 67
f 138 136 68
f 141 138 68
f 69 141 68
f 71 141 69
f 142 141 71
f 74 142 71
f 144 142 74
f 146 144 74
f 76 146 74
f 148 146 76
f 78 148 76
f 150 148 78
f 79 150 78
f 153 150 79
f 81 153 79
f 155 153 81
f 84 155 81
f 157 155 84
f 160 157 84
f 85 160 84
f 162 160 85
f 87 162 85
f 164 162 87
f 89 164 87
f 166 164 89
f 91 166 89
f 169 166 91
f 92 169 91
f 171 169 92
f 94 171 92
f 173 171 94
f 175 173 94
f 95 175 94
f 177 175 95
f 97 177 95
f 3236 3233 3230
f 3229 3236 3230
f 3240 3236 3229
f 12610 12880 12607
f 12881 12880 12610
f 12622 12619 12613
f 12617 12622 12613
f 12625 12622 12617
f 12627 12625 12617
f 12882 12627 12617
f 12883 12882 12617
f 12616 12883 12617
f 12638 12637 12881
f 12610 12638 12881
f 12452 12638 12610
f 12609 12452 12610
f 12448 12452 12609
f 12447 12448 12609
f 12606 12447 12609
f 12604 12447 12606
f 12444 12447 12604
f 12601 12444 12604
f 12598 12444 12601
f 12442 12444 12598
f 12597 12442 12598
f 12436 12442 12597
f 12592 12436 12597
f 12594 12436 12592
f 12437 12436 12594
f 12586 6534 12587
f 6532 6534 12586
f 6531 6532 12586
f 12583 6531 12586
f 12584 6531 12583
f 12742 6531 12584
f 4433 4438 4434
f 4441 4438 4433
f 5139 5134 5135
f 5143 5139 5135
f 5145 5143 5135
f 10289 10296 10293
f 10300 10296 10289
f 11950 11946 11941
f 11746 11952 11950
f 11941 11746 11950
f 11939 11746 11941
f 11744 11746 11939
f 11936 11744 11939
f 11743 11744 11936
f 11934 11743 11936
f 11931 11743 11934
f 11741 11743 11931
f 11933 11741 11931
f 11738 11741 11933
f 11736 11738 11933
f 11932 11736 11933
f 11732 11736 11932
f 11731 11732 11932
f 11929 11731 11932
f 11730 11731 11929
f 11927 11730 11929
f 11728 11730 11927
f 11925 11728 11927
f 11726 11728 11925
f 11923 11726 11925
f 11724 11726 11923
f 11924 11724 11923
f 11721 11724 11924
f 11718 11721 11924
f 11716 11718 11924
f 11922 11716 11924
f 11715 11716 11922
f 11918 11715 11922
f 11917 11715 11918
f 11915 11715 11917
f 11713 11715 11915
f 11914 11713 11915
f 11711 11713 11914
f 11707 11711 11914
f 11705 11707 11914
f 11911 11705 11914
f 11704 11705 11911
f 11909 11704 11911
f 11702 11704 11909
f 11907 11702 11909
f 11701 11702 11907
f 11906 11701 11907
f 12272 11701 11906
f 11675 12272 11906
f 11904 11675 11906
f 11674 11675 11904
f 11899 11674 11904
f 11900 11674 11899
f 11902 11674 11900
f 11673 11674 11902
f 12280 11673 11902
f 11646 12280 11902
f 11901 11646 11902
f 11644 11646 11901
f 11643 11644 11901
f 11897 11643 11901
f 11894 11643 11897
f 11893 11643 11894
f 11640 11643 11893
f 11891 11640 11893
f 11639 11640 11891
f 11888 11639 11891
f 11636 11639 11888
f 11634 11636 11888
f 11885 11634 11888
f 11884 11634 11885
f 11632 11634 11884
f 11631 11632 11884
f 11882 11631 11884
f 11881 11631 11882
f 11628 11631 11881
f 11627 11628 11881
f 11878 11627 11881
f 11876 11627 11878
f 11625 11627 11876
f 11873 11625 11876
f 11872 11625 11873
f 11622 11625 11872
f 11621 11622 11872
f 11869 11621 11872
f 11866 11621 11869
f 11863 11621 11866
f 11619 11621 11863
f 11861 11619 11863
f 11617 11619 11861
f 11860 11617 11861
f 11615 11617 11860
f 11614 11615 11860
f 11853 11860 11857
f 11614 11860 11853
f 11856 11614 11853
f 11611 11614 11856
f 11609 11611 11856
f 11854 11609 11856
f 11607 11609 11854
f 11855 11607 11854
f 11604 11607 11855
f 11598 11604 11855
f 11852 11598 11855
f 11850 11598 11852
f 11596 11598 11850
f 11848 11596 11850
f 11593 11596 11848
f 11846 11593 11848
f 11592 11593 11846
f 11844 11592 11846
f 11587 11592 11844
f 11842 11587 11844
f 11584 11587 11842
f 11840 11584 11842
f 11582 11584 11840
f 11838 11582 11840
f 11580 11582 11838
f 11836 11580 11838
f 11835 11580 11836
f 11577 11580 11835
f 11575 11577 11835
f 11833 11575 11835
f 11573 11575 11833
f 11831 11573 11833
f 11571 11573 11831
f 11830 11571 11831
f 11570 11571 11830
f 11826 11570 11830
f 11824 11570 11826
f 11568 11570 11824
f 11822 11568 11824
f 11566 11568 11822
f 11821 11566 11822
f 11562 11566 11821
f 11560 11562 11821
f 11819 11560 11821
f 11558 11560 11819
f 11818 11558 11819
f 11555 11558 11818
f 11552 11555 11818
f 11817 11552 11818
f 11550 11552 11817
f 11814 11550 11817
f 11548 11550 11814
f 11812 11548 11814
f 11547 11548 11812
f 11809 11547 11812
f 11805 11547 11809
f 11545 11547 11805
f 6528 6533 6530
f 6524 6533 6528
f 1476 1471 1473
f 97 179 177
f 182 179 97
f 185 182 97
f 98 185 97
f 186 185 98
f 101 186 98
f 188 186 101
f 103 188 101
f 191 188 103
f 194 191 103
f 104 194 103
f 107 194 104
f 195 194 107
f 198 195 107
f 108 198 107
f 200 198 108
f 110 200 108
f 202 200 110
f 112 202 110
f 204 202 112
f 114 204 112
f 206 204 114
f 210 206 114
f 116 210 114
f 4769 5168 5166
f 4767 4769 5166
f 5165 4767 5166
f 4765 4767 5165
f 5163 4765 5165
f 4763 4765 5163
f 5162 4763 5163
f 4761 4763 5162
f 5159 4761 5162
f 4760 4761 5159
f 5156 4760 5159
f 5158 4760 5156
f 4757 4760 5158
f 4755 4757 5158
f 5157 4755 5158
f 4752 4755 5157
f 4751 4752 5157
f 5154 4751 5157
f 5152 4751 5154
f 4750 4751 5152
f 5149 4750 5152
f 4749 4750 5149
f 5146 4749 5149
f 5147 4749 5146
f 4747 4749 5147
f 4744 4747 5147
f 4743 4744 5147
f 5144 4743 5147
f 5145 4743 5144
f 4740 4743 5145
f 4771 5168 4769
f 5169 5168 4771
f 5172 5169 4771
f 4772 5172 4771
f 5174 5172 4772
f 4775 5174 4772
f 5175 5174 4775
f 4777 5175 4775
f 5178 5175 4777
f 5181 5178 4777
f 4778 5181 4777
f 4781 5181 4778
f 5182 5181 4781
f 4783 5182 4781
f 5183 5182 4783
f 5186 5183 4783
f 4784 5186 4783
f 5188 5186 4784
f 4786 5188 4784
f 5190 5188 4786
f 4788 5190 4786
f 5192 5190 4788
f 5213 5192 4788
f 5214 5213 4788
f 4789 5214 4788
f 5216 5214 4789
f 5219 5216 4789
f 4790 5219 4789
f 4795 5219 4790
f 5220 5219 4795
f 4797 5220 4795
f 5223 5220 4797
f 4800 5223 4797
f 4802 5223 4800
f 5225 5223 4802
f 4804 5225 4802
f 5227 5225 4804
f 4805 5227 4804
f 5229 5227 4805
f 5232 5229 4805
f 4806 5232 4805
f 5235 5232 4806
f 4808 5235 4806
f 5236 5235 4808
f 4810 5236 4808
f 5239 5236 4810
f 4812 5239 4810
f 4819 5239 4812
f 4822 5239 4819
f 5238 5239 4822
f 5240 5238 4822
f 4823 5240 4822
f 4825 5240 4823
f 5242 5240 4825
f 4827 5242 4825
f 5246 5242 4827
f 12772 5246 4827
f 4834 5246 12772
f 5245 5246 4834
f 5248 5245 4834
f 5251 5248 4834
f 4835 5251 4834
f 4841 5251 4835
f 5252 5251 4841
f 4842 5252 4841
f 4390 4768 4766
f 4387 4390 4766
f 4764 4387 4766
f 4386 4387 4764
f 4762 4386 4764
f 4384 4386 4762
f 4759 4384 4762
f 4758 4384 4759
f 4372 4384 4758
f 4370 4372 4758
f 4368 4370 4758
f 4756 4368 4758
f 4364 4368 4756
f 4363 4364 4756
f 4754 4363 4756
f 4753 4363 4754
f 4362 4363 4753
f 4748 4362 4753
f 4746 4362 4748
f 4360 4362 4746
f 4745 4360 4746
f 4358 4360 4745
f 4357 4358 4745
f 4742 4357 4745
f 4741 4357 4742
f 4356 4357 4741
f 4736 4356 4741
f 4737 4356 4736
f 4354 4356 4737
f 4353 4354 4737
f 4734 4353 4737
f 4732 4353 4734
f 4728 4353 4732
f 4727 4353 4728
f 4352 4353 4727
f 4726 4352 4727
f 12775 4352 4726
f 4330 12775 4726
f 4724 4330 4726
f 4328 4330 4724
f 4721 4328 4724
f 4326 4328 4721
f 4722 4326 4721
f 4323 4326 4722
f 4322 4323 4722
f 4719 4322 4722
f 4718 4322 4719
f 4320 4322 4718
f 4319 4320 4718
f 4715 4319 4718
f 4713 4319 4715
f 4317 4319 4713
f 4712 4317 4713
f 4315 4317 4712
f 4313 4315 4712
f 4707 4313 4712
f 4312 4313 4707
f 4704 4312 4707
f 4702 4312 4704
f 4310 4312 4702
f 4700 4310 4702
f 4308 4310 4700
f 4699 4308 4700
f 4298 4308 4699
f 4297 4298 4699
f 4696 4297 4699
f 4694 4297 4696
f 4295 4297 4694
f 4293 4295 4694
f 4691 4293 4694
f 4689 4293 4691
f 4292 4293 4689
f 4687 4292 4689
f 4685 4292 4687
f 4290 4292 4685
f 4684 4290 4685
f 4288 4290 4684
f 4392 4768 4390
f 4770 4768 4392
f 4773 4770 4392
f 4393 4773 4392
f 4396 4773 4393
f 4774 4773 4396
f 4398 4774 4396
f 4776 4774 4398
f 4779 4776 4398
f 4399 4779 4398
f 4402 4779 4399
f 4404 4779 4402
f 4780 4779 4404
f 4782 4780 4404
f 4785 4782 4404
f 4405 4785 4404
f 4787 4785 4405
f 4791 4787 4405
f 4794 4791 4405
f 4406 4794 4405
f 4408 4794 4406
f 4793 4794 4408
f 4413 4793 4408
f 4415 4793 4413
f 4792 4793 4415
f 4796 4792 4415
f 4799 4796 4415
f 4416 4799 4415
f 4419 4799 4416
f 4798 4799 4419
f 4801 4798 4419
f 4420 4801 4419
f 4803 4801 4420
f 4807 4803 4420
f 4421 4807 4420
f 4809 4807 4421
f 4423 4809 4421
f 4811 4809 4423
f 4425 4811 4423
f 4813 4811 4425
f 4816 4813 4425
f 12774 4816 4425
f 4436 4816 12774
f 4815 4816 4436
f 4437 4815 4436
f 4817 4815 4437
f 4439 4817 4437
f 4818 4817 4439
f 4444 4818 4439
f 4821 4818 4444
f 4445 4821 4444
f 4824 4821 4445
f 4447 4824 4445
f 4826 4824 4447
f 4829 4826 4447
f 4448 4829 4447
f 4450 4829 4448
f 4830 4829 4450
f 4452 4830 4450
f 4832 4830 4452
f 4454 4832 4452
f 4456 4832 4454
f 4833 4832 4456
f 4836 4833 4456
f 4458 4836 4456
f 4838 4836 4458
f 4460 4838 4458
f 4462 4838 4460
f 4839 4838 4462
f 4464 4839 4462
f 4840 4839 4464
f 4843 4840 4464
f 4466 4843 4464
f 4846 4843 4466
f 4848 4846 4466
f 4467 4848 4466
f 4469 4848 4467
f 4850 4848 4469
f 4471 4850 4469
f 4478 4850 4471
f 4851 4850 4478
f 4480 4851 4478
f 4853 4851 4480
f 4481 4853 4480
f 4855 4853 4481
f 4858 4855 4481
f 4483 4858 4481
f 4862 4858 4483
f 4485 4862 4483
f 4863 4862 4485
f 4486 4863 4485
f 4866 4863 4486
f 4488 4866 4486
f 4868 4866 4488
f 4871 4868 4488
f 4489 4871 4488
f 4874 4871 4489
f 4491 4874 4489
f 4878 4874 4491
f 4493 4878 4491
f 4497 4878 4493
f 4879 4878 4497
f 4882 4879 4497
f 4889 4882 4497
f 4498 4889 4497
f 4499 4889 4498
f 4888 4889 4499
f 4891 4888 4499
f 4500 4891 4499
f 4502 4891 4500
f 4892 4891 4502
f 4895 4892 4502
f 4503 4895 4502
f 4897 4895 4503
f 4505 4897 4503
f 4508 4897 4505
f 4898 4897 4508
f 4901 4898 4508
f 4509 4901 4508
f 4902 4901 4509
f 4511 4902 4509
f 4904 4902 4511
f 4513 4904 4511
f 4516 4904 4513
f 4903 4904 4516
f 4906 4903 4516
f 4517 4906 4516
f 4519 4906 4517
f 4908 4906 4519
f 4910 4908 4519
f 4521 4910 4519
f 4913 4910 4521
f 4522 4913 4521
f 4883 4913 4522
f 4914 4883 4522
f 4523 4914 4522
f 4532 4914 4523
f 4915 4914 4532
f 4533 4915 4532
f 4880 4915 4533
f 4916 4880 4533
f 4534 4916 4533
f 4918 4916 4534
f 4921 4918 4534
f 4535 4921 4534
f 4923 4921 4535
f 4926 4923 4535
f 4928 4926 4535
f 4536 4928 4535
f 4930 4928 4536
f 4540 4930 4536
f 4542 4930 4540
f 4931 4930 4542
f 4543 4931 4542
f 4933 4931 4543
f 4545 4933 4543
f 4935 4933 4545
f 4938 4935 4545
f 4547 4938 4545
f 4549 4938 4547
f 4939 4938 4549
f 4551 4939 4549
f 4553 4939 4551
f 4940 4939 4553
f 4942 4940 4553
f 4554 4942 4553
f 4557 4942 4554
f 4943 4942 4557
f 4945 4943 4557
f 4558 4945 4557
f 4947 4945 4558
f 4950 4947 4558
f 4559 4950 4558
f 4561 4950 4559
f 4952 4950 4561
f 4563 4952 4561
f 4953 4952 4563
f 4565 4953 4563
f 4955 4953 4565
f 4958 4955 4565
f 4566 4958 4565
f 4959 4958 4566
f 4571 4959 4566
f 4573 4959 4571
f 4575 4959 4573
f 4957 4959 4575
f 4583 4957 4575
f 4956 4957 4583
f 4584 4956 4583
f 4960 4956 4584
f 4962 4960 4584
f 4585 4962 4584
f 4588 4962 4585
f 4963 4962 4588
f 4590 4963 4588
f 4596 4963 4590
f 4964 4963 4596
f 4597 4964 4596
f 4965 4964 4597
f 4967 4965 4597
f 4598 4967 4597
f 4969 4967 4598
f 4600 4969 4598
f 4605 4969 4600
f 4971 4969 4605
f 4973 4971 4605
f 4606 4973 4605
f 4608 4973 4606
f 4972 4973 4608
f 4977 4972 4608
f 4609 4977 4608
f 4978 4977 4609
f 4980 4978 4609
f 4611 4980 4609
f 4614 4980 4611
f 4981 4980 4614
f 4984 4981 4614
f 4615 4984 4614
f 4986 4984 4615
f 4988 4986 4615
f 4617 4988 4615
f 4991 4988 4617
f 4993 4991 4617
f 4619 4993 4617
f 4995 4993 4619
f 4998 4995 4619
f 4620 4998 4619
f 5000 4998 4620
f 4622 5000 4620
f 5002 5000 4622
f 4624 5002 4622
f 5004 5002 4624
f 4626 5004 4624
f 5006 5004 4626
f 5009 5006 4626
f 4627 5009 4626
f 4630 5009 4627
f 5010 5009 4630
f 5012 5010 4630
f 5015 5012 4630
f 4631 5015 4630
f 4633 5015 4631
f 5017 5015 4633
f 4635 5017 4633
f 5019 5017 4635
f 5021 5019 4635
f 4636 5021 4635
f 5023 5021 4636
f 4638 5023 4636
f 4642 5023 4638
f 5024 5023 4642
f 12773 5024 4642
f 3930 4385 4383
f 4382 3930 4383
f 3928 3930 4382
f 3926 3928 4382
f 4381 3926 4382
f 3924 3926 4381
f 3923 3924 4381
f 4378 3923 4381
f 4379 3923 4378
f 3920 3923 4379
f 3918 3920 4379
f 4377 3918 4379
f 3916 3918 4377
f 4375 3916 4377
f 3914 3916 4375
f 4373 3914 4375
f 3912 3914 4373
f 4371 3912 4373
f 3910 3912 4371
f 4369 3910 4371
f 3909 3910 4369
f 4365 3909 4369
f 4366 3909 4365
f 3907 3909 4366
f 4367 3907 4366
f 3905 3907 4367
f 4388 4385 3930
f 3931 4388 3930
f 3933 4388 3931
f 4389 4388 3933
f 3935 4389 3933
f 4391 4389 3935
f 4394 4391 3935
f 3936 4394 3935
f 3939 4394 3936
f 4395 4394 3939
f 3940 4395 3939
f 4397 4395 3940
f 4400 4397 3940
f 3941 4400 3940
f 3944 4400 3941
f 4401 4400 3944
f 3945 4401 3944
f 4403 4401 3945
f 4407 4403 3945
f 3948 4407 3945
f 4409 4407 3948
f 3949 4409 3948
f 3951 4409 3949
f 4411 4409 3951
f 3967 4411 3951
f 3969 4411 3967
f 4412 4411 3969
f 3971 4412 3969
f 4414 4412 3971
f 4417 4414 3971
f 3972 4417 3971
f 3974 4417 3972
f 3533 3946 3943
f 3942 3533 3943
f 3531 3533 3942
f 3530 3531 3942
f 3938 3530 3942
f 3937 3530 3938
f 3524 3530 3937
f 3523 3524 3937
f 3934 3523 3937
f 3932 3523 3934
f 3521 3523 3932
f 3929 3521 3932
f 3519 3521 3929
f 3927 3519 3929
f 3517 3519 3927
f 3925 3517 3927
f 3516 3517 3925
f 3922 3516 3925
f 3921 3516 3922
f 3513 3516 3921
f 3512 3513 3921
f 3919 3512 3921
f 3510 3512 3919
f 3917 3510 3919
f 3915 3510 3917
f 3508 3510 3915
f 3507 3508 3915
f 3913 3507 3915
f 3505 3507 3913
f 3911 3505 3913
f 3504 3505 3911
f 3908 3504 3911
f 3906 3504 3908
f 3500 3504 3906
f 3903 3500 3906
f 3498 3500 3903
f 3901 3498 3903
f 3496 3498 3901
f 3899 3496 3901
f 3494 3496 3899
f 3898 3494 3899
f 3493 3494 3898
f 3895 3493 3898
f 12830 3493 3895
f 12832 12830 3895
f 3890 12832 3895
f 3891 12832 3890
f 3534 3946 3533
f 3947 3946 3534
f 3950 3947 3534
f 3953 3950 3534
f 3957 3953 3534
f 3535 3957 3534
f 3956 3957 3535
f 3539 3956 3535
f 3958 3956 3539
f 3540 3958 3539
f 3542 3958 3540
f 3959 3958 3542
f 3544 3959 3542
f 3961 3959 3544
f 3546 3961 3544
f 3548 3961 3546
f 3962 3961 3548
f 3550 3962 3548
f 3963 3962 3550
f 3551 3963 3550
f 3965 3963 3551
f 3554 3965 3551
f 3966 3965 3554
f 3556 3966 3554
f 3968 3966 3556
f 3557 3968 3556
f 3560 3968 3557
f 3970 3968 3560
f 3561 3970 3560
f 3973 3970 3561
f 3977 3973 3561
f 3562 3977 3561
f 3979 3977 3562
f 3564 3979 3562
f 3568 3979 3564
f 3980 3979 3568
f 3983 3980 3568
f 3570 3983 3568
f 3985 3983 3570
f 3572 3985 3570
f 3575 3985 3572
f 3986 3985 3575
f 3989 3986 3575
f 3576 3989 3575
f 3991 3989 3576
f 3578 3991 3576
f 3992 3991 3578
f 3996 3992 3578
f 3579 3996 3578
f 3998 3996 3579
f 4001 3998 3579
f 3580 4001 3579
f 3588 4001 3580
f 3590 4001 3588
f 4000 4001 3590
f 3592 4000 3590
f 3999 4000 3592
f 4004 3999 3592
f 3593 4004 3592
f 4008 4004 3593
f 3596 4008 3593
f 4010 4008 3596
f 3597 4010 3596
f 4012 4010 3597
f 4014 4012 3597
f 3599 4014 3597
f 3607 4014 3599
f 5135 4739 4740
f 5145 5135 4740
f 5133 4739 5135
f 5131 4739 5133
f 4738 4739 5131
f 5128 4738 5131
f 5127 4738 5128
f 4733 4738 5127
f 4731 4733 5127
f 5125 4731 5127
f 4730 4731 5125
f 5122 4730 5125
f 5120 4730 5122
f 5119 4730 5120
f 4729 4730 5119
f 4723 4729 5119
f 4720 4723 5119
f 5118 4720 5119
f 4717 4720 5118
f 4716 4717 5118
f 5115 4716 5118
f 5113 4716 5115
f 5111 4716 5113
f 4714 4716 5111
f 5110 4714 5111
f 4711 4714 5110
f 4710 4711 5110
f 5107 4710 5110
f 5105 4710 5107
f 4709 4710 5105
f 5102 4709 5105
f 5101 4709 5102
f 4706 4709 5101
f 4705 4706 5101
f 5095 4705 5101
f 4703 4705 5095
f 5096 4703 5095
f 4701 4703 5096
f 4698 4701 5096
f 4697 4698 5096
f 5093 4697 5096
f 5090 4697 5093
f 5088 4697 5090
f 4695 4697 5088
f 5086 4695 5088
f 4693 4695 5086
f 5084 4693 5086
f 4692 4693 5084
f 5081 4692 5084
f 5078 4692 5081
f 5075 4692 5078
f 4690 4692 5075
f 5073 4690 5075
f 4688 4690 5073
f 5070 4688 5073
f 4686 4688 5070
f 5068 4686 5070
f 5067 4686 5068
f 4683 4686 5067
f 4682 4683 5067
f 5065 4682 5067
f 4681 4682 5065
f 5062 4681 5065
f 5063 4681 5062
f 4679 4681 5063
f 4672 4679 5063
f 5061 4672 5063
f 4671 4672 5061
f 5059 4671 5061
f 4669 4671 5059
f 5058 4669 5059
f 4667 4669 5058
f 4347 4355 4351
f 4348 4347 4351
f 4346 4347 4348
f 4359 4355 4347
f 4367 4359 4347
f 3905 4367 4347
f 3904 3905 4347
f 4344 3904 4347
f 4343 3904 4344
f 3902 3904 4343
f 3900 3902 4343
f 4341 3900 4343
f 4342 3900 4341
f 3897 3900 4342
f 3896 3897 4342
f 4339 3896 4342
f 4336 3896 4339
f 4333 3896 4336
f 3893 3896 4333
f 4334 3893 4333
f 3892 3893 4334
f 3885 3892 4334
f 4335 3885 4334
f 3882 3885 4335
f 3881 3882 4335
f 4331 3881 4335
f 4329 3881 4331
f 3879 3881 4329
f 4327 3879 4329
f 3877 3879 4327
f 4325 3877 4327
f 3875 3877 4325
f 4324 3875 4325
f 3874 3875 4324
f 4321 3874 4324
f 4318 3874 4321
f 3871 3874 4318
f 3870 3871 4318
f 4316 3870 4318
f 3868 3870 4316
f 4314 3868 4316
f 3867 3868 4314
f 4311 3867 4314
f 4309 3867 4311
f 3866 3867 4309
f 4306 3866 4309
f 3864 3866 4306
f 4305 3864 4306
f 3855 3864 4305
f 4304 3855 4305
f 3852 3855 4304
f 3850 3852 4304
f 4302 3850 4304
f 3848 3850 4302
f 4301 3848 4302
f 3844 3848 4301
f 3842 3844 4301
f 3841 3842 4301
f 4296 3841 4301
f 4294 3841 4296
f 3839 3841 4294
f 3838 3839 4294
f 4291 3838 4294
f 4289 3838 4291
f 3837 3838 4289
f 4286 3837 4289
f 4285 3837 4286
f 3835 3837 4285
f 4283 3835 4285
f 3834 3835 4283
f 4269 3834 4283
f 4282 3834 4269
f 3829 3834 4282
f 4281 3829 4282
f 3827 3829 4281
f 3107 3525 3522
f 3520 3107 3522
f 3106 3107 3520
f 3518 3106 3520
f 3105 3106 3518
f 3515 3105 3518
f 3514 3105 3515
f 3100 3105 3514
f 3099 3100 3514
f 3511 3099 3514
f 3097 3099 3511
f 3509 3097 3511
f 3096 3097 3509
f 3506 3096 3509
f 3095 3096 3506
f 3503 3095 3506
f 3502 3095 3503
f 3092 3095 3502
f 3091 3092 3502
f 3499 3091 3502
f 3497 3091 3499
f 3089 3091 3497
f 3495 3089 3497
f 3087 3089 3495
f 3492 3087 3495
f 3086 3087 3492
f 3490 3086 3492
f 3487 3086 3490
f 3083 3086 3487
f 3488 3083 3487
f 3082 3083 3488
f 3079 3082 3488
f 3075 3079 3488
f 3486 3075 3488
f 3073 3075 3486
f 3484 3073 3486
f 3071 3073 3484
f 3483 3071 3484
f 3070 3071 3483
f 3481 3070 3483
f 3065 3070 3481
f 3478 3065 3481
f 3063 3065 3478
f 3477 3063 3478
f 3061 3063 3477
f 3476 3061 3477
f 3059 3061 3476
f 3474 3059 3476
f 3057 3059 3474
f 3472 3057 3474
f 3056 3057 3472
f 3470 3056 3472
f 3055 3056 3470
f 3464 3055 3470
f 3461 3055 3464
f 3462 3055 3461
f 3054 3055 3462
f 3457 3054 3462
f 3455 3054 3457
f 3053 3054 3455
f 3453 3053 3455
f 3451 3053 3453
f 3051 3053 3451
f 3452 3051 3451
f 3046 3051 3452
f 3045 3046 3452
f 3449 3045 3452
f 3447 3045 3449
f 3043 3045 3447
f 3445 3043 3447
f 3041 3043 3445
f 3443 3041 3445
f 3039 3041 3443
f 3440 3039 3443
f 3439 3039 3440
f 3037 3039 3439
f 3035 3037 3439
f 3438 3035 3439
f 3033 3035 3438
f 3031 3033 3438
f 3436 3031 3438
f 3030 3031 3436
f 3434 3030 3436
f 3028 3030 3434
f 3431 3028 3434
f 3430 3028 3431
f 3025 3028 3430
f 3023 3025 3430
f 3429 3023 3430
f 3022 3023 3429
f 3426 3022 3429
f 3424 3022 3426
f 3020 3022 3424
f 3423 3020 3424
f 3017 3020 3423
f 3016 3017 3423
f 3420 3016 3423
f 3015 3016 3420
f 3418 3015 3420
f 3014 3015 3418
f 3415 3014 3418
f 3413 3014 3415
f 3013 3014 3413
f 3410 3013 3413
f 3408 3013 3410
f 3406 3013 3408
f 3012 3013 3406
f 3407 3012 3406
f 3001 3012 3407
f 2999 3001 3407
f 3404 2999 3407
f 2998 2999 3404
f 3403 2998 3404
f 2996 2998 3403
f 2995 2996 3403
f 3401 2995 3403
f 2994 2995 3401
f 3398 2994 3401
f 3396 2994 3398
f 2993 2994 3396
f 3393 2993 3396
f 3391 2993 3393
f 2992 2993 3391
f 3390 2992 3391
f 2985 2992 3390
f 3387 2985 3390
f 2983 2985 3387
f 3385 2983 3387
f 2981 2983 3385
f 3383 2981 3385
f 2979 2981 3383
f 3381 2979 3383
f 2976 2979 3381
f 3377 2976 3381
f 2975 2976 3377
f 3379 2975 3377
f 3527 3525 3107
f 3108 3527 3107
f 3111 3527 3108
f 3528 3527 3111
f 3532 3529 3528
f 3537 3532 3528
f 3111 3537 3528
f 3112 3537 3111
f 3538 3537 3112
f 3114 3538 3112
f 3541 3538 3114
f 3116 3541 3114
f 3543 3541 3116
f 3118 3543 3116
f 3545 3543 3118
f 3122 3545 3118
f 3547 3545 3122
f 3123 3547 3122
f 3549 3547 3123
f 3552 3549 3123
f 3124 3552 3123
f 3128 3552 3124
f 3553 3552 3128
f 3130 3553 3128
f 3555 3553 3130
f 3558 3555 3130
f 3131 3558 3130
f 3134 3558 3131
f 3559 3558 3134
f 3563 3559 3134
f 3135 3563 3134
f 3565 3563 3135
f 3567 3565 3135
f 3136 3567 3135
f 3138 3567 3136
f 3142 3567 3138
f 3566 3567 3142
f 3569 3566 3142
f 3143 3569 3142
f 3571 3569 3143
f 3144 3571 3143
f 3573 3571 3144
f 3146 3573 3144
f 3582 3573 3146
f 3584 3582 3146
f 3147 3584 3146
f 3150 3584 3147
f 3583 3584 3150
f 3586 3583 3150
f 3151 3586 3150
f 3153 3586 3151
f 3587 3586 3153
f 3155 3587 3153
f 3157 3587 3155
f 3589 3587 3157
f 3591 3589 3157
f 3594 3591 3157
f 3159 3594 3157
f 3595 3594 3159
f 3598 3595 3159
f 3601 3598 3159
f 3160 3601 3159
f 3602 3601 3160
f 3163 3602 3160
f 3234 3602 3163
f 3603 3602 3234
f 3235 3603 3234
f 3606 3603 3235
f 3619 3606 3235
f 3237 3619 3235
f 3246 3619 3237
f 3620 3619 3246
f 3248 3620 3246
f 3621 3620 3248
f 3624 3621 3248
f 3249 3624 3248
f 3626 3624 3249
f 3629 3626 3249
f 3250 3629 3249
f 3631 3629 3250
f 3251 3631 3250
f 3633 3631 3251
f 3252 3633 3251
f 3255 3633 3252
f 3634 3633 3255
f 3636 3634 3255
f 3256 3636 3255
f 3639 3636 3256
f 3258 3639 3256
f 3641 3639 3258
f 3261 3641 3258
f 3642 3641 3261
f 3645 3642 3261
f 3265 3645 3261
f 3647 3645 3265
f 3266 3647 3265
f 3269 3647 3266
f 3648 3647 3269
f 3650 3648 3269
f 3270 3650 3269
f 3652 3650 3270
f 3272 3652 3270
f 3275 3652 3272
f 3653 3652 3275
f 3657 3653 3275
f 3276 3657 3275
f 3280 3657 3276
f 3658 3657 3280
f 3661 3658 3280
f 3281 3661 3280
f 3284 3661 3281
f 3662 3661 3284
f 3292 3662 3284
f 3294 3662 3292
f 3663 3662 3294
f 3295 3663 3294
f 3669 3663 3295
f 3297 3669 3295
f 3671 3669 3297
f 3299 3671 3297
f 3674 3671 3299
f 3678 3674 3299
f 3300 3678 3299
f 3680 3678 3300
f 3301 3680 3300
f 3682 3680 3301
f 3303 3682 3301
f 3684 3682 3303
f 3305 3684 3303
f 3686 3684 3305
f 3689 3686 3305
f 3692 3689 3305
f 3306 3692 3305
f 3308 3692 3306
f 3693 3692 3308
f 3310 3693 3308
f 3317 3693 3310
f 3320 3693 3317
f 3691 3693 3320
f 3322 3691 3320
f 3690 3691 3322
f 3324 3690 3322
f 3695 3690 3324
f 3698 3695 3324
f 3325 3698 3324
f 3700 3698 3325
f 3703 3700 3325
f 3326 3703 3325
f 3328 3703 3326
f 3113 2721 2723
f 3115 3113 2723
f 2725 3115 2723
f 3117 3115 2725
f 3120 3117 2725
f 2726 3120 2725
f 2729 3120 2726
f 3121 3120 2729
f 3125 3121 2729
f 2731 3125 2729
f 3127 3125 2731
f 2732 3127 2731
f 2735 3127 2732
f 2737 3127 2735
f 3126 3127 2737
f 3129 3126 2737
f 3132 3129 2737
f 3133 3132 2737
f 3137 3133 2737
f 2738 3137 2737
f 3139 3137 2738
f 3110 2721 3113
f 3109 2721 3110
f 2719 2721 3109
f 3104 2719 3109
f 3103 2719 3104
f 2717 2719 3103
f 3101 2717 3103
f 2715 2717 3101
f 3098 2715 3101
f 2714 2715 3098
f 3094 2714 3098
f 3093 2714 3094
f 2712 2714 3093
f 2276 2722 2720
f 2274 2276 2720
f 2269 2274 2720
f 2718 2269 2720
f 2268 2269 2718
f 2716 2268 2718
f 2267 2268 2716
f 2713 2267 2716
f 2711 2267 2713
f 2266 2267 2711
f 2708 2266 2711
f 2707 2266 2708
f 2265 2266 2707
f 2264 2265 2707
f 2724 2722 2276
f 2280 2724 2276
f 2727 2724 2280
f 2281 2727 2280
f 2728 2727 2281
f 2283 2728 2281
f 2730 2728 2283
f 2285 2730 2283
f 2733 2730 2285
f 2290 2733 2285
f 2294 2733 2290
f 2734 2733 2294
f 2296 2734 2294
f 2736 2734 2296
f 2739 2736 2296
f 2710 3090 3088
f 2709 2710 3088
f 3085 2709 3088
f 3084 2709 3085
f 2706 2709 3084
f 2705 2706 3084
f 3080 2705 3084
f 3081 2705 3080
f 2700 2705 3081
f 2697 2700 3081
f 2696 2697 3081
f 3078 2696 3081
f 3077 2696 3078
f 2693 2696 3077
f 2688 2693 3077
f 2686 2688 3077
f 3074 2686 3077
f 2684 2686 3074
f 3072 2684 3074
f 2682 2684 3072
f 3069 2682 3072
f 2681 2682 3069
f 3066 2681 3069
f 3067 2681 3066
f 2678 2681 3067
f 2677 2678 3067
f 3064 2677 3067
f 3062 2677 3064
f 2675 2677 3062
f 3060 2675 3062
f 2673 2675 3060
f 3058 2673 3060
f 2672 2673 3058
f 3050 2672 3058
f 3048 2672 3050
f 2671 2672 3048
f 3047 2671 3048
f 2668 2671 3047
f 2662 2668 3047
f 3044 2662 3047
f 3042 2662 3044
f 2661 2662 3042
f 3040 2661 3042
f 2659 2661 3040
f 3038 2659 3040
f 2657 2659 3038
f 3036 2657 3038
f 2655 2657 3036
f 3034 2655 3036
f 2653 2655 3034
f 3032 2653 3034
f 2647 2653 3032
f 2646 2647 3032
f 3029 2646 3032
f 3027 2646 3029
f 2644 2646 3027
f 3026 2644 3027
f 2642 2644 3026
f 3024 2642 3026
f 2641 2642 3024
f 3021 2641 3024
f 3019 2641 3021
f 2639 2641 3019
f 3018 2639 3019
f 2637 2639 3018
f 2636 2637 3018
f 2712 3090 2710
f 3093 3090 2712
f 6400 5121 5123
f 5215 6400 5123
f 6401 6400 5215
f 5217 6401 5215
f 5221 6401 5217
f 6402 6401 5221
f 6403 6402 5221
f 6406 6403 5221
f 5222 6406 5221
f 5224 6406 5222
f 6407 6406 5224
f 5226 6407 5224
f 6409 6407 5226
f 5228 6409 5226
f 6411 6409 5228
f 5230 6411 5228
f 6413 6411 5230
f 6415 6413 5230
f 6417 6415 5230
f 5231 6417 5230
f 6420 6417 5231
f 5233 6420 5231
f 6422 6420 5233
f 6425 6422 5233
f 5234 6425 5233
f 5237 6425 5234
f 6426 6425 5237
f 5241 6426 5237
f 6427 6426 5241
f 6429 6427 5241
f 5244 6429 5241
f 5247 6429 5244
f 6430 6429 5247
f 6433 6430 5247
f 5249 6433 5247
f 6399 5121 6400
f 5116 5121 6399
f 5114 5116 6399
f 6398 5114 6399
f 5112 5114 6398
f 6396 5112 6398
f 5109 5112 6396
f 5108 5109 6396
f 6393 5108 6396
f 6391 5108 6393
f 5106 5108 6391
f 6389 5106 6391
f 5104 5106 6389
f 6387 5104 6389
f 5103 5104 6387
f 6385 5103 6387
f 6384 5103 6385
f 5100 5103 6384
f 5099 5100 6384
f 6382 5099 6384
f 5098 5099 6382
f 6379 5098 6382
f 6378 5098 6379
f 5092 5098 6378
f 5091 5092 6378
f 6375 5091 6378
f 6373 5091 6375
f 6371 5091 6373
f 5089 5091 6371
f 6370 5089 6371
f 5087 5089 6370
f 6367 5087 6370
f 6365 5087 6367
f 5085 5087 6365
f 6363 5085 6365
f 5083 5085 6363
f 6361 5083 6363
f 5082 5083 6361
f 6357 5082 6361
f 6356 5082 6357
f 5080 5082 6356
f 6354 5080 6356
f 5079 5080 6354
f 6351 5079 6354
f 6350 5079 6351
f 5077 5079 6350
f 5076 5077 6350
f 6347 5076 6350
f 6344 5076 6347
f 6342 5076 6344
f 5074 5076 6342
f 5072 5074 6342
f 6341 5072 6342
f 5071 5072 6341
f 6337 5071 6341
f 6335 5071 6337
f 5069 5071 6335
f 6334 5069 6335
f 5066 5069 6334
f 5064 5066 6334
f 6332 5064 6334
f 6330 5064 6332
f 5060 5064 6330
f 6329 5060 6330
f 5056 5060 6329
f 6324 5056 6329
f 5057 5056 6324
f 6326 5057 6324
f 3974 4422 4417
f 3975 4422 3974
f 4424 4422 3975
f 4427 4424 3975
f 3976 4427 3975
f 3981 4427 3976
f 4428 4427 3981
f 3982 4428 3981
f 4430 4428 3982
f 3984 4430 3982
f 3987 4430 3984
f 4431 4430 3987
f 4433 4431 3987
f 3988 4433 3987
f 12828 4433 3988
f 4441 4433 12828
f 3993 4441 12828
f 4442 4441 3993
f 3994 4442 3993
f 4446 4442 3994
f 4449 4446 3994
f 3995 4449 3994
f 4451 4449 3995
f 3997 4451 3995
f 4005 4451 3997
f 4453 4451 4005
f 4455 4453 4005
f 4006 4455 4005
f 4457 4455 4006
f 4007 4457 4006
f 4459 4457 4007
f 4461 4459 4007
f 4009 4461 4007
f 4011 4461 4009
f 4463 4461 4011
f 4016 4463 4011
f 4465 4463 4016
f 4468 4465 4016
f 4017 4468 4016
f 4470 4468 4017
f 4018 4470 4017
f 4473 4470 4018
f 4021 4473 4018
f 4474 4473 4021
f 4023 4474 4021
f 12824 4474 4023
f 4475 4474 12824
f 4476 4475 12824
f 12821 4476 12824
f 12819 4476 12821
f 4038 4476 12819
f 4477 4476 4038
f 4479 4477 4038
f 4040 4479 4038
f 4482 4479 4040
f 4484 4482 4040
f 4041 4484 4040
f 4487 4484 4041
f 4490 4487 4041
f 4043 4490 4041
f 4492 4490 4043
f 4047 4492 4043
f 4494 4492 4047
f 4049 4494 4047
f 4496 4494 4049
f 4051 4496 4049
f 4501 4496 4051
f 4052 4501 4051
f 4504 4501 4052
f 4054 4504 4052
f 4506 4504 4054
f 4056 4506 4054
f 4059 4506 4056
f 4510 4506 4059
f 4512 4510 4059
f 4060 4512 4059
f 4514 4512 4060
f 4062 4514 4060
f 4515 4514 4062
f 4066 4515 4062
f 4518 4515 4066
f 4067 4518 4066
f 4520 4518 4067
f 4524 4520 4067
f 4068 4524 4067
f 4072 4524 4068
f 4525 4524 4072
f 4527 4525 4072
f 4073 4527 4072
f 4529 4527 4073
f 4075 4529 4073
f 4078 4529 4075
f 4530 4529 4078
f 4538 4530 4078
f 4079 4538 4078
f 4081 4538 4079
f 4539 4538 4081
f 4085 4539 4081
f 4541 4539 4085
f 4088 4541 4085
f 4544 4541 4088
f 4091 4544 4088
f 4546 4544 4091
f 4092 4546 4091
f 4548 4546 4092
f 4094 4548 4092
f 4550 4548 4094
f 4095 4550 4094
f 4552 4550 4095
f 4555 4552 4095
f 4096 4555 4095
f 4098 4555 4096
f 4560 4555 4098
f 4569 4560 4098
f 4100 4569 4098
f 4568 4569 4100
f 4570 4568 4100
f 4102 4570 4100
f 4572 4570 4102
f 4104 4572 4102
f 4574 4572 4104
f 4106 4574 4104
f 4578 4574 4106
f 4581 4578 4106
f 4108 4581 4106
f 4113 4581 4108
f 4119 4581 4113
f 4580 4581 4119
f 4122 4580 4119
f 4124 4580 4122
f 4579 4580 4124
f 4126 4579 4124
f 4582 4579 4126
f 4586 4582 4126
f 4127 4586 4126
f 4587 4586 4127
f 4129 4587 4127
f 4589 4587 4129
f 4132 4589 4129
f 4592 4589 4132
f 4137 4592 4132
f 4141 4592 4137
f 4593 4592 4141
f 4142 4593 4141
f 4594 4593 4142
f 4603 4594 4142
f 4143 4603 4142
f 4602 4603 4143
f 4146 4602 4143
f 4601 4602 4146
f 4147 4601 4146
f 4604 4601 4147
f 4149 4604 4147
f 4607 4604 4149
f 4150 4607 4149
f 4610 4607 4150
f 4612 4610 4150
f 4152 4612 4150
f 4154 4612 4152
f 4613 4612 4154
f 4616 4613 4154
f 4155 4616 4154
f 4618 4616 4155
f 4621 4618 4155
f 4156 4621 4155
f 4623 4621 4156
f 4160 4623 4156
f 4625 4623 4160
f 4628 4625 4160
f 4161 4628 4160
f 4629 4628 4161
f 4163 4629 4161
f 4632 4629 4163
f 4165 4632 4163
f 4634 4632 4165
f 4637 4634 4165
f 4166 4637 4165
f 4639 4637 4166
f 4641 4639 4166
f 4170 4641 4166
f 4645 4641 4170
f 4171 4645 4170
f 4646 4645 4171
f 4173 4646 4171
f 6794 6404 6405
f 6408 6794 6405
f 6797 6794 6408
f 6410 6797 6408
f 6799 6797 6410
f 6412 6799 6410
f 6800 6799 6412
f 6414 6800 6412
f 6802 6800 6414
f 6804 6802 6414
f 6807 6804 6414
f 6416 6807 6414
f 6809 6807 6416
f 6418 6809 6416
f 6811 6809 6418
f 6813 6811 6418
f 6421 6813 6418
f 6423 6813 6421
f 6815 6813 6423
f 6428 6815 6423
f 6431 6815 6428
f 6814 6815 6431
f 6817 6814 6431
f 6432 6817 6431
f 6435 6817 6432
f 6439 12884 6438
f 12885 12884 6439
f 6443 12885 6439
f 6446 12885 6443
f 6460 12886 6458
f 12887 12886 6460
f 6462 12887 6460
f 12888 12887 6462
f 6820 12888 6462
f 6821 6820 6462
f 6463 6821 6462
f 6466 6821 6463
f 6818 6821 6466
f 6822 6818 6466
f 6826 6822 6466
f 6467 6826 6466
f 6469 6826 6467
f 6827 6826 6469
f 6471 6827 6469
f 6480 6827 6471
f 6829 6827 6480
f 6482 6829 6480
f 6485 6829 6482
f 6828 6829 6485
f 6487 6828 6485
f 6831 6828 6487
f 6489 6831 6487
f 6833 6831 6489
f 6490 6833 6489
f 6493 6833 6490
f 6497 6833 6493
f 6832 6833 6497
f 6836 6832 6497
f 6498 6836 6497
f 6501 6836 6498
f 6835 6836 6501
f 6837 6835 6501
f 6503 6837 6501
f 6840 6837 6503
f 6504 6840 6503
f 6795 6404 6794
f 6392 6404 6795
f 6796 6392 6795
f 6390 6392 6796
f 6388 6390 6796
f 6793 6388 6796
f 6791 6388 6793
f 6788 6388 6791
f 6386 6388 6788
f 6789 6386 6788
f 6383 6386 6789
f 6790 6383 6789
f 6381 6383 6790
f 6783 6381 6790
f 6779 6381 6783
f 7051 6785 6786
f 6801 7051 6786
f 6803 7051 6801
f 7050 7051 6803
f 6805 7050 6803
f 7046 6785 7051
f 7048 6785 7046
f 6782 6785 7048
f 12889 6782 7048
f 6781 6782 12889
f 7058 6806 6808
f 7059 7058 6808
f 6810 7059 6808
f 12405 7059 6810
f 7060 7059 12405
f 7055 6806 7058
f 7053 6806 7055
f 6805 6806 7053
f 7050 6805 7053
f 7042 7045 12890
f 7278 7042 12890
f 7274 7042 7278
f 7273 7042 7274
f 7040 7042 7273
f 7271 7040 7273
f 7038 7040 7271
f 7269 7038 7271
f 7036 7038 7269
f 7270 7036 7269
f 7034 7036 7270
f 7033 7034 7270
f 6376 6774 6771
f 6770 6376 6771
f 6374 6376 6770
f 6767 6374 6770
f 6765 6374 6767
f 6372 6374 6765
f 6764 6372 6765
f 6369 6372 6764
f 6368 6369 6764
f 6762 6368 6764
f 6759 6368 6762
f 6758 6368 6759
f 6366 6368 6758
f 6364 6366 6758
f 6756 6364 6758
f 6362 6364 6756
f 6753 6362 6756
f 6360 6362 6753
f 6751 6360 6753
f 6359 6360 6751
f 6752 6359 6751
f 12743 6359 6752
f 6377 6774 6376
f 6380 6774 6377
f 6775 6774 6380
f 6778 6775 6380
f 6381 6778 6380
f 6436 6434 6433
f 5249 6436 6433
f 6441 6436 5249
f 5250 6441 5249
f 5253 6441 5250
f 6442 6441 5253
f 6445 6442 5253
f 5254 6445 5253
f 5256 6445 5254
f 2741 3140 3139
f 2738 2741 3139
f 2751 3140 2741
f 2753 3140 2751
f 3141 3140 2753
f 3145 3141 2753
f 3148 3145 2753
f 2754 3148 2753
f 3149 3148 2754
f 3152 3149 2754
f 2755 3152 2754
f 3154 3152 2755
f 2757 3154 2755
f 3156 3154 2757
f 3158 3156 2757
f 2758 3158 2757
f 3161 3158 2758
f 2762 3161 2758
f 3162 3161 2762
f 3164 3162 2762
f 2763 3164 2762
f 3168 3164 2763
f 3171 3168 2763
f 2764 3171 2763
f 3172 3171 2764
f 2766 3172 2764
f 3180 3172 2766
f 3181 3180 2766
f 2767 3181 2766
f 2770 3181 2767
f 2772 3181 2770
f 3182 3181 2772
f 2774 3182 2772
f 3185 3182 2774
f 2775 3185 2774
f 3187 3185 2775
f 3201 3187 2775
f 2776 3201 2775
f 3203 3201 2776
f 2778 3203 2776
f 3205 3203 2778
f 2781 3205 2778
f 3207 3205 2781
f 2786 3207 2781
f 3209 3207 2786
f 2787 3209 2786
f 2789 3209 2787
f 3211 3209 2789
f 2790 3211 2789
f 3213 3211 2790
f 12837 3213 2790
f 2799 3213 12837
f 2801 3213 2799
f 3212 3213 2801
f 2803 3212 2801
f 3210 3212 2803
f 2296 2740 2739
f 2297 2740 2296
f 2743 2740 2297
f 2299 2743 2297
f 2744 2743 2299
f 2747 2744 2299
f 2300 2747 2299
f 2749 2747 2300
f 2305 2749 2300
f 2308 2749 2305
f 2748 2749 2308
f 2750 2748 2308
f 4842 5255 5252
f 4844 5255 4842
f 5257 5255 4844
f 5260 5257 4844
f 4845 5260 4844
f 5262 5260 4845
f 4847 5262 4845
f 5265 5262 4847
f 4849 5265 4847
f 4852 5265 4849
f 5264 5265 4852
f 4854 5264 4852
f 5267 5264 4854
f 4856 5267 4854
f 5269 5267 4856
f 5272 5269 4856
f 4857 5272 4856
f 4859 5272 4857
f 5273 5272 4859
f 5276 5273 4859
f 4860 5276 4859
f 5278 5276 4860
f 5281 5278 4860
f 4861 5281 4860
f 4864 5281 4861
f 5282 5281 4864
f 4865 5282 4864
f 5285 5282 4865
f 4867 5285 4865
f 5288 5285 4867
f 4869 5288 4867
f 5290 5288 4869
f 5294 5290 4869
f 4870 5294 4869
f 4872 5294 4870
f 12771 5294 4872
f 4919 5294 12771
f 5293 5294 4919
f 4920 5293 4919
f 5292 5293 4920
f 4922 5292 4920
f 5291 5292 4922
f 4924 5291 4922
f 5295 5291 4924
f 5299 5295 4924
f 4925 5299 4924
f 5300 5299 4925
f 4927 5300 4925
f 5310 5300 4927
f 5311 5310 4927
f 4929 5311 4927
f 4932 5311 4929
f 5312 5311 4932
f 4934 5312 4932
f 5314 5312 4934
f 4936 5314 4934
f 5316 5314 4936
f 4941 5316 4936
f 5318 5316 4941
f 4944 5318 4941
f 4966 5318 4944
f 4968 5318 4966
f 5317 5318 4968
f 4970 5317 4968
f 4974 5317 4970
f 5315 5317 4974
f 5319 5315 4974
f 4975 5319 4974
f 5320 5319 4975
f 4976 5320 4975
f 5321 5320 4976
f 4979 5321 4976
f 4982 5321 4979
f 5305 5321 4982
f 5322 5305 4982
f 4983 5322 4982
f 5324 5322 4983
f 4985 5324 4983
f 5327 5324 4985
f 4987 5327 4985
f 5328 5327 4987
f 4989 5328 4987
f 5330 5328 4989
f 5333 5330 4989
f 4990 5333 4989
f 5336 5333 4990
f 4992 5336 4990
f 5337 5336 4992
f 4994 5337 4992
f 5340 5337 4994
f 4996 5340 4994
f 5342 5340 4996
f 5345 5342 4996
f 4997 5345 4996
f 5349 5345 4997
f 4999 5349 4997
f 5351 5349 4999
f 5001 5351 4999
f 5354 5351 5001
f 5003 5354 5001
f 5356 5354 5003
f 12770 5356 5003
f 5256 6444 6445
f 6452 6448 6444
f 5256 6452 6444
f 5258 6452 5256
f 6454 6452 5258
f 5259 6454 5258
f 6456 6454 5259
f 5261 6456 5259
f 5263 6456 5261
f 6457 6456 5263
f 5266 6457 5263
f 6459 6457 5266
f 5268 6459 5266
f 5270 6459 5268
f 6461 6459 5270
f 6465 6461 5270
f 5271 6465 5270
f 5274 6465 5271
f 6464 6465 5274
f 6468 6464 5274
f 5275 6468 5274
f 6470 6468 5275
f 5277 6470 5275
f 5279 6470 5277
f 6472 6470 5279
f 6475 6472 5279
f 5280 6475 5279
f 5283 6475 5280
f 6477 6475 5283
f 5284 6477 5283
f 6479 6477 5284
f 5286 6479 5284
f 12769 6479 5286
f 5325 6479 12769
f 6478 6479 5325
f 5326 6478 5325
f 6476 6478 5326
f 5329 6476 5326
f 6474 6476 5329
f 5331 6474 5329
f 6473 6474 5331
f 6481 6473 5331
f 5332 6481 5331
f 6483 6481 5332
f 5334 6483 5332
f 6484 6483 5334
f 5335 6484 5334
f 6486 6484 5335
f 5338 6486 5335
f 6488 6486 5338
f 6491 6488 5338
f 5339 6491 5338
f 5341 6491 5339
f 6492 6491 5341
f 6495 6492 5341
f 5343 6495 5341
f 3616 4037 4035
f 4033 3616 4035
f 3614 3616 4033
f 4032 3614 4033
f 3613 3614 4032
f 4029 3613 4032
f 4027 3613 4029
f 3612 3613 4027
f 4025 3612 4027
f 3610 3612 4025
f 4022 3610 4025
f 3609 3610 4022
f 4020 3609 4022
f 4019 3609 4020
f 3607 3609 4019
f 4014 3607 4019
f 4015 4014 4019
f 3622 4037 3616
f 4042 4039 4037
f 3622 4042 4037
f 4045 4042 3622
f 3623 4045 3622
f 4046 4045 3623
f 3625 4046 3623
f 4048 4046 3625
f 3627 4048 3625
f 4050 4048 3627
f 4053 4050 3627
f 4055 4053 3627
f 3628 4055 3627
f 4057 4055 3628
f 3630 4057 3628
f 3632 4057 3630
f 3635 4057 3632
f 4058 4057 3635
f 3637 4058 3635
f 4061 4058 3637
f 4064 4061 3637
f 3638 4064 3637
f 3640 4064 3638
f 4063 4064 3640
f 3643 4063 3640
f 4065 4063 3643
f 4069 4065 3643
f 4071 4069 3643
f 3644 4071 3643
f 4074 4071 3644
f 3649 4074 3644
f 4076 4074 3649
f 3651 4076 3649
f 3654 4076 3651
f 4077 4076 3654
f 4080 4077 3654
f 4083 4080 3654
f 3655 4083 3654
f 4084 4083 3655
f 3659 4084 3655
f 3664 4084 3659
f 3666 4084 3664
f 4082 4084 3666
f 4086 4082 3666
f 3667 4086 3666
f 4087 4086 3667
f 3672 4087 3667
f 4089 4087 3672
f 3673 4089 3672
f 4090 4089 3673
f 3675 4090 3673
f 4093 4090 3675
f 4097 4093 3675
f 3676 4097 3675
f 4099 4097 3676
f 3677 4099 3676
f 4101 4099 3677
f 3679 4101 3677
f 4103 4101 3679
f 3681 4103 3679
f 4105 4103 3681
f 3683 4105 3681
f 4107 4105 3683
f 3685 4107 3683
f 4109 4107 3685
f 3687 4109 3685
f 4111 4109 3687
f 12829 4111 3687
f 3696 4111 12829
f 4112 4111 3696
f 4116 4112 3696
f 3697 4116 3696
f 3699 4116 3697
f 4117 4116 3699
f 3701 4117 3699
f 3704 4117 3701
f 4118 4117 3704
f 4121 4118 3704
f 3705 4121 3704
f 3707 4121 3705
f 4120 4121 3707
f 4123 4120 3707
f 3708 4123 3707
f 3710 4123 3708
f 4125 4123 3710
f 4128 4125 3710
f 788 1170 1168
f 785 788 1168
f 1166 785 1168
f 784 785 1166
f 1164 784 1166
f 1162 784 1164
f 783 784 1162
f 1159 783 1162
f 1157 783 1159
f 782 783 1157
f 1153 782 1157
f 1152 782 1153
f 779 782 1152
f 777 779 1152
f 1150 777 1152
f 774 777 1150
f 1148 774 1150
f 772 774 1148
f 1146 772 1148
f 771 772 1146
f 1144 771 1146
f 768 771 1144
f 1142 768 1144
f 767 768 1142
f 1138 767 1142
f 1136 767 1138
f 765 767 1136
f 1134 765 1136
f 1132 765 1134
f 763 765 1132
f 1129 763 1132
f 1130 763 1129
f 760 763 1130
f 756 760 1130
f 755 756 1130
f 1127 755 1130
f 1124 755 1127
f 1123 755 1124
f 754 755 1123
f 1122 754 1123
f 752 754 1122
f 749 752 1122
f 747 749 1122
f 1118 747 1122
f 1117 747 1118
f 745 747 1117
f 1114 745 1117
f 742 745 1114
f 740 742 1114
f 1110 740 1114
f 1108 740 1110
f 739 740 1108
f 1106 739 1108
f 738 739 1106
f 1103 738 1106
f 736 738 1103
f 1102 736 1103
f 734 736 1102
f 733 734 1102
f 1096 733 1102
f 1094 733 1096
f 732 733 1094
f 1092 732 1094
f 731 732 1092
f 1089 731 1092
f 1087 731 1089
f 1084 731 1087
f 1082 731 1084
f 792 1170 788
f 1172 1170 792
f 793 1172 792
f 1173 1172 793
f 1176 1173 793
f 795 1176 793
f 1178 1176 795
f 797 1178 795
f 800 1178 797
f 1179 1178 800
f 1182 1179 800
f 801 1182 800
f 804 1182 801
f 1183 1182 804
f 1187 1183 804
f 1190 1187 804
f 805 1190 804
f 807 1190 805
f 1192 1190 807
f 809 1192 807
f 811 1192 809
f 1194 1192 811
f 1198 1194 811
f 813 1198 811
f 1199 1198 813
f 815 1199 813
f 1202 1199 815
f 816 1202 815
f 1204 1202 816
f 1207 1204 816
f 818 1207 816
f 1209 1207 818
f 1211 1209 818
f 819 1211 818
f 821 1211 819
f 12862 1211 821
f 852 1211 12862
f 1210 1211 852
f 853 1210 852
f 856 1210 853
f 1208 1210 856
f 1212 1208 856
f 858 1212 856
f 861 1212 858
f 1213 1212 861
f 1214 1213 861
f 862 1214 861
f 1216 1214 862
f 1219 1216 862
f 1221 1219 862
f 863 1221 862
f 865 1221 863
f 1223 1221 865
f 867 1223 865
f 1225 1223 867
f 1228 1225 867
f 870 1228 867
f 1231 1228 870
f 871 1231 870
f 875 1231 871
f 1232 1231 875
f 877 1232 875
f 1234 1232 877
f 1236 1234 877
f 878 1236 877
f 892 1236 878
f 893 1236 892
f 1235 1236 893
f 895 1235 893
f 1237 1235 895
f 897 1237 895
f 903 1237 897
f 1239 1237 903
f 905 1239 903
f 1240 1239 905
f 1251 1240 905
f 906 1251 905
f 1253 1251 906
f 1256 1253 906
f 907 1256 906
f 909 1256 907
f 1258 1256 909
f 1261 1258 909
f 910 1261 909
f 1263 1261 910
f 912 1263 910
f 1266 1263 912
f 1269 1266 912
f 913 1269 912
f 1272 1269 913
f 914 1272 913
f 917 1272 914
f 1273 1272 917
f 1276 1273 917
f 918 1276 917
f 1278 1276 918
f 920 1278 918
f 1280 1278 920
f 922 1280 920
f 926 1280 922
f 1279 1280 926
f 929 1279 926
f 1281 1279 929
f 930 1281 929
f 1283 1281 930
f 1286 1283 930
f 931 1286 930
f 1288 1286 931
f 933 1288 931
f 1289 1288 933
f 935 1289 933
f 938 1289 935
f 1290 1289 938
f 1293 1290 938
f 939 1293 938
f 1295 1293 939
f 1298 1295 939
f 940 1298 939
f 942 1298 940
f 1299 1298 942
f 1302 1299 942
f 943 1302 942
f 1304 1302 943
f 1307 1304 943
f 945 1307 943
f 1309 1307 945
f 947 1309 945
f 1311 1309 947
f 949 1311 947
f 1313 1311 949
f 952 1313 949
f 954 1313 952
f 1312 1313 954
f 1315 1312 954
f 1318 1315 954
f 955 1318 954
f 1319 1318 955
f 957 1319 955
f 960 1319 957
f 1321 1319 960
f 1325 1321 960
f 1328 1325 960
f 961 1328 960
f 1327 1328 961
f 963 1327 961
f 1330 1327 963
f 1333 1330 963
f 964 1333 963
f 1335 1333 964
f 1338 1335 964
f 966 1338 964
f 968 1338 966
f 971 1338 968
f 1337 1338 971
f 973 1337 971
f 1339 1337 973
f 975 1339 973
f 1342 1339 975
f 1345 1342 975
f 976 1345 975
f 978 1345 976
f 1346 1345 978
f 980 1346 978
f 1348 1346 980
f 982 1348 980
f 1350 1348 982
f 1561 1165 1167
f 1562 1561 1167
f 1169 1562 1167
f 1564 1562 1169
f 1171 1564 1169
f 1174 1564 1171
f 1565 1564 1174
f 1568 1565 1174
f 1175 1568 1174
f 1571 1568 1175
f 1177 1571 1175
f 1573 1571 1177
f 1180 1573 1177
f 1575 1573 1180
f 1184 1575 1180
f 1577 1575 1184
f 1185 1577 1184
f 1579 1577 1185
f 1582 1579 1185
f 1584 1582 1185
f 1186 1584 1185
f 1587 1584 1186
f 1188 1587 1186
f 1588 1587 1188
f 1591 1588 1188
f 1189 1591 1188
f 1191 1591 1189
f 1592 1591 1191
f 1193 1592 1191
f 1195 1592 1193
f 1599 1592 1195
f 1196 1599 1195
f 1598 1599 1196
f 1601 1598 1196
f 1197 1601 1196
f 1200 1601 1197
f 1602 1601 1200
f 1607 1602 1200
f 1201 1607 1200
f 1608 1607 1201
f 1203 1608 1201
f 1215 1608 1203
f 1217 1608 1215
f 1606 1608 1217
f 1609 1606 1217
f 1611 1609 1217
f 1218 1611 1217
f 1613 1611 1218
f 1615 1613 1218
f 1220 1615 1218
f 1617 1615 1220
f 1222 1617 1220
f 1618 1617 1222
f 1226 1618 1222
f 1620 1618 1226
f 1622 1620 1226
f 1246 1622 1226
f 1247 1622 1246
f 1623 1622 1247
f 1249 1623 1247
f 1625 1623 1249
f 1627 1625 1249
f 1250 1627 1249
f 1629 1627 1250
f 1254 1629 1250
f 1630 1629 1254
f 1633 1630 1254
f 1255 1633 1254
f 1634 1633 1255
f 1257 1634 1255
f 1636 1634 1257
f 1259 1636 1257
f 1638 1636 1259
f 1641 1638 1259
f 1260 1641 1259
f 1262 1641 1260
f 1642 1641 1262
f 1645 1642 1262
f 1264 1645 1262
f 1647 1645 1264
f 1650 1647 1264
f 1265 1650 1264
f 1267 1650 1265
f 1649 1650 1267
f 1652 1649 1267
f 1655 1652 1267
f 1268 1655 1267
f 1657 1655 1268
f 1660 1657 1268
f 1270 1660 1268
f 1661 1660 1270
f 1664 1661 1270
f 1271 1664 1270
f 1274 1664 1271
f 1665 1664 1274
f 1284 1665 1274
f 1285 1665 1284
f 1667 1665 1285
f 1291 1667 1285
f 1292 1667 1291
f 1668 1667 1292
f 1671 1668 1292
f 1294 1671 1292
f 1673 1671 1294
f 1296 1673 1294
f 1675 1673 1296
f 1678 1675 1296
f 1297 1678 1296
f 1682 1678 1297
f 1300 1682 1297
f 1685 1682 1300
f 1301 1685 1300
f 1687 1685 1301
f 1303 1687 1301
f 1689 1687 1303
f 1305 1689 1303
f 1691 1689 1305
f 1306 1691 1305
f 1694 1691 1306
f 1308 1694 1306
f 1697 1694 1308
f 1310 1697 1308
f 1314 1697 1310
f 1698 1697 1314
f 1702 1698 1314
f 1316 1702 1314
f 1704 1702 1316
f 1317 1704 1316
f 1320 1704 1317
f 1703 1704 1320
f 1322 1703 1320
f 1705 1703 1322
f 1707 1705 1322
f 1323 1707 1322
f 1712 1707 1323
f 1324 1712 1323
f 1326 1712 1324
f 1714 1712 1326
f 1329 1714 1326
f 1715 1714 1329
f 1331 1715 1329
f 1717 1715 1331
f 1721 1717 1331
f 1332 1721 1331
f 1723 1721 1332
f 1334 1723 1332
f 1340 1723 1334
f 1722 1723 1340
f 1341 1722 1340
f 1724 1722 1341
f 1343 1724 1341
f 1726 1724 1343
f 1729 1726 1343
f 1344 1729 1343
f 1732 1729 1344
f 1347 1732 1344
f 1349 1732 1347
f 1735 1732 1349
f 1351 1735 1349
f 1738 1735 1351
f 1559 1165 1561
f 1163 1165 1559
f 1558 1163 1559
f 1161 1163 1558
f 1556 1161 1558
f 1160 1161 1556
f 1552 1160 1556
f 1551 1160 1552
f 1158 1160 1551
f 1548 1158 1551
f 1547 1158 1548
f 1156 1158 1547
f 1544 1156 1547
f 1155 1156 1544
f 1541 1155 1544
f 1539 1155 1541
f 1154 1155 1539
f 1151 1154 1539
f 1537 1151 1539
f 1149 1151 1537
f 1536 1149 1537
f 1147 1149 1536
f 1145 1147 1536
f 1535 1145 1536
f 1143 1145 1535
f 1141 1143 1535
f 1533 1141 1535
f 1140 1141 1533
f 1530 1140 1533
f 1528 1140 1530
f 1139 1140 1528
f 1526 1139 1528
f 1137 1139 1526
f 1523 1137 1526
f 1135 1137 1523
f 1521 1135 1523
f 1133 1135 1521
f 1520 1133 1521
f 1131 1133 1520
f 1511 1131 1520
f 1128 1131 1511
f 1516 1128 1511
f 1126 1128 1516
f 1125 1126 1516
f 1515 1125 1516
f 1120 1125 1515
f 1119 1120 1515
f 1514 1119 1515
f 1115 1119 1514
f 1513 1115 1514
f 1113 1115 1513
f 1112 1113 1513
f 1507 1112 1513
f 1505 1112 1507
f 1111 1112 1505
f 1502 1111 1505
f 1109 1111 1502
f 1500 1109 1502
f 1107 1109 1500
f 1498 1107 1500
f 1105 1107 1498
f 1497 1105 1498
f 1104 1105 1497
f 1495 1104 1497
f 1100 1104 1495
f 1493 1100 1495
f 1099 1100 1493
f 1491 1099 1493
f 1487 1099 1491
f 1485 1099 1487
f 1098 1099 1485
f 1484 1098 1485
f 1095 1098 1484
f 1093 1095 1484
f 1483 1093 1484
f 1091 1093 1483
f 1090 1091 1483
f 1480 1090 1483
f 1477 1090 1480
f 1088 1090 1477
f 1475 1088 1477
f 1086 1088 1475
f 1474 1086 1475
f 535 802 799
f 533 535 799
f 798 533 799
f 531 533 798
f 526 531 798
f 796 526 798
f 524 526 796
f 794 524 796
f 523 524 794
f 791 523 794
f 790 523 791
f 521 523 790
f 519 521 790
f 786 519 790
f 787 519 786
f 517 519 787
f 516 517 787
f 781 516 787
f 778 516 781
f 515 516 778
f 775 515 778
f 776 515 775
f 512 515 776
f 510 512 776
f 509 510 776
f 773 509 776
f 770 509 773
f 769 509 770
f 508 509 769
f 766 508 769
f 764 508 766
f 506 508 764
f 762 506 764
f 504 506 762
f 761 504 762
f 502 504 761
f 758 502 761
f 759 502 758
f 499 502 759
f 498 499 759
f 757 498 759
f 496 498 757
f 537 802 535
f 803 802 537
f 806 803 537
f 538 806 537
f 808 806 538
f 540 808 538
f 810 808 540
f 812 810 540
f 543 812 540
f 814 812 543
f 817 814 543
f 544 817 543
f 820 817 544
f 547 820 544
f 822 820 547
f 824 822 547
f 549 824 547
f 551 824 549
f 825 824 551
f 828 825 551
f 831 828 551
f 553 831 551
f 832 831 553
f 835 832 553
f 554 835 553
f 555 835 554
f 836 835 555
f 559 836 555
f 562 836 559
f 839 836 562
f 841 839 562
f 563 841 562
f 565 841 563
f 842 841 565
f 567 842 565
f 846 842 567
f 569 846 567
f 847 846 569
f 851 847 569
f 854 851 569
f 570 854 569
f 855 854 570
f 572 855 570
f 857 855 572
f 859 857 572
f 573 859 572
f 575 859 573
f 864 859 575
f 577 864 575
f 866 864 577
f 869 866 577
f 578 869 577
f 581 869 578
f 872 869 581
f 582 872 581
f 874 872 582
f 584 874 582
f 884 874 584
f 886 884 584
f 588 886 584
f 590 886 588
f 592 886 590
f 885 886 592
f 595 885 592
f 887 885 595
f 597 887 595
f 600 887 597
f 888 887 600
f 890 888 600
f 604 890 600
f 891 890 604
f 894 891 604
f 605 894 604
f 896 894 605
f 607 896 605
f 898 896 607
f 611 898 607
f 900 898 611
f 612 900 611
f 902 900 612
f 207 339 337
f 203 207 337
f 336 203 337
f 201 203 336
f 334 201 336
f 199 201 334
f 333 199 334
f 197 199 333
f 330 197 333
f 328 197 330
f 196 197 328
f 327 196 328
f 324 196 327
f 322 196 324
f 193 196 322
f 320 193 322
f 192 193 320
f 318 192 320
f 190 192 318
f 316 190 318
f 189 190 316
f 313 189 316
f 314 189 313
f 187 189 314
f 184 187 314
f 183 184 314
f 311 183 314
f 309 183 311
f 181 183 309
f 307 181 309
f 180 181 307
f 303 180 307
f 301 180 303
f 178 180 301
f 299 178 301
f 176 178 299
f 296 176 299
f 295 176 296
f 174 176 295
f 293 174 295
f 172 174 293
f 292 172 293
f 170 172 292
f 291 170 292
f 168 170 291
f 167 168 291
f 288 167 291
f 286 167 288
f 165 167 286
f 283 165 286
f 163 165 283
f 281 163 283
f 278 163 281
f 161 163 278
f 277 161 278
f 159 161 277
f 275 159 277
f 158 159 275
f 272 158 275
f 268 158 272
f 265 158 268
f 156 158 265
f 264 156 265
f 154 156 264
f 260 154 264
f 261 154 260
f 152 154 261
f 151 152 261
f 258 151 261
f 255 151 258
f 254 151 255
f 149 151 254
f 147 149 254
f 252 147 254
f 145 147 252
f 249 145 252
f 248 145 249
f 143 145 248
f 245 143 248
f 243 143 245
f 139 143 243
f 241 139 243
f 137 139 241
f 239 137 241
f 134 137 239
f 238 134 239
f 133 134 238
f 234 133 238
f 233 133 234
f 131 133 233
f 231 131 233
f 130 131 231
f 228 130 231
f 226 130 228
f 129 130 226
f 223 129 226
f 222 129 223
f 126 129 222
f 125 126 222
f 220 125 222
f 120 125 220
f 221 120 220
f 118 120 221
f 217 118 221
f 214 118 217
f 210 118 214
f 116 118 210
f 341 339 207
f 208 341 207
f 343 341 208
f 346 343 208
f 348 346 208
f 209 348 208
f 212 348 209
f 347 348 212
f 351 347 212
f 354 351 212
f 213 354 212
f 356 354 213
f 215 356 213
f 358 356 215
f 361 358 215
f 218 361 215
f 224 361 218
f 362 361 224
f 365 362 224
f 225 365 224
f 227 365 225
f 366 365 227
f 229 366 227
f 368 366 229
f 371 368 229
f 375 371 229
f 230 375 229
f 377 375 230
f 232 377 230
f 235 377 232
f 378 377 235
f 381 378 235
f 383 381 235
f 386 383 235
f 236 386 235
f 237 386 236
f 240 386 237
f 387 386 240
f 242 387 240
f 390 387 242
f 244 390 242
f 392 390 244
f 246 392 244
f 394 392 246
f 247 394 246
f 396 394 247
f 250 396 247
f 399 396 250
f 402 399 250
f 251 402 250
f 404 402 251
f 256 404 251
f 406 404 256
f 257 406 256
f 408 406 257
f 259 408 257
f 410 408 259
f 414 410 259
f 262 414 259
f 413 414 262
f 266 413 262
f 416 413 266
f 418 416 266
f 267 418 266
f 269 418 267
f 419 418 269
f 422 419 269
f 270 422 269
f 424 422 270
f 429 424 270
f 430 429 270
f 340 529 528
f 338 340 528
f 342 529 340
f 530 529 342
f 344 530 342
f 532 530 344
f 534 532 344
f 345 534 344
f 349 534 345
f 536 534 349
f 539 536 349
f 350 539 349
f 541 539 350
f 352 541 350
f 542 541 352
f 545 542 352
f 353 545 352
f 355 545 353
f 546 545 355
f 548 546 355
f 357 548 355
f 550 548 357
f 359 550 357
f 552 550 359
f 556 552 359
f 360 556 359
f 363 556 360
f 557 556 363
f 364 557 363
f 558 557 364
f 367 558 364
f 560 558 367
f 369 560 367
f 561 560 369
f 564 561 369
f 370 564 369
f 566 564 370
f 372 566 370
f 568 566 372
f 373 568 372
f 571 568 373
f 574 571 373
f 374 574 373
f 576 574 374
f 579 576 374
f 376 579 374
f 379 579 376
f 580 579 379
f 583 580 379
f 586 583 379
f 380 586 379
f 587 586 380
f 382 587 380
f 589 587 382
f 384 589 382
f 591 589 384
f 594 591 384
f 385 594 384
f 388 594 385
f 593 594 388
f 596 593 388
f 391 596 388
f 599 596 391
f 393 599 391
f 602 599 393
f 395 602 393
f 397 602 395
f 603 602 397
f 606 603 397
f 609 606 397
f 398 609 397
f 400 609 398
f 610 609 400
f 613 610 400
f 616 613 400
f 401 616 400
f 617 616 401
f 403 617 401
f 620 617 403
f 405 620 403
f 332 335 338
f 525 338 528
f 522 338 525
f 332 338 522
f 520 332 522
f 331 332 520
f 518 331 520
f 329 331 518
f 514 329 518
f 513 329 514
f 326 329 513
f 511 326 513
f 325 326 511
f 507 325 511
f 505 325 507
f 323 325 505
f 503 323 505
f 321 323 503
f 501 321 503
f 319 321 501
f 500 319 501
f 317 319 500
f 315 317 500
f 497 315 500
f 495 315 497
f 312 315 495
f 493 312 495
f 310 312 493
f 491 310 493
f 308 310 491
f 490 308 491
f 306 308 490
f 488 306 490
f 477 306 488
f 305 306 477
f 474 305 477
f 472 305 474
f 304 305 472
f 469 304 472
f 467 304 469
f 465 304 467
f 302 304 465
f 464 302 465
f 300 302 464
f 298 300 464
f 462 298 464
f 297 298 462
f 461 297 462
f 289 297 461
f 287 289 461
f 459 287 461
f 285 287 459
f 458 285 459
f 284 285 458
f 455 284 458
f 452 284 455
f 450 284 452
f 282 284 450
f 449 282 450
f 280 282 449
f 279 280 449
f 1624 1977 1978
f 1621 1624 1978
f 1619 1621 1978
f 1976 1619 1978
f 1616 1619 1976
f 1614 1616 1976
f 1974 1614 1976
f 1972 1614 1974
f 1612 1614 1972
f 1971 1612 1972
f 1610 1612 1971
f 1969 1610 1971
f 1962 1610 1969
f 1605 1610 1962
f 1604 1605 1962
f 1959 1604 1962
f 1958 1604 1959
f 1603 1604 1958
f 1597 1603 1958
f 1955 1597 1958
f 1952 1597 1955
f 1595 1597 1952
f 1950 1595 1952
f 1594 1595 1950
f 1947 1594 1950
f 1948 1594 1947
f 1589 1594 1948
f 1586 1589 1948
f 1585 1586 1948
f 1945 1585 1948
f 1942 1585 1945
f 1941 1585 1942
f 1583 1585 1941
f 1581 1583 1941
f 1939 1581 1941
f 1937 1581 1939
f 1580 1581 1937
f 1934 1580 1937
f 1932 1580 1934
f 1578 1580 1932
f 1930 1578 1932
f 1576 1578 1930
f 1927 1576 1930
f 1574 1576 1927
f 1925 1574 1927
f 1572 1574 1925
f 1923 1572 1925
f 1570 1572 1923
f 1922 1570 1923
f 1569 1570 1922
f 1919 1569 1922
f 1921 1569 1919
f 12844 1569 1921
f 12845 12844 1921
f 1555 12845 1921
f 1554 1555 1921
f 1920 1554 1921
f 1911 1554 1920
f 1553 1554 1911
f 1909 1553 1911
f 1910 1553 1909
f 1550 1553 1910
f 1549 1550 1910
f 1903 1549 1910
f 1901 1549 1903
f 12846 1549 1901
f 1897 12846 1901
f 1894 12846 1897
f 1545 12846 1894
f 1892 1545 1894
f 1543 1545 1892
f 1891 1543 1892
f 1542 1543 1891
f 1888 1542 1891
f 1885 1542 1888
f 1883 1542 1885
f 1540 1542 1883
f 1884 1540 1883
f 1538 1540 1884
f 1532 1538 1884
f 1531 1532 1884
f 1881 1531 1884
f 1880 1531 1881
f 1529 1531 1880
f 1626 1977 1624
f 1979 1977 1626
f 1985 1979 1626
f 1628 1985 1626
f 1631 1985 1628
f 1984 1985 1631
f 1986 1984 1631
f 1632 1986 1631
f 1988 1986 1632
f 1990 1988 1632
f 1635 1990 1632
f 1637 1990 1635
f 1991 1990 1637
f 1994 1991 1637
f 1639 1994 1637
f 1999 1994 1639
f 2004 1999 1639
f 1640 2004 1639
f 1643 2004 1640
f 2003 2004 1643
f 2006 2003 1643
f 1644 2006 1643
f 1646 2006 1644
f 2007 2006 1646
f 1648 2007 1646
f 1651 2007 1648
f 2008 2007 1651
f 1653 2008 1651
f 2009 2008 1653
f 1654 2009 1653
f 2010 2009 1654
f 2013 2010 1654
f 1656 2013 1654
f 2015 2013 1656
f 1658 2015 1656
f 2024 2015 1658
f 2025 2024 1658
f 2027 2025 1658
f 1659 2027 1658
f 1662 2027 1659
f 2028 2027 1662
f 2032 2028 1662
f 1663 2032 1662
f 1666 2032 1663
f 2033 2032 1666
f 1669 2033 1666
f 2034 2033 1669
f 2037 2034 1669
f 1670 2037 1669
f 2039 2037 1670
f 1672 2039 1670
f 2041 2039 1672
f 1674 2041 1672
f 1676 2041 1674
f 2042 2041 1676
f 2045 2042 1676
f 1677 2045 1676
f 2047 2045 1677
f 1679 2047 1677
f 2049 2047 1679
f 2052 2049 1679
f 1680 2052 1679
f 2054 2052 1680
f 1683 2054 1680
f 2057 2054 1683
f 2061 2057 1683
f 1684 2061 1683
f 1686 2061 1684
f 2063 2061 1686
f 1688 2063 1686
f 2064 2063 1688
f 1690 2064 1688
f 2066 2064 1690
f 1692 2066 1690
f 2067 2066 1692
f 2070 2067 1692
f 1693 2070 1692
f 1695 2070 1693
f 2071 2070 1695
f 2074 2071 1695
f 1699 2074 1695
f 2076 2074 1699
f 1700 2076 1699
f 2077 2076 1700
f 1708 2077 1700
f 2080 2077 1708
f 1709 2080 1708
f 2083 2080 1709
f 1710 2083 1709
f 2086 2083 1710
f 1711 2086 1710
f 2087 2086 1711
f 1713 2087 1711
f 1716 2087 1713
f 2092 2087 1716
f 1718 2092 1716
f 2093 2092 1718
f 1719 2093 1718
f 2097 2093 1719
f 1725 2097 1719
f 1727 2097 1725
f 2096 2097 1727
f 2099 2096 1727
f 1728 2099 1727
f 2101 2099 1728
f 1730 2101 1728
f 2103 2101 1730
f 1733 2103 1730
f 2105 2103 1733
f 1734 2105 1733
f 2108 2105 1734
f 1736 2108 1734
f 1740 2108 1736
f 1742 2108 1740
f 2109 2108 1742
f 1743 2109 1742
f 2111 2109 1743
f 1746 2111 1743
f 2113 2111 1746
f 2116 2113 1746
f 1747 2116 1746
f 2123 2116 1747
f 1749 2123 1747
f 2125 2123 1749
f 2128 2125 1749
f 2130 2128 1749
f 1750 2130 1749
f 1752 2130 1750
f 2131 2130 1752
f 2134 2131 1752
f 1753 2134 1752
f 2137 2134 1753
f 1757 2137 1753
f 2139 2137 1757
f 1758 2139 1757
f 1763 2139 1758
f 2143 2139 1763
f 2145 2143 1763
f 1764 2145 1763
f 2148 2145 1764
f 1767 2148 1764
f 1770 2148 1767
f 2149 2148 1770
f 1772 2149 1770
f 2151 2149 1772
f 1773 2151 1772
f 2153 2151 1773
f 1775 2153 1773
f 1777 2153 1775
f 2156 2153 1777
f 1779 2156 1777
f 2402 1973 1981
f 2401 2402 1981
f 2404 2401 1981
f 1982 2404 1981
f 2406 2404 1982
f 1987 2406 1982
f 2408 2406 1987
f 1989 2408 1987
f 1992 2408 1989
f 2409 2408 1992
f 2412 2409 1992
f 1993 2412 1992
f 1996 2412 1993
f 2413 2412 1996
f 2416 2413 1996
f 1997 2416 1996
f 2418 2416 1997
f 2421 2418 1997
f 1998 2421 1997
f 2423 2421 1998
f 2000 2423 1998
f 2001 2423 2000
f 2011 2423 2001
f 2422 2423 2011
f 2012 2422 2011
f 2424 2422 2012
f 2017 2424 2012
f 2426 2424 2017
f 2429 2426 2017
f 2018 2429 2017
f 2431 2429 2018
f 2435 2431 2018
f 2019 2435 2018
f 2021 2435 2019
f 2436 2435 2021
f 2440 2436 2021
f 2443 2440 2021
f 2022 2443 2021
f 2445 2443 2022
f 2023 2445 2022
f 2447 2445 2023
f 2026 2447 2023
f 2029 2447 2026
f 2448 2447 2029
f 2456 2448 2029
f 2458 2456 2029
f 2030 2458 2029
f 2035 2458 2030
f 2457 2458 2035
f 2460 2457 2035
f 2036 2460 2035
f 2463 2460 2036
f 2038 2463 2036
f 2465 2463 2038
f 2040 2465 2038
f 2043 2465 2040
f 2467 2465 2043
f 2470 2467 2043
f 2044 2470 2043
f 2472 2470 2044
f 2046 2472 2044
f 2482 2472 2046
f 2048 2482 2046
f 2483 2482 2048
f 2050 2483 2048
f 2485 2483 2050
f 2487 2485 2050
f 2490 2487 2050
f 2492 2490 2050
f 2051 2492 2050
f 2493 2492 2051
f 2053 2493 2051
f 2055 2493 2053
f 2494 2493 2055
f 2497 2494 2055
f 2056 2497 2055
f 2499 2497 2056
f 2058 2499 2056
f 2501 2499 2058
f 2505 2501 2058
f 2506 2505 2058
f 2060 2506 2058
f 12843 2506 2060
f 2068 2506 12843
f 2072 2506 2068
f 2504 2506 2072
f 2073 2504 2072
f 2503 2504 2073
f 2075 2503 2073
f 2078 2503 2075
f 2507 2503 2078
f 2509 2507 2078
f 2079 2509 2078
f 2081 2509 2079
f 2510 2509 2081
f 2514 2510 2081
f 2082 2514 2081
f 2084 2514 2082
f 2516 2514 2084
f 2519 2516 2084
f 2085 2519 2084
f 2089 2519 2085
f 2518 2519 2089
f 2521 2518 2089
f 2090 2521 2089
f 2094 2521 2090
f 2522 2521 2094
f 2525 2522 2094
f 2527 2525 2094
f 2095 2527 2094
f 2529 2527 2095
f 2098 2529 2095
f 2531 2529 2098
f 2100 2531 2098
f 2102 2531 2100
f 2532 2531 2102
f 2104 2532 2102
f 2106 2532 2104
f 2533 2532 2106
f 2535 2533 2106
f 2107 2535 2106
f 2110 2535 2107
f 2536 2535 2110
f 2112 2536 2110
f 2538 2536 2112
f 2114 2538 2112
f 2118 2538 2114
f 2539 2538 2118
f 2541 2539 2118
f 2119 2541 2118
f 2543 2541 2119
f 2488 2543 2119
f 2120 2488 2119
f 2486 2488 2120
f 2121 2486 2120
f 2484 2486 2121
f 2551 2484 2121
f 2122 2551 2121
f 2480 2551 2122
f 2124 2480 2122
f 2479 2480 2124
f 2126 2479 2124
f 2478 2479 2126
f 2553 2478 2126
f 2127 2553 2126
f 2554 2553 2127
f 2129 2554 2127
f 2132 2554 2129
f 2556 2554 2132
f 2558 2556 2132
f 2133 2558 2132
f 2560 2558 2133
f 2135 2560 2133
f 2562 2560 2135
f 2136 2562 2135
f 2140 2562 2136
f 2563 2562 2140
f 2565 2563 2140
f 2141 2565 2140
f 2577 2565 2141
f 2578 2577 2141
f 2142 2578 2141
f 2581 2578 2142
f 2144 2581 2142
f 2583 2581 2144
f 2146 2583 2144
f 1970 1973 2402
f 1968 1970 2402
f 2398 1968 2402
f 1967 1968 2398
f 2395 1967 2398
f 2393 1967 2395
f 1966 1967 2393
f 2391 1966 2393
f 1963 1966 2391
f 2387 1963 2391
f 2386 1963 2387
f 1960 1963 2386
f 2382 1960 2386
f 2886 2400 2403
f 2405 2886 2403
f 2399 2400 2886
f 2884 2399 2886
f 2396 2399 2884
f 2882 2396 2884
f 2394 2396 2882
f 2880 2394 2882
f 2392 2394 2880
f 2878 2392 2880
f 2390 2392 2878
f 2876 2390 2878
f 2389 2390 2876
f 2874 2389 2876
f 2388 2389 2874
f 2405 2890 2886
f 2407 2890 2405
f 2410 2890 2407
f 2891 2890 2410
f 2893 2891 2410
f 2411 2893 2410
f 2896 2893 2411
f 2414 2896 2411
f 2897 2896 2414
f 2900 2897 2414
f 2903 2900 2414
f 2415 2903 2414
f 2905 2903 2415
f 2417 2905 2415
f 2906 2905 2417
f 2419 2906 2417
f 2908 2906 2419
f 2425 2908 2419
f 2427 2908 2425
f 2910 2908 2427
f 2912 2910 2427
f 2428 2912 2427
f 2914 2912 2428
f 2430 2914 2428
f 2432 2914 2430
f 2916 2914 2432
f 2920 2916 2432
f 2433 2920 2432
f 2921 2920 2433
f 2437 2921 2433
f 2923 2921 2437
f 2438 2923 2437
f 2925 2923 2438
f 2928 2925 2438
f 2439 2928 2438
f 2441 2928 2439
f 2929 2928 2441
f 2933 2929 2441
f 2936 2933 2441
f 2442 2936 2441
f 2444 2936 2442
f 2937 2936 2444
f 2446 2937 2444
f 2449 2937 2446
f 2451 2937 2449
f 2935 2937 2451
f 2938 2935 2451
f 2940 2938 2451
f 2944 2940 2451
f 2452 2944 2451
f 2945 2944 2452
f 2454 2945 2452
f 2947 2945 2454
f 12840 2947 2454
f 12838 2947 12840
f 2580 2947 12838
f 2948 2947 2580
f 2582 2948 2580
f 2585 2948 2582
f 2949 2948 2585
f 2950 2949 2585
f 2586 2950 2585
f 2952 2950 2586
f 2592 2952 2586
f 2953 2952 2592
f 2593 2953 2592
f 2954 2953 2593
f 2956 2954 2593
f 2960 2956 2593
f 2594 2960 2593
f 2596 2960 2594
f 2961 2960 2596
f 2598 2961 2596
f 2963 2961 2598
f 2374 1949 1951
f 2375 2374 1951
f 1953 2375 1951
f 2377 2375 1953
f 1954 2377 1953
f 1956 2377 1954
f 2380 2377 1956
f 2383 2380 1956
f 1957 2383 1956
f 1960 2383 1957
f 2370 1949 2374
f 2369 1949 2370
f 1946 1949 2369
f 2367 1946 2369
f 1944 1946 2367
f 2365 1944 2367
f 1943 1944 2365
f 2361 1943 2365
f 2362 1943 2361
f 1940 1943 2362
f 1938 1940 2362
f 2359 1938 2362
f 1936 1938 2359
f 2357 1936 2359
f 1935 1936 2357
f 2354 1935 2357
f 2352 1935 2354
f 1933 1935 2352
f 2349 1933 2352
f 2347 1933 2349
f 1931 1933 2347
f 2345 1931 2347
f 1929 1931 2345
f 2343 1929 2345
f 1928 1929 2343
f 2342 1928 2343
f 1926 1928 2342
f 1917 1926 2342
f 2339 1917 2342
f 1916 1917 2339
f 2336 1916 2339
f 2335 1916 2336
f 1913 1916 2335
f 1907 1913 2335
f 2333 1907 2335
f 1906 1907 2333
f 2327 1906 2333
f 2325 1906 2327
f 1905 1906 2325
f 2324 1905 2325
f 1902 1905 2324
f 1900 1902 2324
f 2322 1900 2324
f 2320 1900 2322
f 1899 1900 2320
f 2318 1899 2320
f 2316 1899 2318
f 1898 1899 2316
f 2314 1898 2316
f 2312 1898 2314
f 1896 1898 2312
f 1895 1896 2312
f 2307 1895 2312
f 2306 1895 2307
f 2304 1895 2306
f 1893 1895 2304
f 2303 1893 2304
f 1890 1893 2303
f 1889 1890 2303
f 2302 1889 2303
f 2293 1889 2302
f 1887 1889 2293
f 2291 1887 2293
f 1886 1887 2291
f 2289 1886 2291
f 2286 1886 2289
f 2287 1886 2286
f 1882 1886 2287
f 1879 1882 2287
f 1878 1879 2287
f 2284 1878 2287
f 2282 1878 2284
f 1877 1878 2282
f 2279 1877 2282
f 2278 1877 2279
f 1875 1877 2278
f 1873 1875 2278
f 1872 1873 2278
f 2275 1872 2278
f 2273 1872 2275
f 2271 1872 2273
f 1870 1872 2271
f 2272 1870 2271
f 1868 1870 2272
f 1867 1868 2272
f 2260 1867 2272
f 2259 1867 2260
f 1865 1867 2259
f 1864 1865 2259
f 2257 1864 2259
f 1860 1864 2257
f 2255 1860 2257
f 1858 1860 2255
f 2252 1858 2255
f 904 899 901
f 908 904 901
f 924 612 614
f 923 924 614
f 925 923 614
f 615 925 614
f 927 925 615
f 618 927 615
f 928 927 618
f 932 928 618
f 619 932 618
f 934 932 619
f 621 934 619
f 936 934 621
f 623 936 621
f 937 936 623
f 941 937 623
f 944 941 623
f 624 944 623
f 946 944 624
f 948 946 624
f 625 948 624
f 950 948 625
f 627 950 625
f 951 950 627
f 638 951 627
f 640 951 638
f 953 951 640
f 956 953 640
f 641 956 640
f 958 956 641
f 959 958 641
f 12872 959 641
f 962 959 12872
f 965 962 12872
f 12871 965 12872
f 967 965 12871
f 649 967 12871
f 969 967 649
f 650 969 649
f 970 969 650
f 652 970 650
f 12870 970 652
f 972 970 12870
f 974 972 12870
f 659 974 12870
f 977 974 659
f 660 977 659
f 979 977 660
f 661 979 660
f 902 612 924
f 902 924 921
f 919 902 921
f 915 902 919
f 916 915 919
f 901 902 915
f 685 441 442
f 687 685 442
f 444 687 442
f 446 687 444
f 689 687 446
f 447 689 446
f 691 689 447
f 694 691 447
f 451 694 447
f 696 694 451
f 453 696 451
f 698 696 453
f 701 698 453
f 704 701 453
f 454 704 453
f 706 704 454
f 456 706 454
f 468 706 456
f 708 706 468
f 470 708 468
f 710 708 470
f 471 710 470
f 712 710 471
f 473 712 471
f 717 712 473
f 475 717 473
f 719 717 475
f 478 719 475
f 721 719 478
f 480 721 478
f 722 721 480
f 725 722 480
f 482 725 480
f 727 725 482
f 681 441 685
f 682 441 681
f 438 441 682
f 680 438 682
f 436 438 680
f 678 436 680
f 435 436 678
f 675 435 678
f 673 435 675
f 433 435 673
f 672 433 673
f 431 433 672
f 670 431 672
f 428 431 670
f 427 428 670
f 668 427 670
f 665 427 668
f 664 427 665
f 426 427 664
f 425 426 664
f 657 425 664
f 655 425 657
f 423 425 655
f 653 423 655
f 421 423 653
f 651 421 653
f 420 421 651
f 648 420 651
f 646 420 648
f 417 420 646
f 415 417 646
f 644 415 646
f 412 415 644
f 635 412 644
f 633 412 635
f 411 412 633
f 632 411 633
f 409 411 632
f 407 409 632
f 630 407 632
f 405 407 630
f 626 405 630
f 622 405 626
f 620 405 622
f 276 443 439
f 274 276 439
f 437 274 439
f 273 274 437
f 434 273 437
f 432 273 434
f 271 273 432
f 430 271 432
f 270 271 430
f 279 443 276
f 449 443 279
f 445 443 449
f 1030 684 686
f 1033 1030 686
f 688 1033 686
f 690 1033 688
f 1034 1033 690
f 1036 1034 690
f 692 1036 690
f 1039 1036 692
f 1037 1039 692
f 693 1037 692
f 1040 1037 693
f 695 1040 693
f 1042 1040 695
f 1044 1042 695
f 697 1044 695
f 1046 1044 697
f 699 1046 697
f 1048 1046 699
f 1051 1048 699
f 700 1051 699
f 1053 1051 700
f 702 1053 700
f 1054 1053 702
f 1057 1054 702
f 1060 1057 702
f 703 1060 702
f 1062 1060 703
f 705 1062 703
f 709 1062 705
f 713 1062 709
f 1061 1062 713
f 1064 1061 713
f 1066 1064 713
f 714 1066 713
f 1068 1066 714
f 1071 1068 714
f 715 1071 714
f 1073 1071 715
f 1076 1073 715
f 716 1076 715
f 718 1076 716
f 1078 1076 718
f 720 1078 718
f 723 1078 720
f 1077 1078 723
f 1080 1077 723
f 729 1080 723
f 1082 1080 729
f 1022 683 684
f 1023 1022 684
f 1030 1023 684
f 1019 683 1022
f 1017 683 1019
f 679 683 1017
f 1015 679 1017
f 677 679 1015
f 1013 677 1015
f 676 677 1013
f 1010 676 1013
f 1007 676 1010
f 674 676 1007
f 1005 674 1007
f 671 674 1005
f 1004 671 1005
f 669 671 1004
f 1002 669 1004
f 1000 669 1002
f 667 669 1000
f 998 667 1000
f 666 667 998
f 996 666 998
f 993 666 996
f 992 666 993
f 663 666 992
f 662 663 992
f 990 662 992
f 988 662 990
f 661 662 988
f 986 661 988
f 979 661 986
f 985 979 986
f 1390 1020 1021
f 1392 1390 1021
f 1024 1392 1021
f 1026 1392 1024
f 1393 1392 1026
f 12891 1393 1026
f 1027 12891 1026
f 1028 12892 1027
f 1029 12892 1028
f 1397 12892 1029
f 1395 1397 1029
f 1031 1395 1029
f 1398 1395 1031
f 1035 1398 1031
f 1404 1401 1038
f 1041 1404 1038
f 1415 1404 1041
f 1043 1415 1041
f 1417 1415 1043
f 1045 1417 1043
f 1418 1417 1045
f 1047 1418 1045
f 1421 1418 1047
f 1049 1421 1047
f 1423 1421 1049
f 1426 1423 1049
f 1050 1426 1049
f 1428 1426 1050
f 1052 1428 1050
f 1055 1428 1052
f 1429 1428 1055
f 1433 1429 1055
f 1056 1433 1055
f 1435 1433 1056
f 1058 1435 1056
f 1438 1435 1058
f 1441 1438 1058
f 1059 1441 1058
f 1063 1441 1059
f 1440 1441 1063
f 1443 1440 1063
f 1065 1443 1063
f 1445 1443 1065
f 1067 1445 1065
f 1447 1445 1067
f 1069 1447 1067
f 1449 1447 1069
f 1459 1449 1069
f 1070 1459 1069
f 1072 1459 1070
f 1458 1459 1072
f 1460 1458 1072
f 1074 1460 1072
f 1462 1460 1074
f 1464 1462 1074
f 1075 1464 1074
f 1079 1464 1075
f 1081 1464 1079
f 1463 1464 1081
f 1083 1463 1081
f 1465 1463 1083
f 1085 1465 1083
f 1467 1465 1085
f 1086 1467 1085
f 1474 1467 1086
f 1472 1467 1474
f 1456 1467 1472
f 1466 1467 1456
f 1389 1020 1390
f 1018 1020 1389
f 1388 1018 1389
f 1016 1018 1388
f 1014 1016 1388
f 1387 1014 1388
f 1012 1014 1387
f 1011 1012 1387
f 1384 1011 1387
f 1383 1011 1384
f 1009 1011 1383
f 12893 1009 1383
f 1008 1009 12893
f 12894 1008 12893
f 1380 1008 12894
f 1006 1008 1380
f 1379 1006 1380
f 1003 1006 1379
f 1001 1003 1379
f 1376 1001 1379
f 1374 1001 1376
f 1372 1001 1374
f 999 1001 1372
f 1370 999 1372
f 997 999 1370
f 1368 997 1370
f 1366 997 1368
f 995 997 1366
f 1364 995 1366
f 994 995 1364
f 1362 994 1364
f 989 994 1362
f 1361 989 1362
f 987 989 1361
f 983 987 1361
f 1359 983 1361
f 984 983 1359
f 1355 984 1359
f 12895 1436 1437
f 1785 12895 1437
f 1439 1785 1437
f 1783 1785 1439
f 1442 1783 1439
f 1786 1783 1442
f 1444 1786 1442
f 1787 1786 1444
f 1446 1787 1444
f 1789 1787 1446
f 1792 1789 1446
f 1795 1792 1446
f 1448 1795 1446
f 1797 1795 1448
f 1450 1797 1448
f 1452 1797 1450
f 1798 1797 1452
f 1802 1798 1452
f 1453 1802 1452
f 1805 1802 1453
f 1468 1805 1453
f 1470 1805 1468
f 1806 1805 1470
f 1809 1806 1470
f 1471 1809 1470
f 1781 1436 12895
f 1780 1436 1781
f 12847 1436 1780
f 1410 12847 1780
f 1409 1410 1780
f 1782 1409 1780
f 12896 1409 1782
f 12897 1409 12896
f 1407 1409 12897
f 1776 1377 1778
f 1774 1377 1776
f 1375 1377 1774
f 1771 1375 1774
f 1373 1375 1771
f 1769 1373 1771
f 1371 1373 1769
f 1768 1371 1769
f 1369 1371 1768
f 1766 1369 1768
f 1367 1369 1766
f 1765 1367 1766
f 1365 1367 1765
f 1363 1365 1765
f 1762 1363 1765
f 1761 1363 1762
f 1360 1363 1761
f 1358 1360 1761
f 1760 1358 1761
f 1357 1358 1760
f 1756 1357 1760
f 1755 1357 1756
f 1793 2161 2157
f 1791 1793 2157
f 2159 1791 2157
f 1790 1791 2159
f 2164 2161 1793
f 1794 2164 1793
f 1799 2164 1794
f 2165 2164 1799
f 2168 2165 1799
f 1800 2168 1799
f 2170 2168 1800
f 1801 2170 1800
f 2173 2170 1801
f 1803 2173 1801
f 2174 2173 1803
f 1807 2174 1803
f 2176 2174 1807
f 1808 2176 1807
f 2177 2176 1808
f 1810 2177 1808
f 2179 2177 1810
f 1812 2179 1810
f 2180 2179 1812
f 2183 2180 1812
f 1813 2183 1812
f 2186 2183 1813
f 1814 2186 1813
f 2601 2158 2160
f 2602 2601 2160
f 2606 2602 2160
f 2162 2606 2160
f 2620 2606 2162
f 2163 2620 2162
f 2621 2620 2163
f 2166 2621 2163
f 2622 2621 2166
f 2624 2622 2166
f 2627 2624 2166
f 2167 2627 2166
f 2169 2627 2167
f 2628 2627 2169
f 2171 2628 2169
f 2181 2628 2171
f 2630 2628 2181
f 2182 2630 2181
f 2631 2630 2182
f 2184 2631 2182
f 2633 2631 2184
f 2189 2633 2184
f 2635 2633 2189
f 2638 2635 2189
f 2190 2638 2189
f 2640 2638 2190
f 2192 2640 2190
f 2643 2640 2192
f 2193 2643 2192
f 2645 2643 2193
f 2649 2645 2193
f 2195 2649 2193
f 2650 2649 2195
f 2196 2650 2195
f 2203 2650 2196
f 2651 2650 2203
f 2205 2651 2203
f 2652 2651 2205
f 2209 2652 2205
f 2654 2652 2209
f 2656 2654 2209
f 2210 2656 2209
f 2658 2656 2210
f 2212 2658 2210
f 2660 2658 2212
f 2664 2660 2212
f 2213 2664 2212
f 2665 2664 2213
f 2215 2665 2213
f 2667 2665 2215
f 2217 2667 2215
f 2222 2667 2217
f 2666 2667 2222
f 2224 2666 2222
f 2669 2666 2224
f 2670 2669 2224
f 2674 2670 2224
f 2225 2674 2224
f 2676 2674 2225
f 2679 2676 2225
f 2226 2679 2225
f 2680 2679 2226
f 2683 2680 2226
f 2229 2683 2226
f 2231 2683 2229
f 2232 2683 2231
f 2685 2683 2232
f 2687 2685 2232
f 2235 2687 2232
f 2689 2687 2235
f 2692 2689 2235
f 2236 2692 2235
f 2238 2692 2236
f 2241 2692 2238
f 2691 2692 2241
f 2243 2691 2241
f 2245 2691 2243
f 2690 2691 2245
f 2694 2690 2245
f 2246 2694 2245
f 2250 2694 2246
f 2695 2694 2250
f 2698 2695 2250
f 2251 2698 2250
f 2253 2698 2251
f 2699 2698 2253
f 2702 2699 2253
f 2254 2702 2253
f 2703 2702 2254
f 2256 2703 2254
f 2264 2703 2256
f 2707 2703 2264
f 2704 2703 2707
f 2605 2606 2620
f 2608 2605 2620
f 2619 2608 2620
f 727 735 726
f 741 735 727
f 743 741 727
f 482 743 727
f 483 743 482
f 744 743 483
f 484 744 483
f 746 744 484
f 486 746 484
f 748 746 486
f 487 748 486
f 750 748 487
f 489 750 487
f 492 750 489
f 494 750 492
f 751 750 494
f 496 751 494
f 757 751 496
f 753 751 757
f 1822 1479 1481
f 1824 1822 1481
f 1482 1824 1481
f 1486 1824 1482
f 1825 1824 1486
f 1829 1825 1486
f 1488 1829 1486
f 1830 1829 1488
f 1833 1830 1488
f 1489 1833 1488
f 1835 1833 1489
f 1838 1835 1489
f 1490 1838 1489
f 1839 1838 1490
f 1842 1839 1490
f 1492 1842 1490
f 1844 1842 1492
f 1494 1844 1492
f 1846 1844 1494
f 1496 1846 1494
f 1499 1846 1496
f 1845 1846 1499
f 1501 1845 1499
f 1848 1845 1501
f 1503 1848 1501
f 1850 1848 1503
f 1853 1850 1503
f 1504 1853 1503
f 1855 1853 1504
f 1509 1855 1504
f 1856 1855 1509
f 1510 1856 1509
f 1518 1856 1510
f 1857 1856 1518
f 1859 1857 1518
f 1519 1859 1518
f 1862 1859 1519
f 1522 1862 1519
f 1524 1862 1522
f 1863 1862 1524
f 1866 1863 1524
f 1869 1866 1524
f 1525 1869 1524
f 1871 1869 1525
f 1874 1871 1525
f 1527 1874 1525
f 1529 1874 1527
f 1880 1874 1529
f 1876 1874 1880
f 1820 1479 1822
f 1478 1479 1820
f 1818 1478 1820
f 1476 1478 1818
f 1816 1476 1818
f 2201 1819 1821
f 1826 2201 1821
f 2202 2201 1826
f 2204 2202 1826
f 1827 2204 1826
f 2206 2204 1827
f 1828 2206 1827
f 2208 2206 1828
f 1831 2208 1828
f 2199 1819 2201
f 1817 1819 2199
f 2200 1817 2199
f 1814 1817 2200
f 2198 1814 2200
f 2186 1814 2198
f 2187 2186 2198
f 2191 2187 2198
f 2194 2191 2198
f 2211 2207 2208
f 2216 2211 2208
f 1831 2216 2208
f 2218 2216 1831
f 1832 2218 1831
f 2221 2218 1832
f 1834 2221 1832
f 2228 2221 1834
f 1836 2228 1834
f 2230 2228 1836
f 2234 2230 1836
f 1837 2234 1836
f 1840 2234 1837
f 2233 2234 1840
f 2237 2233 1840
f 1841 2237 1840
f 2239 2237 1841
f 1843 2239 1841
f 1847 2239 1843
f 2240 2239 1847
f 1849 2240 1847
f 2242 2240 1849
f 1851 2242 1849
f 2244 2242 1851
f 2247 2244 1851
f 1852 2247 1851
f 2249 2247 1852
f 1854 2249 1852
f 1858 2249 1854
f 2252 2249 1858
f 2248 2249 2252
f 1816 1471 1476
f 1809 1471 1816
f 3859 3446 3448
f 3450 3859 3448
f 3454 3859 3450
f 3858 3859 3454
f 3456 3858 3454
f 3860 3858 3456
f 3458 3860 3456
f 3862 3860 3458
f 3872 3862 3458
f 3459 3872 3458
f 3873 3872 3459
f 3876 3873 3459
f 3460 3876 3459
f 3878 3876 3460
f 3463 3878 3460
f 3466 3878 3463
f 3880 3878 3466
f 3883 3880 3466
f 3467 3883 3466
f 3884 3883 3467
f 3887 3884 3467
f 3468 3887 3467
f 3889 3887 3468
f 3469 3889 3468
f 3891 3889 3469
f 3471 3891 3469
f 12832 3891 3471
f 3473 12832 3471
f 12833 12832 3473
f 3854 3446 3859
f 3853 3446 3854
f 3444 3446 3853
f 3851 3444 3853
f 3442 3444 3851
f 3849 3442 3851
f 3441 3442 3849
f 3846 3441 3849
f 3847 3441 3846
f 3437 3441 3847
f 3435 3437 3847
f 3845 3435 3847
f 3433 3435 3845
f 3432 3433 3845
f 3843 3432 3845
f 3833 3843 3840
f 3836 3833 3840
f 3830 3833 3836
f 3432 3843 3833
f 3832 3432 3833
f 3428 3432 3832
f 3831 3428 3832
f 3427 3428 3831
f 3828 3427 3831
f 3826 3427 3828
f 3425 3427 3826
f 3825 3425 3826
f 3422 3425 3825
f 3421 3422 3825
f 3822 3421 3825
f 3821 3421 3822
f 3419 3421 3821
f 3417 3419 3821
f 3819 3417 3821
f 3416 3417 3819
f 3816 3416 3819
f 3815 3416 3816
f 3414 3416 3815
f 3412 3414 3815
f 3813 3412 3815
f 3411 3412 3813
f 3810 3411 3813
f 3808 3411 3810
f 3409 3411 3808
f 3806 3409 3808
f 3803 3409 3806
f 3804 3409 3803
f 3405 3409 3804
f 3402 3405 3804
f 3400 3402 3804
f 3802 3400 3804
f 3399 3400 3802
f 3799 3399 3802
f 3797 3399 3799
f 3397 3399 3797
f 3793 3397 3797
f 3395 3397 3793
f 3791 3395 3793
f 3394 3395 3791
f 3788 3394 3791
f 3785 3394 3788
f 3783 3394 3785
f 3392 3394 3783
f 3781 3392 3783
f 3780 3392 3781
f 3389 3392 3780
f 3388 3389 3780
f 3776 3388 3780
f 3774 3388 3776
f 3386 3388 3774
f 3771 3386 3774
f 3769 3386 3771
f 3384 3386 3769
f 3768 3384 3769
f 3382 3384 3768
f 3380 3382 3768
f 3764 3380 3768
f 3761 3380 3764
f 3378 3380 3761
f 12898 3378 3761
f 3763 12898 3761
f 4673 4249 4250
f 4675 4673 4250
f 4252 4675 4250
f 4677 4675 4252
f 4266 4677 4252
f 4267 4677 4266
f 4284 4677 4267
f 4676 4677 4284
f 4287 4676 4284
f 4678 4676 4287
f 4680 4678 4287
f 4288 4680 4287
f 4684 4680 4288
f 4670 4249 4673
f 4668 4249 4670
f 4245 4249 4668
f 4664 4245 4668
f 4246 4245 4664
f 4666 4246 4664
f 12780 12778 12899
f 12782 12780 12899
f 6339 6731 6732
f 6338 6339 6732
f 6733 6338 6732
f 12749 6338 6733
f 12750 12749 6733
f 6327 12750 6733
f 6728 6327 6733
f 6325 6327 6728
f 6730 6325 6728
f 6343 6731 6339
f 6345 6731 6343
f 6734 6731 6345
f 12900 6734 6345
f 12901 12900 6345
f 6346 12901 6345
f 3009 3018 3008
f 2636 3018 3009
f 2634 2636 3009
f 3005 2634 3009
f 3006 2634 3005
f 2632 2634 3006
f 2629 2632 3006
f 2625 2629 3006
f 3004 2625 3006
f 3002 2625 3004
f 2623 2625 3002
f 3003 2623 3002
f 2617 2623 3003
f 2616 2617 3003
f 2997 2616 3003
f 2991 2616 2997
f 2614 2616 2991
f 2990 2614 2991
f 2613 2614 2990
f 2987 2613 2990
f 2984 2613 2987
f 2982 2613 2984
f 2980 2613 2982
f 2612 2613 2980
f 2977 2612 2980
f 2978 2612 2977
f 2610 2612 2978
f 2609 2610 2978
f 4276 3811 3812
f 4275 4276 3812
f 3814 4275 3812
f 3817 4275 3814
f 4274 4275 3817
f 4277 4274 3817
f 3818 4277 3817
f 4279 4277 3818
f 3820 4279 3818
f 3823 4279 3820
f 4278 4279 3823
f 3827 4278 3823
f 4281 4278 3827
f 4264 3811 4276
f 4262 3811 4264
f 3809 3811 4262
f 4257 3809 4262
f 3807 3809 4257
f 4258 3807 4257
f 3805 3807 4258
f 4261 3805 4258
f 3801 3805 4261
f 3800 3801 4261
f 4260 3800 4261
f 4259 4244 4242
f 4260 4259 4242
f 3800 4260 4242
f 4241 3800 4242
f 3798 3800 4241
f 4237 3798 4241
f 4247 4244 4259
f 4229 3796 3798
f 4237 4229 3798
f 4239 4229 4237
f 4227 3796 4229
f 3795 3796 4227
f 4224 3795 4227
f 4222 3795 4224
f 3794 3795 4222
f 4219 3794 4222
f 4217 3794 4219
f 3792 3794 4217
f 4214 3792 4217
f 3790 3792 4214
f 4210 3790 4214
f 3789 3790 4210
f 4212 3789 4210
f 12902 3789 4212
f 3787 3789 12902
f 4209 3787 12902
f 4207 3787 4209
f 3786 3787 4207
f 3784 3786 4207
f 4204 3784 4207
f 3782 3784 4204
f 4201 3782 4204
f 3779 3782 4201
f 3778 3779 4201
f 4200 3778 4201
f 4198 3778 4200
f 3777 3778 4198
f 4195 3777 4198
f 4194 3777 4195
f 3775 3777 4194
f 3773 3775 4194
f 4192 3773 4194
f 3772 3773 4192
f 4188 3772 4192
f 3770 3772 4188
f 4190 3770 4188
f 3767 3770 4190
f 3766 3767 4190
f 4236 4232 4229
f 12747 4234 4235
f 12903 12747 4235
f 12748 12747 12903
f 12745 4234 12747
f 12743 4234 12745
f 6752 4234 12743
f 4233 4234 6752
f 6750 4233 6752
f 6747 4233 6750
f 4231 4233 6747
f 6745 4231 6747
f 4230 4231 6745
f 6742 4230 6745
f 6741 4230 6742
f 6739 12904 12777
f 6741 6739 12777
f 6738 12904 6739
f 6741 12777 12776
f 12776 4223 4225
f 6741 12776 4225
f 4230 6741 4225
f 12779 4223 12776
f 12818 4223 12779
f 4221 4223 12818
f 12800 4221 12818
f 12798 4221 12800
f 4220 4221 12798
f 12793 4220 12798
f 12792 4220 12793
f 4218 4220 12792
f 12790 4218 12792
f 4216 4218 12790
f 12788 4216 12790
f 4215 4216 12788
f 12787 4215 12788
f 12905 4215 12787
f 4213 4215 12905
f 4661 12906 4663
f 12907 12906 4661
f 4659 12907 4661
f 4187 12907 4659
f 4657 4187 4659
f 4186 4187 4657
f 4655 4186 4657
f 4185 4186 4655
f 4654 4185 4655
f 4181 4185 4654
f 4180 4181 4654
f 4652 4180 4654
f 4177 4180 4652
f 4650 4177 4652
f 4175 4177 4650
f 4173 4175 4650
f 4647 4173 4650
f 4646 4173 4647
f 2608 2619 2615
f 2611 2608 2615
f 2971 2607 2609
f 2978 2971 2609
f 2973 2971 2978
f 2970 2607 2971
f 2604 2607 2970
f 2603 2604 2970
f 2967 2603 2970
f 2964 2603 2967
f 2599 2603 2964
f 2600 2599 2964
f 2966 2600 2964
f 6519 12462 12460
f 12458 6519 12460
f 6517 6519 12458
f 12456 6517 12458
f 6516 6517 12456
f 12454 6516 12456
f 6515 6516 12454
f 12451 6515 12454
f 12450 6515 12451
f 6513 6515 12450
f 6511 6513 12450
f 6510 6511 12450
f 12449 6510 12450
f 12446 6510 12449
f 12443 6510 12446
f 6509 6510 12443
f 12441 6509 12443
f 12440 6509 12441
f 6508 6509 12440
f 12438 6508 12440
f 12908 6508 12438
f 6506 6508 12908
f 12909 6506 12908
f 6504 6506 12909
f 6840 6504 12909
f 12471 12462 6519
f 6520 12471 6519
f 6523 12471 6520
f 6525 12471 6523
f 12470 12471 6525
f 12474 12470 6525
f 6526 12474 6525
f 12478 12474 6526
f 6527 12478 6526
f 12480 12478 6527
f 6529 12480 6527
f 6090 12481 12480
f 6088 6090 12480
f 6529 6088 12480
f 12742 6088 6529
f 6087 6088 12742
f 12584 6087 12742
f 6086 6087 12584
f 12582 6086 12584
f 12580 6086 12582
f 6084 6086 12580
f 6083 6084 12580
f 12578 6083 12580
f 12752 6083 12578
f 12574 12752 12578
f 12572 12752 12574
f 12565 12752 12572
f 6078 12752 12565
f 6076 6078 12565
f 12564 6076 12565
f 6075 6076 12564
f 12561 6075 12564
f 12559 6075 12561
f 6073 6075 12559
f 12557 6073 12559
f 6072 6073 12557
f 12556 6072 12557
f 6067 6072 12556
f 6066 6067 12556
f 12553 6066 12556
f 12551 6066 12553
f 6065 6066 12551
f 12548 6065 12551
f 12546 6065 12548
f 6064 6065 12546
f 12543 6064 12546
f 12542 6064 12543
f 6062 6064 12542
f 6061 6062 12542
f 12540 6061 12542
f 12529 6061 12540
f 12530 6061 12529
f 6059 6061 12530
f 6057 6059 12530
f 6056 6057 12530
f 12525 6056 12530
f 12527 6056 12525
f 6050 6056 12527
f 6051 6050 12527
f 6094 12481 6090
f 12483 12481 6094
f 12874 12483 6094
f 6095 12874 6094
f 6129 6524 6522
f 6127 6129 6522
f 6521 6127 6522
f 6125 6127 6521
f 6124 6125 6521
f 6130 6524 6129
f 3745 4178 4179
f 3744 3745 4179
f 4176 3744 4179
f 4174 3744 4176
f 3742 3744 4174
f 4172 3742 4174
f 3740 3742 4172
f 3737 3740 4172
f 4169 3737 4172
f 3735 3737 4169
f 4168 3735 4169
f 3732 3735 4168
f 3731 3732 4168
f 4164 3731 4168
f 4162 3731 4164
f 3729 3731 4162
f 4158 3729 4162
f 3728 3729 4158
f 4153 3728 4158
f 4151 3728 4153
f 3726 3728 4151
f 4148 3726 4151
f 4145 3726 4148
f 3725 3726 4145
f 4144 3725 4145
f 3719 3725 4144
f 4139 3719 4144
f 3718 3719 4139
f 4136 3718 4139
f 4134 3718 4136
f 3714 3718 4134
f 4135 3714 4134
f 3711 3714 4135
f 3710 3711 4135
f 4128 3710 4135
f 4131 4128 4135
f 3752 4178 3745
f 4182 4178 3752
f 3753 4182 3752
f 4184 4182 3753
f 12910 4184 3753
f 3758 12910 3753
f 3759 12910 3758
f 5046 5054 12520
f 5045 5046 12520
f 12517 5045 12520
f 5043 5045 12517
f 12516 5043 12517
f 5042 5043 12516
f 12513 5042 12516
f 12515 5042 12513
f 5039 5042 12515
f 5038 5039 12515
f 12514 5038 12515
f 5032 5038 12514
f 5031 5032 12514
f 12505 5031 12514
f 12506 5031 12505
f 5029 5031 12506
f 12508 5029 12506
f 5028 5029 12508
f 12510 5028 12508
f 5053 5055 5052
f 4656 5040 5037
f 5036 4656 5037
f 4653 4656 5036
f 4651 4653 5036
f 5035 4651 5036
f 4649 4651 5035
f 4648 4649 5035
f 5033 4648 5035
f 12773 4648 5033
f 4658 5040 4656
f 5041 5040 4658
f 5044 5041 4658
f 5048 5044 4658
f 4660 5048 4658
f 5049 5048 4660
f 4662 5049 4660
f 12911 5049 4662
f 5050 5049 12911
f 6104 12504 12502
f 6101 6104 12502
f 6100 6101 12502
f 12499 6100 12502
f 12498 6100 12499
f 6098 6100 12498
f 12496 6098 12498
f 6096 6098 12496
f 12494 6096 12496
f 12490 6096 12494
f 12507 12504 6104
f 6105 12507 6104
f 12509 12507 6105
f 6106 12509 6105
f 12512 12509 6106
f 12751 12512 6106
f 5347 12751 6110
f 5346 5347 6110
f 6111 5346 6110
f 6114 5346 6111
f 5343 5346 6114
f 6495 5343 6114
f 6115 6495 6114
f 6494 6495 6115
f 6496 6494 6115
f 6118 6496 6115
f 6499 6496 6118
f 6120 6499 6118
f 6500 6499 6120
f 6123 6500 6120
f 6502 6500 6123
f 6505 6502 6123
f 6512 6505 6123
f 6124 6512 6123
f 6521 6512 6124
f 6514 6512 6521
f 12512 12751 5347
f 5348 12512 5347
f 5350 12512 5348
f 12511 12512 5350
f 5352 12511 5350
f 12510 12511 5352
f 12767 12510 5352
f 5028 12510 12767
f 5026 5028 12767
f 12765 5026 12767
f 5025 5026 12765
f 12764 5025 12765
f 5020 5025 12764
f 5018 5020 12764
f 12763 5018 12764
f 5016 5018 12763
f 12761 5016 12763
f 5014 5016 12761
f 5013 5014 12761
f 12756 5013 12761
f 12757 5013 12756
f 5011 5013 12757
f 12758 5011 12757
f 5008 5011 12758
f 5007 5008 12758
f 12759 5007 12758
f 12770 5007 12759
f 5890 6108 6103
f 6102 5890 6103
f 5887 5890 6102
f 5886 5887 6102
f 6099 5886 6102
f 6097 5886 6099
f 5884 5886 6097
f 6093 5884 6097
f 5882 5884 6093
f 6092 5882 6093
f 5881 5882 6092
f 6089 5881 6092
f 6085 5881 6089
f 6082 5881 6085
f 5880 5881 6082
f 6109 6108 5890
f 5891 6109 5890
f 6112 6109 5891
f 5893 6112 5891
f 6113 6112 5893
f 6117 6113 5893
f 5894 6117 5893
f 6119 6117 5894
f 6122 6119 5894
f 5896 6122 5894
f 6126 6122 5896
f 5898 6126 5896
f 5705 5892 5889
f 5888 5705 5889
f 5703 5705 5888
f 5885 5703 5888
f 5702 5703 5885
f 5883 5702 5885
f 5701 5702 5883
f 5879 5701 5883
f 5878 5701 5879
f 5698 5701 5878
f 5696 5698 5878
f 5875 5696 5878
f 5695 5696 5875
f 5874 5695 5875
f 5693 5695 5874
f 5692 5693 5874
f 5868 5692 5874
f 5866 5692 5868
f 5691 5692 5866
f 5863 5691 5866
f 5687 5691 5863
f 5861 5687 5863
f 5859 5687 5861
f 5685 5687 5859
f 5858 5685 5859
f 5682 5685 5858
f 5681 5682 5858
f 5855 5681 5858
f 5853 5681 5855
f 5852 5681 5853
f 5677 5681 5852
f 5675 5677 5852
f 5850 5675 5852
f 5673 5675 5850
f 5849 5673 5850
f 5671 5673 5849
f 5835 5671 5849
f 5669 5671 5835
f 5832 5669 5835
f 5667 5669 5832
f 5830 5667 5832
f 5666 5667 5830
f 5827 5666 5830
f 5825 5666 5827
f 5663 5666 5825
f 5823 5663 5825
f 5662 5663 5823
f 5820 5662 5823
f 5818 5662 5820
f 5660 5662 5818
f 5817 5660 5818
f 5658 5660 5817
f 5815 5658 5817
f 5657 5658 5815
f 5810 5657 5815
f 5808 5657 5810
f 5655 5657 5808
f 5807 5655 5808
f 5653 5655 5807
f 5651 5653 5807
f 5805 5651 5807
f 5649 5651 5805
f 5803 5649 5805
f 5648 5649 5803
f 5801 5648 5803
f 5646 5648 5801
f 5799 5646 5801
f 5644 5646 5799
f 5797 5644 5799
f 5643 5644 5797
f 5796 5643 5797
f 5638 5643 5796
f 5637 5638 5796
f 5793 5637 5796
f 5792 5637 5793
f 5636 5637 5792
f 5789 5636 5792
f 5788 5636 5789
f 5633 5636 5788
f 5632 5633 5788
f 5785 5632 5788
f 5784 5632 5785
f 5630 5632 5784
f 5629 5630 5784
f 5781 5629 5784
f 5780 5629 5781
f 5625 5629 5780
f 5777 5625 5780
f 5775 5625 5777
f 5623 5625 5775
f 5772 5623 5775
f 5621 5623 5772
f 5769 5621 5772
f 5618 5621 5769
f 5767 5618 5769
f 5617 5618 5767
f 5764 5617 5767
f 5763 5617 5764
f 5615 5617 5763
f 5614 5615 5763
f 5760 5614 5763
f 5758 5614 5760
f 5613 5614 5758
f 5755 5613 5758
f 5754 5613 5755
f 5610 5613 5754
f 5608 5610 5754
f 5752 5608 5754
f 5605 5608 5752
f 5751 5605 5752
f 5602 5605 5751
f 5600 5602 5751
f 5749 5600 5751
f 5598 5600 5749
f 5747 5598 5749
f 5597 5598 5747
f 5744 5597 5747
f 5595 5597 5744
f 5742 5595 5744
f 5593 5595 5742
f 5740 5593 5742
f 5591 5593 5740
f 5737 5591 5740
f 5590 5591 5737
f 5735 5590 5737
f 5733 5590 5735
f 5588 5590 5733
f 5729 5588 5733
f 5586 5588 5729
f 5731 5586 5729
f 5895 5892 5705
f 5706 5895 5705
f 5897 5895 5706
f 5707 5897 5706
f 5900 5897 5707
f 5709 5900 5707
f 12488 5876 5880
f 6095 12490 12492
f 12874 6095 12492
f 5898 6128 6126
f 5902 6128 5898
f 5709 5901 5900
f 5712 5901 5709
f 12912 5901 5712
f 12913 12912 5712
f 5713 12913 5712
f 12914 12913 5713
f 5715 12914 5713
f 12915 12914 5715
f 5716 12915 5715
f 5719 12915 5716
f 5722 12916 5721
f 5725 12916 5722
f 12917 12916 5725
f 12918 12917 5725
f 5727 12918 5725
f 12759 12754 5358
f 5358 12770 12759
f 3354 3741 3738
f 3739 3354 3738
f 3352 3354 3739
f 3349 3352 3739
f 3348 3349 3739
f 3736 3348 3739
f 3734 3348 3736
f 3346 3348 3734
f 3733 3346 3734
f 3723 3346 3733
f 3344 3346 3723
f 3721 3344 3723
f 3342 3344 3721
f 3717 3342 3721
f 3340 3342 3717
f 3716 3340 3717
f 3338 3340 3716
f 3334 3338 3716
f 3713 3334 3716
f 3712 3334 3713
f 3332 3334 3712
f 3709 3332 3712
f 3355 3741 3354
f 3743 3741 3355
f 3746 3743 3355
f 3356 3746 3355
f 3749 3746 3356
f 3358 3749 3356
f 3361 3749 3358
f 3750 3749 3361
f 3362 3750 3361
f 3755 3750 3362
f 3364 3755 3362
f 3756 3755 3364
f 3366 3756 3364
f 3372 3756 3366
f 3757 3756 3372
f 3760 3757 3372
f 3373 3760 3372
f 2924 3353 3351
f 2922 2924 3351
f 3350 2922 3351
f 2919 2922 3350
f 2918 2919 3350
f 3347 2918 3350
f 3345 2918 3347
f 3343 2918 3345
f 2917 2918 3343
f 3341 2917 3343
f 2913 2917 3341
f 2911 2913 3341
f 3339 2911 3341
f 2909 2911 3339
f 3337 2909 3339
f 2907 2909 3337
f 3336 2907 3337
f 2904 2907 3336
f 2902 2904 3336
f 3333 2902 3336
f 2901 2902 3333
f 3331 2901 3333
f 3329 2901 3331
f 2899 2901 3329
f 3327 2899 3329
f 2898 2899 3327
f 3323 2898 3327
f 3321 2898 3323
f 2895 2898 3321
f 2894 2895 3321
f 3318 2894 3321
f 3319 2894 3318
f 2892 2894 3319
f 2889 2892 3319
f 2888 2889 3319
f 3316 2888 3319
f 3315 2888 3316
f 2881 2888 3315
f 2879 2881 3315
f 3314 2879 3315
f 2877 2879 3314
f 3312 2877 3314
f 2875 2877 3312
f 3311 2875 3312
f 2873 2875 3311
f 2872 2873 3311
f 3309 2872 3311
f 3307 2872 3309
f 2871 2872 3307
f 3304 2871 3307
f 3302 2871 3304
f 2869 2871 3302
f 3296 2869 3302
f 2926 3353 2924
f 3357 3353 2926
f 3359 3357 2926
f 2927 3359 2926
f 2930 3359 2927
f 3360 3359 2930
f 3363 3360 2930
f 2931 3363 2930
f 3365 3363 2931
f 3369 3365 2931
f 2932 3369 2931
f 3370 3369 2932
f 2934 3370 2932
f 2939 3370 2934
f 2955 3370 2939
f 2957 3370 2955
f 3368 3370 2957
f 3367 3368 2957
f 2958 3367 2957
f 3371 3367 2958
f 3374 3371 2958
f 2959 3374 2958
f 3376 3374 2959
f 2962 3376 2959
f 2154 2589 2590
f 2152 2154 2590
f 2150 2152 2590
f 2591 2150 2590
f 2147 2150 2591
f 2146 2147 2591
f 2588 2146 2591
f 2584 2146 2588
f 2583 2146 2584
f 2595 2589 2154
f 2155 2595 2154
f 2597 2595 2155
f 1739 1737 1353
f 1352 1739 1353
f 1741 1739 1352
f 1356 1741 1352
f 1744 1741 1356
f 1357 1744 1356
f 1755 1744 1357
f 1751 1744 1755
f 1745 1744 1751
f 1748 1745 1751
f 3332 3709 3706
f 3330 3332 3706
f 3702 3330 3706
f 3328 3330 3702
f 3703 3328 3702
f 2866 2874 2870
f 2867 2866 2870
f 2388 2874 2866
f 2865 2388 2866
f 2385 2388 2865
f 2384 2385 2865
f 2863 2384 2865
f 2861 2384 2863
f 2381 2384 2861
f 2860 2381 2861
f 2379 2381 2860
f 2858 2379 2860
f 2378 2379 2858
f 2856 2378 2858
f 2853 2378 2856
f 2852 2378 2853
f 2376 2378 2852
f 2373 2376 2852
f 2372 2373 2852
f 2849 2372 2852
f 2847 2372 2849
f 2371 2372 2847
f 2844 2371 2847
f 2843 2371 2844
f 2368 2371 2843
f 2366 2368 2843
f 2841 2366 2843
f 2364 2366 2841
f 2839 2364 2841
f 2363 2364 2839
f 2836 2363 2839
f 2834 2363 2836
f 2360 2363 2834
f 2868 3296 3291
f 3287 2868 3291
f 3289 2868 3287
f 2864 2868 3289
f 2862 2864 3289
f 3290 2862 3289
f 2859 2862 3290
f 2857 2859 3290
f 3288 2857 3290
f 2855 2857 3288
f 3286 2855 3288
f 3283 2855 3286
f 2854 2855 3283
f 3282 2854 3283
f 2851 2854 3282
f 2850 2851 3282
f 3279 2850 3282
f 3278 2850 3279
f 2848 2850 3278
f 2846 2848 3278
f 3277 2846 3278
f 2845 2846 3277
f 3274 2845 3277
f 3273 2845 3274
f 2842 2845 3273
f 2840 2842 3273
f 3271 2840 3273
f 2838 2840 3271
f 3268 2838 3271
f 3267 2838 3268
f 2837 2838 3267
f 3264 2837 3267
f 3263 2837 3264
f 2835 2837 3263
f 3260 2835 3263
f 2833 2835 3260
f 3259 2833 3260
f 2831 2833 3259
f 3257 2831 3259
f 2830 2831 3257
f 3254 2830 3257
f 3253 2830 3254
f 2829 2830 3253
f 3245 2829 3253
f 3243 2829 3245
f 3242 2829 3243
f 2826 2829 3242
f 2824 2826 3242
f 3240 2824 3242
f 2823 2824 3240
f 3229 2823 3240
f 3227 2823 3229
f 3225 2823 3227
f 2821 2823 3225
f 3223 2821 3225
f 2819 2821 3223
f 3222 2819 3223
f 2816 2819 3222
f 3220 2816 3222
f 2814 2816 3220
f 3219 2814 3220
f 2813 2814 3219
f 3218 2813 3219
f 3216 2813 3218
f 2811 2813 3216
f 3215 2811 3216
f 2809 2811 3215
f 3214 2809 3215
f 2808 2809 3214
f 3208 2808 3214
f 3210 2808 3208
f 2803 2808 3210
f 2869 3296 2868
f 2827 2353 2355
f 2828 2827 2355
f 2832 2828 2355
f 2356 2832 2355
f 2834 2832 2356
f 2360 2834 2356
f 2825 2353 2827
f 2351 2353 2825
f 2822 2351 2825
f 2350 2351 2822
f 2820 2350 2822
f 2348 2350 2820
f 2818 2348 2820
f 2346 2348 2818
f 2817 2346 2818
f 2344 2346 2817
f 2341 2344 2817
f 2340 2341 2817
f 2815 2340 2817
f 2338 2340 2815
f 2812 2338 2815
f 2810 2338 2812
f 2337 2338 2810
f 2807 2337 2810
f 2806 2337 2807
f 2334 2337 2806
f 2332 2334 2806
f 2331 2332 2806
f 2804 2331 2806
f 2802 2331 2804
f 2330 2331 2802
f 2800 2330 2802
f 2798 2330 2800
f 2329 2330 2798
f 2796 2329 2798
f 2795 2329 2796
f 2326 2329 2795
f 2323 2326 2795
f 2321 2323 2795
f 2794 2321 2795
f 2319 2321 2794
f 2768 2308 2309
f 2769 2768 2309
f 2310 2769 2309
f 2771 2769 2310
f 2311 2771 2310
f 2780 2771 2311
f 2313 2780 2311
f 2315 2780 2313
f 2779 2780 2315
f 2783 2779 2315
f 2317 2783 2315
f 2785 2783 2317
f 2319 2785 2317
f 2794 2785 2319
f 2792 2785 2794
f 2784 2785 2792
f 2788 2784 2792
f 2750 2308 2768
f 2760 2746 2750
f 2756 2746 2760
f 11413 11695 11692
f 11689 11413 11692
f 11688 11413 11689
f 11411 11413 11688
f 11410 11411 11688
f 11687 11410 11688
f 11404 11410 11687
f 11402 11404 11687
f 11684 11402 11687
f 11682 11402 11684
f 11400 11402 11682
f 11680 11400 11682
f 11398 11400 11680
f 11679 11398 11680
f 11397 11398 11679
f 11676 11397 11679
f 11670 11397 11676
f 11668 11397 11670
f 11395 11397 11668
f 11665 11395 11668
f 11667 11395 11665
f 11392 11395 11667
f 11389 11392 11667
f 11666 11389 11667
f 11414 11695 11413
f 11696 11695 11414
f 11709 11696 11414
f 11415 11709 11414
f 11708 11709 11415
f 11417 11708 11415
f 11710 11708 11417
f 11419 11710 11417
f 11712 11710 11419
f 11421 11712 11419
f 11714 11712 11421
f 11717 11714 11421
f 11423 11717 11421
f 11719 11717 11423
f 11425 11719 11423
f 11720 11719 11425
f 11427 11720 11425
f 11722 11720 11427
f 11429 11722 11427
f 11435 11722 11429
f 11723 11722 11435
f 11436 11723 11435
f 11725 11723 11436
f 11438 11725 11436
f 11727 11725 11438
f 11439 11727 11438
f 11729 11727 11439
f 11734 11729 11439
f 11441 11734 11439
f 11443 11734 11441
f 11733 11734 11443
f 11445 11733 11443
f 11735 11733 11445
f 11737 11735 11445
f 11446 11737 11445
f 11739 11737 11446
f 11448 11739 11446
f 11740 11739 11448
f 11450 11740 11448
f 11742 11740 11450
f 11452 11742 11450
f 11745 11742 11452
f 11748 11745 11452
f 11453 11748 11452
f 11455 11748 11453
f 11749 11748 11455
f 11752 11749 11455
f 11456 11752 11455
f 11065 11401 11399
f 11064 11065 11399
f 11396 11064 11399
f 11394 11064 11396
f 11393 11064 11394
f 11061 11064 11393
f 11059 11061 11393
f 11391 11059 11393
f 11057 11059 11391
f 11390 11057 11391
f 11056 11057 11390
f 11386 11056 11390
f 11383 11056 11386
f 11382 11056 11383
f 11054 11056 11382
f 11052 11054 11382
f 11380 11052 11382
f 11051 11052 11380
f 11377 11051 11380
f 11049 11051 11377
f 11375 11049 11377
f 11047 11049 11375
f 11376 11047 11375
f 11042 11047 11376
f 11041 11042 11376
f 11373 11041 11376
f 11035 11041 11373
f 11371 11035 11373
f 11034 11035 11371
f 11367 11034 11371
f 11366 11034 11367
f 11032 11034 11366
f 11031 11032 11366
f 11363 11031 11366
f 11362 11031 11363
f 11029 11031 11362
f 11360 11029 11362
f 11025 11029 11360
f 11024 11025 11360
f 11354 11024 11360
f 11352 11024 11354
f 11023 11024 11352
f 11350 11023 11352
f 11346 11023 11350
f 11344 11023 11346
f 11021 11023 11344
f 11342 11021 11344
f 11020 11021 11342
f 11339 11020 11342
f 11018 11020 11339
f 11336 11018 11339
f 11017 11018 11336
f 11337 11017 11336
f 12315 11017 11337
f 10987 12315 11337
f 11338 10987 11337
f 11403 11401 11065
f 11067 11403 11065
f 11405 11403 11067
f 11069 11405 11067
f 11407 11405 11069
f 11071 11407 11069
f 11102 11407 11071
f 11104 11407 11102
f 11408 11407 11104
f 11105 11408 11104
f 11409 11408 11105
f 11107 11409 11105
f 11109 11409 11107
f 11412 11409 11109
f 11416 11412 11109
f 11418 11416 11109
f 11110 11418 11109
f 11420 11418 11110
f 11112 11420 11110
f 11422 11420 11112
f 11114 11422 11112
f 11424 11422 11114
f 11119 11424 11114
f 11426 11424 11119
f 11428 11426 11119
f 11120 11428 11119
f 11126 11428 11120
f 11430 11428 11126
f 11127 11430 11126
f 11432 11430 11127
f 11129 11432 11127
f 11132 11432 11129
f 11433 11432 11132
f 11134 11433 11132
f 11136 11433 11134
f 11434 11433 11136
f 11437 11434 11136
f 11137 11437 11136
f 11440 11437 11137
f 11138 11440 11137
f 11141 11440 11138
f 11442 11440 11141
f 11143 11442 11141
f 11146 11442 11143
f 11444 11442 11146
f 11447 11444 11146
f 11147 11447 11146
f 11449 11447 11147
f 11149 11449 11147
f 11451 11449 11149
f 11150 11451 11149
f 11454 11451 11150
f 11458 11454 11150
f 11151 11458 11150
f 11459 11458 11151
f 11153 11459 11151
f 11461 11459 11153
f 11154 11461 11153
f 12303 11461 11154
f 12302 11461 12303
f 11463 11461 12302
f 11171 11463 12302
f 11174 11463 11171
f 11462 11463 11174
f 11176 11462 11174
f 11464 11462 11176
f 11466 11464 11176
f 11178 11466 11176
f 11468 11466 11178
f 11472 11468 11178
f 11179 11472 11178
f 11182 11472 11179
f 11473 11472 11182
f 11184 11473 11182
f 11474 11473 11184
f 11478 11474 11184
f 11185 11478 11184
f 11480 11478 11185
f 11186 11480 11185
f 11483 11480 11186
f 11189 11483 11186
f 11484 11483 11189
f 11192 11484 11189
f 11487 11484 11192
f 11490 11487 11192
f 11194 11490 11192
f 11492 11490 11194
f 11495 11492 11194
f 11195 11495 11194
f 11497 11495 11195
f 11197 11497 11195
f 11200 11497 11197
f 11496 11497 11200
f 11202 11496 11200
f 11498 11496 11202
f 11204 11498 11202
f 11208 11498 11204
f 11494 11498 11208
f 11493 11494 11208
f 11500 11493 11208
f 11209 11500 11208
f 11502 11500 11209
f 11210 11502 11209
f 11213 11502 11210
f 11503 11502 11213
f 11506 11503 11213
f 11214 11506 11213
f 11508 11506 11214
f 11216 11508 11214
f 11509 11508 11216
f 11512 11509 11216
f 11514 11512 11216
f 11217 11514 11216
f 11219 11514 11217
f 11224 11514 11219
f 11515 11514 11224
f 11517 11515 11224
f 11225 11517 11224
f 11519 11517 11225
f 11227 11519 11225
f 11521 11519 11227
f 11228 11521 11227
f 11230 11521 11228
f 11523 11521 11230
f 11231 11523 11230
f 11525 11523 11231
f 11528 11525 11231
f 11234 11528 11231
f 11529 11528 11234
f 11532 11529 11234
f 11236 11532 11234
f 11239 11532 11236
f 11533 11532 11239
f 11536 11533 11239
f 11242 11536 11239
f 11539 11536 11554
f 10698 11116 11113
f 10694 10698 11113
f 11111 10694 11113
f 10692 10694 11111
f 11108 10692 11111
f 11106 10692 11108
f 10690 10692 11106
f 11103 10690 11106
f 10689 10690 11103
f 11100 10689 11103
f 11098 10689 11100
f 10687 10689 11098
f 11096 10687 11098
f 10685 10687 11096
f 11094 10685 11096
f 10684 10685 11094
f 11091 10684 11094
f 11089 10684 11091
f 11090 10684 11089
f 10682 10684 11090
f 10680 10682 11090
f 10678 10680 11090
f 11086 10678 11090
f 11084 10678 11086
f 10676 10678 11084
f 11082 10676 11084
f 10674 10676 11082
f 11083 10674 11082
f 10671 10674 11083
f 10670 10671 11083
f 11080 10670 11083
f 11077 10670 11080
f 10668 10670 11077
f 10667 10668 11077
f 11074 10667 11077
f 11073 10667 11074
f 10664 10667 11073
f 10663 10664 11073
f 11070 10663 11073
f 11068 10663 11070
f 10661 10663 11068
f 11066 10661 11068
f 11063 10661 11066
f 10660 10661 11063
f 11062 10660 11063
f 10657 10660 11062
f 10655 10657 11062
f 11060 10655 11062
f 10653 10655 11060
f 11058 10653 11060
f 10651 10653 11058
f 11055 10651 11058
f 11053 10651 11055
f 10650 10651 11053
f 11050 10650 11053
f 11048 10650 11050
f 10647 10650 11048
f 10645 10647 11048
f 11045 10645 11048
f 11046 10645 11045
f 10643 10645 11046
f 10641 10643 11046
f 11043 10641 11046
f 11044 10641 11043
f 10639 10641 11044
f 10638 10639 11044
f 11039 10638 11044
f 11040 10638 11039
f 10637 10638 11040
f 11000 10637 11040
f 10998 10637 11000
f 10633 10637 10998
f 10997 10633 10998
f 10630 10633 10997
f 10629 10630 10997
f 10994 10629 10997
f 10623 10629 10994
f 10993 10623 10994
f 10621 10623 10993
f 10619 10621 10993
f 10991 10619 10993
f 10990 10619 10991
f 12326 10619 10990
f 10986 12326 10990
f 10982 12326 10986
f 10980 12326 10982
f 10616 12326 10980
f 10979 10616 10980
f 10615 10616 10979
f 10977 10615 10979
f 10612 10615 10977
f 10975 10612 10977
f 10974 10612 10975
f 12327 10612 10974
f 12329 12327 10974
f 10149 12329 10974
f 10972 10149 10974
f 10147 10149 10972
f 10969 10147 10972
f 10144 10147 10969
f 10968 10144 10969
f 10142 10144 10968
f 10966 10142 10968
f 10141 10142 10966
f 10963 10141 10966
f 10962 10141 10963
f 10139 10141 10962
f 10136 10139 10962
f 10958 10136 10962
f 10135 10136 10958
f 10133 10135 10958
f 10954 10133 10958
f 10955 10133 10954
f 10131 10133 10955
f 10948 10131 10955
f 10946 10131 10948
f 10129 10131 10946
f 10944 10129 10946
f 10126 10129 10944
f 10124 10126 10944
f 10943 10124 10944
f 10122 10124 10943
f 10941 10122 10943
f 10120 10122 10941
f 10939 10120 10941
f 10119 10120 10939
f 10938 10119 10939
f 10115 10119 10938
f 10114 10115 10938
f 10936 10114 10938
f 10113 10114 10936
f 10934 10113 10936
f 10932 10113 10934
f 10112 10113 10932
f 10929 10112 10932
f 10927 10112 10929
f 10924 10112 10927
f 10111 10112 10924
f 10925 10111 10924
f 10109 10111 10925
f 10103 10109 10925
f 10102 10103 10925
f 10922 10102 10925
f 10098 10102 10922
f 10920 10098 10922
f 10096 10098 10920
f 10917 10096 10920
f 10094 10096 10917
f 10916 10094 10917
f 10092 10094 10916
f 10914 10092 10916
f 10090 10092 10914
f 10912 10090 10914
f 10088 10090 10912
f 10911 10088 10912
f 10086 10088 10911
f 10909 10086 10911
f 10085 10086 10909
f 10907 10085 10909
f 10905 10085 10907
f 10083 10085 10905
f 10902 10083 10905
f 10899 10083 10902
f 10082 10083 10899
f 10897 10082 10899
f 10898 10082 10897
f 10080 10082 10898
f 9993 10080 10898
f 9991 9993 10898
f 10895 9991 10898
f 10893 9991 10895
f 9990 9991 10893
f 10889 9990 10893
f 10888 9990 10889
f 9985 9990 10888
f 9983 9985 10888
f 10886 9983 10888
f 9982 9983 10886
f 10883 9982 10886
f 10884 9982 10883
f 9979 9982 10884
f 9978 9979 10884
f 10881 9978 10884
f 10879 9978 10881
f 9976 9978 10879
f 10877 9976 10879
f 9974 9976 10877
f 10878 9974 10877
f 9972 9974 10878
f 9941 9972 10878
f 9940 9941 10878
f 10876 9940 10878
f 9938 9940 10876
f 10873 9938 10876
f 10871 9938 10873
f 9937 9938 10871
f 10868 9937 10871
f 10870 9937 10868
f 9935 9937 10870
f 9932 9935 10870
f 9930 9932 10870
f 10869 9930 10870
f 9928 9930 10869
f 10699 11116 10698
f 11117 11116 10699
f 11123 11117 10699
f 10700 11123 10699
f 10702 11123 10700
f 11122 11123 10702
f 10704 11122 10702
f 11124 11122 10704
f 10706 11124 10704
f 10708 11124 10706
f 11125 11124 10708
f 10710 11125 10708
f 11128 11125 10710
f 11131 11128 10710
f 10711 11131 10710
f 10725 11131 10711
f 10728 11131 10725
f 11130 11131 10728
f 11133 11130 10728
f 10729 11133 10728
f 11135 11133 10729
f 11139 11135 10729
f 10730 11139 10729
f 10733 11139 10730
f 11140 11139 10733
f 10735 11140 10733
f 11142 11140 10735
f 10736 11142 10735
f 11144 11142 10736
f 10738 11144 10736
f 9719 10693 10691
f 9718 9719 10691
f 10688 9718 10691
f 10686 9718 10688
f 9717 9718 10686
f 10683 9717 10686
f 9716 9717 10683
f 10681 9716 10683
f 9711 9716 10681
f 9709 9711 10681
f 10679 9709 10681
f 10677 9709 10679
f 9708 9709 10677
f 10675 9708 10677
f 10673 9708 10675
f 9706 9708 10673
f 10672 9706 10673
f 9705 9706 10672
f 10669 9705 10672
f 10666 9705 10669
f 10665 9705 10666
f 9703 9705 10665
f 10662 9703 10665
f 9702 9703 10662
f 10659 9702 10662
f 10658 9702 10659
f 9698 9702 10658
f 9696 9698 10658
f 10656 9696 10658
f 9694 9696 10656
f 10654 9694 10656
f 9692 9694 10654
f 10652 9692 10654
f 9691 9692 10652
f 10649 9691 10652
f 10648 9691 10649
f 9687 9691 10648
f 9685 9687 10648
f 10646 9685 10648
f 10644 9685 10646
f 9683 9685 10644
f 9681 9683 10644
f 10642 9681 10644
f 9679 9681 10642
f 10640 9679 10642
f 9677 9679 10640
f 9676 9677 10640
f 10636 9676 10640
f 10635 9676 10636
f 9675 9676 10635
f 10632 9675 10635
f 10631 9675 10632
f 9674 9675 10631
f 10628 9674 10631
f 10627 9674 10628
f 9672 9674 10627
f 9669 9672 10627
f 10624 9669 10627
f 10625 9669 10624
f 9665 9669 10625
f 9663 9665 10625
f 10622 9663 10625
f 10620 9663 10622
f 9662 9663 10620
f 10618 9662 10620
f 10614 9662 10618
f 9661 9662 10614
f 10611 9661 10614
f 10609 9661 10611
f 9660 9661 10609
f 10608 9660 10609
f 9653 9660 10608
f 9652 9653 10608
f 10606 9652 10608
f 10605 9652 10606
f 9650 9652 10605
f 10696 10693 9719
f 9720 10696 9719
f 9722 10696 9720
f 9721 9714 9713
f 9726 9721 9713
f 9003 9699 9697
f 9001 9003 9697
f 9695 9001 9697
f 9000 9001 9695
f 9693 9000 9695
f 8998 9000 9693
f 9690 8998 9693
f 9689 8998 9690
f 8996 8998 9689
f 9688 8996 9689
f 12347 8996 9688
f 8985 12347 9688
f 9686 8985 9688
f 8983 8985 9686
f 8981 8983 9686
f 9684 8981 9686
f 9682 8981 9684
f 8979 8981 9682
f 9680 8979 9682
f 8978 8979 9680
f 9678 8978 9680
f 9671 8978 9678
f 8976 8978 9671
f 9668 8976 9671
f 8974 8976 9668
f 9667 8974 9668
f 8970 8974 9667
f 9666 8970 9667
f 8969 8970 9666
f 9664 8969 9666
f 9658 8969 9664
f 9657 8969 9658
f 8967 8969 9657
f 8966 8967 9657
f 9655 8966 9657
f 9654 8966 9655
f 8963 8966 9654
f 8961 8963 9654
f 9651 8961 9654
f 9649 8961 9651
f 8959 8961 9649
f 9647 8959 9649
f 8958 8959 9647
f 9644 8958 9647
f 9642 8958 9644
f 8957 8958 9642
f 9639 8957 9642
f 9638 8957 9639
f 8955 8957 9638
f 9635 8955 9638
f 9633 8955 9635
f 8954 8955 9633
f 9628 8954 9633
f 9626 8954 9628
f 8953 8954 9626
f 9625 8953 9626
f 8949 8953 9625
f 8947 8949 9625
f 9623 8947 9625
f 8946 8947 9623
f 9620 8946 9623
f 9611 8946 9620
f 8944 8946 9611
f 9609 8944 9611
f 8942 8944 9609
f 9606 8942 9609
f 9604 8942 9606
f 8941 8942 9604
f 8939 8941 9604
f 9600 8939 9604
f 9601 8939 9600
f 8937 8939 9601
f 8933 8937 9601
f 9602 8933 9601
f 8931 8933 9602
f 9005 9699 9003
f 9007 9699 9005
f 9700 9699 9007
f 9009 9700 9007
f 9710 9707 9704
f 9710 9701 9700
f 9713 9710 9700
f 9701 9710 9704
f 10697 9722 9727
f 10701 10697 9727
f 9730 10701 9727
f 10703 10701 9730
f 9732 10703 9730
f 9735 10703 9732
f 10705 10703 9735
f 9737 10705 9735
f 10707 10705 9737
f 9740 10707 9737
f 9743 10707 9740
f 10709 10707 9743
f 10712 10709 9743
f 9744 10712 9743
f 9746 10712 9744
f 10714 10712 9746
f 9748 10714 9746
f 10716 10714 9748
f 9750 10716 9748
f 10719 10716 9750
f 9753 10719 9750
f 12337 10719 9753
f 10722 10719 12337
f 12332 10722 12337
f 12331 10722 12332
f 9788 10722 12331
f 10721 10722 9788
f 9789 10721 9788
f 10720 10721 9789
f 9791 10720 9789
f 9796 10720 9791
f 10717 10720 9796
f 10724 10717 9796
f 9797 10724 9796
f 10731 10724 9797
f 10732 10731 9797
f 9798 10732 9797
f 10734 10732 9798
f 10737 10734 9798
f 10740 10737 9798
f 9799 10740 9798
f 10743 10740 9799
f 9800 10743 9799
f 10745 10743 9800
f 9802 10745 9800
f 9804 10745 9802
f 9819 10745 9804
f 10744 10745 9819
f 9820 10744 9819
f 9825 10744 9820
f 10742 10744 9825
f 10746 10742 9825
f 9826 10746 9825
f 10748 10746 9826
f 10749 10748 9826
f 10696 9722 10697
f 9010 9724 9725
f 9009 9010 9725
f 9726 9009 9725
f 9700 9009 9726
f 9713 9700 9726
f 9729 9724 9010
f 9011 9729 9010
f 9014 9729 9011
f 9016 9729 9014
f 9728 9729 9016
f 9731 9728 9016
f 9017 9731 9016
f 9733 9731 9017
f 9023 9733 9017
f 9734 9733 9023
f 9736 9734 9023
f 9739 9736 9023
f 9024 9739 9023
f 9026 9739 9024
f 9028 9739 9026
f 9738 9739 9028
f 9741 9738 9028
f 9031 9741 9028
f 9742 9741 9031
f 9745 9742 9031
f 9032 9745 9031
f 9747 9745 9032
f 9033 9747 9032
f 9749 9747 9033
f 9752 9749 9033
f 9034 9752 9033
f 9036 9752 9034
f 9751 9752 9036
f 9755 9751 9036
f 9757 9755 9036
f 9037 9757 9036
f 9760 9757 9037
f 9039 9760 9037
f 9042 9760 9039
f 9761 9760 9042
f 12919 9761 9042
f 9765 9761 12919
f 9768 9765 12919
f 9770 9768 12919
f 12920 9770 12919
f 9772 9770 12920
f 9051 9772 12346
f 9771 9772 9051
f 9055 9771 9051
f 9773 9771 9055
f 9775 9773 9055
f 9056 9775 9055
f 9777 9775 9056
f 9058 9777 9056
f 9060 9777 9058
f 9778 9777 9060
f 9782 9778 9060
f 9061 9782 9060
f 9065 9782 9061
f 9783 9782 9065
f 9786 9783 9065
f 9066 9786 9065
f 9075 9786 9066
f 9076 9786 9075
f 9079 9786 9076
f 9785 9786 9079
f 9787 9785 9079
f 9080 9787 9079
f 9790 9787 9080
f 9082 9790 9080
f 9792 9790 9082
f 9795 9792 9082
f 9084 9795 9082
f 9801 9795 9084
f 9085 9801 9084
f 9803 9801 9085
f 9087 9803 9085
f 9805 9803 9087
f 9808 9805 9087
f 9088 9808 9087
f 9091 9808 9088
f 9809 9808 9091
f 9812 9809 9091
f 9092 9812 9091
f 9095 9812 9092
f 9102 9812 9095
f 9811 9812 9102
f 9104 9811 9102
f 9813 9811 9104
f 9105 9813 9104
f 9816 9813 9105
f 9107 9816 9105
f 9817 9816 9107
f 9110 9817 9107
f 9822 9817 9110
f 9824 9822 9110
f 9116 9824 9110
f 9119 9824 9116
f 9004 8481 8483
f 9006 9004 8483
f 9012 9006 8483
f 8484 9012 8483
f 8488 9012 8484
f 9013 9012 8488
f 8490 9013 8488
f 9015 9013 8490
f 9019 9015 8490
f 8491 9019 8490
f 9021 9019 8491
f 8493 9021 8491
f 8502 9021 8493
f 9020 9021 8502
f 8503 9020 8502
f 9022 9020 8503
f 9025 9022 8503
f 8504 9025 8503
f 8507 9025 8504
f 9027 9025 8507
f 9030 9027 8507
f 8508 9030 8507
f 9035 9030 8508
f 9038 9035 8508
f 8510 9038 8508
f 9040 9038 8510
f 9002 8481 9004
f 8479 8481 9002
f 8999 8479 9002
f 8997 8479 8999
f 8477 8479 8997
f 8995 8477 8997
f 8475 8477 8995
f 8993 8475 8995
f 8473 8475 8993
f 8992 8473 8993
f 8470 8473 8992
f 8468 8470 8992
f 8990 8468 8992
f 8466 8468 8990
f 8989 8466 8990
f 8464 8466 8989
f 8462 8464 8989
f 8987 8462 8989
f 8461 8462 8987
f 8984 8461 8987
f 8982 8461 8984
f 8459 8461 8982
f 8980 8459 8982
f 8458 8459 8980
f 8977 8458 8980
f 8975 8458 8977
f 8456 8458 8975
f 8972 8456 8975
f 8973 8456 8972
f 8452 8456 8973
f 8450 8452 8973
f 8971 8450 8973
f 8448 8450 8971
f 8968 8448 8971
f 8446 8448 8968
f 8965 8446 8968
f 8964 8446 8965
f 8444 8446 8964
f 12392 8444 8964
f 8962 12392 8964
f 8441 12392 8962
f 8437 8441 8962
f 8041 8482 8480
f 8478 8041 8480
f 8039 8041 8478
f 8476 8039 8478
f 8037 8039 8476
f 8474 8037 8476
f 8035 8037 8474
f 8472 8035 8474
f 8033 8035 8472
f 8471 8033 8472
f 8031 8033 8471
f 8469 8031 8471
f 8029 8031 8469
f 8467 8029 8469
f 8026 8029 8467
f 8465 8026 8467
f 8024 8026 8465
f 8463 8024 8465
f 8022 8024 8463
f 8021 8022 8463
f 8460 8021 8463
f 8457 8021 8460
f 8455 8021 8457
f 8453 8021 8455
f 8019 8021 8453
f 8454 8019 8453
f 8016 8019 8454
f 8014 8016 8454
f 8013 8014 8454
f 8451 8013 8454
f 8449 8013 8451
f 8009 8013 8449
f 8447 8009 8449
f 8007 8009 8447
f 8445 8007 8447
f 8005 8007 8445
f 8443 8005 8445
f 8002 8005 8443
f 8440 8002 8443
f 8001 8002 8440
f 8042 8482 8041
f 8486 8482 8042
f 8043 8486 8042
f 8046 8486 8043
f 8485 8486 8046
f 8048 8485 8046
f 8487 8485 8048
f 8050 8487 8048
f 8489 8487 8050
f 8492 8489 8050
f 8051 8492 8050
f 8494 8492 8051
f 8053 8494 8051
f 8496 8494 8053
f 8121 8496 8053
f 8122 8496 8121
f 8497 8496 8122
f 8124 8497 8122
f 8499 8497 8124
f 8127 8499 8124
f 8501 8499 8127
f 8505 8501 8127
f 8129 8505 8127
f 8506 8505 8129
f 8509 8506 8129
f 12393 8509 8129
f 8511 8509 12393
f 7498 7764 7759
f 7495 7498 7759
f 7757 7495 7759
f 7494 7495 7757
f 7753 7494 7757
f 7751 7494 7753
f 7492 7494 7751
f 7491 7492 7751
f 7749 7491 7751
f 7748 7491 7749
f 7485 7491 7748
f 7484 7485 7748
f 7745 7484 7748
f 7743 7484 7745
f 7741 7484 7743
f 7482 7484 7741
f 7739 7482 7741
f 7480 7482 7739
f 7737 7480 7739
f 7479 7480 7737
f 7735 7479 7737
f 7477 7479 7735
f 7733 7477 7735
f 7475 7477 7733
f 7730 7475 7733
f 7728 7475 7730
f 7473 7475 7728
f 7727 7473 7728
f 7471 7473 7727
f 7469 7471 7727
f 7725 7469 7727
f 7722 7469 7725
f 7720 7469 7722
f 7468 7469 7720
f 7721 7468 7720
f 7463 7468 7721
f 7462 7463 7721
f 7718 7462 7721
f 7716 7462 7718
f 7460 7462 7716
f 7459 7460 7716
f 7713 7459 7716
f 7712 7459 7713
f 7456 7459 7712
f 7711 7456 7712
f 7455 7456 7711
f 7710 7455 7711
f 12396 7455 7710
f 12398 12396 7710
f 7442 12398 7710
f 7709 7442 7710
f 8083 12921 12922
f 8085 8083 12922
f 8088 8085 12922
f 8120 8088 12922
f 7766 8120 12922
f 7765 8120 7766
f 8119 8120 7765
f 8123 8119 7765
f 7769 8123 7765
f 8125 8123 7769
f 12394 8125 7769
f 12923 8125 12394
f 8126 8125 12923
f 8128 8126 12923
f 8081 12921 8083
f 8076 7762 8078
f 7761 7762 8076
f 8073 7761 8076
f 7760 7761 8073
f 8070 7760 8073
f 8067 7760 8070
f 7756 7760 8067
f 8068 7756 8067
f 7755 7756 8068
f 8065 7755 8068
f 8061 7755 8065
f 8062 7755 8061
f 7754 7755 8062
f 8063 7754 8062
f 7752 7754 8063
f 8063 8047 8045
f 7752 8063 8045
f 8044 7752 8045
f 7750 7752 8044
f 7746 7750 8044
f 8040 7746 8044
f 8038 7746 8040
f 7744 7746 8038
f 8036 7744 8038
f 7742 7744 8036
f 8034 7742 8036
f 7740 7742 8034
f 8032 7740 8034
f 7738 7740 8032
f 8030 7738 8032
f 7736 7738 8030
f 8027 7736 8030
f 8028 7736 8027
f 7734 7736 8028
f 8025 7734 8028
f 7732 7734 8025
f 8023 7732 8025
f 7731 7732 8023
f 8020 7731 8023
f 8018 7731 8020
f 7729 7731 8018
f 8017 7729 8018
f 7726 7729 8017
f 7724 7726 8017
f 8015 7724 8017
f 7723 7724 8015
f 8010 7723 8015
f 8058 8047 8063
f 7262 7478 7476
f 7260 7262 7476
f 7474 7260 7476
f 7259 7260 7474
f 7472 7259 7474
f 7258 7259 7472
f 7470 7258 7472
f 7250 7258 7470
f 7467 7250 7470
f 7466 7250 7467
f 7248 7250 7466
f 7246 7248 7466
f 7464 7246 7466
f 7245 7246 7464
f 7465 7245 7464
f 7242 7245 7465
f 7240 7242 7465
f 7238 7240 7465
f 7461 7238 7465
f 7458 7238 7461
f 7457 7238 7458
f 7237 7238 7457
f 7454 7237 7457
f 7452 7237 7454
f 7236 7237 7452
f 7449 7236 7452
f 7450 7236 7449
f 7233 7236 7450
f 7481 7478 7262
f 7263 7481 7262
f 7483 7481 7263
f 7486 7483 7263
f 7264 7486 7263
f 7488 7486 7264
f 7266 7488 7264
f 7490 7488 7266
f 7268 7490 7266
f 7272 7490 7268
f 7275 7490 7272
f 7489 7490 7275
f 7493 7489 7275
f 7497 7493 7275
f 7276 7497 7275
f 12924 7497 7276
f 7277 12924 7276
f 7279 12924 7277
f 7255 7261 7257
f 7256 7261 7255
f 7265 7261 7256
f 7267 7265 7256
f 7270 7267 7256
f 7033 7270 7256
f 7254 7033 7256
f 7031 7033 7254
f 7252 7031 7254
f 7029 7031 7252
f 7249 7029 7252
f 7027 7029 7249
f 7247 7027 7249
f 7026 7027 7247
f 7244 7026 7247
f 7243 7026 7244
f 7024 7026 7243
f 7022 7024 7243
f 7241 7022 7243
f 7020 7022 7241
f 7239 7020 7241
f 7019 7020 7239
f 7235 7019 7239
f 7234 7019 7235
f 7018 7019 7234
f 7232 7018 7234
f 7016 7018 7232
f 7229 7016 7232
f 7014 7016 7229
f 7228 7014 7229
f 7013 7014 7228
f 7225 7013 7228
f 7226 7013 7225
f 7011 7013 7226
f 7008 7011 7226
f 7007 7008 7226
f 7223 7007 7226
f 7222 7007 7223
f 7004 7007 7222
f 7003 7004 7222
f 7219 7003 7222
f 7217 7003 7219
f 7001 7003 7217
f 7215 7001 7217
f 6999 7001 7215
f 7213 6999 7215
f 6998 6999 7213
f 7211 6998 7213
f 8012 7717 7719
f 7723 8012 7719
f 7715 7717 8012
f 8011 7715 8012
f 7714 7715 8011
f 7723 8010 8012
f 7714 8011 8008
f 8006 7714 8008
f 7705 7714 8006
f 8004 7705 8006
f 7703 7705 8004
f 8003 7703 8004
f 7702 7703 8003
f 7999 7702 8003
f 7998 7702 7999
f 7700 7702 7998
f 7699 7700 7998
f 7995 7699 7998
f 7996 7699 7995
f 7695 7699 7996
f 7694 7695 7996
f 7993 7694 7996
f 7991 7694 7993
f 7692 7694 7991
f 7989 7692 7991
f 7691 7692 7989
f 7987 7691 7989
f 7690 7691 7987
f 7985 7690 7987
f 7982 7690 7985
f 7981 7690 7982
f 7689 7690 7981
f 7978 7689 7981
f 7977 7689 7978
f 7688 7689 7977
f 7974 7688 7977
f 7972 7688 7974
f 7687 7688 7972
f 7971 7687 7972
f 7673 7687 7971
f 7671 7673 7971
f 7969 7671 7971
f 7670 7671 7969
f 7966 7670 7969
f 7964 7670 7966
f 7668 7670 7964
f 7965 7668 7964
f 7664 7668 7965
f 7662 7664 7965
f 7962 7662 7965
f 7958 7662 7962
f 7660 7662 7958
f 7957 7660 7958
f 7659 7660 7957
f 7954 7659 7957
f 7953 7659 7954
f 7655 7659 7953
f 7654 7655 7953
f 7949 7654 7953
f 7950 7654 7949
f 7651 7654 7950
f 7649 7651 7950
f 7648 7649 7950
f 7948 7648 7950
f 7941 7648 7948
f 7646 7648 7941
f 7940 7646 7941
f 7644 7646 7940
f 7640 7644 7940
f 7938 7640 7940
f 7937 7640 7938
f 7635 7640 7937
f 7633 7635 7937
f 7632 7633 7937
f 7934 7632 7937
f 7932 7632 7934
f 7630 7632 7932
f 7933 7630 7932
f 7628 7630 7933
f 7627 7628 7933
f 7929 7627 7933
f 7928 7627 7929
f 7626 7627 7928
f 7923 7626 7928
f 7039 6723 6726
f 7041 7039 6726
f 6727 7041 6726
f 7044 7041 6727
f 7037 6723 7039
f 6721 6723 7037
f 7035 6721 7037
f 6719 6721 7035
f 7032 6719 7035
f 6717 6719 7032
f 7030 6717 7032
f 6715 6717 7030
f 7028 6715 7030
f 6713 6715 7028
f 7025 6713 7028
f 6711 6713 7025
f 7023 6711 7025
f 6709 6711 7023
f 7021 6709 7023
f 6708 6709 7021
f 7017 6708 7021
f 7015 6708 7017
f 6706 6708 7015
f 7012 6706 7015
f 7010 6706 7012
f 6704 6706 7010
f 6702 6704 7010
f 7009 6702 7010
f 6698 6702 7009
f 6697 6698 7009
f 7006 6697 7009
f 7005 6697 7006
f 6694 6697 7005
f 6693 6694 7005
f 7002 6693 7005
f 7000 6693 7002
f 6692 6693 7000
f 6997 6692 7000
f 6996 6692 6997
f 6690 6692 6996
f 6993 6690 6996
f 6688 6690 6993
f 6683 6688 6993
f 6991 6683 6993
f 6682 6683 6991
f 6989 6682 6991
f 6988 6682 6989
f 6680 6682 6988
f 6987 6680 6988
f 6679 6680 6987
f 6985 6679 6987
f 6674 6679 6985
f 6986 6674 6985
f 6670 6674 6986
f 6668 6670 6986
f 6984 6668 6986
f 6667 6668 6984
f 6983 6667 6984
f 6660 6667 6983
f 6981 6660 6983
f 6659 6660 6981
f 6722 6311 6724
f 6310 6311 6722
f 6720 6310 6722
f 6309 6310 6720
f 6718 6309 6720
f 6304 6309 6718
f 6716 6304 6718
f 6302 6304 6716
f 6714 6302 6716
f 6300 6302 6714
f 6712 6300 6714
f 6315 6312 6308
f 6035 6308 6307
f 6033 6035 6307
f 6031 6033 6307
f 6305 6031 6307
f 6029 6031 6305
f 6303 6029 6305
f 6301 6029 6303
f 6027 6029 6301
f 6299 6027 6301
f 6025 6027 6299
f 6297 6025 6299
f 6294 6025 6297
f 6024 6025 6294
f 6293 6024 6294
f 6022 6024 6293
f 6291 6022 6293
f 6020 6022 6291
f 6289 6020 6291
f 6018 6020 6289
f 6016 6018 6289
f 6288 6016 6289
f 6014 6016 6288
f 6011 6014 6288
f 6284 6011 6288
f 6009 6011 6284
f 6282 6009 6284
f 6007 6009 6282
f 6279 6007 6282
f 6005 6007 6279
f 6277 6005 6279
f 6004 6005 6277
f 6275 6004 6277
f 6273 6004 6275
f 6002 6004 6273
f 6274 6002 6273
f 6000 6002 6274
f 5998 6000 6274
f 6271 5998 6274
f 5997 5998 6271
f 6315 6308 6035
f 6036 6315 6035
f 6317 6315 6036
f 6039 6317 6036
f 6319 6317 6039
f 12925 6319 6039
f 6040 12925 6039
f 12926 12925 6040
f 6048 12926 6040
f 6045 5848 5851
f 5856 6045 5851
f 6043 6045 5856
f 6046 6043 5856
f 5857 6046 5856
f 5860 6046 5857
f 6047 6046 5860
f 5862 6047 5860
f 6049 6047 5862
f 5864 6049 5862
f 12927 6049 5864
f 5865 6053 5864
f 5846 5848 6045
f 6044 5846 6045
f 5845 5846 6044
f 6041 5845 6044
f 6038 5845 6041
f 6037 5845 6038
f 5844 5845 6037
f 6034 5844 6037
f 6032 5844 6034
f 5843 5844 6032
f 6030 5843 6032
f 5841 5843 6030
f 5839 5841 6030
f 6026 5839 6030
f 5838 5839 6026
f 6023 5838 6026
f 6021 5838 6023
f 5837 5838 6021
f 6019 5837 6021
f 5831 5837 6019
f 6017 5831 6019
f 5829 5831 6017
f 5828 5829 6017
f 6015 5828 6017
f 5826 5828 6015
f 6013 5826 6015
f 5824 5826 6013
f 6012 5824 6013
f 5822 5824 6012
f 6010 5822 6012
f 5821 5822 6010
f 6008 5821 6010
f 6006 5821 6008
f 5819 5821 6006
f 6003 5819 6006
f 6001 5819 6003
f 5816 5819 6001
f 5814 5816 6001
f 5999 5814 6001
f 5813 5814 5999
f 5996 5813 5999
f 6710 6298 6300
f 6712 6710 6300
f 6707 6298 6710
f 6705 6298 6707
f 6296 6298 6705
f 6703 6296 6705
f 6295 6296 6703
f 6700 6295 6703
f 6701 6295 6700
f 6292 6295 6701
f 6290 6292 6701
f 6286 6290 6701
f 6699 6286 6701
f 6285 6286 6699
f 6696 6285 6699
f 6695 6285 6696
f 6281 6285 6695
f 6280 6281 6695
f 6691 6280 6695
f 6689 6280 6691
f 6278 6280 6689
f 6687 6278 6689
f 6276 6278 6687
f 6686 6276 6687
f 6272 6276 6686
f 6270 6272 6686
f 6678 6270 6686
f 6269 6270 6678
f 6676 6269 6678
f 6673 6269 6676
f 6267 6269 6673
f 6671 6267 6673
f 6672 6267 6671
f 6265 6267 6672
f 6263 6265 6672
f 6261 6263 6672
f 6669 6261 6672
f 6666 6261 6669
f 6665 6261 6666
f 6260 6261 6665
f 6661 6260 6665
f 6663 6260 6661
f 6258 6260 6663
f 6255 6258 6663
f 6253 6255 6663
f 6662 6253 6663
f 6252 6253 6662
f 6658 6252 6662
f 6657 6252 6658
f 6250 6252 6657
f 6654 6250 6657
f 6247 6250 6654
f 6651 6247 6654
f 6246 6247 6651
f 6649 6246 6651
f 6647 6246 6649
f 6244 6246 6647
f 6645 6244 6647
f 6243 6244 6645
f 6642 6243 6645
f 6640 6243 6642
f 6241 6243 6640
f 6638 6241 6640
f 6240 6241 6638
f 6636 6240 6638
f 6235 6240 6636
f 6635 6235 6636
f 6232 6235 6635
f 6230 6232 6635
f 6633 6230 6635
f 6229 6230 6633
f 6227 6229 6633
f 6631 6227 6633
f 6226 6227 6631
f 6627 6226 6631
f 6629 6226 6627
f 6224 6226 6629
f 6220 6224 6629
f 6630 6220 6629
f 6217 6220 6630
f 6215 6217 6630
f 6628 6215 6630
f 6213 6215 6628
f 6626 6213 6628
f 6211 6213 6626
f 6624 6211 6626
f 6621 6211 6624
f 6620 6211 6621
f 6210 6211 6620
f 6616 6210 6620
f 6615 6210 6616
f 6208 6210 6615
f 6205 6208 6615
f 6613 6205 6615
f 6203 6205 6613
f 6611 6203 6613
f 6202 6203 6611
f 6609 6202 6611
f 6607 6202 6609
f 6199 6202 6607
f 6198 6199 6607
f 6606 6198 6607
f 6196 6198 6606
f 6603 6196 6606
f 6598 6196 6603
f 6194 6196 6598
f 6596 6194 6598
f 6595 6194 6596
f 6192 6194 6595
f 6189 6192 6595
f 6594 6189 6595
f 6186 6189 6594
f 6185 6186 6594
f 6591 6185 6594
f 6588 6185 6591
f 6184 6185 6588
f 6586 6184 6588
f 6585 6184 6586
f 6179 6184 6585
f 6177 6179 6585
f 6583 6177 6585
f 6175 6177 6583
f 6582 6175 6583
f 6173 6175 6582
f 6172 6173 6582
f 6579 6172 6582
f 6577 6172 6579
f 11308 10926 10928
f 10930 11308 10928
f 11310 11308 10930
f 11314 11310 10930
f 10931 11314 10930
f 11316 11314 10931
f 10933 11316 10931
f 11318 11316 10933
f 10935 11318 10933
f 11319 11318 10935
f 11322 11319 10935
f 10937 11322 10935
f 10940 11322 10937
f 11321 11322 10940
f 10950 11321 10940
f 10951 11321 10950
f 11320 11321 10951
f 11324 11320 10951
f 10952 11324 10951
f 11325 11324 10952
f 11327 11325 10952
f 11330 11327 10952
f 10953 11330 10952
f 10956 11330 10953
f 11331 11330 10956
f 11334 11331 10956
f 10957 11334 10956
f 10960 11334 10957
f 11335 11334 10960
f 11338 11335 10960
f 10961 11338 10960
f 10964 11338 10961
f 10984 11338 10964
f 10987 11338 10984
f 11306 10926 11308
f 11305 10926 11306
f 10919 10926 11305
f 10918 10919 11305
f 11303 10918 11305
f 11302 10918 11303
f 10915 10918 11302
f 10913 10915 11302
f 11301 10913 11302
f 10910 10913 11301
f 10908 10910 11301
f 11298 10908 11301
f 10906 10908 11298
f 11297 10906 11298
f 10904 10906 11297
f 11294 10904 11297
f 10903 10904 11294
f 11293 10903 11294
f 11290 10903 11293
f 10901 10903 11290
f 11288 10901 11290
f 10900 10901 11288
f 11285 10900 11288
f 11284 10900 11285
f 10896 10900 11284
f 10894 10896 11284
f 11282 10894 11284
f 10892 10894 11282
f 11280 10892 11282
f 10891 10892 11280
f 11278 10891 11280
f 11279 10891 11278
f 10890 10891 11279
f 12321 10890 11279
f 12323 12321 11279
f 11277 12323 11279
f 10861 12323 11277
f 10859 10861 11277
f 11275 10859 11277
f 10858 10859 11275
f 11273 10858 11275
f 11271 10858 11273
f 10856 10858 11271
f 11269 10856 11271
f 10855 10856 11269
f 11267 10855 11269
f 10844 10855 11267
f 11265 10844 11267
f 10842 10844 11265
f 11263 10842 11265
f 10841 10842 11263
f 11261 10841 11263
f 10839 10841 11261
f 11259 10839 11261
f 10838 10839 11259
f 11258 10838 11259
f 10835 10838 11258
f 10834 10835 11258
f 11255 10834 11258
f 11252 10834 11255
f 10832 10834 11252
f 11249 10832 11252
f 11248 10832 11249
f 10830 10832 11248
f 11246 10830 11248
f 10828 10830 11246
f 11245 10828 11246
f 10824 10828 11245
f 10822 10824 11245
f 11244 10822 11245
f 11241 10822 11244
f 10821 10822 11241
f 11238 10821 11241
f 11237 10821 11238
f 10818 10821 11237
f 10817 10818 11237
f 11235 10817 11237
f 11232 10817 11235
f 11233 10817 11232
f 10814 10817 11233
f 10813 10814 11233
f 7231 7447 7446
f 7230 7231 7446
f 7450 7447 7231
f 7233 7450 7231
f 7433 7446 7444
f 7432 7433 7444
f 7437 7432 7444
f 7441 7437 7444
f 7230 7446 7433
f 7434 7230 7433
f 7227 7230 7434
f 7224 7227 7434
f 7431 7224 7434
f 7221 7224 7431
f 7430 7221 7431
f 7220 7221 7430
f 7426 7220 7430
f 7425 7220 7426
f 7218 7220 7425
f 7422 7218 7425
f 7216 7218 7422
f 7419 7216 7422
f 7214 7216 7419
f 7417 7214 7419
f 7212 7214 7417
f 7416 7212 7417
f 7210 7212 7416
f 7209 7210 7416
f 7413 7209 7416
f 7412 7209 7413
f 7207 7209 7412
f 7205 7207 7412
f 7410 7205 7412
f 7204 7205 7410
f 7409 7204 7410
f 12399 7204 7409
f 12401 12399 7409
f 7405 12401 7409
f 7401 12401 7405
f 7143 7372 7369
f 7368 7143 7369
f 7140 7143 7368
f 7139 7140 7368
f 7365 7139 7368
f 7362 7139 7365
f 7137 7139 7362
f 7359 7137 7362
f 7135 7137 7359
f 7357 7135 7359
f 7133 7135 7357
f 7356 7133 7357
f 7132 7133 7356
f 7352 7132 7356
f 7350 7132 7352
f 7348 7132 7350
f 7130 7132 7348
f 7346 7130 7348
f 7128 7130 7346
f 7343 7128 7346
f 7126 7128 7343
f 7340 7126 7343
f 7339 7126 7340
f 7124 7126 7339
f 7337 7124 7339
f 7123 7124 7337
f 7336 7123 7337
f 7335 7123 7336
f 7121 7123 7335
f 7112 7121 7335
f 7111 7112 7335
f 7333 7111 7335
f 7327 7111 7333
f 7109 7111 7327
f 7324 7109 7327
f 7108 7109 7324
f 7321 7108 7324
f 7318 7108 7321
f 7317 7108 7318
f 7105 7108 7317
f 7103 7105 7317
f 7315 7103 7317
f 7102 7103 7315
f 7313 7102 7315
f 7097 7102 7313
f 7311 7097 7313
f 7095 7097 7311
f 7310 7095 7311
f 7093 7095 7310
f 7304 7093 7310
f 7092 7093 7304
f 7301 7092 7304
f 7299 7092 7301
f 7090 7092 7299
f 7295 7090 7299
f 7297 7090 7295
f 7088 7090 7297
f 12402 7088 7297
f 7296 12402 7297
f 12404 12402 7296
f 7075 12404 7296
f 7074 7075 7296
f 7294 7074 7296
f 7291 7074 7294
f 7288 7074 7291
f 7286 7074 7288
f 7073 7074 7286
f 7284 7073 7286
f 7070 7073 7284
f 7068 7070 7284
f 7066 7068 7284
f 7280 7066 7284
f 7065 7066 7280
f 7282 7065 7280
f 7144 7372 7143
f 7373 7372 7144
f 7146 7373 7144
f 7375 7373 7146
f 7148 7375 7146
f 7378 7375 7148
f 7150 7378 7148
f 7379 7378 7150
f 7382 7379 7150
f 7152 7382 7150
f 7384 7382 7152
f 7154 7384 7152
f 7386 7384 7154
f 7389 7386 7154
f 7155 7389 7154
f 7159 7389 7155
f 7390 7389 7159
f 7183 7390 7159
f 7184 7390 7183
f 7391 7390 7184
f 7395 7391 7184
f 7185 7395 7184
f 7396 7395 7185
f 7188 7396 7185
f 7399 7396 7188
f 7189 7399 7188
f 7192 7399 7189
f 7400 7399 7192
f 7402 7400 7192
f 7193 7402 7192
f 7195 7402 7193
f 12401 7402 7195
f 7401 7402 12401
f 7141 7145 7142
f 7622 7370 7371
f 7374 7622 7371
f 7376 7622 7374
f 7621 7622 7376
f 7377 7621 7376
f 7380 7621 7377
f 7619 7621 7380
f 7623 7619 7380
f 7381 7623 7380
f 7383 7623 7381
f 7620 7370 7622
f 7366 7370 7620
f 7618 7366 7620
f 7364 7366 7618
f 7615 7364 7618
f 7363 7364 7615
f 7613 7363 7615
f 7611 7363 7613
f 7360 7363 7611
f 7610 7360 7611
f 7358 7360 7610
f 7608 7358 7610
f 7355 7358 7608
f 7354 7355 7608
f 7606 7354 7608
f 7604 7354 7606
f 7353 7354 7604
f 7602 7353 7604
f 7599 7353 7602
f 7351 7353 7599
f 7597 7351 7599
f 7349 7351 7597
f 7595 7349 7597
f 7347 7349 7595
f 7593 7347 7595
f 7345 7347 7593
f 7591 7345 7593
f 7344 7345 7591
f 7588 7344 7591
f 7587 7344 7588
f 7341 7344 7587
f 7585 7341 7587
f 7584 7341 7585
f 7338 7341 7584
f 7334 7338 7584
f 7582 7334 7584
f 7332 7334 7582
f 7575 7332 7582
f 7330 7332 7575
f 7573 7330 7575
f 7329 7330 7573
f 7571 7329 7573
f 7570 7329 7571
f 7326 7329 7570
f 7325 7326 7570
f 7567 7325 7570
f 7566 7325 7567
f 7323 7325 7566
f 7322 7323 7566
f 7563 7322 7566
f 7562 7322 7563
f 7320 7322 7562
f 7559 7320 7562
f 7319 7320 7559
f 7556 7319 7559
f 7557 7319 7556
f 7316 7319 7557
f 7314 7316 7557
f 7312 7314 7557
f 7551 7312 7557
f 7550 7312 7551
f 7309 7312 7550
f 7308 7309 7550
f 7548 7308 7550
f 7307 7308 7548
f 7547 7307 7548
f 10095 9536 9538
f 10097 10095 9538
f 9540 10097 9538
f 10099 10097 9540
f 9542 10099 9540
f 10101 10099 9542
f 9548 10101 9542
f 9550 10101 9548
f 10100 10101 9550
f 10105 10100 9550
f 9552 10105 9550
f 10117 10105 9552
f 9553 10117 9552
f 10118 10117 9553
f 9555 10118 9553
f 10121 10118 9555
f 9557 10121 9555
f 10123 10121 9557
f 9560 10123 9557
f 10125 10123 9560
f 10127 10125 9560
f 9564 10127 9560
f 10128 10127 9564
f 9566 10128 9564
f 10130 10128 9566
f 9571 10130 9566
f 9573 10130 9571
f 10132 10130 9573
f 9574 10132 9573
f 10134 10132 9574
f 10137 10134 9574
f 9575 10137 9574
f 9579 10137 9575
f 10138 10137 9579
f 9580 10138 9579
f 10140 10138 9580
f 10143 10140 9580
f 10146 10143 9580
f 9582 10146 9580
f 9584 10146 9582
f 10145 10146 9584
f 10148 10145 9584
f 9585 10148 9584
f 10150 10148 9585
f 9586 10150 9585
f 10152 10150 9586
f 10155 10152 9586
f 9588 10155 9586
f 9590 10155 9588
f 9593 10155 9590
f 10093 9536 10095
f 9534 9536 10093
f 10091 9534 10093
f 9532 9534 10091
f 10089 9532 10091
f 9530 9532 10089
f 10087 9530 10089
f 9529 9530 10087
f 10079 9529 10087
f 10078 9529 10079
f 9527 9529 10078
f 10030 9527 10078
f 10029 9527 10030
f 9525 9527 10029
f 9523 9525 10029
f 10026 9523 10029
f 10025 9523 10026
f 9519 9523 10025
f 9518 9519 10025
f 10021 9518 10025
f 10019 9518 10021
f 9517 9518 10019
f 10017 9517 10019
f 9516 9517 10017
f 10015 9516 10017
f 10011 9516 10015
f 9514 9516 10011
f 10010 9514 10011
f 9509 9514 10010
f 10008 9509 10010
f 9508 9509 10008
f 10005 9508 10008
f 10002 9508 10005
f 9507 9508 10002
f 9999 9507 10002
f 9997 9507 9999
f 9506 9507 9997
f 9995 9506 9997
f 8866 9535 9533
f 8865 8866 9533
f 9531 8865 9533
f 9528 8865 9531
f 9526 8865 9528
f 8864 8865 9526
f 9524 8864 9526
f 12351 8864 9524
f 8858 12351 9524
f 9521 8858 9524
f 9522 8858 9521
f 8855 8858 9522
f 8854 8855 9522
f 8847 8854 9522
f 9520 8847 9522
f 8846 8847 9520
f 9515 8846 9520
f 9513 8846 9515
f 9512 8846 9513
f 8843 8846 9512
f 8841 8843 9512
f 8840 8841 9512
f 9510 8840 9512
f 8867 9535 8866
f 8872 9535 8867
f 8874 9535 8872
f 9537 9535 8874
f 9539 9537 8874
f 8875 9539 8874
f 9541 9539 8875
f 9544 9541 8875
f 8876 9544 8875
f 9546 9544 8876
f 8878 9546 8876
f 8880 9546 8878
f 8884 9546 8880
f 9545 9546 8884
f 8886 9545 8884
f 9547 9545 8886
f 9549 9547 8886
f 8889 9549 8886
f 9551 9549 8889
f 9554 9551 8889
f 8890 9554 8889
f 8893 9554 8890
f 9556 9554 8893
f 9558 9556 8893
f 8895 9558 8893
f 9559 9558 8895
f 9562 9559 8895
f 12350 9562 8895
f 12348 9562 12350
f 8910 9562 12348
f 9563 9562 8910
f 8911 9563 8910
f 9565 9563 8911
f 8912 9565 8911
f 9567 9565 8912
f 9569 9567 8912
f 8914 9569 8912
f 8916 9569 8914
f 9570 9569 8916
f 8918 9570 8916
f 9572 9570 8918
f 9576 9572 8918
f 8919 9576 8918
f 8922 9576 8919
f 9577 9576 8922
f 8924 9577 8922
f 9578 9577 8924
f 9581 9578 8924
f 8925 9581 8924
f 9583 9581 8925
f 9587 9583 8925
f 8926 9587 8925
f 9589 9587 8926
f 8929 9589 8926
f 9591 9589 8929
f 8931 9591 8929
f 9602 9591 8931
f 9592 9591 9602
f 9595 9592 9602
f 11595 11309 11311
f 11594 11595 11311
f 11312 11594 11311
f 11597 11594 11312
f 11600 11597 11312
f 11313 11600 11312
f 11602 11600 11313
f 11315 11602 11313
f 11323 11602 11315
f 11326 11602 11323
f 11601 11602 11326
f 11328 11601 11326
f 11603 11601 11328
f 11606 11603 11328
f 11329 11606 11328
f 11332 11606 11329
f 11340 11606 11332
f 11605 11606 11340
f 11608 11605 11340
f 11341 11608 11340
f 11610 11608 11341
f 11343 11610 11341
f 11612 11610 11343
f 11345 11612 11343
f 11347 11612 11345
f 11613 11612 11347
f 11616 11613 11347
f 11618 11616 11347
f 11348 11618 11347
f 11620 11618 11348
f 11623 11620 11348
f 11355 11623 11348
f 11624 11623 11355
f 11356 11624 11355
f 11626 11624 11356
f 11629 11626 11356
f 11357 11629 11356
f 11630 11629 11357
f 11633 11630 11357
f 11358 11633 11357
f 11635 11633 11358
f 11359 11635 11358
f 11637 11635 11359
f 11361 11637 11359
f 11364 11637 11361
f 11638 11637 11364
f 11641 11638 11364
f 11365 11641 11364
f 11368 11641 11365
f 11642 11641 11368
f 11369 11642 11368
f 11645 11642 11369
f 11648 11645 11369
f 11372 11648 11369
f 11649 11648 11372
f 11374 11649 11372
f 11378 11649 11374
f 11652 11649 11378
f 11655 11652 11378
f 11379 11655 11378
f 11381 11655 11379
f 11384 11655 11381
f 11654 11655 11384
f 11657 11654 11384
f 11385 11657 11384
f 11387 11657 11385
f 11658 11657 11387
f 11661 11658 11387
f 11388 11661 11387
f 11663 11661 11388
f 11666 11663 11388
f 11389 11666 11388
f 11591 11309 11595
f 11307 11309 11591
f 11590 11307 11591
f 11304 11307 11590
f 11299 11304 11590
f 11589 11299 11590
f 11296 11299 11589
f 11295 11296 11589
f 11585 11295 11589
f 11586 11295 11585
f 11292 11295 11586
f 11291 11292 11586
f 11583 11291 11586
f 11581 11291 11583
f 11289 11291 11581
f 11579 11289 11581
f 11287 11289 11579
f 11578 11287 11579
f 11286 11287 11578
f 11272 11286 11578
f 11576 11272 11578
f 11270 11272 11576
f 11574 11270 11576
f 11268 11270 11574
f 11572 11268 11574
f 11266 11268 11572
f 11569 11266 11572
f 11567 11266 11569
f 11264 11266 11567
f 11565 11264 11567
f 11262 11264 11565
f 11564 11262 11565
f 11260 11262 11564
f 11257 11260 11564
f 11563 11257 11564
f 11256 11257 11563
f 11561 11256 11563
f 11559 11256 11561
f 11253 11256 11559
f 11557 11253 11559
f 11251 11253 11557
f 11556 11251 11557
f 11250 11251 11556
f 9988 9992 9989
f 9986 9988 9989
f 9995 9992 9988
f 9506 9995 9988
f 9504 9506 9988
f 9987 9504 9988
f 9502 9504 9987
f 9984 9502 9987
f 9500 9502 9984
f 9981 9500 9984
f 9980 9500 9981
f 9499 9500 9980
f 9498 9499 9980
f 9977 9498 9980
f 9975 9498 9977
f 9496 9498 9975
f 9973 9496 9975
f 9495 9496 9973
f 9971 9495 9973
f 9948 9495 9971
f 9493 9495 9948
f 9949 9493 9948
f 9492 9493 9949
f 9483 9492 9949
f 9950 9483 9949
f 9970 9483 9950
f 9481 9483 9970
f 9954 9481 9970
f 9969 9481 9954
f 9480 9481 9969
f 9968 9480 9969
f 9479 9480 9968
f 9961 9479 9968
f 9967 9479 9961
f 9476 9479 9967
f 9474 9476 9967
f 9963 9474 9967
f 9473 9474 9963
f 9964 9473 9963
f 9966 9473 9964
f 9471 9473 9966
f 9468 9471 9966
f 9466 9468 9966
f 9965 9466 9966
f 9463 9466 9965
f 9962 9463 9965
f 9461 9463 9962
f 9960 9461 9962
f 9958 9461 9960
f 9459 9461 9958
f 9956 9459 9958
f 9458 9459 9956
f 9953 9458 9956
f 9951 9458 9953
f 9456 9458 9951
f 9952 9456 9951
f 9453 9456 9952
f 9451 9453 9952
f 9450 9451 9952
f 9946 9450 9952
f 9944 9450 9946
f 9447 9450 9944
f 9942 9447 9944
f 9446 9447 9942
f 9939 9446 9942
f 9936 9446 9939
f 9444 9446 9936
f 9934 9444 9936
f 9442 9444 9934
f 9933 9442 9934
f 9441 9442 9933
f 9219 9441 9933
f 9217 9219 9933
f 9931 9217 9933
f 9929 9217 9931
f 9215 9217 9929
f 9927 9215 9929
f 9214 9215 9927
f 9213 9214 9927
f 9924 9213 9927
f 9921 9213 9924
f 9919 9213 9921
f 9211 9213 9919
f 9918 9211 9919
f 9208 9211 9918
f 9207 9208 9918
f 9915 9207 9918
f 9912 9207 9915
f 9911 9207 9912
f 9206 9207 9911
f 9908 9206 9911
f 9909 9206 9908
f 9203 9206 9909
f 9199 9203 9909
f 9198 9199 9909
f 9906 9198 9909
f 9904 9198 9906
f 9196 9198 9904
f 9905 9196 9904
f 9185 9196 9905
f 9180 9185 9905
f 9178 9180 9905
f 9902 9178 9905
f 9900 9178 9902
f 9176 9178 9900
f 9897 9176 9900
f 9893 9176 9897
f 9177 9176 9893
f 9895 9177 9893
f 8360 8857 8856
f 8359 8360 8856
f 8853 8359 8856
f 8852 8359 8853
f 8356 8359 8852
f 8353 8356 8852
f 8850 8353 8852
f 8351 8353 8850
f 8849 8351 8850
f 8348 8351 8849
f 8347 8348 8849
f 8844 8347 8849
f 8842 8347 8844
f 8344 8347 8842
f 8839 8344 8842
f 8837 8344 8839
f 8343 8344 8837
f 8835 8343 8837
f 8341 8343 8835
f 8832 8341 8835
f 8830 8341 8832
f 8339 8341 8830
f 8828 8339 8830
f 8338 8339 8828
f 8826 8338 8828
f 8335 8338 8826
f 8334 8335 8826
f 8823 8334 8826
f 8822 8334 8823
f 8331 8334 8822
f 8330 8331 8822
f 8819 8330 8822
f 8817 8330 8819
f 8328 8330 8817
f 8816 8328 8817
f 8326 8328 8816
f 8321 8326 8816
f 8809 8321 8816
f 8319 8321 8809
f 8807 8319 8809
f 8799 8319 8807
f 8318 8319 8799
f 8796 8318 8799
f 8794 8318 8796
f 8316 8318 8794
f 8791 8316 8794
f 8790 8316 8791
f 8314 8316 8790
f 8788 8314 8790
f 8313 8314 8788
f 8781 8313 8788
f 8780 8313 8781
f 8311 8313 8780
f 8776 8311 8780
f 8775 8311 8776
f 8309 8311 8775
f 8773 8309 8775
f 8307 8309 8773
f 8771 8307 8773
f 8306 8307 8771
f 8768 8306 8771
f 8769 8306 8768
f 8303 8306 8769
f 8302 8303 8769
f 8766 8302 8769
f 8764 8302 8766
f 8301 8302 8764
f 8763 8301 8764
f 8298 8301 8763
f 8297 8298 8763
f 8760 8297 8763
f 8758 8297 8760
f 8295 8297 8758
f 8756 8295 8758
f 8292 8295 8756
f 8754 8292 8756
f 8290 8292 8754
f 8753 8290 8754
f 8288 8290 8753
f 8287 8288 8753
f 8750 8287 8753
f 8749 8287 8750
f 8284 8287 8749
f 8282 8284 8749
f 8747 8282 8749
f 8281 8282 8747
f 8744 8281 8747
f 8742 8281 8744
f 8280 8281 8742
f 8739 8280 8742
f 8736 8280 8739
f 8737 8280 8736
f 8278 8280 8737
f 8276 8278 8737
f 8735 8276 8737
f 8275 8276 8735
f 8733 8275 8735
f 8730 8275 8733
f 8271 8275 8730
f 8727 8271 8730
f 8270 8271 8727
f 8725 8270 8727
f 8268 8270 8725
f 8722 8268 8725
f 8723 8268 8722
f 8265 8268 8723
f 8263 8265 8723
f 8719 8263 8723
f 8717 8263 8719
f 8261 8263 8717
f 8259 8261 8717
f 8715 8259 8717
f 8258 8259 8715
f 8713 8258 8715
f 8712 8258 8713
f 8251 8258 8712
f 8249 8251 8712
f 8710 8249 8712
f 8248 8249 8710
f 8707 8248 8710
f 8705 8248 8707
f 8246 8248 8705
f 8703 8246 8705
f 8244 8246 8703
f 8701 8244 8703
f 8243 8244 8701
f 8699 8243 8701
f 8242 8243 8699
f 8362 8857 8360
f 8861 8857 8362
f 8869 8861 8362
f 8363 8869 8362
f 8366 8869 8363
f 8870 8869 8366
f 8370 8870 8366
f 8871 8870 8370
f 8873 8871 8370
f 8877 8873 8370
f 8371 8877 8370
f 8879 8877 8371
f 8373 8879 8371
f 8881 8879 8373
f 8374 8881 8373
f 8882 8881 8374
f 8377 8882 8374
f 8380 8882 8377
f 8383 8882 8380
f 8883 8882 8383
f 8384 8883 8383
f 8885 8883 8384
f 8386 8885 8384
f 8887 8885 8386
f 8388 8887 8386
f 8888 8887 8388
f 8389 8888 8388
f 8891 8888 8389
f 8391 8891 8389
f 8394 8891 8391
f 8892 8891 8394
f 8894 8892 8394
f 8897 8894 8394
f 8395 8897 8394
f 8400 8897 8395
f 8898 8897 8400
f 8401 8898 8400
f 8900 8898 8401
f 8403 8900 8401
f 8902 8900 8403
f 8905 8902 8403
f 8404 8905 8403
f 8906 8905 8404
f 8407 8906 8404
f 7916 8354 8355
f 7914 7916 8355
f 8352 7914 8355
f 7912 7914 8352
f 8350 7912 8352
f 7910 7912 8350
f 8349 7910 8350
f 7907 7910 8349
f 8346 7907 8349
f 7906 7907 8346
f 8342 7906 8346
f 8340 7906 8342
f 7905 7906 8340
f 8337 7905 8340
f 7903 7905 8337
f 8336 7903 8337
f 7901 7903 8336
f 7899 7901 8336
f 8333 7899 8336
f 8332 7899 8333
f 7897 7899 8332
f 8329 7897 8332
f 7895 7897 8329
f 8327 7895 8329
f 7894 7895 8327
f 8325 7894 8327
f 7892 7894 8325
f 8324 7892 8325
f 7889 7892 8324
f 7885 7889 8324
f 8323 7885 8324
f 7883 7885 8323
f 7881 7883 8323
f 8320 7881 8323
f 8317 7881 8320
f 8315 7881 8317
f 7880 7881 8315
f 8312 7880 8315
f 8310 7880 8312
f 7878 7880 8310
f 8308 7878 8310
f 7877 7878 8308
f 8305 7877 8308
f 7875 7877 8305
f 8304 7875 8305
f 7873 7875 8304
f 7871 7873 8304
f 8300 7871 8304
f 8299 7871 8300
f 7870 7871 8299
f 8296 7870 8299
f 8293 7870 8296
f 8294 7870 8293
f 7866 7870 8294
f 8357 8354 7916
f 7918 8357 7916
f 7924 8357 7918
f 8358 8357 7924
f 7925 8358 7924
f 8361 8358 7925
f 8364 8361 7925
f 7926 8364 7925
f 8365 8364 7926
f 8368 8365 7926
f 7927 8368 7926
f 7930 8368 7927
f 7942 8368 7930
f 9489 8838 8840
f 9510 9489 8840
f 9488 8838 9489
f 8836 8838 9488
f 9486 8836 9488
f 8834 8836 9486
f 9484 8834 9486
f 8833 8834 9484
f 9482 8833 9484
f 9478 8833 9482
f 9477 8833 9478
f 8831 8833 9477
f 9475 8831 9477
f 8829 8831 9475
f 8827 8829 9475
f 9472 8827 9475
f 8825 8827 9472
f 9470 8825 9472
f 8824 8825 9470
f 9469 8824 9470
f 8821 8824 9469
f 8820 8821 9469
f 9467 8820 9469
f 9465 8820 9467
f 8818 8820 9465
f 9464 8818 9465
f 8815 8818 9464
f 8814 8815 9464
f 9462 8814 9464
f 9460 8814 9462
f 8813 8814 9460
f 9457 8813 9460
f 9455 8813 9457
f 8811 8813 9455
f 9454 8811 9455
f 8808 8811 9454
f 8806 8808 9454
f 9452 8806 9454
f 8805 8806 9452
f 9449 8805 9452
f 9448 8805 9449
f 8804 8805 9448
f 9445 8804 9448
f 9443 8804 9445
f 8803 8804 9443
f 9440 8803 9443
f 9439 8803 9440
f 8802 8803 9439
f 9224 8802 9439
f 9226 8802 9224
f 9438 8802 9226
f 8800 8802 9438
f 9437 8800 9438
f 8793 8800 9437
f 9436 8793 9437
f 8792 8793 9436
f 9322 8792 9436
f 8789 8792 9322
f 8787 8789 9322
f 9321 8787 9322
f 8786 8787 9321
f 9313 8786 9321
f 8785 8786 9313
f 9309 8785 9313
f 9308 8785 9309
f 8784 8785 9308
f 9305 8784 9308
f 9303 8784 9305
f 8783 8784 9303
f 9301 8783 9303
f 8778 8783 9301
f 9287 8778 9301
f 8777 8778 9287
f 9289 8777 9287
f 9295 8777 9289
f 8774 8777 9295
f 9297 8774 9295
f 8772 8774 9297
f 9299 8772 9297
f 8770 8772 9299
f 8767 8770 9299
f 9300 8767 9299
f 8765 8767 9300
f 8762 8765 9300
f 8761 8762 9300
f 9298 8761 9300
f 9296 8761 9298
f 8759 8761 9296
f 9292 8759 9296
f 8757 8759 9292
f 9293 8757 9292
f 8755 8757 9293
f 8751 8755 9293
f 9294 8751 9293
f 8748 8751 9294
f 8746 8748 9294
f 9291 8746 9294
f 8745 8746 9291
f 9288 8745 9291
f 9283 8745 9288
f 8743 8745 9283
f 9281 8743 9283
f 8741 8743 9281
f 9280 8741 9281
f 8740 8741 9280
f 9272 8740 9280
f 9270 8740 9272
f 8738 8740 9270
f 9269 8738 9270
f 8734 8738 9269
f 8732 8734 9269
f 8731 8732 9269
f 9265 8731 9269
f 9263 8731 9265
f 9261 8731 9263
f 8728 8731 9261
f 9258 8728 9261
f 8726 8728 9258
f 9256 8726 9258
f 8724 8726 9256
f 9254 8724 9256
f 8721 8724 9254
f 9249 8721 9254
f 8720 8721 9249
f 9250 8720 9249
f 8718 8720 9250
f 8716 8718 9250
f 9251 8716 9250
f 8714 8716 9251
f 9252 8714 9251
f 8711 8714 9252
f 8709 8711 9252
f 8708 8709 9252
f 9244 8708 9252
f 9243 8708 9244
f 8706 8708 9243
f 9241 8706 9243
f 8704 8706 9241
f 9240 8704 9241
f 8702 8704 9240
f 9237 8702 9240
f 8700 8702 9237
f 9236 8700 9237
f 8698 8700 9236
f 8697 8698 9236
f 9234 8697 9236
f 8696 8697 9234
f 9231 8696 9234
f 9230 8696 9231
f 8694 8696 9230
f 9228 8694 9230
f 8693 8694 9228
f 9225 8693 9228
f 9222 8693 9225
f 9221 8693 9222
f 8690 8693 9221
f 8689 8690 9221
f 9218 8689 9221
f 9216 8689 9218
f 8687 8689 9216
f 9212 8687 9216
f 9210 8687 9212
f 8685 8687 9210
f 9209 8685 9210
f 8684 8685 9209
f 9205 8684 9209
f 9204 8684 9205
f 8682 8684 9204
f 8677 8682 9204
f 8676 8677 9204
f 9202 8676 9204
f 9201 8676 9202
f 8673 8676 9201
f 8672 8673 9201
f 9197 8672 9201
f 9195 8672 9197
f 8671 8672 9195
f 9188 8671 9195
f 9190 8671 9188
f 8669 8671 9190
f 9194 8669 9190
f 8667 8669 9194
f 8665 8667 9194
f 9193 8665 9194
f 8663 8665 9193
f 8661 8663 9193
f 9192 8661 9193
f 8659 8661 9192
f 8658 8659 9192
f 9189 8658 9192
f 9187 8658 9189
f 8657 8658 9187
f 9184 8657 9187
f 9183 8657 9184
f 8655 8657 9183
f 8653 8655 9183
f 9182 8653 9183
f 8650 8653 9182
f 8647 8650 9182
f 9179 8647 9182
f 9173 8647 9179
f 9175 8647 9173
f 8648 8647 9175
f 7603 7911 7909
f 7601 7603 7909
f 7908 7601 7909
f 7600 7601 7908
f 7904 7600 7908
f 7902 7600 7904
f 7598 7600 7902
f 7900 7598 7902
f 7596 7598 7900
f 7898 7596 7900
f 7594 7596 7898
f 7896 7594 7898
f 7592 7594 7896
f 7893 7592 7896
f 7590 7592 7893
f 7891 7590 7893
f 7589 7590 7891
f 7890 7589 7891
f 7580 7589 7890
f 7579 7580 7890
f 7886 7579 7890
f 7887 7579 7886
f 7578 7579 7887
f 7888 7578 7887
f 7572 7578 7888
f 7569 7572 7888
f 7568 7569 7888
f 7884 7568 7888
f 7882 7568 7884
f 7565 7568 7882
f 7879 7565 7882
f 7564 7565 7879
f 7876 7564 7879
f 7874 7564 7876
f 7561 7564 7874
f 7560 7561 7874
f 7872 7560 7874
f 7869 7560 7872
f 7867 7560 7869
f 7868 7560 7867
f 7558 7560 7868
f 7555 7558 7868
f 7554 7555 7868
f 7865 7554 7868
f 7863 7554 7865
f 7553 7554 7863
f 7864 7553 7863
f 12395 7553 7864
f 7545 12395 7864
f 7544 7545 7864
f 7857 7544 7864
f 7855 7544 7857
f 7543 7544 7855
f 7852 7543 7855
f 7851 7543 7852
f 7541 7543 7851
f 7540 7541 7851
f 7848 7540 7851
f 7846 7540 7848
f 7539 7540 7846
f 7844 7539 7846
f 7842 7539 7844
f 7538 7539 7842
f 7840 7538 7842
f 7837 7538 7840
f 7536 7538 7837
f 7835 7536 7837
f 7535 7536 7835
f 7836 7535 7835
f 7529 7535 7836
f 7526 7529 7836
f 7525 7526 7836
f 7833 7525 7836
f 7831 7525 7833
f 7829 7525 7831
f 7523 7525 7829
f 7828 7523 7829
f 7520 7523 7828
f 7519 7520 7828
f 7822 7519 7828
f 7821 7519 7822
f 7517 7519 7821
f 7818 7517 7821
f 7816 7517 7818
f 7516 7517 7816
f 7817 7516 7816
f 7513 7516 7817
f 7605 7911 7603
f 7913 7911 7605
f 7607 7913 7605
f 7915 7913 7607
f 7917 7915 7607
f 7609 7917 7607
f 7920 7917 7609
f 7612 7920 7609
f 7919 7920 7612
f 7922 7919 7612
f 7624 7922 7612
f 7626 7922 7624
f 7923 7922 7626
f 9489 9510 9503
f 9501 9489 9503
f 9490 9489 9501
f 9497 9490 9501
f 9494 9490 9497
f 9491 9490 9494
f 9487 9490 9491
f 6907 7141 7138
f 7136 6907 7138
f 6905 6907 7136
f 7134 6905 7136
f 6903 6905 7134
f 7131 6903 7134
f 6902 6903 7131
f 7129 6902 7131
f 6898 6902 7129
f 7127 6898 7129
f 6896 6898 7127
f 7125 6896 7127
f 6895 6896 7125
f 7122 6895 7125
f 7119 6895 7122
f 7120 6895 7119
f 6892 6895 7120
f 6890 6892 7120
f 7118 6890 7120
f 6888 6890 7118
f 7117 6888 7118
f 6887 6888 7117
f 7114 6887 7117
f 7115 6887 7114
f 6883 6887 7115
f 6879 6883 7115
f 6877 6879 7115
f 7113 6877 7115
f 6876 6877 7113
f 7110 6876 7113
f 7107 6876 7110
f 7106 6876 7107
f 6874 6876 7106
f 7104 6874 7106
f 6871 6874 7104
f 6870 6871 7104
f 7101 6870 7104
f 7100 6870 7101
f 6867 6870 7100
f 6864 6867 7100
f 7099 6864 7100
f 6863 6864 7099
f 7096 6863 7099
f 7094 6863 7096
f 6862 6863 7094
f 7091 6862 7094
f 7089 6862 7091
f 6859 6862 7089
f 7087 6859 7089
f 6858 6859 7087
f 7085 6858 7087
f 6856 6858 7085
f 7083 6856 7085
f 6855 6856 7083
f 7081 6855 7083
f 6853 6855 7081
f 7080 6853 7081
f 6848 6853 7080
f 6846 6848 7080
f 7077 6846 7080
f 7072 6846 7077
f 7069 6846 7072
f 6845 6846 7069
f 7067 6845 7069
f 6844 6845 7067
f 7062 6844 7067
f 7064 6844 7062
f 6842 6844 7064
f 6908 7141 6907
f 6910 7141 6908
f 6910 7145 7141
f 6913 7145 6910
f 7147 7145 6913
f 6914 7147 6913
f 7149 7147 6914
f 6917 7149 6914
f 7153 7149 6917
f 7156 7153 6917
f 7157 7156 6917
f 6918 7157 6917
f 6922 7157 6918
f 7158 7157 6922
f 7161 7158 6922
f 6923 7161 6922
f 7163 7161 6923
f 6925 7163 6923
f 7165 7163 6925
f 6927 7165 6925
f 7167 7165 6927
f 6929 7167 6927
f 7169 7167 6929
f 6931 7169 6929
f 6933 7169 6931
f 7170 7169 6933
f 6938 7170 6933
f 6942 7170 6938
f 7168 7170 6942
f 7171 7168 6942
f 6944 7171 6942
f 7172 7171 6944
f 7174 7172 6944
f 7177 7174 6944
f 7179 7177 6944
f 6945 7179 6944
f 6948 7179 6945
f 7180 7179 6948
f 6949 7180 6948
f 6955 7180 6949
f 6957 7180 6955
f 7178 7180 6957
f 6958 7178 6957
f 7176 7178 6958
f 6959 7176 6958
f 6962 7176 6959
f 7175 7176 6962
f 7187 7175 6962
f 7190 7187 6962
f 6963 7190 6962
f 6965 7190 6963
f 7191 7190 6965
f 7194 7191 6965
f 7197 7194 6965
f 6966 7197 6965
f 7198 7197 6966
f 6968 7198 6966
f 6971 7198 6968
f 7199 7198 6971
f 6973 7199 6971
f 6975 7199 6973
f 7201 7199 6975
f 6990 7201 6975
f 7203 7201 6990
f 6992 7203 6990
f 6994 7203 6992
f 7202 7203 6994
f 7206 7202 6994
f 6995 7206 6994
f 7211 7206 6995
f 6998 7211 6995
f 6589 6906 6904
f 6587 6589 6904
f 6901 6587 6904
f 6900 6587 6901
f 6584 6587 6900
f 6581 6584 6900
f 6580 6581 6900
f 6897 6580 6900
f 6894 6580 6897
f 6578 6580 6894
f 6893 6578 6894
f 6576 6578 6893
f 6891 6576 6893
f 6575 6576 6891
f 6889 6575 6891
f 6886 6575 6889
f 6884 6575 6886
f 6573 6575 6884
f 6885 6573 6884
f 6570 6573 6885
f 6569 6570 6885
f 6882 6569 6885
f 6881 6569 6882
f 6567 6569 6881
f 6565 6567 6881
f 6878 6565 6881
f 6564 6565 6878
f 6875 6564 6878
f 6562 6564 6875
f 6872 6562 6875
f 6559 6562 6872
f 6873 6559 6872
f 6557 6559 6873
f 6869 6557 6873
f 6868 6557 6869
f 6555 6557 6868
f 6866 6555 6868
f 6553 6555 6866
f 6865 6553 6866
f 6550 6553 6865
f 6860 6550 6865
f 6549 6550 6860
f 6857 6549 6860
f 6854 6549 6857
f 6852 6549 6854
f 6547 6549 6852
f 6546 6547 6852
f 6849 6546 6852
f 6543 6546 6849
f 6850 6543 6849
f 6538 6543 6850
f 6851 6538 6850
f 6536 6538 6851
f 12928 6536 6851
f 6909 6906 6589
f 6590 6909 6589
f 6911 6909 6590
f 8372 8369 8368
f 7942 8372 8368
f 8376 8372 7942
f 7943 8376 7942
f 7945 8376 7943
f 8375 8376 7945
f 8378 8375 7945
f 7947 8378 7945
f 7951 8378 7947
f 8379 8378 7951
f 8381 8379 7951
f 7952 8381 7951
f 7955 8381 7952
f 8382 8381 7955
f 8385 8382 7955
f 7959 8385 7955
f 8387 8385 7959
f 7960 8387 7959
f 8390 8387 7960
f 7961 8390 7960
f 8392 8390 7961
f 7963 8392 7961
f 7967 8392 7963
f 8393 8392 7967
f 8396 8393 7967
f 7968 8396 7967
f 8398 8396 7968
f 7970 8398 7968
f 7973 8398 7970
f 8399 8398 7973
f 7975 8399 7973
f 8402 8399 7975
f 8405 8402 7975
f 7976 8405 7975
f 7979 8405 7976
f 8406 8405 7979
f 8409 8406 7979
f 7980 8409 7979
f 8411 8409 7980
f 7983 8411 7980
f 8413 8411 7983
f 8416 8413 7983
f 7984 8416 7983
f 8418 8416 7984
f 7986 8418 7984
f 8420 8418 7986
f 7988 8420 7986
f 8422 8420 7988
f 7990 8422 7988
f 8424 8422 7990
f 7992 8424 7990
f 7994 8424 7992
f 8000 8424 7994
f 8425 8424 8000
f 8001 8425 8000
f 8427 8425 8001
f 8440 8427 8001
f 8439 8427 8440
f 8426 8427 8439
f 8436 8426 8439
f 8430 8426 8436
f 10854 10863 10857
f 10848 10863 10854
f 10851 10863 10848
f 10864 10863 10851
f 10867 10864 10851
f 10852 10867 10851
f 10869 10867 10852
f 9928 10869 10852
f 9926 9928 10852
f 10850 9926 10852
f 9925 9926 10850
f 10847 9925 10850
f 10846 9925 10847
f 9923 9925 10846
f 9922 9923 10846
f 10843 9922 10846
f 10840 9922 10843
f 9920 9922 10840
f 10837 9920 10840
f 10836 9920 10837
f 9917 9920 10836
f 9916 9917 10836
f 10833 9916 10836
f 10831 9916 10833
f 9914 9916 10831
f 10829 9914 10831
f 9913 9914 10829
f 10825 9913 10829
f 10826 9913 10825
f 9910 9913 10826
f 9907 9910 10826
f 10827 9907 10826
f 9901 9907 10827
f 9899 9901 10827
f 9898 9899 10827
f 10823 9898 10827
f 10820 9898 10823
f 10819 9898 10820
f 9896 9898 10819
f 8240 8683 8681
f 8237 8240 8681
f 8236 8237 8681
f 8680 8236 8681
f 8232 8236 8680
f 8679 8232 8680
f 8229 8232 8679
f 8226 8229 8679
f 8675 8226 8679
f 8674 8226 8675
f 8225 8226 8674
f 8670 8225 8674
f 8668 8225 8670
f 8223 8225 8668
f 8666 8223 8668
f 8220 8223 8666
f 8664 8220 8666
f 8221 8220 8664
f 8686 8683 8240
f 8241 8686 8240
f 8688 8686 8241
f 8691 8688 8241
f 8242 8691 8241
f 8699 8691 8242
f 8692 8691 8699
f 8695 8692 8699
f 11511 11799 11798
f 11510 11511 11798
f 11793 11510 11798
f 11794 11510 11793
f 11507 11510 11794
f 11505 11507 11794
f 11786 11505 11794
f 11785 11505 11786
f 11782 11505 11785
f 11504 11505 11782
f 11783 11504 11782
f 11501 11504 11783
f 11499 11501 11783
f 11784 11499 11783
f 11491 11499 11784
f 11489 11491 11784
f 11780 11489 11784
f 11777 11489 11780
f 11488 11489 11777
f 11776 11488 11777
f 11486 11488 11776
f 11770 11486 11776
f 11769 11486 11770
f 11485 11486 11769
f 11766 11485 11769
f 11481 11485 11766
f 11764 11481 11766
f 11479 11481 11764
f 11762 11479 11764
f 11477 11479 11762
f 11760 11477 11762
f 11476 11477 11760
f 11758 11476 11760
f 11475 11476 11758
f 11757 11475 11758
f 11470 11475 11757
f 11469 11470 11757
f 12300 11469 11757
f 11513 11799 11511
f 11516 11799 11513
f 11800 11799 11516
f 11802 11800 11516
f 11518 11802 11516
f 11804 11802 11518
f 11520 11804 11518
f 12286 11804 11520
f 12283 11804 12286
f 11545 11804 12283
f 11803 11804 11545
f 10811 10819 10816
f 10815 10811 10816
f 9896 10819 10811
f 9894 9896 10811
f 10809 9894 10811
f 10804 12330 10805
f 9891 12330 10804
f 10796 9891 10804
f 9890 9891 10796
f 9871 9890 10796
f 10794 9871 10796
f 9869 9871 10794
f 10792 9869 10794
f 9867 9869 10792
f 10791 9867 10792
f 9864 9867 10791
f 9862 9864 10791
f 10789 9862 10791
f 9861 9862 10789
f 10786 9861 10789
f 10784 9861 10786
f 9859 9861 10784
f 10779 9859 10784
f 9857 9859 10779
f 9856 9857 10779
f 10800 11215 11212
f 11211 10800 11212
f 10798 10800 11211
f 10797 10798 11211
f 11206 10797 11211
f 11207 10797 11206
f 10793 10797 11207
f 10790 10793 11207
f 11205 10790 11207
f 10788 10790 11205
f 11203 10788 11205
f 10787 10788 11203
f 11201 10787 11203
f 11199 10787 11201
f 10785 10787 11199
f 11198 10785 11199
f 10783 10785 11198
f 11196 10783 11198
f 10782 10783 11196
f 11193 10782 11196
f 11191 10782 11193
f 11190 10782 11191
f 10780 10782 11190
f 10778 10780 11190
f 11188 10778 11190
f 10777 10778 11188
f 11187 10777 11188
f 10776 10777 11187
f 11180 10776 11187
f 11181 10776 11180
f 10773 10776 11181
f 10772 10773 11181
f 11177 10772 11181
f 11175 10772 11177
f 10771 10772 11175
f 11172 10771 11175
f 11173 10771 11172
f 10768 10771 11173
f 10802 11215 10800
f 11218 11215 10802
f 11221 11218 10802
f 10803 11221 10802
f 11220 11221 12929
f 10807 11220 12929
f 11222 11220 10807
f 10806 11222 10807
f 10812 11222 10806
f 11223 11222 10812
f 11226 11223 10812
f 10813 11226 10812
f 11233 11226 10813
f 11229 11226 11233
f 11553 11242 11250
f 9886 12930 9888
f 9172 12930 9886
f 9885 9172 9886
f 9169 9172 9885
f 9883 9169 9885
f 9882 9169 9883
f 9170 9169 9882
f 9881 12931 9882
f 9168 12931 9881
f 9166 9168 9881
f 9879 9166 9881
f 9164 9166 9879
f 9877 9164 9879
f 9163 9164 9877
f 9874 9163 9877
f 9873 9163 9874
f 9160 9163 9873
f 9159 9160 9873
f 9870 9159 9873
f 9868 9159 9870
f 9158 9159 9868
f 9866 9158 9868
f 9865 9158 9866
f 9156 9158 9865
f 9148 9156 9865
f 9146 9148 9865
f 9863 9146 9865
f 9144 9146 9863
f 9860 9144 9863
f 9143 9144 9860
f 9858 9143 9860
f 9854 9143 9858
f 9141 9143 9854
f 9140 9141 9854
f 9851 9140 9854
f 9849 9140 9851
f 9138 9140 9849
f 9846 9138 9849
f 9847 9138 9846
f 9135 9138 9847
f 9134 9135 9847
f 9843 9134 9847
f 9841 9134 9843
f 9132 9134 9841
f 9839 9132 9841
f 9130 9132 9839
f 8646 9167 9165
f 8644 8646 9165
f 8642 8644 9165
f 9162 8642 9165
f 9161 8642 9162
f 8641 8642 9161
f 9157 8641 9161
f 9155 8641 9157
f 8639 8641 9155
f 9154 8639 9155
f 8636 8639 9154
f 9152 8636 9154
f 8634 8636 9152
f 8628 8634 9152
f 9151 8628 9152
f 8626 8628 9151
f 9149 8626 9151
f 8624 8626 9149
f 9147 8624 9149
f 8623 8624 9147
f 9145 8623 9147
f 9142 8623 9145
f 8622 8623 9142
f 9139 8622 9142
f 9137 8622 9139
f 8620 8622 9137
f 9136 8620 9137
f 8617 8620 9136
f 8616 8617 9136
f 9133 8616 9136
f 9131 8616 9133
f 8614 8616 9131
f 9129 8614 9131
f 8612 8614 9129
f 9127 8612 9129
f 8611 8612 9127
f 9125 8611 9127
f 9122 8611 9125
f 9120 8611 9122
f 8609 8611 9120
f 9118 8609 9120
f 9117 8609 9118
f 8607 8609 9117
f 9114 8607 9117
f 9115 8607 9114
f 8606 8607 9115
f 12352 8606 9115
f 12932 12352 9115
f 9111 12932 9115
f 9113 12932 9111
f 12933 12932 9113
f 12934 12933 9113
f 12300 11465 11467
f 11457 11465 12300
f 11456 11457 12300
f 11752 11456 12300
f 11757 11752 12300
f 11753 11752 11757
f 10738 11145 11144
f 11152 11148 11145
f 11155 11152 11145
f 10738 11155 11145
f 11158 11155 10738
f 10739 11158 10738
f 11159 11158 10739
f 10741 11159 10739
f 11161 11159 10741
f 10747 11161 10741
f 11162 11161 10747
f 10750 11162 10747
f 11165 11162 10750
f 11164 10762 10763
f 11166 11164 10763
f 10766 11166 10763
f 11169 11166 10766
f 11170 11169 10766
f 10768 11170 10766
f 11173 11170 10768
f 11165 10762 11164
f 10760 10762 11165
f 10753 10760 11165
f 10749 9826 9828
f 10751 10749 9828
f 9830 10751 9828
f 10752 10751 9830
f 9832 10752 9830
f 10754 10752 9832
f 9834 10754 9832
f 10756 10754 9834
f 9836 10756 9834
f 10757 10756 9836
f 9838 10757 9836
f 9840 10757 9838
f 10758 10757 9840
f 9842 10758 9840
f 9844 10758 9842
f 10759 10758 9844
f 10761 10759 9844
f 10764 10761 9844
f 9845 10764 9844
f 9848 10764 9845
f 10765 10764 9848
f 9850 10765 9848
f 10767 10765 9850
f 10769 10767 9850
f 9852 10769 9850
f 10770 10769 9852
f 10774 10770 9852
f 9853 10774 9852
f 9856 10774 9853
f 10775 10774 9856
f 10779 10775 9856
f 8564 9059 9057
f 8563 8564 9057
f 9054 8563 9057
f 9053 8563 9054
f 8559 8563 9053
f 8558 8559 9053
f 9050 8558 9053
f 9049 8558 9050
f 8556 8558 9049
f 8555 8556 9049
f 9047 8555 9049
f 9043 8555 9047
f 8553 8555 9043
f 9046 8553 9043
f 8552 8553 9046
f 9062 9059 8564
f 9064 9062 8564
f 8565 9064 8564
f 9068 9063 9064
f 9072 9068 9064
f 8565 9072 9064
f 8566 9072 8565
f 9071 9072 8566
f 8568 9071 8566
f 9070 9071 8568
f 9073 9070 8573
f 8574 9073 8573
f 9074 9073 8574
f 9077 9074 8574
f 8575 9077 8574
f 8578 9077 8575
f 9078 9077 8578
f 9081 9078 8578
f 8580 9081 8578
f 9083 9081 8580
f 9086 9083 8580
f 9089 9086 8580
f 8581 9089 8580
f 8583 9089 8581
f 9090 9089 8583
f 9093 9090 8583
f 8584 9093 8583
f 8587 9093 8584
f 9094 9093 8587
f 9097 9094 8587
f 8588 9097 8587
f 9098 9097 8588
f 8591 9098 8588
f 8593 9098 8591
f 9099 9098 8593
f 8595 9099 8593
f 9101 9099 8595
f 8598 9101 8595
f 9103 9101 8598
f 9106 9103 8598
f 9109 9106 8598
f 8599 9109 8598
f 12934 9109 8599
f 12934 9113 9108
f 9109 12934 9108
f 9119 9823 9824
f 9827 9823 9119
f 9121 9827 9119
f 9829 9827 9121
f 9123 9829 9121
f 9831 9829 9123
f 9833 9831 9123
f 9124 9833 9123
f 9835 9833 9124
f 9126 9835 9124
f 9837 9835 9126
f 9128 9837 9126
f 9839 9837 9128
f 9130 9839 9128
f 8516 8577 8576
f 8515 8516 8576
f 8570 8515 8576
f 8572 8515 8570
f 8579 8577 8516
f 8582 8579 8516
f 8517 8582 8516
f 8585 8582 8517
f 8586 8585 8517
f 8589 8586 8517
f 8518 8589 8517
f 8519 8589 8518
f 12935 8589 8519
f 8590 8589 12935
f 8603 8602 12936
f 12937 8603 12936
f 8618 8152 8154
f 8619 8618 8154
f 8155 8619 8154
f 8621 8619 8155
f 8625 8621 8155
f 8156 8625 8155
f 8627 8625 8156
f 8158 8627 8156
f 8630 8627 8158
f 8160 8630 8158
f 8632 8630 8160
f 8162 8632 8160
f 8165 8632 8162
f 8168 8632 8165
f 8631 8632 8168
f 8169 8631 8168
f 8633 8631 8169
f 8635 8633 8169
f 8638 8635 8169
f 8170 8638 8169
f 8172 8638 8170
f 8615 8152 8618
f 8613 8152 8615
f 8151 8152 8613
f 8610 8151 8613
f 8608 8151 8610
f 8150 8151 8608
f 8605 8150 8608
f 8149 8150 8605
f 8600 8149 8605
f 8147 8149 8600
f 8603 8147 8600
f 8146 8147 8603
f 11165 10750 10753
f 8537 8144 8146
f 8538 8537 8146
f 8603 8538 8146
f 12937 8538 8603
f 12938 8538 12937
f 12939 8538 12938
f 8535 8144 8537
f 8141 8144 8535
f 8533 8141 8535
f 8139 8141 8533
f 8532 8139 8533
f 8136 8139 8532
f 8135 8136 8532
f 8529 8135 8532
f 8525 8135 8529
f 8134 8135 8525
f 8520 8134 8525
f 8522 8134 8520
f 8132 8134 8522
f 12939 8536 8538
f 8540 8536 12939
f 8542 8540 12939
f 8159 8145 8142
f 8143 8159 8142
f 8161 8159 8143
f 8157 8145 8159
f 8148 8145 8157
f 8153 8148 8157
f 7780 8140 8138
f 7778 7780 8138
f 8137 7778 8138
f 7775 7778 8137
f 7774 7775 8137
f 8131 7774 8137
f 8133 7774 8131
f 7772 7774 8133
f 8143 8140 7780
f 7781 8143 7780
f 8161 8143 7781
f 8163 8161 7781
f 7782 8163 7781
f 8164 8163 7782
f 7787 8164 7782
f 8166 8164 7787
f 7788 8166 7787
f 8167 8166 7788
f 8171 8167 7788
f 7789 8171 7788
f 8173 8171 7789
f 7791 8173 7789
f 7793 8173 7791
f 8174 8173 7793
f 8178 8174 7793
f 7795 8178 7793
f 8180 8178 7795
f 8183 8180 7795
f 7796 8183 7795
f 7798 8183 7796
f 8184 8183 7798
f 8187 8184 7798
f 7799 8187 7798
f 8188 8187 7799
f 8192 8188 7799
f 7800 8192 7799
f 8193 8195 12940
f 7803 8193 12940
f 8197 8193 7803
f 8179 8197 7803
f 7802 8179 7803
f 8177 8179 7802
f 8176 8177 7802
f 7806 8176 7802
f 8211 8176 7806
f 7808 8211 7806
f 8213 8211 7808
f 7810 8213 7808
f 8215 8213 7810
f 7812 8215 7810
f 8545 8557 8554
f 8550 8545 8554
f 7792 7507 7509
f 7794 7792 7509
f 7797 7794 7509
f 7511 7797 7509
f 7801 7797 7511
f 7790 7507 7792
f 7506 7507 7790
f 8216 8637 8638
f 8172 8216 8638
f 8212 8216 8172
f 8217 8637 8216
f 8640 8637 8217
f 8643 8640 8217
f 8218 8643 8217
f 8645 8643 8218
f 8219 8645 8218
f 7506 7786 7785
f 7784 7506 7785
f 7503 7506 7784
f 7499 7503 7784
f 7777 7499 7784
f 7776 7499 7777
f 7500 7499 7776
f 7771 7500 7776
f 7773 7500 7771
f 7790 7786 7506
f 7505 7504 12941
f 7508 7505 12941
f 7283 12942 7281
f 7514 12942 7283
f 7285 7514 7283
f 7512 7514 7285
f 7287 7512 7285
f 7289 7512 7287
f 7515 7512 7289
f 7518 7515 7289
f 7521 7518 7289
f 7290 7521 7289
f 7522 7521 7290
f 7524 7522 7290
f 7292 7524 7290
f 7527 7524 7292
f 7293 7527 7292
f 7298 7527 7293
f 7528 7527 7298
f 7300 7528 7298
f 7530 7528 7300
f 7302 7530 7300
f 7532 7530 7302
f 7306 7532 7302
f 7534 7532 7306
f 7307 7534 7306
f 7547 7534 7307
f 7542 7534 7547
f 7537 7534 7542
f 7533 7534 7537
f 12943 5738 5739
f 5905 12943 5739
f 5741 5905 5739
f 5903 5905 5741
f 5743 5903 5741
f 5745 5903 5743
f 5906 5903 5745
f 5909 5906 5745
f 5746 5909 5745
f 5911 5909 5746
f 5748 5911 5746
f 5913 5911 5748
f 5750 5913 5748
f 5753 5913 5750
f 5756 5913 5753
f 5912 5913 5756
f 5915 5912 5756
f 5757 5915 5756
f 5759 5915 5757
f 5917 5915 5759
f 5761 5917 5759
f 5919 5917 5761
f 5922 5919 5761
f 5762 5922 5761
f 5924 5922 5762
f 5765 5924 5762
f 5925 5924 5765
f 5928 5925 5765
f 5766 5928 5765
f 5930 5928 5766
f 5768 5930 5766
f 5770 5930 5768
f 5932 5930 5770
f 5936 5932 5770
f 5771 5936 5770
f 5937 5936 5771
f 5941 5937 5771
f 5773 5941 5771
f 5943 5941 5773
f 5945 5943 5773
f 5774 5945 5773
f 5947 5945 5774
f 5776 5947 5774
f 5949 5947 5776
f 5951 5949 5776
f 5778 5951 5776
f 5954 5951 5778
f 5782 5954 5778
f 5786 5954 5782
f 5955 5954 5786
f 5790 5955 5786
f 5957 5955 5790
f 5791 5957 5790
f 5959 5957 5791
f 5962 5959 5791
f 5794 5962 5791
f 5964 5962 5794
f 5967 5964 5794
f 5795 5967 5794
f 5969 5967 5795
f 5798 5969 5795
f 5970 5969 5798
f 5800 5970 5798
f 5972 5970 5800
f 5975 5972 5800
f 5802 5975 5800
f 5976 5975 5802
f 5736 5738 12944
f 12945 5736 12944
f 5734 5736 12945
f 12946 5734 12945
f 5732 5734 12946
f 5486 5587 5584
f 5582 5486 5584
f 5485 5486 5582
f 5579 5485 5582
f 5479 5485 5579
f 5477 5479 5579
f 5476 5477 5579
f 5577 5476 5579
f 5574 5476 5577
f 5475 5476 5574
f 5571 5475 5574
f 5569 5475 5571
f 5473 5475 5569
f 5568 5473 5569
f 5471 5473 5568
f 5469 5471 5568
f 5566 5469 5568
f 5467 5469 5566
f 5563 5467 5566
f 5561 5467 5563
f 5559 5467 5561
f 5465 5467 5559
f 5557 5465 5559
f 5463 5465 5557
f 5487 5587 5486
f 5589 5587 5487
f 5592 5589 5487
f 5488 5592 5487
f 5594 5592 5488
f 5490 5594 5488
f 5596 5594 5490
f 5599 5596 5490
f 5491 5599 5490
f 5601 5599 5491
f 5493 5601 5491
f 5603 5601 5493
f 5495 5603 5493
f 5497 5603 5495
f 5604 5603 5497
f 5607 5604 5497
f 5504 5607 5497
f 5506 5607 5504
f 5509 5607 5506
f 5606 5607 5509
f 5609 5606 5509
f 5510 5609 5509
f 5611 5609 5510
f 5512 5611 5510
f 5723 5581 5583
f 5724 5723 5583
f 5585 5724 5583
f 5726 5724 5585
f 5728 5726 5585
f 12947 5728 5585
f 5580 5581 5723
f 5720 5580 5723
f 5718 5580 5720
f 5576 5580 5718
f 5717 5576 5718
f 5575 5576 5717
f 5714 5575 5717
f 5711 5575 5714
f 5710 5575 5711
f 5573 5575 5710
f 5708 5573 5710
f 5572 5573 5708
f 5704 5572 5708
f 5700 5572 5704
f 5570 5572 5700
f 5699 5570 5700
f 5567 5570 5699
f 5565 5567 5699
f 5697 5565 5699
f 5564 5565 5697
f 5694 5564 5697
f 5562 5564 5694
f 5690 5562 5694
f 5689 5562 5690
f 5560 5562 5689
f 5558 5560 5689
f 5686 5558 5689
f 5684 5558 5686
f 5556 5558 5684
f 5555 5556 5684
f 5683 5555 5684
f 5554 5555 5683
f 5680 5554 5683
f 5678 5554 5680
f 5679 5554 5678
f 5551 5554 5679
f 5550 5551 5679
f 5545 5550 5679
f 5676 5545 5679
f 5674 5545 5676
f 5544 5545 5674
f 5672 5544 5674
f 5542 5544 5672
f 5540 5542 5672
f 5670 5540 5672
f 5539 5540 5670
f 5668 5539 5670
f 5538 5539 5668
f 5665 5538 5668
f 5664 5538 5665
f 5536 5538 5664
f 5661 5536 5664
f 5659 5536 5661
f 5535 5536 5659
f 5656 5535 5659
f 5654 5535 5656
f 5532 5535 5654
f 5652 5532 5654
f 5530 5532 5652
f 5650 5530 5652
f 5528 5530 5650
f 5647 5528 5650
f 5527 5528 5647
f 5645 5527 5647
f 5525 5527 5645
f 5642 5525 5645
f 5641 5525 5642
f 5523 5525 5641
f 5521 5523 5641
f 5640 5521 5641
f 5520 5521 5640
f 5415 5483 5481
f 5414 5415 5481
f 5478 5414 5481
f 5413 5414 5478
f 5472 5413 5478
f 5470 5413 5472
f 5410 5413 5470
f 5407 5410 5470
f 5468 5407 5470
f 5466 5407 5468
f 5406 5407 5466
f 5464 5406 5466
f 5404 5406 5464
f 5462 5404 5464
f 5403 5404 5462
f 5460 5403 5462
f 5458 5403 5460
f 5402 5403 5458
f 5457 5402 5458
f 5417 5483 5415
f 5381 5412 5411
f 5379 5381 5411
f 5408 5379 5411
f 5409 5379 5408
f 5378 5379 5409
f 5405 5378 5409
f 5401 5378 5405
f 5400 5378 5401
f 5376 5378 5400
f 5398 5376 5400
f 5374 5376 5398
f 5397 5374 5398
f 5373 5374 5397
f 5394 5373 5397
f 5392 5373 5394
f 5371 5373 5392
f 5390 5371 5392
f 5369 5371 5390
f 5389 5369 5390
f 5368 5369 5389
f 5386 5368 5389
f 5384 5368 5386
f 5367 5368 5384
f 5382 5367 5384
f 5364 5367 5382
f 5380 5364 5382
f 5365 5364 5380
f 5377 5365 5380
f 5375 5365 5377
f 6322 6321 12948
f 5383 5412 5381
f 5416 5412 5383
f 5419 5416 5383
f 5385 5419 5383
f 5420 5419 5385
f 5387 5420 5385
f 5422 5420 5387
f 5424 5422 5387
f 5388 5424 5387
f 5391 5424 5388
f 5426 5424 5391
f 5393 5426 5391
f 5428 5426 5393
f 5395 5428 5393
f 5430 5428 5395
f 5432 5430 5395
f 5396 5432 5395
f 5434 5432 5396
f 5399 5434 5396
f 5402 5434 5399
f 5435 5434 5402
f 5457 5435 5402
f 5455 5435 5457
f 5433 5435 5455
f 5454 5433 5455
f 5869 6071 6070
f 5871 6071 5869
f 6074 6071 5871
f 6077 6074 5871
f 5872 6077 5871
f 6079 6077 5872
f 6081 6079 5872
f 12488 6082 6081
f 12489 12488 6081
f 5876 6081 5872
f 5463 5557 5553
f 5552 5463 5553
f 5461 5463 5552
f 5459 5461 5552
f 5549 5459 5552
f 5548 5459 5549
f 5456 5459 5548
f 5547 5456 5548
f 5453 5456 5547
f 5452 5453 5547
f 5543 5452 5547
f 5541 5452 5543
f 5451 5452 5541
f 6053 5865 5867
f 6055 6053 5867
f 5869 6055 5867
f 6070 6055 5869
f 6068 6055 6070
f 6054 6055 6068
f 6058 6054 6068
f 5519 5438 5440
f 5522 5519 5440
f 5444 5522 5440
f 5524 5522 5444
f 5445 5524 5444
f 5526 5524 5445
f 5529 5526 5445
f 5447 5529 5445
f 5531 5529 5447
f 5448 5531 5447
f 5533 5531 5448
f 5451 5533 5448
f 5534 5533 5451
f 5541 5534 5451
f 5537 5534 5541
f 5515 5438 5519
f 5514 5438 5515
f 5437 5438 5514
f 5511 5437 5514
f 5508 5437 5511
f 5507 5437 5508
f 5429 5437 5507
f 5427 5429 5507
f 5505 5427 5507
f 5425 5427 5505
f 5503 5425 5505
f 5502 5425 5503
f 5423 5425 5502
f 5500 5423 5502
f 5421 5423 5500
f 5501 5421 5500
f 5418 5421 5501
f 5417 5418 5501
f 5499 5417 5501
f 5483 5417 5499
f 5496 5483 5499
f 5494 5483 5496
f 5442 5436 5433
f 5454 5442 5433
f 5450 5442 5454
f 5443 5442 5450
f 5446 5443 5450
f 5439 5436 5442
f 5620 5512 5513
f 5516 5620 5513
f 5619 5620 5516
f 5622 5619 5516
f 5517 5622 5516
f 5624 5622 5517
f 5627 5624 5517
f 12753 5627 5517
f 5628 5627 12753
f 5631 5628 12753
f 5634 5631 12753
f 5520 5634 12753
f 5640 5634 5520
f 5616 5512 5620
f 5612 5512 5616
f 5611 5512 5612
f 5482 5492 5489
f 5494 5492 5482
f 6141 5908 5910
f 5914 6141 5910
f 6142 6141 5914
f 5916 6142 5914
f 6144 6142 5916
f 5918 6144 5916
f 6145 6144 5918
f 6148 6145 5918
f 5920 6148 5918
f 6140 5908 6141
f 5907 5908 6140
f 6137 5907 6140
f 6132 5907 6137
f 6134 5907 6132
f 5904 5907 6134
f 5938 6181 6182
f 5935 5938 6182
f 5934 5935 6182
f 6178 5934 6182
f 6176 5934 6178
f 6174 5934 6176
f 5933 5934 6174
f 6170 5933 6174
f 6169 5933 6170
f 5931 5933 6169
f 5939 6181 5938
f 6187 6183 6181
f 5939 6187 6181
f 5940 6187 5939
f 6188 6187 5940
f 5942 6188 5940
f 6190 6188 5942
f 5944 6190 5942
f 6191 6190 5944
f 6193 6191 5944
f 5946 6193 5944
f 6195 6193 5946
f 5948 6195 5946
f 6197 6195 5948
f 6200 6197 5948
f 5950 6200 5948
f 5952 6200 5950
f 6201 6200 5952
f 6204 6201 5952
f 6206 6204 5952
f 5953 6206 5952
f 5956 6206 5953
f 6207 6206 5956
f 5958 6207 5956
f 6209 6207 5958
f 5960 6209 5958
f 6212 6209 5960
f 5961 6212 5960
f 6214 6212 5961
f 6216 6214 5961
f 5963 6216 5961
f 6218 6216 5963
f 5965 6218 5963
f 6219 6218 5965
f 6222 6219 5965
f 5966 6222 5965
f 5968 6222 5966
f 6223 6222 5968
f 5971 6223 5968
f 6225 6223 5971
f 6228 6225 5971
f 5973 6228 5971
f 6231 6228 5973
f 5974 6231 5973
f 5977 6231 5974
f 6233 6231 5977
f 5979 6233 5977
f 6234 6233 5979
f 6237 6234 5979
f 5980 6237 5979
f 5983 6237 5980
f 6238 6237 5983
f 6162 5929 5931
f 6169 6162 5931
f 6161 5929 6162
f 5927 5929 6161
f 5926 5927 6161
f 6158 5926 6161
f 6155 5926 6158
f 5923 5926 6155
f 6154 5923 6155
f 5921 5923 6154
f 5920 5921 6154
f 6150 5920 6154
f 6148 5920 6150
f 6560 6160 6164
f 6561 6560 6164
f 6165 6561 6164
f 6563 6561 6165
f 6566 6563 6165
f 6166 6566 6165
f 6568 6566 6166
f 6571 6568 6166
f 6167 6571 6166
f 6572 6571 6167
f 6171 6572 6167
f 6574 6572 6171
f 6577 6574 6171
f 6172 6577 6171
f 6159 6160 6560
f 6558 6159 6560
f 6157 6159 6558
f 6556 6157 6558
f 6156 6157 6556
f 6554 6156 6556
f 6552 6156 6554
f 6153 6156 6552
f 6152 6153 6552
f 6551 6152 6552
f 6151 6152 6551
f 6548 6151 6551
f 6545 6151 6548
f 6544 6151 6545
f 6149 6151 6544
f 6147 6149 6544
f 6542 6147 6544
f 6146 6147 6542
f 6541 6146 6542
f 6138 6146 6541
f 6136 6138 6541
f 6540 6136 6541
f 6135 6136 6540
f 6535 6135 6540
f 6537 6135 6535
f 6851 6847 6841
f 8289 7861 7862
f 8291 8289 7862
f 8294 8291 7862
f 7866 8294 7862
f 8286 7861 8289
f 7858 7861 8286
f 8285 7858 8286
f 7856 7858 8285
f 8283 7856 8285
f 8283 8279 8277
f 7856 8283 8277
f 7854 7856 8277
f 7853 7854 8277
f 8274 7853 8277
f 8273 7853 8274
f 7850 7853 8273
f 7849 7850 8273
f 8269 7849 8273
f 8267 7849 8269
f 7847 7849 8267
f 8266 7847 8267
f 7845 7847 8266
f 8264 7845 8266
f 7843 7845 8264
f 8262 7843 8264
f 7841 7843 8262
f 8260 7841 8262
f 7839 7841 8260
f 8257 7839 8260
f 7838 7839 8257
f 8254 7838 8257
f 8255 7838 8254
f 7832 7838 8255
f 7830 7832 8255
f 8256 7830 8255
f 7827 7830 8256
f 7826 7827 8256
f 8252 7826 8256
f 8250 7826 8252
f 8235 8250 8247
f 8245 8235 8247
f 7826 8250 8235
f 7825 7826 8235
f 8233 7825 8235
f 8231 7825 8233
f 7824 7825 8231
f 8230 7824 8231
f 7820 7824 8230
f 7819 7820 8230
f 8227 7819 8230
f 8228 7819 8227
f 7813 7819 8228
f 7814 7813 8228
f 8224 7814 8228
f 8222 7814 8224
f 8235 8245 8238
f 8234 8235 8238
f 6920 6590 6592
f 6599 6920 6592
f 6919 6920 6599
f 6600 6919 6599
f 6921 6919 6600
f 6924 6921 6600
f 6926 6924 6600
f 6601 6926 6600
f 6928 6926 6601
f 6602 6928 6601
f 6930 6928 6602
f 6604 6930 6602
f 6932 6930 6604
f 6935 6932 6604
f 6605 6935 6604
f 6608 6935 6605
f 6934 6935 6608
f 6610 6934 6608
f 6936 6934 6610
f 6940 6936 6610
f 6612 6940 6610
f 6614 6940 6612
f 6617 6940 6614
f 6939 6940 6617
f 6941 6939 6617
f 6618 6941 6617
f 6943 6941 6618
f 6946 6943 6618
f 6619 6946 6618
f 6947 6946 6619
f 6622 6947 6619
f 6950 6947 6622
f 6623 6950 6622
f 6952 6950 6623
f 6625 6952 6623
f 6632 6952 6625
f 6953 6952 6632
f 6634 6953 6632
f 6637 6953 6634
f 6954 6953 6637
f 6639 6954 6637
f 6956 6954 6639
f 6960 6956 6639
f 6641 6960 6639
f 6643 6960 6641
f 6961 6960 6643
f 6964 6961 6643
f 6644 6964 6643
f 6967 6964 6644
f 6646 6967 6644
f 6969 6967 6646
f 6648 6969 6646
f 6970 6969 6648
f 6650 6970 6648
f 6972 6970 6650
f 6652 6972 6650
f 6974 6972 6652
f 6978 6974 6652
f 6653 6978 6652
f 6655 6978 6653
f 6979 6978 6655
f 6981 6979 6655
f 6659 6981 6655
f 6656 6659 6655
f 6911 6590 6920
f 6916 6911 6920
f 6912 6911 6916
f 5976 5802 5804
f 5978 5976 5804
f 5981 5978 5804
f 5806 5981 5804
f 5811 5981 5806
f 5982 5981 5811
f 5812 5982 5811
f 5984 5982 5812
f 5987 5984 5812
f 5813 5987 5812
f 5988 5987 5813
f 5996 5988 5813
f 5990 5988 5996
f 5994 5990 5996
f 6245 6242 6238
f 6249 6245 6238
f 7643 7403 7404
f 7645 7643 7404
f 7406 7645 7404
f 7647 7645 7406
f 7650 7647 7406
f 7407 7650 7406
f 7652 7650 7407
f 7411 7652 7407
f 7414 7652 7411
f 7653 7652 7414
f 7656 7653 7414
f 7415 7656 7414
f 7418 7656 7415
f 7657 7656 7418
f 7420 7657 7418
f 7658 7657 7420
f 7661 7658 7420
f 7421 7661 7420
f 7663 7661 7421
f 7423 7663 7421
f 7665 7663 7423
f 7667 7665 7423
f 7427 7667 7423
f 7676 7667 7427
f 7428 7676 7427
f 7677 7676 7428
f 7435 7677 7428
f 7436 7677 7435
f 7438 7677 7436
f 7678 7677 7438
f 7680 7678 7438
f 7439 7680 7438
f 7693 7680 7439
f 7696 7693 7439
f 7440 7696 7439
f 7698 7696 7440
f 7442 7698 7440
f 7709 7698 7442
f 7704 7698 7709
f 7701 7698 7704
f 7697 7698 7701
f 7642 7403 7643
f 7397 7403 7642
f 7393 7397 7642
f 7639 7393 7642
f 7637 7393 7639
f 7392 7393 7637
f 7387 7392 7637
f 7636 7387 7637
f 7385 7387 7636
f 7383 7385 7636
f 7634 7383 7636
f 7623 7634 7629
f 6266 6271 6268
f 5997 6271 6266
f 5995 5997 6266
f 6264 5995 6266
f 5993 5995 6264
f 6262 5993 6264
f 5992 5993 6262
f 6259 5992 6262
f 6257 5992 6259
f 5991 5992 6257
f 6256 5991 6257
f 5989 5991 6256
f 5986 5989 6256
f 6254 5986 6256
f 5985 5986 6254
f 6251 5985 6254
f 6249 5985 6251
f 6238 5985 6249
f 8920 8410 8412
f 8921 8920 8412
f 8414 8921 8412
f 8923 8921 8414
f 8927 8923 8414
f 8415 8927 8414
f 8928 8927 8415
f 8930 8928 8415
f 8417 8930 8415
f 8932 8930 8417
f 8934 8932 8417
f 8419 8934 8417
f 8936 8934 8419
f 8421 8936 8419
f 8428 8936 8421
f 8429 8936 8428
f 8935 8936 8429
f 8938 8935 8429
f 8431 8938 8429
f 8940 8938 8431
f 8432 8940 8431
f 8943 8940 8432
f 8434 8943 8432
f 8945 8943 8434
f 8948 8945 8434
f 8435 8948 8434
f 8950 8948 8435
f 8437 8950 8435
f 8952 8950 8437
f 8408 8410 8920
f 8917 8408 8920
f 8915 8408 8917
f 8407 8408 8915
f 8913 8407 8915
f 8906 8407 8913
f 8907 8913 8909
f 8906 8913 8907
f 8904 8906 8907
f 8952 8960 8956
f 8951 8952 8956
f 8437 8960 8952
f 9599 10171 10170
f 9597 9599 10170
f 9596 9597 10170
f 10167 9596 10170
f 10166 9596 10167
f 9594 9596 10166
f 9593 9594 10166
f 10162 9593 10166
f 9603 10171 9599
f 10172 10171 9603
f 10175 10172 9603
f 9605 10175 9603
f 10179 10175 9605
f 9607 10179 9605
f 10182 10179 9607
f 10185 10182 9607
f 9608 10185 9607
f 9615 10185 9608
f 9616 10185 9615
f 10186 10185 9616
f 10188 10186 9616
f 9617 10188 9616
f 10190 10188 9617
f 9618 10190 9617
f 9602 9598 9595
f 9593 10156 10155
f 10238 10160 10161
f 10240 10238 10161
f 10163 10240 10161
f 10242 10240 10163
f 10245 10242 10163
f 10164 10245 10163
f 10246 10245 10164
f 10250 10246 10164
f 10165 10250 10164
f 10168 10250 10165
f 10249 10250 10168
f 10253 10249 10168
f 10169 10253 10168
f 10173 10253 10169
f 10254 10253 10173
f 10176 10254 10173
f 10256 10254 10176
f 10259 10256 10176
f 10177 10259 10176
f 10260 10259 10177
f 10263 10260 10177
f 10178 10263 10177
f 10181 10263 10178
f 10262 10263 10181
f 10265 10262 10181
f 10183 10265 10181
f 10267 10265 10183
f 10184 10267 10183
f 10187 10267 10184
f 10268 10267 10187
f 10189 10268 10187
f 10269 10268 10189
f 10272 10269 10189
f 10239 10160 10238
f 10605 10160 10239
f 9650 10605 10239
f 9648 9650 10239
f 10237 9648 10239
f 9646 9648 10237
f 10235 9646 10237
f 9645 9646 10235
f 10231 9645 10235
f 10229 9645 10231
f 9643 9645 10229
f 10227 9643 10229
f 9641 9643 10227
f 10225 9641 10227
f 9640 9641 10225
f 10222 9640 10225
f 10221 9640 10222
f 9637 9640 10221
f 9636 9637 10221
f 10218 9636 10221
f 10216 9636 10218
f 9634 9636 10216
f 9632 9634 10216
f 10214 9632 10216
f 9631 9632 10214
f 10212 9631 10214
f 10210 9631 10212
f 9629 9631 10210
f 10208 9629 10210
f 9627 9629 10208
f 10207 9627 10208
f 9624 9627 10207
f 9622 9624 10207
f 10205 9622 10207
f 9621 9622 10205
f 10202 9621 10205
f 10200 9621 10202
f 9619 9621 10200
f 10199 9619 10200
f 9618 9619 10199
f 10190 9618 10199
f 10193 10190 10199
f 10310 10241 10243
f 10309 10310 10243
f 10234 10241 10310
f 10308 10234 10310
f 10233 10234 10308
f 10306 10233 10308
f 10232 10233 10306
f 10304 10232 10306
f 10302 10232 10304
f 10230 10232 10302
f 10303 10230 10302
f 10228 10230 10303
f 10573 10228 10303
f 10321 10243 10244
f 10322 10321 10244
f 10247 10322 10244
f 10324 10322 10247
f 10248 10324 10247
f 10326 10324 10248
f 10251 10326 10248
f 10328 10326 10251
f 10331 10328 10251
f 10252 10331 10251
f 10255 10331 10252
f 10257 10331 10255
f 10333 10331 10257
f 10336 10333 10257
f 10340 10336 10257
f 10258 10340 10257
f 10261 10340 10258
f 10339 10340 10261
f 10264 10339 10261
f 10270 10339 10264
f 10338 10339 10270
f 10271 10338 10270
f 10341 10338 10271
f 10273 10341 10271
f 10343 10341 10273
f 10275 10343 10273
f 10346 10343 10275
f 10276 10346 10275
f 10348 10346 10276
f 10351 10348 10276
f 10277 10351 10276
f 10353 10351 10277
f 10279 10353 10277
f 10355 10353 10279
f 10281 10355 10279
f 10357 10355 10281
f 10360 10357 10281
f 10282 10360 10281
f 10362 10360 10282
f 10284 10362 10282
f 10363 10362 10284
f 10366 10363 10284
f 10285 10366 10284
f 10290 10366 10285
f 12875 10366 10290
f 10309 10243 10321
f 10319 10309 10321
f 10598 10219 10220
f 10223 10598 10220
f 10599 10598 10223
f 10601 10599 10223
f 10224 10601 10223
f 10574 10601 10224
f 10576 10601 10574
f 10600 10601 10576
f 10582 10600 10576
f 10603 10600 10582
f 10596 10219 10598
f 10594 10219 10596
f 10217 10219 10594
f 10593 10217 10594
f 10215 10217 10593
f 10591 10215 10593
f 10213 10215 10591
f 10590 10213 10591
f 10211 10213 10590
f 10587 10211 10590
f 10584 10211 10587
f 10209 10211 10584
f 10585 10209 10584
f 10206 10209 10585
f 10204 10206 10585
f 10203 10204 10585
f 10580 10203 10585
f 10578 10203 10580
f 10575 10203 10578
f 10573 10203 10575
f 10303 10203 10573
f 10301 10203 10303
f 10201 10203 10301
f 10300 10201 10301
f 10198 10201 10300
f 10197 10198 10300
f 10289 10197 10300
f 10286 10197 10289
f 10195 10197 10286
f 10283 10195 10286
f 10194 10195 10283
f 10280 10194 10283
f 10278 10194 10280
f 10192 10194 10278
f 10274 10192 10278
f 10272 10192 10274
f 6841 12928 6851
f 6321 12949 12948
f 4259 4256 4254
f 4247 4259 4254
f 4251 4247 4254
f 4236 4229 4239
f 6130 6533 6524
f 12950 8569 8561
f 12947 5586 5731
f 5585 5586 12947
f 12948 12949 12951
f 6128 5902 6131
f 12928 6841 6843
f 10810 10811 10815
f 10367 10366 12875
f 10189 10192 10272
f 10319 10312 10309
f 10162 10156 9593
f 8960 8437 8962
f 5983 5985 6238
f 7623 7383 7634
f 7617 7623 7629
f 6162 6169 6163
f 5482 5489 5484
f 5482 5483 5494
f 11553 11250 11556
f 11803 11545 11805
f 2765 2750 2768
f 2383 1960 2382
f 1355 1354 984
f 981 979 985
f 901 915 908
f 5033 5024 12773
f 6095 6096 12490
f 12488 5880 6082
f 1816 1811 1809
f 6778 6381 6779
f 1082 729 731
f 8561 8545 12950
f 8545 8542 12950
f 8557 8545 8561
f 12951 12949 12952
f 12949 12953 12952
f 12953 12954 12952
f 6053 12927 5864
f 6052 12927 6053
f 5876 6081 12489
f 11554 11536 11242
f 11553 11554 11242
f 12955 12956 12957
f 12958 12957 12956
f 12955 12957 12958
f 12488 12489 5876
f 12956 12958 12955
f 12959 12960 12961
f 12962 12959 12961
f 12963 12962 12961
f 12964 12965 12960
f 12959 12964 12960
f 12966 12964 12959
f 12962 12966 12959
f 12967 12964 12966
f 12968 12967 12966
f 12969 12968 12966
f 12970 12968 12969
f 12971 12970 12969
f 12972 12971 12969
f 12973 12972 12969
f 12974 12972 12973
f 12975 12974 12973
f 12976 12974 12975
f 12977 12976 12975
f 12978 12977 12975
f 12979 12980 12981
f 12982 12980 12979
f 12983 12982 12979
f 12984 12982 12983
f 12985 12984 12983
f 12986 12984 12985
f 12987 12986 12985
f 12988 12987 12985
f 12989 12987 12988
f 12990 12987 12989
f 12991 12990 12989
f 12992 12991 12989
f 12993 12991 12992
f 12994 12993 12992
f 12995 12993 12994
f 12996 12993 12995
f 12997 12996 12995
f 12998 12997 12995
f 12999 12997 12998
f 13000 12997 12999
f 13001 13002 13003
f 13004 13002 13001
f 13005 13004 13001
f 13006 13005 13001
f 13007 13005 13006
f 13008 13007 13006
f 13009 13007 13008
f 13010 13009 13008
f 13011 13009 13010
f 13012 13009 13011
f 13013 13012 13011
f 13014 13013 13011
f 13015 13013 13014
f 13016 13013 13015
f 13017 13016 13015
f 13018 13016 13017
f 13019 13018 13017
f 13020 13018 13019
f 13021 13018 13020
f 13022 13021 13020
f 13023 13022 13020
f 13024 13021 13022
f 13025 13024 13022
f 13026 13024 13025
f 13027 13024 13026
f 13028 13027 13026
f 13029 13027 13028
f 13030 13027 13029
f 13031 13030 13029
f 13032 13031 13029
f 13033 13030 13031
f 13034 13030 13033
f 13035 13030 13034
f 13027 13030 13035
f 13024 13027 13035
f 13021 13024 13035
f 13034 13021 13035
f 13018 13021 13034
f 13016 13018 13034
f 13033 13016 13034
f 13013 13016 13033
f 13012 13013 13033
f 13031 13012 13033
f 13032 13012 13031
f 13036 13012 13032
f 13009 13012 13036
f 13007 13009 13036
f 13005 13007 13036
f 13032 13005 13036
f 13004 13005 13032
f 13029 13004 13032
f 13028 13004 13029
f 13002 13004 13028
f 13026 13037 13028
f 13038 13037 13026
f 13025 13038 13026
f 13039 13038 13025
f 13000 13039 13025
f 13022 13000 13025
f 13023 13000 13022
f 12997 13000 13023
f 12996 12997 13023
f 13020 12996 13023
f 13019 12996 13020
f 12993 12996 13019
f 12991 12993 13019
f 13017 12991 13019
f 12990 12991 13017
f 13015 12990 13017
f 13014 12990 13015
f 12987 12990 13014
f 12986 12987 13014
f 13011 12986 13014
f 13010 12986 13011
f 12984 12986 13010
f 12982 12984 13010
f 12965 12964 12967
f 12982 13010 13008
f 12966 12973 12969
f 12962 12973 12966
f 12975 12973 12962
f 12963 12975 12962
f 12978 12975 12963
f 12967 12981 12965
f 12979 12981 12967
f 12968 12979 12967
f 12983 12979 12968
f 12970 12983 12968
f 12985 12983 12970
f 12988 12985 12970
f 12971 12988 12970
f 12989 12988 12971
f 12992 12989 12971
f 12972 12992 12971
f 12994 12992 12972
f 12974 12994 12972
f 12976 12994 12974
f 12995 12994 12976
f 12998 12995 12976
f 12977 12998 12976
f 13040 12998 12977
f 12999 12998 13040
f 13001 13003 13041
f 13006 13001 13041
f 13042 13006 13041
f 13008 13006 13042
f 12949 13043 12953
f 13044 12953 13043
f 12954 12953 13044
f 13045 12954 13044
f 13046 13047 13048
f 13049 13046 13048
f 13050 13049 13048
f 13051 13050 13052
f 13053 13051 13052
f 13054 13051 13053
f 13055 13054 13053
f 13056 13054 13055
f 5360 13054 13056
f 6321 5360 13056
f 13057 13054 5360
f 5362 13057 5360
f 13058 13057 5362
f 13059 13058 5362
f 5363 13059 5362
f 13060 13059 5363
f 6320 13060 5363
f 13061 13060 6320
f 13062 13061 6320
f 13063 13062 6320
f 5361 13063 6320
f 13064 13063 5361
f 6323 13064 5361
f 13065 13064 6323
f 13066 13065 6323
f 12878 13066 6323
f 13067 13066 12878
f 13068 13067 12878
f 6322 13068 12878
f 12948 13068 6322
f 12951 13068 12948
f 13067 13068 12951
f 13069 13067 12951
f 13070 13069 12951
f 12952 13070 12951
f 13071 13070 12952
f 13072 13070 13071
f 13073 13072 13071
f 13074 13073 13071
f 13075 13076 13077
f 13078 13076 13075
f 13079 13078 13075
f 13080 13079 13075
f 13081 13079 13080
f 13082 13081 13080
f 13083 13079 13081
f 13084 13079 13083
f 13085 13084 13083
f 13086 13085 13083
f 13087 13085 13086
f 13088 13087 13086
f 13089 13087 13088
f 13090 13089 13088
f 13091 13090 13088
f 13092 13089 13090
f 13093 13089 13092
f 13094 13095 13092
f 13096 13095 13094
f 13097 13096 13094
f 13098 13096 13097
f 13099 13098 13097
f 13100 13098 13099
f 13101 13100 13099
f 13102 13101 13099
f 13103 13093 13104
f 13105 13103 13104
f 13089 13093 13103
f 13087 13089 13103
f 13105 13087 13103
f 13085 13087 13105
f 13084 13085 13105
f 13078 13079 13084
f 13069 13070 13072
f 13106 13057 13058
f 13051 13054 13057
f 13106 13051 13057
f 13050 13051 13106
f 13049 13050 13106
f 13043 13052 13044
f 13053 13052 13043
f 13055 13053 13043
f 12949 13055 13043
f 13056 13055 12949
f 6321 13056 12949
f 13072 13073 13102
f 13099 13072 13102
f 13069 13072 13099
f 13097 13069 13099
f 13067 13069 13097
f 13066 13067 13097
f 13094 13066 13097
f 13065 13066 13094
f 13092 13065 13094
f 13090 13065 13092
f 13091 13065 13090
f 13064 13065 13091
f 13063 13064 13091
f 13062 13063 13091
f 13088 13062 13091
f 13086 13062 13088
f 13061 13062 13086
f 13083 13061 13086
f 13060 13061 13083
f 13081 13060 13083
f 13059 13060 13081
f 13082 13059 13081
f 13058 13059 13082
f 13106 13058 13082
f 13049 13106 13082
f 13080 13049 13082
f 13046 13049 13080
f 13075 13046 13080
f 13077 13046 13075
f 13047 13046 13077
f 12954 13045 13074
f 13071 12954 13074
f 12952 12954 13071
f 5365 13107 5359
f 5375 13107 5365
f 13107 5358 5359
f 5359 5375 5370
f 12770 13107 5358
f 12770 5359 5356
f 12770 5359 13107
f 5375 13107 5359
