# Reduced PyMOL surface OBJ
v 3.844297 15.138870 1.102661
v 4.532169 15.716492 1.138062
v 4.494276 14.964996 1.008820
v 4.312176 14.446823 0.968750
v 7.782946 14.562820 -0.140533
v 6.942148 14.313629 0.174225
v 7.091661 15.007797 0.011658
v 7.480127 15.464722 -0.128113
v 8.113932 15.921631 -0.337585
v 3.835157 16.481796 1.566223
v 4.036800 17.043503 1.284454
v 4.354347 16.513474 1.307007
v 3.402534 15.781799 1.298828
v 3.108274 15.138870 0.893555
v 3.822613 13.993942 1.019745
v 7.862638 12.297684 0.162659
v 6.868788 12.043655 0.324188
v 6.869505 12.707092 0.124481
v 7.653883 13.604874 -0.220306
v 6.974859 13.533264 0.148376
v 8.179548 14.130203 -0.631439
v 8.668993 15.038269 -0.470947
v 8.972391 15.738266 -0.412659
v 8.613909 16.349152 -0.615173
v 9.368994 16.170883 -0.903564
v 9.368994 15.305649 -0.903564
v 9.513384 15.715027 -1.666229
v 9.349749 16.337921 -1.522003
v 9.418589 15.306122 -1.947510
v 3.055437 16.576828 1.323334
v 2.751850 17.349960 0.689850
v 3.384785 17.251068 1.098297
v 2.702534 16.049179 0.866211
v 2.332821 16.393585 0.414307
v 2.588854 15.617859 0.478546
v 1.936220 15.960968 -0.076599
v 2.149761 15.138870 -0.064941
v 2.588854 14.659882 0.478546
v 1.813854 14.363861 -0.000427
v 2.101559 13.784912 0.709625
v 2.985455 14.227264 0.969482
v 2.534182 13.293991 1.106201
v 3.259405 13.532227 1.176483
v 3.125614 12.726974 1.328613
v 2.187756 12.778427 1.648560
v 2.620100 12.078873 2.067596
v 3.127996 12.056381 1.785522
v 3.289551 11.543488 2.304840
v 7.685747 11.573822 1.051910
v 6.630033 11.010605 1.267395
v 6.896982 11.549728 0.802612
v 7.650297 11.302887 1.818573
v 8.350424 11.337173 1.547333
v 8.359194 11.597916 0.746613
v 9.179651 11.150223 1.332581
v 9.125875 11.633377 0.475677
v 8.704878 12.229553 -0.306763
v 9.554876 11.813782 0.107452
v 9.554876 12.158768 -0.675171
v 9.029547 12.754868 -1.156769
v 8.179548 13.079544 -0.631439
v 8.676893 13.683762 -1.470276
v 9.958368 13.257965 -1.582825
v 9.525743 13.748886 -1.979431
v 8.861563 14.021347 -2.088531
v 9.590532 13.812408 -2.652954
v 8.936304 14.200073 -2.899963
v 8.825094 14.606689 -2.873291
v 0.488966 16.340897 -4.694427
v 1.174881 16.822876 -5.272339
v 1.241508 16.894745 -4.532166
v 1.159843 16.823853 -4.075867
v 0.902504 16.637924 -3.484528
v 1.936220 16.826202 -0.076599
v 1.349228 16.745819 -1.011536
v 1.879362 17.095398 -0.571381
v 1.002254 16.092148 -0.580688
v 0.968208 16.544220 -1.467957
v 0.252253 15.698135 -1.004883
v 0.598854 15.138870 -0.505524
v 1.384878 15.265518 -0.304871
v 1.051989 14.283524 -0.315704
v 0.202253 14.706253 -0.996429
v 0.325869 13.936234 -0.702881
v 0.634876 13.762085 0.135284
v 1.334877 13.820374 0.438690
v 0.796621 13.269348 1.251953
v 1.755133 13.269348 1.251953
v 1.275877 12.778427 1.648560
v 0.302954 12.755112 1.686279
v 0.796900 12.078873 2.067596
v 1.754854 12.078873 2.067596
v 1.275877 11.535385 2.506683
v 2.042559 11.499924 2.777618
v 1.488876 10.903763 3.618805
v 2.119921 10.870819 3.697662
v 2.552544 11.361740 3.301056
v 2.596004 11.573822 2.585266
v 3.411238 11.140808 2.848206
v 2.985167 10.870819 3.697662
v 3.560387 10.937912 2.942596
v 4.134546 10.120377 2.755554
v 3.902580 10.582092 2.668915
v 4.375530 10.401443 2.421661
v 3.737946 9.687759 3.246490
v 4.286192 8.893066 2.959198
v 5.371387 9.628876 3.223297
v 5.062382 10.208786 2.263550
v 6.504011 10.061508 2.523285
v 5.620691 10.220688 2.050812
v 6.236124 10.615051 1.714783
v 5.804010 10.119797 2.826691
v 6.236635 9.628876 3.223297
v 7.102659 9.122864 2.934204
v 7.428919 9.650757 2.732574
v 6.996294 10.350754 2.465179
v 7.217672 10.811966 2.215179
v 7.861544 10.350754 2.465179
v 8.082922 10.811966 2.215179
v 8.164942 9.650757 2.523468
v 9.041502 10.588928 2.121216
v 7.896765 8.891876 2.558563
v 8.695875 8.891876 2.331573
v 9.535574 10.001907 2.205780
v 10.158876 10.605789 1.835449
v 10.591501 10.114868 2.232056
v 10.880911 10.434464 1.749969
v 10.689211 10.980530 0.990540
v 10.158876 10.950775 1.052826
v 11.494875 10.672791 1.488464
v 11.494875 11.017776 0.705811
v 10.966787 11.666245 -0.124878
v 10.254877 11.755493 -0.195953
v 9.558500 11.142456 0.872284
v 10.497370 12.236404 -0.651550
v 10.802877 12.434372 -1.057312
v 10.104254 12.722977 -1.293640
v 11.276712 12.872757 -1.553070
v 10.331713 13.676788 -2.556824
v 11.060877 13.312790 -1.979431
v 11.140821 13.440536 -2.437317
v 12.016260 13.342926 -2.607452
v 0.466463 16.120926 -5.684418
v 0.893669 16.198639 -6.603516
v 1.018543 16.569916 -5.970032
v 0.800163 15.545029 -7.102844
v 0.176868 15.253830 -5.778564
v 0.279877 15.604874 -4.694427
v 0.141705 14.725098 -4.641602
v 0.095694 15.048538 -3.884155
v 0.302254 15.824768 -4.025574
v 0.034878 15.392151 -3.325562
v 0.243967 16.128174 -3.325562
v 0.571241 16.355148 -2.519440
v 0.034878 15.279877 -2.519440
v -0.075788 14.503998 -2.783752
v -0.156015 14.771896 -3.541199
v -0.365105 14.035873 -3.541199
v -0.226795 13.510544 -2.761444
v 0.097878 14.035873 -1.911438
v -0.065123 15.138870 -1.696442
v 0.243967 16.128174 -1.713318
v -0.156015 13.142136 -1.911438
v 0.006838 13.438934 -1.394135
v -0.644524 12.576324 -1.446167
v 0.057676 13.266739 -0.462402
v -0.572124 12.728912 -0.148468
v 0.096621 13.211060 0.083313
v -0.873289 13.102768 0.683197
v -0.038334 13.127762 0.967590
v -0.873289 13.311844 1.419220
v -0.292006 13.059692 2.065521
v -1.377577 13.498886 2.216553
v -0.861841 13.180374 2.888947
v 0.021900 12.374893 2.546570
v -0.365721 12.774063 3.567047
v -0.042633 12.039001 3.321564
v 0.500877 11.599915 2.842590
v 0.638878 10.974548 3.987244
v 0.042768 11.456131 4.512573
v 0.559998 10.879349 4.995575
v 1.431437 10.546494 4.457001
v 1.373995 10.534225 5.448822
v 1.977160 10.237579 5.429840
v 2.468069 9.840973 4.997223
v 2.188877 10.500488 4.098053
v 2.580645 9.732681 4.470001
v 3.288567 10.170822 3.755951
v 2.979061 9.397888 3.715485
v 2.713018 9.016922 4.785889
v 3.039171 8.459167 3.814545
v 3.469765 8.928879 3.281555
v 3.799170 8.168869 3.344849
v 3.508879 7.699173 4.104858
v 4.268877 7.635895 3.775452
v 4.738585 8.168869 3.344849
v 5.027761 7.600800 4.043640
v 5.552586 8.386932 3.697662
v 5.067987 8.928879 3.281555
v 5.804010 8.928879 3.490662
v 6.766172 8.689545 3.524170
v 6.007689 7.613464 4.034393
v 7.118982 7.875534 3.742218
v 7.466169 8.422165 3.091553
v 7.935877 7.662170 3.381866
v 8.226171 8.131866 2.621857
v 8.695875 7.598892 3.052460
v 9.165579 8.131866 2.621857
v 9.455873 7.662170 3.381866
v 9.925581 8.422165 3.091553
v 9.494986 8.891876 2.558563
v 10.289091 9.122864 2.934204
v 9.798384 9.591873 2.500275
v 10.718260 9.466980 2.958984
v 10.292601 8.698318 3.432526
v 10.992598 8.965698 3.865143
v 11.425222 9.456619 3.468536
v 11.400877 9.860764 2.488831
v 12.277433 9.962692 2.621735
v 12.085840 10.388901 1.834778
v 13.047873 10.520905 2.037598
v 12.751848 10.999863 1.262573
v 12.300539 10.980530 0.990540
v 12.484472 11.432495 0.562592
v 13.306841 11.652786 0.919006
v 13.184473 11.699860 0.129974
v 12.621542 11.695526 -0.174469
v 11.815878 11.732773 -0.459198
v 12.281157 12.221283 -1.024994
v 13.056875 12.000381 -0.859314
v 12.577902 12.543869 -1.298431
v 12.145277 13.034790 -1.695007
v 13.056875 12.958893 -1.817841
v 13.530710 12.438766 -1.355072
v 13.812227 12.884735 -2.105225
v 12.914927 13.135849 -2.409363
v 0.229296 13.820572 -7.997437
v 0.747107 14.304657 -8.273071
v 0.715576 14.880463 -7.627319
v 0.287582 13.517166 -7.297455
v 0.577877 13.986877 -6.537445
v 0.350866 13.187759 -6.537445
v 0.287582 13.517166 -5.777435
v 0.397554 14.468643 -5.740417
v -0.071127 13.241623 -5.189941
v -0.182125 12.757172 -6.067749
v -0.765242 12.449524 -5.507843
v -0.730125 12.831558 -4.750122
v -0.204796 13.681549 -4.425446
v -0.706051 13.026688 -3.943665
v -1.474461 12.665237 -4.363007
v -1.474461 12.665237 -3.497772
v -0.728050 12.855682 -3.243225
v -1.549292 12.474045 -2.791229
v -0.752125 12.660553 -2.436768
v -1.602123 12.335861 -1.911438
v -2.359564 12.232498 -2.234894
v -2.325075 12.633316 -1.223083
v -1.602123 12.453857 -1.064301
v -2.155918 12.617508 -0.139160
v -1.347124 12.432877 -0.627441
v -1.347124 12.664383 0.187439
v -1.644955 13.066254 0.604675
v -2.510201 13.066254 0.604675
v -2.077578 13.557175 1.001282
v -1.377577 13.498886 1.304688
v -2.077578 13.766251 1.737305
v -3.174332 13.524353 1.654327
v -3.178392 12.948090 1.088165
v -3.282116 14.235046 1.994690
v -2.077124 13.917908 2.695526
v -2.556101 14.692886 2.991547
v -1.781101 14.396866 3.470551
v -1.356070 13.780228 3.097260
v -0.793131 14.329620 4.079926
v -0.360508 13.629608 3.812561
v -0.302221 13.933014 4.512573
v -0.093132 13.196991 4.512573
v -0.268488 13.589523 5.327454
v -0.059399 12.853500 5.327454
v -0.211124 12.349869 4.512573
v -0.026941 11.793533 5.322845
v -0.016140 12.580872 6.045807
v 0.112925 11.622925 6.125549
v 0.194302 10.974930 5.960297
v -0.001451 10.542542 6.775574
v 0.895491 10.141785 6.170502
v 0.673994 10.592514 5.752197
v -0.305452 11.248199 7.171570
v -0.236338 10.309479 7.281586
v 0.333593 9.559891 7.157837
v 1.334742 9.524933 6.682129
v 1.356878 8.994598 7.529053
v 1.775547 8.683502 7.479858
v 2.052549 9.077545 6.323547
v 2.577879 8.227554 6.648224
v 2.449886 8.794556 5.766052
v 2.409782 9.537567 5.697205
v 2.882509 8.094543 6.033447
v 2.940796 8.397949 5.333435
v 3.427877 8.020859 6.326447
v 3.508879 7.699173 5.044250
v 2.975887 8.129761 4.574554
v 4.127878 7.753494 5.893799
v 4.209993 7.542511 5.408875
v 4.268877 7.408875 4.574554
v 4.968878 7.141510 5.007172
v 4.823887 7.005753 5.964569
v 5.356878 6.575165 5.494843
v 5.554121 7.027847 4.557495
v 6.116877 6.511887 5.165436
v 6.586580 7.044861 4.734863
v 6.876875 6.575165 5.494843
v 7.327353 7.234299 4.956909
v 7.019205 7.535782 4.338257
v 7.823759 7.496140 4.180389
v 7.995874 7.540604 4.954071
v 8.695875 7.598892 4.650665
v 8.695875 7.371872 3.851562
v 9.455873 7.662170 4.321259
v 9.164892 8.032822 5.141388
v 10.155874 7.929535 4.753876
v 10.045851 7.998672 3.815155
v 10.717527 8.161331 4.020996
v 11.171682 7.560043 5.013214
v 9.864893 7.974533 5.444763
v 9.164892 8.241898 5.877411
v 9.815245 7.823669 6.520538
v 10.545534 7.575424 6.190979
v 10.825296 7.527161 5.640167
v 11.252131 7.913315 4.419861
v 11.636690 8.291977 4.155731
v 12.615702 9.669250 3.169922
v 12.741365 9.074203 3.514252
v 12.024076 8.654907 3.807587
v 13.425848 9.561707 3.284332
v 13.048326 10.160172 2.773315
v 14.056284 10.319870 3.254364
v 13.664518 10.894180 2.462616
v 14.525217 11.047897 3.262482
v 13.945868 11.728226 2.441101
v 13.526854 11.295883 1.741547
v 13.896128 12.320938 1.210266
v 14.378492 12.428238 2.173737
v 14.387037 12.717545 1.642883
v 14.387037 12.717545 0.777649
v 13.937002 12.008255 0.429382
v 14.375383 12.503998 -0.044434
v 13.831873 12.064911 -0.523407
v 14.427912 12.404861 -0.950897
v 13.944990 12.228516 -1.011871
v 14.524920 12.697998 -1.561310
v 15.223810 12.859070 -1.012177
v 1.609549 21.036255 -14.770386
v 1.571884 20.924866 -13.915039
v 1.712072 21.604355 -14.270264
v 1.547569 22.062393 -14.646576
v -0.400173 13.109985 -7.821136
v -0.708017 12.744446 -8.631317
v -0.197138 13.239853 -8.634979
v -0.853678 12.376205 -7.499115
v -0.182125 12.757172 -7.007141
v -0.964169 12.447754 -6.400452
v -1.664169 12.180389 -6.833069
v -1.661638 12.156570 -5.857452
v -2.155079 11.783783 -6.400452
v -2.150015 11.736145 -5.314453
v -1.465242 12.391235 -5.204437
v -2.059443 11.967514 -4.600189
v -2.634689 11.176620 -4.819031
v -2.725292 11.473404 -3.618866
v -1.965370 12.268631 -3.930389
v -2.302124 12.186493 -3.191193
v -2.821331 11.788742 -2.649506
v -3.155848 11.073486 -2.727295
v -3.672792 12.099747 -2.176086
v -3.976192 11.399750 -2.234375
v -4.372793 11.832367 -1.743439
v -4.030434 12.506989 -0.968475
v -3.152122 12.718842 -1.689514
v -3.025076 12.900681 -0.790466
v -3.534092 12.661835 -0.599457
v -3.367853 12.595093 0.024536
v -3.481001 15.686264 2.878113
v -4.089996 15.369598 2.597870
v -3.710915 14.857056 2.369812
v -4.123980 15.836334 2.894806
v -3.869549 16.303055 3.191711
v -2.916153 16.345703 3.154968
v -2.612753 15.645706 3.096680
v -2.216152 16.078323 3.587585
v -2.199482 15.144897 3.597900
v -1.913151 16.167664 3.996521
v -2.424776 16.797394 4.352905
v -1.948803 16.357941 4.552307
v -1.521187 15.706955 4.808868
v -1.285339 14.724564 4.197510
v -1.094530 15.016602 5.072571
v -0.225229 13.316895 6.045807
v -0.715851 14.058990 6.814087
v -0.565014 14.119934 6.212189
v -0.305456 13.048996 6.803223
v -0.594774 13.517120 7.560669
v -0.479124 12.580872 7.675568
v -0.154451 12.055542 6.825562
v -0.361134 11.733749 7.675568
v -0.327398 12.077240 8.490448
v -0.586300 11.243103 8.561005
v -0.572828 10.815582 7.871552
v -0.863123 10.345871 8.631561
v -0.572828 9.876160 7.871552
v -0.636112 9.546753 8.631561
v -0.103121 9.116165 8.161865
v -0.103121 9.116165 9.101257
v 0.312653 8.597992 8.631561
v 0.656878 9.052887 7.832458
v 1.089500 8.561966 8.229034
v 0.671980 8.063339 8.591675
v 1.508169 8.250870 8.179840
v 0.997566 7.332825 8.590942
v 1.811569 7.550873 8.238129
v 2.208170 7.983490 7.747223
v 2.239517 6.858444 7.823395
v 3.122826 7.014389 7.957184
v 2.897884 7.670547 7.156067
v 3.597885 7.728836 7.459473
v 4.107359 7.279449 7.942535
v 4.297886 7.670547 7.156067
v 4.807360 7.221161 7.639130
v 4.788795 7.273941 6.723450
v 5.298269 6.824570 7.206512
v 5.356878 6.575165 6.434265
v 6.146318 6.407257 6.780701
v 6.116877 6.284866 5.964569
v 6.876875 6.575165 6.434265
v 6.875761 6.685883 7.231506
v 7.645437 7.022568 6.959259
v 7.409868 7.005753 5.964569
v 7.802095 7.495728 6.165192
v 8.293005 7.892334 6.597809
v 8.464891 7.974533 5.444763
v 8.548262 7.370392 7.317108
v 9.139429 7.794952 6.836334
v 14.645868 11.995605 2.873718
v 15.195856 12.130127 2.874969
v 15.026953 11.638046 3.164124
v 15.230242 12.486176 2.431427
v 15.153547 13.325500 0.694855
v 15.598047 13.320526 0.823578
v 15.342543 13.048172 1.384949
v 15.620211 13.434052 0.363373
v 15.620211 13.434052 -0.127319
v 14.662638 12.928894 0.262238
v 14.866293 12.900604 -0.477051
v 15.393328 13.135605 -0.587463
v -5.528311 22.196732 -9.511658
v -6.383982 22.297379 -8.819061
v -5.757481 22.594788 -8.883759
v -6.102669 21.464859 -9.658569
v -5.438913 21.972000 -10.370911
v -4.611124 22.051605 -10.041290
v -4.611124 22.260681 -9.305267
v -3.884724 22.624435 -9.597504
v -3.707455 22.368103 -10.505066
v -2.669600 22.694275 -12.811859
v -2.793932 22.518158 -12.108978
v -2.077005 22.547684 -12.061829
v -2.020174 22.617767 -13.161743
v -2.562124 23.033859 -13.646332
v -1.802126 22.970581 -13.975739
v -1.332418 22.210587 -13.685425
v -1.390705 21.907181 -12.985443
v -0.949512 21.474045 -13.874146
v -0.655699 21.036255 -13.370392
v -0.727264 21.554825 -12.543274
v -0.126190 20.852478 -12.941650
v -0.223076 20.336243 -13.637756
v 0.566051 20.461029 -13.303314
v -0.223076 20.336243 -14.503021
v 1.176926 20.336243 -14.503021
v 0.044302 20.768875 -15.203003
v 0.909548 20.768875 -15.203003
v 0.566896 21.672043 -15.553680
v 1.212948 21.468872 -15.261292
v 1.376226 22.496506 -15.035706
v 0.493994 21.847244 -16.151123
v -0.232553 21.524368 -15.489899
v -0.206007 21.788956 -16.454498
v 0.519094 22.092072 -16.995514
v 1.026541 22.527603 -16.599335
v 1.252878 22.137100 -17.350769
v 1.694294 22.951080 -17.049011
v 1.517284 23.032730 -16.235962
v 1.346893 22.789337 -15.607971
v 0.638878 11.896027 -10.227600
v 1.825560 12.122559 -10.317383
v 1.117407 12.486618 -10.090179
v 0.320127 12.528214 -9.807922
v -0.158146 11.689011 -9.962463
v -0.373430 12.444870 -9.480530
v -0.615747 11.049393 -9.415527
v -0.844755 11.123215 -8.860565
v -0.586662 10.288879 -8.851868
v -1.001417 10.758591 -8.159454
v -1.100172 11.977356 -8.253784
v -1.303225 11.673447 -7.734619
v -1.700191 11.047760 -7.591370
v -2.096792 11.480377 -7.100433
v -2.221045 10.255096 -7.288239
v -2.743372 10.792374 -6.716248
v -3.065454 10.229996 -7.533081
v -3.547100 10.779861 -7.017029
v -3.596123 11.047867 -6.161560
v -2.681162 11.136948 -5.781128
v -3.538683 10.826523 -5.405487
v -4.296124 10.780502 -5.728943
v -4.091915 10.140121 -4.953918
v -3.277418 10.171158 -4.322449
v -2.920950 10.902512 -4.330017
v -2.987123 10.640869 -3.562439
v -3.214134 9.841751 -3.562439
v -3.277418 10.171158 -2.802429
v -3.747126 9.411163 -3.092743
v -4.037416 9.880859 -2.332733
v -3.708012 10.640869 -2.269440
v -4.419079 10.770218 -1.830719
v -4.976831 9.880859 -2.332733
v -5.560968 10.558945 -2.251648
v -5.074078 11.014618 -1.476074
v -4.652233 11.481812 -0.868927
v -5.187748 11.168182 -0.909119
v -5.938801 11.085022 -0.780731
v -7.076780 12.384064 2.532471
v -6.649942 11.651581 1.706818
v -6.605850 12.189590 2.275177
v -6.554619 12.759430 2.655853
v -7.603333 12.446136 2.946075
v -7.352129 13.343872 3.209412
v -6.798241 13.407196 2.963898
v -7.066622 13.976501 3.360779
v -7.793579 13.809143 3.728149
v -7.471752 14.652863 3.795319
v -0.632990 12.429352 9.290436
v -1.057602 12.704956 9.792999
v -1.067965 13.297424 8.935455
v -0.536488 12.813263 8.490448
v -0.707235 11.954178 10.138000
v -0.462114 11.612823 9.390442
v -0.566788 10.922089 10.402100
v -0.709892 10.694656 9.412842
v -0.524149 10.243469 10.412781
v -0.671204 9.814941 9.390442
v -0.161730 9.365555 9.873505
v -0.305574 9.537933 10.474030
v 0.078411 9.049210 10.407837
v 0.179836 9.010300 9.504028
v 0.487682 8.644760 10.314178
v 0.684887 8.362030 9.409546
v 0.879835 7.877670 9.936646
v 0.893976 7.626007 9.409546
v 0.858885 7.357834 10.168457
v 0.684887 6.889984 9.409546
v 0.649796 6.621811 10.168457
v 0.359926 6.152786 9.409546
v 0.748171 6.560593 8.649567
v 0.748171 5.621170 8.649567
v 1.178764 6.090874 8.116577
v 1.508169 6.850876 8.179840
v 1.977877 6.090874 7.889557
v 1.508169 5.330872 8.179840
v 2.452259 5.323303 8.032471
v 2.776989 6.090874 8.116577
v 2.981876 5.273010 8.085663
v 3.371336 6.088539 8.397430
v 3.685732 5.246208 8.267792
v 4.107359 6.088539 8.606506
v 3.674736 6.788544 8.339142
v 4.539982 6.788544 8.339142
v 4.843382 6.088539 8.397430
v 5.239983 6.521164 7.906494
v 5.712500 5.803871 8.020172
v 6.175760 6.418503 7.664124
v 6.443136 5.985878 8.364136
v 6.875761 6.476791 7.967529
v 7.342375 5.919373 8.394196
v 7.576876 6.633453 7.602905
v 8.061529 5.997711 8.049408
v 8.536142 6.953827 7.600830
v 8.684107 5.926880 8.059509
v 8.478876 5.152878 8.255554
v 9.318830 5.114334 8.392670
v 9.664061 6.284622 8.111237
v 10.072092 5.383858 8.858215
v 10.295259 5.921280 8.583923
v 10.763140 5.595451 9.127808
v -7.304842 21.303314 -8.853149
v -8.131733 21.067459 -7.873779
v -7.574036 21.638290 -8.079620
v -6.983633 21.902206 -8.412384
v -6.802670 21.406570 -9.355164
v -8.156878 20.987122 -8.739380
v -8.430058 20.663620 -7.732269
v -8.647787 20.590515 -9.171997
v -8.505064 20.955185 -10.052460
v -9.341349 20.513351 -9.434479
v -9.649160 20.647598 -10.308258
v -8.949160 20.705887 -10.611664
v -8.353123 21.045837 -11.049408
v -7.578123 21.341873 -10.570435
v -7.578123 21.110367 -11.385315
v -6.811441 21.145828 -11.114380
v -6.802670 21.197495 -10.091187
v -7.104288 20.671982 -11.881073
v -5.969416 21.189133 -11.644318
v -5.386124 21.867844 -11.326416
v -5.090101 21.388885 -12.101410
v -4.611124 21.932373 -11.662323
v -4.427881 22.188095 -10.958893
v -3.911123 21.990662 -11.965729
v -3.562771 22.360596 -11.395752
v -3.266262 22.376923 -11.834229
v -3.733543 21.907181 -12.985443
v -3.104074 22.617767 -13.161743
v -3.791830 22.210587 -13.685425
v -3.322123 22.970581 -13.975739
v -3.855114 22.539993 -14.445435
v -3.322123 22.970581 -14.915161
v -2.562124 23.260880 -14.445435
v -2.562124 23.033859 -15.244568
v -1.802126 22.970581 -14.915161
v -2.093107 22.599930 -15.735260
v -1.396917 22.243851 -15.718475
v -1.269135 22.539993 -14.445435
v -0.906008 21.847244 -15.285858
v -0.830399 21.828918 -14.574799
v -0.655699 21.036255 -14.770386
v -0.906008 21.847244 -16.151123
v -1.879124 22.138519 -16.543182
v -1.064241 21.871155 -16.975830
v -1.879124 22.022888 -17.479431
v -1.247005 22.040237 -17.749054
v -0.432123 21.864899 -17.134308
v -0.432123 21.982895 -17.981445
v 0.552877 21.869736 -17.783386
v 0.569017 21.813324 -18.414246
v 1.455276 22.062851 -17.910828
v 1.566154 22.317841 -18.867950
v 1.763121 22.428391 -18.254303
v 1.839863 22.686478 -17.690094
v 2.165253 11.012863 -10.580750
v 2.783333 11.134491 -10.969055
v 2.378407 11.608170 -10.626190
v 1.545938 11.346329 -10.406769
v 1.806692 10.415878 -10.340363
v 0.986584 10.706879 -9.969727
v 1.315989 9.946869 -9.906464
v 0.578791 9.946869 -9.581482
v 0.084253 10.782013 -9.848175
v -0.190062 9.814499 -9.342773
v 0.047859 9.087814 -9.909637
v -0.652142 9.029526 -9.606232
v -0.862951 9.425110 -8.871796
v -1.225040 8.721130 -9.304504
v -1.471125 9.059174 -8.449738
v -1.001417 9.819168 -8.159454
v -1.761415 9.528870 -7.689728
v -1.432011 10.288879 -7.626465
v -2.194729 8.938904 -8.026215
v -2.700830 9.528870 -7.689728
v -3.040483 8.830444 -8.053253
v -3.514833 9.746933 -8.042542
v -4.223068 8.950211 -8.400177
v -4.655691 9.650208 -8.132782
v -3.947456 10.237854 -7.645935
v -4.923069 10.082840 -7.432800
v -4.296124 10.780502 -6.594177
v -4.909037 10.201920 -6.129944
v -5.484148 9.617279 -6.904785
v -5.599125 9.321167 -5.809143
v -4.990952 9.687103 -5.387085
v -5.461664 9.215652 -4.835907
v -4.507124 9.347885 -4.361542
v -5.308474 9.276688 -4.015930
v -4.507124 9.120865 -3.562439
v -3.747126 9.411163 -4.032135
v -5.267122 9.411163 -3.092743
v -4.507124 9.347885 -2.763336
v -5.751776 9.679962 -3.343628
v -6.128139 9.633530 -3.746216
v -6.672392 10.008163 -3.185059
v -6.453133 10.453842 -2.594574
v -7.216642 10.057159 -2.753113
v -7.153133 10.395554 -2.291168
v -7.742418 10.060165 -1.857452
v -7.111452 10.864365 -1.608643
v -5.993593 11.049866 -1.855042
v -8.137793 10.470993 -1.231079
v -7.705170 10.961914 -0.834473
v -6.598457 11.144073 -0.617493
v -7.562160 11.278152 -0.291290
v -7.076481 11.228699 -0.046570
v -7.050663 11.317535 0.508118
v -7.521286 11.590836 1.437256
v -7.019876 11.455704 1.123505
v -8.241514 11.760056 0.881927
v -8.225515 11.809860 2.161377
v -7.623358 11.897766 2.034546
v -9.115364 11.460861 1.285889
v -9.179459 11.702606 2.082611
v -9.253124 11.643860 2.770569
v -8.403126 11.968552 3.295898
v -9.476782 11.931351 3.766907
v -8.677156 12.379501 4.183624
v -7.877796 12.818542 3.620544
v -8.235029 13.343872 4.246918
v -8.688547 12.664444 4.912628
v -8.555416 13.472260 4.625244
v -8.696745 13.972931 4.303986
v -8.964123 13.540298 5.003998
v -9.396746 14.240311 4.736603
v -9.000145 14.672928 4.245697
v -8.264122 14.672928 4.036621
v -8.497456 15.517136 4.537323
v -8.021091 15.095886 4.140747
v -1.835499 6.320206 11.536865
v -2.253494 7.037491 11.792145
v -1.558037 7.318115 11.868256
v -2.849911 6.516663 11.838654
v -2.591091 5.924828 11.738586
v -2.194490 5.492203 11.247681
v -1.568121 5.887581 10.836853
v -0.808123 6.275818 11.244659
v -0.375500 6.766739 11.641235
v -0.927164 7.700302 11.813934
v -0.072100 7.466736 11.699524
v -0.241871 7.826111 11.529480
v 0.231655 8.107300 11.105469
v 0.591509 6.925217 10.868439
v 0.158886 6.225204 10.601074
v -0.819553 5.824379 10.326508
v -0.130983 5.756187 9.842194
v -0.546482 5.425446 9.720398
v -1.277830 5.417877 10.076843
v -0.808123 4.657875 9.786560
v 0.306765 4.610657 9.606140
v 0.400982 5.074539 9.300232
v 1.214647 4.363647 9.117554
v 1.100983 4.807167 8.867615
v 1.751814 4.418884 8.274323
v -0.338415 3.897873 10.076843
v 0.526831 3.897873 10.076843
v 1.226831 3.630501 9.644226
v 0.778168 3.277664 10.457214
v 1.630600 2.635368 9.869568
v 1.688887 2.938766 9.169556
v 1.752171 3.268173 8.409546
v 2.182764 3.737877 7.876556
v 2.500099 4.534882 7.829895
v 2.981876 3.737877 7.649567
v 3.451584 4.497879 7.939850
v 3.964121 3.822304 7.963562
v 4.000128 4.403877 8.138184
v 4.847254 4.174103 8.483154
v 4.432751 5.103874 8.405548
v 5.279877 5.103874 8.287567
v 5.805204 4.253868 8.612244
v 6.207720 5.152878 8.482574
v 6.624929 4.298210 8.713287
v 6.943743 5.152878 8.691650
v 7.211920 4.393997 8.656555
v 7.679766 5.152878 8.482574
v 8.009172 4.392876 8.545868
v 7.108545 3.391869 9.102234
v 6.226862 3.509697 9.035858
v 6.675920 2.691872 9.369598
v 7.699179 2.765526 9.459473
v 8.159204 3.391869 9.102234
v 8.515268 3.802902 8.882355
v 8.948580 4.392876 8.545868
v 9.238874 3.923172 9.305847
v 9.708586 4.683174 9.015564
v 9.847052 4.289108 9.727905
v 10.297869 5.018547 9.449310
v 10.565245 4.585922 10.149292
v 11.092875 5.091209 9.690796
v 11.055414 4.583847 10.096191
v 21.251619 17.889359 5.753113
v 21.534315 17.790268 4.832642
v 21.630461 18.227753 5.320374
v 21.742292 18.312439 6.053284
v -9.036222 19.894241 -7.535675
v -9.367161 20.408691 -6.940491
v -8.817505 20.403992 -7.357422
v -9.736223 19.835953 -7.232269
v -9.736223 19.626877 -7.968292
v -9.036222 19.894241 -8.400940
v -9.736223 19.835953 -8.704315
v -10.436223 19.894241 -8.400940
v -10.168846 20.326874 -9.100922
v -10.868847 20.594254 -8.668304
v -10.547917 21.261124 -9.580811
v -10.057007 20.864517 -10.013428
v -10.626908 20.795883 -10.420807
v -10.194284 20.304962 -10.817383
v -11.117612 20.326874 -10.854706
v -10.684988 19.835953 -11.251312
v -9.860632 19.991348 -11.170563
v -9.428009 20.482269 -10.773956
v -9.265085 19.956070 -11.552460
v -9.802160 19.371597 -12.027588
v -9.102160 19.429886 -12.330994
v -8.612089 19.913956 -12.167969
v -8.611250 19.826492 -12.763611
v -7.731123 20.274948 -12.501404
v -8.115713 20.642975 -11.890839
v -7.731123 20.065872 -13.237427
v -7.031122 20.220963 -13.610962
v -6.431124 20.266968 -12.513428
v -6.431124 20.057892 -13.249451
v -5.731123 20.325256 -12.816803
v -5.731123 20.325256 -13.682068
v -6.431124 20.266968 -13.985474
v -5.371456 20.845184 -14.408539
v -6.124664 20.154282 -14.584106
v -6.824665 19.886902 -14.151459
v -7.731123 19.834366 -14.052338
v -7.096018 19.284378 -14.672882
v -6.198727 19.172760 -15.006805
v -5.802126 19.605377 -15.497711
v -5.857288 20.586899 -15.284088
v -5.584829 21.205582 -15.225433
v -5.875124 20.735870 -15.985443
v -5.648113 21.534988 -15.985443
v -5.115122 21.965576 -15.515747
v -4.414007 22.122238 -15.151123
v -4.623335 21.323151 -14.252014
v -4.822723 20.956253 -13.666656
v -4.822723 20.956253 -12.801422
v -4.278133 21.431717 -13.326050
v -4.224453 21.510574 -12.552826
v -4.132425 21.719757 -13.819397
v -4.190712 22.023163 -14.519409
v -4.355124 22.255875 -15.985443
v -5.115122 21.965576 -16.455139
v -4.355124 22.028854 -16.784546
v -4.738501 21.613831 -17.209869
v -3.886106 21.594925 -17.275269
v -4.471123 21.181198 -17.909851
v -3.886106 21.385849 -18.011292
v -3.186106 21.653214 -17.578644
v -2.907564 21.884048 -16.919312
v -2.694006 21.871155 -17.983063
v -3.096615 21.719009 -18.568115
v -1.879124 21.904892 -18.326569
v -2.093122 22.083054 -19.093750
v -1.247005 21.831161 -18.485077
v -1.247005 22.040237 -19.221100
v -0.547005 22.098526 -18.917694
v -0.883123 22.286102 -19.602570
v 0.019207 22.210968 -19.724121
v 0.569017 22.022400 -19.150269
v 0.597004 22.372925 -19.787781
v 1.260635 22.452637 -19.481598
v 1.350952 23.072433 -20.123657
v 4.224859 11.234634 -15.295776
v 4.281706 12.110962 -15.228333
v 4.435883 11.830612 -14.322205
v 4.191084 10.863815 -14.449249
v 4.118387 11.143906 -13.711548
v 4.561134 11.535095 -13.297607
v 3.682827 10.883560 -13.260071
v 4.295691 11.233429 -12.653656
v 3.794525 10.929321 -12.286438
v 2.623850 10.277725 -11.704254
v 3.302860 10.778946 -12.002258
v 3.044056 10.856720 -11.491455
v 2.420984 9.969467 -12.317505
v 2.997009 10.522995 -12.676666
v 2.528885 9.765549 -12.966003
v 1.806931 9.148834 -12.989807
v 1.844957 9.415939 -11.958313
v 2.134827 9.884949 -11.199432
v 1.809866 9.147751 -11.199432
v 1.746582 9.477158 -10.439453
v 1.276875 8.717163 -10.729736
v 0.986584 9.186859 -9.969727
v 0.516876 8.653885 -10.400330
v 0.516876 8.426865 -11.199432
v -0.242008 8.618790 -10.668518
v -0.250690 8.360703 -11.461090
v -0.950691 8.302414 -11.157684
v -0.942009 8.560501 -10.365112
v -1.483133 7.928558 -10.830963
v -1.684174 8.000961 -9.639435
v -1.974043 7.531952 -10.398315
v -2.009134 7.263763 -9.639435
v -2.072418 7.593170 -8.879456
v -1.903748 8.359161 -8.717102
v -2.462172 8.024338 -8.256561
v -2.832417 7.302872 -8.409729
v -3.302124 8.062881 -8.119446
v -3.771832 7.302872 -8.409729
v -4.101236 8.062881 -8.346466
v -4.435499 7.551468 -8.744659
v -4.062122 6.833176 -9.169739
v -4.652100 7.169662 -9.603058
v -5.228748 7.728683 -9.370178
v -5.568123 8.309769 -8.780701
v -6.021997 7.696793 -9.866455
v -6.516201 8.245468 -9.141357
v -6.093452 8.905869 -8.299103
v -5.269882 8.762878 -8.288177
v -5.461908 9.349930 -7.736816
v -6.526075 9.396790 -7.902527
v -6.526075 9.605865 -7.166473
v -7.226076 9.338501 -7.599121
v -7.118008 9.431870 -6.606384
v -6.442598 9.327347 -6.284515
v -7.119122 9.321167 -5.809143
v -6.359123 9.030869 -5.339447
v -7.119122 9.321167 -4.869720
v -6.200691 9.302887 -4.419403
v -6.828140 9.691818 -4.049622
v -7.756102 9.635101 -4.324219
v -7.575144 9.635101 -3.632660
v -8.503107 9.670822 -3.907257
v -8.212126 9.300171 -3.087158
v -8.972124 9.236893 -3.416565
v -8.972124 9.009872 -2.617432
v -8.212126 9.300171 -2.147736
v -8.972124 9.236893 -1.818329
v -8.502417 9.769867 -1.387726
v -9.441832 9.769867 -1.387726
v -8.972124 10.462311 -0.972992
v -9.806456 10.470993 -1.231079
v -10.129101 11.039993 -0.695404
v -8.642860 10.996536 -0.485718
v -10.647123 10.656494 -1.379059
v -11.347123 10.923859 -0.946442
v -11.347123 11.041855 -0.099304
v -10.019123 11.327148 0.179688
v -11.304123 11.026794 0.427521
v -10.489240 11.178528 0.931152
v -9.985123 11.276871 0.737549
v -9.055357 11.472488 0.304932
v -9.985123 11.530777 1.631317
v -10.685122 11.472488 1.934692
v -9.985123 11.739853 2.367340
v -11.304123 11.353867 2.010681
v -11.304123 11.235870 1.163574
v -12.085065 11.393692 1.759003
v -11.537124 11.416870 2.531555
v -12.784464 11.679886 2.262817
v -12.551565 11.561737 3.062378
v -11.760783 11.710846 3.529419
v -11.233804 11.964920 3.869507
v -12.404123 11.980774 4.231781
v -11.233804 12.173996 4.605530
v -10.467123 12.000381 4.140442
v -10.617919 12.072388 5.557343
v -9.577818 12.237076 4.547089
v -9.684660 12.245056 5.421661
v -8.925884 12.432281 5.752350
v -8.613703 13.168854 5.325226
v -8.869982 13.416107 5.724792
v -8.604774 12.906555 5.789490
v -9.396746 15.105545 4.736603
v -9.361092 15.295807 5.292389
v -9.524729 14.672928 5.436615
v -9.038635 15.529144 4.914856
v -3.393267 5.133873 13.244171
v -3.724785 5.593391 12.859558
v -3.446299 5.698746 12.474396
v -2.693266 4.866501 12.811554
v -2.634979 5.169899 12.111542
v -2.350267 4.364235 12.074280
v -2.328123 4.657875 11.306549
v -2.101112 3.858765 11.306549
v -2.037828 4.188171 10.546570
v -2.037828 5.127579 10.546570
v -1.607235 4.657875 10.013580
v -1.277830 3.897873 10.076843
v -1.568121 3.428169 10.836853
v -0.808123 3.364883 10.507446
v -0.752705 3.039841 11.242249
v 0.014463 3.332870 10.768127
v -0.264664 2.548836 11.636475
v 0.510790 2.845039 11.157227
v 0.687904 1.902092 11.211609
v 1.210791 2.577667 10.724579
v 1.351326 1.570518 10.765594
v 1.553900 2.022499 10.071960
v 1.878929 1.373543 10.425049
v 2.469292 1.075363 10.373383
v 2.214310 2.151703 9.431213
v 2.981876 2.008789 9.905579
v 2.981876 2.217880 9.169556
v 2.221878 2.508171 8.699860
v 2.981876 2.444885 8.370453
v 2.512169 2.977875 7.939850
v 3.451584 2.977875 7.939850
v 3.741875 2.508171 8.699860
v 4.211582 3.268173 8.409546
v 4.558771 2.721542 9.060242
v 5.128382 3.581535 8.905823
v 5.777803 2.927528 9.236847
v 4.874498 2.075546 9.399841
v 5.914251 2.014755 9.233276
v 5.524132 1.199875 9.335449
v 6.417875 1.199875 9.081573
v 7.066420 2.025146 9.320618
v 7.311617 1.199875 9.335449
v 7.877420 1.665146 9.823975
v 7.812571 0.531952 10.074066
v 8.342344 1.068504 11.022125
v 8.414762 1.939110 10.617432
v 8.356474 2.242508 9.917419
v 8.882887 2.696548 10.328094
v 8.577200 2.830421 9.823547
v 9.373621 3.506821 10.022675
v 9.722189 2.921890 10.833191
v 10.593668 3.528175 10.740112
v 10.434008 2.872871 11.060120
v 21.023684 15.518723 6.363556
v 21.259703 15.178070 6.958984
v 21.412977 15.077057 6.266724
v 20.873541 15.986145 6.835602
v 20.814592 16.254745 6.363556
v 20.782492 16.581619 7.139008
v 21.023684 16.990768 6.363556
v 21.042528 17.153336 5.753113
v 21.261137 17.606522 6.621674
v 20.991583 17.317642 7.139008
v 21.585238 17.965210 6.996246
v 21.351900 17.587662 7.777649
v 5.204557 16.904327 15.199860
v 5.799494 17.420471 14.966125
v 5.191994 17.678802 14.914368
v 4.634987 17.511368 14.918396
v 4.190649 17.106140 15.201355
v -12.059933 25.848846 -5.460114
v -11.201804 25.673706 -5.060944
v -10.989232 25.095154 -5.746674
v -11.772543 25.094742 -6.106934
v -11.498404 24.206604 -6.201752
v -12.198403 24.473984 -6.634369
v -11.733128 23.721146 -6.921936
v -11.029872 23.259506 -6.460419
v -11.426472 22.755875 -6.951324
v -11.084122 22.429367 -6.344727
v -11.326908 21.928497 -6.753479
v -10.799518 21.452255 -6.173126
v -10.718589 22.085876 -6.036865
v -11.326908 21.063263 -6.753479
v -10.635104 20.888336 -6.460999
v -10.894284 20.363251 -7.020844
v -10.041597 20.475906 -6.624664
v -10.436223 19.894241 -7.535675
v -10.927135 20.290848 -7.968292
v -11.385196 20.759857 -7.453461
v -11.326908 21.063263 -8.153473
v -11.594284 21.495880 -7.453461
v -11.426472 21.819626 -8.351318
v -10.990417 21.496582 -8.743439
v -11.460123 22.256577 -9.033722
v -10.927135 21.825989 -9.503448
v -11.460123 22.256577 -9.973145
v -10.990417 21.496582 -10.263428
v -11.750418 21.786880 -10.733154
v -11.421012 21.026871 -10.796417
v -12.210045 21.060654 -11.134644
v -11.854809 20.326874 -11.179688
v -12.713798 20.605408 -11.487152
v -12.239415 19.837830 -11.780334
v -11.422185 19.835953 -11.576263
v -11.806791 19.346909 -12.176941
v -11.377577 19.169571 -12.461670
v -10.602123 19.313950 -11.982422
v -10.602123 19.104874 -12.718445
v -11.377123 18.808838 -13.197418
v -10.602123 18.873367 -13.533325
v -9.802160 19.162521 -12.763611
v -9.695665 18.925903 -13.632477
v -9.102160 19.429886 -13.237427
v -8.506123 19.769836 -13.716431
v -10.128288 18.434982 -14.029083
v -9.428288 18.493271 -14.332458
v -9.713026 17.806046 -15.446594
v -9.011095 18.091629 -15.046295
v -8.578472 18.582550 -14.649689
v -8.210379 18.100403 -15.307037
v -7.572565 18.532043 -14.987762
v -8.210100 19.290878 -14.491425
v -8.082436 17.726990 -15.970306
v -6.968864 17.812149 -15.441437
v -6.502127 18.472763 -15.065094
v -5.972477 18.010040 -15.321838
v -5.669077 18.710037 -15.263550
v -4.970854 18.232407 -15.742126
v -5.272476 19.142654 -15.754456
v -4.574253 18.665024 -16.233032
v -5.115122 19.506165 -16.455139
v -5.738016 19.895920 -16.023987
v -5.584829 20.266159 -16.745453
v -5.173731 19.755554 -17.227386
v -5.248339 20.772263 -17.335419
v -5.584829 21.205582 -16.745453
v -4.938166 19.583954 -17.750427
v -5.136942 20.362198 -18.490173
v -4.996452 19.280548 -18.450439
v -5.321125 19.805878 -19.300446
v -5.067232 20.699615 -19.300446
v -4.471123 21.181198 -18.775116
v -4.578724 21.265427 -19.765717
v -4.059980 21.706879 -19.300446
v -3.886106 21.594925 -18.747314
v -3.767122 21.930588 -19.757721
v -3.007124 21.993866 -19.428314
v -3.376825 22.610062 -20.169769
v -2.574501 22.484787 -19.824921
v -2.994127 23.247757 -20.367798
v -2.342373 23.219757 -20.125793
v -1.794689 22.629990 -19.673431
v -1.396437 22.998398 -20.062469
v -1.931454 23.954880 -20.566101
v -0.880795 23.954880 -20.566101
v -0.493692 23.210541 -20.399780
v -0.413416 22.701889 -20.120728
v 0.416010 23.232468 -20.544067
v -0.016613 23.723389 -20.940674
v 0.848633 23.723389 -20.940674
v 0.314880 24.123001 -21.195801
v 1.180126 24.123001 -21.195801
v 1.595160 23.802780 -20.549011
v 1.993156 24.583237 -20.730682
v 1.483526 24.822998 -21.254089
v 2.185627 25.432800 -20.753204
v 3.944750 11.687851 -16.029114
v 4.249762 11.963959 -16.702942
v 4.202385 12.191406 -16.059357
v 4.086878 11.005478 -16.559845
v 4.448765 11.491150 -17.276794
v 4.354254 10.572861 -17.259827
v 4.295967 10.269455 -16.559845
v 4.414583 10.151123 -16.037903
v 4.613220 9.440979 -16.141266
v 4.278986 9.717056 -15.318512
v 4.349876 10.407883 -15.262451
v 4.053854 9.928894 -14.487427
v 3.714312 8.896042 -14.833588
v 3.268309 9.105209 -14.267792
v 3.401220 9.585785 -13.932281
v 3.000931 9.537842 -13.567780
v 3.250204 10.183548 -13.527435
v 2.568308 8.837830 -13.835175
v 2.881207 8.360870 -14.434113
v 2.074308 8.716202 -13.689789
v 3.898972 8.306564 -15.329102
v 3.406206 7.521866 -15.430115
v 2.497595 7.639587 -14.719727
v 2.047762 7.388474 -14.541931
v 1.958868 6.985641 -14.878967
v 2.764973 7.206955 -15.419708
v 2.506502 6.410782 -15.536469
v 1.572206 6.154877 -15.088104
v 0.985365 6.754944 -14.412964
v 1.521980 7.807632 -13.850281
v 0.491508 7.643417 -13.844452
v 1.301592 8.450836 -13.237335
v 0.376503 8.235306 -13.029266
v 1.296448 8.734695 -12.545776
v 0.516876 8.538010 -11.997375
v 1.276875 8.717163 -11.669159
v -0.215460 8.228241 -12.527008
v -0.231810 7.338318 -13.426239
v -0.821384 7.108093 -12.953308
v -0.695704 7.895508 -12.090149
v -1.133615 7.144226 -12.322906
v -1.383314 7.602402 -11.425049
v -1.752628 6.769104 -11.869781
v -1.915756 7.228546 -11.098328
v -2.496857 6.596115 -11.530273
v -2.460592 6.672104 -10.681305
v -3.309046 6.604736 -11.472168
v -3.331566 6.665268 -10.455566
v -2.488808 6.729431 -10.111145
v -3.302124 6.542877 -9.639435
v -2.542126 6.833176 -9.169739
v -3.302124 6.769897 -8.840332
v -4.099134 6.723206 -10.121216
v -4.061008 6.943893 -10.906403
v -4.837259 6.769897 -10.375458
v -4.761009 6.676514 -11.339020
v -5.251919 6.279922 -10.906403
v -5.589375 7.205872 -10.263062
v -5.989344 6.453049 -10.550598
v -6.454620 7.205872 -10.263062
v -6.869123 6.505875 -10.412445
v -7.604082 7.186600 -10.091003
v -6.869123 7.696793 -9.748474
v -7.977123 7.714767 -9.409698
v -7.451794 8.310867 -8.928101
v -7.944796 8.394348 -8.648743
v -7.512173 8.885269 -8.252136
v -7.019171 8.801788 -8.531525
v -8.284416 8.943863 -8.002747
v -8.052120 9.489548 -7.534027
v -8.754124 8.410889 -8.433319
v -9.223831 8.943863 -8.002747
v -9.514122 8.474167 -8.762726
v -10.060019 9.167435 -8.414551
v -9.588455 9.644989 -7.846069
v -9.541162 10.390533 -7.242554
v -8.555847 10.244324 -7.403625
v -7.855846 9.976944 -6.971008
v -8.674480 10.769043 -6.512604
v -7.797560 10.280350 -6.270996
v -8.272032 10.587646 -5.616455
v -7.652113 9.751755 -5.339447
v -8.260729 10.166397 -4.741150
v -8.746506 10.894943 -4.961914
v -9.013884 10.462311 -4.261902
v -9.446507 10.953232 -4.658508
v -10.052107 10.426224 -4.296082
v -9.441832 9.769867 -3.847137
v -10.573303 9.841156 -3.723419
v -9.732124 9.300171 -3.087158
v -10.388750 9.677155 -2.651642
v -9.732124 9.300171 -2.147736
v -10.268738 9.967056 -1.774323
v -10.914499 10.223862 -2.079071
v -11.288704 9.856888 -2.414429
v -12.239741 10.057556 -2.178345
v -11.347123 10.714783 -1.682465
v -11.685719 10.029480 -2.649109
v -12.162006 10.866516 -1.178833
v -12.698674 10.430298 -1.716766
v -13.495971 10.661316 -1.505524
v -13.098124 11.349503 -0.633057
v -12.162006 11.075592 -0.442810
v -12.157124 11.165878 0.093567
v -12.932123 11.461914 0.572540
v -12.190464 11.290894 0.920288
v -12.817804 11.692627 1.376953
v -13.511085 12.171936 0.860229
v -13.487287 12.114548 1.780884
v -13.946812 12.929291 1.614563
v -14.005099 12.625885 2.314545
v -13.526123 11.850906 2.610596
v -14.567198 11.991394 3.077118
v -14.084173 11.735352 3.457214
v -13.526577 11.699249 3.568817
v -14.130801 11.580063 4.383362
v -13.451123 11.728088 4.207855
v -12.751123 11.786377 3.904449
v -14.769721 11.763153 3.868683
v -13.313140 11.814743 4.744720
v -12.372148 26.321793 -3.392395
v -12.259264 26.510315 -2.918732
v -11.671010 26.274780 -3.463623
v -11.938223 25.831100 -3.861420
v -11.396914 25.994202 -4.243652
v -11.938223 25.622025 -4.597443
v -12.638223 25.889389 -4.164825
v -12.624414 25.998489 -5.233978
v -13.129134 26.285995 -4.597443
v -13.086832 26.442139 -5.684784
v -12.610605 26.107590 -6.303101
v -13.160123 26.753586 -6.642731
v -12.627134 26.322998 -7.112427
v -12.379369 25.788803 -6.786957
v -12.690417 25.993591 -7.872437
v -12.465779 24.906601 -7.334381
v -12.586673 25.052185 -7.925751
v -12.249023 24.157974 -7.394653
v -13.020195 24.305878 -8.153473
v -12.716795 23.605881 -8.211761
v -11.879770 23.118896 -7.793762
v -12.035512 22.797470 -8.569153
v -11.693848 22.252243 -7.651337
v -13.313126 22.870758 -8.652100
v -13.045750 22.438126 -9.352081
v -12.220123 22.644806 -9.565369
v -12.980124 22.256577 -9.973145
v -12.220123 22.319855 -10.302551
v -12.689829 21.786880 -10.733154
v -13.891851 21.360062 -10.224304
v -13.270351 21.066345 -11.080322
v -14.358258 20.647156 -10.470825
v -14.283124 20.525589 -11.373138
v -13.523124 20.588867 -11.702545
v -13.992829 20.055893 -12.133148
v -13.053418 20.055893 -12.133148
v -13.523124 19.295883 -12.423431
v -12.688793 19.354767 -12.289795
v -13.264799 18.642044 -12.601837
v -12.227916 18.726334 -12.763458
v -13.182215 17.942383 -13.057373
v -11.917876 18.132889 -13.578247
v -12.695548 17.666656 -13.584564
v -12.353461 17.194489 -14.223541
v -11.449471 17.621552 -14.130676
v -11.081100 18.329880 -13.972412
v -10.602123 17.914856 -14.491852
v -11.156945 17.137268 -15.145569
v -10.378500 17.543991 -15.213257
v -5.166008 17.391266 -15.845673
v -5.711582 17.056824 -16.217010
v -6.490788 17.197128 -16.082275
v -5.002077 17.068161 -16.597107
v -4.466007 17.658646 -16.278320
v -4.590786 17.324173 -17.067444
v -4.198631 18.091263 -16.978302
v -4.683083 17.494629 -17.637146
v -4.466007 18.523880 -17.678314
v -4.515966 18.968430 -16.933044
v -4.879004 18.276047 -18.332001
v -4.934765 17.718948 -18.375946
v -5.427200 17.694305 -18.993622
v -5.162773 18.893448 -19.194763
v -5.559374 18.460831 -19.685699
v -5.671616 19.092255 -20.269501
v -6.139721 18.267273 -20.078491
v -6.446325 18.633087 -20.635315
v -6.005297 19.386230 -21.187866
v -5.590542 19.814178 -20.495453
v -5.648829 20.117584 -21.195435
v -5.162773 20.718307 -20.806091
v -5.104486 20.414902 -20.106110
v -5.296017 20.931595 -21.413483
v -5.107399 21.537262 -21.443298
v -4.510973 21.559036 -20.344696
v -4.649338 22.006271 -20.928467
v -4.330454 22.752960 -20.959137
v -4.985828 22.439590 -21.518433
v -4.633017 23.253601 -21.736481
v -4.298452 23.658203 -21.333435
v -3.816868 23.132874 -20.737335
v -3.448454 23.982880 -20.808105
v -4.009235 24.451385 -21.240967
v -2.923124 24.762634 -20.946411
v -3.423056 25.179993 -21.005371
v -2.417742 25.171310 -20.956360
v -2.892124 25.871307 -20.688965
v -1.860495 25.970901 -20.709198
v -1.644218 25.281219 -20.981628
v -1.339272 25.637878 -21.220337
v -1.035872 24.937881 -21.162048
v -1.340818 24.581223 -20.923340
v -0.320013 24.423386 -20.998962
v -0.079573 24.880447 -21.208069
v -0.603249 25.637878 -21.429443
v 0.243877 25.637878 -21.311432
v 0.747503 24.822998 -21.463165
v 1.091003 25.637878 -21.429443
v 0.747503 26.452759 -21.463165
v 1.483526 26.452759 -21.254089
v 1.827026 25.637878 -21.220337
v 0.985313 27.022232 -21.730652
v 1.602043 27.215271 -21.578400
v 2.019876 27.201248 -21.135071
v 2.075878 27.653656 -22.074158
v 2.720417 27.808319 -21.495972
v 2.990456 28.130295 -21.980591
v 4.950291 10.232910 -17.697601
v 5.441376 10.739685 -18.137909
v 4.817333 11.036362 -17.733032
v 5.650290 9.965530 -18.130219
v 5.403521 9.499557 -17.417480
v 4.786877 9.872849 -16.992462
v 5.265854 9.097870 -16.696442
v 5.684874 8.665527 -17.395996
v 5.265854 8.139893 -16.696442
v 4.826761 8.618881 -16.152924
v 4.498127 7.777023 -16.081146
v 4.786877 7.364914 -16.992462
v 3.725229 6.864090 -16.196472
v 3.562914 6.337845 -17.067230
v 2.966877 5.997902 -16.629456
v 2.967331 5.637169 -17.365204
v 2.121986 5.539688 -16.978943
v 1.896875 5.629555 -15.938110
v 1.061235 5.192307 -16.405182
v 1.046877 5.558777 -15.569702
v 0.196878 5.629555 -15.938110
v 0.444876 6.400360 -14.702545
v -0.452213 6.103317 -15.366028
v -0.474960 6.428909 -14.463165
v 0.012253 6.867966 -14.140656
v -0.836931 6.763458 -13.510986
v -1.056190 6.300018 -14.242554
v -4.493631 6.243896 -12.039032
v -3.896858 5.766869 -12.885101
v -3.921190 6.126617 -12.178955
v -3.683468 6.551743 -11.673492
v -4.812643 5.382210 -12.248840
v -5.193632 5.976517 -11.606384
v -5.419147 4.888901 -11.959442
v -5.759096 5.326668 -11.363403
v -6.194147 4.592873 -11.480469
v -6.869123 5.029526 -11.094360
v -6.343794 5.655869 -10.737122
v -7.394453 5.655869 -10.737122
v -7.152102 4.592873 -11.480469
v -6.673124 4.049362 -11.919556
v -7.439806 4.013916 -12.190491
v -7.927101 4.888901 -11.959442
v -8.323702 4.456276 -12.450348
v -8.718510 5.226120 -12.812439
v -8.430952 5.626099 -12.059601
v -8.718510 6.091370 -12.812439
v -8.672499 6.414825 -12.054993
v -8.244452 5.980545 -11.262451
v -8.352163 6.882217 -11.007385
v -7.834387 6.420395 -10.603455
v -8.293877 7.185623 -10.307373
v -8.784786 7.582230 -10.740021
v -8.827122 7.785553 -9.778107
v -9.453466 8.142776 -10.238129
v -9.613188 8.414062 -9.701447
v -8.648371 8.117432 -9.039703
v -10.054453 8.598541 -10.802429
v -10.082205 9.172943 -9.991333
v -10.047113 8.904755 -9.232452
v -10.573116 9.569550 -9.558716
v -10.573116 9.569550 -8.906189
v -10.573116 9.569550 -10.423950
v -11.482560 9.836426 -9.994415
v -11.114568 9.488708 -10.632721
v -13.533919 11.597595 -0.606445
v -14.490267 11.806610 -1.081604
v -13.923685 11.232910 -1.272491
v -13.966543 12.297607 -0.339050
v -13.475632 11.901001 0.093567
v -13.830116 12.669235 0.169006
v -14.852700 13.000717 -0.297028
v -14.262740 13.369247 0.436401
v -13.771829 12.972641 0.869019
v -14.262740 13.369247 1.301636
v -15.072634 13.549347 0.841248
v -15.467801 13.546143 1.394745
v -14.437723 13.325897 2.047180
v -15.137723 13.384186 2.350586
v -14.705099 12.893265 2.747192
v -15.862967 13.403534 1.948273
v -16.170534 13.200897 2.435883
v -15.910415 12.820709 3.014404
v -13.702987 26.654251 -2.833527
v -13.524736 27.012360 -2.409943
v -12.873606 26.791138 -2.493439
v -13.037567 26.383484 -3.480988
v -13.682554 26.685410 -3.913269
v -14.274227 27.091095 -3.478302
v -14.422123 27.006882 -4.597443
v -13.662123 26.716583 -5.067139
v -14.422123 26.895737 -5.395386
v -13.840902 26.873077 -6.209869
v -14.967731 26.978012 -5.861938
v -14.793927 27.193588 -6.672546
v -13.920123 27.043884 -7.112427
v -14.620123 27.200104 -7.477753
v -13.920123 26.816864 -7.911560
v -13.160123 26.753586 -7.582153
v -13.450418 26.283890 -8.342133
v -14.373627 26.325241 -8.476624
v -13.920123 25.523880 -8.632446
v -13.121013 25.523880 -8.405426
v -13.389193 24.764999 -8.440521
v -14.282495 24.441696 -8.412231
v -13.798452 23.566147 -8.352264
v -14.723083 23.674454 -8.123260
v -14.154554 22.861542 -8.378082
v -15.019802 22.861542 -8.378082
v -14.587178 22.370621 -8.774689
v -13.745749 22.379837 -9.048706
v -14.314143 21.820190 -9.671021
v -13.797017 22.043213 -9.612762
v -15.033452 21.666885 -9.286774
v -14.625634 21.079788 -9.770813
v -15.401866 20.816879 -9.357544
v -15.005266 20.384262 -9.848450
v -15.705266 20.116882 -9.415833
v -15.199360 19.661209 -10.203430
v -14.816113 20.095001 -10.903442
v -15.043124 19.295883 -10.903442
v -14.752830 19.765594 -11.663452
v -14.752830 18.826172 -11.663452
v -14.322234 19.295883 -12.196442
v -14.054054 18.537003 -12.231506
v -14.420246 17.857407 -11.289917
v -14.067988 17.477386 -12.298584
v -13.634540 17.911179 -12.562042
v -6.372213 19.078705 -21.634369
v -6.691692 18.361603 -21.807831
v -6.699287 18.621384 -21.280945
v -6.045429 18.745544 -22.224518
v -6.037073 19.709793 -21.955444
v -5.648829 19.178162 -22.715454
v -5.648829 20.117584 -22.715454
v -5.712112 20.446991 -21.955444
v -5.451803 21.122940 -22.150726
v -4.950054 20.406754 -23.283508
v -5.089573 21.498184 -23.091766
v -5.276123 21.969879 -22.278442
v -4.985828 22.439590 -23.038452
v -5.049112 22.768997 -22.278442
v -4.875114 23.236832 -23.037323
v -4.840023 23.505020 -22.278442
v -4.859396 23.917831 -22.561768
v -4.603218 24.332336 -21.891113
v -4.960451 24.737549 -22.517456
v -4.603218 25.197571 -21.891113
v -5.030636 25.477585 -22.247437
v -5.035841 25.897583 -21.623718
v -4.195501 25.744965 -21.144928
v -3.892101 25.044968 -21.203217
v -3.726456 25.879990 -20.947083
v -4.628124 26.235886 -20.748322
v -4.158417 26.768860 -20.317749
v -3.293171 26.768860 -20.317749
v -3.619131 27.415939 -20.117004
v -2.610830 27.301865 -19.984741
v -2.141123 26.711899 -20.321228
v -1.671415 27.301865 -19.984741
v -1.298012 26.765244 -20.651611
v -0.911417 27.592163 -20.454437
v -0.530445 27.100204 -21.126007
v -1.035872 26.337875 -21.162048
v -0.131605 26.345535 -21.372498
v 0.203339 26.887497 -21.579498
v -0.509916 28.071945 -21.180664
v -0.581715 28.085724 -21.912476
v -0.090805 27.689117 -22.345093
v 0.609196 27.630829 -22.648499
v 0.176573 28.121750 -23.045105
v 1.291014 27.941254 -23.161560
v 1.375877 27.595367 -22.377563
v 2.151331 27.682495 -22.713196
v 2.126020 27.955765 -23.624908
v 2.972921 27.692764 -23.221436
v 2.871428 27.986221 -24.089325
v 3.672922 27.960129 -23.654053
v 3.672922 27.960129 -22.788818
v 4.244749 28.562149 -23.338623
v 4.015282 28.852158 -22.688690
v 4.302563 29.078247 -23.377686
v 5.926966 24.440170 -23.695312
v 6.254240 24.923447 -23.487213
v 6.007940 24.562714 -22.950165
v 5.620687 24.057968 -23.216797
v 5.640276 23.799866 -22.639740
v 5.292101 23.237381 -23.173828
v 5.260780 23.017868 -22.610413
v 4.894249 22.328506 -22.725677
v 6.081472 9.098145 -17.886902
v 6.744997 9.014847 -18.167816
v 6.692171 9.731491 -18.383118
v 6.574873 8.286407 -17.863464
v 5.609417 7.584915 -17.349365
v 6.382639 7.598770 -17.801117
v 5.572132 7.159348 -17.713837
v 6.310423 6.887024 -17.968658
v 5.907949 6.541473 -18.139252
v 4.984655 6.225586 -18.063416
v 1.063320 5.566879 -17.926636
v 1.533039 5.066948 -18.597504
v 1.652596 4.680344 -18.137390
v 1.459921 5.999504 -18.417542
v 0.759920 6.266876 -17.984924
v -0.054106 5.777023 -17.596405
v -0.105326 6.266876 -17.984924
v -0.989780 5.752831 -17.863220
v -0.557732 5.793747 -17.013947
v -1.097828 5.768028 -17.291229
v -1.222948 5.946495 -16.646454
v -0.429466 5.986786 -16.398132
v -1.188265 6.145721 -15.885376
v -4.758131 5.304375 -13.198334
v -4.371508 5.419197 -14.289948
v -4.250063 5.481651 -13.603241
v -5.249041 4.907776 -13.630981
v -5.354614 4.552994 -12.734436
v -5.675234 4.039490 -13.334106
v -5.898125 4.113899 -12.255463
v -6.470415 3.745667 -12.418091
v -6.254841 3.291077 -13.434448
v -7.007183 3.523003 -12.587097
v -6.380640 2.519440 -13.305420
v -7.439806 2.823006 -12.854462
v -7.872429 3.523003 -12.587097
v -8.175829 2.823006 -12.645386
v -8.656229 3.753304 -12.403412
v -8.942123 2.974876 -12.479431
v -9.421101 3.749878 -12.775452
v -9.064209 4.572418 -12.995483
v -9.801935 4.290634 -13.451416
v -9.460810 5.005043 -13.486389
v -10.260422 5.514725 -13.921204
v -9.956554 5.859535 -13.642639
v -9.115110 5.658745 -13.303345
v -9.418510 6.358749 -13.245056
v -9.860741 6.487579 -13.356781
v -10.055054 7.080597 -13.052002
v -9.159819 6.845612 -12.598480
v -9.592442 7.545624 -12.331085
v -9.117979 7.222870 -11.652435
v -9.529121 7.748550 -11.127106
v -10.344391 7.944290 -11.559509
v -10.384310 7.433151 -12.624542
v -11.010406 7.772141 -12.281403
v -15.189691 27.073044 -4.335815
v -15.670064 27.635178 -3.828186
v -15.071177 27.820709 -3.386047
v -15.889690 27.131332 -4.639191
v -15.189691 26.863968 -5.071838
v -15.889690 27.131332 -5.504456
v -16.412506 27.509247 -3.982361
v -17.082077 27.119995 -4.663422
v -16.542906 27.548965 -5.778351
v -15.667731 27.245377 -6.294556
v -16.251123 27.931198 -6.655121
v -15.624780 27.573975 -7.115143
v -16.057404 28.273987 -7.382507
v -16.602905 28.402969 -7.025330
v -16.311123 28.785202 -7.902100
v -15.715017 28.303619 -8.427429
v -15.357749 27.500931 -8.484894
v -15.674026 28.012680 -9.255463
v -15.785794 26.884552 -9.277435
v -15.389194 26.451935 -8.786530
v -14.749619 26.999771 -8.104889
v -15.710629 26.101532 -9.051575
v -15.454085 25.523880 -8.730377
v -14.718061 25.523880 -8.521301
v -15.291614 24.487366 -8.403198
v -15.787381 25.105881 -8.848541
v -16.155796 24.255875 -8.777771
v -15.595014 23.787369 -8.344910
v -16.641613 23.813354 -8.628204
v -16.017811 23.031815 -8.347198
v -16.945013 23.113358 -8.569916
v -16.788170 22.269989 -8.537445
v -16.259254 22.250275 -8.600952
v -15.394008 22.250275 -8.600952
v -15.910227 21.375107 -8.904541
v -16.416771 21.568863 -8.589844
v -16.720169 20.868866 -8.648132
v -16.226219 20.614807 -8.955170
v -16.970829 20.199890 -8.982147
v -16.501123 19.439880 -9.272430
v -17.462793 19.528320 -9.363129
v -17.241131 18.366638 -9.373535
v -16.032108 18.580826 -9.042267
v -15.765100 19.439880 -9.481537
v -15.332108 18.522537 -9.345642
v -15.284925 18.916916 -10.060944
v -14.873099 18.402679 -10.001801
v -14.816113 18.496765 -10.903442
v -14.382188 18.006073 -10.434418
v -14.492212 17.899902 -9.434448
v -14.173100 17.270050 -10.434418
v -14.283124 17.163879 -9.434448
v -14.229964 16.955978 -8.943359
v -14.492212 16.427856 -9.434448
v -14.688910 15.875793 -8.733093
v -14.833204 16.066818 -9.245270
v -14.789470 16.035614 -9.880615
v -14.193074 16.898392 -10.791107
v -14.401448 16.490555 -11.475861
v -14.615245 16.180466 -10.710388
v -5.648829 18.312927 -22.715454
v -6.122656 17.657593 -22.992676
v -6.431133 18.005188 -22.401520
v -5.345476 18.039444 -23.414307
v -4.950054 18.888992 -23.283508
v -4.553453 18.456375 -23.774445
v -4.419123 19.647873 -23.475433
v -5.218235 19.647873 -23.248444
v -3.946165 18.588348 -23.971985
v -3.777994 19.700699 -23.432831
v -4.132576 20.541870 -23.467651
v -3.370962 20.471283 -23.688477
v -4.287054 21.210999 -23.606506
v -2.999952 20.974487 -24.167633
v -3.797882 21.902313 -23.922913
v -4.516363 22.006821 -23.598236
v -4.023451 22.454422 -24.151459
v -4.649338 22.871506 -23.628418
v -4.455452 23.340546 -24.347443
v -4.822140 23.633118 -23.367432
v -4.837488 24.098267 -24.312317
v -5.031229 24.369141 -23.367432
v -4.960451 24.737549 -24.217438
v -5.285124 25.262878 -23.367432
v -4.960451 25.788208 -24.217438
v -5.146952 26.142654 -23.420288
v -5.237642 25.812531 -22.789398
v -5.434509 26.542618 -22.667450
v -5.487190 26.239059 -22.016449
v -5.857830 27.059158 -22.307434
v -5.921114 26.729752 -21.547455
v -5.388123 26.299164 -21.077728
v -5.857830 27.059158 -20.787445
v -5.097832 26.768860 -20.317749
v -5.427237 27.528870 -20.254456
v -4.628124 27.528870 -20.027435
v -5.097832 28.288879 -20.317749
v -4.156424 28.342178 -20.213989
v -4.628124 28.821854 -20.748322
v -3.726484 28.878845 -20.654236
v -3.424833 28.603821 -20.337555
v -3.676258 28.061874 -20.130554
v -2.940235 28.061874 -19.921448
v -2.610830 28.821884 -19.984741
v -2.141123 28.061874 -19.694427
v -1.671415 28.821884 -19.984741
v -1.342010 28.061874 -19.921448
v -0.911417 28.531586 -20.454437
v -1.381124 29.291580 -20.744720
v -0.848133 28.860992 -21.214447
v -1.320997 29.571243 -21.457062
v -0.790325 28.993073 -21.913452
v -1.053619 30.003876 -22.157043
v -0.523428 29.254364 -22.612457
v -0.523428 28.389130 -22.612457
v -0.055794 28.722275 -23.152069
v -0.193850 29.358826 -23.200775
v 0.073526 28.926208 -23.900787
v 0.506149 28.226196 -23.633392
v 0.773527 28.658829 -24.333405
v 1.206150 28.167908 -23.936798
v 1.495880 28.570755 -24.343781
v 1.206150 29.358826 -24.600769
v 1.981207 29.266144 -24.643616
v 2.337309 28.561539 -24.617798
v 2.952345 29.382568 -24.870483
v 3.384968 28.682571 -24.603119
v 3.901848 29.592712 -24.463654
v 4.224308 29.359406 -24.086121
v 3.319294 29.929916 -24.612762
v 2.575291 30.114990 -24.508301
v 0.568745 31.018478 -23.269928
v 1.439674 30.534027 -23.860107
v 1.222782 31.040344 -23.342072
v 0.997948 31.684174 -22.936951
v 6.270594 24.527374 -24.946075
v 6.809557 24.554657 -25.179932
v 6.835447 24.772507 -24.602905
v 6.651209 24.965637 -23.980804
v 5.779684 24.130768 -24.513428
v 5.843637 23.806992 -25.319916
v 5.308681 23.186386 -24.545441
v 5.486837 23.656937 -23.746765
v 5.161966 22.726746 -23.827576
v 4.956886 22.250748 -24.577454
v 4.899820 22.054916 -23.695068
v 5.118164 21.465515 -24.591980
v 4.877098 21.463898 -23.707367
v 4.738209 21.787613 -23.095917
v 5.592297 19.109772 -21.915436
v 5.584385 19.749985 -22.353058
v 5.610701 19.679993 -21.541565
v 5.859671 18.677155 -21.215454
v 6.043634 19.129639 -21.051208
v 6.490419 18.533966 -20.932556
v 6.292295 17.977142 -21.482819
v 7.019407 18.036163 -21.067322
v 7.339808 17.720520 -21.598846
v 5.801386 18.373749 -21.915436
v 6.292295 17.977142 -22.348053
v 5.859671 18.677155 -22.615448
v 6.329966 18.015701 -23.175385
v 7.054209 17.567017 -22.909393
v 7.282667 17.620605 -22.119965
v 1.027298 6.699509 -18.684906
v 0.327297 6.788635 -19.117523
v 0.957602 6.656433 -19.261749
v 1.424267 6.189758 -19.261749
v 0.327297 6.757797 -18.381500
v -0.283577 6.555298 -18.739990
v -5.022036 4.164001 -15.988831
v -4.915291 4.992363 -17.046997
v -4.654530 5.026314 -16.040558
v -4.871130 4.513756 -15.182983
v -4.523546 5.198494 -15.081573
v -5.120630 4.688225 -14.460815
v -4.994123 3.601875 -15.258453
v -5.630095 3.560669 -13.887390
v -5.290146 3.122902 -14.483429
v -5.858240 2.858452 -13.925354
v -5.399250 2.321907 -14.491760
v -5.554840 2.158455 -13.867065
v -5.225613 2.786995 -15.258453
v -5.605709 1.987846 -15.032288
v -5.597355 1.634636 -14.637939
v -5.600142 1.409622 -13.686096
v -6.201746 1.647903 -15.470032
v -5.769123 2.347900 -15.737427
v -6.260033 1.951302 -16.170044
v -6.469122 1.215279 -16.170044
v -6.201746 0.782654 -15.470032
v -5.597355 0.769386 -14.637939
v -5.378317 0.652992 -13.719452
v -5.771147 1.061852 -12.944427
v -6.165312 1.898636 -13.141418
v -6.546146 1.357880 -12.465454
v -6.964081 2.157104 -12.647736
v -7.504101 1.357880 -12.465454
v -7.936724 2.057877 -12.732849
v -8.542696 1.300186 -12.403900
v -8.462868 2.199425 -12.623810
v -9.317369 2.075348 -12.642578
v -9.685381 1.375351 -12.479767
v -10.252752 2.501045 -13.149323
v -9.757008 2.974876 -12.710938
v -10.196100 3.453850 -13.254456
v -10.615116 3.021507 -13.953979
v -10.354372 3.822220 -13.962769
v -11.004170 3.473251 -14.465118
v -11.258821 4.606621 -14.832153
v -10.621099 4.790459 -14.384430
v -11.100064 5.134811 -14.622192
v -10.803770 5.342094 -14.318634
v -17.787125 27.283783 -4.600861
v -17.855976 27.412964 -3.844757
v -17.083759 27.403107 -4.007690
v -18.698723 27.207886 -4.478027
v -18.628191 27.461700 -3.884094
v -18.698723 27.416962 -5.214050
v -17.787125 27.492859 -5.336884
v -18.427124 27.780853 -5.783325
v -17.668240 27.815948 -6.051514
v -17.082077 27.329071 -5.399445
v -17.101124 28.001984 -6.286713
v -17.533749 28.492905 -6.683289
v -18.100864 28.306870 -6.448120
v -18.311792 28.724991 -6.696075
v -18.859747 28.271774 -6.179932
v -19.104364 28.716309 -6.437988
v -18.615192 29.424988 -6.754364
v -17.856308 29.714859 -7.223389
v -17.075638 28.918869 -7.462189
v -17.488083 29.651535 -7.782379
v -17.046240 29.225525 -8.498444
v -17.503519 30.085663 -8.156738
v -17.537151 29.622131 -8.931061
v -16.989662 29.158447 -9.565887
v -16.376648 28.739975 -9.144135
v -16.218643 28.495987 -9.745941
v -16.442173 28.694763 -10.200745
v -15.812705 27.984177 -10.024445
v -15.754417 28.287582 -10.724426
v -16.224123 29.047577 -11.014740
v -15.691134 28.616989 -11.484436
v -15.464123 27.817871 -11.484436
v -15.656042 27.286942 -10.725555
v -15.844082 27.187958 -9.977448
v -16.165516 26.837555 -10.242493
v -16.107229 26.534149 -9.542480
v -16.224123 26.588165 -11.014740
v -16.655605 26.191162 -11.097015
v -16.224123 26.588165 -11.954132
v -16.984123 26.524887 -12.283539
v -17.360123 26.026657 -11.375671
v -17.146517 25.794556 -10.664398
v -17.928146 25.785675 -11.582825
v -17.906239 25.388504 -10.256775
v -17.147234 25.468979 -9.958893
v -17.638863 24.955872 -9.556763
v -16.610123 24.990997 -9.218079
v -16.183981 25.538498 -9.339447
v -17.118692 24.326202 -9.169098
v -18.031124 24.316986 -9.443085
v -17.408203 23.583786 -9.102051
v -18.587452 23.621597 -9.143250
v -18.055124 22.961304 -9.062897
v -18.889454 22.969986 -8.804810
v -18.524830 22.268860 -8.648132
v -17.585419 22.268860 -8.648132
v -18.091516 21.678894 -8.311646
v -17.152794 21.568863 -8.380768
v -17.788116 20.978897 -8.253357
v -18.994591 20.830719 -8.110657
v -18.091516 20.278900 -8.311646
v -17.784832 19.981827 -8.629333
v -18.524139 19.787979 -8.708252
v -18.344923 19.350128 -9.407104
v -18.870720 19.655365 -9.062531
v -16.929871 17.240509 -8.558655
v -17.012022 16.837433 -9.033630
v -17.430225 17.471680 -9.321198
v -16.545601 18.015213 -8.631287
v -16.419147 17.163879 -8.243530
v -16.115747 17.863876 -8.301819
v -15.683124 18.354797 -8.698425
v -15.665988 18.088608 -8.185059
v -14.965988 18.146896 -8.488464
v -14.983124 18.296509 -9.001831
v -16.156898 17.692001 -7.752441
v -15.741123 18.210175 -7.282745
v -16.442238 18.053513 -6.918121
v -15.742239 18.320877 -6.485474
v -14.908066 18.490707 -7.032288
v -14.265988 18.088608 -8.185059
v -13.949450 18.308655 -7.507782
v -13.391266 17.889877 -7.765045
v -13.833364 17.388596 -8.452454
v -13.087866 17.189880 -7.823334
v -13.658659 16.619659 -8.322296
v -12.883634 16.303986 -7.836060
v -13.280233 15.871368 -8.326965
v -14.016257 15.871368 -8.536041
v -14.050043 15.064011 -8.151031
v -14.222413 15.589172 -8.488708
v -16.874863 17.353500 -7.185486
v -16.926640 16.884018 -6.530304
v -16.707302 16.358322 -7.242950
v -16.933151 17.656906 -6.485474
v -16.963989 16.920883 -6.018829
v -16.442238 18.053513 -6.052856
v -16.174862 17.620880 -5.352875
v -15.742239 18.111801 -5.749451
v -15.615148 17.387863 -4.860413
v -15.060157 18.040787 -5.203979
v -15.195240 18.287231 -5.876434
v -14.495240 18.345520 -5.573029
v -14.495240 18.554596 -6.309052
v -13.750399 18.425430 -5.630524
v -13.750399 18.634506 -6.366547
v -13.050399 18.367142 -5.933929
v -13.087145 18.344833 -6.932129
v -12.559487 17.970535 -6.366547
v -12.691266 17.622498 -7.332428
v -12.350399 17.234512 -6.366547
v -12.691266 16.757263 -7.332428
v -12.559487 16.498489 -6.366547
v -12.616258 15.871368 -7.136047
v -12.883634 15.438751 -6.436035
v -12.825346 15.135345 -7.136047
v -12.883634 15.438751 -7.836060
v -13.316257 14.738739 -7.568665
v -13.316257 14.738739 -6.703430
v -14.255533 14.458527 -7.385895
v -14.025171 14.481247 -6.493866
v -14.491838 14.372696 -6.825348
v -14.797823 14.477570 -6.255463
v -16.478264 16.920883 -5.294586
v -16.558323 16.319214 -5.408173
v -16.782692 16.620056 -5.678650
v -16.256618 16.092865 -5.103119
v -15.573147 16.241821 -4.379486
v -15.813749 15.934021 -4.760742
v -15.269747 16.941818 -4.437775
v -14.837123 16.241821 -4.170380
v -14.360157 16.908157 -4.236603
v -14.792781 17.608154 -4.503967
v -13.927533 17.608154 -4.503967
v -14.360157 18.099075 -4.900574
v -13.488966 17.987656 -5.218964
v -13.050177 17.085571 -5.132355
v -12.617775 17.667130 -5.666565
v -12.617775 16.801895 -5.666565
v -12.979400 16.018265 -5.208588
v -12.921112 15.714859 -5.908569
v -13.594099 15.096085 -5.472839
v -13.553641 14.786591 -6.245758
v -14.253641 14.728302 -5.942352
v -13.861475 15.528717 -4.772827
v -14.837123 15.378174 -4.569977
v -14.728251 15.129547 -4.973877
v -14.014317 16.224991 -4.441742
v -13.375999 16.450882 -4.717651
v -13.624133 16.908157 -4.445679
v -15.214665 15.630951 -4.581970
v -3.345371 19.000702 -23.700195
v -2.700451 19.178955 -24.455292
v -3.190109 18.690140 -24.360046
v -3.041971 19.700699 -23.641907
v -2.645370 20.133316 -24.132812
v -2.556246 19.700699 -24.832825
v -2.675295 20.659073 -24.898590
v -2.917965 20.515213 -25.661133
v -3.711348 23.283386 -25.630829
v -3.684023 23.258270 -26.175140
v -3.603685 22.421188 -26.371552
v -3.207722 22.468506 -25.319580
v -3.734133 22.922546 -24.908905
v -3.266008 22.165100 -24.619568
v -3.064383 21.474503 -24.309937
v -4.098219 23.800568 -24.973785
v -3.951183 24.135559 -26.127258
v -4.238920 24.655487 -25.328522
v -4.603218 24.332336 -24.843781
v -4.603218 25.197571 -24.843781
v -4.291023 25.490738 -25.917450
v -4.558399 25.923355 -25.217438
v -4.500113 26.226761 -25.917450
v -4.584208 26.551498 -25.149872
v -4.727123 27.025879 -25.917450
v -4.535204 27.556808 -25.158569
v -4.827847 26.756210 -24.216064
v -4.590349 27.750351 -24.358765
v -4.942610 27.152069 -23.445160
v -4.854584 28.114883 -23.559021
v -5.427237 27.528870 -22.840424
v -5.190954 28.371979 -22.844055
v -5.857830 27.998581 -22.307434
v -5.388123 28.758575 -22.017151
v -5.921114 28.327988 -21.547455
v -6.148125 27.528870 -21.547455
v -5.857830 27.998581 -20.787445
v -5.388123 28.758575 -21.077728
v -4.628124 29.048874 -21.547455
v -4.687008 28.915237 -22.381775
v -3.874275 29.124527 -21.362000
v -4.503113 28.914001 -23.491455
v -3.970121 29.344589 -23.021729
v -3.405138 29.571243 -22.809296
v -3.672516 30.003876 -23.509308
v -2.972515 30.271255 -23.076660
v -2.914228 29.967850 -22.376678
v -3.174274 29.391891 -21.794617
v -2.509851 30.126053 -21.893555
v -2.141123 29.679810 -21.152527
v -2.901121 29.291580 -20.744720
v -2.141123 29.354858 -20.415344
v -1.806179 30.138962 -21.872681
v -2.705139 30.703873 -22.376678
v -3.045515 31.197006 -23.141144
v -2.495052 31.403351 -22.255005
v -2.832235 32.116257 -22.217621
v -1.989124 32.062897 -21.887238
v -1.483196 31.403351 -22.255005
v -1.357019 30.703873 -22.215332
v -0.859091 31.509537 -22.523071
v -0.574379 30.703873 -22.560333
v -0.123068 31.509537 -22.732178
v -0.131256 30.751099 -22.837311
v -0.092794 30.178543 -23.156433
v -0.450027 29.773331 -22.530090
v 0.506149 30.491455 -23.633392
v 0.073526 29.791443 -23.900787
v 0.773527 30.058823 -24.333405
v 0.470127 29.358826 -24.391693
v -0.459253 32.360031 -22.488068
v 0.835949 32.461655 -22.759979
v -0.241247 33.412872 -22.436218
v 0.763206 33.192017 -23.079407
v -0.205225 33.815384 -23.213074
v 0.754057 33.727386 -23.629730
v 5.263428 22.619965 -25.396942
v 5.838125 22.741714 -26.086700
v 6.051798 23.428146 -26.037262
v 5.636461 22.144409 -25.883392
v 5.402311 21.755539 -25.406921
v -6.411701 4.447945 -17.934937
v -6.298332 4.233665 -18.312469
v -5.831665 4.700340 -18.312469
v -5.920792 4.844543 -17.502289
v -6.353415 4.144547 -17.234924
v -5.539625 4.356895 -16.718781
v -5.843027 3.656898 -16.660492
v -6.353415 3.279297 -17.234924
v -5.704870 2.603935 -16.513153
v -5.290146 3.122902 -16.033447
v -5.807230 2.451996 -17.406891
v -5.936562 1.188408 -17.186951
v -5.846651 1.618301 -17.549133
v -6.260033 0.479256 -16.170044
v -5.880737 0.327934 -17.029388
v -6.059708 0.889816 -16.915405
v -5.966900 -0.037636 -16.152832
v -5.908613 0.265762 -15.452820
v -5.362986 -0.504486 -15.595825
v -5.222795 -0.094795 -14.869446
v -4.840759 -0.852524 -14.834320
v -4.898123 -0.620125 -14.019440
v -5.152018 0.273621 -14.019440
v -5.222795 -0.094795 -13.169434
v -5.222795 -1.145454 -13.169434
v -5.704380 -0.620125 -12.573334
v -5.410418 0.326111 -12.944000
v -6.099665 0.384209 -12.468506
v -6.571997 -0.406349 -12.316620
v -7.025124 0.582878 -12.169434
v -7.334146 -0.620125 -12.110352
v -7.822428 -0.056984 -11.921356
v -7.937002 0.658333 -12.046448
v -8.638340 0.172379 -11.602203
v -9.206707 0.605537 -11.672821
v -11.294155 2.225601 -14.008148
v -11.670786 1.787086 -13.645721
v -10.987032 1.385849 -13.016083
v -10.594155 2.492973 -13.575500
v -12.252115 2.185959 -14.031738
v -11.840733 2.711899 -14.506073
v -11.315116 2.754135 -14.386597
v -11.891454 3.439217 -14.917175
v -12.326522 3.041222 -14.767181
v -4.337873 26.381271 -26.778442
v -3.892481 25.663574 -27.542053
v -4.130365 25.357941 -26.829132
v -3.572437 26.325882 -27.593689
v -4.006235 27.025879 -27.210419
v -4.436829 27.495590 -26.677429
v -3.676830 27.785889 -27.147156
v -3.944132 28.352921 -26.228363
v -4.500113 27.824997 -25.917450
v -4.066189 28.315689 -25.448425
v -3.857100 29.051712 -25.448425
v -4.076603 28.857147 -24.740906
v -3.809708 29.742554 -24.860352
v -4.069189 29.404694 -23.960449
v -4.439829 28.584595 -24.251434
v -3.860100 30.140717 -23.960449
v -3.858517 30.455048 -24.759369
v -4.126348 31.126999 -24.531433
v -3.515118 30.824905 -23.696503
v -3.818518 31.524902 -23.638214
v -4.542122 31.645172 -24.061737
v -4.251831 32.114868 -23.301727
v -3.551140 31.957535 -22.938232
v -3.741236 32.472580 -22.691772
v -4.581236 32.874878 -23.238464
v -3.916454 33.201141 -22.712463
v -3.218830 32.943161 -22.020447
v -3.218830 33.882584 -22.020447
v -2.788237 33.412872 -21.487457
v -2.458832 32.652863 -21.550720
v -1.989124 33.412872 -21.260437
v -1.519417 32.652863 -21.550720
v -1.190012 33.412872 -21.487457
v -0.759418 32.943161 -22.020447
v -1.179796 32.103348 -22.196716
v -0.759418 33.882584 -22.020447
v -1.519417 34.172882 -21.550720
v -1.229126 34.642578 -22.310730
v -0.696135 34.211990 -22.780457
v -1.153990 34.764145 -23.213074
v -0.686705 34.542175 -23.636444
v -0.628418 34.845581 -24.336456
v -0.195795 34.145569 -24.069061
v 0.071583 34.578201 -24.769073
v 0.789877 34.051605 -24.315155
v 0.948414 34.497284 -24.911377
v 0.380245 35.105927 -25.526184
v 1.296644 35.070160 -25.315369
v -5.232218 -0.737747 -16.944641
v -4.624573 -1.077614 -17.563721
v -5.111027 -0.467964 -17.408691
v -4.789524 -1.319580 -16.636719
v -5.308268 -0.878128 -16.171448
v -5.723127 -0.341148 -16.512024
v -4.789524 -1.319580 -15.706177
v -4.301016 -1.885376 -16.171448
v -4.415524 -1.607574 -15.109680
v -3.810106 -2.281975 -15.738831
v -3.522779 -2.337029 -14.978455
v -4.149124 -1.979797 -14.453125
v -4.813238 -1.654358 -13.856293
v -4.473793 -2.505119 -13.603119
v -5.512012 -1.938637 -13.076965
v -5.208612 -2.638634 -13.018677
v -5.908613 -2.371262 -12.586060
v -5.908613 -1.506012 -12.586060
v -6.387056 -1.874832 -11.770752
v -6.183620 -1.320122 -12.170044
v -7.030746 -1.320122 -12.052063
v -7.425623 -1.769249 -11.185577
v -8.040436 -0.982674 -11.156616
v -8.070793 -1.498451 -10.610474
v -13.258068 0.447922 -11.131805
v -12.673750 0.481956 -11.306915
v -12.975518 0.965019 -11.755035
v -13.704240 0.738235 -11.080078
v -13.646798 0.507202 -10.308563
v -14.404240 0.796524 -10.776703
v -14.179925 1.440414 -11.658661
v -15.140615 1.118858 -10.925201
v -14.911738 1.505058 -11.390137
v -13.552408 1.216759 -11.727509
v -2.872437 26.593262 -28.026306
v -2.851978 26.382507 -28.649292
v -3.405697 25.978912 -28.223816
v -2.387117 27.081848 -28.934448
v -2.444326 27.451019 -28.158661
v -3.269037 27.025879 -27.535400
v -2.945482 27.793442 -27.503601
v -2.428415 28.344696 -28.145844
v -2.473400 28.980255 -26.858582
v -3.606024 28.221954 -26.822540
v -3.173401 28.712875 -26.425964
v -2.870001 29.412872 -26.367676
v -3.488518 29.150253 -25.802216
v -3.359451 30.108200 -25.722443
v -2.673634 30.468765 -26.305847
v -3.058168 31.120560 -25.819672
v -2.649500 31.772354 -26.315338
v -3.349501 32.039734 -25.882721
v -3.082123 32.472366 -26.582703
v -3.782124 32.530655 -26.279327
v -4.251831 32.114868 -25.761139
v -4.675339 32.838486 -25.881409
v -5.011829 32.405167 -25.291443
v -4.542122 31.645172 -25.001160
v -5.075113 32.075760 -24.531433
v -5.302124 32.874878 -24.531433
v -5.011829 32.405167 -23.771454
v -5.011829 33.344589 -23.771454
v -5.075113 33.673996 -24.531433
v -4.378981 34.247879 -24.146240
v -4.318563 33.692764 -23.225555
v -3.841007 34.261246 -23.697113
v -3.357296 34.276642 -22.732788
v -3.264124 34.609100 -23.634216
v -2.824259 34.764145 -23.213074
v -2.749123 34.642578 -22.310730
v -2.180506 35.114395 -23.111389
v -1.989124 34.705856 -21.981323
v -2.458832 34.172882 -21.550720
v -2.737108 35.679169 -23.902588
v -1.693857 35.558823 -23.487213
v -2.237055 36.313995 -23.824371
v -1.190012 35.896774 -23.971344
v -0.725813 35.830933 -24.333832
v -0.476418 36.603165 -24.392456
v -0.319756 36.238541 -25.093567
v -0.319756 35.373306 -25.093567
v 0.076845 35.805923 -25.584473
v 0.380245 36.505920 -25.526184
v 0.812868 35.805923 -25.793549
v 1.514965 36.554138 -25.670319
v 1.115503 37.099838 -26.223175
v 1.872913 37.199875 -25.806183
v -3.733467 -2.633652 -17.202759
v -3.648094 -2.439064 -17.885651
v -4.162859 -1.791298 -17.618530
v -4.263762 -2.170090 -16.977112
v -3.772852 -2.566689 -16.544495
v -3.182293 -3.131012 -16.576050
v -2.985125 -2.744415 -15.749146
v -2.515417 -3.504417 -16.039429
v -2.452133 -3.175011 -15.279449
v -2.985125 -2.744415 -14.809723
v -2.515417 -3.504417 -14.519440
v -3.208681 -3.156235 -13.973541
v -3.609612 -2.736610 -13.977661
v -4.086691 -3.249458 -13.436798
v -3.645052 -3.855270 -13.337646
v -4.300474 -3.758698 -12.836761
v -4.992125 -3.295799 -12.417114
v -4.466795 -4.145798 -12.092438
v -4.966887 -3.511902 -11.700928
v -5.475990 -3.071259 -12.318665
v -5.525042 -3.042198 -11.345337
v -5.966900 -2.674660 -11.886047
v -5.994057 -2.283310 -11.055450
v -5.560133 -2.774017 -10.586426
v -6.093124 -2.343422 -10.116730
v -6.725622 -2.036629 -10.752930
v -6.853123 -2.280136 -9.787323
v -7.483913 -1.975464 -10.068329
v -7.322830 -2.813126 -9.356750
v -8.120077 -2.814247 -9.467438
v -8.455551 -1.921402 -10.040771
v -9.082249 -2.237724 -9.690216
v -11.940119 -1.629799 -9.376465
v -11.171617 -1.610344 -9.650146
v -11.544471 -0.937668 -9.806122
v -12.443794 -0.761169 -9.423065
v -12.759240 -1.900124 -8.790924
v -13.030176 -1.133446 -8.755493
v -13.143794 -0.493797 -8.990448
v -12.848533 -0.131409 -9.841736
v -13.669123 0.356201 -9.315125
v -13.993794 -0.169121 -8.465118
v -14.503796 0.439133 -8.792694
v -14.404240 0.796524 -9.840454
v -14.863134 1.144775 -8.959442
v -15.140615 1.118858 -10.059937
v -15.460467 1.861931 -9.862274
v -15.592669 1.717728 -10.492584
v -2.206024 29.412872 -27.558563
v -2.331604 29.795731 -27.925415
v -2.355204 29.232956 -28.457245
v -2.366222 30.545364 -27.565521
v -2.491959 29.931870 -26.790619
v -2.591213 32.075760 -27.015350
v -2.524590 31.374054 -27.627747
v -2.424921 31.187653 -27.384460
v -3.293123 32.569489 -27.712952
v -2.802214 32.054886 -28.127441
v -3.293123 32.451492 -28.560059
v -3.993124 32.718857 -28.127441
v -3.993124 32.836853 -27.280304
v -4.843122 33.043549 -27.602112
v -4.617052 33.141891 -26.581421
v -5.107962 33.538498 -27.014038
v -4.743843 33.920944 -25.951111
v -5.011219 34.418869 -26.651093
v -4.699476 34.468094 -25.700470
v -4.641190 34.164688 -25.000458
v -5.011219 33.488327 -25.251099
v -4.432100 34.900711 -25.000458
v -4.580774 35.096893 -25.859558
v -4.140451 35.551208 -25.124451
v -3.693872 35.088913 -24.440796
v -3.321249 35.806686 -24.454285
v -3.765892 36.415390 -25.355927
v -2.995939 36.603867 -24.293365
v -3.480017 37.028915 -25.261169
v -2.935829 37.542587 -24.392456
v -2.505236 37.072876 -23.859436
v -2.175831 37.832886 -23.922729
v -1.706123 37.072876 -23.632446
v -1.236416 37.832886 -23.922729
v -0.907011 37.072876 -23.859436
v -0.476418 37.542587 -24.392456
v -0.946125 38.302582 -24.682739
v -0.413134 37.871994 -25.152435
v -0.158648 36.824493 -24.724304
v 0.415503 37.158127 -25.919800
v -0.186634 37.912109 -26.120636
v 0.682880 37.590759 -26.619781
v 0.056583 38.379227 -26.918396
v 1.137207 38.325882 -27.060120
v 1.548126 37.590759 -26.619781
v 2.156200 38.365585 -27.079926
v 1.693577 38.916092 -27.496429
v 2.908876 38.839859 -27.551056
v 3.366095 38.412979 -27.112335
v 3.387854 39.254883 -28.070465
v 4.241268 38.109375 -27.628540
v 4.146910 38.028763 -26.677002
v 3.406187 37.997391 -26.317841
v 4.833694 37.985016 -27.157349
v 5.365150 37.954651 -27.811615
v 4.490358 36.134460 -28.660370
v 5.151945 36.122482 -28.889221
v 5.026306 35.792114 -28.519226
v 4.676956 35.485718 -28.097290
v 4.057735 35.643539 -28.263763
v 3.657875 36.044556 -29.039764
v 2.807877 35.628784 -28.625549
v 3.347853 35.024185 -28.196655
v 3.009392 34.377060 -27.713257
v 1.939253 34.676636 -27.866821
v 2.270742 34.209976 -27.758270
v -3.219700 -3.468193 -17.288971
v -2.792038 -3.768669 -17.701447
v -3.228569 -3.118881 -17.889130
v -2.728790 -3.864792 -16.856323
v -2.453178 -4.364487 -17.156982
v -2.000338 -4.778297 -16.563934
v -2.084238 -4.488358 -15.837311
v -1.913437 -5.106346 -15.849487
v -2.100662 -4.881126 -15.211884
v -2.225122 -3.974121 -15.279449
v -2.380941 -4.427628 -14.478088
v -2.276793 -4.947128 -14.402771
v -2.452133 -4.710144 -13.744293
v -2.913200 -4.024559 -13.840759
v -2.546690 -4.820953 -13.250854
v -3.246691 -4.762665 -12.947449
v -2.546690 -5.030045 -12.514832
v -3.239122 -5.235710 -11.874146
v -3.867851 -4.458694 -12.569397
v -4.124027 -4.873199 -11.898712
v -3.691404 -5.364113 -11.502136
v -4.463005 -5.303848 -11.442078
v -4.824028 -4.605827 -11.466095
v -5.199028 -5.303848 -11.232971
v -5.595629 -4.871223 -10.742065
v -5.065746 -4.005753 -11.286438
v -5.466755 -4.407455 -10.527557
v -5.333122 -3.573128 -10.586426
v -5.623417 -4.042831 -9.826447
v -5.623417 -3.103424 -9.826447
v -6.054010 -3.573128 -9.293457
v -6.383415 -2.813126 -9.356750
v -6.853123 -3.573128 -9.066437
v -6.357002 -4.559586 -9.241089
v -7.243444 -4.417343 -8.979401
v -7.669256 -3.543686 -9.188812
v -8.095915 -4.383560 -8.829834
v -8.552700 -3.514244 -9.200073
v -8.845228 -4.203789 -8.704102
v -9.394747 -3.557793 -9.043732
v -9.445147 -3.038116 -9.476471
v -8.579901 -3.038116 -9.476471
v -9.989500 -3.111259 -9.148132
v -9.924126 -2.338120 -9.674133
v -10.403100 -3.038116 -9.476471
v -10.654647 -2.102013 -9.621399
v -11.268348 -3.038116 -9.476471
v -11.571748 -2.338120 -9.534760
v -11.968348 -2.770744 -9.043854
v -11.535724 -3.470741 -8.776459
v -12.242027 -3.333199 -8.695709
v -12.545427 -2.633202 -8.753998
v -13.066381 -3.131126 -8.293335
v -13.403795 -2.320854 -8.223633
v -13.869071 -3.073685 -7.936066
v -14.355027 -2.657196 -7.873718
v -13.922403 -1.957199 -8.141083
v -13.321980 -1.719124 -8.336060
v -13.625381 -1.019127 -8.394348
v -14.408021 -1.019127 -8.049347
v -14.658427 -1.957199 -7.932007
v -14.868776 -1.142441 -7.871185
v -15.237147 -0.434120 -8.029480
v -14.951747 -0.089355 -8.336060
v -15.482741 0.859055 -8.152039
v -15.932141 0.340775 -7.821136
v 1.911451 15.897797 -15.363892
v 1.296740 15.810959 -14.976685
v 2.392605 16.351822 -15.010132
v 1.985870 16.513672 -14.131805
v 1.155762 16.359955 -13.921387
v -1.576794 -6.079750 -13.970154
v -1.507097 -5.966972 -14.792328
v -1.884638 -5.714218 -14.780304
v -1.985319 -5.243248 -13.507233
v -1.309416 -5.647125 -13.270142
v -1.749681 -5.009514 -12.856567
v -1.019125 -5.177422 -12.510132
v -1.779123 -4.887131 -12.040436
v -1.019125 -5.177422 -11.570740
v -1.779123 -5.114136 -11.241333
v -2.539122 -5.177422 -11.570740
v -3.021074 -5.588524 -11.060120
v -2.623259 -5.914131 -10.436462
v -3.215500 -5.852119 -10.671051
v -3.763004 -6.436470 -10.474701
v -4.030382 -6.003845 -11.174683
v -4.463005 -6.494759 -10.778076
v -4.895628 -6.003845 -11.174683
v -5.163006 -6.436470 -10.474701
v -5.595629 -5.736473 -10.742065
v -5.653915 -6.039871 -10.042053
v -5.863005 -5.303848 -10.042053
v -6.205915 -5.403564 -9.279694
v -5.872812 -4.815079 -9.767822
v -5.778908 -6.260101 -9.125092
v -6.541269 -6.005302 -8.653931
v -6.902416 -5.269119 -8.812744
v -7.372124 -6.029121 -8.522430
v -7.871485 -5.207054 -8.684723
v -8.463434 -6.045601 -8.345703
v -8.674246 -5.220123 -8.469208
v -9.132307 -5.689140 -7.954376
v -9.192417 -4.750420 -8.053436
v -9.623011 -5.220123 -7.520447
v -9.952415 -4.460121 -7.583740
v -9.662125 -3.990417 -8.343750
v -10.422123 -3.927132 -8.014343
v -10.835724 -3.529030 -9.079865
v -11.181007 -3.892044 -8.282501
v -10.891829 -4.460121 -7.583740
v -11.705832 -4.678169 -7.936554
v -12.138456 -3.978172 -8.203918
v -12.705069 -4.482460 -8.088165
v -12.762980 -3.831123 -8.235046
v -13.493795 -4.477852 -7.846619
v -13.734886 -3.956284 -7.825317
v -14.397987 -4.848122 -7.467712
v -14.660176 -4.081444 -7.551483
v -14.263381 -3.481125 -7.701324
v -14.875980 -3.155121 -7.413055
v -15.363310 -3.375565 -7.408295
v -15.179380 -2.455124 -7.471344
v -15.982071 -2.512566 -7.114075
v -15.547794 -1.605118 -7.542114
v -16.505747 -1.525352 -7.413055
v -16.023006 -0.629517 -7.674591
v -16.920790 -0.553612 -7.280884
v -16.450142 -0.137894 -7.513458
v -17.345497 -1.038414 -6.996796
v -16.798147 -1.861122 -7.106476
v -17.533890 -1.860672 -6.745728
v -17.761738 -1.505867 -6.564178
v -5.066433 -10.243172 -24.209045
v -5.622713 -9.664345 -24.017426
v -5.104057 -9.502998 -24.097290
v -4.038485 -10.116951 -24.254211
v -4.493303 -9.325005 -23.875214
v -3.759861 -9.666130 -23.524780
v -3.182468 -10.181396 -23.790436
v -2.566387 -9.112350 -23.009247
v -2.593313 -10.245667 -23.093048
v -2.132305 -9.691116 -22.406799
v -2.089592 -9.262611 -22.520111
v -1.822277 -9.142593 -21.810883
v -0.273500 -10.151764 -24.640198
v -0.266273 -9.678688 -24.592102
v -0.704218 -9.592918 -25.107239
v -1.094988 -10.030655 -25.460754
v -1.205074 -10.905746 -24.792114
v -1.299904 -10.506004 -25.807556
v -1.686544 -11.158867 -25.209442
v -1.173906 -11.067467 -26.171997
v -1.586338 -11.688484 -25.617432
v -1.058437 -11.890129 -25.943665
v -0.820007 -11.450859 -26.490143
v -0.286430 -11.741539 -26.795624
v -0.219576 -12.303680 -26.486633
v 0.086914 -12.236000 -26.931122
v 1.255877 -5.998222 -14.324585
v 2.059721 -5.902390 -15.000366
v 1.370644 -5.971878 -14.895813
v 0.664930 -6.046211 -15.130920
v 0.713926 -6.205223 -14.073151
v 0.013926 -6.472603 -14.505768
v 0.013926 -6.263512 -13.769745
v -0.876793 -6.347130 -14.402771
v -0.876793 -6.138039 -13.666748
v -0.293062 -5.475372 -12.857697
v 0.496992 -5.754044 -13.320374
v 0.496992 -5.754044 -12.258514
v -0.316078 -5.604828 -11.979584
v 0.786860 -6.223061 -11.499634
v -0.295120 -5.947250 -11.173462
v 0.576756 -6.713394 -10.725250
v 0.064966 -6.283012 -10.305542
v -0.328125 -5.977417 -10.170135
v 0.204866 -6.408012 -9.700439
v -0.328125 -5.977417 -9.230743
v -1.088123 -5.687126 -9.700439
v -1.392656 -5.510010 -10.601990
v -1.923258 -5.855843 -10.133057
v -1.848122 -5.977417 -9.230743
v -2.438099 -6.313904 -9.664062
v -2.330074 -6.388512 -8.720123
v -3.138100 -6.581284 -9.231415
v -3.648123 -6.552124 -9.538452
v -3.648123 -6.806015 -8.644684
v -4.476147 -6.765030 -8.935638
v -4.463005 -6.703850 -10.042053
v -5.163006 -6.436470 -9.538452
v -5.399254 -6.818726 -8.848938
v -4.966631 -7.309639 -8.452332
v -5.666632 -7.251350 -8.148926
v -6.093924 -6.710922 -8.395660
v -6.706938 -7.265488 -7.887848
v -7.196444 -6.800201 -8.316284
v -7.423399 -7.794617 -8.244446
v -7.820000 -7.361992 -8.735352
v -8.123400 -6.661995 -8.677063
v -8.529501 -6.882454 -9.043732
v -8.962124 -6.391541 -8.647125
v -9.394747 -6.882454 -9.043732
v -9.662125 -6.449829 -8.343750
v -10.095861 -7.039116 -8.679108
v -10.374483 -6.588295 -7.949677
v -9.952415 -5.980125 -7.583740
v -10.903900 -6.017136 -7.473755
v -10.422123 -5.220123 -7.293427
v -11.221234 -5.220123 -7.520447
v -11.758101 -6.083267 -7.694641
v -12.114851 -5.201294 -7.775177
v -12.666760 -6.087830 -7.499390
v -13.170345 -5.235291 -7.800598
v -13.838360 -6.087830 -7.499390
v -13.959071 -5.230682 -7.559082
v -12.993819 -6.740311 -7.191437
v -13.759904 -6.775558 -7.208313
v -14.639201 -7.008766 -7.404846
v -15.204123 -6.399025 -7.796021
v -15.204123 -4.848122 -7.355438
v -15.683100 -5.623123 -7.651459
v -16.019005 -4.848122 -7.586945
v -15.683380 -4.072670 -7.499817
v -16.322407 -4.148125 -7.528656
v -16.844500 -4.445549 -7.942169
v -17.277122 -3.954636 -7.545563
v -16.798147 -3.411125 -7.106476
v -17.750957 -3.516251 -7.049805
v -17.207012 -2.636124 -6.713623
v -16.450382 -2.636124 -6.935455
v -18.330647 -2.993874 -6.391785
v -18.096731 -2.287247 -6.328674
v -6.999311 -9.903290 -22.894989
v -7.122730 -8.852058 -23.438171
v -6.758911 -9.472237 -23.363892
v -6.349026 -9.771683 -23.503723
v -5.730583 -10.578117 -23.458008
v -6.107822 -9.811775 -23.644897
v -5.873499 -11.052498 -22.690430
v -5.606123 -11.485123 -23.390442
v -5.315828 -11.015419 -24.150452
v -5.315828 -11.954826 -24.150452
v -4.885235 -11.485123 -24.683441
v -4.555830 -10.725121 -24.620148
v -4.086123 -11.485123 -24.910431
v -3.586149 -10.676147 -24.699402
v -3.269987 -11.455681 -24.788055
v -3.095985 -10.509148 -24.359497
v -2.605076 -10.905746 -23.926880
v -2.386545 -11.426239 -24.776794
v -1.905075 -11.173126 -24.359497
v -2.160690 -10.945663 -23.360443
v -1.460690 -11.213043 -23.793060
v -1.393124 -11.238846 -23.164917
v -1.576988 -11.437843 -22.644073
v -2.067898 -11.041245 -22.211426
v -1.576988 -11.437843 -21.778809
v -2.009611 -10.737846 -21.511444
v -2.276987 -10.305222 -22.211426
v -2.009611 -9.872597 -21.511444
v -1.832405 -10.460197 -20.715790
v -2.000460 -9.756393 -20.965393
v -1.733084 -10.189018 -20.265381
v -1.733084 -9.323769 -20.265381
v -1.624660 -8.979507 -21.101654
v -1.161762 -8.663368 -20.775360
v 1.892038 -10.900917 -22.725372
v 2.068876 -10.039528 -22.129974
v 1.800779 -10.333755 -22.688354
v 1.340260 -10.125359 -23.224518
v 0.367876 -10.585129 -23.814453
v 0.757839 -10.123604 -23.651062
v 0.250519 -9.700394 -24.028687
v -0.158619 -10.730392 -23.946686
v -0.064747 -11.285126 -23.547058
v -0.693123 -11.297134 -23.468323
v -0.733406 -10.898712 -24.299255
v -0.224106 -11.731064 -22.977631
v -0.924107 -11.672775 -22.674225
v -0.224106 -11.940155 -22.241608
v -0.924107 -11.672775 -21.808990
v -0.311996 -12.308777 -21.024384
v -1.132406 -11.592819 -21.148407
v -0.802906 -11.912178 -20.591766
v -1.132406 -11.592819 -20.283173
v -1.623316 -11.196220 -20.715790
v -1.565029 -10.892822 -20.015778
v -0.865028 -11.160194 -19.583160
v -1.168428 -10.460197 -19.524872
v -0.432405 -10.460197 -19.315796
v -0.865028 -9.760201 -19.583160
v -1.336483 -9.756393 -19.774475
v -1.033083 -9.056396 -19.832764
v -0.238626 -9.896477 -19.442627
v 0.214876 -10.630257 -19.162354
v 0.668379 -9.896477 -19.442627
v 0.147900 -8.965408 -19.856689
v 1.121881 -9.162697 -19.722900
v 0.946169 -8.768127 -19.990479
v 0.513546 -8.277214 -20.387085
v -0.429983 -8.618637 -20.174438
v 1.182991 -8.611229 -20.656372
v 1.425282 -9.862694 -19.664612
v 1.676628 -9.247475 -20.343536
v 1.898838 -9.511192 -20.398560
v 2.261839 -10.409470 -20.884613
v 1.975792 -9.592323 -20.957458
v 1.994463 -10.842094 -20.184601
v 2.052750 -11.145493 -20.884613
v 1.578915 -11.912178 -20.591766
v 1.561840 -11.542091 -21.399658
v 2.052750 -11.145493 -21.832275
v 1.088005 -12.308777 -21.024384
v 0.377939 -12.303040 -21.424255
v 0.388004 -12.576157 -20.591766
v 1.088005 -12.308777 -20.159149
v 0.388004 -12.367065 -19.855743
v -0.311996 -12.308777 -20.159149
v -0.044619 -11.876152 -19.459137
v -0.744619 -11.608780 -19.891754
v -0.348019 -11.176155 -19.400848
v 0.388004 -11.176155 -19.191772
v 0.820627 -11.876152 -19.459137
v 1.124027 -11.176155 -19.400848
v 0.950899 -10.630257 -19.371429
v 1.597862 -10.409470 -19.693695
v 1.520628 -11.608780 -19.891754
v 0.367876 -11.985130 -22.414429
v 0.367876 -11.776039 -23.150452
v 1.212435 -11.688744 -22.749084
v 0.800499 -11.285126 -23.547058
v -2.751169 -12.245125 -24.620148
v -2.017054 -12.316803 -25.089630
v -2.447769 -12.945122 -24.561859
v -1.922829 -13.059830 -25.027435
v -1.492235 -12.590126 -25.560425
v -1.162830 -13.350128 -25.497131
v -0.755037 -12.590126 -25.885376
v -0.416218 -13.035263 -25.879822
v -0.112818 -13.735260 -25.821533
v 0.298847 -13.470467 -26.558350
v 0.372908 -13.735252 -26.545776
v 3.709528 -7.170578 -15.423035
v 4.124556 -6.951103 -16.198639
v 3.402456 -6.446281 -15.709259
v 3.542759 -7.288475 -14.709442
v 2.565393 -6.498413 -14.464020
v 2.733398 -6.129539 -15.210297
v 3.051849 -6.891876 -14.276825
v 2.583958 -6.551193 -13.548340
v 2.074484 -6.101814 -14.031403
v 2.015875 -5.852417 -13.259155
v 1.255877 -5.789131 -13.588562
v 1.255877 -5.562126 -12.789429
v 2.015875 -5.852417 -12.319733
v 1.255877 -5.789131 -11.990326
v 1.725584 -6.322121 -11.559723
v 2.485582 -6.612419 -12.029449
v 2.054989 -7.082123 -11.496460
v 1.317791 -7.082123 -11.171478
v 1.959478 -7.870476 -11.330109
v 1.488594 -8.152145 -10.816803
v 0.727253 -7.755890 -10.382019
v 1.443436 -8.669640 -9.965729
v 0.696966 -8.175430 -9.663574
v 0.431877 -7.207123 -9.700439
v 0.201693 -7.676140 -8.841370
v 0.141582 -6.737419 -8.940430
v -0.289011 -7.207123 -8.407440
v -0.618416 -6.447121 -8.470734
v -1.088123 -7.207123 -8.180450
v -1.557831 -6.447121 -8.470734
v -1.088123 -5.914131 -8.901337
v -1.999411 -7.252235 -8.290344
v -1.541626 -8.008476 -8.336273
v -2.018356 -8.252121 -8.301422
v -2.754379 -8.252121 -8.092346
v -3.122793 -7.402115 -8.163116
v -2.717571 -6.775772 -8.520355
v -3.557070 -8.194679 -7.735077
v -4.159870 -7.276764 -8.107605
v -4.495228 -7.880791 -7.435120
v -4.966631 -7.518730 -7.716309
v -5.312124 -7.667419 -7.074738
v -4.053431 -8.513733 -7.305695
v -4.425234 -8.852844 -6.620483
v -5.602415 -8.137123 -6.314728
v -6.072123 -7.604134 -6.745331
v -6.541830 -8.137123 -6.314728
v -6.832121 -7.667419 -7.074738
v -7.301828 -8.427422 -6.784454
v -7.365112 -8.098015 -7.544434
v -7.592123 -8.897125 -7.544434
v -7.301828 -9.366829 -6.784454
v -7.469736 -9.713257 -7.514984
v -7.748360 -9.262436 -8.244446
v -7.973499 -8.705406 -8.862366
v -8.473131 -9.738518 -8.902618
v -8.396187 -8.980209 -9.127869
v -8.716576 -8.506119 -9.403534
v -8.449800 -7.577621 -9.198486
v -9.106123 -8.272781 -9.422974
v -9.538746 -7.572784 -9.294983
v -9.754448 -8.152519 -9.239410
v -10.397801 -8.023392 -8.783020
v -10.795862 -7.306488 -8.246490
v -10.938096 -7.723625 -8.220764
v -11.586320 -7.382133 -7.762390
v -11.189875 -6.594162 -7.572388
v -12.269435 -6.955055 -7.393890
v -16.854698 -5.759720 -8.621338
v -17.080851 -6.679649 -8.415924
v -16.416233 -6.998863 -8.066559
v -16.202065 -6.102829 -8.066193
v -16.458099 -5.327095 -8.130432
v -17.158100 -5.059723 -8.563049
v -18.096285 -5.861916 -8.693481
v -17.611179 -4.480995 -8.213104
v -18.467922 -4.677086 -8.355835
v -18.043804 -3.990082 -7.816498
v -18.751286 -4.034576 -7.586334
v -19.162506 -4.773720 -7.995178
v -19.100849 -4.107803 -7.367798
v -18.795120 -3.615593 -6.761566
v -8.407108 -8.715263 -22.263336
v -9.241787 -8.714836 -22.258972
v -8.810074 -8.238075 -22.634949
v -8.220484 -8.063614 -22.982849
v -7.618757 -9.092072 -22.756409
v -8.015358 -9.524689 -22.265503
v -8.726152 -9.407959 -21.945862
v -8.366100 -10.113098 -21.782440
v -7.591101 -10.409126 -22.261414
v -8.180866 -10.588951 -21.739441
v -7.166071 -11.025772 -21.888123
v -6.626501 -10.635078 -22.321014
v -6.585880 -11.254250 -21.991974
v -6.696667 -11.703720 -21.486694
v -6.282480 -11.954247 -21.933716
v -5.885880 -11.521622 -22.424622
v -5.885880 -12.386871 -22.424622
v -5.618504 -11.954247 -23.124603
v -5.779089 -12.541199 -23.291321
v -6.096739 -12.952995 -22.398895
v -5.928829 -13.299423 -23.129425
v -5.592339 -12.867485 -23.719421
v -5.498236 -13.769127 -23.662415
v -5.065435 -12.898102 -24.127350
v -4.699123 -13.769127 -23.889435
v -4.086123 -12.835098 -24.283661
v -4.555830 -12.245125 -24.620148
v -3.616415 -12.245125 -24.620148
v -3.184483 -12.835098 -24.283661
v -3.588999 -13.774612 -23.984863
v -2.852976 -13.774612 -24.193970
v -3.320635 -14.632637 -23.717224
v -2.542145 -14.920044 -24.191467
v -2.080818 -14.288048 -24.513885
v -2.319429 -13.492455 -24.536530
v -1.684217 -13.855423 -25.004791
v -1.746445 -14.917404 -24.878601
v -0.859430 -14.050125 -25.438873
v -1.349844 -15.350029 -25.369507
v -0.416218 -14.435257 -25.879822
v -1.263723 -15.608582 -26.102173
v -0.421005 -15.252472 -26.638428
v -1.156122 -15.692795 -27.092773
v -0.411787 -15.526474 -27.479858
v 0.205988 -14.663574 -27.041748
v 0.020311 -15.218842 -27.972504
v 0.413628 -14.221939 -27.877747
v 0.390442 -14.363907 -28.681519
v 5.213984 -8.340149 -16.755676
v 5.198841 -8.109535 -17.155975
v 4.796989 -7.484993 -16.806213
v 4.754330 -7.705124 -15.980316
v 5.453875 -8.124146 -15.547424
v 4.581930 -7.571541 -15.029419
v 5.453875 -8.124146 -14.589478
v 4.745558 -7.965874 -14.221100
v 4.277876 -7.728798 -14.255127
v 4.429876 -8.217735 -13.538940
v 3.869318 -8.004234 -13.342926
v 3.533541 -7.562477 -13.868011
v 2.992252 -7.637741 -12.862305
v 3.042631 -7.165878 -13.435394
v 2.873827 -7.020210 -12.789429
v 2.545692 -7.551140 -11.930389
v 2.912445 -7.975960 -12.105988
v 2.380537 -8.498985 -11.405243
v 3.194324 -8.710777 -11.991333
v 2.744194 -9.376877 -10.966095
v 1.962210 -8.937920 -10.255707
v 2.763908 -9.381790 -10.076111
v 0.505093 -8.376137 -8.783081
v 0.791517 -8.916801 -8.774109
v 1.135069 -8.679726 -9.225708
v 0.346830 -9.387199 -8.591492
v -0.716581 -9.283684 -8.940460
v -0.425316 -9.750206 -8.695831
v -0.716579 -10.147316 -8.540894
v -1.590380 -9.284111 -8.721344
v -1.286980 -8.584114 -8.663055
v -1.824146 -8.742256 -8.407440
v -2.044422 -9.694794 -8.194946
v -2.405264 -8.972855 -8.217712
v -1.554358 -10.416733 -7.963074
v -2.369242 -10.105476 -7.459442
v -2.983795 -9.518166 -7.627075
v -3.341028 -9.978195 -7.000732
v -3.683796 -9.250793 -7.194427
v -4.165380 -9.776123 -6.598328
v -3.861980 -10.476120 -6.540039
v -4.555498 -10.591003 -6.496155
v -5.059124 -9.776123 -6.344452
v -5.562750 -10.591003 -6.496155
v -6.072123 -10.432259 -6.460541
v -6.541830 -9.657127 -6.314728
v -6.684267 -10.528130 -6.704041
v -6.949017 -10.180832 -7.002502
v -7.345617 -10.613457 -7.493408
v -6.380867 -11.228127 -6.762329
v -5.487123 -11.228127 -6.508453
v -6.012453 -12.078133 -6.833099
v -6.889227 -11.786346 -7.215332
v -7.559237 -11.354126 -7.511444
v -8.049940 -10.885109 -7.945374
v -7.748360 -10.127686 -8.244446
v -8.644005 -10.624290 -8.631775
v -8.450100 -11.630127 -8.273346
v -8.846851 -11.502647 -8.458344
v -9.931347 -9.845726 -21.349823
v -10.248323 -9.371353 -21.577545
v -9.643106 -9.140182 -21.951599
v -9.066101 -9.845726 -21.349823
v -9.733637 -10.246124 -21.071533
v -8.762701 -10.545723 -21.291534
v -9.371862 -10.983849 -21.026337
v -8.448244 -11.021576 -21.039429
v -8.881145 -11.721123 -20.620422
v -8.320200 -11.739746 -20.354065
v -7.887577 -11.248833 -20.750671
v -7.454954 -11.739746 -20.354065
v -7.187576 -11.307121 -21.054077
v -6.754953 -12.007118 -20.786682
v -7.151554 -12.439743 -20.295776
v -6.343584 -12.862122 -20.901886
v -6.285297 -12.558723 -21.601868
v -6.076208 -13.294746 -21.601868
v -6.200165 -13.712105 -21.133392
v -6.027205 -14.300056 -21.610565
v -6.219124 -13.769127 -22.369446
v -5.992113 -14.568237 -22.369446
v -5.928829 -14.238831 -23.129425
v -5.459122 -14.998833 -22.839142
v -5.168831 -14.529129 -23.599152
v -4.699123 -15.062119 -23.168549
v -4.227423 -14.582443 -23.702881
v -3.797483 -15.119102 -23.262665
v -3.999123 -15.445366 -22.734741
v -3.468863 -15.877861 -23.208160
v -2.940735 -15.452927 -23.692230
v -2.982475 -16.463905 -23.747437
v -2.467634 -16.005844 -24.216431
v -2.924189 -16.767303 -24.447418
v -2.409348 -16.309242 -24.916443
v -2.096701 -15.434906 -24.813812
v -1.782467 -16.050026 -25.636902
v -2.417889 -16.474731 -25.796814
v -1.782467 -16.050026 -26.567444
v -2.338121 -16.603798 -26.754761
v -1.739515 -16.378609 -27.453339
v -2.430605 -16.893013 -27.547943
v -1.669172 -16.507225 -28.282471
v -0.924631 -16.067352 -27.956940
v -1.097467 -16.365028 -28.759888
v -0.471123 -16.007797 -28.299866
v -0.471123 -16.007797 -29.165100
v 0.019787 -15.611198 -28.732483
v -0.059980 -15.482132 -29.690430
v 0.272514 -14.897202 -29.423767
v 0.309771 -15.181915 -30.229431
v 0.417316 -14.206779 -30.194214
v 0.373838 -14.893471 -31.208282
v 0.292271 -14.306679 -31.022400
v 0.021254 -14.292351 -31.881714
v 5.563948 -9.481178 -17.234589
v 5.677317 -9.266899 -17.612152
v 5.423771 -8.665062 -17.560760
v 5.622236 -9.177780 -16.534607
v 6.054857 -9.877777 -16.801971
v 6.365477 -9.599144 -16.110809
v 5.932852 -8.899147 -15.843445
v 6.632853 -9.166519 -15.410828
v 6.049913 -8.464088 -15.068451
v 6.601316 -8.861252 -14.700317
v 6.059641 -8.562729 -14.386078
v 6.482759 -8.816475 -13.707428
v 5.979876 -8.691795 -13.428101
v 5.187319 -8.263748 -13.862396
v 6.367876 -9.186020 -12.742706
v 5.667875 -9.127731 -12.439301
v 4.974874 -8.811798 -12.484100
v 5.465351 -9.358200 -11.729370
v 4.683094 -9.194023 -11.607330
v 4.124876 -8.741020 -12.115692
v 4.182318 -8.383751 -12.918396
v 3.424875 -8.337738 -12.594940
v 3.535570 -9.318428 -11.432129
v 4.210876 -9.470612 -10.998566
v 3.444195 -9.644257 -10.533478
v 3.984711 -9.850708 -10.199402
v 3.376930 -10.057785 -9.678833
v 4.190228 -10.460243 -9.869080
v 3.585424 -10.823990 -9.442719
v -0.985960 -10.889709 -7.216400
v -0.288647 -11.106155 -7.631256
v -0.803637 -10.491493 -8.124390
v -0.796124 -11.516151 -6.647461
v -1.634125 -10.545799 -7.005127
v -1.958794 -11.071121 -6.155121
v -2.696264 -10.472061 -6.620422
v -3.009453 -11.071121 -6.155121
v -2.539675 -11.863686 -5.727051
v -3.377867 -11.921127 -6.084320
v -3.903975 -11.228127 -6.417358
v -4.202219 -11.719055 -6.486725
v -4.639997 -11.228127 -6.626434
v -5.004097 -12.157005 -6.737915
v -3.886227 -12.479347 -6.537354
v -4.556572 -12.704475 -7.190338
v -5.487123 -12.704475 -7.190338
v -4.989195 -13.404472 -7.457733
v -6.069609 -13.361519 -7.577209
v -6.373009 -12.661522 -7.518921
v -6.995770 -13.636467 -7.717346
v -7.526150 -12.752609 -7.918030
v -7.229832 -12.114128 -7.574738
v -7.939745 -11.937881 -7.902557
v -8.262173 -12.752609 -8.127106
v -9.003708 -12.312820 -8.246155
v -8.839931 -12.920311 -8.038574
v -11.109220 -10.153572 -19.758789
v -12.012855 -9.615807 -19.408234
v -11.479690 -9.582848 -20.164490
v -11.505819 -10.586197 -19.267883
v -10.736918 -10.513496 -20.217346
v -10.478406 -10.246124 -20.743225
v -10.175007 -10.946121 -20.684937
v -10.614099 -11.425095 -20.141449
v -9.839100 -11.721123 -20.620422
v -10.192232 -12.273773 -19.915771
v -9.360123 -12.264633 -20.181335
v -9.694181 -12.790993 -19.513794
v -8.595407 -12.920128 -19.670227
v -8.495512 -12.198128 -20.129822
v -8.062889 -12.898125 -19.862457
v -7.630266 -12.198128 -20.129822
v -7.326866 -12.898125 -20.071533
v -8.292007 -13.620125 -19.611938
v -9.091829 -13.363358 -19.068909
v -8.731100 -14.099098 -19.068451
v -7.956100 -14.395126 -19.547424
v -6.958452 -13.748131 -20.000763
v -6.740185 -13.294746 -20.410950
v -6.258451 -14.015503 -20.433380
v -7.003288 -14.500252 -19.604065
v -6.327459 -14.439774 -19.537872
v -5.627459 -14.172394 -19.970490
v -5.867910 -14.340225 -20.638794
v -4.699123 -14.113350 -20.621552
v -5.168140 -14.628189 -21.079620
v -4.266500 -14.604263 -21.018158
v -4.699123 -15.062119 -21.570312
v -5.459122 -14.998833 -21.899719
v -4.732906 -15.400330 -22.379517
v -4.106949 -15.628578 -22.089813
v -3.999123 -15.120407 -21.266937
v -3.566500 -15.820404 -21.534302
v -3.502497 -16.424179 -21.830444
v -3.456488 -16.100723 -22.645325
v -3.247398 -16.836746 -22.645325
v -3.239626 -17.322876 -21.793610
v -3.294828 -17.587418 -22.756439
v -3.027452 -17.154793 -23.456451
v -3.236542 -17.890816 -23.456451
v -3.294828 -17.587418 -24.156433
v -3.393204 -18.588051 -24.157562
v -3.585123 -18.057121 -24.916443
v -3.358112 -17.258011 -24.916443
v -3.393204 -17.526192 -25.675323
v -2.924189 -16.767303 -25.385468
v -2.934229 -17.085381 -26.229431
v -3.260483 -17.505775 -26.287598
v -3.004177 -17.439621 -27.063354
v -3.700357 -18.507256 -26.661499
v -3.693106 -18.205772 -27.420227
v -3.350798 -17.535484 -27.807281
v -2.921515 -17.289612 -27.980560
v -3.659807 -17.086235 -28.655273
v -3.960484 -17.773148 -28.120239
v -4.729084 -17.392838 -28.852203
v -4.080832 -16.624123 -29.201721
v -3.142107 -16.525063 -29.141632
v -2.369173 -16.774605 -28.715118
v -2.369173 -16.565514 -29.451141
v -1.797468 -16.632408 -29.192505
v -1.865044 -16.391739 -30.148529
v -1.097467 -16.365028 -29.625122
v -1.067373 -16.360153 -30.368500
v -0.471123 -16.007797 -30.215759
v -0.346766 -16.059433 -30.788391
v -0.799995 -16.792778 -31.068481
v -0.209101 -16.461151 -31.509430
v 0.164749 -15.629494 -31.208282
v 0.500929 -16.173447 -32.088409
v 0.151995 -15.399773 -32.027466
v 0.998243 -15.464676 -32.407440
v 0.451963 -14.727638 -32.860931
v 1.144844 -14.881493 -33.016693
v 8.331476 -10.536125 -16.841034
v 8.331476 -10.288170 -17.374786
v 7.572603 -10.246986 -17.361786
v 7.631475 -10.268745 -16.408417
v 6.813730 -10.097221 -17.391846
v 6.754858 -9.936066 -16.498566
v 7.065477 -9.657433 -15.807434
v 7.898851 -9.836121 -15.708405
v 7.419878 -9.292610 -15.269318
v 8.194876 -9.357147 -14.933411
v 7.301321 -9.072495 -14.297241
v 8.194876 -9.357147 -13.975464
v 7.486559 -9.198875 -13.607086
v 7.217875 -9.256798 -13.111115
v 9.028341 -9.501450 -14.528931
v 9.373178 -9.807693 -13.329956
v 8.587927 -9.886383 -13.255219
v 8.951593 -10.167824 -12.765076
v 8.657400 -10.617783 -11.996094
v 7.801268 -9.942612 -12.750549
v 7.807631 -10.658096 -11.577637
v 8.360285 -11.050529 -11.248688
v 7.266874 -9.982147 -11.958466
v 6.926092 -9.639023 -12.234344
v 6.558558 -9.823875 -11.590088
v 6.165804 -9.588402 -11.918335
v 6.279875 -9.899796 -11.101105
v 6.841330 -10.621109 -10.683105
v 5.955206 -10.425117 -10.251099
v 5.429876 -9.829018 -10.732697
v 4.946850 -10.346245 -10.155914
v 5.429876 -11.275124 -9.926453
v 4.281651 -11.284180 -9.817963
v 4.714273 -12.099060 -10.085358
v 3.735207 -12.197250 -9.700378
v 3.643192 -11.558830 -9.551392
v 1.399879 -14.253868 -7.860168
v 1.702766 -13.950798 -8.182556
v 1.194740 -13.462082 -7.898773
v 0.795290 -13.885094 -7.400604
v 0.839857 -13.053268 -7.607239
v 0.199253 -12.679901 -6.962830
v 0.528557 -12.511818 -7.371277
v 0.194153 -11.812904 -7.364594
v -0.227879 -12.275955 -6.522095
v -0.194326 -13.202751 -6.275543
v -0.499430 -12.709084 -5.552216
v -1.092146 -11.995125 -5.872467
v -1.585123 -12.533081 -5.197266
v -2.003746 -11.919220 -5.749634
v -2.198626 -12.353752 -5.248444
v -2.568827 -13.066391 -4.882324
v -3.064318 -12.734421 -5.911804
v -2.953085 -13.871178 -5.072113
v -3.173634 -13.672264 -6.097046
v -3.713404 -13.105743 -6.672852
v -3.856571 -13.837097 -6.757721
v -4.253172 -13.404472 -7.248627
v -4.556572 -14.104469 -7.190338
v -4.324190 -14.808601 -6.222809
v -4.900368 -14.486687 -6.748505
v -5.664764 -14.294113 -7.117096
v -13.084100 -9.940262 -18.381470
v -13.298375 -9.562721 -18.494843
v -12.628073 -9.544693 -18.879425
v -12.437340 -10.571220 -19.020172
v -13.387500 -10.640259 -18.439758
v -13.065460 -11.256241 -19.248962
v -11.956505 -11.396683 -19.355072
v -12.530309 -12.280106 -19.633514
v -11.746722 -11.857719 -19.441437
v -10.957662 -11.980087 -19.488525
v -11.830255 -12.703766 -19.230164
v -10.901398 -12.599937 -18.838776
v -10.196789 -12.625771 -19.194885
v -11.606007 -12.899773 -18.353455
v -10.906007 -12.841484 -18.050049
v -9.582739 -12.966759 -18.636261
v -9.850117 -13.399384 -17.936279
v -9.150116 -13.666756 -18.368896
v -9.546717 -14.099380 -17.877991
v -9.567238 -14.774124 -17.871246
v -10.169983 -14.032394 -17.595154
v -10.312008 -14.774124 -17.542938
v -9.976101 -15.549126 -17.478424
v -9.023289 -15.654251 -17.535065
v -8.252577 -15.234833 -18.036682
v -8.252123 -14.874100 -18.772430
v -7.477123 -15.266930 -18.363556
v -7.477123 -14.938637 -19.108337
v -6.595346 -14.889793 -18.928101
v -6.212872 -15.238129 -18.318817
v -5.780249 -14.747215 -18.715424
v -5.315746 -14.706078 -18.450775
v -5.583124 -14.273453 -19.150757
v -4.883123 -14.215164 -18.847382
v -4.183054 -15.123123 -18.257111
v -3.771399 -14.582588 -18.638306
v -3.885260 -14.272568 -19.413635
v -4.699123 -13.904259 -19.885529
v -3.999123 -14.171638 -20.318176
v -3.110620 -14.671722 -19.946838
v -3.417219 -15.135201 -20.786713
v -2.717218 -15.402573 -20.354095
v -3.158669 -15.867844 -20.872833
v -2.717218 -16.267822 -20.354095
v -3.074451 -16.858452 -20.980438
v -2.816788 -17.128029 -20.319946
v -2.973396 -17.678177 -21.024780
v -2.975739 -18.054420 -20.044952
v -2.901957 -18.243988 -21.044708
v -3.195829 -18.485420 -21.894440
v -3.084547 -19.171196 -20.894958
v -3.305803 -19.436905 -21.857422
v -3.486124 -18.955124 -22.654449
v -3.374985 -18.157188 -22.654449
v -3.343208 -18.480743 -23.421997
v -3.089151 -19.537582 -23.580933
v -3.259113 -19.754234 -22.654449
v -2.726122 -20.184830 -23.124146
v -2.508074 -19.832024 -23.938141
v -3.030867 -19.234184 -24.280945
v -2.409348 -19.805000 -24.916443
v -2.924189 -19.346939 -25.385468
v -3.358112 -18.856232 -24.916443
v -3.393204 -18.588051 -25.675323
v -3.451490 -18.891449 -26.375336
v -2.982475 -19.650337 -26.085449
v -3.729500 -19.555748 -26.793457
v -3.642477 -20.250542 -27.099976
v -4.429501 -19.958260 -27.662170
v -4.126101 -19.123123 -27.284363
v -4.862123 -19.123123 -27.493439
v -4.393106 -18.264061 -27.723633
v -5.331831 -18.363121 -27.783722
v -4.862123 -17.830132 -28.214325
v -5.622122 -17.893417 -28.543732
v -6.091829 -18.653419 -28.253448
v -6.155113 -18.324013 -29.013428
v -5.721189 -17.833305 -29.482452
v -6.091829 -18.653419 -29.773438
v -5.255585 -18.291130 -30.499023
v -5.242331 -17.374046 -30.465210
v -4.939205 -16.853195 -29.672546
v -4.904114 -16.585014 -30.431427
v -4.371122 -16.154419 -29.961731
v -4.371122 -16.154419 -30.901154
v -3.611124 -15.864128 -30.431427
v -3.611124 -16.091133 -29.632324
v -2.851126 -16.154419 -29.961731
v -2.851126 -16.154419 -30.901154
v -3.611124 -16.091133 -31.230560
v -3.141417 -16.624123 -31.661133
v -2.257254 -16.807037 -31.171509
v -2.776793 -17.325241 -31.817810
v -1.633081 -17.790848 -31.656860
v -1.499996 -16.851067 -30.765106
v -0.464436 -17.090851 -31.598572
v -0.767836 -17.790848 -31.656860
v 0.103662 -17.704117 -32.206543
v 0.407063 -17.004120 -32.148254
v 1.038176 -17.478790 -32.769958
v 0.998243 -16.864670 -32.407440
v 1.678900 -17.170525 -32.888824
v 1.517078 -16.697121 -32.574707
v 2.217079 -16.429749 -33.007355
v 1.820478 -15.997124 -32.516449
v 2.217079 -15.564499 -33.007355
v 1.517078 -15.297127 -32.574707
v 1.397558 -14.703972 -33.351135
v 2.456385 -15.199486 -33.843384
v 2.612072 -16.582863 -34.355164
v 2.786955 -15.959160 -34.688873
v 2.822447 -15.335472 -35.022614
v 2.694464 -14.902847 -34.322601
v 2.112783 -14.414505 -34.473328
v 2.658810 -14.712593 -34.878387
v 1.362995 -17.889473 -34.370697
v 1.941818 -17.345757 -34.545380
v 1.350422 -17.592827 -34.762939
v 0.778454 -17.544060 -34.968475
v -0.151890 -18.259018 -34.170471
v 0.039244 -17.695244 -34.774963
v -0.866795 -17.624565 -34.929321
v -2.755123 -17.794022 -35.440582
v -1.717751 -17.573326 -35.184845
v -2.556833 -17.287949 -35.687042
v -3.113625 -16.751045 -36.092712
v 8.331476 -10.327034 -16.105011
v 9.526529 -9.896400 -16.408875
v 8.954496 -10.221939 -16.989502
v 8.800535 -10.128319 -15.814331
v 9.085901 -9.710281 -15.339447
v 9.778002 -9.621109 -15.619934
v 9.909136 -9.436943 -14.877380
v 7.252012 -11.147522 -10.229065
v 7.947126 -11.605049 -9.705261
v 8.140863 -11.335548 -10.335205
v 7.525843 -11.114037 -10.839905
v 7.259466 -11.529694 -9.751404
v 6.309652 -11.222290 -10.064606
v 6.820456 -12.125130 -10.251099
v 5.955206 -12.125130 -10.251099
v 6.667772 -12.803070 -10.554413
v 5.802523 -12.803070 -10.554413
v 5.261646 -12.325989 -10.041565
v 4.842350 -13.112389 -10.179230
v 5.419966 -13.577370 -10.422302
v 1.743380 -15.068748 -7.826416
v 2.330893 -15.317337 -8.101746
v 2.170570 -14.606369 -8.322235
v 2.308990 -15.862656 -7.606689
v 1.529869 -15.452492 -7.098999
v 1.248518 -14.618439 -7.120483
v 1.110853 -15.020149 -6.399445
v 0.631876 -14.245148 -6.695465
v 0.411585 -14.601578 -5.873108
v -0.021038 -13.901581 -6.140472
v 0.199253 -13.545151 -6.962830
v -0.079325 -14.204979 -5.440460
v -0.288414 -13.468956 -5.440460
v -0.021038 -13.901581 -4.740479
v -0.194326 -13.202751 -4.875549
v 0.375563 -13.468956 -4.249573
v 0.716513 -14.320755 -4.350861
v 1.133825 -13.919800 -3.893402
v 1.404760 -13.153122 -3.857941
v 1.068853 -12.378120 -3.793427
v 0.116041 -12.272995 -3.850067
v -0.659523 -12.695129 -4.739838
v -0.740286 -12.551781 -3.361511
v -1.599123 -12.865128 -4.305450
v -1.553045 -12.911018 -3.626129
v -2.374123 -13.161148 -3.826477
v -2.153831 -13.517578 -3.004089
v -2.853100 -13.936150 -3.530426
v -2.917633 -13.600243 -4.305450
v -3.149122 -14.415123 -4.305450
v -2.853100 -14.894096 -3.530426
v -3.011372 -15.262466 -4.238770
v -3.213829 -14.671890 -5.080902
v -3.407972 -15.695091 -4.729675
v -3.967417 -15.139366 -5.657379
v -3.325968 -14.370186 -5.880676
v -3.844601 -15.724648 -5.076813
v -18.413790 -8.672173 -21.297974
v -17.850067 -7.905434 -21.742615
v -17.481400 -8.469536 -21.737854
v -17.981167 -9.372169 -21.565338
v -18.846415 -9.372169 -21.565338
v -18.413790 -9.863083 -21.961945
v -17.702797 -10.325607 -22.273163
v -17.197964 -9.780579 -21.877045
v -17.125755 -10.800797 -21.748322
v -16.729156 -10.368172 -21.257416
v -16.680693 -10.970085 -21.332703
v -16.284092 -10.537460 -20.841797
v -16.132179 -9.630585 -20.815063
v -15.677216 -10.030640 -20.244141
v -15.491927 -9.244987 -20.274048
v -15.242993 -9.437340 -19.537354
v -14.556148 -9.940262 -18.381470
v -14.852323 -9.437782 -18.925415
v -14.341872 -9.562721 -18.494843
v -13.820124 -9.473595 -18.350616
v -14.252748 -10.640259 -18.439758
v -14.952747 -10.372887 -18.872375
v -14.520123 -11.072884 -19.139771
v -13.820124 -11.131172 -18.836365
v -13.820124 -11.456131 -19.573547
v -14.520123 -11.397842 -19.876953
v -14.385601 -11.912643 -20.134430
v -13.350418 -11.989120 -20.004150
v -13.820124 -12.749123 -20.294434
v -13.021012 -12.749123 -20.067444
v -13.350418 -13.509125 -20.004150
v -12.590418 -13.218826 -19.534424
v -13.002234 -14.055016 -19.310883
v -12.433755 -13.583450 -18.833313
v -12.747351 -14.756760 -18.510620
v -12.319893 -13.810356 -18.280426
v -13.571368 -14.724548 -18.817383
v -13.141418 -15.469124 -18.372131
v -12.381417 -15.178825 -17.902435
v -11.642031 -14.032394 -17.595154
v -11.338631 -13.332397 -17.653442
v -10.906007 -14.032394 -17.386078
v -10.473383 -13.332397 -17.653442
v -11.048031 -14.774124 -17.333862
v -11.732737 -14.842789 -17.506378
v -11.612431 -15.436447 -16.998718
v -10.798467 -15.328835 -17.121979
v -11.266905 -16.471687 -16.284943
v -10.263805 -16.128082 -16.768402
v -11.762251 -16.254799 -16.400665
v -12.827004 -16.325058 -16.720428
v -12.297509 -16.350967 -16.052734
v -12.477750 -16.256241 -15.429291
v -9.064501 -16.911842 -15.897949
v -9.532341 -17.309135 -15.795135
v -10.171448 -17.220230 -15.814270
v -9.497124 -16.420929 -16.294556
v -8.797123 -16.479218 -16.597961
v -9.497124 -16.092636 -17.039337
v -8.590666 -16.145164 -17.138458
v -8.060492 -16.898430 -16.937958
v -7.519358 -16.657974 -17.463989
v -7.821795 -15.840683 -17.563141
v -7.044500 -15.757843 -17.966949
v -6.680529 -16.350517 -17.796021
v -5.801491 -15.934013 -18.047852
v -3.071398 -14.640877 -18.941711
v -2.852678 -15.150612 -18.763458
v -3.434938 -15.101387 -18.420746
v -2.530220 -15.383949 -19.140991
v -1.966124 -20.341492 -20.954865
v -2.476717 -20.405251 -20.395050
v -3.080875 -20.039589 -20.388580
v -2.761454 -20.004501 -21.680389
v -1.951403 -20.347115 -21.829224
v -2.726122 -20.184830 -22.184723
v -1.966124 -20.475121 -22.654449
v -1.206125 -20.184830 -22.184723
v -1.238691 -20.256584 -23.017426
v -1.966124 -20.248116 -23.453552
v -1.207239 -20.074112 -23.921387
v -1.966124 -20.039024 -24.189575
v -1.664051 -20.123466 -24.647736
v -0.538691 -19.989204 -24.398834
v -0.573298 -20.269257 -25.265594
v -1.724340 -20.340225 -25.396332
v -1.166122 -20.793228 -25.904694
v -1.971786 -20.830482 -26.189423
v -2.452856 -20.137955 -25.680786
v -2.705454 -20.600128 -26.445099
v -2.180124 -21.196228 -26.926697
v -3.030123 -21.125450 -27.295105
v -2.237566 -21.553497 -27.729401
v -3.109890 -21.254517 -28.253052
v -3.656467 -20.768219 -27.755127
v -3.708452 -21.162453 -28.582428
v -4.162123 -20.799362 -28.648132
v -4.162123 -20.474403 -27.910919
v -4.862123 -20.416115 -28.214325
v -4.862123 -20.643120 -29.013428
v -5.622122 -20.352829 -28.543732
v -5.331831 -19.883125 -27.783722
v -6.091829 -19.592827 -28.253448
v -5.661236 -19.123123 -27.720459
v -6.155113 -19.922234 -29.013428
v -6.382124 -19.123123 -29.013428
v -6.091829 -19.592827 -29.773438
v -5.622122 -20.352829 -29.483154
v -4.955515 -20.389069 -30.056793
v -5.111197 -19.193115 -30.770081
v -5.661236 -19.123123 -30.306427
v -4.923519 -19.678635 -30.799225
v -4.499113 -20.665237 -30.698425
v -4.435829 -20.335831 -31.458435
v -4.447220 -19.193115 -31.960999
v -4.714596 -18.760490 -31.260986
v -4.504339 -18.285767 -31.781403
v -4.840830 -17.853828 -31.191437
v -4.410236 -17.384125 -31.724426
v -4.840830 -16.914421 -31.191437
v -4.080832 -16.624123 -31.661133
v -3.652884 -17.316551 -32.075897
v -3.690252 -17.823189 -32.529175
v -3.044170 -17.757866 -32.517822
v -3.661108 -18.079437 -33.247192
v -2.344170 -18.025246 -32.950439
v -2.344170 -17.816154 -32.214417
v -1.900459 -18.223473 -32.356873
v -1.905125 -18.209793 -33.332123
v -1.200459 -18.490852 -32.789490
v -1.200459 -18.281761 -32.053467
v -0.326174 -18.241241 -32.527649
v -0.151890 -18.468109 -33.434448
v 0.548111 -18.200729 -33.001831
v 0.605553 -18.178787 -33.902557
v 1.362995 -17.889473 -33.505432
v -1.028507 -18.234406 -33.751282
v -1.874208 -17.820114 -34.110504
v -2.755123 -17.885124 -33.857452
v -2.755123 -18.003113 -34.704559
v -3.672056 -18.020309 -34.196136
v -3.483124 -17.749710 -35.458130
v -4.226564 -17.730446 -34.974213
v -3.915747 -17.258797 -35.854736
v -4.943123 -17.303177 -35.562531
v -4.334311 -16.818634 -36.022949
v -5.311850 -16.856949 -36.303558
v -5.013546 -16.323257 -36.512817
v -4.387230 -16.131355 -36.280060
v 6.088255 -15.492752 -31.671448
v 6.933725 -15.683182 -32.046295
v 6.333391 -15.100655 -32.153564
v 5.928064 -14.494987 -32.243256
v 4.991253 -14.407150 -31.751038
v 5.235924 -14.051796 -32.062653
v 5.423876 -15.107147 -31.483673
v 4.932966 -14.710548 -31.051025
v 5.423876 -15.107147 -30.618408
v 4.697241 -14.344772 -30.116333
v 5.466259 -15.172440 -29.476776
v 4.975349 -14.775841 -29.044128
v 5.508642 -15.237732 -28.427826
v 4.636421 -13.976021 -28.733643
v 4.931925 -14.631935 -27.782349
v 5.422834 -15.028534 -27.349731
v 5.223545 -14.129250 -26.938141
v 5.601088 -14.670425 -26.926147
v 4.911983 -13.655983 -27.317078
v 6.178572 -12.981262 -25.215515
v 5.926180 -13.358803 -25.795563
v 5.879400 -12.638016 -25.738708
v 6.481970 -12.281265 -25.273804
v 6.210161 -12.061440 -25.626740
v 6.809473 -11.785690 -25.419891
v 7.276518 -12.421394 -25.027588
v 7.458338 -11.886879 -25.032318
v 7.891413 -12.255013 -24.764313
v 8.157061 -12.844063 -24.610657
v 6.235147 -13.503067 -10.821777
v 6.421141 -14.171593 -10.740387
v 6.946760 -13.805855 -10.788818
v 5.938593 -14.070663 -10.622253
v 1.471582 -15.755890 -6.398987
v 1.960308 -16.327171 -6.011780
v 2.084944 -16.170120 -6.873840
v 1.203527 -16.157913 -5.536041
v 0.770905 -15.457916 -5.803406
v 0.712618 -15.761314 -5.103394
v 0.457556 -14.813431 -5.055634
v 0.770905 -15.457916 -4.403412
v 1.203527 -16.157913 -4.670776
v 1.470905 -15.725288 -3.970795
v 1.167505 -15.025291 -3.912506
v 1.604271 -14.883751 -3.516205
v 1.970253 -15.552521 -3.724426
v 2.304272 -15.151123 -3.083588
v 2.000872 -14.451126 -3.025299
v 1.604271 -14.018501 -3.516205
v 2.394621 -13.196121 -3.044556
v 2.736895 -14.451126 -2.816193
v 2.960423 -13.661392 -2.556030
v 2.876205 -12.670792 -2.448425
v 2.154886 -12.252792 -3.009888
v 1.900505 -12.679291 -3.419556
v 1.364876 -11.899147 -3.018402
v 2.350876 -11.820793 -2.123779
v 1.500877 -11.496124 -1.598450
v 0.589876 -11.603127 -2.539429
v 0.589876 -11.834610 -3.354309
v -0.185123 -11.899147 -3.018402
v -0.185123 -11.899147 -2.060455
v -0.728634 -12.338242 -2.539429
v -0.781160 -12.239090 -1.632996
v -1.219543 -12.734840 -2.106812
v -1.219543 -12.734840 -2.972076
v -1.662922 -13.120979 -2.571472
v -2.153831 -13.517578 -2.138855
v -2.249825 -13.166054 -1.423523
v -2.601440 -14.046837 -1.496094
v -2.633268 -13.791763 -2.224701
v -2.424179 -14.527786 -2.224701
v -2.691555 -14.095161 -2.924713
v -2.585724 -15.326721 -2.830444
v -2.633268 -15.263809 -2.224701
v -2.853100 -15.759346 -2.130432
v -2.794813 -16.062744 -2.830444
v -2.743996 -15.695091 -3.538757
v -2.953085 -16.431114 -3.538757
v -3.011372 -16.127716 -4.238770
v -3.789829 -16.843887 -3.946808
v -3.739738 -16.310493 -4.529510
v -20.860083 -8.237839 -21.998199
v -21.712261 -8.440567 -22.410583
v -21.171509 -7.904793 -22.189362
v -20.687317 -9.163651 -22.040863
v -20.113565 -8.194550 -21.779877
v -19.660418 -9.154121 -21.918152
v -19.149815 -8.672173 -21.507050
v -18.846415 -7.972176 -21.565338
v -20.130123 -9.914124 -22.208435
v -19.295792 -9.855240 -22.074799
v -19.801939 -11.166107 -22.548492
v -18.981829 -10.875122 -22.919159
v -18.687645 -10.344147 -22.479980
v -18.042418 -10.875122 -22.919159
v -18.512123 -11.635124 -23.209442
v -17.713013 -11.635124 -22.982422
v -17.282417 -11.165421 -22.449432
v -17.282417 -12.104828 -22.449432
v -16.820919 -11.665825 -21.650940
v -17.143951 -12.498901 -21.737091
v -16.241484 -12.237671 -20.793365
v -16.893124 -12.580139 -20.988220
v -16.893124 -12.789230 -20.252197
v -16.047348 -12.801498 -20.007721
v -15.491020 -11.901344 -20.351532
v -15.999381 -11.343124 -20.804535
v -15.517795 -10.817795 -20.208435
v -14.918851 -11.130692 -19.731476
v -15.351475 -10.430695 -19.464111
v -15.002357 -12.755669 -20.087128
v -15.116737 -13.311951 -19.617554
v -14.289829 -13.509125 -20.004150
v -14.580124 -13.978828 -19.244141
v -13.820124 -14.042114 -19.573547
v -15.033079 -13.902679 -18.891174
v -14.474895 -14.756760 -18.510620
v -15.204338 -14.478142 -18.059784
v -14.840829 -15.178825 -17.902435
v -14.080829 -15.469124 -18.372131
v -14.371123 -15.938828 -17.612152
v -13.611123 -16.002113 -17.941559
v -13.611123 -16.229118 -17.142456
v -12.851123 -15.938828 -17.612152
v -14.371123 -15.938828 -16.672729
v -13.225209 -15.926880 -15.867615
v -14.080829 -15.469124 -15.912720
v -13.349482 -15.476692 -15.556274
v -13.652882 -14.776695 -15.497986
v -14.182107 -14.907074 -15.721466
v -14.907736 -15.271957 -16.299316
v -14.485507 -14.207077 -15.663177
v -14.029892 -13.880264 -15.062561
v -14.935677 -13.678146 -15.210449
v -14.230117 -12.758125 -14.809570
v -13.704453 -13.283455 -14.398438
v -13.148504 -14.166595 -14.485565
v -12.534492 -14.885544 -14.608551
v -12.511969 -15.797478 -14.650696
v -12.445368 -15.318169 -13.908569
v -0.713264 -19.909828 -20.773499
v -0.512390 -20.089371 -20.424957
v -1.054588 -20.466591 -20.396301
v -1.207239 -20.074112 -21.387482
v -0.771551 -19.606430 -21.473480
v -0.280642 -19.209831 -21.040863
v -0.280642 -19.209831 -21.906128
v -0.616148 -19.848343 -22.618042
v 0.071550 -19.745018 -22.814758
v -0.538691 -19.989204 -23.450073
v 0.228876 -20.132118 -23.924438
v 1.279715 -20.253540 -23.319763
v 0.928877 -20.288361 -24.289764
v 0.228876 -20.020981 -24.722382
v 0.890631 -20.318130 -25.281952
v 0.152386 -20.289604 -25.712341
v 0.694143 -20.890167 -26.128662
v -0.338099 -20.834213 -26.195648
v 0.803276 -20.790718 -26.884430
v 0.133877 -20.798119 -27.427429
v 0.901443 -20.655205 -27.901825
v -0.020285 -20.996521 -28.425079
v -1.051241 -21.162773 -27.734680
v -1.374460 -21.233482 -27.211395
v -1.374460 -21.024391 -26.475372
v -1.516157 -21.925140 -28.057404
v -0.618385 -21.645958 -28.563568
v -1.087263 -22.295395 -28.492981
v -1.815830 -22.420128 -28.812744
v -2.362455 -21.769455 -28.465546
v -2.575829 -22.129829 -29.282440
v -3.008451 -21.429832 -29.015076
v -3.320162 -21.643448 -29.756134
v -2.639112 -22.459236 -30.042450
v -3.219400 -21.652527 -30.554443
v -3.966122 -21.095833 -30.228729
v -4.162123 -20.910500 -29.446075
v -4.556099 -20.759346 -29.796814
v -3.966122 -21.095833 -31.168152
v -3.273689 -21.510590 -31.605438
v -4.046213 -20.693100 -32.230438
v -3.711466 -21.493217 -32.699127
v -4.104500 -20.996498 -32.930450
v -4.507357 -20.282379 -32.965881
v -4.290024 -19.866127 -32.233582
v -4.975483 -20.661552 -33.564270
v -4.608437 -19.353752 -33.515564
v -5.355934 -19.795120 -33.963623
v -5.005037 -18.921127 -34.006500
v -4.264002 -18.552399 -33.560242
v -4.226595 -18.889580 -32.847351
v -4.474106 -18.062065 -34.334625
v -5.412830 -18.161125 -34.394714
v -4.943123 -17.628136 -34.825317
v -5.703121 -17.691422 -35.154724
v -6.172829 -18.451424 -34.864441
v -6.236113 -18.122017 -35.624451
v -5.802189 -17.631310 -36.093445
v -6.282801 -18.439346 -36.421448
v -5.967932 -17.679222 -36.792114
v -6.008892 -18.830635 -36.949921
v -5.897577 -18.416519 -37.660675
v -5.860426 -17.534592 -37.398163
v -5.535112 -16.740189 -36.961823
v 6.493746 -16.213776 -31.338745
v 7.313997 -16.710526 -31.106750
v 7.168459 -16.345650 -31.709229
v 6.613855 -16.335953 -30.601349
v 6.002836 -15.817177 -30.906128
v 5.967386 -15.546242 -30.139435
v 6.493746 -16.213776 -29.805389
v 6.002836 -15.817177 -29.372772
v 6.493746 -16.213776 -28.940125
v 6.061125 -15.513779 -28.672760
v 6.992968 -15.743050 -28.077515
v 6.165739 -15.295967 -27.953400
v 6.612474 -15.308426 -27.563141
v 6.255503 -14.913353 -27.032990
v 6.481970 -13.681259 -25.273804
v 6.894552 -14.161720 -25.886169
v 6.303720 -13.899979 -25.783569
v 7.347219 -13.681259 -25.273804
v 6.914595 -12.981262 -25.006439
v 7.628393 -13.171280 -25.071686
v 7.941252 -13.814125 -25.309296
v 8.114252 -13.343948 -24.826721
v 4.529503 -14.955154 -2.476685
v 4.719589 -15.472122 -2.956757
v 4.064007 -15.411545 -3.112701
v 3.307386 -15.397392 -3.212585
v 4.096880 -14.464241 -2.080078
v 3.218973 -14.394043 -2.642151
v 4.991140 -14.493637 -1.773438
v 4.551207 -13.729118 -1.639771
v 5.427980 -14.020905 -1.257538
v 5.111990 -13.260612 -1.206909
v 4.286880 -13.073242 -1.492096
v 3.505125 -12.845985 -1.930908
v 3.750601 -12.230522 -1.135986
v 3.017948 -12.144402 -1.394531
v 2.939877 -11.730354 -0.463470
v 2.373201 -11.669785 -1.130310
v 2.239876 -11.462975 -0.030823
v 1.500877 -11.614113 -0.751312
v 1.500877 -11.405022 -0.015289
v 0.650879 -11.820793 -0.207855
v 0.650879 -11.820793 -1.073120
v -0.049122 -12.088173 -0.640503
v -0.176805 -12.008255 -1.259460
v 0.523195 -11.740875 -1.692108
v -0.673960 -12.080162 -0.866150
v -1.051500 -11.688004 -0.099060
v -1.228207 -12.000626 -0.623566
v -1.810625 -12.405258 -1.059784
v -3.443995 -16.827713 -3.106140
v -3.792114 -16.942345 -2.756195
v -3.617256 -16.469780 -2.201233
v -3.844872 -17.065140 -3.280731
v 0.419359 -19.151543 -22.209503
v 0.861378 -19.314651 -21.984039
v 0.652693 -19.101273 -21.372345
v 1.311798 -19.883873 -22.455261
v 1.601444 -20.922585 -27.469208
v 1.900246 -21.567833 -26.740234
v 1.594158 -21.186897 -26.337524
v 2.092354 -21.319183 -27.901825
v 1.601444 -20.922585 -28.334442
v 2.034067 -21.622581 -28.601837
v 1.334066 -21.355209 -29.034454
v 0.790579 -20.901260 -28.683167
v 0.247093 -21.429146 -29.125092
v 0.679716 -22.129143 -29.392456
v -0.056307 -22.129143 -29.183380
v 0.247093 -22.829140 -29.125092
v -0.452908 -22.561768 -28.692474
v 0.001837 -23.535561 -28.507019
v 0.590590 -23.136986 -28.759552
v -0.623774 -23.536674 -29.305847
v -0.059753 -24.035698 -28.917114
v -0.241304 -23.875420 -28.614716
v 0.573721 -23.890701 -29.542877
v 0.091743 -23.251701 -29.728821
v -0.578556 -23.246300 -29.780792
v -1.346123 -23.180122 -30.042450
v -1.379463 -22.969360 -29.004089
v -2.106121 -22.889832 -29.572723
v -2.106121 -22.889832 -30.512146
v -1.346123 -22.953117 -30.841553
v -1.815140 -22.519188 -31.332245
v -2.728491 -22.049118 -30.987061
v -2.350004 -22.290771 -31.828186
v -1.815140 -22.310097 -32.068268
v -2.350004 -22.290771 -32.764435
v -3.085121 -21.850449 -32.239105
v -3.076422 -21.996193 -33.276672
v -2.340786 -22.016769 -33.676880
v -3.040787 -21.749390 -34.109497
v -3.634792 -21.756500 -33.220734
v -3.740788 -22.016769 -34.542114
v -4.417948 -21.563667 -33.472748
v -4.767416 -22.189125 -33.920715
v -5.237123 -21.429123 -33.630432
v -5.706831 -22.189125 -33.920715
v -6.036236 -21.429123 -33.857452
v -5.706831 -20.669121 -33.920715
v -6.466829 -20.959419 -34.390442
v -6.114017 -20.145416 -34.608490
v -5.836338 -19.822769 -34.274475
v -6.321024 -19.893990 -35.150452
v -6.530113 -20.630013 -35.150452
v -6.356115 -20.162170 -35.909332
v -6.351984 -19.719063 -35.624451
v -6.172829 -19.390831 -36.384430
v -6.463123 -18.921127 -35.624451
v -6.172829 -20.256081 -36.384430
v -6.466829 -20.959419 -35.910431
v -6.130339 -21.392731 -36.500427
v -5.805773 -20.779236 -37.265198
v -5.748585 -19.733116 -37.330017
v -5.481209 -20.165741 -38.029999
v -5.889246 -18.905655 -37.966705
v -5.748585 -19.733116 -38.730011
v -5.922991 -19.116310 -38.473572
v -6.112726 -18.958565 -39.207397
v 5.743971 -14.781197 -1.308167
v 6.126074 -15.082329 -1.663727
v 5.642443 -15.245926 -2.064453
v 6.727644 -14.956703 -1.476959
v 6.408209 -14.250000 -0.851807
v 7.202017 -14.683022 -1.168488
v 7.787508 -14.497047 -0.934662
v 7.167093 -13.960136 -0.382782
v 6.863695 -13.260139 -0.324493
v 5.976412 -13.405304 -0.895691
v 6.372988 -12.791122 -0.758423
v 5.635794 -12.791122 -1.083405
v 6.043581 -12.031120 -0.695160
v 5.104860 -11.932060 -0.755249
v 4.741207 -12.338120 -1.051758
v 4.215878 -11.742020 -0.570190
v 4.814993 -11.463043 0.003632
v 4.215878 -11.397026 0.212463
v 3.410213 -11.704765 -0.285461
v 3.451624 -10.984772 0.742737
v 2.939877 -11.521263 0.272552
v 2.474600 -11.002518 0.714020
v 2.939877 -10.514015 1.279816
v 2.009325 -10.483772 1.155457
v 1.741947 -10.916397 0.455475
v 1.068254 -10.914108 0.381317
v 1.097584 -9.652122 0.994843
v 0.622114 -10.464241 0.585938
v 0.383501 -11.388168 0.492126
v -0.188257 -10.382683 0.826935
v -0.481745 -11.388168 0.492126
v -0.049122 -11.879082 0.095520
v -1.131559 -10.691772 1.248810
v -1.236404 -11.419907 0.334717
v -1.679790 -11.142006 0.880371
v -5.274523 -13.228622 1.453217
v -4.374458 -12.914566 0.882935
v -4.787233 -13.726143 0.733429
v -5.232092 -14.409531 0.443146
v 2.301443 -22.055206 -27.901825
v 2.109900 -22.489922 -27.796021
v 2.096603 -22.145546 -27.223572
v 1.746254 -22.702736 -28.542908
v 1.637466 -22.055206 -29.092743
v 1.275373 -22.879005 -28.818481
v 1.304787 -23.286430 -30.944763
v 1.446081 -23.910606 -31.015656
v 1.207546 -23.904648 -30.196716
v 0.813877 -22.889832 -30.512146
v 0.813877 -22.889832 -31.377380
v 0.113876 -22.622452 -30.944763
v 0.113876 -22.831543 -30.208740
v -0.586124 -22.889832 -30.512146
v -0.111124 -22.881226 -31.902344
v -0.605734 -22.981140 -32.056854
v -1.115139 -22.577477 -31.635651
v -0.442503 -23.207741 -32.716064
v -1.013842 -22.635429 -33.074707
v -0.603840 -23.490585 -33.429565
v -1.263412 -23.035027 -34.013580
v -1.762621 -22.609131 -33.474518
v -1.713842 -22.368050 -32.642090
v -1.849876 -22.413368 -34.109497
v -1.529263 -23.036919 -34.467407
v -2.340786 -22.016769 -34.542114
v -2.608164 -22.449394 -35.242126
v -3.040787 -21.958481 -34.845520
v -3.473410 -22.449394 -35.242126
v -3.040787 -23.149391 -35.509491
v -3.776810 -23.149391 -35.300415
v -4.325825 -22.736984 -34.714508
v -4.786266 -23.606125 -35.430054
v -5.304689 -23.073586 -35.108673
v -5.237123 -22.722115 -34.351318
v -5.997122 -22.658829 -34.680725
v -5.997122 -22.658829 -35.620148
v -6.530113 -22.228233 -35.150452
v -6.466829 -21.898827 -34.390442
v -6.757124 -21.429123 -35.150452
v -6.466829 -21.898827 -35.910431
v -6.055731 -22.409431 -36.392395
v -5.506212 -23.055428 -36.052765
v -5.783485 -22.564156 -36.968781
v -5.505205 -23.114151 -37.215546
v -5.746229 -22.848869 -37.774445
v -6.000124 -21.955124 -37.774445
v -6.072052 -21.696129 -37.200409
v -5.690298 -20.901764 -38.029999
v -5.848398 -21.451500 -38.589325
v -5.748585 -20.598366 -38.730011
v -5.916208 -21.211502 -39.119873
v -5.916208 -20.262741 -39.119873
v -6.059124 -20.737122 -39.887451
v -5.947985 -19.939186 -39.887451
v -5.869017 -20.223083 -40.583374
v -5.871986 -19.021736 -40.631989
v -6.068657 -19.130104 -39.931793
v -5.114243 -19.756180 -41.214203
v -5.338236 -20.737122 -41.180420
v -4.539124 -20.737122 -41.407440
v -4.064741 -19.969551 -41.264526
v -3.741186 -20.737122 -41.296295
v -3.385889 -20.191139 -41.454437
v -3.659508 -19.314865 -41.569397
v -2.946217 -19.506401 -41.802704
v -2.649866 -20.191139 -41.663513
v -2.467171 -19.568260 -42.243561
v -1.974733 -20.355316 -42.904907
v -2.233837 -19.657387 -42.854431
v -2.086870 -19.747108 -43.603424
v -1.674257 -20.987610 -43.712830
v -1.775414 -20.085060 -44.304932
v -1.318892 -20.772362 -44.258942
v -1.403688 -20.306679 -45.032806
v 6.923853 -11.897903 0.498169
v 7.530161 -11.988174 0.912476
v 7.802866 -12.508415 0.421570
v 6.803587 -12.321419 -0.225433
v 6.333876 -11.561417 0.064850
v 6.546606 -11.453293 1.139008
v 5.573877 -11.271126 0.534546
v 5.573877 -11.498131 -0.264557
v 5.573877 -11.062035 1.270569
v 4.806311 -11.204948 0.796204
v 4.258385 -11.017639 1.087463
v 4.456039 -10.534050 1.926605
v 3.756039 -10.475761 1.623199
v 3.754759 -10.202759 2.405945
v 3.057592 -10.144699 2.170044
v 3.060425 -10.354027 2.973572
v 2.360424 -10.086647 2.540955
v 2.507254 -10.023102 1.676422
v 1.977852 -9.518906 2.224548
v 1.924490 -9.849289 1.381439
v 1.387875 -9.182419 1.754852
v 1.387875 -9.182419 2.694275
v 0.627876 -8.892128 2.224548
v 0.627876 -9.119133 1.425446
v -0.132122 -9.182419 1.754852
v 0.158169 -9.652122 0.994843
v -0.601830 -9.942421 1.464569
v -0.665113 -9.613014 2.224548
v -0.990074 -10.350212 2.224548
v -1.022213 -10.389015 2.969666
v -1.496595 -11.156578 2.676483
v -1.517933 -10.799995 1.884216
v -2.302448 -11.554085 2.031067
v -1.973431 -11.199669 1.539490
v -3.475630 -12.350357 3.189056
v -2.792953 -11.991753 2.303406
v -3.474375 -12.095634 1.962341
v -2.915722 -12.071747 3.207794
v -3.361031 -11.745422 3.872009
v -4.175631 -12.408646 3.492462
v -4.492765 -12.568542 2.599426
v -4.754122 -12.577324 1.972290
v -5.683290 -12.672684 2.213593
v -5.454123 -12.404129 3.090546
v -6.018122 -12.343735 3.175049
v -6.718122 -12.493126 2.760559
v -6.718122 -12.747017 1.866821
v -6.192793 -13.343117 1.385223
v -7.243452 -13.343117 1.385223
v -6.773674 -14.135681 0.957184
v -7.597902 -14.245956 1.198730
v -7.154137 -15.055069 1.155334
v -6.323561 -14.597450 0.513428
v -8.063177 -14.998787 1.486298
v -7.457537 -15.755066 1.097046
v -8.022524 -16.241959 0.998199
v -8.959379 -15.594231 1.110626
v -8.844696 -16.172256 0.885437
v -8.366020 -16.549797 0.632660
v -7.742479 -16.550484 0.391663
v -2.191771 -23.111572 -35.218292
v -1.815548 -24.121712 -34.957062
v -1.687435 -23.277214 -34.902496
v -2.511398 -23.773750 -35.403564
v -2.741997 -24.306122 -35.352417
v -3.157745 -25.250259 -34.973114
v -2.886698 -25.585777 -34.806366
v -2.264332 -24.921730 -34.914703
v -3.481331 -25.921227 -34.928131
v -4.138735 -25.242592 -35.418213
v -3.589123 -24.306122 -35.234436
v -4.482866 -24.306122 -35.488342
v -4.964451 -24.831451 -36.084442
v -5.093517 -23.873497 -36.004669
v -5.485895 -24.558502 -37.097504
v -5.296116 -23.850174 -37.215546
v -5.569117 -24.291901 -37.959717
v -5.563492 -23.417549 -38.033325
v -5.229979 -23.758698 -38.912354
v -5.505205 -23.114151 -38.733337
v -5.566229 -22.842873 -39.293457
v -5.815943 -22.511452 -38.584717
v -5.820124 -21.949127 -39.293457
v -5.495451 -22.474457 -40.143433
v -5.936739 -21.553253 -39.916870
v -5.519434 -21.979073 -40.706055
v -5.768829 -21.206825 -40.647430
v -5.008831 -21.497124 -41.117157
v -5.032555 -22.054794 -40.835083
v -4.769394 -22.794907 -40.751831
v -5.113224 -23.351227 -39.851654
v -4.603500 -23.520500 -40.468445
v -4.332554 -23.187416 -41.267700
v -4.033493 -22.130989 -41.296051
v -4.064741 -21.504692 -41.264526
v -3.328718 -21.504692 -41.473602
v -3.634504 -22.384155 -41.659424
v -2.932117 -21.937317 -41.964539
v -2.627451 -21.780792 -42.429443
v -2.742773 -22.349693 -42.680115
v -3.364740 -22.637314 -42.231903
v -2.973663 -22.999786 -42.857147
v -2.576452 -22.736794 -43.424438
v -2.620073 -23.534447 -43.656403
v -2.219219 -23.196823 -44.050781
v -1.890635 -22.376236 -44.007843
v -1.883347 -21.723633 -43.712830
v -1.318892 -21.637611 -44.258942
v -1.693451 -22.501793 -44.490448
v -1.841717 -23.766434 -44.710205
v -1.429100 -23.374153 -45.456451
v -1.037542 -22.441940 -45.207214
v -0.693810 -21.822960 -45.224487
v -1.029573 -21.240486 -45.016388
v -0.175123 -22.482086 -45.595459
v 0.382610 -21.802383 -45.303772
v -0.011984 -20.733086 -45.132812
v 0.898853 -21.123123 -44.860413
v 0.525826 -20.232483 -44.869385
v 0.136869 -19.750504 -45.348694
v -0.495693 -20.111015 -45.596436
v 1.534666 -20.411194 -44.622253
v 1.870550 -21.115349 -44.730530
v 2.466917 -20.387993 -44.624878
v 2.851418 -21.010124 -44.853912
v 7.384207 -10.334122 2.278229
v 7.890322 -11.015617 1.898529
v 7.384207 -11.197762 1.878662
v 6.648184 -10.334122 2.069153
v 6.129042 -10.668930 1.622711
v 5.647547 -10.333000 1.854187
v 5.950949 -9.633003 1.912476
v 6.951582 -9.634125 2.010864
v 6.481878 -8.874123 1.720551
v 5.682768 -8.874123 1.947571
v 5.192062 -9.343140 2.381500
v 4.888662 -10.043137 2.323212
v 4.752789 -9.610146 3.240570
v 4.261879 -10.006744 2.807922
v 4.682020 -9.599144 3.809540
v 3.491110 -10.263123 3.809540
v 3.561878 -10.274124 3.240570
v 3.923733 -9.563118 4.942169
v 3.553160 -10.229401 4.607208
v 2.791109 -9.995743 4.242157
v 2.360424 -10.086647 3.406189
v 2.343393 -9.849411 3.953247
v 1.852484 -9.452812 3.520599
v 1.869514 -9.690048 2.973572
v 1.793875 -9.203415 4.292847
v 1.063318 -9.035507 3.946411
v 1.033876 -8.913124 4.762573
v 0.273878 -9.203415 4.292847
v 0.714655 -9.025383 3.050812
v -0.253416 -9.485855 3.663727
v -0.132122 -9.182419 2.694275
v -0.553196 -9.874176 3.427734
v -1.044106 -10.270775 3.860352
v -0.754238 -9.801758 4.619232
v -0.316099 -9.539902 4.762573
v -1.016100 -9.807281 5.231567
v -1.454239 -9.860046 4.922638
v -1.454239 -9.860046 5.984497
v -2.213123 -9.668129 5.453552
v -2.213123 -9.895134 4.654449
v -1.744106 -10.329063 4.163757
v -2.682831 -10.428123 4.223846
v -2.254883 -11.120552 3.809113
v -1.534002 -10.819397 3.389374
v -1.987505 -11.553177 3.109100
v -3.076897 -11.140488 4.085388
v -3.442829 -10.718422 4.693573
v -3.799297 -11.449768 4.686005
v -3.831074 -11.126213 5.453552
v -4.290207 -11.846367 5.118622
v -4.360374 -11.909622 4.165100
v -5.322123 -12.185127 4.428558
v -5.322123 -12.303116 5.275696
v -6.231565 -12.338989 5.150879
v -6.018122 -12.343735 4.040314
v -6.816122 -12.414879 4.409882
v -6.718122 -12.611115 3.607697
v -7.614124 -12.695114 4.043427
v -7.643118 -12.664139 3.307373
v -8.464123 -12.901794 4.365234
v -8.558123 -13.097153 3.075592
v -7.568121 -12.817795 2.235229
v -8.213310 -13.430191 2.045959
v -9.037832 -13.511871 2.556610
v -9.131298 -13.662773 1.593903
v -9.734369 -13.559830 2.609833
v 10.441778 -8.373474 0.749695
v 11.494574 -8.824013 0.443939
v 10.951361 -9.257179 0.373322
v 10.219179 -9.539986 0.686462
v 9.711878 -8.269127 0.737549
v 9.242174 -9.029129 1.027863
v 9.602552 -9.846016 1.241241
v 8.902552 -9.578644 1.673859
v 9.205950 -10.278641 1.732147
v 8.295080 -10.306381 2.005188
v 7.816832 -9.634125 2.010864
v 8.218950 -8.806137 1.510559
v 7.279818 -8.874123 1.831696
v 7.782171 -8.066795 1.930176
v 6.916922 -8.066795 1.930176
v 7.522711 -7.479172 2.435944
v 6.481878 -7.581131 2.441437
v 6.012171 -8.114120 2.010864
v 5.638769 -7.577515 2.677734
v 5.252172 -8.404419 2.480560
v 5.084265 -8.057991 3.211121
v 4.961878 -8.874123 3.240570
v 4.891109 -8.863121 3.809540
v 4.623734 -8.430496 4.509552
v 4.623734 -9.295746 4.509552
v 4.227133 -8.863121 5.000458
v 4.431366 -7.977234 5.013153
v 3.745548 -8.337791 5.596558
v 3.312925 -9.037788 5.329193
v 3.265457 -8.724152 6.425232
v 2.693735 -9.108414 5.812592
v 3.058487 -9.563118 4.942169
v 2.569012 -9.349220 4.762573
v 2.774548 -9.120750 6.857849
v 1.933653 -9.351135 6.227386
v 1.830885 -9.093445 5.244324
v 1.260544 -9.397087 6.042023
v 1.033876 -9.140129 5.561676
v 0.564169 -9.673119 5.992279
v 0.273878 -9.203415 5.232269
v -0.208075 -9.614510 5.742859
v 0.199545 -10.374237 6.148926
v -0.929413 -10.646172 6.330444
v -0.496790 -11.137085 6.727051
v -1.196791 -11.078796 7.030457
v -1.743416 -10.428123 6.683258
v -2.213123 -10.843903 7.201447
v -2.682140 -10.329063 6.743378
v -2.213123 -9.895134 6.252686
v -2.973122 -9.958420 5.923279
v -3.442829 -10.718422 6.213562
v -3.506113 -10.389015 5.453552
v -2.973122 -9.958420 4.983856
v -3.223124 -10.989845 7.017517
v -3.875452 -11.418419 6.480927
v -3.875452 -11.418419 7.346191
v -4.652004 -11.873474 6.466553
v -4.161095 -11.476875 5.962921
v -4.622122 -12.035736 5.708313
v -5.352005 -12.140854 5.962921
v -5.310890 -12.103882 7.213043
v -5.892576 -12.253128 6.700195
v -5.808174 -12.527313 7.738464
v -6.592123 -12.672150 7.132538
v -6.668030 -12.549324 6.220947
v -7.188160 -13.012093 6.694763
v -7.176123 -12.665794 5.894897
v -7.888161 -13.070381 6.391357
v -7.876123 -12.724083 5.591492
v -7.614124 -12.577126 4.890564
v -8.649817 -12.768639 5.621246
v -8.679123 -13.111610 6.492432
v -9.454123 -13.176147 6.156525
v -9.454123 -13.176147 5.198578
v -10.622789 -13.369911 5.356354
v -10.411162 -13.443398 4.581116
v -9.454123 -13.176147 4.333344
v -10.147972 -13.475143 3.660706
v -9.525793 -13.297333 3.482269
v -9.017555 -13.294662 3.106567
v 12.826212 -8.029938 0.675201
v 13.211153 -8.948189 0.226349
v 12.320875 -8.791298 0.348816
v 11.978048 -8.240501 1.107452
v 12.631548 -7.531120 1.422241
v 11.849600 -7.582909 1.546051
v 11.112799 -8.240501 1.107452
v 10.995584 -7.727173 1.380676
v 11.171877 -7.097710 2.091248
v 10.471876 -7.039421 1.787842
v 10.181581 -7.509125 1.027863
v 9.711878 -6.976135 1.458435
v 9.242174 -7.509125 1.027863
v 8.951880 -7.039421 1.787842
v 8.482168 -7.799423 1.497559
v 8.912767 -8.269127 0.964569
v 8.361902 -7.375908 2.221161
v 8.910528 -6.904945 2.711060
v 8.274809 -6.982681 3.063019
v 9.131762 -6.954140 3.400604
v 8.372877 -6.780136 3.868439
v 7.672876 -6.721848 3.565063
v 7.163546 -6.744675 3.171875
v 6.671579 -6.073120 3.552856
v 6.201876 -6.765549 3.138092
v 5.732168 -6.073120 3.552856
v 5.338102 -6.785484 3.414398
v 4.972170 -6.363419 4.022552
v 4.826456 -7.381073 3.979492
v 4.681875 -6.833122 4.782562
v 4.908886 -6.034012 4.782562
v 4.972170 -6.363419 5.542572
v 4.615702 -7.094765 5.550140
v 5.441877 -5.603416 5.252258
v 5.300001 -6.028282 6.010529
v 5.275021 -6.507149 6.696533
v 5.559732 -5.701485 6.659302
v 5.216734 -6.203751 7.396545
v 4.784111 -6.903748 7.129150
v 4.516733 -6.471123 7.829163
v 4.004992 -6.990356 7.707428
v 4.191111 -7.358727 6.879181
v 3.536867 -7.747795 7.418121
v 3.617210 -8.039001 6.571350
v 4.124792 -7.491364 5.982758
v 3.207170 -8.420753 7.125244
v 2.779425 -8.037109 7.886230
v 2.507170 -8.688126 7.557861
v 2.216879 -8.218422 8.317841
v 1.747171 -8.978424 8.027557
v 1.960545 -9.338799 7.210663
v 1.390703 -9.709770 8.019989
v 0.856100 -10.476059 7.753998
v 0.999523 -10.056381 6.774139
v 0.332022 -10.866104 7.356506
v -4.503096 -11.774071 7.847321
v -4.656191 -11.515488 8.387573
v -3.983355 -11.130722 8.212280
v -5.288340 -12.055244 8.668732
v -6.375395 -13.128998 8.045013
v -6.274195 -13.764198 9.100250
v -5.806522 -12.886879 8.841400
v -6.731152 -13.884918 8.024597
v -7.221540 -13.439133 7.444305
v -7.767244 -14.354668 7.350555
v -8.202578 -13.602333 7.035675
v -8.679123 -14.354668 7.350555
v -9.158100 -13.655121 6.931549
v -9.591002 -14.354668 7.350555
v -9.933832 -13.590866 6.675507
v -10.374237 -14.298927 7.470734
v -10.771367 -13.752426 7.121124
v -11.024289 -13.369560 6.590607
v 7.038153 -21.478127 5.015808
v 6.730791 -21.978439 4.652649
v 7.163191 -21.852859 4.337738
v 7.757769 -21.691475 4.103729
v 14.723391 -8.586121 0.851471
v 14.912348 -9.376915 0.428925
v 14.136652 -9.112083 0.299896
v 13.678205 -8.561409 0.683685
v 14.349878 -7.886124 1.006561
v 13.437998 -7.810669 0.883575
v 13.870905 -7.111122 1.302582
v 14.828852 -7.111122 1.302582
v 14.621344 -6.522118 1.588776
v 13.900549 -5.932121 2.014221
v 13.091574 -6.904778 1.779449
v 13.036367 -6.163612 2.388794
v 12.351446 -6.538460 2.579926
v 11.918821 -7.029373 2.183319
v 11.192167 -6.837868 2.732605
v 11.727636 -6.150787 3.182434
v 10.992212 -6.376472 3.323120
v 10.292212 -6.643852 2.890503
v 10.492167 -6.779579 2.429230
v 9.711878 -6.749130 2.257568
v 10.039820 -6.614777 3.771729
v 10.724836 -5.943848 4.023132
v 9.772444 -6.182152 4.471741
v 9.131762 -6.745049 4.136627
v 8.699137 -6.254135 4.533234
v 9.488703 -5.239662 4.726501
v 8.762110 -5.192802 4.905060
v 7.778769 -5.816788 4.673218
v 7.940252 -6.289223 4.265045
v 6.961874 -5.603416 4.312866
v 8.324690 -5.141586 5.339355
v 7.660761 -5.446754 5.616882
v 7.968977 -5.222572 5.848175
v 7.735273 -5.170341 6.571259
v 6.960760 -5.714134 6.049500
v 6.960760 -5.505043 5.313477
v 6.201876 -5.540131 5.581665
v 6.201876 -5.313126 4.782562
v 6.201876 -5.749222 6.317688
v 6.960760 -5.505043 6.785522
v 6.201876 -5.540131 7.053711
v 6.639318 -5.015396 7.482147
v 6.146502 -4.841354 7.829163
v 5.607660 -5.365173 7.395935
v 5.253038 -4.710281 8.064758
v 4.820133 -5.771126 7.887451
v 4.338549 -5.245796 8.483551
v 4.209484 -6.203751 8.403778
v 3.961109 -6.054108 8.829559
v 3.752020 -6.790131 8.829559
v 4.013876 -5.771126 9.333557
v 4.267771 -4.877380 9.333557
v 4.338549 -5.245796 10.183563
v 4.209484 -6.203751 10.263336
v 4.040876 -6.183174 9.787506
v 3.845972 -6.941612 9.879486
v 3.918444 -7.267426 10.671478
v 3.394880 -7.716858 10.259033
v 3.340878 -7.315796 9.354889
v 2.757484 -8.001610 9.715454
v 2.714533 -7.673027 8.829559
v 3.340878 -7.315796 8.304230
v 2.216879 -8.218422 9.257263
v 2.440435 -8.630241 10.093445
v 1.747171 -8.978424 9.547546
v 1.683887 -8.649017 8.787567
v 1.358927 -9.386215 8.787567
v 1.390703 -9.709770 9.555115
v 0.939259 -10.352676 8.470154
v 0.831755 -10.358757 9.229340
v 1.032606 -10.290573 9.837677
v -6.702932 -14.472664 8.485168
v -7.205254 -15.059891 8.795624
v -6.712854 -14.599281 9.007874
v -7.402933 -14.740036 8.052551
v -7.858078 -15.200920 8.442444
v -8.199867 -14.845581 7.747162
v -8.603123 -15.220352 8.341309
v -9.158379 -14.845581 7.747162
v -9.329849 -15.089676 8.143585
v -9.944925 -14.805946 7.921539
v 6.661196 -21.051369 6.230896
v 5.789362 -21.592812 6.211426
v 6.296583 -21.917732 5.551971
v 7.361197 -20.993080 5.927521
v 7.361197 -20.783989 6.663544
v 8.127878 -20.957634 6.198456
v 7.933016 -21.199936 5.416016
v 8.902876 -20.893097 5.862549
v 8.902113 -21.282654 5.050781
v 8.606852 -20.414124 6.637543
v 9.429220 -20.193832 6.281097
v 10.183363 -20.918350 5.208710
v 9.702196 -21.384346 4.404633
v 10.358309 -21.126122 4.315308
v 11.283991 -21.326202 5.055634
v 10.858080 -21.012550 3.774017
v 11.800207 -20.854164 4.216095
v 11.759222 -20.521667 3.222748
v 11.304789 -20.663994 3.114166
v 11.594694 -20.138115 2.824860
v 11.973730 -19.468010 2.590668
v 16.354734 -9.237793 2.148224
v 16.698236 -9.545639 1.782684
v 16.124533 -9.720970 1.171692
v 15.654737 -8.970421 1.715607
v 15.263906 -8.792580 1.185516
v 15.654737 -8.105171 1.715607
v 15.164762 -7.886124 1.238037
v 15.660509 -7.412292 1.676422
v 16.354734 -7.837799 2.148224
v 16.646086 -7.193161 2.051544
v 15.963907 -6.712296 1.618134
v 15.486593 -6.522118 1.588776
v 15.789991 -5.822121 1.647064
v 15.053968 -5.822121 1.856140
v 15.895086 -5.030685 1.779877
v 14.906546 -4.979118 2.230225
v 14.495626 -5.714241 1.789917
v 14.176680 -4.984001 2.393433
v 14.545992 -4.395729 2.916046
v 13.806448 -4.487083 3.176300
v 13.938166 -4.024864 3.514618
v 13.493547 -4.010117 3.775238
v 13.106447 -4.754456 3.608917
v 14.018877 -3.414017 4.256805
v 13.168879 -3.484795 4.625244
v 13.903994 -3.044472 5.079559
v 13.168879 -3.484795 5.675903
v 12.318110 -3.737984 4.964661
v 12.169790 -4.361954 4.428223
v 11.720472 -4.370445 4.688324
v 11.626822 -5.329697 4.033844
v 12.410711 -4.917480 3.646973
v 11.246637 -5.137123 4.395477
v 10.822203 -4.461037 4.728790
v 10.190939 -4.972984 4.633118
v 7.076757 -4.490669 7.910553
v 7.552187 -4.620598 7.478821
v 7.606474 -5.033676 6.980499
v 7.781340 -4.117592 7.844238
v 6.641424 -3.738335 8.225433
v 7.380838 -3.563377 8.581757
v 6.948214 -3.072464 8.978333
v 6.164877 -3.247612 8.768677
v 5.685900 -3.791122 8.329590
v 5.389877 -3.312149 9.104584
v 4.910900 -4.087151 8.808563
v 4.846367 -3.751244 9.583557
v 4.518068 -4.496010 9.583557
v 5.226463 -2.952095 9.809723
v 4.789679 -3.592789 10.467072
v 4.839462 -4.440155 10.951721
v 4.523899 -3.305099 11.350555
v 4.897749 -4.136757 11.651733
v 5.106838 -4.872780 11.651733
v 4.695782 -5.705826 10.809906
v 5.036533 -5.809044 11.595398
v 4.267771 -6.507149 10.963318
v 4.646751 -6.711235 11.944519
v 4.234337 -7.119789 11.037842
v 4.207783 -7.299492 11.921356
v 3.801714 -7.819786 11.305237
v 3.862570 -7.992752 12.060272
v 3.586836 -8.460190 11.723572
v 3.528549 -8.156792 11.023560
v 3.383322 -8.612968 12.334686
v 2.900833 -9.425270 11.306549
v 2.554230 -9.625175 11.779907
v 2.923313 -9.243851 12.227631
v 2.929605 -8.469688 10.546600
v 2.842546 -9.121872 10.606567
v 2.161938 -9.854385 11.086426
v 2.142546 -9.389244 10.173920
v 1.641066 -10.040298 10.432922
v 4.489481 -20.695061 7.049225
v 3.921141 -21.315781 6.607819
v 4.435505 -21.499924 6.484497
v 5.177757 -21.641006 6.505157
v 5.334970 -20.798927 7.292938
v 4.343994 -20.440392 7.844940
v 5.304338 -20.764717 8.243683
v 6.185877 -20.972122 7.725555
v 6.261328 -21.095123 6.813690
v 6.999056 -20.813339 7.269623
v 6.960875 -20.676102 8.204529
v 7.577520 -20.302811 7.779510
v 7.901712 -20.577538 6.997589
v 8.275229 -19.973175 7.228424
v 8.030748 -19.569473 8.059631
v 8.741758 -19.109772 7.698303
v 8.975225 -19.705803 6.795807
v 9.441759 -19.051483 7.394897
v 9.861845 -19.702919 6.677704
v 10.141760 -19.109772 7.698303
v 10.561846 -19.761208 6.981110
v 10.294470 -20.193832 6.281097
v 11.026545 -20.107452 7.163452
v 10.651976 -19.636635 7.573944
v 11.142885 -20.033234 8.006561
v 11.559099 -20.544724 7.584991
v 11.516512 -20.832321 6.886230
v 12.429342 -20.895248 7.025024
v 12.042875 -21.291115 6.385681
v 11.282877 -21.227829 6.056274
v 12.042875 -21.518120 5.586548
v 12.802874 -21.227829 6.056274
v 12.802874 -21.227829 5.116852
v 12.042875 -21.291115 4.787445
v 12.512579 -20.758125 4.356842
v 13.351828 -20.498093 4.777588
v 12.841986 -19.998123 4.293579
v 12.227591 -19.957947 3.721527
v 12.633909 -19.334785 4.235748
v 12.237310 -18.902161 3.744843
v 12.866953 -18.642120 4.284332
v 12.237310 -18.156082 3.744843
v 12.179022 -18.529121 3.044830
v 11.957308 -17.644341 2.948029
v 12.166498 -18.116783 2.230011
v 11.862356 -17.490974 1.970947
v 15.054644 -18.529121 3.007568
v 15.148790 -17.355156 2.454407
v 14.949869 -18.202293 2.393372
v 14.946989 -19.094337 2.443359
v 15.242071 -19.724648 3.348511
v 15.271067 -19.919441 2.682922
v 15.936907 -20.584450 3.040009
v 16.787359 -8.537796 2.415619
v 17.737993 -8.736916 2.159332
v 17.176908 -9.168098 2.035461
v 17.078711 -7.893158 2.318909
v 18.037992 -7.735138 2.390594
v 17.605368 -7.035141 2.123230
v 18.617247 -7.133186 2.035797
v 17.741861 -6.629265 1.802673
v 17.083849 -6.597122 1.711578
v 17.411013 -5.822121 1.527832
v 16.604876 -5.822121 1.415558
v 17.185049 -5.063667 1.493408
v 17.880129 -5.186165 1.359741
v 17.588102 -4.431259 1.658417
v 16.619818 -4.378189 2.090790
v 17.253153 -3.860786 2.209991
v 16.855211 -3.368095 2.859924
v 16.138784 -3.678047 3.347839
v 15.838194 -4.468163 2.421600
v 15.569017 -4.275986 2.831543
v 15.138929 -3.472473 3.631866
v 14.719042 -3.983994 3.201935
v 14.426195 -3.510162 3.968597
v 14.858820 -3.019249 4.365204
v 14.451502 -2.923103 4.653412
v 15.746332 -2.738106 3.879700
v 15.139418 -2.494789 4.377197
v 14.731989 -2.003624 4.846130
v 14.336615 -2.344475 5.346924
v 14.449049 -1.799294 5.275513
v 14.558023 -1.637306 5.715271
v 14.431322 -2.651123 5.848450
v 14.838202 -2.050713 6.013306
v 15.283541 -2.520767 6.309845
v 14.949430 -3.383774 6.168640
v 13.998697 -3.351120 6.115814
v 14.516806 -3.874687 6.565247
v 13.816805 -3.816399 6.868652
v 13.400370 -3.859352 6.540070
v 13.282042 -3.854477 7.663361
v 12.700369 -4.126732 6.972687
v 12.700369 -3.917641 6.236664
v 11.769411 -3.737282 6.729370
v 12.078913 -3.790474 5.626709
v 11.579004 -3.683456 5.891418
v 11.190416 -3.864937 5.269928
v 7.813463 -3.072464 8.978333
v 8.761530 -3.018547 8.695374
v 8.085054 -3.505669 8.277283
v 8.151247 -2.512672 9.123566
v 7.350531 -2.521446 9.384308
v 7.709593 -1.779335 9.431183
v 6.917906 -1.821449 9.651672
v 6.485281 -2.521446 9.384308
v 6.164877 -1.637024 9.658142
v 5.830820 -2.721252 9.436218
v 5.267338 -2.252708 10.212860
v 5.267338 -1.387459 10.212860
v 4.867292 -1.869873 10.729126
v 4.863848 -2.784920 10.754517
v 4.467247 -2.352295 11.245422
v 3.884434 -1.257317 11.237732
v 4.018787 -2.090103 12.125549
v 4.227877 -2.826126 12.125549
v 4.320835 -2.665939 13.064392
v 4.523899 -3.305099 12.900574
v 4.459366 -3.641006 12.125549
v 4.897749 -4.136757 12.599396
v 5.176533 -3.648209 13.455719
v 5.162123 -4.536774 13.417999
v 5.094820 -4.640396 12.295410
v 5.173470 -5.176750 13.333740
v 5.112450 -5.594986 12.657013
v 1.360832 -24.516243 8.381561
v 1.717602 -24.913406 7.669861
v 1.580463 -24.053764 7.530121
v 1.569921 -23.780220 8.381561
v 1.426685 -23.432220 7.927216
v 1.443592 -23.302872 7.612000
v 1.371861 -22.580032 7.701813
v 2.590250 -19.943092 7.238800
v 2.212708 -20.523125 6.986420
v 2.901665 -20.515709 6.882446
v 3.290251 -20.001381 7.542206
v 3.357956 -20.787346 6.778687
v 3.791878 -20.246506 7.662933
v 3.290251 -20.001381 8.407471
v 3.791878 -20.246506 8.528198
v 3.524500 -20.679131 9.228180
v 4.343994 -20.649483 8.580963
v 4.539013 -20.890732 9.335358
v 5.419195 -20.566994 9.005524
v 3.926208 -21.438011 9.629181
v 4.678053 -21.117485 10.247986
v 5.220861 -20.616272 9.780243
v 5.959711 -20.360542 9.339600
v 6.185877 -20.740639 8.540436
v 6.664850 -20.197128 8.979523
v 5.684206 -19.742126 9.723877
v 4.768112 -20.148567 10.315552
v 5.416830 -19.309502 10.423889
v 6.154264 -19.192474 10.198578
v 6.747572 -19.445999 9.860901
v 7.180197 -18.955086 10.257507
v 7.219843 -19.544212 9.323090
v 7.984602 -19.261032 9.725311
v 8.022329 -19.274124 8.801666
v 7.513529 -19.971451 8.557678
v 8.760057 -18.992340 9.257629
v 8.741758 -19.109772 8.634552
v 9.441759 -18.842392 8.130920
v 10.073545 -18.945541 8.730530
v 9.317915 -18.515160 9.754761
v 10.219694 -18.475304 9.389465
v 10.842661 -19.003143 8.923920
v 10.616884 -19.368454 8.332825
v 11.206167 -19.703827 8.766571
v 11.636766 -19.234123 9.299561
v 11.966173 -19.994125 9.236267
v 11.675879 -20.463829 8.476257
v 12.435877 -20.527115 8.805664
v 12.435877 -20.754120 8.006561
v 13.195875 -20.463829 8.476257
v 13.785852 -20.127342 8.042938
v 13.677828 -20.052727 8.986877
v 14.598993 -19.762398 8.848938
v 15.003878 -20.067230 7.742310
v 14.337423 -20.119225 7.545868
v 15.003878 -20.321121 6.848572
v 15.818762 -20.169395 7.352173
v 15.818762 -20.169395 6.344940
v 15.161596 -20.215714 5.920197
v 14.561869 -20.074165 5.563690
v 13.826777 -20.400635 6.019196
v 13.861868 -20.132454 5.260284
v 13.335867 -20.797234 5.586548
v 13.352392 -20.581833 6.395874
v 14.531607 -19.816109 4.748444
v 13.680319 -19.655792 4.618896
v 14.338999 -18.642120 4.284332
v 13.602976 -18.642120 4.493439
v 14.403440 -17.538925 4.667480
v 13.395250 -17.475990 4.754272
v 12.633909 -17.723457 4.235748
v 12.695250 -17.208618 4.321655
v 12.360205 -16.801796 4.177551
v 12.002974 -17.261826 3.551208
v 11.627821 -16.500610 3.517212
v 11.313875 -16.992607 2.740234
v 10.881254 -16.292610 3.007629
v 10.924238 -16.504280 1.958557
v 11.392740 -16.976303 1.907349
v 15.716494 -17.043175 3.069031
v 15.915781 -16.143883 2.657440
v 15.602739 -16.770714 2.619080
v 16.207403 -16.646576 3.501648
v 16.416494 -15.910553 3.501648
v 16.034628 -16.312714 4.537872
v 15.161886 -17.403091 4.335602
v 15.268270 -17.661812 3.386597
v 14.857168 -18.172417 3.868561
v 15.334631 -16.580086 4.970490
v 14.729517 -16.961151 5.212341
v 15.032915 -16.261154 5.270630
v 14.260500 -16.527222 5.703033
v 13.743513 -17.095558 5.132172
v 13.395250 -16.527222 5.703033
v 13.827875 -15.827225 5.970428
v 13.091852 -15.827225 5.761322
v 12.610888 -16.337273 5.096161
v 12.695250 -15.394600 5.270416
v 12.341253 -15.846077 4.707886
v 12.341253 -14.980827 4.707886
v 12.073874 -15.413452 4.007874
v 12.070990 -16.008614 4.085083
v 11.277853 -15.859985 3.498535
v 11.581251 -15.159988 3.440247
v 10.881254 -15.427361 3.007629
v 11.313875 -14.727364 2.740234
v 10.924242 -15.258522 1.958557
v 10.758768 -15.876045 2.153961
v 12.072760 -14.437492 1.405975
v 11.248529 -15.030540 1.529785
v 11.755793 -14.982742 1.022125
v 12.386003 -15.061783 0.709869
v 12.772760 -14.379204 1.102570
v 13.012842 -14.810249 0.889313
v 13.487604 -14.559792 1.345001
v 12.772760 -14.170113 1.838593
v 13.945284 -14.236656 1.918304
v 15.779459 -14.482101 3.086884
v 15.199427 -14.229713 2.709351
v 15.719614 -14.782974 2.614258
v 16.006468 -15.535538 2.663391
v 16.207403 -15.174530 3.501648
v 15.832170 -14.343353 3.829102
v 15.773886 -14.646751 4.529114
v 16.034628 -15.447464 4.537872
v 15.453497 -14.708824 5.299225
v 15.545763 -15.727081 5.164001
v 15.056898 -15.141449 5.790131
v 14.753500 -15.841446 5.731842
v 14.320875 -15.141449 5.999237
v 14.753500 -14.441452 5.731842
v 13.888250 -14.441452 5.731842
v 13.490049 -15.134338 5.746582
v 13.114752 -14.711136 5.219879
v 13.620874 -14.008827 5.031860
v 12.773874 -14.280830 4.440521
v 13.363852 -13.944344 4.007202
v 12.773874 -14.280830 3.575256
v 12.282965 -14.677429 4.007874
v 12.013876 -14.669075 3.043640
v 12.772760 -14.379204 2.574615
v 12.043318 -14.448738 2.289429
v 13.363852 -13.944344 3.141937
v 14.063852 -13.676964 3.574585
v 14.063852 -13.886055 2.838562
v 14.821882 -13.976944 2.697327
v 14.641260 -13.679375 3.829102
v 15.341261 -13.946754 3.396484
v 15.341261 -13.946754 4.261719
v 14.320875 -13.741447 4.599243
v 15.020876 -14.008827 5.031860
v 14.320875 -13.950539 5.335266
v 14.317213 -14.030197 2.478607
v 14.857168 -19.111824 3.868561
v 15.326880 -19.871826 4.158844
v 15.319311 -20.019203 5.102936
v 16.086878 -20.162117 4.628571
v 16.019312 -20.286583 3.721558
v 16.955076 -20.118378 4.544769
v 17.458834 -20.712234 3.706024
v 16.649225 -20.755814 3.373901
v 15.216806 -3.816399 6.868652
v 15.524652 -3.450874 7.212158
v 15.536657 -3.073318 6.670990
v 15.147108 -3.703629 7.690826
v 14.516806 -4.083778 7.301270
v 14.516809 -3.835831 7.835022
v 13.911325 -3.850143 7.725494
v 9.812586 -2.844894 10.021118
v 10.235899 -3.161797 9.536926
v 9.502413 -2.930679 9.132080
v 9.451857 -2.109154 10.021545
v 9.019251 -2.169121 9.452179
v 8.676851 -1.813126 9.542572
v 8.972876 -1.334152 10.317596
v 8.251822 -1.196487 9.915863
v 8.531935 -0.743256 10.649200
v 7.831938 -0.475883 10.216583
v 7.444849 -0.852798 9.622681
v 7.503988 -0.118637 9.839081
v 6.979761 -0.086121 9.449036
v 6.653166 -0.894913 9.402191
v 6.164877 -0.086121 9.217560
v 5.685900 -0.861122 9.513580
v 5.349993 -0.086121 9.449036
v 4.910900 -0.565094 9.992554
v 4.928713 0.544830 9.841766
v 4.391479 -0.086121 10.407562
v 4.662500 -1.089401 10.605133
v 3.918278 -0.890724 10.972717
v 3.814316 -0.123039 10.710480
v 4.038858 -1.998444 13.406830
v 3.710579 -1.770683 13.655365
v 3.520597 -1.537430 12.713165
v 3.940620 -2.009506 14.342834
v 4.713814 -2.546631 14.031281
v 4.167318 -2.333298 14.917877
v 4.928040 -2.631523 15.261200
v 5.418949 -3.028122 14.828583
v 5.323463 -3.334152 13.867401
v 5.422194 -3.984459 14.894257
v 5.216454 -3.386612 15.439453
v -0.888828 -26.684830 7.391571
v -1.823238 -26.379509 6.971771
v -1.164112 -26.690132 6.737976
v -0.467567 -26.695152 6.786316
v 0.340878 -26.528511 7.067657
v -0.359123 -26.617638 7.500275
v 0.340878 -26.559349 7.803680
v 1.146154 -26.362045 7.242371
v 0.809895 -27.074188 8.261749
v -0.128139 -27.074188 8.261749
v 0.340878 -27.508118 8.752441
v 1.100876 -27.444832 9.081848
v 1.570583 -26.684830 8.791565
v 1.512297 -26.381432 8.091553
v 1.668959 -25.684196 8.792664
v 1.860435 -25.591621 7.495728
v 1.860878 -26.215126 9.551575
v 1.738493 -25.398994 9.522125
v 1.459869 -24.948174 8.792664
v 1.727245 -24.515549 9.492676
v 1.735207 -23.901535 9.167542
v 1.912985 -24.087868 10.103546
v 2.428270 -22.996475 9.689728
v 1.926422 -22.728851 9.145966
v 1.484972 -23.128822 8.627228
v 1.484972 -22.263573 8.627228
v 2.171301 -21.915100 9.083649
v 1.457626 -21.566628 8.674835
v 1.273619 -21.915092 7.951019
v 1.334202 -21.149025 7.966888
v 1.457626 -20.701378 8.674835
v 1.349073 -20.744461 7.741516
v 1.890249 -20.001381 7.542206
v 1.671532 -20.511124 7.363953
v 1.890249 -20.001381 8.407471
v 2.590250 -19.734001 7.974823
v 2.590250 -19.943092 8.710846
v 2.157627 -20.434006 9.107452
v 1.854227 -21.134003 9.165741
v 3.091877 -21.379128 9.495544
v 2.750753 -22.320412 9.517914
v 3.561584 -22.139130 9.785858
v 3.139517 -22.747299 10.151794
v 3.851875 -22.608833 10.545868
v 4.321583 -21.848831 10.255554
v 4.384867 -22.178238 11.015564
v 4.611877 -21.379128 11.015564
v 4.321583 -21.848831 11.775574
v 4.591869 -21.011078 12.196686
v 4.500736 -20.581192 11.015564
v 4.784536 -20.211807 11.956116
v 4.709826 -19.845169 11.015564
v 5.317076 -19.273148 11.428741
v 5.059053 -19.482483 12.187988
v 5.924326 -18.701118 11.888550
v 5.924326 -18.701118 10.976685
v 6.662054 -18.419327 11.432617
v 6.624327 -18.642830 10.673279
v 7.399782 -18.346634 11.152527
v 7.256712 -17.943054 11.874481
v 7.993509 -17.676582 11.386566
v 8.425852 -18.376129 10.967529
v 7.946878 -18.919640 10.528442
v 8.721876 -18.855103 10.192535
v 9.200857 -18.080101 10.488556
v 8.794226 -17.667809 11.125793
v 9.283178 -17.402847 10.857849
v 9.644972 -17.359421 10.110901
v 9.930773 -16.612320 11.171173
v 10.329302 -16.250328 10.532715
v 10.175150 -16.790497 9.449432
v 10.212904 -17.659286 9.534729
v 10.442526 -17.223122 8.749451
v 10.875151 -17.923119 9.016815
v 11.168921 -18.475243 9.125549
v 11.575151 -17.981407 8.713409
v 11.966173 -18.474121 9.236267
v 12.435877 -17.941132 8.805664
v 12.868502 -18.398987 9.357849
v 12.670900 -19.203102 9.514557
v 13.752913 -19.351624 9.643066
v 12.905581 -19.994125 9.236267
v 13.568502 -18.131615 9.790466
v 14.038549 -18.739456 10.202545
v 14.563879 -19.589455 9.877899
v 14.888548 -19.064133 10.727875
v 15.328394 -19.723129 10.317810
v 15.298994 -20.029778 9.352570
v 16.122885 -20.764236 9.783569
v 16.106359 -20.548836 8.974243
v 15.703878 -20.125519 8.910950
v 15.003878 -19.858139 8.478333
v 15.703878 -20.125519 8.045715
v 16.194788 -20.522118 8.478333
v 16.518763 -20.436775 7.784821
v 16.644922 -20.719460 8.299194
v 17.251547 -20.951080 7.760193
v 16.818922 -20.460167 7.363586
v 17.518923 -20.518456 7.060181
v 16.950842 -20.218277 6.433258
v 17.755713 -19.950180 5.891296
v 16.854445 -20.019203 5.102936
v 16.267878 -20.128120 6.006561
v 17.755713 -19.741089 5.155273
v 18.455713 -20.008469 5.587891
v 18.530226 -20.284874 4.633514
v 17.755713 -19.950180 4.419250
v 17.994112 -20.332718 4.194519
v 10.876875 -3.497795 10.656128
v 11.414499 -3.451096 10.990234
v 11.343538 -3.606346 10.324646
v 11.107912 -3.043076 11.643829
v 10.389742 -2.973747 11.484283
v 10.303495 -3.241493 10.453735
v 9.871759 -2.547577 10.924103
v 9.957121 -2.273750 11.751648
v 9.622862 -1.761383 10.763214
v 9.957121 -1.408501 11.751648
v 9.240252 -0.901527 11.017578
v 9.839960 -0.101845 11.449951
v 9.474970 0.169212 11.543884
v 8.738947 0.635880 11.513062
v 9.447863 0.664879 11.596954
v 8.285440 0.080002 10.864807
v 9.042345 1.335876 11.454773
v 9.853380 1.393875 11.560883
v 9.393652 2.122871 11.346588
v 10.274351 2.147873 11.337036
v 20.913843 16.166595 7.638397
v 21.115557 16.105957 8.168945
v 21.128931 15.471558 7.604126
v 21.049871 17.014236 7.839020
v 21.161631 16.831268 8.176605
v 22.271917 18.844299 9.455109
v 21.952066 18.101227 9.652771
v 21.964075 18.478760 9.111603
v 22.353914 18.984344 8.784637
v 22.926821 19.520996 8.546783
v 13.966280 22.622238 11.061523
v 14.254694 23.377319 10.883270
v 13.709986 22.978027 10.665985
v 12.901979 22.617249 10.872375
v 13.266279 22.354874 11.494171
v 12.804697 22.323318 11.739868
v 13.868635 22.622742 12.111511
v 13.069880 22.466583 12.660858
v 13.796095 22.868073 13.140625
v 13.069880 22.466583 13.600250
v 12.536886 22.035995 13.130554
v 12.045977 21.639389 12.697937
v 12.119459 21.262146 13.345551
v 11.363527 20.783829 12.622467
v 11.602663 21.562820 12.234558
v 6.801207 16.111877 14.841888
v 7.102114 16.785355 14.532532
v 6.468431 16.997864 14.838837
v 5.782251 16.427475 15.313538
v 6.484018 15.675949 15.644196
v 5.514875 15.994843 16.013550
v 4.739876 16.387680 15.604675
v 4.739876 16.059372 16.349457
v 3.939529 16.618469 15.792725
v 3.739189 16.212982 16.539551
v -3.789953 4.888878 13.454315
v -4.413483 5.538399 14.061066
v -4.144661 5.588692 13.364288
v -4.058151 4.752335 14.075531
v -4.624283 5.512398 14.994934
v -4.398100 4.324852 14.671570
v -3.959007 3.845879 14.128052
v -3.089867 4.433876 13.302460
v -4.398100 3.366905 14.671570
v -3.692867 2.500877 13.962463
v -3.282234 3.115364 13.806091
v -2.845394 3.588104 13.290192
v -2.408554 4.060837 12.774292
v -2.425476 3.332031 12.908203
v -1.725475 3.064659 12.475586
v -1.667189 3.368057 11.775574
v -1.176851 2.593689 11.985687
v -1.703127 2.198990 12.871918
v -0.779373 2.094841 12.124512
v -1.399727 1.498993 12.930206
v -0.576305 1.486671 12.255310
v 0.257851 1.652031 11.534058
v -0.175045 1.119522 11.948395
v -0.312029 0.417030 12.203003
v -2.763763 -27.459099 9.956360
v -3.135147 -28.163445 10.049957
v -3.201153 -27.587418 9.600586
v -3.101807 -26.926620 9.330750
v -2.333822 -26.922440 9.516113
v -2.959389 -26.265823 8.991180
v -1.478979 -25.864456 7.649384
v -2.569839 -25.635513 7.971344
v -2.140591 -25.832558 7.443848
v -1.478979 -25.864456 8.514648
v -0.830542 -26.381432 8.091553
v -0.888828 -26.684830 8.791565
v -1.746355 -26.297073 9.214630
v -1.215137 -27.265244 9.496887
v -0.419121 -27.444832 9.081848
v -0.460474 -27.579308 10.005066
v 0.340878 -27.735123 9.551575
v 0.340878 -27.859589 10.458557
v 1.100876 -27.444832 10.021271
v 1.159485 -27.195435 10.793518
v 1.668959 -26.746056 10.310455
v 1.633867 -27.014236 9.551575
v 1.730957 -26.153053 11.144684
v 1.717962 -25.740746 10.319122
v 1.779961 -25.147743 11.135986
v 1.703896 -24.823891 10.103546
v 1.741150 -24.539177 10.909210
v 1.800489 -24.805992 11.933014
v 1.684124 -24.046890 11.884033
v 1.954746 -23.779259 11.011353
v 1.900967 -23.451965 11.813507
v 2.391876 -23.055367 11.380859
v 2.441149 -23.406555 10.476593
v 3.125660 -23.010330 11.025635
v 3.091877 -22.672119 11.814667
v 3.851875 -22.608833 11.485260
v 3.561584 -22.139130 12.245270
v 2.659254 -22.214264 12.366821
v 3.472878 -21.362076 13.017487
v 4.108210 -21.488457 12.592468
v 4.232876 -20.973831 13.425262
v 4.765867 -20.543236 12.955566
v 4.702583 -20.213829 13.715546
v 4.992878 -19.744125 12.955566
v 4.824154 -19.311501 13.790680
v 5.201967 -19.008102 12.955566
v 5.366386 -18.885399 13.497559
v 5.804216 -18.525940 12.629425
v 5.770884 -18.143379 14.006866
v 6.426901 -17.887939 13.204315
v 6.623873 -18.282097 12.367523
v 7.176527 -17.577454 12.720673
v 7.308905 -17.109848 13.073853
v 7.693747 -17.175468 12.222626
v 8.415831 -16.820145 12.829742
v 8.426134 -17.185669 11.783142
v 9.073923 -16.848106 12.336395
v 9.224894 -17.099449 11.557831
v 9.514605 -16.779701 11.826385
v 11.592531 -15.396217 9.171997
v 11.601957 -15.407722 9.962524
v 10.958017 -15.841850 10.226929
v 10.875151 -15.657875 9.016815
v 10.402357 -16.033981 9.545929
v 10.442526 -16.357872 8.749451
v 11.142527 -16.090500 8.316833
v 10.839128 -16.790497 8.258545
v 11.575151 -16.790497 8.049438
v 11.142527 -17.490494 8.316833
v 12.007776 -17.490494 8.316833
v 12.435877 -16.750221 8.141693
v 12.868502 -17.450218 8.409058
v 13.171900 -16.750221 8.350769
v 13.568502 -17.182846 8.841705
v 13.135878 -17.882843 9.109070
v 13.626787 -17.486244 9.541687
v 13.835878 -16.750221 9.541687
v 14.038549 -17.688797 10.202545
v 14.045027 -16.638496 10.281525
v 14.357328 -17.084824 10.944702
v 14.520136 -18.214127 10.798676
v 14.916739 -17.781502 11.289581
v 15.229933 -18.525337 11.433167
v 14.975245 -17.282028 12.186584
v 15.783499 -18.085358 12.260620
v 15.958418 -18.730881 11.972137
v 15.818975 -19.091637 11.471924
v 16.309885 -19.488235 11.904572
v 16.150087 -19.874741 11.003906
v 16.373167 -19.158829 12.664551
v 16.842878 -19.918831 12.374268
v 17.133173 -19.449127 13.134277
v 17.602877 -19.982117 12.703674
v 17.431990 -20.614868 12.055115
v 18.035501 -20.473030 12.307068
v 17.890764 -21.421616 12.013031
v 18.844828 -20.698639 12.220886
v 18.451548 -21.890121 12.445892
v 17.601545 -22.214798 11.920563
v 17.161222 -21.803879 11.185455
v 16.832167 -20.774452 11.093079
v 16.556810 -21.254944 10.252563
v 16.186171 -20.434830 10.543549
v 17.189928 -22.128166 9.993561
v 17.006769 -21.787872 9.416565
v 16.556810 -21.254944 9.314545
v 17.077543 -21.419456 8.566559
v 17.509550 -22.305580 8.762543
v 17.798864 -21.837456 8.005096
v 18.209501 -22.501076 8.352234
v 18.476877 -22.068451 7.652222
v 17.951544 -21.218452 7.327545
v 18.801546 -21.543129 6.802246
v 18.414446 -20.798790 6.635925
v 19.114447 -21.066162 6.203278
v 18.681822 -20.366165 5.935913
v 19.226393 -20.891647 5.442719
v 18.858355 -20.392105 5.127075
v 20.139772 -22.192101 6.014801
v 19.605207 -21.427299 5.448944
v 19.889223 -21.944847 5.105804
v 20.626070 -22.690025 5.468201
v 20.177523 -22.485512 4.717377
v 20.516417 -22.971336 4.539062
v 24.364149 -20.722977 3.123932
v 24.926237 -20.812645 2.966736
v 24.264132 -20.820633 2.734009
v 23.686949 -20.562210 2.769379
v 23.931524 -20.232063 3.520508
v 23.274172 -20.007515 3.239746
v 21.995390 -15.604012 2.724945
v 21.886835 -15.935501 2.258270
v 21.976931 -15.272423 2.039276
v 22.184217 -15.133209 2.895386
v 22.319792 -14.621353 2.197784
v 22.833021 -14.193558 2.453918
v 22.954092 -14.690948 3.264282
v 23.622591 -14.023232 2.906036
v 22.539293 18.411667 10.155090
v 22.919085 17.742844 10.619263
v 22.347517 17.929474 10.180725
v 23.270761 18.632477 10.548035
v 23.038889 19.122543 9.826111
v 23.774389 19.447357 10.236786
v 23.503370 19.968826 9.355499
v 24.133848 20.167831 9.723297
v 24.177767 20.272614 8.780396
v 24.855806 20.309357 9.251862
v 15.827486 23.065903 12.754761
v 16.041883 23.937500 12.779480
v 15.371496 23.787827 12.627441
v 14.962236 23.065903 12.754761
v 14.955729 24.057175 12.622009
v 15.394861 22.574982 13.151367
v 14.641813 22.599106 13.558136
v 15.452879 22.331833 14.012604
v 14.746229 22.065933 14.516266
v 13.829878 22.529861 13.929657
v 13.360174 21.996887 14.360260
v 13.721712 21.035843 14.676819
v 13.030767 21.236877 14.423553
v 12.600172 21.706589 13.890564
v 12.600172 20.767166 13.890564
v 13.432241 20.270737 14.462585
v 13.168943 19.630875 13.975586
v 12.390104 20.335617 13.277069
v 12.390104 19.470383 13.277069
v 11.993505 19.903000 12.786163
v 11.632666 19.110062 12.808929
v 12.015547 18.606201 13.508545
v 11.357450 18.469543 12.364563
v 11.864538 17.612747 13.530884
v 11.319662 17.466965 12.169189
v 10.660868 18.231689 11.812744
v 10.788893 18.736343 12.061951
v 8.014433 16.195084 14.130890
v 8.398916 16.262222 13.293518
v 8.073614 16.520798 13.728516
v 8.676760 15.405518 14.108551
v 7.709326 15.776871 14.854187
v 8.408873 15.357849 15.286530
v 7.633875 15.422379 15.622437
v 7.233831 15.620956 15.238495
v 7.157331 14.931656 16.165680
v 8.112848 14.878891 16.061523
v 7.633875 14.179337 16.480560
v 6.537947 14.347031 16.476776
v 6.060270 15.278458 16.385681
v 5.554758 14.740875 16.853058
v 5.218853 15.515884 16.788544
v 4.979525 14.687607 17.287689
v 4.307253 15.591782 16.911346
v 4.039875 15.159149 17.611359
v 3.367193 15.979568 17.146912
v 3.580875 15.440582 17.838593
v 2.790779 16.070343 17.316284
v 2.053310 15.797043 17.963165
v 2.052006 16.247757 17.298828
v 1.457680 16.130768 17.160217
v 1.018766 15.538696 17.240265
v -4.549740 4.325134 16.222015
v -4.901711 5.157112 16.706207
v -4.800201 5.397438 15.871674
v -4.581841 4.652016 15.446564
v -4.694122 3.845879 15.446564
v -4.758829 3.589111 16.222015
v -4.817116 2.933998 15.371094
v -5.416250 2.653503 16.174713
v -5.080072 2.109550 15.294586
v -4.258669 2.035599 14.450958
v -4.299868 1.341873 14.499451
v -5.351007 1.342873 15.330048
v -5.080072 0.576195 15.294586
v -5.846752 0.869041 15.768433
v -5.345259 0.002518 15.744263
v -6.237602 0.028702 16.200378
v -5.568823 -0.498756 15.955261
v -5.173830 -1.052742 15.768402
v -4.056101 -0.318100 14.951569
v -3.800068 -1.093834 14.887299
v -3.346071 -0.605804 14.372589
v -3.617008 0.160873 14.408051
v -3.080818 0.635803 14.044128
v -2.559866 0.137878 13.583466
v -2.718235 0.995361 13.745087
v -3.127865 1.710693 13.761627
v -2.525867 2.313873 13.241455
v -1.818008 1.145874 13.147064
v -1.717150 0.074684 13.206207
v -1.128870 0.980377 12.854980
v -0.881100 0.114876 12.949463
v -1.170702 -0.823563 13.576324
v -0.347614 -0.595512 13.207428
v -0.259518 -0.145180 12.557861
v -0.071962 -0.499435 12.902527
v 0.311501 -0.674110 13.391388
v -0.621834 -0.782669 13.925140
v 0.078167 -0.724380 14.228546
v -0.816124 -1.237450 14.504242
v -0.116123 -1.179161 14.807617
v 0.521521 -1.203835 14.798615
v -0.424397 -1.346176 15.412903
v 0.264875 -1.625015 15.672058
v -0.424397 -1.555267 16.148926
v -0.046856 -2.135307 16.401306
v -8.915407 -20.817123 13.852356
v -8.618183 -20.345634 14.568970
v -9.295467 -20.397713 14.225403
v -8.170637 -20.817123 14.180664
v -8.612007 -21.517120 13.794067
v -9.348030 -21.517120 13.584991
v -8.915407 -22.217117 13.852356
v -10.145741 -22.014664 13.620026
v -9.907909 -22.654472 13.927368
v -9.464251 -23.024704 14.388489
v -2.383606 -28.208168 11.044128
v -2.703457 -28.951248 11.241821
v -2.919304 -28.557350 10.645874
v -2.294746 -27.893028 10.447052
v -1.643147 -27.840370 10.574585
v -1.862123 -27.402115 10.050446
v -1.194258 -27.508118 10.287598
v -1.190075 -28.166214 11.262634
v -0.426689 -27.801300 10.761963
v -1.683605 -28.149879 11.347534
v -1.250982 -28.640793 11.744141
v -0.757452 -28.657127 11.659241
v -1.162674 -29.283470 12.016449
v -0.297428 -29.283470 12.016449
v 0.293207 -28.657127 11.659241
v 0.516600 -29.493729 12.059021
v 1.072929 -28.593567 11.715179
v 0.696379 -28.103500 11.236542
v 1.217772 -27.498833 11.493500
v 1.642879 -27.790848 12.034790
v 1.693327 -26.749489 12.142609
v 1.982645 -27.146614 12.900055
v 1.779961 -26.096504 12.671143
v 1.922876 -25.622124 11.903564
v 1.632582 -25.152420 12.663574
v 1.514526 -25.393692 13.198212
v 1.090254 -24.498169 12.917877
v 1.279770 -24.338417 12.445496
v 0.909609 -23.721848 12.759186
v 1.279770 -23.473167 12.445496
v 1.393204 -22.923576 12.681580
v 0.390253 -24.230797 13.350525
v 0.142845 -23.277168 13.377533
v 0.446245 -22.577171 13.435822
v 0.975206 -22.362129 13.402893
v 1.861328 -22.166138 12.970886
v 2.150646 -22.634262 12.213440
v 1.362309 -21.617790 13.569214
v 2.281370 -21.563118 13.089905
v 1.777424 -21.019867 13.552185
v 2.713993 -21.072205 13.486481
v 2.034414 -20.130592 13.852692
v 3.003170 -20.504128 14.185272
v 3.472878 -21.037117 13.754669
v 3.942585 -20.504128 14.185272
v 3.472878 -19.744125 14.475555
v 4.271990 -19.744125 14.248535
v 3.721926 -18.843643 14.513885
v 4.575390 -19.044128 14.306824
v 4.647526 -18.457726 14.479797
v 5.195679 -18.471642 14.141022
v 11.717527 -15.714218 8.592712
v 12.693964 -15.557899 8.827057
v 12.460630 -15.468765 8.971252
v 13.568502 -16.317596 8.841705
v 13.114824 -15.746414 9.061890
v 13.338999 -15.654121 9.782410
v 16.866854 -17.153992 13.197540
v 16.337473 -16.792946 13.589844
v 15.820139 -17.247604 13.113922
v 16.500368 -17.989128 13.255829
v 16.251600 -18.256500 12.739685
v 16.803766 -18.689125 13.197540
v 17.149374 -17.887772 13.268738
v 17.602877 -18.689125 13.424561
v 18.072580 -17.929123 13.134277
v 18.401987 -18.689125 13.197540
v 18.072580 -19.449127 13.134277
v 18.832586 -19.158829 12.664551
v 18.412203 -19.998642 12.488281
v 19.229185 -19.591454 12.173645
v 19.698912 -18.944000 12.123657
v 19.588808 -19.834122 11.845612
v 20.428251 -19.195457 11.693604
v 20.124853 -19.895454 11.635315
v 19.892206 -20.534119 11.903900
v 20.428251 -20.595451 11.693604
v 20.107069 -21.234291 12.124359
v 21.144556 -21.278458 12.070221
v 20.789259 -21.994377 12.255005
v 19.502207 -21.890121 12.445892
v 19.973486 -22.702271 12.609924
v 18.976877 -22.740128 12.770569
v 19.445002 -23.612457 12.596893
v 18.405882 -23.616135 12.557495
v 18.083136 -22.740128 12.516663
v 17.517332 -23.205399 12.028168
v 17.494215 -23.945114 12.188690
v 17.042948 -23.491608 11.663971
v 17.276880 -22.740128 11.070557
v 17.099714 -23.386482 10.882050
v 17.399019 -22.864189 9.993561
v 17.189928 -23.600212 9.993561
v 17.474428 -23.190430 9.180237
v 17.221704 -22.451721 9.225983
v 17.456602 -24.094749 9.158417
v 18.008768 -23.662125 8.700562
v 18.512899 -23.201073 8.410522
v 18.903921 -23.761642 8.239136
v 19.373625 -23.431747 8.020599
v 19.012030 -22.699570 7.963715
v 19.770224 -22.999123 7.529663
v 19.275389 -22.241867 7.236511
v 20.081488 -22.495499 6.714783
v 19.648863 -21.795502 6.447418
v 20.210546 -23.453453 6.794556
v 20.567785 -22.993423 6.168213
v 20.931868 -23.871452 6.233093
v 21.099752 -23.469505 5.504181
v 21.532377 -24.169502 5.771576
v 21.590662 -23.866104 5.071564
v 21.018950 -23.589371 4.504944
v 21.383669 -24.236382 4.457520
v 21.799753 -24.602127 5.071564
v 21.738691 -24.824203 4.380524
v 26.103098 -20.045120 4.128571
v 26.550104 -19.803810 3.726868
v 26.283045 -20.284653 3.490387
v 25.643778 -20.636765 3.245270
v 25.237848 -20.045120 4.128571
v 24.758875 -20.460129 3.609161
v 24.326250 -19.969215 4.005768
v 24.800085 -19.449081 4.468536
v 24.294401 -18.881226 4.508728
v 23.659494 -19.504288 4.094025
v 23.226870 -19.013374 4.490631
v 22.895079 -19.367958 3.652252
v 22.671076 -18.690910 3.968872
v 22.923471 -18.313377 4.548920
v 22.760202 -18.080040 4.202209
v 22.580820 -15.565834 3.386322
v 23.809446 -15.492996 3.677917
v 23.308908 -16.024551 3.480377
v 23.764380 -14.441956 3.482788
v 24.073435 -14.821632 3.580872
v 24.543207 17.923813 11.563171
v 24.301409 17.224609 11.495422
v 23.587053 17.580231 11.088623
v 24.375963 18.471710 11.234222
v 25.628366 18.463745 11.340759
v 24.987299 19.144928 11.116180
v 24.032850 19.026871 10.581573
v 24.401224 19.735199 10.423309
v 25.353884 19.686966 10.630493
v 24.833849 20.226120 10.026703
v 25.797468 19.055817 10.971985
v 25.835443 19.630112 10.418549
v 17.786596 25.130402 16.476562
v 18.442533 25.711960 16.300018
v 17.861795 25.450439 16.010101
v 18.370310 25.614044 16.914917
v 17.844885 24.826996 17.176575
v 17.760794 24.502258 16.408997
v 17.363901 23.633133 16.958191
v 17.551702 23.766235 16.408997
v 17.369917 24.464142 15.160950
v 17.197916 23.472885 15.424255
v 16.883902 23.222946 15.916626
v 16.707006 23.076279 14.991608
v 17.097212 23.660507 14.534851
v 16.643789 22.995804 14.012604
v 16.152880 22.599197 14.445221
v 16.152880 22.599197 13.579987
v 16.556494 23.316238 13.250000
v 16.137877 22.796204 15.929230
v 18.377878 25.257584 17.646271
v 17.908171 24.497589 17.936554
v 17.704584 23.379929 17.958496
v 16.902391 22.929886 17.419830
v 17.189947 22.464600 18.172668
v 16.394156 22.356552 17.878601
v 16.137877 22.796204 16.979889
v 15.541769 22.314621 16.454559
v 15.504515 22.029907 15.648895
v 15.446226 22.333313 14.948883
v 15.013605 21.633301 15.216278
v 15.258879 21.328873 16.252563
v 15.195547 20.784378 15.912537
v 14.880720 20.578018 15.386108
v 14.565901 21.236877 14.859650
v 14.040060 20.061890 14.952637
v 14.530767 19.592880 15.386536
v 14.019873 19.328369 14.906830
v 14.860174 18.832870 15.323273
v 14.520552 18.283356 14.677277
v 13.623274 18.895752 14.415924
v 13.390875 18.080872 14.358551
v 12.865545 18.930878 14.033875
v 12.497133 18.080872 14.104675
v 12.976374 17.380875 14.507935
v 12.096548 17.288528 14.079742
v 12.543749 16.889954 14.904541
v 11.542810 16.434692 14.227539
v 11.792360 16.861221 13.454620
v 11.583269 16.125198 13.454620
v 11.675451 16.732162 12.394623
v 11.884542 15.996140 12.394623
v 11.617163 16.428757 11.694611
v 11.617163 15.563522 11.694611
v 11.018297 15.996140 11.242554
v 10.834009 16.871155 11.366119
v 10.051916 15.296143 11.261993
v 10.874090 15.762802 11.153442
v 10.383410 15.762802 11.153442
v 9.856062 16.030182 11.246948
v 9.340727 15.920013 11.593231
v 10.484541 14.805222 11.658600
v 9.784540 14.863510 11.961975
v 9.371153 14.965622 12.300812
v 10.091513 14.698044 12.906525
v 10.484541 14.596146 12.394623
v 11.184542 14.863510 12.827240
v 10.811876 14.965195 13.512238
v 9.997381 14.959366 13.876648
v 9.411875 14.965195 13.512238
v 8.900602 15.362015 12.906525
v 8.974291 15.965881 12.122284
v 9.304087 15.138000 14.735413
v 9.882883 15.220917 14.696564
v 9.785482 14.521225 15.319031
v 9.005987 14.564041 15.631470
v 9.455618 13.589874 15.483673
v 8.448759 14.103882 16.126068
v 8.923120 13.203827 16.135986
v 7.929663 13.550705 16.729492
v 8.571829 12.854050 16.999939
v 7.883875 12.801376 17.451447
v 7.374540 12.939224 17.238586
v 6.941916 13.430145 16.841980
v 6.568876 12.901978 17.523315
v 6.136251 13.392899 17.126709
v 5.868876 12.960266 17.826691
v 5.355206 13.897400 17.351593
v 5.858156 14.040878 16.911346
v 5.087828 13.464767 18.051605
v 4.655205 14.164780 17.784241
v 4.596918 13.861374 18.484222
v 4.148958 14.741806 18.414673
v 4.647535 14.254990 19.342010
v 4.113867 15.009995 19.173553
v 3.580875 15.440582 18.703857
v 3.580875 15.440582 19.643280
v 2.820877 15.730881 19.173553
v 2.820877 15.619736 18.375610
v 2.007561 15.544327 18.701843
v 2.060879 15.440582 19.643280
v 1.527887 15.009995 19.173553
v 1.492796 14.741806 18.414673
v 1.434509 15.045212 17.714661
v 1.001886 14.345200 17.982056
v 0.644657 14.749512 17.355682
v 0.208332 13.985962 17.379028
v -5.364830 3.195251 17.856232
v -5.756485 3.545906 18.178192
v -5.343933 4.233711 17.906982
v -4.954407 3.419670 17.348572
v -5.416250 2.653503 17.122406
v -4.896120 3.116272 16.648560
v -4.687031 3.852295 16.648560
v -5.907160 2.256905 17.555023
v -5.854633 2.157753 16.648560
v -6.345543 1.761154 17.081177
v -6.618189 2.212082 17.855225
v -6.951515 1.816521 17.396332
v -6.968866 1.355461 16.885284
v -6.688282 0.801201 16.443573
v -5.790100 1.821846 15.873566
v -2.552008 -1.295517 14.340057
v -2.913729 -2.108910 14.570160
v -3.319569 -1.956276 14.718811
v -2.993881 -1.011932 14.253479
v -2.191452 -0.712128 13.654236
v -1.656033 -1.354797 14.037872
v -2.131201 -1.970062 14.364594
v -2.443573 -2.746567 14.439270
v 17.170252 -16.453995 13.255829
v 17.546671 -16.075432 13.613983
v 16.961439 -16.244705 13.836243
v 18.284163 -16.159866 13.348358
v 17.602877 -17.153992 12.988464
v 18.531031 -17.220154 12.797852
v 18.886583 -16.747177 12.781464
v 19.319208 -17.447174 12.514069
v 19.041338 -18.302658 12.801697
v 19.751833 -18.147171 12.781464
v 20.086298 -17.358047 12.906219
v 20.259321 -17.898354 12.820251
v 20.527864 -18.317467 12.609253
v 21.596899 -19.895454 11.635315
v 21.760164 -19.662125 11.982025
v 21.382624 -19.120949 11.970001
v 20.860876 -19.895454 11.426239
v 21.293501 -20.595451 11.693604
v 21.943850 -20.267326 12.251770
v 21.787779 -21.111183 12.364380
v 21.221884 -22.694374 12.522400
v 22.014696 -22.397072 13.045959
v 21.763910 -21.810829 12.640656
v 21.668036 -23.261917 13.297607
v 20.875059 -23.688110 13.002625
v 21.365767 -24.157127 13.436554
v 20.875059 -24.626144 13.002625
v 20.032118 -24.098557 12.700012
v 20.335516 -24.798553 12.641724
v 19.599493 -24.798553 12.432648
v 20.073877 -25.566124 12.575562
v 19.275938 -25.566124 12.464417
v 18.896353 -24.556068 12.282562
v 18.365011 -25.501122 12.536163
v 18.030653 -24.704117 12.478241
v 17.548876 -25.501122 12.658569
v 17.079172 -24.741119 12.368256
v 16.749765 -25.501122 12.431549
v 16.319166 -25.031418 11.898560
v 16.714682 -24.201454 11.664917
v 16.255884 -24.702011 11.138550
v 16.689810 -24.211304 10.669556
v 16.319166 -25.031418 10.378571
v 16.965170 -24.691795 9.829041
v 16.655661 -25.501122 9.788574
v 17.260641 -24.677895 9.349548
v 17.408506 -25.076797 8.878662
v 17.163671 -25.921204 8.903778
v 17.565168 -25.441422 8.177551
v 17.951765 -24.614517 8.374725
v 18.325174 -25.151123 7.707855
v 18.600523 -24.461639 8.180847
v 19.452486 -24.750259 7.726044
v 18.794878 -25.911125 7.417572
v 19.593988 -25.911125 7.644562
v 19.897387 -25.211128 7.586273
v 20.188509 -24.750259 7.516968
v 19.827665 -23.957321 7.494171
v 20.642553 -24.339577 6.990540
v 20.947969 -24.706635 7.556580
v 21.685698 -24.779327 7.276489
v 21.723879 -24.642097 6.341583
v 22.498877 -24.938118 6.820557
v 22.515547 -24.806732 5.983521
v 23.265558 -24.742081 6.276611
v 23.265558 -24.532990 5.540588
v 22.498877 -24.800369 5.107971
v 23.265558 -24.742081 4.804565
v 22.966547 -25.138222 4.026581
v 22.305803 -25.059219 4.318634
v 25.665335 -19.449081 4.468536
v 26.027952 -18.492317 4.353668
v 26.422865 -19.192680 4.164062
v 25.232710 -18.749084 4.735901
v 25.449701 -17.936150 4.379669
v 24.824160 -17.557579 4.367615
v 19.137877 25.547882 17.176575
v 19.831003 26.204895 16.306335
v 19.217005 25.894897 16.414795
v 20.393877 25.587952 16.769531
v 19.896761 25.355957 17.707489
v 19.137877 25.320862 17.975677
v 19.606894 24.886932 18.466370
v 18.668173 24.787888 18.406250
v 19.096117 24.095444 18.821014
v 18.274099 24.075516 18.544739
v 18.491617 23.657883 18.867889
v 18.057878 23.068588 19.203278
v 18.770239 23.207047 19.597321
v 18.348173 22.598892 19.963257
v 17.521265 22.401718 19.576660
v 17.292219 22.470932 18.966187
v 17.680857 22.861206 18.605286
v 16.801310 22.074326 19.440552
v 16.801310 22.074326 18.533569
v 16.985212 21.806381 20.123352
v 16.108877 21.659576 19.910278
v 15.575884 21.228989 19.440552
v 15.639166 20.899582 20.200562
v 15.348879 20.429871 19.440552
v 15.540792 20.960800 18.681671
v 15.808302 21.513824 18.119812
v 15.784975 20.429871 17.905426
v 15.517599 20.862488 17.205414
v 15.612547 21.946213 17.304565
v 15.713606 20.075836 17.260223
v 15.537565 19.576096 16.683899
v 16.328901 19.450668 17.110962
v 16.132502 18.867477 16.077026
v 15.195547 19.266617 15.912537
v 15.195547 19.919144 15.912537
v 15.348368 18.854401 15.669678
v 16.843744 18.992599 16.641937
v 16.666876 18.350769 15.477295
v 15.329878 18.299896 14.892670
v 16.666876 18.005783 14.694672
v 15.762503 17.808975 14.496063
v 14.897253 17.808975 14.496063
v 15.329878 17.108978 14.228699
v 14.502623 16.985092 14.488159
v 14.087927 17.583359 14.409882
v 13.655302 16.883362 14.677277
v 13.978769 16.161224 14.805878
v 13.219763 16.450790 15.233002
v 13.631582 15.614594 15.456573
v 12.871580 15.904892 15.926270
v 12.401876 16.437866 15.495667
v 11.932173 15.904892 15.926270
v 11.641878 16.374588 15.166260
v 11.172171 15.614594 15.456573
v 11.108885 15.944000 14.696564
v 10.582884 15.279205 15.022827
v 10.582884 15.279205 14.370300
v 11.244497 15.665207 13.779602
v 11.112059 14.675873 15.555634
v 10.376036 14.675873 15.346527
v 11.602766 15.144882 15.989563
v 11.932173 14.384872 15.926270
v 11.379900 13.337601 15.340790
v 10.643877 13.337601 15.131683
v 11.076502 12.637604 15.399078
v 10.211252 12.637604 15.399078
v 9.759016 12.889877 15.541962
v 9.943876 12.204971 16.099060
v 9.373274 12.427078 16.459869
v 9.890863 11.785568 16.911377
v 9.137854 11.961868 17.411560
v 9.428598 11.275330 17.340271
v 8.698759 11.482880 17.955078
v 8.362848 12.257889 17.890533
v 7.649939 11.469376 18.199066
v 7.259027 12.387543 18.028809
v 6.659925 11.398422 18.432922
v 6.366804 12.499588 18.347656
v 6.283377 11.888489 18.911560
v 5.875895 12.896194 18.780273
v 6.132051 12.326233 19.432983
v 5.873960 13.118805 19.441681
v 5.087828 13.464767 18.916840
v 5.305876 13.817581 19.730865
v 5.838869 13.386993 20.200562
v 5.305876 13.817581 20.670258
v 4.613443 14.232330 20.242310
v 4.545877 13.880859 20.999664
v 3.782545 14.299316 20.784241
v 4.126772 14.747314 19.991455
v 3.290585 14.970886 20.403259
v 2.820877 14.278442 20.818024
v 2.351170 14.970886 20.403259
v 2.820877 15.503860 19.972656
v 1.859209 14.299316 20.784241
v 1.514982 14.747314 19.991455
v 1.104544 14.261902 20.447052
v 1.300877 14.210876 19.173553
v 1.033501 13.778259 19.873566
v 1.091787 13.474854 19.173553
v 1.033501 13.778259 18.473572
v 1.123240 13.076218 18.730682
v 0.861555 13.619827 17.993835
v 0.850170 12.532593 18.067566
v 0.464954 13.187210 17.502930
v 0.454605 12.080460 17.421600
v -0.016302 12.447052 17.134308
v 0.322165 11.751221 16.664612
v -0.905476 12.275650 16.459076
v -0.074436 11.318604 16.173706
v -0.810459 11.318604 15.964600
v -0.432676 10.399734 16.337891
v -1.095509 10.407928 16.120056
v -1.528131 11.107925 15.852661
v -1.917681 11.738235 16.232819
v -2.295221 11.197052 16.244843
v -2.638912 10.153290 19.706909
v -2.832954 10.507233 19.651550
v -2.567255 10.874634 20.115021
v -2.097775 11.169937 20.646912
v -1.450258 12.692871 20.971649
v -1.940853 12.611176 20.872223
v -1.951014 13.264786 20.745575
v -1.182077 13.451752 20.936554
v -0.714235 12.692871 20.762573
v -0.446054 13.451752 20.727478
v 0.022963 12.692871 20.437622
v 0.346518 13.460434 20.469391
v 0.089407 14.130234 20.910889
v 0.743118 13.027817 19.978485
v 0.419563 12.260254 19.946686
v 0.850170 12.532593 19.467560
v 0.850170 11.593170 19.467560
v 0.995975 12.062881 18.692413
v 1.117546 11.160553 18.767548
v 0.945515 11.683853 17.854218
v 1.154604 10.947830 17.854218
v 0.887228 11.380447 17.154236
v 0.887228 10.515213 17.154236
v 0.490627 10.947830 16.663300
v 0.187227 10.247833 16.721588
v 0.681499 9.933395 17.334473
v -0.018501 9.666016 16.901825
v 0.587275 9.488998 17.661377
v 0.283875 8.789001 17.719666
v -0.492884 8.898438 17.195007
v -0.920832 9.590881 16.780273
v -1.068245 8.590332 17.115326
v -1.500868 9.290329 16.847931
v -1.528131 9.917007 16.516663
v -2.375261 9.980316 16.809906
v -1.960754 10.407928 16.120056
v -2.366173 9.374451 17.141663
v -2.633492 8.857712 18.947937
v -2.591700 8.692688 18.452759
v -2.793327 9.221893 18.663086
v -2.854633 9.949280 19.070953
v -2.105745 9.477875 19.744171
v -1.933491 8.590332 19.380554
v -1.501146 9.289886 19.799591
v -1.938911 9.885910 20.139526
v -0.979219 9.687454 20.091370
v -1.467257 10.431473 20.403198
v -0.524900 10.356705 20.238739
v -1.034634 10.922394 20.799805
v -0.243219 11.247620 20.322021
v -0.588644 11.778183 20.792786
v -1.686707 11.553589 20.939423
v -1.790569 12.001373 20.985443
v 0.263824 10.246445 19.997192
v 0.453569 11.160553 19.958466
v 0.850170 10.727936 19.467560
v 0.983875 9.921616 19.552277
v 0.975309 10.324783 18.809937
v 1.251251 9.488998 18.852295
v 0.964695 10.066711 18.003265
v 0.983875 9.056381 18.152283
v 1.042162 8.752975 18.852295
v 0.551252 8.356369 18.419678
v 0.551252 8.356369 19.284912
v -0.148748 8.089005 18.852295
v -0.187128 8.381943 18.005646
v -1.034203 8.138275 18.493286
v -1.034203 8.138275 18.002594
v -1.933491 8.590332 17.115326
v -2.111742 8.371613 17.625061
v -1.500866 8.138275 17.714172
v -0.848749 8.356369 19.284912
v -1.500866 8.138275 18.781708
v -0.148748 8.298080 19.588318
v -0.581371 8.789001 19.984924
v 0.283875 8.789001 19.984924
v -0.148748 9.488998 20.252289
v 0.587275 9.488998 20.043182
v 0.983875 9.056381 19.552277
v -2.131172 8.270477 18.637482
v -2.357082 8.768585 17.473419
v -2.384348 10.586182 16.478149
v 0.932360 14.059219 21.492096
v 0.084877 14.212875 22.055573
v -0.615124 14.480240 21.622925
v -0.674007 14.020950 22.586487
v -1.325588 14.862045 21.951630
v -1.374008 14.079239 22.889893
v -1.629457 14.683029 22.623169
v -1.763042 14.425690 23.051666
v 23.267385 -23.457130 13.494843
v 23.482691 -22.962601 13.504547
v 22.690828 -22.694328 13.489136
v 24.283354 -23.111504 13.112549
v 23.866308 -23.974838 12.578827
v 22.963987 -24.157127 13.436554
v 23.394583 -24.626831 12.903564
v 22.634581 -24.917130 13.373260
v 22.164877 -24.157127 13.663574
v 21.695173 -24.917130 13.373260
v 22.164877 -25.507103 13.036774
v 21.355551 -25.466644 12.727264
v 21.629374 -26.190125 12.561951
v 20.725153 -26.267059 12.439819
v 21.164099 -26.942955 12.274384
v 20.026239 -26.934296 11.919342
v 19.604174 -26.326126 12.285278
v 19.314993 -26.894203 11.586487
v 18.790827 -26.319725 12.118866
v 18.307760 -26.829201 11.669495
v 18.018579 -26.261124 12.368256
v 17.548876 -26.794113 11.937683
v 17.079172 -26.261124 12.368256
v 16.788877 -26.730827 11.608276
v 16.319166 -25.970825 11.898560
v 16.255884 -26.300232 11.138550
v 16.028879 -25.501122 11.138550
v 16.319166 -25.970825 10.378571
v 16.788877 -26.730827 10.668854
v 17.062784 -26.327225 9.746216
v 17.519434 -26.898735 10.322418
v 18.034880 -27.140831 9.407257
v 17.501886 -26.710236 8.937561
v 18.034880 -27.140831 8.467865
v 17.565168 -26.380829 8.177551
v 18.325174 -26.671127 7.707855
v 17.995768 -25.911125 7.644562
v 18.794878 -27.204117 8.138458
v 19.264582 -26.671127 7.707855
v 19.549543 -27.404007 8.463043
v 20.084696 -26.380142 8.078491
v 20.490332 -27.186859 8.340942
v 20.867853 -26.461357 8.462463
v 21.135752 -27.218796 8.382233
v 21.663649 -26.327545 8.685669
v 21.290800 -25.493744 8.432434
v 20.515345 -25.197548 7.953186
v 22.156050 -25.493744 8.432434
v 21.723425 -25.002831 8.035828
v 22.423426 -25.061119 7.732452
v 22.960546 -25.783081 8.106171
v 23.198877 -25.205498 7.253174
v 23.660543 -26.050453 7.673553
v 24.123446 -25.630791 6.981903
v 24.426844 -26.330788 7.040192
v 24.823446 -25.898163 6.549286
v 24.390821 -25.198166 6.281921
v 23.965559 -24.800369 5.973206
v 24.722876 -25.034500 5.668182
v 24.633718 -24.874519 5.051147
v 25.164640 -25.478897 5.263214
v 25.134920 -25.425583 4.590881
v 24.633718 -24.874519 4.185913
v 23.933718 -24.607140 4.618530
v 23.933718 -24.816231 3.882507
v 24.311262 -25.396263 3.630127
v 24.852442 -25.384254 4.007660
v 24.818502 -26.912750 6.529572
v 25.062593 -26.516800 5.900238
v 24.806055 -27.142876 6.009094
v 25.174929 -25.921776 5.702240
v 23.910765 -27.469528 6.876862
v 23.660543 -26.915703 7.673553
v 23.367807 -27.635147 6.893646
v 22.960546 -27.183075 8.106171
v 22.380400 -27.691429 7.684937
v 22.036501 -27.161354 8.404175
v 21.512823 -28.033684 8.105194
v 22.210238 -28.641029 7.038849
v 21.189375 -28.791122 8.059174
v 21.887159 -29.087547 7.190887
v 21.296862 -29.845772 7.201355
v 21.635599 -29.540421 6.858826
v 21.389769 -30.062981 6.362122
v 14.365850 10.922043 14.347534
v 14.240107 10.642578 15.582214
v 14.484163 10.468048 15.017242
v 14.561457 10.289185 14.402588
v 20.826502 26.078873 16.372925
v 21.413729 26.389328 16.875244
v 21.016756 26.634674 16.408600
v 21.093878 25.646240 17.072937
v 21.636595 26.101120 17.467560
v 20.603163 25.358139 17.632904
v 21.777834 25.789246 18.167847
v 21.079828 24.904770 18.460266
v 21.952742 25.530060 18.786896
v 20.379827 24.846481 18.156860
v 20.817598 24.652328 18.870422
v 20.161993 24.473236 18.983154
v 21.517599 24.710617 19.173828
v 21.676878 24.565262 19.630066
v 20.976877 24.161987 20.109314
v 21.758860 24.097214 20.703094
v 21.058859 23.829849 21.135712
v 20.322866 23.659210 20.627014
v 20.126879 24.091202 19.740875
v 19.363493 23.662811 19.521027
v 19.563803 23.291855 20.179932
v 20.176596 22.747253 20.926422
v 19.258783 22.513809 20.259277
v 20.035490 22.250504 21.054443
v 19.553900 21.838882 20.462646
v 18.817877 21.838882 20.253571
v 18.622747 21.249054 20.249939
v 17.770517 21.779846 20.333771
v 17.886724 21.249054 20.459045
v 17.338579 21.189880 20.670258
v 17.667986 20.429871 20.733551
v 16.868876 20.429871 20.960571
v 16.399172 21.189880 20.670258
v 16.069765 20.429871 20.733551
v 16.399172 19.669861 20.670258
v 15.639166 19.960159 20.200562
v 16.108877 19.200165 19.910278
v 15.575884 19.630753 19.440552
v 16.108877 19.200165 18.970856
v 15.639166 19.960159 18.680573
v 16.328901 19.450668 17.976196
v 16.809992 19.043503 18.606232
v 16.863104 19.007782 17.595612
v 17.611311 18.699417 17.981567
v 17.678877 18.823868 17.074554
v 18.640135 18.821747 17.205383
v 18.133829 18.827499 15.905884
v 17.562193 18.583969 16.074402
v 17.377947 18.259445 15.245270
v 18.401205 18.394867 15.205902
v 17.875875 17.798767 14.724304
v 17.070211 17.761520 14.439575
v 17.933317 17.441513 13.921600
v 17.293913 16.919373 13.586151
v 16.637587 17.270599 14.042999
v 16.234251 17.514862 14.298065
v 16.068357 16.570145 14.096313
v 16.841181 16.175888 13.568970
v 15.951979 15.838882 13.978668
v 15.390619 15.779877 14.353668
v 16.072886 14.991959 14.095581
v 15.105909 14.974213 14.390930
v 14.587927 15.837326 14.710938
v 14.331579 15.347214 15.023926
v 14.709311 14.541595 14.881836
v 14.221804 14.957397 15.341980
v 14.558989 14.244492 15.379395
v 13.770536 14.503891 15.866669
v 14.185579 13.707886 16.046265
v 13.234098 13.744888 16.156250
v 12.876261 14.377319 16.073639
v 13.200987 15.144882 15.989563
v 12.401876 15.144882 16.216553
v 12.342245 13.695816 15.901764
v 12.916765 12.947876 16.109558
v 12.146582 13.044754 15.814606
v 12.448919 12.188995 15.935547
v 11.843184 12.344757 15.872894
v 12.016294 11.488998 16.202942
v 11.410559 11.853836 16.269501
v 11.945219 11.054596 16.623108
v 11.122850 11.274887 16.979523
v 10.643877 11.818375 16.540436
v 10.643877 12.146683 15.795685
v 10.187937 11.313065 17.116760
v 10.655619 10.537613 17.385468
v 9.731997 10.575333 17.398560
v 10.164621 10.084412 17.795166
v 9.286798 10.117065 18.439697
v 9.031996 10.842712 17.831177
v 8.786585 10.214340 18.571533
v 8.032957 10.711929 18.364288
v 8.133421 10.147110 18.687103
v 7.264757 9.966782 18.626892
v 7.072500 10.640991 18.177826
v 5.313444 9.810791 18.326172
v 5.714514 9.160553 18.713776
v 6.445074 9.600922 18.532135
v 5.815191 10.391144 18.521698
v 4.880821 10.510788 18.593567
v 5.313444 11.001709 18.990143
v 6.163229 11.262039 18.598907
v 5.895853 11.694672 19.298920
v 5.359194 11.254425 19.728851
v 5.838869 11.788757 20.200562
v 5.404943 11.298065 20.669586
v 5.775587 12.118164 20.960571
v 6.065874 12.587875 20.200562
v 5.775587 13.057587 20.960571
v 5.344988 12.587875 21.493561
v 5.015585 13.347885 21.430267
v 4.607792 12.587875 21.818512
v 4.076860 13.446930 21.490387
v 4.239388 12.266068 22.219025
v 3.109652 13.099243 22.217834
v 3.376860 13.505219 21.793762
v 3.295259 13.787521 21.214630
v 2.263876 13.431961 21.679657
v 2.346495 13.787521 21.214630
v 1.563875 13.490250 21.983063
v 2.263876 13.086975 22.462311
v 1.563875 13.145264 22.765717
v 0.844875 13.922577 22.525269
v 0.553894 13.551926 23.345367
v 0.084877 13.985855 22.854675
v -0.380703 13.291855 23.595551
v -0.819086 13.787598 23.121704
v -1.226831 13.515381 24.029419
v -1.517168 13.913971 23.493927
v 11.529123 9.445923 17.421997
v 11.286985 9.035370 17.824677
v 11.673819 9.128510 17.489014
v 12.109041 9.558685 17.136078
v 11.017389 9.799881 17.430664
v 11.458761 10.499878 17.044067
v 12.450323 10.242111 16.790527
v 10.529432 9.432358 18.175293
v 4.880821 9.110794 18.593567
v 4.683140 8.790939 19.336639
v 5.224318 8.802948 18.959076
v 4.180820 9.378174 19.026184
v 4.577421 9.810791 18.535278
v 4.180820 10.243408 19.026184
v 3.913445 9.810791 19.726166
v 4.122534 10.546814 19.726166
v 4.613443 10.943420 19.293549
v 4.613443 10.943420 20.158813
v 4.180820 10.243408 20.426178
v 4.924753 10.534515 20.942749
v 4.678659 9.827332 21.034943
v 5.142490 10.892426 21.476288
v 5.070255 10.460953 22.060150
v 4.862209 11.345932 22.210083
v 5.020388 11.833206 21.693420
v 4.988985 10.737610 22.782562
v 4.528311 11.258575 23.280487
v 4.000206 11.944260 22.828613
v 4.000206 11.944260 23.693848
v 3.509296 12.340866 23.261230
v 3.567583 12.644272 22.561218
v 2.882383 12.641632 22.958069
v 2.882383 12.641632 23.823303
v 2.263876 12.877899 23.198334
v 2.110340 13.053604 24.239990
v 1.402983 13.256668 23.726227
v 0.948948 13.182220 24.208832
v 1.944805 13.391296 24.944855
v 0.888659 13.398972 24.957458
v 0.128368 13.139267 24.537415
v 0.128368 13.348343 25.273438
v -0.380703 13.291855 25.067596
v -0.380703 13.082779 24.331573
v -1.226831 13.515381 24.633728
v 0.596878 13.781189 25.834229
v -0.224436 13.822372 26.304474
v -1.314531 14.147263 25.949097
v -1.174740 13.692230 25.334412
v 5.451967 9.107849 22.782562
v 6.117876 8.724579 23.124084
v 5.788549 8.711243 22.383514
v 5.510254 9.411255 23.482544
v 5.242878 9.843872 22.782562
v 5.047272 9.411255 21.852783
v 5.392262 10.258377 23.482544
v 5.578482 10.350189 24.000610
v 5.055044 10.871414 23.900757
v 5.581778 10.484253 24.521057
v 5.149155 11.184265 24.788422
v 4.638845 11.607620 24.127045
v 5.027584 12.086594 24.863556
v 4.267584 12.376892 24.393860
v 4.557875 12.846588 25.153839
v 3.845514 12.985062 24.759796
v 2.975876 12.866714 24.574554
v 3.441153 13.385468 25.016022
v 2.510599 13.385468 25.016022
v 2.975876 13.873978 25.581818
v 2.252541 13.889221 25.750519
v 2.685163 14.380142 26.147125
v 1.446877 14.196960 26.248444
v 1.446877 13.851974 25.465820
v 1.879499 14.687881 26.645050
v 1.115829 14.656967 26.911621
v 1.548452 15.147888 27.308228
v 0.683207 15.147888 27.308228
v 0.086874 14.412766 26.867920
v -0.367453 15.147888 27.308228
v -0.778372 14.412766 26.867920
v -1.218775 15.362442 27.431732
v 0.157877 15.743988 27.789825
v -0.905123 16.166367 28.417664
v -1.708281 16.263794 28.090637
v -1.910225 15.599045 27.096436
v -2.182848 16.394455 27.721405
v 6.383963 8.333008 25.260559
v 6.630430 7.785889 24.971619
v 7.019285 8.068268 24.657013
v 6.346052 9.108231 24.475006
v 6.891504 8.446259 24.275330
v 6.279875 9.369873 25.242554
v 5.989584 9.839584 24.482574
v 6.052866 10.168991 25.242554
v 5.989584 9.839584 26.002563
v 5.618940 10.659683 25.711578
v 5.290808 10.128754 26.570648
v 5.149155 11.184265 26.458679
v 5.317875 11.616882 25.623566
v 5.137556 12.098648 26.420563
v 5.090868 12.416000 25.623566
v 4.844873 13.081467 26.303375
v 4.409267 13.117371 25.589661
v 5.090868 12.352905 27.158691
v 5.086971 13.385178 27.090210
v 4.093252 14.235825 26.650238
v 3.825874 13.803192 25.950226
v 3.461636 14.618439 26.635101
v 3.894258 15.318436 26.902466
v 3.136175 15.441376 26.686737
v 3.630259 16.264313 26.947479
v 2.624945 16.272995 26.996490
v 2.284998 15.494125 26.906891
v 1.851852 15.847885 27.366516
v 1.866060 16.562866 27.465485
v 1.088428 15.774231 27.665466
v 0.857878 16.147263 28.269043
v 1.537926 17.093796 28.324554
v 1.078793 16.373627 28.659515
v 0.378792 16.106262 29.092133
v 0.009718 16.145401 28.630524
v 1.078793 16.373627 29.524750
v 0.561560 16.260117 30.079895
v -0.138441 16.201828 29.776520
v -0.905123 16.397873 29.232544
v -0.905123 16.166367 30.047455
v -1.680576 16.462570 28.975800
v -2.234217 16.109375 29.562531
v -2.985353 16.982834 29.050537
v -2.499361 16.794907 28.411499
v -5.281292 13.159973 28.852783
v -6.183931 13.518982 29.456879
v -5.715652 13.688568 28.714600
v -5.391441 13.438614 28.004395
v -4.899544 12.569870 28.092651
v -4.978090 12.856430 27.612488
v -4.755642 12.263260 27.043121
v -4.288294 11.251251 27.144684
v -4.566525 11.591125 26.786377
v -4.536242 11.005905 26.678009
v -5.569662 9.430298 24.318268
v -5.357574 9.929306 25.056000
v -5.607933 10.014893 24.400543
v -5.935196 9.773788 24.010437
v -6.305101 9.222900 23.925323
v -5.934597 8.289246 24.718018
v -6.861570 8.797073 23.988495
v -6.634598 8.021866 24.285400
v -7.319811 8.310059 24.121918
v -7.449093 7.939423 24.328278
v 5.650179 8.010956 25.714050
v 5.645716 6.923584 25.871002
v 6.191668 7.396988 25.249512
v 5.026882 7.319901 26.077484
v 4.598362 6.478958 26.362762
v 5.200148 6.629181 26.198700
v 4.290859 7.319901 25.868408
v 4.723482 8.019897 26.135773
v 3.858236 8.019897 26.135773
v 4.290859 8.510818 26.532379
v 5.229584 8.609863 26.472260
v 4.858320 9.239227 26.761108
v 5.558989 9.369873 26.535553
v 5.989584 8.900162 26.002563
v 4.122297 9.239227 26.970184
v 4.425697 9.939224 27.028473
v 4.254957 10.423309 27.731995
v 4.812271 10.995728 27.237549
v 4.753984 11.299133 27.937561
v 4.881779 11.616882 27.158691
v 5.101732 11.977341 27.963654
v 4.157875 10.817551 28.462891
v 3.615892 10.497482 28.303101
v 3.124983 10.100876 28.735718
v 3.183270 9.797470 28.035706
v 2.915894 9.364853 28.735718
v 3.194515 9.815674 29.465149
v 3.052187 10.768936 29.471161
v 2.541584 9.850876 29.882263
v 2.219040 10.431915 29.733856
v 2.446634 11.388321 30.004913
v 3.355587 11.468933 29.529449
v 3.833206 11.342865 29.312897
v 3.788210 11.959854 29.926056
v 4.265829 11.833786 29.709473
v 4.311874 12.373169 30.399597
v 4.722887 12.376541 29.977997
v 4.918875 11.944550 29.091888
v 5.444206 12.794540 29.416565
v 5.514982 12.426132 28.566559
v 5.768873 13.319870 28.566559
v 5.444206 12.794540 27.716553
v 5.483572 13.817795 27.581116
v 5.800253 14.017151 28.073242
v 5.786970 14.517792 27.522827
v 6.232878 14.717163 27.805847
v 5.942583 15.186859 27.045837
v 5.019375 15.145523 26.911377
v 4.736855 14.411728 26.982574
v 4.525875 14.935822 26.917603
v 4.674940 15.946869 26.866699
v 5.472878 15.946869 26.755554
v 5.001177 16.760178 26.942108
v 4.061876 15.933868 26.926575
v 3.972010 17.061325 26.926941
v 4.518316 17.456223 27.448792
v 3.625584 17.791885 27.094849
v 3.155876 17.031876 26.804565
v 2.686169 17.791885 27.094849
v 2.356764 17.031876 27.031555
v 1.926170 17.501587 27.564575
v 2.395878 18.261581 27.854858
v 1.862886 17.830994 28.324554
v 2.395878 18.261581 28.794281
v 1.827795 17.562805 29.083435
v 2.545378 18.299606 29.534027
v 1.752287 17.867996 29.826324
v 1.511415 17.073639 29.792114
v 1.569702 16.770233 29.092133
v 1.261559 17.392746 30.512543
v 1.052469 16.656723 30.512543
v 0.994183 16.960129 31.212524
v 0.561560 16.260117 30.945160
v 0.294182 16.692749 31.645142
v -0.138441 16.201828 31.248566
v -0.138441 15.992752 30.512543
v -0.905123 15.957291 30.783478
v -0.905123 16.166367 31.519501
v -1.996471 16.019714 31.253510
v -1.671804 15.992752 30.512543
v -2.234217 15.900299 30.298553
v -3.135695 16.294022 30.699188
v -3.135695 16.294022 29.833923
v -3.828079 16.816971 30.234558
v -3.625637 17.242096 29.497620
v -4.297096 17.575851 30.524414
v -4.171597 17.770508 29.961121
v -5.495216 12.196350 30.343567
v -5.860750 11.852859 30.651398
v -6.238291 12.394028 30.663422
v -5.927839 12.896362 30.076172
v -6.306240 13.001068 30.167114
v -5.436930 12.499756 29.643555
v -5.215105 11.743118 29.610229
v -5.044100 12.090881 28.868561
v -4.934996 11.289902 28.876892
v -4.646519 11.967499 28.169800
v -4.601095 10.960449 28.007233
v -5.186335 10.181137 28.528046
v -4.913963 10.231506 27.791809
v -4.680447 10.484161 27.055573
v -5.537127 8.832886 25.462341
v -5.581730 9.010559 26.024689
v -5.366158 9.542892 25.670685
v -6.005756 8.253281 26.120056
v -5.876310 7.985840 25.417999
v -6.466677 7.520432 25.948334
v -6.367220 7.589233 24.985382
v -6.844219 7.267670 25.469666
v -7.229927 7.390182 24.871704
v 3.099949 8.055923 27.268402
v 3.069111 7.319901 27.268402
v 3.201309 7.464111 26.638092
v 3.590858 8.452530 26.835785
v 3.293180 8.827744 27.903137
v 3.158236 7.752518 27.968384
v 3.429821 8.400742 29.037994
v 3.553677 7.863297 28.712524
v 1.483017 10.431915 29.942932
v 1.251265 9.694885 30.454529
v 1.839840 9.707733 30.179474
v 1.086416 10.864532 30.433838
v 1.786417 11.131912 30.001221
v 1.519039 11.564545 30.701233
v 1.028130 11.167938 31.133850
v 1.519039 11.564545 31.566467
v 2.084309 11.958420 30.827545
v 2.084309 11.958420 31.692810
v 2.784309 12.225784 31.260193
v 2.784309 12.016708 30.524170
v 3.670042 12.181473 30.799347
v 3.551876 12.082870 31.734558
v 4.311874 12.373169 31.264862
v 4.410942 12.313065 32.203583
v 4.844866 12.803757 31.734558
v 4.700102 12.737381 30.699951
v 5.071877 13.602875 31.734558
v 4.928963 14.077255 30.966980
v 5.086971 13.254562 30.042908
v 5.196339 14.509872 30.266998
v 5.583105 13.914871 29.636200
v 6.056585 15.137543 29.585083
v 5.410244 14.987534 30.376434
v 5.668341 15.780106 30.385132
v 6.271990 15.946869 29.568542
v 6.702581 15.477158 29.035553
v 6.331942 14.657059 28.744568
v 5.977964 14.055893 28.566559
v 6.765867 15.147751 28.275574
v 6.992876 15.946869 28.275574
v 6.702581 15.477158 27.515564
v 6.702581 16.416580 27.515564
v 6.271990 15.946869 26.982574
v 5.942583 16.706879 27.045837
v 6.232878 17.176575 27.805847
v 5.472878 17.239853 27.476440
v 5.472878 17.466873 28.275574
v 4.772877 17.623093 27.910248
v 6.232878 17.176575 28.745270
v 5.559011 17.114853 29.581543
v 4.961874 17.390091 29.282776
v 4.859011 17.173141 29.884949
v 4.195208 18.056870 29.659241
v 4.368101 17.569748 30.317566
v 4.011917 18.329803 30.495544
v 3.495207 18.324234 30.091858
v 3.325541 18.382492 29.174561
v 3.915874 18.261581 28.794281
v 3.155876 18.551880 28.324554
v 3.915874 18.261581 27.854858
v 3.155876 18.324860 27.525452
v 3.762585 18.756866 30.791840
v 3.127499 19.037643 30.541168
v 2.694876 18.546722 30.144562
v 2.169546 18.957886 30.670227
v 1.676781 18.173187 30.569214
v 1.270348 18.649765 31.066376
v 1.190483 17.675262 31.115784
v 0.793882 18.107880 31.606689
v 0.597582 17.392746 31.703430
v -0.121386 18.376541 31.855865
v -0.169100 17.357285 31.974365
v -0.609100 17.513855 32.261719
v -0.472500 16.657288 31.916077
v -0.912500 16.813858 32.203430
v -0.806164 18.147141 32.135132
v -1.490940 17.917755 32.414368
v -1.563848 16.719711 32.386139
v -1.996471 17.419708 32.475281
v -2.374012 16.808838 32.241943
v -1.996471 16.228790 31.989532
v -2.762667 16.668884 32.001740
v -3.463152 16.579926 31.212311
v -3.251560 16.855621 31.699585
v -3.765673 17.386337 31.545685
v -3.954062 16.976532 30.779694
v -4.213589 17.823700 31.076172
v 0.609419 9.843887 31.726898
v 1.005741 9.018951 31.539398
v 0.930019 9.467575 30.996979
v 0.819040 10.431915 31.133850
v 0.814341 10.637772 31.825287
v 0.872627 10.334366 32.525299
v 1.305250 11.034378 32.257904
v 1.572628 10.601746 32.957916
v 2.005251 11.092667 32.561310
v 2.351686 11.525787 32.392792
v 1.615700 9.668411 33.066467
v 2.136463 9.958694 33.177948
v 0.872627 9.469131 32.525299
v 1.385145 9.252304 32.678406
v 1.236296 8.968384 32.215851
v 2.191135 11.602524 33.569946
v 2.222029 11.359039 34.271973
v 2.750486 11.007263 33.838531
v 3.005194 11.359009 33.002258
v 2.587736 12.035141 33.079041
v 2.191135 12.467758 33.569946
v 3.005194 12.751434 33.111572
v 3.551876 11.970764 32.644531
v 4.058676 11.575363 32.799408
v 4.021584 12.842865 32.964264
v 3.613791 13.602875 33.352509
v 4.350988 13.602875 33.027557
v 4.781582 13.133163 32.494568
v 4.781582 14.072586 32.494568
v 4.082808 14.361755 33.062653
v 4.506523 14.868210 32.345215
v 4.944201 14.539780 31.732513
v 4.917091 15.821869 31.667542
v 5.253582 15.352158 31.077545
v 5.138052 14.813278 30.966980
v 5.253582 16.291580 31.077545
v 4.842482 16.802185 31.559509
v 4.882940 17.111679 30.786591
v 5.392046 16.685638 30.365204
v 4.633392 17.538208 31.559509
v 4.426388 17.873154 31.017548
v 4.546886 17.492996 32.239563
v 4.755976 18.229019 32.239563
v 4.070204 18.633209 31.195557
v 4.803236 19.180313 32.014374
v 4.238420 19.555679 31.359528
v 3.459185 19.456863 30.850128
v 3.762585 20.156860 30.791840
v 2.694876 19.737640 30.808533
v 4.522583 20.447159 31.261566
v 4.091990 20.916870 30.728577
v 3.292877 20.916870 30.501556
v 2.493765 20.916870 30.728577
v 2.003061 20.447861 31.162506
v 1.654213 19.587128 31.103638
v 1.267038 20.447861 31.371582
v 0.872742 19.426392 31.312164
v 0.333946 20.115662 31.362000
v 0.258352 19.434662 31.479431
v 0.182758 18.753647 31.596832
v 0.642954 15.927399 -14.677338
v 0.865894 15.681854 -15.416290
v 1.967762 13.044098 34.008698
v 2.076447 13.322128 34.882019
v 1.839779 12.611481 34.708679
v 2.400385 13.744110 34.276062
v 2.667763 13.311478 33.576080
v 3.251730 14.173874 33.829865
v 2.991289 14.766525 34.568542
v 3.682871 14.744873 33.325409
v 3.250582 15.628159 33.948547
v 4.093287 15.302399 33.113068
v 4.340204 16.120544 33.089569
v 4.506523 15.733444 32.345215
v 4.657295 16.468369 32.303558
v 4.435392 17.128891 33.168427
v 3.858620 16.645874 33.685669
v 3.982971 17.576416 33.715912
v 4.702608 17.864670 33.168854
v 4.415594 18.276428 33.983276
v 5.164373 18.308426 33.583466
v 5.246885 18.625626 32.672180
v 5.824877 18.718170 33.130859
v 5.534584 19.187866 32.370850
v 6.294584 19.478165 32.840576
v 5.863989 19.947876 32.307556
v 5.126791 19.947876 31.982605
v 5.595808 20.706757 32.272491
v 5.119982 21.028122 31.729462
v 5.899206 21.406754 32.214203
v 5.575974 21.958344 31.659210
v 4.781782 21.664536 31.399750
v 4.874847 22.119431 31.339905
v 4.318403 22.592209 31.161987
v 3.762585 21.676880 30.791840
v 3.639053 22.839172 31.095825
v 2.614510 22.405426 30.875580
v 2.811100 21.713882 30.681885
v 2.025923 21.675751 30.902557
v 1.792942 22.472290 30.815765
v 1.261662 21.720764 30.903198
v 1.699661 21.147858 31.104218
v 0.779358 20.915115 31.168610
v 3.224411 15.981216 34.788116
v 2.967182 15.595337 35.503357
v 2.843956 14.776627 35.370331
v 3.070637 16.389648 35.649017
v 3.194643 16.645874 34.876587
v 3.462019 16.213257 34.176575
v 3.462019 17.078491 34.176575
v 3.403732 17.381897 34.876587
v 3.924685 17.879822 34.415894
v 3.766895 17.759552 35.234833
v 4.415594 18.276428 34.848511
v 4.257805 18.156158 35.667480
v 5.278170 18.723923 35.361816
v 5.123758 18.561508 34.434875
v 5.923491 19.282944 34.990845
v 5.824877 18.718170 34.070251
v 6.294584 19.478165 34.360565
v 6.357866 19.148758 33.600555
v 6.584875 19.947876 33.600555
v 6.294584 20.417587 34.360565
v 6.462492 20.764023 33.630005
v 6.404249 20.335251 32.929565
v 6.404249 21.200485 32.929565
v 5.558149 21.211288 34.535278
v 6.146296 21.617874 33.604889
v 5.125526 21.911301 34.267883
v 5.795652 22.475098 33.755737
v 6.474638 22.181793 33.398895
v 6.859430 22.038330 33.065674
v 4.135628 17.221680 37.074799
v 3.515629 16.622818 37.042297
v 3.323036 16.879059 36.430023
v 3.759876 17.695480 36.188416
v 3.183334 16.902710 35.925079
v 4.459877 17.753769 36.491821
v 4.574759 17.384232 37.314575
v 5.309877 17.824554 36.860229
v 5.018095 18.206772 35.983459
v 5.490868 18.582932 36.123474
v 5.887468 18.150314 36.614380
v 6.190866 18.850311 36.556091
v 5.911650 19.481903 35.753326
v 5.958090 19.984268 36.350525
v 5.590300 20.453796 35.610077
v 5.958090 19.984268 34.950531
v 5.648588 20.757202 34.910065
v 5.381210 21.189819 35.610077
v 5.067240 21.607895 34.967896
v 5.029985 21.892609 35.773560
v 4.858150 22.343918 34.967896
v 4.447237 22.716904 35.811890
v 4.505524 23.020309 35.111877
v 5.152889 22.841934 34.229187
v 4.690723 23.432404 34.641785
v -3.497557 24.005325 38.508331
v -3.649920 24.373627 38.063721
v -4.056244 24.024643 38.336914
v -4.299969 23.618637 38.986267
v 5.274759 17.442520 37.617950
v 5.464973 16.684326 38.025085
v 4.731840 16.760605 37.843658
v 6.553877 17.262955 37.679138
v 6.009878 17.882843 37.163635
v 7.097876 17.624893 37.401459
v 6.626173 18.104568 36.867096
v 7.567579 18.157867 36.970856
v 7.107954 18.884094 36.569336
v 7.896986 18.917877 36.907562
v 7.567579 19.677887 36.970856
v 6.658091 19.716888 36.783142
v 6.873240 20.684311 37.016388
v 6.354692 20.416885 36.841431
v 6.136526 21.354630 36.879547
v 5.648588 20.757202 36.310089
v 5.520895 21.496002 36.206177
v 5.532549 21.779251 36.672852
v 4.938147 22.320297 36.244507
v 7.134878 21.451874 37.082550
v 6.665174 22.211884 37.372864
v 5.892927 22.270477 37.622253
v 5.192926 22.328766 37.318848
v 4.409983 23.001617 36.617554
v 4.512220 22.826523 37.725861
v 4.079597 23.526535 37.458496
v 4.036646 23.855133 37.042053
v 3.949310 23.522583 36.119629
v 3.740221 24.258606 36.119629
v 4.007597 23.825989 35.419617
v 4.089149 24.600891 35.516693
v 4.318081 24.070618 35.025696
v -2.299749 24.654129 38.860199
v -1.971874 25.364410 38.529633
v -2.473841 25.058929 38.310333
v -3.106441 24.753540 38.048828
v -2.719889 24.303268 38.877930
v -1.520832 25.697113 38.988190
v -1.423086 25.348892 39.535889
v -1.392246 25.796509 39.558105
v -1.303123 25.940704 40.302551
v -1.913996 24.952286 39.968506
v -1.913996 24.952286 40.636627
v -2.485123 24.484848 40.091583
v -2.485123 24.484848 41.049530
v -3.166914 23.860291 40.531494
v -3.015329 24.143845 39.733521
v -3.796106 23.278214 40.059784
v -3.506239 23.747238 39.300903
v -3.796106 23.278214 40.925018
v -4.527779 23.104980 40.551331
v -4.399485 23.306580 39.748749
v 7.424135 17.098877 38.066223
v 7.562418 16.902390 38.771301
v 7.001184 16.578781 38.303497
v 7.956942 17.628067 38.669586
v 7.857874 17.688171 37.730865
v 8.390867 18.118759 38.200562
v 8.327581 18.448166 37.440552
v 8.617872 18.917877 38.200562
v 8.327581 19.387589 37.440552
v 8.495489 19.734024 38.171112
v 8.078184 20.159821 37.381958
v 8.364584 20.982162 37.842560
v 7.665812 20.692993 37.274475
v 7.933989 21.451874 37.309570
v 8.364584 21.921585 37.842560
v 7.604582 22.211884 37.372864
v 7.894876 22.681580 38.132843
v 7.134878 22.744858 37.803436
v 7.134878 22.971878 38.602570
v 6.374880 22.681580 38.132843
v 6.333525 22.816055 39.056061
v 5.599743 22.535782 38.602570
v 5.794893 22.584000 39.244934
v 5.094893 22.525711 38.941528
v 5.212221 22.559158 38.158478
v 4.512220 22.826523 38.591125
v 4.394892 22.584000 39.244934
v 3.884096 23.402130 39.046906
v 4.021311 23.223129 38.158478
v 3.887030 24.212891 38.198669
v 3.776375 24.311935 38.984589
v -1.344181 25.343140 41.150543
v -0.864840 26.092041 41.625610
v -1.179592 25.826965 41.034454
v -1.305250 24.977493 41.957733
v -1.796160 24.580887 41.525085
v -1.697142 24.649551 42.523682
v -2.496161 24.313522 41.957733
v -2.707714 24.425903 43.149139
v -3.284472 24.191757 42.498932
v -3.215677 24.132065 41.686920
v -4.015800 23.724243 42.003448
v 6.736853 15.889648 44.194550
v 7.064245 15.288330 44.297211
v 6.903009 15.502457 43.500397
v 6.469473 16.322266 43.494568
v 6.749414 16.105530 42.876617
v 6.766523 16.604004 42.268951
v 6.946852 17.800049 40.827576
v 6.831434 16.842529 41.706787
v 6.980463 17.032700 40.923553
v 7.301996 17.079636 40.191803
v 7.681585 18.108551 39.510071
v 7.552187 17.160629 39.424469
v 7.214231 18.232666 40.127563
v 7.679770 18.985916 40.397095
v 7.973112 19.460556 39.658569
v 8.327581 18.448166 38.960571
v 8.473631 19.461380 38.925232
v 8.253870 20.184921 39.361450
v 8.517618 20.626617 38.516785
v 8.364584 20.982162 39.362549
v 8.654875 21.451874 38.602570
v 8.364584 21.921585 39.362549
v 8.427870 22.250992 38.602570
v 7.894876 22.681580 39.072266
v 7.775686 22.587784 39.992218
v 7.134878 22.860733 39.400513
v 7.134878 23.069809 40.136536
v 6.367311 23.038040 39.812958
v 6.227514 23.284012 40.377563
v 5.794893 22.584000 40.110168
v 5.527515 23.016632 40.810181
v 5.094893 22.525711 40.413574
v 5.094893 22.316635 39.677551
v 4.394892 22.584000 40.110168
v 4.505922 23.252869 40.948853
v 3.805922 23.520248 40.516235
v 3.825808 23.098724 39.746887
v 3.538546 23.952866 39.816223
v 3.805922 24.385483 40.516235
v 3.897495 24.785995 39.398926
v 4.238544 25.085495 40.248840
v 4.111473 25.218262 39.709412
v 4.086514 25.752045 39.821533
v 4.933870 25.345306 40.534088
v 4.505922 24.652863 40.948853
v 5.371168 24.652863 40.948853
v 5.840876 25.412872 40.658569
v 6.371809 24.653992 40.850464
v 6.639986 25.412872 40.885559
v 6.310579 26.172882 40.948853
v 5.371859 26.271927 40.888733
v 4.372749 26.231934 41.321259
v 5.080877 26.642578 41.708862
v 4.305740 26.496780 42.178558
v 3.680748 26.489929 42.031219
v 3.509113 26.422424 40.585236
v 4.485838 26.022629 40.523743
v 3.680748 26.280853 42.767242
v 2.754124 26.714447 42.444855
v 2.577213 26.414429 43.007172
v 2.871634 26.821945 41.558746
v 3.102301 26.735962 41.119843
v 0.233665 25.305283 43.778198
v 0.671818 25.588242 43.568604
v 0.044361 25.975128 43.001678
v -0.569941 25.153076 43.232208
v -0.785120 25.440262 42.431549
v -1.200123 24.920837 42.910522
v -0.904100 24.441879 43.685547
v -1.679832 24.506119 43.429504
v -1.513166 23.873779 44.057922
v -2.415249 24.272537 43.904053
v -2.296257 23.833038 44.661804
v 3.845873 14.996902 48.959137
v 3.950054 14.699738 49.513550
v 3.815033 14.260880 48.959137
v 3.904160 14.693497 48.259155
v 4.336782 15.393509 48.526520
v 4.604160 14.960876 47.826508
v 4.317024 13.939926 47.844421
v 4.786388 14.636002 47.480957
v 4.743299 14.064972 47.421387
v 5.343693 14.012375 47.090698
v 7.689894 15.712280 45.557953
v 7.438131 15.197388 45.634186
v 7.334013 15.081207 44.991180
v 7.221048 16.239151 44.971313
v 7.552469 16.754608 45.385010
v 7.155867 17.187225 44.894104
v 6.736853 16.754883 44.194550
v 6.859671 17.666489 44.118652
v 6.592295 17.233871 43.418640
v 6.801386 17.969894 43.418640
v 6.709219 17.580154 42.800629
v 6.925978 18.328781 42.740356
v 6.666269 17.908752 41.980042
v 6.875360 18.644775 41.980042
v 6.933645 18.341370 41.280060
v 7.155943 18.536072 40.827576
v 7.624960 19.294952 41.117432
v 7.391256 19.081619 42.452789
v 7.955595 19.650772 42.181641
v 7.897306 19.954178 41.481628
v 7.914827 19.763962 40.358551
v 8.019827 20.410934 40.429565
v 8.287207 20.843552 41.129578
v 8.148890 21.368881 40.349792
v 8.287207 21.894211 41.129578
v 8.019827 22.326828 40.429565
v 7.833975 22.891190 40.692230
v 8.611872 21.368881 41.979553
v 8.493883 22.216003 41.979553
v 8.631529 22.896896 42.053680
v 8.191206 23.351212 41.318573
v 7.341208 23.675888 40.793213
v 7.780260 24.238968 41.592590
v 8.324873 23.791153 42.083069
v 7.859602 24.543991 42.370636
v 7.949736 25.078186 42.611176
v 7.458826 25.474792 42.178558
v 7.517111 25.778198 42.878571
v 7.133867 26.211990 42.178558
v 7.070585 25.882584 41.418549
v 6.600874 26.642578 41.708862
v 6.600874 26.642578 42.648254
v 5.840876 26.932877 42.178558
v 5.840876 26.705856 41.379456
v 5.840876 26.705856 42.977661
v 5.080877 26.642578 42.648254
v 5.481709 26.553635 43.522797
v 4.305094 26.369766 43.162231
v 4.781708 26.286270 43.955444
v 4.296877 26.239883 44.150574
v 3.529310 26.096970 43.676178
v 3.536879 25.949585 44.620270
v 3.054209 25.898087 44.143341
v 2.990980 25.256317 44.968445
v 2.477886 24.854202 44.476807
v 2.210508 25.286835 43.776825
v 1.319746 24.591812 44.660461
v 1.343071 25.772797 43.641937
v 2.032051 25.993958 43.487915
v 1.858940 24.584198 44.985962
v 0.310593 24.832291 44.057922
v 0.802647 24.445572 44.473969
v 0.083168 23.993988 44.668823
v -0.198957 24.605270 44.045593
v -0.647921 23.873779 44.057922
v -0.556210 23.564072 44.703339
v -1.080544 23.382858 44.454529
v -1.253628 23.239746 44.928131
v -1.951046 23.382111 44.974670
v 4.741838 15.844864 49.655029
v 4.736759 15.622498 50.182159
v 4.445784 15.131699 50.020447
v 4.250929 15.448257 49.222382
v 4.741838 15.844864 48.789764
v 5.441839 16.112228 49.222382
v 5.441839 15.903152 48.486359
v 5.114115 15.374130 47.919037
v 5.919012 15.603378 48.180939
v 5.919012 15.394302 47.444916
v 5.486389 14.903381 47.048340
v 6.351637 14.903381 47.048340
v 6.018770 14.145660 46.789185
v 6.692377 14.378830 46.748352
v 7.579557 15.346634 47.035950
v 7.171831 14.789886 46.582184
v 7.410658 15.067993 46.240509
v 8.031206 15.732834 46.710175
v 8.187868 16.097458 46.009064
v 9.073877 16.209381 46.416687
v 8.464872 16.715790 45.724426
v 9.677710 17.013870 45.576294
v 9.099546 17.672867 45.166229
v 8.279821 17.717209 45.267303
v 8.712446 18.417206 44.999908
v 7.847197 18.417206 44.999908
v 7.699835 17.585907 45.192474
v 7.147200 18.149826 44.567291
v 7.579821 18.849838 44.299927
v 7.088911 18.453232 43.867279
v 7.378984 18.837143 43.298553
v 7.869894 19.233749 43.731201
v 8.469786 19.055435 44.538879
v 8.263151 19.635345 43.983551
v 8.204866 19.938751 43.283569
v 8.588110 20.372543 43.983551
v 8.431871 20.737869 43.283569
v 8.239958 20.206940 42.524658
v 8.460150 20.865250 42.794434
v 8.357981 20.475143 41.979553
v 8.640963 21.473892 43.283569
v 8.715250 21.692337 42.737000
v 9.159006 22.106949 43.198761
v 8.761259 22.648621 42.679565
v 9.458029 23.075439 43.126404
v 8.713758 23.603607 42.694397
v 8.960253 24.070023 43.407288
v 8.260252 24.337402 42.974670
v 8.203581 25.024582 43.525574
v 8.798227 24.889725 44.142059
v 9.862581 23.994888 43.528870
v 10.191988 23.234879 43.465576
v 10.622587 23.704590 43.998566
v 10.152876 24.464584 44.288849
v 10.685869 24.033997 44.758545
v 10.152876 24.464584 45.228271
v 9.392878 24.754883 44.758545
v 9.451761 24.621246 45.592896
v 8.665075 25.082321 45.374939
v 8.960852 25.017853 46.025513
v 8.649984 25.346619 46.444550
v 8.053877 25.828201 45.919220
v 8.174162 25.478928 44.942322
v 7.787191 25.888321 44.757263
v 7.733873 25.784576 43.815857
v 6.973875 26.074875 44.285553
v 7.041441 26.199326 43.378540
v 6.464048 26.495346 43.219421
v 5.688704 26.295944 44.350708
v 6.454531 26.003433 44.824005
v 5.841875 26.441986 45.843811
v 5.036211 26.270157 45.392517
v 4.996878 26.396103 44.515869
v 4.267435 26.117493 44.966705
v 4.365532 26.013977 45.807007
v 3.795385 25.568710 45.540283
v 4.016811 25.248688 46.532532
v 3.403223 24.840637 45.913696
v 3.582888 24.757996 47.001556
v 3.091978 24.361389 46.568939
v 2.540846 24.181732 46.136292
v 2.553997 23.730408 46.434235
v 3.231417 24.000641 47.069122
v 3.135010 22.982712 46.974121
v 2.544264 22.999557 46.702759
v 2.005463 19.422531 47.952759
v 1.783348 19.801849 47.800323
v 1.316654 19.297882 47.886810
v 1.672251 18.698364 48.489197
v 1.116459 18.734024 48.298950
v 0.964420 18.477402 48.841522
v 1.089666 18.413010 49.426788
v 4.730202 17.232712 49.628693
v 4.099407 16.796356 50.620483
v 4.598438 16.205978 50.377563
v 5.033602 16.532715 49.686981
v 5.466225 17.232712 49.419586
v 5.898848 16.532715 49.686981
v 6.202250 17.232712 49.628693
v 6.697992 16.758881 50.067078
v 6.258165 15.919632 49.746490
v 6.141840 15.844864 48.789764
v 6.737879 15.504913 49.227539
v 6.737425 15.353256 48.269287
v 7.512877 15.208878 48.748566
v 7.546217 15.333893 47.921814
v 6.678221 15.240097 47.640808
v 8.287874 15.504913 48.269592
v 8.373877 15.710510 47.664185
v 8.883913 15.844864 47.842102
v 9.073877 15.977875 47.231567
v 9.848875 16.273911 47.710541
v 9.848875 16.273911 46.752594
v 10.501348 16.910583 47.135529
v 10.439459 17.037048 46.212860
v 11.070982 17.629135 46.541565
v 11.000204 17.997543 45.691559
v 10.150206 17.672867 45.166229
v 10.518618 18.522873 45.095459
v 9.624876 18.522873 44.841553
v 10.230124 19.672028 45.133514
v 9.399992 19.802872 44.912750
v 9.873827 20.569550 45.205597
v 9.095850 20.737869 44.474457
v 9.477224 21.002167 44.714691
v 8.699247 21.170486 43.983551
v 10.243727 21.455612 45.068420
v 10.152876 22.005173 44.288849
v 9.131872 21.870499 43.716187
v 9.862581 22.474869 43.528870
v 10.622587 22.765167 43.998566
v 10.685869 22.435760 44.758545
v 10.912874 23.234879 44.758545
v 10.622587 22.765167 45.518555
v 10.622587 23.704590 45.518555
v 10.511869 21.967926 45.517456
v 10.286093 22.333252 46.108521
v 10.268293 21.416901 46.333405
v 10.000914 21.849518 47.033386
v 10.023794 22.633377 46.888550
v 9.821817 22.034164 47.883514
v 9.704206 23.026199 47.818542
v 9.874380 23.407059 47.011292
v 9.321981 23.902969 47.526794
v 9.408262 24.363678 46.620697
v 9.955706 24.077988 46.055176
v 8.994867 24.427994 47.504547
v 9.053152 24.731400 46.804565
v 8.687239 25.061905 47.250214
v 8.461874 24.858582 47.974274
v 8.931585 24.098587 48.264557
v 8.171579 24.388885 48.734253
v 7.701876 24.921860 48.303680
v 7.269251 25.412781 47.907074
v 8.053877 25.828201 46.969879
v 7.309542 25.994522 47.356995
v 6.691874 26.371201 47.262878
v 6.367205 25.845886 48.112885
v 5.841875 26.441986 47.631287
v 5.841875 26.695892 46.737549
v 6.691874 26.371201 46.212219
v 4.991877 26.371201 47.262878
v 4.991877 26.371201 46.212219
v 4.395769 25.889618 46.737549
v 4.212530 25.436661 47.564240
v 5.316545 25.845886 48.112885
v 4.929443 25.101547 48.279205
v 4.406170 24.718887 48.231262
v 3.646172 24.428589 47.761566
v 4.076765 23.958878 48.294556
v 3.646172 23.489166 47.761566
v 4.505198 23.181396 48.257935
v 3.998983 22.675156 47.543518
v 3.367638 23.455490 47.328278
v 4.907627 22.463928 48.226318
v 4.151140 21.770401 47.671387
v 3.602383 22.242538 47.052612
v 3.298983 21.542542 47.110901
v 3.999899 21.030884 47.857544
v 4.699900 21.298264 48.290161
v 4.076500 20.213608 48.285065
v 3.466288 20.252029 47.987000
v 3.643877 19.722687 48.681671
v 2.868423 19.690582 48.354797
v 2.868877 19.329849 49.090546
v 2.272840 18.989899 48.652771
v 2.218580 18.814682 49.559235
v 3.170042 18.955994 49.922180
v 2.158268 18.616364 50.352173
v 1.505110 18.506073 49.906128
v 3.894253 17.760498 50.508545
v 3.336716 18.070526 51.073273
v 3.665394 17.471603 50.991089
v 3.716619 18.515396 50.464478
v 4.458761 18.075882 49.930054
v 4.290854 17.327881 50.017639
v 4.122854 18.850891 49.865540
v 4.923849 18.842560 49.756439
v 5.114193 18.004288 49.703979
v 5.659872 18.842560 49.965515
v 5.898848 17.932709 49.686981
v 6.769876 18.305969 50.140991
v 6.968927 17.525558 50.102509
v 7.470476 18.360001 50.004913
v 7.773874 17.660004 50.063202
v 7.512877 16.758881 50.298553
v 8.327761 16.758881 50.067078
v 7.991850 15.983871 50.002533
v 7.215155 15.968704 50.119904
v 7.512877 15.440384 49.563446
v 8.287874 15.504913 49.227539
v 8.766851 16.279892 49.523560
v 8.894217 15.861526 48.775513
v 9.286272 16.758881 49.108551
v 9.651907 16.668060 48.547302
v 9.534422 17.329605 49.067169
v 10.327856 17.048889 48.006561
v 10.384508 18.001709 48.111694
v 11.000204 17.997543 47.391571
v 10.518618 18.522873 47.987671
v 11.000204 19.048203 47.391571
v 11.324873 18.522873 46.541565
v 11.070982 19.416611 46.541565
v 11.000204 19.048203 45.691559
v 10.583853 20.281860 45.784546
v 10.648386 20.617752 46.559570
v 10.474749 21.082840 45.792877
v 10.583853 20.281860 47.334564
v 10.210005 21.113495 47.033386
v 9.832212 20.619583 48.079132
v 9.931219 21.490204 47.889709
v 9.285749 21.581039 48.440857
v 8.892462 21.014099 48.946503
v 8.617807 22.076828 48.970642
v 9.222620 22.500870 48.414673
v 8.541311 22.873917 48.942841
v 8.978151 23.346649 48.426941
v 8.500986 23.628876 48.797546
v 7.701876 23.628876 49.024567
v 7.731760 22.552277 49.301086
v 7.269251 22.928879 49.291931
v 6.776236 23.793152 48.765717
v 7.232172 24.388885 48.734253
v 6.434919 24.387756 48.623535
v 6.754305 25.101547 48.279205
v 5.841875 24.995880 48.437561
v 5.673815 23.958878 48.410431
v 5.137518 24.726440 48.587738
v 4.875877 23.958878 48.521545
v 5.293013 23.066162 48.663452
v 6.472837 23.093155 48.823975
v 5.951326 22.553787 49.263184
v 5.304228 22.031311 48.717224
v 5.470549 21.644211 49.461548
v 5.030226 21.189896 48.726440
v 6.320547 21.968887 49.986877
v 5.952135 21.118881 50.057678
v 5.515900 20.335861 49.806549
v 4.815899 20.068481 49.373932
v 4.776501 20.480988 48.717712
v 4.343878 19.780975 48.985077
v 4.550335 19.446915 49.525574
v 3.643877 19.394379 49.426453
v 5.375374 19.466965 49.859467
v 5.954992 19.856873 50.350067
v 6.290903 19.081863 50.285522
v 6.769876 19.856873 50.581543
v 7.248850 19.081863 50.285522
v 7.750032 19.702408 50.285950
v 7.773874 19.059998 50.063202
v 8.596617 19.174881 49.693665
v 8.206499 18.360001 49.795837
v 8.683908 18.600540 49.592926
v 8.968618 17.794876 49.555664
v 9.450209 18.320206 48.959564
v 9.207266 18.742264 49.177307
v 9.846807 18.752823 48.468658
v 9.817423 19.623611 48.376160
v 10.274149 19.368652 47.999939
v 9.104979 19.733109 49.240662
v 9.349558 20.131622 48.911224
v 8.350271 20.686264 49.541321
v 8.294294 20.108200 49.751129
v 7.739618 21.118881 50.057678
v 8.221205 21.644211 49.461548
v 7.371206 21.968887 49.986877
v 6.845877 21.118881 50.311554
v 6.835787 22.611557 49.603241
v 8.823507 17.232712 49.628693
v 2.867285 18.531281 50.790375
v 2.270855 20.413712 47.736969
v 2.439613 22.261536 46.900574
v 6.973875 25.963730 45.083496
v 7.391874 26.103836 45.779602
v 5.477016 15.927353 50.012573
v 5.674570 23.952866 41.007141
v 6.383253 23.755646 40.664185
v 4.938545 23.952866 41.216248
v 4.202522 23.952866 41.007141
v -0.148031 15.869247 -15.608398
v 6.035704 16.789978 29.572174
v 6.702581 16.416580 29.035553
v 6.765867 16.745987 28.275574
v 2.784309 12.016708 31.996216
v 3.564758 7.282776 28.456757
v 3.201309 7.175690 27.898712
v 6.545839 8.604248 23.743744
v 4.180820 9.378174 20.426178
v 5.009413 8.832916 20.916656
v 4.449806 8.810364 19.726166
v 4.556959 8.954086 20.296936
v 12.881544 11.488998 16.202942
v 13.094412 10.596436 16.430115
v 13.434893 11.475845 16.126404
v 13.184942 12.188995 16.144653
v 14.185579 12.187866 16.046265
v 13.715876 12.947876 16.336548
v 14.514986 12.947876 16.109558
v 14.945585 12.478165 15.576569
v 14.558855 11.750137 15.447723
v 15.008867 12.148758 14.816559
v 14.574942 11.658066 14.347534
v 15.012487 12.385056 13.973450
v 14.299582 12.138550 13.507050
v 14.312487 11.252426 13.540833
v 14.032206 11.705933 12.807037
v 14.241297 10.969910 12.807037
v 13.839254 11.584259 12.217560
v 14.390100 10.619247 11.744385
v 14.512857 10.651031 12.633057
v 17.194860 12.901260 11.912933
v 17.464144 12.338440 11.727051
v 17.646914 12.302383 12.345551
v 17.194860 12.901260 12.778198
v 16.494860 13.168625 12.345551
v 16.607309 13.071426 13.304565
v 15.907309 13.338791 12.871948
v 15.907309 13.129715 13.607971
v 15.207308 13.071426 13.304565
v 15.411875 13.292465 12.687256
v 14.732206 12.838562 13.239655
v 14.711874 13.234177 12.383850
v 14.260275 12.488052 12.729126
v 14.271875 13.149506 11.950195
v 13.839254 12.449493 12.217560
v 13.493574 12.375793 11.749115
v 13.215853 12.928741 11.560577
v 12.819250 12.496124 11.069672
v 13.096975 11.943176 11.258209
v 12.773588 11.724197 10.562073
v 13.033590 11.158524 10.872498
v 13.757277 11.085999 11.411346
v 13.932878 10.349960 10.562042
v 13.968103 10.580994 11.154602
v 16.515501 13.351486 9.188446
v 16.459974 12.544403 9.178497
v 16.688280 12.703690 9.729187
v 16.108637 12.548935 8.645050
v 15.815500 13.618866 8.755798
v 16.082876 14.051498 9.455811
v 16.573786 13.654892 9.888428
v 16.854082 12.761841 10.116241
v 16.082876 14.051498 10.321045
v 16.222914 13.816162 10.948029
v 16.620985 13.110672 11.325653
v 16.965296 12.788956 10.629730
v 17.239851 12.390472 11.061737
v 15.432924 13.897278 11.417236
v 15.407900 14.108078 10.652832
v 14.567991 14.143524 10.967957
v 14.439161 13.607864 11.536072
v 15.193827 13.645279 11.873260
v 13.951876 14.119659 11.105682
v 13.519251 13.628738 11.502289
v 13.832876 14.583847 10.513641
v 14.532877 14.525558 10.210236
v 13.839327 14.771393 9.584137
v 13.132875 14.525558 10.210236
v 13.145777 14.482498 8.958069
v 12.648417 14.107422 9.584137
v 12.700254 13.825546 10.477600
v 12.403238 13.151962 9.672913
v 12.819250 13.361359 11.069672
v 12.713156 13.782486 8.690704
v 12.713156 12.917252 8.690704
v 12.634527 12.499893 9.061676
v 12.506208 12.156815 9.862091
v 12.773588 11.724197 9.162079
v 12.715300 11.420792 9.862091
v 13.066771 12.198593 8.394501
v 13.419584 11.384583 8.612549
v 14.126253 11.974289 7.616547
v 14.119581 11.117203 8.179932
v 13.852205 10.684570 8.879944
v 14.632082 10.717407 8.710327
v 14.842848 11.239258 8.124329
v 14.845072 11.921921 7.715210
v 15.691504 13.106903 8.049164
v 15.181761 12.530075 7.652191
v 15.701765 12.611603 8.101654
v 14.991503 13.374283 7.616547
v 15.258879 13.806915 8.316528
v 14.418638 13.957535 8.135590
v 14.545778 14.482498 8.958069
v 15.479166 14.163345 9.138916
v 14.779165 14.430710 9.571533
v 15.382875 14.318863 9.888428
v 13.845778 14.540787 8.654663
v 13.413153 14.049866 8.258057
v 14.169329 12.907623 7.507996
v 13.109755 13.349869 8.199768
v 14.558878 12.674286 7.527405
v 14.359209 10.408722 9.374512
v 13.466211 10.458511 9.739868
v 13.997210 10.352783 10.050720
v 12.975302 10.855118 10.172516
v 15.235872 12.947876 14.816559
v 15.522749 13.496933 14.149017
v 15.102247 13.782211 14.875458
v 15.498846 14.214828 14.384521
v 16.242250 13.880737 13.748840
v 14.945585 13.417587 15.576569
v 16.674875 14.715881 13.917572
v 17.128378 13.914536 13.761749
v 17.600691 12.818420 13.811829
v 17.473986 14.715881 13.690552
v 17.777384 14.015884 13.748840
v 18.268091 14.484894 13.314911
v 18.537149 14.234604 13.634827
v 17.964693 15.184891 13.256622
v 18.647474 15.102020 13.243225
v 18.922773 15.996155 13.032776
v 17.655184 15.957825 13.216156
v 18.258135 16.996597 13.201569
v 19.342283 16.726624 13.132782
v 18.892378 17.431931 13.472870
v 19.952162 17.259079 13.347687
v 22.315157 24.716324 20.535278
v 22.554445 25.264847 20.199493
v 22.269167 25.364075 19.512329
v 22.856337 25.459412 20.734558
v 22.249769 24.493820 21.135712
v 22.191481 24.797226 21.835724
v 21.758860 24.097214 21.568359
v 21.480238 24.548050 22.297791
v 21.058859 24.038925 21.871735
v 20.767878 24.409576 22.691864
v 20.298170 23.649582 22.401550
v 20.443975 23.179871 21.626434
v 20.188192 22.698105 22.364563
v 20.234884 22.443848 21.626434
v 20.610525 21.586655 21.992554
v 20.668810 21.890060 22.692535
v 20.993650 21.214386 22.358948
v 20.970865 20.853546 21.637024
v 20.249548 21.271545 21.075562
v 20.779104 20.338501 20.874817
v 19.783148 20.623398 20.539246
v 20.356440 20.062866 20.508789
v 19.942011 19.333420 20.230164
v 19.125875 19.362869 20.352570
v 18.977331 20.407883 20.284760
v 18.177351 19.483139 20.518280
v 18.215715 20.478470 20.505585
v 18.656172 18.602859 20.062256
v 17.770517 19.079895 20.333771
v 17.338579 19.669861 20.670258
v 16.868876 19.136887 20.239685
v 17.726400 18.648956 19.809387
v 16.868876 18.909866 19.440552
v 17.724142 18.512863 18.885498
v 18.365877 18.133163 19.302277
v 18.365877 18.133163 18.362854
v 19.125875 17.842865 18.832550
v 19.125875 18.069885 18.033447
v 19.885874 18.133163 18.362854
v 19.594893 18.503815 17.542755
v 20.453959 18.831940 18.073669
v 20.550806 18.929153 16.969666
v 19.740522 18.763046 16.683868
v 20.752878 18.526764 16.145294
v 19.718355 18.712524 15.841400
v 18.833830 19.094864 16.338501
v 18.833830 18.885788 15.602478
v 19.194384 18.302399 14.916656
v 19.937994 18.424591 14.747925
v 19.237993 18.157227 14.315308
v 18.776247 17.839249 14.201721
v 19.937994 18.215515 14.011902
v 20.637995 18.157227 14.315308
v 20.501814 17.503418 13.715881
v 20.752878 18.181778 15.362671
v 21.452879 18.123489 15.666077
v 21.410925 18.926102 16.600220
v 22.044878 18.426376 16.038452
v 22.477503 17.935455 15.641846
v 23.100653 18.552856 16.136597
v 23.534525 17.706726 15.971344
v 23.985991 18.731873 15.926514
v 24.313761 18.061340 16.319000
v 22.739737 27.081497 22.045532
v 22.283022 27.991180 21.393768
v 22.704439 27.419266 21.242676
v 22.944120 26.725540 21.030853
v 22.739737 26.216263 22.045532
v 22.944120 25.902908 21.030853
v 22.747778 25.416336 21.667908
v 22.218779 25.718338 22.506226
v 22.343134 26.648880 22.536438
v 21.743937 26.182175 23.067596
v 21.479509 25.409225 23.167664
v 21.901617 25.266251 22.594604
v 21.183653 24.927750 23.161560
v 21.432161 24.911255 24.080231
v 20.767878 24.409576 23.631256
v 21.058172 23.939880 24.391266
v 20.298170 23.649582 23.921570
v 20.234884 23.978989 23.161560
v 20.007879 23.179871 23.161560
v 20.298170 22.710159 23.921570
v 20.234884 22.380753 23.161560
v 20.767878 21.950165 23.631256
v 21.058172 22.419861 24.391266
v 21.418547 21.602966 24.177887
v 21.200499 21.250153 23.363892
v 21.996767 20.954880 24.230560
v 21.566168 20.485168 23.697571
v 21.177927 20.892960 22.937561
v 21.502886 20.155762 22.937561
v 21.497278 20.399506 22.047699
v 22.035879 19.725174 22.467865
v 22.439760 20.039520 21.465210
v 21.572042 20.235046 21.105347
v 22.439760 20.248596 20.729187
v 21.624876 20.096863 20.225555
v 22.435148 20.281052 19.669220
v 21.730539 20.255234 19.313141
v 20.924875 19.829498 19.792938
v 21.221296 19.939865 18.689056
v 20.743826 19.300949 18.832550
v 20.423918 19.011322 19.559052
v 20.418867 18.563751 18.832550
v 19.885874 18.133163 19.302277
v 19.595579 18.602859 20.062256
v 19.125875 18.069885 19.631683
v 20.712049 19.624512 18.065002
v 21.202959 20.021118 17.632385
v 20.770338 19.321106 17.364990
v 21.470335 19.588486 16.932373
v 21.718390 20.177490 17.361267
v 22.114992 19.744873 16.870361
v 22.418390 20.444870 16.928650
v 22.892225 19.678192 16.635803
v 22.523851 18.969864 16.477539
v 23.553366 19.431870 16.193878
v 23.985991 19.922791 16.590485
v 24.418615 19.431870 16.193878
v 24.830198 19.631165 17.093170
v 24.974409 19.109421 16.715637
v 24.722013 18.731873 16.135590
v 24.885279 18.498535 16.482300
v 21.499144 27.867661 23.053253
v 21.279936 28.446823 23.149658
v 21.401178 28.482025 22.334290
v 21.386774 28.653091 23.956512
v 21.654867 27.496002 23.982544
v 21.732965 27.133331 23.096313
v 22.218779 27.579422 22.506226
v 21.804659 28.355072 21.830902
v 21.536879 26.648880 23.982544
v 21.861547 27.174210 24.832550
v 21.861547 26.123550 24.832550
v 21.654867 25.801758 23.982544
v 22.221273 25.351089 24.961151
v 22.218779 26.583572 25.458893
v 22.927763 25.855240 25.786377
v 23.128363 25.123383 25.589447
v 22.595182 24.671799 24.938995
v 21.859159 24.671799 24.729919
v 21.824339 23.811691 24.738831
v 22.607775 23.615646 24.946655
v 21.527876 23.179871 24.681549
v 21.981382 22.378525 24.525757
v 23.123995 22.740479 24.643066
v 22.506430 21.881454 24.345154
v 23.427393 22.040482 24.584778
v 22.882242 20.951797 24.614746
v 23.762964 21.085632 25.316589
v 23.365419 20.442383 25.249146
v 22.860502 20.055496 24.637573
v 22.160501 20.322876 24.204926
v 22.736994 19.568512 23.771881
v 22.035879 19.725174 23.407257
v 22.728312 19.310425 22.937561
v 23.233412 18.918472 23.489868
v 23.420549 18.944824 22.768188
v 22.795877 19.661896 22.138458
v 23.697519 19.604904 22.044342
v 23.264894 20.095825 21.647736
v 23.964895 20.037537 21.344330
v 23.264894 20.304901 20.911713
v 24.197817 19.758484 20.434998
v 23.264894 20.095825 20.175690
v 23.853884 20.049713 19.871155
v 23.146124 20.382309 19.336426
v 23.722483 20.333740 19.206421
v 23.929140 20.425476 18.545532
v 22.851015 20.935791 18.797302
v 22.851015 21.144867 18.061279
v 22.151014 20.877502 18.493896
v 22.151014 20.877502 17.628662
v 21.660105 20.480896 18.061279
v 22.851015 20.935791 17.325256
v 23.712973 20.763031 17.597290
v 23.445593 20.330399 16.897308
v 24.254938 20.293152 18.073425
v 24.579271 19.993652 17.550537
v 21.987906 28.418823 24.791534
v 22.150965 29.569687 24.523712
v 21.869020 29.002380 24.406921
v 23.003309 28.738037 24.961914
v 22.384504 27.986206 25.282440
v 23.010878 28.381577 25.693268
v 22.541166 27.621582 25.983551
v 22.126417 27.193634 25.291138
v 22.541166 26.682159 25.983551
v 22.971766 27.151871 26.516541
v 23.301172 26.391861 26.453278
v 23.770876 27.151871 26.743561
v 24.240580 26.391861 26.453278
v 23.734484 25.801895 26.116760
v 24.673204 25.691864 26.185883
v 23.796099 24.897202 25.886383
v 24.785547 24.925156 26.211365
v 24.448133 24.114883 26.141663
v 23.898775 24.173874 25.744659
v 23.116137 24.173874 25.399658
v 23.484549 23.323868 25.328888
v 23.952364 23.496368 25.696320
v 24.736368 23.500870 26.190826
v 25.341875 24.114883 26.395569
v 25.575758 23.434219 26.439331
v 25.039766 22.800873 26.132538
v 24.418592 22.469482 25.643799
v 23.873945 22.229156 25.062347
v 24.351854 21.370239 25.624146
v 25.307943 22.041992 26.167633
v 24.984407 21.253143 25.973999
v 32.993584 23.757584 23.041107
v 33.571693 23.424622 23.512543
v 33.500069 23.300995 22.851349
v 33.355858 23.534332 22.473816
v 33.384224 24.039978 22.064056
v 23.450224 29.273911 24.534729
v 23.756239 29.628052 23.853943
v 23.133150 29.953796 24.115723
v 24.060595 28.752319 24.211273
v 23.915735 28.761063 25.181000
v 24.530874 28.381577 24.753845
v 24.530874 28.381577 25.693268
v 23.770876 28.444855 26.022675
v 24.240580 27.911880 26.453278
v 23.301172 27.911880 26.453278
v 25.067488 27.714706 26.066681
v 24.569986 27.151871 26.516541
v 25.120852 28.045074 25.223572
v 25.940878 27.671906 25.623474
v 26.101366 26.973389 26.402344
v 25.772783 26.556946 26.445282
v 26.597136 26.354874 26.847656
v 26.177153 25.743362 26.449097
v 25.340158 25.856949 26.177917
v 25.845499 24.929764 26.243835
v 26.560324 24.878525 26.419647
v 26.189001 24.114883 26.277557
v 26.369810 23.559753 26.167633
v 26.965548 25.504868 26.776886
v 27.533621 24.862198 26.393250
v 27.956152 25.397278 26.861115
v 28.296541 24.871521 26.010590
v 27.863916 24.380600 25.613983
v 28.729166 24.380600 25.613983
v 28.800180 23.685532 25.067657
v 27.725336 23.590744 25.398895
v 28.322779 22.800873 24.974701
v 27.586756 22.800873 25.183777
v 27.128695 23.269882 25.698639
v 27.068586 22.331161 25.599548
v 26.637987 22.800873 26.132538
v 26.402670 21.870071 25.927673
v 25.838877 22.800873 26.359558
v 26.715773 21.517151 25.381500
v 26.193361 20.999268 25.727783
v 25.521437 20.790543 26.198853
v 26.037989 20.435654 26.040405
v 33.051872 24.060989 23.741119
v 33.833015 24.215393 24.284698
v 33.561615 23.882721 23.959839
v 33.051872 24.926224 23.741119
v 32.784492 24.493607 23.041107
v 33.051247 25.300934 22.946472
v 33.167198 25.068832 22.151825
v 33.669724 25.600876 22.505829
v 33.676941 25.247101 21.933105
v 33.494286 24.677811 21.907074
v 29.145502 28.482300 26.173828
v 30.269716 28.912994 26.414246
v 29.589960 29.082687 25.960022
v 29.160872 29.347748 25.287781
v 28.637426 28.345871 25.802185
v 28.190878 28.322250 24.968933
v 27.490877 28.054886 25.401550
v 27.490877 28.263962 24.665527
v 26.559637 28.061874 25.200867
v 26.520853 28.045074 24.321930
v 25.820852 27.777710 24.754547
v 25.820852 27.986786 24.018524
v 25.120852 28.045074 24.321930
v 25.230875 28.323288 23.585205
v 25.980051 28.481979 23.233459
v 24.530874 28.381577 23.888611
v 24.784937 28.895203 23.225922
v 24.174822 29.116028 23.584595
v 26.640879 27.730194 25.926880
v 27.438047 27.916702 26.281342
v 26.965548 27.204880 26.776886
v 28.233904 27.447891 27.009521
v 27.906740 26.672882 27.193268
v 27.490877 26.354874 27.101562
v 28.256937 25.859695 27.146759
v 28.712877 26.672882 27.305573
v 29.191851 25.897873 27.009521
v 28.754087 25.301849 26.669586
v 29.046598 24.965286 26.362091
v 29.527761 26.672882 27.074066
v 30.504904 25.723206 26.654419
v 30.143534 24.937958 26.332397
v 29.511877 24.476776 25.796295
v 30.842573 24.336533 25.781647
v 29.944502 23.985855 25.399689
v 29.232805 24.176453 25.464264
v 29.665430 23.685532 25.067657
v 30.409948 23.636536 25.514282
v 29.968828 22.985535 25.009369
v 29.232805 22.985535 24.800293
v 29.763655 22.254791 25.254028
v 29.102980 22.131439 24.970886
v 27.415770 21.784531 24.948883
v 27.804834 21.407822 24.796692
v 28.497297 21.731110 24.842163
v 27.225512 20.940338 24.984528
v 32.986954 28.342041 25.632935
v 33.812546 27.536957 25.216187
v 33.566223 28.265610 25.232758
v 33.332130 27.152252 25.693573
v 32.590355 27.909424 26.123840
v 32.615318 29.155975 26.280029
v 31.784876 28.040787 26.618988
v 32.231384 29.103668 26.804504
v 31.762850 29.021469 26.979462
v 31.047770 28.883621 26.821533
v 30.446844 27.927597 26.385712
v 31.092688 27.246246 26.708313
v 30.014219 27.227600 26.653107
v 29.191851 27.447891 27.009521
v 30.958136 26.489883 26.934540
v 31.784876 26.489883 27.059570
v 31.305902 25.714874 26.763550
v 32.273163 25.681091 26.874939
v 31.743666 25.118851 26.423584
v 32.633080 24.527695 26.553528
v 31.830793 24.170044 26.225555
v 33.132935 25.430130 26.406525
v 33.295563 24.814941 26.448975
v 33.855003 25.131592 26.009918
v 33.529533 25.862747 25.915619
v 33.675629 26.337372 25.659821
v 32.599762 26.489883 26.828064
v 32.263847 27.264893 26.763550
v 33.038857 26.968872 26.284546
v 33.993401 26.625778 25.240051
v 30.314589 22.548843 25.505554
v 30.808107 22.999176 25.724121
v 31.278009 23.624695 25.930847
v 28.904982 28.032150 26.551056
v 33.751869 25.193604 24.173737
v 33.856331 25.717682 23.187225
v 34.089294 25.247726 23.863586
v 34.058060 24.846405 24.147888
v 26.400522 20.364685 25.782166
v 26.794115 20.671249 25.340881
v 24.509901 19.461029 20.963623
v 20.728765 23.179871 24.454559
v 17.144579 15.475891 13.627258
v 14.613878 10.418274 13.432190
v 25.431555 -23.707466 12.146210
v 25.669783 -23.262405 12.909760
v 24.997950 -23.226723 12.848450
v 24.566305 -23.707466 12.146210
v 24.998930 -24.407463 11.878845
v 24.262907 -24.407463 12.087921
v 24.533651 -25.160294 12.166382
v 23.744925 -25.270569 12.407928
v 24.157499 -26.028008 12.152832
v 23.241014 -26.190125 12.216949
v 22.974203 -25.466644 12.727264
v 22.458376 -26.190125 12.561951
v 22.937616 -26.890121 12.158661
v 22.043875 -26.890121 12.412567
v 22.569204 -27.740128 12.087891
v 21.518545 -27.740128 12.087891
v 22.043875 -28.519890 11.949585
v 20.858133 -28.236908 11.595978
v 20.654364 -27.508636 11.713318
v 19.907785 -27.576302 11.124023
v 20.122389 -28.591904 10.808716
v 19.849501 -27.879700 10.424011
v 19.416876 -27.179703 10.691376
v 19.800497 -28.182175 9.966003
v 20.021868 -28.938255 9.908569
v 19.754492 -28.505630 9.208557
v 19.321867 -27.805634 9.475922
v 19.946886 -29.496170 9.553436
v 19.981977 -29.227989 8.794556
v 19.772886 -29.964012 8.794556
v 20.222769 -29.466507 8.231720
v 20.406736 -28.791122 8.404175
v 19.950808 -28.189240 8.755585
v 20.741491 -28.005882 8.437286
v 21.029486 -29.413147 7.901337
v 20.596174 -30.003120 7.564850
v 19.836172 -30.293419 8.034546
v 20.172659 -30.726730 7.444580
v 20.863550 -30.435745 6.864868
v 20.331942 -31.080910 6.660858
v 20.870829 -30.589958 6.354065
v 23.854860 -27.990128 11.578339
v 24.502550 -28.012314 11.872284
v 24.704561 -27.124947 12.044373
v 23.422235 -27.290131 11.845703
v 23.060331 -28.215126 11.803955
v 23.422235 -28.690125 11.845703
v 23.332792 -29.311111 12.187256
v 22.532156 -29.311111 12.082733
v 22.927736 -30.182106 12.344940
v 22.062487 -30.182106 12.344940
v 21.554895 -29.010155 11.960388
v 21.085878 -29.710152 12.227783
v 20.758505 -29.130424 11.536896
v 20.325880 -29.830421 11.804260
v 20.168524 -29.466911 11.103577
v 19.792887 -30.261017 11.334564
v 19.966887 -29.793175 10.575684
v 19.757795 -30.529198 10.575684
v 19.718649 -30.228996 9.714569
v 19.737795 -31.294052 9.553436
v 19.545881 -30.763123 8.794556
v 19.772886 -31.562233 8.794556
v 19.726194 -31.244904 7.997559
v 19.946886 -32.030075 8.035675
v 19.957899 -31.686134 7.227783
v 19.932596 -32.370041 7.759338
v 24.824877 -30.151749 13.910187
v 24.961977 -29.906876 14.325928
v 25.236631 -29.664536 13.589539
v 24.824877 -30.151749 13.044922
v 25.144728 -29.408676 12.847260
v 24.557501 -29.719124 12.344940
v 24.801966 -29.053665 12.303314
v 24.579756 -28.566460 11.973267
v 23.692251 -29.719124 12.344940
v 24.124876 -30.210037 12.741547
v 23.195112 -30.614731 13.044922
v 24.124876 -30.419128 13.477570
v 23.274878 -30.743797 14.002899
v 22.615881 -31.153862 13.563049
v 22.495111 -30.673019 12.741547
v 21.992887 -30.992554 12.979034
v 21.555582 -30.300125 12.564270
v 21.085878 -31.060127 12.854553
v 20.616175 -30.300125 12.564270
v 20.286768 -31.060127 12.627563
v 19.856169 -30.590424 12.094574
v 19.856169 -31.529831 12.094574
v 19.565882 -31.060127 11.334564
v 19.792887 -31.859238 11.334564
v 19.757795 -31.591057 10.575684
v 20.325880 -32.289833 10.864868
v 20.305880 -31.992828 10.129517
v 21.026995 -32.446495 10.500244
v 21.026995 -32.446495 9.634979
v 20.305880 -31.992828 9.264252
v 20.749060 -32.785973 8.965942
v 20.148527 -32.356339 8.563568
v 20.250257 -32.979408 8.240936
v 20.636728 -33.478783 8.563110
v 23.701998 -31.823257 15.372650
v 24.171125 -31.235771 15.804077
v 24.176477 -30.763725 15.383301
v 23.470865 -31.175797 14.889008
v 23.231134 -32.119125 14.923676
v 22.749548 -31.593796 14.327545
v 22.654360 -32.602150 14.406433
v 22.309225 -32.119125 13.592438
v 22.605703 -33.233482 13.136993
v 22.276789 -32.808006 12.869690
v 21.912622 -31.615501 13.101532
v 21.785879 -32.411407 12.437073
v 22.218504 -33.111404 12.169708
v 21.519182 -32.931152 11.586121
v 21.085878 -32.353119 12.133667
v 20.616175 -31.820129 12.564270
v 20.325880 -32.289833 11.804260
v 21.018312 -32.704590 11.334564
v 21.482607 -32.733559 10.629517
v 22.010771 -33.414871 11.002563
v 21.973516 -33.130157 10.196899
v 21.482607 -32.733559 9.764282
v 21.915228 -33.433556 9.496887
v 21.215231 -33.166183 9.064270
v 21.486601 -34.246162 8.827820
v 21.091261 -33.740227 8.785370
v 21.929502 -34.409500 9.288574
v 21.952425 -34.671440 8.733368
v 23.961878 -35.094025 7.563416
v 23.797266 -35.394325 7.034760
v 24.598558 -35.299049 7.076569
v 24.720762 -35.129112 7.831604
v 25.332773 -35.439461 7.138733
v 24.150118 -32.027557 15.549011
v 25.294268 -31.877884 15.987213
v 24.655321 -31.667595 15.980042
v 25.017252 -32.508125 15.430939
v 24.453516 -32.727554 15.490723
v 23.660944 -32.736244 15.232635
v 24.191877 -33.495125 15.424561
v 23.392767 -33.495125 15.197540
v 23.722174 -34.255127 15.134277
v 22.962172 -33.964828 14.664551
v 23.431879 -34.724831 14.374268
v 22.898886 -34.294235 13.904572
v 22.671881 -33.495125 13.904572
v 22.863794 -34.026054 13.145660
v 23.431879 -34.724831 13.434845
v 23.540819 -34.553665 12.665466
v 23.097788 -34.293053 11.960510
v 22.530905 -33.572060 12.379028
v 22.606878 -33.896454 11.527893
v 23.708368 -34.631897 11.803070
v 23.476877 -35.006454 10.938873
v 24.309607 -35.142265 11.298187
v 24.326876 -35.331123 10.413574
v 23.932436 -35.407738 9.914703
v 23.201880 -35.239830 9.568268
v 22.850534 -34.649223 10.478851
v 22.532759 -34.416527 9.856262
v 22.471441 -33.935822 10.504639
v 22.611902 -34.903343 9.134949
v 22.930269 -35.264259 8.207062
v 22.189638 -35.226601 8.322845
v 22.558332 -35.434036 7.823914
v 23.961878 -35.530121 9.098572
v 23.961878 -35.303116 8.299438
v 24.721876 -35.239830 8.628845
v 24.789965 -35.398727 9.741486
v 25.421877 -35.181541 8.932251
v 25.421877 -34.972450 8.196228
v 26.121878 -35.239830 8.628845
v 26.121878 -35.239830 7.763611
v 27.086485 -35.845642 8.022430
v 26.496477 -36.005875 7.006653
v 27.354750 -36.053505 7.419952
v 27.177896 -36.361404 7.039185
v 27.849810 -36.808563 6.885254
v 25.581964 -32.464111 15.361420
v 26.166395 -32.018509 15.089294
v 25.846064 -32.035408 15.547150
v 25.640249 -32.767509 14.661438
v 25.978254 -32.666496 14.186554
v 25.836340 -33.536880 13.972137
v 25.421583 -33.964828 14.664551
v 24.990988 -33.495125 15.197540
v 24.661581 -34.255127 15.134277
v 24.951876 -34.724831 14.374268
v 24.191877 -34.788116 14.703674
v 24.191877 -35.015121 13.904572
v 24.993227 -34.859306 13.451050
v 24.162436 -34.892738 13.088440
v 25.035101 -35.149536 12.563446
v 24.221300 -34.907333 12.119598
v 25.009607 -35.200554 11.601593
v 25.559935 -35.622009 12.151825
v 25.517786 -35.877113 11.260681
v 25.026876 -35.480515 10.828064
v 25.550486 -35.677635 10.342682
v 26.133879 -36.363449 10.703217
v 26.365370 -35.988892 9.839050
v 25.854502 -35.672455 9.328857
v 26.386484 -35.787354 9.191071
v 26.819109 -36.278267 9.587677
v 27.086485 -35.845642 8.887665
v 27.669878 -36.531456 9.248230
v 27.577394 -36.242241 8.455048
v 27.867456 -36.929115 9.871582
v 28.567457 -36.987404 9.568176
v 28.750879 -36.875450 8.412231
v 27.976885 -36.565048 7.867462
v 28.705500 -36.868385 7.386200
v 29.265623 -37.216049 7.986786
v 29.265623 -37.216049 7.121552
v 28.486769 -37.196075 6.785797
v 29.006666 -37.383667 6.523224
v 29.578642 -35.627365 6.075073
v 29.472475 -36.671242 5.988647
v 29.438505 -36.133522 5.396851
v 29.520357 -35.323967 5.375061
v 30.011267 -34.927368 5.807678
v 30.175753 -34.637001 5.137665
v 30.735888 -34.242966 5.771301
v 30.769903 -34.743332 6.507507
v 31.253092 -33.839012 6.137878
v 31.630087 -33.664459 8.082275
v 32.258728 -32.994972 7.637817
v 32.552429 -33.125664 8.471008
v 31.521193 -33.423950 7.242676
v 31.405874 -34.702126 7.878571
v 31.673254 -34.269501 8.578552
v 32.361023 -34.105087 9.300140
v 31.436384 -35.027519 8.337433
v 31.801855 -35.742386 9.102234
v 31.991583 -35.353844 9.911011
v 32.250481 -34.502670 9.650848
v 32.365852 -34.856789 10.175354
v 28.822615 -34.876755 12.443787
v 29.854536 -34.974930 12.467010
v 29.382189 -34.174332 12.791534
v 28.181017 -34.288124 12.732941
v 28.775537 -33.634598 13.001953
v 28.224489 -33.075813 13.147278
v 26.678251 -32.399124 13.753937
v 27.069429 -32.154587 13.952576
v 26.531538 -31.980736 14.511108
v 27.638853 -32.595436 13.463226
v 27.054876 -33.473244 13.044220
v 26.455595 -33.184311 13.617584
v 26.232939 -33.969505 13.481201
v 26.751478 -34.173241 12.985931
v 25.727011 -34.788116 13.168549
v 25.560049 -34.358902 13.952209
v 26.159636 -35.279030 12.771942
v 26.983877 -34.988121 12.928558
v 26.458548 -35.838127 12.603882
v 27.522455 -35.827118 12.733398
v 27.524042 -36.631248 12.221191
v 26.133879 -36.363449 11.753876
v 27.045935 -36.904434 11.344543
v 26.626841 -36.665154 10.869354
v 27.222879 -37.005096 10.431580
v 26.667715 -36.352463 10.088470
v 27.997877 -37.301117 10.910553
v 27.997877 -37.069633 11.725433
v 28.772875 -37.005096 11.389526
v 29.122164 -37.408379 10.133514
v 29.472876 -36.946808 11.086121
v 29.903040 -37.449249 10.446198
v 29.601877 -37.823097 9.614532
v 29.058367 -37.384003 9.135559
v 29.601877 -37.823097 8.656586
v 30.376875 -38.119118 9.135559
v 30.376875 -37.887634 8.320679
v 29.894667 -37.601364 7.561890
v 30.855848 -37.344124 7.881592
v 30.423506 -36.644577 7.462555
v 29.723509 -36.911949 7.029938
v 29.368135 -37.200798 6.337494
v 29.977964 -36.299667 6.844604
v 30.677961 -36.032295 7.277222
v 30.334848 -35.477127 6.624573
v 31.109854 -35.181099 7.103546
v 31.290907 -35.662666 7.764526
v 31.191759 -36.569122 7.817047
v 31.630850 -36.090149 8.360565
v 31.630850 -37.048096 8.360565
v 31.926874 -36.569122 9.135559
v 31.695383 -37.384003 9.135559
v 31.756170 -37.074539 9.997253
v 31.782492 -36.089867 9.911011
v 32.181412 -36.432205 10.895508
v 32.220116 -35.624283 10.588318
v 30.128492 -36.368256 11.907928
v 30.566851 -36.480507 12.096710
v 30.350809 -35.765007 12.308105
v 29.548784 -35.751122 12.019989
v 29.263243 -36.368256 11.907928
v 28.812761 -35.751122 12.229065
v 28.476851 -36.526123 12.164551
v 30.831308 -37.047249 12.071381
v 30.172876 -37.005096 11.389526
v 31.006277 -37.487099 11.020935
v 31.108110 -37.445442 11.734863
v 31.640932 -37.710213 11.525757
v 31.789122 -37.416466 10.602234
v 32.096703 -37.571770 11.235779
v 32.226692 -37.162819 11.056213
v 31.151873 -37.823097 9.614532
v 31.151873 -37.823097 8.656586
v 30.376875 -37.887634 9.950439
v 27.877619 -34.988121 12.674652
v 27.487501 -34.173241 12.776825
v 31.959589 -33.085220 6.925201
v 31.686586 -33.368156 6.472046
v 22.965940 -35.431007 7.314240
v 22.459448 -26.193741 8.490723
v 23.263945 -26.483078 8.164459
v 18.761095 -27.542328 8.927490
v 18.735994 -27.297493 9.771881
v 18.716875 -27.121414 10.388000
v 17.548876 -27.021118 11.138550
v 18.716875 -26.912323 11.124023
v -6.181044 2.838676 18.153534
v 11.617163 15.563522 13.094604
v 11.675451 15.260117 12.394623
v 11.184542 14.863510 11.961975
v 23.659494 -18.313377 4.758026
v 23.281950 -17.702507 4.346436
v 24.011957 -17.585487 4.429108
v -7.470636 -21.084496 14.613281
v -7.205425 -21.329720 15.170685
v -7.486107 -20.744591 15.103729
v -8.000118 -20.428452 14.935608
v -7.316982 -22.172691 15.062042
v -8.170637 -22.217117 14.180664
v -7.744076 -22.623833 14.863281
v -7.867237 -21.517120 14.122375
v -8.315378 -22.950180 14.796722
v -8.930916 -22.980293 14.619659
v -1.683605 -29.340790 12.011505
v -1.539400 -30.298454 11.918396
v -1.958384 -29.850899 11.847046
v -2.408436 -29.492470 11.592651
v -2.116228 -28.640793 11.744141
v -0.730051 -29.983467 12.283844
v -1.208406 -30.548935 12.187531
v -1.029133 -31.246964 12.404449
v -0.539209 -31.515121 13.148621
v -1.112114 -31.887154 12.519135
v -0.235809 -30.815125 13.090332
v 0.124069 -30.168343 12.597107
v 0.501389 -30.815125 13.415283
v 0.981876 -29.982231 12.624817
v 1.099081 -30.360245 13.448578
v 1.831875 -29.911453 12.993225
v 1.507206 -29.386131 12.143219
v 2.357204 -29.061455 12.668549
v 1.875620 -28.536125 12.072449
v 2.357204 -28.010796 12.668549
v 2.905636 -28.782181 13.285461
v 3.193220 -28.268486 13.747772
v 2.651583 -27.487419 13.986572
v 3.487173 -27.742775 14.473694
v 2.599966 -26.974297 14.846710
v 2.280943 -26.667305 14.277557
v 2.240484 -26.976814 13.504608
v 1.993258 -26.239326 13.451721
v 1.396822 -25.672226 14.015839
v 1.292227 -26.216446 14.790833
v 0.662388 -25.420235 14.525940
v 0.822876 -24.930794 13.617889
v 0.493872 -24.796860 14.209045
v 0.360205 -25.236794 14.973572
v -0.215004 -24.155884 14.677704
v -0.253756 -23.709793 13.868439
v -0.786804 -23.172211 14.726532
v -0.253756 -22.844543 13.868439
v -0.370905 -22.501328 14.244965
v 0.475388 -22.125641 13.723328
v -0.180012 -21.896729 14.371399
v 0.553772 -21.616455 13.917877
v 0.206583 -21.069824 14.568573
v 1.020521 -20.986076 13.774170
v 0.318729 -19.997009 14.392212
v 1.169168 -20.130592 13.852692
v 0.661860 -19.407059 13.454376
v 1.563499 -19.430984 13.515839
v 1.040991 -18.876633 13.015778
v 1.895983 -18.727791 13.064880
v 2.173212 -19.217758 13.789764
v 2.595984 -18.460419 13.497498
v 3.003170 -18.984123 14.185272
v 2.673765 -19.744125 14.248535
v 3.306570 -18.284126 14.126984
v 2.595984 -17.595169 13.497498
v 2.956566 -17.443596 14.189331
v 3.620296 -17.859756 14.528137
v -0.495676 -18.726776 14.928467
v -0.562006 -17.972572 15.041931
v -0.280222 -18.470360 15.450409
v -0.150372 -19.346565 15.801117
v -6.341213 -25.077553 18.357147
v -5.924246 -24.528786 18.874084
v -6.012569 -24.246498 18.357422
v -6.356165 -24.854965 17.269531
v -6.064266 -23.989967 17.732208
v -6.832123 -25.474152 17.924530
v -6.847075 -25.251556 16.836914
v -6.195770 -24.554489 16.696106
v -6.686680 -24.951088 16.263489
v -6.254057 -24.251091 15.996094
v -6.104908 -23.671402 16.945190
v -6.303085 -23.635139 16.136047
v -6.763798 -23.674263 15.599121
v -6.954058 -24.518463 15.563477
v -7.285547 -24.051796 15.454926
v -7.849495 -24.562355 15.620850
v -7.436401 -25.109726 16.158783
v -8.456516 -25.072899 15.856445
v -8.133921 -25.877220 16.312927
v -7.433920 -25.609848 16.745544
v -7.866543 -26.309845 17.012939
v -8.896196 -26.465935 16.855652
v -9.005047 -25.997414 16.470215
v -2.068691 -33.159584 14.724792
v -2.414520 -33.577286 14.376770
v -2.159431 -33.271843 13.662048
v -1.368690 -32.892204 14.292175
v -1.330107 -32.784775 13.465546
v -0.601124 -32.808113 13.967438
v -0.131416 -32.275124 13.536865
v 0.158875 -32.744827 14.296844
v 0.628582 -31.984825 14.006561
v 0.197989 -31.515121 13.473572
v 0.750153 -31.082497 13.931427
v 1.146753 -31.515121 14.422333
v 1.450153 -30.815125 14.364044
v 1.877584 -30.973129 14.613861
v 1.882776 -30.324211 13.967438
v 2.662237 -30.467102 14.469330
v 2.394859 -30.034477 13.769348
v 3.094860 -29.976189 14.072754
v 2.829008 -29.537399 13.310181
v 3.625792 -29.117126 13.744598
v 4.033585 -29.877129 14.132843
v 4.362989 -29.117126 14.069580
v 4.033585 -28.357124 14.132843
v 4.793583 -28.647423 14.602570
v 4.323875 -27.887421 14.892853
v 4.856867 -28.318016 15.362549
v 4.323875 -27.887421 15.832275
v 3.090876 -27.370895 15.279327
v 3.652323 -27.506447 16.324219
v 3.173214 -27.237663 16.268188
v 2.771852 -27.063904 15.648193
v 2.736876 -26.949417 16.671844
v 2.180761 -26.838135 16.013519
v 2.181875 -26.727417 15.216278
v 1.308178 -26.512932 15.572388
v 1.209311 -26.802040 16.667175
v 0.472452 -26.465744 16.050903
v 0.702972 -25.964195 15.167267
v -0.049860 -25.676636 15.632568
v -0.370070 -26.089081 16.365204
v -0.908907 -25.356171 16.061188
v -0.489794 -24.912117 15.498901
v -1.447746 -24.832352 15.627960
v -1.035769 -23.933578 15.239838
v -1.751146 -24.132355 15.569672
v -1.619274 -23.425095 15.490326
v -2.103790 -23.752396 16.034119
v -1.840717 -23.105522 15.846985
v -1.709846 -22.602867 15.823456
v -1.279749 -21.613129 15.524200
v -1.492678 -22.037163 15.922211
v -0.913795 -22.177010 14.824890
v -0.553415 -21.360123 15.038269
v -0.873461 -20.898773 15.844879
v -0.129908 -20.636513 15.158539
v -0.154778 -20.095352 16.055847
v -0.204515 -19.619812 15.050507
v -0.397188 -20.622795 16.375732
v -0.789248 -20.943558 16.515381
v -6.395048 -25.496109 19.101898
v -6.319733 -25.279167 19.644104
v -5.974230 -24.805168 19.393433
v -6.975718 -25.890129 19.506622
v -7.077085 -26.051544 18.653412
v -7.701401 -26.458023 19.080750
v -7.759123 -26.606979 18.204926
v -7.375633 -25.913246 17.445557
v -8.041594 -26.639091 17.621124
v -2.124357 -33.619499 15.411163
v -1.987896 -34.230370 16.158508
v -2.343075 -34.129234 15.589417
v -2.577282 -33.963921 14.983093
v -1.346697 -33.543129 15.851593
v -1.368690 -33.101295 15.028198
v -0.778126 -33.128448 15.555969
v -0.601124 -33.035118 14.766571
v 0.212193 -32.848572 15.238251
v -0.078125 -32.861069 15.988617
v 0.748852 -32.408340 15.668213
v 0.691866 -32.314232 14.766571
v 1.324768 -31.758560 15.104218
v 1.448853 -32.350052 15.971588
v 1.752102 -31.961006 15.843567
v 2.167875 -31.442833 15.373840
v 2.266943 -31.502945 16.312561
v 2.757853 -31.106346 15.843567
v 2.863876 -30.793365 14.997253
v 3.597660 -30.748337 15.352478
v 3.563877 -30.410118 14.563446
v 4.323875 -30.346832 14.892853
v 4.323875 -30.346832 15.832275
v 4.856867 -29.916237 15.362549
v 4.793583 -29.586830 14.602570
v 5.083878 -29.117126 15.362549
v 4.793583 -29.586830 16.122559
v 4.793583 -28.647423 16.122559
v 4.362989 -29.117126 16.655548
v 4.100317 -28.299240 16.668457
v 3.650696 -28.936157 17.296112
v 3.618128 -27.990494 17.144012
v 3.206583 -28.648827 17.901550
v 3.206583 -27.709419 17.901550
v 3.269867 -27.380013 17.141571
v 2.736876 -26.949417 17.611267
v 2.446585 -27.419121 18.371277
v 1.976877 -26.886131 17.940674
v 1.976877 -26.659126 17.141571
v 1.217993 -26.851044 17.672485
v 1.507170 -27.419121 18.371277
v 0.693167 -27.637169 18.018463
v 0.319407 -26.849533 17.556549
v -0.172079 -27.637169 18.018463
v -0.343672 -26.739113 17.722900
v -0.278780 -26.375031 16.844849
v -0.905125 -26.017799 17.304901
v -0.860979 -25.692482 16.797821
v -1.494173 -25.499702 16.841949
v -1.327852 -25.886803 17.586273
v -0.690725 -27.447121 18.242554
v -1.210146 -26.968147 18.657562
v -1.210146 -27.926094 18.657562
v -1.649239 -27.447121 19.201080
v -1.624870 -26.449181 19.137268
v -1.903900 -25.956657 19.029175
v -1.835367 -25.664963 19.614441
v -1.995485 -25.209366 18.925751
v -1.832188 -25.571732 18.174042
v -2.115625 -24.947731 17.936218
v -1.985083 -25.103104 17.274567
v -2.127209 -24.729179 16.946686
v -0.279989 16.022156 -14.977814
v -0.979795 18.546539 -14.019440
v -0.735746 17.408112 -13.488373
v -1.247171 18.113922 -14.719452
v -1.188795 17.097198 -14.594452
v -1.210749 -33.828445 16.688599
v -1.115444 -34.345970 17.157654
v -1.508579 -34.166069 16.643738
v -0.419027 -33.859200 17.566833
v -0.539436 -34.373024 17.668427
v -0.091127 -34.831863 18.109192
v 0.167253 -33.861137 17.876068
v 0.721947 -33.744156 18.055450
v 0.657316 -33.382500 17.499512
v 1.203894 -33.350471 18.071350
v 1.449875 -32.954453 17.065216
v 0.599876 -33.025230 16.696808
v -0.078125 -33.070160 16.724640
v 1.737921 -33.083382 17.630188
v 2.141525 -32.491554 17.484894
v 1.810389 -32.264404 16.543549
v 2.325230 -31.806343 17.012573
v 2.841526 -32.224182 17.917511
v 3.107683 -31.371231 17.387360
v 2.944853 -31.003220 16.687347
v 3.333584 -30.144501 17.024902
v 3.622761 -30.503494 16.196899
v 4.033585 -29.877129 16.592255
v 3.698208 -29.443382 17.181549
v 3.294870 -29.651360 17.644653
v 2.898270 -30.083984 18.135559
v 2.898270 -29.218735 18.135559
v 2.631529 -29.479111 18.941772
v 2.839983 -30.387383 18.835571
v 2.898270 -30.083984 19.535553
v 2.199541 -29.797768 19.444580
v 1.766918 -29.306854 19.048004
v 1.611563 -28.879120 18.817810
v 1.393877 -29.835022 19.729309
v 2.199541 -30.006859 20.180603
v 1.548742 -30.233131 20.543549
v 1.167830 -30.064743 20.240997
v 0.467829 -30.123032 19.937592
v 0.543879 -29.905800 19.360901
v -0.037052 -30.508400 19.732208
v -0.304430 -30.075775 19.032227
v -0.077522 -29.549629 18.621521
v -0.588745 -29.473175 18.660889
v -0.510145 -29.058716 18.224945
v 0.355101 -29.058716 18.224945
v -0.077522 -28.358719 17.957550
v 0.658501 -28.358719 18.166656
v 1.177765 -28.179123 18.434540
v -0.813545 -28.358719 18.166656
v -1.466179 -28.701828 18.721802
v -1.162779 -29.401825 18.780090
v -1.862780 -29.134453 19.212708
v -1.920176 -28.213799 19.236511
v -2.300795 -28.927345 19.519135
v -2.720890 -28.222572 19.497253
v -2.417490 -27.522575 19.555542
v -3.103146 -27.426727 19.821930
v -2.507463 -26.791794 20.557953
v -2.045839 -27.014496 19.691986
v -2.133120 -26.589882 20.268097
v -3.370523 -26.994102 20.521942
v -2.903856 -26.885544 20.853424
v -3.203045 -26.834221 21.468842
v -3.861433 -27.390701 20.954559
v -4.000710 -27.481842 21.797394
v -4.070522 -28.126724 20.954559
v -4.010483 -28.410141 21.725983
v -4.076336 -27.848709 22.240265
v -3.965057 -27.291588 22.353180
v 0.529301 -36.203117 18.398224
v 0.363033 -36.569511 17.628815
v 0.105705 -36.024864 18.040131
v 0.077833 -35.279831 18.213409
v 0.989325 -35.576775 18.755463
v 0.685925 -34.876778 18.813751
v 1.421947 -34.876778 19.022827
v 0.989325 -34.176781 18.755463
v 1.471272 -33.783096 18.771332
v 1.988543 -34.699074 19.107056
v 2.336517 -33.783096 18.771332
v 1.903894 -33.292183 18.374756
v 2.870544 -33.516006 18.330200
v 2.488024 -32.974640 17.954712
v 3.274149 -32.924179 18.184906
v 3.704876 -33.457123 18.196564
v 4.174583 -32.697121 18.486847
v 3.763760 -32.070755 18.882233
v 3.212046 -31.593842 18.235138
v 3.331137 -31.370758 19.149597
v 2.942152 -30.777504 18.020691
v 4.031137 -31.638130 19.582214
v 3.243263 -30.866623 19.535553
v 4.464874 -32.227417 19.246857
v 4.622227 -31.863907 19.947540
v 4.313583 -31.056419 20.519562
v 4.829861 -31.734612 20.505066
v 4.902868 -31.391792 20.953308
v 4.376867 -30.727013 21.279572
v 3.843876 -30.296417 20.809845
v 3.113319 -30.128510 20.463440
v 3.083878 -30.006126 21.279572
v 2.282526 -30.161942 20.826050
v 2.282526 -30.161942 21.733063
v 1.548742 -30.442223 21.279572
v 1.283432 -30.077652 22.058533
v 0.891621 -30.238060 21.416687
v 0.363020 -30.329819 20.944000
v -1.437054 -30.508400 19.732208
v -1.207394 -30.469070 20.723969
v -0.737053 -30.597527 20.453247
v -0.737053 -30.566689 19.428833
v -1.169676 -30.075775 19.032227
v -1.869677 -29.808403 19.464844
v -2.148077 -30.064743 20.240997
v -2.703787 -29.372948 20.048920
v -3.094252 -29.813774 20.824249
v -2.271164 -30.072952 21.181549
v -3.024553 -29.701004 21.646423
v -3.513615 -29.364571 21.300323
v -3.782841 -28.911049 21.312469
v -3.103146 -28.826721 19.821930
v -3.803146 -28.559349 20.254547
v -3.406546 -28.126724 19.763641
v -3.803146 -27.694099 20.254547
v -2.312191 -29.936287 21.697357
v -1.759792 -30.167831 21.333344
v 1.990879 -36.938240 17.957916
v 1.714062 -37.527412 16.916687
v 1.012686 -37.071877 17.336456
v 0.961924 -36.694031 18.001617
v 1.394547 -36.203117 18.398224
v 2.445206 -36.203117 18.398224
v 2.421165 -35.399071 18.839661
v 3.005987 -35.734612 18.831085
v 2.724566 -34.699074 18.897949
v 3.525328 -34.920853 18.798065
v 3.235168 -34.217125 18.486847
v 4.174583 -34.217125 18.486847
v 4.464874 -34.686829 19.246857
v 4.934582 -33.926826 18.956573
v 4.503988 -33.457123 18.423584
v 4.934582 -32.987419 18.956573
v 5.730089 -33.124123 19.677460
v 5.054850 -32.563904 19.680176
v 5.262484 -32.434608 20.237671
v 5.986155 -32.539665 20.455109
v 5.698404 -31.981651 20.911804
v 4.867777 -31.123611 21.712189
v 5.205620 -31.204140 21.957062
v 5.496574 -31.555641 21.428436
v 4.790195 -30.806046 22.555450
v 4.166084 -30.550873 22.090942
v 4.545853 -30.342155 23.109070
v 3.843876 -30.296417 22.614502
v 3.843876 -30.296417 21.749268
v 3.083878 -29.881660 22.186554
v 4.137257 -29.616714 23.407959
v 2.316311 -29.939949 22.489960
v 2.156029 -29.553299 22.827118
v 2.752012 -29.193375 23.100830
v 1.755966 -29.814674 22.536774
v -0.273096 -44.202126 17.714539
v -0.579584 -44.307823 16.824921
v -0.486298 -43.628769 16.894379
v -0.273096 -43.295670 17.714539
v -0.237444 -43.105415 17.158722
v 0.148262 -42.610825 17.349609
v 0.123505 -43.728294 18.205444
v 0.884020 -42.677147 18.287170
v 0.655813 -42.259155 17.629639
v 1.114723 -41.778809 17.765442
v 3.140051 -38.450653 16.865875
v 2.630363 -39.365738 16.921936
v 2.636429 -38.780075 16.605499
v 2.262215 -38.117699 16.648804
v 3.462860 -37.743065 17.310730
v 2.423502 -37.429153 17.561310
v 2.992596 -36.981216 17.952698
v 3.931877 -37.309135 17.801453
v 3.870726 -36.941589 18.467499
v 3.309387 -36.434608 18.772797
v 4.691875 -37.372421 18.130859
v 4.647545 -37.415039 19.310089
v 4.112305 -37.061066 19.982544
v 3.871614 -36.133034 19.849548
v 3.993151 -35.720749 20.657684
v 4.049101 -35.205002 19.716553
v 4.202240 -34.984726 20.657684
v 5.063948 -34.335617 19.710938
v 5.054850 -34.350342 20.618195
v 5.773046 -34.053520 20.137939
v 5.934832 -34.281990 20.801880
v 6.292482 -33.813408 20.299469
v 6.361696 -33.213699 20.172638
v -5.067286 -46.238174 18.979858
v -5.512814 -46.806526 19.164429
v -5.608078 -46.357689 18.625977
v -5.242651 -46.220276 18.071625
v -4.367285 -46.296463 18.676483
v -4.437706 -46.223061 17.668427
v -1.123325 -45.496269 17.351593
v -1.259829 -45.649414 16.615631
v -0.800800 -45.021667 16.605499
v -0.632416 -45.099670 17.784210
v -1.447050 -46.003319 17.447784
v -0.844780 -45.841225 18.714264
v -0.412125 -45.456100 18.606567
v 0.066853 -44.681099 18.310547
v 0.604284 -45.148300 19.212921
v 0.586273 -44.202126 18.725555
v 1.374182 -44.588470 19.475464
v 1.834206 -43.962128 19.118225
v 0.889673 -43.502129 18.667267
v 1.399929 -43.169563 18.690186
v 2.349236 -42.842552 19.123383
v 1.723379 -42.412125 18.644165
v 2.084854 -41.983261 18.604584
v 2.857271 -41.798103 19.004333
v 2.312258 -41.085266 18.416748
v 3.290585 -41.208130 18.667847
v 2.615231 -40.191971 18.088196
v 3.480476 -40.191971 18.088196
v 3.047853 -39.701057 17.691589
v 3.931877 -39.895119 17.801453
v 3.462860 -39.461189 17.310730
v 4.401585 -39.362129 17.370850
v 3.931877 -38.602127 17.080566
v 4.730989 -38.602127 17.307556
v 4.401585 -37.842125 17.370850
v 5.161583 -38.132423 17.840546
v 5.161583 -39.071831 17.840546
v 5.451878 -38.602127 18.600555
v 5.224867 -37.803017 18.600555
v 5.259958 -38.071198 19.359436
v 5.620092 -39.224518 19.619568
v 5.956587 -38.718422 20.209564
v 5.486876 -37.958420 20.499847
v 6.019869 -38.389015 20.969543
v 5.486876 -37.958420 21.439270
v 4.794443 -37.543663 20.969543
v 4.674334 -37.690163 21.704681
v 4.141527 -36.860374 21.308685
v 4.083241 -37.163773 22.008667
v 3.874151 -36.427750 22.008667
v 4.026886 -36.064255 21.472565
v 4.083241 -35.691727 22.008667
v 4.248251 -35.308182 21.415131
v 4.726885 -34.931633 21.905182
v 4.693150 -34.588127 21.090302
v 5.524626 -34.518364 21.467621
v 5.446968 -34.567398 22.200897
v -4.507774 -47.842453 19.996307
v -4.610359 -48.155540 20.012634
v -5.085276 -47.551086 19.716888
v -4.079500 -47.381721 19.719574
v -4.634663 -46.729088 19.376465
v -3.812122 -46.949097 19.019592
v -3.037123 -47.341927 19.428436
v -3.037123 -47.013634 18.683685
v -3.510958 -46.575249 18.187927
v -2.321123 -46.269234 17.885803
v -2.989740 -46.270370 17.468994
v -2.321123 -46.060143 17.149780
v -2.262123 -46.949097 19.019592
v -1.782413 -46.534378 18.500610
v -1.471125 -46.198456 18.254242
v -1.277403 -46.541222 18.981628
v -2.593122 -47.485229 19.828827
v -3.642529 -47.842453 19.996307
v -3.265177 -48.291763 20.559875
v -2.544125 -48.154099 20.961578
v -2.064415 -47.739380 20.442627
v -1.743124 -47.414452 20.197235
v -1.467299 -47.406647 21.125854
v -1.948088 -47.814156 21.440552
v -1.358124 -47.403496 21.908936
v -0.571241 -47.211487 21.399963
v -0.536125 -46.829453 20.642242
v -1.159731 -46.728638 19.836670
v 0.047268 -46.143639 20.281677
v -0.661461 -46.102776 19.396118
v 0.082874 -45.936455 19.783234
v 0.709219 -45.579224 20.243256
v 0.978384 -45.774895 20.786041
v 1.409220 -45.520935 20.546661
v 1.910875 -45.286362 20.344238
v 1.793268 -45.463638 21.289673
v 2.610876 -45.130119 20.709564
v 2.610876 -44.903114 19.910461
v 1.709236 -44.960098 19.816345
v 3.370874 -44.839828 20.239838
v 3.080584 -44.370125 19.479858
v 3.907490 -44.172958 19.866455
v 3.408813 -43.610123 19.300690
v 2.672791 -43.610123 19.091614
v 3.085258 -42.842552 19.332458
v 3.516876 -42.506126 19.292572
v 4.042206 -43.356133 19.617218
v 4.410620 -42.506126 19.546448
v 3.801188 -41.690079 19.078949
v 4.551901 -41.386612 19.384705
v 4.104588 -40.990082 19.020660
v 4.690464 -40.495415 19.321533
v 4.445158 -40.306564 18.543884
v 5.203119 -39.750031 19.177338
v 4.691875 -39.831833 18.130859
v 5.224867 -39.401237 18.600555
v 5.289705 -40.031235 19.672943
v 4.836205 -40.765022 19.953217
v 5.561075 -40.487793 20.443207
v 5.956587 -39.657829 20.209564
v 6.019869 -39.987236 20.969543
v 6.246874 -39.188126 20.969543
v 5.956587 -39.657829 21.729553
v 5.956587 -38.718422 21.729553
v 5.525988 -39.188126 22.262543
v 5.196583 -38.428123 22.199280
v 4.726877 -39.188126 22.489563
v 4.252495 -38.420555 22.346649
v 3.819872 -39.188126 22.614014
v 3.516472 -38.420555 22.555725
v 3.941572 -37.645668 22.454712
v 3.119871 -37.987930 23.046631
v 3.122000 -38.981461 23.161591
v 2.727528 -38.606125 23.767456
v 2.727528 -37.669876 23.767456
v 3.054138 -36.952118 24.056885
v 2.354137 -37.219490 24.489502
v 2.775515 -36.501297 24.786346
v 3.487875 -36.362831 24.392273
v 4.020866 -35.932236 23.922546
v 3.957582 -35.602829 24.682556
v 4.389254 -35.406509 23.968567
v 4.282967 -35.145607 22.972504
v 4.025877 -35.924126 22.823547
v 5.055210 -34.617386 23.686188
v 4.725876 -34.791504 22.390930
v 5.256544 -34.626289 22.921021
v 4.321093 -34.902145 24.839905
v 4.543102 -34.529091 25.053162
v 4.066093 -34.496651 25.572968
v 4.799156 -34.608086 24.391205
v 3.197584 -35.893127 25.152252
v 2.274374 -35.934479 25.286743
v 2.727877 -35.200699 25.567017
v 1.820871 -35.200699 25.567017
v 1.517471 -35.900696 25.508728
v 1.172081 -35.067863 26.351562
v 0.805853 -36.100075 26.029694
v 0.409252 -35.667450 26.520599
v 0.771238 -35.266525 26.669403
v 0.531837 -35.338676 27.314819
v 0.141876 -36.100075 27.220612
v 0.215374 -35.855026 27.806305
v 0.057674 -36.404465 28.386871
v -3.104319 -48.664642 21.595978
v -4.198214 -48.821381 22.241516
v -3.952873 -48.821381 21.408569
v -3.265177 -48.291763 22.321259
v -2.544125 -48.154099 21.919525
v -2.840147 -47.675125 22.694550
v -2.003370 -47.478149 22.300385
v -2.471775 -46.966805 22.852814
v -1.585157 -46.963921 22.734711
v -1.975992 -46.450638 23.294464
v -1.131958 -46.466248 23.652191
v -0.658123 -46.904633 23.156433
v -0.658123 -47.136116 22.341553
v 0.116877 -46.840096 22.820526
v 0.116877 -46.840096 21.862579
v 0.712914 -46.500153 22.382782
v 0.277880 -46.393997 21.182678
v 1.209875 -46.149452 21.650238
v 1.209875 -46.149452 22.700897
v 1.805983 -45.667870 22.175568
v 1.794790 -45.425766 23.070099
v 2.334148 -44.986557 22.548615
v 2.669760 -44.996490 21.543884
v 3.369761 -44.729111 21.976501
v 3.370874 -44.839828 21.179260
v 4.244207 -44.468109 21.469513
v 3.960852 -44.503342 20.673157
v 4.478559 -44.057564 20.395752
v 4.965887 -43.765450 20.828094
v 4.892204 -43.031456 20.142548
v 5.373922 -42.696777 20.658447
v 4.892204 -41.980797 20.142548
v 5.354319 -41.706169 20.661499
v 5.687208 -42.296791 21.389557
v 5.586147 -41.477066 21.433899
v 5.719732 -40.761192 21.317230
v 5.310585 -40.862701 22.279083
v 5.707186 -40.430077 21.788177
v 5.257811 -39.947006 22.297638
v 4.725615 -40.705032 22.645599
v 4.252495 -39.955696 22.346649
v 3.817347 -40.754364 22.677185
v 3.516472 -39.955696 22.555725
v 3.117346 -40.486992 23.109802
v 3.119871 -39.523071 23.046631
v 2.850126 -39.951180 23.267303
v 2.453526 -40.383804 23.758209
v 2.453526 -39.518555 23.758209
v 2.027637 -40.097824 24.559235
v 2.208536 -39.287605 24.585785
v 1.710854 -39.876099 25.368561
v 1.767506 -38.923294 25.473694
v 1.878128 -38.063499 25.000519
v 2.354137 -38.084740 24.489502
v 1.481527 -38.496124 25.491455
v 1.161270 -37.718750 25.800323
v 1.557871 -37.286125 25.309418
v 1.116423 -36.820847 25.828156
v 1.991854 -36.668259 25.215546
v 0.674973 -37.220825 26.346893
v 0.382318 -36.674347 26.665283
v 0.355387 -37.681236 26.809937
v -0.049238 -36.819893 27.562439
v -0.049238 -37.685143 27.562439
v -0.316614 -37.252518 28.262421
v -0.683146 -37.804131 28.414551
v -0.164179 -38.724419 27.999817
v -0.986546 -38.504128 28.356262
v -1.502356 -38.532578 28.690277
v -1.829237 -37.757126 28.722351
v -1.191580 -37.348007 29.163910
v -1.906471 -36.557823 28.920441
v -1.391018 -36.882347 29.837830
v -1.853876 -36.377785 29.573853
v -0.815668 -37.134995 29.618469
v -2.408791 -35.970596 29.230896
v -2.606472 -36.290451 28.487793
v -2.917114 -36.080223 28.695404
v -3.605106 -36.299828 28.338959
v -2.761383 -46.230400 23.376556
v -2.297958 -45.875603 24.117615
v -3.300438 -45.752403 23.822540
v -3.692638 -46.200127 23.145660
v -3.291622 -46.915260 23.098267
v -4.261833 -46.865662 22.890076
v -3.775064 -47.713303 22.831757
v -4.507774 -47.842453 22.820801
v -0.658123 -45.946114 24.114960
v -0.668640 -45.627800 24.618927
v -1.429287 -45.852119 24.492035
v -0.099695 -45.158882 24.708923
v 0.240417 -45.637093 23.809235
v -0.179146 -46.361122 23.595520
v 0.885206 -45.624130 23.550903
v 0.572308 -45.147163 24.149841
v 1.272308 -44.879791 23.717224
v 0.712471 -44.123871 24.230194
v 1.616459 -44.164864 24.008148
v 2.288370 -44.749115 23.532898
v 2.720993 -44.258202 23.929504
v 2.779877 -44.717499 22.965942
v 3.479877 -44.450119 23.398560
v 3.545877 -44.665359 22.658295
v 4.364708 -44.383949 23.119324
v 4.311876 -44.522118 22.239563
v 5.161875 -44.197449 22.764893
v 5.161875 -44.197449 21.714233
v 5.757982 -43.715866 22.239563
v 5.687208 -43.347450 21.389557
v 6.011873 -42.822121 22.239563
v 5.687208 -43.347450 23.089569
v 5.687208 -42.296791 23.089569
v 5.757982 -41.928375 22.239563
v 5.255203 -41.410667 22.893555
v 5.056772 -41.913788 23.507874
v 4.247444 -41.343948 23.136932
v 4.239876 -41.700417 23.868256
v 3.547443 -41.285660 23.440308
v 3.479877 -41.637131 24.197662
v 3.047255 -41.146217 23.801086
v 2.578238 -41.580147 24.291779
v 2.265726 -40.677094 24.169342
v 1.751017 -41.131088 24.657349
v 1.886662 -41.761108 24.315918
v 1.156878 -41.214500 24.160950
v 1.288988 -40.724777 25.142883
v 0.456877 -40.947121 24.593567
v 0.490217 -40.822105 25.420288
v 1.034903 -40.256943 25.909302
v 0.364794 -40.792213 26.290802
v 0.542973 -40.352638 26.460571
v 0.907471 -39.499870 26.745117
v 1.370905 -39.397125 25.964600
v 0.497778 -39.990868 27.198273
v 0.510870 -39.067245 27.236023
v 0.683971 -38.501823 26.852905
v 1.041204 -38.041794 26.226562
v 0.292204 -38.271797 27.396545
v 0.091854 -39.500153 27.935547
v 0.091854 -40.458099 27.935547
v -0.347239 -39.979126 28.479065
v -0.683146 -39.204124 28.414551
v -1.162123 -39.979126 28.710571
v -1.641378 -39.203674 28.566162
v -2.264936 -40.007080 28.942535
v -3.286339 -39.089066 28.902771
v -2.238379 -38.532578 28.481171
v -2.877407 -38.457123 28.452362
v -2.574007 -37.757126 28.394073
v -3.373152 -37.983292 28.013977
v -3.069752 -37.283295 27.955688
v -2.303072 -36.990448 28.429535
v -3.805775 -37.283295 27.746582
v -4.250216 -37.891380 28.161591
v -4.449314 -37.238869 28.064240
v -3.646095 -38.533882 28.403076
v -2.968569 -39.802376 29.280060
v -2.966133 -40.502480 29.335999
v -2.838818 -41.178658 28.944183
v -1.635958 -40.859253 28.471191
v -2.077181 -41.514549 27.969513
v -1.162123 -41.297638 27.975433
v -1.594746 -41.788551 27.578857
v -0.828064 -41.823997 27.307892
v -1.058224 -42.710899 27.075317
v -1.555279 -42.858406 27.249146
v -0.831097 -42.582649 26.673248
v 0.240417 -43.569160 23.809235
v -0.461094 -43.489059 24.269470
v -0.057648 -44.062538 24.504547
v -0.085110 -43.098595 23.522095
v 0.889500 -43.047119 23.460938
v 1.428600 -43.630119 23.801086
v 1.732000 -42.930122 23.742798
v 2.190062 -43.399139 24.257629
v 2.190062 -42.461105 24.257629
v 2.680765 -42.930122 24.691559
v 3.010170 -43.690125 24.628265
v 3.479877 -42.930122 24.918549
v 3.949585 -43.690125 24.628265
v 3.479877 -44.223114 24.197662
v 4.239876 -44.159828 23.868256
v 4.709583 -43.399826 24.158569
v 4.965887 -43.765450 23.651001
v 5.227755 -42.930122 23.742798
v 4.709583 -42.460419 24.158569
v 4.278990 -42.930122 24.691559
v 3.949585 -42.170120 24.628265
v 3.010170 -42.170120 24.628265
v 1.589500 -41.914497 23.893555
v 1.192900 -42.347122 23.402649
v 0.889500 -41.647125 23.460938
v 0.456877 -42.347122 23.193573
v 0.024254 -41.647125 23.460938
v 0.456877 -41.156212 23.857544
v -0.352488 -41.265976 24.222107
v -0.745247 -42.043373 24.065186
v -1.003029 -42.060524 24.482574
v -0.243124 -41.102219 24.967072
v -0.734034 -41.498817 25.399689
v -0.243124 -41.102219 25.832306
v -0.675747 -41.802216 26.099701
v -0.281996 -41.289757 26.686737
v -0.476995 -41.820450 26.670410
v -1.003029 -42.348938 24.949219
v -0.910690 -42.666740 25.410492
v -0.752102 -42.702217 26.062012
v -0.725819 -42.432915 23.831879
v -0.581612 -42.954666 23.920990
v -0.387123 -41.233101 27.639526
v -0.683146 -40.754128 28.414551
v 0.156387 -40.794006 27.160553
v -2.004425 -45.976494 16.510345
v -1.858150 -26.162361 20.104980
v 1.976877 -28.179123 18.661560
v 2.775990 -28.179123 18.434540
v -0.778126 -33.128448 16.421234
v -1.330988 -21.461967 16.325867
v -2.167177 -24.377701 16.293915
v -1.715124 -25.264977 16.327942
v -1.051472 -17.898643 14.439819
v -1.152472 -18.868393 13.720520
v -1.597101 -18.257523 14.062408
v -2.248138 -18.486748 13.618408
v -1.782007 -19.272041 13.277618
v -1.023123 -19.307129 13.009460
v -0.200340 -19.246399 13.503998
v -0.323122 -19.248840 12.706055
v 0.444445 -18.955658 12.901550
v 0.314795 -18.801147 12.300995
v -0.327240 -19.241470 11.597565
v 0.163670 -18.844872 11.093933
v 0.896484 -18.053749 12.147339
v 0.545191 -17.600586 11.243683
v 0.907000 -17.100296 12.085266
v 1.163860 -17.621124 12.847321
v 1.463360 -18.027794 12.797516
v 1.895983 -17.327797 13.064880
v 2.199383 -18.027794 13.006592
v 0.975847 -16.795113 12.646454
v 1.126604 -16.276070 12.023224
v 0.650887 -15.786674 12.897156
v 1.017378 -16.317604 13.110107
v -3.033033 -18.811134 12.444672
v -3.301369 -17.784561 12.634644
v -2.879677 -18.381996 13.074249
v -2.482008 -19.213753 12.974243
v -2.542124 -19.207733 12.012054
v -1.782007 -19.481133 12.541595
v -1.842123 -19.357124 11.597565
v -1.025183 -19.512535 12.187317
v -1.027241 -19.508850 11.093933
v -1.842123 -19.475113 10.750427
v -1.027241 -19.299759 10.357910
v -0.327240 -19.241470 10.661316
v -0.594618 -18.808846 9.961304
v 0.171583 -18.312576 10.424408
v -0.225019 -17.879944 9.933502
v -0.038084 -16.959099 10.180481
v -0.894842 -17.651047 9.754913
v -1.106100 -18.075111 9.559509
v -1.547882 -17.146698 9.654022
v -1.842123 -18.075111 9.350433
v -1.409500 -18.775108 9.617798
v -2.274746 -18.775108 9.617798
v -2.716528 -17.846695 9.595734
v -2.413128 -17.146698 9.654022
v -2.144764 -16.259102 10.238770
v -1.243124 -16.259102 10.238770
v -0.341484 -16.259102 10.238770
v 0.410572 -16.401276 10.751862
v 0.159227 -15.576073 10.890594
v 0.859228 -15.843445 11.323212
v 0.859228 -16.708694 11.323212
v 0.426605 -15.143448 11.590607
v 0.917515 -15.540047 12.023224
v 0.239103 -14.909615 12.500183
v -0.068741 -14.544075 11.690033
v -0.138437 -14.587151 12.266846
v -0.768742 -14.454948 12.411072
v -3.747086 -17.421471 11.655396
v -3.499138 -16.887711 11.655396
v -3.499138 -17.176132 12.122070
v -3.376945 -17.029457 10.899139
v -3.430107 -17.850395 10.871033
v -3.537996 -18.157494 11.655396
v -3.066324 -18.673195 11.389557
v -3.102224 -18.696930 10.768524
v -2.542124 -19.207733 11.183044
v -2.542124 -19.207733 10.317810
v -3.043938 -18.393524 10.068542
v -3.118492 -17.007729 10.518250
v -2.412142 -15.826477 10.938782
v -2.747919 -16.205788 11.188324
v -2.974285 -16.774391 10.607361
v -2.480257 -15.645920 11.724945
v -1.922245 -15.277855 11.409729
v -1.712141 -15.768188 10.635376
v -1.201365 -14.976700 10.990021
v -0.771425 -15.722443 10.679016
v -0.336119 -14.976700 10.990021
v -0.768742 -14.485786 11.386627
v -1.468742 -14.544075 11.690033
v -1.954144 -15.064323 12.169128
v -1.399044 -14.587151 12.266846
v -1.842123 -19.266022 10.014404
v 2.209965 -17.105392 13.803894
v 4.129658 -18.204391 14.666412
v -1.615307 -2.010155 15.412903
v -1.513947 -2.601967 16.043213
v -1.706881 -2.726234 15.480103
v -1.847878 -3.074226 14.893066
v -1.124397 -1.613556 15.845520
v -1.124397 -1.613556 14.980286
v -0.857019 -2.046181 16.545532
v -1.047279 -2.601967 16.509857
v -0.525530 -2.512840 16.654083
v 10.747438 17.551437 11.589447
v 22.139597 -16.414177 2.635834
v 22.391989 -16.036636 3.215851
v -2.336506 -25.685783 8.808502
v -2.714046 -25.799149 8.594238
v -2.122076 2.632034 12.966492
v 14.326063 23.300095 12.425171
v 14.457190 23.018845 11.494171
v 14.615053 23.785950 11.383301
v 14.776609 24.203171 12.011963
v 3.487442 0.423592 10.554413
v 4.699780 1.401947 9.737854
v 4.182066 1.660789 9.827789
v 3.414499 1.517876 10.302185
v 3.749443 2.151703 9.431213
v 5.914251 0.384995 9.233276
v 12.186083 -3.858810 7.312805
v 16.051336 -8.537796 2.206512
v 10.692900 -20.891342 5.622955
v 12.738546 -5.794121 2.746216
v 5.441877 -5.603416 4.312866
v 6.201876 -5.540131 3.983459
v -4.664923 -25.827934 -36.496887
v -3.884853 -26.657272 -36.066803
v -3.912331 -26.215202 -35.460480
v -4.236008 -26.503494 -37.140106
v -4.937122 -26.346832 -37.504730
v -5.406830 -25.586830 -37.214447
v -5.470114 -25.916237 -37.974426
v -5.697124 -25.117126 -37.974426
v -5.406830 -25.586830 -38.734436
v -5.285337 -24.589951 -38.912903
v -4.976236 -25.117126 -39.267426
v -4.579636 -24.684502 -39.758331
v -4.896467 -24.099846 -39.791382
v -4.485508 -24.367630 -40.468445
v -4.112467 -24.971222 -40.237885
v -4.082232 -24.846870 -41.168457
v -4.336124 -23.953125 -41.168457
v -4.011452 -24.478455 -42.018433
v -4.011452 -23.427795 -42.018433
v -3.751871 -24.094475 -42.653625
v -3.330101 -23.822151 -43.077454
v -3.330101 -24.780098 -43.077454
v -2.891008 -24.301125 -43.620941
v -2.652372 -25.016159 -43.622131
v -2.228785 -24.392456 -44.176971
v -1.952372 -25.283531 -44.054749
v -1.877855 -24.918686 -44.767700
v -1.672451 -25.856186 -44.888550
v -1.489941 -25.562477 -45.367249
v -1.453817 -24.424469 -45.375854
v -0.719072 -24.619804 -46.035400
v -0.990007 -23.853127 -45.999939
v -0.175123 -23.853127 -46.231445
v -0.654100 -23.078125 -45.935425
v 0.298712 -22.973000 -45.992065
v 0.560900 -23.853127 -46.440521
v 0.902533 -22.943314 -46.012482
v 1.270241 -23.594490 -46.665924
v 1.714745 -22.851692 -46.282806
v 1.517500 -22.387375 -45.515594
v 2.392088 -22.226982 -45.814758
v 2.132469 -21.831444 -45.018677
v 1.267223 -21.831444 -45.018677
v 2.826742 -21.631729 -45.279358
v -3.409557 -26.703300 -37.712799
v -2.940495 -27.021927 -37.249573
v -3.518366 -26.969803 -36.726074
v -2.332140 -26.702377 -37.714722
v -2.600229 -26.133461 -38.083771
v -3.417126 -26.346832 -38.444153
v -4.177124 -26.637123 -37.974426
v -4.177124 -26.410118 -38.773560
v -4.937122 -26.346832 -38.444153
v -4.646832 -25.877129 -39.204163
v -3.708107 -25.976189 -39.264252
v -4.379845 -25.403847 -39.537903
v -3.477123 -25.519638 -40.025726
v -2.867607 -25.700836 -39.649017
v -2.636124 -25.535133 -40.321320
v -3.621557 -25.367821 -40.670502
v -2.636124 -25.653122 -41.168457
v -3.486122 -25.328453 -41.693787
v -2.076124 -25.738838 -41.496307
v -2.851124 -25.555099 -42.781403
v -3.467768 -25.181808 -42.356384
v -2.113852 -25.961029 -42.290710
v -2.142805 -25.713371 -43.149780
v -1.486515 -26.144348 -42.456970
v -1.651896 -26.109970 -43.582397
v -1.064356 -26.581551 -42.830719
v -1.420122 -26.670769 -43.651398
v -1.630493 -26.364403 -44.285156
v -0.066288 -24.925087 -46.168091
v 0.311237 -25.590431 -46.529358
v -0.493359 -25.613113 -46.307556
v 0.669735 -24.925087 -46.377197
v 0.846724 -25.212883 -46.673553
v 1.105232 -24.473190 -46.799683
v -2.167606 -25.642548 -38.480377
v -1.509996 -25.853287 -38.965637
v -1.829029 -26.204582 -38.203888
v -2.097502 -25.445816 -39.406586
v -2.867607 -25.700836 -38.783752
v -1.376045 -25.811539 -39.920837
v -2.027395 -25.667267 -40.332794
v -1.149014 -25.978813 -41.044128
v -8.495800 -14.298790 1.218903
v -9.062057 -15.035637 1.039978
v -8.919342 -14.431229 0.852631
v -1.941633 -21.420235 -43.012817
v -2.252892 -20.916611 -42.197937
v -3.005163 -20.737122 -41.505402
v 7.453829 -14.042000 -25.657806
v -5.742235 -18.921127 -34.331451
v -23.282085 -11.513130 -12.117767
v -23.280434 -12.166985 -12.089447
v -23.383530 -11.670883 -11.499084
v -23.591375 -10.890060 -11.746735
v -23.340372 -11.816528 -12.817749
v -23.370348 -12.441399 -12.785828
v -23.742519 -12.172562 -13.162354
v -24.363693 -11.724014 -13.304504
v -24.349663 -10.926086 -12.879364
v -24.082287 -10.493462 -12.179352
v -25.147341 -10.661964 -12.870422
v -24.540253 -10.144676 -12.089691
v -25.133751 -10.096535 -12.414825
v -25.021439 -9.922295 -11.968079
v -24.733677 -11.118690 -13.093719
v -21.829700 -9.973007 -22.074799
v -22.771038 -10.463463 -22.376984
v -22.451448 -9.636032 -22.574219
v -21.755287 -9.350060 -22.227539
v -20.964455 -9.973007 -22.074799
v -21.397078 -10.673004 -21.807434
v -20.661055 -10.673004 -22.016510
v -20.964455 -11.373001 -22.074799
v -22.133101 -10.673004 -22.016510
v -22.374632 -11.399734 -21.917572
v -23.114508 -11.189369 -22.343353
v -22.807255 -12.099731 -22.184937
v -21.942009 -12.099731 -22.184937
v -22.374632 -12.590645 -22.581543
v -21.676975 -12.830620 -22.956787
v -21.121428 -12.056778 -22.513550
v -21.095747 -12.563103 -23.082581
v -20.230499 -12.563103 -23.082581
v -20.105339 -11.866104 -22.606781
v -19.344614 -12.366730 -23.007568
v -19.311235 -11.635124 -22.982422
v -19.777239 -13.066727 -23.274963
v -18.587795 -12.842171 -23.002808
v -18.847471 -13.563873 -22.700317
v -18.333172 -13.345459 -22.252075
v -17.752125 -12.864830 -22.159149
v -18.042418 -12.395126 -22.919159
v -18.208603 -13.294785 -21.187500
v -17.593124 -12.847519 -21.420837
v -17.593124 -12.847519 -20.555573
v -18.350025 -13.631233 -20.269440
v -17.859116 -13.234634 -19.836823
v -18.657763 -14.129158 -19.463776
v -18.166851 -13.732559 -19.031158
v -17.466850 -13.674271 -18.727753
v -16.893124 -13.134224 -19.469543
v -16.792400 -13.673729 -18.763977
v -16.327124 -13.154984 -19.205444
v -15.861847 -13.673729 -18.763977
v -16.327124 -14.162231 -18.198181
v -17.137398 -14.231941 -17.860779
v -16.327124 -14.416122 -17.304443
v -15.627124 -14.565514 -17.718933
v -15.627124 -14.683502 -16.871826
v -15.136212 -15.080101 -17.304443
v -16.327124 -14.625214 -16.568420
v -15.901989 -14.933113 -16.025452
v -16.640114 -14.979797 -15.771210
v -16.068951 -14.503891 -15.241791
v -15.350755 -14.207077 -15.663177
v -15.689247 -13.640121 -14.945221
v -16.207417 -14.109825 -14.529449
v -16.235748 -13.240746 -14.376434
v -15.919087 -12.679581 -14.895538
v -15.103124 -12.808121 -15.076447
v -15.566403 -11.851051 -15.191101
v -14.573772 -12.317177 -15.034393
v -15.006396 -11.617180 -15.301788
v -14.270372 -11.617180 -15.092682
v -13.704453 -12.232796 -14.398438
v -13.789112 -11.276047 -14.500122
v -13.347219 -11.827576 -13.772095
v -13.222866 -12.758125 -13.802338
v -12.816051 -12.238174 -13.245758
v -12.502435 -12.850853 -13.238403
v -12.805835 -13.550850 -13.180115
v -13.309412 -13.766457 -13.851013
v -13.220122 -14.218361 -12.592743
v -12.627009 -13.882042 -12.461853
v -16.841167 -14.503006 -13.292419
v -16.542461 -14.176994 -12.643372
v -16.560606 -14.967766 -12.858154
v -16.578764 -15.647057 -13.351685
v -16.827606 -15.356453 -14.047485
v -16.785215 -15.898087 -14.050934
v -17.150404 -16.167679 -14.551514
v -24.770123 -13.350174 -15.158478
v -24.147240 -13.961044 -14.677216
v -24.236366 -13.350174 -14.910553
v -25.966499 -15.544121 -14.821075
v -25.648252 -16.150429 -14.307129
v -25.047028 -15.916344 -14.121094
v -26.383694 -16.336441 -14.291077
v -26.772636 -15.544121 -14.933350
v -26.399124 -14.844124 -15.088440
v -25.487244 -14.768669 -14.965454
v -24.595564 -15.224564 -14.111725
v -24.334358 -14.621925 -14.316223
v -25.788309 -13.711609 -15.232300
v -26.943071 -14.077446 -15.284485
v -27.460863 -13.083855 -14.965668
v -26.192747 -12.814331 -14.958618
v -26.676998 -12.732506 -14.744263
v -26.073963 -14.693108 -24.558411
v -26.792898 -14.821030 -24.880707
v -26.411894 -14.290398 -24.843536
v -25.676792 -13.896492 -24.982117
v -25.337938 -14.693108 -24.767517
v -25.066647 -13.583168 -25.183350
v -24.579054 -14.403244 -25.236511
v -24.072334 -13.687729 -25.056244
v -23.578419 -14.402122 -25.138153
v -23.201147 -13.889717 -24.517822
v -23.573675 -12.885948 -24.225586
v -22.905125 -13.410744 -23.742828
v -23.298170 -12.811043 -23.537109
v -22.637749 -12.978119 -23.042816
v -23.306545 -12.358482 -22.992645
v -22.205124 -13.469032 -23.439423
v -22.349506 -13.948288 -24.214874
v -21.188452 -13.650116 -23.960754
v -21.510250 -14.500122 -24.167450
v -20.704098 -14.712868 -24.311096
v -20.137794 -13.650116 -23.960754
v -20.663124 -13.054016 -23.479187
v -19.697861 -14.414642 -24.094421
v -19.287794 -13.974792 -23.435425
v -18.902424 -14.769135 -23.495300
v -18.963123 -14.500122 -22.585449
v -18.870539 -15.327583 -22.624512
v -19.033171 -14.478081 -21.819427
v -18.824081 -13.742058 -21.819427
v -18.765795 -14.045456 -21.119446
v -19.040951 -14.617722 -21.305878
v -19.155689 -14.934822 -20.767365
v -18.695019 -14.413872 -20.269440
v -19.155689 -14.934822 -19.771515
v -19.422779 -15.449219 -20.230988
v -19.453018 -15.324867 -19.300446
v -18.762163 -14.538055 -18.845581
v -19.415762 -15.040154 -18.494781
v -19.351135 -15.024231 -17.927429
v -18.860222 -14.627632 -17.494812
v -18.013178 -14.285866 -18.100739
v -18.160223 -14.569344 -17.191406
v -18.634605 -14.541451 -16.685486
v -17.934605 -14.808830 -16.252869
v -17.142006 -14.473488 -17.072052
v -17.437122 -14.933113 -16.088562
v -18.197124 -14.869827 -15.759155
v -17.763384 -15.459114 -15.423767
v -18.464500 -15.302452 -15.059143
v -18.343424 -16.322739 -14.821808
v -18.936548 -15.931534 -14.872192
v -19.380083 -15.513390 -15.144531
v -27.637884 -15.544121 -14.933350
v -27.789085 -15.966202 -14.534576
v -27.162210 -16.125481 -14.426697
v -28.283844 -15.330826 -14.722595
v -28.111717 -14.777443 -15.226196
v -27.225864 -14.810783 -15.213470
v -27.679094 -14.077446 -15.493561
v -28.446184 -13.988327 -15.101410
v -27.924435 -13.610786 -15.245605
v -25.809256 -15.571136 -24.863617
v -26.551115 -16.363106 -25.192230
v -26.760635 -15.639717 -24.995056
v -25.315079 -15.921005 -25.027435
v -24.847235 -15.162125 -25.201416
v -24.579054 -15.921005 -25.236511
v -24.048122 -15.162125 -25.428436
v -23.573740 -15.929695 -25.285522
v -23.249012 -15.162125 -25.201416
v -22.945612 -15.862122 -25.259705
v -22.454908 -15.393105 -24.825806
v -22.758308 -14.693108 -24.767517
v -22.246273 -14.500122 -24.376526
v -21.962803 -15.402634 -24.575256
v -22.472628 -16.153770 -25.186615
v -21.549417 -16.195122 -25.052155
v -21.177696 -15.625610 -24.604156
v -20.684170 -16.195122 -25.052155
v -20.312450 -15.625610 -24.604156
v -19.972828 -16.175125 -25.250153
v -19.503124 -15.642136 -24.819550
v -19.935747 -15.151222 -24.422943
v -19.176863 -15.116135 -24.154785
v -18.743122 -15.705421 -24.490143
v -18.644058 -15.645309 -23.551422
v -18.210135 -16.136017 -24.020447
v -18.273418 -16.465424 -23.260437
v -18.684517 -15.954819 -22.778503
v -18.609909 -16.935127 -22.670471
v -19.025665 -16.657501 -22.067108
v -18.982662 -15.828125 -22.005859
v -19.397417 -16.297829 -21.313446
v -19.250038 -15.353745 -21.305878
v -19.364779 -15.670845 -20.767365
v -20.043415 -16.637451 -20.763916
v -19.941525 -15.890671 -19.765717
v -20.201740 -16.346642 -20.161377
v -20.901741 -16.404930 -19.857971
v -20.784241 -16.246773 -19.229431
v -20.049124 -15.806450 -18.775116
v -20.830814 -16.048965 -18.520752
v -20.093458 -15.705391 -17.955383
v -19.808989 -15.576401 -18.360077
v -19.884123 -15.454826 -17.457733
v -20.585239 -15.611488 -17.093109
v -20.868172 -15.916077 -17.917450
v -21.568171 -16.183456 -18.350067
v -21.568171 -16.183456 -17.484833
v -20.937075 -16.082985 -16.511383
v -20.371777 -15.479568 -16.190216
v -19.597122 -14.869827 -16.624390
v -19.334606 -14.808830 -17.118103
v -19.824781 -15.284958 -15.636841
v -18.897123 -14.602448 -16.191772
v -18.897123 -14.811539 -15.455750
v -25.594107 -18.013123 -25.341217
v -26.289963 -18.645767 -25.771362
v -26.272018 -17.927139 -25.543152
v -25.387178 -17.458458 -25.311707
v -25.161482 -18.713120 -25.608582
v -25.594107 -19.204033 -26.005188
v -24.533123 -18.997993 -25.781342
v -24.042124 -18.264122 -25.737427
v -24.567451 -17.414116 -25.412781
v -23.516794 -17.414116 -25.412781
v -24.042124 -16.634354 -25.274445
v -25.000076 -16.714119 -25.145386
v -23.084171 -16.714119 -25.145386
v -22.697069 -17.458458 -25.311707
v -22.019123 -16.955124 -25.342438
v -21.549417 -17.715126 -25.052155
v -21.221186 -16.955124 -25.231293
v -20.714622 -17.734428 -25.026459
v -20.328356 -16.949844 -25.412445
v -19.972828 -17.695129 -25.250153
v -19.503124 -16.935127 -25.540436
v -19.033417 -17.695129 -25.250153
v -18.704012 -16.935127 -25.313416
v -19.033417 -16.175125 -25.250153
v -18.273418 -16.465424 -24.780426
v -18.273418 -17.404831 -24.780426
v -17.983124 -16.935127 -24.020447
v -18.210135 -17.734238 -24.020447
v -18.273418 -17.404831 -23.260437
v -18.743122 -18.164833 -23.550720
v -18.684517 -17.915436 -22.778503
v -19.234035 -18.561432 -23.118103
v -19.044918 -18.315201 -22.168671
v -19.031662 -17.398117 -22.134888
v -19.446417 -17.835419 -21.442444
v -19.546616 -17.020126 -21.348633
v -20.145191 -17.546242 -20.874359
v -19.877012 -18.305122 -20.909454
v -20.676123 -18.305122 -20.682434
v -20.937763 -17.537552 -20.616272
v -20.634365 -16.837555 -20.557983
v -21.334364 -17.104927 -20.125366
v -21.746357 -17.804230 -20.203461
v -21.867126 -17.323387 -19.381958
v -21.401852 -16.570557 -19.094391
v -22.000793 -16.883453 -18.617432
v -22.414690 -17.811371 -18.972015
v -22.433641 -17.444237 -18.148926
v -22.059082 -16.580055 -17.917450
v -21.854868 -17.106155 -17.069427
v -22.180794 -17.752831 -17.251251
v -22.642731 -18.180260 -18.148926
v -22.943142 -19.027664 -18.153198
v -22.563925 -18.830666 -17.835358
v -26.548241 -19.402473 -28.691437
v -26.795849 -18.499275 -29.846924
v -27.145412 -18.413467 -29.003632
v -27.126089 -18.974777 -28.123291
v -27.451925 -18.365105 -28.225616
v -26.780403 -19.643669 -27.720398
v -27.271315 -19.247070 -27.287781
v -26.780403 -19.643669 -26.855164
v -25.789051 -20.037933 -27.430664
v -25.871380 -19.765289 -26.647858
v -25.229731 -20.528610 -27.011322
v -24.964050 -19.896988 -26.180023
v -24.529732 -20.586899 -26.707916
v -24.063417 -19.773125 -25.927155
v -23.447958 -20.279106 -26.361542
v -24.024008 -20.584045 -26.868378
v -23.265123 -20.619133 -27.136566
v -22.505123 -20.682419 -26.807159
v -22.347771 -20.318909 -26.106445
v -22.644859 -19.622635 -25.498444
v -23.053795 -18.897850 -25.505249
v -22.150578 -19.242844 -24.947052
v -22.412357 -18.264122 -25.274445
v -23.148380 -18.264122 -25.483551
v -21.852818 -18.415123 -24.993866
v -21.413601 -19.010010 -24.472687
v -21.177696 -18.244644 -24.604156
v -20.694632 -18.754120 -24.154785
v -20.262009 -18.263206 -24.551361
v -19.503124 -18.553078 -24.082367
v -19.503124 -18.228119 -24.819550
v -18.743122 -18.164833 -24.490143
v -20.207108 -19.164185 -23.492249
v -20.907106 -19.222473 -23.795654
v -20.676123 -19.598114 -23.001556
v -19.916122 -19.534828 -22.672150
v -20.676123 -19.825119 -22.202454
v -19.916122 -19.534828 -21.732727
v -19.383133 -19.104233 -22.202454
v -19.446417 -18.774826 -21.442444
v -20.206417 -19.065125 -20.972748
v -20.676123 -19.598114 -21.403320
v -21.145828 -19.065125 -20.972748
v -21.436123 -19.534828 -21.732727
v -21.972736 -18.867950 -21.359314
v -21.313732 -18.295143 -20.600067
v -22.561241 -18.115486 -20.707092
v -22.910124 -18.575500 -21.322052
v -23.610123 -18.308121 -20.889435
v -23.422340 -18.153381 -20.264557
v -22.503799 -17.884460 -19.935577
v -23.422340 -18.257927 -19.463928
v -24.350124 -18.306633 -19.660339
v -24.350124 -18.634926 -18.915558
v -23.841063 -18.720215 -18.618286
v -24.035912 -19.294243 -17.917786
v -25.125576 -18.602829 -18.588684
v -24.827024 -18.778503 -17.647949
v -24.498116 -19.387245 -17.393463
v -26.952238 -20.421112 -30.741394
v -27.421307 -19.802513 -30.845520
v -26.810074 -19.286537 -30.919220
v -26.359846 -19.869881 -30.174438
v -26.304035 -19.446198 -29.720398
v -25.813124 -19.842796 -29.287781
v -26.054092 -20.412460 -30.245789
v -25.287794 -20.692795 -29.612427
v -25.217018 -20.324379 -28.762451
v -25.813124 -19.842796 -28.237122
v -25.229731 -20.528610 -27.876556
v -24.925051 -20.598175 -28.363281
v -24.434139 -20.994774 -27.930664
v -24.529732 -20.795990 -27.443939
v -23.734140 -21.053062 -27.627258
v -24.001146 -21.912125 -28.066528
v -23.265123 -21.912125 -27.857452
v -22.795418 -21.152122 -27.567139
v -22.466011 -21.912125 -27.630432
v -22.035418 -21.442421 -27.097443
v -22.035418 -22.381828 -27.097443
v -21.745123 -21.912125 -26.337433
v -21.972134 -21.113014 -26.337433
v -22.051947 -21.464111 -25.536285
v -22.155075 -20.544662 -25.598877
v -22.335850 -21.053177 -24.795105
v -22.105276 -20.246704 -24.828430
v -22.164017 -20.601868 -23.989441
v -21.830753 -19.916061 -23.920959
v -22.173687 -20.321899 -23.086212
v -21.376123 -19.656403 -23.304962
v -21.711920 -19.878143 -22.671600
v -22.568747 -19.967453 -22.432739
v -22.253017 -19.321457 -22.093109
v -23.177500 -19.008125 -22.022064
v -22.685640 -18.830544 -21.696503
v -23.610123 -19.708122 -22.289429
v -24.024626 -19.008125 -22.140045
v -23.610123 -18.517212 -21.625458
v -24.457249 -18.517212 -21.743469
v -24.350124 -18.306633 -21.132385
v -25.157249 -18.575500 -21.440063
v -25.050123 -18.364922 -20.828979
v -24.350124 -18.097542 -20.396362
v -25.562731 -18.597641 -20.398560
v -25.125576 -18.393738 -19.324707
v -25.969517 -18.759171 -19.854156
v -25.723124 -18.478119 -18.817444
v -26.423124 -18.745499 -19.250061
v -26.423124 -18.745499 -18.384827
v -25.527023 -18.511124 -18.080566
v -25.927670 -18.522743 -17.348694
v -26.627670 -18.790123 -17.781311
v -26.627670 -18.790123 -16.916077
v -25.927670 -18.731834 -16.612671
v -25.227671 -18.790123 -16.916077
v -25.495047 -19.222748 -16.216064
v -26.360294 -19.222748 -16.216064
v -25.927670 -19.922745 -16.088074
v -25.304787 -19.778542 -16.251740
v -29.861732 -22.296120 -28.141846
v -30.714788 -22.129478 -28.159485
v -30.432400 -21.428879 -28.027588
v -29.410616 -21.794395 -28.066437
v -29.843241 -21.094398 -27.799072
v -30.137821 -20.631332 -28.134644
v -29.410616 -20.394402 -28.066437
v -29.754114 -20.086555 -28.431976
v -28.652328 -20.358376 -29.199066
v -28.978781 -20.008644 -29.420471
v -28.681644 -20.104446 -30.049438
v -28.409496 -21.179794 -29.870117
v -28.443241 -21.094398 -29.199066
v -28.644360 -21.825813 -29.076447
v -28.599329 -22.181046 -29.810211
v -28.197830 -21.721420 -30.536438
v -27.948433 -20.949173 -30.595032
v -28.095930 -20.066887 -30.541962
v -27.437830 -21.431122 -31.006165
v -27.767235 -22.191124 -31.069427
v -26.968122 -22.191124 -31.296448
v -26.498417 -21.431122 -31.006165
v -26.169012 -22.191124 -31.069427
v -25.738419 -21.721420 -30.536438
v -25.697861 -21.132645 -30.271423
v -26.450693 -20.845085 -30.736694
v -25.158276 -21.756699 -29.601440
v -25.350174 -22.253036 -29.776428
v -25.121475 -22.130554 -28.868103
v -24.847471 -21.218124 -28.877319
v -24.450872 -21.721748 -28.386414
v -24.780451 -22.736801 -28.388000
v -24.136028 -22.643051 -27.966156
v -24.447346 -23.451241 -27.890656
v -23.965122 -23.263405 -27.439941
v -23.697746 -22.747261 -27.688721
v -23.265123 -23.205116 -27.136566
v -22.795418 -22.672127 -27.567139
v -22.505123 -23.141830 -26.807159
v -23.231340 -23.543335 -26.347534
v -22.451807 -23.245575 -25.865753
v -21.972134 -22.711235 -26.337433
v -21.937042 -22.443054 -25.578552
v -22.293041 -23.258057 -24.687317
v -22.244038 -22.252747 -24.696014
v -22.101124 -22.727127 -23.928436
v -22.373106 -21.337891 -23.989441
v -22.391418 -22.257423 -23.168457
v -22.640814 -21.485176 -23.109833
v -23.084795 -21.958122 -22.614105
v -23.388195 -21.258125 -22.672394
v -23.084795 -20.558128 -22.614105
v -23.933573 -20.465561 -22.186066
v -24.704782 -20.934425 -21.885315
v -24.996496 -20.492348 -21.933319
v -24.457249 -19.708122 -22.407440
v -25.193274 -19.708122 -22.198334
v -24.889874 -19.008125 -22.140045
v -25.589874 -19.275497 -21.707428
v -25.408957 -20.371956 -21.558899
v -25.857250 -19.708122 -21.007446
v -25.648161 -18.972099 -21.007446
v -25.995356 -19.297638 -20.665924
v -26.149483 -19.989853 -20.709290
v -26.546082 -19.557228 -20.218384
v -26.382984 -20.433403 -20.188354
v -26.752525 -20.059563 -19.751099
v -26.875177 -19.632774 -19.284119
v -27.118582 -19.186722 -17.348694
v -27.149420 -19.922745 -17.348694
v -27.100666 -19.518326 -18.071594
v -27.060293 -19.490120 -16.648682
v -33.121357 -25.532669 -28.102142
v -34.058151 -24.498253 -27.860565
v -33.408516 -24.294113 -28.199585
v -32.692520 -25.192123 -28.326447
v -32.603027 -24.470467 -28.378235
v -32.872826 -23.802467 -28.516815
v -32.105099 -23.923889 -28.864563
v -32.206429 -24.903091 -28.869171
v -31.398100 -24.417122 -29.220428
v -31.149633 -23.965607 -29.014221
v -30.639902 -24.531288 -29.575256
v -30.285452 -23.734116 -29.388763
v -30.729429 -23.086899 -28.926239
v -29.709892 -22.918259 -28.936676
v -30.294357 -22.787033 -28.538422
v -29.291998 -23.711792 -29.539764
v -29.009186 -22.665504 -29.353088
v -29.143240 -22.227020 -28.766449
v -28.578800 -23.152794 -29.864899
v -29.760124 -24.584122 -29.713440
v -28.837603 -24.653282 -29.548859
v -28.042028 -24.382050 -29.057159
v -29.234795 -25.434128 -29.388763
v -28.302715 -25.138123 -28.962341
v -27.239399 -25.011726 -28.516998
v -26.940216 -24.381325 -29.047729
v -27.609404 -23.891136 -29.453766
v -28.309404 -23.949425 -29.757172
v -27.786013 -23.497017 -30.312866
v -26.968122 -23.809074 -29.838348
v -26.968122 -23.484116 -30.575562
v -27.437830 -22.951126 -31.006165
v -28.197830 -22.660828 -30.536438
v -26.498417 -22.951126 -31.006165
v -26.208124 -23.420830 -30.246155
v -25.738419 -22.660828 -30.536438
v -25.675135 -22.990234 -29.776428
v -26.129068 -23.727165 -29.299103
v -25.616846 -23.293633 -29.076447
v -25.808861 -24.139603 -28.566437
v -25.056028 -23.852051 -28.101166
v -25.398794 -24.579453 -27.907440
v -24.853355 -24.234634 -27.540955
v -24.984846 -24.735497 -27.142578
v -24.456034 -23.984962 -27.135376
v -24.397747 -24.288361 -26.435364
v -23.965122 -23.588364 -26.702759
v -23.810068 -23.963837 -25.842102
v -24.110493 -25.096458 -25.411072
v -23.570988 -24.280304 -25.053925
v -23.197556 -23.556587 -25.430420
v -22.786928 -24.026794 -24.454803
v -23.079796 -24.511543 -24.450439
v -22.762058 -24.016945 -23.459412
v -22.328135 -23.526237 -23.928436
v -22.391418 -23.196831 -23.168457
v -23.090193 -23.486008 -22.600372
v -22.822012 -22.727127 -22.635437
v -23.559208 -22.727127 -22.310486
v -23.516768 -23.800621 -22.092285
v -24.005968 -23.135857 -21.841431
v -24.415279 -22.318642 -21.659424
v -23.882763 -21.959557 -22.342255
v -24.501278 -21.595779 -21.789093
v -34.359825 -25.220062 -25.147461
v -34.416138 -24.401901 -24.237274
v -34.683895 -24.460060 -25.053253
v -34.786469 -25.113846 -25.934357
v -34.770081 -25.740768 -25.675171
v -34.815842 -25.501984 -26.487427
v -34.927246 -24.484978 -26.655090
v -34.550854 -25.036713 -27.353546
v -34.632099 -25.829147 -27.262451
v -33.922070 -25.541443 -27.841400
v -34.193005 -26.308121 -27.805939
v -33.341923 -26.205917 -28.039429
v -33.857101 -27.083122 -27.741425
v -32.899147 -27.083122 -27.741425
v -32.517971 -26.243652 -28.205475
v -31.694576 -26.806831 -27.709686
v -31.685804 -26.546082 -28.510376
v -32.173100 -25.671097 -28.741455
v -31.398100 -25.967125 -29.220428
v -31.734007 -25.192123 -29.284943
v -30.919123 -25.192123 -29.516449
v -30.440147 -25.967125 -29.220428
v -30.919123 -26.510635 -28.781311
v -30.144123 -26.446098 -28.445404
v -29.664413 -26.031380 -28.964386
v -28.910124 -25.959450 -28.538757
v -28.951735 -26.103661 -27.452393
v -28.283779 -25.602219 -28.078735
v -28.386099 -25.793961 -26.776459
v -27.578074 -25.986732 -27.287750
v -27.583778 -25.543930 -27.775360
v -26.774124 -25.530472 -28.075531
v -26.336123 -26.461113 -27.106567
v -25.866417 -25.928123 -27.537140
v -25.565460 -25.288574 -27.828674
v -26.248795 -24.904129 -28.432770
v -25.106419 -25.637825 -27.067444
v -25.576124 -26.397827 -26.777161
v -24.884684 -26.053970 -26.247833
v -24.691662 -25.209877 -26.375000
v -24.302799 -25.577011 -25.595947
v -24.658150 -26.299217 -25.763428
v -33.029221 -24.753052 -22.945709
v -32.869644 -24.446617 -22.334290
v -33.510098 -24.275398 -22.892059
v -33.466408 -24.861130 -23.191650
v -33.163006 -25.561127 -23.249939
v -33.724918 -25.128502 -23.717529
v -33.602100 -26.040100 -23.793457
v -34.021118 -25.607758 -24.492981
v -33.675049 -26.529480 -24.517609
v -34.292152 -26.308121 -25.116394
v -33.857101 -27.083122 -25.233459
v -34.632099 -26.787094 -25.712433
v -34.153122 -27.562096 -26.008453
v -34.696632 -27.123001 -26.487427
v -34.928123 -26.308121 -26.487427
v -34.632099 -26.787094 -27.262451
v -34.153122 -27.562096 -26.966431
v -33.378124 -27.858116 -26.487427
v -33.378124 -27.626633 -27.302338
v -32.603123 -27.562096 -26.966431
v -32.278221 -27.539101 -25.895966
v -31.935123 -27.055511 -27.030945
v -31.351961 -27.131943 -26.542542
v -31.235123 -26.788132 -27.463562
v -31.265799 -27.116150 -25.578491
v -30.385124 -26.581451 -26.091125
v -30.105944 -26.583328 -27.510498
v -30.919123 -26.742119 -27.966431
v -29.625298 -26.421455 -26.846802
v -29.309357 -26.105522 -26.310059
v -29.497240 -26.209793 -25.551666
v -28.386099 -25.793961 -25.838409
v -28.423309 -26.337692 -24.844513
v -27.686100 -26.061340 -25.405792
v -27.686100 -26.061340 -26.307434
v -27.195189 -26.457939 -25.838409
v -27.096123 -26.397827 -26.777161
v -26.336123 -26.786072 -26.369354
v -26.488447 -27.143814 -25.261627
v -25.843843 -27.116493 -25.622375
v -25.140966 -26.921921 -25.783600
v -31.364399 -26.324875 -22.199188
v -30.886372 -27.163406 -22.581299
v -31.056553 -26.690407 -21.855682
v -31.435966 -26.174599 -21.596283
v -31.901781 -25.506447 -21.611786
v -32.136467 -25.805206 -22.263611
v -32.329220 -25.020424 -22.513092
v -32.725819 -25.453049 -23.003998
v -32.064400 -26.266586 -22.502594
v -32.827099 -26.336128 -23.314453
v -32.121960 -26.499542 -22.954407
v -32.348122 -26.879639 -23.753571
v -33.123123 -26.815102 -24.089478
v -32.348122 -27.111122 -24.568451
v -33.123577 -27.175835 -24.825195
v -31.315620 -27.300125 -23.925354
v -31.266842 -27.059044 -24.757782
v -30.172726 -27.329994 -24.146118
v -30.524185 -26.704971 -25.178345
v -29.685123 -26.523163 -24.922455
v -29.531559 -26.920708 -24.550964
v -28.856318 -26.511063 -24.784515
v -30.732485 -27.333595 -23.459686
v -31.582123 -26.883209 -23.232117
v -33.378124 -27.626633 -25.672546
v -28.710617 -21.527023 -28.499054
v -28.710617 -20.661774 -28.499054
v -29.107216 -21.094398 -28.008148
v -29.376163 -19.899681 -28.920227
v -26.550552 -20.066948 -16.251740
v -26.584261 -18.955948 -26.117188
v -21.456654 -16.523880 -16.866852
v -25.723171 -17.055168 -25.261444
v -26.399706 -17.172493 -25.396545
v -28.502193 -14.714897 -14.942047
v -16.578060 -14.929939 -14.820435
v -17.092899 -15.388000 -15.289429
v -16.618517 -14.620430 -14.047485
v -16.573792 -14.070381 -13.992432
v -16.632080 -13.766983 -13.292419
v -16.672897 -13.437973 -12.554077
v -16.954205 -13.077171 -13.207855
v -16.853415 -12.830795 -13.979919
v -17.371731 -12.126778 -13.499268
v -16.975132 -11.694153 -13.990204
v -16.699028 -12.283676 -14.491089
v -16.798529 -11.251511 -14.310760
v -16.302427 -11.851051 -14.981995
v -16.302427 -10.855202 -14.981995
v -16.798529 -10.353607 -14.310760
v -15.999027 -10.155205 -14.923706
v -15.566403 -10.855202 -15.191101
v -15.133780 -10.155205 -14.923706
v -14.573772 -10.917183 -15.034393
v -14.370089 -10.453568 -14.412750
v -14.866404 -9.722580 -14.223724
v -14.409920 -10.066589 -13.647766
v -13.646165 -11.064148 -13.698425
v -13.971729 -10.580429 -12.783386
v -13.288932 -11.524178 -13.072083
v -13.220691 -11.244583 -12.448456
v -13.913123 -10.829826 -12.011139
v -13.153123 -11.120117 -11.541443
v -12.453123 -11.387497 -11.974060
v -12.105835 -12.418228 -12.747498
v -12.020499 -12.087494 -12.241455
v -11.879709 -12.985947 -11.878815
v -12.105835 -13.283478 -12.747498
v -12.141489 -13.473732 -12.191711
v -17.639107 -11.694153 -12.799286
v -17.391159 -11.939491 -12.332611
v -17.246952 -12.461250 -12.421753
v -17.311445 -11.382256 -12.054108
v -17.249163 -10.455070 -12.663757
v -17.371731 -11.261528 -13.499268
v -17.178141 -10.737869 -13.397095
v -16.956318 -9.981239 -13.430450
v -16.169868 -9.672295 -12.510864
v -16.465405 -9.584641 -13.863068
v -15.765406 -9.317261 -13.430450
v -15.566403 -9.664291 -14.527130
v -15.936534 -9.652870 -12.409729
v -14.935258 -9.617401 -13.071808
v -14.940997 -9.868500 -11.980835
v -14.462641 -10.183830 -12.350769
v -14.508373 -10.568497 -11.713440
v -15.248807 -10.428055 -11.373108
v -14.909060 -11.083717 -10.947205
v -14.189131 -11.286263 -10.796295
v -14.569312 -11.809059 -10.564392
v -13.671127 -11.798645 -10.404266
v -13.153123 -11.329208 -10.805420
v -12.720499 -11.820122 -10.408813
v -12.453123 -11.387497 -11.108826
v -12.133269 -12.130569 -10.911133
v -11.911944 -12.130569 -11.308105
v -12.530240 -12.375908 -10.444458
v -16.758251 -10.058472 -12.231140
v -16.293341 -9.918083 -12.086487
v -16.402966 -10.453568 -11.578156
v -15.517524 -9.891685 -11.837402
v -17.118961 -11.070358 -11.845306
v -11.851264 -12.385025 -11.710114
v -23.230848 -11.921486 -22.543060
v -12.967116 -14.185547 -13.475922
v -12.678700 -14.940628 -13.297668
v -13.198626 -14.699844 -12.808228
v -12.476205 -14.582146 -13.908569
v -14.904112 -15.508232 -17.142456
v -4.284882 -18.586182 -32.147339
v -12.261147 -15.602341 -17.178833
v 1.946278 -17.603149 -33.588806
v 2.343246 -17.093407 -34.165649
v 2.378901 -16.903152 -33.321442
v 4.264732 -12.647415 -9.936157
v -6.871235 -8.897125 -6.251465
v -6.072123 -8.897125 -6.024445
v -5.273010 -8.897125 -6.251465
v -0.618416 -7.967125 -8.470734
v 2.548866 -6.283012 -12.789429
v -3.993124 32.509781 -28.863464
v -4.417255 32.084534 -29.337128
v -3.609127 31.869003 -29.134216
v -4.903074 32.655014 -28.575531
v -5.130032 32.346863 -29.302002
v -5.695564 32.862549 -29.226807
v -5.466787 33.346054 -28.248352
v -5.956301 33.639313 -29.110565
v -5.693125 34.418869 -28.127441
v -5.368452 33.893539 -27.277435
v -5.279339 34.863251 -27.054474
v -5.719574 35.293182 -27.591125
v -5.185236 35.764877 -27.111450
v -4.788635 35.332260 -26.620544
v -4.520454 36.091141 -26.585449
v -4.855831 36.524887 -27.174744
v -4.155830 36.792267 -26.742126
v -4.049774 36.488892 -26.172546
v -3.680231 37.311615 -26.287445
v -3.191723 37.877426 -26.752716
v -3.490023 37.475388 -25.585052
v -2.466122 38.302582 -25.622162
v -2.999113 37.871994 -25.152435
v -2.466122 38.302582 -24.682739
v -1.706123 38.592880 -25.152435
v -1.706123 38.365860 -24.353333
v -1.706123 38.481735 -25.950378
v -0.946125 38.302582 -25.622162
v -1.074648 38.405411 -26.601257
v -1.899235 38.682083 -26.671722
v -0.935793 38.940887 -27.415100
v -0.503170 38.449966 -27.018524
v -0.766123 39.316864 -27.712036
v 0.611877 38.952225 -27.417358
v 0.086599 39.534470 -27.808899
v 1.077206 39.426880 -27.893127
v 0.551876 40.022980 -28.374695
v 0.984499 40.513901 -28.771301
v 2.300207 39.944885 -28.353119
v 1.942451 39.426880 -27.893127
v 2.476254 39.330780 -27.947632
v 2.962824 39.871506 -28.443756
v 1.874876 40.512863 -28.762054
v 1.401041 41.032990 -29.224823
v 2.353853 40.927887 -29.281464
v 1.874876 41.471375 -29.720551
v 2.649876 41.406845 -30.056458
v 3.327160 40.556671 -30.024445
v 3.268873 40.253265 -29.324432
v 3.759783 39.856659 -29.757050
v 3.683876 39.733841 -28.845459
v 4.227386 39.294754 -29.324432
v 4.162853 38.958862 -28.549438
v 4.555685 38.549988 -29.324432
v 4.595476 38.258850 -28.282074
v 5.046595 38.153381 -28.891815
v 5.665712 37.970917 -28.563232
v 5.992929 37.888916 -29.214294
v 4.532118 37.359879 -29.505707
v 5.598593 37.245743 -29.769501
v 5.188454 36.705597 -29.247192
v 4.883924 38.068115 -29.868042
v 4.021254 37.715469 -30.411682
v 3.832117 37.092499 -29.938354
v 3.387854 37.704865 -30.578430
v 2.807877 36.981033 -30.415436
v 3.333206 36.569870 -29.889771
v 2.142500 36.597870 -29.850281
v 2.807877 35.973770 -29.408173
v 2.192711 35.961761 -29.325073
v 1.245041 35.961761 -29.325073
v 1.718876 35.523376 -28.829315
v 0.952194 35.487915 -28.558380
v 1.384817 34.996994 -28.161774
v 0.519571 34.996994 -28.161774
v 0.952194 34.296997 -27.894409
v 0.216171 34.296997 -28.103516
v 0.677046 33.502625 -28.399384
v 1.467268 33.824524 -27.897278
v -0.431417 33.710938 -28.838440
v -0.031473 33.312912 -28.976013
v -5.838642 35.282211 -29.142487
v -5.753601 34.900879 -29.838806
v -6.086086 34.322586 -29.364136
v -5.794985 34.966934 -28.404449
v -5.906124 35.764877 -28.404449
v -5.615829 36.234589 -29.164429
v -5.679113 36.563995 -28.404449
v -5.615829 36.234589 -27.644440
v -5.146122 36.994583 -27.934723
v -5.146122 36.994583 -28.874146
v -4.419907 37.396072 -28.394348
v -4.415565 37.162491 -27.588318
v -3.686123 37.441101 -28.039124
v -3.195213 37.837708 -27.606506
v -3.253500 38.141113 -28.306519
v -2.836451 38.616211 -27.940430
v -2.583256 38.276764 -27.089661
v -2.037092 39.055252 -27.377380
v -2.165976 39.631165 -28.376312
v -1.461123 39.536987 -27.896698
v -1.541122 40.210846 -29.006470
v -0.766123 40.275375 -28.670563
v -0.292288 39.836990 -28.174805
v -0.077364 40.398849 -29.111115
v -0.766123 40.506882 -29.485443
v 0.544714 40.754211 -29.713348
v -0.066122 40.333664 -30.603729
v 0.503839 41.066895 -30.535431
v 1.099876 41.406845 -30.056458
v 1.099876 41.406845 -31.014404
v 1.874876 41.702881 -30.535431
v 1.874876 41.471375 -31.350311
v 2.649876 41.406845 -31.014404
v 2.348711 41.032990 -31.846069
v 3.245913 41.066895 -31.441895
v 3.256216 41.050217 -30.508453
v 4.307549 40.482468 -31.184601
v 3.755177 40.980438 -31.820374
v 4.285673 39.598160 -30.024445
v 4.877460 39.797394 -30.855072
v 4.784630 39.230377 -30.343170
v 4.613972 38.853394 -30.024445
v 5.739477 38.412231 -30.293915
v 5.299927 39.051971 -30.675415
v 4.453876 38.415482 -30.679047
v 4.411469 38.546509 -31.471130
v 5.347143 38.271942 -31.073486
v 3.820477 38.195786 -30.975006
v 3.773006 38.626678 -31.855011
v 3.165453 38.244873 -31.103760
v 2.732830 38.735794 -31.500366
v 2.300207 38.244873 -31.103760
v 1.774878 38.656036 -31.629425
v 1.249548 38.244873 -31.103760
v 1.774878 37.648773 -30.622192
v 2.207500 37.157852 -30.225586
v 1.342255 37.157852 -30.225586
v 0.026546 37.726868 -30.643768
v 0.551876 37.100525 -30.286530
v 1.137207 36.625870 -29.810760
v 0.086548 36.625870 -29.810760
v 0.611877 36.029770 -29.329193
v -0.318674 35.999527 -29.453522
v 0.179255 35.538849 -28.932587
v -0.694990 35.154510 -29.411835
v -0.305923 34.652893 -28.716431
v -0.767908 34.144257 -29.428406
v -1.018675 34.866913 -29.886169
v -0.797180 33.831787 -30.153931
v -0.438232 33.419769 -29.590881
v -4.386124 36.109100 -30.152313
v -4.728249 35.496658 -30.761902
v -5.320953 35.185974 -30.425903
v -5.495058 35.681717 -29.731903
v -4.855831 36.524887 -29.634155
v -4.386124 37.057861 -29.203552
v -3.201212 36.648056 -29.523621
v -3.258680 38.095505 -28.931458
v -2.891947 37.579147 -29.765778
v -2.836451 38.616211 -29.640442
v -2.907228 38.984619 -28.790436
v -2.084633 39.771759 -29.485443
v -2.020100 39.435867 -30.260437
v -1.541122 40.210846 -29.964417
v -1.245100 39.731888 -30.739410
v -0.766123 40.275375 -30.300323
v -0.333500 39.807785 -30.862244
v -0.766123 38.956879 -31.035431
v 0.143332 38.889786 -31.162018
v 0.465374 39.877106 -31.355225
v 0.862446 38.989212 -31.270081
v 1.395899 39.377869 -31.789429
v 1.059992 40.152878 -31.853943
v 0.620899 40.631866 -31.310425
v 1.395899 40.927887 -31.789429
v 1.804762 40.152878 -32.182251
v 2.307499 39.301971 -31.912231
v 2.551561 39.772324 -32.626648
v 2.551561 40.533432 -32.626648
v 3.056721 39.929688 -33.161682
v 3.180714 40.605087 -33.046600
v 3.048712 41.091278 -32.149475
v 3.498182 40.935364 -32.529907
v -0.310183 38.143692 -30.876648
v -1.245100 38.181870 -30.739410
v -1.581007 38.956879 -30.803955
v -2.215809 38.286972 -30.301056
v -1.986452 37.240875 -30.165771
v -0.995848 37.133286 -30.250000
v -1.395817 36.614532 -29.808533
v -0.346075 37.116791 -30.207367
v -2.383146 36.523758 -29.732513
v -1.858671 36.028702 -29.808289
v -0.963194 35.914536 -29.541168
v -1.395817 35.214539 -29.808533
v -2.450747 35.442886 -30.133698
v -1.944984 34.726974 -30.730957
v -2.626156 35.088928 -30.528473
v -3.285662 35.263657 -30.518921
v -2.686546 35.823761 -29.790802
v -3.551792 35.823761 -29.790802
v -2.677591 31.450577 -28.250153
v -12.328282 0.081749 -10.766907
v -19.831348 28.175262 -3.778046
v -19.219898 28.585678 -3.296112
v -19.321606 27.997009 -3.559326
v -19.076265 27.600037 -3.710938
v -19.889635 27.871857 -4.478027
v -19.398724 27.475250 -4.910675
v -1.456171 17.529816 -15.294434
v -1.247082 16.793793 -15.294434
v -20.098724 28.607880 -4.478027
v -19.831348 28.175262 -5.178040
v -19.831348 29.040497 -3.778046
v -19.889635 29.343903 -4.478027
v -19.213793 29.763000 -3.672180
v -19.804363 29.848923 -4.605347
v -20.071739 29.416306 -5.305359
v -19.862652 30.152328 -5.305359
v -19.804363 29.848923 -6.005341
v -19.804363 28.983688 -6.005341
v -19.407764 29.416306 -6.496277
v -19.104364 30.116302 -6.437988
v -19.371740 30.548935 -5.737976
v -18.926041 30.608276 -4.711395
v -18.507896 30.818466 -5.258057
v -19.306507 30.198898 -4.211182
v -19.339516 29.174347 -3.429871
v -19.146124 31.267776 -6.547302
v -19.092037 31.463974 -5.844269
v -18.445503 31.331100 -5.848267
v -18.387239 31.302872 -6.815491
v -19.146124 31.476852 -7.283325
v -18.386124 31.413574 -7.612732
v -17.806444 30.665634 -7.285431
v -17.853134 30.982986 -8.082428
v -18.386124 31.413574 -8.552155
v -17.962095 30.553833 -9.023926
v -18.619761 31.018051 -9.382111
v -18.097925 30.221939 -9.782379
v -17.575148 29.754074 -9.472809
v -17.535398 29.715775 -10.344299
v -18.165123 30.090576 -10.844147
v -17.683174 29.679474 -11.354736
v -16.925240 29.204239 -10.650116
v -16.950340 29.449066 -11.494507
v -17.882900 29.137955 -12.008057
v -16.984123 29.110855 -12.283539
v -16.224123 29.047577 -11.954132
v -16.514418 28.577881 -12.714142
v -15.754417 28.287582 -12.244446
v -16.185013 27.817871 -12.777435
v -15.754417 27.348160 -12.244446
v -16.514418 27.057861 -12.714142
v -16.984123 27.817871 -13.004456
v -17.437626 27.016525 -12.848633
v -17.800259 27.847305 -12.882050
v -18.461988 26.649429 -12.944061
v -17.903938 26.198471 -12.430450
v -18.808418 25.918869 -12.776154
v -18.518124 25.449173 -12.016144
v -19.278124 25.385895 -12.345551
v -19.278124 25.158875 -11.546448
v -18.476772 25.314697 -11.092926
v -19.278124 25.270020 -10.748505
v -18.510555 25.092712 -10.336029
v -19.278124 25.060944 -10.012482
v -18.534748 24.807907 -9.839691
v -19.376179 24.817123 -9.565674
v -18.943554 24.326202 -9.169098
v -19.902687 24.157867 -9.132324
v -19.376179 23.626205 -8.901703
v -20.401495 23.113174 -8.755981
v -19.508547 22.936813 -8.683807
v -20.039463 21.852234 -8.310516
v -19.070244 21.934326 -8.243439
v -19.321779 21.432938 -8.116760
v -20.329195 30.976593 -6.437347
v -20.222839 31.262985 -5.362091
v -19.739355 31.285522 -5.675171
v -19.905008 31.302872 -6.815491
v -21.029196 30.918304 -6.740753
v -20.716850 31.448685 -7.599121
v -19.905008 31.511948 -7.551514
v -19.905008 31.511948 -8.613373
v -19.146124 31.703873 -8.082428
v -19.146124 31.476852 -8.881561
v -19.905008 31.302872 -9.349396
v -19.377106 31.101212 -9.675659
v -20.102356 31.441269 -10.011810
v -19.555779 30.954971 -10.509735
v -18.857555 30.505325 -10.416199
v -18.877483 30.229050 -11.238220
v -19.629940 30.511185 -11.498871
v -19.357746 29.696014 -11.725708
v -18.455418 29.620880 -11.604156
v -18.661482 28.798874 -12.205597
v -19.526730 28.798874 -12.205597
v -19.186115 28.260986 -12.616272
v -18.226074 28.636475 -12.464752
v -20.013027 28.300949 -12.752167
v -19.759901 27.475891 -12.886108
v -18.824619 27.480240 -12.910614
v -19.278124 26.678879 -13.066437
v -20.077234 26.678879 -12.839417
v -19.747829 25.918869 -12.776154
v -20.507830 26.209167 -12.306427
v -20.038124 25.449173 -12.016144
v -20.571114 25.879761 -11.546448
v -20.091438 25.345428 -11.074738
v -20.628099 25.785675 -10.644806
v -19.969172 25.315872 -10.585388
v -19.969172 25.106796 -9.849365
v -20.998125 25.350998 -9.893097
v -20.401794 24.615875 -9.452759
v -21.395248 24.593552 -9.603760
v -20.861820 23.989532 -9.095551
v -21.854887 24.224823 -9.427826
v -21.293741 23.407181 -9.098846
v -22.158287 23.524826 -9.369537
v -21.924263 22.838135 -9.499054
v -21.298365 22.553009 -9.087433
v -20.924217 19.203354 -0.537445
v -21.145294 18.902588 -0.229126
v -21.356319 19.595245 -0.330536
v -21.178965 18.242798 -0.472412
v -20.656841 18.770737 -1.237427
v -20.865931 19.506760 -1.237427
v -21.066383 20.019516 -1.274323
v -21.453634 20.244171 -0.875641
v -21.855150 31.054428 -5.562073
v -22.184677 31.549866 -5.259064
v -21.559528 31.509979 -4.888214
v -21.029196 30.918304 -5.268707
v -21.029196 30.709229 -6.004730
v -21.855150 31.054428 -6.427307
v -22.451050 31.663757 -5.891602
v -22.333498 31.905685 -6.742126
v -21.540270 31.493515 -7.171753
v -22.296886 32.285858 -7.500244
v -21.412239 31.748520 -8.155426
v -21.929556 31.969330 -8.526428
v -20.712240 31.481155 -8.659058
v -21.929556 31.969330 -9.433441
v -21.229557 31.701965 -9.907837
v -21.032124 31.636887 -10.444427
v -21.732124 31.904251 -10.877075
v -22.452940 32.461823 -9.080658
v -22.687906 32.487640 -9.813110
v -22.576172 32.350189 -10.889069
v -22.204029 32.813950 -11.779724
v -21.354771 32.337021 -11.790771
v -20.812168 31.637131 -11.737061
v -20.182123 31.312195 -10.969757
v -20.073694 30.925797 -11.960632
v -20.515350 32.058517 -12.455261
v -20.039444 31.529099 -13.026428
v -20.325123 30.396011 -12.858337
v -20.057747 29.963394 -12.158356
v -19.830130 29.498871 -12.147308
v -20.713028 29.433563 -13.184784
v -20.271580 29.033600 -12.666046
v -21.059982 28.517242 -13.063477
v -21.154148 28.953674 -13.703796
v -21.933195 28.455154 -13.426544
v -21.746574 27.961288 -12.473877
v -20.800571 28.022522 -12.726532
v -21.342304 27.358002 -11.915161
v -20.563286 27.217010 -12.524902
v -20.896072 26.616959 -11.546448
v -21.355095 27.286621 -11.204803
v -20.954361 26.313553 -10.846436
v -21.413383 26.983215 -10.504822
v -21.577757 26.551941 -10.144043
v -22.148499 27.423538 -10.050476
v -22.474581 26.849823 -9.602356
v -21.974358 26.119324 -9.653137
v -21.495100 25.343872 -9.797516
v -22.231123 25.343872 -9.588440
v -22.181149 24.752716 -9.629456
v -22.974052 24.778336 -9.870361
v -22.867590 23.803452 -10.012634
v -23.448858 24.229828 -9.943634
v -20.833828 18.361588 -2.012909
v -21.246693 18.127380 -2.429382
v -21.401600 17.785080 -1.793335
v -20.865931 18.034714 -1.237427
v -21.147032 18.702423 -2.744720
v -20.624741 19.097610 -2.012909
v -20.966463 19.398056 -2.756226
v -20.833828 19.833633 -2.012909
v -21.021379 19.943848 -2.566223
v -21.239933 20.333420 -2.231995
v -22.956411 33.065765 -11.251770
v -23.237440 33.610275 -10.386688
v -22.973141 32.859924 -10.312225
v -23.002861 34.057571 -11.147125
v -22.507427 33.513947 -11.838013
v -22.664852 34.561096 -11.463074
v -22.228012 34.088364 -11.978973
v -21.771404 33.513947 -12.047089
v -21.938795 34.881546 -12.071442
v -21.498472 34.470627 -12.921448
v -21.269796 33.587784 -12.807098
v -21.609417 33.038269 -12.161102
v -20.909418 32.770889 -12.593750
v -20.619123 33.240585 -13.353729
v -20.149418 32.480591 -13.063446
v -20.086134 32.809998 -13.823425
v -19.859123 32.010880 -13.823425
v -20.149418 32.480591 -14.583435
v -20.149418 31.541168 -14.583435
v -20.086134 31.211761 -13.823425
v -20.520058 30.721069 -14.292450
v -20.461771 30.417664 -13.592468
v -20.750231 29.861008 -14.088623
v -20.886173 29.784958 -14.605438
v -21.211134 29.047760 -14.605438
v -21.274418 29.377167 -15.365448
v -21.744123 28.617172 -15.075134
v -21.933195 28.455154 -14.291779
v -22.504124 28.326874 -14.605438
v -22.504124 28.438019 -13.807495
v -23.305475 28.482697 -14.151947
v -23.271690 28.260712 -13.395020
v -22.520456 28.226761 -13.062500
v -23.236788 27.957230 -12.620880
v -22.541397 27.983047 -12.264771
v -23.795292 27.658539 -12.348022
v -23.281124 28.181839 -11.486511
v -22.581123 28.123550 -11.183105
v -21.846006 27.683228 -11.708435
v -21.846006 27.683228 -10.772186
v -22.581123 28.123550 -10.317871
v -23.281124 28.390915 -10.750488
v -23.281124 28.181839 -10.014465
v -22.848499 27.690918 -9.617859
v -24.228022 27.935715 -10.182953
v -24.348614 27.649399 -9.378296
v -23.915991 27.158478 -8.981689
v -24.781239 27.158478 -8.981689
v -24.348614 26.458481 -8.714294
v -23.612591 26.458481 -8.923401
v -24.277775 25.817703 -8.709473
v -23.541752 25.817703 -8.918579
v -22.775070 26.110550 -9.392395
v -23.111811 25.397812 -9.430084
v -23.845152 25.117706 -8.976868
v -23.577776 24.685074 -9.676849
v -24.313223 24.326019 -9.763336
v -24.566067 24.803970 -8.953430
v -25.177423 24.332504 -9.540070
v -21.999096 22.031631 -3.689819
v -22.141209 21.716736 -4.336060
v -21.793554 21.508606 -3.674957
v -22.490007 22.428238 -4.122437
v -22.490007 22.428238 -3.257202
v -23.225124 22.868561 -3.668121
v -23.304001 22.960098 -2.781189
v -22.556257 21.998779 -2.479797
v -23.281300 22.718719 -2.280518
v -23.940216 23.257751 -2.359009
v -22.348860 35.321396 -11.412445
v -21.884258 36.357864 -11.157104
v -22.492521 35.778946 -10.728668
v -23.101692 35.033829 -10.947174
v -23.066040 35.224091 -10.391388
v -23.268406 34.473755 -10.316925
v -21.765848 35.910507 -12.106567
v -21.731792 36.641373 -12.023438
v -21.868017 36.300613 -12.921448
v -21.614124 35.406876 -12.921448
v -21.938795 35.932205 -13.771454
v -21.810213 34.922424 -13.807678
v -22.296028 35.406876 -14.397797
v -22.511747 34.062164 -14.658569
v -21.811747 33.794785 -14.225952
v -21.576393 34.188095 -13.850739
v -21.379124 33.303864 -14.622559
v -22.079123 33.362152 -14.925964
v -21.610107 32.928223 -15.416656
v -20.909418 32.770889 -15.053162
v -20.619123 33.240585 -14.293152
v -21.176794 32.338257 -15.753143
v -20.329006 32.065536 -15.379456
v -20.587856 32.048553 -16.423523
v -21.107098 32.381332 -16.329987
v -20.452980 31.234238 -15.729156
v -20.437956 30.975830 -16.526978
v -20.327156 31.579407 -16.360443
v -20.840082 30.489899 -15.895477
v -20.560516 31.030563 -15.065399
v -20.843777 30.201523 -15.219208
v -21.347475 29.697083 -16.669067
v -20.834663 30.351517 -16.455750
v -21.962173 28.969986 -15.889160
v -22.145784 29.108917 -16.631683
v -22.504124 28.762970 -16.140564
v -22.504124 28.553894 -15.404541
v -23.407768 28.480148 -15.577209
v -23.305475 28.482697 -15.058960
v -24.129976 28.435043 -15.520691
v -24.039259 28.762970 -14.605438
v -24.505924 28.515045 -14.850769
v -24.678989 28.284225 -14.209778
v -24.039259 28.553894 -13.869415
v -24.334009 28.042297 -13.529907
v -23.917850 27.754440 -12.863831
v -25.048615 27.591110 -9.681671
v -25.388521 27.172394 -10.037292
v -24.888483 27.583206 -10.626892
v -25.400530 26.794846 -9.496124
v -25.177423 25.484573 -8.673828
v -25.655199 26.029602 -8.907684
v -25.451553 26.504913 -9.088898
v -26.123247 25.554291 -9.053772
v -25.788780 24.765167 -8.928986
v -26.212372 24.943420 -9.287079
v -25.907454 24.552917 -9.442810
v -24.095047 22.263870 -5.489044
v -24.858871 22.336487 -5.804596
v -24.407564 21.960190 -5.925293
v -24.358578 22.673172 -5.021210
v -23.658577 22.614883 -4.717804
v -24.358124 23.033905 -4.285461
v -23.190006 22.486526 -4.425842
v -25.217640 23.132126 -4.551575
v -24.837833 23.448624 -3.766510
v -25.309069 23.436462 -3.936737
v -25.309069 23.645538 -3.200714
v -24.573788 23.537354 -2.471069
v -23.873789 23.448242 -3.192108
v -25.285549 23.514008 -2.618164
v -25.763975 23.401535 -2.909424
v -23.095240 37.440872 -12.654480
v -23.035294 37.594208 -12.006592
v -22.398972 37.643188 -12.013000
v -22.387276 37.170029 -12.869598
v -23.094124 37.551575 -13.451721
v -22.328690 36.821579 -13.419373
v -22.561134 37.120987 -13.921448
v -22.209661 36.363632 -13.989014
v -22.624416 36.791580 -14.681427
v -22.564308 35.852859 -14.780518
v -23.055012 36.321869 -15.214417
v -23.323193 35.562988 -15.249512
v -22.873814 35.079926 -14.740051
v -23.270414 34.647308 -15.230957
v -24.338791 34.921310 -15.628723
v -23.957613 34.142395 -15.649200
v -23.424795 34.048889 -15.496765
v -23.879122 33.313766 -15.937103
v -22.914787 32.965225 -16.261353
v -23.446499 32.822845 -16.333679
v -23.407425 32.549561 -17.352966
v -22.578075 32.734589 -17.134064
v -21.961983 32.793915 -16.782379
v -22.109123 32.927979 -15.976654
v -21.651207 32.597336 -16.505615
v -24.379545 36.827789 -11.911926
v -24.429615 37.226974 -11.264771
v -23.748749 37.489014 -11.644501
v -24.416954 37.164978 -12.624817
v -23.854124 37.719482 -13.105316
v -24.614124 37.551575 -13.451721
v -23.854124 37.841873 -13.921448
v -24.614124 37.551575 -14.391144
v -23.854124 37.614853 -14.720551
v -23.094124 37.551575 -14.391144
v -23.384418 37.081879 -15.151154
v -24.323830 37.081879 -15.151154
v -23.854124 36.321869 -15.441437
v -24.653234 36.321869 -15.214417
v -24.115765 35.554306 -15.507629
v -24.956635 35.621872 -15.272705
v -25.389257 36.321869 -15.005341
v -25.821882 35.621872 -15.272705
v -25.347124 35.000229 -15.666534
v -26.272373 34.900879 -15.582825
v -25.872452 34.373886 -16.023773
v -24.821795 34.373886 -16.023773
v -25.394417 33.355881 -16.816162
v -24.580414 33.137817 -16.463348
v -25.029793 32.654755 -16.972809
v -24.427858 32.197113 -17.463135
v -25.161688 31.728470 -17.736786
v -0.756172 16.397186 -14.861816
v -0.303123 16.708099 -13.755768
v -0.303123 16.383148 -14.492950
v -24.870457 36.431183 -11.479309
v -25.658340 36.629303 -10.977966
v -25.048706 36.789307 -11.055695
v -25.570456 36.163818 -11.911926
v -24.870457 36.431183 -12.344543
v -25.570456 36.372894 -12.647949
v -25.150738 36.884689 -13.078339
v -25.932882 36.882599 -13.463501
v -25.204100 37.215073 -13.921448
v -25.863642 36.847290 -14.427368
v -25.150738 36.884689 -14.764557
v -26.704044 37.075485 -14.356354
v -26.220343 36.474945 -14.913635
v -27.026794 36.450882 -15.108765
v -26.672344 35.653702 -15.295258
v -27.552124 35.600876 -15.433441
v -27.228674 34.843430 -15.536804
v -28.055748 34.785995 -15.281708
v -27.137617 34.312210 -15.637482
v -27.933100 33.766876 -15.211517
v -27.474800 33.557541 -15.674896
v -26.707233 33.892502 -16.149261
v -27.093830 33.065582 -16.346436
v -26.333830 33.355881 -16.816162
v -26.663235 32.595871 -16.879425
v -25.797255 32.499405 -17.252869
v -26.085100 32.008881 -17.131531
v -27.003304 31.996414 -16.551331
v -26.388500 31.308884 -17.189819
v -25.669672 31.299286 -17.910248
v -26.242428 30.920197 -17.789001
v -26.933615 36.601639 -12.343933
v -27.623112 37.162506 -11.677704
v -26.906721 36.846909 -11.299072
v -27.499290 37.162704 -12.853668
v -26.702124 36.976196 -13.208099
v -26.233614 36.543350 -12.647339
v -27.552124 37.300888 -13.733429
v -28.364159 37.415741 -12.658417
v -28.804123 37.528885 -13.821442
v -28.804123 37.416611 -13.015320
v -29.579576 37.593582 -13.564667
v -29.579124 37.232849 -14.300415
v -28.804123 37.297379 -14.636322
v -29.283100 36.753891 -15.075409
v -28.190449 36.584824 -15.178558
v -27.552124 37.046982 -14.627197
v -28.804123 35.978882 -15.371429
v -28.241373 35.522873 -15.411835
v -29.197674 35.580307 -15.365814
v -28.673998 34.822876 -15.144440
v -29.521124 34.822876 -15.262451
v -29.619007 35.978882 -15.139954
v -30.787655 35.278885 -15.198242
v -30.355030 35.978882 -14.930847
v -31.355146 36.244888 -15.039429
v -31.834124 35.469879 -15.335449
v -31.123995 34.625656 -15.206757
v -31.106216 34.000153 -15.243896
v -30.207123 33.874985 -15.090729
v -30.822121 33.041992 -15.338104
v -29.658241 33.130142 -15.042053
v -30.090864 32.430145 -15.309448
v -29.073832 32.370255 -15.221375
v -28.641209 33.070251 -14.954010
v -28.669123 33.766876 -15.002441
v -28.208584 32.370255 -15.221375
v -27.905186 33.070251 -15.163086
v -27.508585 32.637634 -15.653992
v -27.603708 32.003998 -16.066040
v -28.735519 31.707520 -15.816132
v -27.901461 31.449768 -16.152588
v -27.317289 31.067780 -16.751740
v -30.626045 37.575500 -13.132080
v -31.110502 38.436340 -12.783875
v -30.220848 38.210449 -12.610229
v -29.339926 37.984604 -12.360168
v -31.491295 37.575500 -13.132080
v -31.058670 37.084579 -13.528687
v -30.358669 37.142868 -13.832062
v -31.019077 36.678726 -14.524170
v -30.105465 36.533600 -14.718994
v -32.055508 37.162338 -13.823486
v -31.834124 36.788376 -14.600311
v -32.609123 36.723846 -14.264404
v -32.313099 36.244888 -15.039429
v -33.088100 35.948868 -14.560455
v -32.649006 35.469879 -15.103943
v -33.088100 34.990891 -14.560455
v -32.378071 34.703201 -15.139404
v -32.731663 34.168533 -14.340149
v -32.330166 34.158768 -14.893372
v -31.842239 34.000153 -15.034821
v -32.359352 33.297195 -14.827362
v -31.409616 33.300156 -15.302185
v -31.887819 32.652130 -15.948364
v -32.597633 32.564850 -14.761353
v -32.558018 32.511124 -15.607483
v -32.335182 37.511383 -13.091400
v -32.646683 37.849884 -12.787659
v -31.987846 38.193710 -12.856293
v -33.078255 37.313705 -12.771545
v -32.767803 36.811371 -13.358795
v -33.496811 36.599548 -13.115753
v -33.246304 36.226410 -13.946167
v -33.800541 35.814850 -13.369324
v -33.607521 35.469879 -14.145447
v -33.982601 34.984650 -13.277832
v -33.313992 33.995102 -13.213562
v -33.877205 33.829193 -12.212402
v -33.878494 34.327087 -12.826202
v -33.184212 33.432236 -12.710754
v -32.952118 33.254227 -13.285889
v -32.655918 33.733490 -14.061340
v -33.246372 34.622528 -13.852112
v -32.670330 32.844925 -14.023621
v -32.757072 32.343399 -13.524780
v -33.008797 31.842545 -14.307953
v -32.975124 32.696213 -12.710754
v -33.242500 33.128830 -12.010773
v -33.752243 33.307098 -11.792053
v -33.608032 32.785339 -11.702911
v -32.941010 32.171265 -15.141724
v -26.267975 36.577850 -11.145569
v -26.031765 23.290039 -3.537445
v -25.280157 22.584824 -5.367371
v -25.651163 22.821487 -4.816437
v -25.960531 23.049927 -4.264282
v -22.836761 21.707428 -5.011780
v -24.406839 27.762817 -11.200378
v -17.453829 28.577881 -12.714142
v -15.691134 27.018753 -11.484436
v -18.282351 30.136230 -6.714264
v 0.396877 16.324860 -14.189545
v 6.116491 18.851364 -23.440216
v 5.740702 19.431946 -22.899719
v 1.788216 30.230377 -24.291107
v 1.568474 5.668015 -18.884186
v -11.269567 8.919724 -11.302826
v 4.430161 9.051498 -15.662018
v -10.068007 11.795593 3.274170
v -8.355356 11.530777 0.001526
v -2.907564 22.093124 -16.183289
v -2.688501 22.596954 -15.730164
v -0.713985 20.732849 -14.070404
v -0.097729 14.468491 -4.241211
v 8.936369 14.605637 -1.170959
v 9.027292 16.571259 -1.144470
v 0.087317 -44.603127 24.579865
v -27.242558 -26.842751 -24.951813
v -27.860710 -26.469826 -24.934357
v -32.367596 -24.838295 -21.915710
v -33.988152 -24.389885 -23.581573
v -23.089901 -24.352699 -22.724304
v -22.954235 -24.838753 -23.504639
v -23.299011 -25.075401 -24.331238
v -23.722860 -25.045692 -25.036316
v -34.588749 -24.572838 -27.341309
v -34.928841 -24.470169 -25.818939
v -10.578897 -16.763985 -16.091309
v 3.071037 39.360474 -32.888153
v 3.339092 38.865082 -32.369141
v -3.749474 35.503906 -30.533875
v -4.293011 35.526794 -30.772675
v -2.017590 -42.740349 27.321899
v -2.490944 -42.282066 27.665741
v -2.727459 -41.697227 28.252655
v -4.160900 -36.772209 28.064240
v -18.179729 31.139465 -5.660309
v 32.432777 -33.669144 8.878510
v 2.878338 10.264832 33.308655
v 2.231499 24.463928 45.607483
v -2.051279 -3.048851 14.543640
v -16.686256 -10.750229 -11.572479
v -13.988004 -12.258156 -10.224487
v -13.253118 -12.505806 -10.208099
v -16.958305 -12.891228 -12.623016
v -17.696487 -16.173019 -14.841187
v -11.178750 8.237976 -11.796417
v -11.684562 10.025665 -9.175659
v -11.603231 10.121613 -8.479462
v -11.040723 10.170776 -7.830292
v 0.548428 -15.342728 12.556183
v 1.452091 -16.668190 13.457336
v -4.673586 -48.303978 22.808990
v -5.026676 -47.733566 22.994843
v -5.033297 -46.929817 23.130432
v -4.787956 -46.200890 23.282043
v -4.141146 -45.836990 23.502777
v -0.393394 -36.966789 29.068176
v -4.198214 -48.821381 20.575623
v 14.750765 24.228790 12.413391
v -14.835139 14.756577 -5.558105
v -14.307306 16.969910 -11.938568
v -13.452135 -14.429924 -12.691345
v -13.875021 14.777695 -7.833282
v -16.454262 16.061768 -8.081726
v -16.642147 16.205185 -8.658264
v 2.064919 -9.736526 -21.506683
v 0.444546 -8.249855 -20.880524
v -0.393457 -8.345955 -20.827942
v 2.650406 21.576111 47.224182
v 2.485731 20.879272 47.585114
v 3.918900 26.054993 40.360352
v -0.490898 25.989380 42.343658
v 3.976156 24.357101 37.553009
v 4.026693 24.707123 36.910461
v 4.002693 24.806931 36.230835
v -4.397768 23.285095 41.289948
v 6.321028 16.598633 38.085144
v 3.965462 16.574249 37.552979
v 2.484066 14.073715 35.063995
v 1.914236 11.928696 34.562439
v 6.159872 21.803650 32.099457
v 3.011021 23.082031 31.054016
v 2.363264 22.926239 30.914703
v 6.765985 21.896912 32.625549
v -4.327934 18.023468 30.524414
v 3.084507 10.598419 33.512695
v 2.538792 9.352036 29.846741
v 2.984982 8.984344 29.424927
v 3.523771 7.230774 26.260559
v 4.045517 6.853241 26.116333
v 5.452559 8.843933 21.647034
v -1.447762 14.707062 26.557678
v 9.973463 9.808823 18.237183
v -5.529802 11.317368 30.251648
v -5.337364 10.850830 29.757935
v -5.257694 10.427368 29.194580
v -1.549644 14.093872 20.739716
v -1.256981 14.637604 20.878265
v -1.091524 14.792984 21.368378
v -1.288906 12.041794 16.289551
v -0.486454 12.571777 16.718140
v -0.306658 13.229874 17.161194
v 8.664766 15.928375 12.839691
v 13.715883 10.839188 15.951630
v 17.641161 12.386810 13.086456
v 17.536539 12.534546 13.513153
v -3.135830 6.032089 12.085327
v -9.361092 14.050049 5.580811
v 10.824541 4.090858 10.439697
v 21.435480 15.269516 5.752899
v 21.294344 15.882599 5.383301
v 21.251459 16.497925 5.103638
v 21.340265 17.138428 4.986511
v 0.580404 8.256287 10.537262
v 0.455708 -0.837753 14.014282
v -5.061211 4.760239 17.354126
v -4.716753 -1.518570 15.398010
v -4.383167 -2.000298 15.138184
v -3.831280 -1.956276 14.864166
v 8.880762 6.485367 7.875244
v 4.372246 -2.667183 15.451477
v 4.749786 -2.989632 15.684814
v 3.093956 1.029282 10.372772
v 10.919081 -3.501488 9.867615
v 12.652754 -3.858810 7.601227
v 16.305189 -3.101913 3.376923
v 18.203836 -5.910538 1.475189
v 18.412828 -6.548210 1.762787
v 18.571749 -7.735146 2.142670
v 18.256006 -8.236015 2.170410
v 3.742905 -1.532524 11.813904
v 12.148184 -18.797676 2.578156
v 4.983847 -6.028984 12.130371
v 5.281513 -4.639328 14.178131
v 1.664658 -26.147873 7.435303
v 29.723284 -35.067490 4.719971
v 29.409594 -35.595596 4.828003
v 24.522478 -30.229080 14.933289
v 25.941313 -35.571007 7.253418
v 22.709715 -28.130997 7.018005
v 24.460386 -27.336342 6.351318
v 23.700388 -25.162941 3.719238
v 24.984785 -26.164055 12.163940
v 25.353346 -25.180977 12.198669
v 25.798304 -24.695885 12.211975
v 26.092096 -24.106346 12.558319
v 19.640806 -16.823013 12.887878
v 18.971144 -16.438332 13.026794
v 20.808424 -18.756020 12.102448
v 26.079603 -23.714470 12.862762
v 22.844400 -16.396339 3.199280
v 15.381624 -17.473320 12.508209
v 14.564436 -16.975700 11.948761
v 14.276026 -16.533012 11.639069
v 13.899195 -16.093025 11.159027
v 13.711412 -15.905388 10.411896
v 12.062342 -15.314735 9.560364
v 7.725603 -16.734749 13.299866
v 7.013308 -16.976463 13.813965
v 24.102732 -14.376076 3.322571
v 6.365801 -17.498619 13.912109
v 8.773981 -10.908012 1.641968
v 9.473631 -10.643295 1.181091
v 10.044706 -10.307945 0.688324
v 10.408144 -9.760025 0.345764
v 7.319880 -11.505112 1.475555
v 15.536051 -9.533028 0.797211
v 9.035250 -21.554176 4.254852
v 8.449770 -21.635757 4.198975
v 8.088747 -13.257401 -0.037903
v 8.094511 -13.913322 -0.404907
v -4.009636 -12.353966 1.544342
v -5.903564 -14.913475 0.510803
v -6.485910 -15.561630 0.345154
v -7.118935 -16.154182 0.371979
v -0.459614 -11.143570 7.453827
v -1.309010 -11.180290 7.786438
v -2.217789 -11.061516 7.926331
v -3.119791 -11.030327 8.002136
v -21.812288 37.451202 -11.884369
v -21.595972 37.057541 -11.537964
v -22.299131 32.463745 -8.258362
v -21.387312 20.472473 -1.564941
v -21.157385 17.927124 -1.036346
v -22.331367 23.307373 -9.722290
v -26.721960 30.925201 -17.340240
v -29.552563 31.938690 -15.777832
v -30.358303 32.163467 -15.945251
v -31.086302 32.453461 -15.942841
v -28.468908 37.487350 -12.111237
v -32.993942 31.769257 -13.550323
v -33.077705 31.927246 -12.786774
v -33.302017 32.290192 -12.118469
v -23.887560 27.776459 -11.742920
v -22.916220 28.572937 -16.608276
v -23.618265 28.435043 -16.032379
v -20.846792 31.292130 -5.077087
v -20.659512 22.306580 -8.721466
v -19.117157 19.918030 -8.824432
v -18.986052 20.394608 -8.396088
v -19.862652 28.680283 -5.305359
v -17.918346 18.811737 -9.585480
v -17.621353 18.205811 -9.593353
v -14.525258 27.668365 -2.978485
v -14.052213 27.461700 -2.534698
v 0.396877 16.649811 -13.452362
v -23.666725 21.796539 -5.606750
v -21.978691 21.659592 -3.024506
v -11.768380 16.995270 -14.695923
v -15.480037 12.246399 3.465790
v -8.896950 17.916672 -15.608398
v -7.257484 17.539886 -15.988892
v -10.670374 24.293762 -6.121277
v -10.462661 23.431717 -6.138214
v -10.491667 22.712723 -6.015503
v -4.992947 22.975464 -8.781250
v -4.326763 22.751343 -9.013214
v -1.451248 22.196625 -12.296692
v 1.107229 20.449020 -13.680847
v -0.962891 12.154846 10.447144
v -0.798349 11.648621 10.563080
v -12.438143 11.936066 5.359558
v -8.827160 10.911407 -5.975098
v -9.446507 10.984070 -5.394531
v -10.172701 10.796371 -4.996704
v -10.838470 10.359482 -4.554565
v -11.219202 10.083145 -3.950745
v -11.573741 9.905396 -3.312134
v -8.899345 10.552185 -7.038086
v -10.221378 10.187042 -7.541138
v -14.609759 12.479858 -0.687714
v -14.818532 13.333588 0.246124
v -1.203430 6.184540 -14.995056
v -11.443476 12.096527 5.294006
v 12.117670 22.126007 11.550049
v -0.739208 12.483994 -8.911713
v -4.308544 12.021088 -1.171753
v 0.361263 13.778717 -8.661560
v -3.202509 12.646072 0.612549
v 0.571241 16.355148 -3.056854
v 0.571241 16.355148 -1.982025
v 2.272779 17.269211 0.020569
v -0.740494 14.484680 5.603149
v -3.401287 16.745239 3.601624
v -2.922747 16.919250 3.971252
v -0.923622 14.024841 7.399841
v -1.087259 13.821289 8.087311
v 23.213198 19.747665 25.010834
v 23.380079 19.093781 24.576538
v 23.564196 18.627197 23.859192
v 23.846430 18.475708 23.173859
v 24.160963 18.661652 22.362732
v 24.514353 19.049866 21.589905
v 22.767954 29.922653 24.289368
v 25.382490 28.634308 23.107025
v 26.586199 28.457947 23.661255
v 27.263727 28.609955 23.996063
v 28.059580 29.013596 24.292267
v 28.651804 29.159424 24.690399
v 34.028137 25.818405 25.497131
v 32.922745 29.079147 25.703857
v 33.302208 28.866852 25.401703
v 21.096552 17.536804 14.271088
v 21.899977 17.373779 14.927185
v 22.642801 17.521606 15.577789
v 20.495008 26.545532 16.264374
v 17.494570 24.880585 15.721985
v 17.236864 24.089371 14.519165
v 16.953428 24.136520 13.715149
v 16.575762 23.964905 13.165497
v 25.495874 20.060196 9.810059
v 23.569426 20.014572 8.597351
v 11.164324 20.068527 12.617737
v 10.887770 19.358368 12.296448
v 7.696993 16.684525 14.025879
v 17.800615 13.175217 13.904236
v 18.243555 13.523926 13.932861
v 15.120420 12.748245 1.874756
v 9.021742 14.964539 -2.406555
v -2.829365 -46.125587 16.787445
v -3.642534 -46.214867 17.130432
v 1.547588 -41.183754 17.788239
v 1.933113 -40.457771 17.632782
v 2.387993 -39.882896 17.334137
v 3.232687 -34.596169 25.815338
v 2.399281 -34.695686 26.057709
v 1.642620 -34.981979 26.076752
v -0.102093 -30.538773 20.478638
v 3.601372 -29.347786 23.352875
v -3.665871 -26.984795 21.983124
v -1.396622 -32.593788 12.640137
v -1.776766 -32.954453 13.018158
v -8.776310 -26.696205 17.254700
v -8.740505 -26.864944 17.897369
v -8.366480 -26.815376 18.534332
v -8.930367 -25.658073 16.234680
v -10.143280 -21.274467 13.639435
v -9.890589 -20.713791 13.889587
v -10.973790 -13.288551 6.036774
v -8.957378 -13.997490 0.964691
v 5.252495 -15.383377 -2.556335
v 2.815718 -15.585197 -3.516479
v 2.347767 -15.967232 -3.989532
v 2.069977 -16.228310 -4.530609
v 1.910072 -16.327690 -5.194275
v -3.024220 -14.982231 -1.527405
v 7.303251 -13.148186 -10.525269
v 7.535875 -12.539841 -9.954071
v 7.733049 -11.988869 -9.539215
v 4.744629 -13.416054 -27.785156
v 4.646973 -13.709885 -28.253235
v 4.629110 -13.964188 -29.296051
v 4.525358 -13.796310 -30.110931
v 4.432158 -13.650719 -30.912048
v 4.800835 -13.774002 -31.645172
v -3.222277 -15.770287 -1.818420
v -6.221920 -13.842506 -7.498535
v -7.769699 -13.433510 -7.830963
v -8.524990 -13.305740 -7.915833
v -2.981258 31.532745 -28.765045
v -1.247499 34.318268 -30.480927
v -2.221537 28.609070 -28.711975
v -2.232241 27.906967 -28.965576
v -4.130367 24.840973 -26.312164
v 1.324959 35.870056 -25.539124
v 2.632040 37.674072 -26.069092
v 5.826799 38.053223 -29.810120
v 4.198280 35.108185 -27.844543
v 3.603840 34.777466 -27.757355
v 6.406130 24.084030 -25.744965
v -5.736774 18.001740 -19.576050
v 3.474403 28.326248 -22.331085
v -3.251682 21.390656 -26.107605
v -3.846010 18.237579 -24.582336
v -4.543388 17.867310 -24.511200
v -5.240299 17.560654 -24.232971
v -5.729753 17.461487 -23.627350
v 2.374226 26.367676 -20.711334
v 2.517582 27.323349 -20.958191
v 6.082178 10.314743 -18.385345
v 4.083052 5.863205 -17.884216
v 3.276142 5.409073 -17.774231
v 2.694698 4.909683 -17.764221
v 2.010857 4.684341 -17.918823
v -0.644045 6.139252 -18.334076
v -9.764963 0.859581 -11.936218
v -10.369404 1.114143 -12.403625
v -11.380363 3.906258 -14.884369
v -5.407513 4.942711 -17.790955
v -6.277176 2.911087 -17.993225
v -5.916636 2.060966 -17.904083
v -5.512764 -0.025703 -17.236511
v -8.208200 -0.434563 -11.437927
v -12.516252 2.712929 -14.504425
v -6.461969 3.610794 -18.168243
v -1.108318 -25.532120 -45.927490
v -1.057846 -26.282036 -41.985504
v -0.935762 -20.397598 -45.440247
v 7.219687 -16.734970 -30.300598
v 7.232832 -16.580276 -29.443146
v 7.078249 -16.222420 -28.757660
v -5.241329 -19.125282 -41.102997
v -4.495697 -19.095863 -41.419159
v 0.946524 -19.538841 -45.048340
v 1.751282 -19.802193 -44.719940
v -1.958645 -20.498146 -20.340485
v -3.118876 -19.516472 -20.415161
v -3.203777 -18.857338 -20.236938
v -2.784729 -17.272133 -19.818939
v -2.569805 -16.520943 -19.516876
v -2.507229 -15.777298 -19.421844
v -3.826632 -16.358345 -36.195343
v 1.790020 -14.502846 -33.890686
v -0.027733 -23.645615 -32.910645
v 0.579330 -23.787308 -32.392914
v 1.173073 -23.886650 -31.711517
v 1.402691 -20.930313 -25.616821
v 1.468952 -20.911171 -24.735107
v 1.630825 -20.778580 -23.805389
v 1.506033 -20.480812 -23.088745
v 0.275150 -19.245491 -20.850616
v 0.029808 -19.712151 -20.453644
v 0.125965 -14.612511 -32.506592
v 0.444771 -14.433243 -29.453064
v -7.650887 -8.366951 -23.159912
v -15.507344 -6.981255 -7.739868
v 0.396938 -14.047012 -27.079895
v -8.474113 -17.217178 -16.408539
v -9.010592 -17.398262 -15.939331
v -18.337322 -7.491104 -21.908417
v -18.940954 -7.310112 -22.054779
v -19.735292 -7.310112 -22.054779
v -20.511587 -7.490791 -22.131775
v 0.309547 -12.753578 -26.816833
v -3.289705 -9.063377 -23.277924
v -3.911888 -9.069496 -23.566040
v -0.035746 17.140732 -13.055756
v 0.731821 17.108963 -12.732208
v -4.996880 -15.411331 -18.193695
v -15.810807 -9.222404 -20.924469
v -16.349428 -9.143570 -21.512756
v -16.966274 -9.017738 -21.671082
v -0.045961 -6.162498 -15.157013
v -0.809534 -6.120682 -15.122681
v 6.143984 -9.733574 -17.612152
v 9.596083 -9.594276 -14.082397
v -1.888496 -5.403488 -15.137970
v -15.187016 1.348068 -8.527710
v -15.160848 1.895027 -8.830139
v -15.267336 1.983421 -9.317535
v -25.961025 -20.376747 -20.918335
v -26.943359 -19.359238 -18.794525
v -27.017220 -20.066948 -16.718384
v -32.287228 -23.400841 -28.709381
v -31.692760 -22.976089 -28.717926
v -31.144089 -22.685966 -28.450287
v -26.535408 -18.931541 -30.456879
v -27.386753 -18.632851 -27.406708
v -27.068819 -18.888588 -26.676910
v -23.540710 -19.041283 -18.245758
v -22.351259 -18.509102 -17.469940
v -26.016550 -12.517441 -14.643829
v -25.120914 -12.568619 -14.792664
v -24.545574 -12.910866 -14.921783
v -24.486584 -13.171158 -25.224884
v -24.019808 -13.000076 -24.876923
v -22.090960 -9.041397 -22.554810
v -24.793697 -19.630455 -16.729004
v -23.685791 -11.071556 -11.132111
v -24.033379 -10.566414 -11.170990
v -24.537865 -10.048538 -11.447876
v -10.929364 -9.404282 -21.004120
v -17.603567 -6.352882 -8.660583
v -18.614996 -5.298256 -8.500244
v -11.967269 -0.335831 -10.162170
v -15.359334 1.628593 -11.103455
v 10.378218 -0.460854 11.693146
v 10.526926 -1.053185 11.955750
v 10.555986 -1.841118 12.203705
v 10.700193 -2.471428 12.071503
v 1.164444 16.618042 -13.128784
v 1.597067 17.108963 -12.732208
v 3.947233 14.116669 48.328827
v 1.864445 16.676331 -13.432190
v 2.248711 17.498138 -13.203400
v 2.528622 17.216476 -13.862579
v 24.987619 17.296936 11.656891
v 25.380991 17.703979 11.577606
v 6.676668 17.852432 -23.408722
v 6.443331 18.229980 -23.552917
v 5.661638 37.920074 -30.393951
v -6.205692 -8.087791 -16.366791
v -6.277258 -7.630638 -15.946045
v -6.767153 -7.730446 -15.982574
v -7.503176 -7.730446 -15.773468
v -7.232239 -8.497124 -15.808929
v -8.047123 -8.421669 -15.454437
v -8.523668 -7.669334 -15.769318
v -8.101068 -7.105484 -16.246765
v -8.822123 -7.243149 -16.648468
v -8.122576 -6.824127 -17.080811
v -7.328163 -6.267670 -16.233765
v -7.386450 -5.964272 -16.933777
v -7.119074 -5.531647 -16.233765
v -7.090843 -6.000221 -15.585358
v -7.386450 -5.099022 -15.533783
v -7.032557 -5.696823 -14.885376
v -6.806139 -6.159477 -14.864899
v -5.899715 -6.622795 -15.313141
v -6.277258 -6.230637 -14.546051
v -5.456371 -6.539322 -14.988831
v -4.439030 -9.205780 -16.593628
v -4.068604 -8.485298 -16.221252
v -4.549715 -7.894424 -15.946777
v -5.175053 -9.205780 -16.802734
v -5.773069 -8.787788 -16.634155
v -6.058384 -9.346786 -16.480225
v -6.622793 -8.879372 -16.336182
v -6.433094 -9.670952 -16.189026
v -7.133095 -9.403580 -15.756409
v -6.700472 -10.103577 -15.489014
v -7.191381 -9.706978 -15.056396
v -7.628839 -8.929749 -15.318024
v -7.665833 -9.453018 -14.278351
v -8.526379 -8.912582 -15.057861
v -8.479961 -9.069710 -14.276337
v -9.226379 -8.854294 -14.754456
v -8.959002 -8.421669 -15.454437
v -9.659002 -8.154297 -15.021820
v -9.301832 -7.657867 -16.129486
v -10.001833 -7.599579 -15.826111
v -10.222124 -7.243149 -16.648468
v -9.598030 -7.387703 -17.127441
v -10.381931 -6.787300 -17.859741
v -9.598030 -7.178612 -17.863464
v -8.898029 -7.120323 -17.560059
v -9.165407 -6.687698 -18.260071
v -8.427679 -6.405914 -17.804138
v -8.857841 -5.779701 -18.276031
v -8.230791 -5.427483 -17.930664
v -7.689953 -6.124130 -17.348175
v -7.956934 -4.819420 -17.644409
v -7.386450 -5.099022 -16.933777
v -8.165920 -4.330238 -17.614380
v -8.473061 -3.463501 -17.192200
v -8.787008 -3.794273 -17.654205
v -7.982151 -3.860100 -16.759583
v -8.541143 -3.379562 -16.261658
v -7.929754 -4.281265 -15.930359
v -7.328163 -4.795624 -16.233765
v -8.506828 -3.991829 -15.277435
v -8.037121 -4.751831 -14.987152
v -8.663490 -4.356453 -14.576324
v -8.223467 -5.241936 -14.149353
v -7.523466 -5.300224 -14.452759
v -7.790844 -5.732849 -13.752747
v -6.806139 -6.159477 -13.999664
v -7.037123 -6.535118 -13.205566
v -6.041119 -6.522018 -12.970886
v -5.842123 -6.253136 -13.789581
v -5.059521 -6.306870 -12.905609
v -4.934347 -6.302658 -14.057587
v -4.141453 -5.909454 -13.500427
v -4.121630 -6.469406 -14.525085
v -3.441452 -6.176834 -13.933075
v -3.579464 -6.578117 -14.373749
v -2.977238 -7.150566 -14.485016
v -2.950542 -6.573433 -13.500427
v -2.276487 -7.532478 -13.870331
v -2.727144 -7.776649 -14.781860
v -2.067398 -8.268501 -13.870331
v -2.394274 -8.772285 -14.631042
v -2.943478 -8.419449 -15.407135
v -2.761509 -9.341370 -15.497437
v -3.445396 -8.552391 -15.906769
v -3.158110 -9.773994 -15.988342
v -3.894133 -9.773994 -16.197449
v -3.461510 -10.473991 -15.930054
v -3.914463 -10.821465 -15.856232
v -3.159254 -11.015686 -15.201782
v -4.347086 -11.312378 -15.459625
v -4.779709 -10.821465 -15.856232
v -5.142401 -10.424522 -16.093903
v -5.377125 -10.884979 -15.349060
v -5.875053 -10.338402 -15.835358
v -5.607676 -9.905777 -16.535339
v -4.742430 -9.905777 -16.535339
v -6.342670 -10.495125 -15.150818
v -5.643124 -10.914146 -14.718475
v -6.342670 -10.495125 -14.285553
v -6.833580 -10.098526 -14.718201
v -6.942989 -9.977043 -13.840851
v -6.514523 -10.695084 -13.266327
v -9.659002 -8.154297 -13.621826
v -8.744167 -8.565880 -13.422546
v -8.903919 -8.799210 -13.800079
v -9.717289 -8.457695 -14.321838
v -9.926378 -7.721672 -14.321838
v -9.659002 -7.289047 -13.621826
v -9.925730 -7.035751 -14.056213
v -10.001833 -7.599579 -14.960846
v -10.476074 -6.698517 -14.680786
v -10.492743 -7.202980 -15.393463
v -11.099988 -6.966843 -15.671814
v -10.399988 -7.234222 -16.104431
v -11.099988 -6.966843 -16.537048
v -11.590899 -6.570244 -16.104431
v -11.546874 -6.086113 -16.745117
v -10.788941 -6.723724 -17.127441
v -11.219251 -6.326004 -17.296661
v -10.807723 -6.610489 -17.548523
v -9.812395 -2.728271 -17.107117
v -10.146021 -3.124588 -17.298035
v -9.521868 -3.479507 -17.668915
v -9.112394 -2.786560 -16.803741
v -10.120131 -2.230347 -16.301453
v -9.420130 -2.288635 -15.998077
v -8.929220 -2.685234 -15.565430
v -9.420130 -2.288635 -15.132812
v -8.987507 -2.988632 -14.865448
v -8.720131 -3.421257 -15.565430
v -8.921583 -3.563881 -14.585022
v -9.931974 -3.104752 -14.245850
v -9.318184 -3.996506 -14.094086
v -10.054207 -3.996506 -13.885010
v -9.796114 -4.789078 -13.876312
v -10.437497 -4.545242 -13.960724
v -10.344011 -5.284615 -14.068909
v -9.607988 -5.284615 -13.859833
v -9.976873 -6.107704 -14.087860
v -9.225729 -5.903130 -13.623596
v -8.832537 -5.348419 -14.044556
v -8.279074 -6.060738 -13.386749
v -8.711697 -6.551651 -12.990143
v -7.846451 -6.551651 -12.990143
v -8.279074 -7.251648 -12.722778
v -7.469746 -7.026031 -12.808960
v -7.560890 -8.206581 -12.644073
v -9.015097 -7.251648 -12.931854
v -9.262402 -7.721672 -13.130920
v -9.470413 -6.711075 -13.494049
v -10.904795 -5.753120 -14.501770
v -10.870121 -5.245239 -14.228088
v -11.570121 -4.977867 -14.660706
v -11.604795 -5.485748 -14.934387
v -11.740808 -4.875420 -15.426086
v -11.728307 -5.593498 -16.140656
v -11.532612 -6.266846 -15.404449
v -10.120131 -2.021255 -15.565430
v -10.640342 -2.320839 -15.339203
v -10.804595 -2.521172 -15.989258
v -10.209255 -2.413406 -14.798340
v -11.177427 -3.731049 -14.489197
v -11.232301 -3.377434 -14.691223
v -10.871203 -3.105400 -14.521759
v -10.220390 -3.104752 -14.245850
v -10.790231 -3.996506 -14.094086
v -11.173521 -4.545242 -14.169800
v -11.665488 -4.030159 -15.051300
v -9.809740 -2.749367 -14.471527
v -10.612891 -2.831352 -16.779572
v -6.238010 -7.726028 -11.215515
v -6.171862 -8.870842 -11.715454
v -6.894684 -8.260262 -12.053284
v -6.748507 -7.450089 -11.849396
v -5.934610 -7.026031 -11.273804
v -6.201988 -6.593407 -11.973816
v -6.692898 -6.990005 -12.406433
v -5.501987 -6.535118 -11.670410
v -5.501987 -6.326027 -12.406433
v -4.801987 -6.593407 -11.973816
v -5.069365 -7.026031 -11.273804
v -4.369364 -7.293404 -11.706451
v -3.803143 -6.668854 -12.295807
v -4.141453 -6.118546 -12.764404
v -3.441452 -6.176834 -13.067810
v -3.008829 -6.876831 -12.800446
v -3.499743 -7.368851 -12.237518
v -2.928205 -8.227814 -12.567413
v -2.334774 -7.835876 -13.170319
v -2.334774 -8.701126 -13.170319
v -2.832140 -9.104477 -12.430664
v -2.341230 -9.501076 -12.863281
v -2.186396 -9.276070 -13.991791
v -2.433199 -10.108902 -13.956146
v -2.473951 -9.741348 -14.744598
v -2.715498 -10.565567 -14.739990
v -2.761509 -10.206619 -15.497437
v -2.287451 -11.146454 -13.947449
v -2.453772 -11.533554 -14.691772
v -1.947119 -11.216385 -13.326965
v -1.530630 -11.621895 -13.407928
v -1.288122 -11.626450 -12.887115
v -0.855499 -12.326447 -13.154480
v -1.098007 -12.321892 -13.675293
v -0.493502 -13.245567 -13.133026
v -0.933319 -13.279243 -13.763947
v -1.502499 -12.625549 -14.395477
v -1.517344 -13.546249 -14.305756
v -1.899099 -13.058174 -14.886414
v -2.202499 -12.358177 -14.828125
v -2.750080 -12.905647 -15.181976
v -2.850372 -11.966179 -15.182678
v -3.601061 -12.753120 -15.477570
v -3.586395 -11.966179 -15.391785
v -4.337084 -12.753120 -15.268494
v -4.322418 -11.966179 -15.182678
v -4.733685 -12.320496 -14.777588
v -5.164146 -11.689148 -14.422455
v -5.047087 -11.254089 -15.156219
v -5.164146 -12.647095 -14.422455
v -5.504095 -12.168121 -13.826416
v -4.767546 -13.079720 -14.913361
v -5.079229 -13.431168 -14.614380
v -4.713696 -14.241325 -14.922241
v -4.966457 -14.253342 -14.544708
v -5.346605 -13.863792 -13.914398
v -5.816730 -13.137749 -13.458679
v -5.933353 -12.029877 -13.408081
v -6.090473 -11.126373 -13.709320
v -6.476229 -11.300308 -12.699402
v -6.352379 -12.446167 -12.903259
v -6.474405 -11.884438 -12.197388
v -5.133684 -9.929131 -11.555664
v -6.132372 -10.749504 -11.828430
v -5.866688 -10.139671 -11.909363
v -5.893154 -9.438156 -11.794373
v -4.779457 -9.429077 -11.446960
v -5.069365 -8.426025 -11.273804
v -4.361151 -8.407394 -11.701477
v -4.765965 -7.726028 -11.215515
v -5.501987 -7.726028 -11.006439
v -4.043434 -9.429077 -11.656036
v -3.532831 -8.947128 -12.067139
v -3.862236 -8.187126 -12.130432
v -3.099518 -9.537102 -11.730652
v -3.532141 -10.237099 -11.463287
v -2.796118 -10.237099 -11.672363
v -2.399517 -9.804474 -12.163269
v -2.783817 -10.789520 -11.440918
v -3.903124 -10.629128 -11.399445
v -3.218779 -11.381195 -11.035217
v -4.372831 -11.389130 -11.109131
v -3.917498 -12.562004 -10.725708
v -2.492655 -12.384514 -10.399384
v -2.189255 -11.684517 -10.457672
v -1.756632 -11.193604 -10.854279
v -1.814074 -10.962570 -11.625793
v -1.056631 -11.251892 -11.157684
v -1.056631 -11.251892 -12.022919
v -1.896502 -10.900391 -12.566650
v -0.565722 -11.648491 -11.590302
v -0.305300 -12.312965 -11.386993
v -0.732836 -11.920631 -10.994446
v -0.308775 -12.428879 -12.335327
v -0.158314 -12.792252 -11.924469
v -0.224960 -13.069473 -12.446930
v -3.189510 -13.658455 -15.157745
v -2.838806 -14.230721 -14.805359
v -2.168312 -13.873055 -14.588196
v -3.564384 -14.499260 -14.878326
v -3.946606 -13.863792 -15.314392
v -4.191948 -14.330460 -15.066437
v -6.238487 -13.120621 -12.168915
v -5.432625 -13.882278 -12.048187
v -5.465736 -13.898796 -12.569519
v -6.057373 -12.994629 -11.425720
v -6.474405 -11.884438 -11.730713
v -5.660772 -12.562004 -10.934814
v -6.005129 -11.819893 -11.003540
v -5.269106 -11.819893 -10.794434
v -5.701729 -11.119896 -11.061829
v -4.836483 -11.119896 -11.061829
v -4.701061 -10.629128 -11.288300
v -4.924749 -12.562004 -10.725708
v -5.195559 -13.185059 -10.906097
v -4.297724 -13.108124 -10.610046
v -4.730347 -13.808121 -10.877411
v -3.865101 -13.808121 -10.877411
v -3.386124 -13.032219 -10.732849
v -2.907146 -13.808121 -10.877411
v -2.269093 -12.896461 -10.227814
v -1.965693 -13.596458 -10.286102
v -1.533070 -12.896461 -10.018707
v -1.100447 -13.596458 -10.286102
v -0.765978 -12.807335 -10.410858
v -1.073833 -12.259148 -10.323853
v -1.016155 -11.944290 -10.544678
v -0.572342 -13.328865 -10.633362
v -0.460407 -13.718185 -11.108643
v -1.219534 -14.028412 -10.520996
v -0.952156 -14.461037 -11.220978
v -1.652157 -14.519325 -10.917572
v -1.580690 -14.730370 -11.906708
v -2.413202 -14.484352 -11.258698
v -2.255297 -14.958794 -12.026367
v -2.906868 -14.998581 -11.693024
v -2.869617 -15.073006 -12.138306
v -3.532372 -15.097153 -12.237091
v -3.339491 -14.507668 -11.296448
v -3.927746 -14.580124 -11.592804
v -4.297724 -14.299034 -11.274017
v -2.084780 -14.028412 -10.520996
v -4.916513 -14.340958 -11.907257
v -4.268438 -9.929131 -11.555664
v -2.140640 -10.429108 -13.015472
v -4.229324 -14.774849 -11.953217
v -0.998817 -14.438423 -11.792419
v -0.621277 -14.115959 -11.559113
v -6.241074 -11.506905 -11.586517
v -5.326012 -14.175606 -13.257141
v -5.104601 -14.395515 -13.890076
v -4.744438 -6.432266 -14.640289
v -9.975573 -6.598564 -18.115845
v -9.496897 -6.221031 -18.368622
v -8.259756 -8.189796 -13.043030
v -5.700783 -6.844162 -15.421631
v -5.217752 -7.459724 -15.816589
v -4.662123 14.824783 -11.094299
v -4.304943 14.620453 -10.347198
v -4.567263 14.927750 -9.780273
v -5.329729 15.075027 -10.561462
v -5.177122 15.680786 -9.787201
v -4.550400 14.946991 -9.136200
v -3.807224 14.247986 -10.734955
v -3.962122 14.766495 -11.397705
v -4.662123 15.033859 -11.830322
v -5.362123 14.766495 -11.397705
v -5.914961 14.634537 -11.068359
v -6.309746 15.248154 -10.487213
v -5.877123 15.739075 -10.090607
v -5.877123 15.948151 -9.354584
v -5.020123 15.578506 -8.651825
v -4.530972 15.048126 -8.365448
v -3.471212 14.369888 -11.830322
v -3.345287 13.750244 -11.073639
v -3.962122 14.766495 -12.262939
v -4.662123 14.824783 -12.566345
v -5.485600 14.652969 -12.382507
v -5.174086 14.380142 -13.100311
v -5.874086 14.321854 -12.796906
v -6.470123 13.981903 -12.369415
v -6.771288 14.355759 -13.201080
v -7.191175 13.844223 -12.771118
v -6.966124 13.582840 -11.921356
v -6.364996 13.925247 -11.416595
v -6.826839 13.159073 -11.190430
v -6.750217 13.456100 -10.443909
v -6.701174 14.469193 -10.536469
v -7.097775 14.036575 -10.045563
v -7.097775 14.901810 -10.045563
v -7.283230 14.280273 -9.065002
v -7.156061 15.205215 -9.345581
v -6.577124 15.680786 -9.787201
v -6.577124 15.680786 -8.921967
v -7.076427 15.541000 -8.401093
v -6.643805 16.031921 -8.004486
v -5.877123 15.835876 -8.548431
v -5.877123 16.067383 -7.733551
v -5.177122 15.680786 -8.174927
v -5.177122 16.009094 -7.430145
v -4.471962 14.733368 -7.892792
v -4.686213 15.612488 -6.997528
v -4.477123 14.876465 -6.997528
v -4.391445 14.470459 -7.894348
v -4.326881 13.797058 -7.063538
v -4.659492 14.551865 -6.207825
v -4.723482 13.364441 -6.572601
v -4.093266 13.062500 -7.251465
v -4.489866 12.629883 -6.760559
v -4.093266 12.197266 -7.251465
v -3.859142 12.848938 -8.438232
v -3.952076 13.206757 -8.168121
v -4.066229 12.080093 -9.084442
v -3.827782 12.853363 -8.998138
v -4.056559 12.396088 -9.987671
v -4.557138 11.683487 -9.517059
v -4.418690 11.861328 -10.303192
v -3.797049 11.904465 -10.897827
v -3.384068 12.978729 -10.564728
v -3.306139 12.301071 -11.330475
v -3.201080 13.228500 -10.984497
v -3.419218 12.514191 -12.143097
v -3.262123 13.633865 -11.830322
v -3.652975 13.087723 -12.649872
v -3.529499 14.066483 -12.530304
v -4.352976 14.220352 -13.082489
v -4.310213 13.184906 -13.619446
v -4.741463 13.889221 -13.496887
v -4.960623 13.717850 -14.040894
v -5.710098 14.190674 -13.597809
v -5.710098 14.190674 -14.463043
v -6.771288 14.564835 -13.937103
v -6.929344 14.244583 -14.834747
v -7.382164 14.083557 -14.559967
v -7.471289 14.297470 -13.504456
v -7.962198 13.900864 -13.937103
v -7.903912 13.597458 -13.237091
v -8.118031 13.174271 -13.897736
v -8.308136 12.747070 -13.402130
v -8.157034 13.127945 -12.657379
v -7.666124 13.524551 -12.224762
v -8.098747 12.824539 -11.957397
v -7.398746 13.091919 -11.524780
v -7.702147 12.391922 -11.466492
v -6.896482 12.342880 -11.223907
v -7.398746 11.691925 -11.524780
v -6.394217 11.593826 -11.457825
v -6.966124 11.201004 -11.921356
v -6.344124 11.070816 -12.005341
v -5.576557 11.039047 -11.681793
v -5.585239 10.780960 -12.474365
v -4.876556 11.097336 -11.985199
v -5.110008 11.544952 -10.792358
v -5.998770 11.865097 -10.148560
v -6.518690 12.993958 -10.735809
v -5.257139 11.625198 -9.820465
v -5.957140 11.683487 -9.517059
v -6.576427 12.304825 -9.635681
v -6.730846 12.629532 -9.793121
v -8.249981 15.292496 -7.526459
v -8.128468 14.241730 -7.554596
v -7.804785 14.489456 -8.081146
v -8.512987 14.745575 -6.875397
v -8.308268 15.595901 -6.826447
v -7.817358 15.992508 -7.259094
v -7.343805 15.973633 -7.701080
v -7.296406 16.490433 -6.798401
v -6.350958 16.505768 -7.237823
v -6.613146 17.385880 -6.789368
v -5.877123 17.385880 -6.998444
v -5.421183 16.572708 -7.157227
v -5.219698 17.426392 -6.955383
v -4.787075 16.726395 -7.222778
v -4.348043 17.630692 -6.832245
v -4.051052 16.726395 -7.013672
v -4.354452 16.026398 -6.955383
v -3.654451 16.293777 -6.522766
v -4.226236 15.494843 -6.186737
v -3.596165 15.990372 -5.822784
v -4.087074 15.593765 -5.390137
v -4.632772 14.963303 -5.418091
v -4.774830 15.186584 -4.866455
v -5.207453 14.486572 -5.133820
v -5.065395 14.263290 -5.685486
v -5.779924 14.055710 -5.476105
v -5.454830 13.356888 -6.216156
v -6.227074 13.415482 -5.966736
v -5.892128 12.664444 -6.630890
v -5.225889 12.629883 -6.551453
v -5.658512 11.929886 -6.818848
v -4.793266 11.929886 -6.818848
v -5.225889 11.438965 -7.215424
v -4.525888 11.497253 -7.518829
v -5.225889 11.229889 -7.951447
v -4.525888 11.497253 -8.384094
v -4.034979 11.893860 -7.951447
v -5.241514 11.427536 -8.885956
v -5.925890 11.497253 -8.384094
v -5.925890 11.497253 -7.518829
v -6.534267 12.242889 -8.085846
v -6.553696 12.141754 -8.862427
v -6.701452 12.597366 -7.371033
v -7.123232 13.070358 -6.887756
v -7.108616 13.440353 -6.188293
v -7.685917 13.512482 -6.785339
v -8.245611 14.312958 -6.175385
v -8.116463 13.864182 -7.013428
v -7.541239 13.931274 -5.791687
v -7.853380 14.859879 -5.635559
v -8.249981 15.292496 -6.126465
v -7.729029 15.790421 -5.665771
v -7.787315 16.093826 -6.365784
v -7.710131 16.565918 -5.445557
v -7.442755 16.998535 -6.145569
v -7.599417 17.363159 -5.444427
v -7.184662 17.791107 -6.136871
v -7.242949 18.094513 -5.436859
v -6.855648 18.516357 -6.276428
v -6.459047 18.083740 -6.767365
v -6.100565 19.091583 -6.343536
v -5.723024 18.083740 -6.976440
v -5.290401 18.783737 -6.709076
v -4.987001 18.083740 -6.767365
v -4.562563 18.666779 -6.098206
v -5.112148 19.002472 -6.199310
v -3.648043 17.363297 -6.399597
v -3.766415 17.902069 -5.487305
v -4.082668 18.218323 -5.953979
v -3.380667 16.930679 -5.699615
v -3.691210 17.780380 -4.929138
v -3.648043 16.498062 -4.999603
v -3.872499 16.646591 -4.308777
v -4.305122 15.946579 -4.576141
v -4.404190 16.006683 -3.637421
v -4.895100 15.610077 -4.106445
v -3.999231 16.521606 -3.665436
v -4.036486 16.236893 -2.859772
v -4.128834 15.526199 -2.796936
v -3.861458 15.958817 -2.096924
v -4.070547 15.222794 -2.096924
v -4.561457 14.826187 -2.529541
v -5.164118 14.869934 -3.019043
v -5.261457 14.737061 -1.808502
v -5.766779 14.704605 -2.772522
v -5.766779 14.913681 -3.508545
v -6.466780 14.971970 -3.205139
v -6.206465 14.966599 -4.346436
v -5.474831 14.919205 -4.433807
v -5.907454 14.428284 -4.830414
v -6.818241 14.572189 -5.183502
v -6.772852 15.072296 -4.562469
v -7.371796 15.385208 -5.039429
v -7.301016 15.753616 -4.189453
v -7.657703 16.194519 -4.744446
v -7.599417 16.497925 -4.044434
v -7.866793 16.930542 -4.744446
v -7.514736 17.635529 -3.918152
v -7.657703 17.666565 -4.744446
v -7.329657 18.222534 -4.433868
v -3.668577 17.658264 -3.616699
v -4.031628 18.362579 -3.711761
v -3.789314 17.954803 -4.275879
v -3.935953 18.090881 -2.916687
v -3.827396 16.972916 -2.859772
v -4.094772 17.405533 -2.159790
v -4.070547 16.694839 -2.096924
v -4.333618 17.436218 -1.696075
v -4.128834 16.391434 -1.396912
v -4.779528 16.831207 -1.084717
v -4.525434 15.958817 -0.906006
v -4.128834 15.526199 -1.396912
v -4.883919 15.347931 -1.108521
v -4.883915 14.881271 -1.575165
v -6.466780 14.971970 -2.339874
v -6.284004 15.611206 -1.535919
v -5.872332 14.970398 -1.719391
v -6.899403 15.671982 -2.072510
v -6.985523 15.413422 -2.805176
v -7.445980 16.158279 -2.570435
v -7.504267 15.854874 -3.270447
v -6.911732 15.407639 -3.729950
v -7.713356 16.590897 -3.270447
v -7.333208 16.980438 -2.640137
v -7.516554 17.237854 -3.295105
v -5.033619 17.703598 -1.263428
v -5.377117 18.011444 -1.628967
v -4.956146 18.229660 -2.035858
v -5.648422 17.576447 -1.301208
v -5.580162 16.831207 -0.980194
v -6.997278 16.698547 -2.065491
v -6.646645 16.199432 -1.674316
v -5.223484 16.016281 -0.880463
v -4.590258 18.428452 -2.543854
v -4.294064 18.514465 -3.094940
v -5.633900 19.091583 -6.343536
v -6.497536 18.939941 -6.098206
v -6.761995 19.041367 -5.467682
v -6.659697 13.906403 -5.570160
v -4.397827 11.548599 -12.189423
v -4.885239 10.839249 -12.777771
v -4.394329 11.235855 -13.210388
v -4.185240 11.971878 -13.210388
v -4.119219 12.246811 -12.575714
v -3.851841 11.814178 -11.875732
v -4.041462 12.756607 -13.064270
v -4.101124 12.448883 -13.619446
v -4.262972 11.429062 -13.670044
v -3.856943 11.480850 -14.133911
v -3.944546 10.644379 -13.762421
v -4.341146 10.211761 -13.271515
v -3.944546 9.779144 -13.762421
v -3.677170 10.211761 -14.462433
v -3.589567 11.048233 -14.833893
v -3.874027 11.864761 -14.634125
v -4.090279 11.281555 -15.678101
v -4.216774 12.377869 -15.134338
v -4.158487 12.681274 -14.434326
v -4.762634 13.032593 -15.199432
v -4.704348 13.335999 -14.499451
v -5.195257 13.732605 -14.932068
v -5.497416 13.178268 -15.685669
v -5.845459 14.022232 -15.158020
v -6.040310 13.656708 -15.650482
v -6.476528 14.008636 -15.330841
v -7.424780 10.411057 -14.624023
v -7.273714 10.833313 -15.442749
v -7.829187 11.316452 -14.680725
v -7.876369 10.871124 -13.943481
v -8.178013 11.823318 -13.888367
v -8.265133 11.579849 -13.150299
v -8.311098 12.410049 -13.394897
v -8.098747 11.959305 -11.957397
v -7.774223 11.183243 -12.717682
v -7.666124 11.259293 -12.224762
v -7.118082 10.907150 -12.810883
v -7.385460 10.474518 -13.510864
v -6.645350 10.391251 -13.247711
v -6.344124 10.745865 -12.742554
v -5.874416 10.212891 -13.173157
v -6.101612 9.551392 -13.599213
v -5.509792 9.511765 -13.329803
v -5.077169 10.211761 -13.062439
v -4.644547 9.511765 -13.329803
v -4.940041 8.920456 -14.185516
v -4.478935 9.175201 -14.110413
v -6.924122 9.980377 -15.679169
v -6.036839 9.946335 -16.131226
v -6.726463 10.307098 -15.936432
v -6.430244 9.199570 -15.288116
v -6.921154 9.596176 -14.855499
v -6.368990 9.118759 -14.299194
v -6.837114 9.876205 -14.009888
v -5.791498 9.222076 -15.715179
v -5.125370 9.014526 -15.310577
v -5.473316 9.612488 -16.014648
v -5.155136 9.348358 -15.785278
v -4.978785 12.564484 -15.721832
v -7.101162 18.708069 -4.944519
v -5.237509 8.867599 -14.650146
v -4.443554 11.958115 -15.689117
v -3.918213 10.608490 -15.447632
v -3.927986 9.940125 -15.090454
v -4.101391 9.427963 -14.589111
v -7.853418 13.589462 -14.304199
v -7.512753 14.579636 -8.654907
v -7.144173 13.752197 -9.415955
v -6.892946 13.118759 -9.721191
v -4.127506 13.742676 -8.073151
v -3.655695 12.874985 -9.853607
v 4.492817 -11.748886 6.945190
v 4.972973 -11.317200 7.077850
v 5.153091 -11.990776 7.515656
v 5.522236 -10.807327 6.829681
v 5.120876 -10.654221 6.335449
v 6.368319 -10.509735 6.563690
v 6.338877 -10.632118 5.747559
v 5.579992 -10.440201 5.216614
v 5.068045 -10.424950 5.566772
v 4.315212 -10.346481 5.837524
v 3.882589 -10.837395 6.234131
v 3.615211 -10.404770 5.534119
v 3.182589 -11.104767 5.801514
v 3.825401 -11.852425 6.419281
v 3.374290 -12.142830 6.092621
v 2.915213 -11.537392 5.101501
v 3.221411 -12.603500 5.367798
v 3.032852 -12.634453 5.967529
v 2.624952 -13.083237 6.071747
v 5.251333 -13.696381 7.496887
v 4.543257 -13.833633 7.140228
v 4.708149 -13.218132 7.324371
v 5.114491 -12.694618 7.599304
v 5.863417 -12.963081 7.945526
v 5.294640 -12.203201 7.685425
v 6.296041 -12.263084 8.212921
v 5.995619 -11.690964 8.065735
v 6.796850 -12.952774 7.962189
v 6.290903 -13.559120 7.605591
v 7.243711 -13.453995 7.548920
v 7.536558 -12.980164 8.315613
v 7.838552 -13.479126 7.273254
v 8.207899 -12.961288 8.202576
v 8.588606 -13.305801 7.107849
v 9.038363 -12.554260 7.592926
v 9.344633 -12.794121 8.753021
v 8.912008 -13.285034 9.149628
v 8.212008 -13.226746 9.453033
v 7.545328 -12.928505 9.338806
v 7.633215 -12.774780 9.980255
v 6.845327 -12.661125 9.771454
v 7.284788 -12.060928 10.571228
v 6.412703 -11.961128 10.038818
v 6.127821 -11.818832 9.585938
v 6.069532 -12.122231 8.885956
v 5.860441 -11.386208 8.885956
v 6.127821 -10.953583 9.585938
v 6.069532 -10.650185 8.885956
v 6.127821 -10.953583 8.185944
v 6.560442 -10.253586 8.453308
v 6.753222 -10.233223 7.839264
v 5.935698 -11.209732 7.696320
v 7.328009 -9.960403 7.978943
v 7.453222 -9.965843 7.406616
v 6.753222 -10.233223 6.973999
v 7.453222 -10.174934 6.670593
v 7.097761 -10.440201 6.278503
v 7.826292 -10.733902 5.868744
v 7.106443 -10.489204 5.273163
v 7.805025 -10.627502 5.047028
v 7.105024 -10.360123 4.614410
v 6.309435 -10.509735 4.931427
v 7.105024 -10.569214 3.878387
v 7.805025 -10.627502 4.181793
v 7.537649 -11.060127 3.481781
v 6.846937 -11.218582 3.014954
v 6.542265 -10.562408 3.430145
v 6.146936 -10.951210 2.582306
v 5.714312 -10.460297 2.978912
v 5.714312 -10.251205 3.714935
v 5.090595 -10.271286 3.613892
v 5.090595 -10.062195 4.349915
v 4.390594 -10.329575 3.917267
v 4.315212 -10.137390 5.101501
v 5.090595 -10.271286 5.085938
v 4.836142 -10.640396 3.249786
v 3.920280 -10.933487 3.809387
v 4.468130 -11.340393 3.086975
v 3.579189 -11.537392 3.910583
v 3.182589 -11.104767 4.401520
v 3.187943 -12.158722 4.551025
v 3.251583 -12.650826 4.000549
v 2.563828 -13.058022 4.524261
v 2.780762 -13.509201 3.771484
v 2.080761 -13.567490 4.074890
v 1.958883 -13.316376 5.248932
v 1.434240 -14.056480 4.866669
v 1.467974 -13.712975 5.681549
v 2.279362 -13.440041 6.378265
v 1.575293 -14.137604 6.526184
v 2.346718 -13.999771 6.862823
v 2.020926 -14.691467 7.161743
v 2.858082 -14.458138 7.212006
v 3.189571 -15.391464 7.103455
v 3.631437 -14.638847 7.217804
v 3.928083 -15.074394 6.661499
v 4.159451 -14.352913 7.153870
v 5.118670 -15.092834 6.577820
v 5.427708 -14.728500 7.131439
v 5.860331 -15.219414 6.734833
v 6.292955 -14.728500 7.131439
v 5.860331 -14.028503 7.398804
v 6.723246 -14.258667 7.186554
v 6.560331 -15.161125 6.431427
v 7.051241 -14.764526 5.998810
v 6.560331 -15.161125 5.566193
v 6.972254 -14.730865 5.181213
v 7.472349 -14.314484 5.833893
v 7.733831 -14.263123 5.173523
v 8.433832 -13.995743 5.606140
v 8.055880 -14.026794 6.435242
v 8.625860 -13.590515 6.302185
v 9.116770 -13.193916 5.869568
v 9.079515 -12.909203 6.675232
v 9.325861 -12.457893 5.869568
v 9.288607 -12.173180 6.675232
v 9.116770 -11.721870 5.869568
v 9.113848 -11.381607 6.765106
v 9.544783 -11.758675 7.345917
v 9.669134 -10.828125 7.315674
v 10.235014 -11.068138 7.809601
v 9.931616 -11.768135 7.867889
v 9.497877 -12.357422 8.203278
v 10.198992 -12.200760 8.567902
v 10.631613 -11.500763 8.300507
v 10.680941 -11.680199 9.251068
v 10.416109 -12.307693 9.544281
v 9.612009 -13.226746 9.453033
v 9.542311 -13.183670 10.029877
v 10.056814 -12.781883 9.983551
v 9.145342 -13.335304 10.275208
v 8.212008 -13.226746 10.318298
v 8.767801 -13.191093 10.508545
v 8.390261 -12.868629 10.741882
v 7.841478 -12.482796 10.734070
v 6.800016 -10.423515 10.460571
v 7.486139 -10.969254 11.003906
v 7.148294 -11.467056 10.734253
v 6.412703 -11.095879 10.038818
v 6.651087 -10.186852 9.539551
v 7.846579 -9.934128 11.139862
v 7.579203 -9.501503 10.439850
v 8.655386 -9.305054 11.081970
v 8.203932 -8.835365 10.541595
v 7.664091 -9.307190 9.667572
v 8.145647 -8.531967 9.841583
v 7.820959 -9.140053 9.170441
v 7.242758 -9.781174 9.104614
v 7.861052 -9.472900 8.459198
v 8.137335 -8.650879 8.479126
v 8.858088 -9.213142 7.633636
v 8.028009 -9.902115 7.675537
v 8.282690 -10.184181 7.141937
v 9.365736 -10.128128 7.373962
v 8.844782 -10.626053 6.913269
v 8.587225 -10.986893 6.474609
v 9.594110 -9.213142 7.424561
v 10.440947 -10.091171 7.820648
v 10.330133 -9.213142 7.633636
v 10.887957 -9.737289 8.323883
v 10.903421 -10.430580 8.572052
v 9.769182 -8.567993 10.974213
v 10.361479 -8.786140 10.368408
v 9.959440 -9.123787 10.938568
v 9.517332 -9.526039 11.224304
v 8.903933 -8.567993 10.974213
v 9.336557 -8.077080 10.577606
v 8.636557 -8.135368 10.274200
v 8.569960 -7.950882 9.611755
v 10.036558 -8.135368 10.274200
v 9.927534 -7.963150 9.440674
v 10.327272 -8.347099 9.894836
v 8.569960 -7.950882 8.746490
v 9.665369 -7.907143 8.612305
v 9.557322 -7.863930 9.018890
v 9.161486 -8.513145 7.691925
v 10.026735 -8.513145 7.691925
v 10.192389 -8.301903 8.306427
v 10.706812 -8.922867 8.350677
v 8.079050 -8.347481 9.179138
v 8.263987 -10.473793 11.293610
v 9.288607 -12.173180 5.063904
v 9.079515 -11.437157 5.063904
v 8.588606 -11.040558 5.496521
v 8.588606 -11.040558 4.631256
v 9.021231 -11.740555 4.363892
v 8.279440 -11.400345 3.922852
v 8.311842 -12.265480 3.759705
v 7.638670 -11.861504 3.273499
v 5.714312 -11.651207 2.314941
v 6.103861 -12.281509 2.695099
v 6.812773 -11.920845 2.843292
v 5.281689 -12.351204 2.582306
v 4.978289 -11.651207 2.524017
v 5.281689 -10.951210 2.582306
v 4.581688 -12.083832 3.014954
v 5.112694 -13.324089 3.237274
v 4.384207 -13.083450 3.300568
v 3.892603 -12.171783 3.593811
v 3.557032 -13.238228 3.461914
v 3.898502 -14.093002 3.146820
v 2.896948 -14.263557 3.013245
v 3.329571 -14.754471 2.616669
v 2.311262 -14.126694 3.254486
v 1.765860 -14.916183 2.494385
v 1.613894 -14.163506 3.619171
v 2.234877 -15.350113 2.003662
v 1.474878 -15.286827 1.674255
v 0.884901 -14.950340 2.106201
v 0.620827 -15.093582 2.775940
v 0.184900 -14.892052 2.409607
v -0.167233 -15.324867 2.984253
v 0.678268 -15.071640 3.676666
v -0.515100 -14.950340 2.106201
v -0.897850 -15.325127 2.492065
v -0.599855 -15.920319 3.316254
v -1.217701 -16.068199 2.689758
v -1.035295 -16.575905 3.073425
v -0.497795 -16.413506 3.873596
v 0.202206 -16.146133 4.306244
v -0.101194 -16.846130 4.364532
v 0.657021 -16.443108 4.654175
v 0.945646 -15.504265 4.376678
v 1.052204 -15.821457 4.831573
v 1.203211 -14.828003 4.809235
v 1.122984 -14.560104 4.051788
v 1.523144 -15.316284 5.797485
v 1.258884 -14.448997 5.681549
v 1.624325 -15.124092 6.670837
v 2.056948 -15.824089 6.403473
v 2.324326 -15.391464 7.103455
v 2.756948 -15.882378 6.706848
v 2.756948 -16.091469 5.970825
v 3.456949 -15.824089 6.403473
v 3.713840 -15.920090 5.478363
v 4.233971 -15.457321 5.952179
v 4.309877 -15.580147 5.040588
v 5.080944 -15.258881 5.753876
v 5.325159 -15.047821 4.409271
v 5.860331 -15.219414 5.262787
v 5.860331 -15.428505 5.998810
v 6.272253 -14.789154 4.877808
v 5.857759 -14.413689 4.121674
v 6.749773 -14.226639 4.364410
v 4.331125 -14.792999 3.414215
v 5.167641 -14.345284 3.746582
v 4.893850 -13.915123 3.480743
v 4.029572 -15.021843 3.049286
v 4.245625 -15.836182 4.264862
v 3.830900 -16.355148 4.744568
v 4.170849 -16.792915 4.148529
v 4.438225 -16.360291 3.448517
v 4.229136 -17.096313 3.448517
v 4.170849 -16.792915 2.748535
v 4.170849 -15.927666 2.748535
v 3.902502 -16.264175 2.008881
v 3.136517 -15.407097 2.097778
v 3.202501 -15.996803 1.576263
v 3.505901 -16.696800 1.517975
v 2.376535 -16.440941 0.915863
v 2.571899 -17.275406 0.698792
v 1.835876 -17.275406 0.489685
v 1.663992 -16.263519 0.746063
v 1.317524 -15.650337 0.973572
v 0.902151 -16.181908 0.435486
v 0.617523 -15.382965 0.540955
v 0.884901 -14.950340 1.240967
v -0.192642 -15.075119 0.906494
v 0.184900 -14.682961 1.673584
v -0.445404 -15.063103 1.284027
v 0.657021 -17.843102 4.654175
v 0.478767 -18.061821 4.144440
v -0.050379 -17.710068 4.016449
v 0.353621 -17.143105 4.712463
v 1.226439 -17.195328 5.024963
v 1.666636 -17.947548 5.070099
v 1.925732 -17.100815 5.300842
v 1.448805 -16.254082 5.322479
v 2.184828 -16.254082 5.531555
v 2.575457 -16.834122 5.368652
v 2.531881 -17.947548 5.070099
v 3.008080 -17.534119 5.101288
v 3.311480 -16.834122 5.159576
v 3.708080 -17.266747 4.668640
v 3.206930 -18.267738 4.292389
v 3.727289 -17.607498 3.825073
v 3.440266 -18.178604 3.681519
v 3.620251 -17.963722 3.123962
v 3.761375 -17.546577 2.566437
v 0.883381 -17.680847 0.388306
v 0.534924 -18.086876 0.876770
v 1.374168 -18.040855 0.766357
v 0.018135 -17.680847 0.388306
v 0.450758 -16.980850 0.120941
v 1.186781 -16.980850 0.330017
v -0.285265 -16.980850 0.330017
v 0.184900 -16.082962 0.273590
v -0.577572 -15.974564 0.630707
v -0.722286 -16.651390 0.724030
v -0.621660 -17.328232 0.925934
v -0.160118 -17.899574 0.898041
v 1.855589 -18.344849 4.814117
v 1.655355 -18.649086 4.263092
v 1.022499 -18.462410 4.108643
v 2.199085 -18.652695 4.448608
v 2.809959 -18.419365 4.537720
v -0.204647 -15.452660 0.653717
v 2.213417 -17.886284 0.901276
v 2.849842 -17.716446 1.174103
v 3.394508 -17.434456 1.591400
v 3.725271 -17.342720 2.097778
v 8.433832 -13.995743 4.740875
v 8.123381 -13.493423 4.153656
v 7.535055 -13.971794 4.319855
v 8.866453 -13.295746 4.473511
v 8.924742 -13.599144 5.173523
v 9.133833 -12.863121 5.173523
v 9.021231 -12.605804 4.363892
v 8.420313 -12.866470 3.965485
v 3.124302 -10.801369 5.101501
v -0.460770 -17.366440 3.768555
v -0.757736 -16.993782 3.444824
v -1.241747 -15.697929 2.164154
v -0.969957 -15.339668 1.657990
v 8.919538 -9.981407 11.349213
v 10.808287 -11.091873 8.772705
v 5.616831 -12.743492 2.979431
v 2.787384 7.287643 13.059052
v 2.354761 7.987656 13.326416
v 2.548300 8.199249 13.746613
v 2.548300 9.064484 13.746613
v 2.944901 8.631866 14.237518
v 3.248301 9.331863 14.179230
v 2.882353 9.935425 12.894348
v 2.475391 9.220734 12.845276
v 2.129627 8.595200 12.391052
v 2.158369 7.505249 12.597504
v 2.590992 6.805237 12.330139
v 3.309488 6.739883 12.644958
v 3.544205 6.812210 13.598572
v 3.623608 6.325821 12.945740
v 3.972250 5.963432 13.691132
v 3.868877 6.286880 14.448547
v 3.927088 7.316071 14.298187
v 3.248301 7.931870 14.179230
v 3.680923 8.631866 14.446594
v 4.113546 9.331863 14.179230
v 3.702627 10.066986 13.738922
v 3.189934 10.327805 12.634064
v 2.045582 8.242874 11.907166
v 2.100082 7.201843 11.897522
v 2.590992 6.805237 11.464905
v 3.290993 6.537872 11.897522
v 3.818893 6.336227 12.223785
v 4.252207 5.746254 12.560272
v 4.287235 5.514221 13.318390
v 4.018261 5.007126 13.748566
v 3.743292 5.331451 14.447296
v 3.697281 5.654907 15.204742
v 3.926241 6.519287 15.263428
v 4.568876 7.419510 14.881195
v 4.302269 8.109009 14.530060
v 4.734892 8.809006 14.262665
v 5.013079 9.662872 13.809265
v 4.567873 10.066986 13.738922
v 4.135250 10.557907 13.342316
v 3.849148 11.041458 12.260834
v 3.496891 10.736816 12.012543
v 2.158369 7.505249 11.197510
v 2.029079 8.253845 11.135651
v 2.798122 7.279221 10.754700
v 3.290993 6.746948 11.161499
v 4.049877 6.711853 11.429657
v 4.519585 6.178879 11.860260
v 4.952208 5.687965 12.256866
v 4.718262 4.739754 13.315948
v 4.354916 3.896873 13.610504
v 3.847006 4.343704 14.273712
v 3.468321 4.790535 15.146027
v 3.950840 5.121445 16.048798
v 3.984528 6.215881 15.963440
v 4.417150 6.915878 15.696075
v 4.889828 7.318985 15.642853
v 5.564398 7.615372 15.086914
v 5.077723 8.045212 14.345337
v 5.316479 8.962875 13.867554
v 5.779249 9.436707 13.347443
v 5.475847 10.136703 13.289154
v 4.981771 10.608826 12.960846
v 4.549149 11.099747 12.564240
v 4.549149 11.308823 11.828217
v 3.677183 10.895844 11.304474
v 3.324015 10.131027 9.603058
v 3.333672 10.502777 10.237793
v 2.965069 9.981064 10.243591
v 2.594643 9.495850 10.275238
v 2.246965 7.717178 10.311890
v 2.147739 8.670975 10.607086
v 2.737875 7.320572 9.879272
v 3.437876 7.053207 10.311890
v 4.049877 6.938889 10.630554
v 4.841995 6.678528 11.084564
v 5.463413 6.295029 11.688721
v 5.831549 5.712875 12.388885
v 5.775488 5.240631 12.860718
v 6.790518 5.246849 12.885773
v 6.907572 4.558228 13.428650
v 7.490515 5.514221 13.318390
v 7.708494 5.035110 13.861633
v 7.174948 4.125603 14.128662
v 6.447546 3.931885 13.785889
v 5.826963 3.896873 13.610504
v 5.979773 3.142876 13.887634
v 5.523561 3.196877 13.668793
v 5.090939 3.896873 13.401428
v 4.658316 3.196877 13.668793
v 5.676374 2.442879 13.945923
v 4.113239 2.372139 14.390930
v 4.045305 3.295731 14.028259
v 3.879906 2.749680 14.535156
v 3.713318 3.728363 14.623718
v 3.646572 3.127220 15.146027
v 3.677410 3.958878 15.146027
v 3.646572 3.681664 15.612671
v 3.735695 4.380302 15.846008
v 4.684528 6.483261 16.396057
v 5.104338 5.932732 16.764618
v 4.461935 5.618156 16.363129
v 5.201372 6.821091 16.407471
v 5.625807 6.346054 16.914734
v 5.988611 6.953522 16.791962
v 5.657396 7.612167 16.117249
v 6.453444 7.435272 16.480865
v 6.357397 7.879532 15.684601
v 6.975191 7.346146 16.336670
v 7.040297 7.581406 15.163452
v 6.281080 7.597504 14.715851
v 7.014425 7.289886 14.274200
v 6.308062 7.526535 13.633667
v 5.817152 7.923141 14.066315
v 5.835897 8.483887 13.452545
v 6.488531 8.140778 12.897400
v 6.397306 8.821182 12.818695
v 6.916227 8.246887 12.237427
v 6.942526 9.296936 12.382690
v 6.545927 9.729553 12.873596
v 6.942526 10.162170 12.382690
v 6.242529 10.429550 12.815308
v 6.506891 10.915985 11.915680
v 5.809904 10.920471 12.418701
v 5.803877 11.356384 11.274689
v 5.037195 11.320923 11.545624
v 5.330042 11.794769 10.778931
v 4.337194 11.262634 11.242218
v 4.626692 11.863251 10.428223
v 6.282850 11.899872 10.835571
v 5.803877 12.674881 10.539551
v 4.573877 13.006882 10.773560
v 4.141254 12.306885 10.506195
v 3.873877 11.874252 9.806183
v 3.441254 12.574265 10.073547
v 3.382967 12.270859 9.373566
v 3.873877 11.874252 8.940948
v 4.259205 11.438202 8.535553
v 3.901972 10.847565 9.161896
v 3.683691 10.945755 10.242767
v 4.549236 10.503433 8.433746
v 3.813126 9.908829 9.025970
v 4.321621 9.602875 8.619659
v 3.498880 9.487991 8.989197
v 3.984205 8.792603 8.689392
v 3.195480 8.787994 8.930908
v 3.870499 7.753204 9.179260
v 3.005253 7.753204 9.179260
v 2.701853 8.453201 9.120972
v 2.305252 8.885818 9.611877
v 2.305252 8.020584 9.611877
v 3.437876 7.262283 9.575867
v 4.117443 7.063339 9.723541
v 4.384821 7.495972 9.023560
v 4.817444 7.005051 9.420166
v 5.048660 6.799927 10.071869
v 5.013205 7.143234 8.777252
v 4.460445 7.970230 8.612549
v 5.471411 7.525864 8.018707
v 6.094862 6.984955 8.356781
v 6.094862 6.775879 9.092804
v 7.102709 7.408783 8.715240
v 6.794863 7.043243 9.525421
v 6.094862 6.984955 9.828827
v 6.331881 7.043243 10.289948
v 5.541996 6.620239 10.781158
v 6.241995 6.678528 11.084564
v 7.002840 7.686813 10.680878
v 6.732908 7.075134 11.517181
v 6.546820 6.972137 12.197388
v 6.109892 6.429565 12.311737
v 6.484877 7.144714 12.916138
v 6.988214 7.998886 11.262451
v 7.146185 10.396088 11.549103
v 7.740450 9.898819 10.980621
v 7.363482 9.374924 11.338226
v 7.917902 10.683823 10.955505
v 6.988157 11.026596 11.357239
v 7.296232 11.809113 10.845184
v 8.314505 11.116440 10.464600
v 7.563608 12.241745 10.145203
v 6.715757 12.599426 10.416565
v 7.271414 12.929871 9.914978
v 6.874815 13.362488 10.405914
v 6.236502 13.525787 10.712769
v 6.539900 14.225784 10.771057
v 5.803877 14.225784 10.980133
v 4.959875 13.745544 10.866241
v 5.276321 14.709137 10.803040
v 4.545784 14.488205 10.521881
v 4.223852 13.745544 10.657135
v 3.987904 14.384888 10.039093
v 3.441254 13.439499 10.073547
v 3.837854 13.006882 10.564484
v 3.382967 13.742905 9.373566
v 3.173878 13.006882 9.373566
v 3.441254 13.439499 8.673553
v 3.441254 12.574265 8.673553
v 3.837854 13.006882 8.182648
v 4.261091 12.029266 8.198547
v 4.597584 12.462585 7.608551
v 4.961092 11.761887 7.765900
v 5.297585 12.195206 7.175934
v 5.592236 11.419876 7.596710
v 4.977182 11.195877 8.018982
v 5.280582 10.495880 8.077271
v 6.404093 10.904877 7.764923
v 6.100695 10.204880 7.706635
v 5.609987 9.735870 8.140564
v 6.404093 9.504883 7.764923
v 5.280582 8.975861 8.077271
v 4.549236 8.968307 8.433746
v 4.977182 8.275864 8.018982
v 6.094862 8.175873 7.692780
v 6.682104 8.944916 8.060852
v 6.830885 8.175873 7.901886
v 6.527487 7.475876 7.960175
v 7.083277 7.798325 8.481934
v 7.330561 8.474670 8.416840
v 8.581881 10.683823 9.764618
v 8.238310 9.889282 9.708923
v 8.125151 10.030991 10.384613
v 8.275610 10.228043 8.981079
v 8.229433 11.283707 9.043396
v 8.287718 11.587112 9.743378
v 7.702066 12.357971 9.275909
v 7.643782 12.054565 8.575897
v 7.622885 13.100845 8.447418
v 7.551695 13.383377 9.181213
v 7.831976 13.836868 8.447418
v 7.551695 14.290359 9.181213
v 7.271414 13.836868 9.914978
v 7.151495 14.408310 10.309662
v 7.564924 15.051880 9.410614
v 7.136091 15.371109 10.107269
v 6.690435 15.055450 10.640289
v 3.341827 14.098358 8.652222
v 3.586010 14.967010 8.648346
v 3.662458 14.514511 9.390228
v 3.603554 14.600693 7.946411
v 3.771204 13.549210 7.650574
v 3.539618 14.367020 7.240601
v 3.841982 13.917618 6.800568
v 4.226942 13.282684 7.317566
v 4.226942 13.282684 6.379547
v 4.717852 12.886078 6.848572
v 4.717852 12.886078 5.946930
v 5.684530 12.551605 6.360474
v 5.684530 12.760681 5.624451
v 6.384531 12.818970 5.927856
v 6.420229 12.764923 6.772614
v 6.162832 12.195206 7.175934
v 6.760881 12.119873 7.538422
v 6.457483 11.419876 7.596710
v 7.237349 11.577988 8.078735
v 7.269342 10.904877 7.764923
v 7.972364 11.233978 8.532959
v 7.969343 10.637497 8.197540
v 7.572741 10.204880 7.706635
v 6.836718 10.204880 7.497528
v 7.269342 9.504883 7.764923
v 7.969343 9.772263 8.197540
v 7.597277 9.049866 8.585083
v 7.979044 9.496307 9.042358
v 7.286543 12.645203 7.949554
v 7.120230 13.032303 7.205231
v 7.564596 13.404251 7.747437
v 7.099981 14.023392 7.095886
v 7.273558 14.810028 7.286713
v 7.214022 14.743790 6.643372
v 7.622885 14.572891 8.447418
v 7.297140 15.076019 8.038055
v 7.263800 15.530090 8.602600
v 3.539618 15.839066 7.240601
v 4.119652 16.091461 7.618134
v 3.726448 15.535233 8.088684
v 3.330528 15.103043 7.240601
v 3.597904 15.535660 6.540588
v 3.597904 14.670425 6.540588
v 3.937853 15.097885 5.944550
v 3.828749 14.296906 5.936249
v 4.096125 14.729523 5.236237
v 4.096125 13.864288 5.236237
v 4.037838 13.560883 5.936249
v 4.528748 13.164276 5.503601
v 5.216208 13.769592 4.812469
v 5.228748 13.433273 4.935822
v 6.117155 13.251602 5.227875
v 5.648832 13.536255 4.901581
v 6.158045 13.892014 4.879364
v 6.590723 14.399445 5.197021
v 6.817152 13.518982 5.660492
v 7.084532 13.951599 6.360474
v 6.980864 14.659653 5.782227
v 6.875441 13.215576 6.360474
v 4.789492 16.230240 5.512390
v 5.633699 16.194580 5.322144
v 5.246330 16.349411 5.865021
v 4.993343 16.420914 6.542236
v 4.298582 15.833633 5.945007
v 4.030527 16.235672 6.807983
v 4.356869 15.530228 5.245026
v 5.056870 15.797607 4.812378
v 4.753469 15.097610 4.754089
v 5.678453 15.563995 4.818329
v 5.447330 14.666794 4.683197
v 4.492725 14.296906 4.745331
v 7.057894 7.079468 13.585785
v 7.548803 6.682877 14.018402
v 7.490515 6.379471 13.318390
v 6.790518 6.646851 12.885773
v 7.093916 5.946846 12.827484
v 7.809416 6.109879 13.862000
v 7.926809 6.275787 14.817841
v 7.903761 5.607430 14.561859
v 7.205832 3.895859 14.918518
v 7.575151 4.422935 15.217804
v 7.856123 4.958603 14.817719
v 7.239706 3.997337 15.625519
v 6.790232 3.411812 15.775177
v 6.818731 3.151520 15.084839
v 6.760443 3.454918 14.384827
v 6.376371 2.710251 14.378540
v 6.434660 2.406853 15.078552
v 5.943750 2.010254 14.645935
v 5.943750 2.010254 15.511169
v 5.056036 1.735046 15.112274
v 5.056036 1.944138 14.376251
v 4.257444 2.138809 14.768494
v 4.464226 1.977776 15.380127
v 7.548307 7.215561 15.684601
v 7.708117 6.642029 15.943756
v 7.448606 6.933807 16.206299
v 7.827089 6.527847 15.307037
v 4.966909 2.127205 15.879364
v 5.702929 2.365761 15.946014
v 6.271063 2.869347 15.924866
v 4.507023 16.333603 7.118317
v 7.316973 15.585632 9.410614
v 6.018869 14.840927 10.870270
v 7.112017 7.540985 9.869385
v 7.102709 7.408783 9.181915
v 7.120184 8.702698 11.539124
v 3.847326 11.077972 10.635681
v 2.340904 9.076080 10.167694
v 1.281818 15.691010 -15.677948
v 0.800224 15.671570 -16.176941
v 2.576557 16.831787 -14.507233
v -0.697557 16.331528 -15.884033
v -0.148031 15.869247 -16.473633
v -0.580654 16.569260 -16.741028
v 0.119347 16.301880 -17.173645
v 0.800224 15.741272 -16.422272
v 0.984592 16.301880 -17.173645
v 0.593901 17.157883 -17.425262
v 1.329924 17.157883 -17.216156
v 1.729362 16.301880 -16.845337
v 2.032763 17.001877 -16.903625
v 1.406864 17.877609 -17.137573
v 2.359644 17.777328 -16.935730
v 2.690208 17.118149 -16.213440
v 2.604908 18.047150 -16.239502
v 1.787327 17.664764 -12.767853
v 1.164444 17.808960 -12.604218
v 0.774895 18.042282 -12.623657
v -0.339146 17.840729 -12.997467
v -0.735746 18.273346 -13.488373
v -0.579746 19.358353 -13.801544
v -1.038082 18.849945 -14.719452
v -1.247082 18.265839 -15.294434
v -1.188795 17.962433 -15.994446
v -1.188795 17.097198 -15.994446
v -0.612574 17.536331 -16.669220
v -0.488794 18.229813 -16.427063
v 0.203207 18.013870 -17.142120
v -0.184053 17.001877 -17.231934
v 0.120255 18.676971 -16.582916
v 0.879139 18.641876 -16.851105
v 0.552877 19.167892 -16.186340
v 1.311762 19.132797 -16.454498
v 1.900314 18.559601 -16.864288
v 2.232557 18.932251 -15.878387
v 1.021894 19.601822 -15.695618
v 1.910816 19.399460 -15.076385
v 1.252878 20.058365 -14.934174
v 1.600117 19.749146 -14.418640
v 1.054716 19.765228 -13.825562
v -0.109446 18.733231 -13.183197
v 0.468319 19.020142 -13.067566
v 0.571041 18.414551 -12.835876
v 0.642004 19.536621 -13.513123
v 0.552877 20.116653 -15.237549
v 0.120255 19.625732 -15.634155
v -0.147123 20.058365 -14.934174
v -0.147123 20.058365 -14.068909
v -0.638033 19.661758 -14.501526
v -0.579746 19.358353 -15.201538
v -0.147123 19.109604 -15.882935
v -0.756172 18.662445 -15.727051
v 1.281818 15.830383 -16.457031
v 1.911451 15.967484 -16.186066
v 2.437040 16.337921 -16.113617
f 1 2 3
f 4 1 3
f 5 6 7
f 8 5 7
f 9 5 8
f 10 11 12
f 2 10 12
f 13 10 2
f 1 13 2
f 14 13 1
f 15 14 1
f 4 15 1
f 16 17 18
f 19 16 18
f 20 19 18
f 6 19 20
f 5 19 6
f 21 19 5
f 22 21 5
f 9 22 5
f 23 22 9
f 24 23 9
f 25 23 24
f 26 23 25
f 27 26 25
f 28 27 25
f 29 26 27
f 30 31 32
f 33 31 30
f 34 31 33
f 35 34 33
f 36 34 35
f 37 36 35
f 38 37 35
f 39 37 38
f 40 39 38
f 41 40 38
f 42 40 41
f 43 42 41
f 44 42 43
f 45 42 44
f 46 45 44
f 47 46 44
f 48 46 47
f 49 50 51
f 52 50 49
f 53 52 49
f 54 53 49
f 55 53 54
f 56 55 54
f 57 56 54
f 58 56 57
f 59 58 57
f 60 59 57
f 61 60 57
f 62 60 61
f 63 60 62
f 64 63 62
f 65 64 62
f 66 64 65
f 67 66 65
f 68 67 65
f 69 70 71
f 72 69 71
f 73 69 72
f 74 75 76
f 77 78 75
f 79 78 77
f 80 79 77
f 81 80 77
f 82 80 81
f 83 80 82
f 84 83 82
f 85 84 82
f 86 85 82
f 87 85 86
f 88 87 86
f 89 87 88
f 90 87 89
f 91 90 89
f 92 91 89
f 93 91 92
f 94 93 92
f 95 93 94
f 96 95 94
f 97 96 94
f 98 97 94
f 99 97 98
f 100 97 99
f 101 100 99
f 102 101 103
f 104 102 103
f 105 101 102
f 106 105 102
f 107 106 102
f 108 107 102
f 104 108 102
f 109 110 111
f 112 110 109
f 113 112 109
f 114 113 109
f 115 114 109
f 116 115 109
f 117 116 109
f 118 116 117
f 119 118 117
f 115 116 118
f 120 115 118
f 119 120 118
f 121 120 119
f 122 115 120
f 123 122 120
f 124 123 120
f 121 124 120
f 125 124 121
f 126 124 125
f 127 126 125
f 128 127 125
f 129 128 125
f 130 127 128
f 131 130 128
f 132 131 128
f 133 132 128
f 134 133 128
f 129 134 128
f 135 132 133
f 136 132 135
f 137 136 135
f 138 136 137
f 139 138 137
f 140 138 139
f 141 140 139
f 142 140 141
f 143 144 145
f 146 144 143
f 147 146 143
f 148 147 143
f 149 147 148
f 150 149 148
f 151 150 148
f 152 150 151
f 153 152 151
f 154 152 153
f 155 152 154
f 156 152 155
f 157 152 156
f 158 157 156
f 159 158 156
f 160 159 156
f 161 160 156
f 155 161 156
f 162 161 155
f 154 162 155
f 163 159 160
f 164 163 160
f 165 163 164
f 166 165 164
f 167 165 166
f 168 167 166
f 169 167 168
f 170 169 168
f 171 169 170
f 172 171 170
f 173 171 172
f 174 173 172
f 175 174 172
f 176 174 175
f 177 176 175
f 178 177 175
f 179 177 178
f 180 177 179
f 181 180 179
f 182 181 179
f 183 181 182
f 184 183 182
f 185 184 182
f 186 185 182
f 187 185 186
f 188 187 186
f 189 187 188
f 190 187 189
f 191 190 189
f 192 191 189
f 193 191 192
f 194 191 193
f 195 194 193
f 196 195 193
f 197 195 196
f 198 197 196
f 199 198 196
f 200 198 199
f 201 198 200
f 202 198 201
f 203 202 201
f 204 203 201
f 205 203 204
f 206 205 204
f 207 205 206
f 208 207 206
f 209 207 208
f 210 209 208
f 211 210 208
f 212 210 211
f 213 212 211
f 214 212 213
f 215 212 214
f 216 215 214
f 217 216 214
f 218 217 214
f 219 217 218
f 220 219 218
f 221 219 220
f 222 221 220
f 223 222 220
f 224 222 223
f 225 222 224
f 226 225 224
f 227 226 224
f 228 227 224
f 229 227 228
f 230 227 229
f 231 230 229
f 232 231 229
f 233 231 232
f 234 231 233
f 235 234 233
f 236 235 233
f 237 238 239
f 240 237 239
f 241 240 239
f 242 240 241
f 243 242 241
f 244 243 241
f 245 243 244
f 246 243 245
f 247 246 245
f 248 247 245
f 249 248 245
f 250 248 249
f 251 248 250
f 252 251 250
f 253 252 250
f 254 252 253
f 255 254 253
f 256 254 255
f 257 254 256
f 258 257 256
f 259 258 256
f 260 258 259
f 261 260 259
f 262 260 261
f 263 260 262
f 264 260 263
f 265 264 263
f 266 265 263
f 267 265 266
f 268 265 267
f 264 265 268
f 269 264 268
f 267 270 268
f 271 270 267
f 272 270 271
f 273 272 271
f 274 273 271
f 275 273 274
f 276 275 274
f 277 275 276
f 278 277 276
f 279 277 278
f 280 279 278
f 281 280 278
f 282 280 281
f 283 280 282
f 284 283 282
f 285 284 282
f 286 284 285
f 287 286 285
f 288 287 285
f 289 284 286
f 290 289 286
f 291 290 286
f 287 291 286
f 292 291 287
f 288 292 287
f 293 291 292
f 294 293 292
f 295 294 292
f 296 294 295
f 297 296 295
f 298 297 295
f 292 298 295
f 299 296 297
f 300 299 297
f 301 299 300
f 302 301 300
f 303 302 300
f 304 301 302
f 305 304 302
f 306 305 302
f 307 305 306
f 308 305 307
f 309 308 307
f 310 309 307
f 311 309 310
f 312 311 310
f 313 311 312
f 314 313 312
f 315 314 312
f 316 314 315
f 317 314 316
f 318 317 316
f 319 318 316
f 320 318 319
f 321 318 320
f 322 321 320
f 323 322 320
f 324 322 323
f 325 322 324
f 326 321 322
f 325 326 322
f 327 321 326
f 328 327 326
f 329 328 326
f 330 329 326
f 325 330 326
f 324 331 325
f 332 331 324
f 333 334 335
f 336 334 333
f 337 336 333
f 338 336 337
f 339 338 337
f 340 338 339
f 341 340 339
f 342 341 339
f 343 341 342
f 344 341 343
f 345 344 343
f 346 345 343
f 347 346 343
f 348 346 347
f 349 348 347
f 350 348 349
f 351 350 349
f 352 350 351
f 353 350 352
f 354 355 356
f 357 354 356
f 358 359 360
f 361 359 358
f 362 361 358
f 363 361 362
f 364 361 363
f 365 364 363
f 366 364 365
f 367 366 365
f 368 367 365
f 369 367 368
f 370 367 369
f 371 370 369
f 372 371 369
f 373 371 372
f 374 371 373
f 375 371 374
f 376 375 374
f 377 375 376
f 378 377 376
f 379 378 376
f 380 379 376
f 381 379 380
f 382 379 381
f 383 382 381
f 384 385 386
f 387 385 384
f 388 387 384
f 389 388 384
f 390 389 384
f 391 389 390
f 392 391 390
f 393 391 392
f 394 391 393
f 395 394 393
f 396 395 393
f 397 398 396
f 399 400 401
f 402 400 399
f 403 400 402
f 404 403 402
f 405 404 402
f 406 404 405
f 407 404 406
f 408 407 406
f 409 408 406
f 410 408 409
f 411 410 409
f 412 410 411
f 413 412 411
f 414 412 413
f 415 414 413
f 416 415 413
f 417 415 416
f 418 415 417
f 419 418 417
f 420 418 419
f 421 420 419
f 422 421 419
f 423 421 422
f 424 423 422
f 425 424 422
f 426 424 425
f 427 424 426
f 428 427 426
f 429 427 428
f 430 429 428
f 431 429 430
f 432 431 430
f 433 431 432
f 434 433 432
f 435 433 434
f 436 433 435
f 437 436 435
f 438 437 435
f 439 437 438
f 440 437 439
f 441 440 439
f 442 437 440
f 443 442 440
f 444 445 446
f 447 445 444
f 448 449 450
f 451 449 448
f 452 451 448
f 453 452 448
f 454 452 453
f 455 452 454
f 456 457 458
f 459 457 456
f 460 459 456
f 461 460 456
f 462 461 456
f 463 461 462
f 464 461 463
f 465 466 467
f 468 465 467
f 469 465 468
f 470 469 468
f 471 470 468
f 472 471 468
f 473 471 472
f 474 473 472
f 475 474 472
f 476 474 475
f 477 474 476
f 478 477 476
f 479 477 478
f 480 479 478
f 481 479 480
f 482 481 480
f 483 481 482
f 484 483 482
f 485 483 484
f 486 483 485
f 487 483 486
f 488 487 486
f 489 488 486
f 490 489 486
f 491 489 490
f 492 491 490
f 493 492 490
f 490 494 493
f 495 496 497
f 498 495 497
f 499 495 498
f 500 499 498
f 501 499 500
f 502 501 500
f 503 501 502
f 504 503 502
f 505 504 502
f 506 504 505
f 507 504 506
f 508 507 506
f 509 507 508
f 510 509 508
f 511 509 510
f 512 511 510
f 513 512 510
f 514 513 510
f 515 513 514
f 516 513 515
f 517 516 515
f 518 517 515
f 519 518 515
f 520 518 519
f 521 518 520
f 522 521 520
f 523 521 522
f 524 523 522
f 525 524 522
f 526 524 525
f 527 524 526
f 528 527 526
f 529 528 526
f 530 529 526
f 531 529 530
f 532 529 531
f 533 534 535
f 536 533 535
f 537 533 536
f 538 537 536
f 539 538 536
f 540 538 539
f 541 538 540
f 542 541 540
f 543 544 545
f 546 543 545
f 547 544 543
f 548 547 543
f 549 547 548
f 550 549 548
f 551 549 550
f 552 551 550
f 553 551 552
f 554 551 553
f 555 554 553
f 556 555 553
f 557 555 556
f 558 557 556
f 559 557 558
f 560 559 558
f 561 559 560
f 562 561 560
f 563 561 562
f 564 563 562
f 565 564 562
f 566 564 565
f 567 566 565
f 568 567 565
f 569 567 568
f 570 567 569
f 571 570 569
f 572 571 569
f 573 571 572
f 574 573 572
f 575 573 574
f 576 575 574
f 577 576 574
f 578 576 577
f 579 576 578
f 580 579 578
f 581 579 580
f 582 581 580
f 583 581 582
f 584 583 582
f 585 583 584
f 586 585 584
f 587 585 586
f 588 587 586
f 589 587 588
f 590 587 589
f 591 590 589
f 592 591 589
f 593 591 592
f 594 593 592
f 595 593 594
f 596 597 598
f 599 596 598
f 600 596 599
f 601 597 596
f 602 597 601
f 603 602 601
f 604 603 601
f 605 603 604
f 606 605 604
f 607 606 604
f 608 607 604
f 609 608 604
f 610 608 609
f 611 610 609
f 612 611 609
f 613 610 611
f 614 613 611
f 615 614 611
f 616 614 615
f 617 616 615
f 618 617 615
f 619 617 618
f 620 619 618
f 621 619 620
f 622 619 621
f 623 622 621
f 624 622 623
f 625 624 623
f 626 624 625
f 627 626 625
f 628 627 625
f 629 627 628
f 630 629 628
f 631 629 630
f 632 631 630
f 633 632 630
f 634 632 633
f 635 634 633
f 636 634 635
f 637 632 634
f 638 632 637
f 639 638 637
f 640 638 639
f 641 640 639
f 642 641 639
f 643 641 642
f 644 643 642
f 645 643 644
f 646 645 644
f 647 645 646
f 648 647 646
f 649 648 646
f 650 651 652
f 653 650 652
f 654 650 653
f 655 654 653
f 656 654 655
f 657 656 655
f 658 657 655
f 659 657 658
f 660 657 659
f 661 660 659
f 662 661 659
f 663 661 662
f 664 663 662
f 665 664 662
f 666 664 665
f 667 666 665
f 668 664 666
f 669 668 666
f 670 668 669
f 671 670 669
f 672 670 671
f 673 672 671
f 674 673 671
f 675 673 674
f 676 675 674
f 677 675 676
f 678 675 677
f 679 678 677
f 680 679 677
f 681 679 680
f 682 681 680
f 683 681 682
f 684 683 682
f 685 684 682
f 686 683 684
f 687 686 684
f 688 683 686
f 689 683 688
f 690 689 688
f 691 690 688
f 692 690 691
f 693 692 691
f 694 692 693
f 695 694 693
f 691 695 693
f 696 695 691
f 697 694 695
f 698 697 695
f 699 698 695
f 700 698 699
f 701 700 699
f 702 700 701
f 703 702 704
f 705 702 703
f 706 705 703
f 707 706 703
f 708 705 706
f 709 708 706
f 710 709 706
f 711 710 706
f 712 710 711
f 713 712 711
f 714 713 711
f 715 713 714
f 716 713 715
f 717 716 715
f 718 717 715
f 719 717 718
f 720 719 718
f 721 720 718
f 722 721 718
f 723 721 722
f 724 723 722
f 725 726 727
f 728 726 725
f 729 728 725
f 730 729 725
f 731 730 725
f 732 731 725
f 733 732 725
f 727 733 725
f 734 733 727
f 735 734 736
f 737 735 736
f 738 735 737
f 733 734 735
f 738 733 735
f 739 733 738
f 732 733 739
f 740 732 739
f 741 740 739
f 742 740 741
f 743 740 742
f 744 743 742
f 745 744 742
f 746 745 742
f 741 746 742
f 747 745 746
f 748 747 746
f 749 747 748
f 750 744 745
f 751 750 745
f 747 751 745
f 752 751 747
f 753 751 752
f 754 753 752
f 755 754 752
f 756 755 752
f 747 756 752
f 749 756 747
f 757 756 749
f 758 757 749
f 759 757 758
f 760 759 758
f 761 759 760
f 762 761 760
f 763 761 762
f 764 763 762
f 765 763 764
f 766 763 765
f 767 766 765
f 768 766 767
f 769 768 767
f 770 768 769
f 771 770 769
f 772 770 771
f 773 768 770
f 774 768 773
f 775 774 773
f 776 775 773
f 777 776 773
f 770 777 773
f 772 777 770
f 778 777 772
f 779 778 772
f 780 778 779
f 781 780 779
f 782 780 781
f 783 782 781
f 784 782 783
f 785 784 783
f 786 784 785
f 787 788 789
f 790 787 789
f 791 792 793
f 794 792 791
f 795 794 791
f 796 795 791
f 797 795 796
f 798 795 797
f 799 798 797
f 800 798 799
f 801 800 799
f 802 801 799
f 803 801 802
f 804 803 802
f 805 803 804
f 806 805 804
f 807 806 804
f 808 807 804
f 809 807 808
f 810 807 809
f 811 810 809
f 812 811 809
f 813 811 812
f 814 813 812
f 815 814 812
f 816 813 814
f 817 816 814
f 818 817 814
f 819 817 818
f 820 819 818
f 821 819 820
f 822 819 821
f 823 822 821
f 824 822 823
f 825 822 824
f 817 819 822
f 825 817 822
f 826 817 825
f 827 826 825
f 828 827 825
f 824 828 825
f 829 828 824
f 830 829 824
f 823 830 824
f 831 830 823
f 832 830 831
f 833 832 831
f 834 833 831
f 835 834 831
f 836 835 831
f 823 836 831
f 837 836 823
f 821 837 823
f 820 837 821
f 838 837 820
f 839 837 838
f 840 839 838
f 836 837 839
f 841 836 839
f 842 836 841
f 835 836 842
f 843 834 835
f 844 834 843
f 845 844 843
f 846 844 845
f 847 846 845
f 848 846 847
f 849 848 847
f 850 849 847
f 851 850 847
f 852 850 851
f 853 850 852
f 854 853 852
f 855 853 854
f 856 855 854
f 857 855 856
f 858 857 856
f 859 857 858
f 860 859 858
f 861 860 858
f 862 860 861
f 863 862 861
f 864 862 863
f 865 866 867
f 868 865 867
f 869 868 867
f 870 869 867
f 871 869 870
f 872 871 870
f 873 871 872
f 874 875 876
f 877 875 874
f 878 875 877
f 879 878 877
f 880 879 877
f 881 880 877
f 882 881 877
f 874 882 877
f 883 881 882
f 884 883 882
f 885 883 884
f 886 885 884
f 887 885 886
f 888 885 887
f 889 888 887
f 890 888 889
f 891 890 889
f 892 891 889
f 893 891 892
f 894 893 892
f 895 893 894
f 896 895 894
f 897 896 894
f 898 897 894
f 899 897 898
f 900 897 899
f 901 900 899
f 902 900 901
f 903 902 901
f 904 902 903
f 905 902 904
f 906 905 904
f 907 906 904
f 908 907 904
f 909 907 908
f 910 909 908
f 911 910 908
f 912 911 908
f 913 911 912
f 914 911 913
f 915 914 913
f 916 914 915
f 917 916 915
f 918 917 915
f 919 917 918
f 920 919 918
f 921 919 920
f 922 921 920
f 923 921 922
f 924 921 923
f 925 924 923
f 926 924 925
f 927 926 925
f 928 926 927
f 929 928 927
f 930 929 927
f 931 929 930
f 932 931 930
f 933 931 932
f 934 933 932
f 935 933 934
f 936 935 934
f 937 936 934
f 938 935 936
f 939 938 936
f 940 939 936
f 941 940 936
f 942 940 941
f 943 942 941
f 944 943 941
f 945 944 941
f 946 943 944
f 947 943 946
f 948 947 946
f 949 947 948
f 950 947 949
f 951 950 949
f 952 951 949
f 953 951 952
f 954 953 952
f 955 954 952
f 956 955 952
f 957 955 956
f 958 957 956
f 959 958 956
f 960 958 959
f 961 960 959
f 962 960 961
f 963 962 961
f 964 965 966
f 967 968 969
f 970 968 967
f 971 972 973
f 974 971 973
f 975 974 973
f 976 974 975
f 977 976 975
f 978 976 977
f 979 978 977
f 980 979 977
f 981 979 980
f 982 979 981
f 983 979 982
f 984 983 982
f 985 983 984
f 986 985 984
f 987 985 986
f 988 987 986
f 989 987 988
f 990 989 988
f 991 989 990
f 992 991 990
f 992 993 991
f 994 993 992
f 995 994 992
f 996 994 995
f 997 996 995
f 998 997 995
f 999 997 998
f 1000 999 998
f 1001 999 1000
f 1002 999 1001
f 1003 1002 1001
f 1004 1002 1003
f 1005 1004 1003
f 1006 1004 1005
f 1007 1004 1006
f 1008 1007 1006
f 1009 1007 1008
f 1010 1009 1008
f 1011 1010 1008
f 1012 1010 1011
f 1013 1012 1011
f 1014 1012 1013
f 1015 1014 1013
f 1016 1015 1013
f 1017 1016 1013
f 1018 1016 1017
f 1019 1018 1017
f 1020 1018 1019
f 1021 1018 1020
f 1022 1021 1020
f 1023 1021 1022
f 1024 1025 1026
f 1027 1025 1024
f 1028 1027 1024
f 1029 1027 1028
f 1030 1029 1028
f 1031 1030 1028
f 1032 1030 1031
f 1033 1030 1032
f 1034 1033 1032
f 1035 1033 1034
f 1036 1037 1038
f 1039 1036 1038
f 1040 1036 1039
f 1041 1042 1043
f 1044 1041 1043
f 1045 1044 1043
f 1046 1044 1045
f 1047 1046 1045
f 1048 1047 1045
f 1049 1047 1048
f 1050 1049 1048
f 1051 1049 1050
f 1052 1051 1050
f 1053 1052 1050
f 1054 1052 1055
f 1056 1054 1055
f 1057 1056 1055
f 1058 1056 1057
f 1059 1056 1058
f 1060 1056 1059
f 1061 1060 1059
f 1062 1060 1061
f 1063 1062 1061
f 1064 1063 1061
f 1065 1063 1064
f 1066 1065 1064
f 1067 1065 1066
f 1068 1067 1066
f 1069 1067 1068
f 1070 1069 1068
f 1071 1069 1070
f 1072 1071 1070
f 1073 1071 1072
f 1074 1073 1072
f 1075 1074 1072
f 1076 1074 1075
f 1077 1076 1075
f 1078 1077 1075
f 1079 1077 1078
f 1080 1077 1079
f 1081 1080 1079
f 1082 1081 1079
f 1083 1081 1082
f 1084 1083 1082
f 1085 1083 1084
f 1086 1081 1083
f 1087 1086 1083
f 1088 1086 1087
f 1089 1088 1087
f 1090 1089 1087
f 1091 1089 1090
f 1092 1091 1090
f 1093 1092 1090
f 1094 1091 1092
f 1095 1094 1092
f 1096 1095 1092
f 1097 1095 1096
f 1098 1097 1096
f 1099 1097 1098
f 1100 1099 1098
f 1101 1099 1100
f 1102 1101 1100
f 1103 1102 1100
f 1104 1102 1103
f 1105 1102 1104
f 1106 1105 1104
f 1107 1106 1104
f 1108 1105 1106
f 1109 1108 1106
f 1110 1108 1109
f 1111 1110 1109
f 1112 1111 1109
f 1113 1112 1109
f 1114 1112 1113
f 1115 1114 1113
f 1116 1115 1113
f 1117 1115 1116
f 1118 1117 1116
f 1119 1117 1118
f 1120 1119 1118
f 1121 1119 1120
f 1122 1121 1120
f 1123 1122 1120
f 1124 1122 1123
f 1125 1122 1124
f 1126 1125 1124
f 1127 1126 1124
f 1128 1127 1124
f 1129 1127 1128
f 1130 1127 1129
f 1131 1130 1129
f 1132 1130 1131
f 1133 1132 1131
f 1134 1133 1131
f 1135 1133 1134
f 1136 1133 1135
f 1137 1136 1135
f 1138 1139 1140
f 1141 1139 1138
f 1142 1139 1141
f 1143 1142 1141
f 1144 1143 1141
f 1145 1144 1141
f 1146 1144 1145
f 1147 1146 1145
f 1148 1147 1145
f 1149 1147 1148
f 1150 1147 1149
f 1151 1150 1149
f 1152 1151 1149
f 1153 1151 1152
f 1154 1153 1152
f 1149 1154 1152
f 1155 1151 1153
f 1156 1151 1155
f 1157 1156 1155
f 1150 1151 1156
f 1158 1150 1156
f 1159 1158 1156
f 1160 1159 1156
f 1161 1160 1156
f 1162 1160 1161
f 1163 1160 1162
f 1164 1163 1162
f 1165 1164 1162
f 1166 1165 1162
f 1161 1166 1162
f 1167 1166 1161
f 1168 1166 1167
f 1169 1168 1167
f 1170 1168 1169
f 1171 1170 1169
f 1172 1170 1171
f 1173 1172 1171
f 1174 1170 1172
f 1175 1170 1174
f 1176 1175 1174
f 1177 1176 1174
f 1178 1176 1177
f 1179 1178 1177
f 1180 1178 1179
f 1181 1180 1179
f 1182 1180 1181
f 1183 1182 1181
f 1184 1182 1183
f 1185 1184 1183
f 1186 1185 1183
f 1187 1185 1186
f 1188 1187 1186
f 1189 1187 1188
f 1190 1185 1187
f 1191 1185 1190
f 1192 1191 1190
f 1193 1191 1192
f 1194 1193 1192
f 1195 1194 1192
f 1196 1194 1195
f 1197 1196 1195
f 1198 1196 1197
f 1199 1198 1197
f 1200 1199 1197
f 1201 1199 1200
f 1202 1201 1200
f 1203 1201 1202
f 1204 1203 1202
f 1205 1204 1202
f 1206 1203 1204
f 1207 1206 1204
f 1208 1203 1206
f 1209 1208 1206
f 1207 1209 1206
f 1210 1208 1209
f 1211 1210 1209
f 1212 1211 1209
f 1213 1212 1209
f 1207 1213 1209
f 1214 1213 1207
f 1215 1214 1207
f 1216 1214 1215
f 1217 1216 1215
f 1218 1216 1217
f 1219 1218 1217
f 1220 1218 1219
f 1221 1218 1220
f 1222 1221 1220
f 1223 1221 1222
f 1224 1223 1222
f 1225 1224 1222
f 1226 1224 1225
f 1227 1226 1225
f 1228 1226 1227
f 1229 1228 1227
f 1230 1228 1229
f 1231 1228 1230
f 1232 1228 1231
f 1233 1232 1231
f 1234 1233 1231
f 1235 1232 1233
f 1236 1237 1233
f 1234 1236 1233
f 1238 1237 1236
f 1239 1238 1236
f 1240 1239 1236
f 1241 1239 1240
f 1242 1239 1241
f 1243 1242 1241
f 1244 1242 1243
f 1245 1242 1244
f 1246 1245 1244
f 1247 1245 1246
f 1248 1247 1246
f 1249 1248 1246
f 1250 1248 1249
f 1251 1250 1249
f 1252 1251 1249
f 1253 1251 1252
f 1254 1253 1252
f 1255 1254 1252
f 1256 1251 1253
f 1254 1257 1253
f 1258 1259 1260
f 1261 1258 1260
f 1262 1261 1260
f 1263 1261 1262
f 1264 1261 1263
f 1265 1264 1263
f 1266 1264 1265
f 1267 1266 1265
f 1268 1267 1265
f 1269 1267 1268
f 1270 1269 1268
f 1271 1270 1268
f 1272 1270 1271
f 1273 1272 1271
f 1274 1272 1273
f 1275 1274 1273
f 1276 1274 1275
f 1277 1276 1275
f 1278 1277 1275
f 1279 1277 1278
f 1280 1279 1278
f 1281 1277 1279
f 1282 1281 1279
f 1283 1282 1279
f 1284 1282 1283
f 1285 1284 1283
f 1286 1284 1285
f 1287 1284 1286
f 1288 1287 1286
f 1289 1287 1288
f 1290 1289 1288
f 1291 1290 1288
f 1292 1290 1291
f 1293 1292 1291
f 1294 1292 1293
f 1295 1294 1293
f 1296 1294 1295
f 1297 1296 1295
f 1298 1296 1297
f 1299 1298 1297
f 1300 1298 1299
f 1301 1300 1299
f 1302 1301 1299
f 1303 1302 1299
f 1304 1302 1303
f 1305 1302 1304
f 1306 1305 1304
f 1307 1308 1309
f 1310 1308 1307
f 1311 1310 1307
f 1312 1310 1311
f 1313 1312 1311
f 1314 1312 1313
f 1315 1314 1313
f 1316 1315 1313
f 1317 1314 1315
f 1318 1314 1317
f 1319 1318 1317
f 1320 1319 1317
f 1321 1319 1320
f 1322 1321 1320
f 1323 1321 1322
f 1324 1323 1322
f 1325 1324 1322
f 1326 1325 1322
f 1327 1325 1326
f 1328 1327 1326
f 1329 1328 1326
f 1330 1327 1328
f 1331 1330 1328
f 1332 1331 1328
f 1329 1332 1328
f 1333 1331 1332
f 1334 1333 1332
f 1335 1333 1334
f 1336 1335 1334
f 1337 1336 1334
f 1338 1337 1334
f 1339 1337 1338
f 1340 1337 1339
f 1341 1340 1339
f 1342 1340 1341
f 1343 1342 1341
f 1344 1342 1343
f 1345 1344 1343
f 1346 1345 1343
f 1347 1345 1346
f 1348 1347 1346
f 1349 1348 1346
f 1350 1348 1349
f 1351 1348 1350
f 1352 1348 1351
f 1353 1352 1351
f 1354 1353 1351
f 1355 1353 1354
f 1356 1353 1355
f 1357 1356 1355
f 1358 1357 1355
f 1359 1356 1357
f 1360 1359 1357
f 1361 1360 1357
f 1362 1360 1361
f 1363 1362 1361
f 1364 1362 1363
f 1365 1366 1367
f 1368 1366 1365
f 1369 1368 1365
f 1370 1369 1365
f 1371 1369 1370
f 1372 1369 1371
f 1373 1372 1371
f 1374 1373 1371
f 1375 1373 1374
f 1376 1373 1375
f 1377 1376 1375
f 1378 1376 1377
f 1379 1378 1377
f 1380 1378 1379
f 1381 1380 1379
f 1382 1381 1379
f 1383 1381 1382
f 1384 1383 1382
f 1385 1383 1384
f 1386 1385 1384
f 1387 1385 1386
f 1388 1387 1386
f 1389 1388 1386
f 1390 1388 1389
f 1391 1388 1390
f 1392 1393 1394
f 1395 1392 1394
f 1396 1393 1392
f 1397 1396 1392
f 1398 1396 1397
f 1399 1398 1397
f 1400 1398 1399
f 1401 1400 1399
f 1402 1401 1399
f 1403 1401 1402
f 1404 1401 1403
f 1400 1401 1404
f 1405 1400 1404
f 1406 1405 1404
f 1407 1406 1404
f 1408 1406 1407
f 1409 1408 1407
f 1410 1409 1407
f 1411 1409 1410
f 1412 1411 1410
f 1413 1412 1410
f 1407 1413 1410
f 1414 1412 1413
f 1415 1414 1413
f 1416 1414 1415
f 1417 1414 1416
f 1418 1417 1416
f 1419 1417 1418
f 1420 1419 1418
f 1421 1420 1418
f 1422 1419 1420
f 1423 1422 1420
f 1424 1423 1420
f 1425 1423 1424
f 1426 1425 1424
f 1427 1423 1425
f 1428 1427 1425
f 1426 1428 1425
f 1429 1427 1428
f 1430 1431 1432
f 1433 1431 1430
f 1434 1433 1430
f 1435 1433 1434
f 1436 1433 1435
f 1437 1436 1435
f 1438 1437 1435
f 1439 1437 1438
f 1440 1437 1439
f 1441 1440 1439
f 1442 1441 1439
f 1443 1441 1442
f 1444 1443 1442
f 1445 1441 1443
f 1446 1445 1443
f 1447 1446 1443
f 1448 1449 1450
f 1451 1448 1450
f 1452 1448 1451
f 1453 1448 1452
f 1454 1453 1452
f 1455 1454 1452
f 1456 1454 1455
f 1457 1456 1455
f 1458 1456 1457
f 1459 1458 1457
f 1460 1459 1457
f 1461 1459 1460
f 1462 1461 1460
f 1463 1462 1460
f 1464 1462 1463
f 1465 1462 1464
f 1466 1465 1464
f 1467 1466 1464
f 1468 1466 1467
f 1469 1466 1468
f 1470 1469 1468
f 1471 1469 1470
f 1472 1471 1470
f 1473 1471 1472
f 1474 1473 1472
f 1475 1474 1472
f 1476 1474 1475
f 1477 1476 1475
f 1478 1474 1476
f 1479 1478 1476
f 1480 1478 1479
f 1481 1480 1479
f 1482 1480 1481
f 1483 1482 1481
f 1484 1483 1481
f 1485 1483 1484
f 1486 1485 1484
f 1487 1485 1486
f 1488 1487 1486
f 1489 1487 1488
f 1490 1487 1489
f 1491 1490 1489
f 1492 1491 1489
f 1493 1494 1495
f 1496 1494 1493
f 1497 1496 1493
f 1498 1496 1497
f 1499 1498 1497
f 1500 1499 1497
f 1501 1499 1500
f 1502 1499 1501
f 1503 1502 1501
f 1504 1503 1501
f 1505 1503 1504
f 1506 1505 1504
f 1507 1505 1506
f 1508 1507 1506
f 1509 1507 1508
f 1510 1509 1508
f 1511 1509 1510
f 1512 1511 1510
f 1513 1511 1512
f 1514 1513 1512
f 1515 1514 1512
f 1516 1515 1512
f 1517 1515 1516
f 1518 1514 1515
f 1517 1518 1515
f 1519 1518 1517
f 1520 1519 1517
f 1521 1519 1520
f 1522 1521 1520
f 1523 1522 1520
f 1524 1522 1523
f 1525 1524 1523
f 1526 1524 1525
f 1527 1526 1525
f 1528 1527 1525
f 1529 1527 1528
f 1530 1527 1529
f 1531 1526 1527
f 1532 1531 1527
f 1533 1532 1527
f 1530 1533 1527
f 1534 1533 1530
f 1535 1533 1534
f 1536 1535 1534
f 1537 1536 1534
f 1538 1536 1537
f 1539 1536 1538
f 1540 1539 1538
f 1541 1539 1540
f 1542 1541 1540
f 1543 1542 1540
f 1544 1542 1543
f 1545 1544 1543
f 1546 1544 1545
f 1547 1548 1549
f 1550 1547 1549
f 1551 1550 1549
f 1552 1550 1551
f 1553 1552 1551
f 1554 1552 1553
f 1555 1556 1557
f 1558 1556 1555
f 1559 1560 1558
f 1561 1560 1559
f 1562 1560 1561
f 1563 1562 1561
f 1564 1563 1561
f 1565 1566 1567
f 1568 1566 1565
f 1569 1568 1565
f 1570 1569 1565
f 1571 1569 1570
f 1572 1571 1570
f 1573 1572 1570
f 1574 1572 1573
f 1575 1574 1573
f 1576 1575 1573
f 1570 1576 1573
f 1577 1575 1576
f 1578 1579 1580
f 1581 1579 1578
f 1582 1581 1578
f 1583 1581 1582
f 1584 1583 1582
f 1585 1583 1584
f 1586 1583 1585
f 1587 1586 1585
f 1588 1586 1587
f 1589 1588 1587
f 1590 1589 1587
f 1591 1589 1590
f 1592 1591 1590
f 1593 1591 1592
f 1594 1593 1592
f 1595 1594 1592
f 1596 1594 1595
f 1597 1596 1595
f 1598 1596 1597
f 1599 1598 1597
f 1600 1599 1597
f 1601 1599 1600
f 1602 1599 1601
f 1603 1602 1601
f 1604 1603 1601
f 1605 1603 1604
f 1606 1605 1604
f 1607 1605 1606
f 1608 1605 1607
f 1609 1605 1608
f 1610 1609 1608
f 1611 1612 1613
f 1614 1612 1611
f 1615 1614 1611
f 1616 1614 1615
f 1617 1612 1614
f 1618 1617 1614
f 1619 1618 1614
f 1616 1619 1614
f 1620 1619 1616
f 1621 1619 1620
f 1622 1621 1620
f 1623 1621 1622
f 1624 1621 1623
f 1625 1624 1623
f 1626 1625 1623
f 1622 1626 1623
f 1627 1626 1622
f 1628 1626 1627
f 1629 1628 1627
f 1630 1629 1627
f 1631 1630 1627
f 1632 1629 1630
f 1633 1632 1630
f 1634 1633 1630
f 1635 1633 1634
f 1636 1633 1635
f 1637 1636 1635
f 1638 1637 1635
f 1639 1637 1638
f 1640 1639 1638
f 1641 1639 1640
f 1642 1641 1640
f 1643 1642 1640
f 1644 1643 1640
f 1645 1643 1644
f 1646 1643 1645
f 1647 1646 1645
f 1648 1647 1645
f 1649 1647 1648
f 1650 1649 1648
f 1651 1649 1650
f 1652 1651 1650
f 1653 1652 1650
f 1654 1653 1650
f 1655 1653 1654
f 1656 1655 1654
f 1657 1655 1656
f 1658 1657 1656
f 1659 1657 1658
f 1660 1657 1659
f 1661 1660 1659
f 1662 1660 1661
f 1663 1660 1662
f 1664 1663 1662
f 1665 1663 1664
f 1666 1665 1664
f 1667 1666 1664
f 1668 1669 1670
f 1671 1672 1673
f 1674 1672 1671
f 1675 1674 1671
f 1676 1674 1675
f 1677 1676 1675
f 1678 1677 1675
f 1679 1676 1677
f 1680 1679 1677
f 1681 1680 1677
f 1682 1680 1681
f 1683 1682 1681
f 1684 1682 1683
f 1685 1684 1683
f 1686 1685 1683
f 1687 1685 1686
f 1688 1687 1686
f 1689 1687 1688
f 1690 1689 1688
f 1691 1689 1690
f 1692 1691 1690
f 1693 1691 1692
f 1694 1693 1692
f 1695 1693 1694
f 1696 1695 1694
f 1697 1696 1694
f 1698 1696 1697
f 1699 1698 1697
f 1700 1698 1699
f 1701 1700 1699
f 1702 1701 1699
f 1703 1701 1702
f 1704 1703 1702
f 1705 1703 1704
f 1706 1705 1704
f 1707 1705 1706
f 1708 1707 1706
f 1709 1707 1708
f 1710 1709 1708
f 1711 1710 1708
f 1712 1711 1708
f 1713 1711 1712
f 1714 1711 1713
f 1715 1714 1713
f 1716 1714 1715
f 1717 1716 1715
f 1718 1716 1717
f 1719 1716 1718
f 1720 1719 1718
f 1721 1719 1720
f 1722 1721 1720
f 1723 1721 1722
f 1724 1723 1722
f 1725 1724 1722
f 1726 1724 1725
f 1727 1724 1726
f 1728 1727 1726
f 1729 1728 1726
f 1730 1728 1729
f 1731 1730 1729
f 1732 1730 1731
f 1733 1730 1732
f 1734 1733 1732
f 1735 1734 1732
f 1736 1734 1735
f 1737 1736 1735
f 1738 1736 1737
f 1739 1738 1737
f 1736 1738 1740
f 1741 1736 1740
f 1742 1743 1744
f 1745 1742 1744
f 1746 1747 1748
f 1749 1746 1748
f 1750 1746 1749
f 1751 1746 1750
f 1752 1751 1750
f 1753 1752 1750
f 1754 1752 1753
f 1755 1752 1754
f 1756 1755 1754
f 1757 1755 1756
f 1758 1757 1756
f 1759 1758 1756
f 1760 1761 1762
f 1763 1760 1762
f 1764 1763 1762
f 1765 1763 1764
f 1766 1763 1765
f 1767 1766 1765
f 1768 1766 1767
f 1769 1763 1766
f 1770 1769 1766
f 1771 1769 1770
f 1772 1771 1770
f 1773 1772 1770
f 1774 1773 1770
f 1775 1776 1777
f 1778 1775 1777
f 1779 1776 1775
f 1780 1776 1779
f 1781 1782 1783
f 1784 1781 1783
f 1785 1784 1783
f 1786 1784 1785
f 1787 1781 1784
f 1786 1787 1784
f 1788 1787 1786
f 1789 1787 1788
f 1790 1789 1788
f 1791 1789 1790
f 1792 1791 1790
f 1793 1789 1791
f 1794 1793 1791
f 1795 1794 1791
f 1796 1795 1791
f 1792 1796 1791
f 1797 1794 1795
f 1798 1794 1797
f 1799 1798 1797
f 1800 1799 1797
f 1801 1800 1797
f 1795 1801 1797
f 1802 1801 1795
f 1796 1802 1795
f 1803 1802 1796
f 1804 1803 1796
f 1805 1804 1796
f 1792 1805 1796
f 1806 1804 1805
f 1807 1806 1805
f 1808 1806 1807
f 1809 1808 1807
f 1810 1808 1809
f 1811 1810 1809
f 1812 1810 1811
f 1813 1810 1812
f 1814 1813 1812
f 1815 1814 1812
f 1816 1814 1815
f 1817 1814 1816
f 1818 1817 1816
f 1819 1817 1818
f 1820 1819 1818
f 1821 1820 1818
f 1822 1820 1821
f 1823 1822 1821
f 1824 1825 1826
f 1827 1828 1825
f 1824 1827 1825
f 1829 1827 1824
f 1830 1829 1824
f 1831 1829 1830
f 1832 1831 1830
f 1833 1832 1830
f 1834 1832 1833
f 1835 1832 1834
f 1836 1832 1835
f 1837 1836 1835
f 1838 1836 1837
f 1839 1838 1837
f 1840 1839 1837
f 1841 1840 1837
f 1835 1841 1837
f 1842 1841 1835
f 1843 1841 1842
f 1844 1843 1842
f 1845 1843 1844
f 1846 1845 1844
f 1847 1846 1844
f 1848 1847 1844
f 1849 1847 1848
f 1850 1847 1849
f 1851 1850 1849
f 1852 1850 1851
f 1853 1850 1852
f 1854 1853 1852
f 1855 1854 1852
f 1856 1855 1852
f 1851 1856 1852
f 1857 1856 1851
f 1858 1856 1857
f 1859 1858 1857
f 1860 1856 1858
f 1861 1860 1858
f 1862 1860 1861
f 1863 1862 1861
f 1864 1863 1861
f 1865 1864 1861
f 1866 1864 1865
f 1867 1866 1865
f 1868 1867 1865
f 1861 1868 1865
f 1869 1867 1868
f 1870 1869 1868
f 1871 1870 1868
f 1872 1869 1870
f 1873 1869 1872
f 1874 1873 1872
f 1875 1873 1874
f 1876 1875 1874
f 1877 1875 1876
f 1878 1877 1876
f 1879 1878 1876
f 1880 1878 1879
f 1881 1880 1879
f 1882 1880 1881
f 1883 1880 1882
f 1884 1883 1882
f 1885 1884 1882
f 1886 1884 1885
f 1887 1886 1885
f 1888 1886 1887
f 1889 1890 1891
f 1892 1889 1891
f 1893 1889 1892
f 1894 1893 1892
f 1895 1894 1892
f 1896 1894 1895
f 1897 1896 1895
f 1898 1897 1895
f 1899 1894 1896
f 1900 1899 1896
f 1901 1899 1900
f 1902 1901 1900
f 1903 1902 1900
f 1896 1903 1900
f 1904 1903 1896
f 1897 1904 1896
f 1898 1904 1897
f 1905 1903 1904
f 1906 1905 1904
f 1907 1906 1904
f 1908 1906 1907
f 1909 1908 1907
f 1910 1908 1909
f 1911 1910 1909
f 1912 1911 1909
f 1913 1911 1912
f 1914 1913 1912
f 1915 1916 1917
f 1918 1916 1915
f 1919 1916 1918
f 1920 1919 1918
f 1921 1919 1920
f 1922 1921 1920
f 1923 1921 1922
f 1924 1923 1922
f 1925 1924 1922
f 1926 1924 1925
f 1927 1926 1925
f 1928 1926 1927
f 1929 1928 1927
f 1930 1928 1929
f 1931 1930 1929
f 1932 1930 1931
f 1933 1932 1931
f 1934 1932 1933
f 1935 1934 1933
f 1936 1934 1935
f 1937 1936 1935
f 1938 1936 1937
f 1939 1938 1937
f 1940 1939 1937
f 1941 1939 1940
f 1942 1939 1941
f 1943 1942 1941
f 1944 1942 1943
f 1945 1944 1943
f 1946 1944 1945
f 1947 1948 1949
f 1950 1948 1947
f 1951 1952 1950
f 1953 1951 1950
f 1954 1951 1953
f 1955 1954 1953
f 1956 1955 1953
f 1957 1955 1956
f 1958 1957 1956
f 1959 1957 1958
f 1960 1957 1959
f 1961 1960 1959
f 1962 1960 1961
f 1963 1960 1962
f 1964 1963 1962
f 1965 1963 1964
f 1966 1965 1964
f 1967 1965 1966
f 1968 1963 1965
f 1969 1968 1965
f 1970 1969 1965
f 1971 1968 1969
f 1972 1968 1971
f 1973 1972 1971
f 1963 1968 1972
f 1960 1963 1972
f 1973 1960 1972
f 1957 1960 1973
f 1955 1957 1973
f 1971 1955 1973
f 1954 1955 1971
f 1969 1954 1971
f 1974 1954 1969
f 1951 1954 1974
f 1952 1951 1974
f 1938 1939 1942
f 1893 1894 1899
f 1893 1890 1889
f 1975 1976 1977
f 1978 1976 1975
f 1979 1976 1978
f 1980 1976 1979
f 1981 1980 1979
f 1982 1980 1981
f 1983 1984 1985
f 1986 1983 1985
f 1987 1983 1986
f 1988 1987 1986
f 1989 1988 1986
f 1990 1983 1987
f 1991 1983 1990
f 1992 1991 1990
f 1993 1992 1990
f 1994 1992 1993
f 1995 1992 1994
f 1996 1995 1994
f 1997 1995 1996
f 1998 1997 1996
f 1999 1997 1998
f 2000 1999 1998
f 2001 2000 1998
f 2002 2000 2001
f 2003 2002 2001
f 2004 2002 2003
f 2005 2004 2003
f 2006 2004 2005
f 2007 2006 2005
f 2008 2006 2007
f 2009 2008 2007
f 2010 2009 2007
f 2011 2009 2010
f 2012 2009 2011
f 2008 2009 2012
f 2013 2008 2012
f 2014 2008 2013
f 2015 2014 2013
f 2006 2008 2014
f 2016 2006 2014
f 2017 2016 2014
f 2018 2017 2014
f 2019 2017 2018
f 2020 2019 2018
f 2021 2020 2018
f 2022 2021 2018
f 2023 2021 2022
f 2024 2023 2022
f 2025 2024 2022
f 2026 2024 2025
f 2027 2023 2024
f 2021 2023 2027
f 2028 2020 2021
f 2029 2020 2028
f 2030 2029 2028
f 2031 2029 2030
f 2032 2031 2030
f 2033 2032 2030
f 2034 2033 2030
f 2035 2033 2034
f 2036 2035 2034
f 2037 2035 2036
f 2038 2037 2036
f 2039 2038 2036
f 2040 2039 2036
f 2041 2038 2039
f 2042 2041 2039
f 2043 2041 2042
f 2044 2043 2042
f 2045 2035 2037
f 2046 2045 2037
f 2047 2045 2046
f 2048 2047 2046
f 2049 2047 2048
f 2050 2049 2048
f 2051 2052 2053
f 2054 2052 2051
f 2055 2054 2051
f 2056 2057 2058
f 2059 2056 2058
f 2060 2056 2059
f 2061 2060 2059
f 2062 2060 2061
f 2063 2060 2062
f 2064 2063 2062
f 2065 2064 2062
f 2066 2063 2064
f 2067 2066 2064
f 2068 2066 2067
f 2069 2070 2071
f 2072 2070 2069
f 2073 2072 2069
f 2074 2072 2073
f 2075 2074 2073
f 2076 2074 2075
f 2077 2076 2075
f 2078 2077 2075
f 2079 2077 2078
f 2080 2077 2079
f 2081 2080 2079
f 2082 2081 2079
f 2083 2081 2082
f 2084 2081 2083
f 2085 2084 2083
f 2086 2084 2085
f 2087 2086 2085
f 2088 2087 2085
f 2089 2087 2088
f 2090 2089 2088
f 2091 2092 2093
f 2094 2091 2093
f 2095 2092 2091
f 2096 2095 2091
f 2097 2096 2091
f 2098 2096 2097
f 2099 2096 2098
f 2100 2101 2102
f 2103 2101 2100
f 2104 2103 2100
f 2105 2104 2100
f 2106 2104 2105
f 2107 2106 2105
f 2108 2107 2105
f 2109 2107 2108
f 2110 2107 2109
f 2111 2110 2109
f 2112 2110 2111
f 2113 2112 2111
f 2114 2113 2111
f 2115 2112 2113
f 2116 2112 2115
f 2117 2116 2115
f 2118 2117 2115
f 2119 2117 2118
f 2120 2117 2119
f 2121 2120 2119
f 2122 2121 2119
f 2123 2121 2122
f 2124 2121 2123
f 2125 2124 2123
f 2126 2125 2123
f 2127 2125 2126
f 2128 2127 2126
f 2129 2128 2126
f 2130 2128 2129
f 2131 2130 2129
f 2132 2130 2131
f 2133 2132 2131
f 2134 2133 2131
f 2135 2132 2133
f 2136 2132 2135
f 2137 2136 2135
f 2138 2137 2135
f 2139 2137 2138
f 2140 2139 2138
f 2141 2139 2140
f 2142 2141 2140
f 2143 2141 2142
f 2144 2143 2142
f 2145 2143 2144
f 2146 2143 2145
f 2147 2146 2145
f 2148 2149 2150
f 2151 2149 2148
f 2152 2151 2148
f 2153 2152 2148
f 2154 2151 2152
f 2155 2151 2154
f 2156 2155 2154
f 2157 2155 2156
f 2158 2157 2156
f 2159 2158 2156
f 2160 2159 2156
f 2161 2159 2160
f 2162 2161 2160
f 2163 2161 2162
f 2164 2163 2162
f 2165 2164 2162
f 2166 2164 2165
f 2167 2166 2165
f 2168 2166 2167
f 2169 2166 2168
f 2170 2169 2168
f 2171 2169 2170
f 2172 2173 2174
f 2175 2172 2174
f 2176 2172 2175
f 2177 2176 2175
f 2178 2177 2175
f 2179 2177 2178
f 2180 2179 2178
f 2175 2181 2178
f 2174 2181 2175
f 2182 2183 2184
f 2185 2183 2182
f 2186 2185 2182
f 2187 2186 2182
f 2188 2186 2187
f 2189 2186 2188
f 2190 2189 2188
f 2191 2190 2188
f 2192 2190 2191
f 2193 2190 2192
f 2194 2193 2192
f 2195 2193 2194
f 2196 2193 2195
f 2197 2196 2195
f 2198 2196 2197
f 2199 2198 2197
f 2200 2198 2199
f 2201 2200 2199
f 2202 2201 2199
f 2203 2201 2202
f 2204 2203 2202
f 2205 2204 2202
f 2206 2204 2205
f 2207 2204 2206
f 2208 2207 2206
f 2209 2207 2208
f 2210 2207 2209
f 2211 2210 2209
f 2212 2211 2209
f 2213 2211 2212
f 2214 2213 2212
f 2215 2213 2214
f 2216 2215 2214
f 2217 2216 2214
f 2218 2216 2217
f 2219 2218 2217
f 2220 2219 2217
f 2221 2216 2218
f 2222 2221 2218
f 2223 2221 2222
f 2224 2223 2222
f 2225 2224 2222
f 2226 2224 2225
f 2227 2226 2225
f 2228 2227 2225
f 2229 2227 2228
f 2230 2227 2229
f 2231 2230 2229
f 2232 2230 2231
f 2233 2230 2232
f 2234 2233 2232
f 2235 2236 2237
f 2238 2235 2237
f 2239 2235 2238
f 2240 2235 2239
f 2241 2240 2239
f 2242 2240 2241
f 2243 2242 2241
f 2244 2243 2241
f 2245 2243 2244
f 2246 2245 2244
f 2247 2246 2244
f 2248 2246 2247
f 2249 2246 2248
f 2250 2249 2248
f 2251 2250 2248
f 2252 2250 2251
f 2253 2252 2251
f 2254 2253 2251
f 2255 2253 2254
f 2256 2255 2254
f 2257 2255 2256
f 2258 2255 2257
f 2259 2258 2257
f 2260 2259 2257
f 2261 2259 2260
f 2262 2261 2260
f 2263 2261 2262
f 2264 2263 2262
f 2265 2264 2262
f 2266 2264 2265
f 2267 2268 2269
f 2270 2267 2269
f 2271 2267 2270
f 2272 2271 2270
f 2273 2272 2270
f 2274 2273 2270
f 2275 2273 2274
f 2276 2273 2275
f 2277 2276 2275
f 2278 2277 2275
f 2279 2277 2278
f 2280 2279 2278
f 2281 2279 2280
f 2282 2281 2280
f 2283 2284 2285
f 2286 2284 2283
f 2287 2286 2283
f 2288 2289 2290
f 2291 2289 2288
f 2292 2289 2291
f 2293 2292 2291
f 2294 2293 2291
f 2295 2294 2291
f 2296 2294 2295
f 2297 2296 2295
f 2298 2296 2297
f 2299 2298 2297
f 2300 2298 2299
f 2301 2300 2299
f 2302 2301 2299
f 2303 2302 2299
f 2304 2301 2302
f 2305 2301 2304
f 2306 2305 2304
f 2307 2306 2304
f 2308 2306 2307
f 2309 2306 2308
f 2310 2309 2308
f 2311 2309 2310
f 2312 2311 2310
f 2313 2312 2310
f 2314 2312 2313
f 2315 2314 2313
f 2316 2314 2315
f 2317 2316 2315
f 2318 2316 2317
f 2319 2316 2318
f 2320 2319 2318
f 2321 2320 2318
f 2322 2320 2321
f 2323 2320 2322
f 2324 2323 2322
f 2325 2323 2324
f 2326 2325 2324
f 2327 2326 2324
f 2328 2326 2327
f 2329 2326 2328
f 2330 2329 2328
f 2331 2330 2328
f 2332 2330 2331
f 2333 2332 2331
f 2334 2333 2331
f 2335 2334 2331
f 2333 2334 2336
f 2337 2333 2336
f 2338 2339 2340
f 2341 2338 2340
f 2342 2338 2341
f 2343 2338 2342
f 2344 2343 2342
f 2345 2344 2342
f 2346 2344 2345
f 2347 2344 2346
f 2348 2347 2346
f 2349 2350 2351
f 2352 2350 2349
f 2353 2350 2352
f 2354 2353 2352
f 2355 2354 2352
f 2356 2354 2355
f 2357 2356 2355
f 2358 2357 2355
f 2359 2357 2358
f 2360 2357 2359
f 2361 2360 2359
f 2362 2361 2359
f 2363 2361 2362
f 2364 2363 2362
f 2365 2363 2364
f 2366 2365 2364
f 2367 2366 2364
f 2368 2366 2367
f 2369 2366 2368
f 2370 2369 2368
f 2371 2370 2368
f 2372 2370 2371
f 2373 2372 2371
f 2374 2373 2371
f 2375 2373 2374
f 2376 2375 2374
f 2377 2375 2376
f 2378 2377 2376
f 2379 2377 2378
f 2380 2379 2378
f 2381 2379 2380
f 2382 2379 2381
f 2383 2382 2381
f 2384 2383 2381
f 2385 2383 2384
f 2386 2385 2384
f 2387 2385 2386
f 2388 2387 2386
f 2389 2388 2386
f 2390 2389 2386
f 2391 2388 2389
f 2392 2391 2389
f 2393 2391 2392
f 2394 2393 2392
f 2395 2393 2394
f 2396 2395 2394
f 2397 2395 2396
f 2398 2395 2397
f 2399 2398 2397
f 2400 2399 2397
f 2401 2399 2400
f 2402 2401 2400
f 2403 2401 2402
f 2404 2403 2402
f 2405 2404 2402
f 2406 2405 2402
f 2407 2405 2406
f 2408 2405 2407
f 2409 2405 2408
f 2410 2409 2408
f 2411 2410 2408
f 2412 2411 2408
f 2413 2411 2412
f 2414 2411 2413
f 2415 2416 2417
f 2417 2416 2418
f 2418 2416 2419
f 2420 2421 2422
f 2423 2420 2422
f 2424 2420 2423
f 2425 2424 2423
f 2426 2424 2425
f 2427 2426 2425
f 2428 2426 2427
f 2429 2428 2427
f 2430 2429 2427
f 2431 2429 2430
f 2432 2429 2431
f 2433 2432 2431
f 2434 2432 2433
f 2435 2434 2433
f 2436 2434 2435
f 2437 2436 2435
f 2438 2436 2437
f 2439 2438 2437
f 2440 2438 2439
f 2441 2440 2439
f 2442 2440 2441
f 2443 2442 2441
f 2444 2440 2442
f 2445 2444 2442
f 2446 2445 2442
f 2447 2445 2446
f 2448 2447 2446
f 2449 2447 2448
f 2450 2449 2448
f 2451 2449 2450
f 2452 2451 2450
f 2453 2451 2452
f 2454 2453 2452
f 2455 2454 2452
f 2456 2454 2455
f 2457 2456 2455
f 2458 2456 2457
f 2459 2456 2458
f 2460 2459 2458
f 2461 2460 2458
f 2462 2460 2461
f 2463 2462 2461
f 2464 2462 2463
f 2465 2464 2463
f 2466 2464 2465
f 2467 2466 2465
f 2468 2467 2465
f 2469 2467 2468
f 2470 2467 2469
f 2471 2470 2469
f 2472 2470 2471
f 2473 2472 2471
f 2474 2472 2473
f 2475 2474 2473
f 2476 2474 2475
f 2477 2476 2475
f 2474 2476 2478
f 2479 2474 2478
f 2480 2479 2478
f 2481 2480 2478
f 2482 2483 2484
f 2485 2482 2484
f 2486 2485 2484
f 2487 2485 2486
f 2488 2485 2487
f 2489 2488 2487
f 2490 2488 2489
f 2491 2490 2489
f 2492 2491 2489
f 2493 2491 2492
f 2494 2495 2496
f 2497 2494 2496
f 2498 2494 2497
f 2499 2498 2497
f 2500 2498 2499
f 2501 2500 2499
f 2502 2500 2501
f 2503 2502 2501
f 2504 2503 2501
f 2503 2504 2505
f 2506 2503 2505
f 2507 2506 2505
f 2508 2509 2510
f 2511 2508 2510
f 2512 2508 2511
f 2513 2512 2511
f 2514 2512 2513
f 2515 2514 2513
f 2516 2514 2515
f 2517 2514 2516
f 2518 2514 2517
f 2519 2518 2517
f 2520 2519 2517
f 2521 2519 2520
f 2522 2521 2520
f 2523 2521 2522
f 2524 2523 2522
f 2525 2524 2522
f 2526 2524 2525
f 2527 2526 2525
f 2528 2527 2525
f 2529 2528 2525
f 2522 2529 2525
f 2530 2528 2529
f 2531 2528 2530
f 2532 2531 2530
f 2533 2531 2532
f 2534 2533 2532
f 2535 2534 2532
f 2536 2534 2535
f 2537 2536 2535
f 2538 2537 2535
f 2539 2537 2538
f 2540 2537 2539
f 2541 2537 2540
f 2542 2541 2540
f 2543 2542 2540
f 2544 2542 2543
f 2545 2544 2543
f 2546 2544 2545
f 2547 2546 2545
f 2548 2547 2545
f 2549 2547 2548
f 2550 2549 2548
f 2551 2549 2550
f 2552 2551 2550
f 2553 2551 2552
f 2554 2553 2552
f 2555 2554 2552
f 2556 2554 2555
f 2557 2556 2555
f 2558 2556 2557
f 2559 2556 2558
f 2560 2559 2558
f 2561 2559 2560
f 2562 2561 2560
f 2563 2561 2562
f 2564 2563 2562
f 2565 2561 2563
f 2566 2565 2563
f 2567 2566 2563
f 2568 2567 2563
f 2564 2568 2563
f 2569 2568 2564
f 2570 2568 2569
f 2571 2570 2569
f 2572 2571 2569
f 2573 2571 2572
f 2574 2571 2573
f 2575 2574 2573
f 2576 2575 2573
f 2577 2575 2576
f 2578 2577 2576
f 2579 2578 2576
f 2580 2577 2578
f 2581 2580 2578
f 2582 2583 2584
f 2585 2582 2584
f 2586 2585 2587
f 2588 2585 2586
f 2589 2588 2586
f 2590 2589 2586
f 2591 2589 2590
f 2592 2591 2590
f 2593 2592 2590
f 2594 2592 2593
f 2595 2594 2593
f 2596 2594 2595
f 2597 2596 2595
f 2598 2596 2597
f 2599 2596 2598
f 2600 2599 2598
f 2601 2600 2598
f 2602 2600 2601
f 2603 2602 2601
f 2604 2603 2601
f 2605 2604 2601
f 2606 2604 2605
f 2607 2606 2605
f 2608 2607 2605
f 2609 2607 2608
f 2610 2607 2609
f 2611 2610 2609
f 2612 2610 2611
f 2613 2612 2611
f 2614 2613 2611
f 2615 2613 2614
f 2616 2617 2618
f 2619 2616 2618
f 2620 2621 2622
f 2623 2620 2622
f 2624 2620 2623
f 2625 2624 2623
f 2626 2625 2623
f 2627 2624 2625
f 2628 2627 2625
f 2629 2627 2628
f 2630 2629 2628
f 2631 2629 2630
f 2632 2631 2630
f 2633 2631 2632
f 2634 2633 2632
f 2635 2634 2632
f 2636 2634 2635
f 2637 2634 2636
f 2638 2637 2636
f 2639 2637 2638
f 2640 2639 2638
f 2641 2640 2638
f 2642 2640 2641
f 2643 2639 2640
f 2644 2639 2643
f 2645 2644 2643
f 2646 2645 2643
f 2647 2645 2646
f 2648 2647 2646
f 2649 2648 2646
f 2650 2649 2646
f 2651 2648 2649
f 2647 2648 2651
f 2652 2645 2647
f 2653 2652 2647
f 2654 2652 2653
f 2655 2654 2656
f 2657 2654 2655
f 2658 2657 2655
f 2659 2657 2658
f 2660 2659 2658
f 2661 2660 2658
f 2662 2659 2660
f 2663 2662 2660
f 2664 2662 2663
f 2665 2662 2664
f 2666 2665 2664
f 2667 2666 2664
f 2668 2666 2667
f 2669 2668 2667
f 2670 2668 2669
f 2671 2668 2670
f 2672 2668 2671
f 2673 2672 2671
f 2674 2673 2671
f 2675 2673 2674
f 2676 2672 2673
f 2666 2668 2672
f 2665 2666 2672
f 2676 2665 2672
f 2659 2662 2665
f 2676 2659 2665
f 2657 2659 2676
f 2673 2657 2676
f 2675 2657 2673
f 2654 2657 2675
f 2652 2654 2675
f 2674 2652 2675
f 2645 2652 2674
f 2644 2645 2674
f 2671 2644 2674
f 2670 2644 2671
f 2639 2644 2670
f 2637 2639 2670
f 2669 2637 2670
f 2634 2637 2669
f 2633 2634 2669
f 2667 2633 2669
f 2631 2633 2667
f 2664 2631 2667
f 2663 2631 2664
f 2629 2631 2663
f 2677 2629 2663
f 2627 2629 2677
f 2678 2627 2677
f 2679 2678 2677
f 2680 2678 2679
f 2624 2627 2678
f 2680 2624 2678
f 2620 2624 2680
f 2619 2621 2620
f 2680 2619 2620
f 2679 2619 2680
f 2616 2619 2679
f 2681 2596 2599
f 2682 2681 2599
f 2683 2681 2682
f 2684 2683 2682
f 2685 2684 2682
f 2686 2684 2685
f 2687 2686 2685
f 2688 2686 2687
f 2689 2686 2688
f 2690 2689 2688
f 2691 2689 2690
f 2692 2693 2694
f 2695 2692 2694
f 2696 2695 2694
f 2697 2696 2694
f 2698 2695 2696
f 2699 2698 2696
f 2700 2699 2696
f 2701 2699 2700
f 2702 2701 2700
f 2703 2701 2702
f 2704 2701 2703
f 2705 2704 2703
f 2706 2704 2705
f 2707 2704 2706
f 2708 2707 2706
f 2709 2708 2706
f 2710 2708 2709
f 2711 2710 2709
f 2712 2711 2709
f 2713 2711 2712
f 2714 2713 2712
f 2715 2714 2712
f 2716 2714 2715
f 2717 2716 2715
f 2718 2716 2717
f 2719 2718 2717
f 2720 2718 2719
f 2721 2720 2719
f 2722 2721 2719
f 2723 2720 2721
f 2724 2720 2723
f 2725 2724 2723
f 2726 2725 2723
f 2727 2726 2723
f 2728 2727 2723
f 2729 2726 2727
f 2730 2729 2727
f 2731 2729 2730
f 2732 2731 2730
f 2733 2731 2732
f 2734 2729 2731
f 2735 2734 2731
f 2733 2735 2731
f 2736 2735 2733
f 2737 2736 2733
f 2732 2737 2733
f 2738 2736 2737
f 2739 2738 2737
f 2740 2738 2739
f 2741 2740 2739
f 2742 2740 2741
f 2743 2740 2742
f 2744 2743 2742
f 2745 2744 2742
f 2746 2745 2742
f 2747 2745 2746
f 2748 2747 2746
f 2749 2748 2746
f 2750 2749 2746
f 2751 2749 2750
f 2752 2751 2750
f 2753 2751 2752
f 2754 2753 2752
f 2755 2756 2754
f 2757 2756 2755
f 2758 2757 2755
f 2759 2757 2758
f 2760 2761 2762
f 2763 2760 2762
f 2764 2760 2763
f 2765 2760 2764
f 2766 2760 2765
f 2767 2766 2765
f 2768 2766 2767
f 2769 2768 2767
f 2770 2768 2769
f 2771 2768 2770
f 2772 2771 2770
f 2773 2772 2770
f 2774 2775 2776
f 2777 2774 2776
f 2778 2774 2777
f 2779 2774 2778
f 2780 2774 2779
f 2781 2780 2779
f 2782 2781 2779
f 2783 2781 2782
f 2784 2783 2782
f 2785 2784 2782
f 2786 2784 2785
f 2787 2784 2786
f 2788 2787 2786
f 2789 2788 2786
f 2790 2788 2789
f 2791 2790 2789
f 2792 2790 2791
f 2793 2790 2792
f 2794 2793 2792
f 2795 2794 2792
f 2791 2795 2792
f 2796 2794 2795
f 2797 2796 2795
f 2798 2796 2797
f 2799 2798 2797
f 2800 2799 2797
f 2801 2799 2800
f 2802 2799 2801
f 2803 2799 2802
f 2804 2803 2802
f 2805 2803 2804
f 2806 2805 2804
f 2807 2806 2804
f 2808 2807 2804
f 2809 2807 2808
f 2810 2807 2809
f 2811 2810 2809
f 2812 2810 2811
f 2813 2812 2811
f 2814 2812 2813
f 2815 2814 2813
f 2816 2814 2815
f 2817 2816 2815
f 2818 2817 2815
f 2819 2817 2818
f 2820 2819 2818
f 2821 2819 2820
f 2822 2823 2824
f 2825 2822 2824
f 2826 2822 2825
f 2827 2826 2825
f 2828 2826 2827
f 2829 2828 2827
f 2830 2829 2827
f 2831 2829 2830
f 2832 2831 2830
f 2833 2832 2830
f 2834 2832 2833
f 2835 2834 2833
f 2836 2834 2835
f 2837 2834 2836
f 2838 2834 2837
f 2839 2838 2837
f 2840 2838 2839
f 2841 2840 2839
f 2842 2841 2839
f 2843 2841 2842
f 2844 2845 2846
f 2847 2845 2844
f 2848 2849 2847
f 2850 2849 2848
f 2851 2850 2848
f 2852 2851 2848
f 2853 2851 2852
f 2854 2851 2853
f 2855 2854 2853
f 2850 2851 2854
f 2856 2850 2854
f 2857 2856 2854
f 2858 2857 2854
f 2855 2858 2854
f 2859 2857 2858
f 2860 2859 2858
f 2861 2859 2860
f 2862 2859 2861
f 2863 2862 2861
f 2864 2863 2861
f 2865 2863 2864
f 2866 2865 2864
f 2867 2866 2864
f 2868 2866 2867
f 2869 2868 2867
f 2870 2868 2869
f 2871 2868 2870
f 2866 2868 2871
f 2872 2866 2871
f 2873 2872 2871
f 2874 2873 2871
f 2870 2874 2871
f 2875 2874 2870
f 2876 2875 2870
f 2877 2876 2870
f 2878 2876 2877
f 2879 2876 2878
f 2880 2879 2878
f 2881 2882 2883
f 2884 2881 2883
f 2885 2881 2884
f 2886 2885 2884
f 2887 2885 2886
f 2888 2887 2886
f 2889 2887 2888
f 2890 2889 2888
f 2891 2890 2888
f 2892 2890 2891
f 2893 2892 2891
f 2888 2893 2891
f 2894 2892 2893
f 2895 2892 2894
f 2896 2895 2894
f 2897 2896 2894
f 2898 2896 2897
f 2899 2896 2898
f 2900 2899 2898
f 2901 2900 2898
f 2902 2900 2901
f 2903 2902 2901
f 2904 2902 2903
f 2905 2904 2903
f 2906 2904 2905
f 2907 2906 2905
f 2908 2906 2907
f 2909 2906 2908
f 2910 2909 2908
f 2911 2910 2908
f 2912 2910 2911
f 2913 2912 2911
f 2914 2912 2913
f 2915 2914 2913
f 2916 2915 2913
f 2917 2915 2916
f 2918 2915 2917
f 2919 2918 2917
f 2920 2918 2919
f 2921 2920 2919
f 2922 2920 2921
f 2923 2922 2921
f 2924 2923 2921
f 2925 2923 2924
f 2926 2925 2924
f 2927 2925 2926
f 2928 2927 2926
f 2929 2927 2928
f 2930 2929 2928
f 2931 2929 2930
f 2932 2931 2930
f 2933 2931 2932
f 2934 2933 2932
f 2935 2933 2934
f 2936 2937 2938
f 2939 2936 2938
f 2940 2936 2939
f 2941 2940 2939
f 2942 2941 2939
f 2943 2941 2942
f 2944 2943 2942
f 2945 2943 2944
f 2946 2945 2944
f 2947 2945 2946
f 2948 2947 2946
f 2949 2948 2946
f 2950 2947 2948
f 2951 2950 2948
f 2952 2951 2948
f 2953 2951 2952
f 2954 2953 2952
f 2955 2954 2952
f 2956 2955 2952
f 2957 2955 2956
f 2958 2954 2955
f 2959 2954 2958
f 2960 2959 2958
f 2961 2959 2960
f 2962 2961 2960
f 2963 2961 2962
f 2964 2963 2962
f 2965 2966 2967
f 2968 2966 2965
f 2969 2968 2965
f 2970 2968 2969
f 2971 2970 2969
f 2972 2970 2971
f 2973 2970 2972
f 2974 2973 2972
f 2975 2974 2972
f 2976 2974 2975
f 2977 2976 2975
f 2978 2976 2977
f 2979 2976 2978
f 2980 2979 2978
f 2981 2980 2978
f 2982 2980 2981
f 2983 2982 2981
f 2984 2983 2981
f 2985 2983 2984
f 2986 2985 2984
f 2987 2986 2984
f 2988 2986 2987
f 2989 2986 2988
f 2990 2989 2988
f 2991 2989 2990
f 2992 2993 2994
f 2995 2993 2992
f 2996 2995 2992
f 2997 2996 2992
f 2998 2996 2997
f 2999 2996 2998
f 3000 2999 2998
f 3001 2999 3000
f 3002 3001 3000
f 3003 3001 3002
f 3004 3003 3002
f 3005 3004 3002
f 3006 3004 3005
f 3007 3006 3005
f 3008 3006 3007
f 3009 3004 3006
f 3008 3009 3006
f 3010 3004 3009
f 3011 3010 3009
f 3012 3011 3009
f 3013 3012 3009
f 3008 3013 3009
f 3014 3013 3008
f 3015 3013 3014
f 3016 3013 3015
f 3017 3016 3015
f 3018 3017 3015
f 3019 3018 3015
f 3020 3018 3019
f 3021 3020 3019
f 3022 3020 3021
f 3023 3022 3021
f 3024 3023 3021
f 3025 3023 3024
f 3026 3023 3025
f 3027 3023 3026
f 3028 3027 3026
f 3029 3028 3026
f 3030 3029 3026
f 3031 3029 3030
f 3032 3029 3031
f 3033 3032 3031
f 3034 3033 3031
f 3035 3033 3034
f 3036 3035 3034
f 3037 3035 3036
f 3038 3037 3036
f 3039 3038 3036
f 3040 3038 3039
f 3041 3040 3039
f 3042 3040 3041
f 3043 3040 3042
f 3044 3043 3042
f 3045 3043 3044
f 3046 3045 3044
f 3047 3046 3044
f 3048 3047 3044
f 3049 3047 3048
f 3050 3047 3049
f 3051 3050 3049
f 3052 3051 3049
f 3053 3052 3049
f 3054 3053 3049
f 3048 3054 3049
f 3055 3053 3054
f 3056 3055 3054
f 3057 3055 3056
f 3058 3057 3056
f 3059 3057 3058
f 3060 3059 3058
f 3061 3059 3060
f 3062 3059 3061
f 3063 3062 3061
f 3064 3063 3061
f 3065 3063 3064
f 3066 3065 3064
f 3067 3065 3066
f 3068 3067 3066
f 3069 3067 3068
f 3070 3071 3072
f 3073 3070 3072
f 3074 3073 3072
f 3075 3073 3074
f 3076 3073 3075
f 3077 3073 3076
f 3078 3077 3076
f 3079 3077 3078
f 3080 3079 3078
f 3081 3079 3080
f 3082 3081 3080
f 3083 3081 3082
f 3084 3079 3081
f 3085 3084 3081
f 3086 3085 3081
f 3087 3085 3086
f 3088 3087 3086
f 3089 3088 3086
f 3090 3091 3088
f 3089 3090 3088
f 3092 3090 3089
f 3093 3092 3089
f 3094 3092 3093
f 3095 3094 3093
f 3096 3094 3095
f 3097 3090 3092
f 3094 3097 3092
f 3096 3097 3094
f 3098 3097 3096
f 3099 3098 3096
f 3100 3098 3099
f 3101 3098 3100
f 3102 3101 3100
f 3103 3101 3102
f 3104 3103 3102
f 3105 3104 3102
f 3106 3107 3108
f 3109 3106 3108
f 3110 3109 3108
f 3111 3110 3112
f 3113 3111 3112
f 3114 3111 3113
f 3115 3111 3114
f 3116 3115 3114
f 3117 3116 3114
f 3118 3116 3117
f 3119 3118 3117
f 3120 3118 3119
f 3121 3118 3120
f 3122 3121 3120
f 3123 3121 3122
f 3124 3123 3122
f 3125 3124 3122
f 3126 3124 3125
f 3127 3126 3125
f 3128 3126 3127
f 3129 3126 3128
f 3130 3129 3128
f 3131 3130 3128
f 3132 3133 3134
f 3135 3132 3134
f 3136 3132 3135
f 3137 3136 3135
f 3138 3137 3135
f 3139 3137 3138
f 3140 3139 3138
f 3141 3140 3138
f 3142 3140 3141
f 3143 3142 3141
f 3144 3143 3141
f 3145 3142 3143
f 3146 3145 3143
f 3144 3146 3143
f 3147 3146 3144
f 3148 3146 3147
f 3149 3148 3147
f 3150 3148 3149
f 3151 3150 3149
f 3152 3150 3151
f 3153 3152 3151
f 3154 3153 3151
f 3155 3154 3151
f 3156 3155 3151
f 3157 3156 3151
f 3149 3157 3151
f 3158 3156 3157
f 3159 3158 3157
f 3160 3158 3159
f 3161 3158 3160
f 3162 3161 3160
f 3163 3161 3162
f 3164 3163 3162
f 3165 3163 3164
f 3166 3163 3165
f 3167 3166 3165
f 3168 3167 3165
f 3169 3168 3165
f 3164 3169 3165
f 3170 3168 3169
f 3171 3168 3170
f 3172 3171 3170
f 3173 3171 3172
f 3174 3173 3172
f 3175 3173 3174
f 3176 3175 3174
f 3177 3175 3176
f 3178 3177 3176
f 3179 3177 3178
f 3180 3179 3178
f 3181 3180 3178
f 3182 3180 3181
f 3183 3182 3181
f 3184 3183 3181
f 3185 3184 3181
f 3186 3184 3185
f 3187 3184 3186
f 3188 3184 3187
f 3189 3188 3187
f 3190 3189 3187
f 3191 3190 3187
f 3192 3190 3191
f 3193 3192 3191
f 3194 3193 3191
f 3195 3193 3194
f 3196 3193 3195
f 3197 3193 3196
f 3198 3197 3196
f 3199 3197 3198
f 3200 3199 3198
f 3201 3200 3198
f 3202 3200 3201
f 3203 3202 3201
f 3204 3202 3203
f 3205 3204 3203
f 3206 3204 3205
f 3207 3204 3206
f 3208 3207 3206
f 3209 3208 3206
f 3210 3208 3209
f 3211 3210 3209
f 3212 3211 3209
f 3213 3212 3209
f 3214 3212 3213
f 3215 3214 3213
f 3216 3214 3215
f 3217 3216 3215
f 3218 3217 3215
f 3219 3217 3218
f 3220 3217 3219
f 3221 3217 3220
f 3222 3221 3220
f 3223 3222 3220
f 3224 3222 3223
f 3225 3224 3223
f 3226 3225 3223
f 3227 3225 3226
f 3228 3225 3227
f 3229 3228 3227
f 3230 3229 3227
f 3231 3229 3230
f 3232 3231 3230
f 3233 3231 3232
f 3234 3233 3232
f 3235 3233 3234
f 3236 3235 3234
f 3232 3236 3234
f 3237 3235 3236
f 3238 3237 3236
f 3239 3237 3238
f 3240 3237 3239
f 3241 3237 3240
f 3242 3241 3240
f 3243 3242 3240
f 3244 3243 3240
f 3245 3244 3240
f 3246 3244 3245
f 3243 3244 3246
f 3247 3248 3249
f 3250 3247 3249
f 3251 3250 3252
f 3253 3251 3252
f 3254 3255 3256
f 3257 3254 3256
f 3258 3259 3260
f 3261 3259 3258
f 3262 3259 3261
f 3258 3262 3261
f 3263 3259 3262
f 3264 3263 3262
f 3265 3266 3267
f 3268 3265 3267
f 3269 3266 3265
f 3270 3269 3265
f 3271 3269 3270
f 3272 3271 3270
f 3273 3271 3272
f 3274 3273 3272
f 3275 3274 3272
f 3276 3274 3275
f 3277 3274 3276
f 3278 3279 3280
f 3281 3279 3278
f 3282 3281 3278
f 3283 3282 3278
f 3284 3282 3283
f 3285 3284 3283
f 3286 3284 3285
f 3287 3286 3285
f 3288 3287 3285
f 3289 3286 3287
f 3290 3289 3287
f 3291 3289 3290
f 3292 3291 3290
f 3293 3291 3292
f 3294 3291 3293
f 3295 3294 3293
f 3296 3295 3293
f 3297 3296 3293
f 3298 3297 3293
f 3299 3298 3293
f 3292 3299 3293
f 3300 3298 3299
f 3301 3300 3299
f 3302 3300 3301
f 3303 3302 3301
f 3304 3302 3303
f 3305 3304 3303
f 3306 3305 3303
f 3307 3305 3306
f 3308 3305 3307
f 3309 3308 3307
f 3310 3309 3307
f 3311 3309 3310
f 3312 3311 3310
f 3313 3312 3310
f 3314 3311 3312
f 3315 3316 3317
f 3318 3315 3317
f 3319 3315 3318
f 3320 3319 3318
f 3321 3320 3318
f 3322 3321 3318
f 3323 3321 3322
f 3324 3323 3322
f 3325 3323 3324
f 3326 3325 3324
f 3327 3326 3324
f 3328 3326 3327
f 3329 3328 3327
f 3330 3328 3329
f 3331 3332 3333
f 3334 3331 3333
f 3335 3331 3334
f 3336 3331 3335
f 3337 3336 3335
f 3338 3337 3335
f 3339 3337 3338
f 3340 3337 3339
f 3341 3340 3339
f 3342 3341 3339
f 3343 3341 3342
f 3344 3343 3342
f 3345 3343 3344
f 3346 3345 3344
f 3347 3345 3346
f 3348 3347 3346
f 3349 3347 3348
f 3350 3349 3348
f 3351 3347 3349
f 3352 3351 3349
f 3353 3352 3349
f 3350 3353 3349
f 3354 3353 3350
f 3355 3354 3350
f 3356 3354 3355
f 3357 3356 3355
f 3358 3354 3356
f 3359 3354 3358
f 3360 3359 3358
f 3361 3360 3358
f 3362 3360 3361
f 3363 3362 3361
f 3364 3360 3362
f 3365 3364 3366
f 3367 3365 3366
f 3368 3369 3370
f 3371 3368 3370
f 3372 3368 3371
f 3373 3372 3371
f 3374 3372 3373
f 3375 3372 3374
f 3376 3375 3374
f 3377 3376 3374
f 3378 3376 3377
f 3379 3376 3378
f 3380 3379 3378
f 3381 3382 3383
f 3384 3382 3381
f 3385 3386 3387
f 3388 3385 3387
f 3389 3385 3388
f 3390 3389 3388
f 3391 3389 3390
f 3392 3389 3391
f 3393 3392 3391
f 3394 3393 3391
f 3395 3393 3394
f 3396 3395 3394
f 3397 3395 3396
f 3398 3395 3397
f 3399 3398 3397
f 3400 3399 3397
f 3401 3399 3400
f 3402 3401 3400
f 3403 3402 3400
f 3404 3402 3403
f 3405 3402 3404
f 3406 3405 3404
f 3407 3405 3406
f 3408 3407 3406
f 3409 3408 3406
f 3410 3408 3409
f 3411 3410 3409
f 3412 3411 3409
f 3413 3411 3412
f 3414 3411 3413
f 3415 3414 3413
f 3416 3415 3413
f 3417 3415 3416
f 3418 3417 3416
f 3419 3415 3417
f 3420 3419 3417
f 3421 3419 3420
f 3422 3419 3421
f 3423 3422 3421
f 3424 3423 3421
f 3425 3424 3421
f 3426 3423 3424
f 3427 3423 3426
f 3428 3427 3426
f 3429 3428 3426
f 3430 3429 3426
f 3424 3430 3426
f 3431 3429 3430
f 3432 3431 3430
f 3433 3431 3432
f 3434 3433 3432
f 3435 3433 3434
f 3436 3433 3435
f 3437 3433 3436
f 3438 3437 3436
f 3439 3437 3438
f 3440 3439 3438
f 3441 3440 3438
f 3442 3440 3441
f 3443 3440 3442
f 3444 3443 3442
f 3445 3444 3442
f 3446 3444 3445
f 3447 3444 3446
f 3448 3447 3446
f 3449 3447 3448
f 3450 3449 3448
f 3451 3444 3447
f 3443 3444 3451
f 3452 3443 3451
f 3453 3443 3452
f 3454 3453 3452
f 3455 3453 3454
f 3456 3455 3454
f 3457 3455 3456
f 3458 3457 3456
f 3459 3457 3458
f 3460 3459 3458
f 3461 3459 3460
f 3462 3461 3460
f 3463 3462 3460
f 3464 3465 3466
f 3467 3464 3466
f 3468 3467 3469
f 3470 3467 3468
f 3471 3470 3468
f 3472 3470 3471
f 3473 3472 3471
f 3474 3472 3473
f 3475 3474 3473
f 3476 3474 3475
f 3477 3476 3475
f 3478 3476 3477
f 3479 3476 3478
f 3480 3479 3478
f 3481 3479 3480
f 3478 3482 3480
f 3483 3484 3485
f 3486 3483 3485
f 3487 3486 3485
f 3488 3486 3487
f 3489 3486 3488
f 3490 3489 3488
f 3491 3489 3490
f 3492 3489 3491
f 3493 3494 3495
f 3496 3494 3493
f 3497 3498 3499
f 3500 3498 3497
f 3501 3500 3497
f 3502 3500 3501
f 3503 3502 3501
f 3504 3502 3503
f 3505 3502 3504
f 3506 3505 3504
f 3507 3506 3504
f 3508 3506 3507
f 3509 3506 3508
f 3510 3509 3508
f 3511 3510 3508
f 3512 3511 3508
f 3513 3511 3512
f 3514 3511 3513
f 3515 3514 3513
f 3516 3515 3513
f 3517 3516 3513
f 3518 3517 3513
f 3519 3517 3518
f 3520 3517 3519
f 3521 3520 3519
f 3522 3521 3519
f 3523 3522 3519
f 3524 3522 3523
f 3525 3522 3524
f 3526 3525 3524
f 3527 3525 3526
f 3528 3527 3526
f 3529 3528 3526
f 3530 3528 3529
f 3531 3528 3530
f 3532 3528 3531
f 3533 3532 3531
f 3534 3533 3531
f 3535 3533 3534
f 3536 3535 3534
f 3537 3535 3536
f 3538 3535 3537
f 3539 3538 3537
f 3540 3539 3537
f 3541 3540 3537
f 3542 3540 3541
f 3543 3542 3541
f 3544 3542 3543
f 3545 3544 3543
f 3546 3547 3548
f 3549 3547 3546
f 3550 3549 3546
f 3551 3549 3550
f 3552 3551 3550
f 3553 3552 3550
f 3554 3549 3551
f 3555 3554 3551
f 3556 3554 3555
f 3557 3556 3555
f 3558 3557 3555
f 3559 3557 3558
f 3560 3557 3559
f 3561 3560 3559
f 3562 3561 3559
f 3563 3561 3562
f 3564 3563 3562
f 3565 3563 3564
f 3566 3565 3564
f 3567 3565 3566
f 3568 3567 3566
f 3569 3568 3566
f 3570 3569 3566
f 3571 3570 3566
f 3564 3571 3566
f 3572 3570 3571
f 3573 3570 3572
f 3574 3573 3572
f 3575 3569 3570
f 3576 3569 3575
f 3577 3576 3575
f 3578 3576 3577
f 3579 3578 3577
f 3580 3576 3578
f 3581 3580 3578
f 3582 3580 3581
f 3583 3582 3581
f 3584 3583 3581
f 3585 3583 3584
f 3586 3585 3584
f 3587 3585 3586
f 3588 3587 3586
f 3589 3585 3587
f 3590 3589 3587
f 3591 3589 3590
f 3592 3591 3590
f 3593 3591 3592
f 3594 3591 3593
f 3595 3591 3594
f 3596 3595 3594
f 3593 3596 3594
f 3597 3596 3593
f 3598 3596 3597
f 3599 3598 3597
f 3600 3599 3597
f 3601 3600 3597
f 3593 3601 3597
f 3602 3601 3593
f 3592 3602 3593
f 3603 3602 3592
f 3604 3602 3603
f 3605 3606 3607
f 3608 3605 3607
f 3609 3605 3608
f 3610 3605 3609
f 3611 3610 3609
f 3612 3611 3609
f 3613 3611 3612
f 3614 3613 3612
f 3615 3613 3614
f 3616 3613 3615
f 3617 3616 3615
f 3618 3617 3615
f 3619 3617 3618
f 3620 3619 3618
f 3621 3619 3620
f 3622 3621 3620
f 3623 3621 3622
f 3624 3623 3622
f 3625 3623 3624
f 3626 3625 3624
f 3627 3626 3624
f 3628 3627 3624
f 3622 3628 3624
f 3629 3628 3622
f 3630 3627 3628
f 3631 3627 3630
f 3632 3631 3630
f 3633 3632 3630
f 3634 3633 3630
f 3635 3633 3634
f 3636 3635 3634
f 3637 3635 3636
f 3638 3635 3637
f 3639 3638 3637
f 3640 3639 3637
f 3641 3640 3637
f 3642 3640 3641
f 3643 3639 3640
f 3644 3639 3643
f 3645 3644 3643
f 3646 3644 3645
f 3647 3646 3645
f 3648 3647 3645
f 3649 3648 3645
f 3650 3647 3648
f 3651 3650 3648
f 3652 3650 3651
f 3653 3652 3651
f 3654 3653 3651
f 3655 3654 3651
f 3656 3653 3654
f 3657 3653 3656
f 3658 3657 3656
f 3659 3657 3658
f 3660 3657 3659
f 3661 3660 3659
f 3662 3661 3659
f 3663 3661 3662
f 3664 3663 3662
f 3665 3663 3664
f 3666 3665 3664
f 3667 3666 3664
f 3668 3667 3664
f 3669 3670 3671
f 3672 3670 3669
f 3673 3672 3669
f 3674 3672 3673
f 3675 3672 3674
f 3676 3675 3674
f 3677 3675 3676
f 3678 3677 3676
f 3679 3677 3678
f 3680 3679 3678
f 3681 3679 3680
f 3682 3681 3680
f 3683 3684 3685
f 3686 3684 3683
f 3687 3686 3683
f 3688 3686 3687
f 3689 3686 3688
f 3690 3689 3688
f 3691 3692 3693
f 3694 3691 3693
f 3695 3691 3694
f 3696 3695 3694
f 3697 3691 3695
f 3698 3697 3695
f 3699 3697 3698
f 3700 3699 3698
f 3701 3700 3698
f 3702 3701 3698
f 3703 3701 3702
f 3704 3703 3702
f 3705 3703 3704
f 3706 3705 3704
f 3707 3705 3706
f 3708 3707 3706
f 3709 3707 3708
f 3710 3709 3708
f 3711 3710 3708
f 3712 3710 3711
f 3713 3712 3711
f 3714 3713 3711
f 3715 3712 3713
f 3716 3712 3715
f 3717 3716 3715
f 3718 3717 3715
f 3719 3720 3721
f 3722 3720 3719
f 3723 3724 3725
f 3726 3724 3723
f 3727 3728 3729
f 3730 3728 3727
f 3731 3730 3727
f 3732 3730 3731
f 3733 3732 3731
f 3734 3733 3731
f 3735 3733 3734
f 3736 3733 3735
f 3737 3736 3735
f 3738 3736 3737
f 3739 3738 3737
f 3740 3738 3739
f 3741 3738 3740
f 3742 3743 3744
f 3745 3743 3742
f 3746 3745 3742
f 3747 3746 3742
f 3748 3747 3742
f 3749 3748 3742
f 3750 3748 3749
f 3751 3748 3750
f 3752 3748 3751
f 3753 3752 3751
f 3754 3753 3751
f 3755 3753 3754
f 3756 3753 3755
f 3757 3756 3755
f 3758 3757 3755
f 3759 3757 3758
f 3760 3757 3759
f 3761 3760 3759
f 3762 3761 3759
f 3763 3761 3762
f 3764 3763 3762
f 3765 3763 3764
f 3766 3765 3764
f 3767 3765 3766
f 3768 3767 3766
f 3769 3768 3766
f 3770 3768 3769
f 3771 3770 3769
f 3772 3771 3769
f 3773 3771 3772
f 3774 3771 3773
f 3775 3774 3773
f 3776 3775 3773
f 3777 3775 3776
f 3778 3777 3776
f 3773 3778 3776
f 3779 3775 3777
f 3780 3775 3779
f 3781 3780 3779
f 3782 3781 3779
f 3783 3782 3779
f 3777 3783 3779
f 3784 3782 3783
f 3785 3784 3783
f 3786 3784 3785
f 3787 3786 3785
f 3788 3786 3787
f 3789 3790 3791
f 3792 3790 3789
f 3793 3792 3789
f 3794 3792 3793
f 3795 3794 3793
f 3796 3795 3793
f 3797 3796 3793
f 3798 3797 3793
f 3799 3797 3798
f 3800 3799 3798
f 3801 3799 3800
f 3802 3801 3800
f 3803 3802 3800
f 3804 3802 3803
f 3805 3802 3804
f 3806 3805 3804
f 3807 3806 3804
f 3808 3806 3807
f 3809 3808 3807
f 3810 3808 3809
f 3811 3808 3810
f 3812 3811 3810
f 3813 3812 3810
f 3814 3812 3813
f 3815 3812 3814
f 3816 3815 3814
f 3817 3816 3814
f 3818 3816 3817
f 3819 3818 3817
f 3820 3819 3817
f 3821 3818 3819
f 3822 3821 3819
f 3823 3821 3822
f 3824 3825 3826
f 3827 3824 3826
f 3828 3829 3830
f 3831 3829 3828
f 3832 3833 3831
f 3834 3835 3836
f 3837 3834 3836
f 3838 3834 3837
f 3839 3838 3837
f 3840 3839 3837
f 3841 3839 3840
f 3842 3838 3839
f 3843 3842 3839
f 3844 3843 3839
f 3845 3842 3843
f 3846 3845 3843
f 3847 3845 3846
f 3848 3847 3846
f 3849 3848 3846
f 3850 3849 3846
f 3851 3848 3849
f 3852 3848 3851
f 3853 3852 3851
f 3854 3852 3853
f 3855 3854 3853
f 3856 3854 3855
f 3857 3854 3856
f 3858 3857 3856
f 3859 3858 3856
f 3860 3858 3859
f 3861 3860 3859
f 3862 3861 3859
f 3863 3861 3862
f 3864 3861 3863
f 3865 3864 3863
f 3866 3865 3863
f 3867 3865 3866
f 3868 3865 3867
f 3864 3865 3868
f 3869 3864 3868
f 3870 3864 3869
f 3871 3870 3869
f 3872 3870 3871
f 3873 3872 3871
f 3874 3873 3871
f 3875 3874 3871
f 3869 3875 3871
f 3876 3874 3875
f 3877 3874 3876
f 3878 3877 3876
f 3879 3877 3878
f 3880 3879 3878
f 3881 3879 3880
f 3882 3881 3880
f 3883 3881 3882
f 3884 3883 3882
f 3885 3884 3882
f 3886 3883 3884
f 3887 3883 3886
f 3888 3887 3886
f 3889 3888 3886
f 3890 3888 3889
f 3891 3890 3889
f 3892 3891 3889
f 3893 3891 3892
f 3894 3891 3893
f 3895 3894 3893
f 3896 3895 3897
f 3898 3896 3897
f 3899 3896 3898
f 3900 3899 3898
f 3901 3899 3900
f 3902 3901 3900
f 3903 3904 3905
f 3906 3903 3905
f 3907 3903 3906
f 3908 3903 3907
f 3909 3908 3907
f 3910 3909 3907
f 3911 3908 3909
f 3912 3911 3909
f 3913 3911 3912
f 3914 3911 3913
f 3915 3914 3913
f 3916 3914 3915
f 3917 3916 3915
f 3918 3916 3917
f 3919 3918 3917
f 3920 3919 3917
f 3921 3919 3920
f 3922 3921 3920
f 3923 3921 3922
f 3924 3921 3923
f 3925 3924 3923
f 3926 3925 3923
f 3927 3925 3926
f 3928 3927 3926
f 3929 3927 3928
f 3930 3927 3929
f 3931 3930 3929
f 3932 3930 3931
f 3933 3932 3931
f 3934 3933 3931
f 3935 3933 3934
f 3936 3935 3934
f 3937 3938 3939
f 3940 3938 3937
f 3941 3940 3937
f 3942 3941 3937
f 3943 3942 3937
f 3939 3943 3937
f 3944 3943 3939
f 3945 3943 3944
f 3946 3943 3945
f 3947 3946 3945
f 3948 3947 3945
f 3949 3948 3945
f 3950 3949 3945
f 3951 3949 3950
f 3952 3951 3950
f 3953 3951 3952
f 3954 3953 3952
f 3955 3954 3952
f 3956 3953 3954
f 3957 3956 3954
f 3958 3956 3957
f 3959 3956 3958
f 3960 3959 3958
f 3961 3960 3958
f 3962 3961 3958
f 3963 3964 3965
f 3966 3964 3963
f 3967 3964 3966
f 3968 3969 3970
f 3971 3969 3968
f 3972 3971 3968
f 3973 3972 3968
f 3974 3972 3973
f 3975 3972 3974
f 3976 3975 3974
f 3977 3975 3976
f 3978 3977 3976
f 3979 3977 3978
f 3980 3979 3978
f 3981 3979 3980
f 3982 3981 3980
f 3983 3981 3982
f 3984 3983 3982
f 3985 3983 3984
f 3986 3983 3985
f 3987 3986 3985
f 3988 3986 3987
f 3989 3988 3987
f 3990 3988 3989
f 3991 3988 3990
f 3986 3988 3991
f 3992 3986 3991
f 3993 3983 3986
f 3992 3993 3986
f 3994 3993 3992
f 3995 3994 3992
f 3996 3995 3992
f 3991 3996 3992
f 3990 3996 3991
f 3997 3996 3990
f 3998 3996 3997
f 3999 3996 3998
f 4000 3999 3998
f 4001 4000 3998
f 4002 4000 4001
f 4003 4000 4002
f 4004 4003 4002
f 4005 4004 4002
f 4001 4005 4002
f 4006 4004 4005
f 4007 4006 4005
f 4008 4007 4005
f 4009 4008 4005
f 4010 4008 4009
f 4011 4008 4010
f 4007 4008 4011
f 4012 4007 4011
f 4013 4012 4011
f 4014 4013 4011
f 4010 4014 4011
f 4015 4014 4010
f 4016 4015 4010
f 4017 4014 4015
f 4018 4017 4015
f 4019 4018 4015
f 4020 4018 4019
f 4021 4020 4019
f 4022 4021 4019
f 4023 4022 4019
f 4024 4020 4021
f 4025 4020 4024
f 4026 4025 4024
f 4027 4025 4026
f 4028 4029 4030
f 4031 4028 4030
f 4032 4031 4030
f 4033 4031 4032
f 4034 4031 4033
f 4035 4031 4034
f 4036 4035 4034
f 4037 4036 4034
f 4038 4037 4034
f 4033 4038 4034
f 4039 4038 4033
f 4040 4038 4039
f 4041 4040 4039
f 4042 4040 4041
f 4043 4042 4041
f 4044 4043 4041
f 4045 4042 4043
f 4046 4045 4043
f 4047 4046 4043
f 4048 4047 4043
f 4049 4047 4048
f 4050 4049 4048
f 4051 4050 4048
f 4052 4049 4050
f 4053 4052 4050
f 4054 4052 4053
f 4055 4054 4053
f 4056 4055 4053
f 4057 4055 4056
f 4058 4057 4056
f 4059 4057 4058
f 4060 4057 4059
f 4061 4057 4060
f 4062 4057 4061
f 4063 4062 4061
f 4064 4063 4061
f 4065 4063 4064
f 4066 4065 4064
f 4067 4066 4064
f 4068 4067 4064
f 4069 4067 4068
f 4070 4069 4068
f 4071 4070 4068
f 4072 4070 4071
f 4073 4069 4070
f 4074 4069 4073
f 4075 4074 4073
f 4076 4074 4075
f 4077 4076 4075
f 4078 4077 4075
f 4079 4077 4078
f 4080 4077 4079
f 4081 4080 4079
f 4082 4081 4079
f 4083 4081 4082
f 4084 4083 4082
f 4085 4083 4084
f 4086 4085 4084
f 4087 4085 4086
f 4088 4087 4086
f 4089 4088 4086
f 4090 4088 4089
f 4091 4088 4090
f 4092 4091 4090
f 4093 4091 4092
f 4094 4095 4096
f 4097 4094 4096
f 4098 4094 4097
f 4099 4098 4097
f 4100 4099 4097
f 4101 4099 4100
f 4102 4101 4100
f 4103 4101 4102
f 4104 4101 4103
f 4105 4101 4104
f 4106 4105 4104
f 4107 4105 4106
f 4108 4107 4106
f 4109 4107 4108
f 4110 4109 4108
f 4111 4110 4108
f 4112 4110 4111
f 4113 4112 4111
f 4114 4112 4113
f 4115 4114 4113
f 4116 4114 4115
f 4117 4114 4116
f 4118 4117 4116
f 4119 4117 4118
f 4120 4117 4119
f 4121 4120 4119
f 4122 4121 4119
f 4123 4121 4122
f 4124 4123 4122
f 4125 4124 4122
f 4126 4124 4125
f 4127 4123 4124
f 4128 4127 4124
f 4129 4128 4124
f 4126 4129 4124
f 4130 4128 4129
f 4131 4130 4129
f 4132 4130 4131
f 4133 4132 4131
f 4134 4132 4133
f 4135 4132 4134
f 4136 4135 4134
f 4137 4135 4136
f 4138 4137 4136
f 4139 4138 4136
f 4140 4138 4139
f 4141 4140 4139
f 4142 4141 4139
f 4143 4141 4142
f 4144 4141 4143
f 4145 4144 4143
f 4146 4145 4143
f 4147 4141 4144
f 4148 4147 4144
f 4149 4147 4148
f 4150 4149 4148
f 4151 4150 4148
f 4152 4150 4151
f 4153 4150 4152
f 4154 4150 4153
f 4155 4154 4153
f 4156 4154 4155
f 4157 4156 4155
f 4158 4157 4155
f 4153 4158 4155
f 4159 4157 4158
f 4160 4159 4158
f 4161 4159 4160
f 4162 4161 4160
f 4163 4162 4160
f 4164 4162 4163
f 4161 4162 4164
f 4165 4161 4164
f 4166 4165 4164
f 4167 4166 4164
f 4168 4166 4167
f 4169 4168 4167
f 4170 4169 4167
f 4171 4169 4170
f 4172 4171 4170
f 4173 4172 4170
f 4174 4175 4176
f 4177 4174 4176
f 4178 4174 4177
f 4179 4178 4177
f 4180 4179 4177
f 4181 4179 4180
f 4182 4179 4181
f 4183 4182 4181
f 4184 4183 4181
f 4185 4183 4184
f 4186 4185 4184
f 4187 4185 4186
f 4188 4187 4186
f 4189 4188 4186
f 4190 4187 4188
f 4191 4187 4190
f 4192 4191 4190
f 4193 4191 4192
f 4194 4193 4192
f 4195 4194 4192
f 4196 4195 4192
f 4197 4195 4196
f 4198 4197 4196
f 4199 4197 4198
f 4200 4199 4198
f 4201 4199 4200
f 4202 4201 4200
f 4203 4201 4202
f 4204 4201 4203
f 4205 4204 4203
f 4206 4205 4203
f 4207 4204 4205
f 4208 4207 4205
f 4209 4208 4205
f 4210 4208 4209
f 4211 4210 4209
f 4212 4211 4209
f 4213 4211 4212
f 4214 4213 4212
f 4215 4214 4212
f 4216 4214 4215
f 4217 4216 4215
f 4218 4217 4215
f 4219 4216 4217
f 4220 4216 4219
f 4221 4220 4219
f 4222 4220 4221
f 4223 4222 4221
f 4224 4223 4221
f 4225 4223 4224
f 4226 4225 4224
f 4227 4226 4224
f 4228 4226 4227
f 4229 4230 4231
f 4232 4230 4229
f 4233 4234 4235
f 4236 4234 4233
f 4237 4236 4233
f 4238 4236 4237
f 4239 4238 4237
f 4240 4238 4239
f 4241 4240 4239
f 4242 4240 4241
f 4243 4242 4241
f 4244 4242 4243
f 4245 4244 4243
f 4243 4246 4245
f 4247 4248 4249
f 4250 4247 4249
f 4251 4252 4253
f 4254 4251 4253
f 4255 4251 4254
f 4256 4255 4254
f 4257 4255 4256
f 4258 4255 4257
f 4259 4258 4257
f 4260 4259 4257
f 4261 4260 4257
f 4262 4260 4261
f 4263 4262 4261
f 4264 4263 4261
f 4265 4263 4264
f 4266 4263 4265
f 4267 4266 4265
f 4268 4267 4265
f 4269 4268 4265
f 4270 4268 4269
f 4271 4267 4268
f 4272 4267 4271
f 4273 4272 4271
f 4274 4273 4271
f 4275 4273 4274
f 4276 4273 4275
f 4277 4276 4275
f 4278 4277 4275
f 4279 4278 4275
f 4280 4278 4279
f 4281 4278 4280
f 4277 4278 4281
f 4282 4283 4281
f 4284 4283 4282
f 4285 4284 4282
f 4286 4285 4282
f 4287 4285 4286
f 4288 4287 4286
f 4289 4285 4287
f 4290 4285 4289
f 4291 4290 4289
f 4292 4290 4291
f 4293 4292 4291
f 4294 4293 4291
f 4295 4293 4294
f 4296 4295 4294
f 4297 4295 4296
f 4298 4297 4296
f 4299 4297 4298
f 4300 4299 4298
f 4301 4299 4300
f 4301 4297 4299
f 4302 4297 4301
f 4303 4302 4301
f 4304 4303 4301
f 4305 4304 4301
f 4306 4304 4305
f 4307 4304 4306
f 4308 4307 4306
f 4309 4308 4306
f 4310 4308 4309
f 4311 4310 4309
f 4312 4311 4309
f 4313 4310 4311
f 4314 4310 4313
f 4315 4314 4313
f 4316 4315 4313
f 4317 4315 4316
f 4318 4315 4317
f 4319 4318 4317
f 4320 4318 4319
f 4321 4318 4320
f 4322 4323 4324
f 4325 4323 4322
f 4326 4323 4325
f 4327 4326 4325
f 4328 4326 4327
f 4329 4328 4327
f 4330 4328 4329
f 4331 4330 4329
f 4332 4333 4334
f 4335 4332 4334
f 4336 4332 4335
f 4337 4336 4335
f 4338 4337 4335
f 4339 4337 4338
f 4340 4339 4338
f 4341 4337 4339
f 4342 4341 4339
f 4343 4342 4339
f 4340 4343 4339
f 4344 4343 4340
f 4345 4343 4344
f 4346 4343 4345
f 4347 4346 4345
f 4348 4346 4347
f 4349 4348 4347
f 4350 4349 4347
f 4351 4349 4350
f 4352 4349 4351
f 4353 4354 4355
f 4356 4353 4355
f 4357 4356 4355
f 4358 4356 4357
f 4359 4358 4357
f 4360 4358 4359
f 4361 4358 4360
f 4362 4361 4360
f 4363 4362 4360
f 4364 4363 4360
f 4365 4363 4364
f 4366 4365 4364
f 4367 4365 4366
f 4368 4367 4366
f 4369 4368 4366
f 4370 4368 4369
f 4371 4368 4370
f 4372 4371 4370
f 4373 4371 4372
f 4374 4373 4372
f 4375 4374 4372
f 4376 4373 4374
f 4377 4376 4374
f 4378 4376 4377
f 4379 4378 4377
f 4380 4379 4377
f 4381 4380 4377
f 4382 4380 4381
f 4383 4382 4381
f 4384 4383 4381
f 4385 4382 4383
f 4386 4382 4385
f 4387 4386 4385
f 4388 4389 4390
f 4391 4389 4388
f 4392 4391 4388
f 4393 4391 4392
f 4394 4393 4392
f 4395 4394 4392
f 4396 4395 4392
f 4397 4395 4396
f 4398 4397 4396
f 4399 4397 4398
f 4400 4399 4398
f 4401 4397 4399
f 4402 4401 4399
f 4400 4402 4399
f 4403 4402 4400
f 4404 4402 4403
f 4405 4404 4403
f 4406 4405 4403
f 4407 4406 4403
f 4408 4406 4407
f 4409 4408 4407
f 4410 4408 4409
f 4411 4410 4409
f 4412 4410 4411
f 4413 4412 4411
f 4414 4412 4413
f 4415 4414 4413
f 4416 4415 4413
f 4417 4414 4415
f 4418 4419 4420
f 4417 4418 4420
f 4415 4418 4417
f 4421 4418 4415
f 4416 4421 4415
f 4422 4418 4421
f 4423 4418 4422
f 4424 4423 4422
f 4425 4423 4424
f 4426 4427 4428
f 4429 4426 4428
f 4430 4426 4429
f 4431 4426 4430
f 4432 4431 4430
f 4433 4432 4430
f 4434 4433 4430
f 4435 4433 4434
f 4436 4433 4435
f 4437 4436 4435
f 4438 4437 4435
f 4439 4437 4438
f 4440 4437 4439
f 4441 4440 4439
f 4442 4441 4439
f 4443 4441 4442
f 4444 4443 4442
f 4445 4443 4444
f 4446 4445 4444
f 4447 4446 4444
f 4448 4446 4447
f 4449 4446 4448
f 4450 4449 4448
f 4451 4450 4448
f 4452 4451 4448
f 4453 4451 4452
f 4454 4453 4452
f 4455 4454 4452
f 4456 4454 4455
f 4457 4454 4456
f 4458 4457 4456
f 4459 4458 4456
f 4460 4458 4459
f 4461 4458 4460
f 4462 4461 4460
f 4463 4462 4460
f 4464 4462 4463
f 4465 4464 4463
f 4466 4464 4465
f 4467 4466 4465
f 4468 4467 4465
f 4469 4467 4468
f 4470 4469 4468
f 4471 4469 4470
f 4472 4473 4474
f 4475 4472 4474
f 4476 4472 4475
f 4477 4476 4475
f 4478 4476 4477
f 4479 4480 4481
f 4482 4480 4479
f 4483 4480 4482
f 4484 4483 4482
f 4485 4483 4484
f 4486 4485 4484
f 4487 4486 4484
f 4488 4486 4487
f 4489 4488 4487
f 4490 4488 4489
f 4491 4488 4490
f 4492 4491 4490
f 4493 4492 4490
f 4494 4492 4493
f 4495 4494 4493
f 4496 4495 4493
f 4497 4496 4493
f 4498 4496 4497
f 4499 4496 4498
f 4500 4499 4498
f 4501 4499 4500
f 4502 4499 4501
f 4503 4502 4501
f 4504 4499 4502
f 4505 4504 4502
f 4503 4505 4502
f 4506 4505 4503
f 4507 4506 4503
f 4508 4506 4507
f 4509 4508 4507
f 4510 4511 4509
f 4507 4510 4509
f 4512 4511 4510
f 4513 4512 4510
f 4514 4513 4510
f 4515 4513 4514
f 4516 4515 4514
f 4517 4516 4514
f 4518 4516 4517
f 4519 4518 4517
f 4520 4519 4517
f 4521 4519 4520
f 4522 4521 4520
f 4523 4521 4522
f 4524 4523 4522
f 4525 4526 4527
f 4528 4526 4525
f 4529 4528 4525
f 4530 4528 4529
f 4531 4530 4529
f 4532 4531 4529
f 4533 4531 4532
f 4534 4533 4532
f 4535 4533 4534
f 4536 4533 4535
f 4537 4536 4535
f 4538 4537 4535
f 4539 4537 4538
f 4540 4537 4539
f 4541 4540 4539
f 4542 4541 4539
f 4543 4541 4542
f 4544 4543 4542
f 4545 4544 4542
f 4546 4544 4545
f 4547 4544 4546
f 4548 4547 4546
f 4549 4548 4546
f 4550 4548 4549
f 4551 4550 4549
f 4552 4553 4554
f 4555 4552 4554
f 4556 4555 4554
f 4557 4556 4554
f 4558 4556 4557
f 4559 4560 4561
f 4562 4559 4561
f 4563 4562 4561
f 4564 4562 4563
f 4565 4562 4564
f 4566 4565 4564
f 4567 4565 4566
f 4568 4567 4566
f 4569 4567 4568
f 4570 4569 4568
f 4571 4567 4569
f 4572 4571 4569
f 4573 4572 4569
f 4570 4573 4569
f 4574 4573 4570
f 4575 4574 4570
f 4576 4574 4575
f 4577 4573 4574
f 4578 4572 4573
f 4577 4578 4573
f 4579 4578 4577
f 4580 4579 4577
f 4581 4580 4577
f 4582 4580 4581
f 4583 4582 4581
f 4584 4582 4583
f 4585 4584 4583
f 4586 4585 4583
f 4587 4584 4585
f 4588 4587 4585
f 4589 4587 4588
f 4590 4587 4589
f 4591 4587 4590
f 4592 4591 4590
f 4593 4592 4590
f 4594 4593 4590
f 4595 4593 4594
f 4596 4593 4595
f 4597 4596 4595
f 4598 4597 4595
f 4599 4597 4598
f 4600 4599 4598
f 4601 4599 4600
f 4602 4601 4600
f 4603 4601 4602
f 4604 4603 4602
f 4605 4604 4602
f 4606 4605 4602
f 4607 4605 4606
f 4608 4605 4607
f 4609 4608 4607
f 4610 4609 4607
f 4611 4610 4607
f 4612 4611 4607
f 4613 4611 4612
f 4614 4613 4612
f 4615 4614 4612
f 4616 4611 4613
f 4617 4616 4613
f 4618 4616 4617
f 4619 4618 4617
f 4620 4618 4619
f 4621 4620 4619
f 4622 4621 4619
f 4623 4621 4622
f 4624 4623 4622
f 4625 4624 4622
f 4626 4624 4625
f 4627 4626 4625
f 4628 4626 4627
f 4629 4628 4627
f 4630 4629 4627
f 4631 4632 4633
f 4634 4632 4631
f 4635 4632 4634
f 4636 4635 4634
f 4637 4636 4634
f 4638 4637 4634
f 4631 4638 4634
f 4639 4637 4638
f 4640 4636 4637
f 4641 4640 4637
f 4642 4640 4641
f 4643 4642 4641
f 4644 4643 4641
f 4645 4643 4644
f 4646 4643 4645
f 4647 4646 4645
f 4648 4647 4645
f 4644 4648 4645
f 4649 4647 4648
f 4650 4649 4648
f 4651 4649 4650
f 4652 4651 4650
f 4653 4652 4650
f 4654 4652 4653
f 4655 4652 4654
f 4656 4655 4654
f 4657 4655 4656
f 4658 4657 4656
f 4659 4658 4656
f 4660 4661 4662
f 4663 4660 4662
f 4664 4660 4663
f 4665 4664 4663
f 4666 4664 4665
f 4667 4664 4666
f 4668 4667 4666
f 4669 4670 4671
f 4672 4669 4671
f 4673 4669 4672
f 4674 4669 4673
f 4675 4674 4673
f 4676 4675 4673
f 4677 4675 4676
f 4678 4677 4676
f 4679 4677 4678
f 4680 4679 4678
f 4681 4679 4680
f 4682 4679 4681
f 4683 4682 4681
f 4684 4683 4681
f 4685 4683 4684
f 4686 4683 4685
f 4687 4686 4685
f 4688 4686 4687
f 4689 4688 4687
f 4690 4689 4687
f 4691 4689 4690
f 4692 4689 4691
f 4693 4692 4691
f 4694 4689 4692
f 4688 4689 4694
f 4695 4688 4694
f 4696 4695 4694
f 4697 4695 4696
f 4698 4695 4697
f 4699 4698 4697
f 4700 4698 4699
f 4701 4698 4700
f 4702 4701 4700
f 4703 4701 4702
f 4695 4698 4701
f 4688 4695 4701
f 4686 4688 4701
f 4703 4686 4701
f 4683 4686 4703
f 4682 4683 4703
f 4702 4682 4703
f 4677 4679 4682
f 4702 4677 4682
f 4675 4677 4702
f 4700 4675 4702
f 4674 4675 4700
f 4699 4674 4700
f 4669 4674 4699
f 4670 4669 4699
f 4697 4670 4699
f 4696 4704 4697
f 4668 4704 4696
f 4694 4668 4696
f 4692 4668 4694
f 4667 4668 4692
f 4693 4667 4692
f 4660 4664 4667
f 4693 4660 4667
f 4661 4660 4693
f 4657 4658 4661
f 4693 4657 4661
f 4691 4657 4693
f 4655 4657 4691
f 4690 4655 4691
f 4652 4655 4690
f 4651 4652 4690
f 4687 4651 4690
f 4685 4651 4687
f 4649 4651 4685
f 4684 4649 4685
f 4647 4649 4684
f 4646 4647 4684
f 4681 4646 4684
f 4680 4646 4681
f 4643 4646 4680
f 4642 4643 4680
f 4678 4642 4680
f 4640 4642 4678
f 4636 4640 4678
f 4676 4636 4678
f 4635 4636 4676
f 4673 4635 4676
f 4672 4635 4673
f 4632 4635 4672
f 4628 4629 4659
f 4656 4628 4659
f 4654 4628 4656
f 4626 4628 4654
f 4653 4626 4654
f 4624 4626 4653
f 4650 4624 4653
f 4648 4624 4650
f 4623 4624 4648
f 4644 4623 4648
f 4621 4623 4644
f 4620 4621 4644
f 4641 4620 4644
f 4637 4620 4641
f 4639 4620 4637
f 4618 4620 4639
f 4705 4618 4639
f 4616 4618 4705
f 4706 4616 4705
f 4707 4616 4706
f 4708 4707 4706
f 4709 4708 4706
f 4710 4708 4709
f 4711 4710 4709
f 4712 4711 4709
f 4713 4714 4715
f 4716 4714 4713
f 4717 4716 4713
f 4718 4716 4717
f 4719 4718 4717
f 4720 4721 4722
f 4723 4720 4722
f 4724 4723 4722
f 4725 4723 4724
f 4726 4723 4725
f 4727 4726 4725
f 4728 4726 4727
f 4729 4728 4727
f 4730 4729 4727
f 4731 4729 4730
f 4732 4731 4730
f 4733 4732 4730
f 4734 4732 4733
f 4735 4734 4733
f 4736 4734 4735
f 4737 4736 4735
f 4738 4736 4737
f 4739 4738 4737
f 4740 4739 4737
f 4741 4739 4740
f 4742 4739 4741
f 4743 4744 4745
f 4746 4744 4743
f 4747 4746 4743
f 4748 4746 4747
f 4749 4748 4747
f 4750 4749 4747
f 4751 4750 4747
f 4752 4750 4751
f 4753 4750 4752
f 4754 4755 4756
f 4757 4754 4756
f 4758 4754 4757
f 4759 4754 4758
f 4760 4759 4758
f 4761 4760 4758
f 4762 4760 4761
f 4763 4760 4762
f 4764 4763 4762
f 4765 4764 4762
f 4766 4765 4762
f 4767 4766 4762
f 4761 4767 4762
f 4768 4766 4767
f 4769 4768 4767
f 4770 4766 4768
f 4771 4770 4768
f 4772 4771 4768
f 4773 4771 4772
f 4774 4773 4772
f 4775 4773 4774
f 4776 4775 4774
f 4777 4776 4774
f 4778 4777 4774
f 4779 4777 4778
f 4780 4777 4779
f 4781 4780 4779
f 4782 4781 4779
f 4783 4781 4782
f 4784 4781 4783
f 4785 4784 4783
f 4786 4785 4787
f 4788 4785 4786
f 4789 4788 4786
f 4790 4788 4789
f 4791 4788 4790
f 4784 4785 4788
f 4791 4784 4788
f 4792 4784 4791
f 4781 4784 4792
f 4780 4781 4792
f 4793 4780 4792
f 4791 4793 4792
f 4794 4780 4793
f 4795 4794 4793
f 4796 4794 4795
f 4797 4796 4795
f 4798 4797 4795
f 4799 4797 4798
f 4800 4799 4798
f 4801 4799 4800
f 4802 4801 4800
f 4803 4802 4800
f 4804 4802 4803
f 4805 4804 4803
f 4806 4804 4805
f 4807 4804 4806
f 4808 4807 4806
f 4809 4808 4806
f 4810 4808 4809
f 4811 4810 4809
f 4812 4810 4811
f 4813 4810 4812
f 4814 4813 4812
f 4815 4814 4812
f 4816 4815 4812
f 4817 4815 4816
f 4818 4815 4817
f 4819 4815 4818
f 4820 4819 4818
f 4821 4820 4818
f 4822 4820 4821
f 4823 4822 4821
f 4824 4823 4821
f 4825 4824 4821
f 4826 4824 4825
f 4827 4826 4825
f 4828 4827 4825
f 4829 4827 4828
f 4830 4829 4828
f 4831 4829 4830
f 4832 4831 4830
f 4833 4832 4830
f 4834 4832 4833
f 4835 4834 4833
f 4836 4832 4834
f 4837 4836 4834
f 4838 4837 4834
f 4839 4837 4838
f 4840 4839 4838
f 4841 4840 4838
f 4842 4840 4841
f 4843 4842 4841
f 4844 4843 4841
f 4845 4844 4841
f 4846 4844 4845
f 4847 4844 4846
f 4848 4847 4846
f 4849 4847 4848
f 4850 4849 4848
f 4851 4850 4848
f 4852 4850 4851
f 4853 4852 4851
f 4848 4853 4851
f 4854 4852 4853
f 4855 4854 4853
f 4856 4855 4853
f 4857 4854 4855
f 4858 4854 4857
f 4859 4858 4857
f 4860 4859 4857
f 4861 4859 4860
f 4862 4863 4864
f 4865 4863 4862
f 4866 4865 4862
f 4867 4866 4862
f 4868 4866 4867
f 4869 4866 4868
f 4870 4869 4868
f 4871 4869 4870
f 4872 4871 4870
f 4873 4871 4872
f 4874 4873 4872
f 4875 4876 4874
f 4877 4875 4874
f 4878 4876 4875
f 4879 4876 4878
f 4880 4879 4878
f 4881 4879 4880
f 4882 4883 4884
f 4885 4883 4882
f 4886 4883 4885
f 4887 4888 4889
f 4890 4887 4889
f 4891 4887 4890
f 4892 4893 4894
f 4895 4892 4894
f 4896 4892 4895
f 4897 4896 4895
f 4898 4896 4897
f 4899 4898 4897
f 4900 4898 4899
f 4901 4900 4899
f 4902 4901 4899
f 4903 4902 4899
f 4897 4903 4899
f 4904 4902 4903
f 4905 4904 4903
f 4906 4905 4903
f 4907 4908 4909
f 4910 4907 4909
f 4911 4907 4910
f 4912 4911 4910
f 4913 4912 4910
f 4914 4912 4913
f 4915 4914 4913
f 4916 4914 4915
f 4917 4918 4919
f 4920 4918 4917
f 4920 4921 4918
f 4922 4921 4920
f 4923 4922 4920
f 4917 4923 4920
f 4924 4923 4917
f 4925 4922 4923
f 4926 4925 4923
f 4927 4926 4923
f 4928 4927 4923
f 4924 4928 4923
f 4929 4928 4924
f 4930 4928 4929
f 4931 4930 4929
f 4932 4931 4929
f 4933 4931 4932
f 4934 4931 4933
f 4935 4934 4933
f 4936 4934 4935
f 4937 4936 4935
f 4938 4937 4935
f 4939 4937 4938
f 4940 4937 4939
f 4941 4942 4943
f 4944 4941 4943
f 4945 4941 4944
f 4946 4945 4944
f 4947 4948 4949
f 4950 4948 4947
f 4951 4950 4947
f 4952 4950 4951
f 4953 4950 4952
f 4954 4953 4952
f 4955 4954 4952
f 4956 4954 4955
f 4957 4956 4955
f 4958 4956 4957
f 4959 4958 4957
f 4960 4958 4959
f 4961 4960 4959
f 4962 4961 4959
f 4963 4960 4961
f 4964 4963 4961
f 4965 4963 4964
f 4966 4965 4964
f 4967 4965 4966
f 4968 4965 4967
f 4969 4968 4967
f 4970 4969 4967
f 4971 4969 4970
f 4972 4971 4970
f 4973 4972 4970
f 4974 4972 4973
f 4975 4972 4974
f 4976 4975 4974
f 4977 4975 4976
f 4978 4975 4977
f 4979 4978 4977
f 4980 4979 4977
f 4981 4979 4980
f 4982 4981 4980
f 4983 4981 4982
f 4984 4983 4982
f 4985 4983 4984
f 4986 4985 4984
f 4987 4985 4986
f 4988 4987 4986
f 4989 4987 4988
f 4990 4989 4988
f 4991 4990 4988
f 4992 4990 4991
f 4993 4990 4992
f 4994 4993 4992
f 4995 4993 4994
f 4996 4995 4994
f 4997 4995 4996
f 4998 4997 4996
f 4999 4997 4998
f 5000 5001 5002
f 5003 5000 5002
f 5004 5003 5002
f 5005 5003 5004
f 5006 5003 5005
f 5007 5006 5005
f 5008 5006 5007
f 5009 5008 5007
f 5010 5008 5009
f 5011 5008 5010
f 5012 5011 5010
f 5013 5011 5012
f 5014 5013 5012
f 5015 5014 5012
f 5016 5014 5015
f 5017 5014 5016
f 5018 5017 5016
f 5019 5017 5018
f 5020 5019 5018
f 5021 5020 5018
f 5022 5020 5021
f 5023 5022 5021
f 5024 5022 5023
f 5025 5024 5023
f 5026 5025 5023
f 5027 5026 5023
f 5028 5026 5027
f 5029 5028 5027
f 5030 5026 5028
f 5031 5030 5028
f 5032 5030 5031
f 5033 5032 5031
f 5034 5033 5031
f 5035 5033 5034
f 5036 5035 5034
f 5037 5035 5036
f 5038 5037 5036
f 5039 5038 5036
f 5040 5039 5036
f 5034 5040 5036
f 5041 5040 5034
f 5031 5041 5034
f 5042 5040 5041
f 5043 5042 5041
f 5044 5040 5042
f 5045 5044 5042
f 5046 5045 5042
f 5047 5045 5046
f 5048 5045 5047
f 5049 5048 5047
f 5050 5048 5049
f 5051 5050 5049
f 5052 5051 5049
f 5053 5051 5052
f 5054 5053 5052
f 5055 5053 5054
f 5056 5055 5054
f 5057 5055 5056
f 5058 5057 5056
f 5059 5060 5061
f 5062 5059 5061
f 5063 5062 5061
f 5064 5062 5063
f 5065 5066 5067
f 5068 5065 5067
f 5069 5065 5068
f 5070 5069 5068
f 5071 5072 5073
f 5074 5071 5073
f 5075 5074 5073
f 5076 5074 5075
f 5077 5074 5076
f 5078 5077 5076
f 5079 5080 5081
f 5082 5080 5079
f 5083 5082 5079
f 5084 5082 5083
f 5085 5084 5083
f 5086 5084 5085
f 5087 5086 5085
f 5088 5086 5087
f 5089 5090 5091
f 5092 5089 5091
f 5093 5092 5091
f 5094 5089 5092
f 5095 5094 5092
f 5096 5094 5095
f 5097 5096 5095
f 5098 5097 5095
f 5099 5097 5098
f 5100 5097 5099
f 5101 5100 5099
f 5102 5101 5099
f 5103 5101 5102
f 5104 5101 5103
f 5105 5104 5103
f 5106 5105 5103
f 5107 5105 5106
f 5108 5107 5106
f 5109 5107 5108
f 5110 5107 5109
f 5111 5110 5109
f 5112 5110 5111
f 5113 5112 5111
f 5114 5113 5111
f 5115 5114 5111
f 5116 5117 5118
f 5119 5117 5116
f 5120 5119 5116
f 5121 5119 5120
f 5122 5121 5120
f 5123 5122 5120
f 5124 5122 5123
f 5125 5122 5124
f 5126 5125 5124
f 5127 5126 5124
f 5128 5127 5124
f 5129 5127 5128
f 5130 5129 5128
f 5131 5129 5130
f 5132 5131 5130
f 5133 5131 5132
f 5134 5133 5132
f 5135 5133 5134
f 5136 5135 5134
f 5137 5136 5138
f 5139 5137 5138
f 5140 5137 5139
f 5141 5142 5143
f 5144 5141 5143
f 5145 5141 5144
f 5146 5141 5145
f 5147 5146 5145
f 5148 5146 5147
f 5149 5148 5147
f 5150 5149 5147
f 5151 5149 5150
f 5152 5149 5151
f 5153 5152 5151
f 5154 5152 5153
f 5155 5154 5153
f 5156 5154 5155
f 5157 5156 5155
f 5158 5157 5155
f 5153 5158 5155
f 5159 5158 5153
f 5160 5158 5159
f 5161 5160 5159
f 5162 5161 5159
f 5163 5161 5162
f 5164 5161 5163
f 5165 5164 5163
f 5166 5165 5163
f 5167 5165 5166
f 5168 5165 5167
f 5164 5165 5168
f 5169 5164 5168
f 5170 5169 5168
f 5171 5169 5170
f 5172 5169 5171
f 5173 5172 5171
f 5174 5173 5171
f 5175 5173 5174
f 5176 5173 5175
f 5177 5173 5176
f 5178 5177 5176
f 5179 5177 5178
f 5180 5179 5178
f 5181 5180 5178
f 5182 5180 5181
f 5183 5182 5181
f 5184 5182 5183
f 5185 5184 5183
f 5186 5187 5188
f 5189 5187 5186
f 5190 5189 5186
f 5191 5190 5186
f 5192 5190 5191
f 5193 5192 5191
f 5194 5192 5193
f 5195 5192 5194
f 5196 5197 5198
f 5199 5196 5198
f 5200 5196 5199
f 5201 5200 5199
f 5202 5200 5201
f 5203 5200 5202
f 5204 5203 5202
f 5205 5200 5203
f 5206 5205 5203
f 5207 5206 5203
f 5208 5206 5207
f 5209 5208 5207
f 5210 5209 5207
f 5211 5209 5210
f 5212 5211 5210
f 5213 5212 5210
f 5214 5212 5213
f 5215 5212 5214
f 5216 5215 5214
f 5217 5215 5216
f 5218 5217 5216
f 5219 5218 5216
f 5220 5218 5219
f 5221 5218 5220
f 5222 5221 5220
f 5223 5222 5220
f 5224 5222 5223
f 5225 5224 5223
f 5226 5224 5225
f 5227 5222 5224
f 5228 5227 5224
f 5229 5228 5224
f 5226 5229 5224
f 5230 5229 5226
f 5231 5230 5226
f 5232 5231 5226
f 5233 5230 5231
f 5234 5233 5231
f 5235 5233 5234
f 5236 5235 5234
f 5237 5235 5236
f 5238 5237 5236
f 5239 5238 5236
f 5240 5238 5239
f 5241 5238 5240
f 5242 5241 5240
f 5243 5241 5242
f 5244 5243 5242
f 5245 5243 5244
f 5246 5245 5244
f 5247 5248 5249
f 5250 5251 5248
f 5252 5251 5250
f 5253 5254 5255
f 5256 5253 5255
f 5257 5256 5255
f 5258 5256 5257
f 5259 5256 5258
f 5260 5259 5258
f 5261 5259 5260
f 5262 5261 5260
f 5263 5262 5260
f 5264 5262 5263
f 5265 5264 5263
f 5266 5264 5265
f 5267 5264 5266
f 5268 5267 5266
f 5269 5267 5268
f 5270 5269 5268
f 5271 5270 5268
f 5272 5270 5271
f 5273 5272 5271
f 5274 5272 5273
f 5275 5274 5273
f 5276 5275 5273
f 5277 5275 5276
f 5278 5277 5276
f 5279 5277 5278
f 5280 5279 5278
f 5281 5280 5278
f 5282 5280 5281
f 5283 5280 5282
f 5284 5283 5282
f 5285 5284 5282
f 5286 5284 5285
f 5287 5286 5285
f 5288 5286 5287
f 5289 5288 5287
f 5290 5289 5287
f 5291 5288 5289
f 5292 5291 5289
f 5293 5292 5289
f 5294 5292 5293
f 5295 5294 5293
f 5296 5295 5293
f 5297 5295 5296
f 5298 5297 5296
f 5299 5297 5298
f 5300 5299 5298
f 5301 5297 5299
f 5302 5301 5299
f 5303 5301 5302
f 5304 5303 5302
f 5305 5303 5304
f 5306 5305 5304
f 5307 5306 5304
f 5308 5306 5307
f 5309 5306 5308
f 5310 5309 5308
f 5311 5312 5313
f 5314 5311 5313
f 5315 5311 5314
f 5316 5315 5314
f 5317 5315 5316
f 5318 5315 5317
f 5319 5318 5317
f 5320 5319 5317
f 5321 5319 5320
f 5322 5321 5320
f 5323 5321 5322
f 5324 5321 5323
f 5325 5324 5323
f 5326 5327 5328
f 5329 5330 5327
f 5331 5332 5333
f 5334 5331 5333
f 5335 5331 5334
f 5336 5335 5334
f 5337 5336 5334
f 5338 5336 5337
f 5339 5336 5338
f 5340 5339 5338
f 5341 5336 5339
f 5342 5341 5339
f 5343 5344 5345
f 5346 5344 5343
f 5347 5346 5343
f 5348 5347 5343
f 5349 5347 5348
f 5350 5349 5348
f 5351 5350 5348
f 5352 5350 5351
f 5353 5350 5352
f 5354 5353 5352
f 5355 5354 5352
f 5351 5355 5352
f 5356 5354 5355
f 5357 5354 5356
f 5358 5357 5356
f 5359 5358 5356
f 5360 5353 5354
f 5353 5349 5350
f 5361 5346 5347
f 5362 5361 5347
f 5349 5362 5347
f 5363 5362 5349
f 5364 5363 5349
f 5365 5363 5364
f 5366 5365 5364
f 5367 5366 5364
f 5349 5367 5364
f 5353 5367 5349
f 5360 5367 5353
f 5368 5367 5360
f 5369 5368 5360
f 5370 5369 5360
f 5354 5370 5360
f 5357 5370 5354
f 5371 5369 5370
f 5372 5369 5371
f 5373 5372 5371
f 5374 5373 5371
f 5375 5374 5371
f 5376 5374 5375
f 5377 5374 5376
f 5378 5377 5376
f 5379 5377 5378
f 5380 5379 5378
f 5381 5380 5378
f 5382 5380 5381
f 5383 5382 5381
f 5384 5382 5383
f 5385 5382 5384
f 5386 5385 5384
f 5387 5385 5386
f 5388 5387 5386
f 5389 5388 5386
f 5390 5388 5389
f 5391 5390 5389
f 5392 5390 5391
f 5393 5392 5391
f 5394 5392 5393
f 5395 5394 5393
f 5396 5395 5393
f 5397 5398 5399
f 5400 5397 5399
f 5401 5397 5400
f 5402 5398 5397
f 5403 5402 5397
f 5404 5403 5397
f 5405 5403 5404
f 5406 5403 5405
f 5407 5406 5405
f 5408 5407 5405
f 5409 5408 5405
f 5410 5409 5405
f 5404 5410 5405
f 5411 5410 5404
f 5412 5411 5404
f 5413 5409 5410
f 5414 5409 5413
f 5415 5414 5413
f 5416 5415 5413
f 5417 5415 5416
f 5418 5417 5416
f 5419 5417 5418
f 5420 5419 5418
f 5421 5419 5420
f 5422 5421 5420
f 5423 5422 5420
f 5424 5423 5420
f 5425 5423 5424
f 5426 5425 5424
f 5427 5425 5426
f 5428 5427 5426
f 5429 5428 5426
f 5430 5427 5428
f 5431 5430 5428
f 5432 5430 5431
f 5433 5432 5431
f 5434 5432 5433
f 5435 5434 5433
f 5436 5435 5433
f 5437 5435 5436
f 5438 5437 5436
f 5439 5438 5436
f 5440 5438 5439
f 5441 5438 5440
f 5442 5441 5440
f 5443 5442 5440
f 5444 5443 5440
f 5445 5443 5444
f 5446 5445 5444
f 5447 5445 5446
f 5448 5449 5450
f 5451 5448 5450
f 5452 5448 5451
f 5453 5452 5451
f 5454 5453 5451
f 5455 5448 5452
f 5456 5455 5452
f 5457 5455 5456
f 5458 5455 5457
f 5459 5458 5457
f 5460 5459 5457
f 5461 5460 5457
f 5462 5461 5457
f 5456 5462 5457
f 5463 5464 5465
f 5466 5463 5465
f 5467 5463 5466
f 5468 5463 5467
f 5469 5463 5468
f 5464 5463 5469
f 5470 5464 5469
f 5471 5472 5473
f 5474 5472 5471
f 5475 5474 5471
f 5476 5474 5475
f 5477 5474 5476
f 5478 5477 5476
f 5479 5478 5476
f 5480 5478 5479
f 5481 5478 5480
f 5482 5481 5480
f 5480 5483 5482
f 5484 5485 5486
f 5487 5484 5486
f 5488 5484 5487
f 5489 5484 5488
f 5490 5489 5488
f 5491 5492 5493
f 5494 5492 5491
f 5495 5494 5491
f 5496 5494 5495
f 5497 5496 5495
f 5498 5497 5495
f 5499 5497 5498
f 5500 5499 5498
f 5501 5499 5500
f 5502 5501 5500
f 5503 5502 5500
f 5504 5502 5503
f 5505 5504 5503
f 5506 5504 5505
f 5507 5506 5505
f 5508 5506 5507
f 5509 5508 5507
f 5510 5509 5507
f 5511 5509 5510
f 5512 5511 5510
f 5513 5511 5512
f 5514 5513 5512
f 5515 5513 5514
f 5516 5515 5514
f 5517 5515 5516
f 5518 5515 5517
f 5519 5518 5517
f 5520 5519 5517
f 5521 5519 5520
f 5522 5521 5520
f 5523 5521 5522
f 5524 5521 5523
f 5525 5524 5523
f 5526 5525 5523
f 5527 5526 5523
f 5528 5527 5523
f 5529 5527 5528
f 5530 5527 5529
f 5531 5530 5529
f 5532 5531 5529
f 5533 5531 5532
f 5534 5533 5532
f 5535 5533 5534
f 5536 5535 5534
f 5537 5536 5534
f 5538 5536 5537
f 5539 5538 5537
f 5540 5539 5537
f 5541 5542 5543
f 5544 5542 5541
f 5545 5542 5544
f 5546 5545 5544
f 5547 5548 5549
f 5550 5548 5547
f 5551 5550 5547
f 5552 5551 5547
f 5553 5551 5552
f 5554 5553 5552
f 5555 5553 5554
f 5556 5555 5554
f 5557 5555 5556
f 5558 5557 5556
f 5559 5557 5558
f 5560 5559 5558
f 5561 5560 5558
f 5562 5561 5558
f 5563 5562 5558
f 5564 5561 5562
f 5565 5564 5562
f 5566 5561 5564
f 5567 5566 5564
f 5568 5567 5564
f 5569 5567 5568
f 5570 5569 5568
f 5571 5570 5568
f 5572 5571 5568
f 5573 5571 5572
f 5574 5573 5572
f 5575 5574 5572
f 5576 5573 5574
f 5577 5576 5574
f 5578 5576 5577
f 5579 5578 5577
f 5580 5579 5577
f 5581 5580 5577
f 5582 5579 5580
f 5583 5578 5579
f 5584 5583 5579
f 5582 5584 5579
f 5585 5584 5582
f 5586 5584 5585
f 5587 5586 5585
f 5588 5587 5585
f 5589 5587 5588
f 5590 5589 5588
f 5591 5590 5588
f 5592 5590 5591
f 5593 5590 5592
f 5594 5593 5592
f 5595 5593 5594
f 5596 5595 5594
f 5597 5596 5594
f 5598 5596 5597
f 5599 5598 5597
f 5600 5598 5599
f 5601 5600 5599
f 5602 5600 5601
f 5603 5602 5601
f 5604 5603 5601
f 5605 5600 5602
f 5606 5605 5602
f 5607 5600 5605
f 5608 5607 5605
f 5609 5608 5605
f 5610 5609 5605
f 5606 5610 5605
f 5611 5609 5610
f 5612 5611 5610
f 5613 5612 5610
f 5614 5612 5613
f 5615 5614 5613
f 5616 5614 5615
f 5617 5616 5615
f 5618 5616 5617
f 5619 5618 5617
f 5620 5619 5617
f 5621 5619 5620
f 5622 5621 5620
f 5623 5621 5622
f 5624 5623 5622
f 5625 5623 5624
f 5626 5625 5624
f 5627 5625 5626
f 5628 5627 5626
f 5629 5628 5626
f 5630 5628 5629
f 5631 5628 5630
f 5632 5631 5630
f 5633 5632 5630
f 5634 5632 5633
f 5635 5634 5633
f 5636 5635 5633
f 5637 5635 5636
f 5638 5635 5637
f 5639 5638 5637
f 5640 5639 5637
f 5641 5638 5639
f 5642 5641 5639
f 5643 5641 5642
f 5644 5643 5642
f 5645 5643 5644
f 5646 5645 5644
f 5647 5646 5644
f 5648 5646 5647
f 5649 5648 5647
f 5650 5648 5649
f 5651 5650 5649
f 5652 5650 5651
f 5653 5652 5651
f 5654 5652 5653
f 5655 5654 5653
f 5656 5654 5655
f 5657 5656 5655
f 5658 5656 5657
f 5659 5658 5657
f 5660 5659 5657
f 5661 5660 5657
f 5662 5660 5661
f 5663 5664 5665
f 5666 5663 5665
f 5667 5668 5669
f 5670 5667 5669
f 5671 5667 5670
f 5672 5671 5670
f 5673 5671 5672
f 5674 5673 5672
f 5675 5674 5672
f 5676 5673 5674
f 5677 5673 5676
f 5678 5677 5676
f 5679 5677 5678
f 5680 5679 5678
f 5681 5679 5680
f 5682 5681 5680
f 5683 5681 5682
f 5684 5683 5682
f 5685 5683 5684
f 5686 5685 5684
f 5687 5685 5686
f 5688 5685 5687
f 5689 5688 5687
f 5690 5688 5689
f 5691 5690 5689
f 5692 5691 5689
f 5693 5692 5689
f 5694 5692 5693
f 5695 5694 5693
f 5696 5695 5693
f 5697 5695 5696
f 5698 5697 5696
f 5699 5695 5697
f 5700 5701 5702
f 5703 5700 5702
f 5704 5700 5703
f 5705 5700 5704
f 5706 5705 5704
f 5707 5706 5704
f 5708 5706 5707
f 5709 5708 5707
f 5710 5708 5709
f 5711 5710 5709
f 5712 5710 5711
f 5713 5712 5711
f 5714 5713 5711
f 5715 5713 5714
f 5716 5710 5712
f 5717 5716 5712
f 5718 5716 5717
f 5719 5716 5718
f 5720 5719 5718
f 5721 5719 5720
f 5722 5721 5720
f 5723 5721 5722
f 5724 5721 5723
f 5725 5724 5723
f 5726 5724 5725
f 5727 5726 5725
f 5728 5727 5725
f 5729 5727 5728
f 5730 5729 5728
f 5731 5732 5733
f 5734 5729 5735
f 5727 5729 5734
f 5736 5727 5734
f 5737 5736 5734
f 5738 5736 5737
f 5739 5738 5737
f 5740 5738 5739
f 5741 5738 5740
f 5726 5727 5736
f 5738 5726 5736
f 5741 5726 5738
f 5724 5726 5741
f 5721 5724 5741
f 5719 5721 5741
f 5740 5719 5741
f 5716 5719 5740
f 5739 5716 5740
f 5710 5716 5739
f 5708 5710 5739
f 5737 5708 5739
f 5706 5708 5737
f 5734 5706 5737
f 5705 5706 5734
f 5735 5705 5734
f 5742 5705 5735
f 5700 5705 5742
f 5701 5700 5742
f 5731 5743 5732
f 5699 5743 5731
f 5695 5699 5731
f 5694 5695 5731
f 5733 5694 5731
f 5730 5694 5733
f 5692 5694 5730
f 5728 5692 5730
f 5691 5692 5728
f 5725 5691 5728
f 5723 5691 5725
f 5690 5691 5723
f 5722 5690 5723
f 5688 5690 5722
f 5685 5688 5722
f 5683 5685 5722
f 5720 5683 5722
f 5681 5683 5720
f 5718 5681 5720
f 5679 5681 5718
f 5717 5679 5718
f 5677 5679 5717
f 5712 5677 5717
f 5713 5677 5712
f 5673 5677 5713
f 5671 5673 5713
f 5715 5671 5713
f 5667 5671 5715
f 5668 5667 5715
f 5711 5666 5714
f 5709 5666 5711
f 5707 5666 5709
f 5663 5666 5707
f 5704 5663 5707
f 5703 5663 5704
f 5664 5663 5703
f 5698 5744 5697
f 5662 5744 5698
f 5660 5662 5698
f 5659 5660 5698
f 5696 5659 5698
f 5693 5659 5696
f 5658 5659 5693
f 5689 5658 5693
f 5687 5658 5689
f 5686 5658 5687
f 5656 5658 5686
f 5654 5656 5686
f 5684 5654 5686
f 5652 5654 5684
f 5682 5652 5684
f 5650 5652 5682
f 5680 5650 5682
f 5648 5650 5680
f 5678 5648 5680
f 5646 5648 5678
f 5676 5646 5678
f 5645 5646 5676
f 5674 5645 5676
f 5643 5645 5674
f 5675 5643 5674
f 5745 5643 5675
f 5746 5745 5675
f 5747 5746 5675
f 5748 5746 5747
f 5749 5748 5747
f 5750 5748 5749
f 5751 5750 5749
f 5752 5750 5751
f 5753 5754 5755
f 5756 5754 5753
f 5757 5756 5753
f 5758 5757 5753
f 5759 5757 5758
f 5760 5759 5758
f 5761 5760 5758
f 5753 5761 5758
f 5755 5761 5753
f 5762 5760 5761
f 5763 5760 5762
f 5764 5763 5762
f 5765 5763 5764
f 5766 5765 5764
f 5767 5765 5766
f 5768 5767 5766
f 5769 5768 5766
f 5770 5768 5769
f 5771 5770 5769
f 5772 5770 5771
f 5773 5772 5771
f 5774 5772 5773
f 5775 5774 5773
f 5776 5774 5775
f 5777 5776 5775
f 5778 5776 5777
f 5779 5778 5777
f 5780 5778 5779
f 5781 5778 5780
f 5782 5781 5780
f 5783 5781 5782
f 5784 5783 5782
f 5785 5784 5782
f 5786 5784 5785
f 5787 5786 5785
f 5788 5786 5787
f 5789 5788 5787
f 5790 5786 5788
f 5791 5790 5788
f 5792 5790 5791
f 5793 5792 5791
f 5794 5792 5793
f 5795 5794 5793
f 5796 5794 5795
f 5797 5796 5795
f 5798 5797 5795
f 5799 5798 5795
f 5793 5799 5795
f 5800 5797 5798
f 5801 5800 5798
f 5802 5800 5801
f 5803 5800 5802
f 5804 5803 5802
f 5805 5803 5804
f 5806 5805 5804
f 5807 5805 5806
f 5808 5807 5806
f 5809 5808 5806
f 5810 5809 5806
f 5811 5809 5810
f 5812 5811 5810
f 5813 5811 5812
f 5814 5813 5812
f 5815 5814 5812
f 5816 5815 5812
f 5817 5815 5816
f 5818 5815 5817
f 5819 5815 5818
f 5814 5815 5819
f 5820 5821 5822
f 5811 5813 5823
f 5809 5811 5823
f 5808 5809 5823
f 5821 5808 5823
f 5820 5808 5821
f 5807 5808 5820
f 5824 5807 5820
f 5825 5807 5824
f 5826 5825 5824
f 5827 5825 5826
f 5828 5827 5826
f 5829 5827 5828
f 5830 5829 5828
f 5831 5830 5828
f 5832 5830 5831
f 5833 5832 5831
f 5834 5833 5835
f 5836 5834 5835
f 5837 5838 5839
f 5840 5837 5839
f 5841 5842 5843
f 5844 5842 5841
f 5845 5842 5844
f 5846 5845 5844
f 5847 5845 5846
f 5848 5849 5847
f 5846 5848 5847
f 5850 5848 5846
f 5851 5848 5850
f 5852 5851 5850
f 5853 5848 5851
f 5854 5853 5851
f 5855 5854 5851
f 5856 5854 5855
f 5857 5856 5855
f 5858 5857 5855
f 5859 5858 5855
f 5851 5859 5855
f 5852 5859 5851
f 5860 5859 5852
f 5861 5859 5860
f 5858 5859 5861
f 5862 5858 5861
f 5863 5862 5861
f 5864 5862 5863
f 5865 5864 5863
f 5866 5865 5863
f 5867 5865 5866
f 5868 5867 5866
f 5869 5867 5868
f 5870 5869 5868
f 5871 5869 5870
f 5872 5871 5870
f 5873 5872 5870
f 5874 5872 5873
f 5875 5872 5874
f 5876 5875 5874
f 5877 5875 5876
f 5878 5877 5876
f 5879 5877 5878
f 5880 5879 5878
f 5881 5879 5880
f 5882 5879 5881
f 5883 5882 5881
f 5884 5882 5883
f 5885 5884 5883
f 5886 5884 5885
f 5887 5886 5885
f 5888 5887 5885
f 5889 5887 5888
f 5890 5887 5889
f 5891 5890 5889
f 5892 5891 5889
f 5893 5891 5892
f 5894 5893 5892
f 5895 5894 5892
f 5896 5895 5892
f 5897 5895 5896
f 5898 5895 5897
f 5899 5898 5897
f 5900 5899 5897
f 5901 5899 5900
f 5902 5901 5900
f 5903 5902 5900
f 5904 5902 5903
f 5905 5902 5904
f 5906 5905 5904
f 5907 5905 5906
f 5908 5907 5906
f 5909 5907 5908
f 5910 5909 5908
f 5911 5910 5908
f 5912 5911 5908
f 5913 5911 5912
f 5914 5910 5911
f 5915 5910 5914
f 5916 5915 5914
f 5917 5915 5916
f 5918 5917 5916
f 5919 5917 5918
f 5920 5919 5918
f 5921 5919 5920
f 5922 5921 5920
f 5923 5922 5920
f 5924 5923 5920
f 5918 5924 5920
f 5925 5922 5923
f 5926 5922 5925
f 5927 5926 5925
f 5928 5926 5927
f 5929 5928 5927
f 5930 5929 5927
f 5931 5929 5930
f 5932 5931 5930
f 5933 5931 5932
f 5934 5933 5932
f 5935 5934 5932
f 5936 5937 5938
f 5939 5936 5938
f 5940 5936 5939
f 5941 5940 5939
f 5942 5941 5939
f 5943 5941 5942
f 5944 5941 5943
f 5945 5944 5943
f 5946 5944 5945
f 5947 5946 5945
f 5948 5947 5945
f 5949 5947 5948
f 5950 5947 5949
f 5951 5950 5949
f 5952 5950 5951
f 5953 5952 5951
f 5954 5952 5953
f 5955 5954 5953
f 5956 5955 5953
f 5957 5956 5953
f 5958 5956 5957
f 5959 5958 5957
f 5960 5958 5959
f 5961 5958 5960
f 5962 5961 5960
f 5963 5962 5960
f 5964 5962 5963
f 5965 5964 5963
f 5966 5964 5965
f 5967 5966 5965
f 5968 5966 5967
f 5969 5968 5967
f 5970 5971 5972
f 5973 5970 5972
f 5974 5970 5973
f 5975 5974 5973
f 5976 5975 5973
f 5971 5970 5974
f 5977 5971 5974
f 5978 5979 5980
f 5981 5979 5978
f 5982 5981 5978
f 5983 5981 5982
f 5984 5981 5983
f 5985 5984 5983
f 5986 5985 5983
f 5987 5985 5986
f 5988 5985 5987
f 5989 5988 5987
f 5990 5988 5989
f 5991 5990 5989
f 5992 5990 5991
f 5993 5992 5991
f 5994 5993 5991
f 5995 5992 5993
f 5996 5995 5993
f 5997 5996 5993
f 5998 5996 5997
f 5999 5998 5997
f 6000 5999 5997
f 6001 5999 6000
f 6002 5999 6001
f 6003 6002 6001
f 6004 6002 6003
f 6005 6004 6003
f 6006 6004 6005
f 6007 6004 6006
f 6008 6007 6006
f 6009 6008 6006
f 6010 6008 6009
f 6011 6010 6009
f 6012 6011 6009
f 6013 6011 6012
f 6014 6008 6010
f 6015 6014 6010
f 6011 6015 6010
f 6016 6015 6011
f 6017 6016 6011
f 6013 6017 6011
f 6018 6019 6020
f 6021 6019 6018
f 6022 6021 6018
f 6023 6022 6018
f 6020 6023 6018
f 6024 6021 6022
f 6025 6021 6024
f 6026 6025 6024
f 6027 6025 6026
f 6028 6027 6026
f 6029 6028 6026
f 6030 6028 6029
f 6031 6030 6029
f 6032 6030 6031
f 6033 6032 6031
f 6034 6033 6031
f 6035 6033 6034
f 6036 6035 6034
f 6037 6035 6036
f 6038 6037 6036
f 6039 6037 6038
f 6040 6039 6038
f 6041 6040 6038
f 6042 6039 6040
f 6043 6042 6040
f 6044 6042 6043
f 6045 6044 6043
f 6046 6045 6043
f 6047 6045 6046
f 6048 6047 6046
f 6049 6047 6048
f 6050 6045 6047
f 6049 6050 6047
f 6051 6050 6049
f 6052 6051 6049
f 6053 6052 6049
f 6054 6052 6053
f 6055 6056 6057
f 6058 6055 6057
f 6059 6058 6057
f 6060 6055 6058
f 6061 6060 6058
f 6062 6060 6061
f 6063 6060 6062
f 6064 6063 6062
f 6065 6063 6064
f 6066 6065 6064
f 6067 6066 6064
f 6068 6066 6067
f 6069 6068 6067
f 6070 6068 6069
f 6071 6070 6069
f 6072 6068 6070
f 6073 6072 6070
f 6074 6073 6070
f 6075 6074 6070
f 6071 6075 6070
f 6076 6074 6075
f 6077 6074 6076
f 6078 6077 6076
f 6079 6077 6078
f 6080 6079 6078
f 6081 6080 6078
f 6082 6080 6081
f 6083 6080 6082
f 6084 6083 6082
f 6085 6083 6084
f 6086 6083 6085
f 6087 6086 6085
f 6088 6087 6085
f 6089 6088 6085
f 6090 6087 6088
f 6091 6090 6088
f 6092 6091 6088
f 6089 6092 6088
f 6093 6092 6089
f 6094 6092 6093
f 6095 6094 6093
f 6096 6094 6095
f 6097 6096 6095
f 6098 6097 6095
f 6099 6100 6101
f 6102 6099 6101
f 6103 6099 6102
f 6104 6103 6102
f 6105 6103 6104
f 6106 6105 6107
f 6108 6106 6107
f 6109 6110 6111
f 6112 6109 6111
f 6113 6109 6112
f 6114 6109 6113
f 6115 6114 6113
f 6116 6114 6115
f 6117 6116 6115
f 6118 6116 6117
f 6119 6120 6121
f 6122 6123 6124
f 6125 6123 6122
f 6126 6125 6122
f 6127 6125 6126
f 6128 6127 6126
f 6129 6128 6126
f 6130 6128 6129
f 6131 6130 6129
f 6132 6131 6129
f 6133 6128 6130
f 6134 6133 6130
f 6135 6133 6134
f 6136 6135 6134
f 6137 6135 6136
f 6138 6137 6136
f 6139 6137 6138
f 6140 6135 6137
f 6141 6135 6140
f 6142 6141 6140
f 6143 6141 6142
f 6144 6143 6142
f 6145 6144 6142
f 6146 6145 6142
f 6147 6145 6146
f 6148 6147 6146
f 6149 6148 6146
f 6150 6149 6146
f 6151 6150 6146
f 6152 6150 6151
f 6153 6152 6151
f 6154 6152 6153
f 6155 6154 6153
f 6156 6155 6153
f 6151 6156 6153
f 6157 6155 6156
f 6158 6157 6156
f 6159 6157 6158
f 6160 6159 6158
f 6161 6159 6160
f 6162 6159 6161
f 6163 6162 6161
f 6164 6162 6163
f 6165 6164 6163
f 6166 6165 6163
f 6167 6166 6163
f 6161 6167 6163
f 6168 6166 6167
f 6169 6166 6168
f 6170 6166 6169
f 6171 6170 6169
f 6172 6171 6169
f 6173 6171 6172
f 6174 6171 6173
f 6175 6174 6173
f 6176 6175 6173
f 6177 6175 6176
f 6178 6177 6176
f 6179 6177 6178
f 6180 6177 6179
f 6181 6180 6179
f 6182 6180 6181
f 6183 6182 6181
f 6184 6182 6183
f 6185 6184 6183
f 6186 6185 6183
f 6187 6186 6183
f 6188 6185 6186
f 6189 6188 6186
f 6190 6188 6189
f 6191 6190 6189
f 6192 6190 6191
f 6193 6192 6191
f 6194 6193 6191
f 6195 6193 6194
f 6196 6193 6195
f 6197 6196 6195
f 6198 6197 6195
f 6199 6197 6198
f 6200 6197 6199
f 6201 6200 6199
f 6202 6200 6201
f 6203 6202 6201
f 6204 6202 6203
f 6205 6204 6203
f 6206 6207 6208
f 6209 6206 6208
f 6210 6209 6208
f 6211 6206 6209
f 6212 6206 6211
f 6213 6212 6211
f 6214 6212 6213
f 6215 6214 6213
f 6216 6214 6215
f 6217 6214 6216
f 6218 6217 6216
f 6219 6218 6216
f 6220 6221 6222
f 6223 6221 6220
f 6224 6223 6220
f 6225 6223 6224
f 6226 6225 6224
f 6227 6225 6226
f 6228 6227 6226
f 6229 6230 6231
f 6232 6229 6231
f 6233 6229 6232
f 6234 6229 6233
f 6235 6234 6233
f 6236 6234 6235
f 6237 6238 6239
f 6240 6238 6237
f 6241 6240 6237
f 6242 6240 6241
f 6243 6240 6242
f 6244 6243 6242
f 6245 6244 6242
f 6246 6244 6245
f 6247 6246 6245
f 6248 6247 6245
f 6249 6247 6248
f 6250 6247 6249
f 6251 6250 6249
f 6252 6250 6251
f 6253 6252 6251
f 6254 6253 6251
f 6255 6253 6254
f 6256 6255 6254
f 6257 6256 6254
f 6258 6256 6257
f 6259 6258 6257
f 6260 6258 6259
f 6261 6258 6260
f 6262 6261 6260
f 6263 6262 6260
f 6264 6263 6260
f 6265 6264 6260
f 6259 6265 6260
f 6266 6265 6259
f 6267 6264 6265
f 6268 6264 6267
f 6269 6268 6267
f 6270 6268 6269
f 6271 6270 6269
f 6272 6270 6271
f 6273 6270 6272
f 6274 6273 6272
f 6275 6273 6274
f 6276 6275 6274
f 6277 6273 6275
f 6278 6277 6275
f 6279 6278 6275
f 6280 6278 6279
f 6281 6280 6279
f 6282 6280 6281
f 6283 6282 6281
f 6284 6283 6281
f 6285 6284 6281
f 6286 6285 6281
f 6287 6285 6286
f 6288 6287 6286
f 6289 6287 6288
f 6290 6283 6284
f 6291 6290 6284
f 6292 6291 6284
f 6293 6291 6292
f 6294 6293 6292
f 6295 6293 6294
f 6296 6295 6294
f 6297 6295 6296
f 6298 6297 6296
f 6299 6297 6298
f 6300 6299 6298
f 6301 6299 6300
f 6302 6301 6300
f 6303 6301 6302
f 6304 6299 6301
f 6305 6304 6301
f 6306 6305 6301
f 6303 6306 6301
f 6302 6306 6303
f 6307 6305 6306
f 6308 6307 6306
f 6309 6308 6306
f 6310 6308 6309
f 6311 6312 6310
f 6313 6312 6311
f 6314 6313 6311
f 6315 6313 6314
f 6316 6317 6318
f 6319 6316 6318
f 6320 6316 6319
f 6321 6316 6320
f 6322 6321 6320
f 6323 6321 6322
f 6324 6323 6322
f 6325 6324 6322
f 6325 6323 6324
f 6326 6321 6323
f 6327 6326 6323
f 6328 6326 6329
f 6321 6326 6328
f 6316 6321 6328
f 6317 6316 6328
f 6330 6317 6328
f 6329 6330 6328
f 6331 6332 6333
f 6334 6331 6333
f 6335 6331 6334
f 6336 6331 6335
f 6337 6336 6335
f 6338 6337 6335
f 6334 6338 6335
f 6339 6338 6334
f 6340 6337 6338
f 6341 6337 6340
f 6342 6341 6340
f 6343 6342 6340
f 6344 6342 6343
f 6345 6342 6344
f 6346 6345 6344
f 6347 6346 6344
f 6348 6346 6347
f 6349 6348 6347
f 6350 6349 6347
f 6351 6348 6349
f 6352 6348 6351
f 6353 6352 6351
f 6354 6353 6351
f 6355 6352 6353
f 6356 6355 6353
f 6357 6352 6355
f 6358 6357 6355
f 6359 6358 6355
f 6356 6359 6355
f 6360 6358 6359
f 6361 6360 6359
f 6362 6361 6359
f 6363 6361 6362
f 6364 6363 6362
f 6365 6361 6363
f 6366 6365 6363
f 6367 6366 6363
f 6364 6367 6363
f 6368 6367 6364
f 6369 6368 6364
f 6370 6369 6364
f 6371 6369 6370
f 6372 6371 6370
f 6373 6371 6372
f 6374 6373 6372
f 6375 6374 6372
f 2419 2416 6376
f 2416 6377 6376
f 6378 6379 6380
f 6381 6379 6378
f 6382 6381 6378
f 6383 6381 6382
f 6384 6381 6383
f 6385 6384 6383
f 6386 6384 6385
f 6387 6386 6385
f 6388 6386 6387
f 6389 6388 6387
f 6390 6388 6389
f 6391 6388 6390
f 6392 6388 6391
f 6393 6392 6391
f 6394 6393 6391
f 6395 6393 6394
f 6396 6395 6394
f 6397 6396 6394
f 6398 6396 6397
f 6399 6398 6397
f 6400 6398 6399
f 6401 6400 6399
f 6402 6401 6399
f 6403 6401 6402
f 6404 6403 6402
f 6405 6403 6404
f 6406 6405 6404
f 6407 6406 6404
f 6408 6406 6407
f 6409 6408 6407
f 6410 6409 6407
f 6411 6409 6410
f 6412 6411 6410
f 6413 6412 6410
f 6414 6412 6413
f 6415 6412 6414
f 6416 6415 6414
f 6417 6416 6414
f 6418 6416 6417
f 6419 6420 6421
f 6422 6420 6419
f 6423 6422 6419
f 6424 6423 6419
f 6425 6423 6424
f 6426 6423 6425
f 6427 6426 6425
f 6428 6426 6427
f 6429 6428 6427
f 6430 6428 6429
f 6431 6430 6429
f 6432 6431 6429
f 6433 6431 6432
f 6434 6433 6432
f 6435 6433 6434
f 6436 6435 6434
f 6437 6435 6436
f 6438 6435 6437
f 6439 6438 6437
f 6440 6439 6437
f 6441 6439 6440
f 6442 6438 6439
f 6443 6442 6439
f 6444 6442 6443
f 6445 6444 6443
f 6446 6445 6443
f 6447 6446 6443
f 6439 6447 6443
f 6448 6449 6450
f 6451 6448 6450
f 6452 6451 6450
f 6453 6448 6451
f 6454 6448 6453
f 6455 6454 6453
f 6456 6455 6453
f 6457 6455 6456
f 6458 6455 6457
f 6459 6458 6457
f 6460 6459 6457
f 6461 6459 6460
f 6462 6461 6460
f 6463 6462 6460
f 6464 6462 6463
f 6465 6462 6464
f 6466 6465 6464
f 6467 6465 6466
f 6468 6467 6466
f 6469 6467 6468
f 6470 6469 6468
f 6471 6470 6468
f 6472 6470 6471
f 6473 6474 6475
f 6476 6473 6475
f 6477 6478 6479
f 6480 6478 6477
f 6481 6480 6477
f 6482 6480 6481
f 6483 6482 6481
f 6484 6482 6483
f 6485 6484 6483
f 6486 6484 6485
f 6487 6486 6485
f 6488 6487 6485
f 6489 6487 6488
f 6490 6489 6488
f 6491 6489 6490
f 6492 6491 6490
f 6493 6491 6492
f 6494 6491 6493
f 6495 6494 6493
f 6496 6489 6491
f 6497 6496 6491
f 6498 6497 6491
f 6494 6498 6491
f 6499 6498 6494
f 6495 6499 6494
f 6500 6499 6495
f 6501 6499 6500
f 6502 6501 6500
f 6503 6502 6500
f 6504 6503 6500
f 6505 6503 6504
f 6506 6505 6504
f 6507 6505 6506
f 6508 6507 6506
f 6509 6510 6511
f 6512 6509 6511
f 6513 6509 6512
f 6514 6510 6509
f 6515 6514 6509
f 6516 6514 6515
f 6517 6516 6515
f 6518 6517 6515
f 6519 6517 6518
f 6520 6519 6518
f 6521 6519 6520
f 6522 6521 6520
f 6523 6522 6520
f 6524 6522 6523
f 6525 6524 6523
f 6526 6522 6524
f 6527 6526 6524
f 6528 6527 6524
f 6529 6530 6531
f 6532 6530 6529
f 6533 6532 6529
f 6534 6532 6533
f 6535 6534 6533
f 6536 6534 6535
f 6537 6536 6535
f 6538 6536 6537
f 6539 6538 6537
f 6540 6538 6539
f 6541 6540 6539
f 6542 6540 6541
f 6543 6540 6542
f 6544 6543 6542
f 6545 6543 6544
f 6546 6545 6544
f 6547 6545 6546
f 6548 6547 6546
f 6549 6547 6548
f 6550 6549 6548
f 6551 6549 6550
f 6552 6551 6550
f 6553 6552 6550
f 6554 6552 6553
f 6555 6552 6554
f 6556 6555 6554
f 6557 6556 6554
f 6558 6556 6557
f 6559 6556 6558
f 6560 6561 6562
f 6563 6561 6560
f 6564 6563 6560
f 6565 6563 6564
f 6566 6565 6564
f 6567 6565 6566
f 6568 6567 6566
f 6569 6568 6566
f 6570 6568 6569
f 6571 6572 6573
f 6574 6571 6573
f 6575 6574 6573
f 6576 6574 6575
f 6577 6578 6579
f 6580 6577 6579
f 6581 6580 6582
f 6583 6580 6581
f 6584 6583 6581
f 6585 6584 6581
f 6586 6585 6581
f 6587 6585 6586
f 6588 6585 6587
f 6589 6588 6587
f 6590 6588 6589
f 6591 6590 6589
f 6592 6590 6591
f 6593 6592 6591
f 6594 6592 6593
f 6595 6592 6594
f 6596 6595 6594
f 6597 6595 6596
f 6598 6597 6596
f 6599 6597 6598
f 6600 6599 6598
f 6601 6599 6600
f 6602 6601 6600
f 6603 6602 6600
f 6604 6602 6603
f 6605 6602 6604
f 6606 6605 6604
f 6607 6606 6604
f 6608 6606 6607
f 6609 6606 6608
f 6610 6609 6608
f 6611 6609 6610
f 6612 6611 6610
f 6613 6611 6612
f 6614 6611 6613
f 6615 6611 6614
f 6616 6615 6614
f 6617 6616 6614
f 6618 6616 6617
f 6619 6618 6617
f 6620 6619 6617
f 6621 6620 6617
f 6614 6621 6617
f 6622 6621 6614
f 6623 6621 6622
f 6624 6623 6622
f 6625 6624 6622
f 6626 6625 6622
f 6627 6626 6622
f 6628 6624 6625
f 6629 6628 6625
f 6630 6628 6629
f 6625 6631 6629
f 6625 6632 6631
f 6626 6632 6625
f 6633 6634 6635
f 6636 6633 6635
f 6637 6636 6635
f 6638 6636 6637
f 6639 6636 6638
f 6640 6639 6638
f 6641 6639 6640
f 6642 6641 6640
f 6643 6641 6642
f 6644 6645 6646
f 6647 6644 6646
f 6648 6644 6647
f 6649 6648 6647
f 6650 6649 6647
f 6651 6649 6650
f 6652 6651 6650
f 6653 6651 6652
f 6654 6655 6656
f 6657 6654 6656
f 6658 6654 6657
f 6659 6658 6657
f 6660 6659 6657
f 6661 6659 6660
f 6662 6661 6660
f 6663 6661 6662
f 6664 6663 6662
f 6665 6663 6664
f 6666 6665 6664
f 6667 6665 6666
f 6668 6667 6666
f 6669 6667 6668
f 6670 6667 6669
f 6671 6665 6667
f 6670 6671 6667
f 6672 6671 6670
f 6673 6672 6670
f 6674 6673 6670
f 6675 6673 6674
f 6676 6673 6675
f 6677 6676 6675
f 6678 6676 6677
f 6679 6678 6677
f 6680 6678 6679
f 6681 6676 6678
f 6682 6681 6678
f 6683 6682 6678
f 6684 6683 6678
f 6680 6684 6678
f 6685 6684 6680
f 6686 6684 6685
f 6687 6684 6686
f 6688 6687 6686
f 6689 6688 6686
f 6690 6689 6686
f 6691 6689 6690
f 6692 6691 6690
f 6693 6692 6690
f 6694 6692 6693
f 6695 6692 6694
f 6696 6695 6694
f 6697 6696 6694
f 6698 6695 6696
f 6699 6698 6696
f 6700 6698 6699
f 6701 6700 6699
f 6702 6700 6701
f 6703 6702 6701
f 6704 6703 6701
f 6705 6703 6704
f 6706 6705 6704
f 6707 6705 6706
f 6708 6707 6706
f 6709 6708 6706
f 6710 6708 6709
f 6711 6710 6709
f 6712 6711 6709
f 6713 6708 6710
f 6714 6715 6710
f 6711 6714 6710
f 6716 6715 6714
f 6717 6716 6714
f 6718 6716 6717
f 6719 6716 6718
f 6720 6719 6718
f 6721 6719 6720
f 6720 6722 6721
f 6723 6724 6725
f 6726 6723 6725
f 6727 6723 6726
f 6728 6723 6727
f 6729 6728 6727
f 6730 6729 6727
f 6731 6729 6730
f 6732 6731 6730
f 6733 6732 6730
f 6734 6732 6733
f 6735 6734 6733
f 6736 6734 6735
f 6737 6738 6739
f 6740 6737 6739
f 6741 6740 6739
f 6742 6740 6741
f 6743 6742 6741
f 6744 6742 6743
f 6745 6744 6743
f 6746 6745 6743
f 6747 6745 6746
f 6748 6747 6746
f 6749 6748 6746
f 6750 6748 6749
f 6751 6748 6750
f 6752 6751 6750
f 6753 6751 6752
f 6754 6751 6753
f 6755 6751 6754
f 6756 6755 6754
f 6757 6756 6754
f 6758 6756 6757
f 6759 6758 6757
f 6760 6759 6757
f 6761 6759 6760
f 6762 6761 6760
f 6763 6759 6761
f 6764 6763 6761
f 6765 6763 6764
f 6766 6765 6764
f 6767 6765 6766
f 6768 6767 6766
f 6769 6767 6768
f 6770 6769 6768
f 6771 6769 6770
f 6772 6769 6771
f 6773 6767 6769
f 6774 6767 6773
f 6775 6774 6773
f 6776 6775 6773
f 6777 6775 6776
f 6778 6777 6776
f 6779 6778 6776
f 6780 6778 6779
f 6781 6780 6779
f 6782 6780 6781
f 6783 6782 6781
f 6784 6783 6781
f 6785 6784 6781
f 6786 6784 6785
f 6787 6786 6785
f 6788 6786 6787
f 6789 6788 6787
f 6790 6788 6789
f 6791 6788 6790
f 6792 6788 6791
f 6793 6792 6791
f 6794 6793 6791
f 6795 6794 6791
f 6796 6794 6795
f 6797 6794 6796
f 6798 6797 6796
f 6799 6797 6798
f 6800 6799 6798
f 6801 6799 6800
f 6802 6801 6800
f 6803 6802 6800
f 6804 6802 6803
f 6805 6802 6804
f 6806 6805 6804
f 6807 6806 6804
f 6808 6809 6810
f 6811 6808 6810
f 6812 6811 6810
f 6813 6811 6812
f 6814 6811 6813
f 6815 6816 6817
f 6818 6815 6817
f 6819 6815 6818
f 6820 6819 6818
f 6817 6820 6818
f 6821 6819 6820
f 6822 6821 6820
f 6823 6822 6820
f 6824 6823 6820
f 6825 6823 6824
f 6826 6825 6824
f 6827 6825 6826
f 6828 6827 6826
f 6829 6828 6826
f 6830 6827 6828
f 6831 6830 6828
f 6832 6830 6831
f 6833 6832 6831
f 6834 6832 6833
f 6835 6834 6833
f 6836 6834 6835
f 6837 6836 6835
f 6838 6836 6837
f 6839 6838 6837
f 6840 6839 6837
f 6841 6839 6840
f 6842 6841 6840
f 6843 6841 6842
f 6844 6843 6842
f 6845 6843 6844
f 6846 6845 6844
f 6847 6845 6846
f 6848 6847 6846
f 6849 6845 6847
f 6850 6849 6847
f 6851 6850 6847
f 6848 6851 6847
f 6852 6850 6851
f 6853 6850 6852
f 6854 6850 6853
f 6855 6854 6853
f 6856 6854 6855
f 6857 6856 6855
f 6858 6854 6856
f 6859 6858 6856
f 6860 6858 6859
f 6861 6860 6859
f 6862 6861 6859
f 6863 6861 6862
f 6864 6863 6862
f 6865 6864 6862
f 6859 6865 6862
f 6866 6864 6865
f 6867 6866 6865
f 6868 6867 6865
f 6869 6866 6867
f 6870 6869 6867
f 6871 6869 6870
f 6872 6869 6871
f 6873 6869 6872
f 6874 6873 6872
f 6875 6874 6872
f 6876 6875 6872
f 6877 6876 6872
f 6871 6877 6872
f 6878 6876 6877
f 6879 6878 6877
f 6880 6878 6879
f 6881 6880 6879
f 6882 6881 6879
f 6883 6882 6879
f 6884 6881 6882
f 6885 6884 6882
f 6886 6884 6885
f 6887 6884 6886
f 6888 6884 6887
f 6889 6888 6887
f 6890 6889 6887
f 6891 6890 6887
f 6892 6890 6891
f 6893 6892 6891
f 6894 6892 6893
f 6895 6894 6893
f 6896 6895 6893
f 6897 6894 6895
f 6898 6897 6895
f 6899 6898 6895
f 6900 6898 6899
f 6901 6898 6900
f 6902 6898 6901
f 6903 6902 6901
f 6904 6903 6901
f 6905 6903 6904
f 6906 6905 6904
f 6907 6905 6906
f 6908 6907 6906
f 6909 6907 6908
f 6910 6907 6909
f 6911 6910 6909
f 6912 6911 6909
f 6913 6914 6915
f 6916 6914 6913
f 6917 6916 6913
f 6918 6917 6913
f 6919 6916 6917
f 6920 6919 6917
f 6921 6920 6917
f 6922 6920 6921
f 6923 6922 6921
f 6924 6922 6923
f 6925 6924 6923
f 6926 6924 6925
f 6927 6926 6925
f 6928 6927 6925
f 6929 6927 6928
f 6930 6929 6928
f 6931 6930 6928
f 6932 6930 6931
f 6933 6930 6932
f 6934 6930 6933
f 6935 6934 6933
f 6936 6934 6935
f 6937 6936 6935
f 6938 6936 6937
f 6939 6938 6937
f 6940 6938 6939
f 6941 6940 6939
f 6942 6940 6941
f 6943 6942 6941
f 6944 6943 6941
f 6945 6943 6944
f 6946 6945 6944
f 6947 6945 6946
f 6948 6945 6947
f 6949 6948 6947
f 6950 6945 6948
f 6951 6950 6948
f 6952 6950 6951
f 6953 6952 6951
f 6954 6952 6953
f 6955 6952 6954
f 6956 6955 6954
f 6957 6956 6954
f 6958 6956 6957
f 6959 6958 6957
f 6960 6958 6959
f 6961 6958 6960
f 6962 6958 6961
f 6963 6962 6961
f 6964 6963 6961
f 6965 6964 6961
f 6966 6964 6965
f 6967 6966 6965
f 6968 6966 6967
f 6969 6966 6968
f 6970 6969 6968
f 6971 6969 6970
f 6972 6969 6971
f 6973 6969 6972
f 6974 6973 6972
f 6975 6974 6972
f 6976 6974 6975
f 6977 6976 6975
f 6978 6974 6976
f 6979 6978 6976
f 6980 6979 6976
f 6977 6980 6976
f 6981 6980 6977
f 6982 6981 6977
f 6983 6981 6982
f 6984 6981 6983
f 6985 6984 6983
f 6986 6981 6984
f 6980 6981 6986
f 6987 6980 6986
f 6988 6987 6986
f 6989 6987 6988
f 6990 6989 6988
f 6991 6989 6990
f 6992 6991 6990
f 6993 6991 6992
f 6994 6993 6992
f 6995 6993 6994
f 6996 6995 6994
f 6997 6995 6996
f 6998 6995 6997
f 6999 6998 6997
f 7000 6998 6999
f 7001 7000 6999
f 7002 6998 7000
f 7003 7002 7000
f 7004 7002 7003
f 7005 7002 7004
f 7006 7005 7004
f 7007 7006 7004
f 7008 7006 7007
f 7009 7006 7008
f 6993 6995 6998
f 7002 6993 6998
f 7005 6993 7002
f 6991 6993 7005
f 6979 6980 6987
f 7010 6974 6978
f 6973 6974 7010
f 6964 6966 6969
f 6973 6964 6969
f 6963 6964 6973
f 7010 6963 6973
f 6962 6963 7010
f 6956 6958 6962
f 6943 6945 6950
f 7011 6936 6938
f 6934 6936 7011
f 6929 6930 6934
f 7011 6929 6934
f 6927 6929 7011
f 7012 6914 6916
f 6910 6911 7012
f 6916 6910 7012
f 6919 6910 6916
f 6897 6898 6902
f 6881 6884 6888
f 6880 6881 6888
f 6876 6878 6880
f 6866 6869 6873
f 6849 6850 6854
f 6858 6849 6854
f 7013 6809 6808
f 6806 6807 7014
f 6801 6802 6805
f 7015 6792 6793
f 6788 6792 7015
f 6786 6788 7015
f 7016 6786 7015
f 6784 6786 7016
f 6748 6751 6755
f 6747 6748 6755
f 6734 6736 6738
f 7017 6723 6728
f 6724 6723 7017
f 6683 6684 6687
f 7018 6616 6618
f 7019 7018 6618
f 7020 6616 7018
f 6615 6616 7020
f 7021 6615 7020
f 6609 6611 6615
f 7021 6609 6615
f 6606 6609 7021
f 6605 6606 7021
f 7020 6605 7021
f 6601 6602 6605
f 7020 6601 6605
f 7018 6601 7020
f 6599 6601 7018
f 7019 6599 7018
f 7019 6597 6599
f 6577 6580 6583
f 6392 6386 6388
f 6341 6342 6345
f 6377 7022 6376
f 7023 6277 6278
f 7024 6277 7023
f 7025 6277 7024
f 6273 6277 7025
f 6270 6273 7025
f 6268 6270 7025
f 7024 6268 7025
f 6264 6268 7024
f 6263 6264 7024
f 7023 6263 7024
f 6262 6263 7023
f 7026 6247 6250
f 6246 6247 7026
f 7027 6234 6236
f 6230 6229 6234
f 6234 7028 6230
f 7027 7028 6234
f 6165 6166 6170
f 6135 6141 6143
f 6143 6133 6135
f 7029 6019 6021
f 5998 5999 6002
f 7030 5988 5990
f 7031 7030 5990
f 5984 5985 5988
f 7030 5984 5988
f 7032 5984 7030
f 5981 5984 7032
f 5979 5981 7032
f 7030 7033 7032
f 7031 7033 7030
f 5955 5956 5958
f 5961 5955 5958
f 7034 5919 5921
f 7035 7034 5921
f 7036 7034 7035
f 7037 7034 7036
f 7038 7037 7036
f 7039 7037 7038
f 7040 7039 7038
f 7041 7040 7038
f 7042 7041 7038
f 7043 7041 7042
f 7044 7043 7042
f 7045 7043 7044
f 7046 7045 7044
f 7047 7046 7044
f 7048 7046 7047
f 7049 7048 7047
f 7050 7048 7049
f 7051 7050 7049
f 7052 7051 7049
f 7053 7054 7055
f 7056 7053 7055
f 7057 7053 7056
f 7058 7057 7056
f 7059 7057 7058
f 7060 7059 7058
f 7061 7059 7060
f 7062 7059 7061
f 7063 7062 7061
f 7064 7062 7063
f 7065 7064 7063
f 7066 7064 7065
f 7067 7066 7065
f 7068 7066 7067
f 7069 7066 7068
f 7070 7069 7068
f 7071 7070 7068
f 7072 7070 7071
f 7073 7072 7071
f 7074 7073 7071
f 7075 7073 7074
f 7076 7075 7074
f 7077 7078 7079
f 7080 7078 7077
f 7081 7080 7077
f 7082 7081 7077
f 7083 7082 7077
f 7084 7083 7077
f 7085 7083 7084
f 7086 7085 7084
f 7087 7086 7084
f 7088 7087 7084
f 7089 7087 7088
f 7090 7086 7087
f 7091 7086 7090
f 7092 7091 7090
f 7093 7092 7090
f 7094 7093 7090
f 7095 7092 7093
f 7096 7095 7093
f 7097 7092 7095
f 7098 7092 7097
f 7099 7098 7097
f 7100 7099 7097
f 7095 7100 7097
f 7101 7099 7100
f 7102 7101 7100
f 7103 7102 7100
f 7104 7102 7103
f 7105 7104 7103
f 7106 7102 7104
f 7107 7106 7104
f 7108 7107 7104
f 7109 7108 7104
f 7110 7108 7109
f 7111 7110 7109
f 7112 7108 7110
f 7113 7112 7110
f 7111 7113 7110
f 7114 7112 7113
f 7115 7114 7113
f 7116 7115 7113
f 7117 7115 7116
f 7118 7115 7117
f 7114 7115 7118
f 7119 7114 7118
f 7120 7121 7122
f 7123 7121 7120
f 7124 7123 7120
f 7125 7123 7124
f 7126 7125 7124
f 7127 7126 7124
f 7128 7126 7127
f 7129 7128 7127
f 7130 7125 7126
f 7131 7125 7130
f 7132 7125 7131
f 7133 7132 7131
f 7123 7125 7132
f 7134 7123 7132
f 7121 7123 7134
f 7114 7119 7134
f 7132 7114 7134
f 7112 7114 7132
f 7133 7112 7132
f 7107 7108 7112
f 7133 7107 7112
f 7106 7107 7133
f 7131 7106 7133
f 7101 7102 7106
f 7131 7101 7106
f 7130 7101 7131
f 7099 7101 7130
f 7126 7099 7130
f 7128 7099 7126
f 7098 7099 7128
f 7129 7098 7128
f 7091 7092 7098
f 7129 7091 7098
f 7085 7086 7091
f 7129 7085 7091
f 7082 7083 7085
f 7129 7082 7085
f 7127 7082 7129
f 7081 7082 7127
f 7124 7081 7127
f 7120 7081 7124
f 7080 7081 7120
f 7122 7080 7120
f 7116 7135 7117
f 7136 7135 7116
f 7137 7135 7136
f 7075 7137 7136
f 7138 7075 7136
f 7073 7075 7138
f 7072 7073 7138
f 7062 7057 7059
f 7139 7043 7045
f 7140 7139 7045
f 7141 7139 7140
f 7142 7141 7140
f 7143 7142 7140
f 7144 7139 7141
f 7041 7043 7139
f 7144 7041 7139
f 7040 7041 7144
f 5917 5919 7034
f 7037 5917 7034
f 5915 5917 7037
f 7039 5915 7037
f 5910 5915 7039
f 5909 5910 7039
f 7040 5909 7039
f 7144 5909 7040
f 5907 5909 7144
f 7141 5907 7144
f 5905 5907 7141
f 7142 5905 7141
f 5902 5905 7142
f 5901 5902 7142
f 7143 5901 7142
f 7145 5901 7143
f 7146 7145 7143
f 7147 7146 7143
f 7148 7145 7146
f 7149 7148 7146
f 7150 7148 7149
f 7151 7150 7149
f 7152 7148 7150
f 7153 7152 7150
f 7151 7153 7150
f 7154 7152 7153
f 7155 7152 7154
f 7156 7155 7154
f 7157 7156 7154
f 7158 7156 7157
f 7159 7158 7157
f 7160 7161 7162
f 7163 7161 7160
f 7164 7163 7160
f 7165 7163 7164
f 7166 7165 7164
f 7167 7165 7166
f 7168 7167 7166
f 7169 7167 7168
f 7170 7169 7168
f 7171 7170 7168
f 7172 7170 7171
f 7173 7172 7171
f 7174 7172 7173
f 7175 7172 7174
f 7176 7175 7174
f 7177 7176 7174
f 7178 7177 7174
f 7179 7177 7178
f 7180 7179 7178
f 7181 7179 7180
f 7182 7181 7180
f 7183 7182 7180
f 7184 7183 7180
f 7185 7183 7184
f 7186 7185 7184
f 7187 7183 7185
f 7188 7187 7185
f 7189 7188 7185
f 7190 7188 7189
f 7191 7188 7190
f 7192 7191 7190
f 7193 7191 7192
f 7194 7191 7193
f 7195 7194 7193
f 7196 7194 7195
f 7197 7196 7195
f 7198 7196 7197
f 7199 7198 7197
f 7200 7198 7199
f 7201 7200 7199
f 7202 7201 7199
f 7203 7201 7202
f 7204 7203 7202
f 7205 7204 7202
f 7206 7204 7205
f 7207 7204 7206
f 7208 7204 7207
f 7209 7208 7207
f 7210 7209 7207
f 7211 7208 7209
f 7212 7208 7211
f 7213 7212 7211
f 7214 7208 7212
f 7204 7208 7214
f 7203 7204 7214
f 7215 7203 7214
f 7216 7203 7215
f 7217 7216 7215
f 7218 7217 7215
f 7219 7217 7218
f 7220 7219 7218
f 7221 7219 7220
f 7222 7221 7220
f 7223 7224 7225
f 7226 7223 7225
f 7227 7223 7226
f 7228 7227 7226
f 7229 7227 7228
f 7230 7227 7229
f 7231 7227 7230
f 7232 7231 7230
f 7233 7232 7230
f 7234 7233 7230
f 7235 7233 7234
f 7236 7233 7235
f 7237 7236 7235
f 7238 7236 7237
f 7239 7238 7237
f 7240 7239 7237
f 7241 7239 7240
f 7242 7239 7241
f 7243 7242 7241
f 7244 7242 7243
f 7245 7242 7244
f 7246 7245 7244
f 7247 7246 7244
f 7248 7246 7247
f 7249 7248 7247
f 7250 7249 7247
f 7251 7249 7250
f 7252 7251 7250
f 7253 7251 7252
f 7254 7253 7252
f 7255 7254 7252
f 7256 7254 7255
f 7257 7256 7255
f 7258 7256 7257
f 7259 7258 7257
f 7260 7259 7257
f 7261 7259 7260
f 7262 7261 7260
f 7263 7262 7260
f 7264 7262 7263
f 7265 7264 7263
f 7266 7265 7263
f 7267 7265 7266
f 7268 7261 7262
f 7269 7261 7268
f 7270 7269 7268
f 7271 7269 7270
f 7272 7269 7271
f 7273 7272 7271
f 7274 7272 7273
f 7275 7274 7273
f 7276 7275 7273
f 7277 7275 7276
f 7278 7275 7277
f 7279 7278 7277
f 7280 7278 7279
f 7281 7280 7279
f 7282 7281 7279
f 7283 7281 7282
f 7284 7285 7286
f 7287 7285 7284
f 7288 7287 7284
f 7289 7288 7284
f 7290 7289 7284
f 7286 7290 7284
f 7291 7290 7286
f 7292 7288 7289
f 7293 7288 7292
f 7294 7293 7292
f 7295 7294 7292
f 7296 7294 7295
f 7297 7294 7296
f 7298 7297 7296
f 7299 7298 7296
f 7300 7299 7296
f 7301 7300 7296
f 7302 7300 7301
f 7303 7300 7302
f 7304 7303 7302
f 7305 7303 7304
f 7306 7303 7305
f 7307 7306 7305
f 7308 7306 7307
f 7309 7308 7307
f 7310 7308 7309
f 7311 7310 7309
f 7312 7311 7309
f 7313 7312 7309
f 7314 7312 7313
f 7315 7314 7313
f 7316 7314 7315
f 7317 7314 7316
f 7318 7317 7316
f 7319 7318 7316
f 7320 7318 7319
f 7321 7320 7319
f 7322 7320 7321
f 7323 7322 7321
f 7324 7322 7323
f 7325 7324 7323
f 7326 7324 7325
f 7327 7326 7325
f 7328 7326 7327
f 7327 7329 7328
f 7330 7329 7327
f 7331 7329 7330
f 7332 7331 7330
f 7333 7331 7332
f 7334 7333 7332
f 7335 7331 7333
f 7336 7331 7335
f 7337 7336 7335
f 7329 7331 7336
f 7338 7329 7336
f 7339 7338 7336
f 7340 7341 7342
f 7343 7341 7340
f 7344 7343 7340
f 7345 7343 7344
f 7346 7345 7344
f 7347 7346 7344
f 7348 7346 7347
f 7349 7346 7348
f 7350 7349 7348
f 7351 7349 7350
f 7352 7351 7350
f 7353 7352 7350
f 7354 7352 7353
f 7355 7354 7353
f 7356 7354 7355
f 7357 7356 7355
f 7358 7357 7355
f 7359 7358 7355
f 7360 7358 7359
f 7361 7358 7360
f 7357 7358 7361
f 7362 7357 7361
f 7363 7357 7362
f 7364 7363 7362
f 7365 7364 7362
f 7366 7365 7362
f 7361 7366 7362
f 7360 7366 7361
f 7367 7366 7360
f 7368 7366 7367
f 7369 7366 7368
f 7370 7369 7368
f 7371 7372 7373
f 7374 7371 7373
f 7375 7371 7374
f 7376 7377 7378
f 7379 7377 7376
f 7380 7379 7376
f 7381 7379 7380
f 7382 7381 7380
f 7383 7382 7380
f 7384 7382 7383
f 7385 7384 7383
f 7386 7382 7384
f 7387 7386 7384
f 7388 7382 7386
f 7389 7388 7386
f 7390 7389 7386
f 7387 7390 7386
f 7391 7390 7387
f 7392 7390 7391
f 7393 7392 7391
f 7394 7393 7391
f 7395 7393 7394
f 7396 7393 7395
f 7397 7396 7395
f 7398 7396 7397
f 7399 7393 7396
f 7400 7399 7396
f 7401 7399 7400
f 7402 7401 7400
f 7403 7402 7400
f 7404 7402 7403
f 7405 7404 7403
f 7406 7405 7403
f 7407 7405 7406
f 7408 7407 7406
f 7409 7408 7406
f 7403 7409 7406
f 7410 7408 7409
f 7411 7410 7409
f 7412 7410 7411
f 7413 7412 7411
f 7414 7410 7412
f 7415 7414 7412
f 7416 7415 7412
f 7417 7415 7416
f 7418 7419 7420
f 7421 7419 7418
f 7422 7421 7418
f 7423 7421 7422
f 7424 7423 7422
f 7425 7423 7424
f 7426 7425 7424
f 7427 7426 7424
f 7428 7429 7430
f 7431 7428 7430
f 7432 7428 7431
f 7433 7432 7431
f 7434 7432 7433
f 7435 7434 7433
f 7436 7434 7435
f 7437 7436 7435
f 7438 7436 7437
f 7439 7438 7437
f 7440 7438 7439
f 7441 7440 7439
f 7442 7441 7439
f 7443 7440 7441
f 7444 7443 7441
f 7445 7443 7444
f 7446 7434 7436
f 7447 7434 7446
f 7448 7447 7446
f 7449 7447 7448
f 7450 7449 7448
f 7451 7450 7448
f 7452 7450 7451
f 7453 7450 7452
f 7454 7453 7452
f 7455 7454 7452
f 7456 7454 7455
f 7457 7453 7454
f 7458 7457 7454
f 7459 7458 7454
f 7456 7459 7454
f 7460 7459 7456
f 7461 7459 7460
f 7462 7461 7460
f 7463 7462 7460
f 7464 7462 7463
f 7465 7462 7464
f 7466 7465 7464
f 7467 7466 7464
f 7468 7466 7467
f 7469 7468 7467
f 7470 7471 7472
f 7473 7471 7470
f 7474 7475 7476
f 7477 7475 7474
f 7478 7477 7474
f 7479 7478 7474
f 7480 7478 7479
f 7481 7480 7479
f 7482 7480 7481
f 7480 7482 7483
f 7484 7480 7483
f 7485 7480 7484
f 7486 7485 7484
f 7487 7486 7484
f 7488 7485 7486
f 7489 7485 7488
f 7490 7489 7488
f 7491 7489 7490
f 7492 7491 7490
f 7493 7491 7492
f 7494 7493 7492
f 7495 7493 7496
f 7497 7495 7496
f 7498 7495 7497
f 7499 7495 7498
f 7491 7493 7495
f 7500 7491 7495
f 7489 7491 7500
f 7501 7489 7500
f 7502 7501 7500
f 7485 7489 7501
f 7480 7485 7501
f 7478 7480 7501
f 7502 7478 7501
f 7477 7478 7502
f 7503 7475 7477
f 7466 7468 7504
f 7505 7466 7504
f 7465 7466 7505
f 7506 7465 7505
f 7461 7462 7465
f 7506 7461 7465
f 7449 7450 7453
f 7507 7447 7449
f 7432 7434 7447
f 7507 7432 7447
f 7428 7432 7507
f 7508 7509 7510
f 7423 7425 7509
f 7421 7423 7509
f 7508 7421 7509
f 7419 7421 7508
f 7511 7419 7508
f 7415 7417 7512
f 7513 7415 7512
f 7414 7415 7513
f 7392 7393 7399
f 7381 7382 7388
f 7365 7366 7369
f 7356 7357 7363
f 7322 7324 7514
f 7293 7294 7297
f 7515 7242 7245
f 7239 7242 7515
f 7238 7239 7515
f 7223 7227 7231
f 7201 7203 7216
f 7187 7188 7191
f 7194 7187 7191
f 7516 7152 7155
f 7148 7152 7516
f 7145 7148 7516
f 5901 7145 7516
f 5899 5901 7516
f 5898 5899 7516
f 7155 5898 7516
f 5894 5895 5898
f 7155 5894 5898
f 7156 5894 7155
f 5893 5894 7156
f 7158 5893 7156
f 5849 5848 5853
f 5837 5840 7517
f 7518 7519 7520
f 7521 7518 7520
f 7522 7518 7521
f 7523 7522 7521
f 7524 7522 7523
f 7525 7524 7523
f 7526 7524 7525
f 7527 7526 7525
f 7528 7527 7525
f 7529 7527 7528
f 7530 7527 7529
f 7531 7530 7529
f 7532 7530 7531
f 7533 7532 7531
f 7534 7532 7533
f 7535 7534 7533
f 7536 7535 7533
f 7537 7535 7536
f 7538 7535 7537
f 7539 7538 7537
f 7540 7539 7537
f 7541 7539 7540
f 7538 7539 7541
f 7542 7538 7541
f 7543 7542 7541
f 7544 7543 7541
f 7545 7542 7543
f 7546 7545 7543
f 7547 7545 7546
f 7548 7547 7546
f 7549 7548 7546
f 7550 7549 7546
f 7543 7550 7546
f 7544 7550 7543
f 7551 7549 7550
f 7552 7548 7549
f 7553 7548 7552
f 7554 7548 7553
f 7555 7554 7553
f 7556 7555 7553
f 7557 7555 7556
f 7558 7557 7556
f 7559 7560 7561
f 7562 7559 7561
f 7563 7559 7562
f 7564 7559 7563
f 7565 7564 7563
f 7566 7565 7563
f 7567 7565 7566
f 7568 7567 7566
f 7569 7568 7566
f 7570 7568 7569
f 7571 7570 7569
f 7572 7570 7571
f 7573 7572 7571
f 7574 7572 7573
f 7575 7574 7573
f 7576 7574 7575
f 7577 7576 7575
f 7578 7576 7577
f 7579 7578 7577
f 7580 7578 7579
f 7581 7580 7579
f 7582 7580 7581
f 7583 7582 7581
f 7584 7582 7583
f 7585 7586 7587
f 7588 7585 7587
f 7589 7588 7587
f 7590 7589 7591
f 7592 7590 7591
f 7593 7590 7592
f 7594 7590 7593
f 7595 7594 7593
f 7596 7594 7595
f 7597 7596 7595
f 7598 7597 7595
f 7599 7598 7595
f 7600 7598 7599
f 7601 7600 7599
f 7602 7600 7601
f 7603 7602 7601
f 7604 7602 7603
f 7605 7604 7603
f 7606 7604 7605
f 7607 7606 7605
f 7608 7606 7607
f 7609 7608 7607
f 7610 7608 7609
f 7611 7610 7609
f 7612 7610 7611
f 7613 7612 7611
f 7614 7613 7611
f 7615 7613 7614
f 7616 7615 7614
f 7617 7615 7616
f 7618 7615 7617
f 7619 7620 7621
f 7622 7619 7621
f 7623 7619 7622
f 7624 7623 7622
f 7625 7623 7624
f 7626 7625 7624
f 7627 7625 7626
f 7628 7627 7626
f 7629 7628 7626
f 7630 7628 7629
f 7631 7628 7630
f 7632 7631 7630
f 7633 7632 7630
f 7634 7633 7630
f 7629 7634 7630
f 7635 7633 7634
f 7636 7633 7635
f 7632 7633 7636
f 7637 7632 7636
f 7638 7632 7637
f 7639 7638 7637
f 7640 7639 7637
f 7641 7639 7640
f 7642 7641 7640
f 7643 7641 7642
f 7644 7643 7642
f 7645 7641 7643
f 7646 7645 7643
f 7647 7648 7649
f 7650 7647 7649
f 7651 7650 7649
f 7652 7653 7654
f 7655 7653 7652
f 7656 7655 7652
f 7657 7656 7652
f 7658 7656 7657
f 7659 7658 7657
f 7660 7658 7659
f 7661 7660 7659
f 7662 7660 7661
f 7663 7662 7661
f 7664 7663 7661
f 7665 7663 7664
f 7666 7663 7665
f 7667 7666 7665
f 7668 7667 7665
f 7669 7668 7665
f 7670 7668 7669
f 7671 7668 7670
f 7672 7671 7670
f 7673 7671 7672
f 7674 7673 7672
f 7675 7674 7672
f 7676 7675 7672
f 7677 7676 7672
f 7678 7676 7677
f 7679 7678 7677
f 7680 7676 7678
f 7681 7676 7680
f 7682 7681 7680
f 7683 7681 7682
f 7684 7676 7681
f 7685 7684 7681
f 7686 7684 7685
f 7687 7684 7686
f 7688 7687 7686
f 7689 7688 7686
f 7690 7688 7689
f 7691 7690 7689
f 7692 7690 7691
f 7693 7692 7691
f 7694 7692 7693
f 7695 7694 7693
f 7696 7694 7695
f 7697 7698 7699
f 7700 7698 7697
f 7701 7698 7700
f 7702 7701 7700
f 7703 7702 7700
f 7704 7703 7700
f 7705 7703 7704
f 7706 7703 7705
f 7707 7706 7705
f 7708 7706 7707
f 7709 7706 7708
f 7710 7709 7708
f 7711 7709 7710
f 7712 7711 7710
f 7713 7711 7712
f 7714 7711 7713
f 7715 7714 7713
f 7716 7715 7713
f 7717 7715 7716
f 7718 7715 7717
f 7719 7718 7717
f 7720 7719 7717
f 7721 7719 7720
f 7722 7719 7721
f 7723 7722 7721
f 7724 7722 7723
f 7725 7724 7723
f 7726 7722 7724
f 7727 7726 7724
f 7728 7727 7724
f 7725 7728 7724
f 7729 7728 7725
f 7730 7728 7729
f 7731 7728 7730
f 7732 7731 7730
f 7733 7732 7730
f 7734 7732 7733
f 7735 7736 7737
f 7738 7735 7737
f 7739 7735 7738
f 7740 7739 7738
f 7741 7739 7740
f 7742 7739 7741
f 7743 7742 7741
f 7744 7745 7746
f 7747 7745 7744
f 7748 7747 7744
f 7749 7748 7744
f 7750 7749 7744
f 7751 7749 7750
f 7752 7751 7750
f 7753 7752 7750
f 7754 7753 7750
f 7755 7753 7754
f 7756 7757 7758
f 7759 7756 7758
f 7760 7759 7758
f 7761 7759 7760
f 7762 7763 7764
f 7765 7763 7762
f 7766 7765 7762
f 7767 7766 7762
f 7768 7766 7767
f 7769 7766 7768
f 7770 7769 7768
f 7771 7770 7768
f 7772 7769 7770
f 7773 7769 7772
f 7774 7773 7772
f 7775 7773 7774
f 7776 7775 7774
f 7777 7776 7774
f 7778 7776 7777
f 7779 7778 7777
f 7780 7778 7779
f 7781 7780 7779
f 7782 7778 7780
f 7783 7778 7782
f 7784 7783 7782
f 7785 7784 7782
f 7786 7784 7785
f 7787 7786 7785
f 7788 7787 7785
f 7789 7788 7785
f 7790 7788 7789
f 7791 7788 7790
f 7792 7791 7790
f 7793 7792 7790
f 7794 7792 7793
f 7795 7794 7793
f 7796 7795 7793
f 7797 7796 7793
f 7798 7795 7796
f 7799 7795 7798
f 7800 7799 7798
f 7801 7799 7800
f 7802 7799 7801
f 7803 7799 7802
f 7804 7803 7802
f 7805 7803 7804
f 7806 7805 7804
f 7807 7805 7806
f 7808 7807 7806
f 7809 7808 7806
f 7810 7808 7809
f 7811 7810 7809
f 7812 7813 7814
f 7815 7812 7814
f 7816 7812 7815
f 7817 7816 7815
f 7818 7816 7817
f 7819 7813 7812
f 7820 7819 7812
f 7821 7819 7820
f 7822 7819 7821
f 7823 7822 7821
f 7824 7825 7823
f 7821 7824 7823
f 7824 7826 7825
f 7810 7826 7824
f 7808 7810 7824
f 7827 7808 7824
f 7807 7808 7827
f 7828 7807 7827
f 7805 7807 7828
f 7795 7799 7803
f 7794 7795 7803
f 7805 7794 7803
f 7828 7794 7805
f 7792 7794 7828
f 7791 7792 7828
f 7827 7791 7828
f 7829 7791 7827
f 7788 7791 7829
f 7787 7788 7829
f 7776 7778 7783
f 7830 7773 7775
f 7831 7773 7830
f 7769 7773 7831
f 7766 7769 7831
f 7761 7765 7766
f 7831 7761 7766
f 7759 7761 7831
f 7830 7759 7831
f 7756 7759 7830
f 7748 7749 7751
f 7832 7745 7747
f 7833 7832 7747
f 7675 7676 7684
f 7687 7675 7684
f 7674 7675 7687
f 7667 7668 7671
f 7662 7663 7666
f 7834 7648 7647
f 7631 7632 7638
f 7588 7589 7590
f 7594 7588 7590
f 7596 7588 7594
f 7585 7588 7596
f 7547 7548 7554
f 7835 5827 5829
f 7836 5827 7835
f 5825 5827 7836
f 5805 5807 5825
f 7836 5805 5825
f 5803 5805 7836
f 7835 5803 7836
f 5800 5803 7835
f 5797 5800 7835
f 5829 5797 7835
f 5796 5797 5829
f 5830 5796 5829
f 7837 5790 5792
f 5786 5790 7837
f 5784 5786 7837
f 7838 5784 7837
f 7839 5784 7838
f 5783 5784 7839
f 7840 5783 7839
f 7841 7840 7839
f 5781 5783 7840
f 5776 5778 5781
f 7840 5776 5781
f 5774 5776 7840
f 5772 5774 7840
f 7841 5772 7840
f 5770 5772 7841
f 5641 5643 5745
f 5598 5600 5607
f 5485 5484 5489
f 7842 5455 5458
f 5448 5455 7842
f 5449 5448 7842
f 7843 5407 5408
f 7844 5407 7843
f 7845 5407 7844
f 5406 5407 7845
f 5402 5403 5406
f 7845 5402 5406
f 5398 5402 7845
f 5394 5395 5398
f 7845 5394 5398
f 7844 5394 7845
f 5392 5394 7844
f 7843 5392 7844
f 5390 5392 7843
f 5368 5369 5372
f 5335 5336 5341
f 7846 7847 7848
f 5324 5325 7847
f 7846 5324 7847
f 5321 5324 7846
f 5319 5321 7846
f 7848 5319 7846
f 5305 5306 5309
f 5253 5256 5259
f 7849 7850 7851
f 7852 7849 7851
f 7853 7850 7849
f 7854 7855 7853
f 7856 7854 7853
f 7849 7856 7853
f 7857 7855 7854
f 7854 7858 7857
f 7859 7860 7861
f 7862 7859 7861
f 7863 7859 7862
f 7864 7865 7860
f 7866 7865 7864
f 7867 7868 7866
f 7869 7867 7866
f 7864 7869 7866
f 7870 7869 7864
f 7871 7869 7870
f 7872 7871 7870
f 7873 7871 7872
f 7874 7873 7872
f 7875 7874 7872
f 7876 7874 7875
f 7877 7876 7875
f 7878 7876 7877
f 7879 7876 7878
f 7880 7879 7878
f 7881 7880 7878
f 7882 7880 7881
f 7883 7882 7881
f 7884 7883 7881
f 7885 7884 7881
f 7886 7884 7885
f 7887 7884 7886
f 7888 7884 7887
f 7889 7888 7887
f 7890 7889 7887
f 7891 7889 7890
f 7892 7889 7891
f 7893 7892 7891
f 7894 7893 7891
f 7895 7893 7894
f 7896 7895 7894
f 7897 7895 7896
f 7898 7897 7896
f 7899 7897 7898
f 7900 7899 7898
f 7901 7899 7900
f 7902 7901 7900
f 7903 7901 7902
f 7904 7903 7902
f 7905 7903 7904
f 7906 7905 7904
f 7907 7905 7906
f 7908 7907 7906
f 7909 7908 7906
f 7910 7908 7909
f 7911 7910 7909
f 7912 7911 7909
f 7913 7910 7911
f 7914 7910 7913
f 7915 7914 7913
f 7916 7915 7913
f 7917 7918 7919
f 7920 7917 7919
f 7921 7922 7923
f 7924 7921 7923
f 7925 7924 7923
f 7926 7921 7924
f 7927 7926 7924
f 7928 7927 7924
f 7929 7927 7928
f 7930 7929 7928
f 7931 7930 7928
f 7924 7931 7928
f 7925 7931 7924
f 7930 7931 7932
f 7933 7930 7932
f 7934 7930 7933
f 7935 7934 7933
f 7936 7934 7935
f 7937 7934 7936
f 7938 7937 7936
f 7939 7937 7938
f 7940 7937 7939
f 7941 7940 7939
f 7942 7941 7939
f 7943 7942 7939
f 7944 7945 7946
f 7947 7944 7946
f 7948 7947 7946
f 7949 7947 7948
f 7950 7949 7948
f 7951 7949 7950
f 7952 7951 7950
f 7953 7952 7950
f 7954 7952 7953
f 7955 7952 7954
f 7956 7955 7954
f 7957 7955 7956
f 7958 7957 7956
f 7959 7957 7958
f 7960 7959 7958
f 7961 7959 7960
f 7962 7961 7960
f 7963 7961 7962
f 7964 7961 7963
f 7965 7964 7963
f 7966 7965 7963
f 7967 7965 7966
f 7968 7967 7966
f 7969 7967 7968
f 7970 7969 7968
f 7971 7970 7968
f 7972 7970 7971
f 7973 7972 7971
f 7974 7973 7971
f 7975 7973 7974
f 7976 7975 7974
f 7977 7976 7974
f 7978 7976 7977
f 7979 7976 7978
f 7980 7979 7978
f 7981 7980 7978
f 7982 7980 7981
f 7983 7980 7982
f 7984 7983 7982
f 7985 7984 7982
f 7986 7984 7985
f 7987 7986 7985
f 7988 7986 7987
f 7989 7988 7987
f 7990 7988 7989
f 7991 7990 7989
f 7992 7991 7989
f 7993 7994 7992
f 7995 7993 7992
f 7996 7993 7995
f 7997 7993 7996
f 7998 7997 7996
f 7999 7997 7998
f 8000 7999 7998
f 8001 7997 7999
f 8002 7997 8001
f 8003 8004 8005
f 8006 8004 8003
f 8007 8006 8003
f 8008 8006 8007
f 8009 8008 8007
f 8010 8009 8007
f 8011 8009 8010
f 8012 8013 8014
f 8015 8012 8014
f 8016 8013 8012
f 8017 8016 8012
f 8018 8016 8017
f 8019 8018 8017
f 8020 8018 8019
f 8021 8018 8020
f 8022 8021 8020
f 8023 8022 8020
f 8024 8022 8023
f 8025 8022 8024
f 8026 8025 8024
f 8027 8026 8024
f 8028 8026 8027
f 8029 8028 8027
f 8030 8029 8027
f 8031 8029 8030
f 8032 8031 8030
f 8033 8031 8032
f 8034 8031 8033
f 8035 8034 8033
f 8036 8035 8033
f 8037 8035 8036
f 8038 8035 8037
f 8039 8038 8037
f 8040 8038 8039
f 8041 8040 8039
f 8042 8040 8041
f 8043 8042 8041
f 8044 8042 8043
f 8045 8044 8043
f 8046 8045 8043
f 8047 8045 8046
f 8048 8045 8047
f 8049 8048 8047
f 8050 8049 8047
f 8051 8049 8050
f 8052 8049 8051
f 8053 8052 8051
f 8054 8053 8051
f 8055 8053 8054
f 8056 8055 8054
f 8057 8056 8054
f 8058 8056 8057
f 8059 8058 8057
f 8060 8058 8059
f 8061 8058 8060
f 8061 8056 8058
f 8062 8055 8056
f 8063 8062 8056
f 8064 8062 8063
f 8065 8064 8063
f 8066 8065 8063
f 8067 8066 8063
f 8068 8066 8067
f 8069 8068 8067
f 8070 8069 8067
f 8071 8069 8070
f 8072 8071 8070
f 8073 8071 8072
f 6376 7022 8074
f 8075 8076 8077
f 8076 8078 8077
f 8079 8080 8081
f 8082 8080 8079
f 8083 8080 8082
f 8084 8083 8082
f 8085 8084 8082
f 8086 8084 8085
f 8087 8086 8085
f 8088 8086 8087
f 8089 8088 8087
f 8090 8089 8087
f 8091 8090 8087
f 8092 8088 8089
f 8093 8092 8089
f 8094 8093 8089
f 8095 8093 8094
f 8096 8093 8095
f 8097 8096 8095
f 8098 8097 8095
f 8099 8097 8098
f 8100 8099 8098
f 8101 8099 8100
f 8102 8099 8101
f 8103 8099 8102
f 8104 8099 8103
f 8105 8104 8103
f 8106 8104 8105
f 8107 8104 8106
f 8108 8107 8106
f 8109 8108 8106
f 8110 8109 8106
f 8111 8110 8106
f 8112 8109 8110
f 8111 8112 8110
f 8113 8109 8112
f 8114 8113 8112
f 8115 8114 8112
f 8116 8115 8112
f 8117 8116 8112
f 8118 8116 8117
f 8119 8118 8117
f 8120 8119 8117
f 8121 8119 8120
f 8122 8121 8120
f 8123 8122 8120
f 8124 8122 8123
f 8125 8124 8123
f 8126 8125 8123
f 8127 8122 8124
f 8128 8122 8127
f 8129 8122 8128
f 8130 8129 8128
f 8131 8130 8128
f 8132 8130 8131
f 8133 8132 8131
f 8134 8133 8131
f 8135 8133 8134
f 8136 8135 8134
f 8137 8136 8134
f 8138 8136 8137
f 8139 8136 8140
f 8141 8139 8140
f 8142 8139 8141
f 8143 8142 8141
f 8144 8142 8143
f 8145 8144 8143
f 8146 8145 8143
f 8147 8146 8143
f 8148 8149 8150
f 8151 8148 8150
f 8152 8148 8151
f 8153 8152 8151
f 8154 8152 8153
f 8155 8154 8153
f 8156 8154 8155
f 8157 8154 8156
f 8158 8157 8156
f 8159 8158 8156
f 8160 8158 8159
f 8161 8160 8159
f 8162 8160 8161
f 8163 8160 8162
f 8164 8163 8162
f 8165 8164 8162
f 8166 8165 8162
f 8167 8165 8166
f 8168 8167 8166
f 8169 8165 8167
f 8170 8169 8167
f 8171 8165 8169
f 8172 8171 8169
f 8173 8172 8169
f 8174 8172 8173
f 8175 8174 8173
f 8176 8175 8173
f 8177 8176 8173
f 8178 8177 8173
f 8179 8177 8178
f 8180 8179 8178
f 8181 8179 8180
f 8182 8181 8180
f 8183 8181 8182
f 8184 8183 8182
f 8185 8184 8182
f 8186 8187 8188
f 8189 8186 8188
f 8190 8186 8189
f 8191 8186 8190
f 8192 8186 8191
f 8193 8192 8191
f 8194 8192 8193
f 8195 8192 8194
f 8196 8195 8194
f 8197 8196 8194
f 8198 8197 8194
f 8199 8198 8194
f 8193 8199 8194
f 8200 8198 8199
f 8201 8200 8199
f 8202 8200 8201
f 8203 8195 8196
f 8204 8195 8203
f 8187 8186 8192
f 8195 8187 8192
f 8204 8187 8195
f 8205 8206 8207
f 8208 8205 8207
f 8209 8205 8208
f 8210 8205 8209
f 8211 8210 8209
f 8212 8210 8211
f 8213 8212 8211
f 8214 8212 8213
f 8215 8214 8213
f 8216 8214 8215
f 8217 8214 8216
f 8218 8217 8216
f 8219 8218 8216
f 8220 8218 8219
f 8221 8218 8220
f 8222 8221 8220
f 8223 8221 8222
f 8224 8221 8223
f 8225 8224 8223
f 8226 8227 8228
f 8229 8227 8226
f 8230 8229 8226
f 8231 8229 8230
f 8232 8231 8230
f 8233 8232 8230
f 8234 8232 8233
f 8232 8235 8231
f 8236 8237 8238
f 8239 8237 8236
f 8240 8241 8242
f 8243 8240 8242
f 8244 8243 8242
f 8245 8243 8244
f 8246 8243 8245
f 8247 8246 8245
f 8248 8247 8245
f 8249 8247 8248
f 8250 8251 8252
f 8253 8250 8252
f 8254 8250 8253
f 8255 8254 8253
f 8256 8254 8255
f 8257 8254 8256
f 8258 8257 8256
f 8259 8258 8256
f 8260 8257 8258
f 8261 8260 8258
f 8262 8261 8258
f 8259 8262 8258
f 8263 8262 8259
f 8264 8262 8263
f 8265 8264 8263
f 8266 8264 8265
f 8267 8266 8265
f 8268 8266 8267
f 8269 8268 8267
f 8270 8268 8269
f 8271 8270 8269
f 8272 8271 8269
f 8273 8274 8275
f 8276 8273 8275
f 8277 8273 8276
f 8278 8277 8276
f 8279 8280 8281
f 8282 8279 8281
f 8283 8279 8282
f 8284 8283 8282
f 8285 8284 8282
f 8286 8285 8282
f 8287 8285 8286
f 8288 8287 8286
f 8289 8287 8288
f 8290 8289 8288
f 8291 8290 8288
f 8292 8290 8291
f 8293 8290 8292
f 8294 8293 8292
f 8295 8293 8294
f 8296 8293 8295
f 8297 8296 8295
f 8298 8296 8297
f 8299 8298 8297
f 8300 8298 8299
f 8301 8300 8299
f 8302 8300 8301
f 8303 8302 8301
f 8304 8302 8303
f 8305 8304 8303
f 8306 8304 8305
f 8307 8306 8305
f 8308 8306 8307
f 8309 8306 8308
f 8310 8309 8308
f 8311 8310 8308
f 8312 8310 8311
f 8313 8310 8312
f 8314 8313 8312
f 8315 8314 8312
f 8316 8314 8315
f 8317 8316 8315
f 8318 8317 8315
f 8319 8317 8318
f 8320 8319 8318
f 8321 8319 8320
f 8322 8321 8320
f 8323 8322 8320
f 8324 8322 8323
f 8325 8324 8323
f 8326 8324 8325
f 8327 8326 8325
f 8328 8326 8327
f 8329 8326 8328
f 8330 8331 8332
f 8333 8330 8332
f 8334 8333 8332
f 8335 8333 8334
f 8336 8333 8335
f 8337 8336 8335
f 8338 8337 8335
f 8339 8337 8338
f 8340 8339 8338
f 8341 8339 8340
f 8342 8337 8339
f 8343 8342 8339
f 8344 8343 8339
f 8345 8343 8344
f 8342 8343 8345
f 8336 8337 8342
f 8346 8336 8342
f 8347 8336 8346
f 8348 8347 8346
f 8349 8348 8346
f 8350 8349 8346
f 8351 8350 8346
f 8352 8350 8351
f 8353 8350 8352
f 8354 8353 8352
f 8355 8354 8352
f 8356 8355 8352
f 8351 8356 8352
f 8357 8356 8351
f 8358 8356 8357
f 8359 8358 8357
f 8360 8358 8359
f 8361 8358 8360
f 8362 8358 8361
f 8363 8362 8361
f 8364 8363 8361
f 8365 8362 8363
f 8364 8365 8363
f 8366 8365 8364
f 8367 8366 8364
f 8368 8367 8364
f 8369 8366 8367
f 8370 8369 8367
f 8371 8369 8370
f 8372 8371 8370
f 8373 8372 8370
f 8374 8372 8373
f 8375 8372 8374
f 8376 8372 8375
f 8377 8376 8375
f 8378 8377 8375
f 8379 8377 8378
f 8380 8379 8378
f 8381 8379 8380
f 8382 8381 8380
f 8383 8381 8382
f 8384 8383 8382
f 8385 8383 8384
f 8386 8381 8383
f 8387 8381 8386
f 8388 8387 8386
f 8389 8388 8386
f 8390 8388 8389
f 8391 8390 8389
f 8392 8390 8391
f 8393 8392 8391
f 8394 8392 8393
f 8395 8394 8393
f 8396 8394 8395
f 8397 8396 8395
f 8398 8396 8397
f 8399 8398 8397
f 8400 8399 8397
f 8401 8399 8400
f 8402 8399 8401
f 8403 8402 8401
f 8404 8403 8401
f 8405 8404 8401
f 8406 8404 8405
f 8407 8406 8405
f 8408 8407 8405
f 8409 8408 8405
f 8410 8408 8409
f 8411 8410 8409
f 8412 8411 8409
f 8413 8412 8409
f 8414 8411 8412
f 8415 8414 8412
f 8416 8414 8415
f 8417 8418 8419
f 8420 8418 8417
f 8421 8408 8410
f 8407 8408 8421
f 8422 8407 8421
f 8423 8422 8421
f 8424 8422 8423
f 8425 8422 8424
f 8426 8425 8424
f 8427 8425 8426
f 8428 8427 8426
f 8429 8428 8426
f 8430 8428 8429
f 8431 8428 8430
f 8432 8431 8430
f 8433 8431 8432
f 8434 8435 8436
f 8437 8435 8434
f 8438 8437 8434
f 8439 8437 8438
f 8440 8439 8438
f 8441 8439 8440
f 8442 8441 8440
f 8443 8441 8442
f 8444 8443 8442
f 8445 8444 8442
f 8446 8445 8442
f 8447 8445 8446
f 8448 8447 8446
f 8449 8447 8448
f 8450 8449 8448
f 8451 8449 8450
f 8452 8449 8451
f 8453 8452 8451
f 8454 8452 8453
f 8455 8454 8453
f 8456 8455 8453
f 8457 8455 8456
f 8458 8457 8456
f 8459 8457 8458
f 8460 8459 8458
f 8461 8459 8460
f 8462 8459 8461
f 8463 8462 8461
f 8464 8462 8463
f 8465 8464 8463
f 8466 8464 8465
f 8467 8464 8466
f 8468 8467 8466
f 8469 8468 8466
f 8470 8468 8469
f 8471 8470 8469
f 8472 8470 8471
f 8473 8470 8472
f 8474 8473 8472
f 8475 8473 8474
f 8476 8475 8474
f 8477 8475 8476
f 8478 8477 8476
f 8479 8477 8478
f 8480 8477 8479
f 8481 8480 8479
f 8478 8481 8479
f 8482 8480 8481
f 8483 8482 8481
f 8484 8482 8483
f 8485 8484 8483
f 8486 8485 8483
f 8487 8486 8483
f 8488 8485 8486
f 8489 8488 8486
f 8490 8489 8486
f 8491 8489 8490
f 8492 8491 8490
f 8493 8489 8491
f 8494 8493 8491
f 8495 8493 8494
f 8496 8495 8494
f 8497 8495 8496
f 8498 8497 8496
f 8499 8497 8498
f 8500 8497 8499
f 8501 8500 8499
f 8502 8501 8499
f 8503 8502 8499
f 8504 8503 8499
f 8505 8503 8504
f 8506 8505 8504
f 8507 8505 8506
f 8504 8508 8506
f 8509 8505 8507
f 8510 8505 8509
f 8511 8510 8509
f 8512 8510 8511
f 8513 8514 8515
f 8516 8513 8515
f 8517 8513 8516
f 8518 8517 8516
f 8519 8517 8518
f 8520 8519 8518
f 8521 8522 8523
f 8524 8522 8521
f 8525 8524 8521
f 8526 8525 8521
f 8527 8525 8526
f 8528 8525 8527
f 8529 8528 8527
f 8530 8528 8529
f 8531 8530 8529
f 8532 8531 8529
f 8533 8531 8532
f 8534 8533 8532
f 8535 8533 8534
f 8536 8535 8534
f 8537 8535 8536
f 8538 8537 8536
f 8539 8537 8538
f 8540 8539 8538
f 8541 8539 8540
f 8542 8541 8540
f 8543 8541 8542
f 8544 8541 8543
f 8545 8544 8543
f 8546 8545 8543
f 8547 8545 8546
f 8548 8545 8547
f 8549 8548 8547
f 8550 8548 8549
f 8551 8550 8549
f 8552 8550 8551
f 8553 8552 8551
f 8554 8552 8553
f 8555 8554 8553
f 8556 8554 8555
f 8557 8554 8556
f 8558 8557 8556
f 8559 8558 8556
f 8560 8558 8559
f 8561 8560 8559
f 8562 8561 8559
f 8563 8561 8562
f 8564 8563 8562
f 8565 8564 8562
f 8566 8565 8562
f 8567 8564 8565
f 8568 8567 8565
f 8569 8568 8565
f 8566 8569 8565
f 8570 8569 8566
f 8571 8568 8569
f 8572 8567 8568
f 8573 8567 8572
f 8574 8573 8572
f 8575 8574 8572
f 8576 8574 8575
f 8577 8576 8575
f 8578 8576 8577
f 8579 8578 8577
f 8580 8579 8577
f 8581 8579 8580
f 8582 8581 8580
f 8583 8581 8582
f 8584 8583 8582
f 8585 8584 8582
f 8586 8583 8584
f 8587 8583 8586
f 8588 8587 8586
f 8589 8583 8587
f 8581 8583 8589
f 8579 8581 8589
f 8590 8578 8579
f 8591 8578 8590
f 8578 8591 8592
f 8593 8578 8592
f 8594 8593 8592
f 8595 8593 8594
f 8596 8595 8594
f 8597 8595 8596
f 8598 8597 8596
f 8599 8598 8596
f 8600 8597 8598
f 8601 8602 8603
f 8604 8602 8601
f 8605 8604 8601
f 8606 8605 8601
f 8607 8605 8606
f 8608 8607 8606
f 8609 8607 8608
f 8610 8609 8608
f 8611 8610 8608
f 8612 8610 8611
f 8613 8612 8611
f 8614 8613 8611
f 8615 8613 8614
f 8616 8613 8615
f 8617 8616 8615
f 8618 8616 8617
f 8619 8616 8618
f 8620 8616 8619
f 8621 8620 8619
f 8613 8616 8620
f 8612 8613 8620
f 8621 8612 8620
f 8622 8612 8621
f 8610 8612 8622
f 8609 8610 8622
f 8623 8607 8609
f 8624 8607 8623
f 8625 8624 8623
f 8626 8624 8625
f 8627 8626 8625
f 8628 8627 8625
f 8629 8627 8628
f 8630 8627 8629
f 8631 8630 8629
f 8632 8631 8629
f 8633 8631 8632
f 8634 8633 8632
f 8635 8633 8634
f 8636 8635 8634
f 8637 8635 8636
f 8638 8631 8633
f 8639 8638 8633
f 8635 8639 8633
f 8640 8639 8635
f 8627 8630 8641
f 8626 8627 8641
f 8605 8607 8624
f 8626 8605 8624
f 8604 8605 8626
f 8641 8604 8626
f 8642 8604 8641
f 8602 8604 8642
f 8643 8595 8597
f 8644 8595 8643
f 8593 8595 8644
f 8576 8578 8593
f 8644 8576 8593
f 8574 8576 8644
f 8573 8574 8644
f 8643 8573 8644
f 8645 8573 8643
f 8567 8573 8645
f 8564 8567 8645
f 8563 8564 8645
f 8539 8541 8544
f 8524 8525 8528
f 8447 8449 8452
f 8398 8399 8402
f 8379 8381 8387
f 8371 8372 8376
f 8349 8350 8353
f 8333 8336 8347
f 8330 8333 8347
f 8304 8306 8309
f 8280 8279 8283
f 8646 8280 8283
f 8240 8243 8246
f 8164 8165 8171
f 8157 8152 8154
f 8135 8136 8139
f 8121 8122 8129
f 8108 8109 8113
f 8066 8068 8647
f 8048 8049 8052
f 8648 8048 8052
f 8649 8048 8648
f 8045 8048 8649
f 8044 8045 8649
f 8034 8035 8038
f 8650 8018 8021
f 8016 8018 8650
f 7997 8002 8651
f 7993 7997 8651
f 7994 7993 8651
f 7988 7990 8652
f 7986 7988 8652
f 8653 7986 8652
f 7984 7986 8653
f 7929 7930 7934
f 7937 7929 7934
f 7927 7929 7937
f 7940 7927 7937
f 8654 7918 7917
f 8655 8654 7917
f 8656 8654 8655
f 8657 8656 8655
f 8658 8657 8655
f 8659 8658 8655
f 8660 8659 8655
f 8661 8659 8660
f 8662 8661 8660
f 8663 8661 8662
f 8664 8661 8663
f 8665 8664 8663
f 8666 8665 8663
f 8667 8665 8666
f 8668 8667 8666
f 8669 8668 8666
f 8670 8669 8666
f 8671 8669 8670
f 8672 8671 8670
f 8673 8668 8669
f 8674 8668 8673
f 8675 8674 8673
f 8676 8675 8673
f 8677 8678 8679
f 8680 8677 8679
f 8681 8677 8680
f 8682 8681 8680
f 8683 8681 8682
f 8684 8683 8682
f 8685 8683 8684
f 8686 8683 8685
f 8687 8686 8685
f 8688 8687 8685
f 8689 8687 8688
f 8690 8689 8688
f 8691 8689 8690
f 8692 8691 8690
f 8693 8691 8692
f 8694 8691 8693
f 8695 8694 8693
f 8696 8694 8695
f 8697 8694 8696
f 8698 8697 8696
f 8699 8698 8696
f 8700 8699 8696
f 8695 8700 8696
f 8701 8700 8695
f 8702 8701 8695
f 8693 8702 8695
f 8692 8702 8693
f 8703 8702 8692
f 8704 8703 8692
f 8705 8703 8704
f 8706 8705 8704
f 8707 8706 8704
f 8708 8705 8706
f 8709 8708 8706
f 8710 8708 8709
f 8711 8708 8710
f 8712 8711 8710
f 8713 8711 8712
f 8714 8715 8716
f 8717 8715 8714
f 8718 8717 8714
f 8719 8718 8714
f 8720 8718 8719
f 8721 8718 8720
f 8722 8721 8720
f 8723 8721 8722
f 8724 8721 8723
f 8718 8721 8724
f 8725 8718 8724
f 8717 8718 8725
f 8726 8727 8728
f 8729 8727 8726
f 8730 8729 8726
f 8731 8730 8726
f 8732 8730 8731
f 8733 8732 8731
f 8734 8732 8733
f 8735 8732 8734
f 8736 8732 8735
f 8730 8732 8736
f 8737 8730 8736
f 8729 8730 8737
f 8736 8738 8737
f 8713 8738 8736
f 8735 8713 8736
f 8711 8713 8735
f 8734 8711 8735
f 8708 8711 8734
f 8705 8708 8734
f 8733 8705 8734
f 8703 8705 8733
f 8702 8703 8733
f 8731 8702 8733
f 8701 8702 8731
f 8726 8701 8731
f 8728 8701 8726
f 8700 8701 8728
f 8725 8700 8728
f 8699 8700 8725
f 8724 8699 8725
f 8698 8699 8724
f 8723 8698 8724
f 8739 8698 8723
f 8697 8698 8739
f 8689 8691 8694
f 8697 8689 8694
f 8687 8689 8697
f 8739 8687 8697
f 8686 8687 8739
f 8723 8686 8739
f 8722 8686 8723
f 8683 8686 8722
f 8681 8683 8722
f 8720 8681 8722
f 8677 8681 8720
f 8719 8677 8720
f 8678 8677 8719
f 8714 8678 8719
f 8716 8678 8714
f 7914 7915 8740
f 5243 5245 8741
f 5196 5200 5205
f 8742 8743 8744
f 8745 8742 8744
f 8746 8743 8742
f 8747 8746 8742
f 8748 8743 8746
f 8749 8743 8748
f 8750 8749 8748
f 8748 5185 8750
f 5184 5185 8748
f 8746 5184 8748
f 5182 5184 8746
f 8747 5182 8746
f 5179 5180 5182
f 8747 5179 5182
f 5172 5173 5177
f 5179 5172 5177
f 5121 5122 5125
f 5113 5114 8751
f 5100 5101 5104
f 8752 5072 5071
f 8753 8752 5071
f 5055 5057 5060
f 8754 4950 4953
f 4948 4950 8754
f 8755 4948 8754
f 4946 8755 8754
f 4953 4946 8754
f 4945 4946 4953
f 4954 4945 4953
f 8756 4931 4934
f 4930 4931 8756
f 8756 4928 4930
f 8757 4898 4900
f 8758 4898 8757
f 4892 4896 4898
f 8758 4892 4898
f 4893 4892 8758
f 8759 4893 8758
f 8757 8759 8758
f 8760 8759 8757
f 4843 4844 4847
f 4849 4843 4847
f 4814 4815 4819
f 4777 4780 4794
f 4776 4777 4794
f 4796 4776 4794
f 4759 4760 4763
f 4749 4750 4753
f 8761 4739 4742
f 4738 4739 8761
f 8762 4738 8761
f 8763 8762 8761
f 8764 8763 8761
f 8765 8763 8764
f 8766 4736 4738
f 4734 4736 8766
f 4732 4734 8766
f 4611 4616 4707
f 4610 4611 4707
f 4547 4543 4544
f 4519 4521 8767
f 4496 4499 4504
f 4453 4454 4457
f 4445 4446 4449
f 4419 4418 4423
f 8768 4358 4361
f 4356 4358 8768
f 4353 4356 8768
f 8769 4343 4346
f 4284 4285 4290
f 4266 4267 4272
f 8770 4263 4266
f 4262 4263 8770
f 4260 4262 8770
f 8771 4204 4207
f 4201 4204 8771
f 4199 4201 8771
f 8772 4199 8771
f 4197 4199 8772
f 4140 4141 4147
f 4099 4101 4105
f 4055 4057 4062
f 4028 4031 4035
f 8773 8774 8775
f 8776 8774 8773
f 8777 8776 8773
f 8778 8777 8773
f 8779 8777 8778
f 8780 8779 8778
f 8781 8779 8780
f 8782 8781 8780
f 8783 8781 8782
f 8784 8783 8782
f 8785 8784 8782
f 8786 8784 8785
f 8787 8784 8786
f 8788 8787 8786
f 8789 8788 8786
f 8790 8788 8789
f 8791 8790 8789
f 8792 8790 8791
f 8793 8792 8791
f 8794 8792 8793
f 8795 8794 8793
f 8796 8794 8795
f 8797 8796 8795
f 8798 8796 8797
f 8799 8798 8797
f 8800 8798 8799
f 8801 8800 8799
f 8802 8801 8799
f 8803 8801 8802
f 8804 8803 8802
f 8805 8803 8804
f 8806 8805 8804
f 8807 8805 8806
f 8808 8805 8807
f 8809 8808 8807
f 8810 8808 8809
f 8811 8810 8809
f 8812 8811 8809
f 8807 8812 8809
f 8813 8811 8812
f 8814 8813 8812
f 8815 8814 8812
f 8816 8813 8814
f 8817 8818 8819
f 8820 8818 8817
f 8821 8820 8817
f 8822 8821 8817
f 8823 8822 8817
f 8824 8822 8823
f 8825 8824 8823
f 8826 8824 8825
f 8827 8824 8826
f 8828 8827 8826
f 8829 8827 8828
f 8830 8827 8829
f 8831 8830 8829
f 8832 8831 8829
f 8833 8831 8832
f 8834 8833 8832
f 8835 8833 8834
f 8836 8835 8834
f 8837 8836 8834
f 8838 8835 8836
f 8839 8838 8836
f 8840 8838 8839
f 8841 8840 8839
f 8842 8840 8841
f 8843 8842 8841
f 8841 8844 8843
f 8845 8846 8847
f 8848 8846 8845
f 8849 8846 8848
f 8850 8849 8848
f 8851 8852 8853
f 8854 8852 8851
f 8855 8854 8851
f 8856 8852 8854
f 8857 8856 8854
f 8858 8856 8857
f 8835 8838 8840
f 8822 8824 8827
f 3999 4000 4003
f 3999 3995 3996
f 3981 3983 3993
f 8859 8860 8861
f 8860 3956 3959
f 8859 3956 8860
f 3953 3956 8859
f 3946 3942 3943
f 3904 3903 3908
f 8862 3896 3899
f 8863 3896 8862
f 3895 3896 8863
f 3894 3895 8863
f 8864 3894 8863
f 3891 3894 8864
f 3890 3891 8864
f 3861 3864 3870
f 3860 3861 3870
f 3774 3775 3780
f 3770 3771 3774
f 8865 3684 3686
f 3689 8865 3686
f 8866 3657 3660
f 3653 3657 8866
f 3652 3653 8866
f 3626 3627 3631
f 8867 8868 8869
f 8870 8867 8869
f 8871 8868 8867
f 8872 8868 8871
f 8873 8872 8871
f 8874 8873 8871
f 8875 8874 8871
f 8867 8875 8871
f 8876 8875 8867
f 8870 8876 8867
f 8877 8875 8876
f 8878 8877 8876
f 8879 8877 8878
f 8880 8879 8878
f 8881 8875 8877
f 8874 8875 8881
f 8882 8883 8884
f 8885 8882 8884
f 8886 8882 8885
f 8887 8882 8886
f 8888 8887 8886
f 8889 8887 8888
f 8890 8887 8889
f 8882 8887 8890
f 8883 8882 8890
f 8891 8883 8890
f 8892 8883 8891
f 8893 8892 8891
f 8894 8893 8891
f 8895 8893 8894
f 8896 8895 8894
f 8897 8896 8894
f 8898 8896 8897
f 8899 8898 8897
f 8900 8899 8897
f 8901 8899 8900
f 8902 8901 8900
f 8903 8899 8901
f 8904 8903 8901
f 8905 8903 8904
f 8906 8905 8904
f 8907 8906 8904
f 8908 8907 8904
f 8909 8906 8907
f 8910 8909 8907
f 8911 8909 8910
f 8912 8909 8911
f 8913 8912 8911
f 8914 8912 8913
f 8915 8914 8913
f 8916 8915 8913
f 8917 8916 8913
f 8918 8916 8917
f 8919 8918 8917
f 8920 8918 8919
f 8921 8918 8920
f 8922 8918 8921
f 8923 8922 8921
f 8924 8923 8921
f 8925 8923 8924
f 8926 8925 8924
f 8927 8923 8925
f 8928 8927 8925
f 8929 8927 8928
f 8930 8929 8928
f 8931 8930 8928
f 8932 8930 8931
f 8933 8930 8932
f 8934 8933 8932
f 8935 8934 8932
f 8936 8935 8932
f 8937 8935 8936
f 8938 8937 8936
f 8939 8937 8938
f 8940 8939 8938
f 8941 8940 8938
f 8942 8940 8941
f 8943 8942 8941
f 8944 8943 8941
f 8945 8943 8944
f 8946 8945 8944
f 8947 8946 8944
f 8948 8947 8944
f 8949 8947 8948
f 8950 8947 8949
f 8951 8952 8953
f 8954 8951 8953
f 8955 8951 8954
f 8956 8955 8954
f 8957 8955 8956
f 8958 8959 8960
f 8961 8962 8963
f 8964 8962 8961
f 8965 8964 8961
f 8966 8965 8961
f 8967 8966 8961
f 8963 8967 8961
f 8968 8967 8963
f 8969 8967 8968
f 8959 8967 8969
f 8970 8967 8959
f 8958 8970 8959
f 8966 8967 8970
f 8971 8966 8970
f 8972 8971 8970
f 8973 8972 8970
f 8974 8972 8973
f 8975 8976 8977
f 8978 8975 8977
f 8979 8975 8978
f 8980 8979 8978
f 8981 8979 8980
f 8982 8981 8980
f 8983 8981 8982
f 8984 8983 8982
f 8985 8984 8982
f 8986 8984 8985
f 8987 8986 8985
f 8988 8986 8987
f 8989 8988 8987
f 8990 8986 8988
f 8991 8986 8990
f 8992 8991 8990
f 8993 8991 8992
f 8994 8993 8992
f 8995 8994 8992
f 8996 8995 8992
f 8997 8994 8995
f 8998 8997 8995
f 8999 8997 8998
f 9000 8999 8998
f 9001 8999 9000
f 9002 9001 9000
f 9003 9002 9000
f 9004 9002 9003
f 9005 9002 9004
f 9006 9005 9004
f 9007 9006 9004
f 9008 9006 9007
f 9009 9006 9008
f 9010 9009 9008
f 9011 9010 9008
f 9012 9010 9011
f 9013 9012 9011
f 9014 9013 9011
f 9015 9014 9011
f 9016 9014 9015
f 9017 9014 9016
f 9018 9017 9016
f 9019 9018 9016
f 9020 9018 9019
f 9021 9018 9020
f 9022 9021 9020
f 9023 9021 9022
f 9024 9023 9022
f 9025 9023 9024
f 9026 9023 9025
f 9027 9028 9029
f 9030 9028 9027
f 9031 9030 9027
f 9032 9031 9027
f 9033 9031 9032
f 9034 9031 9033
f 9035 9034 9033
f 9036 9037 9038
f 9039 9037 9036
f 9040 9039 9036
f 9041 9039 9040
f 9042 9041 9040
f 9043 9041 9042
f 9044 9043 9042
f 9045 9043 9044
f 9046 9045 9044
f 9047 9046 9044
f 9048 9046 9047
f 9049 9046 9048
f 9050 9045 9046
f 9049 9050 9046
f 9051 9050 9049
f 9052 9051 9049
f 9053 9051 9052
f 9054 9053 9052
f 9055 9053 9054
f 9056 9055 9054
f 9057 9056 9054
f 9058 9056 9057
f 9059 9056 9058
f 9060 9059 9058
f 9061 9059 9060
f 9062 9061 9060
f 9063 9062 9060
f 9064 9062 9063
f 9065 9064 9063
f 9066 9065 9063
f 9067 9065 9066
f 9068 9067 9066
f 9069 9067 9068
f 9070 9067 9069
f 9071 9070 9069
f 9072 9070 9071
f 9073 9072 9071
f 9074 9073 9071
f 9075 9074 9071
f 9076 9074 9075
f 9077 9076 9075
f 9078 9077 9075
f 9079 9077 9078
f 9080 9077 9079
f 9081 9077 9080
f 9076 9077 9081
f 9082 9076 9081
f 9083 9082 9081
f 9080 9083 9081
f 9084 9083 9080
f 9085 9084 9080
f 9086 9085 9080
f 9079 9086 9080
f 9087 9086 9079
f 9088 9085 9086
f 9089 9088 9086
f 9090 9088 9089
f 9091 9092 9093
f 9094 9091 9093
f 9095 9092 9091
f 9094 9095 9091
f 9096 9092 9095
f 9097 9096 9095
f 9098 9097 9095
f 9099 9098 9095
f 9100 9098 9099
f 9101 9100 9099
f 9102 9101 9099
f 9103 9100 9101
f 9104 9100 9103
f 9105 9104 9103
f 9106 9104 9105
f 9107 9106 9105
f 9108 9106 9107
f 9109 9108 9107
f 9110 9108 9109
f 9111 9110 9109
f 9112 9110 9111
f 9113 9112 9111
f 9114 9113 9111
f 9115 9113 9114
f 9116 9113 9115
f 9117 9116 9115
f 9118 9116 9117
f 9119 9118 9117
f 9120 9118 9119
f 9121 9120 9119
f 9122 9120 9121
f 9123 9122 9121
f 9124 9123 9121
f 9125 9123 9124
f 9126 9125 9124
f 9127 9125 9126
f 9128 9125 9127
f 9129 9128 9127
f 9130 9129 9127
f 9131 9130 9127
f 9132 9130 9131
f 9133 9130 9132
f 9134 9133 9132
f 9135 9134 9132
f 9136 9134 9135
f 9137 9134 9136
f 9138 9137 9136
f 9139 9138 9136
f 9140 9138 9139
f 9141 9138 9140
f 9142 9138 9141
f 9137 9138 9142
f 9143 9137 9142
f 9144 9143 9142
f 9145 9146 9147
f 9148 9145 9147
f 9149 9148 9147
f 9150 9145 9148
f 9151 9150 9148
f 9152 9150 9151
f 9153 9150 9152
f 9154 9153 9152
f 9155 9153 9154
f 9156 9155 9154
f 9157 9155 9156
f 9158 9157 9156
f 9159 9157 9158
f 9160 9157 9159
f 9161 9160 9159
f 9162 9161 9159
f 9163 9162 9159
f 9164 9163 9159
f 9158 9164 9159
f 9165 9164 9158
f 9166 9164 9165
f 9167 9166 9165
f 9168 9167 9165
f 9169 9166 9167
f 9170 9166 9169
f 9171 9170 9169
f 9172 9170 9171
f 9173 9172 9171
f 9174 9172 9173
f 9175 9174 9173
f 9176 9174 9175
f 9177 9172 9174
f 9178 9172 9177
f 9179 9178 9177
f 9180 9179 9177
f 9181 9179 9180
f 9182 9181 9180
f 9183 9182 9180
f 9184 9182 9183
f 9185 9182 9184
f 9186 9182 9185
f 9187 9186 9185
f 9188 9186 9187
f 9189 9188 9187
f 9190 9189 9187
f 9191 9189 9190
f 9192 9189 9191
f 9193 9192 9191
f 9194 9193 9191
f 9195 9194 9191
f 9196 9194 9195
f 9197 9194 9196
f 9198 9197 9196
f 9199 9198 9196
f 9200 9198 9199
f 9201 9198 9200
f 9202 9201 9200
f 9203 9202 9200
f 9204 9205 9206
f 9207 9204 9206
f 9208 9207 9206
f 9209 9207 9208
f 9210 9207 9209
f 9211 9210 9209
f 9212 9211 9209
f 9213 9212 9209
f 9214 9212 9213
f 9215 9212 9214
f 9216 9215 9214
f 9217 9216 9214
f 9218 9216 9217
f 9219 9216 9218
f 9220 9219 9218
f 9221 9220 9218
f 9222 9220 9221
f 9223 9222 9221
f 9224 9222 9223
f 9225 9224 9223
f 9226 9225 9223
f 9227 9225 9226
f 9228 9227 9226
f 9229 9227 9228
f 9230 9229 9228
f 9231 9229 9230
f 9232 9231 9230
f 9233 9231 9232
f 9234 9233 9232
f 9235 9233 9234
f 9236 9233 9235
f 9237 9236 9235
f 9238 9236 9237
f 9239 9238 9237
f 9240 9236 9238
f 9241 9240 9238
f 9242 9241 9238
f 9243 9241 9242
f 9244 9243 9242
f 9245 9243 9244
f 9246 9245 9244
f 9247 9246 9244
f 9248 9246 9247
f 9249 9248 9247
f 9250 9248 9249
f 9251 9250 9249
f 9252 9250 9251
f 9253 9252 9251
f 9254 9253 9251
f 9255 9253 9254
f 9256 9253 9255
f 9257 9256 9255
f 9258 9257 9255
f 9259 9258 9255
f 9260 9258 9259
f 9261 9258 9260
f 9262 9261 9260
f 9263 9262 9260
f 9264 9265 9266
f 9267 9264 9266
f 9268 9267 9266
f 9269 9268 9266
f 9270 9268 9269
f 9271 9270 9269
f 9272 9273 9274
f 9275 9272 9274
f 9276 9272 9275
f 9277 9276 9275
f 9278 9277 9275
f 9279 9278 9275
f 9280 9279 9275
f 9274 9280 9275
f 9281 9280 9274
f 9282 9279 9280
f 9283 9279 9282
f 9284 9283 9282
f 9285 9284 9282
f 9286 9284 9285
f 9287 9286 9285
f 9288 9287 9285
f 9289 9288 9285
f 9290 9287 9288
f 9291 9287 9290
f 9292 9291 9290
f 9293 9292 9290
f 9294 9292 9293
f 9295 9292 9294
f 9296 9295 9294
f 9297 9295 9296
f 9298 9297 9296
f 9299 9298 9296
f 9300 9298 9299
f 9301 9300 9299
f 9302 9300 9301
f 9303 9300 9302
f 9304 9303 9302
f 9305 9304 9302
f 9306 9304 9305
f 9307 9304 9306
f 9308 9307 9306
f 9309 9307 9308
f 9310 9309 9308
f 9311 9309 9310
f 9312 9311 9310
f 9313 9311 9312
f 9314 9313 9312
f 9315 9314 9312
f 9316 9314 9315
f 9317 9314 9316
f 9318 9317 9316
f 9319 9318 9316
f 9320 9318 9319
f 9321 9320 9319
f 9322 9320 9321
f 9323 9320 9322
f 9324 9323 9322
f 9325 9324 9322
f 9326 9324 9325
f 9327 9324 9326
f 9328 9327 9326
f 9329 9327 9328
f 9330 9329 9328
f 9331 9330 9328
f 9332 9333 9334
f 9335 9333 9332
f 9336 9337 9338
f 9339 9336 9338
f 9340 9339 9338
f 9341 9340 9338
f 9342 9340 9341
f 9343 9340 9342
f 9344 9343 9342
f 9345 9344 9342
f 9346 9344 9345
f 9347 9346 9345
f 9348 9347 9345
f 9349 9347 9348
f 9350 9349 9348
f 9351 9347 9349
f 9352 9351 9349
f 9353 9352 9349
f 9354 9351 9352
f 9355 9347 9351
f 9356 9355 9351
f 9357 9356 9351
f 9354 9357 9351
f 9358 9355 9356
f 9359 9358 9356
f 9357 9359 9356
f 9360 9359 9357
f 9361 9360 9357
f 9362 9361 9357
f 9363 9362 9357
f 9364 9362 9363
f 9365 9362 9364
f 9366 9365 9364
f 9367 9366 9364
f 9368 9367 9364
f 9369 9366 9367
f 9370 9366 9369
f 9371 9370 9369
f 9372 9370 9371
f 9373 9370 9372
f 9374 9373 9372
f 9375 9373 9374
f 9376 9375 9374
f 9377 9375 9376
f 9378 9377 9376
f 9379 9377 9378
f 9380 9379 9378
f 9381 9379 9380
f 9382 9381 9380
f 9383 9381 9382
f 9384 9381 9383
f 9385 9384 9383
f 9386 9385 9383
f 9387 9385 9386
f 9388 9385 9387
f 9389 9388 9387
f 9390 9389 9387
f 9391 9389 9390
f 9392 9389 9391
f 9393 9392 9391
f 9394 9392 9393
f 9395 9392 9394
f 9396 9395 9394
f 9397 9396 9394
f 9398 9397 9394
f 9399 9397 9398
f 9400 9401 9402
f 9403 9400 9402
f 9404 9400 9403
f 9405 9404 9403
f 9406 9405 9403
f 9407 9405 9406
f 9408 9405 9407
f 9409 9408 9407
f 9410 9408 9409
f 9411 9410 9409
f 9412 9410 9411
f 9413 9412 9411
f 9414 9413 9411
f 9415 9413 9414
f 9416 9415 9414
f 9417 9416 9414
f 9418 9416 9417
f 9419 9418 9417
f 9420 9418 9419
f 9421 9418 9420
f 9422 9418 9421
f 9423 9422 9421
f 9424 9423 9421
f 9425 9423 9424
f 9426 9423 9425
f 9427 9426 9425
f 9428 9426 9427
f 9429 9428 9427
f 9430 9429 9427
f 9431 9429 9430
f 9432 9429 9431
f 9433 9432 9431
f 9434 9433 9431
f 9435 9434 9431
f 9436 9433 9434
f 9437 9433 9436
f 9438 9437 9436
f 9439 9438 9436
f 9440 9438 9439
f 9441 9438 9440
f 9442 9443 9444
f 9445 9442 9444
f 9446 9442 9445
f 9447 9446 9445
f 9448 9446 9447
f 9449 9448 9447
f 9450 9448 9449
f 9451 9450 9449
f 9452 9450 9451
f 9453 9452 9451
f 9454 9452 9453
f 9455 9454 9453
f 9456 9455 9453
f 9457 9455 9456
f 9458 9455 9457
f 9454 9455 9458
f 9459 9454 9458
f 9460 9459 9458
f 9461 9459 9460
f 9462 9459 9461
f 9463 9462 9461
f 9464 9462 9463
f 9465 9464 9463
f 9466 9462 9464
f 9467 9466 9464
f 9465 9467 9464
f 9468 9467 9465
f 9469 9468 9465
f 9470 9467 9468
f 9471 9467 9470
f 9472 9467 9471
f 9473 9472 9471
f 9474 9472 9473
f 9475 9474 9473
f 9476 9475 9473
f 9477 9475 9476
f 9478 9477 9476
f 9479 9477 9478
f 9480 9477 9479
f 9481 9480 9479
f 9482 9481 9479
f 9483 9484 9485
f 9486 9483 9485
f 9487 9483 9486
f 9488 9483 9487
f 9489 9488 9487
f 9490 9488 9489
f 9491 9488 9490
f 9492 9491 9490
f 9493 9491 9492
f 9494 9493 9492
f 9495 9494 9492
f 9496 9494 9495
f 9497 9496 9495
f 9498 9494 9496
f 9499 9498 9496
f 9500 9498 9499
f 9501 9500 9499
f 9502 9500 9501
f 9503 9500 9502
f 9504 9503 9502
f 9498 9500 9505
f 9506 9498 9505
f 9494 9498 9506
f 9493 9494 9506
f 9491 9493 9506
f 9483 9488 9491
f 9507 9459 9462
f 9454 9459 9507
f 9452 9454 9507
f 9432 9433 9437
f 9416 9418 9422
f 9365 9366 9370
f 9373 9365 9370
f 9361 9362 9365
f 9373 9361 9365
f 9375 9361 9373
f 9346 9347 9355
f 9339 9340 9343
f 9318 9320 9323
f 9508 9276 9277
f 9509 9276 9508
f 9510 9509 9508
f 9272 9276 9509
f 9511 9272 9509
f 9273 9272 9511
f 9261 9262 9512
f 9257 9258 9261
f 9204 9207 9210
f 9181 9182 9186
f 9188 9181 9186
f 9170 9172 9178
f 9112 9113 9116
f 9513 9092 9096
f 9083 9084 9514
f 9515 9037 9039
f 9516 9037 9515
f 9031 9034 9517
f 9030 9031 9517
f 8984 8986 8991
f 9518 8955 8957
f 9519 9518 8957
f 9520 8955 9518
f 8951 8955 9520
f 9521 8951 9520
f 9522 8951 9521
f 8952 8951 9522
f 9523 8952 9522
f 9524 9523 9522
f 9525 9524 9522
f 9526 9524 9525
f 9527 9526 9525
f 9528 9527 9525
f 9529 9527 9528
f 9530 9529 9528
f 9531 9529 9530
f 9532 9529 9531
f 9533 9532 9531
f 9534 9533 9531
f 9530 9534 9531
f 9535 9533 9534
f 9536 9535 9534
f 9537 9535 9536
f 9538 9535 9537
f 9539 9538 9537
f 9540 9539 9537
f 9541 9539 9540
f 9542 9541 9540
f 9543 9541 9542
f 9544 9541 9543
f 9545 9544 9543
f 9546 9545 9543
f 9542 9546 9543
f 9547 9546 9542
f 9548 9546 9547
f 9549 9548 9547
f 9550 9549 9547
f 9551 9549 9550
f 9552 9553 9554
f 9555 9553 9552
f 9556 9555 9552
f 9557 9556 9552
f 9558 9556 9557
f 9559 9556 9558
f 9560 9556 9559
f 9561 9560 9559
f 9562 9560 9561
f 9563 9562 9561
f 9564 9560 9562
f 9565 9564 9562
f 9566 9564 9565
f 9567 9566 9565
f 9568 9566 9567
f 9569 9566 9568
f 9570 9569 9568
f 9571 9570 9568
f 9572 9570 9571
f 9573 9572 9571
f 9574 9573 9571
f 9575 9573 9574
f 9576 9575 9574
f 9577 9575 9576
f 9578 9577 9576
f 9579 9575 9577
f 9580 9581 9582
f 9566 9569 9583
f 9564 9566 9583
f 9580 9560 9581
f 9580 9556 9560
f 9584 9556 9580
f 9555 9556 9584
f 9548 9549 9585
f 8916 8918 8922
f 8893 9586 8892
f 9587 9588 9589
f 9590 9588 9587
f 9590 3604 9588
f 3602 3604 9590
f 3601 3602 9590
f 9587 3601 9590
f 3589 3591 3595
f 9591 3589 3595
f 3585 3589 9591
f 3583 3585 9591
f 3516 3517 3520
f 3510 3511 3514
f 3500 3502 3505
f 3464 3467 3470
f 3440 3443 3453
f 3453 3439 3440
f 3455 3439 3453
f 3431 3433 3437
f 9592 3431 3437
f 3429 3431 9592
f 3415 3419 3422
f 3414 3415 3422
f 3423 3414 3422
f 9593 3364 3365
f 3360 3364 9593
f 3359 3360 9593
f 3359 3353 3354
f 9593 3353 3359
f 3332 3331 3336
f 3330 3332 3336
f 9594 3248 3247
f 9595 3248 9594
f 9596 9595 9594
f 9596 3241 9595
f 3235 3237 3241
f 9596 3235 3241
f 3233 3235 9596
f 9594 3233 9596
f 3216 3217 3221
f 3183 3184 3188
f 3148 3150 3152
f 3139 3140 3142
f 3103 3104 9597
f 3046 3047 3050
f 3022 3023 3027
f 3016 3012 3013
f 3003 3004 3010
f 2974 2976 2979
f 2865 2866 2872
f 2872 2863 2865
f 2806 2807 2810
f 2798 2799 2803
f 2775 2774 2780
f 9598 2740 2743
f 2738 2740 9598
f 9599 2738 9598
f 2736 2738 9599
f 9600 2736 9599
f 2735 2736 9600
f 9601 2720 2724
f 2718 2720 9601
f 2716 2718 9601
f 9602 2704 2707
f 2701 2704 9602
f 2699 2701 9602
f 2523 2524 2526
f 2512 2514 2518
f 2479 2472 2474
f 2454 2456 2459
f 2404 2405 2409
f 2377 2379 2382
f 9603 9604 9605
f 9606 9604 9603
f 9607 9604 9606
f 9608 9607 9606
f 9609 9608 9606
f 9610 9608 9609
f 9611 9610 9609
f 9612 9611 9609
f 9613 9611 9612
f 9614 9611 9613
f 9615 9614 9613
f 9616 9615 9613
f 9617 9615 9616
f 9618 9615 9617
f 9619 9618 9617
f 9620 9619 9617
f 9621 9619 9620
f 9622 9619 9621
f 9623 9622 9621
f 9624 9622 9623
f 9625 9624 9623
f 9626 9624 9625
f 9627 9624 9626
f 9628 9627 9626
f 9629 9624 9627
f 9630 9629 9627
f 9631 9629 9630
f 9632 9629 9631
f 9633 9632 9631
f 9634 9633 9631
f 9635 9633 9634
f 9636 9635 9634
f 9637 9635 9636
f 9638 9637 9636
f 9639 9637 9638
f 9640 9639 9638
f 9641 9640 9638
f 9642 9641 9638
f 9643 9641 9642
f 9644 9641 9643
f 9645 9640 9641
f 9644 9645 9641
f 9646 9640 9645
f 9647 9646 9645
f 9648 9646 9647
f 9649 9648 9647
f 9650 9649 9647
f 9651 9650 9647
f 9652 9650 9651
f 9653 9652 9651
f 9654 9652 9653
f 9655 9654 9653
f 9656 9654 9655
f 9657 9656 9655
f 9658 9656 9657
f 9659 9658 9657
f 9660 9658 9659
f 9661 9662 9663
f 9664 9662 9661
f 9665 9664 9661
f 9666 9665 9661
f 9663 9666 9661
f 9667 9665 9666
f 9668 9667 9666
f 9669 9668 9666
f 9670 9668 9669
f 9671 9670 9669
f 9672 9670 9671
f 9673 9670 9672
f 9674 9673 9672
f 9675 9673 9674
f 9676 9675 9674
f 9677 9675 9676
f 9678 9677 9676
f 9679 9677 9678
f 9680 9679 9678
f 9681 9680 9678
f 9682 9679 9680
f 9683 9682 9680
f 9684 9685 9686
f 9687 9684 9686
f 9688 9684 9687
f 9689 9684 9688
f 9690 9689 9688
f 9691 9690 9688
f 9692 9690 9691
f 9693 9690 9692
f 9694 9693 9692
f 9695 9694 9692
f 9696 9694 9695
f 9697 9696 9695
f 9698 9696 9697
f 9699 9698 9697
f 9700 9699 9697
f 9701 9699 9700
f 9702 9699 9701
f 9703 9702 9701
f 9704 9702 9703
f 9705 9704 9703
f 9706 9705 9703
f 9707 9705 9706
f 9708 9705 9707
f 9709 9708 9707
f 9710 9708 9709
f 9711 9710 9709
f 9712 9711 9709
f 9713 9711 9712
f 9714 9713 9712
f 9715 9713 9714
f 9716 9715 9714
f 9717 9715 9716
f 9718 9717 9716
f 9719 9718 9716
f 9720 9718 9719
f 9721 9718 9720
f 9722 9723 9720
f 9724 9723 9722
f 9725 9724 9722
f 9726 9724 9725
f 9727 9724 9726
f 9723 9724 9727
f 9728 9729 9730
f 9731 9729 9728
f 9732 9729 9731
f 9733 9732 9731
f 9734 9732 9733
f 9735 9734 9733
f 9736 9734 9735
f 9737 9736 9735
f 9738 9737 9735
f 9739 9738 9735
f 9740 9738 9739
f 9740 9737 9738
f 9741 9737 9740
f 9742 9741 9740
f 9743 9742 9740
f 9744 9742 9743
f 9745 9744 9743
f 9746 9744 9745
f 9747 9746 9745
f 9748 9746 9747
f 9749 9748 9747
f 9750 9748 9749
f 9751 9748 9750
f 9752 9751 9750
f 9753 9752 9750
f 9754 9755 9756
f 9757 9754 9756
f 9758 9754 9757
f 9759 9754 9758
f 9760 9754 9759
f 9761 9760 9759
f 9762 9760 9761
f 9763 9762 9761
f 9764 9763 9761
f 9765 9763 9764
f 9766 9763 9765
f 9767 9766 9765
f 9768 9766 9767
f 9769 9768 9767
f 9770 9768 9769
f 9771 9768 9770
f 9772 9771 9770
f 9773 9772 9770
f 9774 9772 9773
f 9775 9774 9773
f 9776 9775 9773
f 9777 9776 9773
f 9778 9776 9777
f 9779 9776 9778
f 9775 9776 9779
f 9780 9775 9779
f 9781 9780 9779
f 9782 9781 9779
f 9783 9781 9782
f 9784 9783 9782
f 9785 9784 9782
f 9786 9784 9785
f 9787 9771 9772
f 9788 9771 9787
f 9789 9771 9788
f 9790 9789 9788
f 9791 9790 9788
f 9792 9791 9788
f 9793 9791 9792
f 9794 9793 9792
f 9795 9791 9793
f 9796 9795 9793
f 9797 9796 9793
f 9798 9796 9797
f 9799 9796 9798
f 9800 9799 9798
f 9801 9799 9800
f 9802 9799 9801
f 9803 9799 9802
f 9804 9803 9802
f 9796 9799 9803
f 9795 9796 9803
f 9768 9771 9789
f 9766 9768 9789
f 9790 9766 9789
f 9763 9766 9790
f 9762 9763 9790
f 9791 9762 9790
f 9795 9762 9791
f 9760 9762 9795
f 9803 9760 9795
f 9804 9760 9803
f 9804 9754 9760
f 9704 9705 9708
f 9698 9694 9696
f 9689 9690 9693
f 9624 9629 9632
f 2300 2301 2305
f 9805 2289 2292
f 2215 2216 2221
f 9806 2173 2172
f 2176 9806 2172
f 2130 2132 2136
f 2004 2006 2016
f 1984 1983 1991
f 9807 9808 9809
f 9810 9807 9809
f 9811 9807 9810
f 9812 9811 9810
f 8077 8078 9813
f 9813 8078 9814
f 9815 9811 9816
f 9807 9811 9815
f 9817 9807 9815
f 9818 9817 9815
f 9819 9817 9818
f 9820 9819 9818
f 9821 9820 9818
f 9822 9820 9821
f 9823 9822 9821
f 9824 9823 9821
f 9825 9823 9824
f 9826 9823 9825
f 9827 9823 9826
f 9822 9823 9827
f 9828 9822 9827
f 9829 9828 9827
f 9820 9822 9828
f 9830 9820 9828
f 9819 9820 9830
f 9808 9807 9817
f 9831 9808 9817
f 9819 9831 9817
f 9832 9833 9834
f 9835 9832 9834
f 9836 9832 9835
f 9837 9836 9835
f 9838 9837 9835
f 9839 9837 9838
f 9840 9837 9839
f 9841 9840 9839
f 9842 9840 9841
f 9843 9842 9841
f 9844 9843 9841
f 9845 9843 9844
f 9846 9843 9845
f 9847 9846 9845
f 9848 9847 9845
f 9849 9847 9848
f 9850 9847 9849
f 9851 9850 9849
f 9852 9851 9849
f 9853 9851 9852
f 9854 9853 9852
f 9855 9853 9854
f 9856 9855 9854
f 9857 9855 9856
f 9858 9855 9857
f 9859 9858 9857
f 9860 9858 9859
f 9861 9860 9859
f 9862 9861 9859
f 9863 9861 9862
f 9864 9863 9862
f 9865 9863 9864
f 9866 9865 9864
f 9867 9866 9864
f 9868 9866 9867
f 9869 9868 9867
f 9870 9868 9869
f 9871 9870 9869
f 9872 9870 9871
f 9873 9872 9871
f 9874 9872 9873
f 9875 9874 9873
f 9876 9874 9875
f 9877 9876 9875
f 9878 9876 9877
f 9879 9878 9877
f 9880 9878 9879
f 9881 9882 9883
f 9884 9881 9883
f 9885 9881 9884
f 9886 9885 9884
f 9887 9886 9884
f 9888 9886 9887
f 9889 9888 9887
f 9890 9888 9889
f 9891 9888 9890
f 9892 9891 9890
f 9893 9891 9892
f 9894 9893 9892
f 9895 9894 9892
f 9896 9894 9895
f 9897 9894 9896
f 9898 9897 9896
f 9899 9898 9896
f 9900 9898 9899
f 9901 9898 9900
f 9902 9901 9900
f 9903 9902 9900
f 9904 9901 9902
f 9905 9904 9902
f 9906 9905 9902
f 9903 9906 9902
f 9907 9905 9906
f 9908 9905 9907
f 9909 9908 9907
f 9910 9908 9909
f 9911 9910 9909
f 9912 9910 9911
f 9913 9912 9911
f 9914 9912 9913
f 9915 9914 9913
f 9916 9914 9915
f 9917 9914 9916
f 9918 9917 9916
f 9919 9917 9918
f 9920 9919 9918
f 9921 9919 9920
f 9922 9921 9920
f 9923 9921 9922
f 9924 9923 9922
f 9925 9924 9922
f 9926 9927 9928
f 9929 9927 9926
f 9930 9929 9926
f 9931 9930 9926
f 9932 9931 9926
f 9928 9932 9926
f 9933 9932 9928
f 9934 9935 9936
f 9937 9934 9936
f 9938 9934 9937
f 9939 9934 9938
f 9940 9934 9939
f 9941 9940 9939
f 9942 9941 9939
f 9943 9941 9942
f 9944 9943 9942
f 9945 9943 9944
f 9946 9945 9944
f 9947 9945 9946
f 9948 9947 9946
f 9949 9947 9948
f 9950 9947 9949
f 9951 9945 9947
f 9952 9951 9947
f 9950 9952 9947
f 9953 9952 9950
f 9954 9953 9950
f 9955 9954 9950
f 9956 9955 9950
f 9949 9956 9950
f 9957 9956 9949
f 9958 9956 9957
f 9959 9956 9958
f 9960 9959 9958
f 9961 9960 9958
f 9962 9961 9958
f 9963 9961 9962
f 9964 9961 9963
f 9965 9964 9963
f 9966 9964 9965
f 9967 9964 9966
f 9968 9967 9966
f 9969 9968 9966
f 9970 9969 9966
f 9971 9969 9970
f 9972 9971 9970
f 9973 9971 9972
f 9974 9971 9973
f 9975 9974 9973
f 9976 9974 9975
f 9977 9976 9975
f 9978 9976 9977
f 9979 9978 9977
f 9980 9979 9977
f 9981 9980 9977
f 9982 9980 9981
f 9983 9982 9981
f 9984 9982 9983
f 9985 9984 9983
f 9986 9984 9985
f 9987 9988 9989
f 9990 9987 9989
f 9991 9988 9987
f 9992 9991 9987
f 9993 9991 9992
f 9994 9993 9992
f 9995 9993 9994
f 9996 9995 9994
f 9997 9998 9999
f 10000 9998 9997
f 10001 10000 9997
f 10002 10000 10001
f 10003 10002 10001
f 10004 10003 10001
f 10005 10002 10003
f 10006 10005 10003
f 10004 10006 10003
f 10007 10006 10004
f 10008 10007 10004
f 10009 10007 10008
f 10010 10007 10009
f 10011 10010 10009
f 10012 10010 10011
f 10013 10012 10011
f 10014 10012 10013
f 10015 10014 10013
f 10016 10015 10013
f 10017 10015 10016
f 10018 10017 10016
f 10019 10017 10018
f 10020 10017 10019
f 10021 10020 10019
f 10022 10020 10021
f 10023 10022 10021
f 10024 10023 10021
f 10025 10023 10024
f 10026 10025 10024
f 10027 10025 10026
f 10028 10027 10026
f 10029 10028 10026
f 10030 10028 10029
f 10031 10030 10029
f 10032 10030 10031
f 10033 10032 10031
f 10034 10033 10031
f 10035 10034 10031
f 10036 10034 10035
f 10037 10034 10036
f 10038 10034 10037
f 10039 10038 10037
f 10040 10039 10037
f 10041 10038 10039
f 10042 10041 10039
f 10040 10042 10039
f 10043 10042 10040
f 10044 10042 10043
f 10045 10044 10043
f 10046 10045 10043
f 10047 10045 10046
f 10048 10047 10046
f 10049 10048 10046
f 10050 10048 10049
f 10051 10048 10050
f 10052 10051 10050
f 10053 10051 10052
f 10054 10051 10053
f 10055 10054 10053
f 10056 10057 10058
f 10059 10057 10056
f 10060 10059 10056
f 10058 10060 10056
f 10061 10059 10060
f 10062 10061 10060
f 10063 10062 10060
f 10064 10062 10063
f 10065 10062 10064
f 10066 10067 10068
f 10069 10066 10068
f 10070 10069 10068
f 10071 10069 10070
f 10072 10067 10066
f 10073 10067 10072
f 10074 10073 10072
f 10075 10074 10072
f 10076 10074 10075
f 10077 10076 10075
f 10078 10076 10077
f 10079 10078 10077
f 10080 10079 10077
f 10081 10080 10077
f 10082 10080 10081
f 10083 10080 10082
f 10084 10083 10082
f 10085 10084 10082
f 10086 10085 10082
f 10087 10084 10085
f 10088 10087 10085
f 10089 10087 10088
f 10090 10087 10089
f 10091 10092 10093
f 10094 10092 10091
f 10095 10094 10091
f 10096 10094 10095
f 10097 10094 10096
f 10098 10094 10097
f 10099 10100 10097
f 10101 10100 10099
f 10102 10101 10099
f 10103 10101 10102
f 10104 10103 10102
f 10105 10103 10104
f 10106 10105 10104
f 10107 10105 10106
f 10108 10107 10106
f 10109 10108 10106
f 10110 10108 10109
f 10111 10110 10109
f 10112 10113 10114
f 10115 10113 10112
f 10116 10117 10118
f 10119 10117 10116
f 10120 10119 10116
f 10121 10119 10120
f 10122 10121 10120
f 10123 10124 10125
f 10126 10124 10123
f 10127 10126 10123
f 10128 10126 10127
f 10129 10128 10127
f 10130 10126 10128
f 10131 10130 10128
f 10132 10130 10131
f 10133 10132 10131
f 10134 10133 10131
f 10135 10134 10131
f 10128 10135 10131
f 10136 10133 10134
f 10137 10133 10136
f 10138 10139 10140
f 10141 10138 10140
f 10142 10138 10141
f 10143 10142 10141
f 10144 10142 10143
f 10145 10144 10143
f 10146 10144 10145
f 10147 10146 10145
f 10148 10146 10147
f 10149 10148 10147
f 10150 10149 10147
f 10151 10149 10150
f 10152 10149 10151
f 10153 10152 10151
f 10154 10153 10151
f 10155 10153 10154
f 10156 10155 10154
f 10157 10155 10156
f 10158 10157 10156
f 10159 10158 10156
f 10160 10159 10156
f 10161 10160 10156
f 10162 10160 10161
f 10163 10164 10165
f 10166 10163 10165
f 10167 10166 10165
f 10168 10166 10167
f 10169 10168 10167
f 10170 10168 10169
f 10171 10170 10169
f 10172 10171 10169
f 10173 10171 10172
f 10174 10171 10173
f 10175 10174 10173
f 10176 10174 10175
f 10177 10176 10175
f 10178 10176 10177
f 10179 10176 10178
f 10180 10179 10178
f 10181 10180 10178
f 10182 10180 10181
f 10183 10182 10181
f 10184 10183 10181
f 10185 10183 10184
f 10186 10185 10184
f 10187 10185 10186
f 10188 10187 10186
f 10189 10187 10188
f 9814 8078 10190
f 8078 10191 10190
f 10190 10191 10192
f 10193 10194 10195
f 10196 10194 10193
f 10197 10196 10193
f 10198 10196 10197
f 10199 10198 10197
f 10200 10198 10199
f 10201 10200 10199
f 10202 10200 10201
f 10203 10202 10201
f 10204 10200 10202
f 10205 10204 10202
f 10206 10204 10205
f 10207 10206 10205
f 10208 10206 10207
f 10209 10208 10207
f 10210 10208 10209
f 10211 10210 10209
f 10212 10210 10211
f 10213 10212 10211
f 10214 10213 10211
f 10215 10213 10214
f 10216 10215 10214
f 10217 10215 10216
f 10218 10217 10216
f 10219 10217 10218
f 10220 10217 10219
f 10221 10220 10219
f 10222 10221 10219
f 10223 10221 10222
f 10224 10225 10226
f 10227 10225 10224
f 10228 10227 10224
f 10229 10228 10224
f 10230 10227 10228
f 10231 10227 10230
f 10232 10231 10230
f 10233 10231 10232
f 10234 10233 10232
f 10235 10234 10232
f 10236 10235 10232
f 10237 10235 10236
f 10238 10237 10236
f 10239 10238 10236
f 10240 10237 10238
f 10241 10240 10238
f 10242 10240 10241
f 10243 10242 10241
f 10244 10242 10243
f 10245 10242 10244
f 10246 10245 10244
f 10247 10245 10246
f 10248 10247 10246
f 10249 10248 10246
f 10250 10249 10246
f 10251 10250 10246
f 10252 10251 10246
f 10253 10251 10252
f 10254 10253 10252
f 10255 10253 10254
f 10256 10255 10254
f 10257 10256 10254
f 10258 10257 10254
f 10259 10256 10257
f 10260 10259 10257
f 10261 10259 10260
f 10262 10259 10261
f 10263 10259 10262
f 10264 10263 10262
f 10265 10264 10262
f 10266 10267 10268
f 10269 10266 10268
f 10270 10267 10266
f 10271 10270 10266
f 10272 10271 10266
f 10273 10271 10272
f 10274 10273 10272
f 10275 10271 10273
f 10276 10275 10273
f 10277 10275 10276
f 10278 10277 10276
f 10279 10277 10278
f 10280 10279 10278
f 10281 10279 10280
f 10282 10281 10280
f 10283 10281 10282
f 10284 10283 10282
f 10285 10284 10282
f 10286 10284 10285
f 10287 10286 10285
f 10288 10286 10287
f 10289 10286 10288
f 10290 10289 10288
f 10291 10292 10293
f 10294 10292 10291
f 10295 10294 10291
f 10296 10294 10295
f 10297 10296 10295
f 10298 10296 10297
f 10299 10298 10297
f 10300 10298 10299
f 10301 10302 10303
f 10304 10302 10301
f 10305 10304 10301
f 10306 10305 10301
f 10307 10306 10301
f 10308 10305 10306
f 10309 10305 10308
f 10310 10309 10308
f 10311 10305 10309
f 10304 10305 10311
f 10312 10304 10311
f 10302 10304 10312
f 10313 10302 10312
f 10314 10313 10312
f 10289 10290 10315
f 10270 10271 10275
f 10256 10259 10263
f 10240 10242 10245
f 10237 10240 10245
f 10215 10217 10220
f 10316 10194 10196
f 10170 10171 10174
f 10133 10137 10317
f 10132 10133 10317
f 10318 10124 10126
f 10130 10318 10126
f 10319 10318 10130
f 10320 10319 10130
f 10132 10320 10130
f 10317 10320 10132
f 10092 10094 10098
f 10079 10080 10083
f 10321 10057 10059
f 10047 10048 10051
f 10054 10047 10051
f 10322 10038 10041
f 10033 10034 10038
f 10322 10033 10038
f 9955 9956 9959
f 9935 9934 9940
f 10323 9858 9860
f 9853 9855 9858
f 10323 9853 9858
f 9851 9853 10323
f 9850 9851 10323
f 10324 1860 1862
f 1856 1860 10324
f 1855 1856 10324
f 1841 1843 1845
f 10325 1840 1841
f 1831 1832 1836
f 1838 1831 1836
f 10192 10191 10326
f 1793 1794 1798
f 1787 1789 1793
f 10327 1771 1772
f 10328 1771 10327
f 1760 1763 1769
f 1771 1760 1769
f 1734 1736 1741
f 10329 1734 1741
f 1733 1734 10329
f 1642 1643 1646
f 1603 1605 1609
f 10330 1566 1568
f 10331 1427 1429
f 1422 1423 1427
f 10331 1422 1427
f 1347 1348 1352
f 1331 1333 1335
f 1258 1261 1264
f 1250 1251 1256
f 1184 1185 1191
f 1168 1170 1175
f 1163 1159 1160
f 10332 1150 1158
f 1147 1150 10332
f 1146 1147 10332
f 1126 1127 1130
f 1121 1122 1125
f 1114 1115 1117
f 1054 1056 1060
f 1062 1054 1060
f 1051 1052 1054
f 1062 1051 1054
f 1029 1030 1033
f 997 999 1002
f 978 979 983
f 943 947 950
f 942 943 950
f 873 875 878
f 871 873 878
f 868 869 871
f 849 850 853
f 833 834 844
f 816 817 826
f 806 807 810
f 777 778 780
f 766 768 774
f 731 732 740
f 743 731 740
f 10333 710 712
f 10334 702 705
f 700 702 10334
f 631 632 638
f 10335 631 638
f 10336 631 10335
f 629 631 10336
f 627 629 10336
f 566 567 570
f 481 483 487
f 10337 477 479
f 474 477 10337
f 473 474 10337
f 304 305 308
f 296 299 301
f 242 243 246
f 230 231 234
f 226 227 230
f 210 212 215
f 197 198 202
f 185 187 190
f 10338 157 158
f 150 152 157
f 10338 150 157
f 149 150 10338
f 138 140 142
f 114 115 122
f 108 110 112
f 107 108 112
f 113 107 112
f 96 97 100
f 79 80 83
f 10339 26 29
f 22 23 26
f 10339 22 26
f 21 22 10339
f 25 24 10340
f 28 25 10340
f 9270 9271 9511
f 9509 9270 9511
f 9510 9270 9509
f 9268 9270 9510
f 9267 9268 9510
f 9508 9267 9510
f 8635 8600 8640
f 8637 8600 8635
f 8597 8600 8637
f 8636 8597 8637
f 8643 8597 8636
f 8645 8643 8636
f 8563 8645 8636
f 8634 8563 8636
f 8561 8563 8634
f 8632 8561 8634
f 8560 8561 8632
f 8629 8560 8632
f 8628 8560 8629
f 8558 8560 8628
f 8625 8558 8628
f 8623 8558 8625
f 8557 8558 8623
f 8609 8557 8623
f 8554 8557 8609
f 8622 8554 8609
f 8552 8554 8622
f 8621 8552 8622
f 8550 8552 8621
f 8619 8550 8621
f 8548 8550 8619
f 8618 8548 8619
f 8545 8548 8618
f 8544 8545 8618
f 8617 8544 8618
f 8539 8544 8617
f 8537 8539 8617
f 8615 8537 8617
f 8535 8537 8615
f 8614 8535 8615
f 8533 8535 8614
f 8611 8533 8614
f 8608 8533 8611
f 8531 8533 8608
f 8606 8531 8608
f 8530 8531 8606
f 8601 8530 8606
f 8603 8530 8601
f 10341 8530 8603
f 8528 8530 10341
f 8524 8528 10341
f 9483 9491 9506
f 9484 9483 9506
f 9505 9484 9506
f 9477 9480 10342
f 9475 9477 10342
f 10343 9475 10342
f 9474 9475 10343
f 9472 9474 9504
f 9502 9472 9504
f 9501 9472 9502
f 9467 9472 9501
f 9466 9467 9501
f 9499 9466 9501
f 1159 1163 1164
f 7511 7508 7510
f 4281 4286 4282
f 4286 4281 4280
f 4288 4286 4280
f 7747 7743 7833
f 7827 7824 7821
f 7829 7827 7821
f 7787 7829 7821
f 7820 7787 7821
f 7786 7787 7820
f 7812 7786 7820
f 7816 7786 7812
f 7784 7786 7816
f 7818 7784 7816
f 7783 7784 7818
f 7776 7783 7818
f 7775 7776 7818
f 7817 7775 7818
f 7830 7775 7817
f 7756 7830 7817
f 7815 7756 7817
f 7757 7756 7815
f 7814 7757 7815
f 7753 7755 7811
f 7809 7753 7811
f 7752 7753 7809
f 7806 7752 7809
f 7804 7752 7806
f 7751 7752 7804
f 7802 7751 7804
f 7748 7751 7802
f 7801 7748 7802
f 6991 7005 7006
f 9466 9499 9496
f 9462 9466 9496
f 9497 9462 9496
f 9507 9462 9497
f 9452 9507 9497
f 9450 9452 9497
f 9495 9450 9497
f 9448 9450 9495
f 9492 9448 9495
f 9446 9448 9492
f 9490 9446 9492
f 9442 9446 9490
f 9489 9442 9490
f 9443 9442 9489
f 10344 9443 9489
f 9487 10344 9489
f 9438 9441 9482
f 9437 9438 9482
f 9479 9437 9482
f 9432 9437 9479
f 9478 9432 9479
f 9429 9432 9478
f 9476 9429 9478
f 9428 9429 9476
f 9473 9428 9476
f 9471 9428 9473
f 9426 9428 9471
f 9470 9426 9471
f 9468 9426 9470
f 9468 9423 9426
f 9469 9423 9468
f 9422 9423 9469
f 9416 9422 9469
f 9415 9416 9469
f 9465 9415 9469
f 9463 9415 9465
f 9413 9415 9463
f 9461 9413 9463
f 9460 9413 9461
f 9412 9413 9460
f 9458 9412 9460
f 9457 9412 9458
f 9410 9412 9457
f 9408 9410 9457
f 9456 9408 9457
f 9405 9408 9456
f 9404 9405 9456
f 9453 9404 9456
f 9451 9404 9453
f 9400 9404 9451
f 9449 9400 9451
f 9401 9400 9449
f 9447 9401 9449
f 10345 9401 9447
f 9445 10345 9447
f 9444 10345 9445
f 9392 9395 10346
f 9389 9392 10346
f 10347 9389 10346
f 9388 9389 10347
f 10348 9388 10347
f 10349 9388 10348
f 9385 9388 10349
f 9384 9385 10349
f 9439 9384 9440
f 9381 9384 9439
f 9379 9381 9439
f 9436 9379 9439
f 9434 9379 9436
f 9377 9379 9434
f 9435 9377 9434
f 9375 9377 9435
f 9361 9375 9435
f 9360 9361 9435
f 9431 9360 9435
f 9430 9360 9431
f 9427 9360 9430
f 9359 9360 9427
f 9425 9359 9427
f 9358 9359 9425
f 9424 9358 9425
f 9421 9358 9424
f 9355 9358 9421
f 9420 9355 9421
f 9346 9355 9420
f 9344 9346 9420
f 9419 9344 9420
f 9343 9344 9419
f 9417 9343 9419
f 9339 9343 9417
f 9414 9339 9417
f 9336 9339 9414
f 9411 9336 9414
f 9409 9336 9411
f 9337 9336 9409
f 9407 9337 9409
f 10350 9337 9407
f 9406 10350 9407
f 9403 10351 9406
f 10351 9403 9402
f 3363 10352 3362
f 3370 10352 3363
f 3371 3370 3363
f 3373 3371 3363
f 9781 9783 10353
f 10354 9781 10353
f 9780 9781 10354
f 9804 9802 10355
f 9754 9804 10355
f 10356 9754 10355
f 8596 10357 8599
f 10358 10357 8596
f 8594 10358 8596
f 10359 10358 8594
f 8592 10359 8594
f 8586 10360 8588
f 8512 10360 8586
f 8584 8512 8586
f 8510 8512 8584
f 8585 8510 8584
f 8505 8510 8585
f 8503 8505 8585
f 8582 8503 8585
f 8580 8503 8582
f 8502 8503 8580
f 8577 8502 8580
f 8501 8502 8577
f 8575 8501 8577
f 8500 8501 8575
f 8572 8500 8575
f 8568 8500 8572
f 8571 8500 8568
f 8497 8500 8571
f 8495 8497 8571
f 8569 8495 8571
f 8570 8495 8569
f 8493 8495 8570
f 8489 8493 8570
f 8488 8489 8570
f 9827 10361 9829
f 7744 10362 7750
f 7746 10362 7744
f 6323 10363 6327
f 6325 10363 6323
f 6800 10364 6803
f 10365 8742 8745
f 10366 9580 9582
f 9584 9580 10366
f 9573 10367 9572
f 10368 10367 9573
f 9575 10368 9573
f 9579 10368 9575
f 9548 9585 9578
f 9546 9548 9578
f 9576 9546 9578
f 9545 9546 9576
f 9574 9545 9576
f 9571 9545 9574
f 9544 9545 9571
f 9568 9544 9571
f 9567 9544 9568
f 9541 9544 9567
f 9539 9541 9567
f 9565 9539 9567
f 9538 9539 9565
f 9562 9538 9565
f 9563 9538 9562
f 9535 9538 9563
f 9533 9535 9563
f 9561 9533 9563
f 9532 9533 9561
f 9559 9532 9561
f 9558 9532 9559
f 9529 9532 9558
f 9557 9529 9558
f 9527 9529 9557
f 9526 9527 9557
f 9552 9526 9557
f 9554 9526 9552
f 9524 9526 9554
f 10369 9524 9554
f 9523 9524 10369
f 9550 8950 9551
f 8947 8950 9550
f 8946 8947 9550
f 9547 8946 9550
f 8945 8946 9547
f 9542 8945 9547
f 8943 8945 9542
f 9540 8943 9542
f 8942 8943 9540
f 9537 8942 9540
f 9536 8942 9537
f 8940 8942 9536
f 8939 8940 9536
f 9534 8939 9536
f 8937 8939 9534
f 9530 8937 9534
f 8935 8937 9530
f 9528 8935 9530
f 8934 8935 9528
f 9525 8934 9528
f 9522 8934 9525
f 9521 8934 9522
f 8933 8934 9521
f 9520 8933 9521
f 9518 8933 9520
f 8930 8933 9518
f 8929 8930 9518
f 9519 8929 9518
f 10370 9519 8957
f 8889 8891 8890
f 8894 8891 8889
f 8897 8894 8889
f 8900 8897 8889
f 9094 9099 9095
f 9102 9099 9094
f 2651 2653 2647
f 2677 2663 2660
f 2679 2677 2660
f 2661 2679 2660
f 2616 2679 2661
f 2617 2616 2661
f 4001 4009 4005
f 10371 1610 1608
f 10372 1428 1426
f 10373 10372 1426
f 10374 10373 1426
f 1157 1155 1153
f 1157 1161 1156
f 1167 1161 1157
f 1169 1167 1157
f 8709 10375 8710
f 8675 10375 8709
f 8674 8675 8709
f 8706 8674 8709
f 8707 8674 8706
f 8668 8674 8707
f 8667 8668 8707
f 8704 8667 8707
f 8692 8667 8704
f 8690 8667 8692
f 8665 8667 8690
f 8688 8665 8690
f 8664 8665 8688
f 8685 8664 8688
f 8684 8664 8685
f 8661 8664 8684
f 8659 8661 8684
f 8682 8659 8684
f 8658 8659 8682
f 8680 8658 8682
f 8657 8658 8680
f 8679 8657 8680
f 8673 10376 8676
f 8669 10376 8673
f 8671 10376 8669
f 8740 10376 8671
f 7914 8740 8671
f 8672 7914 8671
f 7910 7914 8672
f 7908 7910 8672
f 8670 7908 8672
f 7907 7908 8670
f 8666 7907 8670
f 8663 7907 8666
f 8662 7907 8663
f 7905 7907 8662
f 8660 7905 8662
f 7903 7905 8660
f 8660 8655 7917
f 7903 8660 7917
f 5207 5203 5204
f 5204 5210 5207
f 5213 5210 5204
f 8173 8169 8170
f 8178 8173 8170
f 8488 8570 8566
f 8485 8488 8566
f 8484 8485 8566
f 8562 8484 8566
f 8559 8484 8562
f 8482 8484 8559
f 8556 8482 8559
f 8555 8482 8556
f 8480 8482 8555
f 8553 8480 8555
f 8477 8480 8553
f 8551 8477 8553
f 8475 8477 8551
f 8549 8475 8551
f 8473 8475 8549
f 8547 8473 8549
f 8470 8473 8547
f 8546 8470 8547
f 8468 8470 8546
f 8467 8468 8546
f 8543 8467 8546
f 8542 8467 8543
f 8464 8467 8542
f 8462 8464 8542
f 8540 8462 8542
f 8459 8462 8540
f 8538 8459 8540
f 8457 8459 8538
f 8536 8457 8538
f 8534 8457 8536
f 8455 8457 8534
f 8532 8455 8534
f 8454 8455 8532
f 8529 8454 8532
f 8527 8454 8529
f 8452 8454 8527
f 8447 8452 8527
f 8526 8447 8527
f 8445 8447 8526
f 8444 8445 8526
f 8521 8444 8526
f 8523 8444 8521
f 8443 8444 8523
f 8514 8443 8523
f 8513 8443 8514
f 8441 8443 8513
f 8517 8441 8513
f 8439 8441 8517
f 8519 8439 8517
f 8437 8439 8519
f 8435 8437 8519
f 8520 8435 8519
f 10377 8435 8520
f 10378 10377 8520
f 10379 10378 8520
f 8518 10379 8520
f 10380 10379 8518
f 8516 10380 8518
f 10381 10380 8516
f 8515 10381 8516
f 8504 10382 8508
f 8499 10382 8504
f 8498 10382 8499
f 8433 10382 8498
f 8496 8433 8498
f 8431 8433 8496
f 8494 8431 8496
f 8428 8431 8494
f 8427 8428 8494
f 8491 8427 8494
f 8425 8427 8491
f 8492 8425 8491
f 8422 8425 8492
f 8407 8422 8492
f 8406 8407 8492
f 8490 8406 8492
f 8486 8406 8490
f 8487 8406 8486
f 8404 8406 8487
f 8403 8404 8487
f 8483 8403 8487
f 8481 8403 8483
f 8402 8403 8481
f 8478 8402 8481
f 8398 8402 8478
f 8476 8398 8478
f 8474 8398 8476
f 8396 8398 8474
f 8472 8396 8474
f 8394 8396 8472
f 8392 8394 8472
f 8471 8392 8472
f 8390 8392 8471
f 8469 8390 8471
f 8388 8390 8469
f 8466 8388 8469
f 8387 8388 8466
f 8465 8387 8466
f 8379 8387 8465
f 8377 8379 8465
f 8463 8377 8465
f 8376 8377 8463
f 8461 8376 8463
f 8371 8376 8461
f 8460 8371 8461
f 8369 8371 8460
f 8458 8369 8460
f 8366 8369 8458
f 8456 8366 8458
f 8365 8366 8456
f 8453 8365 8456
f 8451 8365 8453
f 8362 8365 8451
f 8450 8362 8451
f 8358 8362 8450
f 8356 8358 8450
f 8355 8356 8450
f 8448 8355 8450
f 8446 8355 8448
f 8354 8355 8446
f 8442 8354 8446
f 8440 8354 8442
f 8353 8354 8440
f 8438 8353 8440
f 8349 8353 8438
f 8434 8349 8438
f 8348 8349 8434
f 8436 8348 8434
f 10383 8348 8436
f 8347 8348 10383
f 8330 8347 10383
f 8331 8330 10383
f 8400 8405 8401
f 8351 8346 8342
f 8357 8351 8342
f 8345 8357 8342
f 8359 8357 8345
f 8368 8364 8361
f 117 109 111
f 7113 7136 7116
f 7111 7136 7113
f 7138 7136 7111
f 7072 7138 7111
f 7109 7072 7111
f 7070 7072 7109
f 5401 5404 5397
f 5412 5404 5401
f 7084 7077 7079
f 7070 7109 7104
f 7095 7103 7100
f 7096 7103 7095
f 7105 7103 7096
f 7070 7104 7105
f 7069 7070 7105
f 7096 7069 7105
f 7066 7069 7096
f 7093 7066 7096
f 7064 7066 7093
f 7094 7064 7093
f 7062 7064 7094
f 7090 7062 7094
f 7057 7062 7090
f 7087 7057 7090
f 7053 7057 7087
f 7089 7053 7087
f 7054 7053 7089
f 7074 7051 7076
f 7050 7051 7074
f 7071 7050 7074
f 7068 7050 7071
f 7067 7050 7068
f 7048 7050 7067
f 7065 7048 7067
f 7046 7048 7065
f 7063 7046 7065
f 7045 7046 7063
f 7061 7045 7063
f 7060 7045 7061
f 10384 8760 8757
f 1967 1970 1965
f 10385 1970 1967
f 1946 10385 1967
f 1944 1946 1967
f 1966 1944 1967
f 1942 1944 1966
f 1938 1942 1966
f 1964 1938 1966
f 1936 1938 1964
f 1962 1936 1964
f 1934 1936 1962
f 1961 1934 1962
f 1932 1934 1961
f 1930 1932 1961
f 1959 1930 1961
f 1928 1930 1959
f 1958 1928 1959
f 1926 1928 1958
f 1924 1926 1958
f 1956 1924 1958
f 1923 1924 1956
f 1953 1923 1956
f 1950 1923 1953
f 1947 1923 1950
f 1921 1923 1947
f 1919 1921 1947
f 1949 1919 1947
f 600 601 596
f 1668 10386 1669
f 10081 10086 10082
f 5816 5812 5810
f 7540 7544 7541
f 7748 7743 7747
f 7742 7743 7748
f 7801 7742 7748
f 7800 7742 7801
f 7739 7742 7800
f 7735 7739 7800
f 7798 7735 7800
f 7736 7735 7798
f 7796 7736 7798
f 7797 7736 7796
f 7670 7677 7672
f 7679 7677 7670
f 7585 7596 7597
f 5151 5159 5153
f 5162 5159 5151
f 5163 5162 5151
f 5166 5163 5151
f 5150 5166 5151
f 6276 6279 6275
f 6758 6755 6756
f 6877 6883 6879
f 10387 9587 9589
f 1941 10388 1943
f 1913 10388 1941
f 1940 1913 1941
f 1911 1913 1940
f 1910 1911 1940
f 1937 1910 1940
f 1935 1910 1937
f 1908 1910 1935
f 1933 1908 1935
f 1906 1908 1933
f 1931 1906 1933
f 1905 1906 1931
f 1929 1905 1931
f 1927 1905 1929
f 1903 1905 1927
f 1925 1903 1927
f 1902 1903 1925
f 1922 1902 1925
f 1920 1902 1922
f 1901 1902 1920
f 1918 1901 1920
f 1915 1901 1918
f 1899 1901 1915
f 1893 1899 1915
f 1917 1893 1915
f 10389 1893 1917
f 10390 1893 10389
f 1890 1893 10390
f 2617 2661 2658
f 2655 2617 2658
f 10391 2617 2655
f 2656 10391 2655
f 2649 10392 2651
f 10393 10392 2649
f 2650 10393 2649
f 2615 10393 2650
f 6887 6799 6801
f 6891 6887 6801
f 6805 6891 6801
f 6893 6891 6805
f 6896 6893 6805
f 6806 6896 6805
f 6895 6896 6806
f 6899 6895 6806
f 7014 6899 6806
f 6900 6899 7014
f 10394 6900 7014
f 10395 6900 10394
f 6901 6900 10395
f 6904 6901 10395
f 7013 6904 10395
f 6906 6904 7013
f 6808 6906 7013
f 6908 6906 6808
f 6811 6908 6808
f 6909 6908 6811
f 6814 6909 6811
f 6912 6909 6814
f 6913 6915 6816
f 6918 6913 6816
f 6815 6918 6816
f 6917 6918 6815
f 6921 6917 6815
f 6819 6921 6815
f 6923 6921 6819
f 6821 6923 6819
f 6925 6923 6821
f 6822 6925 6821
f 6928 6925 6822
f 6931 6928 6822
f 6823 6931 6822
f 6825 6931 6823
f 6932 6931 6825
f 6827 6932 6825
f 6933 6932 6827
f 6830 6933 6827
f 6935 6933 6830
f 6832 6935 6830
f 6886 6799 6887
f 6797 6799 6886
f 6885 6797 6886
f 6794 6797 6885
f 6793 6794 6885
f 6882 6793 6885
f 6883 6793 6882
f 7015 6793 6883
f 7016 7015 6883
f 6784 7016 6883
f 6877 6784 6883
f 6783 6784 6877
f 6871 6783 6877
f 6870 6783 6871
f 6782 6783 6870
f 6867 6782 6870
f 6780 6782 6867
f 6868 6780 6867
f 6778 6780 6868
f 6971 6890 6892
f 6894 6971 6892
f 6972 6971 6894
f 6897 6972 6894
f 6975 6972 6897
f 6902 6975 6897
f 6977 6975 6902
f 6982 6977 6902
f 6903 6982 6902
f 6983 6982 6903
f 6905 6983 6903
f 6985 6983 6905
f 6907 6985 6905
f 6910 6985 6907
f 6919 6985 6910
f 6984 6985 6919
f 6920 6984 6919
f 6986 6984 6920
f 6922 6986 6920
f 6988 6986 6922
f 6970 6890 6971
f 6889 6890 6970
f 6968 6889 6970
f 6888 6889 6968
f 6880 6888 6968
f 6967 6880 6968
f 6876 6880 6967
f 6875 6876 6967
f 6965 6875 6967
f 6874 6875 6965
f 6961 6874 6965
f 6960 6874 6961
f 6873 6874 6960
f 6959 6873 6960
f 6866 6873 6959
f 6864 6866 6959
f 6957 6864 6959
f 6863 6864 6957
f 6954 6863 6957
f 6953 6863 6954
f 6861 6863 6953
f 6951 6861 6953
f 6860 6861 6951
f 6948 6860 6951
f 6949 6860 6948
f 6858 6860 6949
f 6849 6858 6949
f 6845 6849 6949
f 6947 6845 6949
f 6843 6845 6947
f 6946 6843 6947
f 6841 6843 6946
f 6839 6841 6946
f 6944 6839 6946
f 6838 6839 6944
f 6941 6838 6944
f 6836 6838 6941
f 6939 6836 6941
f 6834 6836 6939
f 6937 6834 6939
f 6832 6834 6937
f 6935 6832 6937
f 6705 6798 6796
f 6703 6705 6796
f 6795 6703 6796
f 6702 6703 6795
f 6791 6702 6795
f 6700 6702 6791
f 6790 6700 6791
f 6698 6700 6790
f 6695 6698 6790
f 6789 6695 6790
f 6692 6695 6789
f 6691 6692 6789
f 6787 6691 6789
f 6707 6798 6705
f 6800 6798 6707
f 10364 6800 6707
f 6708 10364 6707
f 6713 10364 6708
f 6772 6785 6781
f 6779 6772 6781
f 6776 6772 6779
f 6773 6772 6776
f 6769 6772 6773
f 6787 6785 6772
f 6771 6787 6772
f 6691 6787 6771
f 6689 6691 6771
f 6770 6689 6771
f 6688 6689 6770
f 6687 6688 6770
f 6768 6687 6770
f 6683 6687 6768
f 6766 6683 6768
f 6682 6683 6766
f 6764 6682 6766
f 6681 6682 6764
f 6761 6681 6764
f 6762 6681 6761
f 6676 6681 6762
f 6673 6676 6762
f 6672 6673 6762
f 6760 6672 6762
f 6757 6672 6760
f 6671 6672 6757
f 6754 6671 6757
f 6753 6671 6754
f 6665 6671 6753
f 6663 6665 6753
f 6752 6663 6753
f 6661 6663 6752
f 6750 6661 6752
f 6659 6661 6750
f 6749 6659 6750
f 6658 6659 6749
f 6746 6658 6749
f 6743 6658 6746
f 6741 6658 6743
f 6654 6658 6741
f 6739 6654 6741
f 6655 6654 6739
f 6733 6653 6735
f 6651 6653 6733
f 6730 6651 6733
f 6649 6651 6730
f 6648 6649 6730
f 6727 6648 6730
f 6726 6648 6727
f 6644 6648 6726
f 6645 6644 6726
f 6725 6645 6726
f 6641 6643 6722
f 6720 6641 6722
f 6718 6641 6720
f 6639 6641 6718
f 6717 6639 6718
f 6636 6639 6717
f 6633 6636 6717
f 6714 6633 6717
f 6634 6633 6714
f 6711 6634 6714
f 6709 6630 6712
f 6706 6630 6709
f 6704 6630 6706
f 6628 6630 6704
f 6701 6628 6704
f 6624 6628 6701
f 6699 6624 6701
f 6623 6624 6699
f 6696 6623 6699
f 6697 6623 6696
f 6621 6623 6697
f 6620 6621 6697
f 6694 6620 6697
f 6693 6620 6694
f 6619 6620 6693
f 6618 6619 6693
f 6855 6775 6777
f 6857 6855 6777
f 6778 6857 6777
f 6868 6857 6778
f 6856 6857 6868
f 6859 6856 6868
f 6865 6859 6868
f 6853 6775 6855
f 6774 6775 6853
f 6852 6774 6853
f 6767 6774 6852
f 6765 6767 6852
f 6851 6765 6852
f 6763 6765 6851
f 6848 6763 6851
f 6759 6763 6848
f 6758 6759 6848
f 6846 6758 6848
f 6844 6758 6846
f 6755 6758 6844
f 6842 6755 6844
f 6747 6755 6842
f 6745 6747 6842
f 6840 6745 6842
f 6744 6745 6840
f 6837 6744 6840
f 6835 6744 6837
f 6742 6744 6835
f 6833 6742 6835
f 6740 6742 6833
f 6831 6740 6833
f 6737 6740 6831
f 6828 6737 6831
f 6829 6737 6828
f 6738 6737 6829
f 6734 6738 6829
f 6732 6734 6829
f 6731 6732 6829
f 6826 6731 6829
f 6824 6731 6826
f 6729 6731 6824
f 6728 6729 6824
f 6820 6728 6824
f 7009 6978 6979
f 6987 7009 6979
f 6989 7009 6987
f 7006 7009 6989
f 6991 7006 6989
f 7008 6978 7009
f 7010 6978 7008
f 6962 7010 7008
f 7007 6962 7008
f 6956 6962 7007
f 6955 6956 7007
f 7004 6955 7007
f 7003 6955 7004
f 6952 6955 7003
f 7000 6952 7003
f 7001 6952 7000
f 6950 6952 7001
f 6943 6950 7001
f 6942 6943 7001
f 6999 6942 7001
f 6940 6942 6999
f 6997 6940 6999
f 6938 6940 6997
f 6996 6938 6997
f 7011 6938 6996
f 6994 7011 6996
f 6927 7011 6994
f 6926 6927 6994
f 6992 6926 6994
f 6990 6926 6992
f 6924 6926 6990
f 6988 6924 6990
f 6922 6924 6988
f 6820 7017 6728
f 6559 6610 6608
f 6556 6559 6608
f 6607 6556 6608
f 6555 6556 6607
f 6604 6555 6607
f 6603 6555 6604
f 6552 6555 6603
f 6551 6552 6603
f 6600 6551 6603
f 6598 6551 6600
f 6549 6551 6598
f 6596 6549 6598
f 6547 6549 6596
f 6594 6547 6596
f 6545 6547 6594
f 6593 6545 6594
f 6543 6545 6593
f 6591 6543 6593
f 6540 6543 6591
f 6589 6540 6591
f 6538 6540 6589
f 6587 6538 6589
f 6536 6538 6587
f 6586 6536 6587
f 6534 6536 6586
f 6532 6534 6586
f 6581 6532 6586
f 6582 6532 6581
f 6530 6532 6582
f 6686 6693 6690
f 6618 6693 6686
f 6685 6618 6686
f 7019 6618 6685
f 6597 7019 6685
f 6680 6597 6685
f 6595 6597 6680
f 6679 6595 6680
f 6592 6595 6679
f 6677 6592 6679
f 6590 6592 6677
f 6675 6590 6677
f 6588 6590 6675
f 6674 6588 6675
f 6585 6588 6674
f 6584 6585 6674
f 6670 6584 6674
f 6669 6584 6670
f 6583 6584 6669
f 6577 6583 6669
f 6668 6577 6669
f 6666 6577 6668
f 6578 6577 6666
f 6576 6578 6666
f 6664 6576 6666
f 6662 6576 6664
f 6574 6576 6662
f 6660 6574 6662
f 6571 6574 6660
f 6657 6571 6660
f 6656 6571 6657
f 6572 6571 6656
f 6627 6614 6613
f 10396 6627 6613
f 6626 6627 10396
f 6637 6635 10397
f 6561 6637 10397
f 6563 6637 6561
f 6638 6637 6563
f 6565 6638 6563
f 6640 6638 6565
f 6567 6640 6565
f 6642 6640 6567
f 6535 6484 6486
f 6537 6535 6486
f 6487 6537 6486
f 6539 6537 6487
f 6541 6539 6487
f 6489 6541 6487
f 6496 6541 6489
f 6542 6541 6496
f 6544 6542 6496
f 6497 6544 6496
f 6546 6544 6497
f 6548 6546 6497
f 6498 6548 6497
f 6550 6548 6498
f 6553 6550 6498
f 6499 6553 6498
f 6501 6553 6499
f 6554 6553 6501
f 6557 6554 6501
f 6502 6557 6501
f 6558 6557 6502
f 10398 6558 6502
f 6503 10398 6502
f 10399 10398 6503
f 6505 10399 6503
f 10400 10399 6505
f 6507 10400 6505
f 6560 6562 6517
f 6519 6560 6517
f 6564 6560 6519
f 6521 6564 6519
f 6566 6564 6521
f 6569 6566 6521
f 6522 6569 6521
f 6526 6569 6522
f 6570 6569 6526
f 10401 6570 6526
f 6527 10401 6526
f 6533 6484 6535
f 6482 6484 6533
f 6529 6482 6533
f 6480 6482 6529
f 6531 6480 6529
f 10402 6480 6531
f 6478 6480 10402
f 6459 6485 6483
f 6458 6459 6483
f 6481 6458 6483
f 6455 6458 6481
f 6477 6455 6481
f 6454 6455 6477
f 6479 6454 6477
f 6448 6454 6479
f 10403 6448 6479
f 6449 6448 10403
f 6488 6485 6459
f 6461 6488 6459
f 6490 6488 6461
f 6492 6490 6461
f 6462 6492 6461
f 6465 6492 6462
f 6493 6492 6465
f 6467 6493 6465
f 6495 6493 6467
f 6469 6495 6467
f 6500 6495 6469
f 6504 6500 6469
f 6470 6504 6469
f 6506 6504 6470
f 6472 6506 6470
f 6508 6506 6472
f 6456 6430 6431
f 6457 6456 6431
f 6460 6457 6431
f 6433 6460 6431
f 6463 6460 6433
f 6435 6463 6433
f 6438 6463 6435
f 6464 6463 6438
f 6442 6464 6438
f 6466 6464 6442
f 6444 6466 6442
f 6468 6466 6444
f 6471 6468 6444
f 6445 6471 6444
f 6453 6430 6456
f 6451 6430 6453
f 6428 6430 6451
f 6452 6428 6451
f 6426 6428 6452
f 6423 6426 6452
f 6422 6423 6452
f 6509 6520 6518
f 6515 6509 6518
f 6523 6520 6509
f 6513 6523 6509
f 6525 6523 6513
f 6473 6512 6474
f 6513 6512 6473
f 6525 6513 6473
f 6476 6525 6473
f 6524 6525 6476
f 6528 6524 6476
f 6398 6436 6434
f 6396 6398 6434
f 6432 6396 6434
f 6395 6396 6432
f 6429 6395 6432
f 6427 6395 6429
f 6393 6395 6427
f 6425 6393 6427
f 6392 6393 6425
f 6424 6392 6425
f 6386 6392 6424
f 6419 6386 6424
f 6384 6386 6419
f 6421 6384 6419
f 10404 6384 6421
f 6381 6384 10404
f 6379 6381 10404
f 6400 6436 6398
f 6437 6436 6400
f 6440 6437 6400
f 6401 6440 6400
f 6403 6440 6401
f 6441 6440 6403
f 6405 6441 6403
f 6360 6399 6397
f 6358 6360 6397
f 6394 6358 6397
f 6357 6358 6394
f 6391 6357 6394
f 6390 6357 6391
f 6352 6357 6390
f 6348 6352 6390
f 6389 6348 6390
f 6346 6348 6389
f 6387 6346 6389
f 6345 6346 6387
f 6385 6345 6387
f 6341 6345 6385
f 6383 6341 6385
f 6382 6341 6383
f 6337 6341 6382
f 6336 6337 6382
f 6378 6336 6382
f 6380 6336 6378
f 10405 6336 6380
f 6331 6336 10405
f 6332 6331 10405
f 6402 6399 6360
f 6361 6402 6360
f 6365 6402 6361
f 6404 6402 6365
f 6407 6404 6365
f 6366 6407 6365
f 6410 6407 6366
f 6367 6410 6366
f 6413 6410 6367
f 6368 6413 6367
f 6414 6413 6368
f 6417 6414 6368
f 6369 6417 6368
f 6371 6417 6369
f 6418 6417 6371
f 6373 6418 6371
f 10406 6405 6406
f 6412 10407 6411
f 10408 10407 6412
f 6415 10408 6412
f 10409 6405 10406
f 6441 6405 10409
f 6439 6441 10409
f 6290 6362 6359
f 6283 6290 6359
f 6356 6283 6359
f 6282 6283 6356
f 6353 6282 6356
f 6280 6282 6353
f 6354 6280 6353
f 6278 6280 6354
f 7023 6278 6354
f 6262 7023 6354
f 6351 6262 6354
f 6349 6262 6351
f 6261 6262 6349
f 6350 6261 6349
f 6258 6261 6350
f 6256 6258 6350
f 6347 6256 6350
f 6255 6256 6347
f 6344 6255 6347
f 6343 6255 6344
f 6253 6255 6343
f 6252 6253 6343
f 6340 6252 6343
f 6338 6252 6340
f 6250 6252 6338
f 7026 6250 6338
f 6291 6362 6290
f 6364 6362 6291
f 6293 6364 6291
f 6370 6364 6293
f 6295 6370 6293
f 6372 6370 6295
f 6375 6372 6295
f 6297 6375 6295
f 6299 6375 6297
f 6286 6281 6279
f 6276 6286 6279
f 6288 6286 6276
f 6184 6284 6285
f 6182 6184 6285
f 6287 6182 6285
f 6180 6182 6287
f 6289 6180 6287
f 6177 6180 6289
f 6175 6177 6289
f 6288 6175 6289
f 6174 6175 6288
f 6276 6174 6288
f 6274 6174 6276
f 6171 6174 6274
f 6272 6171 6274
f 6170 6171 6272
f 6271 6170 6272
f 6165 6170 6271
f 6269 6165 6271
f 6164 6165 6269
f 6267 6164 6269
f 6265 6164 6267
f 6266 6164 6265
f 6162 6164 6266
f 6159 6162 6266
f 6292 6284 6184
f 6185 6292 6184
f 6294 6292 6185
f 6188 6294 6185
f 6296 6294 6188
f 6190 6296 6188
f 6298 6296 6190
f 6192 6298 6190
f 6300 6298 6192
f 6302 6300 6192
f 6193 6302 6192
f 6196 6302 6193
f 6306 6302 6196
f 6309 6306 6196
f 6197 6309 6196
f 6310 6309 6197
f 6200 6310 6197
f 6311 6310 6200
f 6314 6311 6200
f 6202 6314 6200
f 6204 6314 6202
f 6315 6314 6204
f 10410 6315 6204
f 6205 10410 6204
f 10411 6339 6334
f 6333 10411 6334
f 6249 6152 6154
f 6251 6249 6154
f 6254 6251 6154
f 6155 6254 6154
f 6257 6254 6155
f 6157 6257 6155
f 6259 6257 6157
f 6159 6259 6157
f 6266 6259 6159
f 6248 6152 6249
f 6150 6152 6248
f 6149 6150 6248
f 6245 6149 6248
f 6242 6149 6245
f 6241 6149 6242
f 6148 6149 6241
f 6237 6148 6241
f 6239 6148 6237
f 6147 6148 6239
f 10412 6147 6239
f 6325 6246 7026
f 6244 6246 6325
f 6322 6244 6325
f 6243 6244 6322
f 6320 6243 6322
f 6319 6243 6320
f 6240 6243 6319
f 6238 6240 6319
f 6318 6238 6319
f 10411 10363 6325
f 6077 6172 6169
f 6168 6077 6169
f 6079 6172 6077
f 6079 6173 6172
f 6176 6173 6079
f 6080 6176 6079
f 6178 6176 6080
f 6083 6178 6080
f 6179 6178 6083
f 6086 6179 6083
f 6181 6179 6086
f 6183 6181 6086
f 6187 6183 6086
f 6087 6187 6086
f 6090 6187 6087
f 6186 6187 6090
f 6189 6186 6090
f 6091 6189 6090
f 6191 6189 6091
f 6194 6191 6091
f 6092 6194 6091
f 6094 6194 6092
f 6195 6194 6094
f 6198 6195 6094
f 6199 6198 6094
f 6096 6199 6094
f 6201 6199 6096
f 6097 6201 6096
f 6203 6201 6097
f 6073 6167 6161
f 6160 6073 6161
f 6072 6073 6160
f 6074 6167 6073
f 6168 6167 6074
f 6077 6168 6074
f 6039 6081 6078
f 6076 6039 6078
f 6075 6039 6076
f 6037 6039 6075
f 6035 6037 6075
f 6071 6035 6075
f 6033 6035 6071
f 6032 6033 6071
f 6069 6032 6071
f 6030 6032 6069
f 6067 6030 6069
f 6028 6030 6067
f 6064 6028 6067
f 6027 6028 6064
f 6062 6027 6064
f 6061 6027 6062
f 6025 6027 6061
f 6021 6025 6061
f 6042 6081 6039
f 6044 6081 6042
f 6082 6081 6044
f 6084 6082 6044
f 6045 6084 6044
f 6050 6084 6045
f 6085 6084 6050
f 6089 6085 6050
f 6051 6089 6050
f 6093 6089 6051
f 6095 6093 6051
f 6052 6095 6051
f 6098 6095 6052
f 6054 6098 6052
f 6139 6158 6156
f 6137 6139 6156
f 6160 6158 6139
f 6072 6160 6139
f 6138 6072 6139
f 6068 6072 6138
f 6066 6068 6138
f 6136 6066 6138
f 6065 6066 6136
f 6134 6065 6136
f 6130 6065 6134
f 6131 6065 6130
f 6063 6065 6131
f 6132 6063 6131
f 6060 6063 6132
f 6055 6060 6132
f 6140 6156 6151
f 6146 6140 6151
f 6142 6140 6146
f 6137 6156 6140
f 10412 6145 6147
f 10413 6145 10412
f 6144 6145 10413
f 6235 6144 10413
f 6233 6144 6235
f 6143 6144 6233
f 6133 6143 6233
f 6232 6133 6233
f 6128 6133 6232
f 6127 6128 6232
f 6231 6127 6232
f 10414 6127 6231
f 6125 6127 10414
f 10415 6125 10414
f 6123 6125 10415
f 6002 6034 6031
f 5998 6002 6031
f 6029 5998 6031
f 5996 5998 6029
f 6026 5996 6029
f 5995 5996 6026
f 6024 5995 6026
f 6022 5995 6024
f 5992 5995 6022
f 6023 5992 6022
f 5990 5992 6023
f 7031 5990 6023
f 10416 7031 6023
f 6020 10416 6023
f 6004 6034 6002
f 6036 6034 6004
f 6007 6036 6004
f 6038 6036 6007
f 6041 6038 6007
f 6008 6041 6007
f 6014 6041 6008
f 6040 6041 6014
f 6043 6040 6014
f 6046 6043 6014
f 6015 6046 6014
f 6048 6046 6015
f 6016 6048 6015
f 10417 6048 6016
f 6049 6048 10417
f 6053 6049 10417
f 5994 5952 5954
f 5993 5994 5954
f 5997 5993 5954
f 6000 5997 5954
f 5950 5952 5994
f 5947 5950 5994
f 5946 5947 5994
f 5991 5946 5994
f 5989 5946 5991
f 5987 5946 5989
f 5944 5946 5987
f 5986 5944 5987
f 5941 5944 5986
f 5940 5941 5986
f 5983 5940 5986
f 5982 5940 5983
f 5936 5940 5982
f 5978 5936 5982
f 5937 5936 5978
f 5980 5937 5978
f 5928 5929 10418
f 6000 5954 5955
f 6001 6000 5955
f 5961 6001 5955
f 6003 6001 5961
f 5962 6003 5961
f 6005 6003 5962
f 5964 6005 5962
f 6006 6005 5964
f 6009 6006 5964
f 5966 6009 5964
f 6012 6009 5966
f 5968 6012 5966
f 6013 6012 5968
f 6099 6213 6211
f 6100 6099 6211
f 6209 6100 6211
f 6210 6100 6209
f 6103 6213 6099
f 6215 6213 6103
f 6105 6215 6103
f 6106 6215 6105
f 6216 6215 6106
f 6219 6216 6106
f 6108 6219 6106
f 6220 6222 6110
f 6109 6220 6110
f 6114 6220 6109
f 6224 6220 6114
f 6226 6224 6114
f 6116 6226 6114
f 6228 6226 6116
f 6118 6228 6116
f 6206 10419 6207
f 6212 10419 6206
f 10420 10419 6212
f 6214 10420 6212
f 10421 10420 6214
f 6217 10421 6214
f 6119 6129 6126
f 6122 6119 6126
f 6120 6119 6122
f 6132 6129 6119
f 6055 6132 6119
f 6121 6055 6119
f 6056 6055 6121
f 6021 6061 6058
f 7029 6021 6058
f 6059 7029 6058
f 6120 6122 6124
f 5745 5960 5959
f 5641 5745 5959
f 5638 5641 5959
f 5957 5638 5959
f 5635 5638 5957
f 5953 5635 5957
f 5634 5635 5953
f 5951 5634 5953
f 5632 5634 5951
f 5949 5632 5951
f 5631 5632 5949
f 5948 5631 5949
f 5628 5631 5948
f 5627 5628 5948
f 5945 5627 5948
f 5943 5627 5945
f 5625 5627 5943
f 5942 5625 5943
f 5623 5625 5942
f 5963 5960 5745
f 5746 5963 5745
f 5965 5963 5746
f 5748 5965 5746
f 5967 5965 5748
f 5750 5967 5748
f 5969 5967 5750
f 5752 5969 5750
f 5670 5669 10422
f 10423 5670 10422
f 5672 5670 10423
f 5675 5672 10423
f 10424 5675 10423
f 5747 5675 10424
f 5749 5747 10424
f 5657 10425 5661
f 5655 10425 5657
f 5653 10426 5655
f 10427 10426 5653
f 5651 10427 5653
f 5447 10427 5651
f 5649 5447 5651
f 5445 5447 5649
f 5647 5445 5649
f 5443 5445 5647
f 5644 5443 5647
f 5442 5443 5644
f 5642 5442 5644
f 5441 5442 5642
f 5639 5441 5642
f 5640 5441 5639
f 5438 5441 5640
f 5437 5438 5640
f 5637 5437 5640
f 5636 5437 5637
f 5435 5437 5636
f 5434 5435 5636
f 5633 5434 5636
f 5630 5434 5633
f 5629 5434 5630
f 5432 5434 5629
f 5430 5432 5629
f 5626 5430 5629
f 5427 5430 5626
f 5624 5427 5626
f 5425 5427 5624
f 5622 5425 5624
f 5423 5425 5622
f 5422 5423 5622
f 5620 5422 5622
f 5421 5422 5620
f 5617 5421 5620
f 5615 5421 5617
f 5419 5421 5615
f 5613 5419 5615
f 5417 5419 5613
f 5444 5140 5446
f 5137 5140 5444
f 5440 5137 5444
f 5439 5137 5440
f 5136 5137 5439
f 5135 5136 5439
f 5436 5135 5439
f 5433 5135 5436
f 5133 5135 5433
f 5431 5133 5433
f 5131 5133 5431
f 5428 5131 5431
f 5129 5131 5428
f 5429 5129 5428
f 5127 5129 5429
f 5426 5127 5429
f 5424 5127 5426
f 5126 5127 5424
f 5420 5126 5424
f 5418 5126 5420
f 5125 5126 5418
f 5416 5125 5418
f 5121 5125 5416
f 5413 5121 5416
f 5119 5121 5413
f 5410 5119 5413
f 5411 5119 5410
f 5117 5119 5411
f 10428 5117 5411
f 5412 10428 5411
f 5113 8751 5396
f 5393 5113 5396
f 5391 5113 5393
f 5112 5113 5391
f 5389 5112 5391
f 5386 5112 5389
f 5384 5112 5386
f 5110 5112 5384
f 5383 5110 5384
f 5107 5110 5383
f 5105 5107 5383
f 5381 5105 5383
f 5378 5105 5381
f 5104 5105 5378
f 5376 5104 5378
f 5100 5104 5376
f 5375 5100 5376
f 5935 5938 5934
f 5939 5938 5935
f 5942 5939 5935
f 5623 5942 5935
f 5621 5623 5935
f 5932 5621 5935
f 5619 5621 5932
f 5930 5619 5932
f 5618 5619 5930
f 5927 5618 5930
f 5925 5618 5927
f 5616 5618 5925
f 5923 5616 5925
f 5614 5616 5923
f 5924 5614 5923
f 5612 5614 5924
f 5611 5612 5924
f 5918 5611 5924
f 5916 5611 5918
f 5609 5611 5916
f 5914 5609 5916
f 5608 5609 5914
f 5911 5608 5914
f 5913 5608 5911
f 5607 5608 5913
f 5598 5607 5913
f 5596 5598 5913
f 5912 5596 5913
f 5595 5596 5912
f 5908 5595 5912
f 5906 5595 5908
f 5904 5595 5906
f 5593 5595 5904
f 5903 5593 5904
f 5590 5593 5903
f 5926 5974 5975
f 5922 5926 5975
f 5921 5922 5975
f 5976 5921 5975
f 7035 5921 5976
f 5928 5974 5926
f 5977 5974 5928
f 10418 5977 5928
f 7036 7035 10429
f 5838 7036 10429
f 7038 7036 5838
f 7042 7038 5838
f 7044 7042 5838
f 5837 7044 5838
f 7047 7044 5837
f 7517 7047 5837
f 7049 7047 7517
f 7052 7049 7517
f 7056 7055 10430
f 10431 7056 10430
f 5417 5610 5606
f 5415 5417 5606
f 5414 5415 5606
f 5602 5414 5606
f 5603 5414 5602
f 5409 5414 5603
f 5408 5409 5603
f 5604 5408 5603
f 7843 5408 5604
f 5390 7843 5604
f 5388 5390 5604
f 5601 5388 5604
f 5599 5388 5601
f 5387 5388 5599
f 5597 5387 5599
f 5594 5387 5597
f 5592 5387 5594
f 5385 5387 5592
f 5591 5385 5592
f 5382 5385 5591
f 5380 5382 5591
f 5588 5380 5591
f 5585 5380 5588
f 5379 5380 5585
f 5582 5379 5585
f 5580 5379 5582
f 5377 5379 5580
f 5581 5377 5580
f 5374 5377 5581
f 5373 5374 5581
f 5372 5373 5581
f 5613 5610 5417
f 4932 976 978
f 983 4932 978
f 985 4932 983
f 4933 4932 985
f 987 4933 985
f 4935 4933 987
f 4938 4935 987
f 989 4938 987
f 4929 976 4932
f 974 976 4929
f 4924 974 4929
f 971 974 4924
f 4917 971 4924
f 4919 971 4917
f 972 971 4919
f 743 981 980
f 731 743 980
f 730 731 980
f 977 730 980
f 975 730 977
f 729 730 975
f 973 729 975
f 10432 729 973
f 728 729 10432
f 967 723 970
f 721 723 967
f 720 721 967
f 969 720 967
f 10433 720 969
f 719 720 10433
f 965 719 10433
f 964 719 965
f 717 719 964
f 744 981 743
f 982 981 744
f 750 982 744
f 984 982 750
f 986 984 750
f 751 986 750
f 753 986 751
f 988 986 753
f 990 988 753
f 754 990 753
f 992 990 754
f 995 992 754
f 755 995 754
f 998 995 755
f 756 998 755
f 1000 998 756
f 757 1000 756
f 759 1000 757
f 1001 1000 759
f 761 1001 759
f 1003 1001 761
f 763 1003 761
f 1005 1003 763
f 766 1005 763
f 774 1005 766
f 1006 1005 774
f 775 1006 774
f 1008 1006 775
f 1011 1008 775
f 776 1011 775
f 1013 1011 776
f 1017 1013 776
f 1019 1017 776
f 777 1019 776
f 780 1019 777
f 1020 1019 780
f 782 1020 780
f 1022 1020 782
f 10434 1022 782
f 784 10434 782
f 786 10434 784
f 1024 1026 10435
f 10436 1024 10435
f 1028 1024 10436
f 10437 1028 10436
f 1031 1028 10437
f 10438 1031 10437
f 788 1031 10438
f 787 1031 788
f 1032 1031 787
f 790 1032 787
f 1034 1032 790
f 559 10439 557
f 561 10439 559
f 737 10439 561
f 738 737 561
f 563 738 561
f 739 738 563
f 564 739 563
f 741 739 564
f 746 741 564
f 566 746 564
f 748 746 566
f 570 748 566
f 749 748 570
f 571 749 570
f 758 749 571
f 573 758 571
f 760 758 573
f 575 760 573
f 762 760 575
f 764 762 575
f 576 764 575
f 579 764 576
f 765 764 579
f 581 765 579
f 767 765 581
f 583 767 581
f 769 767 583
f 585 769 583
f 771 769 585
f 587 771 585
f 590 771 587
f 772 771 590
f 779 772 590
f 591 779 590
f 781 779 591
f 593 781 591
f 783 781 593
f 595 783 593
f 785 783 595
f 5167 8756 4934
f 5168 5167 4934
f 4936 5168 4934
f 5170 5168 4936
f 4937 5170 4936
f 4940 5170 4937
f 5171 5170 4940
f 5174 5171 4940
f 5178 5176 10440
f 5181 5178 10440
f 4928 8756 5167
f 4927 4928 5167
f 4926 4927 5167
f 5166 4926 5167
f 5150 4926 5166
f 4925 4926 5150
f 5147 4925 5150
f 5145 4925 5147
f 4922 4925 5145
f 5144 4922 5145
f 4921 4922 5144
f 5143 4921 5144
f 5454 5141 5146
f 5453 5454 5146
f 5148 5453 5146
f 5452 5453 5148
f 5456 5452 5148
f 5462 5456 5148
f 5149 5462 5148
f 5152 5462 5149
f 5154 5462 5152
f 5461 5462 5154
f 5156 5461 5154
f 10441 5142 5141
f 5454 10441 5141
f 5451 10441 5454
f 5450 10441 5451
f 5160 10442 5158
f 10443 10442 5160
f 10444 10443 5160
f 5465 10444 5160
f 5161 5465 5160
f 5466 5465 5161
f 5467 5466 5161
f 5164 5467 5161
f 5169 5467 5164
f 5172 5467 5169
f 5468 5467 5172
f 5179 5468 5172
f 8747 5468 5179
f 5469 5468 8747
f 8742 5469 8747
f 10365 5469 8742
f 5470 5469 10365
f 415 558 556
f 414 415 556
f 553 414 556
f 552 414 553
f 412 414 552
f 410 412 552
f 550 410 552
f 408 410 550
f 548 408 550
f 407 408 548
f 543 407 548
f 546 407 543
f 404 407 546
f 403 404 546
f 418 558 415
f 560 558 418
f 420 560 418
f 562 560 420
f 565 562 420
f 568 565 420
f 421 568 420
f 423 568 421
f 569 568 423
f 572 569 423
f 424 572 423
f 574 572 424
f 577 574 424
f 427 577 424
f 578 577 427
f 429 578 427
f 580 578 429
f 431 580 429
f 582 580 431
f 433 582 431
f 436 582 433
f 584 582 436
f 586 584 436
f 437 586 436
f 588 586 437
f 442 588 437
f 589 588 10445
f 592 589 10445
f 293 419 417
f 416 293 417
f 294 419 293
f 422 419 294
f 296 422 294
f 425 422 296
f 301 425 296
f 426 425 301
f 428 426 301
f 304 428 301
f 430 428 304
f 308 430 304
f 432 430 308
f 309 432 308
f 434 432 309
f 311 434 309
f 313 434 311
f 435 434 313
f 438 435 313
f 314 438 313
f 317 438 314
f 439 438 317
f 441 439 317
f 318 441 317
f 321 441 318
f 327 441 321
f 440 441 327
f 443 440 327
f 328 443 327
f 4749 10446 4748
f 10447 10446 4749
f 4753 10447 4749
f 8764 8761 10448
f 994 8764 10448
f 996 8764 994
f 8765 8764 996
f 997 8765 996
f 1002 8765 997
f 1004 8765 1002
f 1007 8765 1004
f 8763 8765 1007
f 8762 8763 1007
f 1009 8762 1007
f 4738 8762 1009
f 8766 4738 1009
f 1010 8766 1009
f 4732 8766 1010
f 1012 4732 1010
f 1014 4732 1012
f 4731 4732 1014
f 4729 4731 1014
f 4880 1018 1021
f 4881 4880 1021
f 1023 4881 1021
f 1027 4884 1025
f 4882 4884 1027
f 1029 4882 1027
f 4885 4882 1029
f 1033 4885 1029
f 1035 4885 1033
f 4886 4885 1035
f 1016 1018 4880
f 4878 1016 4880
f 1015 1016 4878
f 4875 1015 4878
f 4877 1015 4875
f 1014 1015 4877
f 4729 1014 4877
f 4728 4729 4877
f 4874 4728 4877
f 4872 4728 4874
f 4726 4728 4872
f 4870 4726 4872
f 4723 4726 4870
f 4868 4723 4870
f 4720 4723 4868
f 4867 4720 4868
f 4721 4720 4867
f 10449 4721 4867
f 4862 10449 4867
f 4864 10449 4862
f 4533 4735 4733
f 4531 4533 4733
f 4730 4531 4733
f 4530 4531 4730
f 4727 4530 4730
f 4725 4530 4727
f 4528 4530 4725
f 4724 4528 4725
f 4526 4528 4724
f 4722 4526 4724
f 4519 8767 10450
f 4518 4519 10450
f 4516 4518 4719
f 4717 4516 4719
f 4515 4516 4717
f 4713 4515 4717
f 4513 4515 4713
f 4715 4513 4713
f 4512 4513 4715
f 4496 4504 10451
f 4495 4496 10451
f 4488 4491 10452
f 4486 4488 10452
f 10453 4486 10452
f 4485 4486 10453
f 4483 4485 10454
f 10455 4483 10454
f 4480 4483 10455
f 4536 4735 4533
f 4737 4735 4536
f 4740 4737 4536
f 4537 4740 4536
f 4540 4740 4537
f 4741 4740 4540
f 4541 10456 4540
f 4745 10456 4541
f 4743 4745 4541
f 4543 4743 4541
f 4747 4743 4543
f 4547 4747 4543
f 4751 4747 4547
f 4548 4751 4547
f 4401 4535 4534
f 4397 4401 4534
f 4395 4397 4534
f 4532 4395 4534
f 4394 4395 4532
f 4529 4394 4532
f 4525 4394 4529
f 4393 4394 4525
f 4527 4393 4525
f 4391 4393 4527
f 4382 4386 4524
f 4380 4382 4524
f 4522 4380 4524
f 4379 4380 4522
f 4520 4379 4522
f 4517 4379 4520
f 4514 4379 4517
f 4378 4379 4514
f 4510 4378 4514
f 4507 4378 4510
f 4503 4378 4507
f 4376 4378 4503
f 4501 4376 4503
f 4373 4376 4501
f 4500 4373 4501
f 4371 4373 4500
f 4498 4371 4500
f 4368 4371 4498
f 4497 4368 4498
f 4367 4368 4497
f 4493 4367 4497
f 4490 4367 4493
f 4489 4367 4490
f 4365 4367 4489
f 4363 4365 4489
f 4487 4363 4489
f 4362 4363 4487
f 4484 4362 4487
f 4482 4362 4484
f 4361 4362 4482
f 4479 4361 4482
f 8768 4361 4479
f 4353 8768 4479
f 4481 4353 4479
f 4354 4353 4481
f 4468 10457 4470
f 4352 10457 4468
f 4465 4352 4468
f 4463 4352 4465
f 4349 4352 4463
f 4348 4349 4463
f 4460 4348 4463
f 4459 4348 4460
f 4346 4348 4459
f 4456 4346 4459
f 4455 4346 4456
f 8769 4346 4455
f 4538 4535 4401
f 4402 4538 4401
f 4404 4538 4402
f 4539 4538 4404
f 4542 4539 4404
f 4545 4542 4404
f 4405 4545 4404
f 4546 4545 4405
f 4549 4546 4405
f 4406 4549 4405
f 4551 4549 4406
f 4408 4551 4406
f 10458 4551 4408
f 4410 10458 4408
f 4426 4563 4427
f 4564 4563 4426
f 4431 4564 4426
f 4566 4564 4431
f 4568 4566 4431
f 4432 4568 4431
f 4570 4568 4432
f 4575 4570 4432
f 4433 4575 4432
f 4436 4575 4433
f 4576 4575 4436
f 10459 4548 4550
f 4767 4761 10460
f 4769 4767 10460
f 4768 4769 4553
f 4772 4768 4553
f 4552 4772 4553
f 4774 4772 4552
f 4555 4774 4552
f 4778 4774 4555
f 4556 4778 4555
f 4558 4778 4556
f 4779 4778 4558
f 4782 4779 4558
f 4786 4787 4560
f 4559 4786 4560
f 4789 4786 4559
f 4562 4789 4559
f 4565 4789 4562
f 4790 4789 4565
f 4567 4790 4565
f 4791 4790 4567
f 4793 4791 4567
f 4571 4793 4567
f 4795 4793 4571
f 4798 4795 4571
f 4572 4798 4571
f 4800 4798 4572
f 4803 4800 4572
f 4578 4803 4572
f 4805 4803 4578
f 4579 4805 4578
f 4806 4805 4579
f 4809 4806 4579
f 4580 4809 4579
f 4811 4809 4580
f 4582 4811 4580
f 4812 4811 4582
f 4816 4812 4582
f 4584 4816 4582
f 4817 4816 4584
f 4587 4817 4584
f 4591 4817 4587
f 4818 4817 4591
f 4821 4818 4591
f 4825 4821 4591
f 4592 4825 4591
f 4751 4548 10459
f 4752 4751 10459
f 4303 4403 4400
f 4302 4303 4400
f 4398 4302 4400
f 4297 4302 4398
f 4295 4297 4398
f 4396 4295 4398
f 4293 4295 4396
f 4392 4293 4396
f 4388 4293 4392
f 4292 4293 4388
f 4390 4292 4388
f 4290 4292 4390
f 4284 4290 4390
f 4273 4276 4387
f 4272 4273 4387
f 4385 4272 4387
f 4383 4272 4385
f 4266 4272 4383
f 4384 4266 4383
f 8770 4266 4384
f 4407 4403 4303
f 4304 4407 4303
f 4409 4407 4304
f 4307 4409 4304
f 4411 4409 4307
f 4413 4411 4307
f 4416 4413 4307
f 4308 4416 4307
f 4421 4416 4308
f 4310 4421 4308
f 4314 4421 4310
f 4422 4421 4314
f 4424 4422 4314
f 4315 4424 4314
f 4318 4424 4315
f 4425 4424 4318
f 4321 4425 4318
f 7655 7704 7700
f 7697 7655 7700
f 7653 7655 7697
f 7699 7653 7697
f 7656 7704 7655
f 7658 7704 7656
f 7705 7704 7658
f 7660 7705 7658
f 7707 7705 7660
f 7662 7707 7660
f 7708 7707 7662
f 7666 7708 7662
f 7710 7708 7666
f 7667 7710 7666
f 7712 7710 7667
f 7671 7712 7667
f 7673 7712 7671
f 7713 7712 7673
f 7716 7713 7673
f 7674 7716 7673
f 7687 7716 7674
f 7717 7716 7687
f 7720 7717 7687
f 7688 7720 7687
f 7690 7720 7688
f 7721 7720 7690
f 7723 7721 7690
f 7692 7723 7690
f 7725 7723 7692
f 7694 7725 7692
f 7729 7725 7694
f 7696 7729 7694
f 7730 7729 7696
f 7733 7730 7696
f 7625 7659 7657
f 7623 7625 7657
f 7619 7623 7657
f 7652 7619 7657
f 7620 7619 7652
f 7654 7620 7652
f 7661 7659 7625
f 7664 7661 7625
f 7627 7664 7625
f 7665 7664 7627
f 7669 7665 7627
f 7628 7669 7627
f 7631 7669 7628
f 7670 7669 7631
f 7638 7670 7631
f 7679 7670 7638
f 7639 7679 7638
f 7641 7679 7639
f 7678 7679 7641
f 7645 7678 7641
f 7680 7678 7645
f 7646 7680 7645
f 7682 7680 7646
f 7771 7702 7703
f 7706 7771 7703
f 7709 7771 7706
f 7770 7771 7709
f 7711 7770 7709
f 7772 7770 7711
f 7714 7772 7711
f 7774 7772 7714
f 7777 7774 7714
f 7715 7777 7714
f 7718 7777 7715
f 7779 7777 7718
f 7781 7779 7718
f 7719 7781 7718
f 7722 7781 7719
f 7780 7781 7722
f 7726 7780 7722
f 7782 7780 7726
f 7785 7782 7726
f 7727 7785 7726
f 7789 7785 7727
f 7728 7789 7727
f 7731 7789 7728
f 7790 7789 7731
f 7793 7790 7731
f 7732 7793 7731
f 7768 7702 7771
f 7767 7702 7768
f 7701 7702 7767
f 7762 7701 7767
f 7764 7701 7762
f 7698 7701 7764
f 7738 10461 7740
f 10462 10461 7738
f 7737 10462 7738
f 7597 7624 7622
f 7621 7597 7622
f 10463 7597 7621
f 7585 7597 10463
f 7586 7585 10463
f 7598 7624 7597
f 7626 7624 7598
f 7629 7626 7598
f 7600 7629 7598
f 7602 7629 7600
f 7634 7629 7602
f 7604 7634 7602
f 7606 7634 7604
f 7635 7634 7606
f 7608 7635 7606
f 7610 7635 7608
f 7636 7635 7610
f 7612 7636 7610
f 7637 7636 7612
f 7640 7637 7612
f 7613 7640 7612
f 7642 7640 7613
f 7615 7642 7613
f 7618 7642 7615
f 7644 7642 7618
f 7559 7592 7560
f 7564 7592 7559
f 7565 7592 7564
f 7593 7592 7565
f 7567 7593 7565
f 7595 7593 7567
f 7599 7595 7567
f 7568 7599 7567
f 7601 7599 7568
f 7570 7601 7568
f 7603 7601 7570
f 7572 7603 7570
f 7605 7603 7572
f 7574 7605 7572
f 7607 7605 7574
f 7576 7607 7574
f 7609 7607 7576
f 7578 7609 7576
f 7611 7609 7578
f 7614 7611 7578
f 7580 7614 7578
f 7616 7614 7580
f 7582 7616 7580
f 7584 7616 7582
f 7617 7616 7584
f 7534 7566 7563
f 7532 7534 7563
f 7562 7532 7563
f 7530 7532 7562
f 7527 7530 7562
f 7526 7527 7562
f 7561 7526 7562
f 7569 7566 7534
f 7535 7569 7534
f 7571 7569 7535
f 7538 7571 7535
f 7573 7571 7538
f 7575 7573 7538
f 7542 7575 7538
f 7545 7575 7542
f 7577 7575 7545
f 7547 7577 7545
f 7579 7577 7547
f 7554 7579 7547
f 7581 7579 7554
f 7555 7581 7554
f 7583 7581 7555
f 7557 7583 7555
f 7647 7685 7681
f 7834 7647 7681
f 7683 7834 7681
f 7650 7685 7647
f 7686 7685 7650
f 7689 7686 7650
f 7651 7689 7650
f 7691 7689 7651
f 10464 7691 7651
f 7693 7691 10464
f 7734 7793 7732
f 7556 5834 5836
f 7558 7556 5836
f 7553 5834 7556
f 7552 5834 7553
f 5833 5834 7552
f 5832 5833 7552
f 7549 5832 7552
f 7551 5832 7549
f 5830 5832 7551
f 5796 5830 7551
f 5794 5796 7551
f 7550 5794 7551
f 5792 5794 7550
f 7544 5792 7550
f 7837 5792 7544
f 7838 7837 7544
f 7839 7838 7544
f 7540 7839 7544
f 7841 7839 7540
f 5770 7841 7540
f 7537 5770 7540
f 5768 5770 7537
f 7536 5768 7537
f 5767 5768 7536
f 7533 5767 7536
f 7531 5767 7533
f 5765 5767 7531
f 7529 5765 7531
f 5763 5765 7529
f 7528 5763 7529
f 5760 5763 7528
f 5759 5760 7528
f 7525 5759 7528
f 7523 5759 7525
f 5757 5759 7523
f 7521 5757 7523
f 5756 5757 7521
f 7520 5756 7521
f 10465 5828 5826
f 5820 10466 5824
f 5822 10466 5820
f 5817 10467 5818
f 5539 10467 5817
f 5816 5539 5817
f 5538 5539 5816
f 5536 5538 5816
f 5810 5536 5816
f 5535 5536 5810
f 5806 5535 5810
f 5804 5535 5806
f 5533 5535 5804
f 5802 5533 5804
f 5531 5533 5802
f 5801 5531 5802
f 5530 5531 5801
f 5798 5530 5801
f 5799 5530 5798
f 5527 5530 5799
f 5526 5527 5799
f 5831 5828 10465
f 7526 7561 10468
f 7524 7526 10468
f 10469 7524 10468
f 7522 7524 10469
f 10470 7522 10469
f 7518 7522 10470
f 10471 7518 10470
f 5764 5499 5501
f 5766 5764 5501
f 5769 5766 5501
f 5502 5769 5501
f 5771 5769 5502
f 5504 5771 5502
f 5773 5771 5504
f 5506 5773 5504
f 5775 5773 5506
f 5508 5775 5506
f 5777 5775 5508
f 5509 5777 5508
f 5779 5777 5509
f 5511 5779 5509
f 5513 5779 5511
f 5780 5779 5513
f 5515 5780 5513
f 5782 5780 5515
f 5518 5782 5515
f 5785 5782 5518
f 5787 5785 5518
f 5519 5787 5518
f 5789 5787 5519
f 5521 5789 5519
f 5524 5789 5521
f 5788 5789 5524
f 5791 5788 5524
f 5525 5791 5524
f 5793 5791 5525
f 5799 5793 5525
f 5526 5799 5525
f 5497 5499 5764
f 5762 5497 5764
f 5496 5497 5762
f 5761 5496 5762
f 5494 5496 5761
f 5755 5494 5761
f 5492 5494 5755
f 5478 5481 10472
f 5477 5478 10472
f 10473 5477 10472
f 5474 5477 10473
f 5279 5500 5498
f 5503 5500 5279
f 5280 5503 5279
f 5505 5503 5280
f 5283 5505 5280
f 5507 5505 5283
f 5510 5507 5283
f 5284 5510 5283
f 5286 5510 5284
f 5512 5510 5286
f 5288 5512 5286
f 5514 5512 5288
f 5291 5514 5288
f 5516 5514 5291
f 5517 5516 5291
f 5520 5517 5291
f 5292 5520 5291
f 5522 5520 5292
f 5294 5522 5292
f 5523 5522 5294
f 5528 5523 5294
f 5295 5528 5294
f 5297 5528 5295
f 5301 5528 5297
f 5529 5528 5301
f 5303 5529 5301
f 5532 5529 5303
f 5305 5532 5303
f 5534 5532 5305
f 5309 5534 5305
f 5537 5534 5309
f 5540 5537 5309
f 5310 5540 5309
f 5277 5498 5495
f 5491 5277 5495
f 5275 5277 5491
f 5493 5275 5491
f 5274 5275 5493
f 5490 5274 5493
f 5488 5274 5490
f 5272 5274 5488
f 5487 5272 5488
f 5270 5272 5487
f 5269 5270 5487
f 5486 5269 5487
f 10474 5269 5486
f 5483 5269 10474
f 5267 5269 5483
f 5480 5267 5483
f 5479 5267 5480
f 5264 5267 5479
f 5262 5264 5479
f 5261 5262 5479
f 5476 5261 5479
f 5475 5261 5476
f 5259 5261 5475
f 5253 5259 5475
f 5471 5253 5475
f 5254 5253 5471
f 5473 5254 5471
f 5279 5498 5277
f 10475 7519 7518
f 10471 10475 7518
f 5048 5289 5290
f 5045 5048 5290
f 5044 5045 5290
f 5287 5044 5290
f 5285 5044 5287
f 5040 5044 5285
f 5039 5040 5285
f 5282 5039 5285
f 5281 5039 5282
f 5038 5039 5281
f 5278 5038 5281
f 5276 5038 5278
f 5037 5038 5276
f 5273 5037 5276
f 5271 5037 5273
f 5050 5289 5048
f 5293 5289 5050
f 5296 5293 5050
f 5051 5296 5050
f 5298 5296 5051
f 5053 5298 5051
f 5300 5298 5053
f 5055 5300 5053
f 5060 5300 5055
f 5059 5300 5060
f 5299 5300 5059
f 5302 5299 5059
f 5062 5302 5059
f 5304 5302 5062
f 5307 5304 5062
f 5064 5307 5062
f 5316 5314 5066
f 5065 5316 5066
f 5069 5316 5065
f 5317 5316 5069
f 5320 5317 5069
f 5070 5320 5069
f 5322 5320 5070
f 8753 10476 8752
f 5271 5268 5266
f 5037 5271 5266
f 5265 5037 5266
f 5035 5037 5265
f 5033 5035 5265
f 5263 5033 5265
f 5032 5033 5263
f 5260 5032 5263
f 5258 5032 5260
f 5030 5032 5258
f 5257 5030 5258
f 5026 5030 5257
f 5025 5026 5257
f 5255 5025 5257
f 10477 5025 5255
f 5024 5025 10477
f 5022 5024 10478
f 5020 5022 10478
f 10479 5020 10478
f 10480 5020 10479
f 5019 5020 10480
f 10481 5019 10480
f 5252 5019 10481
f 5017 5019 5252
f 5250 5017 5252
f 5014 5017 5250
f 5013 5014 5250
f 5248 5013 5250
f 5011 5013 5248
f 5247 5011 5248
f 5008 5011 5247
f 5006 5008 5247
f 5003 5006 5247
f 5000 5003 5247
f 5249 5000 5247
f 10482 5000 5249
f 5001 5000 10482
f 4993 4995 10483
f 10484 4993 10483
f 4849 5047 5046
f 4843 4849 5046
f 4842 4843 5046
f 5042 4842 5046
f 5043 4842 5042
f 4840 4842 5043
f 4850 5047 4849
f 5049 5047 4850
f 5052 5049 4850
f 4852 5052 4850
f 5054 5052 4852
f 4854 5054 4852
f 5056 5054 4854
f 4858 5056 4854
f 5058 5056 4858
f 4859 5058 4858
f 5029 5043 5041
f 5031 5029 5041
f 5028 5029 5031
f 4840 5043 5029
f 5027 4840 5029
f 4839 4840 5027
f 5023 4839 5027
f 5021 4839 5023
f 4837 4839 5021
f 5018 4837 5021
f 4836 4837 5018
f 5016 4836 5018
f 5015 4836 5016
f 4832 4836 5015
f 4831 4832 5015
f 5012 4831 5015
f 5010 4831 5012
f 4829 4831 5010
f 5009 4829 5010
f 4827 4829 5009
f 4826 4827 5009
f 5007 4826 5009
f 5005 4826 5007
f 4824 4826 5005
f 5004 4824 5005
f 4823 4824 5004
f 5002 4823 5004
f 4998 4822 4999
f 4820 4822 4998
f 4819 4820 4998
f 4996 4819 4998
f 4814 4819 4996
f 4994 4814 4996
f 4813 4814 4994
f 4992 4813 4994
f 4991 4813 4992
f 4810 4813 4991
f 4808 4810 4991
f 4988 4808 4991
f 4807 4808 4988
f 4986 4807 4988
f 4984 4807 4986
f 4804 4807 4984
f 4982 4804 4984
f 4802 4804 4982
f 4980 4802 4982
f 4801 4802 4980
f 4977 4801 4980
f 4976 4801 4977
f 4799 4801 4976
f 4797 4799 4976
f 4974 4797 4976
f 4796 4797 4974
f 4973 4796 4974
f 4776 4796 4973
f 4775 4776 4973
f 4970 4775 4973
f 4967 4775 4970
f 4966 4775 4967
f 4773 4775 4966
f 4771 4773 4966
f 4964 4771 4966
f 4770 4771 4964
f 4961 4770 4964
f 4962 4770 4961
f 4766 4770 4962
f 4765 4766 4962
f 4959 4765 4962
f 4957 4765 4959
f 4764 4765 4957
f 4955 4764 4957
f 4763 4764 4955
f 4952 4763 4955
f 4951 4763 4952
f 4759 4763 4951
f 4754 4759 4951
f 4947 4754 4951
f 4755 4754 4947
f 4949 4755 4947
f 4608 4853 4848
f 4846 4608 4848
f 4605 4608 4846
f 4845 4605 4846
f 4609 4853 4608
f 4856 4853 4609
f 4610 4856 4609
f 4707 4856 4610
f 4708 4856 4707
f 4855 4856 4708
f 4710 4855 4708
f 4857 4855 4710
f 4860 4857 4710
f 4711 4860 4710
f 4861 4860 4711
f 5311 5543 5312
f 5541 5543 5311
f 5315 5541 5311
f 5318 5541 5315
f 5544 5541 5318
f 5319 5544 5318
f 5546 5544 5319
f 7848 5546 5319
f 4603 4834 4835
f 4601 4603 4835
f 4599 4601 4835
f 4597 4599 4835
f 4833 4597 4835
f 4596 4597 4833
f 4830 4596 4833
f 4828 4596 4830
f 4593 4596 4828
f 4592 4593 4828
f 4604 4834 4603
f 4838 4834 4604
f 4841 4838 4604
f 4845 4841 4604
f 4605 4845 4604
f 4612 4607 4606
f 4615 4612 4606
f 4602 4615 4606
f 4600 4615 4602
f 4472 4639 4638
f 4473 4472 4638
f 4631 4473 4638
f 4633 4473 4631
f 4627 4471 4630
f 4469 4471 4627
f 4625 4469 4627
f 4467 4469 4625
f 4622 4467 4625
f 4466 4467 4622
f 4619 4466 4622
f 4464 4466 4619
f 4617 4464 4619
f 4462 4464 4617
f 4461 4462 4617
f 4613 4461 4617
f 4614 4461 4613
f 4458 4461 4614
f 4457 4458 4614
f 4615 4457 4614
f 4453 4457 4615
f 4600 4453 4615
f 4451 4453 4600
f 4598 4451 4600
f 4450 4451 4598
f 4595 4450 4598
f 4594 4450 4595
f 4449 4450 4594
f 4445 4449 4594
f 4590 4445 4594
f 4589 4445 4590
f 4443 4445 4589
f 4441 4443 4589
f 4588 4441 4589
f 4440 4441 4588
f 4585 4440 4588
f 4586 4440 4585
f 4437 4440 4586
f 4436 4437 4586
f 4576 4436 4586
f 4583 4576 4586
f 4581 4576 4583
f 4577 4576 4581
f 4574 4576 4577
f 4705 4639 4472
f 4476 4705 4472
f 4706 4705 4476
f 4709 4706 4476
f 4478 4709 4476
f 4712 4709 4478
f 5077 5327 5326
f 5074 5077 5326
f 5071 5074 5326
f 8753 5071 5326
f 10476 8753 5326
f 5328 10476 5326
f 5329 5327 5077
f 5078 5329 5077
f 10485 5329 5078
f 5330 5329 10485
f 4828 4825 4592
f 4447 4455 4452
f 4448 4447 4452
f 8769 4455 4447
f 4343 8769 4447
f 4342 4343 4447
f 4444 4342 4447
f 4442 4342 4444
f 4341 4342 4442
f 4439 4341 4442
f 4438 4341 4439
f 4337 4341 4438
f 4336 4337 4438
f 4435 4336 4438
f 4332 4336 4435
f 4434 4332 4435
f 4333 4332 4434
f 4430 4333 4434
f 4429 4333 4430
f 10486 4989 4990
f 10484 10486 4990
f 4993 10484 4990
f 4987 4989 5246
f 4985 4987 5246
f 5244 4985 5246
f 5242 4985 5244
f 4983 4985 5242
f 5240 4983 5242
f 4981 4983 5240
f 5239 4981 5240
f 4979 4981 5239
f 5236 4979 5239
f 5234 4979 5236
f 4978 4979 5234
f 5231 4978 5234
f 5232 4978 5231
f 4975 4978 5232
f 4972 4975 5232
f 4971 4972 5232
f 5226 4971 5232
f 5225 4971 5226
f 4969 4971 5225
f 5223 4969 5225
f 4968 4969 5223
f 5220 4968 5223
f 5219 4968 5220
f 4965 4968 5219
f 4963 4965 5219
f 5216 4963 5219
f 5214 4963 5216
f 4960 4963 5214
f 5213 4960 5214
f 4958 4960 5213
f 5204 4958 5213
f 4956 4958 5204
f 5202 4956 5204
f 4954 4956 5202
f 5201 4954 5202
f 4945 4954 5201
f 4941 4945 5201
f 5199 4941 5201
f 4942 4941 5199
f 5198 4942 5199
f 4274 4193 4194
f 4275 4274 4194
f 4279 4275 4194
f 4195 4279 4194
f 4271 4193 4274
f 4268 4193 4271
f 4270 4193 4268
f 4191 4193 4270
f 4187 4191 4270
f 4185 4187 4270
f 4183 4185 4270
f 4269 4183 4270
f 4182 4183 4269
f 4265 4182 4269
f 4264 4182 4265
f 4179 4182 4264
f 4178 4179 4264
f 4261 4178 4264
f 4257 4178 4261
f 4256 4178 4257
f 4174 4178 4256
f 4254 4174 4256
f 4175 4174 4254
f 4253 4175 4254
f 4197 4280 4279
f 4195 4197 4279
f 8772 4280 4197
f 4288 4280 8772
f 8771 4288 8772
f 4207 4288 8771
f 4287 4288 4207
f 4208 4287 4207
f 4289 4287 4208
f 4210 4289 4208
f 4291 4289 4210
f 4294 4291 4210
f 4211 4294 4210
f 4296 4294 4211
f 4213 4296 4211
f 4298 4296 4213
f 4214 4298 4213
f 4300 4298 4214
f 4109 4192 4190
f 4107 4109 4190
f 4188 4107 4190
f 4105 4107 4188
f 4189 4105 4188
f 4099 4105 4189
f 4098 4099 4189
f 4186 4098 4189
f 4184 4098 4186
f 4094 4098 4184
f 4181 4094 4184
f 4180 4094 4181
f 4095 4094 4180
f 4177 4095 4180
f 4176 4095 4177
f 4196 4192 4109
f 4110 4196 4109
f 4198 4196 4110
f 4112 4198 4110
f 4200 4198 4112
f 4114 4200 4112
f 4202 4200 4114
f 4117 4202 4114
f 4120 4202 4117
f 4203 4202 4120
f 4206 4203 4120
f 4036 4108 4106
f 4035 4036 4106
f 4104 4035 4106
f 4028 4035 4104
f 4103 4028 4104
f 4029 4028 4103
f 10487 4029 4103
f 4102 10487 4103
f 10488 10487 4102
f 4100 10488 4102
f 10489 10488 4100
f 4097 10489 4100
f 10490 10489 4097
f 4096 10490 4097
f 4111 4108 4036
f 4037 4111 4036
f 4113 4111 4037
f 4038 4113 4037
f 4115 4113 4038
f 4040 4115 4038
f 4116 4115 4040
f 4042 4116 4040
f 4118 4116 4042
f 4045 4118 4042
f 4119 4118 4045
f 4122 4119 4045
f 4125 4122 4045
f 4046 4125 4045
f 4047 4125 4046
f 4126 4125 4047
f 4049 4126 4047
f 4052 4126 4049
f 4129 4126 4052
f 4054 4129 4052
f 4131 4129 4054
f 4133 4131 4054
f 4055 4133 4054
f 4062 4133 4055
f 4134 4133 4062
f 4063 4134 4062
f 3908 10491 3904
f 4030 10491 3908
f 4032 4030 3908
f 3911 4032 3908
f 4033 4032 3911
f 3914 4033 3911
f 4039 4033 3914
f 4041 4039 3914
f 3916 4041 3914
f 4044 4041 3916
f 3918 4044 3916
f 4043 4044 3918
f 4048 4043 3918
f 3919 4048 3918
f 4051 4048 3919
f 3921 4051 3919
f 3924 4051 3921
f 4050 4051 3924
f 4053 4050 3924
f 4056 4053 3924
f 3925 4056 3924
f 4058 4056 3925
f 3927 4058 3925
f 3930 4058 3927
f 4059 4058 3930
f 3932 4059 3930
f 4060 4059 3932
f 4251 4359 4357
f 4252 4251 4357
f 10492 4252 4357
f 4355 10492 4357
f 4340 10493 4344
f 10494 10493 4340
f 4250 10494 4340
f 4338 4250 4340
f 4247 4250 4338
f 4335 4247 4338
f 4334 4247 4335
f 4248 4247 4334
f 4242 4244 4331
f 4329 4242 4331
f 4240 4242 4329
f 4327 4240 4329
f 4238 4240 4327
f 4325 4238 4327
f 4236 4238 4325
f 4322 4236 4325
f 4234 4236 4322
f 4324 4234 4322
f 4225 4226 4319
f 4317 4225 4319
f 4223 4225 4317
f 4316 4223 4317
f 4222 4223 4316
f 4313 4222 4316
f 4311 4222 4313
f 4220 4222 4311
f 4312 4220 4311
f 4216 4220 4312
f 4214 4216 4312
f 4300 4214 4312
f 4309 4300 4312
f 4306 4300 4309
f 4305 4300 4306
f 4301 4300 4305
f 4255 4359 4251
f 4258 4359 4255
f 4360 4359 4258
f 4364 4360 4258
f 4259 4364 4258
f 4366 4364 4259
f 4369 4366 4259
f 4260 4369 4259
f 4370 4369 4260
f 8770 4370 4260
f 4375 4372 4370
f 8770 4375 4370
f 4384 4375 8770
f 4381 4375 4384
f 4374 4375 4381
f 4377 4374 4381
f 3808 3915 3913
f 3806 3808 3913
f 3912 3806 3913
f 3805 3806 3912
f 3909 3805 3912
f 3910 3805 3909
f 3802 3805 3910
f 3801 3802 3910
f 3907 3801 3910
f 3906 3801 3907
f 3799 3801 3906
f 3797 3799 3906
f 3905 3797 3906
f 10495 3797 3905
f 3796 3797 10495
f 10496 3796 10495
f 3795 3796 10496
f 3811 3915 3808
f 3917 3915 3811
f 3920 3917 3811
f 3812 3920 3811
f 3922 3920 3812
f 3815 3922 3812
f 3923 3922 3815
f 3926 3923 3815
f 3928 3926 3815
f 3816 3928 3815
f 3818 3928 3816
f 3929 3928 3818
f 3821 3929 3818
f 3931 3929 3821
f 3934 3931 3821
f 3936 3934 3821
f 3823 3936 3821
f 3944 3939 10497
f 3825 3944 10497
f 3824 3944 3825
f 3945 3944 3824
f 3950 3945 3824
f 3827 3950 3824
f 3952 3950 3827
f 3955 3952 3827
f 10498 3955 3827
f 10499 3955 10498
f 3954 3955 10499
f 3957 3954 10499
f 10500 3957 10499
f 3958 3957 10500
f 3962 3958 10500
f 4209 4205 4206
f 4218 4206 4120
f 4121 4218 4120
f 4217 4218 4121
f 4123 4217 4121
f 4219 4217 4123
f 4127 4219 4123
f 4221 4219 4127
f 4224 4221 4127
f 4128 4224 4127
f 4227 4224 4128
f 4130 4227 4128
f 4132 4227 4130
f 4135 4227 4132
f 4228 4227 4135
f 4137 4228 4135
f 10501 4228 4137
f 4138 10501 4137
f 10502 10501 4138
f 4140 10502 4138
f 10503 10502 4140
f 10504 10503 4140
f 4147 10504 4140
f 4149 10504 4147
f 4231 10504 4149
f 4229 4231 4149
f 4150 4229 4149
f 4154 4229 4150
f 4232 4229 4154
f 4156 4232 4154
f 4235 4232 4156
f 4233 4235 4156
f 4157 4233 4156
f 4237 4233 4157
f 4159 4237 4157
f 4239 4237 4159
f 4161 4239 4159
f 4165 4239 4161
f 4241 4239 4165
f 4166 4241 4165
f 4243 4241 4166
f 4168 4243 4166
f 4215 4206 4218
f 4209 4206 4215
f 4212 4209 4215
f 10172 10142 10144
f 10146 10172 10144
f 10173 10172 10146
f 10148 10173 10146
f 10175 10173 10148
f 10149 10175 10148
f 10177 10175 10149
f 10152 10177 10149
f 10178 10177 10152
f 10181 10178 10152
f 10184 10181 10152
f 10153 10184 10152
f 10155 10184 10153
f 10186 10184 10155
f 10157 10186 10155
f 10158 10186 10157
f 10188 10186 10158
f 10169 10142 10172
f 10167 10142 10169
f 10138 10142 10167
f 10165 10138 10167
f 10139 10138 10165
f 10203 10174 10176
f 10179 10203 10176
f 10202 10203 10179
f 10205 10202 10179
f 10180 10205 10179
f 10207 10205 10180
f 10182 10207 10180
f 10209 10207 10182
f 10211 10209 10182
f 10214 10211 10182
f 10183 10214 10182
f 10216 10214 10183
f 10185 10216 10183
f 10218 10216 10185
f 10187 10218 10185
f 10189 10218 10187
f 10219 10218 10189
f 10222 10219 10189
f 10170 10174 10203
f 10201 10170 10203
f 10168 10170 10201
f 10199 10168 10201
f 10166 10168 10199
f 10197 10166 10199
f 10163 10166 10197
f 10193 10163 10197
f 10164 10163 10193
f 10195 10164 10193
f 10073 10140 10505
f 10506 10073 10505
f 10067 10073 10506
f 10141 10140 10073
f 10074 10141 10073
f 10143 10141 10074
f 10076 10143 10074
f 10145 10143 10076
f 10078 10145 10076
f 10147 10145 10078
f 10150 10147 10078
f 10079 10150 10078
f 10151 10150 10079
f 10154 10151 10079
f 10083 10154 10079
f 10156 10154 10083
f 10161 10156 10083
f 10084 10161 10083
f 10162 10161 10084
f 10087 10162 10084
f 10090 10162 10087
f 10229 10196 10198
f 10200 10229 10198
f 10228 10229 10200
f 10204 10228 10200
f 10230 10228 10204
f 10224 10196 10229
f 10316 10196 10224
f 10226 10316 10224
f 10066 10002 10005
f 10072 10066 10005
f 10075 10072 10005
f 10006 10075 10005
f 10077 10075 10006
f 10081 10077 10006
f 10007 10081 10006
f 10010 10081 10007
f 10086 10081 10010
f 10012 10086 10010
f 10014 10086 10012
f 10085 10086 10014
f 10088 10085 10014
f 10015 10088 10014
f 10069 10002 10066
f 10000 10002 10069
f 10071 10000 10069
f 9998 10000 10071
f 9954 10001 9997
f 9953 9954 9997
f 9999 9953 9997
f 9952 9953 9999
f 9945 9951 10507
f 9943 9945 10507
f 9932 9933 10508
f 9996 9932 10508
f 9994 9932 9996
f 9931 9932 9994
f 9992 9931 9994
f 9930 9931 9992
f 9987 9930 9992
f 9990 9930 9987
f 9929 9930 9990
f 10509 9929 9990
f 9989 10509 9990
f 9923 9924 10510
f 9985 9923 10510
f 9921 9923 9985
f 9983 9921 9985
f 9919 9921 9983
f 9981 9919 9983
f 9917 9919 9981
f 10004 10001 9954
f 10008 10004 9954
f 9955 10008 9954
f 10009 10008 9955
f 9959 10009 9955
f 10011 10009 9959
f 9960 10011 9959
f 10013 10011 9960
f 10016 10013 9960
f 9961 10016 9960
f 10018 10016 9961
f 9964 10018 9961
f 10019 10018 9964
f 9967 10019 9964
f 10021 10019 9967
f 10024 10021 9967
f 9968 10024 9967
f 10026 10024 9968
f 10029 10026 9968
f 9969 10029 9968
f 10031 10029 9969
f 10035 10031 9969
f 9971 10035 9969
f 9974 10035 9971
f 10036 10035 9974
f 9976 10036 9974
f 9978 10036 9976
f 10037 10036 9978
f 10040 10037 9978
f 9979 10040 9978
f 10261 10213 10215
f 10262 10261 10215
f 10220 10262 10215
f 10265 10262 10220
f 10221 10265 10220
f 10511 10265 10221
f 10223 10511 10221
f 10260 10213 10261
f 10212 10213 10260
f 10257 10212 10260
f 10258 10212 10257
f 10210 10212 10258
f 10256 10263 10512
f 10255 10256 10512
f 10513 10255 10512
f 10514 10255 10513
f 10253 10255 10514
f 10288 10253 10514
f 10287 10253 10288
f 10251 10253 10287
f 10285 10251 10287
f 10250 10251 10285
f 10282 10250 10285
f 10249 10250 10282
f 10280 10249 10282
f 10278 10249 10280
f 10248 10249 10278
f 10276 10248 10278
f 10273 10248 10276
f 10247 10248 10273
f 10274 10247 10273
f 10245 10247 10274
f 10237 10245 10274
f 10235 10237 10274
f 10272 10235 10274
f 10234 10235 10272
f 10266 10234 10272
f 10269 10234 10266
f 10233 10234 10269
f 10231 10233 10269
f 10515 10231 10269
f 10227 10231 10515
f 10225 10227 10515
f 10206 10238 10239
f 10204 10206 10239
f 10230 10204 10239
f 10236 10230 10239
f 10232 10230 10236
f 10208 10238 10206
f 10241 10238 10208
f 10210 10241 10208
f 10243 10241 10210
f 10258 10243 10210
f 10244 10243 10258
f 10252 10246 10244
f 10258 10252 10244
f 10254 10252 10258
f 10297 10277 10279
f 10299 10297 10279
f 10281 10299 10279
f 10295 10277 10297
f 10275 10277 10295
f 10291 10275 10295
f 10270 10275 10291
f 10293 10270 10291
f 10267 10270 10293
f 10307 10281 10283
f 10306 10307 10283
f 10284 10306 10283
f 10286 10306 10284
f 10308 10306 10286
f 10289 10308 10286
f 10310 10308 10289
f 10315 10310 10289
f 10309 10310 10516
f 10517 10309 10516
f 10311 10309 10517
f 10518 10311 10517
f 10312 10311 10518
f 10314 10312 10518
f 10299 10281 10307
f 10300 10299 10307
f 10301 10300 10307
f 10303 10300 10301
f 10091 10089 10088
f 10095 10091 10088
f 10015 10095 10088
f 10017 10095 10015
f 10096 10095 10017
f 10020 10096 10017
f 10022 10096 10020
f 10097 10096 10022
f 10099 10097 10022
f 10023 10099 10022
f 10102 10099 10023
f 10025 10102 10023
f 10104 10102 10025
f 10027 10104 10025
f 10106 10104 10027
f 10109 10106 10027
f 10028 10109 10027
f 10111 10109 10028
f 10030 10111 10028
f 10032 10111 10030
f 10033 10519 10032
f 10322 10519 10033
f 10041 10114 10322
f 10112 10114 10041
f 10042 10112 10041
f 10044 10112 10042
f 10115 10112 10044
f 10118 10115 10044
f 10045 10118 10044
f 10047 10118 10045
f 10116 10118 10047
f 10054 10116 10047
f 10120 10116 10054
f 10055 10120 10054
f 10122 10120 10055
f 10093 10089 10091
f 10520 10100 10101
f 10103 10520 10101
f 10521 10520 10103
f 10105 10521 10103
f 9904 9966 9965
f 9901 9904 9965
f 9963 9901 9965
f 9898 9901 9963
f 9962 9898 9963
f 9897 9898 9962
f 9958 9897 9962
f 9957 9897 9958
f 9894 9897 9957
f 9893 9894 9957
f 9949 9893 9957
f 9948 9893 9949
f 9946 9893 9948
f 9891 9893 9946
f 9888 9891 9946
f 9886 9888 9946
f 9944 9886 9946
f 9942 9886 9944
f 9885 9886 9942
f 9939 9885 9942
f 9938 9885 9939
f 9881 9885 9938
f 9882 9881 9938
f 9937 9882 9938
f 10522 9882 9937
f 9936 10522 9937
f 9876 9878 10523
f 9925 9876 10523
f 9922 9876 9925
f 9920 9876 9922
f 9874 9876 9920
f 9918 9874 9920
f 9872 9874 9918
f 9916 9872 9918
f 9870 9872 9916
f 9915 9870 9916
f 9868 9870 9915
f 9913 9868 9915
f 9866 9868 9913
f 9911 9866 9913
f 9865 9866 9911
f 9909 9865 9911
f 9863 9865 9909
f 9907 9863 9909
f 9861 9863 9907
f 9906 9861 9907
f 9860 9861 9906
f 9903 9860 9906
f 10323 9860 9903
f 9850 10323 9903
f 9900 9850 9903
f 9899 9850 9900
f 9847 9850 9899
f 9846 9847 9899
f 9896 9846 9899
f 9895 9846 9896
f 9843 9846 9895
f 9842 9843 9895
f 9892 9842 9895
f 9890 9842 9892
f 9840 9842 9890
f 9889 9840 9890
f 9837 9840 9889
f 9836 9837 9889
f 9887 9836 9889
f 9884 9836 9887
f 9832 9836 9884
f 9883 9832 9884
f 9833 9832 9883
f 1886 1888 10524
f 10525 1886 10524
f 1884 1886 10525
f 1883 1884 10525
f 9879 1883 9880
f 1880 1883 9879
f 1878 1880 9879
f 9877 1878 9879
f 1877 1878 9877
f 9875 1877 9877
f 1875 1877 9875
f 9873 1875 9875
f 1873 1875 9873
f 9871 1873 9873
f 1869 1873 9871
f 1867 1869 9871
f 9869 1867 9871
f 9867 1867 9869
f 1866 1867 9867
f 9864 1866 9867
f 9862 1866 9864
f 1864 1866 9862
f 1863 1864 9862
f 9859 1863 9862
f 9857 1863 9859
f 1862 1863 9857
f 9856 1862 9857
f 10324 1862 9856
f 1855 10324 9856
f 9854 1855 9856
f 1854 1855 9854
f 9852 1854 9854
f 1853 1854 9852
f 9849 1853 9852
f 9848 1853 9849
f 1850 1853 9848
f 1847 1850 9848
f 9845 1847 9848
f 9844 1847 9845
f 1846 1847 9844
f 9841 1846 9844
f 1845 1846 9841
f 9839 1845 9841
f 9838 1845 9839
f 1841 1845 9838
f 10325 1841 9838
f 9970 9966 9904
f 9905 9970 9904
f 9972 9970 9905
f 9908 9972 9905
f 9910 9972 9908
f 9973 9972 9910
f 9912 9973 9910
f 9975 9973 9912
f 9914 9975 9912
f 9977 9975 9914
f 9981 9977 9914
f 9917 9981 9914
f 10049 9979 9980
f 9982 10049 9980
f 10050 10049 9982
f 9984 10050 9982
f 10052 10050 9984
f 9986 10052 9984
f 10053 10052 9986
f 10046 9979 10049
f 10043 9979 10046
f 10040 9979 10043
f 1839 9825 9824
f 1838 1839 9824
f 1840 9825 1839
f 9826 9825 1840
f 10325 9826 1840
f 9827 9826 10325
f 10361 9827 10325
f 9838 10361 10325
f 10526 9821 9818
f 9815 10526 9818
f 9824 9821 10526
f 10526 1838 9824
f 9834 9838 9835
f 9838 9834 10361
f 1628 1851 1849
f 1848 1628 1849
f 1626 1628 1848
f 1625 1626 1848
f 1844 1625 1848
f 1842 1625 1844
f 1624 1625 1842
f 1835 1624 1842
f 1834 1624 1835
f 1621 1624 1834
f 1619 1621 1834
f 1833 1619 1834
f 1857 1851 1628
f 1629 1857 1628
f 1859 1857 1629
f 1632 1859 1629
f 1859 1861 1858
f 1868 1861 1859
f 1871 1868 1859
f 1632 1871 1859
f 1633 1871 1632
f 1636 1871 1633
f 1870 1871 1636
f 1637 1870 1636
f 1872 1870 1637
f 1639 1872 1637
f 1874 1872 1639
f 1641 1874 1639
f 1876 1874 1641
f 1879 1876 1641
f 1642 1879 1641
f 1881 1879 1642
f 1646 1881 1642
f 1647 1881 1646
f 1882 1881 1647
f 1649 1882 1647
f 1885 1882 1649
f 1651 1885 1649
f 1887 1885 1651
f 10527 1887 1651
f 1652 10527 1651
f 10528 10527 1652
f 1891 10528 1652
f 1892 1891 1652
f 1653 1892 1652
f 1895 1892 1653
f 1655 1895 1653
f 1898 1895 1655
f 1657 1898 1655
f 1660 1898 1657
f 1904 1898 1660
f 1907 1904 1660
f 1663 1907 1660
f 1909 1907 1663
f 1665 1909 1663
f 1912 1909 1665
f 1914 1912 1665
f 1465 1630 1631
f 1462 1465 1631
f 1461 1462 1631
f 1627 1461 1631
f 1622 1461 1627
f 1459 1461 1622
f 1620 1459 1622
f 1458 1459 1620
f 1616 1458 1620
f 1615 1458 1616
f 1456 1458 1615
f 1454 1456 1615
f 1611 1454 1615
f 1453 1454 1611
f 1613 1453 1611
f 10529 1453 1613
f 10530 1453 10529
f 1448 1453 10530
f 1449 1448 10530
f 1634 1630 1465
f 1466 1634 1465
f 1469 1634 1466
f 1635 1634 1469
f 1471 1635 1469
f 1638 1635 1471
f 1473 1638 1471
f 1640 1638 1473
f 1644 1640 1473
f 1474 1644 1473
f 1478 1644 1474
f 1645 1644 1478
f 1480 1645 1478
f 1648 1645 1480
f 1482 1648 1480
f 1650 1648 1482
f 1654 1650 1482
f 1483 1654 1482
f 1656 1654 1483
f 1485 1656 1483
f 1658 1656 1485
f 1487 1658 1485
f 1490 1658 1487
f 1659 1658 1490
f 1661 1659 1490
f 1833 1618 1619
f 1830 1618 1833
f 1824 1618 1830
f 1826 1618 1824
f 1617 1618 1826
f 10326 10191 10531
f 10061 10128 10129
f 10059 10061 10129
f 10321 10059 10129
f 10127 10321 10129
f 10532 10321 10127
f 10123 10532 10127
f 10125 10532 10123
f 10135 10128 10061
f 10062 10135 10061
f 10065 10135 10062
f 10134 10135 10065
f 10533 10060 10058
f 10063 10060 10533
f 1451 1264 1266
f 1452 1451 1266
f 1455 1452 1266
f 1267 1455 1266
f 1457 1455 1267
f 1269 1457 1267
f 1460 1457 1269
f 1463 1460 1269
f 1270 1463 1269
f 1272 1463 1270
f 1464 1463 1272
f 1467 1464 1272
f 1274 1467 1272
f 1468 1467 1274
f 1276 1468 1274
f 1470 1468 1276
f 1277 1470 1276
f 1281 1470 1277
f 1472 1470 1281
f 1475 1472 1281
f 1282 1475 1281
f 1477 1475 1282
f 1284 1477 1282
f 1287 1477 1284
f 1476 1477 1287
f 1479 1476 1287
f 1289 1479 1287
f 1481 1479 1289
f 1484 1481 1289
f 1290 1484 1289
f 1486 1484 1290
f 1292 1486 1290
f 1488 1486 1292
f 1294 1488 1292
f 1489 1488 1294
f 1296 1489 1294
f 1492 1489 1296
f 1298 1492 1296
f 1302 10534 1301
f 1305 10534 1302
f 1258 1264 1451
f 1450 1258 1451
f 1259 1258 1450
f 1250 1256 10535
f 1263 1042 1041
f 1265 1263 1041
f 1268 1265 1041
f 1044 1268 1041
f 1271 1268 1044
f 1046 1271 1044
f 1273 1271 1046
f 1275 1273 1046
f 1047 1275 1046
f 1278 1275 1047
f 1049 1278 1047
f 1280 1278 1049
f 1051 1280 1049
f 1062 1280 1051
f 1063 1280 1062
f 1279 1280 1063
f 1065 1279 1063
f 1283 1279 1065
f 1067 1283 1065
f 1285 1283 1067
f 1069 1285 1067
f 1286 1285 1069
f 1071 1286 1069
f 1288 1286 1071
f 1073 1288 1071
f 1291 1288 1073
f 1293 1291 1073
f 1074 1293 1073
f 1295 1293 1074
f 1076 1295 1074
f 1297 1295 1076
f 1077 1297 1076
f 1080 1297 1077
f 1299 1297 1080
f 1303 1299 1080
f 1081 1303 1080
f 1086 1303 1081
f 1304 1303 1086
f 1088 1304 1086
f 1306 1304 1088
f 1089 10536 1088
f 1091 10536 1089
f 1094 10536 1091
f 1095 10537 1094
f 1309 10537 1095
f 1097 1309 1095
f 1307 1309 1097
f 1099 1307 1097
f 1311 1307 1099
f 1101 1311 1099
f 1313 1311 1101
f 1316 1313 1101
f 1102 1316 1101
f 1105 1316 1102
f 1108 1316 1105
f 1315 1316 1108
f 1110 1315 1108
f 1317 1315 1110
f 1320 1317 1110
f 1111 1320 1110
f 1322 1320 1111
f 1326 1322 1111
f 1329 1326 1111
f 1112 1329 1111
f 1114 1329 1112
f 1332 1329 1114
f 1117 1332 1114
f 1119 1332 1117
f 1334 1332 1119
f 1338 1334 1119
f 1121 1338 1119
f 1339 1338 1121
f 1125 1339 1121
f 1341 1339 1125
f 1343 1341 1125
f 1262 1042 1263
f 10538 1048 1045
f 1043 10538 1045
f 10539 1048 10538
f 10540 1048 10539
f 1050 1048 10540
f 1053 1050 10540
f 794 1057 792
f 1058 1057 794
f 795 1058 794
f 798 1058 795
f 1059 1058 798
f 800 1059 798
f 1061 1059 800
f 1064 1061 800
f 801 1064 800
f 1066 1064 801
f 1068 1066 801
f 803 1068 801
f 1070 1068 803
f 805 1070 803
f 1072 1070 805
f 1075 1072 805
f 806 1075 805
f 1078 1075 806
f 810 1078 806
f 1079 1078 810
f 1082 1079 810
f 811 1082 810
f 1084 1082 811
f 813 1084 811
f 1085 1084 813
f 816 1085 813
f 826 1085 816
f 791 793 602
f 796 791 602
f 603 796 602
f 605 796 603
f 797 796 605
f 799 797 605
f 802 799 605
f 606 802 605
f 804 802 606
f 808 804 606
f 607 808 606
f 809 808 607
f 608 809 607
f 1490 1491 10386
f 1668 1490 10386
f 1661 1490 1668
f 1670 1661 1668
f 1664 1662 1661
f 1670 1664 1661
f 1667 1664 1670
f 600 604 601
f 609 604 600
f 612 609 600
f 815 812 809
f 608 815 809
f 610 815 608
f 613 815 610
f 814 815 613
f 818 814 613
f 614 818 613
f 820 818 614
f 616 820 614
f 838 820 616
f 840 838 616
f 617 840 616
f 619 840 617
f 622 840 619
f 839 840 622
f 841 839 622
f 624 841 622
f 842 841 624
f 626 842 624
f 835 842 626
f 627 835 626
f 843 835 627
f 457 600 599
f 459 600 457
f 612 600 459
f 460 612 459
f 10541 456 458
f 462 456 10541
f 10542 462 10541
f 463 462 10542
f 468 467 10543
f 472 468 10543
f 475 472 10543
f 480 478 10544
f 355 480 10544
f 354 480 355
f 482 480 354
f 484 482 354
f 485 484 354
f 357 485 354
f 460 611 612
f 615 611 460
f 618 615 460
f 461 618 460
f 464 618 461
f 620 618 464
f 465 621 466
f 623 621 465
f 469 623 465
f 625 623 469
f 628 625 469
f 470 628 469
f 630 628 470
f 633 630 470
f 471 633 470
f 635 633 471
f 473 635 471
f 636 635 473
f 10337 636 473
f 479 636 10337
f 481 636 479
f 487 636 481
f 634 636 487
f 637 634 487
f 488 637 487
f 639 637 488
f 642 639 488
f 489 642 488
f 644 642 489
f 491 644 489
f 646 644 491
f 649 646 491
f 492 649 491
f 532 695 696
f 529 532 696
f 528 529 696
f 691 528 696
f 688 528 691
f 527 528 688
f 686 527 688
f 687 527 686
f 524 527 687
f 523 524 687
f 684 523 687
f 685 523 684
f 521 523 685
f 518 521 685
f 517 518 685
f 682 517 685
f 680 517 682
f 516 517 680
f 677 516 680
f 676 516 677
f 513 516 676
f 512 513 676
f 674 512 676
f 511 512 674
f 671 511 674
f 669 511 671
f 509 511 669
f 666 509 669
f 667 509 666
f 507 509 667
f 504 507 667
f 665 504 667
f 503 504 665
f 662 503 665
f 659 503 662
f 658 503 659
f 501 503 658
f 499 501 658
f 495 499 658
f 655 495 658
f 653 495 655
f 496 495 653
f 652 496 653
f 699 695 532
f 703 704 534
f 707 703 534
f 533 707 534
f 537 707 533
f 706 707 537
f 711 706 537
f 714 711 537
f 538 714 537
f 541 714 538
f 715 714 541
f 718 715 541
f 722 718 541
f 542 722 541
f 724 722 542
f 547 10545 544
f 10546 10545 547
f 549 10546 547
f 1229 929 931
f 933 1229 931
f 1230 1229 933
f 935 1230 933
f 938 1230 935
f 1231 1230 938
f 1234 1231 938
f 939 1234 938
f 1236 1234 939
f 1240 1236 939
f 940 1240 939
f 1241 1240 940
f 942 1241 940
f 1243 1241 942
f 950 1243 942
f 951 1243 950
f 1244 1243 951
f 953 1244 951
f 1246 1244 953
f 1249 1246 953
f 954 1249 953
f 1252 1249 954
f 1255 1252 954
f 955 1255 954
f 957 1255 955
f 1254 1255 957
f 1257 1254 957
f 10547 1257 957
f 958 10547 957
f 1227 929 1229
f 928 929 1227
f 1225 928 1227
f 926 928 1225
f 1222 926 1225
f 1220 926 1222
f 924 926 1220
f 1219 924 1220
f 921 924 1219
f 919 921 1219
f 1217 919 1219
f 917 919 1217
f 1215 917 1217
f 916 917 1215
f 1207 916 1215
f 1204 916 1207
f 1205 916 1204
f 914 916 1205
f 911 914 1205
f 910 911 1205
f 1202 910 1205
f 1200 910 1202
f 909 910 1200
f 1197 909 1200
f 1195 909 1197
f 907 909 1195
f 906 907 1195
f 1192 906 1195
f 1190 906 1192
f 905 906 1190
f 1187 905 1190
f 1189 905 1187
f 902 905 1189
f 900 902 1189
f 1188 900 1189
f 897 900 1188
f 896 897 1188
f 1186 896 1188
f 895 896 1186
f 1183 895 1186
f 1181 895 1183
f 893 895 1181
f 1179 893 1181
f 891 893 1179
f 1177 891 1179
f 890 891 1177
f 1174 890 1177
f 1172 890 1174
f 888 890 1172
f 1173 888 1172
f 885 888 1173
f 883 885 1173
f 881 883 1173
f 1171 881 1173
f 880 881 1171
f 1169 880 1171
f 1157 880 1169
f 879 880 1157
f 1153 879 1157
f 1154 879 1153
f 878 879 1154
f 871 878 1154
f 868 871 1154
f 1149 868 1154
f 1148 868 1149
f 865 868 1148
f 1145 865 1148
f 1141 865 1145
f 1138 865 1141
f 866 865 1138
f 1140 866 1138
f 694 932 930
f 692 694 930
f 927 692 930
f 925 692 927
f 690 692 925
f 923 690 925
f 689 690 923
f 922 689 923
f 683 689 922
f 681 683 922
f 920 681 922
f 679 681 920
f 918 679 920
f 678 679 918
f 915 678 918
f 913 678 915
f 675 678 913
f 673 675 913
f 912 673 913
f 672 673 912
f 697 932 694
f 934 932 697
f 937 934 697
f 698 937 697
f 700 937 698
f 10334 937 700
f 945 936 937
f 10334 945 937
f 705 945 10334
f 708 945 705
f 944 945 708
f 946 944 708
f 709 946 708
f 948 946 709
f 710 948 709
f 10333 948 710
f 941 936 945
f 10548 1216 1218
f 1221 10548 1218
f 10549 10548 1221
f 1223 10549 1221
f 10550 10549 1223
f 1224 10550 1223
f 10551 10550 1224
f 1226 10551 1224
f 10552 10551 1226
f 10553 10552 1226
f 1228 10553 1226
f 1232 10553 1228
f 1235 10553 1232
f 1430 1432 1238
f 1239 1430 1238
f 1434 1430 1239
f 1242 1434 1239
f 1245 1434 1242
f 1435 1434 1245
f 1438 1435 1245
f 1247 1438 1245
f 1439 1438 1247
f 1442 1439 1247
f 1248 1442 1247
f 1444 1442 1248
f 1250 1444 1248
f 10535 1444 1250
f 1214 1216 10554
f 1213 1214 10554
f 1212 1213 10555
f 1211 1212 10555
f 10374 1211 10555
f 1426 1211 10374
f 1424 1211 1426
f 1210 1211 1424
f 1420 1210 1424
f 1421 1210 1420
f 1208 1210 1421
f 1203 1208 1421
f 1201 1203 1421
f 1418 1201 1421
f 1416 1201 1418
f 1199 1201 1416
f 1415 1199 1416
f 1198 1199 1415
f 1433 10556 1431
f 1436 10556 1433
f 1437 10557 1436
f 1440 10557 1437
f 1608 10331 10371
f 1422 10331 1608
f 1607 1422 1608
f 1419 1422 1607
f 1417 1419 1607
f 1606 1417 1607
f 1414 1417 1606
f 1412 1414 1606
f 1604 1412 1606
f 1411 1412 1604
f 1601 1411 1604
f 1600 1411 1601
f 1409 1411 1600
f 1597 1409 1600
f 1595 1409 1597
f 1408 1409 1595
f 1592 1408 1595
f 1590 1408 1592
f 1406 1408 1590
f 1587 1406 1590
f 1405 1406 1587
f 1585 1405 1587
f 1584 1405 1585
f 1400 1405 1584
f 1398 1400 1584
f 1582 1398 1584
f 1396 1398 1582
f 1578 1396 1582
f 1393 1396 1578
f 1580 1393 1578
f 1388 1391 10558
f 1387 1388 10558
f 1577 1387 10558
f 1576 1387 1577
f 1385 1387 1576
f 1383 1385 1576
f 1570 1383 1576
f 952 949 948
f 10333 952 948
f 956 952 10333
f 959 956 10333
f 712 959 10333
f 961 959 712
f 713 961 712
f 716 961 713
f 963 961 716
f 1447 1443 1444
f 10535 1447 1444
f 10559 958 960
f 4913 1040 4915
f 1036 1040 4913
f 4910 1036 4913
f 1037 1036 4910
f 4909 1037 4910
f 4903 10560 4906
f 4897 10560 4903
f 4895 10560 4897
f 10547 958 10559
f 964 716 717
f 963 716 964
f 966 963 964
f 375 525 522
f 520 375 522
f 371 375 520
f 519 371 520
f 370 371 519
f 515 370 519
f 514 370 515
f 367 370 514
f 366 367 514
f 510 366 514
f 508 366 510
f 364 366 508
f 506 364 508
f 361 364 506
f 505 361 506
f 359 361 505
f 10561 359 505
f 502 10561 505
f 500 10561 502
f 490 485 494
f 486 485 490
f 377 525 375
f 526 525 377
f 378 526 377
f 530 526 378
f 10562 530 378
f 379 10562 378
f 257 376 374
f 373 257 374
f 254 257 373
f 252 254 373
f 372 252 373
f 251 252 372
f 369 251 372
f 368 251 369
f 248 251 368
f 247 248 368
f 365 247 368
f 363 247 365
f 246 247 363
f 362 246 363
f 242 246 362
f 240 242 362
f 358 240 362
f 237 240 358
f 360 237 358
f 10563 237 360
f 238 237 10563
f 380 376 257
f 258 380 257
f 381 380 258
f 260 381 258
f 383 381 260
f 264 383 260
f 10564 383 264
f 269 10564 264
f 272 386 270
f 384 386 272
f 390 384 272
f 392 390 272
f 273 392 272
f 158 253 250
f 249 158 250
f 10338 158 249
f 149 10338 249
f 159 253 158
f 255 253 159
f 163 255 159
f 165 255 163
f 256 255 165
f 259 256 165
f 261 259 165
f 167 261 165
f 262 261 167
f 169 262 167
f 263 262 169
f 266 263 169
f 171 266 169
f 173 266 171
f 267 266 173
f 271 267 173
f 274 271 173
f 174 274 173
f 276 274 174
f 176 276 174
f 278 276 176
f 281 278 176
f 177 281 176
f 180 281 177
f 282 281 180
f 181 282 180
f 285 282 181
f 288 285 181
f 183 288 181
f 184 288 183
f 149 245 244
f 147 149 244
f 241 147 244
f 146 147 241
f 239 146 241
f 249 245 149
f 70 143 145
f 69 143 70
f 148 143 69
f 151 148 69
f 73 151 69
f 153 151 73
f 10565 153 73
f 154 153 10565
f 162 154 10566
f 78 162 10566
f 79 162 78
f 161 162 79
f 83 161 79
f 160 161 83
f 84 160 83
f 164 160 84
f 166 164 84
f 85 166 84
f 168 166 85
f 170 168 85
f 87 170 85
f 90 170 87
f 172 170 90
f 175 172 90
f 91 175 90
f 178 175 91
f 93 178 91
f 95 178 93
f 179 178 95
f 182 179 95
f 186 182 95
f 96 186 95
f 100 186 96
f 188 186 100
f 101 188 100
f 105 188 101
f 189 188 105
f 192 189 105
f 106 192 105
f 193 192 106
f 196 193 106
f 199 196 106
f 107 199 106
f 200 199 107
f 113 200 107
f 201 200 113
f 114 201 113
f 204 201 114
f 122 204 114
f 206 204 122
f 123 206 122
f 208 206 123
f 211 208 123
f 213 211 123
f 124 213 123
f 126 213 124
f 214 213 126
f 218 214 126
f 127 218 126
f 220 218 127
f 130 220 127
f 223 220 130
f 131 223 130
f 224 223 131
f 39 82 81
f 37 39 81
f 36 37 81
f 77 36 81
f 75 36 77
f 74 36 75
f 34 36 74
f 31 34 74
f 10567 31 74
f 76 10567 74
f 86 82 39
f 40 86 39
f 88 86 40
f 42 88 40
f 45 88 42
f 89 88 45
f 92 89 45
f 46 92 45
f 94 92 46
f 98 94 46
f 48 98 46
f 99 98 48
f 117 111 50
f 52 117 50
f 119 117 52
f 53 119 52
f 121 119 53
f 55 121 53
f 125 121 55
f 129 125 55
f 134 129 55
f 56 134 55
f 58 134 56
f 397 273 275
f 398 397 275
f 277 398 275
f 10568 398 277
f 279 10568 277
f 401 10568 279
f 399 401 279
f 280 399 279
f 283 399 280
f 402 399 283
f 405 402 283
f 284 405 283
f 289 405 284
f 406 405 289
f 409 406 289
f 290 409 289
f 411 409 290
f 291 411 290
f 413 411 291
f 416 413 291
f 293 416 291
f 392 273 397
f 396 392 397
f 393 392 396
f 389 10569 388
f 10570 10569 389
f 394 389 391
f 10570 389 394
f 403 10571 400
f 10572 10571 403
f 545 10572 403
f 546 545 403
f 7351 7387 7384
f 7385 7351 7384
f 7349 7351 7385
f 7346 7349 7385
f 7345 7346 7385
f 7383 7345 7385
f 7380 7345 7383
f 7343 7345 7380
f 7376 7343 7380
f 7341 7343 7376
f 7352 7387 7351
f 7298 7350 7348
f 7297 7298 7348
f 7347 7297 7348
f 7293 7297 7347
f 7344 7293 7347
f 7340 7293 7344
f 7288 7293 7340
f 7287 7288 7340
f 7342 7287 7340
f 7353 7350 7298
f 7299 7353 7298
f 7355 7353 7299
f 7359 7355 7299
f 7300 7359 7299
f 7303 7359 7300
f 7360 7359 7303
f 7306 7360 7303
f 7367 7360 7306
f 7308 7367 7306
f 7310 7367 7308
f 7368 7367 7310
f 7312 10573 7311
f 10574 10573 7312
f 7314 10574 7312
f 7317 10574 7314
f 10575 10574 7317
f 10576 10575 7317
f 7318 10576 7317
f 10577 10576 7318
f 7320 10577 7318
f 10578 10577 7320
f 7322 10578 7320
f 7514 10578 7322
f 7376 7378 10579
f 7341 7376 10579
f 7394 7352 7354
f 7356 7394 7354
f 7395 7394 7356
f 7363 7395 7356
f 7397 7395 7363
f 7364 7397 7363
f 7398 7397 7364
f 7391 7352 7394
f 7387 7352 7391
f 7441 10580 7444
f 7442 10580 7441
f 7439 10581 7442
f 7437 10581 7439
f 10582 10581 7437
f 7435 10582 7437
f 10583 10582 7435
f 7433 10583 7435
f 10584 10583 7433
f 7431 10584 7433
f 7424 7375 7427
f 7422 7375 7424
f 7371 7375 7422
f 7418 7371 7422
f 7372 7371 7418
f 7420 7372 7418
f 7379 7445 7377
f 7443 7445 7379
f 7381 7443 7379
f 7440 7443 7381
f 7388 7440 7381
f 7438 7440 7388
f 7389 7438 7388
f 7436 7438 7389
f 7446 7436 7389
f 7390 7446 7389
f 7448 7446 7390
f 7392 7448 7390
f 7451 7448 7392
f 7399 7451 7392
f 7401 7451 7399
f 7452 7451 7401
f 7455 7452 7401
f 7402 7455 7401
f 7456 7455 7402
f 7404 7456 7402
f 7460 7456 7404
f 7463 7460 7404
f 7405 7463 7404
f 7464 7463 7405
f 7467 7464 7405
f 7407 7467 7405
f 7469 7467 7407
f 7472 7469 7407
f 7408 7472 7407
f 7470 7472 7408
f 7410 7470 7408
f 7414 7470 7410
f 7473 7470 7414
f 7513 7473 7414
f 7289 7231 7232
f 7292 7289 7232
f 7295 7292 7232
f 7233 7295 7232
f 7236 7295 7233
f 7296 7295 7236
f 7301 7296 7236
f 7238 7301 7236
f 7302 7301 7238
f 7304 7302 7238
f 7515 7304 7238
f 7245 7304 7515
f 7305 7304 7245
f 7246 7305 7245
f 7307 7305 7246
f 7248 7307 7246
f 7309 7307 7248
f 7313 7309 7248
f 7249 7313 7248
f 7315 7313 7249
f 7251 7315 7249
f 7253 7315 7251
f 7316 7315 7253
f 7319 7316 7253
f 7254 7319 7253
f 7321 7319 7254
f 7323 7321 7254
f 7256 7323 7254
f 7325 7323 7256
f 7258 7325 7256
f 7327 7325 7258
f 7330 7327 7258
f 7332 7330 7258
f 7259 7332 7258
f 7334 7332 7259
f 7261 7334 7259
f 7269 7334 7261
f 7272 7334 7269
f 7333 7334 7272
f 7274 7333 7272
f 7335 7333 7274
f 7337 7335 7274
f 7275 7337 7274
f 7278 7337 7275
f 7290 7231 7289
f 7223 7231 7290
f 7224 7223 7290
f 7291 7224 7290
f 7229 7228 7163
f 7165 7229 7163
f 7230 7229 7165
f 7234 7230 7165
f 7167 7234 7165
f 7235 7234 7167
f 7169 7235 7167
f 7237 7235 7169
f 7240 7237 7169
f 7170 7240 7169
f 7241 7240 7170
f 7172 7241 7170
f 7243 7241 7172
f 7175 7243 7172
f 7244 7243 7175
f 7247 7244 7175
f 7176 7247 7175
f 7250 7247 7176
f 7252 7250 7176
f 7177 7252 7176
f 7255 7252 7177
f 7179 7255 7177
f 7257 7255 7179
f 7260 7257 7179
f 7181 7260 7179
f 7182 7260 7181
f 7263 7260 7182
f 7266 7263 7182
f 7183 7266 7182
f 7187 7266 7183
f 7267 7266 7187
f 7194 7267 7187
f 7196 7267 7194
f 7265 7267 7196
f 7198 7265 7196
f 7264 7265 7198
f 7200 7264 7198
f 7262 7264 7200
f 7268 7262 7200
f 7270 7268 7200
f 7201 7270 7200
f 7216 7270 7201
f 7271 7270 7216
f 7273 7271 7216
f 7276 7273 7216
f 7217 7276 7216
f 7219 7276 7217
f 7277 7276 7219
f 7221 7277 7219
f 7279 7277 7221
f 7282 7279 7221
f 7222 7282 7221
f 7283 7282 7222
f 7413 7364 7365
f 7369 7413 7365
f 7412 7413 7369
f 7416 7412 7369
f 7370 7416 7369
f 7398 7364 7413
f 7411 7398 7413
f 7409 7398 7411
f 7400 7396 7398
f 7409 7400 7398
f 7403 7400 7409
f 7487 7453 7457
f 7486 7487 7457
f 7488 7486 7457
f 7458 7488 7457
f 7490 7488 7458
f 7492 7490 7458
f 7459 7492 7458
f 7461 7492 7459
f 7494 7492 7461
f 7506 7494 7461
f 7498 7497 10585
f 7499 7498 10585
f 7503 7499 10585
f 7477 7499 7503
f 7502 7499 7477
f 7495 7499 7502
f 7500 7495 7502
f 7449 7453 7487
f 7507 7449 7487
f 7428 7507 7487
f 7484 7428 7487
f 7429 7428 7484
f 7483 7429 7484
f 7474 10586 7479
f 10587 10586 7474
f 7476 10587 7474
f 5856 7164 7160
f 5854 5856 7160
f 7162 5854 7160
f 5853 5854 7162
f 5849 5853 7162
f 7166 7164 5856
f 5857 7166 5856
f 7168 7166 5857
f 7171 7168 5857
f 5858 7171 5857
f 5862 7171 5858
f 7173 7171 5862
f 5864 7173 5862
f 7174 7173 5864
f 7178 7174 5864
f 5865 7178 5864
f 7180 7178 5865
f 5867 7180 5865
f 7184 7180 5867
f 7186 7184 5867
f 5869 7186 5867
f 5871 7186 5869
f 7185 7186 5871
f 7189 7185 5871
f 5872 7189 5871
f 5875 7189 5872
f 7190 7189 5875
f 5877 7190 5875
f 7192 7190 5877
f 5879 7192 5877
f 5882 7192 5879
f 7193 7192 5882
f 5884 7193 5882
f 7195 7193 5884
f 5886 7195 5884
f 7197 7195 5886
f 7199 7197 5886
f 7202 7199 5886
f 7205 7202 5886
f 5887 7205 5886
f 7206 7205 5887
f 5890 7206 5887
f 7207 7206 5890
f 7210 7207 5890
f 5891 7210 5890
f 5893 7210 5891
f 7158 7210 5893
f 7209 7210 7158
f 7211 7209 7158
f 7159 7211 7158
f 7213 7211 7159
f 7212 7213 10588
f 7214 7212 10588
f 10589 7214 10588
f 7215 7214 10589
f 7218 7215 10589
f 10590 7218 10589
f 7220 7218 10590
f 5553 5852 5850
f 5551 5553 5850
f 5846 5551 5850
f 5550 5551 5846
f 5844 5550 5846
f 5841 5550 5844
f 5548 5550 5841
f 10591 5548 5841
f 5843 10591 5841
f 5555 5852 5553
f 5860 5852 5555
f 5557 5860 5555
f 5559 5860 5557
f 5861 5860 5559
f 5863 5861 5559
f 5560 5863 5559
f 5866 5863 5560
f 5868 5866 5560
f 5561 5868 5560
f 5566 5868 5561
f 5870 5868 5566
f 5873 5870 5566
f 5567 5873 5566
f 5569 5873 5567
f 5874 5873 5569
f 5876 5874 5569
f 5570 5876 5569
f 5878 5876 5570
f 5880 5878 5570
f 5571 5880 5570
f 5573 5880 5571
f 5881 5880 5573
f 5576 5881 5573
f 5578 5881 5576
f 5883 5881 5578
f 5583 5883 5578
f 5885 5883 5583
f 5888 5885 5583
f 5584 5888 5583
f 5889 5888 5584
f 5586 5889 5584
f 5892 5889 5586
f 5896 5892 5586
f 5587 5896 5586
f 5589 5896 5587
f 5897 5896 5589
f 5900 5897 5589
f 5590 5900 5589
f 5903 5900 5590
f 5363 5558 5556
f 5362 5363 5556
f 5554 5362 5556
f 5361 5362 5554
f 5552 5361 5554
f 5547 5361 5552
f 5346 5361 5547
f 5549 5346 5547
f 5344 5346 5549
f 5563 5558 5363
f 5365 5563 5363
f 5562 5563 5365
f 5565 5562 5365
f 5366 5565 5365
f 10592 5343 5345
f 5348 5343 10592
f 5351 5348 10592
f 5355 5351 10593
f 10594 5355 10593
f 5356 5355 10594
f 5359 5356 10594
f 10595 5359 10594
f 5090 5359 10595
f 5089 5359 5090
f 5358 5359 5089
f 5094 5358 5089
f 5096 5358 5094
f 5357 5358 5096
f 5370 5357 5096
f 5097 5370 5096
f 5371 5370 5097
f 5375 5371 5097
f 5100 5375 5097
f 5565 5568 5564
f 5572 5568 5565
f 5366 5572 5565
f 5575 5572 5366
f 5367 5575 5366
f 5368 5575 5367
f 5372 5575 5368
f 5574 5575 5372
f 5581 5574 5372
f 5577 5574 5581
f 7278 7336 7337
f 7339 7336 7278
f 7280 7339 7278
f 5082 5337 5334
f 5333 5082 5334
f 5080 5082 5333
f 5084 5337 5082
f 5338 5337 5084
f 5086 5338 5084
f 5340 5338 5086
f 5088 5340 5086
f 10596 5340 5088
f 5339 5340 10596
f 5342 5339 10596
f 5085 10597 5087
f 4891 10597 5085
f 5083 4891 5085
f 4887 4891 5083
f 5079 4887 5083
f 4888 4887 5079
f 5081 4888 5079
f 5102 4901 4902
f 4904 5102 4902
f 5103 5102 4904
f 5106 5103 4904
f 4905 5106 4904
f 5108 5106 4905
f 10598 5108 4905
f 5109 5108 10598
f 10599 5109 10598
f 5111 5109 10599
f 5115 5111 10599
f 5116 5118 10600
f 4908 5116 10600
f 5120 5116 4908
f 4907 5120 4908
f 5123 5120 4907
f 4911 5123 4907
f 5124 5123 4911
f 5128 5124 4911
f 4912 5128 4911
f 5130 5128 4912
f 4914 5130 4912
f 5132 5130 4914
f 4916 5132 4914
f 5134 5132 4916
f 5099 4901 5102
f 5098 4901 5099
f 4900 4901 5098
f 5095 4900 5098
f 5092 4900 5095
f 8757 4900 5092
f 5093 8757 5092
f 5093 10384 8757
f 7149 10601 10602
f 7151 7149 10602
f 7146 10601 7149
f 7147 10601 7146
f 7056 10431 7147
f 7058 7056 7147
f 7143 7058 7147
f 7140 7058 7143
f 7060 7058 7140
f 319 205 207
f 209 319 207
f 320 319 209
f 323 320 209
f 210 323 209
f 215 323 210
f 324 323 215
f 216 324 215
f 332 324 216
f 335 332 216
f 217 335 216
f 333 335 217
f 219 333 217
f 337 333 219
f 221 337 219
f 339 337 221
f 342 339 221
f 222 342 221
f 225 342 222
f 343 342 225
f 347 343 225
f 226 347 225
f 349 347 226
f 230 349 226
f 351 349 230
f 234 351 230
f 316 205 319
f 203 205 316
f 315 203 316
f 202 203 315
f 312 202 315
f 310 202 312
f 197 202 310
f 307 197 310
f 306 197 307
f 195 197 306
f 194 195 306
f 302 194 306
f 303 194 302
f 191 194 303
f 190 191 303
f 300 190 303
f 297 190 300
f 298 190 297
f 185 190 298
f 184 185 298
f 292 184 298
f 288 184 292
f 131 228 224
f 132 228 131
f 136 228 132
f 344 447 444
f 341 344 444
f 446 341 444
f 340 341 446
f 10603 447 344
f 345 10603 344
f 450 10603 345
f 346 450 345
f 448 450 346
f 453 448 346
f 348 453 346
f 454 453 348
f 350 454 348
f 353 454 350
f 136 229 228
f 138 229 136
f 232 229 138
f 142 232 138
f 233 232 142
f 236 233 142
f 59 135 133
f 58 59 133
f 137 135 59
f 60 137 59
f 63 137 60
f 139 137 63
f 64 139 63
f 66 139 64
f 353 455 454
f 352 234 235
f 351 234 352
f 61 19 21
f 62 61 21
f 10339 62 21
f 29 62 10339
f 16 19 61
f 57 16 61
f 54 16 57
f 49 16 54
f 51 16 49
f 17 16 51
f 41 15 43
f 14 15 41
f 38 14 41
f 35 14 38
f 33 14 35
f 13 14 33
f 30 13 33
f 10 13 30
f 32 10 30
f 11 10 32
f 10604 68 65
f 29 10604 65
f 133 134 58
f 8296 8375 8374
f 8293 8296 8374
f 8373 8293 8374
f 8290 8293 8373
f 8370 8290 8373
f 8367 8290 8370
f 8368 8290 8367
f 8289 8290 8368
f 8287 8289 8368
f 8361 8287 8368
f 8360 8287 8361
f 8285 8287 8360
f 8359 8285 8360
f 8284 8285 8359
f 8345 8284 8359
f 8344 8284 8345
f 8283 8284 8344
f 8339 8283 8344
f 8341 8283 8339
f 8646 8283 8341
f 10605 8646 8341
f 8340 10605 8341
f 10606 10605 8340
f 8338 10606 8340
f 8278 10606 8338
f 8277 8278 8338
f 8335 8277 8338
f 8334 8277 8335
f 8273 8277 8334
f 8274 8273 8334
f 8332 8274 8334
f 8378 8375 8296
f 8298 8378 8296
f 8380 8378 8298
f 8300 8380 8298
f 8382 8380 8300
f 8302 8382 8300
f 8384 8382 8302
f 8304 8384 8302
f 8309 8384 8304
f 8385 8384 8309
f 8310 8385 8309
f 8313 8385 8310
f 8383 8385 8313
f 8386 8383 8313
f 8389 8386 8313
f 8314 8389 8313
f 8391 8389 8314
f 8316 8391 8314
f 8393 8391 8316
f 8317 8393 8316
f 8395 8393 8317
f 8319 8395 8317
f 8397 8395 8319
f 8400 8397 8319
f 8321 8400 8319
f 8322 8400 8321
f 8249 8295 8294
f 8247 8249 8294
f 8292 8247 8294
f 8291 8247 8292
f 8246 8247 8291
f 8288 8246 8291
f 8286 8246 8288
f 8240 8246 8286
f 8282 8240 8286
f 8281 8240 8282
f 8241 8240 8281
f 10607 8295 8249
f 8297 8295 10607
f 10608 8297 10607
f 8299 8297 10608
f 10609 8299 10608
f 8301 8299 10609
f 8251 8301 10609
f 8303 8301 8251
f 8250 8303 8251
f 8305 8303 8250
f 8254 8305 8250
f 8307 8305 8254
f 8257 8307 8254
f 8260 8307 8257
f 8308 8307 8260
f 8311 8308 8260
f 8261 8311 8260
f 8312 8311 8261
f 8315 8312 8261
f 8318 8315 8261
f 8262 8318 8261
f 8320 8318 8262
f 8264 8320 8262
f 8323 8320 8264
f 8325 8323 8264
f 8266 8325 8264
f 8327 8325 8266
f 8268 8327 8266
f 8328 8327 8268
f 8270 8328 8268
f 8255 8253 8206
f 8205 8255 8206
f 8256 8255 8205
f 8210 8256 8205
f 8259 8256 8210
f 8212 8259 8210
f 8212 8263 8259
f 8265 8263 8212
f 8214 8265 8212
f 8217 8265 8214
f 8267 8265 8217
f 8218 8267 8217
f 8221 8267 8218
f 8269 8267 8221
f 8272 8269 8221
f 8224 8272 8221
f 8413 8405 8400
f 8322 8413 8400
f 8324 8413 8322
f 8412 8413 8324
f 8415 8412 8324
f 8326 8415 8324
f 8329 8415 8326
f 8416 8415 8329
f 8409 8405 8413
f 8153 8151 8084
f 8155 8153 8084
f 8086 8155 8084
f 8156 8155 8086
f 8088 8156 8086
f 8159 8156 8088
f 8092 8159 8088
f 8161 8159 8092
f 8093 8161 8092
f 8096 8161 8093
f 8162 8161 8096
f 8149 8208 8207
f 8148 8208 8149
f 8209 8208 8148
f 8152 8209 8148
f 8211 8209 8152
f 8157 8211 8152
f 8213 8211 8157
f 8158 8213 8157
f 8215 8213 8158
f 8160 8215 8158
f 8163 8215 8160
f 8216 8215 8163
f 8219 8216 8163
f 8164 8219 8163
f 8220 8219 8164
f 8171 8220 8164
f 8222 8220 8171
f 8172 8222 8171
f 8223 8222 8172
f 8174 8223 8172
f 8225 8223 8174
f 8175 8225 8174
f 8228 8225 8175
f 8226 8228 8175
f 8176 8226 8175
f 8230 8226 8176
f 8233 8230 8176
f 8177 8233 8176
f 8179 8233 8177
f 8234 8233 8179
f 8181 8234 8179
f 8417 8421 8410
f 8411 8417 8410
f 8420 8417 8411
f 8414 8420 8411
f 8417 8419 10610
f 8421 8417 10610
f 8423 8421 10610
f 10611 8423 10610
f 8424 8423 10611
f 10612 8424 10611
f 8426 8424 10612
f 8096 8166 8162
f 8097 8166 8096
f 8168 8166 8097
f 8099 8168 8097
f 8104 8168 8099
f 8107 8168 8104
f 8167 8168 8107
f 8170 8167 8107
f 8108 8170 8107
f 8178 8170 8108
f 8113 8178 8108
f 8180 8178 8113
f 8114 8180 8113
f 8182 8180 8114
f 8115 8182 8114
f 8185 8182 8115
f 8116 8185 8115
f 10613 8185 8116
f 8118 10613 8116
f 8188 10613 8118
f 8189 8188 8118
f 8119 8189 8118
f 8190 8189 8119
f 8121 8190 8119
f 8129 8190 8121
f 8191 8190 8129
f 8130 8191 8129
f 8132 8191 8130
f 8193 8191 8132
f 8199 8193 8132
f 8133 8199 8132
f 8201 8199 8133
f 8135 8201 8133
f 8202 8201 8135
f 8139 8202 8135
f 8142 8202 8139
f 8144 8202 8142
f 8200 8202 8144
f 8198 8200 8144
f 8145 8198 8144
f 8238 8232 8234
f 8236 8238 8234
f 8181 8236 8234
f 8183 8236 8181
f 8239 8236 8183
f 10614 8232 8238
f 8235 8232 10614
f 8042 8103 8102
f 8040 8042 8102
f 8101 8040 8102
f 8038 8040 8101
f 8034 8038 8101
f 8100 8034 8101
f 8031 8034 8100
f 8029 8031 8100
f 8098 8029 8100
f 8028 8029 8098
f 8095 8028 8098
f 8094 8028 8095
f 8026 8028 8094
f 8025 8026 8094
f 8089 8025 8094
f 8090 8025 8089
f 8022 8025 8090
f 8021 8022 8090
f 8091 8021 8090
f 8650 8021 8091
f 8044 8103 8042
f 8105 8103 8044
f 8649 8105 8044
f 8106 8105 8649
f 8111 8106 8649
f 8648 8111 8649
f 8117 8112 8111
f 8123 8120 8117
f 8111 8123 8117
f 8126 8123 8111
f 8648 8126 8111
f 8052 8126 8648
f 8053 8126 8052
f 8125 8126 8053
f 8124 8125 8053
f 8055 8124 8053
f 8127 8124 8055
f 8062 8127 8055
f 8064 8127 8062
f 8128 8127 8064
f 8131 8128 8064
f 8065 8131 8064
f 8134 8131 8065
f 8137 8134 8065
f 8066 8137 8065
f 8647 8137 8066
f 8138 8137 8647
f 8143 8141 10615
f 8147 8143 10615
f 8082 8087 8085
f 8091 8087 8082
f 8079 8091 8082
f 8650 8091 8079
f 8016 8650 8079
f 8013 8016 8079
f 8081 8013 8079
f 8024 7955 7957
f 8027 8024 7957
f 8030 8027 7957
f 7959 8030 7957
f 8032 8030 7959
f 7961 8032 7959
f 7964 8032 7961
f 8033 8032 7964
f 8036 8033 7964
f 7965 8036 7964
f 7967 8036 7965
f 8037 8036 7967
f 7969 8037 7967
f 8039 8037 7969
f 7970 8039 7969
f 8041 8039 7970
f 7972 8041 7970
f 8043 8041 7972
f 8046 8043 7972
f 7973 8046 7972
f 7975 8046 7973
f 8047 8046 7975
f 8050 8047 7975
f 7976 8050 7975
f 7979 8050 7976
f 8051 8050 7979
f 8054 8051 7979
f 8057 8054 7979
f 7980 8057 7979
f 7983 8057 7980
f 8059 8057 7983
f 7984 8059 7983
f 8060 8059 7984
f 8653 8060 7984
f 8023 7955 8024
f 7952 7955 8023
f 7951 7952 8023
f 8020 7951 8023
f 8019 7951 8020
f 7949 7951 8019
f 7947 7949 8019
f 8017 7947 8019
f 7944 7947 8017
f 8012 7944 8017
f 8015 7944 8012
f 7945 7944 8015
f 7867 7953 7950
f 7868 7867 7950
f 7948 7868 7950
f 10616 7868 7948
f 10617 10616 7948
f 7946 10617 7948
f 7869 7953 7867
f 7871 7953 7869
f 7954 7953 7871
f 7873 7954 7871
f 7956 7954 7873
f 7958 7956 7873
f 7874 7958 7873
f 7960 7958 7874
f 7962 7960 7874
f 7876 7962 7874
f 7879 7962 7876
f 7963 7962 7879
f 7880 7963 7879
f 7966 7963 7880
f 7882 7966 7880
f 7968 7966 7882
f 7971 7968 7882
f 7883 7971 7882
f 7974 7971 7883
f 7977 7974 7883
f 7884 7977 7883
f 7888 7977 7884
f 7978 7977 7888
f 7981 7978 7888
f 7889 7981 7888
f 7892 7981 7889
f 7982 7981 7892
f 7985 7982 7892
f 7893 7985 7892
f 7987 7985 7893
f 7895 7987 7893
f 7989 7987 7895
f 7992 7989 7895
f 7995 7992 7895
f 7897 7995 7895
f 7899 7995 7897
f 7996 7995 7899
f 7901 7996 7899
f 7998 7996 7901
f 7903 7998 7901
f 8000 7998 7903
f 5209 7870 7864
f 5208 5209 7864
f 7860 5208 7864
f 7859 5208 7860
f 5206 5208 7859
f 7863 5206 7859
f 5205 5206 7863
f 5196 5205 7863
f 5197 5196 7863
f 7862 5197 7863
f 5211 7870 5209
f 7872 7870 5211
f 7875 7872 5211
f 5212 7875 5211
f 7877 7875 5212
f 5215 7877 5212
f 7878 7877 5215
f 5217 7878 5215
f 5217 7881 7878
f 7885 7881 5217
f 7886 7885 5217
f 5218 7886 5217
f 5221 7886 5218
f 7887 7886 5221
f 7890 7887 5221
f 5222 7890 5221
f 5227 7890 5222
f 7891 7890 5227
f 7894 7891 5227
f 5228 7894 5227
f 7896 7894 5228
f 5229 7896 5228
f 7898 7896 5229
f 5230 7898 5229
f 7900 7898 5230
f 5233 7900 5230
f 7902 7900 5233
f 5235 7902 5233
f 7904 7902 5235
f 5237 7904 5235
f 7906 7904 5237
f 7909 7906 5237
f 7912 7909 5237
f 5238 7912 5237
f 5241 7912 5238
f 7911 7912 5241
f 5243 7911 5241
f 7913 7911 5243
f 7916 7913 5243
f 8741 7916 5243
f 8653 8652 8073
f 8060 8653 8073
f 8072 8060 8073
f 8061 8060 8072
f 8070 8061 8072
f 8063 8056 8061
f 8067 8063 8061
f 8070 8067 8061
f 7926 8010 8007
f 8003 7926 8007
f 7921 7926 8003
f 7922 7921 8003
f 8005 7922 8003
f 7927 8010 7926
f 7940 8010 7927
f 7941 8010 7940
f 8011 8010 7941
f 7942 8011 7941
f 10618 8011 7942
f 10619 8011 10618
f 10620 8011 10619
f 8009 8011 10620
f 8008 8009 10620
f 10621 7939 7938
f 7943 7939 10621
f 5191 10622 5193
f 10623 10622 5191
f 5186 10623 5191
f 5188 10623 5186
f 8000 7903 7917
f 7920 8000 7917
f 7999 8000 7920
f 7856 5189 5190
f 7854 7856 5190
f 5192 7854 5190
f 7849 5189 7856
f 7852 5189 7849
f 5187 5189 7852
f 7858 5192 5195
f 7854 5192 7858
f 4076 4144 4145
f 4074 4076 4145
f 4146 4074 4145
f 4069 4074 4146
f 4067 4069 4146
f 4066 4067 4146
f 4143 4066 4146
f 4142 4066 4143
f 4065 4066 4142
f 4139 4065 4142
f 4136 4065 4139
f 4063 4065 4136
f 4134 4063 4136
f 4148 4144 4076
f 4151 4148 4076
f 4077 4151 4076
f 4152 4151 4077
f 4080 4152 4077
f 4153 4152 4080
f 4081 4153 4080
f 4158 4153 4081
f 4160 4158 4081
f 4163 4160 4081
f 4083 4163 4081
f 4085 4163 4083
f 4087 4163 4085
f 4164 4163 4087
f 4167 4164 4087
f 4170 4167 4087
f 4173 4170 4087
f 4088 4173 4087
f 4091 4173 4088
f 4093 4173 4091
f 4172 4173 4093
f 4171 4172 4093
f 4060 4064 4061
f 4068 4064 4060
f 4071 4068 4060
f 3932 4071 4060
f 3933 4071 3932
f 4072 4071 3933
f 3935 4072 3933
f 3938 4072 3935
f 3940 4072 3938
f 4070 4072 3940
f 3941 4070 3940
f 4073 4070 3941
f 4075 4073 3941
f 4078 4075 3941
f 3942 4078 3941
f 4079 4078 3942
f 3946 4079 3942
f 4082 4079 3946
f 3947 4082 3946
f 4084 4082 3947
f 3948 4084 3947
f 4086 4084 3948
f 4089 4086 3948
f 3949 4089 3948
f 3951 4089 3949
f 4090 4089 3951
f 3953 4090 3951
f 4243 4168 10624
f 4246 4243 10624
f 8859 4092 4090
f 3953 8859 4090
f 10625 4092 8859
f 8861 10625 8859
f 3705 3809 3807
f 3703 3705 3807
f 3804 3703 3807
f 3803 3703 3804
f 3701 3703 3803
f 3700 3701 3803
f 3800 3700 3803
f 3798 3700 3800
f 3699 3700 3798
f 3793 3699 3798
f 3789 3699 3793
f 3697 3699 3789
f 3791 3697 3789
f 10626 3697 3791
f 3691 3697 10626
f 3692 3691 10626
f 3707 3809 3705
f 3810 3809 3707
f 3813 3810 3707
f 3709 3813 3707
f 3814 3813 3709
f 3710 3814 3709
f 3817 3814 3710
f 3820 3817 3710
f 3712 3820 3710
f 3716 3820 3712
f 3819 3820 3716
f 3822 3819 3716
f 3515 3702 3698
f 3695 3515 3698
f 3696 3515 3695
f 3514 3515 3696
f 3694 3514 3696
f 3510 3514 3694
f 10627 3510 3694
f 3509 3510 10627
f 10628 3509 10627
f 10629 3509 10628
f 3506 3509 10629
f 3505 3506 10629
f 10630 3505 10629
f 3500 3505 10630
f 3498 3500 10630
f 3516 3702 3515
f 3704 3702 3516
f 3520 3704 3516
f 3706 3704 3520
f 3521 3706 3520
f 3708 3706 3521
f 3711 3708 3521
f 3714 3711 3521
f 3522 3714 3521
f 3525 3714 3522
f 3713 3714 3525
f 3527 3713 3525
f 3715 3713 3527
f 3718 3715 3527
f 3528 3718 3527
f 3532 3718 3528
f 3535 10631 3533
f 3538 10631 3535
f 3539 10631 3538
f 3296 3513 3512
f 3295 3296 3512
f 3508 3295 3512
f 3507 3295 3508
f 3294 3295 3507
f 3504 3294 3507
f 3503 3294 3504
f 3291 3294 3503
f 3289 3291 3503
f 3286 3289 3503
f 3501 3286 3503
f 3284 3286 3501
f 3497 3284 3501
f 3282 3284 3497
f 3499 3282 3497
f 3281 3282 3499
f 3493 3277 3496
f 3274 3277 3493
f 3273 3274 3493
f 3495 3273 3493
f 10632 3273 3495
f 10633 3273 10632
f 3271 3273 10633
f 3269 3271 10633
f 10634 3269 10633
f 3266 3269 10634
f 3478 10635 3482
f 10636 10635 3478
f 3477 10636 3478
f 3475 10637 3477
f 3473 10637 3475
f 10638 10637 3473
f 10639 10638 3473
f 3471 10639 3473
f 3468 10639 3471
f 10640 10639 3468
f 3469 10640 3468
f 3518 3513 3296
f 3297 3518 3296
f 3519 3518 3297
f 3523 3519 3297
f 3298 3523 3297
f 3524 3523 3298
f 3300 3524 3298
f 3526 3524 3300
f 3529 3526 3300
f 3302 3529 3300
f 3530 3529 3302
f 3304 3530 3302
f 3531 3530 3304
f 3534 3531 3304
f 3536 3534 3304
f 3305 3536 3304
f 3308 3536 3305
f 3537 3536 3308
f 3541 3537 3308
f 3309 3541 3308
f 3543 3541 3309
f 3311 3543 3309
f 3545 3543 3311
f 3314 3545 3311
f 3121 3306 3303
f 3301 3121 3303
f 3118 3121 3301
f 3299 3118 3301
f 3116 3118 3299
f 3292 3116 3299
f 3290 3116 3292
f 3115 3116 3290
f 3287 3115 3290
f 3288 3115 3287
f 3111 3115 3288
f 3110 3111 3288
f 3109 3110 3288
f 3285 3109 3288
f 3283 3109 3285
f 3106 3109 3283
f 3278 3106 3283
f 3280 3106 3278
f 3107 3106 3280
f 3103 9597 3276
f 3275 3103 3276
f 3101 3103 3275
f 3272 3101 3275
f 3270 3101 3272
f 3098 3101 3270
f 3097 3098 3270
f 3265 3097 3270
f 3268 3097 3265
f 3090 3097 3268
f 3091 3090 3268
f 3267 3091 3268
f 3123 3306 3121
f 3307 3306 3123
f 3310 3307 3123
f 3313 3310 3123
f 3124 3313 3123
f 3126 3313 3124
f 3129 3313 3126
f 3312 3313 3129
f 3721 3539 3540
f 3719 3721 3540
f 3542 3719 3540
f 3544 3719 3542
f 3722 3719 3544
f 10641 3539 3721
f 10631 3539 10641
f 2973 3122 3120
f 3119 2973 3120
f 2970 2973 3119
f 3117 2970 3119
f 2968 2970 3117
f 3114 2968 3117
f 3113 2968 3114
f 2966 2968 3113
f 3102 2964 3105
f 2963 2964 3102
f 3100 2963 3102
f 2961 2963 3100
f 2959 2961 3100
f 3099 2959 3100
f 2954 2959 3099
f 2953 2954 3099
f 3096 2953 3099
f 3095 2953 3096
f 2951 2953 3095
f 2950 2951 3095
f 3093 2950 3095
f 2974 3122 2973
f 2979 3122 2974
f 3125 3122 2979
f 2980 3125 2979
f 3127 3125 2980
f 2982 3127 2980
f 3128 3127 2982
f 3131 3128 2982
f 2983 3131 2982
f 10642 3131 2983
f 2985 10642 2983
f 2986 10643 2985
f 2989 10643 2986
f 10644 10643 2989
f 2991 10644 2989
f 9691 9614 9615
f 9618 9691 9615
f 9692 9691 9618
f 9695 9692 9618
f 9619 9695 9618
f 9688 9614 9691
f 9687 9614 9688
f 9611 9614 9687
f 9686 9611 9687
f 9610 9611 9686
f 2300 9616 9613
f 9612 2300 9613
f 2298 2300 9612
f 2296 2298 9612
f 9609 2296 9612
f 9606 2296 9609
f 2294 2296 9606
f 9603 2294 9606
f 2293 2294 9603
f 9605 2293 9603
f 10645 2293 9605
f 2292 2293 10645
f 9805 2292 10645
f 2305 9616 2300
f 9617 9616 2305
f 9620 9617 2305
f 2306 9620 2305
f 2309 9620 2306
f 2311 9620 2309
f 9621 9620 2311
f 9623 9621 2311
f 9625 9623 2311
f 2312 9625 2311
f 9626 9625 2312
f 2314 9626 2312
f 9628 9626 2314
f 2316 9628 2314
f 2319 9628 2316
f 9627 9628 2319
f 9630 9627 2319
f 2320 9630 2319
f 2323 9630 2320
f 9631 9630 2323
f 9634 9631 2323
f 2325 9634 2323
f 9693 9759 9758
f 9689 9693 9758
f 9757 9689 9758
f 9684 9689 9757
f 9685 9684 9757
f 9756 9685 9757
f 9694 9759 9693
f 9761 9759 9694
f 9698 9761 9694
f 9764 9761 9698
f 9699 9764 9698
f 9702 9764 9699
f 9765 9764 9702
f 9704 9765 9702
f 9767 9765 9704
f 9708 9767 9704
f 9769 9767 9708
f 9710 9769 9708
f 9770 9769 9710
f 9773 9770 9710
f 9777 9773 9710
f 9711 9777 9710
f 9713 9777 9711
f 9778 9777 9713
f 9715 9778 9713
f 9717 9778 9715
f 9779 9778 9717
f 9782 9779 9717
f 9785 9782 9717
f 9718 9785 9717
f 9721 9785 9718
f 9786 9785 9721
f 9734 10354 9732
f 9780 10354 9734
f 9736 9780 9734
f 9775 9780 9736
f 9774 9775 9736
f 9737 9774 9736
f 9772 9774 9737
f 9741 9772 9737
f 9787 9772 9741
f 9695 9619 9622
f 9697 9695 9622
f 9700 9697 9622
f 9624 9700 9622
f 9632 9700 9624
f 9701 9700 9632
f 9633 9701 9632
f 9703 9701 9633
f 9635 9703 9633
f 9706 9703 9635
f 9637 9706 9635
f 9639 9706 9637
f 9707 9706 9639
f 9640 9707 9639
f 9709 9707 9640
f 9646 9709 9640
f 9712 9709 9646
f 9648 9712 9646
f 9714 9712 9648
f 9649 9714 9648
f 9716 9714 9649
f 9719 9716 9649
f 9650 9719 9649
f 9720 9719 9650
f 9652 9720 9650
f 9722 9720 9652
f 9654 9722 9652
f 9725 9722 9654
f 9656 9725 9654
f 9751 9752 10646
f 9800 9751 10646
f 9798 9751 9800
f 9748 9751 9798
f 9797 9748 9798
f 9746 9748 9797
f 9793 9746 9797
f 9794 9746 9793
f 9744 9746 9794
f 9742 9744 9794
f 9741 9742 9794
f 9787 9741 9794
f 9792 9787 9794
f 9788 9787 9792
f 2200 2291 2288
f 2198 2200 2288
f 2290 2198 2288
f 2196 2198 2290
f 2286 2196 2290
f 2287 2196 2286
f 2193 2196 2287
f 2190 2193 2287
f 2283 2190 2287
f 2285 2190 2283
f 2189 2190 2285
f 10647 2189 2285
f 10648 2189 10647
f 2186 2189 10648
f 2185 2186 10648
f 2295 2291 2200
f 2201 2295 2200
f 2297 2295 2201
f 2203 2297 2201
f 2299 2297 2203
f 2303 2299 2203
f 2204 2303 2203
f 2207 2303 2204
f 2210 2303 2207
f 2302 2303 2210
f 2211 2302 2210
f 2304 2302 2211
f 2307 2304 2211
f 2213 2307 2211
f 2215 2307 2213
f 2221 2307 2215
f 2308 2307 2221
f 2310 2308 2221
f 2223 2310 2221
f 2313 2310 2223
f 2315 2313 2223
f 2224 2315 2223
f 2317 2315 2224
f 2226 2317 2224
f 2318 2317 2226
f 2321 2318 2226
f 2227 2321 2226
f 2230 2321 2227
f 9682 9753 9750
f 9749 9682 9750
f 9679 9682 9749
f 9677 9679 9749
f 9747 9677 9749
f 9675 9677 9747
f 9745 9675 9747
f 9673 9675 9745
f 9743 9673 9745
f 9670 9673 9743
f 9740 9670 9743
f 9739 9670 9740
f 9668 9670 9739
f 9683 9753 9682
f 2049 2140 2138
f 2047 2049 2138
f 2135 2047 2138
f 2133 2047 2135
f 2045 2047 2133
f 2134 2045 2133
f 2035 2045 2134
f 2033 2035 2134
f 2032 2033 2134
f 2131 2032 2134
f 2129 2032 2131
f 2031 2032 2129
f 2126 2031 2129
f 2123 2031 2126
f 2122 2031 2123
f 2029 2031 2122
f 2119 2029 2122
f 2118 2029 2119
f 2020 2029 2118
f 2019 2020 2118
f 2115 2019 2118
f 2113 2019 2115
f 2017 2019 2113
f 2016 2017 2113
f 2114 2016 2113
f 2004 2016 2114
f 2002 2004 2114
f 2111 2002 2114
f 2109 2002 2111
f 2000 2002 2109
f 2108 2000 2109
f 1999 2000 2108
f 2105 1999 2108
f 2100 1999 2105
f 1997 1999 2100
f 1995 1997 2100
f 2102 1995 2100
f 10649 1995 2102
f 1992 1995 10649
f 1991 1992 10649
f 2142 2140 2049
f 2050 2142 2049
f 2144 2142 2050
f 2228 2141 2143
f 2146 2228 2143
f 2229 2228 2146
f 2231 2229 2146
f 2147 2231 2146
f 10650 2231 2147
f 2232 2231 10650
f 2225 2141 2228
f 2222 2141 2225
f 2139 2141 2222
f 2218 2139 2222
f 2137 2139 2218
f 2219 2137 2218
f 2136 2137 2219
f 2220 2136 2219
f 2130 2136 2220
f 2128 2130 2220
f 2127 2128 2220
f 2217 2127 2220
f 2214 2127 2217
f 2125 2127 2214
f 2212 2125 2214
f 2124 2125 2212
f 2209 2124 2212
f 2208 2124 2209
f 2121 2124 2208
f 2120 2121 2208
f 2206 2120 2208
f 2205 2120 2206
f 2117 2120 2205
f 2116 2117 2205
f 9636 2325 2326
f 2329 9636 2326
f 9638 9636 2329
f 9642 9638 2329
f 9643 9642 2329
f 2330 9643 2329
f 2332 9643 2330
f 9644 9643 2332
f 9634 2325 9636
f 2322 2230 2233
f 2324 2322 2233
f 2327 2324 2233
f 2234 2327 2233
f 10651 2327 2234
f 2328 2327 10651
f 2331 2328 10651
f 2335 2331 10651
f 2321 2230 2322
f 9667 9739 9735
f 9733 9667 9735
f 9731 9667 9733
f 9665 9667 9731
f 9728 9665 9731
f 9664 9665 9728
f 9730 9664 9728
f 9668 9739 9667
f 9644 9647 9645
f 9651 9647 9644
f 9653 9651 9644
f 2332 9653 9644
f 9655 9653 2332
f 2333 9655 2332
f 9657 9655 2333
f 2337 9657 2333
f 9659 9657 2337
f 2338 9663 2339
f 9664 9656 9658
f 9725 9656 9664
f 9726 9725 9664
f 9664 9658 9660
f 10652 9664 9660
f 2343 9671 9669
f 9666 2343 9669
f 9663 2343 9666
f 2338 2343 9663
f 2344 9671 2343
f 9672 9671 2344
f 9674 9672 2344
f 2347 9674 2344
f 9676 9674 2347
f 9678 9676 2347
f 9681 9678 2347
f 2348 9681 2347
f 10653 2345 2342
f 2341 10653 2342
f 10654 2345 10653
f 2346 2345 10654
f 2205 2202 2199
f 2197 2205 2199
f 2116 2205 2197
f 2195 2116 2197
f 2112 2116 2195
f 2194 2112 2195
f 2110 2112 2194
f 2107 2110 2194
f 2192 2107 2194
f 2191 2107 2192
f 2106 2107 2191
f 2188 2106 2191
f 2187 2106 2188
f 2104 2106 2187
f 2103 2104 2187
f 2182 2103 2187
f 2184 2103 2182
f 2101 2103 2184
f 1745 2046 2037
f 1742 1745 2037
f 2038 1742 2037
f 2041 1742 2038
f 1743 1742 2041
f 2043 1743 2041
f 10329 1743 2043
f 1733 10329 2043
f 2044 1733 2043
f 1730 1733 2044
f 1728 1730 2044
f 2042 1728 2044
f 1727 1728 2042
f 2039 1727 2042
f 2040 1727 2039
f 1724 1727 2040
f 1723 1724 2040
f 2036 1723 2040
f 2034 1723 2036
f 1746 10655 1747
f 1751 10655 1746
f 2053 10655 1751
f 2051 2053 1751
f 1752 2051 1751
f 1755 2051 1752
f 2055 2051 1755
f 1757 2055 1755
f 2034 2030 2028
f 2027 1723 2034
f 1721 1723 2027
f 2024 1721 2027
f 1719 1721 2024
f 2026 1719 2024
f 1716 1719 2026
f 1714 1716 2026
f 2025 1714 2026
f 1711 1714 2025
f 1710 1711 2025
f 1535 1726 1725
f 1533 1535 1725
f 1532 1533 1725
f 1722 1532 1725
f 1720 1532 1722
f 1531 1532 1720
f 1718 1531 1720
f 1526 1531 1718
f 1717 1526 1718
f 1524 1526 1717
f 1715 1524 1717
f 1522 1524 1715
f 1713 1522 1715
f 1521 1522 1713
f 1712 1521 1713
f 1708 1521 1712
f 1706 1521 1708
f 1519 1521 1706
f 1704 1519 1706
f 1518 1519 1704
f 1702 1518 1704
f 1514 1518 1702
f 1699 1514 1702
f 1513 1514 1699
f 1697 1513 1699
f 1511 1513 1697
f 1694 1511 1697
f 1692 1511 1694
f 1509 1511 1692
f 1690 1509 1692
f 1507 1509 1690
f 1688 1507 1690
f 1505 1507 1688
f 1686 1505 1688
f 1503 1505 1686
f 1683 1503 1686
f 1502 1503 1683
f 1681 1502 1683
f 1677 1502 1681
f 1678 1502 1677
f 1499 1502 1678
f 1498 1499 1678
f 1675 1498 1678
f 1671 1498 1675
f 1496 1498 1671
f 1673 1496 1671
f 1494 1496 1673
f 1729 1726 1535
f 1536 1729 1535
f 1731 1729 1536
f 1539 1731 1536
f 1732 1731 1539
f 1735 1732 1539
f 1541 1735 1539
f 1737 1735 1541
f 1542 1737 1541
f 1739 1737 1542
f 1544 1739 1542
f 1546 1739 1544
f 1547 1749 1548
f 1750 1749 1547
f 1753 1750 1547
f 1550 1753 1547
f 1552 1753 1550
f 1754 1753 1552
f 1554 1754 1552
f 1756 1754 1554
f 1759 1756 1554
f 2015 2018 2014
f 2022 2018 2015
f 2025 2022 2015
f 1710 2025 2015
f 1709 1710 2015
f 2013 1709 2015
f 2012 1709 2013
f 1707 1709 2012
f 2011 1707 2012
f 1705 1707 2011
f 1703 1705 2011
f 2010 1703 2011
f 1701 1703 2010
f 1700 1701 2010
f 2007 1700 2010
f 2005 1700 2007
f 1698 1700 2005
f 2003 1698 2005
f 1696 1698 2003
f 2001 1696 2003
f 1695 1696 2001
f 1998 1695 2001
f 1996 1695 1998
f 1994 1695 1996
f 1693 1695 1994
f 1993 1693 1994
f 1691 1693 1993
f 1990 1691 1993
f 1689 1691 1990
f 1987 1689 1990
f 1687 1689 1987
f 1988 1687 1987
f 1685 1687 1988
f 1989 1685 1988
f 1684 1685 1989
f 1340 1516 1512
f 1510 1340 1512
f 1337 1340 1510
f 1336 1337 1510
f 1508 1336 1510
f 1506 1336 1508
f 1335 1336 1506
f 1504 1335 1506
f 1331 1335 1504
f 1501 1331 1504
f 1330 1331 1501
f 1500 1330 1501
f 1327 1330 1500
f 1497 1327 1500
f 1325 1327 1497
f 1493 1325 1497
f 1324 1325 1493
f 1495 1324 1493
f 1321 1323 10656
f 1319 1321 10656
f 1342 1516 1340
f 1517 1516 1342
f 1344 1517 1342
f 1520 1517 1344
f 1523 1520 1344
f 1345 1523 1344
f 1525 1523 1345
f 1528 1525 1345
f 1347 1528 1345
f 1352 1528 1347
f 1529 1528 1352
f 1353 1529 1352
f 1356 1529 1353
f 1530 1529 1356
f 1359 1530 1356
f 1534 1530 1359
f 1537 1534 1359
f 1360 1537 1359
f 1362 1537 1360
f 1538 1537 1362
f 1364 1538 1362
f 1540 1538 1364
f 1543 1540 1364
f 10657 1543 1364
f 1545 1543 10657
f 1349 1346 1343
f 1125 1349 1343
f 1126 1349 1125
f 1350 1349 1126
f 1130 1350 1126
f 1132 1350 1130
f 1351 1350 1132
f 1354 1351 1132
f 1133 1354 1132
f 1136 1354 1133
f 1355 1354 1136
f 1358 1355 1136
f 1137 1358 1136
f 10658 1986 1985
f 1989 1986 10658
f 1981 10658 1982
f 1981 1989 10658
f 1684 1989 1981
f 1979 1684 1981
f 1682 1684 1979
f 1978 1682 1979
f 1680 1682 1978
f 1975 1680 1978
f 1679 1680 1975
f 1977 1679 1975
f 10659 1679 1977
f 1676 1679 10659
f 10660 1676 10659
f 10661 1676 10660
f 1674 1676 10661
f 10662 1674 10661
f 1672 1674 10662
f 855 1123 1120
f 1118 855 1120
f 853 855 1118
f 1116 853 1118
f 849 853 1116
f 1113 849 1116
f 848 849 1113
f 1109 848 1113
f 1106 848 1109
f 846 848 1106
f 1107 846 1106
f 844 846 1107
f 833 844 1107
f 832 833 1107
f 1104 832 1107
f 1103 832 1104
f 830 832 1103
f 829 830 1103
f 1100 829 1103
f 1098 829 1100
f 828 829 1098
f 1096 828 1098
f 827 828 1096
f 1092 827 1096
f 1093 827 1092
f 826 827 1093
f 1085 826 1093
f 1090 1085 1093
f 1083 1085 1090
f 1087 1083 1090
f 857 1123 855
f 859 1123 857
f 1124 1123 859
f 1128 1124 859
f 860 1128 859
f 862 1128 860
f 1129 1128 862
f 864 1129 862
f 1131 1129 864
f 1134 1131 864
f 10663 1357 1358
f 1137 10663 1358
f 1361 1357 10663
f 10664 1361 10663
f 1363 1361 10664
f 851 638 640
f 852 851 640
f 854 852 640
f 641 854 640
f 856 854 641
f 643 856 641
f 858 856 643
f 645 858 643
f 861 858 645
f 647 861 645
f 863 861 647
f 874 876 651
f 650 874 651
f 882 874 650
f 654 882 650
f 884 882 654
f 656 884 654
f 886 884 656
f 657 886 656
f 660 886 657
f 887 886 660
f 889 887 660
f 661 889 660
f 892 889 661
f 663 892 661
f 894 892 663
f 898 894 663
f 664 898 663
f 668 898 664
f 899 898 668
f 670 899 668
f 901 899 670
f 672 901 670
f 903 901 672
f 912 903 672
f 904 903 912
f 908 904 912
f 10335 638 851
f 845 851 847
f 10335 851 845
f 843 10335 845
f 627 10335 843
f 10336 10335 627
f 10328 1761 1760
f 1771 10328 1760
f 1774 1766 1768
f 1770 1766 1774
f 1390 1175 1176
f 1191 1395 1184
f 1193 1395 1191
f 1392 1395 1193
f 1397 1392 1193
f 1194 1397 1193
f 1399 1397 1194
f 1402 1399 1194
f 1196 1402 1194
f 1198 1402 1196
f 1403 1402 1198
f 1415 1403 1198
f 1413 1403 1415
f 1407 1403 1413
f 1404 1403 1407
f 1389 1175 1390
f 1168 1175 1389
f 1166 1168 1389
f 1386 1166 1389
f 1165 1166 1386
f 1384 1165 1386
f 1382 1165 1384
f 1164 1165 1382
f 1379 1164 1382
f 1377 1164 1379
f 1159 1164 1377
f 1375 1159 1377
f 1158 1159 1375
f 1374 1158 1375
f 10332 1158 1374
f 1146 10332 1374
f 1371 1146 1374
f 1370 1146 1371
f 1144 1146 1370
f 1143 1144 1370
f 1365 1143 1370
f 1367 1143 1365
f 1142 1143 1367
f 1559 1372 1373
f 1376 1559 1373
f 1561 1559 1376
f 1564 1561 1376
f 1558 1372 1559
f 1555 1372 1558
f 1369 1372 1555
f 1368 1369 1555
f 1557 1368 1555
f 10665 1368 1557
f 1366 1368 10665
f 1564 1376 1378
f 10666 1564 1378
f 1380 10666 1378
f 10667 10666 1380
f 10668 10667 1380
f 1381 10668 1380
f 10669 10668 1381
f 1383 10669 1381
f 1565 1383 1570
f 1786 1785 1579
f 1581 1786 1579
f 1583 1786 1581
f 1788 1786 1583
f 1586 1788 1583
f 1790 1788 1586
f 1588 1790 1586
f 1792 1790 1588
f 1805 1792 1588
f 1807 1805 1588
f 1589 1807 1588
f 1809 1807 1589
f 1591 1809 1589
f 1811 1809 1591
f 1593 1811 1591
f 1812 1811 1593
f 1815 1812 1593
f 1594 1815 1593
f 1816 1815 1594
f 1596 1816 1594
f 1818 1816 1596
f 1821 1818 1596
f 1598 1821 1596
f 1823 1821 1598
f 1571 1572 10670
f 1780 1571 10670
f 1779 1571 1780
f 1569 1571 1779
f 1775 1569 1779
f 1568 1569 1775
f 1778 1568 1775
f 10330 1568 1778
f 2065 1793 1798
f 2064 2065 1798
f 1799 2064 1798
f 2067 2064 1799
f 1800 2067 1799
f 2071 2067 1800
f 2069 2071 1800
f 1801 2069 1800
f 2073 2069 1801
f 1802 2073 1801
f 2075 2073 1802
f 2078 2075 1802
f 1803 2078 1802
f 2079 2078 1803
f 2082 2079 1803
f 1804 2082 1803
f 2083 2082 1804
f 1806 2083 1804
f 2085 2083 1806
f 1808 2085 1806
f 2088 2085 1808
f 1810 2088 1808
f 2090 2088 1810
f 1813 2090 1810
f 10671 2090 1813
f 10672 10671 1813
f 2093 10672 1813
f 1814 2093 1813
f 2094 2093 1814
f 1817 2094 1814
f 2091 2094 1817
f 2097 2091 1817
f 1819 2097 1817
f 2098 2097 1819
f 10673 2098 1819
f 1820 10673 1819
f 1787 1793 2065
f 1781 1787 2065
f 2062 1781 2065
f 2061 1781 2062
f 1782 1781 2061
f 2059 1782 2061
f 10674 1782 2059
f 2058 10674 2059
f 10675 2063 2066
f 10676 10675 2066
f 2068 10676 2066
f 2148 2150 10677
f 2153 2148 10677
f 2070 2153 10677
f 2072 2153 2070
f 2074 2153 2072
f 2152 2153 2074
f 2154 2152 2074
f 2076 2154 2074
f 2156 2154 2076
f 2160 2156 2076
f 2077 2160 2076
f 2080 2160 2077
f 2162 2160 2080
f 2165 2162 2080
f 2081 2165 2080
f 2167 2165 2081
f 2084 2167 2081
f 2168 2167 2084
f 2086 2168 2084
f 2170 2168 2086
f 2087 2170 2086
f 10678 2170 2087
f 2089 10678 2087
f 2096 10679 2095
f 2099 10679 2096
f 10680 2063 10675
f 2060 2063 10680
f 2056 2060 10680
f 2057 2056 10680
f 8825 8777 8779
f 8781 8825 8779
f 8826 8825 8781
f 8783 8826 8781
f 8828 8826 8783
f 8784 8828 8783
f 8787 8828 8784
f 8829 8828 8787
f 8832 8829 8787
f 8788 8832 8787
f 8834 8832 8788
f 8790 8834 8788
f 8837 8834 8790
f 8792 8837 8790
f 8794 8837 8792
f 8836 8837 8794
f 8796 8836 8794
f 8839 8836 8796
f 8798 8839 8796
f 8841 8839 8798
f 8800 8841 8798
f 8844 8841 8800
f 8803 10681 8801
f 8847 10681 8803
f 8845 8847 8803
f 8805 8845 8803
f 8808 8845 8805
f 8848 8845 8808
f 8850 8848 8808
f 8810 8850 8808
f 8823 8777 8825
f 8776 8777 8823
f 8817 8776 8823
f 8819 8776 8817
f 8774 8776 8819
f 3975 8778 8773
f 3972 3975 8773
f 8775 3972 8773
f 3971 3972 8775
f 3977 8778 3975
f 8780 8778 3977
f 3979 8780 3977
f 8782 8780 3979
f 3981 8782 3979
f 8785 8782 3981
f 3993 8785 3981
f 3994 8785 3993
f 8786 8785 3994
f 8789 8786 3994
f 3995 8789 3994
f 8791 8789 3995
f 3999 8791 3995
f 4003 8791 3999
f 4004 8791 4003
f 8793 8791 4004
f 4006 8793 4004
f 8795 8793 4006
f 8797 8795 4006
f 4007 8797 4006
f 4012 8797 4007
f 8799 8797 4012
f 8802 8799 4012
f 4013 8802 4012
f 8804 8802 4013
f 8806 8804 4013
f 4014 8806 4013
f 4017 8806 4014
f 8807 8806 4017
f 4018 8807 4017
f 8812 8807 4018
f 8815 8812 4018
f 4020 8815 4018
f 4025 8815 4020
f 8814 8815 4025
f 4027 8814 4025
f 8816 8814 4027
f 8821 8853 8820
f 8851 8853 8821
f 8855 8851 8821
f 8822 8855 8821
f 8827 8855 8822
f 8830 8855 8827
f 8854 8855 8830
f 8831 8854 8830
f 8857 8854 8831
f 8833 8857 8831
f 8835 8857 8833
f 8858 8857 8835
f 10682 8858 8835
f 8840 10682 8835
f 8842 10682 8840
f 3870 3978 3976
f 3860 3870 3976
f 3974 3860 3976
f 3858 3860 3974
f 3973 3858 3974
f 3857 3858 3973
f 3872 3978 3870
f 3980 3978 3872
f 3873 3980 3872
f 3982 3980 3873
f 3984 3982 3873
f 3874 3984 3873
f 3877 3984 3874
f 3985 3984 3877
f 3879 3985 3877
f 3987 3985 3879
f 3881 3987 3879
f 3989 3987 3881
f 3883 3989 3881
f 3887 3989 3883
f 3990 3989 3887
f 3888 3990 3887
f 3997 3990 3888
f 3890 3997 3888
f 3998 3997 3890
f 8864 3998 3890
f 8863 3998 8864
f 4001 3998 8863
f 8862 4001 8863
f 4009 4001 8862
f 3899 4009 8862
f 4010 4009 3899
f 3901 4010 3899
f 4016 4010 3901
f 3902 4016 3901
f 10683 4016 3902
f 3967 3973 3968
f 3970 3967 3968
f 3966 3973 3967
f 3857 3973 3966
f 3963 3857 3966
f 3854 3857 3963
f 3852 3854 3963
f 3965 3852 3963
f 3970 3964 3967
f 3665 3785 3783
f 3777 3665 3783
f 3663 3665 3777
f 3778 3663 3777
f 3661 3663 3778
f 3660 3661 3778
f 3773 3660 3778
f 8866 3660 3773
f 3772 8866 3773
f 3652 8866 3772
f 3769 3652 3772
f 3650 3652 3769
f 3766 3650 3769
f 3764 3650 3766
f 3647 3650 3764
f 3762 3647 3764
f 3646 3647 3762
f 3759 3646 3762
f 3758 3646 3759
f 3644 3646 3758
f 3755 3644 3758
f 3754 3644 3755
f 3639 3644 3754
f 3638 3639 3754
f 3751 3638 3754
f 3750 3638 3751
f 3635 3638 3750
f 3633 3635 3750
f 3749 3633 3750
f 3632 3633 3749
f 3666 3785 3665
f 3672 10684 3670
f 3675 10684 3672
f 10685 10684 3675
f 3677 10685 3675
f 10686 10685 3677
f 3679 10686 3677
f 3782 3876 3875
f 3781 3782 3875
f 3869 3781 3875
f 3868 3781 3869
f 3780 3781 3868
f 3867 3780 3868
f 3774 3780 3867
f 3770 3774 3867
f 3866 3770 3867
f 3768 3770 3866
f 3767 3768 3866
f 3863 3767 3866
f 3862 3767 3863
f 3765 3767 3862
f 3859 3765 3862
f 3763 3765 3859
f 3856 3763 3859
f 3855 3763 3856
f 3761 3763 3855
f 3853 3761 3855
f 3760 3761 3853
f 3851 3760 3853
f 3849 3760 3851
f 3757 3760 3849
f 3850 3757 3849
f 3756 3757 3850
f 3784 3876 3782
f 3878 3876 3784
f 3786 3878 3784
f 3880 3878 3786
f 3788 3880 3786
f 3882 3880 3788
f 3885 3882 3788
f 3886 3884 10687
f 10688 3886 10687
f 3889 3886 10688
f 3892 3889 10688
f 4019 4015 4016
f 10689 4021 4022
f 4016 10683 4023
f 4024 4021 10689
f 10690 4024 10689
f 4026 4024 10690
f 3428 3645 3643
f 3427 3428 3643
f 3640 3427 3643
f 3642 3427 3640
f 3423 3427 3642
f 3414 3423 3642
f 3641 3414 3642
f 3411 3414 3641
f 3410 3411 3641
f 3637 3410 3641
f 3636 3410 3637
f 3408 3410 3636
f 3634 3408 3636
f 3407 3408 3634
f 3630 3407 3634
f 3628 3407 3630
f 3405 3407 3628
f 3629 3405 3628
f 3402 3405 3629
f 3401 3402 3629
f 3622 3401 3629
f 3399 3401 3622
f 3620 3399 3622
f 3618 3399 3620
f 3398 3399 3618
f 3615 3398 3618
f 3614 3398 3615
f 3395 3398 3614
f 3393 3395 3614
f 3612 3393 3614
f 3392 3393 3612
f 3609 3392 3612
f 3608 3392 3609
f 3389 3392 3608
f 3385 3389 3608
f 3607 3385 3608
f 10691 3385 3607
f 3649 3645 3428
f 3429 3649 3428
f 3651 3648 3649
f 3655 3651 3649
f 3429 3655 3649
f 9592 3655 3429
f 3437 3655 9592
f 3439 3655 3437
f 3654 3655 3439
f 3455 3654 3439
f 3656 3654 3455
f 3457 3656 3455
f 3658 3656 3457
f 3459 3658 3457
f 3659 3658 3459
f 3662 3659 3459
f 3461 3662 3459
f 3664 3662 3461
f 3668 3664 3461
f 3462 3668 3461
f 3254 3456 3454
f 3255 3254 3454
f 3452 3255 3454
f 3253 3255 3452
f 3451 3253 3452
f 3251 3253 3451
f 3447 3251 3451
f 3449 3251 3447
f 3250 3251 3449
f 3247 3250 3449
f 3450 3247 3449
f 9594 3247 3450
f 3233 9594 3450
f 3231 3233 3450
f 3448 3231 3450
f 3229 3231 3448
f 3446 3229 3448
f 3228 3229 3446
f 3445 3228 3446
f 3225 3228 3445
f 3442 3225 3445
f 3441 3225 3442
f 3224 3225 3441
f 3438 3224 3441
f 3436 3224 3438
f 3222 3224 3436
f 3435 3222 3436
f 3221 3222 3435
f 3216 3221 3435
f 3434 3216 3435
f 3214 3216 3434
f 3212 3214 3434
f 3432 3212 3434
f 3211 3212 3432
f 3430 3211 3432
f 3424 3211 3430
f 3425 3211 3424
f 3210 3211 3425
f 3421 3210 3425
f 3420 3210 3421
f 3208 3210 3420
f 3207 3208 3420
f 3417 3207 3420
f 3418 3207 3417
f 3204 3207 3418
f 3202 3204 3418
f 3416 3202 3418
f 3200 3202 3416
f 3413 3200 3416
f 3412 3200 3413
f 3199 3200 3412
f 3409 3199 3412
f 3406 3199 3409
f 3404 3199 3406
f 3197 3199 3404
f 3403 3197 3404
f 3193 3197 3403
f 3192 3193 3403
f 3400 3192 3403
f 3397 3192 3400
f 3396 3192 3397
f 3190 3192 3396
f 3394 3190 3396
f 3189 3190 3394
f 3391 3189 3394
f 3390 3189 3391
f 3188 3189 3390
f 3183 3188 3390
f 3388 3183 3390
f 3182 3183 3388
f 3387 3182 3388
f 10692 3182 3387
f 10693 3182 10692
f 3180 3182 10693
f 3179 3180 10693
f 3177 3179 10694
f 10695 3177 10694
f 3175 3177 10695
f 10696 3175 10695
f 3173 3175 10696
f 3384 3173 10696
f 3171 3173 3384
f 3381 3171 3384
f 3168 3171 3381
f 3167 3168 3381
f 3383 3167 3381
f 3166 3167 3383
f 3257 3456 3254
f 3458 3456 3257
f 3460 3458 3257
f 10697 3460 3257
f 3463 3460 10697
f 3240 10698 3245
f 3239 10698 3240
f 3238 3069 3239
f 3067 3069 3238
f 3236 3067 3238
f 3065 3067 3236
f 3232 3065 3236
f 3230 3065 3232
f 3063 3065 3230
f 3227 3063 3230
f 3062 3063 3227
f 3845 3847 10699
f 10700 3845 10699
f 3842 3845 10700
f 3062 3227 3226
f 3059 3062 3226
f 3057 3059 3226
f 3223 3057 3226
f 3220 3057 3223
f 3219 3057 3220
f 3055 3057 3219
f 3053 3055 3219
f 3218 3053 3219
f 3052 3053 3218
f 3215 3052 3218
f 3213 3052 3215
f 3051 3052 3213
f 3209 3051 3213
f 3206 3051 3209
f 3205 3051 3206
f 3050 3051 3205
f 3203 3050 3205
f 3046 3050 3203
f 3201 3046 3203
f 3045 3046 3201
f 3198 3045 3201
f 3196 3045 3198
f 3195 3045 3196
f 3043 3045 3195
f 3040 3043 3195
f 3038 3040 3195
f 3194 3038 3195
f 3037 3038 3194
f 3191 3037 3194
f 3187 3037 3191
f 3186 3037 3187
f 3035 3037 3186
f 3185 3035 3186
f 3033 3035 3185
f 3032 3033 3185
f 3181 3032 3185
f 3178 3032 3181
f 3176 3032 3178
f 3029 3032 3176
f 3174 3029 3176
f 3028 3029 3174
f 3172 3028 3174
f 3027 3028 3172
f 3022 3027 3172
f 3170 3022 3172
f 3020 3022 3170
f 3169 3020 3170
f 3018 3020 3169
f 3164 3018 3169
f 3017 3018 3164
f 3162 3017 3164
f 3160 3017 3162
f 3016 3017 3160
f 3159 3016 3160
f 3012 3016 3159
f 3157 3012 3159
f 3011 3012 3157
f 3149 3011 3157
f 3010 3011 3149
f 3147 3010 3149
f 3003 3010 3147
f 3144 3003 3147
f 3001 3003 3144
f 3141 3001 3144
f 2999 3001 3141
f 3841 3748 3752
f 3747 3748 3841
f 3840 3747 3841
f 3746 3747 3840
f 10701 3835 3834
f 3838 10701 3834
f 10700 10701 3838
f 3842 10700 3838
f 3746 3840 3837
f 3836 3746 3837
f 3745 3746 3836
f 3844 3839 3841
f 3752 3844 3841
f 3753 3844 3752
f 3756 3844 3753
f 3850 3844 3756
f 3843 3844 3850
f 3846 3843 3850
f 3742 3632 3749
f 3744 3632 3742
f 3631 3737 3735
f 3626 3631 3735
f 3734 3626 3735
f 3625 3626 3734
f 3731 3625 3734
f 3727 3625 3731
f 3623 3625 3727
f 3729 3623 3727
f 3621 3623 3729
f 10702 3621 3729
f 3619 3621 10702
f 10703 3619 10702
f 3617 3619 10703
f 10704 3617 10703
f 3616 3617 10704
f 10705 3616 10704
f 3726 3616 10705
f 3613 3616 3726
f 3723 3613 3726
f 3611 3613 3723
f 3725 3611 3723
f 3610 3611 3725
f 10706 3610 3725
f 10707 3610 10706
f 3605 3610 10707
f 3606 3605 10707
f 3739 3737 3631
f 3632 3739 3631
f 3740 3739 3632
f 3833 3738 3741
f 3736 3738 3833
f 3832 3736 3833
f 3733 3736 3832
f 3732 3733 3832
f 3831 3732 3832
f 3828 3732 3831
f 3730 3732 3828
f 3728 3730 3828
f 3830 3728 3828
f 2922 3054 3048
f 3044 2922 3048
f 2920 2922 3044
f 3042 2920 3044
f 2918 2920 3042
f 3041 2918 3042
f 2915 2918 3041
f 2914 2915 3041
f 3039 2914 3041
f 3036 2914 3039
f 3034 2914 3036
f 2912 2914 3034
f 3031 2912 3034
f 2910 2912 3031
f 3030 2910 3031
f 2909 2910 3030
f 3026 2909 3030
f 3025 2909 3026
f 2906 2909 3025
f 2904 2906 3025
f 3024 2904 3025
f 2902 2904 3024
f 2900 2902 3024
f 3021 2900 3024
f 3019 2900 3021
f 2899 2900 3019
f 3015 2899 3019
f 3014 2899 3015
f 2896 2899 3014
f 2895 2896 3014
f 3008 2895 3014
f 3007 2895 3008
f 2892 2895 3007
f 2890 2892 3007
f 3005 2890 3007
f 2889 2890 3005
f 3002 2889 3005
f 3000 2889 3002
f 2887 2889 3000
f 2998 2887 3000
f 2885 2887 2998
f 2997 2885 2998
f 2881 2885 2997
f 2923 3054 2922
f 3056 3054 2923
f 2925 3056 2923
f 3058 3056 2925
f 2927 3058 2925
f 3060 3058 2927
f 2929 3060 2927
f 2931 3060 2929
f 3061 3060 2931
f 3064 3061 2931
f 2933 3064 2931
f 3066 3064 2933
f 2935 3066 2933
f 10708 3066 2935
f 3068 3066 10708
f 2805 2911 2908
f 2907 2805 2908
f 2803 2805 2907
f 2798 2803 2907
f 2905 2798 2907
f 2796 2798 2905
f 2903 2796 2905
f 2794 2796 2903
f 2901 2794 2903
f 2793 2794 2901
f 2898 2793 2901
f 2897 2793 2898
f 2790 2793 2897
f 2788 2790 2897
f 2787 2788 2897
f 2894 2787 2897
f 2893 2787 2894
f 2784 2787 2893
f 2806 2911 2805
f 2913 2911 2806
f 2916 2913 2806
f 2810 2916 2806
f 2812 2916 2810
f 2917 2916 2812
f 2814 2917 2812
f 2919 2917 2814
f 2816 2919 2814
f 2921 2919 2816
f 2924 2921 2816
f 2817 2924 2816
f 2926 2924 2817
f 2819 2926 2817
f 2928 2926 2819
f 2821 2928 2819
f 2930 2928 2821
f 10709 2930 2821
f 2932 2930 10709
f 2691 2818 2815
f 2813 2691 2815
f 2689 2691 2813
f 2811 2689 2813
f 2686 2689 2811
f 2809 2686 2811
f 2684 2686 2809
f 2808 2684 2809
f 2683 2684 2808
f 2804 2683 2808
f 2802 2683 2804
f 2681 2683 2802
f 2801 2681 2802
f 2596 2681 2801
f 2594 2596 2801
f 2800 2594 2801
f 2592 2594 2800
f 2591 2592 2800
f 2797 2591 2800
f 2795 2591 2797
f 2791 2591 2795
f 2589 2591 2791
f 2789 2589 2791
f 2588 2589 2789
f 2786 2588 2789
f 2785 2588 2786
f 2585 2588 2785
f 2582 2585 2785
f 2782 2582 2785
f 2779 2582 2782
f 2778 2582 2779
f 2583 2582 2778
f 10710 2583 2778
f 2777 10710 2778
f 2577 2580 2773
f 2770 2577 2773
f 2769 2577 2770
f 2575 2577 2769
f 2767 2575 2769
f 2574 2575 2767
f 2765 2574 2767
f 2764 2574 2765
f 2571 2574 2764
f 2570 2571 2764
f 2763 2570 2764
f 2568 2570 2763
f 2762 2568 2763
f 10711 2568 2762
f 2567 2568 10711
f 2561 2565 2759
f 2559 2561 2759
f 2758 2559 2759
f 2556 2559 2758
f 2554 2556 2758
f 2755 2554 2758
f 2553 2554 2755
f 2754 2553 2755
f 2752 2553 2754
f 2551 2553 2752
f 2750 2551 2752
f 2549 2551 2750
f 2547 2549 2750
f 10712 2818 2691
f 2820 2818 10712
f 2825 2824 2693
f 2692 2825 2693
f 2827 2825 2692
f 2695 2827 2692
f 2830 2827 2695
f 2833 2830 2695
f 2698 2833 2695
f 2835 2833 2698
f 2699 2835 2698
f 2836 2835 2699
f 9602 2836 2699
f 2707 2836 9602
f 2837 2836 2707
f 2708 2837 2707
f 2710 2837 2708
f 2839 2837 2710
f 2711 2839 2710
f 2842 2839 2711
f 2713 2842 2711
f 2714 2846 2713
f 2844 2846 2714
f 2716 2844 2714
f 9601 2844 2716
f 3472 3674 3673
f 3470 3472 3673
f 3464 3470 3673
f 3669 3464 3673
f 3465 3464 3669
f 3671 3465 3669
f 3474 3674 3472
f 3676 3674 3474
f 3678 3676 3474
f 3476 3678 3474
f 3680 3678 3476
f 3479 3680 3476
f 3682 3680 3479
f 3481 3682 3479
f 3683 3685 3484
f 3483 3683 3484
f 3687 3683 3483
f 3486 3687 3483
f 3489 3687 3486
f 3688 3687 3489
f 3492 3688 3489
f 3690 3688 3492
f 3372 3375 10713
f 3368 3372 10713
f 10714 3368 10713
f 3369 3368 10714
f 3592 3367 3603
f 3590 3367 3592
f 3365 3367 3590
f 3587 3365 3590
f 3588 3365 3587
f 9593 3365 3588
f 3353 9593 3588
f 3352 3353 3588
f 3586 3352 3588
f 3584 3352 3586
f 3351 3352 3584
f 3581 3351 3584
f 3578 3351 3581
f 3579 3351 3578
f 3347 3351 3579
f 3345 3347 3579
f 3577 3345 3579
f 3343 3345 3577
f 3575 3343 3577
f 3341 3343 3575
f 3570 3341 3575
f 3573 3341 3570
f 3340 3341 3573
f 3337 3340 3573
f 3574 3337 3573
f 3336 3337 3574
f 3330 3336 3574
f 3328 3330 3574
f 3572 3328 3574
f 3326 3328 3572
f 3571 3326 3572
f 3325 3326 3571
f 3564 3325 3571
f 3323 3325 3564
f 3562 3323 3564
f 3321 3323 3562
f 3559 3321 3562
f 3558 3321 3559
f 3320 3321 3558
f 3555 3320 3558
f 3319 3320 3555
f 3551 3319 3555
f 3552 3319 3551
f 3315 3319 3552
f 3553 3315 3552
f 3316 3315 3553
f 10715 3316 3553
f 10716 10715 3553
f 10717 10716 3553
f 3550 10717 3553
f 10718 10717 3550
f 3546 10718 3550
f 3548 10718 3546
f 3385 10691 3386
f 2608 2490 2491
f 2609 2608 2491
f 2493 2609 2491
f 2611 2609 2493
f 2614 2611 2493
f 2494 2622 2495
f 2623 2622 2494
f 2626 2623 2494
f 2498 2626 2494
f 2605 2490 2608
f 2601 2490 2605
f 2598 2490 2601
f 2488 2490 2598
f 2597 2488 2598
f 2485 2488 2597
f 2595 2485 2597
f 2593 2485 2595
f 2482 2485 2593
f 2590 2482 2593
f 2586 2482 2590
f 2587 2482 2586
f 2483 2482 2587
f 2480 2481 2581
f 2578 2480 2581
f 2479 2480 2578
f 2579 2479 2578
f 2472 2479 2579
f 2576 2472 2579
f 2470 2472 2576
f 2573 2470 2576
f 2572 2470 2573
f 2467 2470 2572
f 2569 2467 2572
f 2466 2467 2569
f 2564 2466 2569
f 2464 2466 2564
f 2562 2464 2564
f 2462 2464 2562
f 2560 2462 2562
f 2460 2462 2560
f 2558 2460 2560
f 2459 2460 2558
f 2557 2459 2558
f 2454 2459 2557
f 2453 2454 2557
f 2555 2453 2557
f 2451 2453 2555
f 2552 2451 2555
f 2550 2451 2552
f 2449 2451 2550
f 2548 2449 2550
f 2447 2449 2548
f 2545 2447 2548
f 2445 2447 2545
f 2543 2445 2545
f 2444 2445 2543
f 2540 2444 2543
f 2539 2444 2540
f 2440 2444 2539
f 2438 2440 2539
f 2538 2438 2539
f 2436 2438 2538
f 2434 2436 2538
f 2535 2434 2538
f 2635 2606 2607
f 2610 2635 2607
f 2636 2635 2610
f 2612 2636 2610
f 2638 2636 2612
f 2641 2638 2612
f 2613 2641 2612
f 2642 2641 2613
f 2615 2642 2613
f 2650 2642 2615
f 2646 2642 2650
f 2643 2642 2646
f 2640 2642 2643
f 2632 2606 2635
f 2630 2606 2632
f 2604 2606 2630
f 2628 2604 2630
f 2603 2604 2628
f 2625 2603 2628
f 2602 2603 2625
f 2626 2602 2625
f 2498 2602 2626
f 2600 2602 2498
f 2500 2600 2498
f 2599 2600 2500
f 2502 2599 2500
f 2682 2599 2502
f 2685 2682 2502
f 2503 2685 2502
f 2687 2685 2503
f 2506 2687 2503
f 2688 2687 2506
f 2690 2688 2506
f 10719 2690 2506
f 2507 10719 2506
f 2696 2697 2509
f 2700 2696 2509
f 2508 2700 2509
f 2702 2700 2508
f 2512 2702 2508
f 2518 2702 2512
f 2703 2702 2518
f 2519 2703 2518
f 2705 2703 2519
f 2521 2705 2519
f 2706 2705 2521
f 2709 2706 2521
f 2523 2709 2521
f 2712 2709 2523
f 2715 2712 2523
f 2526 2715 2523
f 2717 2715 2526
f 2527 2717 2526
f 2719 2717 2527
f 2722 2719 2527
f 2528 2722 2527
f 2531 2722 2528
f 2721 2722 2531
f 2533 2721 2531
f 2723 2721 2533
f 2728 2723 2533
f 2534 2728 2533
f 2536 2728 2534
f 2727 2728 2536
f 2730 2727 2536
f 2537 2730 2536
f 2541 2730 2537
f 2732 2730 2541
f 2542 2732 2541
f 2737 2732 2542
f 2544 2737 2542
f 2739 2737 2544
f 2741 2739 2544
f 2546 2741 2544
f 2742 2741 2546
f 2746 2742 2546
f 2547 2746 2546
f 2750 2746 2547
f 2487 10720 2489
f 10721 10720 2487
f 2486 10721 2487
f 10191 10722 10531
f 10722 10723 10531
f 10724 3163 3166
f 3161 3163 10724
f 3380 3161 10724
f 3378 3161 3380
f 3158 3161 3378
f 3377 3158 3378
f 3156 3158 3377
f 3155 3156 3377
f 3374 3155 3377
f 3373 3155 3374
f 3154 3155 3373
f 3363 3154 3373
f 3361 3154 3363
f 3153 3154 3361
f 3358 3153 3361
f 3356 3153 3358
f 3152 3153 3356
f 3357 3152 3356
f 3148 3152 3357
f 3146 3148 3357
f 3355 3146 3357
f 3145 3146 3355
f 3350 3145 3355
f 3348 3145 3350
f 3142 3145 3348
f 3346 3142 3348
f 3139 3142 3346
f 3344 3139 3346
f 3342 3139 3344
f 3137 3139 3342
f 3339 3137 3342
f 3338 3137 3339
f 3136 3137 3338
f 3335 3136 3338
f 3334 3136 3335
f 3132 3136 3334
f 3133 3132 3334
f 3327 10725 3329
f 10726 10725 3327
f 3324 10726 3327
f 3322 10726 3324
f 10727 10726 3322
f 3318 10727 3322
f 3317 10727 3318
f 2513 2511 10728
f 10729 2513 10728
f 2515 2513 10729
f 2421 2515 10729
f 2420 2515 2421
f 2516 2515 2420
f 2424 2516 2420
f 2517 2516 2424
f 2426 2517 2424
f 2520 2517 2426
f 2428 2520 2426
f 2522 2520 2428
f 2529 2522 2428
f 2429 2529 2428
f 2530 2529 2429
f 2432 2530 2429
f 2532 2530 2432
f 2956 2831 2832
f 2957 2956 2832
f 2834 2957 2832
f 2838 2957 2834
f 2840 2957 2838
f 2955 2957 2840
f 2958 2955 2840
f 2841 2958 2840
f 2960 2958 2841
f 2843 2960 2841
f 2962 2960 2843
f 2856 2967 2850
f 2965 2967 2856
f 2969 2965 2856
f 2857 2969 2856
f 2971 2969 2857
f 2859 2971 2857
f 2862 2971 2859
f 2972 2971 2862
f 2975 2972 2862
f 2863 2975 2862
f 2977 2975 2863
f 2872 2977 2863
f 2978 2977 2872
f 2873 2978 2872
f 2981 2978 2873
f 2984 2981 2873
f 2874 2984 2873
f 2987 2984 2874
f 2875 2987 2874
f 2988 2987 2875
f 2876 2988 2875
f 2879 2988 2876
f 2990 2988 2879
f 2880 2990 2879
f 2952 2831 2956
f 2941 3076 3075
f 2940 2941 3075
f 3074 2940 3075
f 10730 2940 3074
f 2936 2940 10730
f 2937 2936 10730
f 2943 3076 2941
f 3078 3076 2943
f 2945 3078 2943
f 3080 3078 2945
f 2947 3080 2945
f 3082 3080 2947
f 3083 3082 2947
f 2950 3083 2947
f 3093 3083 2950
f 3089 3083 3093
f 3081 3083 3089
f 3086 3081 3089
f 2822 2942 2939
f 2938 2822 2939
f 2823 2822 2938
f 2826 2942 2822
f 2944 2942 2826
f 2828 2944 2826
f 2946 2944 2828
f 2949 2946 2828
f 2829 2949 2828
f 2831 2949 2829
f 2952 2949 2831
f 2948 2949 2952
f 3070 3258 3260
f 3071 3070 3260
f 3073 3258 3070
f 3077 3258 3073
f 3262 3258 3077
f 3079 3262 3077
f 3084 3262 3079
f 3264 3262 3084
f 10731 3264 3084
f 3085 10731 3084
f 2360 2422 10732
f 2357 2360 10732
f 2356 2357 10732
f 2423 2422 2360
f 2361 2423 2360
f 2363 2423 2361
f 2425 2423 2363
f 2365 2425 2363
f 2427 2425 2365
f 2430 2427 2365
f 2366 2430 2365
f 2431 2430 2366
f 2369 2431 2366
f 2433 2431 2369
f 2435 2433 2369
f 2370 2435 2369
f 2437 2435 2370
f 2372 2437 2370
f 2439 2437 2372
f 2373 2439 2372
f 2441 2439 2373
f 2443 2441 2373
f 2375 2443 2373
f 2377 2443 2375
f 2382 2443 2377
f 2442 2443 2382
f 2446 2442 2382
f 2383 2446 2382
f 2448 2446 2383
f 2385 2448 2383
f 2450 2448 2385
f 2387 2450 2385
f 2452 2450 2387
f 2455 2452 2387
f 2388 2455 2387
f 2391 2455 2388
f 2457 2455 2391
f 2393 2457 2391
f 2395 2457 2393
f 2398 2457 2395
f 2458 2457 2398
f 2461 2458 2398
f 2399 2461 2398
f 2463 2461 2399
f 2401 2463 2399
f 2465 2463 2401
f 2403 2465 2401
f 2468 2465 2403
f 2404 2468 2403
f 2469 2468 2404
f 2471 2469 2404
f 2409 2471 2404
f 2473 2471 2409
f 2410 2473 2409
f 2475 2473 2410
f 2411 2475 2410
f 2414 2475 2411
f 2477 2475 2414
f 2245 2362 2359
f 2358 2245 2359
f 2243 2245 2358
f 2242 2243 2358
f 2355 2242 2358
f 2352 2242 2355
f 2240 2242 2352
f 2349 2240 2352
f 2235 2240 2349
f 2351 2235 2349
f 2236 2235 2351
f 2246 2362 2245
f 2249 2362 2246
f 2364 2362 2249
f 2367 2364 2249
f 2250 2367 2249
f 2252 2367 2250
f 2368 2367 2252
f 2371 2368 2252
f 2374 2371 2252
f 2253 2374 2252
f 2255 2374 2253
f 2376 2374 2255
f 2258 2376 2255
f 2378 2376 2258
f 2259 2378 2258
f 2380 2378 2259
f 2261 2380 2259
f 2263 2380 2261
f 2381 2380 2263
f 2384 2381 2263
f 2264 2384 2263
f 2386 2384 2264
f 2390 2386 2264
f 2266 2390 2264
f 2389 2390 2266
f 2392 2389 2266
f 2396 2394 2268
f 2267 2396 2268
f 2397 2396 2267
f 2271 2397 2267
f 2400 2397 2271
f 2402 2400 2271
f 2406 2402 2271
f 2272 2406 2271
f 2407 2406 2272
f 2273 2407 2272
f 2276 2407 2273
f 2408 2407 2276
f 2412 2408 2276
f 2277 2412 2276
f 2413 2412 2277
f 2279 2413 2277
f 10733 2413 2279
f 10734 10733 2279
f 10735 10734 2279
f 2281 10735 2279
f 2852 9601 2724
f 2853 2852 2724
f 2725 2853 2724
f 2855 2853 2725
f 2726 2855 2725
f 2858 2855 2726
f 2729 2858 2726
f 2860 2858 2729
f 2734 2860 2729
f 2735 2860 2734
f 2861 2860 2735
f 2864 2861 2735
f 9600 2864 2735
f 9599 2864 9600
f 2867 2864 9599
f 9598 2867 9599
f 2743 2867 9598
f 2869 2867 2743
f 2744 2869 2743
f 2870 2869 2744
f 2877 2870 2744
f 2745 2877 2744
f 2747 2877 2745
f 2878 2877 2747
f 2848 9601 2852
f 2844 9601 2848
f 2847 2844 2848
f 2432 2535 2532
f 2434 2535 2432
f 9291 9372 9371
f 9287 9291 9371
f 9286 9287 9371
f 9369 9286 9371
f 9284 9286 9369
f 9367 9284 9369
f 9283 9284 9367
f 9368 9283 9367
f 9279 9283 9368
f 9278 9279 9368
f 9374 9372 9291
f 9292 9374 9291
f 9295 9374 9292
f 9376 9374 9295
f 9297 9376 9295
f 9378 9376 9297
f 9380 9378 9297
f 9298 9380 9297
f 9382 9380 9298
f 9300 9382 9298
f 9303 9382 9300
f 9383 9382 9303
f 9386 9383 9303
f 9304 9386 9303
f 9307 9386 9304
f 9387 9386 9307
f 9390 9387 9307
f 9309 9390 9307
f 9391 9390 9309
f 9311 9391 9309
f 9393 9391 9311
f 9313 9393 9311
f 9394 9393 9313
f 9398 9394 9313
f 9314 9398 9313
f 9317 9398 9314
f 9399 9398 9317
f 9324 10736 9323
f 9327 10736 9324
f 9329 10736 9327
f 9204 9282 9280
f 9281 9204 9280
f 9205 9204 9281
f 9285 9282 9204
f 9289 9285 9204
f 9210 9289 9204
f 9288 9289 9210
f 9211 9288 9210
f 9290 9288 9211
f 9293 9290 9211
f 9212 9293 9211
f 9215 9293 9212
f 9216 9293 9215
f 9294 9293 9216
f 9219 9294 9216
f 9296 9294 9219
f 9299 9296 9219
f 9220 9299 9219
f 9301 9299 9220
f 9222 9301 9220
f 9224 9301 9222
f 9302 9301 9224
f 9305 9302 9224
f 9225 9305 9224
f 9306 9305 9225
f 9227 9306 9225
f 9308 9306 9227
f 9229 9308 9227
f 9310 9308 9229
f 9231 9310 9229
f 9312 9310 9231
f 9233 9312 9231
f 9315 9312 9233
f 9236 9315 9233
f 9240 9315 9236
f 9316 9315 9240
f 9319 9316 9240
f 9241 9319 9240
f 9321 9319 9241
f 9243 9321 9241
f 9245 9321 9243
f 9322 9321 9245
f 9325 9322 9245
f 9246 9325 9245
f 9248 9325 9246
f 9326 9325 9248
f 9250 9326 9248
f 9328 9326 9250
f 9331 9328 9250
f 9252 9331 9250
f 10737 9331 9252
f 9253 10737 9252
f 9334 10737 9253
f 9256 9334 9253
f 9332 9334 9256
f 9257 9332 9256
f 9335 9332 9257
f 9261 9335 9257
f 9512 9335 9261
f 10738 9335 9512
f 9333 9335 10738
f 9342 9341 10739
f 10740 9342 10739
f 9345 9342 10740
f 9348 9345 10740
f 10741 9348 10740
f 9350 9348 10741
f 9265 9350 10741
f 9264 9350 9265
f 9349 9350 9264
f 9353 9349 9264
f 9267 9353 9264
f 9508 9353 9267
f 9277 9353 9508
f 9352 9353 9277
f 9278 9352 9277
f 9354 9352 9278
f 9368 9354 9278
f 9364 9354 9368
f 9363 9354 9364
f 9145 9213 9209
f 9208 9145 9209
f 9146 9145 9208
f 9150 9213 9145
f 9153 9213 9150
f 9214 9213 9153
f 9155 9214 9153
f 9217 9214 9155
f 9157 9217 9155
f 9160 9217 9157
f 9218 9217 9160
f 9161 9218 9160
f 9221 9218 9161
f 9162 9221 9161
f 9223 9221 9162
f 9226 9223 9162
f 9163 9226 9162
f 9228 9226 9163
f 9164 9228 9163
f 9230 9228 9164
f 9166 9230 9164
f 9232 9230 9166
f 9170 9232 9166
f 9178 9232 9170
f 9234 9232 9178
f 9179 9234 9178
f 9235 9234 9179
f 9181 9235 9179
f 9188 9235 9181
f 9237 9235 9188
f 9189 9237 9188
f 9239 9237 9189
f 9192 9239 9189
f 9238 9239 9192
f 9242 9238 9192
f 9193 9242 9192
f 9244 9242 9193
f 9247 9244 9193
f 9194 9247 9193
f 9197 9247 9194
f 10742 9208 9206
f 9146 9208 10742
f 10743 9148 9149
f 9151 9148 10743
f 10744 9151 10743
f 9152 9151 10744
f 9513 9152 10744
f 9154 9152 9513
f 9096 9154 9513
f 9156 9154 9096
f 9097 9156 9096
f 9158 9156 9097
f 9165 9158 9097
f 9098 9165 9097
f 9168 9165 9098
f 9100 9168 9098
f 9104 9168 9100
f 9167 9168 9104
f 9106 9167 9104
f 9169 9167 9106
f 9171 9169 9106
f 9108 9171 9106
f 9173 9171 9108
f 9110 9173 9108
f 9175 9173 9110
f 9112 9175 9110
f 9176 9175 9112
f 9116 9176 9112
f 9118 9176 9116
f 9120 9176 9118
f 9174 9176 9120
f 9122 9174 9120
f 9177 9174 9122
f 9180 9177 9122
f 9183 9180 9122
f 9123 9183 9122
f 9184 9183 9123
f 9125 9184 9123
f 9128 9184 9125
f 9185 9184 9128
f 9129 9185 9128
f 9187 9185 9129
f 9190 9187 9129
f 9130 9190 9129
f 9133 9190 9130
f 9191 9190 9133
f 9195 9191 9133
f 9134 9195 9133
f 9137 9195 9134
f 9196 9195 9137
f 9143 9196 9137
f 9199 9196 9143
f 10745 9199 9143
f 9200 9199 10745
f 9041 9101 9102
f 9039 9041 9102
f 9515 9039 9102
f 9094 9515 9102
f 9516 9515 9094
f 9093 9516 9094
f 9090 9026 9088
f 9023 9026 9090
f 9021 9023 9090
f 9089 9021 9090
f 9018 9021 9089
f 9017 9018 9089
f 9086 9017 9089
f 9087 9017 9086
f 9014 9017 9087
f 9013 9014 9087
f 9079 9013 9087
f 9078 9013 9079
f 9012 9013 9078
f 9075 9012 9078
f 9010 9012 9075
f 9071 9010 9075
f 9009 9010 9071
f 9069 9009 9071
f 9006 9009 9069
f 9068 9006 9069
f 9005 9006 9068
f 9002 9005 9068
f 9066 9002 9068
f 9001 9002 9066
f 9063 9001 9066
f 9060 9001 9063
f 8999 9001 9060
f 9058 8999 9060
f 8997 8999 9058
f 9057 8997 9058
f 8994 8997 9057
f 9054 8994 9057
f 9052 8994 9054
f 8993 8994 9052
f 9049 8993 9052
f 9048 8993 9049
f 8991 8993 9048
f 9047 8991 9048
f 8984 8991 9047
f 8983 8984 9047
f 9044 8983 9047
f 9042 8983 9044
f 8981 8983 9042
f 9040 8981 9042
f 8979 8981 9040
f 9036 8979 9040
f 8975 8979 9036
f 9038 8975 9036
f 8976 8975 9038
f 9033 8972 9035
f 8971 8972 9033
f 9032 8971 9033
f 8966 8971 9032
f 8965 8966 9032
f 9027 8965 9032
f 9029 8965 9027
f 8964 8965 9029
f 9043 9101 9041
f 9103 9101 9043
f 9045 9103 9043
f 9050 9103 9045
f 9105 9103 9050
f 9051 9105 9050
f 9107 9105 9051
f 9053 9107 9051
f 9109 9107 9053
f 9055 9109 9053
f 9111 9109 9055
f 9114 9111 9055
f 9056 9114 9055
f 9059 9114 9056
f 9115 9114 9059
f 9061 9115 9059
f 9117 9115 9061
f 9062 9117 9061
f 9119 9117 9062
f 9064 9119 9062
f 9121 9119 9064
f 9124 9121 9064
f 9065 9124 9064
f 9126 9124 9065
f 9067 9126 9065
f 9070 9126 9067
f 9127 9126 9070
f 9131 9127 9070
f 9072 9131 9070
f 9073 9131 9072
f 9132 9131 9073
f 9135 9132 9073
f 9074 9135 9073
f 9076 9135 9074
f 9082 9135 9076
f 9136 9135 9082
f 9139 9136 9082
f 9083 9139 9082
f 9140 9139 9083
f 9514 9140 9083
f 9142 9141 10746
f 9144 9142 10746
f 8973 10747 8974
f 10748 10747 8973
f 8970 10748 8973
f 8958 10748 8970
f 10749 10748 8958
f 8960 10749 8958
f 8982 8980 10750
f 10751 8982 10750
f 8985 8982 10751
f 8893 8989 9586
f 8895 8989 8893
f 8988 8989 8895
f 8896 8988 8895
f 8990 8988 8896
f 8992 8990 8896
f 8996 8992 8896
f 8898 8996 8896
f 8899 8996 8898
f 8903 8996 8899
f 8995 8996 8903
f 8998 8995 8903
f 8905 8998 8903
f 9000 8998 8905
f 9003 9000 8905
f 8906 9003 8905
f 8909 9003 8906
f 9004 9003 8909
f 8912 9004 8909
f 9007 9004 8912
f 8914 9007 8912
f 9008 9007 8914
f 9011 9008 8914
f 8915 9011 8914
f 9015 9011 8915
f 8916 9015 8915
f 8922 9015 8916
f 9016 9015 8922
f 9019 9016 8922
f 8923 9019 8922
f 8927 9019 8923
f 9020 9019 8927
f 8929 9020 8927
f 9519 9020 8929
f 9022 9020 9519
f 10370 9022 9519
f 9024 9022 10370
f 3560 8904 8901
f 8902 3560 8901
f 3557 3560 8902
f 3556 3557 8902
f 8900 3556 8902
f 8889 3556 8900
f 8888 3556 8889
f 3554 3556 8888
f 8886 3554 8888
f 3549 3554 8886
f 8885 3549 8886
f 3547 3549 8885
f 10752 3547 8885
f 8884 10752 8885
f 8908 8904 3560
f 3561 8908 3560
f 3563 8908 3561
f 8907 8908 3563
f 3565 8907 3563
f 8910 8907 3565
f 3567 8910 3565
f 8911 8910 3567
f 3568 8911 3567
f 8913 8911 3568
f 8917 8913 3568
f 3569 8917 3568
f 8919 8917 3569
f 3576 8919 3569
f 8920 8919 3576
f 3580 8920 3576
f 3582 8920 3580
f 8921 8920 3582
f 8924 8921 3582
f 8926 8924 3582
f 3583 8926 3582
f 9591 8926 3583
f 3595 8926 9591
f 8925 8926 3595
f 8928 8925 3595
f 9249 9197 9198
f 9201 9249 9198
f 9251 9249 9201
f 9254 9251 9201
f 9202 9254 9201
f 9255 9254 9202
f 9259 9255 9202
f 9203 9259 9202
f 10753 9259 9203
f 9260 9259 10753
f 9263 9260 10753
f 9247 9197 9249
f 3598 8936 8932
f 8931 3598 8932
f 3596 3598 8931
f 3595 3596 8931
f 3599 8936 3598
f 8938 8936 3599
f 8941 8938 3599
f 3600 8941 3599
f 8944 8941 3600
f 8948 8944 3600
f 3601 8948 3600
f 9587 8948 3601
f 10387 8948 9587
f 10754 8870 8869
f 10755 8870 10754
f 8876 8870 10755
f 10756 8876 10755
f 8878 8876 10756
f 8880 8878 10756
f 2993 3135 3134
f 2995 3135 2993
f 3138 3135 2995
f 3141 3138 2995
f 2999 3141 2995
f 2996 2999 2995
f 2997 2992 2994
f 10757 2997 2994
f 2881 2997 10757
f 2882 2881 10757
f 2783 2888 2886
f 2781 2783 2886
f 2884 2781 2886
f 2780 2781 2884
f 2883 2780 2884
f 2775 2780 2883
f 2893 2888 2783
f 2784 2893 2783
f 10758 2761 2760
f 2766 10758 2760
f 2768 10759 2766
f 2771 10759 2768
f 10760 2270 2269
f 2262 2171 2265
f 2169 2171 2262
f 2260 2169 2262
f 2166 2169 2260
f 2257 2166 2260
f 2256 2166 2257
f 2164 2166 2256
f 2254 2164 2256
f 2163 2164 2254
f 2251 2163 2254
f 2248 2163 2251
f 2161 2163 2248
f 2247 2161 2248
f 2159 2161 2247
f 2158 2159 2247
f 2244 2158 2247
f 2241 2158 2244
f 2157 2158 2241
f 2239 2157 2241
f 2155 2157 2239
f 2238 2155 2239
f 2151 2155 2238
f 2149 2151 2238
f 2237 2149 2238
f 2274 2270 10760
f 9806 2274 10760
f 2176 2274 9806
f 2275 2274 2176
f 2278 2275 2176
f 2177 2278 2176
f 2280 2278 2177
f 2179 2280 2177
f 2282 2280 2179
f 10761 2282 2179
f 2180 10761 2179
f 4871 4873 10762
f 10763 4871 10762
f 10764 4871 10763
f 4869 4871 10764
f 10765 4869 10764
f 4866 4869 10765
f 4865 4866 10765
f 10531 10723 10766
f 10723 10767 10766
f 6647 10768 6650
f 6646 10768 6647
f 10766 10767 10769
f 6820 6817 6724
f 7017 6820 6724
f 1827 9810 1828
f 9812 9810 1827
f 10767 10770 10769
f 10769 10770 10771
f 5331 10772 5332
f 10773 10772 5331
f 5335 10773 5331
f 1772 1773 10774
f 10775 1772 10774
f 10327 1772 10775
f 9664 9730 10776
f 9662 9664 10776
f 9664 10652 9726
f 4016 4023 4019
f 6325 7026 6338
f 2027 2034 2028
f 1567 1383 1565
f 10526 9815 9816
f 8949 8948 10387
f 8931 8928 3595
f 9354 9363 9357
f 3740 3632 3744
f 10669 1383 1567
f 2021 2027 2028
f 10356 9755 9754
f 62 29 65
f 7060 7140 7045
f 7793 7734 7797
f 6614 6627 6622
f 6439 10409 6447
f 6338 10411 6325
f 6339 6338 10411
f 10777 10778 10779
f 10780 10779 10778
f 10781 10779 10780
f 10782 10781 10780
f 10783 10782 10780
f 10784 10783 10780
f 10785 10783 10784
f 10786 10785 10784
f 10787 10786 10784
f 10788 10786 10787
f 10789 10788 10787
f 10790 10789 10787
f 10791 10789 10790
f 10792 10791 10790
f 10793 10792 10790
f 10794 10793 10790
f 10795 10793 10794
f 10796 10795 10794
f 10797 10798 10799
f 10800 10797 10799
f 10801 10800 10799
f 10802 10800 10801
f 10803 10802 10801
f 10804 10802 10803
f 10805 10804 10803
f 10806 10804 10805
f 10807 10806 10805
f 10808 10807 10805
f 10809 10807 10808
f 10810 10809 10808
f 10811 10809 10810
f 10812 10811 10810
f 10813 10812 10810
f 10814 10812 10813
f 10815 10814 10813
f 10816 10814 10815
f 10817 10816 10815
f 10818 10817 10815
f 10819 10817 10818
f 10820 10819 10818
f 10821 10820 10818
f 10822 10820 10821
f 10823 10822 10821
f 10824 10822 10823
f 10825 10824 10823
f 10826 10825 10823
f 10827 10825 10826
f 10828 10827 10826
f 10828 10829 10827
f 10830 10831 10829
f 10832 10830 10829
f 10833 10830 10832
f 10834 10833 10832
f 10835 10834 10832
f 10836 10833 10834
f 10837 10836 10834
f 10838 10836 10837
f 10839 10838 10837
f 10840 10839 10837
f 10841 10839 10840
f 10842 10841 10840
f 10843 10841 10842
f 10844 10843 10842
f 10845 10844 10842
f 10846 10844 10845
f 10847 10846 10845
f 10848 10846 10847
f 10849 10848 10847
f 10850 10848 10849
f 10851 10850 10849
f 10852 10850 10851
f 10853 10850 10852
f 10854 10853 10852
f 10855 10854 10852
f 10856 10854 10855
f 10857 10856 10855
f 10858 10857 10855
f 10859 10857 10858
f 10860 10859 10858
f 10861 10859 10860
f 10862 10861 10860
f 10863 10861 10862
f 10864 10863 10862
f 10865 10863 10864
f 10866 10865 10864
f 10867 10866 10864
f 10868 10867 10864
f 10869 10867 10868
f 10870 10869 10868
f 10871 10870 10868
f 10872 10871 10868
f 10873 10869 10870
f 10874 10869 10873
f 10875 10874 10873
f 10876 10875 10873
f 10877 10875 10876
f 10878 10875 10877
f 10879 10880 10881
f 10882 10879 10881
f 10883 10879 10882
f 10884 10879 10883
f 10885 10884 10883
f 10886 10885 10883
f 10887 10885 10886
f 10888 10887 10886
f 10889 10887 10888
f 10890 10889 10888
f 10891 10889 10890
f 10892 10889 10891
f 10893 10892 10891
f 10894 10893 10891
f 10895 10893 10894
f 10896 10895 10894
f 10897 10898 10899
f 10900 10897 10899
f 10901 10897 10900
f 10902 10901 10900
f 10903 10902 10900
f 10904 10902 10903
f 10905 10904 10903
f 10906 10905 10903
f 10907 10905 10906
f 10908 10905 10907
f 10909 10908 10907
f 10910 10908 10909
f 10911 10910 10909
f 10912 10910 10911
f 10913 10912 10911
f 10914 10913 10911
f 10915 10913 10914
f 10916 10915 10914
f 10917 10916 10914
f 10911 10917 10914
f 10918 10916 10917
f 10919 10916 10918
f 10920 10919 10918
f 10921 10919 10920
f 10922 10921 10920
f 10923 10921 10922
f 10924 10919 10921
f 10925 10924 10921
f 10926 10919 10924
f 10916 10919 10926
f 10915 10916 10926
f 10927 10913 10915
f 10928 10913 10927
f 10929 10928 10927
f 10930 10929 10927
f 10931 10929 10930
f 10932 10931 10930
f 10933 10932 10930
f 10927 10933 10930
f 10934 10935 10936
f 10937 10935 10934
f 10938 10939 10940
f 10941 10938 10940
f 10942 10938 10941
f 10943 10938 10942
f 10944 10938 10943
f 10939 10938 10944
f 10929 10931 10944
f 10943 10929 10944
f 10928 10929 10943
f 10912 10913 10928
f 10943 10912 10928
f 10942 10912 10943
f 10910 10912 10942
f 10941 10910 10942
f 10908 10910 10941
f 10905 10908 10945
f 10904 10905 10945
f 10937 10904 10945
f 10934 10904 10937
f 10902 10904 10934
f 10901 10902 10934
f 10936 10901 10934
f 10946 10901 10936
f 10897 10901 10946
f 10898 10897 10946
f 10892 10893 10932
f 10933 10892 10932
f 10889 10892 10933
f 10887 10889 10933
f 10927 10887 10933
f 10915 10887 10927
f 10885 10887 10915
f 10926 10885 10915
f 10884 10885 10926
f 10924 10884 10926
f 10925 10884 10924
f 10879 10884 10925
f 10880 10879 10925
f 10947 10948 10949
f 10950 10947 10949
f 10951 10947 10950
f 10952 10951 10950
f 10953 10952 10950
f 10954 10951 10952
f 10955 10954 10952
f 10956 10954 10955
f 10957 10954 10956
f 10958 10957 10956
f 10959 10958 10956
f 10960 10959 10956
f 10961 10959 10960
f 10962 10959 10961
f 10963 10959 10962
f 10964 10963 10962
f 10965 10964 10962
f 10966 10964 10965
f 10967 10964 10966
f 10968 10967 10966
f 10969 10968 10966
f 10970 10968 10969
f 10971 10970 10969
f 10972 10970 10971
f 10973 10972 10971
f 10974 10970 10972
f 10975 10974 10972
f 10976 10974 10975
f 10977 10976 10975
f 10978 10976 10977
f 10979 10978 10977
f 10980 10979 10977
f 10981 10979 10980
f 10982 10981 10980
f 10983 10984 10982
f 10980 10983 10982
f 10977 10983 10980
f 10985 10984 10983
f 10986 10985 10983
f 10987 10985 10986
f 10988 10987 10986
f 10989 10987 10988
f 10990 10989 10988
f 10991 10989 10990
f 10992 10991 10990
f 10993 10991 10992
f 10994 10993 10992
f 10995 10994 10992
f 10996 10993 10994
f 10997 10996 10994
f 10998 10993 10996
f 10999 10998 10996
f 11000 10998 10999
f 11001 11000 10999
f 11002 11001 10999
f 10996 11002 10999
f 11003 11002 10996
f 10997 11003 10996
f 11004 11003 10997
f 11005 11004 10997
f 10994 11005 10997
f 11006 11004 11005
f 11007 11004 11006
f 11008 11007 11006
f 11009 11010 11011
f 11012 11009 11011
f 11013 11009 11012
f 11014 11013 11012
f 11015 11013 11014
f 11016 11015 11014
f 11017 11016 11014
f 11018 11013 11015
f 11019 11018 11015
f 11020 11019 11015
f 11021 11018 11019
f 11022 11018 11021
f 11023 11022 11021
f 11024 11023 11021
f 11025 11023 11024
f 11022 11023 11025
f 11026 11022 11025
f 11027 11026 11025
f 11028 11026 11027
f 11029 11028 11027
f 11030 11029 11027
f 11031 11030 11027
f 11025 11031 11027
f 11032 11031 11025
f 11033 11032 11025
f 11034 11032 11033
f 11035 11034 11033
f 11036 11035 11033
f 11037 11034 11035
f 11038 11037 11035
f 11039 11037 11038
f 11040 11041 11038
f 11042 11041 11040
f 11043 11044 11045
f 11046 11044 11043
f 11047 11046 11043
f 11048 11046 11047
f 11049 11050 11051
f 11052 11050 11049
f 11053 11052 11049
f 11054 11052 11053
f 11055 11054 11053
f 11056 11054 11055
f 11057 11056 11055
f 11058 11056 11057
f 11059 11058 11057
f 11060 11054 11056
f 11061 11054 11060
f 11062 11061 11060
f 11063 11061 11062
f 11064 11063 11062
f 11065 11064 11062
f 11066 11064 11065
f 11067 11066 11065
f 11068 11066 11067
f 11069 11068 11067
f 11070 11068 11069
f 11071 11070 11069
f 11072 11071 11069
f 11073 11072 11069
f 11074 11070 11071
f 11075 11070 11074
f 11076 11070 11075
f 11077 11076 11075
f 11078 11076 11077
f 11079 11078 11077
f 11080 11078 11079
f 11081 11080 11079
f 11082 11080 11081
f 11083 11082 11081
f 11084 11082 11083
f 11085 11082 11084
f 11086 11085 11084
f 11087 11085 11086
f 11080 11082 11085
f 11088 11078 11080
f 11076 11078 11088
f 11068 11070 11076
f 11088 11068 11076
f 11088 11066 11068
f 11080 11066 11088
f 11085 11066 11080
f 11064 11066 11085
f 11087 11064 11085
f 11063 11064 11087
f 11089 11063 11087
f 11086 11089 11087
f 11061 11063 11089
f 11052 11054 11061
f 11050 11052 11061
f 11089 11050 11061
f 11034 11037 11039
f 11090 11022 11026
f 11018 11022 11090
f 11013 11018 11090
f 11009 11013 11090
f 11003 11004 11007
f 10991 10993 10998
f 11000 10991 10998
f 11091 10970 10974
f 10976 11091 10974
f 10968 10970 11091
f 10958 10959 10963
f 10951 10954 10957
f 10795 10792 10793
f 11086 11092 11089
f 11084 11092 11086
f 11077 11093 11079
f 11094 11093 11077
f 11075 11094 11077
f 11034 11039 11073
f 11032 11034 11073
f 11031 11032 11073
f 11030 11031 11073
f 11069 11030 11073
f 11067 11030 11069
f 11065 11030 11067
f 11029 11030 11065
f 11062 11029 11065
f 11060 11029 11062
f 11028 11029 11060
f 11056 11028 11060
f 11058 11028 11056
f 11059 11028 11058
f 11026 11028 11059
f 11090 11026 11059
f 11009 11090 11059
f 11010 11009 11059
f 11057 11010 11059
f 11095 11010 11057
f 11055 11095 11057
f 11053 11095 11055
f 11049 11008 11053
f 11007 11008 11049
f 11051 11007 11049
f 11003 11007 11051
f 11002 11003 11051
f 11096 11002 11051
f 11097 11002 11096
f 11001 11002 11097
f 11047 11000 11048
f 10991 11000 11047
f 10989 10991 11047
f 11043 10989 11047
f 10987 10989 11043
f 11045 10987 11043
f 10985 10987 11045
f 10984 10985 11045
f 11040 10981 11042
f 10979 10981 11040
f 10978 10979 11040
f 11035 11040 11038
f 10978 11040 11035
f 11036 10978 11035
f 10976 10978 11036
f 11091 10976 11036
f 11024 11033 11025
f 11036 11033 11024
f 11091 11036 11024
f 10968 11091 11024
f 10967 10968 11024
f 11021 10967 11024
f 11019 10967 11021
f 10964 10967 11019
f 11020 10964 11019
f 10963 10964 11020
f 10958 10963 11020
f 11015 10958 11020
f 11016 10958 11015
f 10957 10958 11016
f 11017 10957 11016
f 10951 10957 11017
f 10947 10951 11017
f 10948 10947 11017
f 11014 10948 11017
f 11012 10948 11014
f 11005 10878 11006
f 10875 10878 11005
f 10874 10875 11005
f 10994 10874 11005
f 10995 10874 10994
f 10869 10874 10995
f 10867 10869 10995
f 10866 10867 10995
f 10992 10866 10995
f 10990 10866 10992
f 10865 10866 10990
f 10988 10865 10990
f 10975 10983 10977
f 10986 10983 10975
f 10988 10986 10975
f 10865 10988 10975
f 10972 10865 10975
f 10973 10865 10972
f 10863 10865 10973
f 10861 10863 10973
f 10859 10861 10973
f 10971 10859 10973
f 10857 10859 10971
f 10969 10857 10971
f 10856 10857 10969
f 10966 10856 10969
f 10965 10856 10966
f 10854 10856 10965
f 10872 10868 10864
f 10862 10872 10864
f 10965 10853 10854
f 10962 10853 10965
f 10961 10853 10962
f 10850 10853 10961
f 10848 10850 10961
f 10960 10848 10961
f 10846 10848 10960
f 10956 10846 10960
f 10955 10846 10956
f 10844 10846 10955
f 10952 10844 10955
f 10953 10844 10952
f 10843 10844 10953
f 10860 10798 10797
f 10862 10860 10797
f 10872 10862 10797
f 10800 10872 10797
f 10871 10872 10800
f 10802 10871 10800
f 10804 10871 10802
f 10870 10871 10804
f 10806 10870 10804
f 10873 10870 10806
f 10876 10873 10806
f 10807 10876 10806
f 10809 10876 10807
f 10847 11098 10849
f 10796 11098 10847
f 10845 10796 10847
f 10795 10796 10845
f 10842 10795 10845
f 10792 10795 10842
f 10840 10792 10842
f 10791 10792 10840
f 10837 10791 10840
f 10834 10791 10837
f 10835 10791 10834
f 10789 10791 10835
f 10809 10877 10876
f 10812 10881 10811
f 10882 10881 10812
f 10814 10882 10812
f 10883 10882 10814
f 10886 10883 10814
f 10816 10886 10814
f 10888 10886 10816
f 10890 10888 10816
f 10817 10890 10816
f 10891 10890 10817
f 10894 10891 10817
f 10819 10894 10817
f 10896 10894 10819
f 10820 11099 10819
f 10822 11099 10820
f 11100 11099 10822
f 10824 11100 10822
f 10830 10899 10831
f 10900 10899 10830
f 10833 10900 10830
f 10903 10900 10833
f 10906 10903 10833
f 10836 10906 10833
f 10907 10906 10836
f 10838 10907 10836
f 10909 10907 10838
f 10911 10909 10838
f 10917 10911 10838
f 10839 10917 10838
f 10918 10917 10839
f 10841 10918 10839
f 10920 10918 10841
f 10843 10920 10841
f 10922 10920 10843
f 10953 10922 10843
f 10950 10922 10953
f 10923 10922 10950
f 10949 10923 10950
f 10921 10923 11101
f 10925 10921 11101
f 10880 10925 11101
f 10777 10803 10801
f 10799 10777 10801
f 10778 10777 10799
f 10779 10803 10777
f 10781 10803 10779
f 10805 10803 10781
f 10808 10805 10781
f 10782 10808 10781
f 10810 10808 10782
f 10813 10810 10782
f 10783 10813 10782
f 10815 10813 10783
f 10785 10815 10783
f 10818 10815 10785
f 10821 10818 10785
f 10786 10821 10785
f 10823 10821 10786
f 10826 10823 10786
f 10788 10826 10786
f 10828 10826 10788
f 10789 10828 10788
f 10835 10828 10789
f 10832 10828 10835
f 10829 10828 10832
f 10787 10780 10778
f 10784 10780 10787
f 10794 10790 10787
f 11102 10794 10787
f 10778 11102 10787
f 11103 11102 10778
f 10799 11103 10778
f 11104 11105 11106
f 11107 11104 11106
f 11108 11107 11106
f 11109 11108 11106
f 11104 11110 11105
f 11111 11110 11104
f 11112 11111 11104
f 11113 11112 11104
f 11107 11113 11104
f 11114 11113 11107
f 11115 11114 11107
f 11116 11115 11107
f 11108 11116 11107
f 11117 11116 11108
f 11118 11117 11108
f 11109 11118 11108
f 11119 11118 11109
f 11120 11121 11110
f 11111 11120 11110
f 11122 11120 11111
f 11112 11122 11111
f 11123 11122 11112
f 11124 11123 11112
f 11113 11124 11112
f 11125 11123 11124
f 11126 11125 11124
f 11127 11126 11124
f 11128 11126 11127
f 11129 11128 11127
f 11130 11129 11127
f 11131 11130 11127
f 11132 11130 11131
f 11133 11132 11131
f 11134 11133 11131
f 11135 11133 11134
f 11136 11135 11134
f 11137 11135 11136
f 11138 11137 11136
f 11139 11138 11136
f 11140 11138 11139
f 11141 11138 11140
f 11142 11141 11140
f 11143 11142 11140
f 11144 11142 11143
f 11145 11144 11143
f 11146 11144 11145
f 11147 11146 11145
f 11148 11146 11147
f 11149 11148 11147
f 11150 11149 11147
f 11151 11149 11150
f 11152 11149 11151
f 11153 11152 11151
f 11154 11153 11151
f 11155 11153 11154
f 11156 11155 11154
f 11157 11156 11154
f 11158 11157 11154
f 11159 11157 11160
f 11161 11159 11160
f 11162 11159 11161
f 11163 11162 11161
f 11164 11163 11161
f 11165 11164 11161
f 11166 11164 11165
f 11167 11166 11165
f 11168 11166 11167
f 11169 11168 11167
f 11170 11168 11169
f 11171 11170 11169
f 11172 11170 11171
f 11173 11170 11172
f 11174 11173 11172
f 11175 11173 11174
f 11176 11175 11174
f 11177 11175 11176
f 11178 11177 11176
f 11179 11177 11178
f 11180 11179 11178
f 11181 11180 11178
f 11182 11180 11181
f 11183 11182 11181
f 11184 11182 11183
f 11185 11184 11183
f 11186 11185 11183
f 11187 11186 11183
f 11188 11186 11187
f 11189 11188 11187
f 11190 11188 11189
f 11191 11190 11189
f 11192 11190 11191
f 11193 11192 11191
f 11194 11192 11193
f 11195 11194 11193
f 11196 11195 11193
f 11197 11195 11196
f 11198 11197 11196
f 11199 11198 11196
f 11193 11199 11196
f 11200 11199 11193
f 11191 11200 11193
f 11201 11200 11191
f 11202 11199 11200
f 11203 11202 11200
f 11204 11203 11200
f 11205 11204 11200
f 11206 11207 11208
f 11209 11207 11206
f 11210 11209 11206
f 11211 11210 11206
f 11212 11211 11206
f 11213 11211 11212
f 11214 11213 11212
f 11215 11213 11214
f 11216 11215 11214
f 11217 11216 11214
f 11218 11216 11217
f 11219 11218 11217
f 11220 11218 11219
f 11221 11220 11219
f 11222 11221 11219
f 11217 11222 11219
f 11223 11221 11222
f 11224 11223 11222
f 11225 11223 11224
f 11226 11225 11224
f 11227 11226 11224
f 11228 11226 11227
f 11229 11228 11227
f 11230 11229 11227
f 11231 11229 11230
f 11232 11231 11230
f 11233 11231 11232
f 11234 11233 11232
f 11235 11234 11232
f 11236 11234 11235
f 11237 11236 11235
f 11238 11236 11237
f 11239 11238 11237
f 11240 11238 11239
f 11241 11240 11239
f 11242 11241 11239
f 11243 11240 11241
f 11244 11240 11243
f 11245 11240 11244
f 11246 11245 11244
f 11247 11246 11244
f 11248 11245 11246
f 11238 11240 11245
f 11236 11238 11245
f 11248 11236 11245
f 11234 11236 11248
f 11249 11234 11248
f 11233 11234 11249
f 11250 11233 11249
f 11251 11250 11249
f 11252 11251 11253
f 11254 11251 11252
f 11255 11254 11252
f 11256 11255 11252
f 11257 11255 11256
f 11258 11257 11256
f 11259 11257 11258
f 11260 11259 11258
f 11261 11259 11260
f 11262 11261 11260
f 11263 11261 11262
f 11264 11263 11262
f 11265 11264 11262
f 11266 11264 11265
f 11267 11266 11265
f 11268 11266 11267
f 11269 11268 11267
f 11270 11268 11269
f 11271 11268 11270
f 11272 11273 11274
f 11275 11273 11272
f 11276 11273 11275
f 11277 11276 11275
f 11278 11276 11277
f 11279 11278 11277
f 11280 11278 11279
f 11281 11280 11279
f 11282 11278 11280
f 11283 11282 11280
f 11284 11283 11280
f 11285 11283 11284
f 11286 11285 11284
f 11287 11286 11284
f 11288 11287 11284
f 11289 11287 11288
f 11290 11289 11288
f 11291 11290 11288
f 11292 11290 11291
f 11293 11292 11291
f 11294 11293 11291
f 11295 11293 11294
f 11296 11293 11295
f 11297 11293 11296
f 11298 11297 11296
f 11299 11297 11298
f 11300 11299 11298
f 11301 11299 11300
f 11302 11301 11300
f 11303 11301 11302
f 11304 11303 11302
f 11305 11303 11304
f 11306 11307 11308
f 11309 11307 11306
f 11310 11309 11306
f 11311 11309 11310
f 11312 11311 11310
f 11313 11311 11312
f 11314 11313 11312
f 11315 11313 11314
f 11316 11315 11314
f 11317 11316 11314
f 11318 11316 11317
f 11319 11318 11317
f 11320 11321 11322
f 11323 11321 11320
f 11324 11323 11320
f 11325 11323 11324
f 11326 11325 11324
f 11327 11326 11324
f 11328 11325 11326
f 11329 11325 11328
f 11330 11329 11328
f 11331 11332 11333
f 11334 11332 11331
f 11335 11334 11331
f 11325 11329 11336
f 11323 11325 11336
f 11337 11323 11336
f 11321 11323 11337
f 11316 11318 11338
f 11315 11316 11338
f 11335 11315 11338
f 11331 11315 11335
f 11313 11315 11331
f 11333 11313 11331
f 11311 11313 11333
f 11339 11311 11333
f 11309 11311 11339
f 11340 11309 11339
f 11307 11309 11340
f 11328 11303 11330
f 11301 11303 11328
f 11326 11301 11328
f 11299 11301 11326
f 11327 11299 11326
f 11297 11299 11327
f 11293 11297 11327
f 11292 11293 11327
f 11324 11292 11327
f 11320 11292 11324
f 11290 11292 11320
f 11322 11290 11320
f 11289 11290 11322
f 11287 11289 11319
f 11286 11287 11319
f 11317 11286 11319
f 11285 11286 11317
f 11314 11285 11317
f 11312 11285 11314
f 11283 11285 11312
f 11310 11283 11312
f 11282 11283 11310
f 11306 11282 11310
f 11278 11282 11306
f 11308 11278 11306
f 11276 11278 11308
f 11268 11271 11341
f 11266 11268 11341
f 11264 11266 11342
f 11343 11264 11342
f 11263 11264 11343
f 11250 11251 11254
f 11344 11250 11254
f 11233 11250 11344
f 11231 11233 11344
f 11345 11198 11199
f 11346 11198 11345
f 11347 11346 11345
f 11348 11347 11345
f 11349 11348 11345
f 11350 11349 11345
f 11351 11348 11349
f 11352 11348 11351
f 11353 11348 11352
f 11354 11353 11352
f 11355 11353 11354
f 11347 11348 11353
f 11355 11347 11353
f 11356 11347 11355
f 11357 11356 11355
f 11358 11357 11355
f 11359 11358 11355
f 11354 11359 11355
f 11360 11359 11354
f 11361 11359 11360
f 11362 11361 11360
f 11363 11362 11360
f 11364 11362 11363
f 11365 11364 11363
f 11366 11364 11365
f 11367 11364 11366
f 11368 11367 11366
f 11369 11367 11368
f 11370 11369 11368
f 11371 11372 11373
f 11374 11371 11373
f 11375 11374 11373
f 11376 11374 11375
f 11377 11376 11375
f 11378 11376 11377
f 11379 11376 11378
f 11380 11379 11378
f 11381 11379 11380
f 11382 11379 11381
f 11383 11382 11381
f 11384 11383 11381
f 11385 11383 11384
f 11386 11383 11385
f 11387 11386 11385
f 11388 11387 11385
f 11389 11387 11388
f 11390 11387 11389
f 11391 11390 11389
f 11392 11393 11394
f 11395 11393 11392
f 11396 11395 11392
f 11397 11395 11396
f 11398 11397 11396
f 11399 11393 11395
f 11400 11399 11395
f 11401 11393 11399
f 11399 11402 11401
f 11400 11402 11399
f 11386 11387 11390
f 11379 11374 11376
f 11382 11374 11379
f 11371 11374 11382
f 11364 11367 11403
f 11362 11364 11403
f 11346 11347 11356
f 11197 11198 11346
f 11185 11186 11188
f 11263 11343 11404
f 11305 11263 11404
f 11304 11263 11305
f 11261 11263 11304
f 11302 11261 11304
f 11259 11261 11302
f 11300 11259 11302
f 11257 11259 11300
f 11298 11257 11300
f 11255 11257 11298
f 11296 11255 11298
f 11254 11255 11296
f 11344 11254 11296
f 11295 11344 11296
f 11231 11344 11295
f 11229 11231 11295
f 11294 11229 11295
f 11228 11229 11294
f 11405 11400 11395
f 11397 11405 11395
f 11390 11405 11397
f 11386 11390 11397
f 11398 11386 11397
f 11383 11386 11398
f 11382 11383 11398
f 11371 11382 11398
f 11396 11371 11398
f 11392 11371 11396
f 11372 11371 11392
f 11394 11372 11392
f 11362 11403 11406
f 11361 11362 11406
f 11359 11361 11407
f 11358 11359 11407
f 11408 11358 11407
f 11409 11358 11408
f 11357 11358 11409
f 11391 11357 11409
f 11389 11357 11391
f 11356 11357 11389
f 11388 11356 11389
f 11346 11356 11388
f 11197 11346 11388
f 11385 11197 11388
f 11384 11197 11385
f 11195 11197 11384
f 11194 11195 11384
f 11381 11194 11384
f 11380 11194 11381
f 11192 11194 11380
f 11378 11192 11380
f 11190 11192 11378
f 11188 11190 11378
f 11377 11188 11378
f 11352 11360 11354
f 11363 11360 11352
f 11185 11188 11377
f 11182 11184 11410
f 11180 11182 11410
f 11368 11179 11370
f 11177 11179 11368
f 11366 11177 11368
f 11175 11177 11366
f 11365 11175 11366
f 11173 11175 11365
f 11363 11173 11365
f 11352 11173 11363
f 11351 11173 11352
f 11170 11173 11351
f 11349 11170 11351
f 11168 11170 11349
f 11350 11168 11349
f 11166 11168 11350
f 11164 11166 11350
f 11345 11164 11350
f 11199 11164 11345
f 11163 11164 11199
f 11202 11163 11199
f 11162 11163 11202
f 11288 11284 11280
f 11281 11288 11280
f 11291 11288 11281
f 11294 11291 11281
f 11228 11294 11281
f 11279 11228 11281
f 11226 11228 11279
f 11277 11226 11279
f 11225 11226 11277
f 11275 11225 11277
f 11223 11225 11275
f 11272 11223 11275
f 11221 11223 11272
f 11220 11221 11272
f 11274 11220 11272
f 11270 11220 11274
f 11269 11220 11270
f 11218 11220 11269
f 11267 11218 11269
f 11216 11218 11267
f 11265 11216 11267
f 11215 11216 11265
f 11262 11215 11265
f 11260 11215 11262
f 11213 11215 11260
f 11258 11213 11260
f 11211 11213 11258
f 11210 11211 11258
f 11256 11210 11258
f 11209 11210 11256
f 11252 11209 11256
f 11253 11209 11252
f 11207 11209 11253
f 11203 11204 11247
f 11244 11203 11247
f 11243 11203 11244
f 11202 11203 11243
f 11162 11202 11243
f 11241 11162 11243
f 11159 11162 11241
f 11242 11159 11241
f 11157 11159 11242
f 11156 11157 11242
f 11239 11156 11242
f 11237 11156 11239
f 11155 11156 11237
f 11235 11155 11237
f 11153 11155 11235
f 11232 11153 11235
f 11230 11153 11232
f 11152 11153 11230
f 11227 11152 11230
f 11224 11152 11227
f 11149 11152 11224
f 11148 11149 11224
f 11222 11148 11224
f 11146 11148 11222
f 11150 11154 11151
f 11146 11222 11217
f 11144 11146 11217
f 11214 11144 11217
f 11142 11144 11214
f 11212 11142 11214
f 11141 11142 11212
f 11141 11212 11206
f 11208 11141 11206
f 11411 11141 11208
f 11138 11141 11411
f 11137 11138 11411
f 11135 11137 11412
f 11413 11135 11412
f 11133 11135 11413
f 11205 11133 11413
f 11117 11143 11140
f 11139 11117 11140
f 11116 11117 11139
f 11115 11116 11139
f 11136 11115 11139
f 11134 11115 11136
f 11114 11115 11134
f 11131 11114 11134
f 11113 11114 11131
f 11124 11113 11131
f 11127 11124 11131
f 11118 11143 11117
f 11145 11143 11118
f 11147 11145 11118
f 11119 11147 11118
f 11154 11150 11414
f 11158 11154 11414
f 11161 11160 11415
f 11165 11161 11415
f 11169 11167 11121
f 11120 11169 11121
f 11171 11169 11120
f 11122 11171 11120
f 11172 11171 11122
f 11123 11172 11122
f 11125 11172 11123
f 11174 11172 11125
f 11176 11174 11125
f 11126 11176 11125
f 11128 11176 11126
f 11178 11176 11128
f 11181 11178 11128
f 11129 11181 11128
f 11183 11181 11129
f 11187 11183 11129
f 11130 11187 11129
f 11189 11187 11130
f 11132 11189 11130
f 11191 11189 11132
f 11201 11191 11132
f 11133 11201 11132
f 11205 11201 11133
f 11201 11205 11200
f 11416 11417 11418
f 11419 11418 11417
f 11420 11419 11417
f 11421 11419 11420
f 11422 11421 11420
f 11423 11422 11420
f 11424 11423 11420
f 11425 11424 11420
f 11426 11425 11420
f 11427 11425 11426
f 11428 11427 11426
f 11429 11428 11426
f 11430 11428 11429
f 11431 11428 11430
f 11432 11431 11430
f 11433 11432 11430
f 11434 11432 11433
f 11435 11436 11437
f 11438 11435 11437
f 11439 11435 11438
f 11440 11439 11438
f 11441 11439 11440
f 11442 11441 11440
f 11443 11439 11441
f 11444 11439 11443
f 11445 11444 11443
f 11446 11445 11443
f 11447 11445 11446
f 11448 11447 11446
f 11449 11447 11448
f 11450 11449 11448
f 11451 11450 11448
f 11452 11451 11448
f 11453 11452 11448
f 11454 11453 11448
f 11446 11454 11448
f 11455 11453 11454
f 11456 11455 11454
f 11457 11455 11456
f 11458 11457 11456
f 11459 11458 11456
f 11460 11459 11456
f 11461 11459 11460
f 11462 11459 11461
f 11463 11462 11461
f 11464 11463 11461
f 11465 11463 11464
f 11466 11465 11464
f 11467 11466 11464
f 11468 11465 11466
f 11469 11468 11466
f 11470 11469 11466
f 11471 11469 11470
f 11472 11471 11470
f 11473 11471 11472
f 11474 11473 11472
f 11475 11473 11474
f 11476 11475 11474
f 11477 11476 11474
f 11478 11476 11477
f 11479 11476 11478
f 11480 11479 11478
f 11481 11480 11478
f 11482 11481 11478
f 11483 11481 11482
f 11484 11483 11482
f 11485 11484 11482
f 11486 11484 11485
f 11487 11486 11485
f 11488 11486 11487
f 11489 11488 11487
f 11490 11489 11487
f 11491 11486 11488
f 11492 11491 11488
f 11493 11491 11492
f 11494 11493 11492
f 11495 11494 11492
f 11488 11495 11492
f 11496 11494 11495
f 11497 11494 11496
f 11498 11497 11496
f 11499 11497 11498
f 11500 11499 11498
f 11501 11500 11498
f 11502 11500 11501
f 11503 11502 11501
f 11504 11503 11501
f 11505 11503 11504
f 11506 11505 11504
f 11507 11505 11506
f 11508 11507 11506
f 11509 11508 11510
f 11511 11509 11510
f 11512 11511 11510
f 11513 11511 11512
f 11514 11513 11512
f 11515 11513 11514
f 11516 11515 11514
f 11517 11516 11514
f 11518 11516 11517
f 11519 11516 11518
f 11520 11519 11518
f 11521 11519 11520
f 11522 11521 11520
f 11523 11522 11520
f 11524 11522 11523
f 11525 11524 11523
f 11526 11525 11523
f 11520 11526 11523
f 11527 11525 11526
f 11528 11525 11527
f 11529 11528 11527
f 11530 11528 11529
f 11531 11530 11529
f 11532 11530 11531
f 11533 11532 11531
f 11534 11533 11531
f 11535 11533 11534
f 11536 11535 11534
f 11537 11536 11534
f 11538 11537 11534
f 11539 11537 11538
f 11540 11537 11539
f 11541 11540 11539
f 11542 11541 11539
f 11543 11544 11545
f 11542 11543 11545
f 11546 11544 11543
f 11547 11548 11546
f 11549 11548 11547
f 11550 11549 11547
f 11551 11552 11553
f 11554 11551 11553
f 11555 11551 11554
f 11556 11552 11551
f 11557 11556 11551
f 11558 11556 11557
f 11559 11558 11557
f 11560 11559 11557
f 11561 11559 11560
f 11562 11561 11560
f 11563 11562 11560
f 11564 11562 11563
f 11565 11562 11564
f 11566 11565 11564
f 11567 11566 11564
f 11568 11566 11567
f 11569 11566 11568
f 11570 11569 11568
f 11571 11570 11568
f 11572 11566 11569
f 11573 11572 11569
f 11574 11572 11573
f 11575 11574 11573
f 11576 11575 11573
f 11577 11578 11579
f 11580 11577 11579
f 11581 11577 11580
f 11582 11577 11581
f 11583 11582 11581
f 11584 11582 11583
f 11585 11577 11582
f 11586 11585 11582
f 11587 11585 11586
f 11588 11589 11590
f 11591 11589 11588
f 11592 11589 11591
f 11593 11589 11592
f 11594 11593 11592
f 11578 11577 11585
f 11587 11578 11585
f 11574 11575 11594
f 11592 11574 11594
f 11572 11574 11592
f 11591 11572 11592
f 11566 11572 11591
f 11565 11566 11591
f 11588 11565 11591
f 11595 11565 11588
f 11562 11565 11595
f 11561 11562 11595
f 11596 11552 11556
f 11536 11537 11540
f 11597 11530 11532
f 11598 11597 11532
f 11599 11598 11532
f 11600 11598 11599
f 11601 11598 11600
f 11602 11601 11600
f 11603 11601 11602
f 11604 11603 11602
f 11605 11606 11607
f 11608 11606 11605
f 11609 11608 11605
f 11610 11609 11605
f 11611 11608 11609
f 11612 11608 11611
f 11613 11612 11611
f 11614 11613 11611
f 11615 11613 11614
f 11616 11613 11615
f 11617 11616 11615
f 11618 11616 11617
f 11619 11618 11617
f 11620 11618 11619
f 11621 11620 11619
f 11622 11618 11620
f 11623 11622 11620
f 11624 11623 11620
f 11625 11624 11620
f 11626 11624 11625
f 11627 11626 11625
f 11628 11627 11625
f 11629 11626 11627
f 11630 11629 11627
f 11631 11630 11627
f 11632 11630 11631
f 11633 11632 11631
f 11634 11633 11631
f 11635 11634 11631
f 11636 11634 11635
f 11637 11636 11635
f 11638 11637 11635
f 11639 11637 11638
f 11640 11639 11638
f 11641 11640 11638
f 11642 11639 11640
f 11643 11642 11640
f 11644 11642 11643
f 11645 11642 11644
f 11646 11645 11644
f 11647 11645 11646
f 11648 11645 11647
f 11649 11648 11647
f 11650 11648 11649
f 11651 11650 11649
f 11652 11650 11651
f 11653 11652 11651
f 11654 11652 11653
f 11655 11654 11653
f 11656 11655 11653
f 11657 11654 11655
f 11658 11654 11657
f 11659 11658 11657
f 11660 11661 11662
f 11663 11660 11661
f 11654 11658 11661
f 11664 11652 11654
f 11665 11652 11664
f 11666 11665 11664
f 11667 11666 11664
f 11668 11666 11667
f 11669 11668 11667
f 11670 11669 11667
f 11671 11669 11670
f 11672 11671 11670
f 11673 11671 11672
f 11674 11671 11673
f 11675 11674 11673
f 11676 11674 11675
f 11677 11676 11675
f 11678 11677 11675
f 11679 11678 11675
f 11680 11678 11679
f 11681 11680 11679
f 11682 11681 11679
f 11683 11681 11682
f 11684 11683 11682
f 11685 11683 11684
f 11686 11687 11688
f 11689 11686 11688
f 11690 11686 11689
f 11691 11686 11690
f 11692 11691 11690
f 11693 11692 11690
f 11694 11692 11693
f 11695 11692 11694
f 11696 11692 11695
f 11697 11696 11695
f 11698 11697 11695
f 11694 11698 11695
f 11699 11697 11698
f 11700 11697 11699
f 11701 11700 11699
f 11702 11700 11701
f 11703 11702 11701
f 11704 11703 11701
f 11705 11706 11707
f 11708 11706 11705
f 11709 11708 11705
f 11710 11709 11705
f 11711 11708 11709
f 11712 11711 11709
f 11713 11711 11712
f 11714 11711 11713
f 11715 11711 11714
f 11708 11711 11715
f 11716 11708 11715
f 11717 11718 11719
f 11720 11718 11717
f 11721 11720 11717
f 11706 11708 11716
f 11697 11700 11721
f 11696 11697 11721
f 11717 11696 11721
f 11691 11692 11696
f 11717 11691 11696
f 11719 11691 11717
f 11686 11691 11719
f 11687 11686 11719
f 11712 11722 11713
f 11681 11683 11722
f 11712 11681 11722
f 11680 11681 11712
f 11709 11680 11712
f 11710 11680 11709
f 11678 11680 11710
f 11677 11678 11710
f 11705 11677 11710
f 11707 11677 11705
f 11723 11677 11707
f 11676 11677 11723
f 11724 11676 11723
f 11725 11676 11724
f 11725 11674 11676
f 11726 11674 11725
f 11671 11674 11726
f 11669 11671 11726
f 11704 11669 11726
f 11668 11669 11704
f 11701 11668 11704
f 11666 11668 11701
f 11699 11666 11701
f 11665 11666 11699
f 11698 11665 11699
f 11650 11652 11665
f 11698 11650 11665
f 11648 11650 11698
f 11727 11728 11729
f 11730 11728 11727
f 11731 11730 11727
f 11732 11730 11731
f 11733 11730 11732
f 11734 11728 11730
f 11733 11734 11730
f 11603 11734 11733
f 11601 11603 11733
f 11597 11598 11601
f 11733 11597 11601
f 11732 11597 11733
f 11530 11597 11732
f 11528 11530 11732
f 11731 11528 11732
f 11525 11528 11731
f 11727 11525 11731
f 11524 11525 11727
f 11729 11524 11727
f 11515 11516 11519
f 11484 11486 11491
f 11475 11476 11479
f 11435 11439 11444
f 11735 11428 11431
f 11427 11428 11735
f 11539 11543 11542
f 11648 11698 11694
f 11645 11648 11694
f 11642 11645 11694
f 11693 11642 11694
f 11639 11642 11693
f 11637 11639 11693
f 11690 11637 11693
f 11689 11637 11690
f 11636 11637 11689
f 11688 11636 11689
f 11736 11636 11688
f 11634 11636 11736
f 11737 11634 11736
f 11633 11634 11737
f 11630 11632 11738
f 11739 11630 11738
f 11629 11630 11739
f 11685 11629 11739
f 11684 11629 11685
f 11626 11629 11684
f 11624 11626 11684
f 11682 11624 11684
f 11623 11624 11682
f 11679 11623 11682
f 11622 11623 11679
f 11675 11622 11679
f 11673 11622 11675
f 11672 11622 11673
f 11618 11622 11672
f 11555 11557 11551
f 11560 11557 11555
f 11563 11560 11555
f 11584 11586 11582
f 11590 11586 11584
f 11588 11590 11584
f 11595 11588 11584
f 11561 11595 11584
f 11583 11561 11584
f 11559 11561 11583
f 11581 11559 11583
f 11558 11559 11581
f 11580 11558 11581
f 11740 11558 11580
f 11556 11558 11740
f 11596 11556 11740
f 11540 11541 11741
f 11576 11540 11741
f 11536 11540 11576
f 11573 11536 11576
f 11535 11536 11573
f 11569 11535 11573
f 11570 11535 11569
f 11533 11535 11570
f 11571 11533 11570
f 11532 11533 11571
f 11599 11532 11571
f 11631 11627 11628
f 11635 11631 11628
f 11638 11635 11628
f 11641 11638 11628
f 11621 11625 11620
f 11628 11625 11621
f 11641 11628 11621
f 11450 11538 11534
f 11531 11450 11534
f 11529 11450 11531
f 11449 11450 11529
f 11527 11449 11529
f 11526 11449 11527
f 11447 11449 11526
f 11445 11447 11526
f 11451 11538 11450
f 11539 11538 11451
f 11543 11539 11451
f 11452 11543 11451
f 11546 11543 11452
f 11453 11546 11452
f 11547 11546 11453
f 11455 11547 11453
f 11550 11547 11455
f 11457 11550 11455
f 11458 11553 11457
f 11554 11553 11458
f 11459 11554 11458
f 11462 11554 11459
f 11555 11554 11462
f 11463 11555 11462
f 11465 11555 11463
f 11563 11555 11465
f 11468 11563 11465
f 11564 11563 11468
f 11567 11564 11468
f 11469 11567 11468
f 11568 11567 11469
f 11471 11568 11469
f 11571 11568 11471
f 11473 11571 11471
f 11599 11571 11473
f 11475 11599 11473
f 11600 11599 11475
f 11479 11600 11475
f 11602 11600 11479
f 11480 11602 11479
f 11604 11602 11480
f 11481 11604 11480
f 11442 11440 11418
f 11512 11436 11435
f 11514 11512 11435
f 11517 11514 11435
f 11444 11517 11435
f 11518 11517 11444
f 11445 11518 11444
f 11501 11434 11504
f 11443 11454 11446
f 11460 11456 11454
f 11443 11460 11454
f 11467 11418 11419
f 11442 11418 11467
f 11464 11442 11467
f 11461 11442 11464
f 11460 11442 11461
f 11481 11607 11604
f 11483 11607 11481
f 11605 11607 11483
f 11610 11605 11483
f 11484 11610 11483
f 11491 11610 11484
f 11493 11610 11491
f 11609 11610 11493
f 11611 11609 11493
f 11614 11611 11493
f 11494 11614 11493
f 11497 11614 11494
f 11615 11614 11497
f 11499 11615 11497
f 11617 11615 11499
f 11619 11617 11499
f 11500 11619 11499
f 11621 11619 11500
f 11502 11621 11500
f 11641 11621 11502
f 11640 11641 11502
f 11643 11640 11502
f 11503 11643 11502
f 11505 11643 11503
f 11644 11643 11505
f 11507 11644 11505
f 11646 11644 11507
f 11508 11646 11507
f 11509 11646 11508
f 11647 11646 11509
f 11649 11647 11509
f 11511 11649 11509
f 11651 11649 11511
f 11513 11651 11511
f 11653 11651 11513
f 11656 11653 11513
f 11515 11656 11513
f 11519 11656 11515
f 11521 11656 11519
f 11655 11656 11521
f 11657 11655 11521
f 11522 11657 11521
f 11659 11657 11522
f 11524 11659 11522
f 11729 11659 11524
f 11608 11742 11606
f 11612 11742 11608
f 11613 11662 11612
f 11616 11662 11613
f 11660 11662 11616
f 11663 11660 11616
f 11618 11663 11616
f 11672 11663 11618
f 11670 11663 11672
f 11667 11663 11670
f 11664 11663 11667
f 11485 11482 11478
f 11477 11485 11478
f 11487 11485 11477
f 11472 11421 11422
f 11474 11472 11422
f 11477 11474 11422
f 11423 11477 11422
f 11470 11421 11472
f 11466 11421 11470
f 11467 11421 11466
f 11419 11421 11467
f 11423 11487 11477
f 11490 11487 11423
f 11424 11490 11423
f 11489 11490 11424
f 11425 11489 11424
f 11427 11489 11425
f 11735 11489 11427
f 11426 11420 11417
f 11429 11426 11417
f 11495 11735 11431
f 11496 11495 11431
f 11432 11496 11431
f 11498 11496 11432
f 11434 11498 11432
f 11501 11498 11434
f 11489 11735 11495
f 11488 11489 11495
f 11417 11416 11429
f 11661 11664 11654
f 11518 11526 11520
f 11445 11526 11518
f 11664 11661 11663
f 11460 11441 11442
f 11443 11441 11460
f 11743 11744 11745
f 11746 11745 11744
f 11747 11745 11746
f 11748 11747 11746
f 11749 11748 11746
f 11750 11749 11746
f 11751 11750 11746
f 11744 11751 11746
f 11752 11751 11744
f 11743 11752 11744
f 11753 11752 11743
f 11754 11753 11743
f 11755 11754 11743
f 11756 11754 11755
f 11757 11756 11755
f 11758 11757 11755
f 11759 11758 11755
f 11760 11759 11755
f 11743 11760 11755
f 11745 11760 11743
f 11747 11760 11745
f 11761 11760 11747
f 11748 11761 11747
f 11762 11761 11748
f 11763 11762 11748
f 11749 11763 11748
f 11764 11763 11749
f 11752 11765 11751
f 11766 11765 11752
f 11753 11766 11752
f 11767 11766 11753
f 11768 11767 11753
f 11754 11768 11753
f 11769 11768 11754
f 11756 11769 11754
f 11770 11769 11756
f 11771 11770 11756
f 11757 11771 11756
f 11772 11771 11757
f 11773 11772 11757
f 11758 11773 11757
f 11774 11773 11758
f 11775 11774 11758
f 11759 11775 11758
f 11776 11775 11759
f 11777 11776 11759
f 11760 11777 11759
f 11761 11777 11760
f 11778 11777 11761
f 11762 11778 11761
f 11779 11778 11762
f 11780 11779 11762
f 11763 11780 11762
f 11781 11780 11763
f 11764 11781 11763
f 11782 11781 11764
f 11783 11782 11764
f 11784 11785 11765
f 11766 11784 11765
f 11767 11784 11766
f 11786 11784 11767
f 11787 11786 11767
f 11768 11787 11767
f 11788 11787 11768
f 11769 11788 11768
f 11789 11788 11769
f 11770 11789 11769
f 11790 11789 11770
f 11771 11790 11770
f 11791 11790 11771
f 11772 11791 11771
f 11792 11791 11772
f 11793 11792 11772
f 11773 11793 11772
f 11794 11793 11773
f 11774 11794 11773
f 11795 11794 11774
f 11796 11795 11774
f 11775 11796 11774
f 11797 11796 11775
f 11776 11797 11775
f 11798 11797 11776
f 11799 11798 11776
f 11800 11799 11776
f 11777 11800 11776
f 11778 11800 11777
f 11801 11800 11778
f 11779 11801 11778
f 11802 11801 11779
f 11803 11802 11779
f 11780 11803 11779
f 11804 11803 11780
f 11781 11804 11780
f 11805 11804 11781
f 11782 11805 11781
f 11806 11805 11782
f 11807 11806 11782
f 11783 11807 11782
f 11808 11809 11810
f 11811 11808 11810
f 11812 11813 11785
f 11784 11812 11785
f 11786 11812 11784
f 11814 11812 11786
f 11815 11814 11786
f 11787 11815 11786
f 11816 11815 11787
f 11788 11816 11787
f 11817 11816 11788
f 11789 11817 11788
f 11818 11817 11789
f 11790 11818 11789
f 11819 11818 11790
f 11820 11819 11790
f 11821 11819 11820
f 11822 11821 11820
f 11823 11821 11822
f 11824 11823 11822
f 11825 11824 11822
f 11826 11825 11822
f 11827 11826 11822
f 11828 11826 11827
f 11829 11828 11827
f 11830 11829 11827
f 11831 11829 11830
f 11832 11829 11831
f 11833 11832 11831
f 11834 11833 11831
f 11835 11833 11834
f 11836 11835 11834
f 11837 11835 11836
f 11838 11837 11836
f 11839 11837 11838
f 11840 11839 11838
f 11841 11842 11843
f 11844 11842 11841
f 11845 11842 11844
f 11846 11845 11844
f 11847 11846 11844
f 11848 11846 11847
f 11849 11848 11847
f 11850 11848 11849
f 11851 11850 11849
f 11852 11851 11849
f 11853 11851 11852
f 11854 11853 11852
f 11855 11854 11852
f 11856 11854 11855
f 11857 11854 11856
f 11858 11857 11856
f 11859 11857 11858
f 11860 11859 11858
f 11861 11860 11858
f 11862 11860 11861
f 11863 11862 11861
f 11864 11862 11863
f 11865 11864 11863
f 11866 11864 11865
f 11867 11866 11865
f 11868 11866 11867
f 11869 11868 11867
f 11870 11868 11869
f 11871 11866 11868
f 11872 11871 11868
f 11873 11872 11868
f 11870 11873 11868
f 11874 11873 11870
f 11875 11874 11870
f 11876 11874 11875
f 11877 11876 11875
f 11878 11877 11875
f 11879 11878 11875
f 11880 11879 11875
f 11881 11880 11875
f 11882 11879 11880
f 11883 11882 11880
f 11884 11882 11883
f 11885 11884 11883
f 11886 11884 11885
f 11887 11886 11885
f 11888 11886 11887
f 11889 11888 11887
f 11890 11889 11887
f 11891 11890 11887
f 11892 11890 11891
f 11889 11890 11892
f 11893 11888 11889
f 11894 11888 11893
f 11895 11888 11894
f 11896 11895 11894
f 11897 11896 11894
f 11898 11896 11897
f 11895 11896 11898
f 11899 11895 11898
f 11900 11899 11898
f 11901 11900 11898
f 11902 11901 11898
f 11903 11901 11902
f 11904 11903 11902
f 11905 11904 11902
f 11906 11904 11905
f 11907 11906 11905
f 11908 11906 11907
f 11909 11906 11908
f 11910 11909 11908
f 11911 11910 11908
f 11912 11911 11908
f 11913 11911 11912
f 11914 11909 11910
f 11911 11914 11910
f 11915 11916 11917
f 11918 11916 11915
f 11919 11918 11915
f 11920 11918 11919
f 11921 11918 11920
f 11922 11921 11920
f 11923 11922 11920
f 11924 11922 11923
f 11925 11924 11923
f 11926 11925 11923
f 11927 11925 11926
f 11928 11927 11926
f 11929 11928 11926
f 11930 11928 11929
f 11931 11930 11929
f 11932 11931 11929
f 11933 11931 11932
f 11934 11933 11932
f 11935 11934 11932
f 11936 11933 11934
f 11937 11936 11934
f 11938 11936 11937
f 11939 11938 11937
f 11940 11938 11939
f 11941 11940 11939
f 11942 11940 11941
f 11943 11942 11941
f 11944 11942 11943
f 11945 11944 11943
f 11946 11945 11943
f 11947 11945 11946
f 11948 11945 11947
f 11949 11948 11947
f 11950 11949 11947
f 11951 11949 11950
f 11952 11951 11950
f 11953 11952 11950
f 11954 11952 11953
f 11955 11952 11954
f 11951 11952 11955
f 11956 11951 11955
f 11957 11956 11955
f 11958 11957 11955
f 11959 11957 11958
f 11960 11957 11959
f 11961 11962 11963
f 11964 11962 11961
f 11965 11964 11961
f 11966 11965 11961
f 11967 11965 11966
f 11968 11965 11967
f 11969 11968 11967
f 11970 11969 11967
f 11971 11969 11970
f 11972 11971 11970
f 11973 11972 11970
f 11974 11972 11973
f 11975 11972 11974
f 11976 11975 11974
f 11977 11976 11974
f 11978 11979 11980
f 11981 11979 11978
f 11982 11981 11978
f 11983 11981 11982
f 11984 11983 11982
f 11985 11984 11982
f 11986 11984 11985
f 11987 11986 11985
f 11988 11986 11987
f 11989 11988 11987
f 11990 11988 11989
f 11991 11990 11989
f 11992 11991 11989
f 11993 11992 11989
f 11994 11992 11993
f 11995 11994 11993
f 11996 11994 11995
f 11997 11996 11995
f 11998 11996 11997
f 11999 11998 11997
f 12000 11999 11997
f 12001 12000 11997
f 12002 12000 12001
f 12003 12000 12002
f 12004 12003 12002
f 12005 12003 12004
f 11999 12000 12003
f 12006 11994 11996
f 12007 11994 12006
f 12008 12007 12006
f 12009 12007 12008
f 12010 12009 12008
f 12011 12009 12010
f 12012 12013 12010
f 12014 12013 12012
f 12015 12016 12017
f 12018 12015 12017
f 12019 12015 12018
f 12020 12019 12018
f 12021 12019 12020
f 12022 12021 12020
f 12023 12021 12022
f 12024 12023 12022
f 12025 12024 12022
f 12026 12024 12025
f 12027 12024 12026
f 12028 12027 12026
f 12029 12030 12028
f 12031 12030 12029
f 12032 12031 12029
f 12033 12032 12029
f 12034 12035 12032
f 12033 12034 12032
f 12036 12034 12033
f 12037 12038 12039
f 12040 12037 12039
f 12041 12037 12040
f 12042 12041 12040
f 12043 12037 12041
f 12044 12037 12043
f 12045 12044 12043
f 12046 12044 12045
f 12047 12046 12045
f 12048 12047 12045
f 12038 12037 12044
f 12046 12038 12044
f 11992 11994 12007
f 11956 11957 11960
f 11888 11895 11899
f 11886 11888 11899
f 12049 11853 11854
f 12050 11853 12049
f 12051 12050 12049
f 12052 12051 12049
f 12053 12051 12052
f 12054 12050 12051
f 12055 12050 12054
f 12056 12055 12054
f 12057 12058 12059
f 12060 12058 12057
f 12061 12060 12057
f 12062 12061 12057
f 12063 12062 12057
f 12064 12062 12063
f 12065 12062 12064
f 12066 12065 12064
f 12067 12065 12066
f 12068 12067 12066
f 12069 12068 12066
f 12070 12068 12069
f 12071 12068 12070
f 12072 12073 12074
f 12075 12073 12072
f 12068 12071 12076
f 12067 12068 12076
f 12077 12067 12076
f 12078 12067 12077
f 12065 12067 12078
f 12062 12065 12078
f 12061 12062 12078
f 11853 12050 12055
f 11828 11829 11832
f 11820 11790 11791
f 11881 11875 11870
f 12048 12027 12047
f 12024 12027 12048
f 12023 12024 12048
f 12045 12023 12048
f 12043 12023 12045
f 12021 12023 12043
f 12041 12021 12043
f 12019 12021 12041
f 12042 12019 12041
f 12015 12019 12042
f 12016 12015 12042
f 12079 12016 12042
f 12040 12079 12042
f 12034 12011 12035
f 12009 12011 12034
f 12036 12009 12034
f 12007 12009 12036
f 11992 12007 12036
f 11991 11992 12036
f 12033 11991 12036
f 12029 11991 12033
f 11990 11991 12029
f 12028 11990 12029
f 11988 11990 12028
f 12026 11988 12028
f 11986 11988 12026
f 12025 11986 12026
f 11984 11986 12025
f 12022 11984 12025
f 12020 11984 12022
f 11983 11984 12020
f 12018 11983 12020
f 11981 11983 12018
f 12017 11981 12018
f 11979 11981 12017
f 11975 11976 12080
f 12014 11975 12080
f 12012 11975 12014
f 11972 11975 12012
f 11971 11972 12012
f 12010 11971 12012
f 12008 11971 12010
f 11969 11971 12008
f 12006 11969 12008
f 11968 11969 12006
f 11996 11968 12006
f 11998 11968 11996
f 11965 11968 11998
f 11999 11965 11998
f 11964 11965 11999
f 12003 11964 11999
f 12005 11964 12003
f 11962 11964 12005
f 11956 11960 12004
f 12002 11956 12004
f 11951 11956 12002
f 12001 11951 12002
f 11949 11951 12001
f 11948 11949 12001
f 11997 11948 12001
f 11995 11948 11997
f 11945 11948 11995
f 11993 11945 11995
f 11944 11945 11993
f 11989 11944 11993
f 11987 11944 11989
f 11942 11944 11987
f 11985 11942 11987
f 11940 11942 11985
f 11982 11940 11985
f 11938 11940 11982
f 11978 11938 11982
f 11936 11938 11978
f 11980 11936 11978
f 11933 11936 11980
f 11928 11930 12081
f 11927 11928 12081
f 11977 11927 12081
f 11974 11927 11977
f 11925 11927 11974
f 11973 11925 11974
f 11924 11925 11973
f 11970 11924 11973
f 11967 11924 11970
f 11922 11924 11967
f 11966 11922 11967
f 11921 11922 11966
f 11961 11921 11966
f 11963 11921 11961
f 11918 11921 11963
f 11916 11918 11963
f 11906 11909 12082
f 11904 11906 12082
f 12083 11904 12082
f 11903 11904 12083
f 11958 11903 11959
f 11901 11903 11958
f 11900 11901 11958
f 11955 11900 11958
f 11954 11900 11955
f 11899 11900 11954
f 11953 11899 11954
f 11886 11899 11953
f 11884 11886 11953
f 11897 11902 11898
f 11905 11902 11897
f 11907 11905 11897
f 11884 11953 11950
f 11882 11884 11950
f 11947 11882 11950
f 11946 11882 11947
f 11879 11882 11946
f 11943 11879 11946
f 11941 11879 11943
f 11878 11879 11941
f 11939 11878 11941
f 11877 11878 11939
f 11937 11877 11939
f 11876 11877 11937
f 11934 11876 11937
f 11935 11876 11934
f 11874 11876 11935
f 11873 11874 11935
f 11932 11873 11935
f 11929 11873 11932
f 11872 11873 11929
f 11926 11872 11929
f 11923 11872 11926
f 11871 11872 11923
f 11920 11871 11923
f 11919 11871 11920
f 11866 11871 11919
f 11864 11866 11919
f 11915 11864 11919
f 11862 11864 11915
f 11917 11862 11915
f 11860 11862 11917
f 12084 11860 11917
f 11859 11860 12084
f 11914 11859 12084
f 11911 11859 11914
f 11857 11859 11911
f 11913 11857 11911
f 11854 11857 11913
f 12049 11854 11913
f 12052 12049 11913
f 11850 12072 12074
f 11851 12072 11850
f 12075 12072 11851
f 11853 12075 11851
f 12055 12075 11853
f 11797 11844 11841
f 11796 11797 11841
f 11843 11796 11841
f 11795 11796 11843
f 11794 11795 11840
f 11838 11794 11840
f 11793 11794 11838
f 11836 11793 11838
f 11834 11793 11836
f 11792 11793 11834
f 11831 11792 11834
f 11830 11792 11831
f 11791 11792 11830
f 11827 11791 11830
f 11820 11791 11827
f 11822 11820 11827
f 11798 11844 11797
f 11847 11844 11798
f 11799 11847 11798
f 11849 11847 11799
f 11852 11849 11799
f 11855 11852 11799
f 11800 11855 11799
f 11801 11855 11800
f 11856 11855 11801
f 11802 11856 11801
f 11858 11856 11802
f 11861 11858 11802
f 11863 11861 11802
f 11803 11863 11802
f 11865 11863 11803
f 11804 11865 11803
f 11805 11865 11804
f 11867 11865 11805
f 11806 11867 11805
f 11869 11867 11806
f 11807 11869 11806
f 12085 11869 11807
f 11870 11869 12085
f 11881 11870 12085
f 11808 11881 11809
f 11880 11881 11808
f 11883 11880 11808
f 11885 11883 11808
f 11811 11885 11808
f 11887 11885 11811
f 11891 11887 11811
f 12086 11891 11811
f 11813 11891 12086
f 11892 11891 11813
f 11812 11892 11813
f 11814 11892 11812
f 11889 11892 11814
f 11893 11889 11814
f 11815 11893 11814
f 11894 11893 11815
f 11816 11894 11815
f 11897 11894 11816
f 11817 11897 11816
f 11907 11897 11817
f 11818 11907 11817
f 11908 11907 11818
f 11912 11908 11818
f 11819 11912 11818
f 12053 11912 11819
f 11821 12053 11819
f 11823 12053 11821
f 12051 12053 11823
f 12054 12051 11823
f 11824 12054 11823
f 12056 12054 11824
f 12059 12056 11824
f 11825 12059 11824
f 12057 12059 11825
f 12063 12057 11825
f 11826 12063 11825
f 11828 12063 11826
f 12064 12063 11828
f 11832 12064 11828
f 12066 12064 11832
f 12069 12066 11832
f 11833 12069 11832
f 12070 12069 11833
f 12052 11912 12053
f 11913 11912 12052
f 2416 12087 6377
f 12088 6377 12087
f 2416 2415 12087
f 2418 12089 2417
f 10771 12089 2418
f 10769 10771 2418
f 2419 10769 2418
f 10766 10769 2419
f 10531 10766 2419
f 10326 10531 2419
f 6376 10326 2419
f 10192 10326 6376
f 8074 10192 6376
f 10190 10192 8074
f 12090 10190 8074
f 7022 12090 8074
f 12091 12090 7022
f 12092 12090 12091
f 12093 12092 12091
f 12094 12093 12091
f 12095 12093 12094
f 12096 12093 12095
f 12097 12096 12095
f 12098 12097 12095
f 12099 12097 12098
f 12100 12097 12099
f 12101 12100 12099
f 12102 12101 12099
f 12103 12101 12102
f 10767 12104 10770
f 12105 12104 10767
f 10723 12105 10767
f 12106 12105 10723
f 10722 12106 10723
f 12107 12106 10722
f 8076 12107 10722
f 10191 8076 10722
f 8078 8076 10191
f 12108 12107 8076
f 8075 12108 8076
f 12109 12108 8075
f 12110 12109 8075
f 8077 12110 8075
f 12111 12110 8077
f 9813 12111 8077
f 12112 12111 9813
f 12113 12112 9813
f 9814 12113 9813
f 12114 12112 12113
f 12115 12112 12114
f 12116 12115 12114
f 12117 12116 12114
f 12118 12115 12116
f 12119 12118 12116
f 12120 12118 12119
f 12121 12120 12119
f 12122 12121 12119
f 12123 12121 12122
f 12124 12121 12123
f 12125 12124 12123
f 12126 12124 12125
f 12127 12126 12125
f 12128 12126 12127
f 12129 12130 12131
f 12132 12130 12129
f 12133 12124 12126
f 12134 12124 12133
f 12135 12134 12133
f 12136 12135 12133
f 12137 12135 12136
f 12138 12135 12137
f 12134 12135 12138
f 12139 12134 12138
f 12140 12139 12138
f 12120 12121 12124
f 12134 12120 12124
f 12139 12120 12134
f 12118 12120 12139
f 12115 12118 12139
f 12140 12115 12139
f 12112 12115 12140
f 12111 12112 12140
f 12110 12111 12140
f 12138 12110 12140
f 12137 12110 12138
f 12109 12110 12137
f 12136 12109 12137
f 12096 12097 12100
f 12122 12100 12101
f 12103 12122 12101
f 12123 12122 12103
f 12129 12131 12106
f 12107 12129 12106
f 12108 12129 12107
f 12109 12129 12108
f 12132 12129 12109
f 12136 12132 12109
f 12119 12100 12122
f 12116 12100 12119
f 12096 12100 12116
f 12117 12096 12116
f 12093 12096 12117
f 12092 12093 12117
f 12114 12092 12117
f 12113 12092 12114
f 12090 12092 12113
f 9814 12090 12113
f 10190 12090 9814
f 12128 12133 12126
f 12136 12133 12128
f 12132 12136 12128
f 12088 12094 12091
f 7022 12088 12091
f 6377 12088 7022
f 12095 12094 12141
f 12098 12095 12141
f 12142 12098 12141
f 12143 12098 12142
f 12099 12098 12143
f 12102 12099 12143
f 1829 9812 1827
f 1831 9812 1829
f 9816 9811 9812
f 10526 9816 9812
f 1838 10526 9812
f 1831 1838 9812
