# Reduced PyMOL surface OBJ
v 20.508968 -0.267057 -5.682785
v 21.105076 -0.748643 -6.208115
v 20.914932 -0.489439 -6.591431
v 21.110970 -1.033387 -7.358109
v 20.879478 -0.218503 -7.358109
v 20.814945 -0.554410 -8.133102
v 21.088566 -1.123387 -8.269501
v 21.297657 -1.859410 -8.269501
v 21.462357 -1.968993 -7.085892
v 21.358967 -1.642386 -6.208115
v 21.034298 -1.117058 -5.358109
v 20.312981 -0.699059 -4.796661
v 19.586334 0.245215 -4.794983
v 19.700752 0.276063 -6.323929
v 20.335968 0.220590 -6.879135
v 20.335968 0.220590 -7.837082
v 20.138996 -0.173574 -8.673859
v 20.594936 -0.911301 -8.955643
v 21.301758 -1.405210 -9.117615
v 21.724316 -2.264330 -8.811234
v 21.666031 -2.567730 -8.111237
v 21.582207 -2.910992 -7.050629
v 21.240978 -2.489512 -6.208115
v 21.207245 -2.146012 -5.393219
v 20.677067 -1.577082 -4.731766
v 20.310936 -1.204431 -3.990677
v 19.762310 -0.251714 -4.183044
v 19.528965 0.477613 -3.980103
v 19.204296 1.002942 -4.830109
v 19.088245 0.573615 -5.623596
v 18.655621 1.273615 -5.356232
v 18.597336 0.970215 -6.056229
v 19.088245 0.573615 -6.488846
v 18.643345 1.293665 -6.813660
v 19.121979 0.917116 -7.303726
v 19.636421 0.639606 -7.358109
v 19.512253 0.412278 -8.253296
v 18.647923 1.027942 -7.988480
v 18.696854 0.503982 -8.604523
v 19.396854 0.236606 -9.037155
v 18.696854 0.503982 -9.469772
v 19.397968 0.347319 -9.834396
v 19.966053 -0.351455 -9.545227
v 19.930962 -0.083275 -10.304108
v 20.525951 -0.829678 -9.899368
v 20.421871 -0.479876 -10.736725
v 20.876968 -0.893292 -10.282593
v 21.610310 -1.173403 -9.829361
v 21.675632 -0.956983 -10.650391
v 22.351967 -1.344411 -10.177124
v 22.055943 -1.823387 -9.402130
v 22.830944 -2.119411 -9.881104
v 22.457661 -2.544441 -9.264465
v 22.975513 -2.642974 -9.827454
v 22.917194 -3.318140 -8.972397
v 22.156940 -2.964330 -8.543854
v 22.852478 -3.682504 -8.227112
v 22.308968 -3.243411 -7.748138
v 22.787945 -4.018411 -7.452103
v 22.448002 -4.456176 -6.856064
v 21.642300 -3.482058 -6.539108
v 22.074921 -4.182057 -6.271729
v 21.584011 -3.785458 -5.839111
v 21.395626 -2.965734 -5.616165
v 21.642300 -3.482058 -5.139114
v 21.178738 -2.485550 -4.682693
v 21.713074 -3.113644 -4.289108
v 21.116966 -2.632057 -3.763779
v 20.618778 -1.880482 -4.031769
v 20.626057 -2.235457 -3.331161
v 20.273392 -1.652360 -3.206619
v 20.511143 -2.204028 -2.574677
v 20.302052 -1.468004 -2.574677
v 20.064301 -0.916337 -3.206619
v 20.331676 -0.483713 -2.506622
v 19.796345 0.044990 -3.280106
v 20.547081 0.325613 -2.490097
v 19.882305 0.651874 -3.016098
v 20.217674 1.085614 -2.426819
v 19.516987 1.242966 -2.790329
v 19.459389 1.049590 -3.559433
v 18.920238 1.765938 -3.352570
v 19.275074 1.371356 -3.980103
v 18.866310 1.991709 -2.544800
v 18.605312 2.628333 -3.482178
v 18.530865 2.506657 -4.036163
v 18.472576 2.203257 -4.736160
v 18.263485 2.939281 -4.736160
v 18.303944 2.629775 -5.509094
v 18.513035 1.893751 -5.509094
v 18.388245 1.706239 -6.056229
v 18.303944 2.629775 -6.447128
v 18.401798 2.082392 -6.923935
v 18.237339 3.024748 -6.998703
v 17.840740 2.592124 -7.489609
v 18.215298 1.727942 -7.721100
v 17.940609 1.929301 -8.195053
v 18.264233 1.203981 -8.337158
v 17.802944 1.527590 -8.916107
v 18.220757 0.864086 -9.110321
v 17.437778 1.194698 -9.645874
v 17.870403 0.703787 -10.042465
v 17.170403 0.762074 -10.345871
v 17.879086 0.445694 -10.835037
v 18.637970 0.637613 -10.304108
v 18.637970 0.410603 -11.103226
v 19.397968 0.347319 -10.773819
v 19.411972 0.149032 -11.438751
v 19.987946 0.010829 -11.205750
v 20.113087 0.096606 -11.810150
v 20.640987 -0.105035 -11.483887
v 20.871971 0.270602 -12.278000
v 21.341675 -0.262386 -11.847397
v 21.074299 -0.695010 -11.147400
v 21.774300 -0.753298 -11.450806
v 22.130829 -0.274054 -12.176788
v 22.563454 -0.764965 -11.780182
v 22.457935 -0.978868 -10.978516
v 23.263454 -0.706677 -11.476776
v 23.484592 -0.911787 -10.877136
v 23.174507 -1.564421 -10.534027
v 23.963570 -1.686787 -10.581116
v 24.108135 -2.210350 -10.527451
v 24.572971 -1.290387 -10.766113
v 25.019474 -2.120805 -10.620468
v 24.581970 -2.910350 -10.260071
v 23.675510 -2.910350 -10.260071
v 24.108135 -3.401261 -9.863480
v 23.521900 -3.517113 -9.489044
v 23.747948 -4.497387 -9.418015
v 23.239063 -4.123875 -8.927109
v 23.351345 -4.930011 -8.927109
v 23.083969 -4.497387 -8.227112
v 23.189342 -5.185762 -8.325104
v 23.789543 -5.599387 -9.107422
v 23.291142 -6.041511 -8.470810
v 22.921967 -5.618386 -7.625107
v 22.763615 -6.530817 -7.519440
v 22.597301 -6.143715 -6.775101
v 22.597301 -5.093058 -6.775101
v 22.458984 -5.618386 -5.995346
v 22.142300 -4.699492 -5.894440
v 22.084011 -5.002892 -5.194443
v 21.874920 -4.266869 -5.194443
v 22.142300 -4.699492 -4.494446
v 22.070347 -3.916334 -4.289108
v 22.024334 -4.239784 -3.474228
v 21.642300 -3.482058 -3.439102
v 21.659229 -4.190018 -2.911148
v 21.276615 -3.608955 -2.850449
v 21.105751 -2.760952 -2.988953
v 20.735737 -3.131876 -2.337601
v 21.110302 -3.996058 -2.106110
v 20.384243 -3.675611 -1.497726
v 20.424480 -2.770253 -1.522720
v 19.905277 -3.184337 -0.988495
v 20.154675 -2.412092 -1.047104
v 20.444965 -1.942387 -1.807114
v 20.265888 -1.590206 -0.819458
v 20.645096 -1.112849 -1.583572
v 20.607037 -0.964202 -0.728088
v 21.040962 -0.473498 -1.197113
v 20.977680 -0.144092 -1.957108
v 21.267967 0.325613 -1.197113
v 20.977680 0.795319 -1.957108
v 21.040962 1.124725 -1.197113
v 20.507969 1.555319 -1.666809
v 20.507969 1.555319 -0.727402
v 19.747971 1.845613 -1.197113
v 19.744534 1.720222 -2.030701
v 18.787395 1.953901 -1.601776
v 18.848782 1.680350 -0.727081
v 17.931858 1.952797 -1.185577
v 18.239967 2.348942 -2.084778
v 17.455273 2.449957 -1.592010
v 17.592064 2.803542 -1.952393
v 17.807346 3.048942 -2.352158
v 17.249302 3.530942 -2.146103
v 17.549290 4.127253 -2.623810
v 18.098675 3.951319 -3.160110
v 18.220249 3.048990 -3.084976
v 18.388966 3.481613 -3.920105
v 18.255337 4.315944 -3.861221
v 18.472576 3.675304 -4.736160
v 18.547184 4.692006 -4.628128
v 18.883678 4.185908 -5.218109
v 18.513035 3.365798 -5.509094
v 18.946960 3.856502 -5.978104
v 18.513035 3.365798 -6.447128
v 18.883678 4.185908 -6.738113
v 18.184902 3.896729 -7.306183
v 18.453079 4.655613 -7.271103
v 17.653969 4.655613 -7.498108
v 16.856224 3.723988 -7.683075
v 17.159622 3.023988 -7.741364
v 16.459621 3.291364 -8.173996
v 16.892246 2.591364 -8.441360
v 17.487385 2.662642 -7.914948
v 17.323967 2.302589 -8.620087
v 16.590179 2.419651 -9.055130
v 17.027943 1.823614 -9.395081
v 16.116344 1.899520 -9.517899
v 16.444656 1.310411 -10.102295
v 15.848969 1.466897 -10.217896
v 16.072968 0.779590 -10.990082
v 16.772968 0.721302 -10.686676
v 16.976025 0.508098 -11.280579
v 15.359245 1.358364 -10.775360
v 15.351917 0.917256 -11.391800
v 15.771805 0.405739 -11.821732
v 17.208969 0.433331 -12.195969
v 17.879086 0.236606 -11.571060
v 18.022148 0.386820 -12.546173
v 18.637970 0.201514 -11.839249
v 18.759876 0.105034 -13.002106
v 19.411972 -0.060057 -12.174774
v 20.035915 0.378655 -13.141464
v 20.111973 0.207319 -12.607407
v 20.871971 0.595562 -13.015198
v 18.759876 0.314122 -13.738129
v 19.768539 0.811279 -13.841461
v 18.873016 0.530942 -14.265732
v 19.305637 1.230942 -14.533112
v 20.155640 1.555614 -14.007782
v 21.206913 1.054699 -13.735352
v 21.639538 0.563787 -13.338745
v 21.630856 0.305695 -12.546173
v 22.736637 0.704115 -12.916412
v 22.259739 1.113469 -13.704605
v 23.147320 1.439615 -13.241226
v 23.503426 0.903337 -12.398514
v 23.244877 0.170686 -12.312393
v 22.996078 -0.274054 -12.176788
v 23.944874 0.438062 -11.879761
v 24.069229 1.368614 -11.910004
v 25.041988 0.759589 -11.660263
v 24.572971 0.059589 -11.392899
v 24.103268 -0.530386 -11.056396
v 25.042675 -0.530386 -11.056396
v 25.572002 0.562949 -11.872742
v 24.962971 1.368614 -11.656113
v 25.856712 1.368614 -11.910004
v 24.437641 2.218614 -11.980774
v 25.488300 2.218614 -11.980774
v 26.338299 1.893942 -12.506104
v 26.422516 0.903337 -12.398514
v 26.347980 -0.126677 -12.299850
v 25.877029 -0.689991 -11.667526
v 25.372082 -1.290387 -10.993118
v 26.148113 -1.967350 -11.732361
v 25.608852 -2.296000 -11.088791
v 26.451511 -2.667350 -11.674072
v 26.179508 -3.247420 -11.052017
v 25.441784 -2.965633 -10.596085
v 25.835949 -3.802410 -10.399109
v 25.060944 -3.506387 -9.920135
v 25.396854 -4.281386 -9.855606
v 24.532970 -4.389387 -9.625610
v 25.125919 -5.048067 -9.820145
v 24.188274 -5.127113 -9.459564
v 24.620258 -5.788258 -9.482483
v 25.286961 -6.162506 -10.227661
v 24.867947 -6.595410 -9.528107
v 24.092941 -6.299387 -9.049133
v 24.428852 -7.074387 -8.984604
v 23.684082 -7.074387 -8.656296
v 24.045074 -8.062469 -8.965134
v 23.357201 -7.849840 -8.688400
v 22.911476 -7.436926 -8.128799
v 23.287479 -6.641763 -8.165390
v 22.862354 -8.321884 -8.060104
v 22.574795 -7.856607 -7.307281
v 22.554615 -6.958708 -7.254440
v 22.287239 -7.391332 -6.554443
v 22.329922 -6.576339 -6.075104
v 22.330013 -7.042410 -5.810104
v 22.577847 -5.957088 -5.431366
v 22.595798 -7.119496 -4.774719
v 22.926189 -6.276386 -4.828079
v 22.595798 -5.433276 -4.774719
v 23.262676 -5.806681 -4.238113
v 22.792969 -5.046680 -3.947815
v 23.325962 -5.477275 -3.478104
v 22.792969 -5.046680 -3.008408
v 23.262676 -5.806681 -2.718109
v 22.502674 -5.516386 -2.248398
v 22.080608 -4.908215 -2.614334
v 22.118412 -6.138733 -1.948563
v 22.832081 -6.276386 -2.185120
v 22.563904 -7.035271 -2.150024
v 21.638279 -6.966436 -1.672501
v 21.333782 -6.029120 -1.745834
v 20.817215 -6.829217 -1.398346
v 20.483448 -6.033802 -1.443878
v 20.753063 -5.451939 -1.479767
v 21.259518 -4.839174 -2.061478
v 20.628712 -4.521386 -1.509995
v 20.128353 -5.170819 -1.347015
v 19.770901 -4.496103 -1.122330
v 19.392330 -5.170819 -1.137939
v 19.004299 -4.425813 -0.802826
v 19.398071 -3.586605 -0.790009
v 18.521297 -3.878386 -0.407776
v 18.961231 -3.113871 -0.274109
v 17.924969 -3.143270 0.032547
v 18.467999 -2.675881 0.476181
v 19.577122 -2.238183 -0.164734
v 19.054970 -2.262093 0.901596
v 19.649269 -1.779275 0.409927
v 20.094204 -1.190617 -0.051102
v 19.910870 -0.970020 0.560669
v 20.278904 -0.433271 0.130981
v 19.871864 -0.016053 0.541214
v 20.547081 0.325613 0.095886
v 20.977680 -0.144092 -0.437103
v 20.977680 0.795319 -0.437103
v 20.217674 1.085614 0.032593
v 19.278267 1.085614 0.032593
v 19.747971 1.618603 -0.397995
v 18.845642 0.594703 0.429199
v 18.506317 0.993529 0.004715
v 18.294971 0.585563 0.493805
v 17.806316 0.935242 -0.298691
v 18.238941 1.426153 -0.695282
v 17.275578 1.291590 -0.730896
v 16.759945 0.497534 -0.313065
v 16.331661 1.183564 -0.805496
v 16.914219 1.621497 -1.033463
v 16.048969 1.621497 -1.033463
v 16.481594 2.321497 -1.300827
v 15.400635 2.158137 -0.968918
v 15.873970 3.005614 -1.296112
v 16.780163 3.048356 -1.450607
v 16.399300 3.855614 -1.620773
v 15.408695 3.963213 -1.536560
v 15.873970 4.451720 -2.102371
v 16.759853 4.439006 -2.306595
v 16.404438 5.042122 -2.551910
v 17.239479 5.141613 -2.929825
v 16.936081 5.841613 -2.988113
v 17.488247 5.408990 -3.445969
v 17.745861 4.765323 -3.378159
v 18.002201 5.167844 -4.094101
v 17.781429 5.883372 -4.213547
v 18.237675 5.464940 -4.668594
v 17.633846 6.348711 -4.991425
v 18.413967 5.885319 -5.508408
v 18.883678 5.125319 -5.218109
v 18.946960 5.454725 -5.978104
v 19.173965 4.655613 -5.978104
v 18.883678 5.125319 -6.738113
v 18.413967 5.885319 -6.447815
v 18.123672 5.415614 -7.207809
v 17.653969 5.948603 -6.777222
v 16.943157 5.493757 -7.261261
v 16.895084 5.983695 -6.509033
v 16.231911 6.002865 -6.835220
v 16.001362 5.531124 -7.557999
v 16.901783 4.764141 -7.719666
v 16.152966 5.192877 -8.144592
v 16.459621 4.156612 -8.173996
v 16.019299 4.752942 -8.909103
v 16.147881 3.743163 -8.945343
v 15.537712 4.227613 -9.505219
v 15.662067 3.297061 -9.535446
v 16.344059 3.053807 -8.935425
v 15.812946 2.599520 -9.459610
v 15.416346 3.032144 -9.950531
v 15.416346 2.166896 -9.950531
v 14.926622 2.994613 -10.507996
v 14.926622 2.058364 -10.507996
v 14.614880 2.510162 -11.279343
v 14.932028 1.637861 -11.091080
v 14.647766 1.479614 -11.676392
v 14.486300 3.519942 -11.243103
v 14.102650 3.037356 -11.885773
v 13.881598 2.653449 -12.138229
v 13.049946 2.954614 -12.512085
v 13.385853 2.179614 -12.576614
v 13.881598 1.705779 -12.138229
v 13.049946 1.404613 -12.512085
v 13.568913 0.924904 -12.097366
v 14.472057 1.044465 -11.873016
v 13.872313 0.224904 -12.155640
v 14.904682 0.344465 -12.140396
v 13.935230 -0.210394 -12.450439
v 14.948597 -0.317405 -12.543304
v 14.664097 -0.915326 -13.032761
v 15.364098 -0.857039 -13.336166
v 15.817326 -0.123698 -13.056061
v 15.855007 -0.460439 -13.768784
v 16.433971 0.249590 -13.481079
v 17.208969 0.545613 -13.002106
v 17.208969 0.314122 -13.816986
v 18.173016 0.263566 -13.833115
v 18.013596 0.005614 -14.250488
v 17.580971 -0.485297 -14.647079
v 18.280972 -0.427010 -14.950485
v 18.713596 0.272990 -14.683105
v 18.771881 -0.030410 -15.383102
v 18.980972 0.705614 -15.383102
v 19.061245 0.272709 -16.302032
v 19.305637 1.230942 -16.233109
v 19.234863 1.599357 -15.383102
v 19.830971 2.080942 -15.908432
v 19.830971 2.080942 -14.857773
v 20.680969 2.405613 -15.383102
v 20.680969 2.151720 -14.489365
v 21.530968 2.080942 -14.857773
v 21.206299 1.555614 -14.007782
v 21.999477 1.648095 -14.296997
v 22.157310 1.723709 -15.448410
v 22.843445 1.728085 -14.909821
v 22.862717 1.786069 -13.891159
v 23.529579 2.058125 -14.241989
v 23.516865 2.262357 -13.356110
v 24.112972 2.743942 -13.881439
v 24.112972 2.743942 -12.830780
v 23.587643 1.893942 -12.506104
v 24.962971 3.068614 -13.356110
v 24.962971 2.814720 -12.462372
v 25.812969 2.743942 -12.830780
v 25.891850 2.839129 -13.839142
v 26.409077 2.262357 -13.356110
v 26.439316 2.386709 -14.286652
v 26.899986 1.865757 -13.788727
v 27.139317 2.328422 -14.590057
v 27.724083 1.397265 -13.851105
v 27.487835 1.015006 -13.232605
v 27.167362 0.668614 -12.858963
v 27.920460 0.524095 -12.835999
v 27.107319 -0.088950 -12.523346
v 27.995884 -0.051223 -12.537766
v 27.516628 -0.826677 -12.241562
v 26.651379 -0.826677 -12.241562
v 27.056873 -1.290387 -12.150970
v 26.320850 -1.290387 -11.941879
v 27.897991 -1.335887 -11.881241
v 27.594593 -2.035887 -11.822952
v 28.338715 -2.156840 -11.733490
v 28.355915 -2.783676 -11.748856
v 27.316761 -2.667350 -11.674072
v 27.836945 -3.263387 -11.334137
v 26.926353 -3.264024 -11.188293
v 27.224682 -4.159886 -11.030655
v 26.355366 -4.281386 -10.814117
v 27.105621 -5.112686 -11.120255
v 26.232548 -5.192986 -10.890015
v 25.835949 -4.760363 -10.399109
v 25.579914 -5.536097 -10.334854
v 25.986961 -5.895130 -10.660278
v 26.535946 -5.892986 -10.831726
v 26.419586 -6.595130 -10.927658
v 25.683563 -6.595130 -10.718567
v 26.136127 -7.469258 -10.723526
v 25.286961 -7.027754 -10.227661
v 25.398403 -8.009558 -10.267593
v 24.867947 -7.553363 -9.528107
v 24.426903 -8.549723 -9.694244
v 24.823505 -8.982346 -10.185165
v 23.852852 -9.631777 -9.800598
v 23.618610 -9.092937 -9.055191
v 23.215328 -10.004951 -9.500839
v 22.869320 -9.253924 -8.320129
v 23.179401 -8.571427 -8.515839
v 22.877399 -10.225475 -8.494049
v 22.598461 -9.635031 -7.490112
v 22.712967 -8.736386 -7.360107
v 22.505909 -9.203087 -6.445145
v 22.388302 -8.211058 -6.510101
v 22.031063 -8.801691 -5.883759
v 22.120922 -7.778434 -5.810104
v 21.799557 -8.418675 -5.370148
v 22.084011 -7.549880 -5.194443
v 21.741268 -8.115275 -4.670151
v 22.232178 -7.718676 -4.237518
v 21.799557 -8.418675 -3.970154
v 22.377193 -8.024262 -3.478104
v 22.792969 -7.506092 -3.947815
v 22.892036 -7.566201 -3.009094
v 23.325962 -7.075498 -3.478104
v 23.262676 -6.746092 -4.238113
v 23.552967 -6.276386 -3.478104
v 23.262676 -6.746092 -2.718109
v 22.275921 -8.270301 -2.491104
v 21.986053 -8.739318 -3.249985
v 21.950962 -9.007497 -2.491104
v 21.887676 -8.678092 -1.731110
v 21.947788 -7.739370 -1.632050
v 21.457081 -8.208386 -1.198120
v 21.127674 -7.448386 -1.261398
v 20.657970 -8.208386 -0.971100
v 20.127037 -7.449502 -1.163025
v 19.858860 -8.208386 -1.198120
v 19.427906 -7.568878 -1.592361
v 20.128353 -6.705955 -1.347015
v 19.184265 -6.698387 -1.494400
v 19.653969 -5.938387 -1.204102
v 18.854858 -5.938387 -1.431122
v 18.424259 -6.408092 -1.964111
v 18.108082 -5.691155 -1.785980
v 18.490025 -5.101895 -1.329391
v 18.036018 -6.000301 -2.724106
v 17.443970 -5.365716 -2.382782
v 17.318619 -5.421211 -3.419861
v 16.847862 -4.884130 -2.908112
v 16.810608 -4.599418 -2.102448
v 17.145969 -4.403715 -1.257782
v 16.549862 -3.922129 -1.783112
v 16.620640 -3.553715 -0.933105
v 17.470638 -3.878386 -0.407776
v 17.995968 -4.474492 -0.889359
v 17.031490 -3.105005 -0.269928
v 16.620640 -2.503057 -0.933105
v 16.943691 -2.134897 -0.268112
v 17.377621 -2.625602 0.200912
v 17.001980 -1.831497 0.431885
v 17.534973 -2.262093 0.901596
v 17.065266 -1.502092 1.191895
v 17.825268 -1.792386 1.661591
v 18.294971 -2.325376 1.231003
v 18.764675 -1.792386 1.661591
v 18.294971 -1.032386 1.951889
v 19.094082 -1.032386 1.724884
v 19.524677 -1.502092 1.191895
v 19.524677 -0.562681 1.191895
v 18.764675 -0.272386 1.661591
v 19.112858 0.273509 0.968338
v 18.294971 0.260603 1.231003
v 17.825268 -0.272386 1.661591
v 17.534973 0.197320 0.901596
v 17.065266 -0.562681 1.191895
v 16.862083 -0.265671 0.468933
v 17.527405 0.553787 0.170258
v 16.774971 -1.032386 0.431885
v 16.507595 -0.599762 -0.268112
v 16.418755 -0.058386 -0.274139
v 16.082264 -0.528092 -0.864105
v 16.022156 0.410630 -0.765045
v 15.643192 -0.182731 -1.723846
v 15.247789 0.620734 -1.255386
v 15.595636 1.183564 -1.014587
v 14.834591 1.160661 -1.233780
v 14.544579 0.817103 -1.963226
v 13.919516 1.481415 -1.523941
v 14.144627 1.807770 -0.841553
v 15.137947 3.005614 -1.087021
v 14.335779 2.594569 -0.430481
v 14.260969 3.307979 -0.470673
v 14.345781 3.965123 -0.999344
v 14.049898 4.012334 -2.777206
v 13.851208 4.282495 -1.940842
v 14.177343 4.293383 -1.447510
v 13.473928 4.059241 -2.412399
v 13.238153 3.655091 -2.909134
v 14.049898 4.012334 -3.642456
v 14.540808 4.408934 -3.209824
v 14.482521 4.712334 -3.909821
v 14.785694 5.408990 -3.445969
v 15.034458 5.141613 -2.929825
v 15.337858 5.841613 -2.988113
v 16.005470 5.742122 -2.763718
v 15.667263 6.601614 -3.051407
v 16.606674 6.601614 -3.051407
v 16.136971 7.134603 -3.481995
v 16.896969 7.071320 -3.811401
v 17.366680 6.311319 -3.521103
v 17.429962 6.640725 -4.281113
v 16.896969 7.071320 -4.750809
v 16.136971 7.361613 -4.281113
v 16.136971 7.134603 -5.080215
v 16.605988 6.700678 -5.570923
v 15.667953 6.700678 -5.570923
v 16.462460 6.474606 -6.112442
v 15.667953 6.491590 -6.306946
v 14.895020 6.451131 -5.997437
v 14.895020 6.660220 -5.261414
v 14.195019 6.718508 -5.564819
v 14.195019 6.718508 -6.430069
v 13.704109 7.115108 -5.997437
v 13.762396 7.418508 -6.697433
v 14.556961 6.860945 -7.340851
v 14.927059 6.613543 -7.630066
v 14.556961 6.860945 -7.993362
v 15.017012 6.201886 -8.271545
v 15.510452 5.927724 -7.990616
v 15.417969 6.216942 -7.197433
v 15.493969 5.602942 -8.584442
v 14.729454 5.736610 -9.024368
v 15.169300 5.077613 -9.434433
v 14.211348 5.157380 -9.563507
v 14.750187 4.633562 -9.996735
v 13.925852 4.751977 -10.160706
v 14.652617 3.907044 -10.498779
v 15.141111 3.794990 -9.996124
v 13.960968 4.369942 -10.918442
v 13.225851 4.810265 -10.464111
v 13.110970 4.440720 -11.286850
v 13.636299 3.844614 -11.768433
v 12.610579 3.812065 -11.955643
v 12.248032 4.284953 -11.519974
v 11.883024 3.608038 -12.025360
v 11.919151 2.957078 -12.453949
v 11.313688 3.659542 -12.128448
v 10.881065 2.959542 -12.395828
v 11.756084 2.179614 -12.576614
v 12.570969 2.179614 -12.808105
v 12.091713 1.404160 -12.663727
v 11.554836 1.526101 -12.639923
v 11.296650 0.830482 -12.917023
v 11.657677 0.282614 -13.248810
v 10.607914 0.381773 -13.154083
v 11.187969 -0.477386 -13.539108
v 12.004105 -0.447944 -13.416718
v 12.471680 0.064564 -12.895996
v 12.707329 -0.679411 -13.209320
v 13.049946 0.004614 -12.512085
v 12.746546 0.704614 -12.453796
v 13.608969 -0.736398 -13.115219
v 13.139952 -1.170322 -13.605927
v 14.077986 -1.170322 -13.605927
v 13.608969 -1.685163 -14.063980
v 14.142952 -1.872531 -14.223083
v 14.603624 -1.351578 -13.725159
v 14.842953 -1.814243 -14.526489
v 15.303625 -1.293290 -14.028564
v 15.333862 -1.417644 -14.959106
v 15.822369 -0.851841 -14.493835
v 15.929970 -0.936057 -15.484436
v 16.722527 -0.508012 -15.050156
v 16.735134 -0.124261 -14.312744
v 16.779968 -0.865280 -15.852844
v 17.583302 -0.761206 -15.475616
v 17.277897 -1.325953 -16.373810
v 18.285633 -0.769737 -15.871536
v 18.054298 -1.250311 -16.777176
v 18.776543 -0.373137 -16.304169
v 18.646595 -0.796116 -17.349884
v 19.143379 -0.011585 -17.063385
v 19.488861 -0.172519 -17.790314
v 19.856754 0.540973 -17.371124
v 19.662876 0.770918 -16.859451
v 20.116390 1.385028 -17.525162
v 20.105000 1.669993 -16.796173
v 20.124130 0.973597 -18.071136
v 19.856754 1.442614 -18.771133
v 19.838863 0.393793 -18.706619
v 19.520260 0.972908 -19.361115
v 19.520260 1.912319 -19.361115
v 20.280266 2.202614 -18.891403
v 20.964436 1.738942 -18.321533
v 21.218987 2.301678 -18.831299
v 22.111084 1.908978 -18.388504
v 21.994991 1.724611 -17.809464
v 21.178898 1.481957 -17.533829
v 22.052433 1.702671 -17.030090
v 21.178898 1.691047 -16.797806
v 21.530968 2.080942 -15.908432
v 20.680969 2.151720 -16.276855
v 22.857311 1.456333 -15.881042
v 22.925968 1.388631 -16.526337
v 23.625969 1.656007 -16.093719
v 23.557312 1.723709 -15.448410
v 24.373085 2.005265 -15.569107
v 24.344463 2.369382 -14.745621
v 24.820538 2.735623 -15.239990
v 24.910137 2.930443 -14.235886
v 25.318672 3.637298 -15.496490
v 25.981552 3.158525 -14.631744
v 25.769653 3.825613 -15.330872
v 26.944389 3.361613 -15.456787
v 26.706692 2.819333 -14.986664
v 27.398720 2.626497 -15.016449
v 27.809639 3.361613 -15.456787
v 28.263969 2.626497 -15.016449
v 27.991459 1.829889 -14.551102
v 28.856709 1.829889 -14.551102
v 28.424084 1.338978 -14.154510
v 29.124084 1.397265 -13.851105
v 28.390888 1.056219 -13.299194
v 29.238968 1.027719 -13.028366
v 28.713638 0.431613 -12.546783
v 29.764297 0.431613 -12.546783
v 28.776760 -0.010350 -12.225082
v 29.815914 -0.126677 -12.299850
v 29.303455 -0.454945 -11.995789
v 28.338997 -0.606387 -11.885132
v 28.817970 -1.381387 -11.589111
v 29.632854 -1.381387 -11.820602
v 29.296944 -2.156386 -11.885132
v 30.071949 -1.860363 -12.364105
v 29.592968 -2.635363 -12.660126
v 28.940060 -2.978927 -12.105133
v 29.630329 -2.849418 -13.192444
v 29.175350 -3.605762 -13.288116
v 28.900471 -3.903187 -12.407806
v 28.668602 -3.564551 -11.707977
v 28.611950 -4.517363 -11.813110
v 28.172855 -4.038386 -11.269592
v 27.836945 -4.813386 -11.334137
v 28.323215 -5.499077 -12.202255
v 27.533546 -5.513386 -11.392426
v 27.753277 -5.950437 -11.552505
v 26.939274 -5.732387 -11.199692
v 27.242672 -6.432386 -11.141403
v 28.002674 -6.722681 -11.611115
v 27.572079 -7.192387 -11.078125
v 26.772968 -7.192387 -10.851105
v 27.242672 -7.952387 -11.141403
v 28.002674 -7.662092 -11.611115
v 27.632034 -8.482202 -11.902084
v 26.828598 -8.497887 -11.126923
v 27.230484 -9.410360 -11.233231
v 26.285297 -9.043386 -10.786774
v 25.981899 -8.343387 -10.845062
v 25.644131 -8.808353 -10.448395
v 25.759968 -9.893387 -10.462112
v 26.653709 -9.893387 -10.716003
v 26.285297 -10.743385 -10.786774
v 25.234638 -10.743385 -10.786774
v 24.823719 -10.008268 -10.346451
v 24.441460 -10.835869 -11.076004
v 23.545185 -10.543369 -10.333710
v 23.350105 -10.914270 -10.640335
v 22.845188 -10.810747 -9.901077
v 22.859196 -11.310871 -10.207718
v 22.578960 -11.664717 -9.677368
v 22.577808 -11.243370 -9.201080
v 22.786900 -10.507347 -9.201080
v 22.845188 -10.810747 -8.501083
v 22.845188 -11.712387 -8.501083
v 23.181675 -11.242680 -7.911102
v 22.811035 -10.422571 -7.620117
v 23.244961 -10.913275 -7.151108
v 22.811035 -10.422571 -6.682098
v 23.181675 -11.242680 -6.391113
v 22.421673 -10.952389 -5.921402
v 21.989964 -9.639387 -6.119247
v 22.601944 -9.686548 -6.682098
v 21.548515 -10.104664 -5.600510
v 21.593365 -9.206763 -5.628342
v 21.107067 -9.704693 -5.081757
v 21.533627 -8.877331 -4.799240
v 21.048779 -9.401293 -4.381760
v 21.539688 -9.004692 -3.949142
v 20.584743 -9.629395 -4.066681
v 20.687412 -9.606001 -3.307236
v 21.417969 -9.438093 -2.960815
v 20.657970 -9.728386 -2.491104
v 21.417969 -9.438093 -2.021408
v 20.657970 -9.501377 -1.692001
v 21.127674 -8.968387 -1.261398
v 20.188267 -8.968387 -1.261398
v 19.897972 -9.438093 -2.021408
v 19.428265 -8.678092 -1.731110
v 19.289799 -9.072161 -2.443466
v 19.013508 -8.250145 -2.423538
v 18.734539 -8.495428 -2.880829
v 18.449825 -7.689763 -2.918091
v 18.777073 -7.222096 -2.182159
v 18.256351 -6.754521 -2.694672
v 17.977734 -7.168949 -3.424103
v 17.887280 -6.249241 -3.516113
v 17.672699 -6.777332 -4.049438
v 17.560612 -5.899313 -4.317368
v 17.957249 -6.418730 -4.899033
v 17.957249 -5.553482 -4.899033
v 17.351486 -5.076497 -4.226624
v 17.524628 -4.853482 -5.166412
v 17.191902 -4.639201 -4.651123
v 16.757980 -4.148498 -4.182114
v 16.722889 -3.880317 -4.940994
v 16.419762 -3.359465 -4.148331
v 16.500698 -3.684508 -3.568771
v 16.593967 -3.990387 -2.908112
v 16.673885 -2.875004 -3.414536
v 16.406506 -2.442380 -4.114532
v 16.398941 -1.902067 -3.456757
v 16.600464 -2.097778 -2.798981
v 16.391373 -1.361754 -2.798981
v 16.333088 -1.665154 -2.098969
v 16.413960 -2.181260 -1.783112
v 16.527859 -1.489952 -1.007629
v 16.018982 -0.857498 -1.624115
v 15.900463 -0.965155 -2.366348
v 15.900463 -0.965155 -3.231598
v 15.479118 -0.642998 -2.814468
v 15.668972 -1.339715 -4.095779
v 14.916275 -0.511995 -3.659805
v 15.046495 0.057002 -2.547089
v 14.277264 0.389908 -3.294113
v 14.189215 0.880464 -2.641495
v 13.920795 1.121254 -3.286545
v 13.434721 1.896014 -2.701645
v 13.546648 1.418439 -2.187256
v 8.887836 3.281122 -0.996506
v 8.964502 4.598947 -1.043533
v 9.362207 4.004117 -1.061371
v 8.127346 4.365614 -1.093796
v 7.940763 3.213868 -1.303406
v 8.559252 2.460542 -1.039459
v 7.634115 2.400745 -1.343506
v 7.823229 1.464685 -1.248535
v 8.948801 1.231352 -1.198273
v 9.054132 1.816734 -1.181396
v 8.559252 0.273774 -1.703430
v 9.116222 0.895440 -1.383682
v 9.607281 0.400543 -1.434875
v 8.126629 0.764686 -1.306824
v 7.803051 0.262022 -2.199631
v 8.250799 -0.351276 -2.854721
v 8.917675 -0.724681 -2.318115
v 9.332430 -0.287380 -1.625671
v 9.300747 -1.329659 -1.675568
v 9.729031 -0.720004 -1.134766
v 10.054638 0.062436 -1.254852
v 10.233438 -0.173093 -0.573090
v 10.124853 -0.985662 -0.766739
v 10.160059 -0.705363 -0.249115
v 9.950970 -1.441386 -0.249115
v 9.710514 -0.976110 0.708496
v 10.487780 -0.015219 0.058640
v 9.969065 -0.243458 0.794617
v 9.269064 -0.510834 1.227234
v 10.348919 0.606437 1.042145
v 9.079676 0.043908 1.788895
v 9.577347 0.765471 1.673904
v 8.743185 0.477221 2.378876
v 9.458107 1.437796 2.654526
v 10.045471 1.522913 1.963226
v 10.035330 2.024261 2.483047
v 9.506050 1.847682 3.364777
v 9.977043 2.327661 3.183060
v 10.748682 2.641654 2.804657
v 10.489948 2.659606 3.490707
v 7.526947 4.677596 -1.511963
v 7.838575 5.453466 -1.591904
v 8.374821 4.936275 -1.202347
v 6.747923 5.253613 -1.996063
v 7.319483 5.996963 -1.899170
v 7.204666 4.201542 -1.873535
v 7.730745 3.932990 -1.584702
v 7.204666 3.205685 -1.873535
v 6.683714 3.703614 -2.334213
v 6.489786 3.105630 -2.523178
v 6.998123 2.705093 -1.968857
v 6.551247 2.203990 -2.499237
v 7.048401 1.908325 -1.929382
v 6.883509 1.317956 -2.437393
v 7.370430 0.962022 -1.932251
v 7.255943 0.588583 -2.825058
v 6.825222 1.014556 -3.137405
v 7.339931 0.560561 -3.625427
v 7.739010 0.079108 -3.274445
v 7.830841 0.163961 -4.058044
v 8.213392 -0.688460 -3.567627
v 8.259081 -0.261536 -4.315506
v 8.353304 -1.119436 -3.856598
v 8.600933 -1.355027 -3.032333
v 8.562393 -1.855460 -3.856598
v 8.650299 -2.096716 -3.018112
v 8.917675 -1.664092 -2.318115
v 8.966112 -2.486763 -1.969131
v 8.698736 -2.919387 -2.669128
v 8.966112 -3.352011 -1.969131
v 9.362713 -2.919387 -1.478210
v 9.710514 -1.906662 -1.206711
v 9.961910 -2.452686 -0.947067
v 9.844297 -3.444715 -0.882111
v 10.168970 -2.919387 -0.032104
v 10.050978 -2.072261 -0.032104
v 9.844297 -2.394058 0.817886
v 9.655220 -1.737444 0.795517
v 9.144712 -1.441386 1.197006
v 8.913055 -1.993866 1.569580
v 8.748112 -1.008762 1.687912
v 8.036346 -2.219387 1.935272
v 8.322065 -0.836691 2.221237
v 8.583998 -0.265598 2.309860
v 8.263779 -0.533291 2.921234
v 8.475809 0.044597 3.078873
v 8.525059 -0.290859 3.751282
v 8.791317 0.139954 3.906235
v 8.684898 0.780621 3.078873
v 9.175808 1.177221 3.511490
v 9.133940 1.130295 4.106018
v 9.343029 1.866318 4.106018
v 9.545523 1.507836 4.716888
v 9.923063 2.118711 4.483566
v 9.833939 2.262918 3.673401
v 10.278612 2.505825 4.086777
v 6.008213 6.696105 -2.073883
v 6.751482 7.373343 -2.321289
v 6.863720 6.638980 -2.223297
v 6.440836 5.996105 -1.806503
v 5.704813 5.996105 -2.015594
v 5.899092 5.314742 -2.099503
v 5.053947 5.333380 -2.334213
v 5.357347 4.633380 -2.392502
v 6.315300 4.553614 -2.263443
v 4.658596 4.823617 -2.873657
v 4.936081 4.301122 -2.839584
v 4.263247 4.313855 -3.413101
v 4.539480 3.868498 -3.330505
v 4.263247 5.179102 -3.413101
v 3.995871 4.746479 -4.113113
v 3.861383 3.759642 -4.458939
v 4.420748 3.117727 -3.863144
v 4.362461 2.814327 -4.563156
v 4.974352 2.271557 -4.008575
v 5.241730 2.704181 -3.308563
v 5.454578 3.498868 -2.895844
v 6.063744 2.684252 -3.032272
v 5.674353 2.213270 -3.705170
v 6.492960 1.900590 -3.199249
v 5.885014 1.806915 -4.514877
v 6.866096 1.327242 -3.918274
v 6.799149 1.407820 -4.848053
v 7.377613 0.897302 -4.338165
v 8.099134 1.174739 -5.190475
v 8.098219 0.596585 -4.758057
v 8.643084 0.294613 -4.854294
v 9.051947 1.069613 -5.247131
v 9.387854 0.294613 -5.182602
v 9.116917 -0.472068 -5.147141
v 9.883598 -0.179222 -5.620987
v 9.570913 -0.960096 -5.661850
v 9.095797 -1.256078 -5.109222
v 8.620680 -1.552060 -4.556595
v 9.266676 -1.891681 -5.106110
v 8.930185 -2.361386 -4.516129
v 9.326786 -2.830402 -5.007050
v 8.848345 -3.413681 -4.393784
v 8.580969 -2.981057 -3.693771
v 8.790058 -3.717081 -3.693771
v 8.976826 -4.026393 -3.267105
v 8.907825 -3.655411 -2.669128
v 9.499403 -4.474138 -2.771683
v 9.271362 -4.105252 -1.948593
v 9.480452 -4.841276 -1.948593
v 9.623714 -4.513544 -1.026154
v 9.538738 -3.672628 -1.248596
v 9.465054 -5.450005 -0.769669
v 9.496830 -5.126449 -0.002106
v 9.705919 -4.390425 -0.002106
v 9.915077 -3.813129 -0.032104
v 9.469738 -4.308897 0.586395
v 9.844297 -3.444715 0.817886
v 8.994299 -3.769387 1.343216
v 9.362713 -2.919387 1.414001
v 8.468969 -2.919387 1.667892
v 8.034103 -3.604828 1.618500
v 7.583284 -2.875386 1.897125
v 7.217970 -3.575386 1.740891
v 6.687038 -2.816502 1.548981
v 7.082840 -2.352633 2.050903
v 6.383638 -2.116502 1.607254
v 6.778641 -1.621387 2.120224
v 7.669970 -1.542895 2.793961
v 7.115261 -1.121926 2.914307
v 7.677740 -1.179977 3.691559
v 7.027689 -1.152325 3.756653
v 6.181892 8.120278 -2.556473
v 6.510363 8.890939 -2.608139
v 6.634626 8.116732 -2.498276
v 5.786875 8.926270 -2.813919
v 5.785292 7.687654 -3.047379
v 5.307297 8.371943 -3.438110
v 5.307297 7.321285 -3.438110
v 5.740835 7.128728 -2.773880
v 4.932737 6.457103 -3.206619
v 5.308212 6.428729 -2.506500
v 4.657347 5.766004 -2.825119
v 4.529921 6.219699 -4.113113
v 4.841034 6.758843 -3.971191
v 4.352081 6.351105 -4.872589
v 4.141676 5.811908 -4.873108
v 4.204960 5.482502 -4.113113
v 3.788864 4.997904 -4.655060
v 3.442902 5.522729 -5.441193
v 3.441656 4.175777 -5.228165
v 2.627056 4.872550 -5.898682
v 3.045055 3.743153 -5.719070
v 3.774076 3.466010 -5.222702
v 3.477678 3.043153 -5.986450
v 4.167345 2.726124 -5.542206
v 4.109058 2.422725 -6.242203
v 4.599968 2.026124 -5.809586
v 4.927969 1.995990 -5.244476
v 5.627970 1.728613 -5.677109
v 5.299969 1.758748 -6.242203
v 4.599968 2.026124 -6.674835
v 5.299969 1.967837 -6.978226
v 6.322575 1.839340 -7.008286
v 6.442852 1.576889 -6.180740
v 6.933855 1.669090 -5.630569
v 7.242002 1.800323 -6.031952
v 7.806288 1.648574 -5.957153
v 7.142853 1.844265 -6.613358
v 8.090458 2.103592 -6.409164
v 6.875475 2.276889 -7.313354
v 7.660217 2.523640 -7.202301
v 8.496992 2.720613 -6.808136
v 8.907028 2.139485 -6.353760
v 8.572969 1.613122 -5.686218
v 9.405079 1.622265 -5.951782
v 9.823317 2.012295 -6.649857
v 10.170509 1.328580 -6.379028
v 9.826946 0.773590 -5.726105
v 10.346367 0.294613 -6.141113
v 10.865396 1.019096 -6.625397
v 10.763809 0.428614 -6.488297
v 11.067209 -0.271386 -6.430008
v 10.215691 -0.857933 -5.980408
v 10.975029 -0.820207 -6.203903
v 10.519091 -1.633387 -5.922119
v 11.430969 -1.633387 -6.045105
v 10.975029 -2.446568 -6.203903
v 10.215691 -2.408840 -5.980408
v 10.694946 -3.184294 -6.276596
v 9.819090 -2.841464 -5.489487
v 10.399065 -3.821007 -5.903625
v 9.834923 -3.317548 -5.318008
v 9.872246 -4.240876 -5.296112
v 9.438322 -3.750172 -4.827087
v 9.813959 -4.544276 -4.596100
v 9.280968 -4.113681 -4.126404
v 9.849051 -4.812456 -3.837219
v 9.467735 -4.422993 -3.699738
v 9.984077 -5.033644 -3.267105
v 10.308346 -5.776011 -3.896103
v 10.329067 -5.816284 -3.267105
v 9.913298 -5.402058 -2.417114
v 10.253080 -5.979877 -2.344620
v 9.856480 -6.412501 -1.853714
v 10.542297 -6.773058 -2.437103
v 10.060713 -7.298387 -1.841003
v 9.698271 -6.848577 -1.409882
v 9.465054 -6.398769 -0.769669
v 9.379400 -7.671428 -1.312836
v 8.889320 -7.288568 -0.455612
v 9.380959 -6.723498 -0.002106
v 9.607969 -5.924387 -0.002106
v 9.317675 -6.394093 0.757889
v 9.317675 -5.454681 0.757889
v 8.887081 -5.924387 1.290878
v 8.618900 -5.165503 1.325974
v 8.587912 -4.401829 1.312408
v 7.826328 -5.156819 1.584061
v 7.748901 -4.334270 1.548981
v 6.949970 -5.050386 1.482895
v 6.743587 -4.342954 1.597977
v 6.054352 -4.672819 1.462982
v 6.418858 -3.575386 1.513885
v 5.547699 -3.834931 1.120239
v 5.928154 -3.106370 1.079956
v 5.252594 -3.510681 0.288223
v 5.252594 -2.645433 0.288223
v 5.788086 -2.445155 1.131027
v 4.855993 -3.078057 -0.202682
v 4.552593 -2.378057 -0.144409
v 4.273201 -1.866521 0.194778
v 3.760960 -1.812676 -0.245850
v 4.157560 -1.380053 0.245056
v 4.598642 -1.269715 0.858887
v 4.072975 -0.744387 0.447754
v 4.598642 -0.219058 0.858887
v 4.955875 -0.809691 1.485229
v 5.448641 -1.594387 1.384216
v 5.716019 -1.161763 2.084229
v 5.270905 -0.603502 2.335144
v 6.415260 -1.063639 2.610901
v 5.487970 -0.524092 3.400604
v 6.415260 -0.854550 3.346924
v 6.332211 -1.097422 4.263199
v 5.452419 -0.330737 4.362793
v 5.696491 -0.708166 4.754272
v 5.288946 9.472847 -3.300217
v 5.491693 9.947779 -3.353012
v 6.068508 9.575129 -2.945175
v 4.926886 10.231304 -3.835358
v 4.663340 9.491748 -4.057709
v 4.892345 9.040223 -3.791122
v 4.807619 8.582045 -4.035767
v 4.266739 9.059124 -4.548615
v 4.641298 8.194942 -4.780106
v 5.081621 7.669613 -4.044983
v 4.641298 7.144285 -4.780106
v 4.159714 7.669613 -5.376221
v 3.915241 6.823839 -5.388489
v 3.377073 7.669613 -5.721207
v 3.108665 6.689542 -5.819534
v 3.711082 6.281613 -5.406097
v 2.651922 7.741613 -5.942062
v 2.219299 7.041614 -6.209442
v 2.587713 6.191614 -6.280212
v 1.785023 6.249055 -6.637482
v 1.461573 7.006496 -6.591476
v 0.938898 6.407131 -6.969528
v 1.242298 5.707131 -7.027817
v 0.542297 5.974507 -7.460434
v 0.902678 5.157614 -7.673813
v 1.662676 4.867319 -7.204102
v 1.296743 4.445252 -7.812286
v 1.784246 3.964990 -7.279236
v 2.077431 4.439373 -6.511673
v 2.497150 3.718493 -6.812836
v 2.986769 3.439754 -6.419067
v 2.817369 2.949452 -7.124466
v 3.477678 3.043153 -6.851700
v 3.249992 2.458541 -7.521072
v 4.130951 2.540965 -7.132889
v 3.949993 2.516829 -7.824463
v 4.830952 2.482678 -7.436295
v 4.539970 2.853319 -8.256409
v 5.299969 2.916603 -7.927002
v 5.769676 2.383614 -7.496399
v 6.058853 2.951694 -8.195175
v 6.541920 2.442220 -7.745804
v 7.176487 2.956356 -8.041214
v 6.366188 3.425970 -8.682266
v 5.299969 3.143613 -8.726105
v 5.540897 3.141958 -9.205383
v 6.240898 3.409334 -9.638016
v 6.731808 3.805934 -9.205383
v 6.940897 4.541957 -9.205383
v 6.673521 4.109334 -9.905396
v 6.673521 4.974581 -9.905396
v 6.817509 5.257614 -8.922546
v 7.232264 4.787908 -8.230103
v 7.581745 3.847621 -8.084900
v 7.931038 4.498729 -7.662033
v 8.457283 3.975777 -7.519058
v 8.116158 3.261366 -7.484085
v 8.975969 3.316650 -7.148071
v 8.936352 4.490046 -7.613022
v 9.672375 4.490046 -7.403931
v 9.882427 3.316650 -7.148071
v 9.454947 2.720613 -6.808136
v 10.255939 2.712295 -6.917236
v 10.792093 3.728613 -6.864883
v 10.991962 2.712295 -6.708145
v 10.561996 1.719096 -6.683685
v 11.298019 1.719096 -6.892776
v 11.730642 2.419096 -6.625397
v 12.034042 1.719096 -6.683685
v 11.826714 1.204067 -6.729492
v 12.785225 1.204067 -6.729492
v 12.305969 0.428614 -6.585114
v 11.499832 0.428614 -6.697388
v 12.342569 -0.158387 -6.608505
v 13.078592 -0.158387 -6.399414
v 12.710941 -0.866705 -6.450241
v 11.909946 -0.858387 -6.341125
v 12.257713 -1.633387 -6.170120
v 13.143564 -1.633387 -6.182861
v 12.786369 -2.778987 -6.512115
v 11.909946 -2.408386 -6.341125
v 12.410213 -3.078895 -6.666336
v 11.330128 -3.375340 -6.469284
v 11.966482 -3.566386 -6.777832
v 11.663082 -4.266386 -6.836121
v 10.925884 -4.266386 -6.511154
v 11.333677 -5.026386 -6.899399
v 10.602329 -5.033954 -6.542938
v 10.205729 -4.601330 -6.052017
v 10.142401 -5.564097 -6.185837
v 9.938353 -5.033954 -5.352020
v 9.875025 -5.996721 -5.485840
v 10.040970 -5.343387 -4.596100
v 10.153915 -6.339869 -4.724762
v 10.084114 -6.732745 -5.485840
v 10.484011 -7.076458 -4.837112
v 10.542297 -6.773058 -4.137115
v 10.685299 -7.733057 -4.300110
v 10.866970 -7.298387 -3.287109
v 10.613075 -6.404644 -3.287109
v 10.728798 -8.178165 -3.234268
v 10.542297 -7.823715 -2.437103
v 10.235680 -8.595812 -2.578583
v 9.692299 -8.148387 -1.911774
v 9.693729 -8.802819 -2.243652
v 9.101664 -8.774732 -2.269012
v 8.641640 -8.148387 -1.911774
v 8.202209 -8.314955 -2.193649
v 7.997494 -7.536628 -1.550079
v 8.855536 -7.510561 -1.212509
v 8.209017 -7.448387 -0.779160
v 7.085970 -7.148404 -1.152344
v 7.286617 -7.288568 -0.455612
v 8.087969 -7.444387 -0.002106
v 7.187754 -7.119471 0.297623
v 8.087969 -7.217376 0.796997
v 8.847967 -7.154093 0.467590
v 8.557676 -6.684387 1.227600
v 7.618261 -6.684387 1.227600
v 8.087969 -5.924387 1.517899
v 7.271835 -5.953829 1.395508
v 6.338854 -6.768468 0.616821
v 6.219034 -6.091829 1.349930
v 6.377907 -5.440387 1.494751
v 5.579969 -5.440387 1.605896
v 5.110262 -6.200387 1.315598
v 4.780857 -5.440387 1.378876
v 5.110262 -4.680387 1.315598
v 4.350264 -4.970681 0.845886
v 4.819971 -4.210681 0.555603
v 3.935509 -4.533381 0.153458
v 4.552593 -3.778057 -0.144409
v 3.565107 -4.274492 -0.246719
v 2.866396 -3.461416 -0.423065
v 4.119970 -3.078057 -0.411774
v 3.337622 -2.593552 -0.414062
v 2.988050 -2.649150 -0.358002
v 2.638483 -2.072968 -0.301926
v 2.694969 -0.881153 -0.242096
v 2.404932 -1.769047 -0.197174
v 3.444275 -0.996915 -0.110291
v 3.163094 -0.123712 0.047226
v 2.155540 -0.118279 0.056458
v 2.694969 0.748613 0.220886
v 3.542095 0.748613 0.102905
v 4.202042 0.213566 0.367981
v 4.278118 0.748613 0.311996
v 4.674719 0.315989 0.802902
v 4.674719 1.181237 0.802902
v 4.942095 0.748613 1.502899
v 4.863810 0.042424 1.515457
v 4.919888 0.174682 2.172012
v 4.870884 1.179996 2.163330
v 4.727968 0.705614 2.930893
v 4.954979 -0.093498 2.930893
v 5.208101 0.045845 3.852753
v 4.661194 0.949492 3.562546
v 4.775478 0.745845 4.120132
v 5.266388 0.349245 4.552765
v 4.686354 0.531940 5.175644
v 5.189039 -0.125803 5.095917
v 3.742430 10.480619 -5.003677
v 4.247395 11.082896 -4.664474
v 4.641203 10.616226 -4.240005
v 4.139030 10.047997 -4.512756
v 3.742430 9.615373 -5.003677
v 3.327675 10.043320 -5.696106
v 3.387785 9.104597 -5.795166
v 3.915241 8.515388 -5.388489
v 3.078279 8.331663 -5.754715
v 2.536018 8.881730 -6.222153
v 2.897081 9.573613 -6.229095
v 2.799675 10.583660 -6.285110
v 2.506351 10.194738 -6.877548
v 2.350700 11.120821 -6.950470
v 1.841618 10.792044 -7.516769
v 2.115620 9.879614 -7.525986
v 1.675297 10.404942 -8.261108
v 1.675297 9.354284 -8.261108
v 1.746075 8.985870 -7.411102
v 1.804361 8.682470 -6.711105
v 1.519299 8.174237 -6.642059
v 1.915899 7.741613 -6.151154
v 1.149967 8.504285 -7.936432
v 0.717344 7.804285 -7.669067
v 1.064972 7.439120 -7.082382
v 0.567938 6.771659 -7.363083
v 0.171337 7.204283 -7.853989
v 0.058464 6.322280 -7.846146
v -0.371920 6.742000 -8.357941
v -0.709104 6.029096 -8.320526
v -0.351797 5.275338 -8.379364
v 0.171329 5.165181 -8.030289
v 0.474730 4.465181 -8.088562
v 0.207352 4.032557 -8.788574
v 0.820351 3.892872 -8.561798
v 0.303951 3.465131 -9.474335
v 1.165970 3.320562 -9.035019
v 1.613438 3.720644 -8.147049
v 2.042059 2.952929 -8.380585
v 2.117369 3.216829 -7.557098
v 2.549992 2.516829 -7.824463
v 2.515945 2.595829 -8.936722
v 3.249992 2.249453 -8.257095
v 3.215946 2.537541 -9.240112
v 3.932970 2.556329 -8.813217
v 3.763390 3.161817 -9.665680
v 4.532402 3.209787 -8.987747
v 4.840897 3.409334 -9.638016
v 4.389677 3.987613 -10.109406
v 5.108274 3.841958 -10.338013
v 5.540897 3.351046 -9.941406
v 5.973520 3.841958 -10.338013
v 5.540897 4.541957 -10.605392
v 6.276920 4.541957 -10.396301
v 6.170601 5.064479 -10.439514
v 5.434578 5.064479 -10.648590
v 5.809761 5.857422 -10.416718
v 6.567202 5.497103 -9.948593
v 6.192642 6.361285 -9.717102
v 6.907043 6.187805 -8.698441
v 6.549875 6.886613 -9.090759
v 7.125641 7.168942 -8.554108
v 7.607225 6.643613 -7.958008
v 7.128519 5.729313 -8.176788
v 7.931038 6.016498 -7.662033
v 7.662857 5.257614 -7.697113
v 8.461969 5.257614 -7.470108
v 8.936352 6.025181 -7.613022
v 9.259907 5.257614 -7.581253
v 9.672375 6.025181 -7.403931
v 9.995930 5.257614 -7.372162
v 10.392530 5.690237 -6.881241
v 10.381126 4.755274 -6.873795
v 10.766321 5.118183 -6.375443
v 11.188694 4.161237 -6.373978
v 11.307201 4.641103 -5.862595
v 11.646755 3.692221 -5.859131
v 11.250154 3.259597 -6.350037
v 12.132174 3.138917 -5.808502
v 11.704641 4.217285 -5.477112
v 12.504002 3.778234 -4.914032
v 13.014664 3.266270 -5.309006
v 12.770954 2.811261 -5.615891
v 12.503576 2.378637 -6.315887
v 13.401646 2.451480 -5.564713
v 13.217848 1.904067 -6.462112
v 13.917849 1.636691 -6.029495
v 13.521248 1.204067 -6.520401
v 13.917849 0.771443 -6.029495
v 13.217848 0.504067 -6.462112
v 13.724001 -0.407341 -6.003906
v 14.120602 0.025283 -5.512985
v 14.189772 -0.900446 -5.364532
v 13.852953 -1.346440 -5.728607
v 13.446964 -0.866705 -6.241150
v 14.358086 -1.867387 -5.268600
v 13.881279 -2.156903 -5.781174
v 14.693993 -2.642386 -5.333130
v 14.139641 -3.310387 -6.291779
v 13.522392 -2.778987 -6.303024
v 13.275459 -3.078895 -6.666336
v 13.819195 -3.918763 -7.017838
v 13.226299 -3.977804 -7.405136
v 12.457186 -4.035402 -7.211761
v 12.793676 -4.468716 -7.801727
v 12.093676 -4.736092 -7.369110
v 12.490276 -5.168715 -7.860016
v 11.844280 -5.508336 -7.310501
v 12.169279 -6.195436 -7.462494
v 11.192776 -5.851887 -7.033691
v 11.658676 -6.677386 -7.051407
v 10.842402 -6.696721 -6.618454
v 10.539001 -5.996721 -6.676743
v 10.142401 -6.429345 -6.185837
v 10.575024 -7.129345 -5.918457
v 11.340322 -7.309547 -6.423721
v 11.091141 -7.771614 -5.712463
v 10.582035 -7.345572 -5.291092
v 10.952675 -8.165681 -5.000107
v 11.366400 -8.348346 -5.644836
v 11.074245 -9.068010 -4.924973
v 11.366400 -9.094428 -5.644836
v 12.047712 -8.721387 -6.173004
v 11.803240 -9.567162 -6.160736
v 11.340349 -9.999884 -5.712784
v 11.029055 -9.796003 -4.655670
v 10.944960 -9.471273 -3.888107
v 10.735870 -8.735250 -3.888107
v 10.708618 -9.076065 -3.181442
v 10.881676 -9.800678 -3.128113
v 10.182901 -9.511501 -2.560028
v 10.451082 -10.270386 -2.595123
v 9.651970 -10.270386 -2.368103
v 9.405064 -9.474731 -2.327301
v 8.979992 -9.782522 -2.545120
v 8.676592 -9.082522 -2.486832
v 8.189304 -9.803402 -2.787994
v 7.774261 -9.007386 -2.608398
v 7.400858 -9.544001 -3.275284
v 7.014263 -8.717093 -3.078110
v 7.518593 -7.848404 -2.284958
v 6.680021 -7.849020 -2.675888
v 7.085970 -7.357492 -1.888367
v 6.235971 -7.286716 -2.256775
v 6.280138 -7.151141 -1.290863
v 5.565357 -6.878119 -1.732620
v 5.550528 -6.838001 -0.730240
v 6.552834 -7.217376 -0.738129
v 6.347536 -7.026561 -0.175751
v 5.579969 -6.960387 0.085892
v 4.819971 -6.670093 -0.383820
v 4.769047 -6.801153 0.343231
v 5.579969 -6.733376 0.885010
v 4.678329 -6.790362 0.979111
v 4.943680 -6.471926 -1.230515
v 4.119970 -6.402717 -0.816437
v 4.007460 -6.334216 -1.754044
v 3.636152 -6.151126 -1.507660
v 3.792593 -5.007763 -0.614105
v 3.092974 -4.807202 -0.955322
v 3.249569 -5.345501 -1.291946
v 3.792593 -5.873011 -0.614105
v 3.397047 -5.893525 -1.342987
v 4.059969 -5.440387 0.085892
v 1.597548 -0.981787 0.050980
v 1.315468 -1.229414 0.471115
v 1.796936 -1.636292 0.135101
v 0.963322 -0.577751 0.688751
v 1.241110 -0.159420 0.271271
v 0.988718 0.218121 0.851303
v 1.544510 0.540579 0.329559
v 1.254387 0.987648 0.907608
v 2.162018 1.458270 0.353699
v 1.671854 1.786994 1.050659
v 2.465418 2.158269 0.411987
v 2.898041 1.458270 0.144608
v 3.330664 2.158269 0.411987
v 3.974718 1.448613 0.370285
v 4.131992 2.004847 0.839996
v 3.828592 2.704847 0.898285
v 4.528593 2.437471 1.330902
v 4.733006 1.484637 1.502899
v 4.864693 1.935990 1.917023
v 5.286884 3.093826 2.137924
v 5.322754 2.405006 2.431870
v 4.954979 1.504725 2.930893
v 5.388903 1.995429 3.399902
v 4.897993 1.598829 3.832535
v 5.330616 2.298829 4.099915
v 4.419283 2.131545 4.560867
v 4.393219 1.364354 4.126617
v 4.133104 1.489105 4.793518
v 3.214430 11.918613 -5.592682
v 3.624853 12.496668 -5.121719
v 3.985788 11.721613 -4.925323
v 3.214430 11.011606 -5.592682
v 2.799675 11.448908 -6.285110
v 2.799675 12.388319 -6.285110
v 2.369081 11.918613 -6.818100
v 2.039677 12.678614 -6.754807
v 1.611729 11.986181 -7.169571
v 1.100262 12.678614 -6.754807
v 0.553637 12.027940 -7.102005
v 1.223240 11.303556 -8.044998
v 0.299969 11.670712 -7.522217
v 0.119919 11.248778 -8.416962
v 0.825298 10.729613 -8.786438
v 0.120255 10.807308 -9.180084
v 0.520073 9.940832 -9.202209
v 1.193712 9.879614 -8.857208
v 0.951609 8.985063 -8.846024
v 0.535717 8.758749 -9.148605
v 0.118738 7.993103 -8.827621
v -0.356701 8.532614 -9.584442
v -0.380699 7.979729 -9.181473
v 0.014675 7.568908 -8.555115
v -0.745324 7.278614 -9.024811
v -1.215031 7.971046 -9.439575
v -1.668533 7.237262 -9.159286
v -1.178638 6.688638 -8.688324
v -2.024654 6.697033 -8.734390
v -1.592031 5.997033 -8.467010
v -2.469042 6.126440 -8.753113
v -2.024654 5.297033 -8.734390
v -1.178638 5.288638 -8.688324
v -1.592031 4.806122 -9.130997
v -0.732218 4.803367 -8.894135
v -1.113054 4.262613 -9.570084
v -0.276278 4.065639 -9.175919
v -0.558064 3.609700 -9.913651
v -1.592031 3.847609 -10.089508
v -1.420031 3.547720 -10.757324
v -0.680030 3.318990 -11.045486
v 0.019970 3.260702 -10.742081
v 0.465969 3.053890 -10.075623
v 0.465969 3.053890 -10.940872
v 1.165970 2.786514 -10.508240
v 1.165970 2.995603 -9.772217
v 1.865971 3.053890 -10.075623
v 2.068586 3.074631 -9.388535
v 2.783323 3.028452 -9.636719
v 2.545538 3.709413 -10.529358
v 3.450262 3.987613 -10.109406
v 3.076859 4.524227 -10.776276
v 3.919970 4.577589 -10.445892
v 3.633640 5.153613 -10.909775
v 4.591593 5.233380 -10.780716
v 4.821609 4.577589 -10.445892
v 4.313469 5.722711 -11.347244
v 5.167971 5.753990 -10.999725
v 4.900593 6.186614 -11.699738
v 5.600594 6.453990 -11.267105
v 5.295753 6.984006 -11.803131
v 5.718584 7.301116 -11.267105
v 5.867970 6.886613 -10.567108
v 6.121864 7.780356 -10.567108
v 6.192642 7.411942 -9.717102
v 6.717972 8.261942 -10.041779
v 6.717972 8.261942 -11.092438
v 7.567970 8.586614 -10.567108
v 7.574196 8.414619 -9.645584
v 7.650970 8.018942 -8.878784
v 8.500969 8.343614 -9.404114
v 8.403994 8.228541 -8.650116
v 7.975639 7.493613 -8.028778
v 8.733366 7.458497 -7.646744
v 8.500969 6.643613 -7.704102
v 9.236992 6.643613 -7.495026
v 9.654858 7.393613 -7.090118
v 9.923038 6.634729 -7.055023
v 10.392056 7.393613 -6.765152
v 10.788656 6.960990 -6.274246
v 10.492319 6.030613 -6.366226
v 10.932642 6.555943 -5.631104
v 10.932642 5.505285 -5.631104
v 11.414227 6.030613 -5.035004
v 11.658699 5.184838 -5.022736
v 12.307970 6.030613 -4.781113
v 12.576344 5.557497 -4.778839
v 12.186226 4.742614 -4.880997
v 13.257492 6.173305 -4.906311
v 13.468807 5.237785 -4.620773
v 12.745754 4.325930 -4.387909
v 13.782520 4.444957 -4.342453
v 13.315969 3.826470 -3.844803
v 14.085920 5.144958 -4.400742
v 14.095909 6.315996 -4.704453
v 14.487514 5.730477 -4.061676
v 14.768799 6.705387 -4.233475
v 14.907265 6.311319 -3.521103
v 15.376972 7.071320 -3.811401
v 15.376972 7.071320 -4.750809
v 13.626478 6.973094 -5.395004
v 12.833300 6.880613 -5.105774
v 13.193855 7.464005 -5.791595
v 12.373276 7.506958 -5.463013
v 12.760185 8.083974 -5.776138
v 13.453144 7.775208 -6.358536
v 13.200420 8.513914 -6.312790
v 13.511431 8.078608 -7.058533
v 13.386971 8.985614 -7.126114
v 13.625759 8.702528 -8.021103
v 14.030960 7.525725 -7.667114
v 13.831612 8.054806 -8.321045
v 14.027143 7.131207 -8.793533
v 13.818054 7.867231 -8.793533
v 13.838585 7.525479 -9.590546
v 13.603848 6.634085 -9.688126
v 13.925852 5.942888 -9.496735
v 14.417532 6.601934 -8.532532
v 13.189829 5.942888 -9.705826
v 13.493229 5.242888 -9.764114
v 12.793228 5.510265 -10.196732
v 12.793228 6.375512 -10.196732
v 12.462622 5.765552 -10.704697
v 12.678347 4.931631 -10.890244
v 11.880020 4.984953 -11.357147
v 11.940073 6.162832 -11.080200
v 11.431713 5.604613 -11.533218
v 11.147001 4.798949 -11.570465
v 11.450401 4.098949 -11.628754
v 10.576916 4.331278 -12.142151
v 10.100031 4.996231 -12.164627
v 9.703430 4.563607 -12.655548
v 9.829662 3.991488 -12.858856
v 10.565073 3.719832 -12.345215
v 10.056713 3.161613 -12.798218
v 9.264225 2.723067 -13.052719
v 9.685928 2.151781 -12.900543
v 10.284039 2.179614 -12.576614
v 10.064941 1.180933 -12.791977
v 10.587439 1.479614 -12.634903
v 11.020061 2.179614 -12.367523
v 9.273254 1.138820 -13.012482
v 9.594753 0.691630 -12.936462
v 8.743757 0.576577 -12.561142
v 9.047157 -0.123423 -12.502853
v 9.898153 -0.008370 -12.878174
v 9.594753 -0.708370 -12.936462
v 10.388857 -0.477386 -13.312103
v 9.921015 -1.236271 -13.138092
v 10.657038 -1.236271 -13.347183
v 10.353638 -1.936271 -13.405472
v 11.146210 -1.944954 -13.663574
v 11.449610 -1.244954 -13.605286
v 11.971527 -1.711800 -14.170700
v 12.418530 -1.177386 -13.695343
v 12.900579 -1.768530 -14.683823
v 12.032970 -2.215057 -15.160431
v 12.882969 -2.144280 -15.528854
v 14.105696 -2.157243 -15.028748
v 13.408298 -2.740386 -16.010437
v 14.201477 -2.647905 -15.721222
v 14.805696 -2.098955 -15.332153
v 14.901478 -2.589618 -16.024612
v 15.369370 -1.837837 -15.783173
v 15.676197 -2.211800 -16.450165
v 16.254639 -1.461387 -16.334442
v 15.881458 -2.650502 -16.890503
v 16.875149 -1.738651 -17.042282
v 16.446701 -2.640956 -17.403824
v 16.937611 -2.244356 -17.836441
v 17.570972 -1.478058 -18.116776
v 16.974865 -1.959644 -18.642105
v 17.570972 -1.478058 -19.167435
v 18.420971 -1.153387 -18.642105
v 18.130699 -1.232956 -17.742401
v 19.120972 -0.886011 -18.209488
v 19.120972 -0.886011 -19.074738
v 19.611881 -0.489411 -18.642105
v 19.553593 -0.186011 -19.342102
v 19.243885 -0.529456 -19.543228
v 19.185596 -0.226056 -20.243225
v 19.341110 0.644675 -20.121109
v 19.420971 0.265614 -20.898102
v 19.385792 0.989110 -20.922455
v 19.229973 1.442614 -20.121109
v 19.520260 1.912319 -20.881104
v 19.456978 2.241725 -20.121109
v 19.989971 2.672319 -20.590820
v 19.989971 2.672319 -19.651398
v 20.749969 2.962614 -20.121109
v 20.749969 2.735603 -19.321991
v 21.509968 2.672319 -19.651398
v 21.509968 2.672319 -20.590820
v 22.476254 2.500360 -19.994659
v 21.991920 2.261220 -19.140793
v 22.593693 2.220432 -18.933777
v 22.059486 2.026323 -20.930435
v 22.759487 1.968036 -20.627029
v 23.403969 2.150720 -20.383850
v 23.593296 1.363132 -21.186813
v 22.820667 1.533573 -21.323639
v 23.253674 0.813614 -21.832809
v 24.127369 0.492122 -21.430191
v 24.479424 1.329348 -21.199722
v 24.865192 1.771446 -21.196930
v 24.333515 2.372623 -20.578430
v 24.186298 2.645354 -19.802521
v 24.776752 3.125391 -20.241226
v 24.302887 3.062545 -19.209991
v 23.811977 2.665944 -18.777374
v 24.337978 3.330725 -18.451111
v 24.058590 2.700999 -18.008987
v 23.298306 2.246263 -18.577682
v 23.625969 2.000999 -17.741608
v 22.868526 1.954988 -18.065048
v 22.925968 1.597720 -17.262360
v 23.625969 1.656007 -16.958969
v 24.401264 3.001319 -17.691101
v 24.648678 3.966043 -18.255112
v 24.590389 4.269443 -17.555115
v 24.737354 3.709479 -16.977661
v 24.748600 2.826035 -16.948227
v 25.073086 3.137888 -16.001740
v 24.863995 2.401865 -16.001740
v 24.373085 2.005265 -16.434357
v 24.905262 4.055908 -16.247101
v 24.614971 4.525614 -17.007111
v 24.905262 4.995319 -16.247101
v 25.335857 4.525614 -15.714111
v 25.665264 5.285614 -15.777405
v 26.134968 4.525614 -15.487106
v 26.604671 5.285614 -15.777405
v 26.951103 4.555056 -15.609497
v 26.640991 4.061613 -15.515060
v 27.377014 4.061613 -15.724152
v 26.134968 5.818603 -16.207993
v 26.894966 5.755320 -16.537399
v 27.427959 5.324725 -17.007111
v 26.894966 5.755320 -17.476807
v 27.484943 5.418829 -17.908752
v 27.918869 4.928124 -17.439728
v 27.918869 4.928124 -16.574478
v 28.618870 4.660748 -17.007111
v 28.172626 4.615422 -15.983200
v 28.872627 4.673709 -15.679810
v 28.113037 4.061613 -15.515060
v 28.973637 4.180942 -14.895111
v 28.567368 3.326497 -15.074738
v 28.934273 3.157685 -14.759674
v 29.455227 3.655613 -14.298996
v 29.792641 2.845339 -14.229294
v 29.160107 2.529889 -14.609390
v 29.804825 2.093415 -14.136780
v 30.788967 2.089566 -14.364151
v 30.356342 1.389566 -14.096771
v 29.612007 1.555886 -13.709671
v 30.088966 0.956943 -13.396774
v 30.767712 0.643321 -13.855789
v 30.614300 0.106942 -13.072113
v 30.938965 -0.418386 -13.922104
v 30.552631 -1.185867 -13.067886
v 30.257061 -0.483691 -12.445770
v 30.685074 -1.312129 -13.922104
v 30.136478 -2.196269 -13.139099
v 29.950344 -2.331439 -14.055542
v 29.904335 -2.007989 -14.812988
v 29.627075 -2.654129 -15.295105
v 30.076759 -1.687992 -15.267853
v 30.614300 -0.943715 -14.772110
v 30.242931 -1.128334 -16.006790
v 29.610348 -1.789715 -16.635056
v 29.430634 -2.332867 -16.300827
v 29.174068 -3.162489 -15.853333
v 29.089451 -3.326497 -15.316620
v 28.957310 -3.911106 -15.793030
v 28.880360 -4.062521 -15.316620
v 29.051037 -3.847157 -14.603195
v 28.745239 -4.800441 -14.589767
v 28.917076 -4.349129 -13.784103
v 29.262070 -3.566488 -13.784103
v 29.593075 -3.134130 -13.998108
v 28.707985 -5.085153 -13.784103
v 28.734768 -5.156669 -13.288116
v 28.676479 -4.853269 -12.588104
v 28.917076 -5.821177 -13.784103
v 28.449207 -5.961824 -13.071106
v 28.845806 -6.394448 -13.562012
v 28.449207 -6.827072 -13.071106
v 28.181828 -6.394448 -12.371109
v 28.404175 -7.182308 -12.337326
v 28.415852 -8.042114 -13.005920
v 28.141140 -8.056160 -12.323471
v 27.690319 -8.785602 -12.602097
v 27.962345 -8.775897 -13.286209
v 27.747185 -9.342362 -13.347107
v 27.517334 -9.660990 -12.976990
v 27.575619 -9.964390 -13.676987
v 27.247066 -10.496187 -12.990128
v 27.459965 -9.893387 -12.162109
v 27.422943 -9.218225 -11.902084
v 27.206074 -10.787130 -12.162109
v 27.135296 -10.418716 -11.312103
v 26.609966 -11.268715 -11.636780
v 26.609966 -11.268715 -12.687439
v 25.759968 -11.593388 -12.162109
v 25.759968 -11.339493 -11.268372
v 24.929638 -11.396713 -11.585663
v 25.002525 -11.696762 -12.485565
v 24.361362 -11.359610 -11.758621
v 23.928738 -11.850519 -12.155228
v 23.639423 -11.382395 -11.397781
v 23.171299 -12.139837 -11.687103
v 22.815102 -11.655603 -10.827408
v 22.280094 -12.396936 -11.014481
v 22.088051 -12.061317 -10.109985
v 21.487972 -12.778702 -10.756897
v 21.519966 -12.760092 -9.820816
v 22.128139 -12.394159 -9.398743
v 21.646267 -13.047276 -9.173141
v 22.425613 -12.570847 -8.524155
v 21.771961 -13.354717 -8.079361
v 22.711967 -12.942093 -7.620819
v 23.181675 -12.182095 -7.911102
v 23.244961 -12.511499 -7.151108
v 23.471966 -11.712387 -7.151108
v 23.181675 -12.182095 -6.391113
v 22.711967 -12.942093 -6.681396
v 22.421673 -12.472385 -5.921402
v 22.751080 -11.712387 -5.858124
v 21.951969 -11.712387 -5.631104
v 21.482265 -12.472385 -5.921402
v 21.135834 -11.741829 -5.753494
v 21.690331 -10.944820 -5.564941
v 20.614300 -10.489386 -5.182785
v 20.088970 -11.115730 -5.540009
v 19.563641 -10.489386 -5.182785
v 19.146267 -11.551384 -6.035400
v 18.633114 -10.828993 -5.926941
v 18.946968 -9.913486 -4.744003
v 19.752632 -9.605749 -4.246078
v 18.946968 -9.568493 -3.961365
v 19.752632 -9.396660 -3.510056
v 19.149040 -9.166107 -3.137009
v 18.421638 -8.972386 -3.479782
v 18.096970 -9.497715 -4.329773
v 17.571636 -8.647716 -4.005112
v 18.053226 -8.122387 -3.408997
v 17.571636 -7.597058 -4.005112
v 17.246971 -8.122387 -4.855103
v 17.500862 -7.228644 -4.855103
v 17.431149 -7.566059 -5.665375
v 18.015537 -6.722130 -5.599030
v 17.606888 -7.130456 -6.446228
v 17.957249 -6.418730 -6.299042
v 18.224628 -5.986106 -5.599030
v 17.957249 -5.553482 -6.299042
v 18.015537 -5.250082 -5.599030
v 17.443768 -4.773277 -5.948807
v 17.304623 -4.996473 -6.565948
v 16.872002 -4.296474 -6.298569
v 17.232361 -4.329696 -5.424057
v 16.741451 -3.933096 -5.856689
v 16.170635 -4.002035 -6.754669
v 15.862900 -3.504107 -5.949005
v 16.052471 -3.363950 -5.421219
v 15.172970 -3.185895 -5.772232
v 15.162899 -3.445819 -6.252411
v 15.470634 -3.943748 -7.058075
v 14.664970 -3.906492 -6.773361
v 14.441917 -4.425568 -7.461975
v 15.329105 -4.416475 -7.794235
v 14.896482 -4.907387 -8.190826
v 14.159285 -4.907387 -7.865875
v 13.658922 -4.468716 -7.801727
v 13.226299 -5.168715 -8.069107
v 13.793970 -5.607387 -8.022110
v 12.849489 -6.032076 -7.736664
v 13.532330 -6.374954 -7.955933
v 12.551338 -6.899253 -7.491516
v 13.003355 -7.441637 -8.319107
v 12.715797 -7.841608 -7.566269
v 12.097296 -7.309936 -6.965103
v 12.529297 -8.196058 -6.769104
v 13.003355 -8.306885 -8.319107
v 13.211798 -8.911608 -8.502274
v 13.407333 -8.551736 -9.369995
v 13.198244 -9.287760 -9.369995
v 13.349970 -9.791386 -8.555115
v 13.160076 -9.296910 -7.685089
v 13.025297 -10.316715 -7.705109
v 12.615232 -9.876869 -7.046112
v 12.529297 -9.246716 -6.769104
v 11.756184 -10.197334 -6.617477
v 12.175299 -10.641384 -7.179779
v 11.184692 -10.748985 -7.095566
v 10.668303 -10.379713 -6.330246
v 10.452040 -10.835106 -6.837006
v 10.177393 -10.776314 -5.897629
v 10.668303 -10.379713 -5.464996
v 10.214800 -11.113497 -5.184723
v 10.881676 -10.740093 -4.648102
v 10.411968 -11.500092 -4.357819
v 10.944960 -11.069498 -3.888107
v 11.171970 -10.270386 -3.888107
v 10.881676 -10.740093 -3.128113
v 10.411968 -11.500092 -3.418396
v 10.121677 -11.030384 -2.658401
v 9.651970 -11.563375 -3.088989
v 9.182262 -11.030384 -2.658401
v 8.891972 -11.500092 -3.418396
v 8.422264 -10.740093 -3.128113
v 8.852858 -10.270386 -2.595123
v 7.890263 -11.052763 -3.849777
v 8.884403 -11.856560 -4.149750
v 7.689941 -11.543945 -4.299576
v 7.190262 -10.785385 -4.282410
v 6.781475 -10.049206 -4.153030
v 6.430264 -10.495094 -4.752106
v 6.567732 -9.477949 -4.538101
v 6.015509 -10.067146 -5.444534
v 6.171131 -9.045325 -5.029022
v 6.567732 -8.612701 -4.538101
v 6.626019 -8.309301 -3.838104
v 6.135109 -7.912702 -4.270737
v 6.156204 -7.415780 -3.214737
v 5.161921 -7.378428 -3.735138
v 5.609627 -6.929482 -2.716797
v 4.857157 -6.894799 -3.064499
v 4.943680 -6.471926 -2.095764
v 4.099470 -6.507579 -2.286026
v 4.142267 -6.909168 -2.900101
v 4.270452 -7.379227 -3.492401
v 2.548843 3.634614 0.975906
v 1.630516 3.640725 1.426895
v 1.802149 2.735141 1.127853
v 2.929268 2.719651 0.886826
v 3.304916 3.577172 1.197266
v 2.836666 4.517641 1.319443
v 3.554609 4.956638 1.626114
v 4.124344 3.609730 1.357162
v 4.556967 4.309730 1.624542
v 4.860367 3.609730 1.566254
v 5.256968 4.042354 2.057175
v 4.824345 4.742354 2.324539
v 5.231287 4.204853 2.928299
v 5.385466 3.943759 3.044342
v 5.594061 2.784541 3.265884
v 5.390585 3.549867 3.491913
v 5.183840 3.284868 4.076218
v 1.559240 5.133292 2.095612
v 1.251396 4.767758 2.439102
v 1.287655 4.329208 1.872543
v 1.826618 4.700668 1.395599
v 2.259241 5.191579 1.792206
v 2.340614 5.394965 2.427170
v 3.121986 5.447549 2.022705
v 3.121038 5.445058 3.122925
v 3.821987 5.389261 2.326111
v 3.922773 5.262751 3.046631
v 2.366791 5.359735 3.046082
v 1.682238 5.053086 2.969254
v 4.653862 4.825790 3.046112
v 2.337536 13.504787 -5.263458
v 2.170317 14.053659 -4.341217
v 2.682438 14.210978 -4.629913
v 3.168100 14.021696 -4.918640
v 1.371288 13.507032 -4.578064
v 1.569969 13.438614 -5.525101
v 2.329967 13.148319 -5.994812
v 3.180647 12.880283 -5.613556
v 1.569969 13.211602 -6.324219
v 0.809971 13.148319 -5.994812
v 0.809971 13.148319 -5.055405
v 0.276979 12.717725 -5.525101
v 0.340263 12.388319 -6.285110
v -0.097668 12.162687 -5.495102
v -0.426255 11.847490 -6.039108
v -0.092360 11.688319 -6.552490
v -0.917167 11.450890 -6.471725
v -0.792360 11.420943 -6.985107
v -1.617167 11.392603 -6.775131
v -1.492360 11.688319 -7.417725
v -2.049790 11.883514 -7.171738
v -1.838170 12.064928 -8.327728
v -2.329082 12.461529 -7.895111
v -2.717324 12.869319 -7.135101
v -2.654041 13.198725 -7.895111
v -2.597054 13.292829 -8.796753
v -2.122115 12.837433 -9.143448
v -1.937857 12.560973 -9.632538
v -1.251040 11.626724 -9.265106
v -1.684966 12.117430 -9.734131
v -1.314325 11.297319 -10.025101
v -0.660102 10.932613 -9.526154
v -0.760129 11.230124 -8.832489
v -1.114429 10.197496 -9.966476
v -0.356701 10.232614 -9.584442
v -0.882030 9.382613 -9.909103
v 0.011713 9.382613 -9.655212
v -1.744920 10.827614 -10.558090
v -2.074325 10.067614 -10.494812
v -2.558834 9.277081 -10.057709
v -1.407359 8.532614 -9.584442
v -2.177406 8.585613 -9.560486
v -3.042654 8.585613 -9.560486
v -2.610030 7.885613 -9.293106
v -3.861888 8.116596 -9.529480
v -3.105497 7.034372 -9.128952
v -4.017272 7.040181 -9.135574
v -3.584648 6.340181 -8.868195
v -4.320672 6.340181 -9.077286
v -4.059031 5.572614 -9.011108
v -3.261092 5.572614 -8.899963
v -3.584648 4.805046 -8.868195
v -2.589972 4.742323 -9.155365
v -2.893373 4.042323 -9.213654
v -2.071007 4.262613 -9.570084
v -2.439378 3.554295 -9.728363
v -3.169436 3.604671 -9.540985
v -2.787242 2.993650 -9.930130
v -3.568117 2.952777 -9.617447
v -3.283620 2.473719 -10.336502
v -2.519866 2.561027 -10.630142
v -3.289086 2.141300 -11.046265
v -2.519866 2.561027 -11.495377
v -2.028955 2.957627 -11.062759
v -2.038539 3.102382 -11.733597
v -1.420031 3.338631 -11.493347
v -1.420031 3.547720 -12.229370
v -0.680030 3.318990 -11.910736
v -0.614366 3.584975 -12.514069
v 0.332951 3.263702 -12.311371
v 0.176460 3.053113 -11.526718
v 1.032951 3.321990 -12.007965
v 1.165970 2.995603 -11.244263
v 1.685709 3.620564 -11.670792
v 1.865971 3.053890 -10.940872
v 2.472826 4.021990 -11.268097
v 2.076225 4.454614 -11.759003
v 2.763498 4.874888 -11.257584
v 2.444639 5.304613 -11.829773
v 3.172041 5.498334 -11.487015
v 2.969969 5.900720 -12.311371
v 4.044088 6.119265 -12.214111
v 4.111885 6.289372 -12.818161
v 4.602795 6.685973 -12.385544
v 4.571018 7.009528 -13.153107
v 4.959263 7.417319 -12.393112
v 4.895979 7.746725 -13.153107
v 5.428970 8.177320 -12.683395
v 5.626139 7.790724 -11.856491
v 6.017971 8.203655 -12.261078
v 6.091627 7.904709 -11.497665
v 6.762306 8.160886 -11.912155
v 6.990318 8.311794 -12.699600
v 7.459969 8.115850 -12.158417
v 7.567970 8.332720 -11.460846
v 8.159969 8.057563 -11.855026
v 8.417969 8.261942 -11.092438
v 8.776041 7.990334 -11.370209
v 9.117970 8.203655 -10.789032
v 8.468306 8.488262 -10.564545
v 9.163696 8.462432 -10.208435
v 8.382853 8.434889 -10.063477
v 9.973970 8.392719 -10.545853
v 9.916531 8.749989 -9.743164
v 9.200970 8.492999 -8.989609
v 9.618835 8.744890 -8.815735
v 9.103994 8.286829 -8.346710
v 9.693972 8.623320 -7.913406
v 9.154305 7.919976 -7.548920
v 10.081852 8.117891 -6.956024
v 10.216949 9.033724 -7.303436
v 10.637264 8.515907 -6.366104
v 10.788656 7.826237 -6.274246
v 11.336039 8.226729 -5.798019
v 11.221859 7.349122 -5.538620
v 11.825211 7.518046 -5.481644
v 11.782640 6.880613 -5.105774
v 11.067858 8.985614 -5.833115
v 11.866970 8.985614 -5.606110
v 11.397263 9.745613 -5.896408
v 12.336678 9.745613 -5.896408
v 12.666082 8.985614 -5.833115
v 13.096676 9.455319 -6.366104
v 12.626968 10.215320 -6.656403
v 13.159960 9.784725 -7.126114
v 12.626968 10.215320 -7.595810
v 13.227314 9.419233 -8.102081
v 12.597057 9.975999 -8.511078
v 13.200968 9.571320 -9.091400
v 13.864550 8.419442 -8.916107
v 13.733959 9.140725 -9.561111
v 13.960970 8.341614 -9.561111
v 13.670675 8.811319 -10.321106
v 13.670675 7.871908 -10.321106
v 13.240082 8.341614 -10.854095
v 12.910677 7.581614 -10.790817
v 13.284081 7.045000 -10.123932
v 12.455200 6.843921 -10.698975
v 11.966587 7.574046 -10.938187
v 11.624081 6.923122 -11.029587
v 11.319025 7.752278 -10.926376
v 10.886402 7.052279 -11.193756
v 11.063299 6.454614 -11.462433
v 10.305573 6.419497 -11.844467
v 10.629023 5.662055 -11.890488
v 9.703430 5.470613 -12.655548
v 10.186401 7.319654 -11.626373
v 10.499300 7.796613 -11.027435
v 9.476042 7.932046 -11.066803
v 9.606453 7.589452 -11.852631
v 10.904522 8.422957 -10.670197
v 11.144356 8.904444 -10.404221
v 10.673971 8.795999 -10.066605
v 11.090994 9.234829 -9.597504
v 10.372423 9.065087 -9.162720
v 11.018970 9.433844 -8.772339
v 10.372423 9.065087 -8.297470
v 11.325020 9.862508 -8.409821
v 11.605835 9.692890 -9.128479
v 11.866970 10.069514 -8.661240
v 11.866970 10.278603 -7.925217
v 11.106972 10.215320 -7.595810
v 11.866970 10.505613 -7.126114
v 11.106972 10.215320 -6.656403
v 10.573980 9.784725 -7.126114
v 10.637264 9.455319 -6.366104
v 11.866970 10.278603 -6.326996
v 11.680971 9.571320 -10.030807
v 12.440969 9.861613 -9.561111
v 12.440969 9.634603 -10.360214
v 13.200968 9.571320 -10.030807
v 12.910677 9.101614 -10.790817
v 11.971262 9.101614 -10.790817
v 12.440969 8.341614 -11.081116
v 8.919968 7.669319 -12.262817
v 8.189411 7.837228 -12.609238
v 8.701920 7.316507 -13.076813
v 9.389675 6.909319 -12.553101
v 9.331388 6.605919 -13.253113
v 8.894104 6.821890 -13.690491
v 9.351959 6.269725 -14.123108
v 9.436054 5.944996 -13.355545
v 9.578970 5.470613 -14.123108
v 9.436054 4.996231 -13.355545
v 9.351959 4.671502 -14.123108
v 9.410246 4.368103 -13.423111
v 9.288675 5.000908 -14.883102
v 8.818968 4.240908 -14.592819
v 8.612759 3.408298 -13.392487
v 8.058969 3.852664 -14.185028
v 7.626347 3.361753 -13.788422
v 8.090513 2.693528 -13.406586
v 7.322947 2.661753 -13.730133
v 7.791225 1.845775 -13.339355
v 8.784969 1.947614 -13.197113
v 8.305992 1.172614 -12.901093
v 7.276739 1.328479 -12.961990
v 7.888210 0.549181 -12.511566
v 6.693346 0.642661 -12.601440
v 7.455587 -0.150819 -12.244186
v 8.311134 -0.123423 -12.293762
v 7.929970 -0.918386 -12.387115
v 8.704876 -0.870905 -12.578674
v 8.362593 -1.618386 -12.654480
v 9.026283 -1.215223 -12.906158
v 8.722883 -1.915223 -12.964447
v 9.503757 -1.874350 -13.277130
v 9.065992 -2.470387 -13.617081
v 10.000908 -2.432205 -13.754318
v 9.544970 -3.245386 -13.913101
v 10.456848 -3.169932 -14.036102
v 10.760248 -2.469933 -13.977814
v 11.370720 -2.529426 -14.508072
v 11.067318 -3.590386 -14.749985
v 11.507641 -3.065058 -15.485107
v 11.507641 -4.115715 -15.485107
v 11.989225 -3.590386 -16.081207
v 12.357639 -2.740386 -16.010437
v 12.882969 -3.590386 -16.335114
v 12.357639 -4.440387 -16.010437
v 13.115366 -4.405270 -16.392471
v 13.730095 -3.590386 -16.217117
v 14.144085 -4.751994 -16.638611
v 14.852873 -3.738458 -16.500824
v 14.420250 -3.038458 -16.233459
v 15.168865 -2.978168 -16.450211
v 15.689754 -3.366104 -17.100784
v 15.558456 -4.020010 -17.303207
v 15.884926 -3.564526 -17.968109
v 15.616745 -4.323410 -18.003204
v 15.558456 -4.020010 -18.703217
v 15.826637 -3.261126 -18.668121
v 16.348125 -2.752183 -18.196930
v 16.337955 -2.513140 -18.984314
v 15.491261 -2.827386 -19.257401
v 15.931526 -2.189772 -19.670975
v 17.023544 -1.873098 -19.650436
v 15.960968 -2.067386 -20.487106
v 17.102463 -2.119994 -20.464233
v 17.802464 -1.852618 -20.031616
v 17.916969 -1.950057 -20.571442
v 18.389210 -1.353405 -19.712006
v 18.954018 -0.998472 -20.302109
v 18.701664 -1.849042 -21.064209
v 19.005062 -1.149042 -21.005920
v 19.211880 -0.470410 -20.898102
v 19.401661 -0.716418 -21.496826
v 19.353619 -0.047120 -21.704193
v 19.617352 -0.594522 -22.398544
v 19.494972 0.221613 -22.369110
v 19.577591 0.785485 -21.739273
v 19.721977 1.020725 -22.369110
v 19.663692 1.324124 -21.669113
v 20.547642 1.769990 -22.050812
v 20.280266 2.202614 -21.350815
v 21.218987 2.301678 -21.410919
v 20.749969 2.735603 -20.920227
v 21.352623 1.893529 -21.853928
v 22.120968 1.721844 -21.454346
v 21.014969 1.839562 -22.431030
v 20.254971 1.451319 -22.838821
v 21.014969 1.514603 -23.168213
v 21.774967 1.451319 -22.838821
v 21.484673 0.981614 -23.598816
v 22.244678 0.691319 -23.129105
v 22.552986 0.970965 -22.196320
v 22.840572 0.300744 -22.567719
v 22.244678 -0.248092 -23.129105
v 22.918301 -0.272647 -22.422104
v 23.583080 0.053614 -21.896103
v 23.253674 -0.706387 -21.832809
v 24.083637 -0.472750 -21.437302
v 23.543968 -1.176092 -21.072815
v 24.739029 -0.412539 -21.177750
v 22.750065 -1.152458 -21.787827
v 23.128193 -1.694263 -20.603104
v 23.619102 -1.297663 -20.170486
v 24.319103 -1.239375 -19.867081
v 23.886478 -1.730287 -19.470490
v 24.599186 -1.772488 -19.132217
v 24.974411 -1.341761 -19.580154
v 24.916969 -0.984492 -20.382843
v 25.766968 -0.913715 -20.014435
v 25.442299 -0.388386 -20.864441
v 26.292301 -0.063715 -20.339111
v 25.796749 0.408781 -21.050934
v 24.916969 0.461614 -21.189102
v 25.241344 0.903730 -21.183380
v 26.270298 0.868614 -21.010437
v 25.744968 1.718614 -21.335114
v 26.638710 1.718614 -21.081207
v 26.283546 2.557609 -21.139954
v 25.219639 2.568614 -21.010437
v 25.996037 3.810729 -20.870193
v 25.162483 3.852006 -20.266327
v 25.727859 4.569613 -20.835098
v 25.297260 5.039319 -20.302109
v 25.014214 4.408780 -19.617584
v 24.746838 3.976156 -18.917587
v 24.963551 4.691919 -18.467102
v 25.198887 5.100545 -18.783218
v 25.316360 5.505923 -18.249054
v 24.905262 4.995319 -17.767105
v 25.374969 5.755320 -17.476807
v 24.841976 5.324725 -17.007111
v 25.374969 5.755320 -16.537399
v 26.134968 6.045613 -17.007111
v 26.105526 5.923228 -17.823242
v 25.921528 5.855651 -18.889542
v 26.556412 5.967228 -18.725967
v 26.526970 6.089613 -19.542114
v 27.286968 5.799319 -19.072403
v 27.286968 5.799319 -20.011810
v 27.819962 5.368725 -19.542114
v 27.876945 5.462829 -18.640472
v 28.203205 4.934928 -18.842102
v 28.082516 4.915087 -18.173737
v 28.767967 4.444319 -18.507812
v 28.843102 4.565890 -17.605484
v 29.357944 4.107829 -18.074493
v 29.790382 4.593769 -17.217804
v 30.256565 4.055552 -17.726929
v 30.874298 4.505613 -17.120438
v 30.348969 5.101720 -16.638855
v 29.498970 5.030942 -16.270432
v 30.348969 5.355613 -15.745102
v 29.498970 5.030942 -15.219772
v 30.348969 5.101720 -14.851364
v 29.823639 4.505613 -14.369781
v 31.277954 4.336678 -14.148285
v 30.348969 3.655613 -14.045105
v 30.949032 3.477613 -14.029251
v 31.221592 2.789566 -14.096771
v 31.746971 3.477613 -13.918106
v 32.216675 2.717613 -14.208405
v 31.794609 2.109441 -14.574341
v 32.506969 2.247908 -14.968399
v 32.206055 1.919854 -15.610168
v 31.358677 0.791908 -15.185104
v 31.022190 1.225221 -14.595139
v 31.042343 -0.094936 -14.679550
v 30.676331 -0.323418 -15.571442
v 31.421963 0.462502 -15.945114
v 30.988037 -0.028203 -16.414124
v 30.639076 -0.608130 -16.377106
v 30.568302 -0.239715 -17.227112
v 30.042969 -1.089715 -16.902435
v 29.718300 -0.564386 -17.752441
v 29.258274 -1.190730 -17.395203
v 28.917522 -0.441730 -17.955200
v 28.175919 -1.566706 -17.735077
v 29.008762 -1.900763 -17.232010
v 28.479317 -2.266706 -17.793350
v 29.008762 -2.766010 -17.232010
v 28.653698 -2.982206 -17.989990
v 28.894485 -3.330053 -17.427155
v 29.123451 -2.846497 -16.613617
v 28.914360 -3.582520 -16.613617
v 29.103577 -4.066077 -17.427155
v 29.123451 -4.318544 -16.613617
v 29.456387 -4.880081 -17.209106
v 29.554096 -5.088758 -16.415268
v 29.992477 -5.584504 -16.889099
v 29.927944 -5.920410 -16.114105
v 29.012615 -5.233065 -15.289764
v 29.445240 -5.933064 -15.022400
v 28.954330 -5.536465 -14.589767
v 29.854969 -6.443681 -14.600403
v 29.869659 -6.223810 -15.414108
v 30.387962 -6.874276 -15.070114
v 30.324680 -7.203681 -14.310104
v 29.564674 -6.913386 -13.840408
v 29.894081 -7.673387 -13.777115
v 29.156887 -7.673387 -13.452164
v 29.149204 -7.094448 -13.503723
v 29.564674 -8.433387 -13.840408
v 28.662346 -8.508521 -13.718826
v 28.938095 -8.887475 -14.083130
v 28.238094 -8.945763 -13.779724
v 28.505470 -9.378386 -14.479721
v 27.805470 -9.645763 -14.047104
v 28.182018 -10.135826 -14.525726
v 27.362705 -10.525414 -14.058777
v 29.013489 -10.147545 -14.793701
v 28.616299 -10.928385 -14.953781
v 27.556957 -11.010023 -14.863495
v 26.463734 -10.573404 -14.408112
v 26.463734 -10.782494 -13.672089
v 25.763733 -10.840780 -13.975479
v 25.759968 -11.339493 -13.055847
v 25.059967 -11.397779 -13.359253
v 24.948853 -11.152039 -14.479111
v 24.642830 -11.736826 -13.174484
v 24.196297 -11.632433 -14.634491
v 24.151920 -12.133427 -13.607101
v 24.120144 -12.456982 -12.839539
v 23.942829 -12.869450 -13.607101
v 23.867420 -13.195686 -12.793793
v 23.427189 -12.765747 -12.257126
v 23.333080 -13.667387 -12.314117
v 22.899284 -12.967386 -11.930878
v 22.544048 -13.701170 -11.975906
v 21.950851 -13.138779 -11.560593
v 21.572300 -13.755833 -11.996429
v 21.064968 -13.151493 -11.356369
v 20.950085 -13.521038 -12.179108
v 20.327969 -13.250706 -11.583618
v 20.405853 -13.038662 -10.684738
v 19.538136 -13.052216 -11.060883
v 19.619690 -13.299900 -10.262131
v 20.405853 -13.247751 -9.948715
v 21.064968 -13.151493 -9.884323
v 20.969299 -13.329714 -9.330002
v 19.952969 -13.564611 -9.500977
v 20.422672 -13.980385 -8.982819
v 21.258862 -13.756828 -8.570999
v 20.712967 -14.450092 -8.222809
v 21.245960 -14.019499 -7.753113
v 20.712967 -14.450092 -7.283401
v 21.320248 -13.716703 -6.878098
v 22.019535 -13.356848 -7.151108
v 21.951969 -13.005377 -6.351990
v 20.787300 -13.279270 -6.366745
v 20.422672 -13.980385 -6.523407
v 19.952969 -13.220387 -6.233109
v 20.115097 -12.743555 -6.168732
v 20.685013 -12.471272 -6.032120
v 19.615971 -12.326521 -6.181213
v 20.048595 -11.626520 -5.913834
v 19.153858 -13.220387 -6.460114
v 19.059750 -12.318747 -6.403137
v 19.483265 -13.980385 -6.523407
v 18.723263 -13.690094 -6.993103
v 18.432972 -13.220387 -7.753113
v 18.538090 -12.374485 -7.509109
v 18.739079 -12.075096 -6.723160
v 18.322979 -11.590498 -7.265106
v 18.386265 -11.261093 -6.505112
v 18.095974 -10.791386 -7.265106
v 17.916538 -10.147083 -6.731033
v 17.971508 -9.884380 -7.332672
v 17.526638 -9.257716 -7.083115
v 17.455864 -9.626129 -6.233109
v 18.051971 -10.107716 -5.707779
v 17.442577 -9.319530 -5.555115
v 17.500862 -9.016129 -4.855103
v 17.189602 -8.354785 -5.669983
v 17.201973 -8.732387 -6.233109
v 17.348797 -7.923028 -6.437546
v 17.375637 -8.264261 -7.105438
v 17.414974 -7.661386 -7.205109
v 17.705265 -8.131092 -7.965103
v 17.883877 -8.797691 -7.709457
v 18.351261 -8.470713 -8.514618
v 18.041752 -7.697779 -8.555084
v 18.658642 -8.357716 -8.935104
v 18.100040 -7.394379 -9.255081
v 17.452164 -6.939007 -8.645798
v 17.570969 -6.888762 -9.316483
v 16.804287 -6.483635 -8.901764
v 17.175362 -6.272293 -7.983810
v 17.537357 -6.845252 -7.175659
v 17.548603 -5.961808 -7.146225
v 17.008427 -5.475730 -7.341400
v 16.560551 -5.294262 -7.776672
v 16.603260 -4.702035 -7.022049
v 16.029106 -4.474763 -7.490829
v 15.761730 -4.907387 -8.190826
v 16.391994 -5.846386 -8.495132
v 15.329105 -5.607387 -8.458206
v 15.404285 -6.483635 -8.901764
v 15.077681 -6.149337 -8.665207
v 14.593082 -5.607387 -8.249115
v 14.263678 -6.367387 -8.312408
v 14.553968 -6.837092 -9.072403
v 13.841610 -6.975559 -8.678329
v 14.120232 -7.426379 -9.407776
v 13.420231 -7.693755 -8.975159
v 14.438648 -7.449817 -9.794769
v 15.076103 -6.874763 -10.201828
v 14.601480 -7.817829 -10.494766
v 13.859480 -8.328271 -10.087708
v 14.341473 -8.669387 -10.764725
v 13.553547 -8.895949 -10.201050
v 14.038073 -9.369387 -10.823013
v 13.638897 -9.925480 -10.301514
v 14.120846 -10.522387 -10.892883
v 13.602674 -10.992094 -10.477112
v 13.423084 -10.577049 -9.681091
v 13.453342 -10.114836 -9.312546
v 12.898392 -11.028315 -9.227585
v 13.096077 -10.685129 -8.555115
v 12.956678 -11.331715 -9.927582
v 12.533245 -11.984764 -9.291977
v 12.023010 -11.765657 -8.342682
v 12.499968 -11.166714 -8.029785
v 11.649969 -11.237492 -7.661362
v 11.046791 -11.741522 -8.396774
v 10.384031 -11.226477 -8.054276
v 10.384031 -11.017387 -7.318253
v 9.567230 -11.312744 -7.908813
v 9.653389 -11.160856 -7.152725
v 8.798222 -11.931395 -7.177979
v 9.162479 -11.557457 -6.720108
v 9.653389 -11.160856 -6.287476
v 9.197931 -11.828392 -5.953430
v 9.688841 -11.431791 -5.520798
v 8.725206 -12.392855 -5.256088
v 9.710854 -11.656754 -4.722443
v 8.993963 -12.351553 -5.972885
v 6.015509 -10.932392 -5.444534
v 5.969135 -11.522013 -5.255280
v 6.681833 -11.889589 -4.804840
v 5.599424 -11.166140 -5.648087
v 5.416643 -10.499769 -5.896591
v 5.435108 -9.045325 -5.238113
v 4.865362 -9.390245 -5.513840
v 5.272434 -9.869465 -5.764389
v 4.743208 -8.890616 -5.195923
v 4.658327 -8.395602 -4.761093
v 5.867731 -8.345325 -4.970734
v 5.328241 -7.765530 -4.479462
v 4.649786 -7.844672 -4.201614
v 3.658070 9.190855 1.379272
v 2.866426 8.919295 1.780624
v 3.475000 9.321661 2.146423
v 4.148979 9.587456 1.811890
v 4.113888 9.855636 1.053009
v 3.659904 9.301430 0.832916
v 4.174746 9.759491 0.363892
v 4.257757 10.712633 0.351730
v 4.116459 10.062890 -0.336105
v 4.068499 10.697783 -0.391479
v 3.713446 10.804695 -1.086472
v 1.298460 13.147591 -3.838013
v 1.231594 13.528685 -3.127014
v 1.660322 13.872089 -3.764923
v 0.743931 12.740832 -3.304565
v 0.807550 12.750990 -4.270645
v 0.189402 12.334075 -3.678101
v 0.189402 12.334075 -4.585114
v -0.503031 11.919319 -4.147812
v -0.573201 11.624929 -4.981110
v -1.067612 11.224437 -4.492737
v -1.002604 11.308880 -5.491913
v -1.387492 10.731373 -5.145676
v -1.432007 10.992828 -6.002716
v -2.132007 10.934542 -6.306122
v -1.329205 10.427973 -4.445679
v -1.864094 9.887817 -4.709671
v -1.387492 9.782606 -3.610535
v -2.340695 9.044262 -4.273682
v -2.554050 9.625821 -5.137192
v -3.080805 8.960990 -4.536835
v -3.200030 9.716469 -5.604111
v -2.767406 10.207380 -6.000717
v -3.632654 10.207380 -6.000717
v -3.947030 10.932046 -6.250641
v -2.564631 11.425453 -6.702713
v -3.472648 11.632046 -6.518021
v -3.007975 12.262533 -6.681564
v -3.947030 12.399613 -6.375107
v -3.477324 13.159614 -6.665405
v -4.416736 13.159614 -6.665405
v -3.947030 13.692602 -7.095993
v -3.187030 13.629319 -7.425400
v -3.947030 13.919614 -7.895111
v -3.133715 13.733064 -8.366806
v -3.947030 13.808474 -8.693039
v -2.982080 13.699508 -9.116394
v -3.524031 14.115602 -9.600998
v -2.764030 14.052320 -9.930405
v -2.195950 13.353544 -9.641220
v -2.231042 13.621725 -10.400101
v -2.004030 12.822614 -10.400101
v -2.294325 13.292319 -11.160110
v -2.294325 12.352908 -11.160110
v -2.069519 11.582276 -10.757980
v -2.878716 11.260237 -11.373962
v -2.482116 10.827614 -10.883057
v -3.357725 11.362614 -11.571533
v -3.599485 10.518889 -11.619705
v -3.033306 9.949006 -11.005630
v -3.683702 9.528284 -11.512100
v -3.550034 9.088350 -10.747589
v -3.310030 9.018237 -10.260483
v -4.129264 8.549220 -10.229477
v -4.209030 8.678285 -11.187439
v -4.682842 8.087038 -10.758698
v -4.561888 7.849220 -9.962112
v -5.001513 7.750904 -10.328430
v -4.734137 7.318280 -9.628433
v -4.165288 7.416596 -9.471191
v -5.551030 7.104908 -9.988815
v -5.283654 6.672284 -9.288818
v -6.311030 6.716664 -9.581024
v -6.055865 6.532561 -9.006729
v -5.623241 6.041650 -8.610138
v -4.856969 5.572614 -8.899963
v -5.319841 5.341650 -8.551849
v -4.533413 4.805046 -8.868195
v -5.623241 4.641650 -8.610138
v -5.093744 4.079407 -9.061493
v -4.302059 4.037294 -8.840973
v -4.755289 3.303954 -9.121094
v -3.869435 3.337295 -9.108353
v -3.566035 4.037294 -9.050064
v -4.343270 2.570613 -9.401199
v -5.208518 2.570613 -9.401199
v -4.775894 2.079702 -9.797806
v -4.047374 2.177323 -9.913651
v -4.479998 1.686412 -10.310242
v -3.779998 1.744699 -10.613647
v -4.473914 1.495265 -10.783112
v -3.779998 1.744699 -11.478897
v -4.464696 1.221262 -11.624542
v -3.873974 1.725680 -12.112747
v -3.283253 2.230099 -11.735718
v -3.306040 2.590940 -12.457657
v -2.853423 2.791124 -12.237228
v -4.027359 2.172942 -13.019104
v -3.502030 3.022942 -13.343781
v -2.270031 3.476942 -12.597778
v -4.098136 2.541357 -13.869110
v -3.502030 3.022942 -14.394440
v -2.709472 3.450988 -13.924652
v -2.259026 3.606461 -13.661682
v -1.420031 3.801613 -13.123108
v -1.525696 3.643262 -14.035538
v -0.758506 3.987605 -13.387268
v -0.905006 3.980829 -14.235504
v -0.315031 4.317319 -13.729401
v -0.061859 3.850646 -12.808624
v 0.397331 4.455786 -13.335327
v 0.765574 3.754613 -12.707962
v 1.088776 4.579789 -12.819763
v 1.465574 4.021990 -12.275345
v 1.594641 4.979942 -12.355103
v 1.523861 5.348356 -13.205109
v 2.119970 5.829942 -12.679779
v 2.119970 5.829942 -13.730438
v 2.969969 6.154613 -13.205109
v 3.089146 5.851586 -14.201660
v 3.669970 6.303999 -13.619614
v 4.073568 5.802453 -14.304474
v 4.080109 6.612928 -13.585724
v 4.595753 6.716630 -14.070465
v 4.922014 6.188729 -14.272095
v 5.389856 6.947614 -14.446091
v 4.959263 7.417319 -13.913101
v 5.719261 7.707613 -14.382812
v 5.428970 8.177320 -13.622818
v 6.188969 8.240602 -13.952225
v 6.188969 8.467613 -13.153107
v 6.948967 8.177320 -13.622818
v 6.658676 7.707613 -14.382812
v 7.498486 7.531322 -13.962433
v 7.538944 7.840829 -13.189499
v 8.135969 7.370844 -13.530334
v 8.126535 7.115075 -14.164871
v 7.626347 7.254514 -14.525620
v 8.058969 6.763603 -14.922226
v 8.818968 6.700319 -14.592819
v 8.528677 6.230614 -15.352814
v 9.288675 5.940319 -14.883102
v 8.858082 5.470613 -15.416092
v 8.058969 5.470613 -15.643112
v 8.528677 4.710613 -15.352814
v 7.589262 4.710613 -15.352814
v 8.058969 4.177624 -14.922226
v 7.300085 4.142532 -14.654037
v 6.760937 4.825605 -14.910339
v 6.352749 3.896781 -14.550934
v 6.867462 3.651621 -14.257446
v 6.029297 3.139339 -14.504929
v 6.564062 2.951621 -14.199158
v 6.469713 2.450613 -14.222214
v 5.575970 2.450613 -14.476105
v 6.101299 1.600614 -14.151428
v 6.993717 1.826749 -13.715607
v 6.313328 0.931941 -13.198425
v 5.575970 1.004507 -13.669846
v 5.768064 0.297685 -12.698822
v 5.143347 0.513596 -13.273254
v 5.452072 -0.462605 -12.648209
v 6.200687 -0.402315 -12.431458
v 6.213636 -0.969425 -12.140594
v 7.113834 -0.947829 -12.264725
v 6.646259 -1.460337 -11.744003
v 7.399038 -1.677271 -12.195190
v 6.909698 -2.401634 -11.678772
v 7.475376 -2.766129 -11.947647
v 7.871977 -2.333506 -12.438568
v 7.348993 -3.418386 -11.816193
v 6.612970 -3.418386 -11.607101
v 6.869738 -4.193840 -11.671814
v 7.301041 -4.476434 -11.872192
v 7.871977 -4.157267 -12.438568
v 7.697641 -4.909058 -12.363098
v 8.547026 -4.500096 -13.202362
v 8.290993 -3.724362 -13.138107
v 9.065992 -4.020386 -13.617081
v 8.730085 -3.245386 -13.681610
v 8.290993 -2.766410 -13.138107
v 9.487473 -4.734386 -13.362488
v 10.111773 -4.062767 -13.819489
v 10.678576 -4.520153 -13.502487
v 10.945953 -4.087529 -14.202484
v 11.525576 -5.019763 -13.915878
v 11.510363 -4.600246 -14.625488
v 12.011875 -5.517692 -14.462448
v 12.203878 -5.245362 -15.350616
v 12.308422 -6.045998 -15.350616
v 12.661039 -5.140387 -15.952148
v 12.395882 -6.445081 -16.238770
v 13.057640 -5.573010 -16.443054
v 12.625017 -6.273010 -16.710434
v 13.097593 -5.962526 -16.806427
v 13.520725 -5.414702 -16.848999
v 13.907837 -5.999502 -17.649872
v 13.364971 -6.395150 -17.506424
v 13.982025 -6.425632 -17.919678
v 14.682026 -6.158257 -18.352295
v 14.661978 -5.403056 -17.775604
v 14.960968 -5.537387 -18.967102
v 15.152887 -5.006456 -18.208221
v 15.125834 -4.720010 -17.570587
v 15.076641 -4.667745 -18.994888
v 14.868385 -5.065042 -19.731445
v 14.731262 -4.057092 -19.727112
v 15.161856 -3.587386 -19.194122
v 14.731262 -3.117681 -19.727112
v 14.440968 -3.587386 -20.487106
v 14.667978 -2.788276 -20.487106
v 15.200970 -2.357680 -20.017395
v 15.200970 -2.357680 -20.956818
v 14.731262 -3.117681 -21.247101
v 15.491261 -2.827386 -21.716812
v 15.960968 -2.294397 -21.286224
v 16.430672 -2.827386 -21.716812
v 16.719852 -2.259305 -21.018036
v 17.202919 -2.768780 -21.467422
v 16.795300 -3.528502 -21.873474
v 17.662823 -3.289387 -21.594955
v 18.241638 -2.475386 -21.421432
v 18.766968 -3.325386 -21.746109
v 19.313877 -2.552458 -21.787827
v 19.475338 -3.401995 -21.910767
v 20.138229 -2.350387 -22.190216
v 19.509468 -1.717062 -21.613190
v 20.013874 -1.419834 -22.220459
v 20.617470 -1.650387 -22.593491
v 20.171856 -1.075000 -22.931946
v 21.014969 -1.071376 -23.168213
v 20.545265 -0.538387 -23.598816
v 19.785259 -0.248092 -23.129105
v 20.215858 0.221613 -23.662094
v 19.785259 0.691319 -23.129105
v 20.545265 0.981614 -23.598816
v 21.014969 0.221613 -23.889114
v 21.484673 -0.538387 -23.598816
v 21.814079 0.221613 -23.662094
v 21.858082 -1.075000 -22.931946
v 21.446472 -1.650387 -22.593491
v 22.050068 -1.419834 -22.220459
v 22.482689 -0.719834 -22.487823
v 21.925713 -2.350387 -22.190216
v 22.491516 -1.885111 -21.701706
v 22.407299 -2.875715 -21.594101
v 22.835346 -2.441439 -20.801544
v 22.478077 -3.244129 -20.744110
v 22.515331 -2.959417 -19.938446
v 23.186481 -1.997663 -19.903107
v 22.753052 -2.807145 -18.958054
v 23.340969 -2.283780 -18.927246
v 23.608345 -2.716404 -18.227249
v 24.040970 -2.225492 -18.623856
v 24.414009 -2.753659 -17.942535
v 24.886745 -2.237763 -18.379379
v 25.279259 -2.753659 -17.942535
v 25.551228 -2.015379 -18.371445
v 25.802368 -2.320548 -18.005493
v 26.366726 -1.871178 -18.345123
v 26.042858 -1.502281 -18.773544
v 26.801861 -1.212720 -18.346436
v 26.534485 -0.780096 -19.046432
v 25.766918 -1.073280 -19.520813
v 26.425961 -0.503650 -19.574585
v 26.854343 -0.162529 -18.874115
v 27.250946 -0.595153 -18.383209
v 27.554344 0.104847 -18.441498
v 27.322468 0.594913 -19.163437
v 28.078022 0.977172 -18.740479
v 27.701473 1.467237 -19.219116
v 27.560619 1.647612 -19.749985
v 27.777676 2.187237 -19.700439
v 27.120296 2.243942 -20.485107
v 27.120296 1.193285 -20.485107
v 27.516899 2.676566 -19.994202
v 26.906788 3.109402 -20.599319
v 27.714981 3.873573 -20.224533
v 26.996674 3.809613 -20.771820
v 27.326080 4.569613 -20.835098
v 26.526970 4.569613 -21.062103
v 26.996674 5.329614 -20.771820
v 26.057266 5.329614 -20.771820
v 26.526970 5.862603 -20.341217
v 25.766972 5.799319 -20.011810
v 27.756680 5.039319 -20.302109
v 28.143612 4.518825 -19.699600
v 28.069885 3.214613 -19.656052
v 28.587368 4.104213 -19.237839
v 28.807079 3.214613 -19.331100
v 29.237675 3.684319 -18.798111
v 29.297787 2.745597 -18.897171
v 29.755848 3.214613 -18.382324
v 29.935024 2.457172 -18.401489
v 30.369301 3.364614 -17.973434
v 30.737713 2.514614 -18.044220
v 31.268497 3.056506 -17.577301
v 31.261398 3.761278 -17.286758
v 31.808887 3.477613 -17.056061
v 31.485332 4.245181 -17.024277
v 32.216675 4.237614 -16.667816
v 32.546082 3.477613 -16.731094
v 32.976681 3.947319 -16.198105
v 32.506969 4.707319 -15.907822
v 31.898968 4.972655 -15.967041
v 31.198967 5.030942 -16.270432
v 31.780754 5.108819 -15.428040
v 32.506969 4.707319 -14.968399
v 31.746971 4.770603 -14.638992
v 32.216675 4.237614 -14.208405
v 32.976681 3.947319 -14.678116
v 32.546082 3.477613 -14.145111
v 32.976681 3.007908 -14.678116
v 33.266968 3.477613 -15.438110
v 33.039963 2.678502 -15.438110
v 32.976681 3.007908 -16.198105
v 32.506969 2.247908 -15.907822
v 32.283413 2.659724 -16.744003
v 31.856297 1.900720 -16.454437
v 31.744965 2.514614 -17.036957
v 31.480251 1.694237 -16.780243
v 31.746922 1.199698 -15.945114
v 31.358677 0.791908 -16.705109
v 31.022190 1.225221 -17.295090
v 30.929321 0.384495 -17.303940
v 30.065903 0.964614 -17.915146
v 30.086712 0.285614 -17.823212
v 29.616734 1.034614 -18.174118
v 29.284023 0.228172 -18.180481
v 28.880711 1.034614 -18.383209
v 28.512299 0.184614 -18.312439
v 29.184109 1.734613 -18.441498
v 28.401470 1.734613 -18.786499
v 28.477673 2.454613 -19.267807
v 30.369301 1.664614 -17.973434
v 31.219303 1.989285 -17.448105
v 33.039963 4.276725 -15.438110
v 28.052273 -0.441730 -17.955200
v 27.748875 -1.141730 -17.896912
v 27.304844 -1.735327 -18.037445
v 26.667618 -2.320548 -18.005493
v 27.678600 -2.257933 -18.054108
v 26.971016 -3.020548 -17.947220
v 27.852345 -2.937527 -18.334427
v 27.367619 -3.453172 -18.438126
v 28.284969 -3.428438 -18.731018
v 27.524971 -3.816681 -19.138809
v 28.284969 -3.753398 -19.468216
v 29.044968 -3.816681 -19.138809
v 29.144035 -3.756572 -18.200089
v 29.577961 -4.247275 -18.669113
v 29.514675 -4.576681 -17.909103
v 29.804966 -5.046387 -18.669113
v 29.819977 -5.309260 -18.168106
v 29.514675 -4.576681 -19.429108
v 29.514675 -5.516092 -19.429108
v 29.937965 -6.156386 -18.168106
v 30.027931 -5.855439 -17.655792
v 30.079586 -6.878643 -17.664566
v 30.223969 -6.399386 -16.889099
v 30.196308 -7.141262 -17.093430
v 30.251980 -6.762260 -16.221100
v 30.479485 -7.563860 -16.307266
v 30.045300 -8.134715 -17.071106
v 30.116077 -8.503129 -16.221100
v 30.423054 -8.204317 -15.828995
v 30.614967 -7.673387 -15.070114
v 30.387962 -8.472497 -15.070114
v 30.324680 -8.143092 -14.310104
v 29.854969 -8.903093 -14.600403
v 29.991009 -8.954483 -15.335541
v 29.595364 -9.645763 -15.399338
v 29.906986 -9.239153 -16.221100
v 29.790966 -10.078386 -16.329102
v 29.466297 -10.603716 -15.479111
v 29.537075 -10.972130 -16.329102
v 28.940968 -11.453714 -15.803772
v 28.940968 -11.453714 -16.854431
v 28.090969 -11.778387 -16.329102
v 28.090969 -11.524494 -15.435364
v 27.240971 -11.453714 -15.803772
v 27.240971 -11.453714 -16.854431
v 26.423840 -11.255280 -16.154846
v 26.463734 -10.782494 -15.144135
v 25.686478 -10.927780 -15.547974
v 25.706295 -10.862720 -14.876236
v 24.948853 -11.152039 -15.344360
v 24.986477 -11.195156 -15.980591
v 24.179562 -11.713566 -15.729736
v 24.473633 -11.736036 -16.457672
v 25.217968 -11.569715 -16.844772
v 25.686478 -11.136869 -16.283997
v 25.844315 -11.212482 -17.435410
v 25.325569 -11.653933 -17.835388
v 24.667969 -12.118427 -17.767181
v 23.967968 -12.176714 -17.463776
v 23.382053 -12.660318 -16.285995
v 23.688656 -12.110168 -15.297104
v 23.459953 -12.904955 -15.441544
v 23.763676 -12.332434 -14.367111
v 23.763676 -13.197680 -14.367111
v 23.427189 -13.703781 -14.957077
v 23.763676 -14.137094 -14.367111
v 24.053967 -13.667387 -13.607101
v 23.826962 -14.466499 -13.607101
v 23.763676 -14.137094 -12.847107
v 23.293968 -14.897093 -13.137405
v 23.003674 -14.427385 -12.377396
v 22.533970 -14.960377 -12.807999
v 22.064266 -14.427385 -12.377396
v 21.717979 -14.924416 -13.334641
v 21.237358 -14.230217 -12.763992
v 20.959530 -14.788586 -13.666534
v 20.603580 -14.073235 -12.990143
v 20.023266 -14.794384 -13.895401
v 19.629192 -14.082024 -13.756927
v 19.812046 -13.533871 -13.011948
v 20.250084 -13.462751 -12.482498
v 19.756363 -13.103697 -12.285156
v 19.246887 -12.654318 -12.768219
v 18.972462 -12.491156 -11.570618
v 18.755978 -12.257717 -12.335602
v 18.423321 -11.834818 -11.632767
v 18.215641 -12.015717 -11.031113
v 18.740971 -12.865715 -10.706436
v 18.144863 -12.384130 -10.181107
v 18.633369 -12.949932 -9.715836
v 18.215641 -12.015717 -9.331100
v 18.575886 -12.746004 -8.520676
v 18.936638 -13.329714 -9.330002
v 18.723263 -13.690094 -8.513107
v 19.483265 -13.980385 -8.982819
v 19.192970 -14.450092 -8.222809
v 19.952969 -14.513376 -8.552216
v 19.952969 -14.740387 -7.753113
v 19.192970 -14.450092 -7.283401
v 19.952969 -14.513376 -6.953995
v 18.659977 -14.019499 -7.753113
v 18.353954 -11.490387 -8.551346
v 18.496979 -12.058340 -8.023987
v 18.287888 -11.322317 -8.023987
v 18.444553 -10.625078 -8.725113
v 18.386265 -10.321678 -8.025101
v 18.653645 -9.889055 -8.725113
v 18.386265 -9.456432 -8.025101
v 18.658642 -9.222963 -8.935104
v 18.814625 -9.339667 -9.683182
v 18.926018 -8.790339 -9.635101
v 18.868732 -9.244865 -10.473648
v 19.131935 -8.414040 -10.268280
v 18.864559 -7.981416 -9.568268
v 18.922844 -7.678016 -10.268280
v 18.431934 -7.281416 -9.835648
v 18.484463 -7.182269 -10.742111
v 17.993553 -6.785669 -10.309479
v 17.993553 -6.785669 -11.174728
v 17.082260 -6.513699 -10.648682
v 16.870968 -6.621387 -9.749115
v 15.776104 -6.816475 -10.505234
v 15.776104 -6.607387 -9.769211
v 16.104286 -6.425347 -9.205154
v 16.024868 -6.874763 -11.150589
v 15.343481 -7.307386 -10.901825
v 15.592245 -7.574762 -11.417969
v 15.040081 -8.007386 -10.960114
v 15.451019 -8.706927 -11.588730
v 15.020996 -9.309361 -11.301254
v 15.302298 -9.894716 -11.764099
v 14.578609 -10.263937 -11.179199
v 14.776968 -10.744715 -12.088776
v 14.156868 -10.924898 -11.669739
v 14.041851 -11.185038 -12.543106
v 13.614920 -11.340994 -12.217422
v 13.665958 -11.321499 -11.237106
v 13.132967 -11.752092 -11.706818
v 13.232035 -11.812202 -10.768097
v 12.841986 -11.381453 -12.526917
v 12.409363 -11.872362 -12.130325
v 11.952824 -11.483477 -12.577942
v 11.520201 -11.974386 -12.181335
v 12.016300 -12.476271 -11.513474
v 11.045338 -12.620934 -11.812576
v 11.651676 -13.177385 -11.356812
v 12.411674 -12.887094 -10.887100
v 12.787701 -12.526482 -10.332108
v 12.474958 -13.216499 -10.127106
v 12.411674 -12.887094 -9.367111
v 11.941967 -13.647093 -9.657410
v 11.651676 -13.177385 -8.897400
v 12.045742 -12.465027 -8.758942
v 11.181969 -13.710377 -9.328003
v 10.710270 -13.230703 -8.793655
v 10.384031 -12.417387 -8.718246
v 9.971563 -13.184954 -8.540939
v 9.577873 -12.456625 -8.467133
v 9.951408 -11.717386 -8.450867
v 10.384960 -13.757065 -9.645325
v 3.990623 -6.910773 1.107880
v 4.313015 -6.199271 1.204880
v 11.181969 -13.937387 -10.127106
v 10.421970 -13.647093 -10.596817
v 9.808174 -13.272060 -10.160019
v 3.187567 -7.312736 1.113495
v 3.099846 -7.218772 1.351929
v 1.301693 7.409124 1.432892
v 0.585577 7.112822 2.157181
v 0.855021 7.874241 2.044601
v 0.976732 6.671928 1.432892
v 1.359980 7.105725 0.732895
v 1.761345 7.868873 1.103241
v 1.793903 7.596429 0.263870
v 2.140423 7.991087 0.797501
v 2.140423 7.991087 -0.067734
v 2.631332 8.387688 0.364883
v 1.732754 7.914687 -0.602173
v 2.297972 8.628319 -1.057404
v 1.468260 7.600860 -1.480194
v 2.223925 8.798105 -1.591736
v 2.990404 9.043075 -1.485352
v 3.322578 8.981855 -0.909225
v 3.755201 9.681856 -1.176605
v 3.813488 9.378456 -0.476593
v 3.168995 8.904829 0.363892
v 3.423027 9.743074 -1.752731
v 2.723026 9.475698 -2.185349
v 2.957743 10.560521 -2.116608
v 2.290403 10.175698 -2.452728
v 2.593092 10.751642 -2.318527
v 1.792105 10.689613 -2.594208
v 1.523924 9.930729 -2.559113
v 1.056082 10.689613 -2.385117
v 1.359482 11.389613 -2.326828
v 0.710472 11.490965 -2.313919
v 1.286449 12.419378 -2.205383
v 0.209332 12.057785 -2.814331
v -0.212736 11.449614 -2.448395
v -0.503031 11.919319 -3.208405
v -0.972736 11.159319 -2.918106
v -1.036019 11.488725 -3.678101
v -1.263031 10.689613 -3.678101
v -0.972736 10.219908 -2.918106
v -0.542142 10.689613 -2.385117
v -0.212736 9.929613 -2.448395
v -0.552357 9.380095 -3.094391
v 0.132057 9.167458 -2.929169
v -0.474491 8.199700 -3.335770
v -0.984981 8.680096 -3.361771
v -1.417604 7.980096 -3.094391
v -1.949407 8.722631 -3.566971
v -2.382030 8.231720 -3.170364
v -2.853539 8.503382 -3.796600
v -3.082030 8.290007 -2.866959
v -3.553539 8.236006 -3.363968
v -3.553539 8.445095 -4.099991
v -4.253539 8.503382 -3.796600
v -3.961515 9.053337 -4.642517
v -4.636867 9.228956 -4.485016
v -4.369491 9.661580 -5.185028
v -5.192031 9.881590 -4.828125
v -5.099522 10.435456 -5.619995
v -4.421412 10.441134 -5.854050
v -4.854036 10.932046 -6.250641
v -5.412320 9.525153 -4.005768
v -5.967031 9.946122 -4.492218
v -5.967031 9.737034 -3.756195
v -6.733711 9.772486 -4.027130
v -6.730959 10.116046 -5.067413
v -6.233030 10.576719 -5.588364
v -6.290472 10.933989 -6.391052
v -5.730930 11.266990 -6.792603
v -5.049541 11.699614 -6.543823
v -4.421412 11.632046 -6.518021
v -4.746140 12.399613 -6.602112
v -5.298306 11.966990 -7.059967
v -5.176736 12.869319 -7.135101
v -5.564979 12.461529 -7.895111
v -5.240019 13.198725 -7.895111
v -4.707030 13.629319 -7.425400
v -4.770289 13.517821 -8.545166
v -5.275111 12.930544 -8.653992
v -4.852112 13.353544 -9.641220
v -4.342637 13.802923 -9.158157
v -4.284031 14.052320 -9.930405
v -4.817019 13.621725 -10.400101
v -4.284031 14.052320 -10.869812
v -3.524031 14.342614 -10.400101
v -3.524031 14.115602 -11.199219
v -2.764030 14.052320 -10.869812
v -3.054325 13.582614 -11.629807
v -3.993736 13.582614 -11.629807
v -3.524031 12.822614 -11.920105
v -2.724919 12.822614 -11.693100
v -3.054325 12.062613 -11.629807
v -4.049746 11.829329 -11.773621
v -4.323142 12.822614 -11.693100
v -4.626542 12.122614 -11.751389
v -4.875307 12.389990 -11.235245
v -5.216133 11.609974 -11.591415
v -4.533702 10.903614 -12.037430
v -5.584359 10.903614 -12.037430
v -5.059031 10.053614 -12.362106
v -4.165288 10.053614 -12.108215
v -4.533702 9.203613 -12.037430
v -5.491654 9.123847 -12.166504
v -4.973545 8.544617 -11.627365
v -5.829701 8.430614 -11.989441
v -5.505030 7.905285 -11.139435
v -6.355030 7.834507 -11.507843
v -5.842014 7.475549 -10.808929
v -6.780046 7.475549 -10.808929
v -6.311030 7.041624 -10.318222
v -7.071031 7.104908 -9.988815
v -7.205030 7.905285 -11.139435
v -6.880359 8.430614 -11.989441
v -7.673538 8.338133 -11.700226
v -8.143394 7.961021 -10.804886
v -8.381758 8.167559 -11.509766
v -9.081758 7.900183 -11.077148
v -8.847034 7.414726 -10.291656
v -8.218696 7.261341 -9.991165
v -7.771030 7.163195 -9.685410
v -8.218696 7.052252 -9.255142
v -7.786072 6.561341 -8.858536
v -7.078598 6.748439 -9.257462
v -8.886160 6.513093 -8.808243
v -8.688377 5.973932 -8.361359
v -7.841030 5.965160 -8.622101
v -8.320006 5.265614 -8.203079
v -7.385090 5.227433 -8.340317
v -6.638025 6.076497 -8.675812
v -6.055865 5.341650 -8.342758
v -6.579972 4.525323 -8.535355
v -7.105006 4.489707 -8.267609
v -6.892659 3.744448 -8.576233
v -6.061007 4.045613 -8.950089
v -6.396913 3.270613 -9.014618
v -5.582030 3.270613 -9.246109
v -5.952504 2.602773 -9.162094
v -6.836006 2.791637 -8.471100
v -6.745966 1.928480 -8.601639
v -6.429378 1.803933 -9.108353
v -5.346407 2.001613 -9.541489
v -5.970516 1.441006 -9.873215
v -5.126472 1.502984 -10.360596
v -5.779031 1.301613 -10.674103
v -5.169305 1.195432 -11.268433
v -5.747972 1.025148 -11.557175
v -6.539031 1.011319 -11.143814
v -6.414473 0.878988 -11.892166
v -5.716915 0.766606 -12.377151
v -4.464696 1.221262 -12.489777
v -5.016915 1.033982 -12.809784
v -5.657031 0.924999 -13.080856
v -6.409863 0.637442 -12.680878
v -6.326202 0.511386 -13.691742
v -5.718031 0.877319 -14.113815
v -4.443128 1.758716 -13.869110
v -5.025599 1.292075 -14.551117
v -4.369598 1.869075 -15.060104
v -4.135391 2.256645 -14.674774
v -5.062031 1.454319 -15.497406
v -4.335814 1.855819 -15.977188
v -3.442318 1.946823 -15.688934
v -3.177359 2.497613 -15.244431
v -2.560978 1.705055 -15.672485
v -2.126701 2.497613 -15.244431
v -2.652030 3.093720 -14.762848
v -1.721478 3.123958 -14.887207
v -1.204849 2.677122 -15.180450
v -0.854697 3.613976 -15.033310
v -0.362667 3.160310 -15.599304
v -0.373638 4.067923 -15.441055
v -0.414095 4.377429 -14.668121
v 0.262888 5.007545 -15.147217
v 0.377403 4.732075 -14.157349
v 1.049019 5.353508 -14.622391
v 1.032951 4.951756 -13.637726
v 1.493626 5.472709 -14.135651
v 1.561527 5.874228 -15.089966
v 2.164305 5.728886 -14.550156
v 2.404285 5.810064 -15.434402
v 2.940945 5.369829 -15.004471
v 2.883959 5.275725 -15.906113
v 3.267206 4.841928 -15.206100
v 3.652376 5.293047 -14.708130
v 3.967207 4.574552 -14.773483
v 4.399830 5.274552 -14.506104
v 4.969343 4.764497 -14.537384
v 5.354637 5.488729 -14.539474
v 5.869247 4.883047 -14.759781
v 6.147209 5.480046 -14.797562
v 5.658037 6.188729 -14.481186
v 6.609882 6.059838 -14.860733
v 6.188969 6.947614 -14.673111
v 7.087317 6.863873 -14.869644
v 7.589262 6.230614 -15.352814
v 7.259857 5.470613 -15.416092
v 5.472969 3.949614 -14.689102
v 4.951809 3.829630 -14.793091
v 5.143347 3.150613 -14.743484
v 4.376253 3.947063 -14.903473
v 3.509680 4.169940 -15.452621
v 3.788147 3.310515 -15.532196
v 4.288067 2.750605 -14.873322
v 3.660345 2.342237 -15.177109
v 3.691959 1.775283 -14.685608
v 5.050640 1.600614 -14.151428
v 3.959337 1.342659 -13.985596
v 4.482592 0.795613 -13.622482
v 3.617346 0.795613 -13.622482
v 4.049969 0.095613 -13.355103
v 3.313946 0.095613 -13.564194
v 3.332968 -0.452716 -13.574783
v 3.817572 -0.719270 -13.412476
v 3.594299 -1.319113 -13.648926
v 4.497515 -1.664110 -13.090714
v 4.626417 -0.734715 -13.158432
v 5.324858 -1.125304 -12.520798
v 5.081013 -1.727713 -12.176620
v 5.781013 -1.460337 -11.744003
v 5.477613 -2.160336 -11.685715
v 6.173676 -2.401634 -11.469681
v 5.323956 -2.637973 -11.714447
v 5.786228 -3.451727 -11.482086
v 4.879004 -3.482185 -11.351242
v 5.297218 -3.996413 -10.916916
v 6.133993 -4.193386 -11.311081
v 5.756603 -4.733387 -10.575409
v 6.546289 -4.830635 -10.904449
v 6.278912 -5.263259 -10.204453
v 7.101250 -5.689762 -10.725098
v 7.208427 -5.445875 -11.526535
v 7.531321 -6.346817 -11.618774
v 7.697641 -5.959715 -12.363098
v 8.178419 -6.869301 -12.164749
v 8.547640 -6.284387 -12.888428
v 8.179226 -5.434386 -12.959213
v 9.072969 -5.434386 -13.213104
v 9.672213 -6.147878 -13.009872
v 9.920095 -5.434386 -13.095123
v 10.537458 -6.147878 -13.009872
v 11.128975 -5.452387 -13.424957
v 11.258041 -6.410339 -13.345200
v 11.654642 -5.977715 -13.836105
v 11.654642 -6.842963 -13.836105
v 12.081261 -6.396812 -14.431595
v 12.081261 -7.262060 -14.431595
v 12.348637 -6.829436 -15.131592
v 12.139547 -7.565460 -15.131592
v 12.081261 -7.262060 -15.831589
v 11.771755 -8.034994 -15.791138
v 11.435265 -7.601681 -16.381104
v 11.904972 -6.841681 -16.671402
v 11.371981 -7.272275 -17.141113
v 11.904972 -6.841681 -17.610809
v 12.664970 -6.453438 -17.203018
v 12.664970 -6.778398 -17.940216
v 12.195263 -7.311386 -18.370819
v 13.134678 -7.311386 -18.370819
v 12.664970 -8.071386 -18.661102
v 13.462908 -8.071386 -18.549973
v 13.999924 -7.311386 -18.370819
v 14.000799 -8.380386 -18.452682
v 14.891846 -8.104712 -18.530441
v 14.754663 -6.857716 -18.747192
v 15.288967 -7.347270 -18.819763
v 15.151264 -6.425092 -19.238113
v 15.556345 -6.914646 -19.519760
v 15.209551 -6.121692 -19.938110
v 15.556345 -6.914646 -20.385010
v 15.151264 -6.425092 -20.638107
v 14.995766 -5.763839 -20.406113
v 14.860970 -5.955386 -21.398102
v 14.972109 -5.157448 -21.398102
v 14.877068 -5.122520 -20.487106
v 14.667978 -4.386497 -20.487106
v 14.731262 -4.057092 -21.247101
v 15.067753 -4.489026 -21.837082
v 15.161856 -3.587386 -21.780090
v 15.936459 -3.746399 -22.015533
v 15.400660 -4.713436 -22.216721
v 16.344578 -4.605411 -22.291321
v 15.911263 -5.195386 -22.627808
v 16.850674 -5.195386 -22.627808
v 17.361279 -4.713436 -22.216721
v 17.230198 -3.989387 -21.862335
v 18.095448 -3.989387 -21.862335
v 18.242970 -4.600387 -21.955109
v 18.717354 -3.832819 -21.812195
v 19.042080 -4.600387 -21.728104
v 18.712673 -5.360387 -21.664810
v 19.539581 -5.163216 -21.278214
v 19.859344 -4.378153 -21.523499
v 20.377453 -4.957382 -20.984375
v 20.817299 -4.298387 -21.394440
v 20.220970 -3.563270 -21.834763
v 21.097275 -3.826731 -21.762207
v 20.506641 -3.200387 -22.119431
v 21.557301 -3.200387 -22.119431
v 21.031971 -2.350387 -22.444107
v 21.881969 -3.725716 -21.269440
v 21.775330 -4.057417 -20.824768
v 22.017406 -3.765082 -20.246185
v 21.738075 -4.342129 -20.019104
v 22.004051 -3.996317 -19.381989
v 22.262142 -3.203745 -19.390671
v 22.320431 -3.507145 -18.690674
v 21.968960 -4.264497 -18.623108
v 22.459869 -3.867897 -18.190491
v 23.020428 -3.239769 -18.258057
v 23.159870 -3.809609 -17.887085
v 23.780727 -3.228954 -17.971573
v 24.220745 -3.958397 -17.666779
v 24.573299 -3.220271 -17.713470
v 24.740086 -4.248448 -17.478195
v 25.438549 -3.220271 -17.713470
v 25.476109 -4.248448 -17.269104
v 25.908733 -3.548449 -17.536484
v 26.234993 -3.020548 -17.738129
v 26.638172 -3.768187 -17.987305
v 26.212132 -4.248448 -17.478195
v 26.608730 -4.681072 -17.969101
v 26.902077 -4.206432 -18.707642
v 26.667019 -4.984472 -18.669113
v 27.055264 -4.576681 -19.429108
v 26.698795 -5.308028 -19.436676
v 27.323299 -4.957939 -20.279785
v 27.815266 -4.286386 -19.898819
v 28.659340 -5.273252 -20.345703
v 28.754673 -4.286386 -19.898819
v 29.084080 -5.046387 -19.962097
v 29.070461 -5.960640 -20.211533
v 28.156521 -5.660473 -20.869751
v 28.695362 -6.405876 -21.103989
v 29.155239 -6.669332 -20.451447
v 29.514675 -6.381340 -19.429108
v 29.396786 -7.458057 -20.446838
v 29.422962 -7.311019 -18.904556
v 29.613300 -6.681715 -19.018112
v 29.779613 -7.068817 -18.273773
v 29.526623 -7.565137 -18.334991
v 29.906986 -7.609386 -17.850876
v 29.526623 -8.501387 -18.334991
v 29.777924 -8.567339 -17.771103
v 29.516300 -9.253716 -17.822113
v 29.932068 -8.839490 -16.972107
v 29.722977 -9.575514 -16.972107
v 29.809063 -9.876314 -17.372833
v 29.252613 -9.413818 -18.325775
v 28.968704 -10.226515 -17.925446
v 29.466297 -10.603716 -17.179108
v 28.616299 -10.928385 -17.704437
v 27.710968 -10.292484 -18.331207
v 27.565639 -10.928385 -17.704437
v 28.090969 -11.524494 -17.222855
v 27.133015 -10.437475 -18.101044
v 26.658390 -11.087532 -17.273621
v 26.433014 -10.495762 -18.404434
v 27.133015 -10.228386 -18.837067
v 26.161343 -10.690718 -19.440216
v 25.942104 -10.892363 -18.837067
v 25.789249 -11.754763 -19.215973
v 25.846828 -11.389448 -20.051102
v 25.957966 -12.187386 -20.051102
v 25.667675 -12.657093 -19.291107
v 25.371441 -12.068130 -18.634583
v 24.907673 -12.947384 -18.821396
v 24.437969 -12.531610 -18.303223
v 23.968952 -13.046452 -18.761292
v 23.932854 -12.558750 -18.221497
v 24.437969 -13.480375 -19.251999
v 23.677971 -13.417091 -19.581406
v 23.109886 -12.718317 -19.292221
v 22.811031 -12.469376 -18.892487
v 23.117970 -12.501387 -17.989105
v 22.267971 -12.176714 -18.514435
v 22.303085 -12.558750 -17.756714
v 23.232853 -12.617037 -17.052856
v 22.522987 -12.988453 -16.816925
v 21.996635 -12.859749 -17.007141
v 21.564011 -13.350658 -16.610535
v 22.086185 -13.803402 -16.042465
v 22.897083 -13.426001 -16.089935
v 22.736298 -13.994762 -15.536819
v 22.302986 -14.584740 -15.200317
v 23.003674 -14.427385 -14.836807
v 22.533970 -14.960377 -14.406219
v 23.293968 -14.897093 -14.076813
v 22.533970 -15.187387 -13.607101
v 21.838459 -14.973133 -14.935562
v 21.792637 -14.560749 -15.959305
v 21.252968 -15.264091 -15.594818
v 21.289978 -15.374065 -14.643326
v 20.492970 -15.554386 -15.125107
v 20.492970 -15.327375 -14.325989
v 19.732971 -15.264091 -14.655396
v 19.732971 -15.264091 -15.594818
v 19.199978 -14.833498 -15.125107
v 19.263264 -14.504093 -14.365112
v 18.972973 -14.034386 -15.125107
v 19.128788 -13.580883 -14.323761
v 19.199978 -13.235273 -15.125107
v 19.210789 -12.576889 -14.328461
v 19.180202 -13.024681 -13.528107
v 19.054974 -12.123386 -13.527100
v 19.345264 -11.653679 -14.287109
v 19.188602 -11.289055 -13.585999
v 18.946873 -10.857080 -13.003448
v 18.589642 -11.447716 -12.377106
v 18.589642 -10.397057 -12.377106
v 18.161594 -10.866835 -11.584549
v 18.518864 -10.028643 -11.527100
v 18.075153 -10.934059 -10.991379
v 18.605534 -10.075691 -10.679031
v 18.144863 -10.596643 -10.181107
v 17.890972 -11.490387 -10.181107
v 18.086121 -10.951809 -9.342117
v 18.495899 -10.198685 -9.554138
v 18.854019 -9.519472 -11.351105
v 19.242260 -9.111681 -12.111099
v 19.108768 -8.580547 -11.312973
v 19.491661 -8.339437 -12.169708
v 19.004223 -7.779912 -11.312973
v 19.166073 -7.608923 -12.168991
v 18.652977 -7.181808 -11.677368
v 18.976086 -6.917779 -12.427612
v 18.110836 -6.917779 -12.427612
v 17.736755 -6.902452 -12.093857
v 17.678211 -6.614124 -13.074722
v 16.820534 -7.157848 -12.552109
v 16.724869 -6.816475 -11.453995
v 17.293552 -6.727382 -11.478134
v 16.305149 -7.328266 -11.884384
v 16.318054 -7.349145 -12.588043
v 15.858917 -8.069301 -12.253113
v 15.827145 -7.745745 -13.020676
v 15.618053 -8.481769 -13.020676
v 15.649826 -8.805325 -12.253113
v 15.827145 -9.217793 -13.020676
v 15.686314 -9.640854 -12.500168
v 15.688297 -10.144716 -13.201111
v 15.403313 -10.387482 -12.548798
v 15.162968 -10.994715 -13.525772
v 14.365801 -11.181215 -13.171326
v 14.312969 -11.319387 -14.051102
v 13.440645 -11.145721 -13.582977
v 13.614920 -11.131905 -12.953445
v 13.384090 -11.089901 -14.534134
v 12.836626 -10.637482 -14.116409
v 12.441969 -11.016495 -13.194855
v 11.940327 -10.426327 -13.893677
v 11.656548 -10.942270 -13.187469
v 11.182198 -9.996492 -13.570465
v 10.773106 -10.912828 -13.198730
v 11.252823 -11.541763 -12.881332
v 10.426678 -11.643385 -13.030807
v 10.715855 -12.211468 -12.332031
v 9.956970 -12.176376 -12.600220
v 9.956970 -12.501337 -11.863022
v 9.196972 -12.113092 -12.270813
v 9.121836 -12.234663 -11.368484
v 9.853888 -12.948318 -10.885986
v 10.712261 -13.177385 -11.356812
v 9.336054 -12.030207 -10.593460
v 9.603430 -12.462830 -9.893448
v 9.507740 -11.630617 -9.825104
v 9.746460 -11.918295 -8.945938
v 9.566027 -12.799263 -9.125107
v 9.508715 -11.037327 -8.766754
v 9.017805 -10.640726 -9.199387
v 9.017805 -10.640726 -8.334137
v 8.317804 -10.373350 -8.766754
v 8.317804 -10.582439 -8.030731
v 8.750427 -11.073349 -7.634140
v 7.885181 -11.073349 -7.634140
v 8.341021 -11.758018 -7.463226
v 7.666952 -11.641609 -7.715515
v 7.433620 -11.264067 -8.037979
v 8.149986 -10.657242 -9.777130
v 7.595051 -10.834803 -9.327194
v 7.394903 -11.093069 -9.796188
v 8.903431 -11.330206 -10.326080
v 8.636053 -11.762829 -11.026077
v 7.389685 -10.911461 -8.670593
v 8.742054 -11.960146 -11.705048
v 8.727264 -11.353094 -12.561111
v 8.339020 -10.821472 -11.801102
v 7.848110 -11.218073 -11.368484
v 8.280733 -10.518072 -11.101105
v 7.292318 -10.715754 -10.711563
v 7.151272 -11.169592 -11.089996
v 7.042532 -11.497641 -11.462418
v -7.982520 -3.879287 1.833267
v -8.172915 -4.702239 1.919769
v -7.380801 -4.282253 1.762772
v -6.955518 -3.696982 1.761230
v -7.479345 -3.357162 2.247879
v -7.106043 -2.984104 1.564117
v -7.498857 -2.357028 2.198318
v -7.170401 -2.336795 1.054779
v -7.044262 -1.138144 -0.277603
v -7.037590 -2.008349 0.461258
v -6.649915 -1.684697 -0.188278
v -6.180009 -1.725291 -0.630753
v -6.010518 -0.892010 -1.647385
v -5.868030 -1.931537 -1.189041
v -5.536683 -1.658691 -1.940231
v -5.140083 -1.226068 -2.431152
v -5.090507 -1.638821 -2.804520
v -5.733987 -2.153479 -2.385101
v -5.896482 -2.406460 -1.607025
v 0.397068 -0.771391 -1.673462
v -0.328241 -1.264716 -1.841980
v -0.046473 -1.498176 -1.272720
v 0.215349 -1.267839 -0.654144
v 0.683805 -0.221423 -0.997452
v 0.372461 -0.667861 -0.292603
v 0.234259 0.048130 -0.233109
v -0.716195 1.178576 -0.997452
v -0.105322 0.697296 -0.374573
v -0.820004 0.959732 -0.371323
v -1.392300 1.259425 -0.417496
v -1.733085 1.330927 -1.013947
v -1.806251 1.811543 -0.539459
v 0.953016 5.584614 1.440933
v 0.705069 5.339272 1.907608
v 0.590382 6.101280 2.146561
v 0.668484 4.900063 1.326614
v 1.008509 5.399607 0.665329
v 1.132969 6.306613 0.732895
v 1.275885 5.832231 -0.034668
v 1.324888 6.837544 -0.025986
v 1.249016 6.377613 -0.466156
v 1.471796 7.136973 -0.759537
v 1.192215 6.765862 -1.629059
v 0.981640 5.944990 -1.166153
v 0.701305 6.369262 -2.061676
v 1.133928 7.069262 -2.329056
v 0.433928 6.801886 -2.761673
v 0.737328 7.501886 -2.819962
v 1.470827 8.033990 -2.116089
v 1.074226 8.466614 -2.606995
v 1.956547 9.230729 -2.291733
v 0.889410 9.295533 -2.503403
v 0.346937 8.295279 -3.131744
v -0.127274 7.404122 -3.063339
v -0.431319 6.801886 -2.761673
v -0.992520 7.404122 -3.063339
v -1.502253 6.838446 -2.502274
v -1.856702 7.635613 -2.688782
v -2.290978 6.843055 -2.260727
v -2.599265 7.714915 -2.326385
v -3.011028 7.167873 -1.815826
v -3.087311 7.872918 -2.014069
v -3.352715 7.545915 -1.288589
v -3.560596 8.180326 -1.532150
v -3.906483 8.669347 -1.937469
v -3.553539 8.445095 -2.627945
v -4.131589 8.747301 -2.387436
v -4.438020 8.823642 -2.875702
v -6.539993 9.739266 -3.441940
v -6.182363 9.821055 -2.559494
v -5.580212 9.467819 -3.062302
v -7.239993 10.006642 -3.009323
v -7.433711 10.039862 -3.594513
v -7.836031 10.346590 -3.447083
v -7.836031 10.346590 -4.312332
v -7.432335 10.107098 -4.611893
v -8.070686 10.658710 -5.035797
v -7.738695 10.672262 -5.569672
v -8.697030 11.015943 -5.626434
v -7.997030 10.748567 -6.059067
v -7.043304 10.646432 -5.925781
v -7.406102 10.730958 -6.762390
v -8.401958 10.730958 -6.762390
v -7.406102 10.940046 -7.498413
v -6.706102 10.998334 -7.195007
v -6.398366 11.496262 -8.000671
v -5.998306 11.699614 -7.492599
v -5.898236 12.166864 -8.409485
v -6.389148 11.770265 -8.842102
v -5.826103 12.344879 -8.964783
v -6.371006 11.861829 -9.519714
v -5.781031 12.198319 -10.025818
v -5.323228 12.772210 -9.415604
v -5.216049 12.739724 -10.429276
v -5.588211 12.143494 -10.768829
v -6.087148 11.957265 -10.462112
v -5.976423 11.559354 -11.275421
v -6.791757 11.657432 -10.947433
v -6.211454 10.991613 -11.766434
v -7.076702 10.991613 -11.766434
v -6.858656 10.095497 -12.162384
v -5.938808 10.106445 -12.223938
v -6.355030 9.280613 -12.314102
v -7.594680 10.095497 -12.371475
v -7.839919 9.687613 -12.561096
v -8.169325 10.447614 -12.497818
v -8.840739 10.518802 -13.000885
v -8.604742 11.103655 -12.403702
v -9.348366 11.441616 -12.809357
v -9.330324 10.792319 -13.487106
v -9.330324 9.852907 -13.487106
v -9.760920 10.322614 -14.020096
v -10.090324 9.562613 -13.956818
v -9.800030 9.092908 -13.196808
v -10.560030 9.029624 -13.526215
v -10.639689 8.499876 -12.875168
v -9.540670 8.337638 -12.161316
v -10.143600 8.006948 -12.245758
v -9.608624 7.481093 -11.578598
v -10.530702 7.262613 -12.079437
v -10.206030 6.737285 -11.229431
v -9.563360 7.120934 -10.714203
v -10.098431 6.653069 -10.238831
v -9.579686 7.094518 -9.773560
v -10.275686 6.404518 -9.625412
v -9.312310 6.661894 -9.073547
v -8.879686 7.152805 -9.470154
v -9.972015 6.294232 -8.967087
v -10.879705 5.896279 -9.091980
v -10.883030 5.891613 -8.403107
v -9.799002 5.907206 -8.056961
v -10.471031 5.578102 -7.139389
v -9.366378 5.416295 -7.660355
v -10.038406 4.878102 -6.872009
v -9.829659 4.423449 -7.128235
v -9.062979 4.716295 -7.602066
v -9.333914 3.949614 -7.566620
v -8.519031 3.949614 -7.798111
v -7.963718 4.569660 -8.062012
v -7.783007 3.949614 -8.007202
v -8.086407 3.098707 -7.624908
v -7.355426 3.270613 -8.056107
v -7.783007 2.398707 -7.566620
v -7.232606 2.359014 -7.980194
v -7.504659 1.663448 -7.813232
v -7.052525 1.497946 -8.241241
v -7.504659 0.715778 -7.813232
v -7.058397 0.267237 -8.409119
v -6.655925 1.065322 -8.732162
v -6.597637 0.761923 -9.432159
v -6.950449 -0.052081 -9.214111
v -7.008737 0.251319 -9.914108
v -6.638095 1.071429 -10.205093
v -7.072020 0.580725 -10.674103
v -7.299512 0.161725 -10.482605
v -7.438915 -0.343618 -10.201965
v -7.380629 -0.647018 -9.501968
v -7.871539 -1.043618 -9.934601
v -8.103030 -0.669058 -10.798782
v -7.803137 -0.030643 -11.801102
v -8.246132 -0.642283 -11.882324
v -7.732360 -0.399058 -12.651108
v -7.207031 0.450942 -12.326431
v -6.975539 0.076382 -13.190613
v -7.250773 -0.924387 -13.247223
v -6.602492 -0.310627 -13.711670
v -6.569462 -1.297427 -13.775375
v -6.187737 -0.822092 -14.404114
v -6.187737 0.117319 -14.404114
v -5.978267 -0.140701 -15.267105
v -5.630112 0.755545 -15.208221
v -5.822031 0.224614 -15.967102
v -5.595019 1.023725 -15.967102
v -5.531736 0.694319 -16.727112
v -5.062031 1.454319 -16.436813
v -4.771736 0.984614 -17.196808
v -4.302031 1.517603 -16.766220
v -3.832325 0.984614 -17.196808
v -3.542030 1.454319 -16.436813
v -3.072325 0.694319 -16.727112
v -2.937528 1.214990 -16.151123
v -2.501926 0.393744 -16.135712
v -2.053100 0.995498 -15.469193
v -1.784919 0.236613 -15.434097
v -1.317076 0.995498 -15.260101
v -1.804904 1.647614 -15.451111
v -0.935156 1.817614 -15.405121
v -0.373314 1.025845 -15.536118
v -0.199133 1.817614 -15.614197
v -0.502532 2.517613 -15.672485
v 0.165346 2.615210 -16.149933
v 0.197468 1.384990 -16.105118
v 0.621494 2.250000 -16.704651
v 0.616077 3.174955 -16.714691
v 0.119511 3.629237 -16.140442
v 0.361263 4.006908 -16.666107
v -0.040237 4.486691 -15.939896
v 0.361263 4.946320 -16.666107
v 0.297979 5.275725 -15.906113
v 0.830971 5.706319 -16.375809
v 0.830971 5.706319 -15.436401
v 1.590969 5.996614 -15.906113
v 1.590969 5.769603 -16.705215
v 2.350967 5.706319 -16.375809
v 2.060677 5.236613 -17.135818
v 2.820675 4.946320 -16.666107
v 2.390081 4.476614 -17.199097
v 2.880785 4.007597 -16.765167
v 3.208920 4.538528 -15.906113
v 3.298428 3.629237 -16.140442
v 2.853279 3.151564 -16.695709
v 3.298428 2.763990 -16.140442
v 3.102674 2.379319 -16.637100
v 3.392969 1.909614 -15.877106
v 3.102674 1.439908 -16.637100
v 3.165958 1.110502 -15.877106
v 3.201050 1.378683 -15.118225
v 2.632967 0.679908 -15.407394
v 2.632967 0.679908 -14.542160
v 3.349968 1.228237 -14.322479
v 2.908844 0.387761 -13.948639
v 1.872969 0.291665 -14.343140
v 2.288403 -0.474852 -13.769989
v 1.246899 0.093181 -14.195801
v 1.319874 -0.931458 -13.176834
v 2.481640 -1.319113 -13.648926
v 1.578424 -1.664110 -13.090714
v 2.144226 -2.129387 -13.579224
v 3.037970 -2.129387 -13.833115
v 2.512640 -2.979387 -13.508438
v 3.563299 -2.979387 -13.508438
v 3.931713 -2.129387 -13.579224
v 4.413298 -2.654716 -12.983109
v 3.887968 -3.504716 -12.658432
v 4.579618 -3.041818 -12.238770
v 4.853621 -2.200389 -12.247986
v 3.991831 -3.621424 -11.671280
v 3.037970 -3.829387 -12.133102
v 2.985138 -3.691216 -11.253326
v 3.495970 -3.564287 -10.834244
v 4.389389 -3.896553 -10.488708
v 3.495970 -3.773376 -10.098221
v 4.195971 -4.156623 -9.664429
v 4.938341 -4.419522 -10.115509
v 4.574240 -4.804152 -9.237411
v 5.346706 -5.106871 -9.817108
v 4.936642 -5.546715 -9.158112
v 5.702938 -5.827051 -9.791473
v 5.526064 -6.563043 -9.683914
v 6.076910 -7.438014 -9.874283
v 6.624815 -6.021135 -10.151260
v 6.976332 -6.984200 -10.069611
v 7.367319 -6.346389 -10.588989
v 7.765648 -7.501098 -10.698380
v 7.692137 -6.871955 -11.324493
v 8.332972 -7.650716 -10.999435
v 8.814762 -7.614859 -11.648178
v 8.765594 -8.350716 -10.732056
v 9.132982 -8.652199 -11.472290
v 9.629595 -8.088433 -12.003433
v 9.722574 -7.466387 -12.506256
v 8.987484 -6.943382 -12.478363
v 10.104836 -6.847878 -12.742493
v 10.502441 -7.624495 -12.988297
v 10.840858 -6.847878 -12.951584
v 11.277699 -7.320612 -13.467484
v 11.033226 -8.166387 -13.455215
v 11.714539 -7.793345 -13.983383
v 11.660732 -8.675072 -14.233109
v 11.928108 -8.242448 -14.933105
v 11.816969 -9.040386 -14.933105
v 11.706499 -8.864234 -15.665939
v 11.952465 -9.666533 -15.670700
v 11.659945 -9.193225 -16.436523
v 11.435265 -8.541092 -16.381104
v 11.371981 -8.870498 -17.141113
v 11.144970 -8.071386 -17.141113
v 11.435265 -8.541092 -17.901108
v 11.435265 -7.601681 -17.901108
v 11.865858 -8.071386 -18.434097
v 12.195263 -8.831386 -18.370819
v 11.858330 -9.347286 -17.732788
v 12.664970 -9.606522 -18.225006
v 13.118473 -8.872738 -18.505280
v 13.697399 -9.080386 -18.394394
v 14.034901 -9.743502 -18.266190
v 14.433422 -9.080386 -18.185303
v 14.770924 -9.743502 -18.057098
v 15.536676 -9.345386 -17.878815
v 15.176294 -10.162281 -17.665436
v 15.826969 -9.815092 -17.118820
v 16.309193 -9.075564 -17.636810
v 16.674526 -8.491121 -18.211777
v 15.690399 -7.971336 -18.631744
v 16.438972 -8.033715 -19.094437
v 17.288971 -8.104492 -19.462845
v 16.820126 -7.625922 -20.022186
v 16.047256 -7.311246 -19.952377
v 17.148537 -7.332472 -20.923721
v 16.380970 -7.475387 -21.398102
v 15.620972 -7.185092 -20.928406
v 15.620972 -7.185092 -21.867813
v 15.087980 -6.754497 -21.398102
v 15.151264 -6.425092 -22.158112
v 15.911263 -6.715386 -22.627808
v 15.581858 -5.955386 -22.691101
v 15.151264 -5.485681 -22.158112
v 16.380970 -5.955386 -22.918106
v 16.850674 -6.715386 -22.627808
v 17.180080 -5.955386 -22.691101
v 17.610676 -6.425092 -22.158112
v 17.826061 -5.427162 -22.139221
v 18.199963 -6.089717 -21.724365
v 17.673962 -6.754497 -21.398102
v 18.164871 -6.357897 -20.965485
v 19.002968 -5.830092 -20.904816
v 18.587193 -6.348263 -20.435104
v 19.102036 -5.890202 -19.966095
v 19.592945 -5.493602 -20.435104
v 19.592945 -5.493602 -19.533463
v 20.292946 -5.226226 -19.966095
v 19.975967 -5.252763 -19.055725
v 19.198059 -5.922362 -18.569107
v 19.975967 -5.252763 -18.190491
v 20.675968 -4.985387 -18.623108
v 21.277401 -4.863082 -19.521179
v 21.141968 -4.823715 -20.544434
v 21.768311 -4.466482 -19.088562
v 21.435966 -4.695092 -18.153397
v 20.808300 -4.884713 -17.814255
v 21.578968 -4.391092 -17.662064
v 20.808300 -4.884713 -16.949005
v 21.578968 -4.391092 -16.796814
v 22.278969 -4.123716 -17.229431
v 22.278969 -4.332805 -16.493408
v 22.978970 -4.391092 -16.796814
v 22.711594 -4.823716 -16.096817
v 23.411594 -5.091092 -16.529434
v 23.685265 -4.525436 -17.339005
v 23.988663 -5.225436 -17.280716
v 23.739262 -5.997681 -17.222107
v 24.499268 -5.707386 -17.691818
v 25.006229 -4.940350 -17.541245
v 25.480656 -5.606322 -17.825455
v 25.908733 -4.948448 -17.536484
v 25.827087 -6.013018 -18.537537
v 24.968971 -6.123162 -18.209991
v 24.930950 -6.388388 -18.963547
v 25.827087 -6.013018 -19.402771
v 26.317997 -5.616418 -18.970154
v 26.207886 -5.704628 -19.869293
v 25.632206 -5.858369 -20.218109
v 26.411972 -5.720057 -20.743439
v 25.612469 -5.978411 -21.390579
v 26.327854 -5.912023 -21.372711
v 27.261971 -5.649281 -21.111847
v 27.144913 -5.856052 -21.761993
v 27.880478 -6.094618 -21.607620
v 27.079971 -5.895526 -22.653168
v 27.839970 -6.074680 -22.981400
v 27.079971 -5.784386 -23.451111
v 27.839970 -6.074680 -23.920807
v 28.372963 -6.505275 -23.451111
v 28.789829 -6.933674 -22.663361
v 28.599968 -7.304386 -23.451111
v 28.899067 -8.014386 -22.733444
v 29.256298 -7.489058 -22.107101
v 28.730968 -6.639057 -21.782440
v 29.327076 -7.120644 -21.257111
v 29.580967 -8.014386 -21.257111
v 29.256298 -8.539715 -22.107101
v 29.327076 -8.908128 -21.257111
v 29.407307 -8.482512 -20.384781
v 28.530224 -9.445934 -20.603317
v 28.925732 -8.911906 -19.854355
v 29.117985 -8.014386 -19.627335
v 29.086300 -9.026715 -19.070099
v 28.329475 -9.502155 -19.609619
v 28.560966 -9.876715 -18.745438
v 27.710968 -9.947495 -19.113846
v 27.293964 -9.723341 -20.140228
v 26.593964 -9.990717 -19.707596
v 26.593964 -9.990717 -20.572845
v 26.103054 -10.387318 -20.140228
v 26.067963 -10.655499 -20.899109
v 26.593964 -9.990717 -21.225372
v 26.103054 -10.387318 -21.657990
v 25.618084 -11.153000 -21.461945
v 25.802151 -11.733883 -20.852463
v 25.237080 -12.187386 -21.344101
v 25.667675 -12.657093 -20.811111
v 24.907673 -12.947384 -21.280807
v 25.197968 -13.417091 -20.520813
v 25.730961 -12.986498 -20.051102
v 25.197968 -13.417091 -19.581406
v 24.437969 -13.707386 -20.051102
v 24.437969 -13.480375 -20.850220
v 23.677971 -13.417091 -20.520813
v 23.968952 -13.046452 -21.340927
v 23.471970 -12.905764 -21.261490
v 23.589855 -12.424282 -22.230545
v 22.771969 -12.638388 -21.694107
v 22.704403 -12.762848 -20.787109
v 23.144978 -12.986498 -20.051102
v 22.653698 -12.530678 -20.259430
v 22.618977 -12.321716 -19.724854
v 22.074017 -12.005730 -20.481934
v 22.043903 -11.633202 -19.796127
v 22.175488 -11.887497 -19.307617
v 21.534794 -11.207159 -19.374756
v 21.684578 -11.490896 -18.875000
v 20.968227 -11.329273 -18.578522
v 21.417202 -11.923519 -18.174988
v 20.665642 -12.226385 -17.773438
v 21.656246 -12.333986 -17.857651
v 21.190971 -12.822495 -17.291855
v 20.247646 -12.787838 -17.052124
v 19.960629 -13.266453 -16.663528
v 20.492970 -14.034386 -16.645111
v 19.693859 -14.034386 -16.418091
v 20.023266 -14.794384 -16.354813
v 20.962673 -14.794384 -16.354813
v 21.340073 -14.071373 -16.503479
v 20.492970 -15.327375 -15.924225
v 19.263264 -14.504093 -15.885101
v 19.263264 -13.564678 -15.885101
v 19.433605 -12.616035 -15.583221
v 19.629147 -12.256165 -16.450943
v 19.642696 -11.880013 -15.583221
v 19.490974 -11.376387 -16.398102
v 19.710796 -10.769451 -15.555817
v 19.756363 -11.143076 -14.769058
v 20.248489 -10.290276 -15.079605
v 20.305882 -10.497080 -14.429443
v 19.814972 -10.893681 -13.996811
v 20.247593 -10.193680 -13.729431
v 19.547596 -10.461058 -13.296814
v 20.139637 -9.805010 -13.335052
v 19.439640 -10.072388 -12.902435
v 19.743038 -9.372387 -12.844147
v 20.169643 -8.857059 -13.095108
v 19.888264 -8.772060 -12.660629
v 20.496662 -8.093354 -13.188828
v 20.100063 -7.660730 -12.697922
v 20.496662 -7.228106 -13.188828
v 19.796665 -6.960731 -12.756195
v 19.914669 -6.412410 -13.604080
v 19.259212 -6.415804 -13.220444
v 19.065300 -6.029337 -14.184586
v 18.543461 -6.217779 -13.560242
v 18.543461 -6.426867 -12.824219
v 18.365299 -6.296713 -14.617218
v 17.811413 -6.577526 -14.163040
v 19.065300 -6.238425 -14.920609
v 18.645580 -6.750216 -15.350998
v 19.091969 -6.562763 -15.804733
v 18.641960 -6.986497 -16.194107
v 18.101822 -7.482696 -15.620438
v 18.266323 -7.780602 -16.425095
v 17.400299 -7.970387 -15.817780
v 17.164448 -7.446739 -14.905777
v 16.714798 -8.296428 -15.503448
v 16.594978 -7.639637 -14.483734
v 16.162357 -8.339637 -14.751114
v 15.994751 -8.042690 -13.885895
v 16.318054 -7.349145 -13.453293
v 16.820534 -7.157848 -13.459106
v 15.890205 -8.843327 -13.885895
v 16.070335 -9.386990 -14.865997
v 16.012966 -9.619387 -14.051102
v 15.746361 -10.308897 -14.936996
v 15.759075 -10.513130 -14.051102
v 15.162968 -10.994715 -14.576431
v 15.289206 -10.671108 -15.558105
v 14.779703 -11.098999 -15.242661
v 14.312969 -11.201395 -14.898239
v 14.045919 -11.379280 -15.654404
v 14.832050 -11.033318 -16.179230
v 14.263968 -11.732092 -16.468399
v 13.503969 -11.795376 -16.138992
v 12.977606 -11.336582 -15.638443
v 12.743971 -11.732092 -16.468399
v 12.274263 -10.972094 -16.178116
v 12.343033 -10.540272 -15.518341
v 12.836626 -10.637482 -14.981659
v 12.043980 -9.839499 -14.933105
v 11.905910 -9.995523 -16.441284
v 11.983969 -10.502386 -16.938110
v 12.210979 -11.301498 -16.938110
v 12.274263 -10.972094 -17.698105
v 12.214153 -10.033369 -17.797180
v 12.704857 -10.502386 -18.231094
v 13.034262 -11.262384 -18.167816
v 13.503969 -10.502386 -18.458115
v 13.973677 -11.262384 -18.167816
v 14.303082 -10.502386 -18.231094
v 14.733675 -10.972094 -17.698105
v 14.263968 -11.732092 -17.407822
v 14.796959 -11.301498 -16.938110
v 15.121918 -10.564301 -16.938110
v 13.503969 -11.795376 -17.737213
v 13.503969 -12.022387 -16.938110
v 12.743971 -11.732092 -17.407822
v 15.885578 -9.565697 -15.407150
v 15.926033 -9.875202 -16.180084
v 16.296673 -9.055093 -15.889114
v 16.359959 -9.384499 -16.649109
v 16.885960 -8.719717 -16.322845
v 16.920361 -8.961967 -17.172913
v 17.724968 -8.495714 -16.667786
v 17.724968 -8.495714 -17.718445
v 18.410381 -8.042908 -17.156601
v 18.104790 -8.214309 -17.914764
v 18.786358 -7.181318 -17.644165
v 18.655529 -7.711075 -18.442932
v 18.138969 -8.033715 -19.094437
v 18.664303 -7.183715 -19.419098
v 17.814301 -7.508387 -19.944427
v 18.645481 -6.651663 -19.735107
v 19.160320 -6.193602 -19.266083
v 18.988968 -6.658386 -18.569107
v 19.070076 -6.089338 -17.397949
v 19.128361 -6.392738 -16.697952
v 19.560986 -5.692739 -16.965332
v 19.560986 -5.692739 -17.830566
v 20.317390 -5.281313 -17.381622
v 20.318333 -5.609582 -16.671783
v 19.839607 -6.143559 -16.235886
v 20.550854 -6.103468 -15.903046
v 21.075676 -5.317337 -16.249008
v 21.496082 -5.927715 -15.982941
v 21.846344 -4.823716 -16.096817
v 22.235428 -5.758360 -15.829559
v 20.983479 -6.594379 -15.506439
v 21.839993 -7.035057 -15.857529
v 22.624512 -6.693004 -16.097046
v 22.971451 -5.758360 -16.038651
v 23.368053 -6.190984 -16.529556
v 22.703594 -7.175433 -16.465439
v 23.510643 -6.904034 -17.097656
v 22.970970 -7.608057 -17.165436
v 23.750774 -7.225002 -17.787811
v 24.169861 -6.467386 -17.755096
v 24.566463 -6.900010 -18.246002
v 24.133839 -7.600010 -18.513382
v 24.624748 -7.203410 -18.946014
v 24.133839 -7.600010 -19.378632
v 24.566463 -6.900010 -19.646011
v 24.257370 -7.276018 -19.797974
v 24.570488 -6.583277 -20.286606
v 25.125973 -6.169681 -19.767395
v 25.084621 -6.035206 -20.690613
v 24.662971 -6.294058 -21.079773
v 24.139332 -6.976248 -20.608597
v 24.014000 -6.681566 -21.592529
v 24.662971 -6.294058 -22.130432
v 24.101521 -7.015377 -22.548431
v 24.900349 -6.740356 -23.033905
v 25.460140 -6.107557 -22.484894
v 25.711796 -6.440613 -23.498749
v 26.278622 -5.940205 -22.997604
v 26.327854 -6.121111 -22.108734
v 26.319973 -6.074680 -23.920807
v 25.850262 -6.834681 -24.211105
v 26.610268 -6.544386 -24.680817
v 27.079971 -6.011397 -24.250214
v 27.549675 -6.544386 -24.680817
v 27.079971 -7.304386 -24.971100
v 27.879082 -7.304386 -24.744095
v 28.309681 -6.834681 -24.211105
v 28.309681 -7.774092 -24.211105
v 27.549675 -8.064386 -24.680817
v 27.897861 -8.610281 -23.987549
v 28.466343 -8.138717 -23.509995
v 28.226360 -8.819897 -23.200989
v 27.406231 -9.123378 -23.585434
v 27.642967 -9.505714 -22.840439
v 28.534981 -8.957712 -22.668564
v 27.986633 -9.556034 -22.169540
v 28.730968 -9.389715 -21.782440
v 27.880970 -9.714386 -21.257111
v 27.607853 -9.678661 -21.811478
v 27.180969 -9.863771 -20.842606
v 27.880970 -9.596395 -20.409973
v 26.800659 -9.951069 -22.322266
v 26.792969 -9.576492 -23.208847
v 25.947193 -9.588764 -22.964386
v 25.554680 -10.104658 -22.527542
v 24.910297 -9.523386 -22.995438
v 24.450272 -10.149731 -22.638199
v 25.244675 -10.616385 -22.128815
v 24.146873 -10.849731 -22.579910
v 24.884296 -11.433281 -21.915436
v 24.071636 -11.644751 -22.528305
v 24.507828 -12.218204 -21.715714
v 23.571079 -11.118387 -22.987091
v 23.241673 -11.878386 -22.923813
v 22.771969 -11.118387 -23.214111
v 22.302265 -11.878386 -22.923813
v 22.771969 -12.411377 -22.493225
v 22.011971 -12.348093 -22.163818
v 21.542263 -11.588095 -22.454102
v 21.478977 -11.917500 -21.694107
v 22.011971 -12.348093 -21.224396
v 21.529430 -11.382906 -20.860046
v 21.251972 -11.118387 -21.694107
v 21.443886 -10.587456 -20.935226
v 21.574886 -10.874317 -20.085999
v 21.731548 -10.177078 -20.787109
v 21.673260 -9.873678 -20.087112
v 21.258511 -10.343386 -19.394669
v 21.481236 -9.545296 -19.344498
v 20.951878 -10.295387 -18.585449
v 21.315960 -9.352060 -18.520554
v 20.594639 -9.770058 -17.959106
v 20.510426 -10.760662 -18.066711
v 20.155598 -10.151258 -17.619507
v 19.815639 -10.851057 -17.248108
v 20.297230 -11.376387 -17.844208
v 19.815639 -11.901716 -17.248108
v 20.503380 -9.294817 -17.201050
v 20.216587 -9.650898 -16.905548
v 20.756870 -9.251261 -16.263794
v 20.340973 -10.001057 -15.872772
v 19.744865 -10.482643 -16.398102
v 20.831882 -9.604458 -15.440155
v 21.235886 -8.866456 -15.387222
v 20.773594 -9.301058 -14.740158
v 20.550068 -9.690769 -14.425446
v 20.526875 -9.317082 -13.721451
v 21.045673 -8.681479 -14.532867
v 20.855457 -8.496503 -13.678497
v 21.150219 -7.880844 -14.532867
v 20.827724 -7.582734 -13.658783
v 20.905300 -7.271049 -14.515442
v 20.554951 -6.924706 -13.888824
v 20.491970 -6.562763 -14.939484
v 19.765301 -6.296713 -14.617218
v 19.791969 -6.295387 -15.372101
v 21.252163 -7.363686 -15.411697
v 21.444977 -8.130432 -15.387222
v 21.646618 -7.804172 -15.915131
v 21.270977 -8.598275 -16.146103
v 21.803970 -8.167681 -16.615814
v 22.236591 -7.467681 -16.348434
v 21.012371 -8.835842 -16.643829
v 21.609348 -8.373279 -17.165848
v 21.119972 -8.920058 -17.634430
v 21.999855 -8.755475 -18.069122
v 22.477802 -8.280088 -17.623047
v 22.835403 -8.698924 -18.420105
v 23.235241 -7.990770 -18.091171
v 23.262833 -8.487501 -19.054092
v 22.562832 -8.754877 -19.486710
v 23.262833 -8.487501 -19.919342
v 23.753742 -8.090901 -19.486710
v 23.730957 -7.730060 -20.208649
v 22.887127 -8.105814 -20.775421
v 23.534969 -7.298058 -21.094772
v 22.938862 -7.779644 -21.620102
v 23.534969 -7.298058 -22.145432
v 23.009640 -8.148058 -22.470108
v 23.859638 -7.823386 -22.995438
v 23.491226 -8.673387 -23.066223
v 24.384968 -8.673387 -23.320114
v 24.608952 -7.711113 -23.262115
v 25.453663 -8.206716 -23.720200
v 25.300541 -7.296346 -23.579376
v 25.850262 -7.774092 -24.211105
v 26.267639 -8.980386 -23.690430
v 25.321217 -8.788270 -23.435760
v 23.775936 -9.479052 -23.103470
v 22.880573 -9.106010 -22.549866
v 22.771969 -9.583252 -22.778015
v 23.253750 -10.321377 -23.033783
v 22.302265 -10.358389 -22.923813
v 22.011971 -9.888681 -22.163818
v 21.542263 -10.648680 -22.454102
v 21.972858 -11.118387 -22.987091
v 21.478977 -10.319275 -21.694107
v 21.912903 -9.828571 -21.225098
v 22.427746 -9.370510 -21.694107
v 22.627602 -8.905785 -20.805222
v 22.136692 -9.302384 -20.372604
v 22.633881 -8.717080 -20.229431
v 22.142971 -9.113680 -19.796814
v 22.636837 -8.634487 -21.694107
v 22.101620 -8.979204 -18.873611
v 27.079971 -8.597375 -24.250214
v 26.610268 -8.064386 -24.680817
v 26.280861 -7.304386 -24.744095
v 16.238388 -8.751693 -15.189102
v 17.546925 -7.075763 -20.644440
v 17.140968 -7.185092 -21.867813
v 16.380970 -7.248375 -22.197220
v 11.660732 -9.405701 -14.233109
v 11.089594 -8.915627 -13.585007
v 10.692993 -9.348251 -13.094101
v 10.223976 -8.833411 -12.636032
v 9.920576 -9.533411 -12.694321
v 10.389593 -10.048252 -13.152390
v 9.487263 -10.123388 -13.030807
v 9.956970 -10.883387 -13.321106
v 9.157858 -10.883387 -13.094101
v 9.487263 -11.643385 -13.030807
v 8.727264 -10.413679 -12.561111
v 9.196972 -9.653681 -12.270813
v 8.663980 -10.084274 -11.801102
v 9.039618 -9.290172 -11.570129
v 8.714787 -9.650120 -11.266586
v 8.765594 -9.215963 -10.732056
v 9.629595 -8.953681 -12.003433
v 10.025974 -8.166387 -12.447968
v 8.071127 -8.899878 -9.983582
v 7.416981 -9.528400 -10.072495
v 7.884132 -10.085449 -10.610199
v 7.290194 -8.855518 -9.945496
v 7.916660 -8.141609 -10.170654
v 6.781055 -7.983626 -9.885056
v -9.632341 -4.281375 2.625381
v -10.022779 -5.350814 2.437622
v -9.229700 -4.919448 2.233994
v -8.716303 -4.159567 2.286774
v -9.085031 -3.713335 3.027802
v -8.249896 -3.446663 2.533264
v -8.325030 -3.325092 3.435593
v -7.702137 -2.935341 3.004440
v -7.855325 -2.565092 3.725891
v -7.565030 -2.095387 2.965897
v -7.498857 -1.833745 3.733459
v -7.770029 -1.077760 2.917648
v -7.855325 -1.625681 2.205887
v -8.200758 -0.285441 1.841232
v -8.122701 -1.193057 1.505890
v -7.913612 -1.929081 1.505890
v -7.855325 -1.625681 0.805893
v -7.855325 -0.760433 0.805893
v -7.381832 -1.161226 0.262451
v -7.536782 -0.285441 0.650314
v -7.044262 -0.272897 -0.277603
v -7.102550 0.030503 0.422394
v -7.592255 0.630238 1.106293
v -6.892255 0.897614 0.673676
v -6.317030 0.707285 -0.069778
v -6.096058 0.320578 -0.872284
v -6.462778 -0.582454 -0.857956
v -6.010518 -0.026762 -1.647385
v -5.536683 0.739919 -1.940231
v -5.140083 0.307295 -2.431152
v -5.613918 -0.459386 -2.138306
v -4.869147 -0.459386 -2.466599
v -4.307235 -0.026762 -2.934204
v -4.373403 -0.933221 -2.904984
v -3.910635 -0.459386 -3.425110
v -3.305133 -1.386115 -3.599869
v -3.822102 -1.903084 -3.599869
v -4.823131 -2.071445 -3.504517
v -4.010541 -2.604957 -3.740189
v -5.539366 -2.816748 -3.886078
v -5.693895 -2.486320 -3.096344
v -6.345031 -2.779492 -3.601364
v -6.345031 -2.570404 -2.865341
v -7.045031 -2.837780 -3.297958
v -7.045031 -2.837780 -2.432724
v -6.266128 -2.835591 -1.849045
v -6.613240 -3.255283 -1.790863
v -7.417036 -3.983331 -1.943192
v -6.838375 -3.800771 -1.565186
v -6.818170 -4.415955 -1.491135
v -5.106742 -3.307659 -4.282684
v -5.191941 -4.299806 -4.538925
v -4.600638 -3.772381 -4.342773
v -5.971990 -3.307659 -4.282684
v -6.275390 -4.007659 -4.340958
v -6.777655 -3.270404 -3.997971
v -7.081055 -3.970404 -4.056259
v -7.477654 -3.537780 -3.565338
v -7.477654 -4.403028 -3.565338
v -7.745030 -3.970404 -2.865341
v -7.535942 -3.234380 -2.865341
v -7.477654 -3.537780 -2.165344
v -7.684412 -4.415955 -2.643188
v -7.417036 -4.848578 -3.343185
v -7.475324 -5.151978 -2.643188
v -7.417036 -4.848578 -1.943192
v -6.915493 -5.255853 -3.094788
v -6.508118 -5.003117 -3.877594
v -6.026437 -4.489476 -4.369019
v -6.895287 -5.404370 -2.265656
v -6.907295 -5.026829 -1.724472
v -3.174611 -0.459386 -3.634201
v -2.788163 -1.335813 -3.599869
v -2.254407 -0.402480 -3.491318
v -1.951007 -1.102479 -3.549606
v -1.351207 -0.681457 -2.937195
v -1.451406 0.006943 -2.757401
v -0.750291 0.163606 -2.392776
v -0.560032 -1.147269 -2.178879
v 0.019829 -0.221423 -2.188370
v -0.283571 0.478577 -2.130081
v 0.416428 0.211201 -1.697449
v -0.016195 0.911201 -1.430084
v 0.474716 0.514600 -0.997452
v -0.716195 0.969488 -1.733475
v -1.182915 0.654517 -1.996170
v -1.727619 0.998508 -1.723709
v -1.965030 0.595637 -2.565125
v -2.505783 1.271587 -2.184296
v -2.397061 1.810278 -1.894287
v -3.073582 1.670446 -2.131897
v -2.700461 2.510278 -1.835999
v -2.000462 2.242902 -1.403381
v -2.180407 2.841083 -1.251694
v -1.732841 2.499922 -0.408157
v -1.633415 3.491790 -0.774628
v -1.446488 3.173143 -0.333252
v -1.085152 3.574510 0.004700
v -6.986667 3.900216 3.160782
v -6.412364 3.477055 3.627808
v -6.150299 2.850517 2.880447
v -6.834942 3.396590 2.345886
v -6.477520 2.968498 2.238281
v -6.760775 3.550556 1.592087
v -6.535808 2.665099 1.538284
v -6.477520 2.968498 0.838287
v -6.044896 2.268498 1.105667
v -5.777520 2.701122 0.405655
v -5.594927 1.917044 0.465225
v -6.330515 1.359155 0.878769
v -5.683669 1.473582 0.210556
v -5.484278 2.388964 -0.027664
v -5.375933 1.971511 -0.595108
v -5.630433 1.340186 -0.750656
v -5.202492 2.798271 -0.765396
v -4.805892 2.365647 -1.256302
v -5.481654 1.188103 -1.606201
v -4.781654 1.455479 -2.038834
v -4.836683 1.007295 -2.372864
v -4.312638 0.940638 -2.496887
v -3.879325 1.530613 -2.160400
v -3.652818 0.815647 -2.922028
v -3.220194 1.306559 -2.525421
v -2.787570 0.815647 -2.922028
v -3.607235 0.240613 -3.366821
v -2.741987 0.240613 -3.366821
v -2.232406 0.163013 -3.265137
v -4.452381 2.113050 -1.749939
v -3.551092 2.290614 -1.981247
v -4.291183 2.819642 -1.744339
v -3.555159 2.819642 -1.953430
v -3.313030 3.273707 -1.951691
v -4.687782 3.252266 -1.253433
v -4.445654 3.706331 -1.251694
v -3.745654 3.973707 -1.684311
v -2.857090 4.011434 -1.669907
v -2.577006 3.273707 -1.742599
v -2.097750 4.049160 -1.446396
v -2.486288 4.857954 -1.636124
v -1.579063 4.888412 -1.766968
v -1.278541 4.401122 -1.501343
v -1.711164 3.910211 -1.104736
v -2.011687 5.379323 -2.163574
v -1.146440 5.379323 -2.163574
v -0.582541 5.446122 -1.973343
v -0.364761 4.823056 -1.200058
v 0.281639 5.677613 -1.598785
v 0.308508 5.132231 -1.167297
v 0.575886 4.699607 -0.467300
v -0.146982 4.199990 -0.426773
v 0.458956 4.636441 0.921158
v -0.080364 4.296892 0.569702
v 1.066795 5.096207 -0.034668
v 1.008509 5.399607 -0.734680
v -0.038807 6.285990 -2.324829
v -0.944163 6.261005 -2.284592
v -1.579063 6.079323 -2.430939
v -2.315087 6.079323 -2.221863
v -2.769083 5.591294 -1.707153
v -2.804920 6.335105 -1.659409
v -3.527100 5.522418 -1.295944
v -3.446336 6.774422 -0.994934
v -3.608013 6.326338 -0.675415
v -7.356320 9.931866 -1.970169
v -6.933774 9.686086 -1.289734
v -6.716981 9.867792 -1.979919
v -8.137196 9.972739 -1.657486
v -7.836031 10.346590 -2.489136
v -8.611031 10.411122 -2.153229
v -8.611031 10.642613 -2.968109
v -9.405871 10.477582 -2.608749
v -9.344959 10.684334 -3.383011
v -8.535577 10.765606 -3.879990
v -9.547030 11.086720 -4.207367
v -8.697030 11.015943 -4.575775
v -9.547030 11.340613 -5.101105
v -10.397030 11.015943 -4.575775
v -10.386025 11.145461 -5.639679
v -9.547030 11.086720 -5.994843
v -9.222540 10.897095 -6.354950
v -11.145031 10.597942 -5.603775
v -11.145031 10.597942 -6.654434
v -10.501499 10.624711 -7.090530
v -9.408785 10.707506 -7.208618
v -9.595031 10.727007 -8.191498
v -9.222540 10.897095 -7.826996
v -8.462250 10.947714 -7.511002
v -8.735647 11.406557 -8.358643
v -7.904031 11.400720 -8.019363
v -7.904031 11.654613 -8.913101
v -7.093757 11.470432 -8.356781
v -7.071006 11.594453 -9.087097
v -7.904031 11.863702 -9.649139
v -6.929077 11.851259 -9.990906
v -8.126130 12.174125 -10.270477
v -8.803527 11.880585 -9.202194
v -10.068876 11.115623 -8.959183
v -9.440325 12.531614 -9.473404
v -9.150030 13.001320 -10.233398
v -8.617042 12.570724 -10.703110
v -8.126130 12.174125 -11.135727
v -7.516546 11.650610 -11.356369
v -8.236726 11.885334 -11.841827
v -7.804102 11.185333 -12.109207
v -8.613417 12.334443 -11.546219
v -9.124613 11.944825 -12.082397
v -9.440325 12.531614 -11.932816
v -9.910030 12.115837 -12.450989
v -10.379736 12.531614 -11.932816
v -10.946904 11.989311 -12.246262
v -10.560030 11.615602 -13.526215
v -9.800030 11.552320 -13.196808
v -10.090324 11.082613 -13.956818
v -11.029736 11.082613 -13.956818
v -10.560030 10.322614 -14.247101
v -11.359142 10.322614 -14.020096
v -11.029736 9.562613 -13.956818
v -11.789736 9.852907 -13.487106
v -11.377920 9.016718 -13.263550
v -11.957644 9.506479 -12.756546
v -11.553173 8.545238 -12.641129
v -12.074126 9.043165 -12.180450
v -11.949774 8.112614 -12.150208
v -11.056030 7.997730 -12.519760
v -11.581359 7.262613 -12.079437
v -12.431359 7.587285 -11.554108
v -12.009983 7.005238 -11.635437
v -11.056030 6.666507 -11.597855
v -12.277359 6.572614 -10.935440
v -10.998589 6.309239 -10.795166
v -11.752030 5.976507 -10.453857
v -10.902031 6.047285 -10.085434
v -11.752030 5.722613 -9.560104
v -12.580055 5.935516 -10.162903
v -12.566914 5.874338 -9.056488
v -11.752030 5.840605 -8.712982
v -12.648968 5.785824 -8.456451
v -11.697031 5.944604 -8.105240
v -12.786021 6.011487 -7.679108
v -11.754473 5.723239 -7.349152
v -11.171030 5.845479 -7.572006
v -11.171030 5.636390 -6.835983
v -11.640047 5.121549 -6.377930
v -10.738407 5.145479 -6.439377
v -11.218669 4.612441 -5.951874
v -10.435007 4.445478 -6.381104
v -10.656749 4.276101 -5.815491
v -10.165837 3.879501 -6.248108
v -10.248449 3.724967 -5.570114
v -9.927343 3.095899 -6.291748
v -9.773006 3.470637 -7.023102
v -9.294031 2.695638 -6.727081
v -8.998007 3.174613 -7.502090
v -8.572977 2.557971 -7.128799
v -8.819598 2.363322 -6.537872
v -8.153088 1.837365 -6.828079
v -8.386974 1.663322 -6.270493
v -8.386974 0.798075 -6.270493
v -8.328687 0.494675 -6.970490
v -8.819598 0.098075 -6.537872
v -8.799669 -0.178215 -7.359879
v -8.254915 -0.168994 -7.491623
v -7.951515 0.531006 -7.433334
v -7.554914 0.098382 -7.924240
v -7.987538 -0.601618 -8.191620
v -7.491022 -0.432763 -8.676498
v -7.871539 -1.043618 -9.069351
v -8.571539 -1.101906 -8.765945
v -8.628360 -1.519058 -9.074112
v -9.328360 -1.786434 -8.641479
v -9.060984 -2.219058 -9.341476
v -8.570072 -1.822458 -9.774109
v -9.086637 -2.508077 -10.234055
v -8.628360 -1.519058 -10.474106
v -8.953031 -2.044387 -11.324112
v -8.699137 -1.150644 -11.324112
v -8.628360 -1.519058 -12.174103
v -8.628360 -2.569715 -12.174103
v -8.146773 -2.044387 -12.770218
v -7.902302 -1.198612 -12.782486
v -7.344083 -2.101829 -13.127487
v -7.778359 -2.894387 -12.699432
v -6.787754 -3.001987 -12.783661
v -6.565540 -1.985896 -13.661880
v -6.966062 -1.730051 -13.284470
v -6.021805 -2.825764 -13.310379
v -5.827671 -2.261938 -14.096024
v -6.141294 -1.452871 -14.170105
v -5.259976 -1.869787 -14.786026
v -5.270930 -2.359898 -14.436493
v -4.780019 -2.756497 -14.869110
v -4.716736 -2.427093 -15.629105
v -5.193362 -1.483725 -15.652557
v -5.653307 -0.877897 -15.267105
v -5.595019 -0.574498 -15.967102
v -5.062031 -1.005093 -16.436813
v -5.531736 -0.245092 -16.727112
v -4.771736 -0.535387 -17.196808
v -5.101142 0.224614 -17.260101
v -4.302031 0.224614 -17.487106
v -3.832325 -0.535387 -17.196808
v -3.502919 0.224614 -17.260101
v -3.072325 -0.245092 -16.727112
v -3.121716 -1.257387 -16.545349
v -4.110842 -1.191375 -16.758408
v -3.487030 -1.957387 -16.389114
v -2.687919 -1.957387 -16.162094
v -2.192765 -1.372689 -15.706573
v -2.181519 -0.196011 -15.925003
v -2.000320 -0.572713 -15.450623
v -1.783768 -1.051791 -14.773407
v -1.257435 -0.309591 -14.876526
v -1.234055 -0.656602 -14.141113
v -0.990815 0.467597 -15.058456
v -1.724966 -1.053202 -13.672089
v -1.234055 -0.656602 -13.239471
v -0.534055 -0.598314 -12.936066
v -0.056694 -0.404748 -13.390137
v 0.375929 -0.895659 -12.993530
v 0.818111 -0.404020 -13.624146
v 0.251041 0.093181 -14.195801
v -0.088030 0.371508 -14.716858
v 0.337833 0.616625 -15.141083
v 1.105402 0.323440 -14.666702
v 1.071617 0.545433 -15.423599
v 0.522993 1.016398 -15.913498
v 1.112970 0.679908 -16.346817
v 0.643263 1.439908 -16.637100
v 1.403261 1.149613 -17.106812
v 1.073856 1.909614 -17.170105
v 1.872969 1.909614 -17.397110
v 1.342037 2.668498 -17.205185
v 2.403900 2.668498 -17.205185
v 2.121901 3.717729 -17.234192
v 1.060038 3.717729 -17.234192
v 1.590969 4.476614 -17.426102
v 0.791857 4.476614 -17.199097
v 1.121262 5.236613 -17.135818
v 2.672081 1.909614 -17.170105
v 2.342676 1.149613 -17.106812
v 1.872969 0.616625 -16.676224
v 2.632967 0.679908 -16.346817
v 1.872969 0.389613 -15.877106
v 1.872969 0.500753 -15.079163
v -0.101431 -1.089226 -12.539459
v 0.833574 -1.429387 -12.630249
v -0.003407 -1.870152 -12.186508
v 0.363697 -2.283530 -12.202744
v 1.100336 -2.235602 -12.539062
v 0.796320 -2.774442 -11.806152
v 1.528973 -3.094650 -12.218597
v 1.662642 -2.654716 -12.983109
v 2.187971 -3.504716 -12.658432
v 1.664242 -3.442530 -11.617798
v 2.364243 -3.500817 -11.314392
v 1.664242 -3.233441 -10.881775
v 1.850105 -3.442623 -10.173599
v 0.964241 -3.500817 -10.449142
v 0.926987 -3.785529 -9.643478
v 1.960835 -3.564287 -9.299103
v 2.735971 -3.710093 -9.768814
v 2.735971 -3.710093 -8.829407
v 3.462187 -4.111591 -9.309189
v 3.228907 -4.053387 -8.286972
v 4.063696 -4.392388 -8.690369
v 3.928907 -4.320763 -7.854340
v 4.419817 -4.717362 -8.286972
v 4.412056 -5.228325 -7.597534
v 4.729959 -5.868512 -8.308105
v 4.462584 -6.301136 -7.608109
v 4.545238 -6.763295 -8.272110
v 4.871376 -6.843879 -9.010788
v -11.097780 -5.173387 2.653275
v -11.201402 -5.917726 2.338257
v -10.735939 -5.620906 2.529388
v -11.746958 -5.270379 2.033875
v -11.864941 -5.545264 1.382874
v -11.581432 -5.817856 1.987579
v -12.205019 -4.801363 1.519028
v -12.228095 -4.509201 2.182877
v -12.298399 -3.837809 1.442780
v -12.598736 -3.689092 1.891891
v -12.662020 -4.018497 2.651886
v -12.343456 -4.660530 3.345871
v -12.598736 -3.689092 3.411896
v -11.838736 -3.979386 3.881592
v -12.168142 -3.219386 3.944885
v -11.369030 -3.219386 4.171890
v -10.899324 -3.979386 3.881592
v -11.321392 -4.587559 3.515671
v -10.539865 -4.555977 3.152908
v -10.072417 -3.782215 3.494995
v -10.552896 -3.248829 4.049500
v -9.554736 -2.855387 4.195602
v -9.085031 -3.388375 3.764999
v -8.615325 -2.855387 4.195602
v -8.874030 -2.084187 4.515686
v -8.250700 -2.154271 4.352264
v -8.116881 -1.299473 4.917160
v -7.676816 -1.468102 4.508530
v -7.291701 2.697908 8.749268
v -6.735909 2.195588 8.092346
v -6.738837 2.716825 8.712265
v -7.452008 3.036596 9.297043
v -8.137896 2.438171 9.119507
v -8.500527 3.268965 9.086075
v -7.676145 4.101469 9.383286
v -7.196638 3.632931 9.620499
v -7.986038 9.453944 -0.377609
v -7.045174 9.304100 0.130905
v -7.118603 9.422913 -0.633896
v -7.991113 9.770620 -1.003799
v -8.476950 9.850545 0.055008
v -8.837195 10.031027 -1.354080
v -9.336014 10.178678 -0.475922
v -9.336014 9.969589 -1.211945
v -9.336014 10.178678 -1.947968
v -10.036014 10.236965 -1.644577
v -10.134030 10.241214 -2.360703
v -10.834030 10.508590 -1.928085
v -10.842349 10.399486 -2.729080
v -10.922981 10.352065 -3.314468
v -10.105249 10.633715 -3.699005
v -11.132773 10.259767 -4.229980
v -11.985124 9.922033 -3.812103
v -11.985124 10.131122 -4.548126
v -11.771375 10.240709 -5.198547
v -12.788190 9.940603 -5.195694
v -12.107031 9.982007 -5.602722
v -12.807031 9.714631 -6.035339
v -12.107031 9.982007 -6.467972
v -12.807031 9.923719 -6.771362
v -12.313540 10.223382 -7.518616
v -11.613539 10.165094 -7.215210
v -11.613539 9.956006 -7.951248
v -10.913540 10.223382 -7.518616
v -10.913540 10.223382 -8.383865
v -11.613539 10.165094 -8.687271
v -11.506981 10.395508 -9.136398
v -12.240765 10.115227 -8.724655
v -12.274548 10.102323 -9.610779
v -13.046030 9.817614 -9.122101
v -12.950313 9.790194 -10.011017
v -12.258019 10.317724 -10.420105
v -11.261307 11.338989 -9.867966
v -11.043449 11.083561 -9.377808
v -10.709142 11.771614 -9.410126
v -11.139736 12.241320 -9.943115
v -10.379736 12.531614 -9.473404
v -10.670031 13.001320 -10.233398
v -9.910030 13.064603 -9.903992
v -9.910030 13.291614 -10.703110
v -10.670031 13.001320 -11.172821
v -9.910030 13.064603 -11.502228
v -9.150030 13.001320 -11.172821
v -11.203019 12.570724 -10.703110
v -11.139736 12.241320 -11.463104
v -11.527979 11.833529 -10.703110
v -11.584202 11.388929 -11.334106
v -11.882382 11.111829 -10.651093
v -11.940322 10.581043 -11.334106
v -11.888111 10.853544 -11.968231
v -12.146204 10.060972 -11.959534
v -12.080030 10.322614 -12.727112
v -11.853020 11.121725 -12.727112
v -11.789736 10.792319 -13.487106
v -11.320030 11.552320 -13.196808
v -12.293112 10.049545 -11.178986
v -12.431359 9.503189 -11.554108
v -12.827826 9.257267 -10.950699
v -12.431359 8.637942 -11.554108
v -13.157133 8.117614 -10.913208
v -13.571360 8.967613 -10.497437
v -13.925809 8.170446 -10.683929
v -13.563983 7.154661 -10.854111
v -12.827959 7.154661 -11.063202
v -13.070539 6.480133 -10.646225
v -13.677331 6.419298 -10.659561
v -13.390146 5.904532 -9.857040
v -14.149031 5.939624 -10.125214
v -14.149031 5.614665 -9.388016
v -13.324188 5.626701 -8.844162
v -14.346016 4.862549 -8.592545
v -13.486021 5.744111 -8.111725
v -13.976933 5.347511 -7.679108
v -13.486021 5.744111 -7.246490
v -13.918645 5.044111 -6.979111
v -13.165812 5.207603 -6.459152
v -12.786021 5.802399 -6.943085
v -12.412981 5.162007 -6.068420
v -13.331030 4.750908 -5.557816
v -12.631031 4.809195 -5.254410
v -11.931030 4.750908 -5.557816
v -11.938598 4.394440 -4.826462
v -11.238598 4.336152 -5.129868
v -11.505974 3.903528 -4.429871
v -11.006737 3.688943 -4.437485
v -10.739361 4.121567 -5.137482
v -10.306736 3.421567 -4.870102
v -10.703337 2.988943 -4.379196
v -10.306736 2.556319 -4.870102
v -10.039360 2.988943 -5.570114
v -9.940804 2.038975 -5.478271
v -9.457443 2.335585 -6.021942
v -9.086974 1.930698 -5.837860
v -9.607962 1.327729 -5.438187
v -8.783575 1.230699 -5.779572
v -9.086974 0.530699 -5.837860
v -10.306736 1.616908 -4.870102
v -9.953924 0.802905 -4.652054
v -10.463399 1.252283 -4.168991
v -10.579773 0.062613 -3.860214
v -10.068549 -0.216177 -4.501587
v -9.782510 -0.159457 -5.339569
v -10.138399 -0.712056 -5.037216
v -10.080112 -1.015456 -5.737228
v -9.611094 -0.256571 -6.027084
v -10.045019 -0.747275 -6.496109
v -9.512031 -0.316681 -6.965820
v -10.259030 -1.341058 -7.569443
v -9.221736 -0.786386 -7.725815
v -9.474335 -1.240043 -8.062210
v -8.687538 -0.659905 -7.888214
v -9.934359 -1.866387 -8.419434
v -10.784359 -2.191058 -7.894104
v -10.302773 -2.716387 -8.490219
v -9.621462 -2.343346 -9.018387
v -9.912492 -3.488386 -9.059677
v -9.497736 -3.018681 -9.752106
v -9.369307 -3.932876 -10.206116
v -9.161245 -3.451994 -10.342087
v -9.311019 -4.236276 -10.906113
v -8.998941 -3.753536 -11.245071
v -9.247736 -4.565681 -11.666107
v -8.548962 -4.276502 -12.234192
v -8.339141 -3.362896 -12.266586
v -8.835040 -2.891513 -11.324112
v -8.817142 -5.035386 -12.199097
v -8.018030 -5.035386 -12.426102
v -7.487100 -4.276502 -12.234192
v -7.183700 -3.576502 -12.292480
v -6.751076 -4.276502 -12.025101
v -6.022325 -3.824387 -11.887817
v -6.382704 -4.641280 -11.674438
v -5.682704 -4.373904 -11.241821
v -5.182512 -3.648096 -11.467438
v -5.589701 -3.333475 -12.284409
v -4.743031 -3.319772 -12.068604
v -5.118588 -3.170761 -12.752167
v -4.043031 -3.052396 -12.501236
v -4.361147 -2.915663 -13.164734
v -5.176030 -2.949396 -13.508240
v -4.837006 -2.850602 -13.967468
v -4.247030 -3.187093 -14.399399
v -3.487030 -3.250376 -14.069992
v -3.487030 -3.477387 -14.869110
v -4.247030 -3.187093 -15.338821
v -3.487030 -3.250376 -15.668213
v -3.956736 -2.717387 -16.098816
v -3.017324 -2.717387 -16.098816
v -2.727030 -3.187093 -15.338821
v -2.257324 -2.427093 -15.629105
v -2.194041 -2.756497 -14.869110
v -1.950542 -1.873306 -14.739624
v -2.257324 -2.427093 -14.109116
v -1.900856 -1.695745 -14.101547
v -2.315612 -2.123693 -13.409103
v -1.745689 -1.541847 -12.974289
v -2.257324 -2.427093 -12.709106
v -1.557324 -2.159717 -12.276489
v -1.270079 -1.789226 -12.481186
v -0.966679 -1.089226 -12.539459
v -0.868654 -1.870152 -12.186508
v -1.442655 -2.588387 -12.043488
v -0.595529 -2.588387 -11.925491
v -1.010031 -3.288386 -11.776108
v -0.097599 -3.394052 -11.617752
v -0.484702 -4.138387 -11.451431
v 0.437376 -3.919907 -10.950607
v 0.888172 -3.458401 -11.393936
v -0.009262 -4.677896 -10.694611
v 0.436077 -4.182129 -10.076111
v 0.226988 -4.918153 -10.076111
v 0.342480 -4.344457 -9.457108
v 0.214903 -5.416134 -9.201553
v 0.136656 -5.486684 -9.887894
v 0.267546 -5.439301 -8.578171
v 0.484058 -4.126692 -8.475433
v 0.974968 -3.730092 -8.908066
v 0.974968 -3.730092 -8.042816
v 1.855469 -3.452717 -8.436111
v 2.035971 -3.651805 -7.660751
v 2.735971 -3.710093 -7.964157
v 2.468594 -4.142716 -7.264160
v 3.228907 -4.262475 -7.550949
v 2.703896 -5.085685 -7.016220
v 3.661530 -4.753386 -7.154343
v 3.363726 -5.358429 -7.052841
v 3.714180 -5.970188 -7.013138
v 0.500408 -5.020762 -7.586975
v 0.865942 -5.364261 -7.279129
v 0.522085 -5.563605 -7.791153
v 1.377796 -5.016496 -7.082397
v 0.542345 -4.430092 -7.775436
v 1.422848 -4.152716 -7.303482
v 2.010889 -4.783164 -7.101822
v -0.142818 -5.873206 -10.465927
v -0.813932 -4.821215 -11.166946
v -0.787816 -5.741631 -10.882675
v -12.298399 -3.837809 -0.016113
v -12.122023 -4.417672 -0.011200
v -12.195585 -4.679399 0.507431
v -12.240111 -3.534409 0.742783
v -12.537463 -3.179082 0.540817
v -12.731022 -3.137809 1.175400
v -12.927360 -2.289715 0.892899
v -12.659983 -2.722339 1.592896
v -12.998137 -2.658129 0.042892
v -13.252030 -1.764386 0.042892
v -12.927360 -1.239058 0.892899
v -12.779204 -1.981793 2.068329
v -12.766645 -2.403252 2.681335
v -12.889030 -3.219386 2.651886
v -12.598736 -2.749681 3.411896
v -12.330681 -1.982884 3.532639
v -11.899961 -2.460502 3.979980
v -11.723961 -1.530271 4.163971
v -11.322483 -2.097386 4.076096
v -12.422736 -1.241093 3.595886
v -12.056804 -0.819025 4.204071
v -11.541196 -0.482521 4.927322
v -10.565334 -1.174731 4.496994
v -10.448030 -2.097386 4.197891
v -10.015407 -1.397387 4.465271
v -9.542078 -1.248386 4.586838
v -9.974702 -0.548387 4.854218
v -9.109454 -0.548387 4.854218
v -8.806055 -1.248386 4.795929
v -9.623771 0.085482 5.423035
v -8.738420 -0.240514 5.651474
v -8.512407 -0.015806 6.146820
v -9.705463 0.437528 6.331268
v -8.864039 0.616651 6.736862
v -9.689034 0.532824 7.151413
v -8.909035 0.837702 7.628357
v -8.164040 0.558363 7.040268
v -8.199368 0.974736 8.196411
v -8.954031 1.174624 8.520996
v -8.484324 1.707613 8.951599
v -7.724325 1.997908 8.481888
v -7.480444 1.488645 8.076691
v -9.407534 1.666263 9.086075
v -8.954031 2.467614 9.241898
v -9.751968 2.467614 9.130753
v -9.423737 3.227614 8.951599
v -10.390268 3.117364 9.025177
v -9.740405 4.138730 8.636169
v -8.954031 4.002748 8.805786
v -9.336521 4.958221 8.880020
v -8.775030 4.534614 8.720886
v -8.152148 5.145488 9.202179
v -8.007939 4.623739 9.113052
v -8.636522 6.090845 9.847397
v -8.000519 5.390829 9.599136
v -7.818329 5.504194 10.324234
v -8.903898 5.658221 9.147400
v -9.336521 6.149133 9.544006
v -9.454597 6.561440 10.238251
v -8.754598 6.503152 10.541656
v -8.263686 6.106552 10.974274
v -8.775477 6.536936 11.461563
v -8.247902 6.124179 11.748093
v -7.887364 5.639328 10.998184
v -8.720106 6.813171 12.196716
v -5.674457 10.328132 7.900177
v -5.886703 11.342906 8.063751
v -5.397457 10.978739 7.913422
v -4.902657 10.621901 7.559906
v -5.722969 9.335506 4.118317
v -5.258865 8.852910 4.451645
v -5.046584 9.270063 4.318802
v -5.440728 8.467649 4.120636
v -6.543264 8.484596 3.168900
v -5.814315 8.055309 2.806931
v -5.649059 8.261478 3.498642
v -6.543264 8.275507 2.432861
v -7.243264 8.217220 2.736267
v -7.243264 8.217220 3.601517
v -6.783521 9.103105 4.169662
v -6.454935 9.519542 4.212616
v -6.198758 9.934044 3.541931
v -6.797702 10.246943 4.018890
v -6.726925 10.615356 3.168900
v -6.198758 9.934044 2.795853
v -5.325183 9.732330 3.058441
v -6.738117 10.373254 2.274338
v -6.274828 9.891628 1.851059
v -7.050897 9.907498 1.468124
v -6.751624 9.318064 0.539429
v -7.538013 9.870173 1.244553
v -7.986038 9.453944 0.487625
v -8.436858 10.183387 0.766251
v -8.269896 10.612602 1.549911
v -8.969895 10.670890 1.246521
v -9.045031 10.549319 0.344193
v -9.805031 10.937562 0.751984
v -9.805031 10.612602 0.014786
v -10.505030 10.995850 0.448578
v -10.505030 10.670890 -0.288620
v -10.036014 10.236965 -0.779327
v -10.758123 10.631410 -1.016479
v -11.082430 11.104589 -0.469482
v -11.609030 10.901421 -1.519226
v -10.937654 11.695849 0.715958
v -11.515055 11.804590 -0.202103
v -11.377388 12.206302 0.518951
v -11.994030 12.579590 0.093918
v -12.290054 12.100614 -0.681091
v -12.769031 12.644122 -0.241989
v -13.248007 12.100614 -0.681091
v -12.651406 10.941214 -1.228088
v -13.787136 11.424947 -1.116440
v -13.516654 10.941214 -1.228088
v -13.084030 10.450302 -1.624680
v -12.384030 10.508590 -1.928085
v -13.084030 10.241214 -2.360703
v -12.375711 10.399486 -2.729080
v -11.609030 10.573122 -2.263992
v -11.985124 10.131122 -3.076080
v -12.722851 10.203819 -3.356171
v -13.536031 10.250332 -3.005966
v -13.536031 10.362614 -3.812103
v -12.727237 10.177992 -4.300385
v -13.536031 10.131122 -4.626984
v -14.311030 10.066589 -4.291077
v -14.009866 9.692739 -5.122742
v -13.309866 9.751026 -5.426132
v -14.447030 9.580720 -5.361847
v -14.522638 10.131124 -3.752991
v -15.222638 9.863748 -4.185608
v -15.222638 10.072837 -3.449585
v -15.922638 10.131124 -3.752991
v -15.997030 9.451654 -4.690033
v -15.297030 9.509942 -4.993439
v -16.223406 9.008989 -5.267105
v -15.668053 9.229611 -6.168655
v -14.447030 9.371631 -6.097870
v -14.930031 9.553124 -6.618835
v -14.447030 9.580720 -6.833893
v -13.747030 9.639008 -6.530502
v -13.657030 9.852942 -7.139786
v -13.309866 9.751026 -6.291382
v -14.372555 9.881938 -7.566483
v -13.600985 10.005715 -8.285919
v -12.807031 10.177613 -7.665100
v -13.046030 10.026702 -8.386078
v -13.580055 9.776453 -9.139130
v -14.280054 10.043829 -8.706497
v -13.851695 9.600975 -9.731140
v -14.870030 10.380320 -8.200409
v -14.870030 10.380320 -9.139816
v -15.160325 9.910614 -9.899811
v -14.652176 9.301613 -10.179962
v -15.630031 9.218182 -10.314575
v -15.084800 8.601613 -10.447342
v -14.723561 8.111730 -10.683472
v -15.553721 8.417563 -10.869720
v -15.056037 7.300181 -10.970566
v -14.149031 7.232614 -10.846100
v -15.250321 6.633663 -10.928009
v -14.618047 6.373549 -10.615921
v -15.734920 7.175613 -11.344101
v -16.064325 6.415614 -11.280807
v -15.690972 5.896076 -10.340622
v -14.907915 5.904532 -9.857040
v -15.340539 5.413621 -9.460434
v -16.534031 5.557665 -10.113022
v -16.293360 4.608613 -9.054443
v -15.242702 4.608613 -9.054443
v -15.768030 4.012507 -8.572845
v -14.918031 4.083285 -8.204437
v -15.710588 3.655239 -7.770157
v -14.810431 3.999069 -7.213837
v -14.321924 4.564871 -7.679108
v -14.291687 4.440518 -6.748550
v -14.700686 3.865518 -6.412415
v -14.427031 3.992908 -5.818817
v -13.877512 4.638904 -6.158432
v -13.837055 4.329398 -5.349106
v -14.427031 3.992908 -4.879395
v -14.012055 4.501056 -4.217422
v -13.137054 4.596774 -4.880096
v -13.285049 4.453260 -3.933685
v -12.437056 4.329398 -4.447464
v -12.635131 3.773589 -3.559753
v -11.738007 3.487614 -3.979080
v -12.034031 3.008637 -3.204086
v -11.325712 2.850365 -3.572449
v -11.619026 2.489217 -2.725113
v -10.893087 2.150365 -3.305084
v -10.834801 2.453765 -4.005081
v -10.625711 1.717741 -4.005081
v -10.893087 1.285118 -3.305084
v -11.227679 1.840292 -2.519775
v -11.227679 0.975044 -2.519775
v -11.061359 0.587942 -3.264114
v -11.657236 0.089767 -2.812042
v -11.145576 -0.402662 -3.371704
v -11.823301 -0.501612 -2.814484
v -11.386461 -0.974345 -3.330383
v -10.704126 -0.867939 -3.890457
v -10.850882 -1.358775 -4.166794
v -11.714140 -1.742773 -3.543945
v -11.412981 -2.162493 -4.264816
v -10.617071 -1.485256 -5.170380
v -11.283505 -2.058775 -5.299423
v -10.571023 -1.412056 -6.169846
v -11.279381 -1.899563 -6.505859
v -10.918027 -1.751123 -7.129593
v -11.679359 -2.805058 -6.844101
v -11.750136 -2.436644 -5.994110
v -12.004030 -3.330386 -5.994110
v -11.679359 -3.855715 -6.844101
v -11.269294 -3.383219 -7.503098
v -10.913424 -3.149011 -7.973877
v -10.516461 -3.703427 -7.968384
v -10.098541 -3.602271 -8.477493
v -10.829359 -4.180387 -7.369431
v -11.304799 -4.719896 -6.612610
v -10.921822 -5.558324 -7.092896
v -10.351958 -4.961128 -7.431335
v -10.386999 -5.518383 -7.611115
v -9.916882 -5.685363 -8.190445
v -9.700332 -4.600071 -8.167267
v -9.351931 -5.023521 -8.992111
v -9.561019 -4.287498 -8.992111
v -9.391069 -4.658173 -9.944763
v -9.267797 -5.403369 -9.515106
v -9.395116 -5.509768 -10.138535
v -9.538031 -5.035386 -10.906113
v -9.415645 -5.851521 -10.935547
v -9.247736 -5.505092 -11.666107
v -9.286987 -6.491675 -11.132004
v -8.772182 -6.577396 -11.936020
v -8.548962 -5.794271 -12.234192
v -7.956365 -6.503482 -12.336838
v -7.373722 -5.803747 -12.171677
v -7.268353 -6.462173 -12.128036
v -6.711602 -6.667126 -11.548264
v -6.632533 -5.352947 -11.547211
v -7.218919 -5.035386 -12.199097
v -6.402235 -5.859857 -10.866104
v -5.768801 -4.828617 -10.826111
v -5.537218 -5.426861 -10.384338
v -4.899754 -4.575763 -9.916245
v -4.967797 -5.598799 -9.686829
v -4.653526 -4.918792 -9.523788
v -4.158340 -4.120914 -9.616379
v -3.953526 -4.651416 -9.091171
v -3.386292 -4.046972 -9.618454
v -3.684303 -3.442530 -10.145752
v -4.384303 -3.500817 -10.449142
v -3.684303 -3.233441 -10.881775
v -4.743031 -3.437762 -11.221481
v -4.043031 -3.170386 -11.654114
v -3.228148 -3.227750 -11.421707
v -3.141617 -2.990045 -12.237747
v -2.355085 -2.903140 -12.014359
v -1.922462 -3.394052 -11.617752
v -2.433974 -3.922276 -10.999374
v -1.535359 -4.138387 -11.451431
v -1.953358 -4.699838 -10.730118
v -2.440836 -4.408104 -10.202774
v -2.033898 -5.519077 -10.151642
v -1.472816 -5.671079 -10.707443
v -4.517671 -6.152130 -9.041656
v -3.848022 -6.076089 -8.859802
v -4.403754 -6.718746 -9.042587
v -4.977536 -6.724720 -9.132141
v -5.052296 -7.065042 -9.299454
v -5.673804 -7.422385 -9.688644
v -6.141704 -6.585280 -10.097443
v -6.074282 -7.368529 -10.168335
v -6.427966 -7.094970 -10.855988
v -11.833360 -3.941716 -1.521103
v -11.951359 -4.847114 -1.342346
v -12.069801 -4.539214 -0.750824
v -12.100737 -3.509092 -0.821106
v -12.042449 -3.205692 -1.521103
v -12.533360 -2.809093 -1.088486
v -12.545132 -3.166489 -0.515320
v -12.927360 -2.289715 -0.807114
v -12.715679 -2.259817 -1.461777
v -12.977406 -1.291835 -1.413544
v -13.067848 -1.208058 -0.767380
v -12.620136 -0.453643 -1.356110
v -12.509630 -0.304841 -0.422379
v -12.998137 -0.870643 0.042892
v -12.402031 -0.389057 0.568222
v -11.621072 0.455637 0.447891
v -11.911119 0.007543 1.000839
v -12.494512 -0.678276 1.361404
v -11.969406 0.310943 1.700851
v -12.552799 -0.374876 2.061401
v -12.570116 -1.245770 2.068329
v -12.713030 -0.771387 2.835892
v -12.601891 -1.569324 2.835892
v -12.864303 -0.006441 2.959229
v -12.633751 -0.379482 3.562820
v -13.036137 0.444870 3.764893
v -12.588648 -0.012431 4.441040
v -13.073391 0.729582 4.570557
v -13.201137 0.820870 5.217896
v -12.605030 0.339285 5.743225
v -11.812472 -0.088761 5.308945
v -11.860695 0.172965 6.130325
v -11.274031 0.176624 5.893738
v -11.274031 0.385713 6.629761
v -10.473030 0.196665 5.918808
v -10.500031 -0.137242 5.379883
v -10.473030 0.405753 6.654831
v -11.274031 0.176624 7.365784
v -10.514030 0.239908 7.695190
v -11.274031 -0.050386 8.164886
v -10.514030 0.239908 8.634598
v -9.654030 0.791377 8.087204
v -9.822176 1.022000 8.933090
v -10.804325 0.709613 9.394592
v -10.319677 1.584830 9.382980
v -11.274031 1.469614 9.684891
v -10.804325 2.229614 9.394592
v -11.743736 2.229614 9.394592
v -11.310423 2.819589 9.058105
v -12.117140 2.766227 8.727722
v -11.843142 3.784614 8.575882
v -11.044030 3.784614 8.802887
v -10.782390 4.552181 8.869064
v -10.476429 4.138730 8.845261
v -10.173029 4.838730 8.903549
v -11.085789 5.252181 8.927353
v -10.655030 5.615270 9.475983
v -9.769146 5.658221 9.147400
v -10.159609 6.130180 9.911148
v -11.180359 6.241613 9.833221
v -10.746082 7.034172 10.261261
v -11.548773 7.091613 9.903992
v -11.180359 7.941613 9.833221
v -10.405926 8.199181 10.416656
v -10.316729 7.327759 10.674561
v -9.916737 7.677908 11.259888
v -9.447031 6.917908 10.969604
v -9.249860 7.304503 11.796509
v -9.580246 8.111221 11.849869
v -9.157074 7.633708 12.536972
v -9.443010 8.582308 12.642487
v -6.187277 15.085862 8.075836
v -5.696004 14.617750 8.521988
v -5.819715 14.098883 8.029266
v -5.975418 15.007336 9.067413
v -6.605856 15.562972 8.579330
v -6.570325 16.105320 7.571899
v -6.280030 15.635613 6.811890
v -6.417137 14.795660 6.773346
v -6.570325 15.165908 6.051895
v -7.040030 14.405908 6.342194
v -6.882679 14.042398 7.042877
v -6.167020 13.546705 7.728195
v -6.735007 12.966747 7.620514
v -7.223045 11.482739 7.839798
v -6.735322 12.257734 7.792221
v -6.524921 11.589535 7.979660
v -6.843104 11.028131 7.958466
v -7.239704 10.595508 7.467560
v -6.539704 10.328132 7.900177
v -6.812590 9.836503 7.177994
v -6.187930 9.690239 7.539627
v -6.514700 9.018614 7.097519
v -7.307272 8.951046 6.839432
v -6.879325 8.258614 7.254181
v -6.107080 8.200006 7.503586
v -5.376566 8.200725 7.177994
v -5.659749 7.426413 7.841766
v -5.183976 7.869805 7.375076
v -4.894833 8.267311 6.924789
v -6.975888 7.784596 2.036270
v -6.254848 7.084596 1.947144
v -6.165723 7.695471 2.180481
v -7.279288 7.084596 1.977982
v -7.675888 7.517220 2.468887
v -7.675888 6.651972 2.468887
v -7.943264 7.084596 3.168900
v -7.734176 7.820620 3.168900
v -7.775656 7.756561 4.080338
v -8.120496 6.854903 4.145828
v -8.203702 7.322285 4.872894
v -8.040955 8.481954 4.979736
v -8.438815 7.526221 5.410919
v -8.497103 7.829620 6.110916
v -8.065559 8.987070 5.706802
v -7.614014 9.541517 5.204102
v -7.711667 9.395965 5.834015
v -7.920755 10.131989 5.834015
v -7.653379 9.699364 6.534012
v -7.659517 10.681139 6.562729
v -7.981934 11.238413 5.820862
v -8.045434 11.118982 4.991028
v -7.256780 10.131989 4.643097
v -7.519022 10.664940 4.580338
v -8.067366 11.263262 4.081329
v -7.323030 11.096942 3.694214
v -8.354754 11.681616 3.760635
v -8.558277 11.659863 4.513947
v -8.799656 12.401666 4.142899
v -8.845666 12.078216 3.328003
v -9.227701 12.835942 3.292892
v -9.370037 12.396246 2.833435
v -8.951824 11.672930 2.528336
v -9.666234 11.916990 2.057983
v -9.233610 11.216990 1.790604
v -8.173031 11.167720 2.275146
v -9.924747 11.649614 1.532089
v -10.237654 11.428473 1.148575
v -10.228148 12.349613 1.590378
v -9.789054 12.828590 2.133896
v -10.564054 13.124614 1.654922
v -11.130617 12.672266 1.231674
v -11.475655 13.200521 1.532089
v -11.743031 12.767897 0.832092
v -12.175653 13.467896 1.099472
v -12.434973 13.170485 0.425552
v -12.673683 13.642933 0.764648
v -13.103087 13.170485 0.425552
v -13.535711 13.870485 0.692917
v -13.968335 13.170485 0.425552
v -13.535711 12.679574 0.028946
v -14.163839 12.485699 -0.348862
v -13.877064 14.278323 0.658722
v -12.977083 14.342932 0.822937
v -13.521030 15.109613 0.626892
v -14.347773 15.142954 0.751907
v -14.686439 14.343968 0.460724
v -15.025440 14.878903 0.694351
v -15.611031 14.394650 0.374863
v -15.132054 13.798614 0.034912
v -16.090006 13.798614 0.034912
v -15.611031 13.099067 -0.384094
v -15.029087 12.485699 -0.348862
v -15.912984 12.554232 -0.596481
v -15.364031 12.026563 -1.069016
v -14.354858 12.047701 -0.713272
v -14.604031 11.638319 -1.476807
v -15.364031 11.701603 -1.806213
v -14.894324 11.168613 -2.236816
v -13.784030 10.508590 -1.928085
v -14.236031 10.517708 -2.573349
v -15.509646 10.658293 -2.903992
v -15.833047 11.267678 -2.296921
v -16.598589 11.244987 -2.543655
v -16.506031 10.816942 -3.392441
v -17.356030 11.141613 -2.867111
v -17.356030 10.887719 -3.760849
v -16.830702 10.291614 -4.242432
v -17.881359 10.291614 -4.242432
v -17.356030 9.441613 -4.567108
v -16.429653 9.942566 -4.293442
v -18.249773 9.441613 -4.313217
v -17.770533 8.741613 -4.716492
v -16.923407 8.741613 -4.834488
v -17.356030 8.250702 -5.231079
v -16.656031 8.308990 -5.534485
v -17.202696 8.041262 -5.763535
v -16.656031 8.308990 -6.399734
v -16.165119 8.705590 -5.967102
v -16.196985 8.776875 -6.583740
v -16.923019 8.414590 -7.134979
v -16.493803 9.198252 -7.301941
v -15.630031 9.494837 -6.922226
v -16.099737 9.910614 -7.440399
v -15.161015 10.009678 -7.380295
v -15.630031 10.443603 -7.871002
v -16.390030 10.380320 -8.200409
v -15.630031 10.670613 -8.670105
v -16.390030 10.380320 -9.139816
v -15.630031 10.443603 -9.469223
v -16.099737 9.910614 -9.899811
v -16.859735 9.620319 -9.430115
v -16.464361 9.209497 -10.056473
v -17.304649 8.677201 -9.509888
v -17.294031 8.405319 -10.520813
v -16.534031 8.468603 -10.850220
v -17.003736 7.935614 -11.280807
v -16.064325 7.935614 -11.280807
v -16.534031 7.175613 -11.571106
v -17.333141 7.175613 -11.344101
v -17.003736 6.415614 -11.280807
v -17.763737 6.705908 -10.811111
v -17.294031 5.945908 -10.520813
v -16.534031 5.882624 -10.850220
v -17.827019 6.376502 -10.051102
v -17.393095 5.885798 -9.582092
v -17.763737 6.705908 -9.291107
v -17.456085 6.203279 -8.483383
v -17.451382 5.582398 -8.882095
v -16.890165 5.272728 -9.379883
v -17.143360 4.933285 -8.529114
v -17.723461 5.770655 -7.783386
v -17.681046 6.715442 -7.707306
v -18.142551 6.272109 -7.256516
v -18.404774 5.397614 -7.255219
v -18.023020 4.680586 -7.268295
v -17.323019 4.413210 -7.700912
v -16.618031 4.083285 -8.204437
v -17.424030 3.859102 -7.249390
v -16.177031 3.437507 -7.240845
v -16.955013 3.344262 -6.791321
v -16.177031 3.183614 -6.347107
v -15.327030 3.508285 -6.872437
v -15.338036 3.378766 -5.808533
v -16.074055 3.426686 -5.465118
v -15.187031 3.604665 -5.287201
v -16.074055 3.635774 -4.729095
v -15.187031 3.929624 -4.550003
v -15.887031 3.871337 -4.246597
v -16.774055 3.368398 -4.296463
v -16.197756 3.847611 -3.720612
v -16.688667 3.451011 -3.287994
v -16.172277 4.025365 -2.952057
v -15.681366 4.421965 -3.384674
v -15.681366 4.421965 -2.519424
v -14.981365 4.689341 -2.952057
v -14.779031 4.539818 -3.762634
v -14.079031 4.807194 -3.330017
v -14.079031 4.598105 -2.593994
v -13.379030 4.539818 -2.897385
v -13.103903 4.115266 -2.391052
v -12.888120 4.143217 -3.330017
v -12.577539 3.447730 -2.725113
v -12.612991 3.718666 -1.958420
v -12.034031 3.008637 -2.246124
v -11.941992 3.118666 -1.370789
v -11.543119 2.612037 -1.813507
v -11.563925 2.178611 -0.971893
v -11.334030 1.876014 -1.813507
v -11.563925 1.313364 -0.971893
v -11.543119 1.139990 -1.813507
v -11.849020 0.749725 -1.311111
v -11.785736 0.420319 -2.071106
v -12.159463 0.067310 -1.854034
v -12.159463 0.067310 -0.858185
v -11.884111 0.481545 -0.552216
v -11.468156 0.879938 -0.130280
v -11.259068 1.615961 -0.130280
v -11.411983 1.191661 0.447891
v -11.526443 2.048585 0.569733
v -11.679359 1.624285 1.147888
v -11.679359 0.759037 1.147888
v -12.087173 1.771237 1.827881
v -12.487066 0.575814 2.240158
v -12.483773 1.338614 2.318787
v -12.965359 0.813285 2.914886
v -12.965359 1.863942 2.914886
v -13.290030 1.338614 3.764893
v -13.036137 2.232357 3.764893
v -13.303306 1.210988 4.403015
v -13.455030 1.714613 5.217896
v -12.697512 2.800724 3.899384
v -12.748131 3.116717 4.659668
v -12.488422 3.536748 3.899384
v -12.383424 3.963223 4.371887
v -12.325136 3.659824 5.071899
v -12.748131 3.116717 5.776108
v -13.201137 2.608356 5.217896
v -13.130360 2.239942 6.067886
v -12.660398 2.303945 6.706009
v -12.918491 1.469614 6.697327
v -13.130360 1.189285 6.067886
v -12.619825 0.536117 6.592072
v -12.602112 0.938682 7.406006
v -12.032915 0.350621 6.897934
v -12.034031 0.239908 7.695190
v -12.567019 0.670502 8.164886
v -12.034031 0.239908 8.634598
v -12.503736 0.999908 8.924896
v -11.743736 0.709613 9.394592
v -11.274031 0.176624 8.964005
v -12.073141 1.469614 9.457886
v -12.503736 1.939319 8.924896
v -12.794030 1.469614 8.164886
v -12.567019 2.268725 8.164886
v -12.602112 2.000545 7.406006
v -12.393023 2.736568 7.406006
v -12.376618 3.178369 8.141464
v -12.564030 3.784614 7.282898
v -12.377481 4.256313 8.096207
v -12.452890 4.582552 7.282898
v -12.321222 4.831832 8.244965
v -12.661980 5.318575 7.282898
v -12.516359 5.638285 8.220886
v -11.666359 5.313613 8.746216
v -12.159126 6.098309 8.847229
v -12.986306 6.501271 7.937286
v -12.470682 7.020612 8.572769
v -12.030359 6.566285 9.307892
v -12.030359 7.616942 9.307892
v -12.101136 7.985356 8.457886
v -11.640463 8.506310 8.955826
v -11.532253 8.937081 8.434280
v -11.296492 8.975607 9.073456
v -10.876959 8.641613 9.774933
v -10.985481 9.410913 9.819214
v -10.334925 9.114187 10.512939
v -10.451141 9.882613 10.298889
v -9.827157 9.907063 10.600647
v -9.563925 9.431322 11.041840
v -9.916737 8.617319 11.259888
v -9.505637 9.127923 11.741837
v -9.061819 10.045110 12.084381
v -9.350695 9.339797 12.400345
v -6.605856 15.562972 10.114456
v -6.432427 15.377218 10.458344
v -6.070455 15.149116 9.771698
v -6.574081 15.886528 9.346893
v -6.962324 16.294319 10.106888
v -6.899041 16.623726 9.346893
v -6.863949 16.355545 8.588013
v -7.432030 17.054319 8.877182
v -6.981424 16.615921 8.053848
v -7.432030 17.054319 8.011932
v -7.040030 16.865318 7.281601
v -7.800031 17.155613 6.811890
v -7.040030 16.865318 6.342194
v -6.507042 16.434723 6.811890
v -6.570325 16.105320 6.051895
v -7.330325 16.395615 5.582184
v -7.000920 15.635613 5.518906
v -7.800031 15.635613 5.291885
v -7.330325 14.875613 5.582184
v -8.232655 14.800479 5.460617
v -7.800031 14.342625 6.012787
v -8.500031 14.284337 5.709381
v -8.232655 13.851713 6.409378
v -7.473770 13.816621 6.677567
v -7.777170 13.116621 6.735855
v -7.438280 12.765354 7.172623
v -8.152159 12.454731 6.465332
v -7.619645 11.915363 7.348892
v -7.907202 11.515392 6.596054
v -7.619645 11.050116 7.348892
v -8.468262 12.025124 6.030380
v -8.932654 12.719090 5.976761
v -8.918304 12.246953 5.117264
v -8.526549 11.721724 5.330383
v -9.200030 13.151713 5.276764
v -9.098637 13.507756 4.842896
v -8.990942 13.887737 5.276764
v -8.987757 14.532443 4.924896
v -9.366013 13.940380 4.142899
v -9.156924 13.204357 4.142899
v -9.602262 13.700124 3.524384
v -9.680599 14.302949 3.803238
v -10.104617 13.963642 3.135056
v -9.651388 13.230302 2.854950
v -10.268030 13.603590 2.429916
v -10.380600 14.570325 3.370621
v -10.909379 14.729363 2.943008
v -10.512779 15.161987 3.433914
v -10.909379 15.665613 2.943008
v -11.232091 15.198913 2.142929
v -11.136442 14.423307 2.148087
v -11.001820 13.720651 1.994858
v -11.779054 13.900520 1.590378
v -12.210402 14.635778 1.296768
v -12.020844 15.624531 1.454269
v -12.706147 15.109613 0.858383
v -13.042054 15.884613 0.922913
v -12.199701 16.515614 1.682556
v -13.479819 16.480652 1.262863
v -14.009316 15.918407 0.811508
v -14.174654 16.950848 1.087494
v -14.558896 16.532104 1.019501
v -14.801002 15.876294 1.032013
v -15.294920 16.532104 0.810410
v -15.458064 15.578903 0.961731
v -15.890688 16.278904 0.694351
v -16.194088 15.578903 0.752640
v -15.890688 14.878903 0.694351
v -16.929842 14.762577 0.736145
v -16.608973 14.278323 0.449646
v -17.088871 14.286613 0.908081
v -17.415751 13.511160 0.940186
v -17.019150 13.078536 0.449280
v -17.789406 12.723514 0.885376
v -17.522030 12.290890 0.185379
v -16.729313 12.323614 -0.087906
v -16.425913 13.023613 -0.029617
v -16.981382 11.734453 -0.343506
v -16.281382 12.001829 -0.776123
v -16.714006 11.301828 -1.043503
v -16.124031 11.638319 -1.476807
v -17.461695 10.983262 -1.089432
v -17.408863 11.003443 -1.987335
v -18.230103 10.621805 -1.535324
v -18.206030 10.816942 -2.341782
v -18.830635 10.064533 -2.019028
v -18.802137 10.335356 -2.867111
v -18.206030 10.816942 -3.392441
v -18.731359 9.966942 -3.717102
v -19.056030 9.441613 -2.867111
v -18.826546 8.958587 -3.795990
v -18.938040 8.594487 -2.867111
v -18.793030 8.129514 -3.365967
v -18.921434 7.834392 -4.159790
v -18.140751 8.217710 -4.649033
v -18.573374 7.517709 -4.916412
v -17.947031 7.874942 -5.376434
v -18.734146 7.031982 -5.735443
v -17.715540 7.500382 -6.240616
v -18.396915 6.831006 -6.498611
v -17.696915 7.098382 -6.931244
v -17.224628 7.896982 -6.673248
v -17.392410 7.847771 -7.620346
v -19.024014 6.562965 -6.494324
v -18.913134 5.955832 -6.802216
v -19.724014 6.504678 -6.190918
v -20.193031 5.645614 -6.421112
v -19.661751 4.899685 -6.585449
v -18.913134 4.839395 -6.802216
v -18.958361 4.202729 -6.584473
v -19.711460 4.344614 -6.428406
v -19.390985 3.502729 -6.317108
v -18.593737 3.501614 -6.427811
v -18.124031 3.917390 -6.945984
v -17.655014 3.402549 -6.487915
v -18.124031 2.968624 -5.997223
v -17.327021 2.921935 -5.679886
v -16.934471 3.080239 -6.023651
v -16.774055 3.368398 -5.161713
v -17.264965 2.971798 -4.729095
v -18.158487 2.582172 -5.303452
v -17.948103 2.442269 -4.623825
v -17.128988 2.996684 -4.023102
v -17.887812 2.225513 -3.875214
v -17.070702 2.693285 -3.323105
v -17.596031 1.843285 -2.998444
v -16.999924 2.324871 -2.473114
v -16.642656 3.127561 -2.530548
v -17.517151 1.748098 -1.990082
v -16.583923 2.612871 -1.052109
v -16.272966 3.349798 -1.478119
v -16.313423 3.659304 -2.251053
v -15.688498 4.149762 -1.822083
v -15.839041 3.840502 -1.009109
v -15.348130 4.237103 -1.441727
v -14.854484 4.510997 -2.258362
v -15.313038 4.505282 -0.682846
v -14.613038 4.563570 -0.986252
v -13.941466 4.374628 -1.868774
v -14.079031 4.478895 -0.972977
v -13.241467 4.163393 -1.465698
v -13.332914 4.367962 -0.727112
v -12.725748 3.989101 -1.036728
v -12.693647 4.315980 -0.261276
v -12.234838 3.592501 -0.604111
v -12.085407 3.979220 0.131653
v -11.846064 3.002151 0.265350
v -11.906539 2.847730 -0.604111
v -11.468156 2.351985 -0.130280
v -11.818030 3.546596 0.831665
v -11.853147 2.775934 0.993515
v -12.085407 3.979220 1.531662
v -12.501736 2.970319 2.208893
v -12.165246 2.500614 1.618912
v -12.501736 3.835567 2.208893
v -12.680891 3.298552 2.968887
v -12.755799 3.969371 3.199387
v -13.043095 4.632798 3.087906
v -12.697512 4.272771 3.899384
v -12.767740 5.113287 3.928406
v -12.383424 4.828471 4.371887
v -12.728415 5.611111 4.371887
v -12.325136 5.131870 5.071899
v -12.116048 4.395847 5.071899
v -12.153303 4.680559 5.877563
v -12.362391 3.944535 5.877563
v -12.420679 4.247935 6.577560
v -12.488422 3.536748 6.536407
v -12.420679 5.113183 6.577560
v -12.394848 5.469285 5.882172
v -12.694681 5.954612 6.586777
v -12.636395 6.258011 5.886780
v -12.770031 6.885613 6.127899
v -12.836205 6.623973 6.895462
v -12.836205 7.147254 5.360321
v -12.636399 7.719944 6.186783
v -13.093945 8.006236 5.604355
v -12.530264 8.801160 5.968597
v -12.133663 8.368536 6.459503
v -12.133663 9.233784 6.459503
v -11.901799 9.602102 6.919403
v -11.843512 8.433455 7.619400
v -12.103514 7.783284 7.511032
v -12.587136 7.057356 7.370895
v -12.629303 7.304044 8.084854
v -11.612482 9.204980 7.676849
v -11.590541 10.105728 7.734283
v -11.302881 9.801927 8.854004
v -11.512131 10.601510 8.895111
v -10.765940 10.420180 10.008743
v -11.121830 11.175589 9.823990
v -10.554359 11.342613 9.968216
v -9.917114 10.678923 10.322220
v -9.613714 11.378922 10.263931
v -9.390390 10.650181 10.592072
v -8.917133 11.160213 11.155304
v -8.993790 10.217557 11.082977
v -8.891470 10.515649 11.469131
v -13.492048 9.108758 14.812866
v -12.679347 9.313466 14.778687
v -12.576404 9.163897 15.128540
v -12.814081 9.531468 15.131424
v -12.638892 9.479180 14.961182
v -14.153895 9.412613 14.888794
v -14.392417 9.975443 14.648010
v -14.889919 9.412613 15.097885
v -15.219324 10.172613 15.034592
v -15.689031 9.412613 15.324890
v -16.158737 10.172613 15.034592
v -15.689031 10.705603 14.604004
v -16.669340 10.654564 14.623505
v -16.577030 11.403181 14.098358
v -15.145649 11.199110 13.871750
v -15.884409 12.017393 13.855957
v -14.449287 11.866613 13.401001
v -14.324935 10.936062 13.431244
v -13.967702 11.341285 12.804886
v -14.396041 10.148637 12.269760
v -14.324850 9.866117 13.003540
v -14.605130 9.412613 12.269760
v -14.459325 8.942907 13.044891
v -14.044569 9.412613 13.737320
v -14.396041 8.613503 13.804886
v -13.905130 9.010102 14.237518
v -14.392417 8.849784 14.648010
v -14.929030 8.182907 14.274597
v -15.219324 8.652614 15.034592
v -15.689031 8.119624 14.604004
v -16.158737 8.652614 15.034592
v -16.559088 8.139076 14.067917
v -16.972740 8.870663 14.681793
v -16.488142 9.412613 15.097885
v -17.392008 9.481613 14.755981
v -16.972740 9.954563 14.681793
v -17.695406 10.316749 14.378174
v -17.251261 10.685614 14.243118
v -18.175669 10.849786 13.890671
v -17.411362 11.394499 13.840256
v -18.597736 10.241613 14.256592
v -18.888031 10.711319 13.496597
v -18.472254 11.229490 13.026886
v -17.740326 11.914958 13.264465
v -17.107962 12.094498 13.781967
v -17.557341 12.577564 13.272491
v -17.160740 13.010187 13.763412
v -16.577030 12.803181 14.098358
v -16.854542 13.257729 14.228287
v -16.302031 13.493525 14.700867
v -16.796253 13.561129 14.928284
v -16.302031 13.702613 15.436890
v -15.466896 13.871337 15.004272
v -15.475520 13.257729 14.228287
v -15.516397 12.717393 14.018784
v -14.906460 12.748692 13.587814
v -14.429036 13.394652 13.476883
v -13.967702 12.391942 12.804886
v -13.987637 12.907990 12.607666
v -13.761022 12.713739 11.954895
v -13.643030 11.866613 11.954895
v -13.802374 12.068918 11.213242
v -13.967702 11.341285 11.104889
v -13.896924 10.972870 11.954895
v -14.349930 10.464510 11.396667
v -14.693760 11.020839 10.496521
v -14.672856 10.333019 10.641327
v -14.614569 10.029620 11.341324
v -14.881945 9.596996 10.641327
v -14.739031 9.122614 11.408890
v -14.881945 8.648231 10.641327
v -14.966042 8.323502 11.408890
v -14.930949 8.591682 12.167770
v -15.499030 7.892908 11.878601
v -15.594588 8.003687 12.841400
v -14.929030 8.182907 13.335190
v -15.689031 7.892613 13.804886
v -16.456598 8.035528 13.330505
v -16.200146 7.736245 12.243225
v -16.740103 7.883269 12.627609
v -17.369146 8.153532 13.557831
v -17.548210 7.889355 12.696426
v -18.128031 7.961614 13.026886
v -18.128031 8.188624 13.826004
v -17.659014 8.622549 14.316711
v -18.597736 8.721613 14.256592
v -18.128031 9.481613 14.546890
v -18.927141 9.481613 14.319885
v -19.357737 9.011908 13.786896
v -19.357737 9.951319 13.786896
v -19.648031 9.481613 13.026886
v -19.421021 10.280725 13.026886
v -19.456112 10.012545 12.268005
v -18.987095 10.771429 12.557877
v -19.045383 11.074829 11.857880
v -18.530540 11.532890 12.326889
v -18.927141 11.965513 11.835983
v -18.991632 12.541731 11.762253
v -18.136927 12.347582 12.773544
v -18.595032 12.974354 12.253174
v -18.431356 13.179162 12.846909
v -17.860739 13.277563 13.330780
v -18.013359 13.740614 13.568222
v -19.027657 13.674355 12.520538
v -19.295033 13.241730 11.820541
v -19.727655 13.732641 12.217148
v -19.764030 14.240572 13.023819
v -19.160522 14.436221 13.497025
v -19.758833 15.037663 13.783539
v -18.727898 15.136221 13.764404
v -19.160522 15.627132 14.160995
v -18.460522 15.568845 14.464401
v -18.027899 14.868845 14.197021
v -17.969610 15.172245 14.897034
v -17.642174 14.520971 14.867157
v -17.700462 14.217572 14.167160
v -17.933235 15.212536 15.470673
v -17.595020 14.423502 15.436890
v -17.531736 14.752908 16.196899
v -17.062031 13.992908 15.906601
v -16.771736 14.462613 16.666595
v -16.302031 13.929625 16.236008
v -15.832325 14.462613 16.666595
v -15.542030 13.992908 15.906601
v -15.072325 14.752908 16.196899
v -14.587030 14.586383 15.057129
v -14.231735 15.085764 15.759750
v -14.082462 14.893152 14.962646
v -14.475424 14.245304 14.378845
v -15.042896 13.957728 14.495667
v -14.417136 13.941904 13.678848
v -13.880941 14.911308 14.018570
v -13.930982 14.330818 13.194305
v -13.662825 15.215536 13.103104
v -13.929850 14.772110 12.335541
v -13.965696 13.808738 12.550217
v -13.952956 14.295855 11.606033
v -13.792030 13.340613 11.677887
v -14.116701 13.865942 10.827896
v -14.077334 12.842686 10.692459
v -14.492990 13.403689 10.188828
v -14.671724 12.625284 10.225800
v -14.449287 11.866613 10.508789
v -15.236725 11.663284 10.000809
v -15.633325 12.095907 9.509888
v -15.633325 11.230659 9.509888
v -15.026831 10.459446 10.057648
v -15.538645 10.588116 9.354889
v -15.319662 9.857944 9.643784
v -15.591986 10.287642 8.799332
v -15.377949 9.554544 8.943771
v -15.009924 9.012356 9.278900
v -14.951637 9.315756 9.978897
v -14.907755 8.622239 10.093781
v -15.000891 8.828398 8.292969
v -15.413041 9.822725 8.184891
v -15.377949 9.554544 7.426010
v -15.481611 8.583321 7.000656
v -15.437935 8.053308 7.802551
v -14.996486 7.653337 8.321289
v -15.080702 7.593285 10.128891
v -14.854300 7.265097 9.328674
v -15.411701 6.179285 9.715897
v -15.821767 6.619129 10.374893
v -15.890303 7.058433 10.729767
v -15.281443 7.834011 10.902588
v -16.191463 7.478152 11.450653
v -16.716028 6.589730 10.681549
v -17.238029 7.213508 11.370636
v -16.740103 7.674181 11.891586
v -17.796249 7.666513 11.878998
v -18.161303 7.235670 11.110779
v -18.696407 8.010343 11.322662
v -18.888031 8.251907 12.557190
v -18.946636 8.501304 11.784943
v -19.456112 8.950682 12.268005
v -19.421021 8.682502 13.026886
v -18.888031 8.251907 13.496597
v -19.100512 8.626503 11.196396
v -19.329102 9.802269 11.611618
v -19.533360 9.187284 10.727890
v -19.596478 10.234894 10.911606
v -19.992851 9.734670 10.256836
v -20.296478 10.502270 10.478989
v -20.729103 10.993180 10.875595
v -21.227030 10.532507 10.354630
v -21.752359 11.128613 10.836227
v -21.227030 11.978613 11.160889
v -20.198191 11.627591 11.124115
v -20.569084 12.550949 11.279160
v -19.749359 12.506614 11.380219
v -19.445959 11.806614 11.321930
v -20.136461 13.250948 11.546539
v -21.001709 13.250948 11.546539
v -20.569084 13.741859 11.943146
v -21.314030 13.648525 12.065872
v -20.569084 13.950949 12.679169
v -21.314030 13.857614 12.801895
v -20.464031 14.182284 13.327225
v -21.314030 14.111507 13.695633
v -20.788702 14.707614 14.177216
v -21.839359 14.707614 14.177216
v -21.314030 15.557613 14.501892
v -19.953701 15.719613 14.450226
v -20.479031 16.569614 14.774887
v -19.557432 16.692442 14.642258
v -19.993362 17.594187 14.857178
v -19.050335 17.515270 14.894989
v -18.821022 16.489567 14.795776
v -18.388399 17.189568 15.063156
v -18.084999 16.489567 15.004868
v -18.343092 15.696996 15.013550
v -17.688398 16.056944 15.495773
v -17.575525 16.938946 15.487930
v -17.145142 16.519226 15.999725
v -17.531736 15.692319 16.196899
v -16.771736 15.982614 16.666595
v -17.101141 15.222613 16.729889
v -16.302031 15.222613 16.956894
v -15.606459 15.910114 16.631866
v -15.502919 15.222613 16.729889
v -14.582654 15.702479 16.272171
v -15.174179 16.555101 16.329926
v -14.150030 16.537613 16.440887
v -13.680325 15.777614 16.150604
v -13.350919 16.537613 16.213882
v -12.920324 16.067909 15.680893
v -13.390030 15.307908 15.390594
v -12.857041 15.738503 14.920898
v -13.390030 15.307908 14.451187
v -12.920324 16.067909 14.160889
v -13.331424 15.557305 13.678940
v -13.350919 16.537613 13.627899
v -13.747519 16.104990 13.136993
v -14.015699 16.863874 13.101898
v -14.313721 16.467564 12.318283
v -14.064324 15.695319 12.376892
v -14.763100 15.984498 11.808807
v -14.430258 15.273252 11.768723
v -15.159699 15.551874 11.317902
v -14.609169 14.790998 11.054947
v -15.684034 15.562877 10.617401
v -15.565403 15.008984 9.925079
v -14.838020 14.283940 10.266449
v -15.068325 13.997319 9.734894
v -15.714321 14.336940 9.185379
v -15.404815 13.564007 9.144913
v -15.068325 13.057908 9.734894
v -15.691612 12.399307 8.809891
v -15.534949 13.096544 8.108780
v -15.633325 12.095907 8.109894
v -15.900701 11.663284 8.809891
v -15.744038 11.298658 8.108780
v -15.806022 11.020740 8.654892
v -15.476662 11.731282 7.408783
v -15.476662 10.866035 7.408783
v -15.587038 10.290568 7.426010
v -15.160702 11.233238 6.500839
v -15.199625 10.775919 6.198761
v -15.199625 9.910671 6.198761
v -15.257913 9.545956 6.898758
v -15.199625 9.242556 6.198761
v -14.499625 9.576613 5.766144
v -14.895269 8.684918 5.744034
v -14.177258 8.714062 5.487793
v -14.720137 8.127280 5.080215
v -15.537030 7.913908 5.440598
v -15.496607 7.264365 4.637939
v -15.969654 7.213908 5.173218
v -16.027941 7.517308 5.873215
v -15.827222 7.938565 6.689545
v -16.036310 7.202542 6.689545
v -15.768934 7.635166 7.389542
v -15.768934 6.704614 7.389542
v -16.418989 6.165589 6.387894
v -16.229111 5.840459 7.260193
v -15.411701 6.179285 8.015900
v -14.774845 6.731416 8.448410
v -15.340924 5.810871 8.865891
v -15.937031 5.329285 8.340561
v -15.937031 5.329285 9.391220
v -16.348175 4.803619 8.865891
v -16.601145 5.003845 9.988022
v -16.261702 5.854613 10.241226
v -17.332701 5.537613 10.541229
v -16.945215 4.546630 10.437958
v -17.765324 4.837614 10.808594
v -18.476318 5.285341 10.689331
v -18.043695 5.985341 10.421951
v -17.611071 6.685341 10.689331
v -18.555859 6.761410 10.646912
v -19.004143 6.469614 10.204880
v -19.176279 7.314559 10.091644
v -18.779678 7.747183 10.582550
v -19.324022 7.736568 9.670776
v -19.158798 8.323103 10.496399
v -19.434736 6.939319 9.671890
v -19.498020 7.268725 8.911896
v -19.288931 8.004748 8.911896
v -19.498020 8.740772 8.911896
v -19.604137 8.818871 9.877899
v -19.835255 9.365129 9.126282
v -19.893541 9.061728 8.426285
v -20.426598 9.886483 8.860962
v -20.527031 10.129229 9.875397
v -21.227030 10.278614 9.460892
v -21.011982 10.122285 8.110275
v -21.966209 10.560367 8.720383
v -22.077030 10.603285 9.986221
v -22.673138 11.084870 9.460892
v -22.602360 11.453285 10.310898
v -22.927031 11.978613 9.460892
v -23.071106 12.375706 10.445435
v -22.192293 11.893128 10.969894
v -22.807484 12.853621 11.217529
v -22.299406 12.717194 11.589172
v -21.659655 12.678614 11.428268
v -21.746655 13.157614 11.669266
v -22.732031 13.208105 11.985779
v -22.179417 13.644156 12.461823
v -23.211006 13.751614 12.424866
v -23.014799 14.435479 12.987778
v -22.164030 14.182284 13.327225
v -22.689360 15.032285 13.651886
v -23.150314 14.959237 12.980316
v -23.129683 15.628615 12.916779
v -22.689360 16.082943 13.651886
v -22.207773 15.557613 14.248001
v -21.854359 17.094942 13.924896
v -21.372774 16.569614 14.520996
v -21.004360 17.419613 14.450226
v -21.472132 17.971716 13.633118
v -20.700960 18.119614 14.391937
v -21.033283 18.521557 13.389603
v -20.788404 19.082664 13.934326
v -20.304359 18.552238 14.882843
v -20.360359 19.516941 14.726898
v -19.878773 18.991613 15.322998
v -19.510359 18.141613 15.252228
v -18.985031 18.991613 15.576889
v -18.446453 18.152618 15.381744
v -18.105251 18.938782 15.438721
v -17.626980 18.120724 15.151031
v -17.189405 18.961731 15.281174
v -16.828808 18.093624 15.371567
v -17.181362 17.355499 15.418259
v -16.388790 17.364182 15.676361
v -15.877325 18.056614 15.261597
v -15.391980 17.356220 15.901199
v -16.043261 16.942612 15.957123
v -16.475885 16.451702 16.353729
v -14.908915 17.865696 15.451828
v -14.619736 17.297615 16.150604
v -14.150030 17.830603 15.720001
v -13.680325 17.297615 16.150604
v -13.390030 17.767319 15.390594
v -12.920324 17.007320 15.680893
v -12.857041 17.336723 14.920898
v -12.630031 16.537613 14.920898
v -12.920324 17.007320 14.160889
v -13.390030 17.767319 14.451187
v -13.619099 17.296497 13.592804
v -14.082462 18.182076 14.013885
v -14.084571 18.148354 12.925812
v -14.515087 18.882076 13.746506
v -14.449924 19.028355 12.949890
v -14.520701 18.659943 12.099899
v -14.520701 17.609283 12.099899
v -15.002287 18.134613 11.503784
v -15.246759 17.288837 11.491516
v -14.809919 16.816105 12.007416
v -15.752710 16.748333 11.395874
v -15.449310 16.048332 11.337585
v -16.128428 17.319729 11.192535
v -16.410673 16.671061 10.731522
v -16.796137 17.408321 10.399841
v -16.399536 17.840946 10.890747
v -17.188700 18.423498 10.453522
v -17.447151 17.997795 9.929520
v -16.854424 17.104923 9.699844
v -16.501612 16.290920 9.917892
v -16.443325 16.594318 9.217896
v -16.086857 15.862972 9.225464
v -16.131451 16.134106 8.271378
v -16.264170 15.326675 8.457886
v -15.996794 14.894052 9.157898
v -15.945679 14.158829 8.518906
v -16.213055 14.591453 7.818909
v -16.003965 13.855429 7.818909
v -15.945679 14.158829 7.118912
v -15.494859 13.429386 7.397537
v -15.245679 13.891453 6.686279
v -14.822512 13.127305 6.922760
v -15.218569 12.565613 7.417465
v -15.219654 12.096331 6.969315
v -14.519654 12.363707 6.536682
v -14.086488 13.127305 6.713669
v -13.654407 12.363707 6.536682
v -14.460702 11.500614 6.068222
v -13.570223 11.193798 5.895920
v -14.499625 11.043295 5.766144
v -14.067001 10.343294 5.498764
v -14.803025 10.343294 5.707855
v -13.330978 10.343294 5.707855
v -13.624075 9.559943 5.772507
v -12.857143 9.576613 6.000702
v -13.330978 8.809933 5.707855
v -12.460543 10.009237 6.491608
v -12.716682 10.920612 6.415771
v -12.276360 10.466285 7.150894
v -12.560399 11.315283 7.115784
v -12.023424 10.806471 7.636887
v -12.403736 11.679908 7.816895
v -11.965137 11.109871 8.336899
v -12.818492 12.107855 7.124466
v -12.403736 12.619319 7.816895
v -12.750924 13.165947 7.166214
v -12.050924 13.433323 7.598846
v -12.026658 13.022984 8.370697
v -11.783548 13.865946 8.298843
v -11.793303 13.348668 9.142563
v -11.968060 12.557093 9.232437
v -11.484726 12.854685 9.834320
v -11.412773 12.003613 9.783005
v -11.977024 11.639797 9.132721
v -10.626358 12.542339 10.364716
v -10.963774 13.352613 10.294998
v -10.070030 13.352613 10.548889
v -9.837632 12.537730 10.606262
v -9.917114 12.078922 10.322220
v -9.006441 11.874134 10.908630
v -8.868189 12.621454 11.139450
v -8.233789 15.892181 10.991348
v -7.927896 15.496738 11.312317
v -7.049583 15.474946 11.128174
v -7.690489 16.421473 10.699997
v -8.661736 16.584614 10.576599
v -8.192030 17.117603 10.145996
v -7.432030 17.054319 9.816605
v -8.192030 17.344614 9.346893
v -8.952030 17.054319 9.816605
v -9.140371 17.210653 8.941681
v -8.192030 17.233475 8.548950
v -8.959598 17.410788 8.136490
v -8.224638 17.180748 7.825394
v -8.924638 17.448124 7.392776
v -9.739521 17.759382 7.896408
v -9.508030 18.133942 7.032227
v -8.990942 17.708450 6.013947
v -8.500031 17.311850 6.446579
v -8.500031 16.986889 5.709381
v -7.800031 16.928602 6.012787
v -8.232655 16.470749 5.460617
v -8.932654 16.738125 5.027985
v -8.536055 15.635613 5.082809
v -9.217702 16.333942 4.494888
v -9.217702 15.283285 4.494888
v -9.699287 15.808614 3.898788
v -9.983999 15.002949 3.861526
v -9.943760 16.654388 3.886520
v -10.512779 16.169239 3.433914
v -10.786781 17.010668 3.443146
v -11.183382 16.578045 2.952225
v -11.183382 17.443291 2.952225
v -11.542663 17.110157 2.156677
v -11.349702 16.190941 2.207886
v -11.190162 17.954203 2.168808
v -11.919896 17.962105 1.858505
v -12.503101 17.215614 1.740845
v -12.655920 17.962105 1.649414
v -13.047195 17.180651 1.530243
v -13.762625 17.415749 1.338013
v -13.216702 18.430614 1.216568
v -14.174654 18.350847 1.087494
v -14.478054 17.650848 1.145782
v -14.994058 18.464579 0.754990
v -14.978928 17.292395 0.759796
v -15.487288 17.850613 0.306793
v -15.855701 17.000614 0.377563
v -16.381031 17.850613 0.052887
v -16.385895 16.833614 0.154175
v -17.192030 16.833614 0.041901
v -16.713055 16.058613 0.337921
v -17.671007 16.058613 0.337921
v -17.233242 15.462577 0.677856
v -18.189974 15.578903 0.752640
v -18.374264 15.062067 0.940186
v -18.842607 15.922013 1.307800
v -19.160492 15.137653 1.225220
v -18.631031 14.286613 1.004898
v -17.824894 14.286613 1.117172
v -18.186901 13.467337 1.151016
v -19.174978 13.519932 1.200928
v -18.654654 12.723514 0.885376
v -19.246784 12.575964 1.262451
v -19.065140 12.236227 0.725067
v -18.222031 12.232602 0.488785
v -18.691736 11.699614 0.058182
v -17.759239 11.595317 -0.226410
v -18.259247 10.878049 -0.817322
v -19.085804 10.987252 -0.080276
v -19.056799 10.563747 -0.415970
v -18.789423 10.131124 -1.115982
v -19.547871 10.276007 -0.329453
v -19.815247 10.708630 0.370544
v -19.451736 11.409319 0.527893
v -19.839979 11.001528 1.287888
v -20.350481 10.638407 0.749359
v -20.356119 10.469543 1.813843
v -20.847031 10.072943 1.381226
v -20.847031 10.072943 0.330566
v -20.522360 9.547613 -0.519440
v -19.269857 9.296244 -1.372299
v -20.078058 8.726334 -0.953613
v -19.368032 8.315354 -1.392380
v -19.113394 9.209215 -2.052231
v -19.103025 7.806871 -2.108185
v -19.163681 7.427612 -1.423996
v -18.896305 6.994988 -2.123993
v -19.060406 7.696890 -2.665970
v -19.163681 6.562364 -2.823990
v -19.002119 7.393490 -3.365967
v -19.493031 6.996890 -3.798599
v -19.863682 6.294988 -3.256622
v -20.193031 6.938603 -4.101990
v -19.383202 7.390636 -4.574402
v -20.193031 7.165614 -4.901108
v -19.434147 6.973695 -5.432037
v -20.193031 6.938603 -5.700226
v -20.953030 6.875319 -5.370819
v -20.662735 6.405613 -6.130814
v -21.422737 6.115319 -5.661102
v -20.992142 5.645614 -6.194092
v -21.422737 5.175908 -5.661102
v -20.723961 4.886729 -6.229187
v -21.173340 4.403664 -5.719711
v -20.706535 3.994662 -6.202072
v -21.499737 3.542319 -5.621109
v -21.069141 3.072613 -6.154099
v -20.270031 3.072613 -6.381104
v -20.739737 2.312613 -6.090820
v -19.800325 2.312613 -6.090820
v -20.270031 1.779624 -5.660217
v -19.510031 1.842908 -5.330811
v -18.973417 2.509784 -5.704224
v -19.025671 2.911638 -6.091324
v -18.920055 2.179398 -4.897507
v -19.468679 1.708432 -4.407608
v -18.648102 2.174893 -4.191208
v -19.358030 1.717778 -3.714417
v -18.446030 1.772508 -3.366852
v -19.318356 1.692279 -2.941238
v -18.446030 1.518614 -2.473114
v -19.296030 1.843285 -1.947784
v -18.498863 1.656785 -1.593323
v -19.408838 2.022530 -1.129059
v -19.024031 1.893713 -0.516235
v -18.030031 1.806614 -1.052109
v -18.265146 1.858621 -0.248062
v -17.180031 2.131285 -0.526779
v -17.674055 2.084398 0.117249
v -17.340519 2.620728 0.381287
v -16.654701 2.981285 -0.202103
v -17.011934 3.441309 0.424240
v -16.311935 3.708685 -0.008392
v -16.272966 3.349798 -0.540085
v -15.902325 4.169908 -0.249115
v -15.960612 4.473307 0.450897
v -15.469701 4.869907 0.018265
v -15.378501 5.149498 0.671646
v -14.536539 5.241133 0.288010
v -14.769701 4.928195 -0.285126
v -14.536539 5.450221 1.024033
v -13.836539 5.182845 0.591400
v -13.685272 5.106122 1.586945
v -13.218031 4.946596 0.831665
v -13.218031 4.737507 0.095642
v -12.518030 4.679220 0.399033
v -12.518030 4.679220 1.264282
v -12.027120 4.282619 0.831665
v -12.988728 4.584182 2.045700
v -13.534006 5.029398 2.618896
v -14.181576 5.335509 2.321548
v -14.113736 5.720284 2.946274
v -13.413736 5.452908 3.378891
v -13.473846 6.391630 3.477951
v -13.077246 5.922614 3.968872
v -13.077246 6.824254 3.968872
v -13.873072 7.228341 3.505325
v -13.605696 7.660965 4.205322
v -13.066872 7.196009 4.653412
v -13.327116 7.543854 4.927704
v -13.854889 8.127280 5.080215
v -14.305696 7.928341 4.637939
v -14.305696 7.719253 3.901917
v -15.005695 7.660965 4.205322
v -14.738319 7.228341 3.505325
v -15.438319 6.960965 3.937943
v -15.041718 6.528341 3.447037
v -15.361969 6.142996 3.673553
v -15.758569 6.575620 4.164459
v -15.737271 5.756308 4.078888
v -16.038849 6.122117 4.898239
v -15.977379 6.725612 4.975769
v -16.302729 6.077589 5.681839
v -16.237030 6.781284 5.873215
v -16.038849 5.215110 4.898239
v -16.360703 4.996942 5.687897
v -16.628078 5.429566 6.387894
v -16.499014 4.471613 6.467651
v -16.538031 4.691613 7.176895
v -16.765041 3.892502 7.176895
v -16.729950 4.160682 7.935776
v -16.427942 4.932684 7.907944
v -16.648857 4.339254 8.811325
v -16.906950 3.546682 8.820007
v -16.627056 4.106180 9.701370
v -16.942041 3.278502 9.578888
v -17.005325 3.607908 10.338898
v -17.475031 2.847908 10.048599
v -17.765324 3.317614 10.808594
v -17.435919 4.077614 10.871887
v -18.235031 4.077614 11.098892
v -18.704737 3.317614 10.808594
v -19.034142 4.077614 10.871887
v -18.704737 4.837614 10.808594
v -19.215340 5.319564 10.397491
v -19.464737 3.607908 10.338898
v -19.973648 4.224830 9.932587
v -19.712347 5.020614 10.104065
v -20.695736 4.379613 9.585602
v -21.025143 5.139614 9.648880
v -20.695736 5.899613 9.585602
v -19.881317 6.072906 9.885651
v -19.418449 5.852268 10.142517
v -20.024023 6.603945 9.238159
v -20.986031 6.369319 8.825592
v -19.988930 6.872125 8.479263
v -21.085094 6.429429 7.886871
v -20.256306 7.304749 7.779266
v -19.556307 7.572124 8.211899
v -20.078854 7.848802 7.666199
v -19.556307 8.437372 8.211899
v -20.204800 8.558103 7.611404
v -20.601398 8.125479 7.120483
v -20.904799 8.825480 7.178772
v -20.579359 9.422285 7.842896
v -21.422766 9.817450 7.372589
v -21.962772 9.512613 6.843994
v -22.049318 10.520945 6.795319
v -22.049318 10.824345 7.495316
v -21.802422 11.334747 6.716400
v -22.186838 12.216709 7.284546
v -22.245125 11.913309 7.984543
v -22.207317 10.970282 8.063461
v -22.602360 11.453285 8.610886
v -22.753365 12.446738 8.588562
v -22.646019 12.996502 7.215897
v -23.029266 13.430299 7.915894
v -22.984394 13.218262 8.646011
v -23.042683 12.914863 9.346008
v -23.374687 13.737551 8.808273
v -23.502129 13.481411 9.712234
v -23.865597 14.134151 9.240906
v -24.085991 13.982666 10.404205
v -23.612156 13.215984 10.697052
v -24.050539 13.711731 11.170898
v -23.507030 13.272637 11.649872
v -23.986008 14.047638 11.945892
v -24.282030 14.526613 11.170898
v -23.986008 15.005589 11.945892
v -23.546913 14.526613 12.489395
v -24.157013 15.353355 11.204239
v -24.144279 16.239208 11.237579
v -23.268360 16.037941 12.348892
v -23.664959 16.470566 11.857986
v -23.057751 17.008333 12.167191
v -22.823027 16.522877 12.887375
v -22.416048 17.066757 12.642273
v -21.925137 17.463356 13.074890
v -21.547993 18.067562 12.901581
v -22.306278 18.103584 11.768951
v -21.585674 18.404303 12.188843
v -21.074156 18.834244 12.608734
v -21.134281 19.182592 11.864792
v -20.728136 19.546356 12.423889
v -20.765392 19.261644 13.229553
v -20.239630 20.112158 12.889160
v -20.431137 19.885357 13.876892
v -19.970463 20.406309 13.378967
v -19.835030 20.366943 14.402222
v -19.402407 21.066942 14.134842
v -19.050335 20.467957 14.894989
v -19.510359 19.841614 15.252228
v -18.516907 19.863937 15.403229
v -18.161156 20.648937 15.259232
v -17.693031 19.776613 15.432892
v -17.167702 20.626614 15.108215
v -16.799288 19.776613 15.179001
v -16.317701 20.301941 14.582886
v -17.065258 21.209251 14.822067
v -16.699326 21.631319 14.213898
v -16.151382 20.689045 13.838562
v -15.710146 19.835381 14.072021
v -16.292368 18.852629 15.082016
v -15.370702 18.984613 14.325226
v -15.537704 18.606133 14.615601
v -14.773896 18.320498 14.650665
v -15.105081 18.115219 15.012207
v -15.046031 19.509941 13.475220
v -16.007597 20.507309 13.050827
v -15.516686 20.110710 12.618195
v -15.046031 19.509941 12.424561
v -15.566960 19.740906 11.668381
v -15.274935 18.890541 11.509171
v -16.099287 19.092613 11.106781
v -15.804978 18.077171 11.146515
v -16.467701 19.942614 11.177567
v -16.901978 19.150055 10.749512
v -17.458307 20.050213 11.093353
v -17.553324 19.124615 10.610184
v -18.784101 19.638046 11.009201
v -18.455654 19.199749 10.488617
v -17.981272 18.432182 10.195435
v -18.702150 18.733341 9.775711
v -18.248648 17.999557 9.495438
v -18.838701 18.101318 9.000519
v -19.271324 18.801319 9.267899
v -19.347801 18.560755 8.405365
v -18.856890 18.164154 7.972748
v -18.373030 17.911991 8.025269
v -17.808180 17.882286 7.493271
v -17.673031 17.644615 8.457886
v -16.913031 17.354321 7.988190
v -16.913031 17.354321 8.927597
v -16.380041 16.923725 8.457886
v -16.344950 16.655544 7.699005
v -16.913031 17.354321 7.122940
v -16.286661 16.958944 6.999008
v -15.854038 16.258945 7.266388
v -15.586662 16.691568 6.566391
v -15.445893 16.143597 6.893951
v -15.842493 15.710974 7.384872
v -15.245679 15.291452 6.686279
v -15.945679 15.024076 7.118912
v -15.549078 14.591453 6.627991
v -14.813055 14.591453 6.418915
v -14.400364 15.370664 6.644409
v -14.077031 14.591453 6.627991
v -14.362234 13.862011 6.697525
v -13.607774 13.990067 6.565506
v -13.664340 15.370664 6.853500
v -12.972462 15.345948 7.058548
v -12.871750 13.990067 6.774597
v -13.262536 13.165031 6.879715
v -12.669062 14.645948 7.000259
v -12.447525 13.865946 7.107925
v -12.050924 14.298571 7.598846
v -12.121742 15.030476 7.574570
v -11.574424 14.549756 8.148895
v -11.574424 15.415004 8.148895
v -11.369846 15.631598 8.602951
v -10.973246 15.198974 9.093872
v -11.516136 14.246357 8.848892
v -11.013357 14.764065 9.502899
v -11.445359 13.877942 9.698898
v -10.595359 14.202614 10.224228
v -10.344326 15.262613 9.584763
v -9.637406 14.282380 10.353287
v -9.407927 15.168989 10.250473
v -8.824011 14.568659 11.065567
v -8.817785 13.916855 11.185638
v -9.334007 13.352613 10.757980
v -8.506742 15.063096 11.216980
v -8.991141 15.824614 10.639877
v -9.421736 16.294319 10.106888
v -10.141945 16.100613 9.361847
v -9.808986 16.929457 9.396667
v -10.549736 16.860615 8.973602
v -10.080030 17.393602 8.542999
v -10.762781 17.591496 8.468536
v -10.512654 17.884514 8.146408
v -11.173702 18.326614 8.028229
v -10.300311 18.222919 7.782608
v -10.785768 18.943098 7.547882
v -9.986794 18.744743 6.923737
v -10.375702 19.382942 6.888885
v -9.562870 19.087950 6.141449
v -9.979101 19.815567 6.397980
v -10.668400 20.323811 6.612839
v -10.039030 21.056614 6.229889
v -9.508099 20.297729 6.037979
v -9.179966 19.766800 5.178909
v -9.415549 19.316772 5.188385
v -9.624638 18.580748 5.188385
v -9.364929 18.160717 5.948669
v -9.415549 17.844723 5.188385
v -9.592262 18.063372 4.726379
v -9.592262 17.198124 4.726379
v -9.881578 17.595247 3.968948
v -9.721213 18.401960 3.816025
v -10.483382 17.710667 3.384857
v -9.846966 18.655800 2.956909
v -10.694611 18.222221 2.565491
v -9.946030 18.715908 2.018188
v -10.706030 18.652626 1.688782
v -10.236324 19.185614 1.258179
v -11.175735 19.185614 1.258179
v -11.972985 19.186729 1.368896
v -11.531263 19.930893 1.095901
v -12.396976 20.086279 1.317627
v -12.848288 19.280613 1.145782
v -12.352520 18.662106 1.591125
v -11.626352 20.810280 1.466248
v -12.524252 20.757446 1.446060
v -13.263700 20.867283 1.290894
v -12.878702 21.554615 1.632568
v -13.621265 21.633915 1.270157
v -13.999724 20.867283 1.081802
v -13.995955 20.056002 0.835770
v -14.645721 20.527664 0.532288
v -15.021780 19.980614 0.742508
v -14.589157 19.280613 1.009888
v -13.742030 19.280613 0.891891
v -15.325180 19.280613 0.800797
v -15.790850 19.554476 0.271851
v -15.812147 18.708817 0.247162
v -16.369410 19.535835 -0.140854
v -16.884655 18.665497 0.204620
v -17.317280 19.365498 -0.062759
v -17.620680 18.665497 -0.004471
v -17.228157 17.850613 0.170883
v -17.735977 17.600294 0.237930
v -18.365406 18.689596 0.251755
v -18.472002 17.600294 0.447021
v -18.006914 16.833614 0.273376
v -18.806059 17.059778 0.653473
v -18.446007 16.354637 0.816895
v -19.146008 16.622013 1.249512
v -19.578630 17.112925 0.852921
v -20.011253 16.622013 1.249512
v -19.578630 15.922013 1.516891
v -20.208572 15.917577 1.372864
v -20.245060 15.460448 1.616486
v -20.682407 15.479194 1.868607
v -21.115030 15.970105 1.472015
v -21.190483 15.615621 2.240265
v -20.757860 14.915621 2.507629
v -21.457859 15.182997 2.940262
v -21.079243 14.495176 2.955307
v -20.304024 14.239981 2.479446
v -19.941660 14.760448 1.674774
v -19.885006 13.807637 1.779892
v -19.445913 14.286613 1.236389
v -20.266296 13.313690 2.456116
v -19.528570 12.985271 2.000183
v -19.925171 12.552647 2.491089
v -19.528570 12.120024 2.000183
v -20.215946 12.023613 2.673950
v -19.819345 11.590990 2.183029
v -19.492651 11.777674 1.294037
v -20.684961 12.782497 2.963806
v -20.953142 12.023613 2.998901
v -20.737740 11.214287 2.982376
v -20.414406 10.772942 2.513840
v -20.737740 10.349039 2.982376
v -20.679451 10.045640 2.282379
v -21.134340 10.781664 3.473282
v -21.281462 9.885654 3.423615
v -21.718302 10.358389 3.939514
v -21.962772 9.512613 3.951782
v -21.469265 9.151466 3.283386
v -21.723040 8.569286 3.986435
v -21.155834 8.122678 3.446640
v -21.234047 8.697614 2.485657
v -21.115040 8.130111 2.452271
v -21.372360 8.172285 1.705887
v -21.372360 9.222942 1.705887
v -21.697029 8.697614 0.855896
v -21.443136 9.591356 0.855896
v -21.372360 9.222942 0.005890
v -21.372360 8.172285 0.005890
v -20.890774 8.697614 -0.590210
v -20.522360 7.847613 -0.519440
v -20.936462 7.193925 0.288055
v -20.218960 7.147614 -0.461151
v -19.764633 7.882730 -0.901474
v -19.560282 6.994988 -0.933075
v -20.574039 6.165740 0.198898
v -20.367359 5.843942 -0.651108
v -19.596306 5.862364 -1.691360
v -19.163681 6.562364 -1.423996
v -19.105394 6.258965 -2.123993
v -19.596306 5.862364 -2.556610
v -19.991032 5.539319 -2.518402
v -20.258408 5.971943 -3.218399
v -20.617399 5.143944 -2.929230
v -21.071526 5.669433 -3.542038
v -20.662735 6.405613 -3.671402
v -21.422737 6.115319 -4.141113
v -20.953030 6.875319 -4.431396
v -21.486019 6.444725 -4.901108
v -21.713032 5.645614 -4.901108
v -21.422737 5.175908 -4.141113
v -21.601891 4.847675 -4.901108
v -21.389023 4.339568 -4.102219
v -21.662022 3.897846 -4.846390
v -21.499737 3.542319 -4.101105
v -21.790031 3.072613 -4.861115
v -21.499737 2.602908 -4.101105
v -21.563019 2.273502 -4.861115
v -21.499737 2.602908 -5.621109
v -21.030031 1.842908 -5.330811
v -21.030031 1.842908 -4.391403
v -20.270031 1.552613 -4.861115
v -20.270031 1.779624 -4.061996
v -20.739737 2.312613 -3.631409
v -20.039047 2.155262 -3.267899
v -20.404362 2.746353 -3.042114
v -19.892138 2.324871 -2.473114
v -20.346075 3.049753 -2.342117
v -19.929392 2.609582 -1.667450
v -20.503071 3.619684 -1.656113
v -20.561359 3.316285 -0.956100
v -20.036030 2.466285 -0.631439
v -20.662374 2.823518 -0.171417
v -21.030346 3.133990 -0.439972
v -21.362373 2.881805 0.131989
v -20.810505 2.193254 0.617126
v -21.412670 2.198442 0.805115
v -21.016361 1.431729 1.252518
v -20.223789 1.423046 0.994431
v -19.782915 1.649532 0.487961
v -19.024031 1.359665 0.956970
v -19.024031 1.684625 0.219788
v -19.565981 2.100719 -0.264816
v -18.264030 1.747908 0.549194
v -18.164967 1.687798 1.487915
v -17.731041 2.178502 1.018890
v -17.695950 2.446682 1.777771
v -17.398808 2.924128 1.081284
v -17.484310 2.897685 1.726547
v -17.275223 3.633708 1.726547
v -17.070223 3.744709 1.124237
v -16.541550 4.376503 1.406403
v -16.579311 4.141309 0.691620
v -16.050638 4.773103 0.973770
v -16.050638 4.773103 1.839020
v -15.520463 5.116152 1.658890
v -15.556592 5.454264 2.699310
v -14.829146 5.432532 2.189819
v -16.298014 4.528237 2.705750
v -16.074949 5.137682 3.338013
v -16.284039 4.401659 3.338013
v -16.005417 4.852479 4.067444
v -16.220213 3.915285 4.027618
v -16.036030 4.471613 4.837891
v -16.289925 3.577870 4.837891
v -16.360703 3.946285 5.687897
v -16.886030 3.096285 5.363220
v -16.708055 3.798398 6.275253
v -17.290462 3.105439 5.966492
v -17.244715 3.358163 6.705200
v -18.235031 3.165847 6.539917
v -18.058031 3.171613 7.176895
v -17.244715 3.358163 7.648590
v -18.058031 3.047152 8.083893
v -18.825598 3.314528 7.651276
v -18.866400 3.107648 8.436478
v -18.235031 2.784624 8.779785
v -17.475031 2.847908 9.109192
v -18.235031 2.557613 9.578888
v -18.995029 2.847908 9.109192
v -18.995029 2.847908 10.048599
v -18.235031 2.784624 10.378006
v -19.594105 3.199119 9.602707
v -20.259815 3.508408 8.345810
v -20.284916 3.753245 9.190216
v -20.986031 3.909908 8.825592
v -20.986031 3.909908 7.886185
v -21.519020 4.340502 8.355896
v -21.455736 4.669908 9.115891
v -21.746031 5.139614 8.355896
v -21.455736 5.609319 9.115891
v -21.519020 5.938725 8.355896
v -21.455736 5.609319 7.595886
v -21.455736 4.669908 7.595886
v -21.119246 5.139614 7.005920
v -21.044636 6.119923 7.113937
v -20.788860 4.296503 7.059280
v -20.575417 4.485111 6.628891
v -20.517128 4.788511 5.928894
v -20.172136 4.005871 5.928894
v -20.329958 4.045621 5.376862
v -20.319304 5.004559 4.789230
v -20.606859 5.469835 5.542053
v -20.528393 5.740582 4.789230
v -20.745029 6.349614 5.594894
v -21.012405 6.782237 6.294891
v -20.954119 7.085637 5.594894
v -21.102924 7.288570 6.413940
v -20.835548 6.855947 7.113937
v -20.904799 7.425479 7.178772
v -21.254915 7.811845 6.520020
v -20.742071 7.270965 4.752838
v -21.474979 7.574981 5.291672
v -21.174696 7.970965 4.485458
v -21.919029 8.137285 4.872559
v -21.919029 8.137285 5.923218
v -22.515137 8.618871 5.397888
v -22.444359 8.987285 6.247894
v -21.594358 8.662614 6.773224
v -22.769032 9.512613 5.397888
v -22.444359 10.037943 6.247894
v -22.515137 10.406357 5.397888
v -22.062130 10.914717 5.956116
v -22.062130 10.914717 4.839676
v -21.740204 11.761972 5.059464
v -21.821934 11.864353 5.827637
v -21.531116 12.497996 5.059464
v -21.798492 12.930620 5.759460
v -22.111803 12.288284 6.731644
v -22.582737 13.325908 6.455887
v -22.323444 13.708586 5.818726
v -22.939205 14.057254 6.448318
v -22.970978 13.733698 7.215897
v -23.430115 14.453854 6.880951
v -23.659403 14.261271 7.574036
v -24.556915 14.659620 7.066940
v -24.558029 14.548907 7.864182
v -23.865597 14.134151 8.333893
v -24.558029 14.548907 8.803604
v -25.091019 14.979502 8.333893
v -25.126110 15.247683 9.092773
v -24.510830 14.639142 9.635635
v -24.815742 15.626965 9.963943
v -24.346737 14.783381 10.395447
v -24.437124 15.765374 10.470886
v -25.067659 16.487450 10.628967
v -25.515741 15.894341 9.531326
v -25.948364 16.385252 9.927917
v -26.288754 16.911015 10.778442
v -25.554710 17.084652 11.102844
v -24.703072 17.003393 11.488937
v -25.267006 17.663614 11.812866
v -24.332090 17.625433 11.950104
v -23.968359 17.170567 11.916275
v -23.973148 18.438614 11.877396
v -23.116047 18.199379 11.674896
v -23.364569 18.964386 11.420517
v -22.327030 18.772655 11.084824
v -23.416994 19.352642 10.558899
v -22.716993 19.085266 10.085052
v -21.955700 19.308104 10.602951
v -21.627029 18.830942 11.388214
v -21.261030 19.561319 10.497604
v -22.016994 19.352642 9.652435
v -21.357632 19.779989 9.548874
v -20.501030 19.851614 10.027893
v -20.530472 19.729229 10.844025
v -20.559916 19.717983 11.727478
v -19.733463 19.917788 11.238297
v -20.132030 20.027943 11.898560
v -19.282030 20.098721 11.530151
v -19.618046 20.726789 12.555115
v -18.849407 20.589630 11.926743
v -19.158737 21.631319 12.693893
v -19.546980 21.223528 13.453888
v -19.222019 21.960724 13.453888
v -19.158737 21.631319 14.213898
v -18.689030 22.391319 13.923599
v -18.398735 21.921614 14.683594
v -18.746935 21.167957 14.836700
v -17.929031 22.454601 14.253006
v -17.459324 21.921614 14.683594
v -17.169031 22.391319 13.923599
v -17.929031 22.681614 13.453888
v -17.169031 22.391319 12.984192
v -16.636042 21.960724 13.453888
v -16.699326 21.631319 12.693893
v -16.311081 21.223528 13.453888
v -16.342857 20.899971 12.686325
v -17.094700 21.220497 12.067520
v -16.143030 20.467941 12.027557
v -16.993031 20.568958 11.534790
v -17.939108 21.195396 11.822693
v -18.294346 20.461613 11.777649
v -17.459324 21.921614 12.224182
v -18.398735 21.921614 12.224182
v -17.929031 22.454601 12.654785
v -18.689030 22.391319 12.984192
v -18.726969 19.970703 11.381058
v -19.654230 19.699156 10.542709
v -19.641966 19.621429 9.558868
v -19.151054 19.224829 9.991501
v -20.586613 20.189220 9.098694
v -19.682425 19.311924 8.785950
v -21.625008 20.212612 8.848862
v -21.146030 20.756123 8.409775
v -20.371031 20.691589 8.073868
v -21.146030 20.987614 7.594894
v -20.371031 20.691589 7.115921
v -19.827522 20.252495 7.594894
v -19.599192 19.896744 6.948242
v -19.499224 19.507725 7.594894
v -19.027367 19.351261 6.647324
v -19.307701 18.926991 7.542847
v -18.607702 18.659615 7.110214
v -18.238480 19.244528 6.386536
v -17.757702 18.334942 6.584900
v -17.591381 18.722044 5.840561
v -17.158758 18.022045 6.107941
v -17.325077 17.634941 6.852264
v -16.449137 17.501841 6.564392
v -16.047029 17.807121 5.780777
v -15.568054 17.263613 6.219864
v -14.886030 17.727703 5.882874
v -14.702806 17.263613 6.219864
v -14.721415 16.691568 6.566391
v -13.983698 17.138977 6.869095
v -13.973846 16.143597 6.893951
v -14.709869 16.143597 6.684875
v -13.483142 16.612614 7.327881
v -13.153736 15.852613 7.264603
v -13.158575 17.011337 7.610489
v -14.260924 17.628948 6.144226
v -13.560925 17.896324 6.576843
v -13.753407 18.485989 5.918900
v -13.255424 18.424990 6.968658
v -13.074359 18.001942 7.502899
v -12.592773 17.476612 8.098999
v -12.224360 16.626614 8.028229
v -12.097692 15.804497 7.843109
v -11.447103 16.464434 8.531906
v -11.747697 17.409588 8.353149
v -12.224360 18.326614 8.028229
v -12.716293 18.943098 7.547882
v -11.751030 18.972496 7.854538
v -12.276360 19.707615 7.414215
v -11.225702 19.707615 7.414215
v -11.751030 20.303719 6.932632
v -12.601030 20.232943 6.564224
v -12.204413 20.498558 6.391357
v -11.305985 20.624588 6.492859
v -11.755363 21.107653 5.983383
v -10.873362 21.115498 6.096268
v -11.322740 21.598564 5.586792
v -10.508736 21.816614 5.939606
v -10.799030 22.286320 5.179596
v -10.039030 22.349602 5.509003
v -9.569324 21.816614 5.939606
v -9.279030 22.286320 5.179596
v -8.809324 21.526320 5.469894
v -9.239920 21.056614 6.002884
v -8.809324 20.586908 5.469894
v -8.519031 21.056614 4.709900
v -8.746041 20.257504 4.709900
v -8.809324 20.586908 3.949890
v -9.120768 19.835327 4.098175
v -9.119857 20.207256 3.255463
v -9.377950 19.414684 3.246780
v -9.447860 19.272297 3.923889
v -9.186030 19.945614 2.487900
v -9.413041 19.146503 2.487900
v -9.476324 19.475908 1.727890
v -9.476324 20.415319 1.727890
v -9.906919 19.945614 1.194901
v -10.236324 20.705614 1.258179
v -10.706030 19.945614 0.967896
v -11.175735 20.705614 1.258179
v -10.706030 21.238602 1.688782
v -11.464914 21.273695 1.956955
v -10.706030 21.563564 2.425980
v -11.788284 21.786339 2.513870
v -10.979031 21.749786 2.977570
v -11.679030 22.164192 3.482071
v -12.400588 22.261227 3.230759
v -12.554030 22.079943 2.482559
v -13.289146 22.520266 2.936890
v -13.318545 22.213610 2.042633
v -13.858992 23.053112 2.587082
v -14.023714 22.634640 1.688538
v -14.426431 23.755157 2.204620
v -14.328945 23.480230 0.976456
v -14.306102 22.880959 0.857178
v -14.185884 22.173586 0.686462
v -14.503273 22.567366 0.145721
v -14.308416 23.138477 0.179443
v -14.186030 23.954613 0.208893
v -14.476324 23.484905 -0.551102
v -15.014569 22.786619 -1.024673
v -14.770649 22.134743 -0.554276
v -14.857804 21.623760 -0.128098
v -14.396324 21.299908 0.590897
v -15.170388 20.777729 -0.032959
v -15.366041 21.080502 -0.957108
v -15.823895 20.528337 -0.524490
v -15.899031 20.649908 -1.426819
v -16.659031 20.261665 -1.019028
v -16.659031 20.586624 -1.756226
v -17.417915 20.551533 -1.488037
v -17.840078 20.267525 -1.023041
v -16.884655 19.856407 -0.459366
v -17.867477 19.150269 -0.269196
v -18.272701 19.776613 -0.626434
v -18.798031 19.180508 -0.144852
v -19.323359 19.776613 -0.626434
v -19.361280 19.066612 -0.137497
v -19.230654 18.689596 0.251755
v -19.761251 18.313782 0.150070
v -18.798031 17.989597 0.519119
v -19.295975 17.560947 0.437622
v -20.115702 17.516613 0.336563
v -20.595505 18.280451 -0.097626
v -21.166359 17.516613 0.336563
v -21.115030 16.928619 0.513489
v -20.636055 16.513615 1.032913
v -21.594006 16.513615 1.032913
v -21.553461 18.260948 0.170242
v -22.237272 17.796104 0.835129
v -22.430782 16.710587 1.427078
v -21.890030 16.034637 1.807922
v -22.486067 16.374584 2.245682
v -21.927742 15.681232 2.538147
v -22.731682 15.981402 3.006485
v -22.265718 15.268667 3.253250
v -22.999058 15.548779 3.706482
v -22.705425 14.785025 3.793793
v -21.864006 14.547613 3.390915
v -22.207115 13.992451 4.043549
v -21.472427 13.845319 3.512970
v -21.771980 13.557575 4.291885
v -21.134340 13.265564 3.473282
v -20.700623 13.807357 2.970352
v -21.562891 12.821552 4.291885
v -21.383736 12.493319 3.531891
v -21.674030 12.023613 4.291885
v -21.383736 11.553907 3.531891
v -21.798492 11.116607 4.224319
v -21.740204 13.234020 5.059464
v -22.264023 13.983080 4.921616
v -22.756067 14.408585 4.644897
v -22.756067 14.408585 5.551346
v -23.468208 14.736664 4.882629
v -23.431683 16.039690 3.309875
v -24.082241 15.439117 3.699524
v -24.180349 15.064741 4.213928
v -25.014030 15.406507 3.466156
v -24.947029 14.891106 4.679016
v -24.180349 14.855653 4.949951
v -24.947029 14.659614 5.493896
v -24.150846 14.762613 6.210739
v -24.980370 14.784630 6.320633
v -25.722031 14.955638 5.972870
v -26.201006 15.730638 6.268890
v -25.490086 15.690928 7.524063
v -25.068470 15.081578 7.401428
v -25.980995 16.087528 7.091431
v -25.980995 16.087528 7.956680
v -25.563118 15.622628 8.471771
v -26.054031 16.019228 8.904388
v -26.754030 16.286604 8.471771
v -26.754030 16.168613 9.318893
v -27.625193 16.355101 8.228363
v -26.839031 16.315228 7.859390
v -27.644695 16.622965 7.361465
v -28.389030 16.789284 7.748566
v -28.389030 16.789284 8.799225
v -28.263027 16.903351 9.404373
v -27.604031 16.493284 9.844223
v -28.129360 17.343285 10.168900
v -27.279358 17.018612 10.694214
v -26.754030 16.422508 10.212631
v -27.647774 17.868614 10.764999
v -26.835056 17.897335 11.128403
v -27.279358 18.718613 10.694214
v -26.521633 18.683496 11.076263
v -26.098660 17.964779 11.439026
v -26.098660 18.912449 11.439026
v -25.602913 18.438614 11.877396
v -25.267006 19.213614 11.812866
v -24.788031 18.438614 12.108887
v -24.309055 19.213614 11.812866
v -24.788031 19.757122 11.373779
v -24.013031 19.692589 11.037872
v -24.788031 20.085421 10.628998
v -23.907906 19.749241 10.085052
v -24.369747 20.515409 9.858887
v -23.849617 20.052643 9.385056
v -23.416994 19.352642 9.652435
v -23.149618 19.785267 8.952438
v -22.716993 19.294353 9.349030
v -22.284370 19.785267 8.952438
v -22.400740 20.276867 8.592834
v -23.238993 20.359266 8.257065
v -22.526554 20.578480 7.469208
v -21.921030 20.691589 8.073868
v -21.921030 20.691589 7.115921
v -22.838600 20.383383 6.797089
v -21.742798 20.503580 6.180847
v -21.146030 20.756123 6.780014
v -20.672195 20.317738 6.284271
v -20.672195 20.108650 5.548233
v -19.852030 19.995613 5.650894
v -19.852030 20.204702 4.914871
v -18.963030 20.029121 5.584778
v -18.963030 20.357420 4.840012
v -18.196350 20.064575 5.313843
v -18.187576 20.325317 4.513123
v -17.328363 20.171652 4.985382
v -17.708321 19.549866 5.767838
v -17.194782 19.154667 5.349640
v -16.428165 20.150055 5.109512
v -16.159807 19.125944 5.115784
v -16.685518 18.376350 5.396057
v -15.466531 18.258324 5.435226
v -15.350389 19.353046 5.298065
v -14.886030 18.918613 5.218887
v -14.453406 18.218613 5.486267
v -14.150007 18.918613 5.427979
v -14.381468 19.420612 5.388123
v -13.963282 19.361240 5.662872
v -14.078069 20.120613 5.329834
v -13.689280 20.202667 5.653641
v -13.292679 19.770044 6.144562
v -14.814093 20.120613 5.120758
v -15.612030 20.120613 5.231888
v -16.081736 20.880613 4.941605
v -14.729031 21.255613 5.245895
v -15.778337 21.580612 4.883316
v -15.254359 22.105614 4.921219
v -14.203701 22.105614 4.921219
v -13.696985 21.622498 5.165878
v -13.264361 20.922497 5.433258
v -12.899736 21.623613 5.276596
v -12.471789 20.931181 5.691360
v -11.961014 21.722679 5.336700
v -12.430031 22.156601 4.846008
v -11.580747 22.234365 4.698730
v -12.430031 22.383614 4.046890
v -13.188915 22.191692 4.577820
v -13.154531 22.556252 3.724701
v -13.879030 22.630941 4.071228
v -13.785789 22.960789 3.402359
v -14.355989 23.229885 3.758316
v -14.534031 23.670942 3.195221
v -14.918755 23.253212 4.129440
v -15.384030 23.741720 3.563629
v -15.384030 24.086712 2.780991
v -16.234030 23.670942 3.195221
v -16.198914 24.052979 2.437500
v -15.706031 24.298838 1.956772
v -14.689697 24.063940 1.785782
v -15.236324 24.714611 1.438599
v -14.476324 24.424320 0.968887
v -14.946031 25.184319 0.678604
v -14.413041 24.753725 0.208893
v -14.946031 25.184319 -0.260818
v -14.476324 24.424320 -0.551102
v -15.236324 24.714611 -1.020813
v -14.906919 23.954613 -1.084091
v -15.695952 23.988396 -1.422318
v -15.509718 23.188087 -1.621536
v -16.682850 23.238688 -1.835602
v -16.189325 22.639614 -2.186813
v -15.429325 22.349319 -1.717102
v -15.859920 21.879614 -2.250092
v -15.429325 21.409908 -1.717102
v -15.027825 21.869535 -0.990891
v -16.189325 21.119614 -2.186813
v -16.659031 21.879614 -2.477112
v -17.128736 21.119614 -2.186813
v -17.458141 21.879614 -2.250092
v -17.888737 21.409908 -1.717102
v -17.888737 22.349319 -1.717102
v -18.406908 21.879614 -1.301331
v -18.285336 20.977283 -1.226196
v -19.473656 21.319729 -0.881378
v -18.889082 20.569172 -1.054489
v -19.645157 20.626614 -0.833115
v -20.209679 21.319729 -1.090469
v -20.381180 20.626614 -1.042206
v -20.777781 21.059238 -1.533112
v -20.808456 20.059546 -1.448303
v -20.978569 20.327614 -1.863678
v -21.330042 19.528503 -1.796112
v -21.271755 19.225101 -1.096115
v -20.380180 19.634546 -0.644958
v -21.035591 18.770939 -0.535233
v -20.226528 19.066612 -0.137497
v -21.903881 18.962191 -1.152496
v -21.986084 18.751860 -0.226349
v -22.623032 18.918755 -0.998169
v -22.623032 18.709665 -0.262146
v -22.669895 18.287018 0.438522
v -23.176031 18.684624 -0.191223
v -23.608654 18.193714 0.205383
v -23.102520 17.796104 0.835129
v -23.966702 17.564613 0.460571
v -23.664005 16.927517 1.233093
v -23.145193 16.745560 1.768204
v -23.677147 16.657249 2.068283
v -23.186068 16.432873 2.549088
v -24.056078 16.493525 2.587967
v -24.606915 16.598963 1.764893
v -25.014030 16.413757 2.458893
v -24.488701 16.002613 2.984558
v -25.539360 16.002613 2.984558
v -25.306913 16.657249 2.068283
v -26.136166 16.666729 2.659119
v -26.437973 16.218723 3.436615
v -25.864031 15.477284 3.834564
v -26.380564 15.812269 4.543549
v -25.775471 15.025444 4.803604
v -26.265537 15.394731 5.493896
v -26.871475 16.208868 4.976181
v -26.791903 16.062267 5.827957
v -27.477032 16.598228 5.649399
v -26.633629 16.430637 6.536270
v -27.333630 16.698013 6.968887
v -26.633629 16.430637 7.401520
v -28.229862 16.885784 6.114670
v -28.282696 16.905964 7.012573
v -28.982697 17.173340 6.579941
v -29.150276 17.062752 7.530670
v -29.911522 17.127132 7.442001
v -29.780678 17.519558 7.946930
v -29.048027 17.199350 8.359375
v -29.476664 18.058399 8.679840
v -28.914360 17.639286 9.123886
v -28.914360 18.689941 9.123886
v -28.557125 18.164614 9.750244
v -28.129360 18.393942 10.168900
v -29.310959 19.122566 8.632980
v -28.424915 19.598007 8.963409
v -29.511944 19.653614 8.396835
v -30.266165 19.683056 8.176514
v -29.919735 20.413612 8.008606
v -28.981014 20.512676 8.068710
v -28.243423 20.631836 8.260376
v -27.521481 20.654623 8.621216
v -27.724915 19.865383 9.396027
v -27.697357 19.280064 9.972900
v -27.306799 19.808746 9.718781
v -27.017483 19.340622 10.476227
v -26.549358 20.098064 10.186905
v -26.181999 19.650993 10.945969
v -25.310030 20.072609 10.504288
v -25.783865 20.592739 10.041519
v -24.836195 20.592739 10.041519
v -25.310030 21.031120 9.545776
v -24.535030 20.966589 9.209869
v -25.310030 21.359421 8.801010
v -24.429905 21.023243 8.257065
v -23.938993 20.626642 8.730896
v -23.938993 20.626642 7.824432
v -24.536949 21.475544 7.669769
v -24.247082 21.006527 6.910889
v -23.756170 20.609928 7.343521
v -23.756170 20.609928 6.478271
v -24.536949 21.475544 6.152008
v -24.100080 20.935509 5.614853
v -23.249031 20.563709 5.482376
v -22.549030 20.408615 5.855896
v -22.549030 20.296333 5.049759
v -21.773577 20.264231 5.376633
v -21.773577 20.473320 4.640610
v -20.672195 20.317738 4.812210
v -21.177870 20.732006 4.348251
v -20.239571 20.808651 4.415619
v -20.715803 21.443253 4.099060
v -19.852030 21.395615 4.250885
v -19.407530 20.771973 4.480835
v -18.988258 21.443253 4.099060
v -18.620201 20.816231 4.116531
v -18.258816 21.164631 3.648239
v -17.826191 20.673717 4.044846
v -17.393568 21.164631 3.648239
v -16.908644 20.683443 4.555008
v -16.488924 21.404324 4.253845
v -17.090168 21.864630 3.589951
v -16.349293 22.381098 4.178894
v -16.118542 21.874123 4.546661
v -16.759359 22.820944 3.519897
v -15.909359 23.145613 4.045227
v -17.459358 22.553566 3.087265
v -17.084799 23.417747 2.855774
v -17.788273 23.028122 2.719666
v -17.343014 23.759680 2.306702
v -16.643015 23.817966 2.610107
v -16.608360 24.223701 1.835205
v -18.281046 23.759680 2.306702
v -17.812031 24.193604 1.816010
v -17.112030 24.576851 1.382202
v -16.175735 24.714611 1.438599
v -16.466030 25.184319 0.678604
v -15.706031 25.247602 1.008011
v -15.706031 25.474613 0.208893
v -16.466030 25.184319 -0.260818
v -15.706031 25.247602 -0.590225
v -16.175735 24.714611 -1.020813
v -17.069080 24.507265 -0.488480
v -16.540361 24.013496 -1.177475
v -16.985291 23.698605 -1.091431
v -17.581047 23.817966 -0.576324
v -17.476919 23.185509 -1.493546
v -18.386665 22.980164 -0.951965
v -18.281046 23.759680 -0.272919
v -18.970030 23.580719 -0.226852
v -19.495359 22.984612 -0.708435
v -19.862583 23.612648 0.045563
v -20.288540 23.077095 -0.419220
v -20.345081 22.599220 -1.044418
v -19.906281 22.134613 -1.148758
v -20.787918 21.780613 -1.357101
v -21.117325 22.540615 -1.293808
v -21.587030 22.124836 -1.811981
v -21.184519 21.347990 -1.848007
v -21.805141 21.633509 -2.332550
v -21.393326 20.797319 -2.556107
v -22.153324 21.087614 -3.025818
v -21.823919 20.327614 -3.089096
v -21.393326 19.857908 -2.556107
v -22.153324 19.567614 -3.025818
v -21.863029 19.097908 -2.265808
v -22.623032 19.034626 -2.595215
v -22.623032 18.807613 -1.796112
v -23.383030 19.097908 -2.265808
v -23.370739 18.949230 -1.243988
v -23.916019 19.528503 -1.796112
v -23.974308 19.225101 -1.096115
v -23.988405 18.790642 -0.376358
v -24.674307 19.492477 -0.663483
v -25.020359 18.894613 -0.267441
v -24.492031 18.299730 0.020233
v -25.404461 18.308949 0.294250
v -25.017359 17.564613 0.460571
v -25.881540 17.796104 0.835129
v -25.342030 17.039284 1.310562
v -24.492031 16.968508 0.942154
v -26.037029 17.184908 1.583191
v -26.955080 17.596008 1.072586
v -26.737030 17.243195 1.886581
v -27.437031 17.184908 1.583191
v -27.429462 17.037529 2.527283
v -26.729462 16.770153 2.959900
v -27.477032 16.943220 3.172501
v -26.988304 16.640182 3.986847
v -27.477032 16.943220 4.037750
v -27.477032 16.598228 4.820389
v -28.177031 17.001507 4.341156
v -28.177031 16.747614 5.234894
v -28.982697 16.964252 4.625854
v -28.987305 16.931795 5.791214
v -29.680031 16.961660 5.397934
v -29.682695 16.905964 6.147324
v -30.380030 16.694284 5.830566
v -30.380030 16.694284 6.881226
v -31.230030 16.369614 6.355896
v -31.230030 16.623508 7.249634
v -30.704700 17.219612 7.731216
v -31.498390 17.277637 7.879105
v -31.133076 17.868729 8.104889
v -30.293781 17.954731 8.171539
v -30.864895 18.627613 8.069794
v -30.128872 18.627613 8.278885
v -31.600918 18.627613 8.278885
v -31.133076 19.386497 8.104889
v -31.930325 19.387613 8.215591
v -31.641146 19.955694 7.516830
v -30.746643 20.216442 7.622009
v -30.800007 20.546829 6.815292
v -30.210030 20.883320 7.248596
v -31.225031 20.546944 6.298218
v -32.400032 20.147614 6.985886
v -32.458916 20.013981 6.151566
v -31.851376 20.189709 5.707581
v -31.225031 20.546944 5.247559
v -30.375031 20.871613 5.772888
v -30.216915 20.981606 4.928848
v -29.458031 20.946514 5.197021
v -29.450031 21.062473 5.980957
v -28.932915 21.074888 5.795273
v -28.682463 21.239788 6.517258
v -29.450031 21.173615 6.778900
v -28.051989 21.357021 6.410324
v -28.488760 20.971058 7.374817
v -29.450031 20.946602 7.578003
v -27.586374 21.018709 7.743195
v -27.215006 21.837830 6.910889
v -26.960030 21.375942 8.203217
v -26.625031 22.174318 7.380600
v -25.865030 22.237602 7.710007
v -26.110031 21.446720 8.571640
v -26.685999 20.964993 9.090973
v -25.396015 21.803677 8.200714
v -25.105030 22.174318 7.380600
v -25.865030 22.464613 6.910889
v -25.105030 22.174318 6.441193
v -24.572041 21.743725 6.910889
v -25.865030 22.237602 6.111786
v -25.354046 21.725689 5.505966
v -26.270031 21.727467 5.519928
v -26.270031 21.518379 4.783905
v -25.312077 21.438614 4.654846
v -24.590992 21.332108 5.182220
v -24.583145 21.444983 4.300217
v -24.100080 20.935509 4.749603
v -23.882030 21.288319 3.935593
v -23.332512 20.642323 4.275223
v -23.065136 21.074947 3.575226
v -22.632513 20.584034 3.971817
v -22.199890 21.074947 3.575226
v -21.877869 20.673717 4.044846
v -21.445246 21.164631 3.648239
v -21.892532 21.682613 3.091278
v -21.167191 21.907310 3.556931
v -21.569082 22.440056 3.045273
v -20.840687 22.701218 3.519836
v -20.321735 22.155613 3.960602
v -19.852030 22.745588 3.624115
v -19.382324 22.155613 3.960602
v -19.042704 22.705132 3.314606
v -18.562214 21.864630 3.589951
v -18.324606 22.553566 3.087265
v -17.826191 21.864630 3.380875
v -18.653521 23.028122 2.719666
v -19.517702 23.259613 3.094223
v -19.212702 23.912939 2.295334
v -20.043030 23.855721 2.612640
v -20.043030 24.109613 1.718887
v -18.609039 24.240292 1.498672
v -19.216040 23.967388 0.806396
v -18.554718 24.100975 0.358475
v -17.812031 24.420614 1.016891
v -17.859669 24.268785 0.153122
v -17.070013 24.807869 0.311829
v -19.913971 23.873848 0.862213
v -20.663147 24.139978 1.474289
v -20.667755 23.898432 0.685562
v -21.478031 24.082613 1.241898
v -21.478031 23.828720 0.348145
v -20.980103 23.368046 -0.172806
v -21.975958 23.368046 -0.172806
v -21.587030 23.073605 -0.863220
v -22.345915 23.108696 -0.595032
v -22.056047 22.639679 -1.353928
v -22.841663 22.603161 -1.627579
v -22.296770 22.146606 -1.930435
v -23.127024 22.108181 -2.150574
v -22.623032 21.620602 -2.595215
v -23.432358 21.637131 -2.379822
v -23.092735 21.087614 -3.025818
v -23.852737 20.797319 -2.556107
v -23.422142 20.327614 -3.089096
v -22.623032 20.327614 -3.316101
v -23.092735 19.567614 -3.025818
v -23.852737 19.857908 -2.556107
v -24.379261 20.500383 -1.440109
v -24.407150 21.255836 -1.949692
v -24.910925 20.756905 -1.048065
v -24.884018 20.122498 -0.889160
v -25.420399 21.206284 -0.564987
v -25.388773 19.744614 -0.338211
v -25.263737 21.570908 -1.266113
v -25.665236 22.050690 -0.539886
v -25.984531 21.721237 -0.135117
v -25.710266 22.405926 0.193893
v -26.602814 22.138582 0.699036
v -26.486851 21.127605 0.397171
v -27.117157 21.288612 0.564880
v -27.025192 20.266598 0.705917
v -26.289167 20.266598 0.496826
v -26.598675 19.493664 0.537292
v -25.897133 19.186396 0.114792
v -26.497452 18.355728 0.666519
v -27.380896 18.385172 0.655273
v -27.334698 19.493664 0.746368
v -28.070721 19.493664 0.537292
v -28.197029 18.414614 0.532898
v -27.727325 17.654613 0.823181
v -28.666737 17.654613 0.823181
v -28.197029 17.121624 1.253784
v -28.957031 17.184908 1.583191
v -28.197029 16.894613 2.052887
v -28.957031 17.184908 2.522598
v -28.226473 17.016998 2.869034
v -28.955914 17.295620 3.319855
v -28.177031 17.210596 3.605133
v -29.547005 17.521399 2.954529
v -29.657030 17.243195 3.691238
v -30.127541 17.761845 3.190384
v -30.359032 17.387283 4.054565
v -29.509029 17.062614 4.579895
v -30.732101 17.084181 4.941193
v -31.209799 17.640480 4.394012
v -31.755360 17.219612 4.980560
v -31.230030 16.623508 5.462143
v -32.080029 16.694284 5.830566
v -32.605358 17.544285 5.505890
v -32.706375 17.051517 6.290588
v -32.080029 16.694284 6.881226
v -32.467598 16.983150 7.027649
v -32.474285 17.230879 7.613510
v -33.160027 17.397907 7.455597
v -32.869736 17.867613 8.215591
v -31.930325 17.867613 8.215591
v -32.400032 18.627613 8.505890
v -33.199142 18.627613 8.278885
v -32.869736 19.387613 8.215591
v -33.629738 19.097319 7.745895
v -33.160027 19.857319 7.455597
v -32.400032 19.920601 7.785004
v -33.693020 19.426723 6.985886
v -33.160027 19.857319 6.516190
v -33.629738 19.097319 6.225891
v -32.869736 19.387613 5.756180
v -33.199142 18.627613 5.692902
v -32.632133 18.627832 5.362793
v -32.316139 19.388123 5.413406
v -31.854633 18.814592 4.854980
v -31.750359 19.696941 4.922897
v -31.393126 19.171614 4.296555
v -31.134266 20.227928 4.361893
v -31.089235 19.872692 3.628113
v -30.751019 20.661724 3.661896
v -30.808006 20.755829 4.563538
v -30.218031 21.092319 4.131592
v -30.317095 21.152428 3.192871
v -29.489038 21.384102 3.521805
v -29.458031 21.155602 4.460999
v -28.543564 21.250458 4.070511
v -28.699146 20.981606 4.928848
v -27.615047 21.141590 4.993729
v -28.118031 21.108624 5.451767
v -26.915047 21.408966 5.426361
v -27.174549 21.528322 6.101562
v -26.915047 21.408966 4.561111
v -27.615047 21.350677 4.257706
v -27.193668 21.859785 3.831665
v -26.270031 21.727467 4.047882
v -26.781778 22.263964 3.577713
v -25.744701 22.138615 3.522217
v -25.312077 21.647701 3.918823
v -24.813744 22.259893 3.175659
v -24.301811 21.742714 3.610992
v -24.029701 22.252939 2.785339
v -23.614655 21.720943 3.235596
v -23.108898 22.183006 2.898407
v -22.757780 21.682613 3.091278
v -22.357809 22.435446 2.803726
v -23.322655 22.537739 2.459579
v -22.889481 23.036623 2.185211
v -22.003359 23.232613 2.617218
v -22.328030 23.757942 1.767227
v -21.478031 23.828720 2.135635
v -21.303585 23.274796 2.902130
v -20.848696 23.892975 2.327927
v -20.568359 23.259613 3.094223
v -22.954374 23.400709 1.307190
v -22.328030 23.757942 0.716568
v -23.334030 23.391890 0.596405
v -23.266464 23.417698 -0.031723
v -24.034031 23.333603 0.292999
v -24.034031 23.560614 -0.506104
v -23.159973 23.218651 -0.937119
v -24.034031 23.333603 -1.305222
v -23.564325 22.800611 -1.735809
v -24.503736 22.800611 -1.735809
v -24.095945 22.040613 -2.124054
v -24.833141 22.040613 -1.799103
v -25.263737 22.510319 -1.266113
v -24.794029 23.270319 -0.975815
v -25.327019 22.839725 -0.506104
v -24.794029 23.270319 -0.036407
v -24.503048 22.899679 0.783707
v -25.386539 22.875486 1.018433
v -25.397705 22.814949 1.678772
v -26.270031 22.734720 1.253143
v -26.270031 22.988613 2.146896
v -27.120029 22.663942 1.621567
v -27.120029 22.663942 2.672226
v -27.746374 22.306709 2.212204
v -27.586000 22.305584 1.187454
v -28.364918 22.285105 1.763168
v -28.292145 22.063694 0.824966
v -27.831131 21.421417 0.365692
v -28.581326 21.495613 0.126190
v -28.251919 20.735615 0.062897
v -27.761215 20.266598 0.496826
v -28.581326 19.975613 0.126190
v -29.051029 20.735615 -0.164108
v -29.520737 19.975613 0.126190
v -29.193481 19.250126 0.582153
v -28.562344 19.114613 0.376663
v -28.996140 18.414614 0.759903
v -29.548306 18.847237 1.217758
v -29.426735 17.944908 1.292892
v -29.814980 18.352699 2.052887
v -29.490019 17.615501 2.052887
v -29.873266 18.049299 2.752899
v -30.106945 18.878796 2.260239
v -30.527126 18.697308 3.103546
v -30.687737 19.392908 2.901886
v -31.013424 19.195236 3.650131
v -30.884359 18.237286 3.729889
v -30.472118 19.747858 2.091324
v -30.797710 20.344391 2.864883
v -30.637203 20.473972 2.123459
v -30.379112 21.266544 2.114777
v -30.571030 20.735615 1.355896
v -30.344019 21.534725 1.355896
v -29.811031 21.965319 1.825592
v -29.520046 21.594677 2.645706
v -29.051029 22.028603 2.154999
v -28.713039 21.657999 3.041656
v -28.403423 21.919838 2.729370
v -27.906031 21.721319 3.437592
v -27.703423 21.978125 3.032776
v -29.051029 22.255613 1.355896
v -29.811031 21.965319 0.886185
v -29.051029 22.028603 0.556778
v -29.520737 21.495613 0.126190
v -30.280735 21.205318 0.595886
v -29.850140 20.735615 0.062897
v -30.280735 20.265907 0.595886
v -30.344019 19.936504 1.355896
v -29.968382 19.142399 1.586884
v -26.270031 22.734720 3.040634
v -25.420029 22.663942 2.672226
v -24.640263 22.525631 2.146896
v -24.045147 22.506977 1.976501
v -23.803047 22.957966 1.087112
v -23.612522 22.997889 1.579895
v -31.393126 18.241062 4.296555
v -32.123772 18.069614 4.909790
v -33.629738 18.157907 6.225891
v -33.920029 18.627613 6.985886
v -33.693020 17.828503 6.985886
v -33.160027 17.397907 6.516190
v -33.629738 18.157907 7.745895
v -26.625031 22.174318 6.441193
v -26.564739 20.551865 9.728836
v -27.232164 20.186499 9.378662
v -17.128736 22.639614 -2.186813
v -14.686288 22.748283 4.537567
v -10.979031 22.105904 3.785461
v -10.797915 22.384693 4.178955
v -10.039030 22.349602 3.910782
v -10.039030 22.576614 4.709900
v -9.279030 22.286320 4.240189
v -9.569324 21.816614 3.480194
v -8.809324 21.526320 3.949890
v -8.746041 21.855724 4.709900
v -9.145815 21.093006 3.359924
v -9.836700 21.383991 2.780182
v -9.332235 20.800289 2.454971
v -9.946030 21.175320 2.018188
v -10.325059 22.093445 3.314102
v -13.126359 19.382942 6.888885
v -22.444359 10.037943 4.547897
v -22.444359 8.987285 4.547897
v -20.683784 7.574365 4.052841
v -20.374680 6.932183 4.390564
v -20.316391 7.235582 3.690552
v -20.107304 6.499559 3.690552
v -20.174120 6.786537 3.204025
v -20.624128 7.733511 2.884888
v -19.965031 6.050514 3.204025
v -20.232407 6.483138 2.504028
v -20.232407 5.617890 2.504028
v -20.629007 6.050514 2.013123
v -20.932407 5.350514 2.071411
v -20.891552 5.670395 1.046707
v -20.732597 6.343699 1.194504
v -21.432598 5.211075 1.668900
v -21.423916 4.952982 0.834564
v -20.795404 5.409666 0.141449
v -21.134735 4.593989 0.006561
v -20.460735 4.779319 -0.828110
v -21.030346 3.999237 -0.439972
v -20.402449 4.475920 -1.528107
v -20.072397 5.448770 -1.584076
v -20.460735 4.779319 -2.228104
v -20.559113 3.778682 -2.229218
v -20.875492 4.309613 -2.920532
v -20.672543 3.505237 -3.077209
v -21.162489 3.911990 -3.558762
v -21.086246 4.743974 -3.551132
v -21.069141 3.072613 -3.568115
v -21.426945 3.566613 0.050949
v -21.834736 4.326613 0.439194
v -22.164143 3.566613 0.375900
v -21.834736 2.806613 0.439194
v -22.594736 3.096908 0.908890
v -22.125031 2.336907 1.199188
v -22.658020 2.767502 1.668900
v -22.224094 2.276798 2.137909
v -21.729748 1.749938 1.702942
v -21.799980 1.428699 2.638885
v -21.411736 1.020908 1.878891
v -21.475019 0.691502 2.638885
v -20.942030 0.260908 2.169189
v -20.651737 0.730613 1.409180
v -20.182030 0.197624 1.839783
v -19.712324 0.730613 1.409180
v -19.422031 0.260908 2.169189
v -18.853949 0.959682 1.880005
v -18.889042 0.691502 2.638885
v -18.564081 1.428699 2.638885
v -18.073170 1.825299 2.206268
v -18.073170 1.825299 3.071518
v -17.637661 2.143283 2.477783
v -17.385031 2.020285 3.377563
v -16.859701 2.870285 3.052887
v -17.216934 3.330309 2.426544
v -16.730637 3.828237 2.973129
v -16.788925 4.131637 2.273132
v -16.788925 2.501871 3.902893
v -17.385031 2.020285 4.428223
v -16.751669 2.786582 4.708557
v -17.739609 2.434180 5.356140
v -18.235031 1.949508 4.796631
v -18.760359 2.545613 5.278229
v -18.235031 2.956758 5.803879
v -19.506481 3.302474 5.549957
v -18.825598 3.105439 6.915253
v -19.576031 3.524285 6.454224
v -20.000956 2.965942 4.716339
v -19.749407 2.190613 4.426270
v -20.594151 2.393081 4.056244
v -20.684746 3.328237 4.183975
v -20.388245 3.742221 4.676865
v -20.655708 4.410127 4.088058
v -21.371134 3.835744 3.579498
v -20.989527 4.577897 3.312698
v -20.354095 5.068429 3.795914
v -20.665031 4.917890 2.771408
v -20.174120 5.314490 3.204025
v -21.365030 4.859603 2.468002
v -21.834736 4.326613 2.898605
v -22.125031 4.796319 2.138596
v -22.594736 4.036319 2.428894
v -22.658020 4.365725 1.668900
v -22.125031 4.796319 1.199188
v -22.594736 4.036319 0.908890
v -22.885031 3.566613 1.668900
v -22.594736 3.096908 2.428894
v -22.164143 3.566613 2.961884
v -21.895962 2.807729 2.996979
v -21.499361 3.240353 3.487885
v -21.619104 2.381623 3.217529
v -21.948740 1.892039 2.978409
v -21.081347 2.895613 3.693069
v -20.981142 1.490613 3.931885
v -21.411736 1.020908 3.398895
v -20.651737 0.730613 3.868591
v -20.942030 0.260908 3.108597
v -20.182030 0.197624 3.438004
v -20.182030 -0.029387 2.638885
v -19.422031 0.260908 3.108597
v -19.712324 0.730613 3.868591
v -18.876135 0.954173 3.456787
v -19.473320 1.421341 4.115326
v -18.148869 1.586101 3.948425
v -19.080805 1.937237 4.552170
v -20.182030 1.490613 4.158890
v -20.202374 3.881518 6.859451
v -20.255472 3.741999 7.539764
v -19.526031 3.463377 7.990570
v -21.443136 7.803871 0.855896
v -20.990131 7.295510 1.414108
v -20.682415 7.430111 2.184891
v -10.879142 16.100613 9.036880
v -22.683424 17.499380 11.942261
v -14.305696 6.528341 3.237946
v -14.073896 18.053122 15.083282
v -12.603073 6.218422 5.216110
v -8.932654 13.584337 5.976761
v -8.536055 13.151713 6.467667
v -17.617931 7.175613 -8.515976
v -17.763737 7.645319 -9.291107
v -17.359119 8.414590 -8.670105
v -17.284410 8.221485 -8.149933
v -16.981308 8.717990 -7.834976
v -17.150030 9.150614 -8.670105
v -16.859735 9.620319 -7.910110
v -16.923019 9.949724 -8.670105
v -18.054031 7.175613 -10.051102
v -17.827019 7.974725 -10.051102
v -17.763737 7.645319 -10.811111
v -7.256780 10.131989 7.024918
v -8.006731 8.454946 6.475174
v -8.438815 7.526221 6.810913
v -7.738815 7.793597 7.243546
v -7.610672 8.251046 6.897720
v -8.102324 7.092908 7.400894
v -7.402325 7.360284 7.833511
v -7.705725 6.660284 7.891800
v -6.868131 6.485621 8.032333
v -6.539704 7.709096 7.900177
v -6.292175 7.068559 8.054550
v -7.183942 4.425356 3.704880
v -6.780766 4.364434 4.547882
v -6.710673 3.993933 4.193558
v -7.753059 4.840671 3.836136
v -7.195755 4.636239 3.160782
v -7.452343 5.260560 3.115540
v -8.185683 5.540671 3.568771
v -7.789083 5.973295 3.077850
v -7.022403 5.680449 2.604019
v -8.185683 6.405918 3.568771
v -8.453059 5.973295 4.268768
v -8.243971 5.237271 4.268768
v -8.185683 5.540671 4.968765
v -8.304758 6.502559 4.828552
v -8.326924 6.058356 5.653885
v -8.497103 6.357574 6.110916
v -8.289669 5.773644 6.459564
v -7.798758 5.377044 6.026932
v -7.798758 5.377044 6.892181
v -8.166853 6.152352 7.280228
v -7.135418 6.004878 7.750214
v -7.178437 5.488006 7.203110
v -6.978765 5.183722 6.520462
v -6.786790 4.882104 5.709152
v -7.498695 5.073262 5.429459
v -7.753059 4.840671 4.701385
v -6.817524 4.703993 5.097229
v -8.706191 7.093597 6.110916
v -6.975888 6.384596 2.036270
v -6.031645 6.601922 1.897324
v -6.034483 5.689381 1.390747
v -5.229908 5.878011 1.064331
v -5.682327 6.104186 1.636993
v -5.827228 4.950046 0.488129
v -6.627936 4.833101 1.023895
v -6.629939 5.357393 1.823364
v -6.895312 4.400477 1.723892
v -7.044030 4.132613 2.345886
v -6.627936 3.967854 1.023895
v -6.029919 4.099613 0.326706
v -6.080920 3.401122 0.347366
v -5.556084 3.332932 0.033859
v -5.285148 4.099613 -0.001602
v -4.846055 3.620637 -0.545105
v -4.789403 4.573448 -0.439987
v -5.186003 5.006072 0.050934
v -4.445654 5.257237 -0.811111
v -4.049054 4.824614 -1.302017
v -4.670708 5.851235 0.382980
v -12.549359 -0.822058 -2.206100
v -12.547267 -1.808825 -2.281113
v -12.139294 -1.261902 -2.865097
v -12.268644 -2.223252 -3.010544
v -12.448303 -2.692441 -2.161774
v -12.391030 -3.039387 -2.981110
v -12.100737 -2.569681 -3.741104
v -12.257845 -3.553591 -3.797684
v -11.954931 -3.039387 -4.516235
v -11.845679 -2.417955 -4.488449
v -11.819849 -2.774057 -5.183838
v -11.985548 -3.512054 -5.252060
v -12.235095 -3.938572 -4.479126
v -12.153416 -4.610136 -5.294113
v -11.865860 -4.210165 -6.046936
v -11.778542 -4.795763 -5.794006
v -12.175142 -5.228387 -5.303101
v -11.778542 -5.661011 -5.794006
v -12.478541 -5.928387 -5.361389
v -12.212216 -6.380050 -6.136566
v -11.676762 -6.101998 -6.421432
v -11.254354 -5.715646 -6.743973
v -12.356340 -6.470337 -3.191498
v -12.934765 -7.316895 -3.695816
v -12.401101 -7.388783 -3.047607
v -11.959740 -6.902961 -2.700592
v -12.023226 -7.362644 -2.360992
v -11.959740 -6.037713 -2.700592
v -12.605736 -5.698092 -3.250107
v -12.269246 -5.228387 -2.660126
v -12.605736 -4.758681 -3.250107
v -12.269246 -4.326747 -2.660126
v -12.495023 -3.961432 -3.251221
v -12.100737 -3.509092 -2.221100
v -12.669020 -4.429276 -4.010101
v -12.896030 -5.228387 -4.010101
v -12.605736 -4.758681 -4.770111
v -12.727307 -5.661011 -4.845245
v -12.762399 -6.062717 -3.951218
v -13.158999 -6.495341 -4.442139
v -13.345449 -6.424018 -5.221313
v -13.529194 -6.682698 -4.763260
v -13.385102 -6.914626 -4.325424
v -5.407920 -6.305000 -9.643936
v -4.256927 -5.351416 -9.032883
v -3.362476 -5.618320 -8.896408
v -3.088279 -4.651416 -9.091171
v -2.898019 -5.495625 -9.126816
v -2.388279 -4.918792 -9.523788
v -2.820903 -4.218792 -9.791168
v -2.431354 -5.495625 -9.593491
v -2.984303 -3.500817 -10.449142
v -7.647702 10.571613 1.793564
v -7.323030 11.096942 2.643570
v -5.322682 9.690239 7.539627
v -4.816330 9.749823 7.084763
v -4.744918 9.008567 6.806290
v -10.965306 -0.655987 4.938431
v -2.945080 -2.834281 -13.585403
v -2.727030 -3.187093 -14.399399
v -3.487030 -3.041287 -13.333969
v -4.350803 -2.005026 -16.237274
v -3.313030 4.824614 -1.511108
v -7.159631 1.330237 1.373672
v -7.650542 0.933637 1.806290
v -7.159631 1.330237 2.238922
v -6.359658 1.615398 1.596786
v -7.991670 0.450583 1.841232
v -7.933382 0.147183 1.141235
v -7.887390 0.058984 2.734756
v -7.225152 -0.515111 3.613678
v 3.037970 -3.575493 -13.026855
v -8.639030 8.394625 -12.067215
v -8.169325 8.927613 -12.497818
v -4.753736 13.292319 -11.160110
v 0.787901 9.930729 -2.350021
v 0.256969 10.689613 -2.158112
v 11.181969 -13.710377 -10.926224
v 11.941967 -13.647093 -10.596817
v 1.102472 12.942865 -2.607986
v 3.168995 8.904829 1.265533
v 2.145058 8.622842 1.633530
v 25.233978 5.368725 -19.542114
v 26.724922 0.636285 -20.606476
v 14.858456 -4.287386 -16.870590
v 9.651970 -11.790386 -3.888107
v -0.512264 11.465631 -8.036102
v 15.401594 -1.772339 -4.795776
v 15.704994 -2.472339 -4.854065
v 16.101597 -2.039715 -4.363159
v 16.009907 -2.875004 -4.605453
v 14.754686 -1.434763 -4.777695
v 14.387978 -0.407341 -4.812988
v 14.703909 -0.910061 -4.360153
v 14.178888 0.328682 -4.812988
v 14.213980 0.060502 -4.054108
v 13.986969 0.859613 -4.054108
v 14.129885 1.333996 -4.821671
v 14.098108 1.657552 -4.054108
v 13.920795 2.070020 -4.821671
v 13.982040 2.566270 -4.176392
v 13.830732 2.090176 -3.354111
v 13.714664 2.998894 -3.476395
v 13.255621 2.496697 -2.964142
v 13.772951 3.302293 -4.176392
v 13.714664 2.998894 -4.876389
v 13.282042 3.698894 -4.609009
v 13.976135 1.940091 -5.329498
v 14.185225 1.204067 -5.329498
v 4.154663 -5.807062 0.722931
v 10.185827 4.016650 -7.206360
v 19.915039 0.237574 -18.071136
v 16.678928 -1.334410 -0.233109
v 17.495861 -1.032386 1.724884
v 16.295967 -3.028386 -1.783112
v 17.653969 6.273562 -6.040024
v 15.141226 4.566330 -2.093140
v 7.205883 -11.747995 -10.428314
v 6.954134 -11.965620 -11.564087
v 4.035610 9.801729 2.189438
v 4.257246 10.268664 1.792267
v 4.354959 10.470217 1.076263
v 3.366766 10.513018 -1.713776
v 2.181652 11.319918 -2.214066
v 1.724913 11.819112 -2.187088
v 3.448389 13.487463 -4.996948
v 10.853022 2.349477 2.116943
v 10.789486 1.785672 1.613892
v 10.344090 1.071142 1.325607
v 10.367781 0.178942 0.708557
v 9.409000 2.422213 -1.236786
v 9.510372 3.389189 -1.185196
v 13.227541 3.192499 -3.079681
v 9.283133 0.822942 4.614014
v 9.063755 0.461043 4.271622
v 8.167322 -0.894535 3.668320
v 4.965084 2.642327 4.407761
v -6.938855 1.514191 7.908722
v -7.155123 0.813017 7.716599
v -7.535028 0.244044 7.380264
v -8.122758 0.076704 6.786377
v -8.493980 -0.768171 5.217972
v -6.846402 3.184333 9.295502
v -4.846389 8.994152 -3.141190
v 1.476721 8.390622 1.796844
v -5.140079 9.616740 3.817795
v -8.836763 13.330917 11.271332
v -5.448607 9.855286 2.204559
v -5.690601 9.703751 1.371979
v -6.165929 9.602484 0.885864
v -0.881692 -1.090475 -2.584076
v -1.484197 -1.512504 -2.930832
v -2.129777 -1.467865 -3.386124
v -4.166828 -3.320956 -4.078995
v -4.125300 5.972453 -0.179810
v -0.563670 4.007004 0.277496
v -6.220832 2.187456 2.454758
v -6.419574 1.478426 2.458878
v -6.831095 0.841433 2.947372
v -7.159484 0.224645 3.239670
v -7.414947 -1.164387 4.043961
v -12.029325 -4.966607 0.952515
v 4.181391 1.060569 4.944473
v 3.030062 -4.177029 -0.703644
v -11.715933 -6.953238 -2.059692
v -11.745028 -6.361522 -1.838577
v -11.838472 -5.580415 -1.750870
v -12.761279 -6.424808 -5.660049
v -9.570797 -5.813568 -8.832489
v -9.538755 -6.073727 -9.489594
v -9.495163 -6.373384 -10.206207
v 5.444523 -6.970433 -9.528259
v 3.397490 -7.376063 1.618958
v 3.294416 -7.533592 1.231674
v 7.442919 -12.095758 -4.617538
v 8.213457 -12.305552 -4.780212
v 4.035784 -6.423636 -7.222687
v 4.204256 -6.738166 -7.623184
v 7.498857 -10.156925 -10.370483
v 9.658241 -13.582237 -9.474228
v 9.021902 -12.195084 -6.706863
v 7.051601 -11.955141 -10.965652
f 1 2 3
f 4 3 2
f 5 3 4
f 6 5 4
f 7 6 4
f 8 7 4
f 9 8 4
f 10 9 4
f 2 10 4
f 11 10 2
f 1 11 2
f 12 11 1
f 13 12 1
f 14 13 1
f 15 14 1
f 3 15 1
f 5 15 3
f 16 15 5
f 6 16 5
f 17 16 6
f 18 17 6
f 7 18 6
f 19 18 7
f 8 19 7
f 20 19 8
f 21 20 8
f 9 21 8
f 22 21 9
f 23 22 9
f 10 23 9
f 24 23 10
f 11 24 10
f 25 24 11
f 12 25 11
f 26 25 12
f 27 26 12
f 13 27 12
f 28 27 13
f 29 28 13
f 30 29 13
f 31 29 30
f 32 31 30
f 33 32 30
f 34 32 33
f 35 34 33
f 36 35 33
f 37 35 36
f 38 35 37
f 39 38 37
f 40 39 37
f 41 39 40
f 42 41 40
f 43 42 40
f 44 42 43
f 45 44 43
f 46 44 45
f 47 46 45
f 48 47 45
f 49 47 48
f 50 49 48
f 51 50 48
f 52 50 51
f 53 52 51
f 54 52 53
f 55 54 53
f 56 55 53
f 57 55 56
f 58 57 56
f 59 57 58
f 60 59 58
f 61 60 58
f 62 60 61
f 63 62 61
f 64 63 61
f 65 63 64
f 66 65 64
f 67 65 66
f 68 67 66
f 69 68 66
f 70 68 69
f 71 70 69
f 72 70 71
f 73 72 71
f 74 73 71
f 75 73 74
f 76 75 74
f 77 75 76
f 78 77 76
f 79 77 78
f 80 79 78
f 81 80 78
f 82 80 81
f 83 82 81
f 84 80 82
f 85 84 82
f 86 85 82
f 83 86 82
f 87 86 83
f 88 86 87
f 89 88 87
f 90 89 87
f 91 89 90
f 92 89 91
f 93 92 91
f 94 92 93
f 95 94 93
f 96 95 93
f 97 95 96
f 98 97 96
f 99 97 98
f 100 99 98
f 101 99 100
f 102 101 100
f 103 101 102
f 104 103 102
f 105 104 102
f 106 104 105
f 107 106 105
f 108 106 107
f 109 108 107
f 110 108 109
f 111 110 109
f 112 110 111
f 113 112 111
f 114 113 111
f 115 113 114
f 116 113 115
f 117 116 115
f 118 117 115
f 119 117 118
f 120 119 118
f 121 120 118
f 122 120 121
f 123 122 121
f 124 122 123
f 125 124 123
f 126 125 123
f 127 126 123
f 128 126 127
f 129 128 127
f 130 128 129
f 131 130 129
f 132 130 131
f 133 132 131
f 134 132 133
f 135 132 134
f 136 135 134
f 137 136 134
f 133 137 134
f 138 136 137
f 139 138 137
f 140 139 137
f 141 139 140
f 142 141 140
f 143 141 142
f 144 143 142
f 145 143 144
f 146 145 144
f 147 145 146
f 148 147 146
f 149 147 148
f 150 149 148
f 151 150 148
f 152 150 151
f 153 150 152
f 154 153 152
f 155 154 152
f 156 154 155
f 157 156 155
f 158 157 155
f 159 157 158
f 160 159 158
f 161 159 160
f 162 161 160
f 163 162 160
f 164 162 163
f 165 164 163
f 166 164 165
f 167 166 165
f 168 166 167
f 169 168 167
f 170 169 167
f 171 169 170
f 172 169 171
f 173 172 171
f 174 173 171
f 175 173 174
f 176 175 174
f 177 176 174
f 178 176 177
f 179 178 177
f 180 179 177
f 181 180 177
f 174 181 177
f 182 180 181
f 183 180 182
f 184 183 182
f 185 183 184
f 186 185 184
f 187 186 184
f 188 186 187
f 189 188 187
f 190 188 189
f 191 190 189
f 192 190 191
f 193 192 191
f 194 193 191
f 195 194 191
f 196 194 195
f 197 196 195
f 198 197 195
f 199 197 198
f 200 197 199
f 201 200 199
f 202 200 201
f 203 202 201
f 204 202 203
f 205 204 203
f 206 205 203
f 207 205 206
f 208 204 205
f 209 208 205
f 210 209 205
f 207 210 205
f 211 210 207
f 212 211 207
f 213 211 212
f 214 213 212
f 215 213 214
f 216 215 214
f 217 215 216
f 218 217 216
f 219 217 218
f 220 215 217
f 221 220 217
f 219 221 217
f 222 220 221
f 223 222 221
f 224 223 221
f 225 224 221
f 219 225 221
f 226 225 219
f 227 226 219
f 228 226 227
f 229 226 228
f 230 229 228
f 231 230 228
f 232 231 228
f 233 232 228
f 234 231 232
f 233 234 232
f 235 231 234
f 236 235 234
f 237 236 234
f 238 237 234
f 239 237 238
f 236 237 239
f 240 236 239
f 241 236 240
f 242 241 240
f 241 235 236
f 243 235 241
f 244 243 241
f 242 244 241
f 245 244 242
f 246 245 242
f 240 246 242
f 247 246 240
f 248 247 240
f 239 248 240
f 249 248 239
f 250 248 249
f 251 250 249
f 252 250 251
f 253 252 251
f 254 253 251
f 255 253 254
f 256 255 254
f 257 255 256
f 258 257 256
f 259 257 258
f 260 259 258
f 261 259 260
f 262 259 261
f 263 262 261
f 264 263 261
f 265 263 264
f 266 265 264
f 267 265 266
f 268 267 266
f 269 268 266
f 270 269 266
f 271 268 269
f 272 271 269
f 273 272 269
f 274 272 273
f 275 274 273
f 276 274 275
f 277 276 275
f 278 276 277
f 279 278 277
f 280 279 277
f 281 279 280
f 282 281 280
f 283 281 282
f 284 283 282
f 285 283 284
f 286 285 284
f 287 286 284
f 288 286 287
f 289 286 288
f 290 289 288
f 291 290 288
f 292 291 288
f 293 291 292
f 294 293 292
f 295 294 292
f 296 295 292
f 297 295 296
f 298 295 297
f 299 298 297
f 300 298 299
f 301 300 299
f 302 301 299
f 303 301 302
f 304 303 302
f 305 303 304
f 306 305 304
f 307 306 304
f 308 306 307
f 309 308 307
f 310 309 307
f 311 309 310
f 312 311 310
f 313 311 312
f 314 313 312
f 315 314 312
f 316 314 315
f 317 314 316
f 313 314 317
f 318 313 317
f 319 318 317
f 320 313 318
f 321 320 318
f 322 320 321
f 323 322 321
f 324 323 321
f 325 323 324
f 326 323 325
f 327 326 325
f 328 327 325
f 329 327 328
f 330 329 328
f 331 329 330
f 332 331 330
f 333 332 330
f 334 332 333
f 335 332 334
f 336 335 334
f 337 336 334
f 338 336 337
f 339 338 337
f 340 338 339
f 341 340 339
f 342 341 339
f 343 341 342
f 344 341 343
f 345 344 343
f 346 344 345
f 347 346 345
f 348 347 345
f 349 347 348
f 350 349 348
f 351 349 350
f 352 349 351
f 353 352 351
f 354 352 353
f 355 354 353
f 356 354 355
f 357 356 355
f 358 357 355
f 359 358 355
f 360 358 359
f 361 360 359
f 362 360 361
f 363 362 361
f 364 362 363
f 365 364 363
f 366 365 363
f 367 365 366
f 368 365 367
f 369 368 367
f 370 368 369
f 371 370 369
f 372 370 371
f 373 372 371
f 374 372 373
f 375 370 372
f 376 375 372
f 377 376 372
f 378 376 377
f 379 378 377
f 380 379 377
f 381 379 380
f 382 381 380
f 383 382 380
f 384 382 383
f 385 384 383
f 386 384 385
f 387 386 385
f 388 386 387
f 389 388 387
f 390 389 387
f 391 389 390
f 392 391 390
f 393 392 390
f 394 392 393
f 395 394 393
f 396 394 395
f 397 394 396
f 398 397 396
f 399 398 396
f 400 398 399
f 401 400 399
f 402 400 401
f 403 402 401
f 404 403 401
f 405 403 404
f 406 405 404
f 407 405 406
f 408 407 406
f 409 407 408
f 410 409 408
f 411 409 410
f 412 409 411
f 413 412 411
f 414 413 411
f 415 413 414
f 416 415 414
f 417 415 416
f 418 417 416
f 419 418 416
f 420 417 418
f 421 420 418
f 422 420 421
f 423 420 422
f 424 423 422
f 425 423 424
f 426 425 424
f 427 425 426
f 428 427 426
f 429 428 426
f 430 429 426
f 431 429 430
f 432 431 430
f 433 431 432
f 434 433 432
f 435 434 432
f 436 434 435
f 437 436 435
f 438 434 436
f 439 438 436
f 440 438 439
f 441 440 439
f 442 441 439
f 443 441 442
f 444 443 442
f 445 443 444
f 446 445 444
f 447 445 446
f 448 447 446
f 449 448 446
f 450 448 449
f 451 448 450
f 452 448 451
f 453 452 451
f 454 453 451
f 455 453 454
f 456 455 454
f 457 455 456
f 458 457 456
f 459 457 458
f 460 457 459
f 461 460 459
f 462 461 459
f 463 461 462
f 464 463 462
f 465 464 462
f 466 463 464
f 467 466 464
f 468 467 464
f 469 467 468
f 470 469 468
f 471 469 470
f 472 471 470
f 473 471 472
f 474 473 472
f 475 473 474
f 476 475 474
f 477 475 476
f 478 477 476
f 479 478 476
f 480 478 479
f 481 480 479
f 482 481 479
f 483 481 482
f 484 481 483
f 480 481 484
f 485 478 480
f 486 478 485
f 487 486 485
f 488 487 485
f 489 488 485
f 490 488 489
f 491 490 489
f 492 490 491
f 493 492 491
f 494 492 493
f 495 494 493
f 496 495 493
f 497 495 496
f 498 497 496
f 499 497 498
f 500 497 499
f 501 500 499
f 502 501 499
f 503 500 501
f 504 503 501
f 505 503 504
f 506 505 504
f 507 506 504
f 508 507 504
f 509 507 508
f 510 509 508
f 511 510 508
f 512 511 508
f 513 510 511
f 514 510 513
f 515 514 513
f 516 515 513
f 517 515 516
f 518 517 516
f 519 517 518
f 520 519 518
f 521 520 518
f 522 520 521
f 523 520 522
f 524 523 522
f 525 524 522
f 526 524 525
f 527 524 526
f 528 527 526
f 529 527 528
f 530 527 529
f 531 530 529
f 532 530 531
f 533 532 531
f 534 533 531
f 535 532 533
f 536 535 533
f 537 536 533
f 538 536 537
f 539 538 537
f 540 538 539
f 541 540 539
f 542 541 539
f 543 541 542
f 544 541 543
f 545 544 543
f 546 545 543
f 547 548 546
f 549 548 547
f 550 549 547
f 551 552 553
f 554 552 551
f 555 554 551
f 556 555 551
f 557 556 551
f 558 556 557
f 559 558 557
f 560 559 557
f 561 559 560
f 562 561 560
f 563 561 562
f 564 563 562
f 565 563 564
f 566 565 564
f 567 566 564
f 568 566 567
f 569 566 568
f 570 566 569
f 571 570 569
f 572 571 569
f 573 571 572
f 574 573 572
f 575 573 574
f 576 573 575
f 577 573 576
f 578 577 576
f 579 578 576
f 580 578 579
f 581 580 579
f 582 581 579
f 583 582 579
f 584 582 583
f 585 584 583
f 586 585 583
f 587 586 583
f 588 585 586
f 589 585 588
f 590 589 588
f 591 589 590
f 592 591 590
f 593 591 592
f 594 593 592
f 595 594 592
f 596 593 594
f 597 593 596
f 598 597 596
f 599 598 596
f 600 598 599
f 601 598 600
f 602 601 600
f 603 602 600
f 604 602 603
f 605 604 603
f 606 605 603
f 607 606 603
f 608 606 607
f 609 606 608
f 610 609 608
f 611 610 608
f 612 610 611
f 613 612 611
f 614 613 611
f 615 614 611
f 616 614 615
f 617 616 615
f 618 617 615
f 619 616 617
f 620 616 619
f 621 620 619
f 622 620 621
f 623 622 621
f 624 623 621
f 625 623 624
f 626 625 624
f 627 625 626
f 628 627 626
f 629 627 628
f 630 629 628
f 631 630 628
f 632 629 630
f 633 632 630
f 634 632 633
f 635 634 633
f 636 634 635
f 637 636 635
f 638 636 637
f 639 638 637
f 640 638 639
f 641 640 639
f 642 641 639
f 643 641 642
f 644 643 642
f 645 641 643
f 646 645 643
f 647 645 646
f 648 647 646
f 649 648 646
f 650 649 646
f 651 650 646
f 652 650 651
f 653 652 651
f 654 653 651
f 655 654 651
f 656 654 655
f 657 656 655
f 658 656 657
f 659 658 657
f 660 656 658
f 661 656 660
f 662 661 660
f 663 662 660
f 664 662 663
f 665 664 663
f 666 664 665
f 667 666 665
f 668 666 667
f 669 668 667
f 670 668 669
f 671 670 669
f 672 671 669
f 673 671 672
f 674 671 673
f 675 674 673
f 676 675 673
f 677 675 676
f 678 677 676
f 679 677 678
f 680 679 678
f 681 679 680
f 682 681 680
f 683 681 682
f 684 683 682
f 685 683 684
f 686 685 684
f 687 686 684
f 688 686 687
f 689 686 688
f 690 689 688
f 691 689 690
f 692 691 690
f 693 692 690
f 694 692 693
f 695 694 693
f 696 695 693
f 697 696 693
f 698 696 697
f 699 698 697
f 700 698 699
f 701 698 700
f 702 701 700
f 703 701 702
f 704 703 702
f 705 703 704
f 706 703 705
f 707 706 705
f 708 707 705
f 709 707 708
f 710 707 709
f 711 710 709
f 712 711 709
f 713 711 712
f 714 713 712
f 715 714 712
f 716 714 715
f 717 714 716
f 718 714 717
f 719 718 717
f 720 719 717
f 721 720 717
f 722 720 721
f 723 722 721
f 724 722 723
f 725 724 723
f 726 724 725
f 727 726 725
f 728 727 725
f 729 728 725
f 730 728 729
f 731 728 730
f 732 731 730
f 733 732 730
f 734 732 733
f 735 734 733
f 736 734 735
f 737 736 735
f 738 737 735
f 739 738 735
f 740 737 738
f 741 740 738
f 742 740 741
f 743 742 741
f 744 742 743
f 745 744 743
f 746 744 745
f 747 746 745
f 748 747 745
f 749 747 748
f 750 749 748
f 751 749 750
f 752 751 750
f 753 751 752
f 754 751 753
f 755 754 753
f 756 754 755
f 757 756 755
f 758 756 757
f 759 758 757
f 760 759 757
f 761 759 760
f 762 759 761
f 763 762 761
f 764 762 763
f 765 764 763
f 766 764 765
f 767 766 765
f 768 767 765
f 769 767 768
f 770 769 768
f 771 770 768
f 772 770 771
f 773 772 771
f 774 773 771
f 775 774 771
f 776 774 775
f 773 774 776
f 777 773 776
f 778 777 776
f 779 778 776
f 780 778 779
f 781 780 779
f 782 781 779
f 783 781 782
f 784 781 783
f 785 781 784
f 780 781 785
f 786 780 785
f 787 786 785
f 778 780 786
f 788 778 786
f 789 788 786
f 787 789 786
f 790 789 787
f 791 789 790
f 792 791 790
f 793 791 792
f 794 793 792
f 795 794 792
f 796 797 798
f 799 797 796
f 800 799 796
f 801 800 796
f 802 800 801
f 803 802 801
f 804 803 801
f 805 804 801
f 806 807 808
f 809 807 806
f 810 809 806
f 811 810 806
f 812 811 806
f 813 812 806
f 814 812 813
f 815 814 813
f 816 815 813
f 817 815 816
f 818 815 817
f 819 818 817
f 820 818 819
f 821 820 819
f 822 821 819
f 817 822 819
f 823 821 822
f 824 821 823
f 825 824 823
f 826 824 825
f 827 826 825
f 828 826 827
f 829 828 827
f 830 829 827
f 831 829 830
f 832 829 831
f 833 832 831
f 834 833 831
f 835 833 834
f 836 837 838
f 839 840 837
f 836 839 837
f 841 839 836
f 842 841 836
f 843 841 842
f 844 841 843
f 845 844 843
f 846 845 843
f 847 845 846
f 848 847 846
f 849 847 848
f 850 849 848
f 851 849 850
f 852 849 851
f 853 852 851
f 854 853 851
f 855 853 854
f 856 855 854
f 857 855 856
f 858 857 856
f 859 858 856
f 860 858 859
f 861 860 859
f 862 861 859
f 863 861 862
f 864 861 863
f 865 864 863
f 866 865 863
f 867 866 863
f 868 866 867
f 869 866 868
f 870 869 868
f 871 870 868
f 872 870 871
f 873 872 871
f 874 872 873
f 875 872 874
f 876 875 874
f 877 875 876
f 878 877 876
f 879 878 876
f 880 878 879
f 881 880 879
f 882 880 881
f 883 882 881
f 884 883 881
f 885 883 884
f 886 883 885
f 887 886 885
f 888 886 887
f 889 888 887
f 890 889 887
f 891 889 890
f 892 893 894
f 895 892 894
f 896 892 895
f 897 896 895
f 898 896 897
f 899 898 897
f 900 899 897
f 901 898 899
f 902 901 899
f 903 901 902
f 904 903 902
f 905 901 903
f 906 905 903
f 907 906 903
f 908 907 903
f 904 908 903
f 909 907 908
f 910 909 908
f 911 910 908
f 904 911 908
f 912 911 904
f 902 912 904
f 899 912 902
f 913 911 912
f 914 911 913
f 915 914 913
f 916 914 915
f 917 916 915
f 918 916 917
f 919 918 917
f 920 918 919
f 921 920 919
f 922 920 921
f 923 920 922
f 924 923 922
f 925 924 922
f 926 924 925
f 927 926 925
f 928 927 925
f 929 928 925
f 930 928 929
f 931 930 929
f 932 930 931
f 933 932 931
f 934 933 931
f 935 933 934
f 936 935 934
f 937 936 934
f 938 936 937
f 939 938 937
f 940 938 939
f 941 940 939
f 942 941 939
f 943 940 941
f 944 943 941
f 945 944 941
f 946 945 941
f 947 945 946
f 948 947 946
f 949 947 948
f 950 949 948
f 951 949 950
f 952 949 951
f 953 952 951
f 954 952 953
f 955 954 953
f 956 955 953
f 957 955 956
f 958 957 956
f 959 958 956
f 960 958 959
f 961 960 959
f 962 960 961
f 963 964 965
f 966 964 963
f 967 966 963
f 968 966 967
f 969 968 967
f 970 969 967
f 971 969 970
f 972 971 970
f 973 971 972
f 974 971 973
f 975 971 974
f 976 975 974
f 977 976 974
f 978 977 974
f 979 977 978
f 980 977 979
f 981 980 979
f 982 980 981
f 983 982 981
f 984 983 981
f 985 983 984
f 986 985 984
f 987 985 986
f 988 987 986
f 989 988 986
f 990 988 989
f 991 988 990
f 992 988 991
f 993 992 991
f 994 993 991
f 995 994 991
f 990 995 991
f 996 995 990
f 997 995 996
f 998 997 996
f 999 997 998
f 1000 999 998
f 995 997 999
f 994 995 999
f 1001 994 999
f 1002 1001 999
f 1000 1002 999
f 1003 1002 1000
f 1004 1003 1000
f 1005 1004 1000
f 998 1005 1000
f 1006 1004 1005
f 1007 1004 1006
f 1008 1007 1006
f 1009 1008 1006
f 1010 1008 1009
f 1011 1008 1010
f 1012 1011 1010
f 1013 1012 1010
f 1014 1013 1010
f 1015 1013 1014
f 1016 1015 1014
f 1017 1015 1016
f 1018 1017 1016
f 1019 1018 1016
f 1020 1018 1019
f 1021 1020 1019
f 1022 1020 1021
f 1023 1022 1021
f 1024 1022 1023
f 1025 1024 1023
f 1026 1024 1025
f 1027 1026 1025
f 1028 1026 1027
f 1029 1028 1027
f 1030 1028 1029
f 1031 1028 1030
f 1032 1031 1030
f 1033 1032 1030
f 1034 1032 1033
f 1035 1034 1033
f 1036 1034 1035
f 1037 1036 1035
f 1038 1037 1035
f 1039 1038 1035
f 1040 1038 1039
f 1041 1040 1039
f 1042 1041 1039
f 1043 1042 1039
f 1044 1042 1043
f 1045 1044 1043
f 1046 1044 1045
f 1047 1046 1045
f 1048 1047 1045
f 1049 1047 1048
f 1050 1049 1048
f 1051 1049 1050
f 1052 1051 1050
f 1053 1051 1052
f 1054 1053 1052
f 1055 1053 1054
f 1056 1055 1054
f 1057 1055 1056
f 1058 1057 1056
f 1059 1058 1056
f 1060 1057 1058
f 1061 1060 1058
f 1062 1061 1058
f 1063 1061 1062
f 1064 1063 1062
f 1065 1064 1062
f 1066 1064 1065
f 1067 1066 1065
f 1068 1067 1065
f 1069 1068 1065
f 1070 1068 1069
f 1071 1068 1070
f 1072 1071 1070
f 1073 1071 1072
f 1074 1073 1072
f 1075 1073 1074
f 1076 1073 1075
f 1077 1076 1075
f 1078 1079 1080
f 1081 1079 1078
f 1082 1081 1078
f 1083 1082 1078
f 1084 1082 1083
f 1085 1082 1084
f 1086 1085 1084
f 1087 1086 1084
f 1088 1086 1087
f 1089 1086 1088
f 1090 1089 1088
f 1091 1089 1090
f 1092 1091 1090
f 1093 1092 1090
f 1094 1091 1092
f 1095 1094 1092
f 1096 1095 1092
f 1097 1095 1096
f 1098 1095 1097
f 1099 1098 1097
f 1100 1099 1097
f 1101 1099 1100
f 1102 1101 1100
f 1103 1102 1100
f 1104 1102 1103
f 1105 1104 1103
f 1106 1105 1103
f 1107 1105 1106
f 1108 1107 1106
f 1109 1107 1108
f 1110 1109 1108
f 1111 1109 1110
f 1112 1111 1110
f 1113 1111 1112
f 1114 1113 1112
f 1115 1113 1114
f 1116 1115 1114
f 1117 1116 1114
f 1118 1116 1117
f 1119 1118 1117
f 1120 1118 1119
f 1121 1118 1120
f 1122 1118 1121
f 1123 1122 1121
f 1124 1123 1121
f 1125 1124 1121
f 1126 1125 1121
f 1127 1125 1126
f 1128 1127 1126
f 1129 1128 1126
f 1130 1129 1126
f 1131 1130 1126
f 1132 1130 1131
f 1133 1132 1131
f 1134 1133 1131
f 1135 1133 1134
f 1136 1133 1135
f 1137 1136 1135
f 1138 1137 1135
f 1139 1138 1135
f 1140 1138 1139
f 1141 1138 1140
f 1142 1141 1140
f 1143 1142 1140
f 1144 1142 1143
f 1145 1142 1144
f 1146 1145 1144
f 1147 1146 1144
f 1148 1146 1147
f 1149 1148 1147
f 1150 1149 1147
f 1151 1149 1150
f 1152 1149 1151
f 1153 1152 1151
f 1154 1153 1151
f 1155 1153 1154
f 1156 1153 1155
f 1157 1156 1155
f 1158 1157 1155
f 1159 1157 1158
f 1160 1159 1158
f 1161 1159 1160
f 1162 1161 1160
f 1163 1162 1160
f 1164 1162 1163
f 1165 1164 1163
f 1166 1165 1163
f 1167 1165 1166
f 1168 1167 1166
f 1169 1167 1168
f 1170 1169 1168
f 1171 1169 1170
f 1172 1169 1171
f 1173 1172 1171
f 1174 1173 1171
f 1175 1173 1174
f 1176 1175 1174
f 1177 1176 1174
f 1178 1175 1176
f 1179 1178 1176
f 1180 1178 1179
f 1181 1180 1179
f 1182 1180 1181
f 1183 1182 1181
f 1184 1183 1181
f 1185 1183 1184
f 1186 1185 1184
f 1187 1186 1184
f 1188 1186 1187
f 1189 1186 1188
f 1190 1189 1188
f 1191 1190 1188
f 1192 1190 1191
f 1193 1192 1191
f 1194 1193 1191
f 1195 1193 1194
f 1196 1193 1195
f 1197 1196 1195
f 1198 1196 1197
f 1199 1196 1198
f 1200 1199 1198
f 1201 1200 1198
f 1202 1200 1201
f 1203 1200 1202
f 1204 1203 1202
f 1205 1204 1202
f 1206 1204 1205
f 1207 1206 1205
f 1208 1206 1207
f 1209 1208 1207
f 1210 1208 1209
f 1211 1210 1209
f 1212 1211 1209
f 1213 1211 1212
f 1214 1211 1213
f 1215 1214 1213
f 1216 1217 1215
f 1218 1216 1215
f 1219 1216 1218
f 1220 1216 1219
f 1221 1220 1219
f 1222 1221 1219
f 1223 1222 1219
f 1224 1222 1223
f 1225 1224 1223
f 1226 1224 1225
f 1227 1226 1225
f 1228 1227 1225
f 1229 1227 1228
f 1230 1227 1229
f 1231 1230 1229
f 1232 1231 1229
f 1233 1231 1232
f 1234 1231 1233
f 1235 1234 1233
f 1236 1235 1233
f 1237 1235 1236
f 1238 1237 1236
f 1239 1240 1241
f 1242 1239 1241
f 1243 1239 1242
f 1244 1239 1243
f 1245 1244 1243
f 1246 1245 1243
f 1247 1245 1246
f 1248 1245 1247
f 1249 1245 1248
f 1244 1245 1249
f 1250 1244 1249
f 1251 1250 1249
f 1252 1250 1251
f 1253 1252 1251
f 1254 1253 1251
f 1255 1253 1254
f 1256 1255 1254
f 1257 1256 1254
f 1258 1257 1254
f 1259 1257 1258
f 1260 1259 1258
f 1261 1257 1259
f 1262 1261 1259
f 1263 1262 1259
f 1264 1262 1263
f 1265 1262 1264
f 1266 1265 1264
f 1267 1265 1266
f 1268 1267 1266
f 1269 1268 1266
f 1270 1269 1266
f 1271 1269 1270
f 1272 1269 1271
f 1273 1272 1271
f 1274 1272 1273
f 1275 1274 1273
f 1276 1275 1273
f 1277 1275 1276
f 1278 1277 1276
f 1279 1277 1278
f 1280 1277 1279
f 1281 1280 1279
f 1282 1280 1281
f 1283 1282 1281
f 1284 1282 1283
f 1285 1284 1283
f 1286 1284 1285
f 1287 1284 1286
f 1288 1287 1286
f 1289 1288 1286
f 1290 1288 1289
f 1291 1288 1290
f 1292 1291 1290
f 1293 1291 1292
f 1294 1291 1293
f 1295 1294 1293
f 1296 1295 1293
f 1297 1295 1296
f 1298 1297 1296
f 1299 1297 1298
f 1300 1299 1298
f 1301 1300 1298
f 1302 1301 1298
f 1303 1301 1302
f 1304 1303 1302
f 1305 1303 1304
f 1306 1303 1305
f 1307 1306 1305
f 1308 1306 1307
f 1309 1308 1307
f 1310 1308 1309
f 1311 1310 1309
f 1312 1310 1311
f 1313 1312 1311
f 1314 1312 1313
f 1315 1314 1313
f 1316 1315 1313
f 1317 1315 1316
f 1318 1315 1317
f 1319 1318 1317
f 1320 1319 1317
f 1321 1320 1317
f 1322 1321 1317
f 1323 1321 1322
f 1324 1323 1322
f 1325 1323 1324
f 1326 1325 1324
f 1327 1325 1326
f 1328 1327 1326
f 1329 1327 1328
f 1330 1327 1329
f 1331 1330 1329
f 1332 1331 1329
f 1333 1332 1329
f 1334 1331 1332
f 1335 1334 1332
f 1336 1334 1335
f 1337 1336 1335
f 1338 1337 1335
f 1339 1337 1338
f 1340 1337 1339
f 1341 1340 1339
f 1342 1341 1339
f 1343 1341 1342
f 1344 1343 1342
f 1345 1343 1344
f 1346 1345 1344
f 1347 1345 1346
f 1348 1347 1346
f 1349 1347 1348
f 1350 1349 1348
f 1351 1350 1348
f 1352 1350 1351
f 1353 1350 1352
f 1354 1350 1353
f 1355 1354 1353
f 1356 1355 1353
f 1357 1355 1356
f 1358 1355 1357
f 1359 1358 1357
f 1360 1358 1359
f 1361 1358 1360
f 1362 1361 1360
f 1363 1362 1360
f 1359 1363 1360
f 1364 1363 1359
f 1365 1364 1359
f 1366 1365 1359
f 1357 1366 1359
f 1367 1365 1366
f 1368 1365 1367
f 1369 1368 1367
f 1370 1368 1369
f 1371 1370 1369
f 1372 1371 1369
f 1373 1371 1372
f 1374 1373 1372
f 1375 1373 1374
f 1376 1375 1374
f 1377 1375 1376
f 1378 1377 1376
f 1379 1378 1376
f 1380 1378 1379
f 1381 1380 1379
f 1382 1380 1381
f 1383 1382 1381
f 1384 1382 1383
f 1385 1384 1383
f 1386 1385 1383
f 1387 1385 1386
f 1388 1385 1387
f 1389 1385 1388
f 1390 1389 1388
f 1391 1390 1388
f 1392 1390 1391
f 1393 1385 1389
f 1394 1393 1389
f 1390 1394 1389
f 1395 1393 1394
f 1396 1395 1394
f 1397 1398 1399
f 1400 1397 1399
f 1401 1400 1399
f 1402 1397 1400
f 1403 1404 1405
f 1406 1404 1403
f 1407 1406 1403
f 1408 1406 1407
f 1409 1408 1407
f 1410 1408 1409
f 1411 1410 1409
f 1412 1410 1411
f 1413 1412 1411
f 1414 1413 1411
f 1415 1413 1414
f 1416 1415 1414
f 1417 1415 1416
f 1418 1415 1417
f 1419 1418 1417
f 1420 1419 1417
f 1421 1419 1420
f 1422 1419 1421
f 1423 1422 1421
f 1424 1423 1421
f 1425 1423 1424
f 1426 1425 1424
f 1427 1425 1426
f 1428 1427 1426
f 1429 1428 1426
f 1430 1428 1429
f 1431 1432 1433
f 1434 1431 1433
f 1435 1431 1434
f 1436 1431 1435
f 1437 1436 1435
f 1438 1436 1437
f 1439 1438 1437
f 1440 1438 1439
f 1441 1440 1439
f 1442 1441 1439
f 1443 1441 1442
f 1444 1443 1442
f 1445 1444 1442
f 1446 1444 1445
f 1447 1446 1445
f 1448 1447 1445
f 1449 1447 1448
f 1450 1447 1449
f 1451 1450 1449
f 1452 1450 1451
f 1453 1452 1451
f 1454 1453 1451
f 1455 1453 1454
f 1456 1453 1455
f 1457 1456 1455
f 1458 1457 1455
f 1459 1457 1458
f 1460 1459 1458
f 1461 1459 1460
f 1462 1461 1460
f 1463 1462 1460
f 1464 1462 1463
f 1465 1464 1463
f 1466 1464 1465
f 1467 1466 1465
f 1468 1466 1467
f 1469 1466 1468
f 1470 1469 1468
f 1471 1470 1468
f 1472 1471 1468
f 1473 1472 1468
f 1474 1472 1473
f 1475 1474 1473
f 1476 1475 1473
f 1477 1475 1476
f 1478 1477 1476
f 1479 1477 1478
f 1480 1477 1479
f 1481 1480 1479
f 1482 1480 1481
f 1483 1482 1481
f 1484 1482 1483
f 1485 1484 1483
f 1486 1485 1483
f 1487 1484 1485
f 1488 1487 1485
f 1489 1487 1488
f 1490 1489 1488
f 1491 1489 1490
f 1492 1491 1490
f 1493 1492 1490
f 1494 1492 1493
f 1495 1494 1493
f 1496 1494 1495
f 1497 1494 1496
f 1498 1497 1496
f 1499 1498 1496
f 1500 1499 1496
f 1501 1499 1500
f 1502 1501 1500
f 1503 1502 1500
f 1504 1502 1503
f 1505 1504 1503
f 1506 1504 1505
f 1507 1504 1506
f 1508 1507 1506
f 1509 1507 1508
f 1510 1509 1508
f 1511 1510 1508
f 1512 1510 1511
f 1513 1512 1511
f 1514 1512 1513
f 1515 1514 1513
f 1516 1514 1515
f 1517 1516 1515
f 1518 1517 1515
f 1519 1516 1517
f 1520 1519 1517
f 1521 1520 1517
f 1518 1521 1517
f 1522 1520 1521
f 1523 1522 1521
f 1524 1520 1522
f 1525 1520 1524
f 1526 1525 1524
f 1527 1525 1526
f 1528 1527 1526
f 1529 1527 1528
f 1530 1527 1529
f 1519 1520 1525
f 1531 1519 1525
f 1532 1519 1531
f 1533 1532 1531
f 1534 1532 1533
f 1535 1534 1533
f 1536 1535 1533
f 1537 1535 1536
f 1538 1537 1536
f 1539 1537 1538
f 1540 1539 1538
f 1541 1540 1538
f 1542 1540 1541
f 1543 1542 1541
f 1544 1542 1543
f 1545 1544 1543
f 1546 1545 1543
f 1547 1546 1543
f 1548 1547 1543
f 1549 1546 1547
f 1550 1549 1547
f 1551 1549 1550
f 1552 1549 1551
f 1553 1552 1551
f 1554 1553 1551
f 1555 1553 1554
f 1556 1553 1555
f 1557 1556 1555
f 1558 1557 1555
f 1559 1558 1555
f 1560 1558 1559
f 1561 1558 1560
f 1562 1561 1560
f 1563 1562 1560
f 1564 1563 1560
f 1565 1563 1564
f 1566 1563 1565
f 1567 1566 1565
f 1568 1567 1565
f 1569 1567 1568
f 1570 1569 1568
f 1571 1570 1568
f 1572 1567 1569
f 1573 1572 1569
f 1574 1572 1573
f 1575 1574 1573
f 1576 1575 1573
f 1577 1575 1576
f 1578 1577 1576
f 1579 1577 1578
f 1580 1579 1578
f 1581 1579 1580
f 1582 1581 1580
f 1583 1582 1580
f 1584 1582 1583
f 1585 1584 1583
f 1586 1584 1585
f 1587 1584 1586
f 1588 1587 1586
f 1589 1588 1586
f 1590 1588 1589
f 1591 1590 1589
f 1592 1591 1589
f 1593 1591 1592
f 1594 1593 1592
f 1595 1593 1594
f 1596 1595 1594
f 1597 1595 1596
f 1598 1597 1596
f 1599 1597 1598
f 1600 1599 1598
f 1601 1600 1598
f 1602 1600 1601
f 1603 1602 1601
f 1604 1603 1601
f 1605 1604 1601
f 1606 1604 1605
f 1607 1604 1606
f 1608 1607 1606
f 1609 1607 1608
f 1610 1607 1609
f 1611 1610 1609
f 1612 1611 1609
f 1613 1611 1612
f 1614 1613 1612
f 1615 1614 1612
f 1616 1614 1615
f 1617 1616 1615
f 1618 1616 1617
f 1619 1618 1617
f 1620 1618 1619
f 1621 1620 1619
f 1622 1620 1621
f 1623 1620 1622
f 1624 1623 1622
f 1625 1624 1622
f 1626 1624 1625
f 1627 1623 1624
f 1628 1627 1624
f 1629 1628 1624
f 1630 1628 1629
f 1631 1628 1630
f 1632 1631 1630
f 1633 1632 1630
f 1634 1633 1630
f 1635 1634 1630
f 1636 1635 1630
f 1629 1636 1630
f 1637 1636 1629
f 1638 1636 1637
f 1639 1638 1637
f 1640 1639 1637
f 1641 1639 1640
f 1642 1641 1640
f 1643 1642 1640
f 1644 1642 1643
f 1645 1644 1643
f 1646 1644 1645
f 1647 1644 1646
f 1648 1641 1642
f 1644 1648 1642
f 1649 1641 1648
f 1650 1649 1648
f 1651 1650 1648
f 1652 1651 1648
f 1653 1651 1652
f 1654 1653 1652
f 1655 1654 1652
f 1656 1651 1653
f 1657 1651 1656
f 1658 1657 1656
f 1659 1658 1656
f 1660 1658 1659
f 1661 1660 1659
f 1662 1660 1661
f 1663 1662 1661
f 1664 1663 1661
f 1665 1663 1664
f 1666 1660 1662
f 1667 1666 1662
f 1668 1667 1662
f 1669 1667 1668
f 1670 1669 1668
f 1671 1670 1668
f 1672 1671 1668
f 1673 1671 1672
f 1674 1673 1672
f 1675 1673 1674
f 1676 1675 1674
f 1677 1675 1676
f 1678 1677 1676
f 1679 1677 1678
f 1680 1677 1679
f 1681 1680 1679
f 1682 1681 1679
f 1683 1681 1682
f 1684 1681 1683
f 1685 1684 1683
f 1686 1685 1683
f 1687 1685 1686
f 1688 1685 1687
f 1689 1688 1687
f 1690 1688 1689
f 1691 1690 1689
f 1692 1691 1689
f 1693 1690 1691
f 1694 1693 1691
f 1695 1693 1694
f 1696 1693 1695
f 1697 1696 1695
f 1698 1696 1697
f 1699 1696 1698
f 1700 1699 1698
f 1701 1700 1698
f 1702 1701 1698
f 1697 1702 1698
f 1703 1702 1697
f 1704 1703 1697
f 1705 1703 1704
f 1706 1705 1704
f 1707 1706 1704
f 1708 1706 1707
f 1709 1708 1707
f 1710 1709 1707
f 1711 1710 1707
f 1712 1708 1709
f 1713 1712 1709
f 1714 1713 1709
f 1715 1712 1713
f 1716 1715 1713
f 1717 1715 1716
f 1718 1717 1716
f 1719 1718 1716
f 1720 1718 1719
f 1721 1718 1720
f 1722 1721 1720
f 1723 1721 1722
f 1724 1721 1723
f 1725 1724 1723
f 1726 1725 1723
f 1727 1725 1726
f 1728 1727 1726
f 1729 1728 1726
f 1730 1729 1726
f 1723 1730 1726
f 1731 1728 1729
f 1732 1731 1729
f 1733 1731 1732
f 1734 1731 1733
f 1735 1734 1733
f 1736 1735 1733
f 1737 1735 1736
f 1738 1735 1737
f 1739 1738 1737
f 1740 1738 1739
f 1741 1740 1739
f 1742 1740 1741
f 1743 1742 1741
f 1744 1742 1743
f 1745 1744 1743
f 1746 1744 1745
f 1747 1746 1745
f 1748 1747 1745
f 1749 1747 1748
f 1750 1749 1748
f 1751 1749 1750
f 1752 1751 1750
f 1753 1752 1750
f 1754 1752 1753
f 1755 1754 1753
f 1756 1754 1755
f 1757 1754 1756
f 1758 1757 1756
f 1759 1758 1756
f 1760 1758 1759
f 1761 1758 1760
f 1762 1761 1760
f 1763 1762 1760
f 1764 1762 1763
f 1765 1762 1764
f 1766 1765 1764
f 1767 1765 1766
f 1768 1767 1766
f 1769 1768 1766
f 1770 1769 1766
f 1764 1770 1766
f 1771 1769 1770
f 1772 1771 1770
f 1773 1771 1772
f 1774 1771 1773
f 1775 1771 1774
f 1776 1775 1774
f 1777 1776 1774
f 1778 1776 1777
f 1779 1776 1778
f 1780 1779 1778
f 1781 1779 1780
f 1782 1781 1780
f 1783 1781 1782
f 1784 1783 1782
f 1785 1784 1782
f 1786 1784 1785
f 1787 1786 1785
f 1788 1786 1787
f 1789 1786 1788
f 1790 1789 1788
f 1791 1790 1788
f 1792 1790 1791
f 1793 1790 1792
f 1794 1793 1792
f 1795 1794 1792
f 1796 1794 1795
f 1797 1794 1796
f 1797 1793 1794
f 1798 1793 1797
f 1799 1798 1797
f 1800 1798 1799
f 1801 1798 1800
f 1802 1801 1800
f 1803 1802 1800
f 1804 1803 1800
f 1805 1803 1804
f 1806 1803 1805
f 1807 1806 1805
f 1808 1806 1807
f 1809 1808 1807
f 1810 1808 1809
f 1811 1810 1809
f 1812 1811 1809
f 1813 1811 1812
f 1814 1810 1811
f 1815 1814 1811
f 1816 1814 1815
f 1817 1816 1815
f 1818 1817 1815
f 1819 1818 1815
f 1820 1818 1819
f 1821 1820 1819
f 1822 1821 1819
f 1823 1821 1822
f 1824 1821 1823
f 1825 1824 1823
f 1826 1825 1823
f 1827 1825 1826
f 1828 1827 1826
f 1829 1828 1826
f 1830 1828 1829
f 1831 1830 1829
f 1832 1830 1831
f 1833 1832 1831
f 1834 1833 1831
f 1835 1833 1834
f 1836 1833 1835
f 1837 1836 1835
f 1838 1836 1837
f 1839 1838 1837
f 1840 1838 1839
f 1841 1840 1839
f 1842 1841 1839
f 1843 1840 1841
f 1844 1840 1843
f 1845 1844 1843
f 1846 1845 1843
f 1847 1846 1843
f 1848 1846 1847
f 1849 1848 1847
f 1850 1848 1849
f 1851 1850 1849
f 1852 1851 1849
f 1853 1852 1849
f 1854 1852 1853
f 1855 1854 1853
f 1856 1854 1855
f 1857 1856 1855
f 1858 1856 1857
f 1859 1858 1857
f 1860 1858 1859
f 1861 1858 1860
f 1862 1858 1861
f 1863 1864 1865
f 1866 1863 1865
f 1867 1863 1866
f 1868 1863 1867
f 1869 1868 1867
f 1870 1869 1867
f 1871 1869 1870
f 1872 1871 1870
f 1873 1871 1872
f 1874 1871 1873
f 1875 1874 1873
f 1876 1875 1873
f 1877 1878 1876
f 1879 1878 1877
f 1880 1881 1882
f 1883 1880 1882
f 1884 1880 1883
f 1885 1880 1884
f 1886 1885 1884
f 1887 1885 1886
f 1888 1887 1886
f 1889 1887 1888
f 1885 1887 1890
f 1891 1885 1890
f 1880 1885 1891
f 1881 1880 1891
f 1888 1892 1889
f 1874 1875 1892
f 1874 1869 1871
f 1893 1894 1895
f 1896 1893 1895
f 1897 1894 1893
f 1898 1897 1893
f 1899 1898 1893
f 1900 1899 1893
f 1901 1898 1899
f 1902 1898 1901
f 1903 1898 1902
f 1904 1903 1902
f 1905 1904 1902
f 1906 1904 1905
f 1907 1906 1905
f 1908 1907 1905
f 1909 1907 1908
f 1910 1909 1908
f 1911 1909 1910
f 1912 1911 1910
f 1913 1911 1912
f 1914 1913 1912
f 1915 1913 1914
f 1916 1913 1915
f 1917 1916 1915
f 1918 1917 1915
f 1919 1918 1915
f 1914 1919 1915
f 1920 1919 1914
f 1921 1920 1914
f 1922 1920 1921
f 1923 1922 1921
f 1924 1923 1921
f 1925 1924 1921
f 1926 1923 1924
f 1927 1926 1924
f 1928 1926 1927
f 1929 1928 1927
f 1930 1923 1926
f 1931 1930 1926
f 1928 1931 1926
f 1932 1931 1928
f 1933 1932 1928
f 1934 1932 1933
f 1935 1932 1934
f 1936 1935 1934
f 1933 1936 1934
f 1937 1935 1936
f 1938 1937 1936
f 1939 1937 1938
f 1940 1939 1938
f 1941 1939 1940
f 1942 1941 1940
f 1943 1942 1940
f 1944 1942 1943
f 1945 1944 1943
f 1946 1944 1945
f 1947 1946 1945
f 1948 1946 1947
f 1949 1946 1948
f 1950 1949 1948
f 1951 1949 1950
f 1952 1951 1950
f 1953 1952 1950
f 1948 1953 1950
f 1954 1952 1953
f 1955 1954 1953
f 1956 1955 1953
f 1957 1955 1956
f 1958 1957 1956
f 1959 1957 1958
f 1960 1959 1958
f 1961 1959 1960
f 1962 1961 1960
f 1963 1962 1960
f 1964 1962 1963
f 1965 1964 1963
f 1966 1964 1965
f 1967 1966 1965
f 1968 1966 1967
f 1969 1966 1968
f 1970 1969 1968
f 1971 1969 1970
f 1972 1971 1970
f 1973 1971 1972
f 1974 1973 1972
f 1975 1973 1974
f 1976 1975 1974
f 1977 1975 1976
f 1978 1977 1976
f 1979 1977 1978
f 1980 1979 1978
f 1981 1980 1978
f 1982 1980 1981
f 1983 1982 1981
f 1984 1982 1983
f 1985 1982 1984
f 1986 1985 1984
f 1987 1986 1984
f 1988 1986 1987
f 1989 1988 1987
f 1990 1988 1989
f 1991 1990 1989
f 1992 1991 1989
f 1993 1991 1992
f 1994 1993 1992
f 1995 1991 1993
f 1996 1995 1993
f 1997 1996 1993
f 1998 1996 1997
f 1999 1998 1997
f 2000 1998 1999
f 2001 2000 1999
f 2002 2000 2001
f 2003 2000 2002
f 2004 2003 2002
f 2005 2004 2002
f 2006 2004 2005
f 2007 2006 2005
f 2008 2006 2007
f 2009 2008 2007
f 2010 2004 2006
f 2011 2010 2006
f 2012 2010 2011
f 2013 2012 2011
f 2014 2013 2011
f 2015 2013 2014
f 2016 2013 2015
f 2017 2016 2015
f 2018 2016 2017
f 2019 2018 2017
f 2020 2018 2019
f 2021 2020 2019
f 2022 2021 2019
f 2023 2021 2022
f 2024 2023 2022
f 2025 2023 2024
f 2026 2025 2024
f 2027 2025 2026
f 2028 2027 2026
f 2029 2028 2026
f 2030 2028 2029
f 2031 2028 2030
f 2032 2031 2030
f 2033 2031 2032
f 2034 2033 2032
f 2035 2034 2032
f 2036 2034 2035
f 2037 2036 2035
f 2038 2036 2037
f 2039 2034 2036
f 2040 2034 2039
f 2041 2040 2039
f 2042 2041 2039
f 2033 2034 2040
f 2043 2033 2040
f 2044 2033 2043
f 2045 2044 2043
f 2046 2044 2045
f 2047 2046 2045
f 2048 2046 2047
f 2049 2048 2047
f 2050 2048 2049
f 2051 2048 2050
f 2052 2051 2050
f 2053 2052 2050
f 2054 2053 2050
f 2055 2053 2054
f 2056 2055 2054
f 2057 2056 2054
f 2058 2056 2057
f 2059 2055 2056
f 2046 2048 2051
f 2060 2046 2051
f 2061 2060 2051
f 2052 2061 2051
f 2062 2060 2061
f 2063 2062 2061
f 2064 2062 2063
f 2065 2062 2064
f 2066 2065 2064
f 2060 2062 2065
f 2044 2046 2060
f 2065 2044 2060
f 2067 1988 1990
f 2068 1988 2067
f 2069 2068 2067
f 2070 2069 2067
f 2071 2069 2070
f 2072 2069 2071
f 2073 2072 2071
f 2074 2073 2071
f 2075 2073 2074
f 2076 2075 2074
f 2077 2075 2076
f 2078 2077 2076
f 2079 2075 2077
f 2080 2079 2077
f 2078 2080 2077
f 2081 2080 2078
f 2082 2080 2081
f 2083 2082 2081
f 2084 2083 2081
f 2085 2083 2084
f 2086 2085 2084
f 2087 2086 2084
f 2088 2086 2087
f 2089 2086 2088
f 2090 2089 2088
f 2091 2089 2090
f 2092 2091 2090
f 2093 2092 2090
f 2094 2092 2093
f 2095 2094 2093
f 2096 2094 2095
f 2097 2096 2095
f 2098 2096 2097
f 2099 2098 2097
f 2100 2098 2099
f 2101 2100 2099
f 2102 2100 2101
f 2103 2102 2101
f 2104 2103 2101
f 2105 2103 2104
f 2106 2103 2105
f 2107 2106 2105
f 2108 2106 2107
f 2109 2108 2107
f 2110 2109 2107
f 2111 2109 2110
f 2112 2109 2111
f 2113 2112 2111
f 2114 2113 2111
f 2115 2113 2114
f 2116 2115 2114
f 2117 2116 2114
f 2118 2116 2117
f 2119 2116 2118
f 2120 2116 2119
f 2121 2120 2119
f 2122 2120 2121
f 2123 2122 2121
f 2124 2123 2121
f 2125 2124 2121
f 2126 2124 2125
f 2127 2124 2126
f 2128 2127 2126
f 2129 2128 2126
f 2130 2128 2129
f 2131 2130 2129
f 2132 2131 2129
f 2133 2131 2132
f 2134 2133 2132
f 2135 2133 2134
f 2136 2133 2135
f 2137 2136 2135
f 2138 2137 2135
f 2139 2137 2138
f 2140 2139 2138
f 2141 2139 2140
f 2142 2141 2140
f 2143 2142 2140
f 2144 2142 2143
f 2145 2144 2143
f 2146 2144 2145
f 2147 2146 2145
f 2148 2146 2147
f 2149 2148 2147
f 2150 2146 2148
f 2151 2150 2148
f 2152 2146 2150
f 2153 2146 2152
f 2154 2153 2152
f 2155 2154 2152
f 2150 2155 2152
f 2156 2154 2155
f 2157 2156 2155
f 2158 2157 2155
f 2159 2157 2158
f 2160 2157 2159
f 2161 2160 2159
f 2162 2161 2159
f 2163 2161 2162
f 2164 2163 2162
f 2165 2163 2164
f 2166 2165 2164
f 2167 2163 2165
f 2168 2167 2165
f 2169 2168 2165
f 2170 2169 2165
f 2171 2169 2170
f 2172 2171 2170
f 2173 2172 2170
f 2174 2173 2170
f 2175 2173 2174
f 2176 2175 2174
f 2177 2175 2176
f 2178 2177 2176
f 2179 2178 2176
f 2180 2178 2179
f 2181 2178 2180
f 2182 2181 2180
f 2183 2181 2182
f 2184 2183 2182
f 2185 2184 2182
f 2186 2184 2185
f 2187 2186 2185
f 2188 2186 2187
f 2189 2188 2187
f 2190 2189 2187
f 2191 2190 2187
f 2192 2190 2191
f 2193 2190 2192
f 2194 2193 2192
f 2195 2194 2192
f 2196 2194 2195
f 2197 2196 2195
f 2198 2196 2197
f 2199 2196 2198
f 2200 2196 2199
f 2194 2196 2200
f 2201 2194 2200
f 2202 2201 2200
f 2203 2201 2202
f 2204 2203 2202
f 2205 2203 2204
f 2206 2205 2204
f 2207 2206 2204
f 2208 2206 2207
f 2209 2208 2207
f 2210 2208 2209
f 2211 2210 2209
f 2212 2210 2211
f 2213 2212 2211
f 2214 2212 2213
f 2215 2214 2213
f 2216 2215 2213
f 2217 2216 2213
f 2218 2216 2217
f 2219 2218 2217
f 2220 2218 2219
f 2221 2220 2219
f 2222 2220 2221
f 2223 2222 2221
f 2224 2222 2223
f 2225 2224 2223
f 2226 2224 2225
f 2227 2226 2225
f 2228 2227 2225
f 2229 2227 2228
f 2230 2229 2228
f 2231 2230 2228
f 2232 2231 2228
f 2233 2231 2232
f 2234 2231 2233
f 2235 2231 2234
f 2236 2235 2234
f 2237 2236 2234
f 2238 2236 2237
f 2239 2238 2237
f 2240 2238 2239
f 2241 2240 2239
f 2242 2240 2241
f 2243 2242 2241
f 2244 2243 2241
f 2245 2243 2244
f 2246 2245 2244
f 2247 2245 2246
f 2248 2247 2246
f 2249 2248 2246
f 2250 2248 2249
f 2251 2248 2250
f 2252 2251 2250
f 2253 2251 2252
f 2254 2253 2252
f 2255 2253 2254
f 2256 2255 2254
f 2257 2256 2254
f 2258 2256 2257
f 2259 2258 2257
f 2260 2258 2259
f 2261 2258 2260
f 2262 2261 2260
f 2263 2262 2260
f 2264 2263 2260
f 2265 2263 2264
f 2266 2265 2264
f 2267 2266 2264
f 2268 2265 2266
f 2269 2268 2266
f 2270 2268 2269
f 2271 2270 2269
f 2272 2270 2271
f 2273 2272 2271
f 2274 2272 2273
f 2275 2274 2273
f 2276 2272 2274
f 2277 2276 2274
f 2278 2277 2274
f 2275 2278 2274
f 2279 2278 2275
f 2280 2279 2275
f 2281 2279 2280
f 2282 2281 2280
f 2283 2281 2282
f 2284 2281 2283
f 2285 2284 2283
f 2286 2284 2285
f 2287 2286 2285
f 2288 2287 2285
f 2289 2287 2288
f 2290 2289 2288
f 2291 2290 2288
f 2292 2290 2291
f 2293 2292 2291
f 2294 2292 2293
f 2295 2294 2293
f 2296 2294 2295
f 2297 2296 2295
f 2298 2296 2297
f 2299 2298 2297
f 2300 2299 2297
f 2301 2299 2300
f 2302 2301 2300
f 2303 2302 2300
f 2304 2303 2300
f 2305 2303 2304
f 2306 2303 2305
f 2307 2306 2305
f 2308 2307 2305
f 2309 2307 2308
f 2310 2309 2308
f 2311 2309 2310
f 2312 2311 2310
f 2313 2312 2310
f 2314 2312 2313
f 2315 2312 2314
f 2316 2312 2315
f 2317 2316 2315
f 2318 2317 2315
f 2319 2318 2315
f 2320 2317 2318
f 2319 2320 2318
f 2321 2320 2319
f 2322 2317 2320
f 2323 2322 2320
f 2324 2317 2322
f 2325 2324 2322
f 2326 2325 2322
f 2327 2326 2322
f 2323 2327 2322
f 2328 2327 2323
f 2329 2327 2328
f 2330 2329 2328
f 2331 2329 2330
f 2332 2331 2330
f 2333 2331 2332
f 2334 2333 2332
f 2335 2334 2332
f 2336 2335 2332
f 2337 2335 2336
f 2338 2337 2336
f 2339 2337 2338
f 2340 2337 2339
f 2341 2340 2339
f 2342 2340 2341
f 2343 2342 2341
f 2344 2342 2343
f 2345 2342 2344
f 2346 2345 2344
f 2347 2346 2344
f 2348 2346 2347
f 2349 2348 2347
f 2350 2349 2347
f 2351 2349 2350
f 2352 2351 2350
f 2353 2352 2350
f 2354 2353 2350
f 2355 2353 2354
f 2356 2353 2355
f 2357 2353 2356
f 2358 2357 2356
f 2359 2357 2358
f 2360 2357 2359
f 2361 2357 2360
f 2362 2361 2360
f 2363 2361 2362
f 2364 2363 2362
f 2365 2364 2362
f 2366 2364 2365
f 2367 2364 2366
f 2368 2367 2366
f 2369 2367 2368
f 2370 2369 2368
f 2371 2369 2370
f 2367 2369 2371
f 2372 2367 2371
f 2373 2372 2371
f 2374 2373 2371
f 2375 2373 2374
f 2376 2375 2374
f 2377 2375 2376
f 2378 2377 2376
f 2379 2377 2378
f 2380 2379 2378
f 2381 2380 2378
f 2382 2381 2378
f 2383 2381 2382
f 2384 2383 2382
f 2385 2381 2383
f 2386 2385 2383
f 2387 2386 2383
f 2388 2387 2383
f 2384 2388 2383
f 2389 2387 2388
f 2390 2387 2389
f 2391 2390 2389
f 2392 2391 2389
f 2393 2391 2392
f 2394 2393 2392
f 2395 2393 2394
f 2396 2395 2394
f 2397 2396 2394
f 2398 2396 2397
f 2399 2398 2397
f 2400 2398 2399
f 2401 2400 2399
f 2402 2398 2400
f 2403 2404 2405
f 2406 2404 2403
f 2407 2406 2403
f 2408 2409 2410
f 2411 2409 2408
f 2412 2411 2408
f 2413 2412 2408
f 2414 2412 2413
f 2415 2412 2414
f 2416 2417 2418
f 2419 2416 2418
f 2420 2416 2419
f 2421 2416 2420
f 2422 2421 2420
f 2423 2422 2420
f 2424 2422 2423
f 2425 2424 2423
f 2426 2424 2425
f 2427 2428 2429
f 2430 2428 2427
f 2431 2430 2427
f 2432 2430 2431
f 2433 2432 2431
f 2434 2432 2433
f 2435 2434 2433
f 2436 2434 2435
f 2437 2436 2435
f 2438 2436 2437
f 2439 2438 2437
f 2440 2438 2439
f 2441 2436 2438
f 2442 2441 2438
f 2443 2441 2442
f 2444 2443 2442
f 2445 2444 2442
f 2446 2444 2445
f 2447 2446 2445
f 2448 2447 2445
f 2449 2447 2448
f 2450 2449 2448
f 2451 2450 2448
f 2452 2450 2451
f 2453 2452 2451
f 2454 2452 2453
f 2455 2454 2453
f 2456 2454 2455
f 2457 2456 2455
f 2458 2457 2455
f 2459 2457 2458
f 2460 2459 2458
f 2461 2459 2460
f 2462 2461 2460
f 2463 2461 2462
f 2464 2463 2462
f 2465 2464 2462
f 2466 2464 2465
f 2467 2466 2465
f 2468 2466 2467
f 2469 2468 2467
f 2470 2469 2467
f 2471 2469 2470
f 2472 2471 2470
f 2473 2471 2472
f 2474 2473 2472
f 2475 2474 2472
f 2476 2474 2475
f 2477 2476 2475
f 2478 2477 2475
f 2479 2477 2478
f 2480 2477 2479
f 2481 2480 2479
f 2482 2481 2479
f 2483 2481 2482
f 2484 2483 2482
f 2485 2484 2482
f 2486 2483 2484
f 2487 2486 2484
f 2488 2486 2487
f 2489 2488 2487
f 2490 2489 2487
f 2491 2490 2487
f 2492 2490 2491
f 2493 2492 2491
f 2494 2492 2493
f 2495 2494 2493
f 2496 2495 2493
f 2497 2495 2496
f 2498 2497 2496
f 2499 2498 2496
f 2500 2497 2498
f 2501 2497 2500
f 2502 2501 2500
f 2503 2502 2500
f 2504 2502 2503
f 2505 2504 2503
f 2506 2504 2505
f 2507 2506 2505
f 2508 2506 2507
f 2509 2508 2507
f 2510 2509 2507
f 2511 2509 2510
f 2512 2511 2510
f 2513 2509 2511
f 2514 2513 2511
f 2512 2514 2511
f 2515 2514 2512
f 2516 2513 2514
f 2517 2516 2514
f 2518 2517 2514
f 2519 2518 2514
f 2515 2519 2514
f 2520 2519 2515
f 2521 2519 2520
f 2522 2521 2520
f 2523 2521 2522
f 2524 2523 2522
f 2525 2524 2522
f 2526 2524 2525
f 2527 2526 2525
f 2528 2526 2527
f 2529 2528 2527
f 2530 2528 2529
f 2531 2528 2530
f 2532 2531 2530
f 2533 2531 2532
f 2534 2533 2532
f 2535 2533 2534
f 2536 2535 2534
f 2537 2535 2536
f 2538 2537 2536
f 2539 2537 2538
f 2540 2537 2539
f 2541 2540 2539
f 2542 2541 2539
f 2543 2541 2542
f 2544 2543 2542
f 2545 2543 2544
f 2546 2545 2544
f 2547 2545 2546
f 2548 2545 2547
f 2549 2548 2547
f 2550 2549 2547
f 2551 2549 2550
f 2552 2549 2551
f 2553 2549 2552
f 2554 2553 2552
f 2555 2554 2552
f 2556 2554 2555
f 2557 2556 2555
f 2558 2556 2557
f 2559 2556 2558
f 2560 2559 2558
f 2561 2559 2560
f 2562 2561 2560
f 2563 2561 2562
f 2564 2561 2563
f 2565 2564 2563
f 2566 2565 2563
f 2567 2565 2566
f 2568 2567 2566
f 2569 2567 2568
f 2570 2567 2569
f 2571 2570 2569
f 2572 2571 2569
f 2573 2571 2572
f 2574 2571 2573
f 2575 2574 2573
f 2576 2574 2575
f 2577 2576 2575
f 2578 2577 2575
f 2579 2577 2578
f 2580 2579 2578
f 2581 2579 2580
f 2582 2581 2580
f 2583 2581 2582
f 2584 2583 2582
f 2585 2584 2582
f 2586 2583 2584
f 2587 2583 2586
f 2588 2587 2586
f 2589 2588 2586
f 2590 2589 2586
f 2591 2589 2590
f 2592 2591 2590
f 2593 2592 2590
f 2594 2592 2593
f 2595 2594 2593
f 2596 2595 2593
f 2597 2592 2594
f 2598 2597 2594
f 2599 2597 2598
f 2600 2599 2598
f 2601 2599 2600
f 2602 2601 2600
f 2603 2601 2602
f 2604 2603 2602
f 2605 2603 2604
f 2606 2605 2604
f 2607 2605 2606
f 2608 2607 2606
f 2609 2607 2608
f 2610 2609 2608
f 2611 2610 2608
f 2612 2610 2611
f 2613 2610 2612
f 2614 2613 2612
f 2615 2614 2612
f 2616 2615 2612
f 2617 2615 2616
f 2618 2617 2616
f 2619 2618 2616
f 2620 2617 2618
f 2621 2617 2620
f 2622 2621 2620
f 2623 2622 2620
f 2624 2622 2623
f 2625 2622 2624
f 2626 2625 2624
f 2627 2626 2624
f 2628 2626 2627
f 2629 2626 2628
f 2630 2629 2628
f 2631 2630 2628
f 2632 2630 2631
f 2633 2632 2631
f 2634 2632 2633
f 2635 2632 2634
f 2636 2635 2634
f 2637 2636 2634
f 2638 2636 2637
f 2639 2638 2637
f 2640 2638 2639
f 2641 2640 2639
f 2642 2641 2639
f 2643 2641 2642
f 2644 2641 2643
f 2645 2644 2643
f 2646 2644 2645
f 2647 2646 2645
f 2648 2647 2645
f 2649 2647 2648
f 2650 2649 2648
f 2651 2649 2650
f 2652 2649 2651
f 2647 2649 2652
f 2653 2647 2652
f 2654 2653 2652
f 2646 2647 2653
f 2655 2646 2653
f 2656 2646 2655
f 2657 2656 2655
f 2658 2657 2655
f 2659 2656 2657
f 2660 2659 2657
f 2661 2659 2660
f 2662 2661 2660
f 2663 2661 2662
f 2664 2663 2662
f 2665 2664 2662
f 2666 2664 2665
f 2667 2666 2665
f 2668 2666 2667
f 2669 2668 2667
f 2670 2668 2669
f 2671 2670 2669
f 2672 2670 2671
f 2673 2672 2671
f 2674 2672 2673
f 2675 2674 2673
f 2676 2675 2673
f 2677 2675 2676
f 2678 2677 2676
f 2679 2678 2676
f 2680 2678 2679
f 2681 2678 2680
f 2682 2678 2681
f 2683 2682 2681
f 2684 2683 2681
f 2685 2683 2684
f 2686 2685 2684
f 2687 2686 2684
f 2688 2686 2687
f 2689 2688 2687
f 2690 2689 2687
f 2691 2688 2689
f 2692 2691 2689
f 2693 2691 2692
f 2694 2693 2692
f 2695 2693 2694
f 2696 2695 2694
f 2697 2695 2696
f 2698 2697 2696
f 2699 2697 2698
f 2700 2699 2698
f 2701 2695 2697
f 2693 2695 2701
f 2702 2693 2701
f 2703 2693 2702
f 2704 2703 2702
f 2705 2703 2704
f 2706 2705 2704
f 2707 2705 2706
f 2708 2707 2706
f 2709 2707 2708
f 2710 2709 2708
f 2711 2709 2710
f 2712 2711 2710
f 2713 2712 2710
f 2714 2712 2713
f 2715 2714 2713
f 2716 2714 2715
f 2717 2714 2716
f 2718 2717 2716
f 2719 2718 2716
f 2720 2719 2716
f 2715 2720 2716
f 2721 2720 2715
f 2722 2720 2721
f 2719 2720 2722
f 2723 2719 2722
f 2724 2723 2722
f 2725 2723 2724
f 2726 2723 2725
f 2727 2726 2725
f 2728 2726 2727
f 2729 2726 2728
f 2730 2729 2728
f 2731 2729 2730
f 2732 2731 2730
f 2733 2731 2732
f 2734 2733 2732
f 2735 2733 2734
f 2736 2735 2734
f 2737 2736 2734
f 2738 2736 2737
f 2739 2736 2738
f 2740 2739 2738
f 2741 2739 2740
f 2742 2741 2740
f 2743 2741 2742
f 2744 2743 2742
f 2745 2743 2744
f 2746 2745 2744
f 2747 2743 2745
f 2748 2747 2745
f 2749 2747 2748
f 2750 2743 2747
f 2741 2743 2750
f 2739 2741 2750
f 2751 2739 2750
f 2736 2739 2751
f 2735 2736 2751
f 2752 2726 2729
f 2723 2726 2752
f 2719 2723 2752
f 2718 2719 2752
f 2729 2718 2752
f 2731 2718 2729
f 2717 2718 2731
f 2733 2717 2731
f 2714 2717 2733
f 2735 2714 2733
f 2712 2714 2735
f 2751 2712 2735
f 2711 2712 2751
f 2750 2711 2751
f 2709 2711 2750
f 2747 2709 2750
f 2707 2709 2747
f 2749 2707 2747
f 2705 2707 2749
f 2703 2705 2749
f 2691 2693 2703
f 2688 2691 2703
f 2749 2688 2703
f 2748 2688 2749
f 2686 2688 2748
f 2685 2686 2748
f 2745 2685 2748
f 2746 2685 2745
f 2683 2685 2746
f 2753 2683 2746
f 2682 2683 2753
f 2754 2682 2753
f 2677 2678 2682
f 2754 2677 2682
f 2755 2677 2754
f 2675 2677 2755
f 2756 2675 2755
f 2757 2756 2755
f 2758 2756 2757
f 2759 2758 2757
f 2760 2758 2759
f 2761 2760 2759
f 2762 2760 2761
f 2763 2762 2761
f 2764 2763 2761
f 2765 2764 2761
f 2766 2764 2765
f 2767 2766 2765
f 2768 2766 2767
f 2769 2768 2767
f 2770 2766 2768
f 2771 2770 2768
f 2769 2771 2768
f 2772 2771 2769
f 2773 2772 2769
f 2774 2772 2773
f 2775 2774 2773
f 2776 2774 2775
f 2777 2776 2775
f 2778 2776 2777
f 2779 2776 2778
f 2780 2779 2778
f 2781 2780 2778
f 2782 2781 2778
f 2783 2781 2782
f 2784 2783 2782
f 2785 2783 2784
f 2786 2783 2785
f 2787 2786 2785
f 2788 2786 2787
f 2789 2788 2787
f 2790 2789 2787
f 2791 2789 2790
f 2792 2791 2790
f 2793 2791 2792
f 2794 2793 2792
f 2795 2794 2792
f 2796 2794 2795
f 2797 2794 2796
f 2798 2797 2796
f 2799 2798 2796
f 2800 2798 2799
f 2801 2800 2799
f 2802 2800 2801
f 2803 2800 2802
f 2804 2803 2802
f 2805 2803 2804
f 2806 2803 2805
f 2807 2803 2806
f 2808 2807 2806
f 2809 2808 2806
f 2810 2809 2806
f 2805 2810 2806
f 2811 2810 2805
f 2812 2811 2805
f 2804 2812 2805
f 2813 2812 2804
f 2814 2812 2813
f 2815 2814 2813
f 2816 2814 2815
f 2817 2814 2816
f 2818 2817 2816
f 2819 2818 2816
f 2820 2818 2819
f 2821 2820 2819
f 2822 2820 2821
f 2823 2822 2821
f 2824 2822 2823
f 2825 2824 2823
f 2826 2824 2825
f 2827 2826 2825
f 2828 2826 2827
f 2829 2828 2827
f 2830 2828 2829
f 2831 2830 2829
f 2832 2831 2829
f 2833 2832 2829
f 2834 2832 2833
f 2835 2832 2834
f 2836 2835 2834
f 2837 2835 2836
f 2838 2837 2836
f 2839 2838 2836
f 2840 2839 2836
f 2841 2839 2840
f 2842 2841 2840
f 2843 2841 2842
f 2844 2843 2842
f 2845 2844 2842
f 2846 2844 2845
f 2847 2846 2845
f 2848 2846 2847
f 2849 2848 2847
f 2850 2848 2849
f 2851 2848 2850
f 2852 2851 2850
f 2853 2848 2851
f 2846 2848 2853
f 2854 2843 2844
f 2855 2854 2844
f 2856 2854 2855
f 2857 2854 2856
f 2858 2857 2856
f 2859 2857 2858
f 2860 2859 2858
f 2861 2859 2860
f 2862 2859 2861
f 2863 2862 2861
f 2864 2862 2863
f 2865 2864 2863
f 2866 2865 2863
f 2867 2865 2866
f 2868 2867 2866
f 2869 2867 2868
f 2870 2869 2868
f 2871 2869 2870
f 2872 2871 2870
f 2873 2872 2870
f 2874 2872 2873
f 2875 2874 2873
f 2876 2875 2873
f 2877 2872 2874
f 2878 2877 2874
f 2879 2877 2878
f 2880 2879 2878
f 2881 2879 2880
f 2882 2881 2880
f 2883 2881 2882
f 2884 2883 2882
f 2885 2883 2884
f 2886 2885 2884
f 2887 2885 2886
f 2888 2887 2886
f 2889 2888 2886
f 2890 2888 2889
f 2891 2890 2889
f 2892 2888 2890
f 2893 2892 2890
f 2894 2892 2893
f 2895 2894 2893
f 2896 2895 2893
f 2890 2896 2893
f 2897 2895 2896
f 2898 2897 2896
f 2899 2898 2896
f 2900 2899 2896
f 2901 2899 2900
f 2902 2901 2900
f 2903 2901 2902
f 2904 2903 2902
f 2905 2904 2902
f 2906 2903 2904
f 2907 2906 2904
f 2908 2907 2904
f 2909 2907 2908
f 2910 2909 2908
f 2911 2910 2908
f 2912 2906 2907
f 2913 1390 2914
f 2915 2906 2912
f 2916 2915 2912
f 2917 2916 2912
f 2914 2918 2913
f 2918 2919 2914
f 2920 2921 2922
f 2923 2921 2920
f 2924 2923 2920
f 2925 2924 2920
f 2926 2924 2925
f 2927 2926 2925
f 2928 2926 2927
f 2929 2928 2927
f 2930 2926 2928
f 2931 2930 2928
f 2929 2931 2928
f 2932 2930 2931
f 2933 2932 2931
f 2934 2933 2931
f 2935 2934 2931
f 2936 2934 2935
f 2937 2936 2935
f 2938 2937 2935
f 2939 2934 2936
f 2940 2934 2939
f 2941 2940 2939
f 2942 2940 2941
f 2943 2942 2941
f 2944 2942 2943
f 2945 2942 2944
f 2946 2945 2944
f 2947 2946 2944
f 2948 2946 2947
f 2949 2948 2947
f 2950 2948 2949
f 2951 2948 2950
f 2952 2951 2950
f 2953 2951 2952
f 2954 2953 2952
f 2955 2953 2954
f 2956 2953 2955
f 2957 2953 2956
f 2958 2957 2956
f 2959 2958 2956
f 2960 2958 2959
f 2961 2960 2959
f 2962 2961 2959
f 2963 2961 2962
f 2964 2963 2962
f 2965 2963 2964
f 2966 2965 2964
f 2967 2965 2966
f 2968 2967 2966
f 2969 2968 2966
f 2970 2968 2969
f 2971 2970 2969
f 2972 2970 2971
f 2973 2972 2971
f 2974 2972 2973
f 2975 2974 2973
f 2976 2975 2973
f 2977 2975 2976
f 2978 2972 2974
f 2979 2978 2974
f 2980 2978 2979
f 2981 2980 2979
f 2982 2981 2979
f 2983 2982 2979
f 2974 2983 2979
f 2975 2983 2974
f 2984 2983 2975
f 2977 2984 2975
f 2985 2984 2977
f 2986 2985 2977
f 2987 2986 2977
f 2988 2986 2987
f 2989 2986 2988
f 2990 2989 2988
f 2991 2989 2990
f 2992 2991 2990
f 2993 2992 2990
f 2994 2992 2993
f 2995 2992 2994
f 2996 2995 2994
f 2997 2996 2994
f 2998 2996 2997
f 2999 2996 2998
f 3000 2999 2998
f 3001 3000 2998
f 3002 3000 3001
f 3003 3002 3001
f 3004 3002 3003
f 3005 3002 3004
f 3006 3005 3004
f 3007 3006 3004
f 3008 3006 3007
f 3009 3006 3008
f 3010 3006 3009
f 3011 3010 3009
f 3012 3010 3011
f 3013 3012 3011
f 3009 3013 3011
f 3014 3013 3009
f 3015 3013 3014
f 3016 3015 3014
f 3017 3016 3014
f 3018 3016 3017
f 3019 3016 3018
f 3020 3019 3018
f 3021 3019 3020
f 3022 3021 3020
f 3023 3021 3022
f 3024 3023 3022
f 3025 3023 3024
f 3026 3025 3024
f 3027 3025 3026
f 3028 3025 3027
f 3023 3025 3028
f 3029 3023 3028
f 3030 3029 3028
f 3031 3030 3028
f 3032 3030 3031
f 3033 3032 3031
f 3034 3033 3031
f 3035 3034 3031
f 3036 3035 3031
f 3037 3035 3036
f 3038 3037 3036
f 3039 3038 3036
f 3040 3037 3038
f 3041 3040 3038
f 3042 3041 3038
f 3043 3041 3042
f 3044 3043 3042
f 3045 3044 3042
f 3038 3045 3042
f 3039 3045 3038
f 3046 3044 3045
f 3047 3044 3046
f 3048 3044 3047
f 3049 3048 3047
f 3050 3049 3047
f 3051 3049 3050
f 3052 3051 3050
f 3053 3051 3052
f 3054 3051 3053
f 3055 3054 3053
f 3056 3055 3053
f 3057 3056 3053
f 3058 3056 3057
f 3059 3058 3057
f 3060 3058 3059
f 3061 3060 3059
f 3062 3060 3061
f 3063 3060 3062
f 3064 3063 3062
f 3065 3064 3062
f 3061 3065 3062
f 3066 3065 3061
f 3067 3065 3066
f 3068 3065 3067
f 3069 3065 3068
f 3070 3069 3068
f 3071 3070 3068
f 3067 3071 3068
f 3072 3071 3067
f 3066 3072 3067
f 3073 3071 3072
f 3074 3073 3072
f 3075 3074 3072
f 3076 3073 3074
f 3077 3076 3074
f 3078 3077 3074
f 3075 3078 3074
f 3079 3078 3075
f 3080 3078 3079
f 3081 3080 3079
f 3082 3081 3079
f 3083 3081 3082
f 3084 3081 3083
f 3085 3084 3083
f 3086 3084 3085
f 3087 3086 3085
f 3088 3087 3085
f 3089 3087 3088
f 3090 3089 3088
f 3091 3089 3090
f 3092 3091 3090
f 3093 3091 3092
f 3094 3091 3093
f 3095 3094 3093
f 3096 3094 3095
f 3097 3096 3095
f 3098 3096 3097
f 3099 3098 3097
f 3100 3099 3097
f 3101 3099 3100
f 3102 3101 3100
f 3103 3101 3102
f 3104 3103 3102
f 3105 3103 3104
f 3106 3105 3104
f 3107 3106 3104
f 3108 3106 3107
f 3109 3108 3107
f 3110 3108 3109
f 3111 3108 3110
f 3112 3108 3111
f 3113 3103 3105
f 3114 3103 3113
f 3115 3114 3113
f 3116 3114 3115
f 3103 3114 3116
f 3101 3103 3116
f 3117 3101 3116
f 3118 3117 3116
f 3119 3118 3116
f 3115 3119 3116
f 3120 3118 3119
f 3121 3120 3119
f 3122 3121 3119
f 3123 3121 3122
f 3124 3123 3122
f 3125 3123 3124
f 3126 3125 3124
f 3127 3125 3126
f 3128 3127 3126
f 3129 3128 3126
f 3130 3128 3129
f 3131 3130 3129
f 3132 3131 3129
f 3126 3132 3129
f 3133 3131 3132
f 3134 3131 3133
f 3135 3134 3133
f 3136 3134 3135
f 3137 3136 3135
f 3138 3136 3137
f 3139 3138 3137
f 3140 3138 3139
f 3141 3140 3139
f 3142 3141 3139
f 3143 3141 3142
f 3144 3143 3142
f 3145 3143 3144
f 3146 3145 3144
f 3147 3146 3144
f 3148 3146 3147
f 3149 3148 3147
f 3150 3148 3149
f 3151 3150 3149
f 3152 3151 3149
f 3153 3151 3152
f 3154 3151 3153
f 3155 3154 3153
f 3156 3154 3155
f 3157 3156 3155
f 3158 3156 3157
f 3159 3158 3157
f 3160 3158 3159
f 3161 3160 3159
f 3162 3160 3161
f 3163 3162 3161
f 3164 3162 3163
f 3165 3164 3163
f 3166 3164 3165
f 3167 3166 3165
f 3168 3167 3165
f 3169 3167 3168
f 3170 3169 3168
f 3171 3170 3168
f 3172 3170 3171
f 3173 3170 3172
f 3174 3173 3172
f 3175 3173 3174
f 3176 3175 3174
f 3177 3176 3174
f 3178 3176 3177
f 3179 3178 3177
f 3180 3179 3177
f 3181 3179 3180
f 3182 3181 3180
f 3183 3181 3182
f 3184 3183 3182
f 3185 3183 3184
f 3186 3185 3184
f 3187 3186 3184
f 3188 3186 3187
f 3189 3188 3187
f 3190 3189 3187
f 3191 3189 3190
f 3192 3189 3191
f 3193 3189 3192
f 3194 3193 3192
f 3195 3193 3194
f 3196 3193 3195
f 3197 3196 3195
f 3198 3196 3197
f 3199 3198 3197
f 3200 3199 3197
f 3201 3200 3197
f 3202 3200 3201
f 3203 3200 3202
f 3204 3203 3202
f 3205 3203 3204
f 3206 3203 3205
f 3207 3206 3205
f 3208 3207 3205
f 3209 3207 3208
f 3210 3209 3208
f 3211 3210 3208
f 3212 3210 3211
f 3213 3212 3211
f 3214 3212 3213
f 3215 3214 3213
f 3216 3212 3214
f 3217 3212 3216
f 3218 3217 3216
f 3219 3217 3218
f 3220 3219 3218
f 3221 3220 3218
f 3222 3220 3221
f 3223 3220 3222
f 3224 3223 3222
f 3225 3224 3222
f 3226 3224 3225
f 3227 3226 3225
f 3228 3226 3227
f 3229 3228 3227
f 3230 3228 3229
f 3231 3230 3229
f 3232 3230 3231
f 3233 3232 3231
f 3234 3233 3231
f 3235 3233 3234
f 3236 3233 3235
f 3237 3236 3235
f 3238 3237 3235
f 3239 3237 3238
f 3240 3239 3238
f 3241 3239 3240
f 3242 3241 3240
f 3243 3242 3240
f 3244 3242 3243
f 3245 3244 3243
f 3246 3244 3245
f 3247 3244 3246
f 3248 3244 3247
f 3249 3248 3247
f 3250 3249 3247
f 3251 3250 3247
f 3252 3250 3251
f 3253 3252 3251
f 3254 3253 3251
f 3255 3253 3254
f 3256 3253 3255
f 3257 3256 3255
f 3258 3256 3257
f 3259 3258 3257
f 3260 3258 3259
f 3261 3260 3259
f 3262 3260 3261
f 3263 3260 3262
f 3264 3258 3260
f 3265 3264 3260
f 3263 3265 3260
f 3266 3265 3263
f 3267 3265 3266
f 3268 3265 3267
f 3269 3268 3267
f 3270 3269 3267
f 3271 3268 3269
f 3272 3271 3269
f 3273 3271 3272
f 3274 3271 3273
f 3275 3274 3273
f 3276 3275 3273
f 3277 3275 3276
f 3278 3275 3277
f 3279 3278 3277
f 3280 3279 3277
f 3281 3280 3277
f 3276 3281 3277
f 3282 3280 3281
f 3283 3282 3281
f 3284 3282 3283
f 3285 3284 3283
f 3286 3282 3284
f 3287 3286 3284
f 3288 3287 3284
f 3289 3288 3284
f 3290 3289 3284
f 3285 3290 3284
f 3291 3289 3290
f 3292 3291 3290
f 3293 3292 3290
f 3294 3292 3293
f 3295 3292 3294
f 3296 3295 3294
f 3297 3296 3294
f 3298 3297 3294
f 3299 3297 3298
f 3300 3297 3299
f 3301 3300 3299
f 3302 3300 3301
f 3303 3302 3301
f 3304 3302 3303
f 3305 3300 3302
f 3306 3300 3305
f 3307 3306 3305
f 3308 3307 3305
f 3302 3308 3305
f 3309 3307 3308
f 3310 3309 3308
f 3311 3309 3310
f 3312 3309 3311
f 3313 3312 3311
f 3314 3313 3311
f 3315 3313 3314
f 3316 3315 3314
f 3317 3315 3316
f 3318 3317 3316
f 3319 3318 3316
f 3320 3318 3319
f 3321 3318 3320
f 3322 3321 3320
f 3323 3322 3320
f 3324 3323 3320
f 3325 3323 3324
f 3326 3325 3324
f 3327 3325 3326
f 3328 3327 3326
f 3329 3327 3328
f 3330 3329 3328
f 3331 3330 3328
f 3332 3330 3331
f 3333 3330 3332
f 3329 3330 3333
f 3334 3327 3329
f 3335 3327 3334
f 3336 3335 3334
f 3337 3335 3336
f 3338 3337 3336
f 3339 3337 3338
f 3340 3339 3338
f 3341 3339 3340
f 3342 3341 3340
f 3343 3342 3340
f 3344 3342 3343
f 3345 3344 3343
f 3346 3345 3343
f 3347 3346 3343
f 3348 3345 3346
f 3349 3345 3348
f 3350 3349 3348
f 3351 3349 3350
f 3352 3351 3350
f 3353 3352 3350
f 3354 3352 3353
f 3355 3354 3353
f 3356 3354 3355
f 3357 3356 3355
f 3358 3356 3357
f 3359 3358 3357
f 3360 3358 3359
f 3361 3360 3359
f 3362 3361 3359
f 3363 3360 3361
f 3364 3363 3361
f 3365 3364 3361
f 3362 3365 3361
f 3366 3364 3365
f 3367 3366 3365
f 3368 3366 3367
f 3369 3368 3367
f 3370 3369 3367
f 3371 3369 3370
f 3372 3371 3370
f 3373 3371 3372
f 3374 3373 3372
f 3375 3373 3374
f 3376 3375 3374
f 3377 3376 3374
f 3378 3377 3374
f 3379 3376 3377
f 3380 3379 3377
f 3381 3379 3380
f 3382 3381 3380
f 3383 3382 3380
f 3384 3381 3382
f 3385 3381 3384
f 3386 3385 3384
f 3387 3385 3386
f 3388 3387 3386
f 3389 3388 3386
f 3390 3388 3389
f 3391 3390 3389
f 3392 3390 3391
f 3393 3390 3392
f 3394 3395 3396
f 3397 3394 3396
f 3398 3397 3396
f 3390 3393 3399
f 3388 3390 3399
f 3387 3388 3399
f 3395 3387 3399
f 3394 3387 3395
f 3385 3387 3394
f 3397 3385 3394
f 3381 3385 3397
f 3379 3381 3397
f 3398 3379 3397
f 3376 3379 3398
f 3400 3376 3398
f 3375 3376 3400
f 3401 3375 3400
f 3402 3401 3400
f 3403 3402 3400
f 3404 3402 3403
f 3405 3404 3403
f 3406 3405 3403
f 3407 3406 3403
f 3408 3409 3410
f 3411 3408 3410
f 3412 3408 3411
f 3413 3412 3411
f 3414 3412 3413
f 3415 3414 3413
f 3416 3417 3418
f 3419 3416 3418
f 3420 3419 3421
f 3422 3420 3421
f 3423 3420 3422
f 3424 3423 3422
f 3425 3424 3422
f 3426 3425 3422
f 3421 3426 3422
f 3427 3428 3429
f 3430 3427 3429
f 3431 3427 3430
f 3432 3431 3430
f 3433 3431 3432
f 3434 3435 3436
f 3437 3434 3436
f 3438 3434 3437
f 3439 3438 3437
f 3440 3441 3442
f 3443 3441 3440
f 3444 3443 3440
f 3445 3444 3440
f 3446 3444 3445
f 3447 3446 3445
f 3448 3446 3447
f 3449 3448 3447
f 3450 3448 3449
f 3451 3448 3450
f 3452 3451 3450
f 3453 3452 3450
f 3454 3452 3453
f 3455 3454 3453
f 3456 3455 3453
f 3457 3455 3456
f 3458 3457 3456
f 3459 3457 3458
f 3460 3455 3457
f 3461 3455 3460
f 3454 3455 3461
f 3462 3454 3461
f 3463 3462 3461
f 3464 3462 3463
f 3465 3464 3463
f 3466 3464 3465
f 3467 3466 3465
f 3468 3466 3467
f 3469 3468 3467
f 3470 3468 3469
f 3471 3470 3469
f 3472 3471 3469
f 3473 3472 3469
f 3474 3472 3473
f 3475 3474 3473
f 3476 3477 3478
f 3479 3477 3476
f 3480 3479 3476
f 3481 3479 3480
f 3482 3481 3480
f 3483 3482 3480
f 3484 3482 3483
f 3485 3484 3483
f 3486 3484 3485
f 3487 3486 3485
f 3488 3487 3485
f 3489 3487 3488
f 3490 3487 3489
f 3491 3490 3489
f 3492 3491 3489
f 3493 3491 3492
f 3494 3493 3492
f 3495 3493 3494
f 3496 3493 3495
f 3497 3496 3495
f 3498 3496 3497
f 3499 3498 3497
f 3500 3499 3497
f 3501 3499 3500
f 3502 3499 3501
f 3503 3499 3502
f 3504 3503 3502
f 3505 3503 3504
f 3506 3505 3504
f 3507 3505 3506
f 3508 3507 3506
f 3509 3508 3506
f 3510 3508 3509
f 3511 3508 3510
f 3512 3511 3510
f 3513 3511 3512
f 3514 3513 3512
f 3515 3513 3514
f 3516 3515 3514
f 3517 3516 3514
f 3518 3517 3514
f 3519 3517 3518
f 3520 3519 3518
f 3521 3520 3518
f 3522 3520 3521
f 3523 3522 3521
f 3524 3523 3521
f 3525 3523 3524
f 3526 3525 3524
f 3527 3525 3526
f 3528 3527 3526
f 3529 3528 3526
f 3530 3528 3529
f 3531 3530 3529
f 3532 3530 3531
f 3533 3532 3531
f 3534 3533 3531
f 3535 3532 3533
f 3536 3532 3535
f 3537 3536 3535
f 3538 3537 3535
f 3539 3537 3538
f 3540 3539 3538
f 3541 3539 3540
f 3542 3541 3540
f 3543 3542 3540
f 3544 3542 3543
f 3545 3544 3543
f 3546 3545 3543
f 3547 3545 3546
f 3548 3545 3547
f 3549 3548 3547
f 3550 3548 3549
f 3551 3550 3549
f 3552 3550 3551
f 3553 3552 3551
f 3554 3552 3553
f 3555 3554 3553
f 3556 3555 3553
f 3557 3555 3556
f 3558 3555 3557
f 3559 3558 3557
f 3560 3559 3557
f 3561 3559 3560
f 3562 3559 3561
f 3563 3559 3562
f 3564 3559 3563
f 3565 3564 3563
f 3566 3565 3563
f 3562 3566 3563
f 3567 3566 3562
f 3561 3567 3562
f 3568 3566 3567
f 3569 3568 3567
f 3570 3569 3567
f 3571 3569 3570
f 3572 3569 3571
f 3573 3572 3571
f 3574 3572 3573
f 3575 3574 3573
f 3576 3575 3573
f 3577 3575 3576
f 3578 3577 3576
f 3579 3577 3578
f 3580 3579 3578
f 3581 3579 3580
f 3582 3581 3580
f 3583 3581 3582
f 3584 3583 3582
f 3585 3583 3584
f 3586 3585 3584
f 3587 3585 3586
f 3588 3587 3586
f 3589 3587 3588
f 3590 3589 3588
f 3591 3589 3590
f 3592 3591 3590
f 3593 3592 3590
f 3594 3592 3593
f 3595 3592 3594
f 3596 3595 3594
f 3597 3596 3594
f 3598 3596 3597
f 3599 3596 3598
f 3600 3599 3598
f 3601 3600 3598
f 3602 3601 3598
f 3603 3601 3602
f 3604 3603 3602
f 3605 3603 3604
f 3606 3605 3604
f 3607 3605 3606
f 3608 3607 3606
f 3609 3607 3608
f 3610 3607 3609
f 3611 3610 3609
f 3612 3610 3611
f 3613 3612 3611
f 3614 3612 3613
f 3615 3614 3613
f 3616 3615 3613
f 3617 3615 3616
f 3618 3615 3617
f 3619 3618 3617
f 3620 3618 3619
f 3621 3620 3619
f 3622 3620 3621
f 3623 3622 3621
f 3624 3623 3621
f 3625 3623 3624
f 3626 3625 3624
f 3627 3626 3624
f 3628 3626 3627
f 3629 3626 3628
f 3630 3629 3628
f 3631 3629 3630
f 3632 3631 3630
f 3633 3632 3630
f 3634 3632 3633
f 3635 3634 3633
f 3636 3635 3633
f 3637 3635 3636
f 3638 3637 3636
f 3639 3638 3636
f 3640 3638 3639
f 3641 3638 3640
f 3642 3641 3640
f 3643 3642 3640
f 3644 3641 3642
f 3645 3641 3644
f 3646 3645 3644
f 3647 3646 3644
f 3648 3647 3644
f 3649 3647 3648
f 3650 3649 3648
f 3651 3650 3648
f 3652 3650 3651
f 3653 3652 3651
f 3654 3652 3653
f 3655 3654 3653
f 3656 3654 3655
f 3657 3656 3655
f 3658 3657 3655
f 3659 3657 3658
f 3660 3659 3658
f 3661 3659 3660
f 3662 3661 3660
f 3663 3661 3662
f 3664 3663 3662
f 3665 3663 3664
f 3666 3665 3664
f 3667 3666 3664
f 3668 3667 3664
f 3669 3668 3664
f 3670 3668 3669
f 3671 3668 3670
f 3672 3671 3670
f 3673 3671 3672
f 3674 3671 3673
f 3675 3674 3673
f 3676 3674 3675
f 3677 3676 3675
f 3678 3676 3677
f 3679 3678 3677
f 3680 3678 3679
f 3681 3680 3679
f 3682 3681 3679
f 3683 3681 3682
f 3684 3683 3682
f 3685 3683 3684
f 3686 3685 3684
f 3687 3685 3686
f 3688 3685 3687
f 3689 3685 3688
f 3690 3689 3688
f 3691 3690 3688
f 3692 3690 3691
f 3693 3690 3692
f 3694 3693 3692
f 3695 3693 3694
f 3696 3695 3694
f 3697 3695 3696
f 3698 3697 3696
f 3699 3698 3696
f 3700 3699 3696
f 3701 3700 3696
f 3702 3700 3701
f 3703 3700 3702
f 3704 3703 3702
f 3705 3704 3702
f 3706 3704 3705
f 3707 3706 3705
f 3708 3707 3705
f 3709 3707 3708
f 3710 3709 3708
f 3711 3709 3710
f 3712 3709 3711
f 3713 3712 3711
f 3714 3713 3711
f 3715 3712 3713
f 3716 3712 3715
f 3717 3716 3715
f 3718 3716 3717
f 3719 3718 3717
f 3720 3718 3719
f 3721 3718 3720
f 3722 3721 3720
f 3723 3722 3720
f 3724 3722 3723
f 3725 3724 3723
f 3726 3725 3723
f 3727 3725 3726
f 3728 3727 3726
f 3729 3727 3728
f 3730 3727 3729
f 3731 3730 3729
f 3732 3731 3729
f 3728 3732 3729
f 3733 3732 3728
f 3734 3733 3728
f 3735 3732 3733
f 3736 3732 3735
f 3737 3732 3736
f 3738 3737 3736
f 3739 3737 3738
f 3740 3739 3738
f 3741 3740 3738
f 3742 3740 3741
f 3743 3742 3741
f 3744 3742 3743
f 3745 3744 3743
f 3746 3745 3743
f 3747 3745 3746
f 3748 3745 3747
f 3749 3748 3747
f 3750 3749 3747
f 3751 3749 3750
f 3752 3751 3750
f 3753 3751 3752
f 3754 3751 3753
f 3755 3754 3753
f 3756 3755 3753
f 3757 3756 3753
f 3758 3756 3757
f 3759 3756 3758
f 3760 3759 3758
f 3761 3759 3760
f 3762 3761 3760
f 3763 3762 3760
f 3764 3762 3763
f 3765 3764 3763
f 3766 3764 3765
f 3767 3766 3765
f 3768 3766 3767
f 3769 3768 3767
f 3770 3769 3767
f 3771 3770 3767
f 3772 3770 3771
f 3773 3772 3771
f 3774 3773 3771
f 3775 3774 3771
f 3776 3774 3775
f 3777 3774 3776
f 3778 3774 3777
f 3779 3778 3777
f 3780 3779 3777
f 3781 3779 3780
f 3782 3781 3780
f 3783 3782 3780
f 3784 3782 3783
f 3785 3782 3784
f 3786 3785 3784
f 3787 3785 3786
f 3788 3785 3787
f 3789 3788 3787
f 3790 3788 3789
f 3791 3790 3789
f 3792 3790 3791
f 3793 3790 3792
f 3794 3793 3792
f 3795 3794 3792
f 3796 3795 3792
f 3797 3795 3796
f 3798 3797 3796
f 3799 3797 3798
f 3800 3799 3798
f 3801 3800 3798
f 3802 3800 3801
f 3803 3800 3802
f 3804 3800 3803
f 3805 3804 3803
f 3806 3804 3805
f 3807 3806 3805
f 3808 3806 3807
f 3809 3808 3807
f 3810 3809 3807
f 3805 3810 3807
f 3811 3810 3805
f 3812 3810 3811
f 3813 3812 3811
f 3814 3812 3813
f 3815 3814 3813
f 3816 3815 3813
f 3817 3815 3816
f 3818 3817 3816
f 3819 3817 3818
f 3820 3819 3818
f 3821 3819 3820
f 3822 3821 3820
f 3823 3821 3822
f 3824 3821 3823
f 3825 3824 3823
f 3826 3825 3823
f 3827 3825 3826
f 3828 3827 3826
f 3829 3828 3826
f 3830 3829 3826
f 3831 3828 3829
f 3832 3827 3828
f 3833 3827 3832
f 3825 3827 3833
f 3834 3825 3833
f 3835 3825 3834
f 3836 3835 3834
f 3837 3835 3836
f 3838 3837 3836
f 3839 3838 3836
f 3840 3838 3839
f 3841 3840 3839
f 3842 3841 3839
f 3843 3841 3842
f 3844 3843 3842
f 3845 3843 3844
f 3846 3845 3844
f 3847 3845 3846
f 3848 3845 3847
f 3849 3848 3847
f 3850 3848 3849
f 3851 3850 3849
f 3852 3850 3851
f 3853 3852 3851
f 3854 3852 3853
f 3855 3854 3853
f 3856 3854 3855
f 3857 3856 3855
f 3858 3857 3855
f 3859 3856 3857
f 3860 3859 3857
f 3861 3856 3859
f 3862 3861 3859
f 3863 3861 3862
f 3864 3863 3862
f 3865 3864 3862
f 3866 3864 3865
f 3867 3866 3865
f 3868 3867 3865
f 3869 3867 3868
f 3870 3869 3868
f 3871 3869 3870
f 3872 3871 3870
f 3873 3872 3870
f 3874 3873 3870
f 3875 3871 3872
f 3876 3871 3875
f 3877 3876 3875
f 3878 3876 3877
f 3879 3878 3877
f 3880 3878 3879
f 3881 3878 3880
f 3882 3881 3880
f 3883 3882 3880
f 3884 3882 3883
f 3885 3882 3884
f 3886 3885 3884
f 3887 3886 3884
f 3888 3887 3884
f 3889 3887 3888
f 3890 3889 3888
f 3891 3890 3888
f 3892 3891 3888
f 3893 3891 3892
f 3894 3890 3891
f 3895 3890 3894
f 3896 3890 3895
f 3897 3896 3895
f 3898 3897 3895
f 3894 3898 3895
f 3899 3897 3898
f 3900 3897 3899
f 3901 3900 3899
f 3902 3900 3901
f 3903 3902 3901
f 3904 3902 3903
f 3905 3902 3904
f 3906 3905 3904
f 3907 3906 3904
f 3908 3902 3905
f 3909 3908 3905
f 3910 3908 3909
f 3900 3902 3908
f 3910 3900 3908
f 3897 3900 3910
f 3896 3897 3910
f 3889 3890 3896
f 3910 3889 3896
f 3909 3889 3910
f 3887 3889 3909
f 3886 3887 3909
f 3905 3886 3909
f 3906 3886 3905
f 3885 3886 3906
f 3907 3885 3906
f 3881 3882 3885
f 3911 3878 3881
f 3912 3911 3881
f 3913 3911 3912
f 3914 3913 3912
f 3915 3913 3914
f 3916 3915 3914
f 3917 3915 3916
f 3918 3917 3916
f 3919 3917 3918
f 3920 3919 3918
f 3921 3919 3920
f 3922 3921 3920
f 3923 3922 3920
f 3918 3923 3920
f 3924 3922 3923
f 3925 3924 3923
f 3926 3924 3925
f 3927 3924 3926
f 3928 3924 3927
f 3922 3924 3928
f 3921 3922 3928
f 3929 3921 3928
f 3930 3921 3929
f 3931 3930 3929
f 3932 3931 3929
f 3933 3931 3932
f 3934 3931 3933
f 3935 3931 3934
f 3936 3935 3934
f 3937 3936 3934
f 3938 3936 3937
f 3939 3938 3937
f 3940 3938 3939
f 3941 3936 3938
f 3942 3941 3938
f 3940 3942 3938
f 3943 3942 3940
f 3944 3943 3940
f 3945 3943 3944
f 3946 3943 3945
f 3947 3946 3945
f 3948 3946 3947
f 3949 3948 3947
f 3950 3949 3947
f 3951 3949 3950
f 3952 3949 3951
f 3953 3952 3951
f 3954 3952 3953
f 3955 3954 3953
f 3956 3954 3955
f 3957 3956 3955
f 3958 3957 3955
f 3959 3957 3958
f 3960 3957 3959
f 3961 3957 3960
f 3962 3961 3960
f 3963 3962 3960
f 3964 3962 3963
f 3965 3964 3963
f 3966 3965 3963
f 3967 3965 3966
f 3968 3967 3966
f 3969 3968 3966
f 3970 3967 3968
f 3971 3967 3970
f 3972 3971 3970
f 3973 3972 3970
f 3974 3972 3973
f 3975 3972 3974
f 3976 3975 3974
f 3977 3976 3974
f 3978 3976 3977
f 3979 3976 3978
f 3980 3979 3978
f 3981 3980 3978
f 3982 3980 3981
f 3983 3980 3982
f 3984 3983 3982
f 3985 3984 3982
f 3986 3984 3985
f 3987 3986 3985
f 3988 3986 3987
f 3989 3986 3988
f 3990 3989 3988
f 3991 3990 3988
f 3984 3986 3989
f 3992 3984 3989
f 3993 3984 3992
f 3994 3993 3992
f 3995 3994 3992
f 3996 3994 3995
f 3997 3996 3995
f 3998 3997 3995
f 3999 3997 3998
f 4000 3999 3998
f 4001 3999 4000
f 4002 4001 4000
f 4003 3999 4001
f 4004 4003 4001
f 4005 4003 4004
f 4006 4005 4004
f 4007 4006 4004
f 4008 4006 4007
f 4009 4006 4008
f 4010 4009 4008
f 4011 4010 4008
f 4012 4010 4011
f 4013 4010 4012
f 4014 4013 4012
f 4015 4014 4012
f 4016 4014 4015
f 4017 4016 4015
f 4018 4017 4015
f 4019 4017 4018
f 4020 4019 4018
f 4021 4019 4020
f 4022 4021 4020
f 4023 4022 4020
f 4024 4022 4023
f 4025 4024 4023
f 4026 4025 4023
f 4027 4025 4026
f 4028 4022 4024
f 4029 4028 4024
f 4030 4028 4029
f 4031 4030 4029
f 4032 4031 4029
f 4033 4030 4031
f 4034 4030 4033
f 4035 4034 4033
f 4036 4035 4033
f 4037 4035 4036
f 4038 4035 4037
f 4039 4038 4037
f 4040 4038 4039
f 4041 4040 4039
f 4042 4040 4041
f 4043 4042 4041
f 4044 4042 4043
f 4045 4044 4043
f 4046 4044 4045
f 4047 4042 4044
f 4040 4042 4047
f 4048 4040 4047
f 4049 4048 4047
f 4050 4048 4049
f 4051 4050 4049
f 4052 4051 4049
f 4053 4050 4051
f 4054 4053 4051
f 4055 4053 4054
f 4056 4055 4054
f 4057 4056 4054
f 4051 4057 4054
f 4058 4056 4057
f 4059 4058 4057
f 4060 4058 4059
f 4061 4058 4060
f 4062 4061 4060
f 4063 4062 4060
f 4064 4062 4063
f 4065 4062 4064
f 4066 4065 4064
f 4067 4065 4066
f 4068 4067 4066
f 4069 4067 4068
f 4070 4069 4068
f 4071 4069 4070
f 4072 4071 4070
f 4073 4072 4070
f 4074 4072 4073
f 4075 4074 4073
f 4076 4074 4075
f 4077 4074 4076
f 4078 4074 4077
f 4072 4074 4078
f 4079 4071 4072
f 4080 4071 4079
f 4081 4080 4079
f 4082 4081 4079
f 4083 4081 4082
f 4084 4081 4083
f 4085 4084 4083
f 4086 4085 4083
f 4087 4084 4085
f 4088 4084 4087
f 4089 4084 4088
f 4090 4089 4088
f 4091 4090 4088
f 4092 4090 4091
f 4093 4092 4091
f 4094 4089 4090
f 4081 4084 4089
f 4080 4081 4089
f 4094 4080 4089
f 4069 4071 4080
f 4094 4069 4080
f 4067 4069 4094
f 4065 4067 4094
f 4090 4065 4094
f 4092 4065 4090
f 4062 4065 4092
f 4061 4062 4092
f 4093 4061 4092
f 4095 4061 4093
f 4058 4061 4095
f 4056 4058 4095
f 4038 4040 4048
f 4034 4035 4038
f 4048 4034 4038
f 4050 4034 4048
f 4030 4034 4050
f 4053 4030 4050
f 4028 4030 4053
f 4055 4028 4053
f 4022 4028 4055
f 4021 4022 4055
f 4056 4021 4055
f 4095 4021 4056
f 4019 4021 4095
f 4093 4019 4095
f 4017 4019 4093
f 4091 4017 4093
f 4016 4017 4091
f 4088 4016 4091
f 4014 4016 4088
f 4087 4014 4088
f 4013 4014 4087
f 4085 4013 4087
f 4009 4010 4013
f 4085 4009 4013
f 4086 4009 4085
f 4006 4009 4086
f 4005 4006 4086
f 4083 4005 4086
f 4082 4005 4083
f 4003 4005 4082
f 3999 4003 4082
f 3997 3999 4082
f 4079 3997 4082
f 3996 3997 4079
f 4072 3996 4079
f 4078 3996 4072
f 3994 3996 4078
f 4077 3994 4078
f 3993 3994 4077
f 3983 3984 3993
f 4077 3983 3993
f 4096 3983 4077
f 4097 4096 4077
f 4076 4097 4077
f 4098 4097 4076
f 3980 3983 4096
f 3979 3980 4096
f 4097 3979 4096
f 3975 3976 3979
f 4097 3975 3979
f 4098 3975 4097
f 3972 3975 4098
f 3971 3972 4098
f 4076 3971 4098
f 4075 3971 4076
f 3967 3971 4075
f 3965 3967 4075
f 4073 3965 4075
f 3964 3965 4073
f 4070 3964 4073
f 4068 3964 4070
f 3962 3964 4068
f 4066 3962 4068
f 3961 3962 4066
f 4064 3961 4066
f 3956 3957 3961
f 4064 3956 3961
f 3954 3956 4064
f 4063 3954 4064
f 4063 3952 3954
f 3930 3931 3935
f 4099 3911 3913
f 3876 3878 3911
f 4099 3876 3911
f 3871 3876 4099
f 3869 3871 4099
f 3913 3869 4099
f 3915 3869 3913
f 3867 3869 3915
f 3917 3867 3915
f 3866 3867 3917
f 3919 3866 3917
f 3864 3866 3919
f 3921 3864 3919
f 3930 3864 3921
f 3863 3864 3930
f 3935 3863 3930
f 3824 3825 3835
f 3810 3812 3814
f 3799 3800 3804
f 3806 3799 3804
f 3781 3782 3785
f 3773 3774 3778
f 3749 3751 3754
f 3731 3732 3737
f 4100 3722 3724
f 3721 3722 4100
f 4101 3718 3721
f 3716 3718 4101
f 4102 3716 4101
f 3712 3716 4102
f 3709 3712 4102
f 3707 3709 4102
f 4101 3707 4102
f 3706 3707 4101
f 3721 3706 4101
f 4100 3706 3721
f 3704 3706 4100
f 3683 3685 3689
f 3681 3683 3689
f 4103 3676 3678
f 4104 3676 4103
f 3674 3676 4104
f 4105 3674 4104
f 4106 3674 4105
f 4107 4106 4105
f 4108 4107 4105
f 4109 4107 4108
f 4110 4109 4108
f 4111 4109 4110
f 4112 4111 4110
f 4113 4109 4111
f 4114 4109 4113
f 4115 4114 4113
f 4116 4114 4115
f 4117 4116 4115
f 4118 4116 4117
f 4119 4114 4116
f 4107 4109 4114
f 4119 4107 4114
f 4106 4107 4119
f 4120 4106 4119
f 4106 3671 3674
f 4120 3671 4106
f 3668 3671 4120
f 3667 3668 4120
f 4119 3667 4120
f 3666 3667 4119
f 4116 3666 4119
f 4118 3666 4116
f 3665 3666 4118
f 4121 3665 4118
f 4122 4121 4118
f 4123 4122 4118
f 4117 4123 4118
f 4124 4121 4122
f 4125 4121 4124
f 4126 4125 4124
f 4127 4128 4129
f 4130 4127 4129
f 4131 4127 4130
f 4132 4131 4130
f 4133 4131 4132
f 4134 4133 4132
f 4135 4133 4134
f 4136 4135 4134
f 4137 4135 4136
f 4138 4137 4136
f 4139 4138 4136
f 4140 4138 4139
f 4141 4140 4139
f 4142 4141 4139
f 4143 4141 4142
f 4144 4141 4143
f 4145 4144 4143
f 4146 4144 4145
f 4147 4146 4145
f 4148 4146 4147
f 4149 4146 4148
f 4150 4149 4148
f 4151 4150 4148
f 4147 4151 4148
f 4152 4151 4147
f 4153 4152 4147
f 4154 4152 4153
f 4155 4152 4154
f 4156 4155 4154
f 4157 4156 4154
f 4158 4156 4157
f 4159 4156 4158
f 4160 4159 4158
f 4161 4159 4160
f 4162 4161 4160
f 4163 4162 4160
f 4164 4163 4160
f 4165 4163 4164
f 4166 4165 4164
f 4167 4166 4164
f 4168 4166 4167
f 4169 4168 4167
f 4170 4168 4169
f 4171 4170 4169
f 4172 4171 4169
f 4173 4171 4172
f 4174 4173 4175
f 4176 4174 4175
f 4177 4178 4179
f 4180 4178 4177
f 4181 4178 4180
f 4182 4181 4180
f 4183 4181 4182
f 4184 4183 4182
f 4185 4183 4184
f 4186 4185 4184
f 4187 4186 4184
f 4188 4186 4187
f 4189 4185 4186
f 4190 4185 4189
f 4191 4190 4189
f 4192 4191 4189
f 4193 4190 4191
f 4194 4190 4193
f 4185 4190 4194
f 4183 4185 4194
f 4181 4183 4194
f 4195 4181 4194
f 4178 4181 4195
f 4191 4196 4193
f 4192 4196 4191
f 4197 4196 4192
f 4176 4197 4192
f 4174 4176 4192
f 4189 4174 4192
f 4186 4174 4189
f 4188 4174 4186
f 4173 4174 4188
f 4171 4173 4188
f 4187 4171 4188
f 4170 4171 4187
f 4184 4170 4187
f 4182 4170 4184
f 4168 4170 4182
f 4180 4168 4182
f 4166 4168 4180
f 4177 4166 4180
f 4165 4166 4177
f 4198 4161 4162
f 4199 4198 4162
f 4200 4198 4199
f 4201 4200 4199
f 4202 4200 4201
f 4203 4200 4202
f 4204 4203 4202
f 4205 4204 4202
f 4206 4204 4205
f 4207 4204 4206
f 4208 4207 4206
f 4209 4207 4208
f 4210 4209 4208
f 4211 4207 4209
f 4212 4207 4211
f 4213 4212 4211
f 4214 4212 4213
f 4215 4214 4213
f 4216 4215 4213
f 4217 4215 4216
f 4218 4217 4216
f 4219 4218 4216
f 4220 4218 4219
f 4221 4220 4219
f 4222 4220 4221
f 4223 4222 4221
f 4224 4222 4223
f 4225 4226 4227
f 4228 4225 4227
f 4229 4228 4227
f 4230 4228 4229
f 4231 4230 4229
f 4232 4230 4231
f 4233 4232 4231
f 4234 4232 4233
f 4235 4234 4233
f 4236 4235 4233
f 4237 4235 4236
f 4238 4235 4237
f 4239 4238 4237
f 4240 4239 4237
f 4241 4238 4239
f 4242 4241 4239
f 4243 4242 4239
f 4240 4243 4239
f 4244 4242 4243
f 4245 4244 4243
f 4246 4244 4245
f 4247 4244 4246
f 4248 4247 4246
f 4249 4247 4248
f 4250 4249 4248
f 4251 4250 4248
f 4252 4250 4251
f 4253 4250 4252
f 4254 4244 4247
f 4255 4254 4247
f 4256 4254 4255
f 4257 4256 4255
f 4258 4256 4257
f 4242 4244 4254
f 4256 4242 4254
f 4259 4242 4256
f 4260 4259 4256
f 4261 4260 4256
f 4258 4261 4256
f 4262 4261 4258
f 4263 4262 4258
f 4264 4262 4263
f 4265 4262 4264
f 4266 4265 4264
f 4267 4266 4264
f 4268 4267 4264
f 4269 4265 4266
f 4270 4269 4266
f 4271 4270 4266
f 4267 4271 4266
f 4272 4271 4267
f 4273 4271 4272
f 4274 4273 4272
f 4275 4274 4272
f 4276 4275 4272
f 4277 4275 4276
f 4278 4277 4276
f 4279 4275 4277
f 4280 4275 4279
f 4274 4275 4280
f 4281 4271 4273
f 4282 4271 4281
f 4270 4271 4282
f 4283 4270 4282
f 4269 4270 4283
f 4284 4269 4283
f 4285 4269 4284
f 4286 4285 4284
f 4287 4285 4286
f 4288 4287 4286
f 4289 4287 4288
f 4290 4291 4292
f 4293 4291 4290
f 4294 4293 4290
f 4295 4293 4294
f 4296 4295 4294
f 4297 4295 4296
f 4298 4297 4296
f 4299 4298 4296
f 4300 4298 4299
f 4301 4300 4299
f 4302 4300 4301
f 4303 4300 4302
f 4304 4303 4302
f 4305 4304 4302
f 4306 4304 4305
f 4307 4303 4304
f 4308 4307 4304
f 4309 4308 4304
f 4306 4309 4304
f 4310 4309 4306
f 4311 4309 4310
f 4312 4311 4310
f 4313 4312 4310
f 4314 4312 4313
f 4315 4314 4313
f 4316 4314 4315
f 4317 4316 4315
f 4318 4316 4317
f 4319 4316 4318
f 4320 4319 4318
f 4321 4319 4320
f 4322 4319 4321
f 4316 4319 4322
f 4314 4316 4322
f 4323 4314 4322
f 4324 4323 4322
f 4325 4324 4322
f 4321 4325 4322
f 4326 4325 4321
f 4327 4326 4321
f 4328 4327 4321
f 4329 4327 4328
f 4330 4329 4328
f 4331 4327 4329
f 4332 4331 4329
f 4333 4331 4332
f 4334 4333 4332
f 4335 4333 4334
f 4336 4335 4334
f 4337 4336 4334
f 4338 4337 4334
f 4339 4337 4338
f 4340 4337 4339
f 4341 4340 4339
f 4342 4340 4341
f 4343 4342 4341
f 4344 4342 4343
f 4345 4344 4343
f 4346 4344 4345
f 4347 4346 4345
f 4348 4346 4347
f 4349 4348 4347
f 4350 4349 4347
f 4351 4349 4350
f 4352 4349 4351
f 4353 4352 4351
f 4354 4353 4351
f 4355 4353 4354
f 4356 4355 4354
f 4357 4355 4356
f 4358 4357 4356
f 4359 4357 4358
f 4360 4357 4359
f 4361 4360 4359
f 4362 4361 4359
f 4363 4361 4362
f 4364 4363 4362
f 4365 4363 4364
f 4366 4365 4364
f 4367 4366 4364
f 4368 4366 4367
f 4369 4366 4368
f 4370 4369 4368
f 4371 4369 4370
f 4372 4371 4370
f 4373 4371 4372
f 4374 4373 4372
f 4375 4373 4374
f 4376 4375 4374
f 4377 4376 4374
f 4378 4376 4377
f 4379 4378 4377
f 4380 4378 4379
f 4381 4378 4380
f 4382 4381 4380
f 4383 4381 4382
f 4384 4383 4382
f 4385 4384 4382
f 4386 4384 4385
f 4387 4386 4385
f 4388 4387 4385
f 4389 4388 4385
f 4390 4388 4389
f 4391 4388 4390
f 4392 4391 4390
f 4393 4391 4392
f 4394 4391 4393
f 4395 4394 4393
f 4396 4394 4395
f 4397 4396 4395
f 4398 4397 4395
f 4399 4397 4398
f 4400 4399 4398
f 4401 4399 4400
f 4402 4401 4400
f 4403 4401 4402
f 4404 4401 4403
f 4405 4404 4403
f 4406 4405 4403
f 4407 4405 4406
f 4408 4405 4407
f 4409 4408 4407
f 4410 4409 4407
f 4411 4410 4407
f 4412 4409 4410
f 4413 4412 4410
f 4414 4413 4410
f 4415 4413 4414
f 4416 4413 4415
f 4417 4416 4415
f 4418 4417 4415
f 4419 4418 4415
f 4420 4419 4415
f 4414 4420 4415
f 4421 4419 4420
f 4422 4419 4421
f 4423 4422 4421
f 4424 4422 4423
f 4425 4424 4423
f 4426 4424 4425
f 4427 4424 4426
f 4428 4427 4426
f 4429 4427 4428
f 4430 4427 4429
f 4431 4427 4430
f 4432 4431 4430
f 4433 4432 4430
f 4434 4433 4430
f 4435 4434 4430
f 4429 4435 4430
f 4436 4434 4435
f 4437 4434 4436
f 4438 4437 4436
f 4439 4437 4438
f 4440 4439 4438
f 4441 4437 4439
f 4442 4441 4439
f 4443 4442 4439
f 4444 4443 4439
f 4445 4443 4444
f 4446 4445 4444
f 4447 4446 4444
f 4448 4447 4444
f 4449 4447 4448
f 4450 4447 4449
f 4451 4450 4449
f 4452 4451 4449
f 4453 4451 4452
f 4454 4453 4452
f 4455 4453 4454
f 4456 4455 4454
f 4457 4455 4456
f 4458 4457 4456
f 4459 4457 4458
f 4460 4459 4458
f 4461 4460 4458
f 4462 4460 4461
f 4463 4462 4461
f 4464 4462 4463
f 4465 4457 4459
f 4466 4457 4465
f 4455 4457 4466
f 4467 4455 4466
f 4468 4467 4466
f 4469 4467 4468
f 4453 4455 4467
f 4469 4453 4467
f 4451 4453 4469
f 4470 4451 4469
f 4450 4451 4470
f 4471 4443 4445
f 4472 4471 4445
f 4473 4471 4472
f 4474 4473 4472
f 4475 4474 4472
f 4476 4474 4475
f 4477 4476 4475
f 4478 4477 4475
f 4479 4477 4478
f 4480 4477 4479
f 4481 4480 4479
f 4482 4480 4481
f 4483 4482 4481
f 4484 4482 4483
f 4485 4484 4483
f 4486 4485 4483
f 4487 4486 4483
f 4488 4486 4487
f 4489 4488 4487
f 4490 4488 4489
f 4491 4490 4489
f 4492 4490 4491
f 4493 4492 4491
f 4494 4492 4493
f 4495 4494 4493
f 4496 4494 4495
f 4497 4496 4495
f 4498 4497 4495
f 4499 4500 4501
f 4502 4503 4504
f 4505 4503 4502
f 4506 4505 4502
f 4507 4505 4506
f 4508 4507 4506
f 4509 4508 4506
f 4510 4509 4506
f 4511 4509 4510
f 4512 4511 4510
f 4513 4511 4512
f 4514 4513 4512
f 4515 4514 4512
f 4516 4515 4512
f 4510 4516 4512
f 4517 4515 4516
f 4518 4515 4517
f 4519 4515 4518
f 4520 4519 4518
f 4521 4520 4518
f 4522 4520 4521
f 4523 4520 4522
f 4524 4523 4522
f 4525 4523 4524
f 4526 4525 4524
f 4527 4528 4529
f 4530 4527 4529
f 4531 4527 4530
f 4532 4531 4530
f 4533 4532 4530
f 4534 4533 4530
f 4535 4536 4537
f 4538 4535 4537
f 4539 4535 4538
f 4540 4539 4538
f 4541 4539 4540
f 4542 4541 4540
f 4543 4542 4540
f 4544 4542 4543
f 4545 4544 4543
f 4546 4544 4545
f 4547 4546 4545
f 4548 4547 4545
f 4549 4548 4545
f 4550 4548 4549
f 4551 4548 4550
f 4552 4551 4550
f 4553 4552 4550
f 4554 4552 4553
f 4555 4554 4553
f 4556 4554 4555
f 4557 4556 4555
f 4553 4557 4555
f 4558 4556 4557
f 4559 4558 4557
f 4560 4559 4557
f 4561 4559 4560
f 4562 4561 4560
f 4563 4561 4562
f 4564 4561 4563
f 4565 4564 4563
f 4566 4564 4565
f 4567 4566 4565
f 4568 4566 4567
f 4569 4568 4567
f 4570 4569 4567
f 4565 4570 4567
f 4571 4570 4565
f 4572 4571 4565
f 4573 4571 4572
f 4574 4571 4573
f 4575 4574 4573
f 4576 4574 4575
f 4577 4576 4575
f 4578 4576 4577
f 4579 4576 4578
f 4580 4579 4578
f 4581 4580 4578
f 4582 4576 4579
f 4583 4582 4579
f 4584 4582 4583
f 4585 4584 4583
f 4586 4584 4585
f 4587 4586 4585
f 4588 4587 4585
f 4589 4587 4588
f 4590 4589 4588
f 4591 4590 4588
f 4592 4590 4591
f 4593 4592 4591
f 4594 4587 4589
f 4595 4594 4589
f 4596 4594 4595
f 4597 4596 4595
f 4598 4596 4597
f 4599 4596 4598
f 4600 4599 4598
f 4601 4600 4598
f 4602 4601 4598
f 4603 4601 4602
f 4604 4601 4603
f 4605 4604 4603
f 4606 4604 4605
f 4607 4606 4605
f 4608 4607 4605
f 4609 4607 4608
f 4610 4609 4608
f 4611 4609 4610
f 4612 4611 4610
f 4613 4611 4612
f 4614 4613 4612
f 4615 4614 4612
f 4616 4614 4615
f 4617 4614 4616
f 4618 4617 4616
f 4619 4618 4616
f 4620 4618 4619
f 4621 4620 4619
f 4622 4620 4621
f 4623 4622 4621
f 4624 4623 4621
f 4625 4623 4624
f 4626 4623 4625
f 4627 4626 4625
f 4628 4627 4625
f 4629 4627 4628
f 4630 4629 4628
f 4631 4629 4630
f 4632 4629 4631
f 4633 4632 4631
f 4634 4632 4633
f 4635 4629 4632
f 4636 4635 4632
f 4637 4635 4636
f 4638 4637 4636
f 4639 4638 4636
f 4640 4639 4636
f 4641 4639 4640
f 4642 4641 4640
f 4643 4642 4640
f 4644 4642 4643
f 4645 4644 4643
f 4646 4644 4645
f 4647 4646 4645
f 4648 4646 4647
f 4649 4648 4647
f 4650 4646 4648
f 4651 4646 4650
f 4652 4651 4650
f 4653 4652 4650
f 4654 4652 4653
f 4655 4654 4653
f 4656 4654 4655
f 4657 4656 4655
f 4658 4656 4657
f 4659 4658 4657
f 4660 4658 4659
f 4661 4660 4659
f 4662 4661 4659
f 4663 4662 4659
f 4657 4663 4659
f 4664 4660 4661
f 4665 4664 4661
f 4666 4665 4661
f 4662 4666 4661
f 4667 4666 4662
f 4668 4666 4667
f 4669 4668 4667
f 4670 4668 4669
f 4671 4670 4669
f 4672 4671 4669
f 4673 4672 4669
f 4674 4672 4673
f 4675 4674 4673
f 4676 4674 4675
f 4677 4676 4675
f 4678 4677 4675
f 4679 4677 4678
f 4680 4677 4679
f 4681 4677 4680
f 4682 4681 4680
f 4683 4682 4680
f 4684 4682 4683
f 4685 4684 4683
f 4686 4684 4685
f 4687 4684 4686
f 4688 4687 4686
f 4689 4687 4688
f 4690 4689 4688
f 4691 4689 4690
f 4692 4691 4690
f 4693 4691 4692
f 4694 4693 4692
f 4695 4693 4694
f 4696 4695 4694
f 4697 4696 4694
f 4698 4697 4694
f 4699 4697 4698
f 4696 4697 4699
f 4700 4696 4699
f 4701 4700 4699
f 4702 4700 4701
f 4703 4702 4701
f 4704 4702 4703
f 4705 4704 4703
f 4706 4705 4703
f 4707 4704 4705
f 4708 4707 4705
f 4709 4707 4708
f 4710 4709 4708
f 4711 4709 4710
f 4712 4709 4711
f 4710 4713 4711
f 4714 4713 4710
f 4715 4714 4710
f 4716 4714 4715
f 4717 4716 4715
f 4718 4716 4717
f 4719 4718 4717
f 4720 4718 4719
f 4721 4720 4719
f 4722 4720 4721
f 4723 4722 4721
f 4724 4722 4723
f 4725 4724 4723
f 4726 4727 4728
f 4729 4727 4726
f 4730 4729 4726
f 4731 4729 4730
f 4732 4729 4731
f 4733 4709 4712
f 4707 4709 4733
f 4734 4707 4733
f 4735 4734 4733
f 4736 4737 4738
f 4739 4736 4738
f 4740 4736 4739
f 4741 4740 4739
f 4742 4740 4741
f 4743 4742 4741
f 4744 4740 4742
f 4745 4744 4742
f 4746 4745 4742
f 4747 4746 4742
f 4743 4747 4742
f 4748 4747 4743
f 4749 4748 4743
f 4750 4748 4749
f 4751 4748 4750
f 4752 4751 4750
f 4753 4751 4752
f 4754 4753 4752
f 4755 4751 4753
f 4756 4755 4753
f 4757 4756 4753
f 4758 4757 4753
f 4754 4758 4753
f 4759 4758 4754
f 4760 4758 4759
f 4761 4760 4759
f 4762 4760 4761
f 4763 4762 4761
f 4764 4763 4761
f 4765 4762 4763
f 4766 4765 4763
f 4767 4765 4766
f 4768 4765 4767
f 4769 4768 4767
f 4770 4768 4769
f 4771 4770 4769
f 4772 4771 4769
f 4767 4772 4769
f 4773 4771 4772
f 4774 4771 4773
f 4775 4774 4773
f 4776 4775 4773
f 4777 4776 4773
f 4778 4774 4775
f 4779 4778 4775
f 4780 4778 4779
f 4781 4780 4779
f 4782 4780 4781
f 4783 4782 4781
f 4784 4783 4781
f 4785 4783 4784
f 4786 4785 4784
f 4787 4785 4786
f 4788 4787 4786
f 4784 4788 4786
f 4789 4790 4791
f 4792 4790 4789
f 4793 4792 4789
f 4794 4793 4789
f 4795 4794 4789
f 4796 4795 4789
f 4797 4795 4796
f 4798 4797 4796
f 4799 4798 4796
f 4800 4797 4798
f 4801 4802 4803
f 4804 4801 4803
f 4805 4806 4807
f 4808 4806 4805
f 4809 4810 4811
f 4808 4809 4811
f 4812 4810 4809
f 4813 4812 4809
f 4814 4813 4809
f 4815 4814 4809
f 4808 4815 4809
f 4805 4815 4808
f 4816 4815 4805
f 4817 4816 4805
f 4818 4816 4817
f 4819 4818 4817
f 4820 4819 4817
f 4821 4820 4817
f 4822 4819 4820
f 4823 4822 4820
f 4824 4822 4823
f 4825 4824 4823
f 4826 4824 4825
f 4827 4826 4825
f 4828 4826 4827
f 4829 4826 4828
f 4830 4829 4828
f 4831 4830 4828
f 4832 4830 4831
f 4833 4832 4831
f 4834 4832 4833
f 4835 4834 4833
f 4836 4835 4833
f 4837 4835 4836
f 4838 4835 4837
f 4839 4838 4837
f 4834 4835 4838
f 4840 4834 4838
f 4841 4840 4838
f 4842 4840 4841
f 4843 4842 4841
f 4844 4843 4841
f 4845 4843 4844
f 4846 4845 4844
f 4847 4846 4844
f 4848 4846 4847
f 4849 4848 4847
f 4850 4849 4847
f 4851 4850 4847
f 4852 4850 4851
f 4853 4852 4851
f 4854 4853 4851
f 4855 4853 4854
f 4856 4853 4855
f 4852 4853 4856
f 4857 4852 4856
f 4858 4857 4856
f 4859 4858 4856
f 4860 4858 4859
f 4861 4858 4860
f 4862 4861 4860
f 4863 4862 4860
f 4864 4862 4863
f 4864 4861 4862
f 4865 4858 4861
f 4866 4865 4861
f 4867 4865 4866
f 4868 4867 4866
f 4869 4868 4866
f 4870 4869 4866
f 4861 4870 4866
f 4864 4870 4861
f 4871 4869 4870
f 4872 4871 4870
f 4873 4872 4870
f 4864 4873 4870
f 4874 4872 4873
f 4875 4874 4873
f 4876 4875 4873
f 4877 4875 4876
f 4878 4877 4876
f 4879 4875 4877
f 4880 4879 4877
f 4881 4880 4877
f 4882 4880 4881
f 4883 4880 4882
f 4884 4880 4883
f 4885 4884 4883
f 4879 4880 4884
f 4886 4879 4884
f 4887 4886 4884
f 4885 4887 4884
f 4888 4887 4885
f 4889 4888 4885
f 4890 4888 4889
f 4891 4890 4889
f 4892 4891 4889
f 4893 4891 4892
f 4894 4893 4892
f 4895 4894 4892
f 4896 4894 4895
f 4897 4896 4895
f 4898 4894 4896
f 4899 4898 4896
f 4900 4899 4896
f 4897 4900 4896
f 4901 4900 4897
f 4902 4900 4901
f 4903 4900 4902
f 4904 4903 4902
f 4905 4904 4902
f 4906 4904 4905
f 4907 4906 4905
f 4908 4906 4907
f 4909 4908 4907
f 4910 4909 4907
f 4911 4909 4910
f 4912 4909 4911
f 4913 4912 4911
f 4914 4913 4911
f 4915 4913 4914
f 4916 4913 4915
f 4917 4916 4915
f 4918 4917 4915
f 4919 4917 4918
f 4920 4919 4918
f 4921 4919 4920
f 4922 4921 4920
f 4923 4921 4922
f 4924 4923 4922
f 4925 4923 4924
f 4926 4925 4924
f 4927 4926 4924
f 4928 4926 4927
f 4929 4926 4928
f 4930 4926 4929
f 4931 4930 4929
f 4932 4931 4929
f 4933 4931 4932
f 4934 4933 4932
f 4935 4933 4934
f 4936 4935 4934
f 4937 4936 4934
f 4938 4936 4937
f 4939 4936 4938
f 4940 4939 4938
f 4941 4940 4938
f 4942 4940 4941
f 4943 4942 4941
f 4944 4942 4943
f 4945 4944 4943
f 4946 4944 4945
f 4947 4944 4946
f 4948 4947 4946
f 4949 4948 4946
f 4950 4949 4946
f 4951 4950 4946
f 4952 4950 4951
f 4953 4952 4951
f 4954 4950 4952
f 4949 4950 4954
f 4955 4949 4954
f 4956 4955 4954
f 4957 4956 4954
f 4958 4956 4957
f 4959 4958 4957
f 4960 4959 4957
f 4961 4959 4960
f 4962 4961 4960
f 4963 4961 4962
f 4964 4961 4963
f 4965 4964 4963
f 4966 4965 4963
f 4967 4965 4966
f 4968 4967 4966
f 4969 4967 4968
f 4970 4969 4968
f 4971 4970 4968
f 4972 4970 4971
f 4973 4972 4971
f 4974 4972 4973
f 4975 4974 4973
f 4976 4975 4973
f 4977 4976 4973
f 4978 4975 4976
f 4979 4978 4976
f 4980 4978 4979
f 4981 4980 4979
f 4982 4980 4981
f 4983 4982 4981
f 4984 4983 4981
f 4985 4983 4984
f 4986 4985 4984
f 4987 4986 4984
f 4988 4987 4984
f 4981 4988 4984
f 4989 4987 4988
f 4990 4989 4988
f 4991 4989 4990
f 4992 4989 4991
f 4993 4992 4991
f 4994 4992 4993
f 4995 4992 4994
f 4996 4992 4995
f 4997 4996 4995
f 4998 4996 4997
f 4999 4996 4998
f 5000 4999 4998
f 5001 5000 4998
f 5002 5003 5004
f 5005 5002 5004
f 5006 5005 5004
f 5007 5005 5006
f 5008 5007 5009
f 5010 5008 5009
f 5011 5012 5013
f 5014 5011 5013
f 5015 5011 5014
f 5016 5015 5014
f 5017 5016 5014
f 5018 5016 5017
f 5019 5016 5018
f 5020 5019 5018
f 5021 5020 5018
f 5022 5020 5021
f 5023 5022 5021
f 5024 5023 5021
f 5025 5023 5024
f 5026 5023 5025
f 5027 5026 5025
f 5028 5027 5025
f 5029 5027 5028
f 5030 5029 5028
f 5031 5030 5028
f 5032 5030 5031
f 5033 5032 5031
f 5034 5030 5032
f 5035 5034 5032
f 5036 5034 5035
f 5037 5036 5035
f 5038 5036 5037
f 5039 5038 5037
f 5040 5039 5037
f 5041 5040 5037
f 5042 5040 5041
f 5043 5042 5041
f 5044 5042 5043
f 5045 5044 5043
f 5046 5045 5043
f 5047 5044 5045
f 5048 5044 5047
f 5049 5048 5047
f 5050 5048 5049
f 5051 5050 5049
f 5052 5051 5049
f 5053 5051 5052
f 5054 5051 5053
f 5055 5054 5053
f 5056 5054 5055
f 5057 5056 5055
f 5058 5056 5057
f 5059 5058 5057
f 5060 5058 5059
f 5061 5060 5059
f 5062 5061 5059
f 5063 5061 5062
f 5064 5063 5062
f 5065 5063 5064
f 5066 5063 5065
f 5067 5066 5065
f 5068 5067 5065
f 5069 5067 5068
f 5070 5067 5069
f 5071 5070 5069
f 5072 5070 5071
f 5073 5072 5071
f 5074 5073 5071
f 5075 5074 5071
f 5076 5074 5075
f 5077 5076 5075
f 5078 5076 5077
f 5079 5076 5078
f 5080 5079 5078
f 5081 5079 5080
f 5082 5083 5084
f 5085 5083 5082
f 5086 5085 5082
f 5087 5086 5082
f 5088 5087 5082
f 5089 5088 5082
f 5090 5088 5089
f 5091 5090 5089
f 5092 5091 5089
f 5093 5092 5089
f 5094 5092 5093
f 5095 5096 5097
f 5098 5095 5097
f 5099 5095 5098
f 5100 5099 5098
f 5101 5099 5100
f 5102 5101 5100
f 5103 5101 5102
f 5104 5101 5103
f 5105 5104 5103
f 5106 5105 5103
f 5107 5106 5103
f 5108 5106 5107
f 5109 5108 5107
f 5110 5109 5107
f 5111 5112 5113
f 5114 5112 5111
f 5115 5114 5111
f 5116 5114 5115
f 5117 5116 5115
f 5118 5117 5115
f 5119 5117 5118
f 5120 5117 5119
f 5121 5120 5119
f 5122 5121 5119
f 5123 5121 5122
f 5124 5123 5122
f 5125 5124 5122
f 5126 5125 5122
f 5127 5125 5126
f 5128 5127 5126
f 5129 5127 5128
f 5130 5129 5128
f 5131 5130 5128
f 5132 5131 5128
f 5133 5132 5128
f 5126 5133 5128
f 5134 5132 5133
f 5135 5132 5134
f 5136 5135 5134
f 5137 5135 5136
f 5138 5135 5137
f 5139 5138 5137
f 5140 5139 5137
f 5141 5139 5140
f 5142 5141 5140
f 5143 5142 5140
f 5137 5143 5140
f 5144 5142 5143
f 5145 5144 5143
f 5146 5145 5143
f 5147 5144 5145
f 5148 5147 5145
f 5149 5147 5148
f 5144 5147 5149
f 5150 5144 5149
f 5151 5150 5149
f 5152 5151 5149
f 5153 5151 5152
f 5154 5153 5152
f 5155 5153 5154
f 5156 5155 5154
f 5157 5155 5156
f 5158 5157 5156
f 5159 5157 5158
f 5160 5159 5158
f 5161 5160 5158
f 5162 5160 5161
f 5163 5159 5160
f 5164 5159 5163
f 5165 5164 5163
f 5166 5165 5163
f 5167 5166 5163
f 5168 5166 5167
f 5169 5168 5167
f 5170 5169 5167
f 5171 5169 5170
f 5172 5171 5170
f 5173 5172 5170
f 5174 5172 5173
f 5175 5174 5173
f 5176 5175 5173
f 5177 5175 5176
f 5178 5175 5177
f 5179 5178 5177
f 5180 5179 5177
f 5181 5179 5180
f 5182 5179 5181
f 5183 5179 5182
f 5184 5183 5182
f 5185 5184 5182
f 5186 5184 5185
f 5187 5186 5185
f 5188 5187 5185
f 5189 5187 5188
f 5190 5189 5188
f 5191 5190 5188
f 5192 5189 5190
f 5193 5192 5190
f 5194 5193 5190
f 5195 5193 5194
f 5196 5195 5194
f 5197 5195 5196
f 5198 5197 5196
f 5199 5198 5196
f 5200 5198 5199
f 5201 5198 5200
f 5202 5201 5200
f 5203 5202 5200
f 5204 5202 5203
f 5205 5204 5203
f 5206 5204 5205
f 5207 5204 5206
f 5208 5207 5206
f 5209 5207 5208
f 5210 5209 5208
f 5211 5209 5210
f 5212 5209 5211
f 5213 5212 5211
f 5214 5212 5213
f 5215 5214 5213
f 5216 5215 5213
f 5217 5215 5216
f 5218 5217 5216
f 5219 5217 5218
f 5220 5217 5219
f 5221 5220 5219
f 5222 5220 5221
f 5223 5222 5221
f 5224 5223 5221
f 5225 5222 5223
f 5226 5225 5223
f 5227 5225 5226
f 5228 5227 5226
f 5229 5228 5226
f 5230 5229 5226
f 5231 5229 5230
f 5232 5229 5231
f 5228 5229 5232
f 5233 5228 5232
f 5234 5233 5232
f 5235 5234 5232
f 5236 5235 5232
f 5237 5236 5232
f 5231 5237 5232
f 5238 5237 5231
f 5239 5237 5238
f 5240 5239 5238
f 5241 5239 5240
f 5242 5241 5240
f 5243 5242 5240
f 5244 5242 5243
f 5245 5242 5244
f 5246 5245 5244
f 5247 5245 5246
f 5248 5247 5246
f 5249 5247 5248
f 5250 5247 5249
f 5251 5250 5249
f 5252 5250 5251
f 5253 5252 5251
f 5254 5253 5251
f 5249 5254 5251
f 5255 5253 5254
f 5256 5255 5254
f 5257 5256 5254
f 5258 5256 5257
f 5259 5256 5258
f 5260 5259 5258
f 5261 5259 5260
f 5262 5261 5260
f 5263 5261 5262
f 5264 5261 5263
f 5265 5264 5263
f 5266 5264 5265
f 5267 5266 5265
f 5268 5266 5267
f 5269 5268 5267
f 5270 5268 5269
f 5271 5270 5269
f 5272 5270 5271
f 5273 5272 5271
f 5274 5272 5273
f 5275 5272 5274
f 5276 5272 5275
f 5270 5272 5276
f 5277 5270 5276
f 5278 5270 5277
f 5279 5278 5277
f 5280 5278 5279
f 5281 5280 5279
f 5282 5281 5279
f 5283 5281 5282
f 5284 5283 5282
f 5285 5283 5284
f 5286 5285 5284
f 5287 5285 5286
f 5288 5287 5286
f 5289 5287 5288
f 5290 5289 5288
f 5291 5289 5290
f 5292 5287 5289
f 5293 5292 5289
f 5294 5292 5293
f 5295 5294 5293
f 5296 5295 5293
f 5297 5296 5293
f 5298 5297 5293
f 5299 5297 5298
f 5300 5297 5299
f 5301 5300 5299
f 5302 5301 5299
f 5303 5301 5302
f 5304 5301 5303
f 5305 5304 5303
f 5306 5304 5305
f 5307 5304 5306
f 5308 5307 5306
f 5309 5307 5308
f 5310 5309 5308
f 5311 5310 5308
f 5312 5309 5310
f 5313 5309 5312
f 5314 5309 5313
f 5315 5314 5313
f 5316 5314 5315
f 5317 5316 5315
f 5318 5317 5315
f 5319 5317 5318
f 5320 5319 5318
f 5321 5319 5320
f 5322 5321 5320
f 5323 5321 5322
f 5324 5323 5322
f 5325 5324 5322
f 5326 5324 5325
f 5327 5324 5326
f 5328 5327 5326
f 5329 5328 5326
f 5330 5328 5329
f 5331 5328 5330
f 5332 5331 5330
f 5333 5331 5332
f 5334 5333 5332
f 5335 5334 5332
f 5336 5334 5335
f 5337 5336 5335
f 5338 5336 5337
f 5339 5338 5337
f 5340 5339 5337
f 5341 5340 5337
f 5342 5340 5341
f 5343 5340 5342
f 5344 5343 5342
f 5345 5346 5347
f 5348 5345 5347
f 5349 5345 5348
f 5350 5349 5348
f 5351 5350 5348
f 5352 5350 5351
f 5353 5352 5351
f 5354 5352 5353
f 5355 5354 5353
f 5356 5354 5355
f 5357 5356 5355
f 5358 5357 5355
f 5359 5357 5358
f 5360 5357 5359
f 5361 5360 5359
f 5362 5360 5361
f 5363 5362 5361
f 5364 5362 5363
f 5365 5364 5363
f 5366 5364 5365
f 5367 5366 5365
f 5368 5367 5365
f 5369 5367 5368
f 5370 5369 5368
f 5371 5369 5370
f 5372 5371 5370
f 5373 5371 5372
f 5374 5373 5372
f 5375 5371 5373
f 5376 5371 5375
f 5377 5376 5375
f 5378 5377 5375
f 5379 5376 5377
f 5380 5379 5377
f 5381 5379 5380
f 5382 5381 5380
f 5383 5382 5380
f 5384 5383 5380
f 5385 5383 5384
f 5386 5383 5385
f 5387 5386 5385
f 5388 5387 5385
f 5389 5387 5388
f 5390 5386 5387
f 5391 5390 5387
f 5392 5390 5391
f 5393 5392 5391
f 5394 5393 5391
f 5395 5394 5391
f 5396 5395 5391
f 5397 5395 5396
f 5398 5395 5397
f 5394 5395 5398
f 5399 5394 5398
f 5400 5399 5398
f 5401 5399 5400
f 5402 5399 5401
f 5403 5402 5401
f 5404 5403 5401
f 5405 5403 5404
f 5406 5405 5404
f 5407 5406 5404
f 5408 5406 5407
f 5409 5408 5407
f 5410 5408 5409
f 5411 5410 5409
f 5412 5411 5409
f 5413 5411 5412
f 5414 5413 5412
f 5415 5413 5414
f 5416 5415 5414
f 5417 5416 5414
f 5418 5416 5417
f 5419 5418 5417
f 5420 5419 5417
f 5421 5420 5417
f 5422 5419 5420
f 5423 5422 5420
f 5424 5422 5423
f 5425 5424 5423
f 5426 5422 5424
f 5427 5426 5424
f 5428 5426 5427
f 5429 5428 5427
f 5430 5428 5429
f 5431 5430 5429
f 5432 5431 5429
f 5433 5431 5432
f 5434 5431 5433
f 5435 5434 5433
f 5436 5434 5435
f 5437 5436 5435
f 5438 5437 5435
f 5439 5438 5435
f 5440 5438 5439
f 5441 5440 5439
f 5442 5440 5441
f 5443 5442 5441
f 5444 5442 5443
f 5445 5444 5443
f 5446 5445 5443
f 5447 5445 5446
f 5448 5442 5444
f 5449 5448 5444
f 5450 5448 5449
f 5451 5450 5449
f 5452 5451 5449
f 5453 5452 5449
f 5454 5452 5453
f 5455 5452 5454
f 5456 5455 5454
f 5457 5456 5454
f 5458 5457 5454
f 5453 5458 5454
f 5459 5457 5458
f 5460 5457 5459
f 5461 5460 5459
f 5462 5461 5459
f 5463 5461 5462
f 5464 5461 5463
f 5465 5461 5464
f 5466 5465 5464
f 5467 5466 5464
f 5468 5466 5467
f 5469 5468 5467
f 5470 5468 5469
f 5471 5470 5469
f 5472 5471 5469
f 5473 5470 5471
f 5474 5473 5471
f 5472 5474 5471
f 5475 5474 5472
f 5476 5475 5472
f 5477 5475 5476
f 5478 5475 5477
f 5479 5478 5477
f 5480 5479 5477
f 5481 5478 5479
f 5482 5481 5479
f 5480 5482 5479
f 5483 5482 5480
f 5484 5482 5483
f 5485 5484 5483
f 5486 5484 5485
f 5487 5486 5485
f 5488 5486 5487
f 5489 5488 5487
f 5490 5488 5489
f 5491 5490 5489
f 5492 5491 5489
f 5493 5491 5492
f 5494 5490 5491
f 5495 5494 5491
f 5496 5494 5495
f 5497 5496 5495
f 5498 5497 5495
f 5499 5496 5497
f 5500 5499 5497
f 5501 5499 5500
f 5502 5499 5501
f 5503 5502 5501
f 5504 5502 5503
f 5505 5504 5503
f 5506 5504 5505
f 5507 5506 5505
f 5508 5507 5505
f 5509 5507 5508
f 5510 5509 5508
f 5511 5509 5510
f 5512 5511 5510
f 5513 5509 5511
f 5514 5509 5513
f 5515 5514 5513
f 5516 5514 5515
f 5517 5516 5515
f 5518 5517 5515
f 5519 5516 5517
f 5520 5519 5517
f 5521 5519 5520
f 5522 5521 5520
f 5523 5522 5520
f 5524 5522 5523
f 5525 5524 5523
f 5526 5525 5523
f 5527 5526 5523
f 5520 5527 5523
f 5528 5527 5520
f 5517 5528 5520
f 5518 5528 5517
f 5529 5527 5528
f 5530 5525 5526
f 5531 5525 5530
f 5532 5531 5530
f 5533 5531 5532
f 5534 5533 5532
f 5535 5533 5534
f 5536 5535 5534
f 5537 5536 5534
f 5538 5536 5537
f 5539 5538 5537
f 5540 5538 5539
f 5541 5540 5539
f 5542 5540 5541
f 5543 5544 5545
f 5546 5543 5545
f 5547 5546 5543
f 5548 5543 5547
f 5549 5548 5547
f 5550 5548 5549
f 5551 5550 5549
f 5552 5550 5551
f 5553 5552 5551
f 5554 5553 5551
f 5555 5553 5554
f 5556 5555 5554
f 5557 5556 5554
f 5558 5556 5557
f 5559 5558 5557
f 5560 5559 5557
f 5561 5559 5560
f 5562 5561 5560
f 5563 5562 5560
f 5564 5562 5563
f 5565 5564 5563
f 5566 5565 5563
f 5567 5565 5566
f 5568 5567 5566
f 5569 5567 5568
f 5570 5567 5569
f 5571 5570 5569
f 5572 5570 5571
f 5573 5572 5571
f 5574 5572 5573
f 5575 5574 5573
f 5576 5575 5573
f 5577 5575 5576
f 5578 5577 5576
f 5579 5577 5578
f 5580 5579 5578
f 5581 5579 5580
f 5582 5581 5580
f 5583 5579 5581
f 5584 5583 5581
f 5585 5584 5581
f 5586 5585 5581
f 5582 5586 5581
f 5587 5586 5582
f 5588 5586 5587
f 5589 5588 5587
f 5590 5589 5587
f 5591 5589 5590
f 5592 5591 5590
f 5593 5591 5592
f 5594 5593 5592
f 5595 5594 5592
f 5596 5595 5592
f 5590 5596 5592
f 5597 5596 5590
f 5598 5596 5597
f 5599 5596 5598
f 5600 5599 5598
f 5601 5599 5600
f 5602 5601 5600
f 5603 5602 5600
f 5604 5602 5603
f 5605 5604 5603
f 5606 5605 5603
f 5607 5605 5606
f 5608 5605 5607
f 5609 5608 5607
f 5610 5609 5607
f 5611 5609 5610
f 5612 5611 5610
f 5613 5611 5612
f 5614 5613 5612
f 5615 5614 5612
f 5616 5614 5615
f 5617 5616 5615
f 5618 5617 5615
f 5619 5617 5618
f 5620 5617 5619
f 5621 5617 5620
f 5622 5621 5620
f 5623 5622 5620
f 5624 5622 5623
f 5625 5624 5623
f 5626 5625 5623
f 5627 5626 5623
f 5628 5626 5627
f 5629 5628 5627
f 5630 5628 5629
f 5631 5628 5630
f 5632 5631 5630
f 5633 5631 5632
f 5634 5633 5632
f 5635 5633 5634
f 5636 5635 5634
f 5637 5635 5636
f 5638 5637 5636
f 5639 5637 5638
f 5640 5639 5638
f 5641 5640 5638
f 5642 5640 5641
f 5643 5642 5641
f 5644 5643 5641
f 5645 5643 5644
f 5646 5642 5643
f 5647 5642 5646
f 5648 5647 5646
f 5649 5648 5646
f 5650 5649 5646
f 5651 5649 5650
f 5652 5651 5650
f 5653 5651 5652
f 5654 5653 5652
f 5655 5654 5652
f 5656 5654 5655
f 5657 5656 5655
f 5658 5657 5655
f 5659 5656 5657
f 5660 5659 5657
f 5661 5659 5660
f 5662 5661 5660
f 5663 5661 5662
f 5664 5663 5662
f 5665 5663 5664
f 5666 5665 5664
f 5667 5665 5666
f 5668 5667 5666
f 5669 5667 5668
f 5670 5669 5668
f 5671 5670 5668
f 5672 5671 5668
f 5673 5671 5672
f 5674 5671 5673
f 5675 5674 5673
f 5676 5674 5675
f 5677 5676 5675
f 5678 5677 5675
f 5679 5677 5678
f 5680 5679 5678
f 5681 5679 5680
f 5682 5681 5680
f 5683 5681 5682
f 5684 5683 5682
f 5685 5684 5682
f 5686 5684 5685
f 5687 5684 5686
f 5688 5687 5686
f 5689 5688 5686
f 5690 5688 5689
f 5691 5690 5689
f 5692 5690 5691
f 5693 5692 5691
f 5694 5693 5691
f 5695 5694 5691
f 5696 5694 5695
f 5697 5693 5694
f 5698 5693 5697
f 5699 5698 5697
f 5700 5699 5697
f 5701 5700 5697
f 5702 5701 5697
f 5694 5702 5697
f 5703 5702 5694
f 5696 5703 5694
f 5704 5702 5703
f 5705 5704 5703
f 5706 5705 5703
f 5707 5706 5703
f 5708 5707 5703
f 5709 5707 5708
f 5710 5707 5709
f 5711 5710 5709
f 5712 5711 5709
f 5713 5711 5712
f 5714 5711 5713
f 5715 5714 5713
f 5716 5715 5713
f 5717 5715 5716
f 5718 5717 5716
f 5719 5718 5716
f 5720 5719 5716
f 5721 5717 5718
f 5722 5721 5718
f 5723 5721 5722
f 5724 5723 5722
f 5725 5723 5724
f 5726 5725 5724
f 5727 5726 5724
f 5728 5726 5727
f 5729 5728 5727
f 5730 5729 5727
f 5731 5730 5727
f 5732 5730 5731
f 5733 5732 5731
f 5734 5733 5731
f 5735 5732 5733
f 5736 5732 5735
f 5737 5736 5735
f 5738 5736 5737
f 5739 5738 5737
f 5740 5738 5739
f 5741 5740 5739
f 5742 5740 5741
f 5743 5742 5741
f 5744 5742 5743
f 5745 5744 5743
f 5746 5745 5743
f 5747 5745 5746
f 5748 5747 5746
f 5749 5747 5748
f 5750 5749 5748
f 5751 5750 5748
f 5752 5750 5751
f 5753 5752 5751
f 5754 5753 5751
f 5755 5753 5754
f 5756 5753 5755
f 5757 5756 5755
f 5758 5757 5755
f 5759 5757 5758
f 5760 5759 5758
f 5761 5759 5760
f 5762 5759 5761
f 5763 5762 5761
f 5764 5762 5763
f 5765 5762 5764
f 5766 5765 5764
f 5767 5766 5764
f 5768 5766 5767
f 5769 5768 5767
f 5770 5769 5767
f 5771 5769 5770
f 5772 5771 5770
f 5773 5771 5772
f 5774 5773 5772
f 5775 5773 5774
f 5776 5775 5774
f 5777 5775 5776
f 5778 5777 5776
f 5779 5778 5776
f 5780 5778 5779
f 5781 5780 5779
f 5782 5780 5781
f 5783 5782 5781
f 5784 5782 5783
f 5785 5784 5783
f 5786 5785 5783
f 5787 5785 5786
f 5788 5785 5787
f 5789 5788 5787
f 5790 5789 5787
f 5791 5789 5790
f 5792 5789 5791
f 5793 5792 5791
f 5794 5793 5791
f 5795 5793 5794
f 5796 5795 5794
f 5797 5793 5795
f 5798 5797 5795
f 5799 5798 5795
f 5800 5797 5798
f 5801 5800 5798
f 5799 5801 5798
f 5802 5801 5799
f 5803 5802 5799
f 5804 5802 5803
f 5805 5802 5804
f 5806 5805 5804
f 5807 5805 5806
f 5808 5807 5806
f 5809 5808 5806
f 5810 5808 5809
f 5811 5810 5809
f 5812 5811 5809
f 5813 5812 5809
f 5814 5812 5813
f 5815 5814 5813
f 5816 5814 5815
f 5817 5814 5816
f 5818 5817 5816
f 5819 5818 5816
f 5820 5819 5816
f 5821 5819 5820
f 5822 5819 5821
f 5823 5822 5821
f 5824 5822 5823
f 5825 5824 5823
f 5826 5825 5823
f 5827 5825 5826
f 5828 5825 5827
f 5829 5828 5827
f 5830 5829 5827
f 5831 5830 5827
f 5832 5831 5827
f 5833 5831 5832
f 5834 5831 5833
f 5835 5834 5833
f 5836 5835 5833
f 5837 5835 5836
f 5838 5837 5836
f 5839 5835 5837
f 5840 5839 5837
f 5841 5840 5837
f 5842 5841 5837
f 5843 5842 5837
f 5838 5843 5837
f 5844 5842 5843
f 5845 5842 5844
f 5846 5845 5844
f 5847 5846 5844
f 5848 5846 5847
f 5849 5846 5848
f 5850 5849 5848
f 5851 5850 5848
f 5852 5850 5851
f 5853 5852 5851
f 5854 5852 5853
f 5855 5854 5853
f 5856 5855 5853
f 5857 5855 5856
f 5858 5857 5856
f 5859 5858 5856
f 5860 5858 5859
f 5861 5858 5860
f 5862 5861 5860
f 5863 5861 5862
f 5864 5863 5862
f 5865 5864 5862
f 5866 5864 5865
f 5867 5864 5866
f 5868 5867 5866
f 5869 5868 5866
f 5870 5869 5866
f 5871 5869 5870
f 5872 5871 5870
f 5873 5871 5872
f 5874 5871 5873
f 5875 5874 5873
f 5876 5874 5875
f 5877 5876 5875
f 5878 5877 5875
f 5879 5877 5878
f 5880 5879 5878
f 5881 5880 5878
f 5882 5880 5881
f 5883 5882 5881
f 5884 5882 5883
f 5885 5884 5883
f 5886 5884 5885
f 5887 5886 5885
f 5888 5887 5885
f 5889 5887 5888
f 5890 5887 5889
f 5891 5890 5889
f 5892 5891 5889
f 5893 5892 5889
f 5894 5890 5891
f 5895 5894 5891
f 5896 5894 5895
f 5897 5896 5895
f 5898 5896 5897
f 5899 5898 5897
f 5900 5898 5899
f 5901 5900 5899
f 5902 5900 5901
f 5903 5900 5902
f 5904 5903 5902
f 5905 5903 5904
f 5906 5905 5904
f 5907 5905 5906
f 5908 5907 5906
f 5909 5908 5906
f 5910 5909 5906
f 5911 5909 5910
f 5912 5911 5910
f 5913 5912 5910
f 5914 5912 5913
f 5915 5914 5913
f 5916 5912 5914
f 5917 5916 5914
f 5915 5917 5914
f 5918 5916 5917
f 5919 5916 5918
f 5920 5919 5918
f 5921 5920 5918
f 5922 5921 5918
f 5917 5922 5918
f 5923 5922 5917
f 5924 5922 5923
f 5925 5924 5923
f 5926 5924 5925
f 5927 5926 5925
f 5928 5927 5925
f 5929 5927 5928
f 5930 5927 5929
f 5931 5930 5929
f 5932 5930 5931
f 5933 5932 5931
f 5934 5932 5933
f 5935 5934 5933
f 5936 5935 5933
f 5937 5935 5936
f 5938 5935 5937
f 5939 5935 5938
f 5940 5939 5938
f 5941 5940 5938
f 5942 5940 5941
f 5943 5942 5941
f 5944 5942 5943
f 5945 5944 5943
f 5946 5942 5944
f 5947 5946 5944
f 5948 5946 5947
f 5949 5948 5947
f 5950 5946 5948
f 5951 5946 5950
f 5952 5951 5950
f 5953 5951 5952
f 5954 5953 5952
f 5955 5953 5954
f 5956 5955 5954
f 5957 5953 5955
f 5958 5957 5955
f 5959 5957 5958
f 5960 5959 5958
f 5961 5960 5958
f 5962 5960 5961
f 5963 5962 5961
f 5964 5963 5961
f 5958 5964 5961
f 5965 5963 5964
f 5966 5965 5964
f 5967 5966 5964
f 5968 5965 5966
f 5969 5965 5968
f 5970 5969 5968
f 5971 5970 5968
f 5972 5971 5968
f 5973 5971 5972
f 5974 5971 5973
f 5975 5976 5977
f 5978 5975 5977
f 5979 5975 5978
f 5980 5979 5978
f 5981 5980 5978
f 5982 5980 5981
f 5983 5980 5982
f 5984 5983 5982
f 5985 5984 5982
f 5986 5984 5985
f 5987 5986 5985
f 5988 5986 5987
f 5989 5986 5988
f 5990 5989 5988
f 5991 5990 5988
f 5992 5991 5988
f 5993 5991 5992
f 5994 5993 5992
f 5995 5993 5994
f 5996 5993 5995
f 5997 5996 5995
f 5998 5996 5997
f 5999 5998 5997
f 6000 5998 5999
f 6001 6000 5999
f 6002 5998 6000
f 6003 6002 6000
f 6004 6002 6003
f 6005 6004 6003
f 6006 6004 6005
f 6007 6006 6005
f 6008 6007 6005
f 6009 6006 6007
f 6010 6009 6007
f 6011 6010 6007
f 6012 6010 6011
f 6013 6012 6011
f 6014 6012 6013
f 6015 6012 6014
f 6016 6015 6014
f 6017 6016 6014
f 6018 6016 6017
f 6019 6018 6017
f 6020 6018 6019
f 6021 6020 6019
f 6022 6020 6021
f 6023 6022 6021
f 6024 6022 6023
f 6025 6024 6023
f 6026 6024 6025
f 6027 6026 6025
f 6028 6026 6027
f 6029 6028 6027
f 6030 6028 6029
f 6031 6030 6029
f 6032 6031 6029
f 6033 6032 6029
f 6027 6033 6029
f 6034 6032 6033
f 6035 6032 6034
f 6036 6035 6034
f 6037 6035 6036
f 6038 6037 6036
f 6039 6038 6036
f 6040 6038 6039
f 6041 6040 6039
f 6042 6040 6041
f 6043 6040 6042
f 6044 6043 6042
f 6045 6044 6042
f 6046 6044 6045
f 6043 6044 6046
f 6047 6043 6046
f 6048 6043 6047
f 6049 6048 6047
f 6050 6049 6047
f 6051 6049 6050
f 6052 6051 6050
f 6053 6052 6050
f 6047 6053 6050
f 6046 6053 6047
f 6054 6053 6046
f 6055 6054 6046
f 6045 6055 6046
f 6056 6054 6055
f 6057 6056 6055
f 6058 6057 6055
f 6059 6057 6058
f 6060 6057 6059
f 6061 6060 6059
f 6062 6061 6059
f 6063 6061 6062
f 6064 6063 6062
f 6065 6063 6064
f 6066 6063 6065
f 6067 6066 6065
f 6068 6067 6065
f 6069 6067 6068
f 6070 6069 6068
f 6071 6069 6070
f 6072 6069 6071
f 6073 6072 6071
f 6074 6072 6073
f 6075 6074 6073
f 6076 6074 6075
f 6077 6076 6075
f 6078 6076 6077
f 6079 6078 6077
f 6080 6078 6079
f 6081 6080 6079
f 6082 6081 6079
f 6083 6081 6082
f 6084 6083 6082
f 6085 6083 6084
f 6086 6085 6084
f 6087 6086 6084
f 6088 6087 6084
f 6089 6086 6087
f 6090 6086 6089
f 6091 6090 6089
f 6092 6090 6091
f 6093 6092 6091
f 6094 6092 6093
f 6095 6094 6093
f 6096 6094 6095
f 6097 6096 6095
f 6098 6096 6097
f 6099 6098 6097
f 6100 6099 6097
f 6101 6099 6100
f 6102 6101 6100
f 6103 6101 6102
f 6104 6103 6102
f 6105 6104 6102
f 6106 6104 6105
f 6107 6106 6105
f 6108 6107 6105
f 6109 6107 6108
f 6110 6107 6109
f 6111 6110 6109
f 6112 6110 6111
f 6113 6112 6111
f 6114 6113 6111
f 6115 6112 6113
f 6116 6115 6113
f 6114 6116 6113
f 6117 6115 6116
f 6118 6117 6116
f 6119 6118 6116
f 6120 6118 6119
f 6121 6118 6120
f 6122 6121 6120
f 6117 6118 6121
f 6123 6117 6121
f 6124 6117 6123
f 6125 6117 6124
f 6126 6125 6124
f 6127 6126 6124
f 6128 6126 6127
f 6129 6128 6127
f 6130 6128 6129
f 6131 6128 6130
f 6132 6131 6130
f 6133 6132 6130
f 6134 6132 6133
f 6135 6132 6134
f 6136 6132 6135
f 6137 6132 6136
f 6138 6137 6136
f 6139 6137 6138
f 6140 6139 6138
f 6141 6139 6140
f 6142 6141 6140
f 6143 6142 6140
f 6144 6142 6143
f 6145 6144 6143
f 6146 6145 6143
f 6147 6145 6146
f 6148 6147 6146
f 6149 6144 6145
f 6147 6149 6145
f 6150 6149 6147
f 6151 6150 6147
f 6152 6150 6151
f 6153 6152 6151
f 6154 6152 6153
f 6155 6154 6153
f 6156 6155 6153
f 6157 6155 6156
f 6158 6155 6157
f 6159 6158 6157
f 6160 6158 6159
f 6161 6160 6159
f 6162 6160 6161
f 6163 6162 6161
f 6164 6163 6161
f 6165 6163 6164
f 6166 6163 6165
f 6167 6166 6165
f 6168 6167 6165
f 6169 6167 6168
f 6170 6166 6167
f 6171 6170 6167
f 6172 6171 6167
f 6173 6171 6172
f 6174 6173 6172
f 6175 6174 6172
f 6176 6175 6172
f 6177 6176 6172
f 6178 6175 6176
f 6179 6175 6178
f 6180 6179 6178
f 6181 6179 6180
f 6182 6181 6180
f 6183 6182 6180
f 6184 6182 6183
f 6185 6184 6183
f 6186 6184 6185
f 6187 6184 6186
f 6188 6187 6186
f 6189 6188 6186
f 6190 6188 6189
f 6191 6188 6190
f 6192 6191 6190
f 6193 6192 6190
f 6194 6192 6193
f 6195 6194 6193
f 6196 6195 6193
f 6197 6196 6193
f 6198 6196 6197
f 6199 6196 6198
f 6195 6196 6199
f 6200 6195 6199
f 6201 6200 6199
f 6202 6201 6199
f 6203 6202 6199
f 6204 6202 6203
f 6205 6204 6203
f 6206 6204 6205
f 6207 6206 6205
f 6208 6207 6205
f 6209 6207 6208
f 6210 6209 6208
f 6211 6209 6210
f 6212 6209 6211
f 6213 6212 6211
f 6214 6213 6211
f 6215 6212 6213
f 6216 6215 6213
f 6217 6216 6213
f 6218 6216 6217
f 6219 6218 6217
f 6220 6219 6217
f 6221 6219 6220
f 6222 6221 6220
f 6223 6221 6222
f 6224 6221 6223
f 6225 6224 6223
f 6226 6225 6223
f 6227 6225 6226
f 6228 6227 6226
f 6229 6228 6226
f 6230 6228 6229
f 6231 6230 6229
f 6232 6230 6231
f 6233 6232 6231
f 6234 6232 6233
f 6235 6234 6233
f 6236 6235 6233
f 6237 6235 6236
f 6238 6235 6237
f 6239 6238 6237
f 6240 6238 6239
f 6241 6240 6239
f 6242 6240 6241
f 6243 6240 6242
f 6244 6243 6242
f 6245 6244 6242
f 6246 6245 6242
f 6247 6246 6242
f 6241 6247 6242
f 6248 6246 6247
f 6249 6248 6247
f 6250 6248 6249
f 6251 6250 6249
f 6252 6246 6248
f 6253 6246 6252
f 6254 6253 6252
f 6255 6254 6252
f 6256 6254 6255
f 6257 6256 6255
f 6258 6256 6257
f 6259 6258 6257
f 6260 6256 6258
f 6261 6260 6258
f 6262 6260 6261
f 6263 6262 6261
f 6264 6262 6263
f 6265 6264 6263
f 6266 6265 6263
f 6267 6265 6266
f 6268 6267 6266
f 6269 6267 6268
f 6270 6267 6269
f 6271 6270 6269
f 6272 6271 6269
f 6273 6272 6269
f 6274 6272 6273
f 6275 6274 6273
f 6269 6275 6273
f 6268 6275 6269
f 6276 6274 6275
f 6277 6276 6275
f 6278 6276 6277
f 6279 6276 6278
f 6280 6276 6279
f 6281 6280 6279
f 6282 6281 6279
f 6283 6281 6282
f 6284 6283 6282
f 6285 6284 6282
f 6286 6284 6285
f 6287 6286 6285
f 6288 6286 6287
f 6289 6286 6288
f 6290 6286 6289
f 6291 6290 6289
f 6292 6291 6289
f 6293 6291 6292
f 6294 6290 6291
f 6295 6294 6291
f 6296 6295 6291
f 6293 6296 6291
f 6297 6296 6293
f 6298 6295 6296
f 6299 6298 6296
f 6300 6298 6299
f 6301 6298 6300
f 6302 6301 6300
f 6303 6301 6302
f 6304 6303 6302
f 6305 6304 6302
f 6306 6305 6302
f 6307 6305 6306
f 6308 6307 6306
f 6309 6307 6308
f 6310 6307 6309
f 6311 6310 6309
f 6312 6310 6311
f 6313 6312 6311
f 6314 6313 6311
f 6315 6314 6311
f 6312 6313 6316
f 6317 6312 6316
f 6318 6312 6317
f 6310 6312 6318
f 6319 6310 6318
f 6320 6319 6318
f 6321 6319 6320
f 6322 6321 6320
f 6323 6321 6322
f 6324 6323 6322
f 6325 6323 6324
f 6326 6325 6324
f 6327 6325 6326
f 6328 6327 6326
f 6329 6327 6328
f 6330 6329 6328
f 6331 6329 6330
f 6332 6329 6331
f 6333 6332 6331
f 6334 6333 6331
f 6330 6334 6331
f 6335 6334 6330
f 6336 6335 6330
f 6337 6336 6330
f 6338 6337 6330
f 6328 6338 6330
f 6339 6337 6338
f 6340 6337 6339
f 6341 6340 6339
f 6342 6340 6341
f 6343 6340 6342
f 6344 6343 6342
f 6345 6343 6344
f 6346 6345 6344
f 6347 6345 6346
f 6348 6347 6346
f 6349 6347 6348
f 6350 6349 6348
f 6351 6350 6348
f 6352 6350 6351
f 6353 6352 6351
f 6354 6353 6351
f 6355 6354 6351
f 6356 6352 6353
f 6357 6356 6353
f 6358 6357 6353
f 6359 6357 6358
f 6360 6359 6358
f 6361 6360 6358
f 6362 6361 6358
f 6363 6361 6362
f 6364 6363 6362
f 6365 6364 6362
f 6366 6365 6362
f 6367 6364 6365
f 6368 6364 6367
f 6369 6368 6367
f 6370 6368 6369
f 6371 6370 6369
f 6372 6370 6371
f 6373 6372 6371
f 6374 6373 6371
f 6375 6373 6374
f 6376 6373 6375
f 6377 6376 6375
f 6378 6377 6375
f 6379 6377 6378
f 6380 6379 6378
f 6381 6379 6380
f 6382 6379 6381
f 6383 6382 6381
f 6384 6383 6381
f 6385 6383 6384
f 6386 6385 6384
f 6387 6385 6386
f 6388 6385 6387
f 6389 6388 6387
f 6390 6389 6387
f 6386 6390 6387
f 6391 6389 6390
f 6392 6391 6390
f 6393 6392 6390
f 6394 6393 6390
f 6395 6393 6394
f 6396 6395 6394
f 6397 6393 6395
f 6398 6397 6395
f 6399 6397 6398
f 6400 6399 6398
f 6401 6399 6400
f 6402 6401 6400
f 6403 6402 6400
f 6404 6399 6401
f 6405 6404 6401
f 6406 6405 6401
f 6402 6406 6401
f 6407 6406 6402
f 6408 6406 6407
f 6409 6408 6407
f 6410 6406 6408
f 6411 6410 6408
f 6409 6411 6408
f 6412 6410 6411
f 6413 6412 6411
f 6414 6413 6411
f 6415 6413 6414
f 6416 6415 6414
f 6417 6416 6414
f 6418 6416 6417
f 6419 6418 6417
f 6420 6419 6417
f 6421 6419 6420
f 6422 6421 6420
f 6423 6421 6422
f 6424 6421 6423
f 6425 6424 6423
f 6426 6424 6425
f 6427 6424 6426
f 6428 6427 6426
f 6429 6428 6426
f 6430 6428 6429
f 6431 6427 6428
f 6432 6431 6428
f 6430 6432 6428
f 6433 6432 6430
f 6434 6433 6430
f 6435 6433 6434
f 6436 6433 6435
f 6437 6433 6436
f 6438 6437 6436
f 6439 6437 6438
f 6440 6439 6438
f 6441 6440 6438
f 6442 6440 6441
f 6443 6442 6441
f 6444 6442 6443
f 6445 6442 6444
f 6446 6442 6445
f 6447 6446 6445
f 6448 6446 6447
f 6449 6448 6447
f 6450 6448 6449
f 6451 6450 6449
f 6452 6450 6451
f 6453 6452 6451
f 6454 6453 6451
f 6455 6453 6454
f 6456 6453 6455
f 6457 6456 6455
f 6458 6456 6457
f 6459 6456 6458
f 6460 6459 6458
f 6461 6459 6460
f 6462 6461 6460
f 6463 6461 6462
f 6464 6463 6462
f 6465 6463 6464
f 6466 6465 6464
f 6467 6466 6464
f 6468 6466 6467
f 6469 6466 6468
f 6470 6469 6468
f 6471 6470 6468
f 6472 6470 6471
f 6473 6472 6471
f 6474 6473 6471
f 6475 6474 6471
f 6476 6474 6475
f 6477 6476 6475
f 6478 6477 6475
f 6479 6476 6477
f 6480 6476 6479
f 6481 6480 6479
f 6482 6480 6481
f 6483 6482 6481
f 6484 6482 6483
f 6485 6484 6483
f 6486 6485 6483
f 6487 6485 6486
f 6488 6487 6486
f 6489 6487 6488
f 6490 6487 6489
f 6491 6490 6489
f 6492 6490 6491
f 6493 6492 6491
f 6494 6490 6492
f 6495 6494 6492
f 6496 6494 6495
f 6497 6496 6495
f 6498 6496 6497
f 6499 6498 6497
f 6500 6498 6499
f 6501 6500 6499
f 6502 6500 6501
f 6503 6502 6501
f 6504 6502 6503
f 6505 6504 6503
f 6506 6504 6505
f 6507 6506 6505
f 6508 6507 6505
f 6509 6507 6508
f 6510 6507 6509
f 6511 6510 6509
f 6512 6511 6509
f 6513 6512 6509
f 6514 6512 6513
f 6515 6512 6514
f 6516 6515 6514
f 6517 6516 6514
f 6518 6515 6516
f 6511 6512 6515
f 6518 6511 6515
f 6519 6511 6518
f 6520 6519 6518
f 6521 6519 6520
f 6522 6519 6521
f 6523 6522 6521
f 6524 6523 6521
f 6525 6523 6524
f 6526 6525 6524
f 6527 6525 6526
f 6528 6525 6527
f 6529 6525 6528
f 6530 6529 6528
f 6531 6530 6528
f 6532 6529 6530
f 6533 6532 6530
f 6534 6533 6530
f 6535 6533 6534
f 6536 6535 6534
f 6537 6536 6534
f 6538 6537 6534
f 6539 6537 6538
f 6540 6539 6538
f 6541 6540 6538
f 6542 6540 6541
f 6543 6542 6541
f 6544 6543 6541
f 6545 6543 6544
f 6546 6543 6545
f 6546 6542 6543
f 6547 6540 6542
f 6548 6547 6542
f 6549 6547 6548
f 6550 6549 6548
f 6551 6550 6548
f 6552 6550 6551
f 6553 6552 6551
f 6554 6553 6551
f 6555 6552 6553
f 6556 6555 6553
f 6557 6555 6556
f 6558 6557 6556
f 6559 6557 6558
f 6560 6559 6558
f 6561 6560 6558
f 6562 6560 6561
f 6563 6562 6561
f 6564 6563 6561
f 6565 6563 6564
f 6566 6563 6565
f 6567 6566 6565
f 6568 6567 6565
f 6569 6567 6568
f 6570 6569 6568
f 6571 6569 6570
f 6572 6571 6570
f 6573 6572 6570
f 6574 6572 6573
f 6575 6572 6574
f 6576 6575 6574
f 6577 6576 6574
f 6578 6576 6577
f 6579 6578 6577
f 6580 6578 6579
f 6581 6578 6580
f 6582 6578 6581
f 6583 6582 6581
f 6584 6583 6581
f 6585 6584 6581
f 6586 6585 6581
f 6587 6585 6586
f 6588 6587 6586
f 6589 6588 6586
f 6590 6588 6589
f 6591 6590 6589
f 6592 6590 6591
f 6593 6592 6591
f 6594 6592 6593
f 6595 6594 6593
f 6596 6595 6593
f 6597 6596 6593
f 6598 6596 6597
f 6599 6596 6598
f 6600 6599 6598
f 6601 6600 6598
f 6602 6601 6598
f 6603 6602 6598
f 6604 6602 6603
f 6605 6604 6603
f 6606 6604 6605
f 6607 6606 6605
f 6608 6606 6607
f 6609 6608 6607
f 6610 6609 6607
f 6611 6609 6610
f 6612 6611 6610
f 6613 6611 6612
f 6614 6613 6612
f 6615 6614 6612
f 6616 6613 6614
f 6617 6616 6614
f 6615 6617 6614
f 6618 6616 6617
f 6619 6616 6618
f 6620 6619 6618
f 6621 6620 6618
f 6622 6620 6621
f 6623 6622 6621
f 6624 6622 6623
f 6625 6622 6624
f 6626 6625 6624
f 6627 6625 6626
f 6628 6625 6627
f 6629 6628 6627
f 6630 6625 6628
f 6631 6630 6628
f 6632 6630 6631
f 6633 6632 6631
f 6622 6625 6630
f 6620 6622 6630
f 6632 6620 6630
f 6619 6620 6632
f 6633 6619 6632
f 6613 6616 6619
f 6633 6613 6619
f 6611 6613 6633
f 6609 6611 6633
f 6631 6609 6633
f 6608 6609 6631
f 6628 6608 6631
f 6629 6608 6628
f 6634 6608 6629
f 6606 6608 6634
f 6635 6602 6604
f 6601 6602 6635
f 6636 6601 6635
f 6637 6636 6635
f 6638 6601 6636
f 6639 6638 6636
f 6600 6601 6638
f 6640 6600 6638
f 6641 6640 6638
f 6642 6641 6638
f 6643 6641 6642
f 6644 6643 6642
f 6645 6644 6642
f 6646 6644 6645
f 6647 6646 6645
f 6648 6646 6647
f 6649 6648 6647
f 6650 6648 6649
f 6651 6648 6650
f 6652 6651 6650
f 6653 6651 6652
f 6654 6653 6652
f 6655 6654 6652
f 6656 6654 6655
f 6657 6654 6656
f 6658 6657 6656
f 6659 6657 6658
f 6660 6659 6658
f 6661 6660 6658
f 6662 6660 6661
f 6663 6662 6661
f 6664 6663 6661
f 6665 6662 6663
f 6666 6665 6663
f 6667 6665 6666
f 6662 6665 6667
f 6668 6660 6662
f 6669 6668 6662
f 6670 6668 6669
f 6671 6670 6669
f 6672 6671 6669
f 6662 6672 6669
f 6667 6672 6662
f 6673 6672 6667
f 6674 6673 6667
f 6666 6674 6667
f 6675 6674 6666
f 6676 6674 6675
f 6677 6674 6676
f 6673 6674 6677
f 6678 6673 6677
f 6672 6673 6678
f 6679 6672 6678
f 6680 6679 6678
f 6681 6679 6680
f 6682 6681 6680
f 6683 6681 6682
f 6684 6681 6683
f 6685 6684 6683
f 6686 6685 6683
f 6687 6685 6686
f 6688 6687 6686
f 6689 6687 6688
f 6690 6689 6688
f 6691 6689 6690
f 6692 6691 6690
f 6693 6692 6690
f 6694 6692 6693
f 6695 6694 6693
f 6696 6695 6693
f 6697 6695 6696
f 6698 6695 6697
f 6699 6698 6697
f 6700 6698 6699
f 6701 6700 6699
f 6702 6700 6701
f 6703 6702 6701
f 6704 6703 6701
f 6705 6702 6703
f 6706 6705 6703
f 6707 6705 6706
f 6708 6705 6707
f 6709 6708 6707
f 6710 6708 6709
f 6711 6710 6709
f 6712 6710 6711
f 6713 6710 6712
f 6714 6713 6712
f 6715 6713 6714
f 6716 6715 6714
f 6717 6715 6716
f 6718 6717 6716
f 6719 6718 6716
f 6720 6719 6716
f 6721 6719 6720
f 6722 6721 6720
f 6723 6721 6722
f 6724 6723 6722
f 6725 6723 6724
f 6726 6725 6724
f 6727 6726 6724
f 6728 6727 6724
f 6729 6727 6728
f 6730 6727 6729
f 6726 6727 6730
f 6731 6726 6730
f 6732 6731 6730
f 6729 6732 6730
f 6733 6732 6729
f 6734 6733 6729
f 6735 6734 6729
f 6728 6735 6729
f 6736 6735 6728
f 6737 6735 6736
f 6738 6735 6737
f 6739 6738 6737
f 6740 6738 6739
f 6741 6740 6739
f 6742 6740 6741
f 6743 6742 6741
f 6744 6743 6741
f 6745 6744 6741
f 6746 6744 6745
f 6747 6744 6746
f 6748 6747 6746
f 6749 6747 6748
f 6750 6749 6748
f 6751 6750 6748
f 6752 6750 6751
f 6753 6752 6751
f 6754 6752 6753
f 6755 6752 6754
f 6756 6752 6755
f 6757 6756 6755
f 6758 6757 6755
f 6759 6758 6755
f 6760 6758 6759
f 6757 6758 6760
f 6761 6756 6757
f 6762 6761 6757
f 6760 6762 6757
f 6763 6762 6760
f 6764 6763 6760
f 6765 6763 6764
f 6766 6765 6764
f 6767 6765 6766
f 6768 6767 6766
f 6769 6767 6768
f 6770 6769 6768
f 6771 6770 6768
f 6772 6770 6771
f 6773 6772 6771
f 6774 6772 6773
f 6775 6774 6773
f 6776 6775 6773
f 6777 6774 6775
f 6778 6777 6775
f 6779 6777 6778
f 6780 6779 6778
f 6781 6779 6780
f 6782 6774 6777
f 6783 6774 6782
f 6772 6774 6783
f 6784 6772 6783
f 6785 6784 6783
f 6786 6784 6785
f 6770 6772 6784
f 6786 6770 6784
f 6787 6767 6769
f 6788 6787 6769
f 6789 6788 6769
f 6790 6788 6789
f 6791 6790 6789
f 6792 6791 6789
f 6793 6791 6792
f 6794 6793 6792
f 6795 6793 6794
f 6796 6793 6795
f 6797 6796 6795
f 6798 6797 6795
f 6799 6798 6795
f 6800 6797 6798
f 6801 6800 6798
f 6802 6801 6798
f 6803 6801 6802
f 6804 6801 6803
f 6805 6804 6803
f 6806 6804 6805
f 6807 6804 6806
f 6808 6807 6806
f 6809 6808 6806
f 6810 6809 6806
f 6811 6810 6806
f 6812 6811 6806
f 6813 6811 6812
f 6814 6813 6812
f 6815 6814 6812
f 6816 6813 6814
f 6817 6816 6814
f 6818 6816 6817
f 6819 6818 6817
f 6820 6819 6817
f 6821 6819 6820
f 6822 6821 6820
f 6823 6821 6822
f 6824 6823 6822
f 6825 6823 6824
f 6826 6823 6825
f 6827 6826 6825
f 6828 6826 6827
f 6829 6828 6827
f 6830 6828 6829
f 6831 6830 6829
f 6832 6831 6829
f 6833 6831 6832
f 6834 6833 6832
f 6835 6833 6834
f 6836 6833 6835
f 6837 6833 6836
f 6838 6837 6836
f 6839 6838 6836
f 6840 6838 6839
f 6841 6838 6840
f 6842 6841 6840
f 6843 6842 6840
f 6844 6842 6843
f 6845 6842 6844
f 6846 6845 6844
f 6847 6845 6846
f 6848 6847 6846
f 6849 6847 6848
f 6850 6849 6848
f 6851 6849 6850
f 6852 6851 6850
f 6853 6852 6850
f 6854 6852 6853
f 6855 6852 6854
f 6856 6855 6854
f 6857 6856 6854
f 6858 6856 6857
f 6859 6856 6858
f 6860 6859 6858
f 6861 6860 6858
f 6862 6860 6861
f 6863 6860 6862
f 6864 6863 6862
f 6865 6863 6864
f 6866 6865 6864
f 6867 6866 6864
f 6868 6863 6865
f 6866 6868 6865
f 6859 6860 6863
f 6868 6859 6863
f 6869 6859 6868
f 6856 6859 6869
f 6855 6856 6869
f 6870 6855 6869
f 6871 6870 6869
f 6868 6871 6869
f 6872 6870 6871
f 6873 6872 6871
f 6874 6873 6871
f 6875 6874 6871
f 6876 6875 6871
f 6877 6875 6876
f 6878 6877 6876
f 6879 6877 6878
f 6880 6877 6879
f 6881 6880 6879
f 6882 6880 6881
f 6883 6880 6882
f 6884 6883 6882
f 6885 6883 6884
f 6886 6885 6884
f 6887 6885 6886
f 6888 6887 6886
f 6889 6887 6888
f 6890 6889 6888
f 6891 6890 6888
f 6892 6890 6891
f 6893 6892 6891
f 6894 6893 6891
f 6895 6894 6891
f 6896 6894 6895
f 6897 6896 6895
f 6898 6896 6897
f 6899 6898 6897
f 6900 6898 6899
f 6901 6900 6899
f 6902 6900 6901
f 6903 6902 6901
f 6904 6902 6903
f 6905 6904 6903
f 6906 6904 6905
f 6907 6906 6905
f 6908 6907 6905
f 6909 6907 6908
f 6910 6909 6908
f 6911 6910 6908
f 6912 6909 6910
f 6913 6909 6912
f 6914 6913 6912
f 6915 6913 6914
f 6916 6915 6914
f 6917 6915 6916
f 6918 6917 6916
f 6919 6918 6916
f 6920 6918 6919
f 6921 6920 6919
f 6922 6920 6921
f 6923 6920 6922
f 6924 6923 6922
f 6925 6923 6924
f 6926 6925 6924
f 6927 6925 6926
f 6928 6927 6926
f 6929 6928 6926
f 6930 6929 6926
f 6924 6930 6926
f 6922 6930 6924
f 6931 6929 6930
f 6932 6931 6930
f 6933 6929 6931
f 6934 6933 6931
f 6935 6933 6934
f 6936 6935 6934
f 6937 6936 6934
f 6938 6936 6937
f 6939 6938 6937
f 6940 6939 6937
f 6941 6939 6940
f 6942 6941 6940
f 6943 6942 6940
f 6944 6942 6943
f 6945 6944 6943
f 6946 6944 6945
f 6947 6944 6946
f 6948 6947 6946
f 6949 6948 6946
f 6950 6948 6949
f 6951 6948 6950
f 6952 6951 6950
f 6953 6952 6950
f 6954 6953 6950
f 6955 6953 6954
f 6956 6955 6954
f 6957 6955 6956
f 6958 6955 6957
f 6959 6958 6957
f 6960 6958 6959
f 6961 6960 6959
f 6962 6960 6961
f 6963 6962 6961
f 6964 6960 6962
f 6965 6964 6962
f 6966 6964 6965
f 6967 6966 6965
f 6968 6966 6967
f 6969 6968 6967
f 6970 6969 6967
f 6971 6969 6970
f 6972 6971 6970
f 6973 6971 6972
f 6974 6973 6972
f 6975 6973 6974
f 6976 6971 6973
f 6977 6976 6973
f 6978 6976 6977
f 6979 6976 6978
f 6980 6979 6978
f 6981 6980 6978
f 6977 6981 6978
f 6982 6981 6977
f 6983 6982 6977
f 6984 6983 6977
f 6985 6984 6977
f 6986 6984 6985
f 6987 6986 6985
f 6988 6986 6987
f 6989 6988 6987
f 6990 6988 6989
f 6991 6988 6990
f 6992 6991 6990
f 6993 6991 6992
f 6994 6993 6992
f 6995 6993 6994
f 6996 6995 6994
f 6997 6996 6994
f 6998 6996 6997
f 6999 6996 6998
f 7000 6999 6998
f 7001 7000 6998
f 7002 7000 7001
f 7003 7000 7002
f 7004 7003 7002
f 7005 7004 7002
f 7006 7005 7002
f 7007 7005 7006
f 7008 7007 7006
f 7009 7007 7008
f 7010 7009 7008
f 7011 7009 7010
f 7012 7011 7010
f 7013 7011 7012
f 7014 7013 7012
f 7015 7014 7012
f 7016 7014 7015
f 7017 7016 7015
f 7018 7016 7017
f 7019 7018 7017
f 7020 7018 7019
f 7021 7020 7019
f 7022 7020 7021
f 7023 7020 7022
f 7024 7023 7022
f 7025 7024 7022
f 7026 7023 7024
f 7027 7026 7024
f 7025 7027 7024
f 7028 7023 7026
f 7029 7028 7026
f 7030 7028 7029
f 7031 7030 7029
f 7032 7031 7029
f 7033 7031 7032
f 7034 7030 7031
f 7035 7034 7031
f 7033 7035 7031
f 7036 7035 7033
f 7037 7036 7033
f 7038 7036 7037
f 7039 7038 7037
f 7040 7038 7039
f 7041 7038 7040
f 7042 7041 7040
f 7043 7041 7042
f 7044 7041 7043
f 7045 7044 7043
f 7046 7044 7045
f 7047 7044 7046
f 7048 7047 7046
f 7049 7047 7048
f 7050 7047 7049
f 7051 7050 7049
f 7052 7051 7049
f 7053 7051 7052
f 7054 7053 7052
f 7055 7054 7052
f 7056 7055 7052
f 7057 7055 7056
f 7058 7055 7057
f 7059 7058 7057
f 7060 7059 7057
f 7061 7059 7060
f 7062 7061 7060
f 7063 7061 7062
f 7064 7063 7062
f 7065 7064 7062
f 7066 7064 7065
f 7067 7066 7065
f 7068 7066 7067
f 7069 7068 7067
f 7070 7068 7069
f 7071 7070 7069
f 7072 7070 7071
f 7073 7072 7071
f 7074 7073 7071
f 7075 7073 7074
f 7076 7075 7074
f 7077 7076 7074
f 7078 7076 7077
f 7079 7078 7077
f 7080 7078 7079
f 7081 7080 7079
f 7082 7081 7079
f 7083 7080 7081
f 7084 7080 7083
f 7085 7084 7083
f 7086 7084 7085
f 7087 7086 7085
f 7088 7087 7085
f 7089 7087 7088
f 7090 7089 7088
f 7091 7089 7090
f 7092 7091 7090
f 7093 7091 7092
f 7094 7093 7092
f 7095 7093 7094
f 7096 7095 7094
f 7097 7095 7096
f 7098 7097 7096
f 7099 7097 7098
f 7100 7099 7098
f 7101 7099 7100
f 7102 7101 7100
f 7103 7102 7100
f 7104 7102 7103
f 7105 7104 7103
f 7106 7105 7103
f 7107 7105 7106
f 7108 7107 7106
f 7109 7105 7107
f 7110 7109 7107
f 7111 7109 7110
f 7112 7111 7110
f 7113 7112 7110
f 7114 7112 7113
f 7115 7114 7113
f 7116 7114 7115
f 7116 7112 7114
f 7117 7112 7116
f 7118 7117 7116
f 7119 7118 7116
f 7120 7119 7116
f 7121 7120 7116
f 7122 7120 7121
f 7123 7122 7121
f 7124 7123 7121
f 7125 7123 7124
f 7126 7125 7124
f 7127 7126 7124
f 7128 7125 7126
f 7129 7128 7126
f 7127 7129 7126
f 7130 7129 7127
f 7131 7128 7129
f 7132 7128 7131
f 7133 7132 7131
f 7134 7132 7133
f 7135 7134 7133
f 7136 7135 7133
f 7137 7136 7133
f 7138 7135 7136
f 7139 7135 7138
f 7140 7135 7139
f 7141 7140 7139
f 7142 7141 7139
f 7143 7140 7141
f 7144 7143 7141
f 7145 7143 7144
f 7146 7145 7144
f 7147 7146 7144
f 7148 7147 7144
f 7149 7147 7148
f 7150 7149 7148
f 7151 7149 7150
f 7152 7151 7150
f 7153 7151 7152
f 7154 7153 7152
f 7155 7153 7154
f 7156 7155 7154
f 7157 7155 7156
f 7158 7155 7157
f 7159 7158 7157
f 7160 7158 7159
f 7161 7160 7159
f 7162 7161 7159
f 7163 7161 7162
f 7164 7163 7162
f 7165 7163 7164
f 7166 7165 7164
f 7167 7165 7166
f 7168 7167 7166
f 7169 7165 7167
f 7170 7165 7169
f 7171 7170 7169
f 7172 7170 7171
f 7173 7172 7171
f 7174 7173 7171
f 7175 7173 7174
f 7176 7175 7174
f 7177 7176 7174
f 7178 7176 7177
f 7179 7178 7177
f 7180 7173 7175
f 7181 7173 7180
f 7182 7181 7180
f 7183 7181 7182
f 7184 7183 7182
f 7185 7184 7182
f 7186 7184 7185
f 7187 7186 7185
f 7188 7186 7187
f 7189 7188 7187
f 7190 7188 7189
f 7191 7190 7189
f 7192 7190 7191
f 7193 7192 7191
f 7194 7192 7193
f 7195 7194 7193
f 7196 7194 7195
f 7197 7196 7195
f 7198 7197 7195
f 7199 7197 7198
f 7200 7197 7199
f 7196 7197 7200
f 7201 7196 7200
f 7202 7196 7201
f 7203 7202 7201
f 7204 7203 7201
f 7205 7203 7204
f 7206 7205 7204
f 7207 7203 7205
f 7208 7207 7205
f 7209 7208 7205
f 7210 7208 7209
f 7211 7210 7209
f 7212 7211 7209
f 7213 7211 7212
f 7214 7213 7212
f 7215 7214 7212
f 7216 7214 7215
f 7217 7216 7215
f 7218 7216 7217
f 7219 7216 7218
f 7220 7216 7219
f 7221 7220 7219
f 7222 7221 7219
f 7223 7222 7219
f 7224 7222 7223
f 7225 7224 7223
f 7226 7224 7225
f 7227 7226 7225
f 7228 7226 7227
f 7229 7228 7227
f 7230 7228 7229
f 7231 7230 7229
f 7232 7228 7230
f 7233 7232 7230
f 7234 7232 7233
f 7235 7234 7233
f 7236 7235 7233
f 7237 7235 7236
f 7238 7235 7237
f 7239 7238 7237
f 7240 7239 7237
f 7241 7239 7240
f 7242 7239 7241
f 7243 7242 7241
f 7244 7243 7241
f 7245 7243 7244
f 7246 7245 7244
f 7247 7245 7246
f 7248 7247 7246
f 7249 7248 7246
f 7250 7248 7249
f 7251 7248 7250
f 7252 7251 7250
f 7253 7251 7252
f 7254 7253 7252
f 7255 7254 7252
f 7256 7253 7254
f 7257 7256 7254
f 7258 7256 7257
f 7259 7258 7257
f 7260 7258 7259
f 7261 7260 7259
f 7262 7261 7259
f 7263 7261 7262
f 7264 7263 7262
f 7265 7263 7264
f 7266 7265 7264
f 7267 7265 7266
f 7268 7267 7266
f 7269 7268 7266
f 7270 7268 7269
f 7271 7268 7270
f 7272 7271 7270
f 7273 7272 7270
f 7274 7272 7273
f 7275 7274 7273
f 7276 7274 7275
f 7277 7276 7275
f 7278 7276 7277
f 7279 7278 7277
f 7280 7276 7278
f 7281 7276 7280
f 7282 7281 7280
f 7283 7282 7280
f 7284 7282 7283
f 7285 7284 7283
f 7286 7285 7283
f 7287 7285 7286
f 7288 7287 7286
f 7289 7287 7288
f 7290 7289 7288
f 7291 7289 7290
f 7292 7291 7290
f 7293 7291 7292
f 7294 7291 7293
f 7295 7294 7293
f 7296 7295 7293
f 7297 7295 7296
f 7298 7297 7296
f 7299 7298 7296
f 7300 7298 7299
f 7301 7300 7299
f 7302 7295 7297
f 7303 7302 7297
f 7304 7302 7303
f 7305 7304 7303
f 7306 7304 7305
f 7307 7306 7305
f 7308 7307 7305
f 7309 7307 7308
f 7310 7309 7308
f 7311 7309 7310
f 7312 7311 7310
f 7313 7311 7312
f 7314 7311 7313
f 7315 7311 7314
f 7316 7315 7314
f 7317 7315 7316
f 7309 7311 7315
f 7307 7309 7315
f 7317 7307 7315
f 7306 7307 7317
f 7318 7306 7317
f 7319 7318 7317
f 7320 7318 7319
f 7321 7320 7319
f 7322 7320 7321
f 7323 7322 7321
f 7324 7322 7323
f 7325 7324 7323
f 7326 7325 7323
f 7327 7325 7326
f 7328 7327 7326
f 7329 7328 7326
f 7330 7328 7329
f 7331 7330 7329
f 7332 7331 7329
f 7333 7331 7332
f 7334 7331 7333
f 7335 7334 7333
f 7336 7335 7333
f 7337 7336 7333
f 7338 7336 7337
f 7339 7336 7338
f 7340 7339 7338
f 7341 7339 7340
f 7342 7341 7340
f 7343 7341 7342
f 7344 7341 7343
f 7345 7344 7343
f 7346 7344 7345
f 7347 7346 7345
f 7348 7347 7345
f 7349 7344 7346
f 7350 7349 7346
f 7351 7349 7350
f 7352 7351 7350
f 7353 7351 7352
f 7354 7353 7352
f 7355 7354 7352
f 7356 7355 7352
f 7357 7355 7356
f 7358 7357 7356
f 7359 7357 7358
f 7360 7359 7358
f 7361 7359 7360
f 7362 7355 7357
f 7363 7355 7362
f 7364 7363 7362
f 7365 7363 7364
f 7366 7363 7365
f 7367 7366 7365
f 7368 7366 7367
f 7354 7355 7363
f 7366 7354 7363
f 7353 7354 7366
f 7368 7353 7366
f 7369 7353 7368
f 7351 7353 7369
f 7349 7351 7369
f 7370 7349 7369
f 7344 7349 7370
f 7341 7344 7370
f 7339 7341 7370
f 7370 7336 7339
f 7330 7331 7334
f 7371 7322 7324
f 7372 7322 7371
f 7320 7322 7372
f 7373 7320 7372
f 7374 7318 7320
f 7373 7374 7320
f 7375 7318 7374
f 7376 7375 7374
f 7306 7318 7375
f 7304 7306 7375
f 7302 7304 7375
f 7376 7302 7375
f 7295 7302 7376
f 7294 7295 7376
f 7374 7294 7376
f 7289 7291 7294
f 7374 7289 7294
f 7373 7289 7374
f 7287 7289 7373
f 7372 7287 7373
f 7285 7287 7372
f 7371 7285 7372
f 7284 7285 7371
f 7324 7284 7371
f 7274 7276 7281
f 7377 7263 7265
f 7378 7263 7377
f 7261 7263 7378
f 7379 7258 7260
f 7380 7258 7379
f 7381 7380 7379
f 7382 7381 7379
f 7383 7380 7381
f 7256 7258 7380
f 7253 7256 7380
f 7383 7253 7380
f 7251 7253 7383
f 7248 7251 7383
f 7247 7248 7383
f 7381 7247 7383
f 7382 7247 7381
f 7245 7247 7382
f 7243 7245 7382
f 7242 7243 7382
f 7379 7242 7382
f 7260 7242 7379
f 7261 7242 7260
f 7378 7242 7261
f 7239 7242 7378
f 7238 7239 7378
f 7377 7238 7378
f 7214 7216 7220
f 7202 7203 7207
f 7194 7196 7202
f 7163 7165 7170
f 7384 7143 7145
f 7140 7143 7384
f 7134 7135 7140
f 7384 7134 7140
f 7132 7134 7384
f 7385 6991 6993
f 6988 6991 7385
f 6986 6988 7385
f 7386 6986 7385
f 6984 6986 7386
f 6983 6984 7386
f 6947 6948 6951
f 6942 6944 6947
f 6935 6936 6938
f 6928 6929 6933
f 7387 6915 6917
f 6913 6915 7387
f 6907 6909 6913
f 7387 6907 6913
f 6906 6907 7387
f 7388 6887 6889
f 6885 6887 7388
f 6877 6880 6883
f 6875 6877 6883
f 6874 6875 6883
f 6885 6874 6883
f 7388 6874 6885
f 6873 6874 7388
f 6889 6873 7388
f 6801 6804 6807
f 7389 6717 6718
f 7390 7389 6718
f 7391 7389 7390
f 7392 7391 7390
f 7393 7391 7392
f 7394 7391 7393
f 7395 7394 7393
f 7396 7395 7393
f 7397 7394 7395
f 7398 7394 7397
f 7399 7398 7397
f 7400 7398 7399
f 7401 7394 7398
f 7391 7394 7401
f 7389 7391 7401
f 6717 7389 7401
f 6715 6717 7401
f 7398 6715 7401
f 7400 6715 7398
f 6713 6715 7400
f 6710 6713 7400
f 6708 6710 7400
f 7399 6708 7400
f 6705 6708 7399
f 6702 6705 7399
f 7397 6702 7399
f 6700 6702 7397
f 7395 6700 7397
f 6698 6700 7395
f 7396 6698 7395
f 6695 6698 7396
f 6694 6695 7396
f 7393 6694 7396
f 7392 6694 7393
f 6692 6694 7392
f 6691 6692 7392
f 7390 6691 7392
f 7402 6681 6684
f 6679 6681 7402
f 6671 6672 6679
f 7402 6671 6679
f 6670 6671 7402
f 6659 6660 6668
f 6595 6596 6599
f 6576 6578 6582
f 7403 6557 6559
f 6555 6557 7403
f 7404 6555 7403
f 6552 6555 7404
f 6550 6552 7404
f 7405 6547 6549
f 7406 6547 7405
f 7407 7406 7405
f 7408 7406 7407
f 7409 7408 7407
f 7410 7409 7407
f 7405 7410 7407
f 7411 7408 7409
f 7412 7411 7409
f 7413 7411 7412
f 7414 7413 7412
f 7415 7413 7414
f 7416 7415 7414
f 7417 7416 7414
f 7418 7415 7416
f 7419 7418 7416
f 7420 7419 7416
f 7421 7419 7420
f 7422 7421 7420
f 7423 7421 7422
f 7424 7423 7422
f 7425 7424 7422
f 7426 7424 7425
f 7427 7424 7426
f 7428 7427 7426
f 7429 7427 7428
f 7430 7429 7428
f 7431 7430 7428
f 7432 7429 7430
f 7433 7421 7423
f 7434 7421 7433
f 7435 7434 7433
f 7436 7435 7433
f 7437 7435 7436
f 7438 7437 7436
f 7439 7437 7438
f 7440 7439 7438
f 7441 7440 7438
f 7442 7440 7441
f 7443 7442 7441
f 7444 7442 7443
f 7445 7444 7443
f 7446 7445 7443
f 7447 7445 7446
f 7448 7447 7446
f 7449 7447 7448
f 7450 7449 7448
f 7451 7449 7450
f 7452 7451 7450
f 7453 7452 7450
f 7454 7452 7453
f 7455 7454 7453
f 7456 7454 7455
f 7457 7456 7455
f 7458 7457 7455
f 7459 7457 7458
f 7460 7459 7458
f 7461 7456 7457
f 7462 7456 7461
f 7463 7462 7461
f 7464 7462 7463
f 7465 7462 7464
f 7466 7465 7464
f 7467 7466 7464
f 7468 7466 7467
f 7469 7468 7467
f 7470 7468 7469
f 7471 7466 7468
f 7472 7466 7471
f 7473 7472 7471
f 7474 7473 7471
f 7475 7474 7471
f 7476 7474 7475
f 7477 7474 7476
f 7478 7477 7476
f 7479 7478 7476
f 7480 7478 7479
f 7481 7480 7479
f 7482 7478 7480
f 7483 7478 7482
f 7484 7483 7482
f 7485 7483 7484
f 7486 7485 7484
f 7487 7486 7484
f 7488 7486 7487
f 7489 7486 7488
f 7485 7486 7489
f 7490 7485 7489
f 7491 7485 7490
f 7492 7491 7490
f 7493 7491 7492
f 7494 7493 7492
f 7495 7494 7492
f 7496 7493 7494
f 7483 7485 7491
f 7477 7478 7483
f 7491 7477 7483
f 7493 7477 7491
f 7496 7477 7493
f 7474 7477 7496
f 7473 7474 7496
f 7494 7473 7496
f 7497 7473 7494
f 7498 7497 7494
f 7495 7498 7494
f 7499 7497 7498
f 7500 7499 7498
f 7501 7499 7500
f 7502 7501 7500
f 7503 7501 7502
f 7504 7501 7503
f 7505 7504 7503
f 7506 7504 7505
f 7507 7506 7505
f 7508 7506 7507
f 7509 7504 7506
f 7499 7501 7504
f 7509 7499 7504
f 7497 7499 7509
f 7473 7497 7509
f 7472 7473 7509
f 7506 7472 7509
f 7508 7472 7506
f 7508 7466 7472
f 7465 7466 7508
f 7507 7465 7508
f 7462 7465 7507
f 7456 7462 7507
f 7454 7456 7507
f 7505 7454 7507
f 7452 7454 7505
f 7451 7452 7505
f 7503 7451 7505
f 7449 7451 7503
f 7502 7449 7503
f 7447 7449 7502
f 7445 7447 7502
f 7500 7445 7502
f 7444 7445 7500
f 7498 7444 7500
f 7442 7444 7498
f 7495 7442 7498
f 7440 7442 7495
f 7492 7440 7495
f 7490 7440 7492
f 7439 7440 7490
f 7489 7439 7490
f 7437 7439 7489
f 7488 7437 7489
f 7435 7437 7488
f 7434 7435 7488
f 7487 7434 7488
f 7419 7421 7434
f 7487 7419 7434
f 7418 7419 7487
f 7484 7418 7487
f 7482 7418 7484
f 7415 7418 7482
f 7480 7415 7482
f 7413 7415 7480
f 7481 7413 7480
f 7411 7413 7481
f 7479 7411 7481
f 7406 6540 6547
f 6539 6540 7406
f 7408 6539 7406
f 7510 6533 6535
f 6532 6533 7510
f 7511 6532 7510
f 6523 6525 6529
f 6522 6523 6529
f 6532 6522 6529
f 7511 6522 6532
f 6519 6522 7511
f 7512 6519 7511
f 7510 7512 7511
f 7512 6511 6519
f 6510 6511 7512
f 6452 6453 6456
f 6459 6452 6456
f 6440 6442 6446
f 7513 6424 6427
f 7514 7513 6427
f 6421 6424 7513
f 6419 6421 7513
f 7514 6419 7513
f 7515 6419 7514
f 6418 6419 7515
f 6397 6399 6404
f 6337 6340 6343
f 6335 6336 6337
f 7516 6319 6321
f 6310 6319 7516
f 6305 6307 6310
f 7516 6305 6310
f 6304 6305 7516
f 6295 6298 6301
f 6274 6276 6280
f 6245 6246 6253
f 6238 6240 6243
f 7517 6221 6224
f 6219 6221 7517
f 6207 6209 6212
f 6201 6202 6204
f 7518 6139 6141
f 6142 7518 6141
f 6131 6132 6137
f 6139 6131 6137
f 7518 6131 6139
f 6128 6131 7518
f 6126 6128 7518
f 6040 6043 6048
f 6038 6040 6048
f 5979 5980 5983
f 5951 5953 5957
f 5942 5946 5951
f 7519 5903 5905
f 5898 5900 5903
f 7519 5898 5903
f 5896 5898 7519
f 5894 5896 7519
f 5857 5858 5861
f 5834 5835 5839
f 5818 5819 5822
f 5752 5753 5756
f 5715 5717 5721
f 5706 5707 5710
f 5692 5693 5698
f 5670 5671 5674
f 5640 5642 5647
f 5616 5617 5621
f 7520 5516 5519
f 5514 5516 7520
f 5507 5509 5514
f 7520 5507 5514
f 5506 5507 7520
f 5460 5461 5465
f 5442 5448 5450
f 5430 5431 5434
f 7521 5379 5381
f 5376 5379 7521
f 7522 5376 7521
f 5371 5376 7522
f 5369 5371 7522
f 5367 5369 7522
f 7521 5367 7522
f 5366 5367 7521
f 5381 5366 7521
f 5382 5366 5381
f 5364 5366 5382
f 5323 5324 5327
f 5307 5309 5314
f 5304 5307 5314
f 5316 5304 5314
f 5301 5304 5316
f 5300 5301 5316
f 5317 5300 5316
f 5283 5285 5287
f 5268 5270 5278
f 5236 5237 5239
f 7523 5228 5233
f 5227 5228 7523
f 7524 5227 7523
f 7525 7524 7523
f 7526 7525 7523
f 7527 7525 7526
f 7528 7525 7527
f 7529 7528 7527
f 7530 7528 7529
f 7531 5227 7524
f 7532 7531 7524
f 7533 7531 7532
f 5225 5227 7531
f 5222 5225 7531
f 7533 5222 7531
f 5220 5222 7533
f 5217 5220 7533
f 5215 5217 7533
f 7532 5215 7533
f 5214 5215 7532
f 7524 5214 7532
f 7525 5214 7524
f 7528 5214 7525
f 5212 5214 7528
f 7530 5212 7528
f 5209 5212 7530
f 5207 5209 7530
f 7529 5207 7530
f 5204 5207 7529
f 5202 5204 7529
f 7527 5202 7529
f 5201 5202 7527
f 5178 5179 5183
f 5157 5159 5164
f 5142 5144 5150
f 5132 5135 5138
f 7534 5129 5130
f 5125 5127 5129
f 7535 5124 5125
f 7536 5124 7535
f 7537 7536 7535
f 7538 7537 7535
f 7539 7536 7537
f 7540 7539 7537
f 7541 7539 7540
f 7542 7541 7540
f 7543 7542 7540
f 7544 7542 7543
f 7545 7546 7547
f 7548 7546 7545
f 7549 7548 7545
f 7550 7548 7549
f 7551 7548 7550
f 7552 7551 7550
f 7553 7552 7550
f 7549 7553 7550
f 7554 7551 7552
f 7555 7551 7554
f 7556 7551 7555
f 7557 7556 7555
f 7558 7557 7555
f 7559 7557 7558
f 7560 7559 7558
f 7561 7559 7560
f 7562 7559 7561
f 7563 7562 7561
f 7564 7563 7561
f 7560 7564 7561
f 7565 7563 7564
f 7566 7563 7565
f 7563 7566 7567
f 7562 7563 7567
f 7568 7562 7567
f 7569 7562 7568
f 7557 7559 7562
f 7569 7557 7562
f 7570 7557 7569
f 7556 7557 7570
f 7548 7551 7556
f 7570 7548 7556
f 7546 7548 7570
f 7569 7546 7570
f 7571 7546 7569
f 7568 7571 7569
f 7541 7542 7565
f 7564 7541 7565
f 7539 7541 7564
f 7572 5124 7536
f 5123 5124 7572
f 5121 5123 7572
f 7573 5114 5116
f 5112 5114 7573
f 7574 5112 7573
f 7575 7576 7577
f 7578 7576 7575
f 7579 7578 7575
f 7580 7579 7575
f 7581 7579 7580
f 7582 7581 7580
f 7583 7579 7581
f 7584 7579 7583
f 7585 7584 7583
f 7586 7584 7585
f 7587 7584 7586
f 7588 7587 7586
f 7589 7587 7588
f 7590 7587 7589
f 7591 7590 7589
f 7592 7591 7589
f 7593 7590 7591
f 7578 7579 7584
f 7587 7578 7584
f 7590 7578 7587
f 7576 7578 7590
f 7593 7576 7590
f 5066 5067 5070
f 7594 5020 5022
f 7595 5020 7594
f 7596 7595 7594
f 7597 7595 7596
f 7598 7595 7597
f 7599 7598 7597
f 7600 7599 7597
f 7601 7599 7600
f 7602 7601 7600
f 7603 7602 7600
f 7604 7602 7603
f 7605 7602 7604
f 7606 7602 7605
f 7607 7606 7605
f 7608 7607 7605
f 7609 7607 7608
f 7610 7607 7609
f 7611 7610 7609
f 7612 7610 7611
f 7613 7612 7611
f 7614 7613 7611
f 7615 7614 7611
f 7609 7615 7611
f 7616 7617 7618
f 7619 7616 7618
f 7620 7619 7618
f 7621 7616 7619
f 7622 7616 7621
f 7623 7622 7621
f 7624 7622 7623
f 7625 7624 7623
f 7626 7624 7625
f 7627 7626 7625
f 7628 7624 7626
f 7629 7624 7628
f 7630 7629 7628
f 7631 7629 7630
f 7632 7629 7631
f 7633 7632 7631
f 7634 7633 7631
f 7635 7633 7634
f 7633 7635 7636
f 7622 7624 7629
f 7632 7622 7629
f 7616 7622 7632
f 7617 7616 7632
f 7633 7617 7632
f 7636 7617 7633
f 7601 7602 7606
f 5019 5020 7595
f 7598 5019 7595
f 5016 5019 7598
f 5015 5016 7598
f 7637 5007 5008
f 5005 5007 7637
f 7637 5002 5005
f 7638 5003 5002
f 7639 5003 7638
f 7640 7641 7639
f 7642 7641 7640
f 7643 7642 7640
f 7642 7644 7641
f 7642 5000 7644
f 4999 5000 7642
f 7643 4999 7642
f 7645 4999 7643
f 4996 4999 7645
f 4992 4996 7645
f 4989 4992 7645
f 4987 4989 7645
f 4986 4987 7645
f 7643 4986 7645
f 7640 4986 7643
f 4985 4986 7640
f 7639 4985 7640
f 7638 4985 7639
f 4983 4985 7638
f 4982 4983 7638
f 5002 4982 7638
f 7637 4982 5002
f 4980 4982 7637
f 5008 4980 7637
f 4978 4980 5008
f 5010 4978 5008
f 4975 4978 5010
f 4942 4944 4947
f 4925 4926 4930
f 4890 4891 4893
f 4857 4858 4865
f 7646 4826 4829
f 4824 4826 7646
f 4822 4824 7646
f 7647 4822 7646
f 4819 4822 7647
f 4818 4815 4816
f 7648 7649 7650
f 7648 4804 7649
f 4801 4804 7648
f 4787 4790 4792
f 4785 4787 4792
f 4758 4760 4762
f 7651 4758 4762
f 4757 4758 7651
f 4704 4707 4734
f 4700 4695 4696
f 7652 4693 4695
f 4691 4693 7652
f 7653 4691 7652
f 4689 4691 7653
f 4687 4689 7653
f 4682 4684 4687
f 7653 4682 4687
f 4681 4682 7653
f 7652 4681 7653
f 7654 4681 7652
f 4677 4681 7654
f 4676 4677 7654
f 4627 4629 4635
f 4574 4576 4582
f 4584 4574 4582
f 4571 4574 4584
f 4586 4571 4584
f 4586 4570 4571
f 4587 4570 4586
f 4594 4570 4587
f 4561 4564 4566
f 4559 4561 4566
f 4514 4515 4519
f 4473 4474 4476
f 7655 4431 4432
f 4424 4427 4431
f 4422 4424 4431
f 7655 4422 4431
f 4419 4422 7655
f 4418 4419 7655
f 4404 4405 4408
f 4355 4357 4360
f 4326 4327 4331
f 4311 4312 4314
f 7656 4285 4287
f 4265 4269 4285
f 7656 4265 4285
f 4262 4265 7656
f 4261 4262 7656
f 4241 4242 4259
f 4234 4235 4238
f 4204 4207 4212
f 4203 4204 4212
f 4214 4203 4212
f 7657 4149 4150
f 7658 4149 7657
f 7659 7658 7657
f 7660 7659 7657
f 7661 7658 7659
f 4149 7658 7661
f 7662 4149 7661
f 4146 4149 7662
f 4144 4146 7662
f 4140 4141 4144
f 7662 4140 4144
f 7661 4140 7662
f 7663 4140 7661
f 7663 4138 4140
f 7664 4138 7663
f 3665 4121 4125
f 3663 3665 4125
f 3661 3663 4125
f 3646 3647 3649
f 7665 3641 3645
f 3638 3641 7665
f 3637 3638 7665
f 3595 3596 3599
f 3558 3559 3564
f 3511 3507 3508
f 3498 3499 3503
f 3486 3487 3490
f 3325 3327 3335
f 3297 3300 3306
f 3268 3271 3274
f 3248 3242 3244
f 3232 3233 3236
f 3210 3212 3217
f 3189 3193 3196
f 3099 3101 3117
f 3064 3065 3069
f 3049 3051 3054
f 7666 3032 3033
f 3030 3032 7666
f 7667 3030 7666
f 3021 3023 3029
f 7668 3010 3012
f 3005 3006 3010
f 7668 3005 3010
f 3000 3002 3005
f 7668 3000 3005
f 2999 3000 7668
f 2991 2992 2995
f 2985 2986 2989
f 7669 2958 2960
f 7670 2958 7669
f 2957 2958 7670
f 2951 2953 2957
f 7670 2951 2957
f 2948 2951 7670
f 2946 2948 7670
f 7669 2946 7670
f 2945 2946 7669
f 2933 2934 2940
f 7671 2915 2916
f 7672 2915 7671
f 2903 2906 2915
f 7672 2903 2915
f 2901 2903 7672
f 2899 2901 7672
f 2898 2899 7672
f 7671 2898 7672
f 2800 2803 2807
f 2798 2800 2807
f 2781 2783 2786
f 2780 2781 2786
f 2788 2780 2786
f 2764 2766 2770
f 2674 2675 2756
f 2644 2646 2656
f 2625 2626 2629
f 2548 2549 2553
f 2543 2545 2548
f 2518 2519 2521
f 2476 2477 2480
f 7673 2428 2430
f 7674 2416 2421
f 2417 2416 7674
f 7675 2417 7674
f 2380 2381 2385
f 2363 2364 2367
f 2353 2357 2361
f 2352 2353 2361
f 2335 2337 2340
f 2334 2335 2340
f 2342 2334 2340
f 2345 2334 2342
f 2333 2334 2345
f 2316 2317 2324
f 2311 2312 2316
f 2302 2303 2306
f 2270 2272 2276
f 2256 2258 2261
f 2222 2224 2226
f 2193 2194 2201
f 7676 2193 2201
f 2190 2193 7676
f 2189 2190 7676
f 7677 2178 2181
f 2177 2178 7677
f 2144 2146 2153
f 7678 2116 2120
f 2115 2116 7678
f 2108 2109 2112
f 1986 1988 2068
f 1897 1898 1903
f 1856 1858 1862
f 7679 1840 1844
f 1838 1840 7679
f 1836 1838 7679
f 1832 1833 1836
f 7679 1832 1836
f 1820 1821 1824
f 1769 1771 1775
f 1752 1754 1757
f 1728 1731 1734
f 1693 1696 1699
f 1690 1693 1699
f 1650 1651 1657
f 1627 1628 1631
f 1546 1549 1552
f 1516 1519 1532
f 1452 1453 1456
f 7680 1443 1444
f 1384 1385 1393
f 1354 1355 1358
f 1349 1350 1354
f 7681 1334 1336
f 7682 7681 1336
f 7683 7681 7682
f 7684 7683 7682
f 7685 1334 7681
f 1331 1334 7685
f 7686 1331 7685
f 7687 7686 7685
f 1330 1331 7686
f 7688 1330 7686
f 7689 7688 7686
f 7687 7689 7686
f 7690 7688 7689
f 7691 7688 7690
f 7692 7691 7690
f 7693 7691 7692
f 7694 7693 7692
f 7695 7694 7692
f 7696 7694 7695
f 7697 7696 7695
f 7698 7694 7696
f 7699 7694 7698
f 7700 7699 7698
f 7693 7694 7699
f 7701 7691 7693
f 7702 7691 7701
f 7688 7691 7702
f 1330 7688 7702
f 1327 1330 7702
f 1325 1327 7702
f 7701 1325 7702
f 1323 1325 7701
f 7693 1323 7701
f 7699 1323 7693
f 1320 1321 1323
f 7699 1320 1323
f 7700 1320 7699
f 1319 1320 7700
f 1314 1315 1318
f 1256 1257 1261
f 7703 1204 1206
f 2914 1204 7703
f 1203 1204 2914
f 1192 1193 1196
f 1199 1192 1196
f 7704 1138 1141
f 1137 1138 7704
f 1132 1133 1136
f 1124 1125 1127
f 1116 1118 1122
f 1115 1116 1122
f 1037 1038 1040
f 987 988 992
f 969 971 975
f 944 945 947
f 927 928 930
f 910 911 914
f 916 910 914
f 804 807 809
f 803 804 809
f 749 751 754
f 742 744 746
f 727 728 731
f 713 714 718
f 706 707 710
f 7705 645 647
f 641 645 7705
f 640 641 7705
f 565 566 570
f 7706 535 536
f 7707 530 532
f 523 524 527
f 530 523 527
f 7707 523 530
f 520 523 7707
f 519 520 7707
f 532 519 7707
f 535 519 532
f 517 519 535
f 7706 517 535
f 515 517 7706
f 7708 510 514
f 509 510 7708
f 477 478 486
f 7709 354 356
f 352 354 7709
f 347 349 352
f 7709 347 352
f 346 347 7709
f 7710 335 336
f 294 295 298
f 285 286 289
f 225 226 229
f 149 150 153
f 124 120 122
f 34 35 38
f 30 13 14
f 33 30 14
f 36 33 14
f 15 36 14
f 16 36 15
f 37 36 16
f 17 37 16
f 40 37 17
f 43 40 17
f 18 43 17
f 45 43 18
f 19 45 18
f 48 45 19
f 51 48 19
f 20 51 19
f 53 51 20
f 56 53 20
f 21 56 20
f 58 56 21
f 22 58 21
f 61 58 22
f 23 61 22
f 64 61 23
f 24 64 23
f 66 64 24
f 25 66 24
f 69 66 25
f 26 69 25
f 71 69 26
f 74 71 26
f 27 74 26
f 76 74 27
f 28 76 27
f 78 76 28
f 81 78 28
f 83 81 28
f 29 83 28
f 29 87 83
f 31 87 29
f 90 87 31
f 91 90 31
f 32 91 31
f 34 91 32
f 93 91 34
f 96 93 34
f 38 96 34
f 98 96 38
f 39 98 38
f 100 98 39
f 41 100 39
f 102 100 41
f 105 102 41
f 42 105 41
f 107 105 42
f 44 107 42
f 109 107 44
f 46 109 44
f 111 109 46
f 114 111 46
f 47 114 46
f 49 114 47
f 115 114 49
f 118 115 49
f 50 118 49
f 121 118 50
f 52 121 50
f 54 121 52
f 123 121 54
f 127 123 54
f 129 127 54
f 55 129 54
f 131 129 55
f 57 131 55
f 133 131 57
f 59 133 57
f 60 133 59
f 137 133 60
f 140 137 60
f 142 140 60
f 62 142 60
f 63 142 62
f 144 142 63
f 65 144 63
f 146 144 65
f 67 146 65
f 148 146 67
f 68 148 67
f 151 148 68
f 70 151 68
f 72 151 70
f 152 151 72
f 155 152 72
f 158 155 72
f 73 158 72
f 160 158 73
f 75 160 73
f 163 160 75
f 77 163 75
f 165 163 77
f 79 165 77
f 167 165 79
f 170 167 79
f 80 170 79
f 84 170 80
f 171 170 84
f 174 171 84
f 181 174 84
f 85 181 84
f 182 181 85
f 86 182 85
f 88 182 86
f 184 182 88
f 187 184 88
f 89 187 88
f 92 187 89
f 189 187 92
f 94 189 92
f 191 189 94
f 94 195 191
f 95 195 94
f 198 195 95
f 97 198 95
f 199 198 97
f 99 199 97
f 201 199 99
f 101 201 99
f 203 201 101
f 103 203 101
f 206 203 103
f 207 206 103
f 104 207 103
f 212 207 104
f 106 212 104
f 214 212 106
f 108 214 106
f 216 214 108
f 110 216 108
f 218 216 110
f 112 218 110
f 219 218 112
f 227 219 112
f 113 227 112
f 116 227 113
f 228 227 116
f 4570 4594 4596
f 4569 4570 4596
f 4599 4569 4596
f 4311 4314 4323
f 1874 1892 1888
f 1869 1874 1888
f 1886 1869 1888
f 1868 1869 1886
f 1884 1868 1886
f 1883 1868 1884
f 1863 1868 1883
f 1864 1863 1883
f 1882 1864 1883
f 3881 3885 3907
f 3912 3881 3907
f 3661 4125 4126
f 3659 3661 4126
f 3657 3659 4126
f 3403 3400 3398
f 813 806 808
f 816 813 808
f 3952 4063 4060
f 4059 3952 4060
f 3949 3952 4059
f 3948 3949 4059
f 4057 3948 4059
f 4051 3948 4057
f 4052 3948 4051
f 3946 3948 4052
f 3943 3946 4052
f 3942 3943 4052
f 4049 3942 4052
f 4047 3942 4049
f 3941 3942 4047
f 4044 3941 4047
f 3936 3941 4044
f 4046 3936 4044
f 3935 3936 4046
f 3863 3935 4046
f 3861 3863 4046
f 4045 3861 4046
f 3856 3861 4045
f 3854 3856 4045
f 4043 3854 4045
f 3852 3854 4043
f 4041 3852 4043
f 3850 3852 4041
f 4039 3850 4041
f 3848 3850 4039
f 4037 3848 4039
f 3845 3848 4037
f 3843 3845 4037
f 4036 3843 4037
f 3841 3843 4036
f 3840 3841 4036
f 4033 3840 4036
f 4031 3840 4033
f 3838 3840 4031
f 4032 3838 4031
f 3837 3838 4032
f 296 292 288
f 287 296 288
f 1121 1131 1126
f 1120 1131 1121
f 1134 1131 1120
f 4990 4988 4981
f 4634 4636 4632
f 4640 4636 4634
f 4643 4640 4634
f 5528 5518 5515
f 7536 7539 7564
f 7560 7536 7564
f 7572 7536 7560
f 7558 7572 7560
f 5121 7572 7558
f 5120 5121 7558
f 7555 5120 7558
f 7554 5120 7555
f 5117 5120 7554
f 7552 5117 7554
f 5116 5117 7552
f 7553 5116 7552
f 7573 5116 7553
f 5129 7535 5125
f 4791 4796 4789
f 4799 4796 4791
f 5137 5146 5143
f 5386 5382 5383
f 5957 5942 5951
f 5940 5942 5957
f 5956 5958 5955
f 6386 6394 6390
f 7368 7370 7369
f 7336 7370 7368
f 7335 7336 7368
f 7367 7335 7368
f 7334 7335 7367
f 7365 7334 7367
f 7330 7334 7365
f 7364 7330 7365
f 7328 7330 7364
f 7362 7328 7364
f 7327 7328 7362
f 7357 7327 7362
f 7359 7327 7357
f 7325 7327 7359
f 7361 7325 7359
f 7324 7325 7361
f 7284 7324 7361
f 7282 7284 7361
f 7360 7282 7361
f 7281 7282 7360
f 7274 7281 7360
f 7358 7274 7360
f 7272 7274 7358
f 7356 7272 7358
f 7271 7272 7356
f 7352 7271 7356
f 7350 7271 7352
f 7268 7271 7350
f 7267 7268 7350
f 7346 7267 7350
f 7347 7267 7346
f 7265 7267 7347
f 7348 7265 7347
f 7377 7265 7348
f 7238 7377 7348
f 7235 7238 7348
f 7234 7235 7348
f 7345 7234 7348
f 7343 7234 7345
f 7232 7234 7343
f 7342 7232 7343
f 7228 7232 7342
f 7226 7228 7342
f 7340 7226 7342
f 7224 7226 7340
f 7338 7224 7340
f 7222 7224 7338
f 7337 7222 7338
f 7221 7222 7337
f 7333 7221 7337
f 7332 7221 7333
f 7220 7221 7332
f 7214 7220 7332
f 7213 7214 7332
f 7329 7213 7332
f 7326 7213 7329
f 7211 7213 7326
f 7323 7211 7326
f 7321 7211 7323
f 7210 7211 7321
f 7319 7210 7321
f 7317 7210 7319
f 7316 7210 7317
f 7208 7210 7316
f 7314 7208 7316
f 7207 7208 7314
f 7313 7207 7314
f 7202 7207 7313
f 7312 7202 7313
f 7194 7202 7312
f 7192 7194 7312
f 7310 7192 7312
f 7190 7192 7310
f 7308 7190 7310
f 7188 7190 7308
f 7305 7188 7308
f 7186 7188 7305
f 7303 7186 7305
f 7184 7186 7303
f 7183 7184 7303
f 7297 7183 7303
f 7298 7183 7297
f 7181 7183 7298
f 7300 7181 7298
f 7173 7181 7300
f 7172 7173 7300
f 7301 7172 7300
f 7170 7172 7301
f 7163 7170 7301
f 7161 7163 7301
f 7299 7161 7301
f 7160 7161 7299
f 7296 7160 7299
f 7293 7160 7296
f 7158 7160 7293
f 7292 7158 7293
f 7155 7158 7292
f 7153 7155 7292
f 7290 7153 7292
f 7151 7153 7290
f 7288 7151 7290
f 7149 7151 7288
f 7286 7149 7288
f 7147 7149 7286
f 7283 7147 7286
f 7146 7147 7283
f 7280 7146 7283
f 7278 7146 7280
f 7145 7146 7278
f 7279 7145 7278
f 7384 7145 7279
f 7132 7384 7279
f 7128 7132 7279
f 7277 7128 7279
f 7125 7128 7277
f 7275 7125 7277
f 7123 7125 7275
f 7273 7123 7275
f 7122 7123 7273
f 7270 7122 7273
f 7269 7122 7270
f 7120 7122 7269
f 7266 7120 7269
f 7264 7120 7266
f 7119 7120 7264
f 7262 7119 7264
f 7118 7119 7262
f 7259 7118 7262
f 7257 7118 7259
f 7117 7118 7257
f 7254 7117 7257
f 7255 7117 7254
f 7112 7117 7255
f 7111 7112 7255
f 7252 7111 7255
f 7250 7111 7252
f 7109 7111 7250
f 7249 7109 7250
f 7105 7109 7249
f 7104 7105 7249
f 7246 7104 7249
f 7244 7104 7246
f 7102 7104 7244
f 7101 7102 7244
f 7241 7101 7244
f 7240 7101 7241
f 7099 7101 7240
f 7237 7099 7240
f 7097 7099 7237
f 7236 7097 7237
f 7095 7097 7236
f 7233 7095 7236
f 7230 7095 7233
f 7093 7095 7230
f 7231 7093 7230
f 7091 7093 7231
f 7089 7091 7231
f 7229 7089 7231
f 7087 7089 7229
f 7227 7087 7229
f 7086 7087 7227
f 7225 7086 7227
f 7223 7086 7225
f 7084 7086 7223
f 7219 7084 7223
f 7218 7084 7219
f 7080 7084 7218
f 7078 7080 7218
f 7217 7078 7218
f 7076 7078 7217
f 6985 6977 6973
f 6975 6985 6973
f 7121 7127 7124
f 7115 7121 7116
f 7127 7121 7115
f 7130 7127 7115
f 6546 6548 6542
f 6551 6548 6546
f 6554 6551 6546
f 7408 7411 7479
f 6539 7408 7479
f 6537 6539 7479
f 7476 6537 7479
f 7475 6537 7476
f 6536 6537 7475
f 6535 6536 7475
f 7412 7417 7414
f 4572 4565 4563
f 4591 4588 4585
f 3029 3030 7667
f 3027 3031 3028
f 4328 4321 4320
f 900 912 899
f 2363 2367 2372
f 2370 2374 2371
f 3862 3859 3860
f 4025 4029 4024
f 4032 4029 4025
f 3837 4032 4025
f 4027 3837 4025
f 3835 3837 4027
f 3824 3835 4027
f 3821 3824 4027
f 4026 3821 4027
f 3819 3821 4026
f 4023 3819 4026
f 4020 3819 4023
f 4018 3819 4020
f 3817 3819 4018
f 4015 3817 4018
f 3815 3817 4015
f 4012 3815 4015
f 3814 3815 4012
f 4011 3814 4012
f 3810 3814 4011
f 3809 3810 4011
f 4008 3809 4011
f 4007 3809 4008
f 3808 3809 4007
f 4004 3808 4007
f 4001 3808 4004
f 4002 3808 4001
f 3806 3808 4002
f 3799 3806 4002
f 3797 3799 4002
f 4000 3797 4002
f 3795 3797 4000
f 3998 3795 4000
f 3794 3795 3998
f 3995 3794 3998
f 3992 3794 3995
f 3793 3794 3992
f 3989 3793 3992
f 3990 3793 3989
f 3790 3793 3990
f 3788 3790 3990
f 3991 3788 3990
f 3785 3788 3991
f 3781 3785 3991
f 3988 3781 3991
f 3987 3781 3988
f 3779 3781 3987
f 3778 3779 3987
f 3985 3778 3987
f 3773 3778 3985
f 3982 3773 3985
f 3981 3773 3982
f 3772 3773 3981
f 3978 3772 3981
f 3977 3772 3978
f 3770 3772 3977
f 3769 3770 3977
f 3974 3769 3977
f 3973 3769 3974
f 3768 3769 3973
f 3970 3768 3973
f 3968 3768 3970
f 3766 3768 3968
f 3969 3766 3968
f 3764 3766 3969
f 3762 3764 3969
f 3761 3762 3969
f 3966 3761 3969
f 3963 3761 3966
f 3960 3761 3963
f 3959 3761 3960
f 3759 3761 3959
f 3958 3759 3959
f 3756 3759 3958
f 3755 3756 3958
f 3955 3755 3958
f 3953 3755 3955
f 3951 3755 3953
f 3754 3755 3951
f 3950 3754 3951
f 3749 3754 3950
f 3748 3749 3950
f 3947 3748 3950
f 3945 3748 3947
f 3745 3748 3945
f 3944 3745 3945
f 3744 3745 3944
f 3940 3744 3944
f 3939 3744 3940
f 3742 3744 3939
f 3740 3742 3939
f 3937 3740 3939
f 3739 3740 3937
f 3934 3739 3937
f 3933 3739 3934
f 3737 3739 3933
f 3731 3737 3933
f 3932 3731 3933
f 3730 3731 3932
f 3929 3730 3932
f 3928 3730 3929
f 3927 3730 3928
f 3727 3730 3927
f 3725 3727 3927
f 3926 3725 3927
f 3724 3725 3926
f 3874 3870 3868
f 3868 3865 3862
f 3860 3868 3862
f 3874 3868 3860
f 3724 3926 3925
f 4100 3724 3925
f 3704 4100 3925
f 3703 3704 3925
f 3923 3703 3925
f 233 228 116
f 117 233 116
f 119 233 117
f 234 233 119
f 238 234 119
f 120 238 119
f 124 238 120
f 239 238 124
f 249 239 124
f 125 249 124
f 251 249 125
f 254 251 125
f 126 254 125
f 256 254 126
f 128 256 126
f 258 256 128
f 130 258 128
f 260 258 130
f 132 260 130
f 135 260 132
f 261 260 135
f 264 261 135
f 136 264 135
f 266 264 136
f 270 266 136
f 138 270 136
f 269 270 138
f 273 269 138
f 139 273 138
f 275 273 139
f 141 275 139
f 277 275 141
f 143 277 141
f 280 277 143
f 145 280 143
f 282 280 145
f 147 282 145
f 284 282 147
f 287 284 147
f 149 287 147
f 296 287 149
f 153 296 149
f 297 296 153
f 154 297 153
f 299 297 154
f 302 299 154
f 156 302 154
f 304 302 156
f 307 304 156
f 157 307 156
f 159 307 157
f 310 307 159
f 161 310 159
f 312 310 161
f 315 312 161
f 162 315 161
f 164 315 162
f 316 315 164
f 166 316 164
f 168 316 166
f 317 316 168
f 319 317 168
f 169 319 168
f 172 319 169
f 318 319 172
f 321 318 172
f 324 321 172
f 173 324 172
f 325 324 173
f 328 325 173
f 175 328 173
f 330 328 175
f 333 330 175
f 176 333 175
f 178 333 176
f 334 333 178
f 337 334 178
f 179 337 178
f 339 337 179
f 342 339 179
f 180 342 179
f 183 342 180
f 343 342 183
f 185 343 183
f 345 343 185
f 348 345 185
f 186 348 185
f 350 348 186
f 188 350 186
f 190 350 188
f 351 350 190
f 192 351 190
f 353 351 192
f 193 353 192
f 355 353 193
f 359 355 193
f 194 359 193
f 361 359 194
f 196 361 194
f 363 361 196
f 366 363 196
f 197 366 196
f 200 366 197
f 367 366 200
f 202 367 200
f 369 367 202
f 204 369 202
f 371 369 204
f 208 371 204
f 373 371 208
f 209 373 208
f 374 373 209
f 2684 2690 2687
f 2684 2681 2680
f 7711 3398 3396
f 3403 7712 3407
f 4720 4722 4732
f 4731 4720 4732
f 4718 4720 4731
f 4716 4718 4731
f 4730 4716 4731
f 4714 4716 4730
f 4726 4714 4730
f 4713 4714 4726
f 4728 4713 4726
f 7659 7663 7661
f 7580 7575 7577
f 3775 3771 3767
f 3765 3775 3767
f 7553 7574 7573
f 7212 7209 7205
f 7215 7212 7205
f 7206 7215 7205
f 7217 7215 7206
f 7076 7217 7206
f 7075 7076 7206
f 7204 7075 7206
f 7073 7075 7204
f 7201 7073 7204
f 7072 7073 7201
f 7200 7072 7201
f 7070 7072 7200
f 7199 7070 7200
f 7068 7070 7199
f 7066 7068 7199
f 7198 7066 7199
f 7064 7066 7198
f 7063 7064 7198
f 7195 7063 7198
f 7193 7063 7195
f 7061 7063 7193
f 7191 7061 7193
f 7059 7061 7191
f 7189 7059 7191
f 7058 7059 7189
f 7187 7058 7189
f 7055 7058 7187
f 7185 7055 7187
f 7054 7055 7185
f 7053 7054 7185
f 7182 7053 7185
f 7180 7053 7182
f 7175 7053 7180
f 7051 7053 7175
f 7176 7051 7175
f 7050 7051 7176
f 7178 7050 7176
f 7047 7050 7178
f 7044 7047 7178
f 7179 7044 7178
f 7041 7044 7179
f 7038 7041 7179
f 7036 7038 7179
f 7177 7036 7179
f 7035 7036 7177
f 7174 7035 7177
f 7034 7035 7174
f 7171 7034 7174
f 7169 7034 7171
f 7030 7034 7169
f 7167 7030 7169
f 7028 7030 7167
f 7168 7028 7167
f 7023 7028 7168
f 7020 7023 7168
f 7018 7020 7168
f 7166 7018 7168
f 7016 7018 7166
f 7164 7016 7166
f 7014 7016 7164
f 7162 7014 7164
f 7013 7014 7162
f 7159 7013 7162
f 7157 7013 7159
f 7011 7013 7157
f 7156 7011 7157
f 7009 7011 7156
f 7154 7009 7156
f 7007 7009 7154
f 7152 7007 7154
f 7005 7007 7152
f 7150 7005 7152
f 7004 7005 7150
f 7148 7004 7150
f 7003 7004 7148
f 7144 7003 7148
f 7141 7003 7144
f 7142 7003 7141
f 7000 7003 7142
f 6999 7000 7142
f 7139 6999 7142
f 7138 6999 7139
f 6996 6999 7138
f 6995 6996 7138
f 7136 6995 7138
f 6993 6995 7136
f 7137 6993 7136
f 7385 6993 7137
f 7386 7385 7137
f 6983 7386 7137
f 7133 6983 7137
f 7131 6983 7133
f 6982 6983 7131
f 7129 6982 7131
f 6981 6982 7129
f 7130 6981 7129
f 6980 6981 7130
f 7115 6980 7130
f 7113 6980 7115
f 6979 6980 7113
f 7110 6979 7113
f 7107 6979 7110
f 7108 6979 7107
f 6976 6979 7108
f 6971 6976 7108
f 7106 6971 7108
f 6969 6971 7106
f 7103 6969 7106
f 6968 6969 7103
f 7100 6968 7103
f 7098 6968 7100
f 6966 6968 7098
f 7096 6966 7098
f 6964 6966 7096
f 7094 6964 7096
f 6960 6964 7094
f 7092 6960 7094
f 6958 6960 7092
f 7090 6958 7092
f 6955 6958 7090
f 6953 6955 7090
f 7088 6953 7090
f 6952 6953 7088
f 7085 6952 7088
f 7083 6952 7085
f 6951 6952 7083
f 7081 6951 7083
f 6947 6951 7081
f 7082 6947 7081
f 6942 6947 7082
f 6941 6942 7082
f 7079 6941 7082
f 7077 6941 7079
f 6939 6941 7077
f 7074 6939 7077
f 6938 6939 7074
f 7071 6938 7074
f 6935 6938 7071
f 7069 6935 7071
f 6933 6935 7069
f 7067 6933 7069
f 6928 6933 7067
f 7065 6928 7067
f 6927 6928 7065
f 7062 6927 7065
f 7060 6927 7062
f 6925 6927 7060
f 7057 6925 7060
f 6923 6925 7057
f 7056 6923 7057
f 6920 6923 7056
f 7475 7471 7468
f 6535 7475 7468
f 7470 6535 7468
f 7510 6535 7470
f 7512 7510 7470
f 7469 7512 7470
f 6510 7512 7469
f 6507 6510 7469
f 6506 6507 7469
f 7467 6506 7469
f 6504 6506 7467
f 7464 6504 7467
f 6502 6504 7464
f 7463 6502 7464
f 6500 6502 7463
f 6498 6500 7463
f 7461 6498 7463
f 7457 6498 7461
f 7459 6498 7457
f 6496 6498 7459
f 6494 6496 7459
f 7460 6494 7459
f 6490 6494 7460
f 6487 6490 7460
f 6485 6487 7460
f 7458 6485 7460
f 6484 6485 7458
f 6482 6484 7458
f 7455 6482 7458
f 7453 6482 7455
f 6480 6482 7453
f 7450 6480 7453
f 6476 6480 7450
f 7448 6476 7450
f 6474 6476 7448
f 7446 6474 7448
f 6473 6474 7446
f 7443 6473 7446
f 7441 6473 7443
f 6472 6473 7441
f 7438 6472 7441
f 7436 6472 7438
f 6470 6472 7436
f 7433 6470 7436
f 6469 6470 7433
f 7423 6469 7433
f 6466 6469 7423
f 6467 6471 6468
f 6475 6471 6467
f 6478 6475 6467
f 6466 7423 7424
f 6465 6466 7424
f 7427 6465 7424
f 6463 6465 7427
f 7429 6463 7427
f 6461 6463 7429
f 7432 6461 7429
f 6459 6461 7432
f 6452 6459 7432
f 6450 6452 7432
f 7430 6450 7432
f 6448 6450 7430
f 7431 6448 7430
f 6446 6448 7431
f 6440 6446 7431
f 6439 6440 7431
f 7428 6439 7431
f 7426 6439 7428
f 6437 6439 7426
f 7425 6437 7426
f 6433 6437 7425
f 3923 3700 3703
f 3918 3700 3923
f 3916 3700 3918
f 3699 3700 3916
f 3914 3699 3916
f 3698 3699 3914
f 3912 3698 3914
f 3907 3698 3912
f 3697 3698 3907
f 3904 3697 3907
f 3903 3697 3904
f 3695 3697 3903
f 3693 3695 3903
f 3901 3693 3903
f 3690 3693 3901
f 3899 3690 3901
f 3898 3690 3899
f 3689 3690 3898
f 6538 6534 6530
f 6531 6538 6530
f 6541 6538 6531
f 6544 6541 6531
f 7425 6432 6433
f 7422 6432 7425
f 7420 6432 7422
f 6431 6432 7420
f 7416 6431 7420
f 7417 6431 7416
f 6427 6431 7417
f 7514 6427 7417
f 7515 7514 7417
f 7412 7515 7417
f 7409 7515 7412
f 7410 7515 7409
f 6418 7515 7410
f 6416 6418 7410
f 7405 6416 7410
f 6549 6416 7405
f 6415 6416 6549
f 6550 6415 6549
f 7404 6415 6550
f 6413 6415 7404
f 7403 6413 7404
f 6412 6413 7403
f 6559 6412 7403
f 3689 3898 3894
f 3681 3689 3894
f 3680 3681 3894
f 3891 3680 3894
f 3893 3680 3891
f 3678 3680 3893
f 4103 3678 3893
f 6411 6417 6414
f 6409 6417 6411
f 6420 6417 6409
f 1242 1241 1081
f 1082 1242 1081
f 1085 1242 1082
f 1243 1242 1085
f 1246 1243 1085
f 1086 1246 1085
f 1089 1246 1086
f 1091 1246 1089
f 1247 1246 1091
f 1094 1247 1091
f 1248 1247 1094
f 1239 1433 1240
f 1434 1433 1239
f 1244 1434 1239
f 1250 1434 1244
f 1435 1434 1250
f 1252 1435 1250
f 1437 1435 1252
f 1439 1437 1252
f 1253 1439 1252
f 1442 1439 1253
f 1255 1442 1253
f 1445 1442 1255
f 1448 1445 1255
f 1256 1448 1255
f 1449 1448 1256
f 1261 1449 1256
f 1074 962 1075
f 960 962 1074
f 1072 960 1074
f 958 960 1072
f 1070 958 1072
f 957 958 1070
f 1069 957 1070
f 966 1080 964
f 1078 1080 966
f 968 1078 966
f 1083 1078 968
f 1084 1083 968
f 1087 1084 968
f 969 1087 968
f 975 1087 969
f 1088 1087 975
f 976 1088 975
f 1090 1088 976
f 1093 1090 976
f 977 1093 976
f 980 1093 977
f 1092 1093 980
f 1096 1092 980
f 982 1096 980
f 1097 1096 982
f 7713 2419 2418
f 7714 2419 7713
f 2420 2419 7714
f 7715 2420 7714
f 2423 2420 7715
f 963 965 893
f 967 963 893
f 970 967 893
f 892 970 893
f 972 970 892
f 896 972 892
f 898 972 896
f 973 972 898
f 901 973 898
f 905 973 901
f 974 973 905
f 978 974 905
f 906 978 905
f 979 978 906
f 907 979 906
f 981 979 907
f 984 981 907
f 909 984 907
f 986 984 909
f 989 986 909
f 910 989 909
f 916 989 910
f 990 989 916
f 918 990 916
f 996 990 918
f 920 996 918
f 998 996 920
f 1005 998 920
f 923 1005 920
f 1006 1005 923
f 1009 1006 923
f 924 1009 923
f 926 1009 924
f 1010 1009 926
f 1014 1010 926
f 927 1014 926
f 1016 1014 927
f 890 835 891
f 833 835 890
f 832 833 890
f 887 832 890
f 885 832 887
f 829 832 885
f 884 829 885
f 828 829 884
f 881 828 884
f 879 828 881
f 826 828 879
f 876 826 879
f 824 826 876
f 874 824 876
f 821 824 874
f 873 821 874
f 820 821 873
f 871 820 873
f 868 820 871
f 867 820 868
f 818 820 867
f 815 818 867
f 814 815 867
f 863 814 867
f 862 814 863
f 812 814 862
f 859 812 862
f 811 812 859
f 856 811 859
f 854 811 856
f 810 811 854
f 851 810 854
f 850 810 851
f 809 810 850
f 803 809 850
f 848 803 850
f 802 803 848
f 846 802 848
f 843 802 846
f 800 802 843
f 842 800 843
f 799 800 842
f 836 799 842
f 838 799 836
f 797 799 838
f 895 894 840
f 839 895 840
f 897 895 839
f 900 897 839
f 841 900 839
f 844 900 841
f 845 900 844
f 912 900 845
f 913 912 845
f 847 913 845
f 915 913 847
f 849 915 847
f 852 915 849
f 917 915 852
f 853 917 852
f 919 917 853
f 855 919 853
f 921 919 855
f 857 921 855
f 922 921 857
f 925 922 857
f 929 925 857
f 858 929 857
f 860 929 858
f 931 929 860
f 934 931 860
f 861 934 860
f 864 934 861
f 937 934 864
f 865 937 864
f 939 937 865
f 942 939 865
f 866 942 865
f 869 942 866
f 941 942 869
f 946 941 869
f 870 946 869
f 948 946 870
f 872 948 870
f 950 948 872
f 875 950 872
f 951 950 875
f 877 951 875
f 953 951 877
f 956 953 877
f 959 956 877
f 878 959 877
f 880 959 878
f 2939 2426 7716
f 2941 2939 7716
f 2944 2943 7717
f 2947 2944 7717
f 7718 2947 7717
f 2949 2947 7718
f 2430 2949 7673
f 2950 2949 2430
f 2432 2950 2430
f 2952 2950 2432
f 2434 2952 2432
f 2954 2952 2434
f 2436 2954 2434
f 2955 2954 2436
f 2441 2955 2436
f 2443 2955 2441
f 2956 2955 2443
f 2959 2956 2443
f 2962 2959 2443
f 2964 2962 2443
f 2444 2964 2443
f 2966 2964 2444
f 2446 2966 2444
f 2969 2966 2446
f 2971 2969 2446
f 2447 2971 2446
f 2973 2971 2447
f 2449 2973 2447
f 2976 2973 2449
f 2450 2976 2449
f 2977 2976 2450
f 2987 2977 2450
f 2452 2987 2450
f 2454 2987 2452
f 2988 2987 2454
f 2456 2988 2454
f 2990 2988 2456
f 2993 2990 2456
f 2457 2993 2456
f 2459 2993 2457
f 2994 2993 2459
f 2461 2994 2459
f 2997 2994 2461
f 2463 2997 2461
f 2998 2997 2463
f 3001 2998 2463
f 2464 3001 2463
f 3003 3001 2464
f 2466 3003 2464
f 2468 3003 2466
f 3004 3003 2468
f 3007 3004 2468
f 2469 3007 2468
f 3008 3007 2469
f 2471 3008 2469
f 2473 3008 2471
f 3009 3008 2473
f 3014 3009 2473
f 2474 3014 2473
f 3017 3014 2474
f 2476 3017 2474
f 3018 3017 2476
f 2480 3018 2476
f 3020 3018 2480
f 2481 3020 2480
f 3022 3020 2481
f 2483 3022 2481
f 3024 3022 2483
f 2486 3024 2483
f 3026 3024 2486
f 2488 3026 2486
f 3027 3026 2488
f 2936 2426 2939
f 2424 2426 2936
f 2937 2424 2936
f 2422 2424 2937
f 2938 2422 2937
f 2421 2422 2938
f 7674 2421 2938
f 1897 2429 1894
f 2427 2429 1897
f 2431 2427 1897
f 1903 2431 1897
f 2433 2431 1903
f 1904 2433 1903
f 1906 2433 1904
f 2435 2433 1906
f 1907 2435 1906
f 2437 2435 1907
f 1909 2437 1907
f 2439 2437 1909
f 1911 2439 1909
f 2440 2439 1911
f 1900 7719 1432
f 1431 1900 1432
f 1436 1900 1431
f 1899 1900 1436
f 1438 1899 1436
f 1901 1899 1438
f 1440 1901 1438
f 1902 1901 1440
f 1905 1902 1440
f 1441 1905 1440
f 1908 1905 1441
f 1443 1908 1441
f 1910 1908 1443
f 7680 1910 1443
f 1912 1910 7680
f 1914 1912 7680
f 1921 1914 7680
f 1925 1921 7680
f 1444 1925 7680
f 1446 1925 1444
f 1924 1925 1446
f 1927 1924 1446
f 1447 1927 1446
f 1929 1927 1447
f 1450 1929 1447
f 1452 1929 1450
f 1928 1929 1452
f 1933 1928 1452
f 1456 1933 1452
f 1457 1933 1456
f 1936 1933 1457
f 1459 1936 1457
f 1938 1936 1459
f 1461 1938 1459
f 1940 1938 1461
f 1943 1940 1461
f 1462 1943 1461
f 1945 1943 1462
f 1464 1945 1462
f 1947 1945 1464
f 1466 1947 1464
f 1469 1947 1466
f 1948 1947 1469
f 1470 1948 1469
f 1953 1948 1470
f 1956 1953 1470
f 1958 1956 1470
f 1471 1958 1470
f 1960 1958 1471
f 1963 1960 1471
f 1472 1963 1471
f 1474 1963 1472
f 1965 1963 1474
f 1475 1965 1474
f 1967 1965 1475
f 1477 1967 1475
f 1480 1967 1477
f 1968 1967 1480
f 1482 1968 1480
f 1970 1968 1482
f 1484 1970 1482
f 1972 1970 1484
f 1487 1972 1484
f 1974 1972 1487
f 1489 1974 1487
f 1976 1974 1489
f 1491 1976 1489
f 1978 1976 1491
f 1981 1978 1491
f 1492 1981 1491
f 1983 1981 1492
f 1494 1983 1492
f 1497 1983 1494
f 1984 1983 1497
f 1987 1984 1497
f 1498 1987 1497
f 1989 1987 1498
f 1992 1989 1498
f 1994 1992 1498
f 1499 1994 1498
f 1501 1994 1499
f 1993 1994 1501
f 1997 1993 1501
f 1502 1997 1501
f 1999 1997 1502
f 1504 1999 1502
f 2001 1999 1504
f 1507 2001 1504
f 2002 2001 1507
f 1509 2002 1507
f 2005 2002 1509
f 1510 2005 1509
f 2007 2005 1510
f 1512 2007 1510
f 2009 2007 1512
f 1514 2009 1512
f 1516 2009 1514
f 1532 2009 1516
f 1534 2009 1532
f 2008 2009 1534
f 1535 2008 1534
f 1893 7719 1900
f 831 7720 834
f 7721 7720 831
f 830 7721 831
f 7722 7721 830
f 827 7722 830
f 825 7722 827
f 823 7723 825
f 822 7723 823
f 801 7724 805
f 796 7724 801
f 7725 7724 796
f 798 7725 796
f 544 545 795
f 792 544 795
f 790 544 792
f 7696 7697 7726
f 7698 7696 7726
f 7695 794 7697
f 793 794 7695
f 7692 793 7695
f 7690 793 7692
f 791 793 7690
f 7689 791 7690
f 789 791 7689
f 7687 789 7689
f 788 789 7687
f 7685 788 7687
f 7681 788 7685
f 7683 788 7681
f 778 788 7683
f 777 778 7683
f 7684 777 7683
f 773 777 7684
f 772 773 7684
f 542 329 331
f 543 542 331
f 546 543 331
f 327 329 542
f 539 327 542
f 326 327 539
f 537 326 539
f 533 326 537
f 534 326 533
f 323 326 534
f 322 323 534
f 531 322 534
f 529 322 531
f 528 322 529
f 320 322 528
f 313 320 528
f 526 313 528
f 311 313 526
f 525 311 526
f 309 311 525
f 308 309 525
f 522 308 525
f 521 308 522
f 306 308 521
f 518 306 521
f 516 306 518
f 305 306 516
f 513 305 516
f 511 305 513
f 303 305 511
f 512 303 511
f 301 303 512
f 558 1524 1522
f 556 558 1522
f 1523 556 1522
f 555 556 1523
f 1526 1524 558
f 559 1526 558
f 1528 1526 559
f 561 1528 559
f 563 1528 561
f 1529 1528 563
f 565 1529 563
f 570 1529 565
f 1530 1529 570
f 571 1530 570
f 573 1530 571
f 577 1530 573
f 1527 1530 577
f 578 1527 577
f 1319 1521 1518
f 1318 1319 1518
f 1515 1318 1518
f 1314 1318 1515
f 1513 1314 1515
f 1312 1314 1513
f 1511 1312 1513
f 1310 1312 1511
f 1508 1310 1511
f 1308 1310 1508
f 1506 1308 1508
f 1306 1308 1506
f 1505 1306 1506
f 1303 1306 1505
f 1301 1303 1505
f 1503 1301 1505
f 1300 1301 1503
f 1500 1300 1503
f 1299 1300 1500
f 1496 1299 1500
f 1495 1299 1496
f 1297 1299 1495
f 1493 1297 1495
f 1295 1297 1493
f 1490 1295 1493
f 1488 1295 1490
f 1294 1295 1488
f 1485 1294 1488
f 1486 1294 1485
f 1291 1294 1486
f 1288 1291 1486
f 1287 1288 1486
f 1483 1287 1486
f 1481 1287 1483
f 1284 1287 1481
f 1479 1284 1481
f 1282 1284 1479
f 1280 1282 1479
f 1478 1280 1479
f 1277 1280 1478
f 1275 1277 1478
f 1476 1275 1478
f 1274 1275 1476
f 1473 1274 1476
f 1468 1274 1473
f 1467 1274 1468
f 1272 1274 1467
f 1465 1272 1467
f 7700 1521 1319
f 1523 7726 555
f 7710 551 553
f 335 7710 553
f 550 335 553
f 547 335 550
f 332 335 547
f 331 332 547
f 546 331 547
f 557 551 7710
f 560 557 7710
f 336 560 7710
f 338 560 336
f 562 560 338
f 340 562 338
f 564 562 340
f 567 564 340
f 341 567 340
f 344 567 341
f 568 567 344
f 346 568 344
f 569 568 346
f 572 569 346
f 7709 572 346
f 574 572 7709
f 356 574 7709
f 357 574 356
f 575 574 357
f 886 888 7727
f 7728 886 7727
f 883 886 7728
f 880 882 7729
f 961 880 7729
f 1076 1077 1238
f 1236 1076 1238
f 1233 1076 1236
f 1073 1076 1233
f 1232 1073 1233
f 1071 1073 1232
f 1229 1071 1232
f 1228 1071 1229
f 1068 1071 1228
f 1067 1068 1228
f 1225 1067 1228
f 1223 1067 1225
f 1066 1067 1223
f 1219 1066 1223
f 1218 1066 1219
f 1064 1066 1218
f 1063 1064 1218
f 1215 1063 1218
f 1213 1063 1215
f 1061 1063 1213
f 1212 1061 1213
f 1060 1061 1212
f 1209 1060 1212
f 1057 1060 1209
f 1207 1057 1209
f 1055 1057 1207
f 1205 1055 1207
f 1053 1055 1205
f 1202 1053 1205
f 1201 1053 1202
f 1051 1053 1201
f 1198 1051 1201
f 1049 1051 1198
f 1197 1049 1198
f 1047 1049 1197
f 1046 1047 1197
f 1195 1046 1197
f 1044 1046 1195
f 1194 1044 1195
f 1042 1044 1194
f 1041 1042 1194
f 1191 1041 1194
f 1188 1041 1191
f 1187 1041 1188
f 1040 1041 1187
f 1184 1040 1187
f 1181 1040 1184
f 1037 1040 1181
f 1179 1037 1181
f 1036 1037 1179
f 1176 1036 1179
f 1177 1036 1176
f 1034 1036 1177
f 1032 1034 1177
f 1031 1032 1177
f 1174 1031 1177
f 1171 1031 1174
f 1170 1031 1171
f 1028 1031 1170
f 1026 1028 1170
f 1168 1026 1170
f 1024 1026 1168
f 1166 1024 1168
f 1022 1024 1166
f 1163 1022 1166
f 1020 1022 1163
f 1160 1020 1163
f 1018 1020 1160
f 1158 1018 1160
f 1017 1018 1158
f 1155 1017 1158
f 1154 1017 1155
f 1015 1017 1154
f 1013 1015 1154
f 1151 1013 1154
f 1150 1013 1151
f 1012 1013 1150
f 1011 1012 1150
f 1147 1011 1150
f 1144 1011 1147
f 1143 1011 1144
f 1008 1011 1143
f 1007 1008 1143
f 1140 1007 1143
f 1139 1007 1140
f 1004 1007 1139
f 1003 1004 1139
f 1135 1003 1139
f 1134 1003 1135
f 1002 1003 1134
f 1120 1002 1134
f 1001 1002 1120
f 1119 1001 1120
f 994 1001 1119
f 1117 994 1119
f 993 994 1117
f 1114 993 1117
f 992 993 1114
f 1112 992 1114
f 987 992 1112
f 1110 987 1112
f 985 987 1110
f 1108 985 1110
f 983 985 1108
f 1427 1428 7730
f 1879 1427 7730
f 1877 1427 1879
f 1425 1427 1877
f 1423 1425 1877
f 1422 1423 1877
f 1876 1422 1877
f 1873 1422 1876
f 1872 1422 1873
f 1419 1422 1872
f 1870 1419 1872
f 1418 1419 1870
f 1867 1418 1870
f 1866 1418 1867
f 1415 1418 1866
f 1413 1415 1866
f 1865 1413 1866
f 1412 1413 1865
f 1859 1395 1860
f 1393 1395 1859
f 1384 1393 1859
f 1857 1384 1859
f 1382 1384 1857
f 1855 1382 1857
f 1380 1382 1855
f 1853 1380 1855
f 1378 1380 1853
f 4532 4533 4788
f 4784 4532 4788
f 4781 4532 4784
f 4779 4532 4781
f 4531 4532 4779
f 4775 4531 4779
f 4776 4531 4775
f 4527 4531 4776
f 4528 4527 4776
f 4777 4528 4776
f 7731 4528 4777
f 7732 7731 4777
f 4773 7732 4777
f 7733 7732 4773
f 4772 7733 4773
f 7734 7733 4772
f 4767 7734 4772
f 4763 7735 4766
f 4764 7735 4763
f 4525 7735 4764
f 4523 4525 4764
f 4761 4523 4764
f 5078 4800 5080
f 4797 4800 5078
f 5077 4797 5078
f 4795 4797 5077
f 4794 4795 5077
f 5075 4794 5077
f 5071 4794 5075
f 5069 4794 5071
f 4793 4794 5069
f 5068 4793 5069
f 4792 4793 5068
f 4785 4792 5068
f 5065 4785 5068
f 4783 4785 5065
f 5064 4783 5065
f 4530 7736 4534
f 4529 7736 4530
f 5348 5347 5085
f 5086 5348 5085
f 5351 5348 5086
f 5087 5351 5086
f 5353 5351 5087
f 5355 5353 5087
f 5358 5355 5087
f 5088 5358 5087
f 5359 5358 5088
f 5090 5359 5088
f 5361 5359 5090
f 5363 5361 5090
f 5091 5363 5090
f 5365 5363 5091
f 5368 5365 5091
f 5092 5368 5091
f 5342 5081 5344
f 5079 5081 5342
f 5341 5079 5342
f 5076 5079 5341
f 5074 5076 5341
f 5337 5074 5341
f 5335 5074 5337
f 5073 5074 5335
f 5332 5073 5335
f 5330 5073 5332
f 5072 5073 5330
f 5329 5072 5330
f 5070 5072 5329
f 5326 5070 5329
f 5066 5070 5326
f 5325 5066 5326
f 5063 5066 5325
f 5061 5063 5325
f 5322 5061 5325
f 5320 5061 5322
f 5318 5061 5320
f 5060 5061 5318
f 5315 5060 5318
f 5313 5060 5315
f 5058 5060 5313
f 5312 5058 5313
f 5056 5058 5312
f 5310 5056 5312
f 5054 5056 5310
f 5311 5054 5310
f 5051 5054 5311
f 5050 5051 5311
f 5308 5050 5311
f 5306 5050 5308
f 5048 5050 5306
f 5305 5048 5306
f 5044 5048 5305
f 5042 5044 5305
f 5303 5042 5305
f 5040 5042 5303
f 5302 5040 5303
f 5039 5040 5302
f 5541 5343 5542
f 5340 5343 5541
f 5339 5340 5541
f 5539 5339 5541
f 5537 5339 5539
f 5338 5339 5537
f 5534 5338 5537
f 5336 5338 5534
f 5532 5336 5534
f 5334 5336 5532
f 5333 5334 5532
f 5530 5333 5532
f 5526 5333 5530
f 5331 5333 5526
f 5527 5331 5526
f 5529 5331 5527
f 5328 5331 5529
f 5327 5328 5529
f 5528 5327 5529
f 5515 5327 5528
f 5323 5327 5515
f 5513 5323 5515
f 5321 5323 5513
f 5511 5321 5513
f 5319 5321 5511
f 5512 5319 5511
f 5317 5319 5512
f 5300 5317 5512
f 5297 5300 5512
f 5510 5297 5512
f 5296 5297 5510
f 5508 5296 5510
f 5295 5296 5508
f 5505 5295 5508
f 5503 5295 5505
f 5294 5295 5503
f 5501 5294 5503
f 5500 5294 5501
f 5292 5294 5500
f 5345 5977 5346
f 5349 5977 5345
f 5978 5977 5349
f 5981 5978 5349
f 5350 5981 5349
f 5352 5981 5350
f 5982 5981 5352
f 5985 5982 5352
f 5354 5985 5352
f 5987 5985 5354
f 5356 5987 5354
f 5988 5987 5356
f 5992 5988 5356
f 5994 5992 5356
f 5357 5994 5356
f 5360 5994 5357
f 5995 5994 5360
f 5362 5995 5360
f 5997 5995 5362
f 5364 5997 5362
f 5382 5997 5364
f 5999 5997 5382
f 5386 5999 5382
f 6001 5999 5386
f 5390 6001 5386
f 5392 6001 5390
f 6000 6001 5392
f 6003 6000 5392
f 5393 6003 5392
f 6005 6003 5393
f 6008 6005 5393
f 5394 6008 5393
f 5399 6008 5394
f 5402 6008 5399
f 6007 6008 5402
f 6011 6007 5402
f 6013 6011 5402
f 5403 6013 5402
f 6014 6013 5403
f 5405 6014 5403
f 6017 6014 5405
f 6019 6017 5405
f 5406 6019 5405
f 5408 6019 5406
f 6021 6019 5408
f 5410 6021 5408
f 6023 6021 5410
f 6025 6023 5410
f 5411 6025 5410
f 6027 6025 5411
f 5413 6027 5411
f 5415 6027 5413
f 5538 5540 5973
f 5972 5538 5973
f 5536 5538 5972
f 5968 5536 5972
f 5966 5536 5968
f 5535 5536 5966
f 5967 5535 5966
f 5533 5535 5967
f 2923 3442 2921
f 3440 3442 2923
f 3445 3440 2923
f 2924 3445 2923
f 3447 3445 2924
f 2926 3447 2924
f 3449 3447 2926
f 2930 3449 2926
f 2932 3449 2930
f 3450 3449 2932
f 3453 3450 2932
f 3456 3453 2932
f 2933 3456 2932
f 3458 3456 2933
f 2940 3458 2933
f 2942 3458 2940
f 2945 3458 2942
f 3459 3458 2945
f 7669 3459 2945
f 2960 3459 7669
f 3457 3459 2960
f 3460 3457 2960
f 2961 3460 2960
f 3461 3460 2961
f 3463 3461 2961
f 2963 3463 2961
f 3465 3463 2963
f 2965 3465 2963
f 3467 3465 2965
f 2967 3467 2965
f 3469 3467 2967
f 3473 3469 2967
f 2968 3473 2967
f 3475 3473 2968
f 2970 3475 2968
f 7737 3475 2970
f 2972 7737 2970
f 2978 7737 2972
f 3478 7737 2978
f 2980 3478 2978
f 3476 3478 2980
f 2981 3476 2980
f 3480 3476 2981
f 3483 3480 2981
f 2982 3483 2981
f 3485 3483 2982
f 3488 3485 2982
f 2983 3488 2982
f 2984 3488 2983
f 3489 3488 2984
f 3492 3489 2984
f 2985 3492 2984
f 3494 3492 2985
f 2989 3494 2985
f 2991 3494 2989
f 3495 3494 2991
f 2995 3495 2991
f 3497 3495 2995
f 3500 3497 2995
f 2996 3500 2995
f 3501 3500 2996
f 2999 3501 2996
f 7668 3501 2999
f 3012 3501 7668
f 3502 3501 3012
f 3013 3502 3012
f 3504 3502 3013
f 3015 3504 3013
f 3506 3504 3015
f 3509 3506 3015
f 3016 3509 3015
f 3019 3509 3016
f 3510 3509 3019
f 3021 3510 3019
f 3029 3510 3021
f 3512 3510 3029
f 7667 3512 3029
f 5108 7544 7543
f 5106 5108 7543
f 5105 5106 7543
f 7540 5105 7543
f 7537 5105 7540
f 7538 5105 7537
f 5104 5105 7538
f 7535 5104 7538
f 5129 5104 7535
f 5101 5104 5129
f 7534 5101 5129
f 5099 5101 7534
f 5130 5099 7534
f 2920 2922 7738
f 2925 2920 7738
f 7675 2925 7738
f 2927 2925 7675
f 2929 2927 7675
f 7674 2929 7675
f 2938 2929 7674
f 2935 2929 2938
f 2931 2929 2935
f 4805 4807 7739
f 5098 5097 4802
f 5100 5098 4802
f 4801 5100 4802
f 5102 5100 4801
f 7648 5102 4801
f 5103 5102 7648
f 5107 5103 7648
f 7650 5107 7648
f 5110 5107 7650
f 5082 5084 5093
f 5089 5082 5093
f 5370 5094 5096
f 5372 5370 5096
f 5095 5372 5096
f 5374 5372 5095
f 5099 5374 5095
f 5130 5374 5099
f 5373 5374 5130
f 5131 5373 5130
f 5375 5373 5131
f 5378 5375 5131
f 5132 5378 5131
f 5138 5378 5132
f 5377 5378 5138
f 5139 5377 5138
f 5380 5377 5139
f 5384 5380 5139
f 5141 5384 5139
f 5385 5384 5141
f 5388 5385 5141
f 5142 5388 5141
f 5150 5388 5142
f 5389 5388 5150
f 5151 5389 5150
f 5092 5094 5370
f 5368 5092 5370
f 6315 5971 5974
f 7740 6315 5974
f 6314 6315 7740
f 5975 6316 5976
f 6317 6316 5975
f 5979 6317 5975
f 6318 6317 5979
f 5983 6318 5979
f 6320 6318 5983
f 5984 6320 5983
f 6322 6320 5984
f 5986 6322 5984
f 5989 6322 5986
f 6324 6322 5989
f 6326 6324 5989
f 5990 6326 5989
f 6328 6326 5990
f 6338 6328 5990
f 5991 6338 5990
f 6339 6338 5991
f 5970 5971 6315
f 6311 5970 6315
f 6309 5970 6311
f 5969 5970 6309
f 6308 5969 6309
f 5965 5969 6308
f 5963 5965 6308
f 6306 5963 6308
f 5962 5963 6306
f 6302 5962 6306
f 6300 5962 6302
f 5960 5962 6300
f 6299 5960 6300
f 5959 5960 6299
f 6296 5959 6299
f 6297 5959 6296
f 5957 5959 6297
f 5940 5957 6297
f 5939 5940 6297
f 6293 5939 6297
f 6292 5939 6293
f 5935 5939 6292
f 5934 5935 6292
f 6289 5934 6292
f 6288 5934 6289
f 5932 5934 6288
f 6287 5932 6288
f 5930 5932 6287
f 6285 5930 6287
f 5927 5930 6285
f 5926 5927 6285
f 6282 5926 6285
f 6279 5926 6282
f 6278 5926 6279
f 5924 5926 6278
f 6277 5924 6278
f 5922 5924 6277
f 5921 5922 6277
f 6275 5921 6277
f 6268 5921 6275
f 6266 5921 6268
f 5920 5921 6266
f 6263 5920 6266
f 6261 5920 6263
f 5919 5920 6261
f 6258 5919 6261
f 6259 5919 6258
f 5916 5919 6259
f 5912 5916 6259
f 5911 5912 6259
f 6257 5911 6259
f 5909 5911 6257
f 6255 5909 6257
f 5908 5909 6255
f 6252 5908 6255
f 5907 5908 6252
f 6248 5907 6252
f 6250 5907 6248
f 5905 5907 6250
f 7519 5905 6250
f 5894 7519 6250
f 6251 5894 6250
f 5890 5894 6251
f 6249 5890 6251
f 6247 5890 6249
f 5887 5890 6247
f 5886 5887 6247
f 6241 5886 6247
f 6239 5886 6241
f 5884 5886 6239
f 6237 5884 6239
f 5882 5884 6237
f 6236 5882 6237
f 5880 5882 6236
f 5879 5880 6236
f 6233 5879 6236
f 6231 5879 6233
f 5877 5879 6231
f 6229 5877 6231
f 5876 5877 6229
f 6226 5876 6229
f 6223 5876 6226
f 5874 5876 6223
f 6222 5874 6223
f 5871 5874 6222
f 6220 5871 6222
f 5869 5871 6220
f 5868 5869 6220
f 6217 5868 6220
f 5867 5868 6217
f 6213 5867 6217
f 6214 5867 6213
f 5864 5867 6214
f 5863 5864 6214
f 6211 5863 6214
f 6210 5863 6211
f 5861 5863 6210
f 5857 5861 6210
f 6208 5857 6210
f 5855 5857 6208
f 6205 5855 6208
f 6203 5855 6205
f 5854 5855 6203
f 6199 5854 6203
f 6198 5854 6199
f 5852 5854 6198
f 5850 5852 6198
f 6197 5850 6198
f 6193 5850 6197
f 5849 5850 6193
f 6190 5849 6193
f 6189 5849 6190
f 5846 5849 6189
f 5845 5846 6189
f 6186 5845 6189
f 6185 5845 6186
f 5842 5845 6185
f 5841 5842 6185
f 6183 5841 6185
f 5840 5841 6183
f 6180 5840 6183
f 6178 5840 6180
f 5839 5840 6178
f 6176 5839 6178
f 5834 5839 6176
f 6177 5834 6176
f 4812 5113 4810
f 5111 5113 4812
f 4813 5111 4812
f 5115 5111 4813
f 5118 5115 4813
f 4814 5118 4813
f 5119 5118 4814
f 5122 5119 4814
f 4815 5122 4814
f 5126 5122 4815
f 5133 5126 4815
f 4818 5133 4815
f 5134 5133 4818
f 5136 5134 4818
f 4819 5136 4818
f 7647 5136 4819
f 5137 5136 7647
f 5146 5137 7647
f 7646 5146 7647
f 4829 5146 7646
f 5145 5146 4829
f 4830 5145 4829
f 4832 5145 4830
f 5148 5145 4832
f 4834 5148 4832
f 4840 5148 4834
f 5149 5148 4840
f 5152 5149 4840
f 4842 5152 4840
f 5154 5152 4842
f 4843 5154 4842
f 5156 5154 4843
f 4845 5156 4843
f 5158 5156 4845
f 5161 5158 4845
f 4846 5161 4845
f 5162 5161 4846
f 4821 4817 4805
f 7739 4821 4805
f 4820 4821 7741
f 4823 4820 7741
f 7742 4823 7741
f 7743 4823 7742
f 4825 4823 7743
f 4827 4825 4536
f 4535 4827 4536
f 4539 4827 4535
f 4828 4827 4539
f 4831 4828 4539
f 4541 4831 4539
f 4833 4831 4541
f 4836 4833 4541
f 4542 4836 4541
f 4544 4836 4542
f 4837 4836 4544
f 4546 4837 4544
f 4839 4837 4546
f 4225 7547 4226
f 7545 7547 4225
f 7549 7545 4225
f 4219 3439 4221
f 3438 3439 4219
f 4216 3438 4219
f 4213 3438 4216
f 3434 3438 4213
f 4211 3434 4213
f 4209 3434 4211
f 3435 3434 4209
f 4210 3435 4209
f 3433 3435 4210
f 3431 3433 4210
f 4208 3431 4210
f 3427 3431 4208
f 4206 3427 4208
f 4205 3427 4206
f 3428 3427 4205
f 4202 7744 4205
f 7745 7744 4202
f 4201 7745 4202
f 7746 7745 4201
f 4199 7746 4201
f 4177 7747 4165
f 4179 7747 4177
f 3425 3426 4172
f 4169 3425 4172
f 4167 3425 4169
f 3424 3425 4167
f 4164 3424 4167
f 4160 3424 4164
f 3423 3424 4160
f 4158 3423 4160
f 4157 3423 4158
f 3420 3423 4157
f 4154 3420 4157
f 4153 3420 4154
f 3419 3420 4153
f 3416 3419 4153
f 4147 3416 4153
f 4145 3416 4147
f 3417 3416 4145
f 4143 3417 4145
f 3415 3417 4143
f 4142 3415 4143
f 3414 3415 4142
f 4139 3414 4142
f 4136 3414 4139
f 4134 3414 4136
f 3412 3414 4134
f 4132 3412 4134
f 3408 3412 4132
f 4130 3408 4132
f 3409 3408 4130
f 4129 3409 4130
f 4538 4537 4291
f 4293 4538 4291
f 4540 4538 4293
f 4295 4540 4293
f 4543 4540 4295
f 4297 4543 4295
f 4545 4543 4297
f 4298 4545 4297
f 4549 4545 4298
f 4300 4549 4298
f 4303 4549 4300
f 4550 4549 4303
f 4307 4550 4303
f 4553 4550 4307
f 7591 7748 7593
f 4289 7748 7591
f 4287 4289 7591
f 7592 4287 7591
f 7656 4287 7592
f 4261 7656 7592
f 4260 4261 7592
f 7589 4260 7592
f 7588 4260 7589
f 4259 4260 7588
f 4241 4259 7588
f 7586 4241 7588
f 4238 4241 7586
f 4234 4238 7586
f 7585 4234 7586
f 4232 4234 7585
f 7583 4232 7585
f 4230 4232 7583
f 7581 4230 7583
f 7582 4230 7581
f 4228 4230 7582
f 4225 4228 7582
f 7549 4225 7582
f 7553 7549 7582
f 7580 7553 7582
f 7577 7553 7580
f 3468 3470 4288
f 4286 3468 4288
f 3466 3468 4286
f 4284 3466 4286
f 4283 3466 4284
f 3464 3466 4283
f 4282 3464 4283
f 3462 3464 4282
f 4281 3462 4282
f 3454 3462 4281
f 3452 3454 4281
f 4273 3452 4281
f 3451 3452 4273
f 4274 3451 4273
f 4280 3451 4274
f 3448 3451 4280
f 3446 3448 4280
f 4279 3446 4280
f 3444 3446 4279
f 4277 3444 4279
f 3443 3444 4277
f 4276 7749 4278
f 4224 7749 4276
f 4272 4224 4276
f 4267 4224 4272
f 4268 4224 4267
f 4222 4224 4268
f 4264 4222 4268
f 4220 4222 4264
f 4263 4220 4264
f 4218 4220 4263
f 4258 4218 4263
f 4257 4218 4258
f 4255 4218 4257
f 4217 4218 4255
f 4247 4217 4255
f 4249 4217 4247
f 4215 4217 4249
f 4250 4215 4249
f 4214 4215 4250
f 4253 4214 4250
f 4203 4214 4253
f 4200 4203 4253
f 4252 4200 4253
f 4198 4200 4252
f 4251 4198 4252
f 4161 4198 4251
f 4159 4161 4251
f 4248 4159 4251
f 4246 4159 4248
f 4156 4159 4246
f 4245 4156 4246
f 4155 4156 4245
f 4243 4155 4245
f 4152 4155 4243
f 4240 4152 4243
f 4151 4152 4240
f 4237 4151 4240
f 4236 4151 4237
f 4150 4151 4236
f 7657 4150 4236
f 7660 7657 4236
f 4290 4292 3477
f 3479 4290 3477
f 4294 4290 3479
f 3481 4294 3479
f 4296 4294 3481
f 4299 4296 3481
f 3482 4299 3481
f 4301 4299 3482
f 3484 4301 3482
f 3486 4301 3484
f 4302 4301 3486
f 4305 4302 3486
f 4306 4305 3486
f 3490 4306 3486
f 4310 4306 3490
f 4313 4310 3490
f 3491 4313 3490
f 4315 4313 3491
f 4317 4315 3491
f 3493 4317 3491
f 3496 4317 3493
f 4318 4317 3496
f 3498 4318 3496
f 4320 4318 3498
f 3503 4320 3498
f 3505 4320 3503
f 4328 4320 3505
f 3507 4328 3505
f 4330 4328 3507
f 3511 4330 3507
f 3513 4330 3511
f 3515 4330 3513
f 4329 4330 3515
f 4332 4329 3515
f 3516 4332 3515
f 4334 4332 3516
f 4338 4334 3516
f 3517 4338 3516
f 4339 4338 3517
f 3519 4339 3517
f 4341 4339 3519
f 3520 4341 3519
f 4343 4341 3520
f 3522 4343 3520
f 4345 4343 3522
f 3523 4345 3522
f 4347 4345 3523
f 4350 4347 3523
f 3525 4350 3523
f 3527 4350 3525
f 4351 4350 3527
f 4354 4351 3527
f 3528 4354 3527
f 4356 4354 3528
f 3530 4356 3528
f 4358 4356 3530
f 3532 4358 3530
f 3536 4358 3532
f 4359 4358 3536
f 4362 4359 3536
f 3537 4362 3536
f 4364 4362 3537
f 4367 4364 3537
f 3539 4367 3537
f 4368 4367 3539
f 4370 4368 3539
f 3541 4370 3539
f 4372 4370 3541
f 3542 4372 3541
f 4374 4372 3542
f 4377 4374 3542
f 3544 4377 3542
f 4379 4377 3544
f 3545 4379 3544
f 3548 4379 3545
f 4380 4379 3548
f 3550 4380 3548
f 4382 4380 3550
f 3552 4382 3550
f 7750 4229 4227
f 4231 4229 7750
f 4233 4231 7750
f 7660 7750 7751
f 7659 7660 7751
f 7752 7659 7751
f 7663 7659 7752
f 7753 7663 7752
f 7664 7663 7753
f 4138 7664 7754
f 4137 4138 7754
f 4526 4137 7754
f 4524 4137 4526
f 4135 4137 4524
f 4522 4135 4524
f 4133 4135 4522
f 4521 4133 4522
f 4131 4133 4521
f 4518 4131 4521
f 4127 4131 4518
f 4517 4127 4518
f 4128 4127 4517
f 4236 7750 7660
f 4233 7750 4236
f 4759 4520 4523
f 4761 4759 4523
f 4519 4520 4759
f 4754 4519 4759
f 4514 4519 4754
f 4752 4514 4754
f 4513 4514 4752
f 4750 4513 4752
f 4511 4513 4750
f 4749 4511 4750
f 4509 4511 4749
f 4508 4509 4749
f 4743 4508 4749
f 4741 4508 4743
f 4507 4508 4741
f 4739 4507 4741
f 4738 4507 4739
f 4505 4507 4738
f 7755 4505 4738
f 4503 4505 7755
f 1429 7756 1430
f 1234 1429 1426
f 1424 1234 1426
f 1231 1234 1424
f 1230 1231 1424
f 1421 1230 1424
f 1420 1230 1421
f 1227 1230 1420
f 1226 1227 1420
f 1417 1226 1420
f 1416 1226 1417
f 1224 1226 1416
f 1222 1224 1416
f 1414 1222 1416
f 1221 1222 1414
f 1411 1221 1414
f 1409 1221 1411
f 1220 1221 1409
f 1407 1220 1409
f 1403 1220 1407
f 1216 1220 1403
f 1217 1216 1403
f 1405 1217 1403
f 1210 1211 7757
f 1398 1210 7757
f 1397 1210 1398
f 1208 1210 1397
f 1402 1208 1397
f 1206 1208 1402
f 7703 1206 1402
f 1400 7703 1402
f 2914 7703 1400
f 1235 1429 1234
f 1237 1429 1235
f 7756 1429 1237
f 5052 4770 4771
f 4774 5052 4771
f 5053 5052 4774
f 4778 5053 4774
f 5055 5053 4778
f 4780 5055 4778
f 5057 5055 4780
f 4782 5057 4780
f 5059 5057 4782
f 5062 5059 4782
f 5064 5062 4782
f 4783 5064 4782
f 5049 4770 5052
f 5047 4770 5049
f 4768 4770 5047
f 5045 4768 5047
f 4765 4768 5045
f 5046 4765 5045
f 4762 4765 5046
f 7651 4762 5046
f 4757 7651 5046
f 5043 4757 5046
f 5041 4757 5043
f 5037 4757 5041
f 4756 4757 5037
f 5035 4756 5037
f 4755 4756 5035
f 5032 4755 5035
f 5033 4755 5032
f 4751 4755 5033
f 4748 4751 5033
f 4747 4748 5033
f 5031 4747 5033
f 4746 4747 5031
f 5028 4746 5031
f 5025 4746 5028
f 5024 4746 5025
f 4745 4746 5024
f 5021 4745 5024
f 5018 4745 5021
f 4744 4745 5018
f 5017 4744 5018
f 4740 4744 5017
f 4736 4740 5017
f 5014 4736 5017
f 5013 4736 5014
f 4737 4736 5013
f 7619 7620 7758
f 7759 7619 7758
f 7621 7619 7759
f 7760 7621 7759
f 7623 7621 7760
f 5012 7623 7760
f 7625 7623 5012
f 5011 7625 5012
f 7627 7625 5011
f 5015 7627 5011
f 7598 7627 5015
f 7599 7627 7598
f 7626 7627 7599
f 7601 7626 7599
f 7628 7626 7601
f 7606 7628 7601
f 7630 7628 7606
f 7607 7630 7606
f 7610 7630 7607
f 7631 7630 7610
f 7612 7631 7610
f 7634 7631 7612
f 7761 7634 7612
f 7613 7761 7612
f 4955 4956 7615
f 7609 4955 7615
f 7608 4955 7609
f 4949 4955 7608
f 4948 4949 7608
f 7605 4948 7608
f 7604 4948 7605
f 4947 4948 7604
f 4942 4947 7604
f 7603 4942 7604
f 4940 4942 7603
f 7600 4940 7603
f 4939 4940 7600
f 7597 4939 7600
f 7596 4939 7597
f 4936 4939 7596
f 4935 4936 7596
f 7594 4935 7596
f 4961 7762 4959
f 4964 7762 4961
f 7763 7762 4964
f 4965 7763 4964
f 7764 7763 4965
f 4967 7764 4965
f 4969 7764 4967
f 4952 4957 4954
f 4960 4957 4952
f 4953 4960 4952
f 4962 4960 4953
f 4665 4973 4971
f 4664 4665 4971
f 4968 4664 4971
f 4660 4664 4968
f 4966 4660 4968
f 4658 4660 4966
f 4963 4658 4966
f 4656 4658 4963
f 4962 4656 4963
f 4654 4656 4962
f 4953 4654 4962
f 4652 4654 4953
f 4951 4652 4953
f 4651 4652 4951
f 4946 4651 4951
f 4945 4651 4946
f 4646 4651 4945
f 4943 4646 4945
f 4644 4646 4943
f 4642 4644 4943
f 4941 4642 4943
f 4641 4642 4941
f 4938 4641 4941
f 4937 4641 4938
f 4639 4641 4937
f 4638 4639 4937
f 4934 4638 4937
f 4932 4638 4934
f 4637 4638 4932
f 4929 4637 4932
f 4928 4637 4929
f 4635 4637 4928
f 4627 4635 4928
f 4927 4627 4928
f 4626 4627 4927
f 4924 4626 4927
f 4922 4626 4924
f 4623 4626 4922
f 4622 4623 4922
f 4920 4622 4922
f 4620 4622 4920
f 4618 4620 4920
f 4918 4618 4920
f 4617 4618 4918
f 4915 4617 4918
f 4914 4617 4915
f 4614 4617 4914
f 4613 4614 4914
f 4911 4613 4914
f 4910 4613 4911
f 4611 4613 4910
f 4609 4611 4910
f 4907 4609 4910
f 4905 4609 4907
f 4902 4609 4905
f 4607 4609 4902
f 4901 4607 4902
f 4606 4607 4901
f 4897 4606 4901
f 4604 4606 4897
f 4895 4604 4897
f 4601 4604 4895
f 4600 4601 4895
f 4892 4600 4895
f 4889 4600 4892
f 4599 4600 4889
f 4885 4599 4889
f 4569 4599 4885
f 4568 4569 4885
f 4883 4568 4885
f 4882 4568 4883
f 4566 4568 4882
f 4881 4566 4882
f 4559 4566 4881
f 4558 4559 4881
f 4877 4558 4881
f 4878 4558 4877
f 4556 4558 4878
f 4977 4973 4665
f 4666 4977 4665
f 4668 4977 4666
f 4670 4977 4668
f 4976 4977 4670
f 4979 4976 4670
f 4671 4979 4670
f 4672 4979 4671
f 3656 3657 7765
f 4498 3656 7765
f 3654 3656 4498
f 4495 3654 4498
f 4493 3654 4495
f 3652 3654 4493
f 4491 3652 4493
f 3650 3652 4491
f 4489 3650 4491
f 3649 3650 4489
f 4487 3649 4489
f 4499 4501 4128
f 4517 4499 4128
f 4516 4499 4517
f 4500 4499 4516
f 4734 4735 5001
f 4998 4734 5001
f 4997 4734 4998
f 4704 4734 4997
f 4702 4704 4997
f 4995 4702 4997
f 4700 4702 4995
f 4994 4700 4995
f 4695 4700 4994
f 4993 4695 4994
f 7652 4695 4993
f 7654 7652 4993
f 4676 7654 4993
f 4991 4676 4993
f 4674 4676 4991
f 4990 4674 4991
f 4672 4674 4990
f 4500 4502 4504
f 4510 4506 4502
f 4516 4510 4502
f 7766 2914 2919
f 2913 7767 2918
f 7766 7767 2913
f 1856 1862 2415
f 2414 1856 2415
f 1854 1856 2414
f 2413 1854 2414
f 1852 1854 2413
f 1851 1852 2413
f 2408 1851 2413
f 1850 1851 2408
f 2410 1850 2408
f 2407 1850 2410
f 2403 1850 2407
f 1848 1850 2403
f 2405 1848 2403
f 1846 1848 2405
f 1845 1846 2405
f 7768 1845 2405
f 7769 1845 7768
f 1844 1845 7769
f 2400 1844 7769
f 2401 1844 2400
f 7679 1844 2401
f 1832 7679 2401
f 1830 1832 2401
f 2399 1830 2401
f 1828 1830 2399
f 2397 1828 2399
f 1827 1828 2397
f 2394 1827 2397
f 2392 1827 2394
f 1825 1827 2392
f 1396 1400 1401
f 1394 1400 1396
f 2913 1390 1392
f 4494 4725 4723
f 4492 4494 4723
f 4721 4492 4723
f 4490 4492 4721
f 4719 4490 4721
f 4488 4490 4719
f 4717 4488 4719
f 4486 4488 4717
f 4715 4486 4717
f 4485 4486 4715
f 4710 4485 4715
f 4708 4485 4710
f 4484 4485 4708
f 4705 4484 4708
f 4706 4484 4705
f 4482 4484 4706
f 4480 4482 4706
f 4477 4480 4706
f 4476 4477 4706
f 4703 4476 4706
f 4701 4476 4703
f 4473 4476 4701
f 4699 4473 4701
f 4471 4473 4699
f 4698 4471 4699
f 4443 4471 4698
f 4442 4443 4698
f 4694 4442 4698
f 4441 4442 4694
f 4692 4441 4694
f 4437 4441 4692
f 4690 4437 4692
f 4434 4437 4690
f 4688 4434 4690
f 4433 4434 4688
f 4686 4433 4688
f 4432 4433 4686
f 4685 4432 4686
f 7655 4432 4685
f 4418 7655 4685
f 4683 4418 4685
f 4417 4418 4683
f 4680 4417 4683
f 4679 4417 4680
f 4416 4417 4679
f 4678 4416 4679
f 4413 4416 4678
f 4412 4413 4678
f 4675 4412 4678
f 4673 4412 4675
f 4409 4412 4673
f 4669 4409 4673
f 4667 4409 4669
f 4408 4409 4667
f 4662 4408 4667
f 4404 4408 4662
f 4663 4404 4662
f 4401 4404 4663
f 4399 4401 4663
f 4657 4399 4663
f 4655 4399 4657
f 4397 4399 4655
f 4653 4397 4655
f 4396 4397 4653
f 4650 4396 4653
f 4648 4396 4650
f 4394 4396 4648
f 4649 4394 4648
f 4391 4394 4649
f 4388 4391 4649
f 4387 4388 4649
f 4647 4387 4649
f 4645 4387 4647
f 4386 4387 4645
f 4643 4386 4645
f 4634 4386 4643
f 4384 4386 4634
f 4633 4384 4634
f 4383 4384 4633
f 4631 4383 4633
f 4381 4383 4631
f 4630 4381 4631
f 4378 4381 4630
f 4376 4378 4630
f 4628 4376 4630
f 4375 4376 4628
f 4625 4375 4628
f 4624 4375 4625
f 4373 4375 4624
f 4621 4373 4624
f 4371 4373 4621
f 4619 4371 4621
f 4369 4371 4619
f 4616 4369 4619
f 4615 4369 4616
f 4366 4369 4615
f 4365 4366 4615
f 4612 4365 4615
f 4610 4365 4612
f 4363 4365 4610
f 4608 4363 4610
f 4361 4363 4608
f 4605 4361 4608
f 4360 4361 4605
f 4603 4360 4605
f 4355 4360 4603
f 4602 4355 4603
f 4353 4355 4602
f 4352 4353 4602
f 4598 4352 4602
f 4597 4352 4598
f 4349 4352 4597
f 4348 4349 4597
f 4595 4348 4597
f 4589 4348 4595
f 4346 4348 4589
f 4590 4346 4589
f 4344 4346 4590
f 4592 4344 4590
f 4342 4344 4592
f 4340 4342 4592
f 4593 4340 4592
f 4337 4340 4593
f 4336 4337 4593
f 4591 4336 4593
f 4585 4336 4591
f 4583 4336 4585
f 4335 4336 4583
f 4579 4335 4583
f 4580 4335 4579
f 4333 4335 4580
f 4581 4333 4580
f 4331 4333 4581
f 4326 4331 4581
f 4325 4326 4581
f 4578 4325 4581
f 4577 4325 4578
f 4324 4325 4577
f 4575 4324 4577
f 4573 4324 4575
f 4323 4324 4573
f 4572 4323 4573
f 4563 4323 4572
f 4311 4323 4563
f 4309 4311 4563
f 4562 4309 4563
f 4308 4309 4562
f 4560 4308 4562
f 4557 4308 4560
f 4307 4308 4557
f 4553 4307 4557
f 4496 4725 4494
f 7770 4725 4496
f 7771 7770 4496
f 4497 7771 4496
f 4123 7772 4122
f 3405 7772 4123
f 3404 3405 4123
f 4117 3404 4123
f 4115 3404 4117
f 3402 3404 4115
f 4113 3402 4115
f 3401 3402 4113
f 4111 3401 4113
f 4112 3401 4111
f 3375 3401 4112
f 3373 3375 4112
f 3371 3373 4112
f 4110 3371 4112
f 3369 3371 4110
f 4108 3369 4110
f 3368 3369 4108
f 4105 3368 4108
f 4104 3368 4105
f 4103 3368 4104
f 3366 3368 4103
f 3893 3366 4103
f 3364 3366 3893
f 3892 3364 3893
f 3363 3364 3892
f 3888 3363 3892
f 3884 3363 3888
f 3883 3363 3884
f 3360 3363 3883
f 3880 3360 3883
f 3358 3360 3880
f 3879 3358 3880
f 3356 3358 3879
f 3877 3356 3879
f 3354 3356 3877
f 3875 3354 3877
f 3352 3354 3875
f 3872 3352 3875
f 3351 3352 3872
f 3873 3351 3872
f 3349 3351 3873
f 3874 3349 3873
f 3345 3349 3874
f 3344 3345 3874
f 3860 3344 3874
f 3857 3344 3860
f 3858 3344 3857
f 3342 3344 3858
f 3341 3342 3858
f 3855 3341 3858
f 3853 3341 3855
f 3339 3341 3853
f 3851 3339 3853
f 3337 3339 3851
f 3849 3337 3851
f 3335 3337 3849
f 3847 3335 3849
f 3846 3335 3847
f 3325 3335 3846
f 3323 3325 3846
f 3844 3323 3846
f 3322 3323 3844
f 3842 3322 3844
f 3321 3322 3842
f 3839 3321 3842
f 3836 3321 3839
f 3318 3321 3836
f 3834 3318 3836
f 3317 3318 3834
f 3833 3317 3834
f 3315 3317 3833
f 3832 3315 3833
f 3313 3315 3832
f 3312 3313 3832
f 3828 3312 3832
f 3831 3312 3828
f 3309 3312 3831
f 3307 3309 3831
f 3829 3307 3831
f 3306 3307 3829
f 3830 3306 3829
f 3297 3306 3830
f 3296 3297 3830
f 3826 3296 3830
f 3823 3296 3826
f 3295 3296 3823
f 3822 3295 3823
f 3292 3295 3822
f 3291 3292 3822
f 3820 3291 3822
f 3818 3291 3820
f 3816 3291 3818
f 3289 3291 3816
f 3813 3289 3816
f 3288 3289 3813
f 3811 3288 3813
f 3287 3288 3811
f 3805 3287 3811
f 3803 3287 3805
f 3286 3287 3803
f 3802 3286 3803
f 3282 3286 3802
f 3280 3282 3802
f 3801 3280 3802
f 3279 3280 3801
f 3798 3279 3801
f 3796 3279 3798
f 3278 3279 3796
f 3792 3278 3796
f 3791 3278 3792
f 3275 3278 3791
f 3789 3275 3791
f 3274 3275 3789
f 3787 3274 3789
f 3268 3274 3787
f 3786 3268 3787
f 3265 3268 3786
f 3264 3265 3786
f 3784 3264 3786
f 3258 3264 3784
f 3783 3258 3784
f 7773 2909 2910
f 2398 2402 7774
f 2396 2398 7774
f 2395 2396 7774
f 3383 2917 7773
f 3380 2917 3383
f 3377 2917 3380
f 2916 2917 3377
f 3378 2916 3377
f 7671 2916 3378
f 2898 7671 3378
f 2897 2898 3378
f 3374 2897 3378
f 3372 2897 3374
f 2895 2897 3372
f 3370 2895 3372
f 2894 2895 3370
f 3367 2894 3370
f 3365 2894 3367
f 2892 2894 3365
f 3362 2892 3365
f 2888 2892 3362
f 2887 2888 3362
f 3359 2887 3362
f 2885 2887 3359
f 3357 2885 3359
f 2883 2885 3357
f 3355 2883 3357
f 3353 2883 3355
f 2881 2883 3353
f 3350 2881 3353
f 2879 2881 3350
f 3348 2879 3350
f 2877 2879 3348
f 3346 2877 3348
f 2872 2877 3346
f 3347 2872 3346
f 2871 2872 3347
f 3343 2871 3347
f 3340 2871 3343
f 2869 2871 3340
f 3338 2869 3340
f 2867 2869 3338
f 2865 2867 3338
f 3336 2865 3338
f 2864 2865 3336
f 3334 2864 3336
f 3329 2864 3334
f 2862 2864 3329
f 3333 2862 3329
f 2859 2862 3333
f 2857 2859 3333
f 3332 2857 3333
f 2854 2857 3332
f 2843 2854 3332
f 3331 2843 3332
f 2841 2843 3331
f 2839 2841 3331
f 3328 2839 3331
f 2838 2839 3328
f 3326 2838 3328
f 3324 2838 3326
f 2837 2838 3324
f 2911 3384 3382
f 2393 3389 3386
f 3384 2393 3386
f 2911 2393 3384
f 2391 2393 2911
f 2390 2391 2911
f 2908 2390 2911
f 2910 3382 3383
f 7773 2910 3383
f 2229 2730 2728
f 2227 2229 2728
f 2727 2227 2728
f 2226 2227 2727
f 2725 2226 2727
f 2222 2226 2725
f 2724 2222 2725
f 2220 2222 2724
f 2722 2220 2724
f 2218 2220 2722
f 2721 2218 2722
f 2216 2218 2721
f 2215 2216 2721
f 2715 2215 2721
f 2713 2215 2715
f 2214 2215 2713
f 2710 2214 2713
f 2708 2214 2710
f 2212 2214 2708
f 2706 2212 2708
f 2210 2212 2706
f 2704 2210 2706
f 2208 2210 2704
f 2702 2208 2704
f 2206 2208 2702
f 2701 2206 2702
f 2205 2206 2701
f 2697 2205 2701
f 2699 2205 2697
f 2203 2205 2699
f 2700 2203 2699
f 2201 2203 2700
f 7676 2201 2700
f 2189 7676 2700
f 2698 2189 2700
f 2188 2189 2698
f 2696 2188 2698
f 2186 2188 2696
f 2694 2186 2696
f 2692 2186 2694
f 2184 2186 2692
f 2689 2184 2692
f 2183 2184 2689
f 2690 2183 2689
f 2181 2183 2690
f 7677 2181 2690
f 2177 7677 2690
f 2684 2177 2690
f 2680 2177 2684
f 2175 2177 2680
f 2679 2175 2680
f 2173 2175 2679
f 2732 2730 2229
f 2230 2732 2229
f 2734 2732 2230
f 2737 2734 2230
f 2231 2737 2230
f 2235 2737 2231
f 2738 2737 2235
f 2236 2738 2235
f 2740 2738 2236
f 2238 2740 2236
f 2742 2740 2238
f 2240 2742 2238
f 2744 2742 2240
f 2242 2744 2240
f 2746 2744 2242
f 2753 2746 2242
f 2754 2753 2242
f 2243 2754 2242
f 2755 2754 2243
f 2757 2755 2243
f 2245 2757 2243
f 2759 2757 2245
f 2247 2759 2245
f 2761 2759 2247
f 2765 2761 2247
f 2248 2765 2247
f 2251 2765 2248
f 2767 2765 2251
f 2253 2767 2251
f 2769 2767 2253
f 2773 2769 2253
f 2255 2773 2253
f 2775 2773 2255
f 2256 2775 2255
f 2777 2775 2256
f 2261 2777 2256
f 2262 2777 2261
f 2778 2777 2262
f 2782 2778 2262
f 2263 2782 2262
f 2784 2782 2263
f 2265 2784 2263
f 2268 2784 2265
f 2785 2784 2268
f 2270 2785 2268
f 2276 2785 2270
f 2787 2785 2276
f 2790 2787 2276
f 2277 2790 2276
f 2792 2790 2277
f 2795 2792 2277
f 2278 2795 2277
f 2796 2795 2278
f 2799 2796 2278
f 2279 2799 2278
f 2801 2799 2279
f 2281 2801 2279
f 2284 2801 2281
f 2802 2801 2284
f 2286 2802 2284
f 2804 2802 2286
f 2813 2804 2286
f 2815 2813 2286
f 2287 2815 2286
f 2289 2815 2287
f 2816 2815 2289
f 2819 2816 2289
f 2290 2819 2289
f 2821 2819 2290
f 2292 2821 2290
f 2823 2821 2292
f 2294 2823 2292
f 2825 2823 2294
f 2296 2825 2294
f 2827 2825 2296
f 2298 2827 2296
f 2829 2827 2298
f 2833 2829 2298
f 2299 2833 2298
f 2834 2833 2299
f 2301 2834 2299
f 2836 2834 2301
f 2840 2836 2301
f 2302 2840 2301
f 2842 2840 2302
f 2845 2842 2302
f 2306 2845 2302
f 2847 2845 2306
f 2307 2847 2306
f 2849 2847 2307
f 2309 2849 2307
f 2850 2849 2309
f 2311 2850 2309
f 2852 2850 2311
f 2316 2852 2311
f 2324 2852 2316
f 2851 2852 2324
f 2325 2851 2324
f 2853 2851 2325
f 2326 2853 2325
f 2846 2853 2326
f 2844 2846 2326
f 2327 2844 2326
f 2855 2844 2327
f 2329 2855 2327
f 2856 2855 2329
f 2331 2856 2329
f 2858 2856 2331
f 2333 2858 2331
f 2860 2858 2333
f 2345 2860 2333
f 2346 2860 2345
f 2861 2860 2346
f 2348 2861 2346
f 2863 2861 2348
f 2866 2863 2348
f 2349 2866 2348
f 2868 2866 2349
f 2351 2868 2349
f 2870 2868 2351
f 2873 2870 2351
f 2352 2873 2351
f 2876 2873 2352
f 2361 2876 2352
f 2363 2876 2361
f 2875 2876 2363
f 2372 2875 2363
f 2874 2875 2372
f 2878 2874 2372
f 2373 2878 2372
f 2880 2878 2373
f 2375 2880 2373
f 2882 2880 2375
f 2377 2882 2375
f 2884 2882 2377
f 2379 2884 2377
f 2886 2884 2379
f 2889 2886 2379
f 2380 2889 2379
f 2891 2889 2380
f 2385 2891 2380
f 1684 2228 2225
f 1681 1684 2225
f 2223 1681 2225
f 1680 1681 2223
f 2221 1680 2223
f 1677 1680 2221
f 2219 1677 2221
f 1675 1677 2219
f 2217 1675 2219
f 1673 1675 2217
f 2213 1673 2217
f 2211 1673 2213
f 1671 1673 2211
f 2209 1671 2211
f 1670 1671 2209
f 2207 1670 2209
f 2204 1670 2207
f 2202 1670 2204
f 1669 1670 2202
f 2200 1669 2202
f 2199 1669 2200
f 1667 1669 2199
f 1666 1667 2199
f 2198 1666 2199
f 1660 1666 2198
f 1658 1660 2198
f 2197 1658 2198
f 1657 1658 2197
f 2195 1657 2197
f 1650 1657 2195
f 2192 1650 2195
f 1649 1650 2192
f 2191 1649 2192
f 1641 1649 2191
f 1639 1641 2191
f 1638 1639 2191
f 2187 1638 2191
f 2185 1638 2187
f 1636 1638 2185
f 1635 1636 2185
f 2182 1635 2185
f 2180 1635 2182
f 1634 1635 2180
f 2179 1634 2180
f 1633 1634 2179
f 2232 2228 1684
f 1685 2232 1684
f 1688 2232 1685
f 2233 2232 1688
f 1690 2233 1688
f 1699 2233 1690
f 2234 2233 1699
f 1700 2234 1699
f 2237 2234 1700
f 2239 2237 1700
f 1701 2239 1700
f 2241 2239 1701
f 2244 2241 1701
f 1702 2244 1701
f 2246 2244 1702
f 2249 2246 1702
f 1703 2249 1702
f 2250 2249 1703
f 1705 2250 1703
f 2252 2250 1705
f 1706 2252 1705
f 675 1679 1678
f 674 675 1678
f 1676 674 1678
f 1682 1679 675
f 677 1682 675
f 1683 1682 677
f 679 1683 677
f 1686 1683 679
f 681 1686 679
f 1687 1686 681
f 683 1687 681
f 1689 1687 683
f 1692 1689 683
f 685 1692 683
f 686 1692 685
f 689 1692 686
f 691 1692 689
f 1691 1692 691
f 1694 1691 691
f 692 1694 691
f 694 1694 692
f 1695 1694 694
f 1665 1674 1672
f 1663 1665 1672
f 1676 1674 1665
f 674 1676 1665
f 671 674 1665
f 1664 671 1665
f 670 1664 1661
f 1659 670 1661
f 668 670 1659
f 1656 668 1659
f 1653 668 1656
f 666 668 1653
f 1654 666 1653
f 664 666 1654
f 1655 664 1654
f 662 664 1655
f 671 1664 670
f 427 673 672
f 425 427 672
f 669 425 672
f 423 425 669
f 667 423 669
f 420 423 667
f 417 420 667
f 665 417 667
f 415 417 665
f 663 415 665
f 413 415 663
f 660 413 663
f 412 413 660
f 676 673 427
f 428 676 427
f 678 676 428
f 680 678 428
f 429 680 428
f 431 680 429
f 682 680 431
f 433 682 431
f 684 682 433
f 687 684 433
f 434 687 433
f 438 687 434
f 688 687 438
f 440 688 438
f 690 688 440
f 693 690 440
f 441 693 440
f 697 693 441
f 443 697 441
f 699 697 443
f 445 699 443
f 700 699 445
f 447 700 445
f 702 700 447
f 704 702 447
f 448 704 447
f 452 704 448
f 705 704 452
f 453 705 452
f 708 705 453
f 455 708 453
f 250 439 436
f 437 250 436
f 248 250 437
f 435 248 437
f 247 248 435
f 432 247 435
f 246 247 432
f 430 246 432
f 245 246 430
f 426 245 430
f 424 245 426
f 422 245 424
f 244 245 422
f 421 244 422
f 243 244 421
f 418 243 421
f 419 243 418
f 235 243 419
f 231 235 419
f 230 231 419
f 416 230 419
f 414 230 416
f 229 230 414
f 411 229 414
f 225 229 411
f 410 225 411
f 224 225 410
f 408 224 410
f 406 224 408
f 223 224 406
f 404 223 406
f 401 223 404
f 399 223 401
f 222 223 399
f 220 222 399
f 396 220 399
f 395 220 396
f 215 220 395
f 213 215 395
f 393 213 395
f 211 213 393
f 252 439 250
f 442 439 252
f 444 442 252
f 253 444 252
f 446 444 253
f 255 446 253
f 449 446 255
f 257 449 255
f 259 449 257
f 450 449 259
f 262 450 259
f 451 450 262
f 454 451 262
f 456 454 262
f 263 456 262
f 458 456 263
f 265 458 263
f 267 458 265
f 459 458 267
f 462 459 267
f 465 462 267
f 268 465 267
f 271 465 268
f 464 465 271
f 468 464 271
f 272 468 271
f 470 468 272
f 274 470 272
f 472 470 274
f 276 472 274
f 474 472 276
f 278 474 276
f 476 474 278
f 479 476 278
f 482 479 278
f 279 482 278
f 281 482 279
f 483 482 281
f 283 483 281
f 285 483 283
f 484 483 285
f 289 484 285
f 290 484 289
f 480 484 290
f 485 480 290
f 489 485 290
f 291 489 290
f 491 489 291
f 293 491 291
f 493 491 293
f 496 493 293
f 294 496 293
f 498 496 294
f 298 498 294
f 300 498 298
f 499 498 300
f 502 499 300
f 301 502 300
f 512 502 301
f 501 502 512
f 508 501 512
f 504 501 508
f 1709 695 696
f 1714 1709 696
f 698 1714 696
f 701 1714 698
f 1713 1714 701
f 1716 1713 701
f 1719 1716 701
f 703 1719 701
f 706 1719 703
f 1720 1719 706
f 710 1720 706
f 1722 1720 710
f 711 1722 710
f 1723 1722 711
f 1730 1723 711
f 713 1730 711
f 1729 1730 713
f 1732 1729 713
f 718 1732 713
f 719 1732 718
f 1733 1732 719
f 1736 1733 719
f 720 1736 719
f 1737 1736 720
f 722 1737 720
f 1739 1737 722
f 1741 1739 722
f 724 1741 722
f 1743 1741 724
f 726 1743 724
f 1745 1743 726
f 727 1745 726
f 1748 1745 727
f 731 1748 727
f 1750 1748 731
f 1753 1750 731
f 732 1753 731
f 1755 1753 732
f 734 1755 732
f 736 1755 734
f 1756 1755 736
f 1759 1756 736
f 737 1759 736
f 1760 1759 737
f 1763 1760 737
f 740 1763 737
f 1764 1763 740
f 742 1764 740
f 746 1764 742
f 1770 1764 746
f 1772 1770 746
f 747 1772 746
f 749 1772 747
f 754 1772 749
f 756 1772 754
f 1773 1772 756
f 758 1773 756
f 1774 1773 758
f 1777 1774 758
f 759 1777 758
f 762 1777 759
f 1778 1777 762
f 764 1778 762
f 1780 1778 764
f 766 1780 764
f 1782 1780 766
f 1785 1782 766
f 767 1785 766
f 1787 1785 767
f 769 1787 767
f 1788 1787 769
f 1791 1788 769
f 770 1791 769
f 772 1791 770
f 1792 1791 772
f 1795 1792 772
f 7684 1795 772
f 7682 1795 7684
f 1796 1795 7682
f 1336 1796 7682
f 1337 1796 1336
f 1797 1796 1337
f 1799 1797 1337
f 1340 1799 1337
f 1800 1799 1340
f 1804 1800 1340
f 1341 1804 1340
f 1343 1804 1341
f 1805 1804 1343
f 1345 1805 1343
f 1807 1805 1345
f 1347 1807 1345
f 1809 1807 1347
f 1349 1809 1347
f 1812 1809 1349
f 1354 1812 1349
f 1813 1812 1354
f 1710 695 1709
f 1711 695 1710
f 694 695 1711
f 1695 694 1711
f 1697 1695 1711
f 1704 1697 1711
f 1707 1704 1711
f 2257 1706 1708
f 2259 2257 1708
f 1712 2259 1708
f 1715 2259 1712
f 1717 2259 1715
f 2260 2259 1717
f 2264 2260 1717
f 2267 2264 1717
f 1718 2267 1717
f 2266 2267 1718
f 1721 2266 1718
f 2269 2266 1721
f 1724 2269 1721
f 2271 2269 1724
f 1725 2271 1724
f 2273 2271 1725
f 1727 2273 1725
f 2275 2273 1727
f 1728 2275 1727
f 2280 2275 1728
f 1734 2280 1728
f 2282 2280 1734
f 1735 2282 1734
f 1738 2282 1735
f 2283 2282 1738
f 2285 2283 1738
f 2288 2285 1738
f 1740 2288 1738
f 2291 2288 1740
f 1742 2291 1740
f 2293 2291 1742
f 1744 2293 1742
f 2295 2293 1744
f 1746 2295 1744
f 2297 2295 1746
f 2300 2297 1746
f 2304 2300 1746
f 1747 2304 1746
f 1749 2304 1747
f 2305 2304 1749
f 2308 2305 1749
f 1751 2308 1749
f 2310 2308 1751
f 2313 2310 1751
f 1752 2313 1751
f 1757 2313 1752
f 2314 2313 1757
f 1758 2314 1757
f 1761 2314 1758
f 2315 2314 1761
f 2319 2315 1761
f 1762 2319 1761
f 2321 2319 1762
f 1765 2321 1762
f 1767 2321 1765
f 2320 2321 1767
f 2323 2320 1767
f 2328 2323 1767
f 2330 2328 1767
f 1768 2330 1767
f 2332 2330 1768
f 2336 2332 1768
f 1769 2336 1768
f 1775 2336 1769
f 2338 2336 1775
f 1776 2338 1775
f 1779 2338 1776
f 2339 2338 1779
f 1781 2339 1779
f 2341 2339 1781
f 1783 2341 1781
f 2343 2341 1783
f 2252 1706 2257
f 2254 2252 2257
f 1672 1668 1662
f 1663 1672 1662
f 1644 1652 1648
f 1655 1652 1644
f 1647 1655 1644
f 662 1655 1647
f 661 662 1647
f 1646 661 1647
f 656 661 1646
f 654 656 1646
f 1645 654 1646
f 653 654 1645
f 1643 1640 1637
f 1624 1637 1629
f 1643 1637 1624
f 1626 1643 1624
f 1645 1643 1626
f 653 1645 1626
f 1625 653 1626
f 652 653 1625
f 1622 652 1625
f 1621 652 1622
f 650 652 1621
f 1619 650 1621
f 649 650 1619
f 1617 649 1619
f 1615 649 1617
f 648 649 1615
f 1612 648 1615
f 1609 648 1612
f 647 648 1609
f 1608 647 1609
f 7705 647 1608
f 640 7705 1608
f 1606 640 1608
f 638 640 1606
f 1605 638 1606
f 636 638 1605
f 1601 636 1605
f 1598 636 1601
f 634 636 1598
f 1596 634 1598
f 632 634 1596
f 629 632 1596
f 1594 629 1596
f 627 629 1594
f 1592 627 1594
f 625 627 1592
f 1589 625 1592
f 623 625 1589
f 622 623 1589
f 1586 622 1589
f 620 622 1586
f 1585 620 1586
f 616 620 1585
f 614 616 1585
f 1583 614 1585
f 613 614 1583
f 1580 613 1583
f 1578 613 1580
f 612 613 1578
f 1576 612 1578
f 1573 612 1576
f 1569 612 1573
f 1570 612 1569
f 610 612 1570
f 609 610 1570
f 1571 609 1570
f 606 609 1571
f 605 606 1571
f 1568 605 1571
f 1565 605 1568
f 1564 605 1565
f 604 605 1564
f 1560 604 1564
f 1559 604 1560
f 602 604 1559
f 601 602 1559
f 1555 601 1559
f 1554 601 1555
f 598 601 1554
f 597 598 1554
f 1551 597 1554
f 1550 597 1551
f 593 597 1550
f 591 593 1550
f 1547 591 1550
f 589 591 1547
f 1548 589 1547
f 585 589 1548
f 584 585 1548
f 1543 584 1548
f 1541 584 1543
f 582 584 1541
f 581 582 1541
f 1538 581 1541
f 1536 581 1538
f 580 581 1536
f 1533 580 1536
f 1531 580 1533
f 578 580 1531
f 2162 1632 1633
f 2164 2162 1633
f 2166 2164 1633
f 2179 2166 1633
f 2176 2166 2179
f 2174 2166 2176
f 2165 2166 2174
f 2159 1632 2162
f 2158 1632 2159
f 1631 1632 2158
f 2173 2679 2676
f 2673 2173 2676
f 2172 2173 2673
f 2671 2172 2673
f 2669 2172 2671
f 2171 2172 2669
f 2667 2171 2669
f 2665 2171 2667
f 2169 2171 2665
f 2168 2169 2665
f 2662 2168 2665
f 2660 2168 2662
f 2167 2168 2660
f 2657 2167 2660
f 2658 2167 2657
f 2163 2167 2658
f 2161 2163 2658
f 2160 2161 2658
f 2655 2160 2658
f 2653 2160 2655
f 2654 2160 2653
f 2157 2160 2654
f 2156 2157 2654
f 2652 2156 2654
f 2651 2156 2652
f 2154 2156 2651
f 2153 2154 2651
f 2650 2153 2651
f 2144 2153 2650
f 2142 2144 2650
f 2648 2142 2650
f 2141 2142 2648
f 2645 2141 2648
f 2643 2141 2645
f 2139 2141 2643
f 2642 2139 2643
f 2137 2139 2642
f 2136 2137 2642
f 2639 2136 2642
f 2637 2136 2639
f 2133 2136 2637
f 2634 2133 2637
f 2131 2133 2634
f 2633 2131 2634
f 2130 2131 2633
f 2631 2130 2633
f 2628 2130 2631
f 2627 2130 2628
f 2128 2130 2627
f 2127 2128 2627
f 2624 2127 2627
f 2623 2127 2624
f 2124 2127 2623
f 2123 2124 2623
f 2620 2123 2623
f 2618 2123 2620
f 2122 2123 2618
f 2619 2122 2618
f 2120 2122 2619
f 7678 2120 2619
f 2115 7678 2619
f 2616 2115 2619
f 2174 2170 2165
f 2151 1627 1631
f 2158 2151 1631
f 2155 2151 2158
f 2150 2151 2155
f 2148 1627 2151
f 1623 1627 2148
f 2149 1623 2148
f 1620 1623 2149
f 1618 1620 2149
f 2147 1618 2149
f 1616 1618 2147
f 2145 1616 2147
f 1614 1616 2145
f 2143 1614 2145
f 1613 1614 2143
f 2140 1613 2143
f 2138 1613 2140
f 1611 1613 2138
f 2135 1611 2138
f 1610 1611 2135
f 2134 1610 2135
f 1607 1610 2134
f 1604 1607 2134
f 1603 1604 2134
f 2132 1603 2134
f 2129 1603 2132
f 1602 1603 2129
f 2126 1602 2129
f 2125 1602 2126
f 1600 1602 2125
f 1599 1600 2125
f 2121 1599 2125
f 2119 1599 2121
f 1597 1599 2119
f 2118 1597 2119
f 1595 1597 2118
f 1593 1595 2118
f 2117 1593 2118
f 1591 1593 2117
f 1590 1591 2117
f 2114 1590 2117
f 2111 1590 2114
f 2110 1590 2111
f 1588 1590 2110
f 1587 1588 2110
f 2107 1587 2110
f 2105 1587 2107
f 1584 1587 2105
f 1582 1584 2105
f 2104 1582 2105
f 1581 1582 2104
f 2101 1581 2104
f 2099 1581 2101
f 1579 1581 2099
f 2097 1579 2099
f 1577 1579 2097
f 2095 1577 2097
f 1575 1577 2095
f 2093 1575 2095
f 1574 1575 2093
f 2090 1574 2093
f 2088 1574 2090
f 1572 1574 2088
f 2087 1572 2088
f 1567 1572 2087
f 1566 1567 2087
f 2084 1566 2087
f 2081 1566 2084
f 1563 1566 2081
f 2078 1563 2081
f 1562 1563 2078
f 2076 1562 2078
f 3225 2666 2668
f 3227 3225 2668
f 2670 3227 2668
f 3229 3227 2670
f 2672 3229 2670
f 3231 3229 2672
f 3234 3231 2672
f 2674 3234 2672
f 2756 3234 2674
f 2758 3234 2756
f 3235 3234 2758
f 2760 3235 2758
f 3238 3235 2760
f 2762 3238 2760
f 3240 3238 2762
f 3243 3240 2762
f 2763 3243 2762
f 3245 3243 2763
f 2764 3245 2763
f 2770 3245 2764
f 3246 3245 2770
f 2771 3246 2770
f 3247 3246 2771
f 3251 3247 2771
f 3254 3251 2771
f 2772 3254 2771
f 3255 3254 2772
f 2774 3255 2772
f 3257 3255 2774
f 2776 3257 2774
f 2779 3257 2776
f 3259 3257 2779
f 3261 3259 2779
f 2780 3261 2779
f 2788 3261 2780
f 3262 3261 2788
f 2789 3262 2788
f 3263 3262 2789
f 3266 3263 2789
f 2791 3266 2789
f 2793 3266 2791
f 3267 3266 2793
f 3270 3267 2793
f 2794 3270 2793
f 2797 3270 2794
f 3269 3270 2797
f 3272 3269 2797
f 2798 3272 2797
f 2807 3272 2798
f 2808 3272 2807
f 3273 3272 2808
f 3276 3273 2808
f 2809 3276 2808
f 3281 3276 2809
f 2810 3281 2809
f 3283 3281 2810
f 3285 3283 2810
f 2811 3285 2810
f 3290 3285 2811
f 3293 3290 2811
f 2812 3293 2811
f 3294 3293 2812
f 3298 3294 2812
f 2814 3298 2812
f 2817 3298 2814
f 3299 3298 2817
f 3301 3299 2817
f 2818 3301 2817
f 3303 3301 2818
f 2820 3303 2818
f 2822 3303 2820
f 3304 3303 2822
f 2824 3304 2822
f 2826 3304 2824
f 3302 3304 2826
f 3308 3302 2826
f 2828 3308 2826
f 3310 3308 2828
f 2830 3310 2828
f 3311 3310 2830
f 3314 3311 2830
f 2831 3314 2830
f 3316 3314 2831
f 3319 3316 2831
f 2832 3319 2831
f 2835 3319 2832
f 3320 3319 2835
f 2837 3320 2835
f 3324 3320 2837
f 3222 2666 3225
f 3221 2666 3222
f 2664 2666 3221
f 3218 2664 3221
f 2663 2664 3218
f 3216 2663 3218
f 2661 2663 3216
f 3214 2661 3216
f 2659 2661 3214
f 3215 2659 3214
f 2656 2659 3215
f 2644 2656 3215
f 2641 2644 3215
f 3213 2641 3215
f 3211 2641 3213
f 2640 2641 3211
f 3208 2640 3211
f 3205 2640 3208
f 3204 2640 3205
f 2638 2640 3204
f 3202 2638 3204
f 2636 2638 3202
f 3201 2636 3202
f 2635 2636 3201
f 3197 2635 3201
f 3195 2635 3197
f 2632 2635 3195
f 2630 2632 3195
f 3194 2630 3195
f 2629 2630 3194
f 3192 2629 3194
f 2625 2629 3192
f 3191 2625 3192
f 2622 2625 3191
f 2621 2622 3191
f 3190 2621 3191
f 3187 2621 3190
f 3184 2621 3187
f 2617 2621 3184
f 3182 2617 3184
f 2615 2617 3182
f 3180 2615 3182
f 2614 2615 3180
f 3177 2614 3180
f 3174 2614 3177
f 2613 2614 3174
f 3172 2613 3174
f 3171 2613 3172
f 2610 2613 3171
f 2609 2610 3171
f 2607 2609 3171
f 3168 2607 3171
f 3165 2607 3168
f 3163 2607 3165
f 2605 2607 3163
f 3161 2605 3163
f 2603 2605 3161
f 3159 2603 3161
f 2601 2603 3159
f 3157 2601 3159
f 2599 2601 3157
f 3155 2599 3157
f 2597 2599 3155
f 3153 2597 3155
f 2592 2597 3153
f 3152 2592 3153
f 2591 2592 3152
f 3149 2591 3152
f 3147 2591 3149
f 2589 2591 3147
f 3144 2589 3147
f 2588 2589 3144
f 3142 2588 3144
f 2587 2588 3142
f 3139 2587 3142
f 3137 2587 3139
f 2583 2587 3137
f 2581 2583 3137
f 3135 2581 3137
f 2579 2581 3135
f 3133 2579 3135
f 2577 2579 3133
f 3132 2577 3133
f 2576 2577 3132
f 3126 2576 3132
f 3124 2576 3126
f 2574 2576 3124
f 3122 2574 3124
f 2571 2574 3122
f 2570 2571 3122
f 3119 2570 3122
f 3115 2570 3119
f 2567 2570 3115
f 3113 2567 3115
f 2565 2567 3113
f 3105 2565 3113
f 2564 2565 3105
f 3106 2564 3105
f 3108 2564 3106
f 3112 2564 3108
f 2561 2564 3112
f 2559 2561 3112
f 3111 2559 3112
f 2556 2559 3111
f 2554 2556 3111
f 3110 2554 3111
f 2553 2554 3110
f 2548 2553 3110
f 3109 2548 3110
f 2543 2548 3109
f 2541 2543 3109
f 3107 2541 3109
f 2540 2541 3107
f 3104 2540 3107
f 3102 2540 3104
f 2537 2540 3102
f 3100 2537 3102
f 2535 2537 3100
f 3097 2535 3100
f 3095 2535 3097
f 2533 2535 3095
f 3093 2533 3095
f 2531 2533 3093
f 3092 2531 3093
f 2528 2531 3092
f 2526 2528 3092
f 3090 2526 3092
f 2524 2526 3090
f 3088 2524 3090
f 2523 2524 3088
f 3085 2523 3088
f 2521 2523 3085
f 3083 2521 3085
f 2518 2521 3083
f 3082 2518 3083
f 2517 2518 3082
f 3079 2517 3082
f 3075 2517 3079
f 2516 2517 3075
f 3072 2516 3075
f 2513 2516 3072
f 3066 2513 3072
f 2509 2513 3066
f 2508 2509 3066
f 3226 3743 3741
f 3224 3226 3741
f 3738 3224 3741
f 3223 3224 3738
f 3736 3223 3738
f 3735 3223 3736
f 3220 3223 3735
f 3219 3220 3735
f 3733 3219 3735
f 3734 3219 3733
f 3217 3219 3734
f 3210 3217 3734
f 3209 3210 3734
f 3728 3209 3734
f 3726 3209 3728
f 3207 3209 3726
f 3723 3207 3726
f 3206 3207 3723
f 3720 3206 3723
f 3719 3206 3720
f 3203 3206 3719
f 3200 3203 3719
f 3199 3200 3719
f 3717 3199 3719
f 3715 3199 3717
f 3198 3199 3715
f 3713 3198 3715
f 3714 3198 3713
f 3196 3198 3714
f 3189 3196 3714
f 3188 3189 3714
f 3711 3188 3714
f 3710 3188 3711
f 3186 3188 3710
f 3708 3186 3710
f 3185 3186 3708
f 3705 3185 3708
f 3183 3185 3705
f 3181 3183 3705
f 3702 3181 3705
f 3701 3181 3702
f 3179 3181 3701
f 3696 3179 3701
f 3694 3179 3696
f 3178 3179 3694
f 3692 3178 3694
f 3691 3178 3692
f 3176 3178 3691
f 3175 3176 3691
f 3688 3175 3691
f 3687 3175 3688
f 3173 3175 3687
f 3686 3173 3687
f 3170 3173 3686
f 3169 3170 3686
f 3684 3169 3686
f 3167 3169 3684
f 3682 3167 3684
f 3166 3167 3682
f 3679 3166 3682
f 3677 3166 3679
f 3164 3166 3677
f 3162 3164 3677
f 3675 3162 3677
f 3160 3162 3675
f 3673 3160 3675
f 3158 3160 3673
f 3672 3158 3673
f 3156 3158 3672
f 3670 3156 3672
f 3154 3156 3670
f 3669 3154 3670
f 3151 3154 3669
f 3150 3151 3669
f 3664 3150 3669
f 3662 3150 3664
f 3148 3150 3662
f 3660 3148 3662
f 3146 3148 3660
f 3658 3146 3660
f 3145 3146 3658
f 3655 3145 3658
f 3653 3145 3655
f 3143 3145 3653
f 3651 3143 3653
f 3141 3143 3651
f 3648 3141 3651
f 3140 3141 3648
f 3644 3140 3648
f 3642 3140 3644
f 3138 3140 3642
f 3643 3138 3642
f 3136 3138 3643
f 3134 3136 3643
f 3131 3134 3643
f 3640 3131 3643
f 3639 3131 3640
f 3130 3131 3639
f 3636 3130 3639
f 3633 3130 3636
f 3128 3130 3633
f 3630 3128 3633
f 3628 3128 3630
f 3127 3128 3628
f 3125 3127 3628
f 3627 3125 3628
f 3123 3125 3627
f 3121 3123 3627
f 3624 3121 3627
f 3120 3121 3624
f 3621 3120 3624
f 3619 3120 3621
f 3118 3120 3619
f 3617 3118 3619
f 3117 3118 3617
f 3616 3117 3617
f 3099 3117 3616
f 3098 3099 3616
f 3613 3098 3616
f 3611 3098 3613
f 3096 3098 3611
f 3609 3096 3611
f 3094 3096 3609
f 3608 3094 3609
f 3091 3094 3608
f 3089 3091 3608
f 3606 3089 3608
f 3604 3089 3606
f 3087 3089 3604
f 3602 3087 3604
f 3086 3087 3602
f 3598 3086 3602
f 3597 3086 3598
f 3084 3086 3597
f 3594 3084 3597
f 3593 3084 3594
f 3081 3084 3593
f 3080 3081 3593
f 3590 3080 3593
f 3588 3080 3590
f 3078 3080 3588
f 3586 3078 3588
f 3077 3078 3586
f 3584 3077 3586
f 3582 3077 3584
f 3076 3077 3582
f 3580 3076 3582
f 3578 3076 3580
f 3073 3076 3578
f 3071 3073 3578
f 3576 3071 3578
f 3070 3071 3576
f 3573 3070 3576
f 3571 3070 3573
f 3069 3070 3571
f 3570 3069 3571
f 3064 3069 3570
f 3063 3064 3570
f 3567 3063 3570
f 3561 3063 3567
f 3560 3063 3561
f 3060 3063 3560
f 3058 3060 3560
f 3557 3058 3560
f 3056 3058 3557
f 3556 3056 3557
f 3055 3056 3556
f 3553 3055 3556
f 3551 3055 3553
f 3054 3055 3551
f 3549 3054 3551
f 3049 3054 3549
f 3547 3049 3549
f 3048 3049 3547
f 3546 3048 3547
f 3044 3048 3546
f 3043 3044 3546
f 3543 3043 3546
f 3540 3043 3543
f 3041 3043 3540
f 3538 3041 3540
f 3040 3041 3538
f 3535 3040 3538
f 3533 3040 3535
f 3534 3040 3533
f 3037 3040 3534
f 3035 3037 3534
f 3034 3035 3534
f 3531 3034 3534
f 3529 3034 3531
f 3033 3034 3529
f 3526 3033 3529
f 3524 3033 3526
f 7666 3033 3524
f 7667 7666 3524
f 3521 7667 3524
f 3518 7667 3521
f 3512 7667 3518
f 3514 3512 3518
f 3746 3743 3226
f 3228 3746 3226
f 3230 3746 3228
f 3747 3746 3230
f 3750 3747 3230
f 3232 3750 3230
f 3752 3750 3232
f 3236 3752 3232
f 3237 3752 3236
f 3239 3752 3237
f 3753 3752 3239
f 3757 3753 3239
f 3241 3757 3239
f 3758 3757 3241
f 3760 3758 3241
f 3242 3760 3241
f 3763 3760 3242
f 3248 3763 3242
f 3765 3763 3248
f 3249 3765 3248
f 3775 3765 3249
f 3776 3775 3249
f 3250 3776 3249
f 3252 3776 3250
f 3777 3776 3252
f 3780 3777 3252
f 3783 3780 3252
f 3253 3783 3252
f 3256 3783 3253
f 3258 3783 3256
f 643 655 651
f 644 655 643
f 657 655 644
f 659 657 644
f 407 658 659
f 405 407 659
f 644 405 659
f 403 405 644
f 642 403 644
f 402 403 642
f 639 402 642
f 637 402 639
f 400 402 637
f 635 400 637
f 398 400 635
f 633 398 635
f 397 398 633
f 630 397 633
f 631 397 630
f 394 397 631
f 392 394 631
f 391 392 631
f 628 391 631
f 626 391 628
f 389 391 626
f 624 389 626
f 388 389 624
f 621 388 624
f 619 388 621
f 386 388 619
f 617 386 619
f 384 386 617
f 382 384 617
f 618 382 617
f 381 382 618
f 409 658 407
f 412 658 409
f 660 658 412
f 2611 2616 2612
f 2115 2616 2611
f 2113 2115 2611
f 2608 2113 2611
f 2606 2113 2608
f 2112 2113 2606
f 2604 2112 2606
f 2108 2112 2604
f 2602 2108 2604
f 2106 2108 2602
f 2600 2106 2602
f 2103 2106 2600
f 2598 2103 2600
f 2102 2103 2598
f 2594 2102 2598
f 2595 2102 2594
f 2100 2102 2595
f 2596 2100 2595
f 2098 2100 2596
f 211 393 390
f 210 211 390
f 387 210 390
f 385 210 387
f 209 210 385
f 383 209 385
f 374 209 383
f 380 374 383
f 372 374 380
f 377 372 380
f 1816 2376 2374
f 2370 1816 2374
f 1814 1816 2370
f 1810 1814 2370
f 2368 1810 2370
f 1808 1810 2368
f 2366 1808 2368
f 1806 1808 2366
f 2365 1806 2366
f 1803 1806 2365
f 1802 1803 2365
f 2362 1802 2365
f 2360 1802 2362
f 1801 1802 2360
f 2359 1801 2360
f 1798 1801 2359
f 1793 1798 2359
f 2358 1793 2359
f 1790 1793 2358
f 1789 1790 2358
f 2356 1789 2358
f 2355 1789 2356
f 1786 1789 2355
f 1784 1786 2355
f 2354 1784 2355
f 1783 1784 2354
f 2343 1783 2354
f 2344 2343 2354
f 2350 2344 2354
f 2347 2344 2350
f 1817 2376 1816
f 2378 2376 1817
f 2382 2378 1817
f 1818 2382 1817
f 2384 2382 1818
f 1820 2384 1818
f 2388 2384 1820
f 1824 2388 1820
f 2389 2388 1824
f 1825 2389 1824
f 2392 2389 1825
f 2896 2890 2891
f 2900 2896 2891
f 2385 2900 2891
f 2386 2900 2385
f 2902 2900 2386
f 2905 2902 2386
f 2387 2905 2386
f 2390 2905 2387
f 2904 2905 2390
f 2908 2904 2390
f 1362 1823 1822
f 1361 1362 1822
f 1363 1823 1362
f 1826 1823 1363
f 1829 1826 1363
f 1364 1829 1363
f 1831 1829 1364
f 1834 1831 1364
f 1365 1834 1364
f 1368 1834 1365
f 1835 1834 1368
f 1370 1835 1368
f 1837 1835 1370
f 1371 1837 1370
f 1839 1837 1371
f 1842 1839 1371
f 1373 1842 1371
f 1375 1842 1373
f 1841 1842 1375
f 1377 1841 1375
f 1843 1841 1377
f 1847 1843 1377
f 1849 1847 1377
f 1853 1849 1377
f 1378 1853 1377
f 1811 1819 1815
f 1813 1819 1811
f 1822 1819 1813
f 1361 1822 1813
f 1354 1361 1813
f 1358 1361 1354
f 1164 1348 1346
f 1344 1164 1346
f 1162 1164 1344
f 1342 1162 1344
f 1161 1162 1342
f 1159 1161 1342
f 1339 1159 1342
f 1157 1159 1339
f 1338 1157 1339
f 1156 1157 1338
f 1335 1156 1338
f 1332 1156 1335
f 1333 1156 1332
f 1153 1156 1333
f 1152 1153 1333
f 1329 1152 1333
f 1328 1152 1329
f 1149 1152 1328
f 1148 1149 1328
f 1326 1148 1328
f 1324 1148 1326
f 1146 1148 1324
f 1322 1146 1324
f 1145 1146 1322
f 1317 1145 1322
f 1316 1145 1317
f 1142 1145 1316
f 1141 1142 1316
f 1313 1141 1316
f 1311 1141 1313
f 7704 1141 1311
f 1137 7704 1311
f 1309 1137 1311
f 1307 1137 1309
f 1136 1137 1307
f 1305 1136 1307
f 1132 1136 1305
f 1304 1132 1305
f 1130 1132 1304
f 1302 1130 1304
f 1129 1130 1302
f 1298 1129 1302
f 1296 1129 1298
f 1128 1129 1296
f 1293 1128 1296
f 1292 1128 1293
f 1127 1128 1292
f 1290 1127 1292
f 1124 1127 1290
f 1289 1124 1290
f 1123 1124 1289
f 1286 1123 1289
f 1285 1123 1286
f 1122 1123 1285
f 1115 1122 1285
f 1283 1115 1285
f 1113 1115 1283
f 1281 1113 1283
f 1111 1113 1281
f 1279 1111 1281
f 1109 1111 1279
f 1278 1109 1279
f 1107 1109 1278
f 1105 1107 1278
f 1276 1105 1278
f 1104 1105 1276
f 1273 1104 1276
f 1271 1104 1273
f 1102 1104 1271
f 1270 1102 1271
f 1101 1102 1270
f 1266 1101 1270
f 1264 1101 1266
f 1099 1101 1264
f 1263 1099 1264
f 1098 1099 1263
f 1259 1098 1263
f 1260 1098 1259
f 1095 1098 1260
f 1094 1095 1260
f 1248 1094 1260
f 1258 1248 1260
f 1249 1248 1258
f 1254 1249 1258
f 1251 1249 1254
f 1165 1348 1164
f 1351 1348 1165
f 1167 1351 1165
f 1352 1351 1167
f 1169 1352 1167
f 1172 1352 1169
f 1353 1352 1172
f 1356 1353 1172
f 1173 1356 1172
f 1175 1356 1173
f 1357 1356 1175
f 1366 1357 1175
f 1178 1366 1175
f 1367 1366 1178
f 1180 1367 1178
f 1369 1367 1180
f 1182 1369 1180
f 1372 1369 1182
f 1183 1372 1182
f 1374 1372 1183
f 1185 1374 1183
f 1376 1374 1185
f 1379 1376 1185
f 1186 1379 1185
f 1381 1379 1186
f 1189 1381 1186
f 1383 1381 1189
f 1386 1383 1189
f 1190 1386 1189
f 1387 1386 1190
f 1192 1387 1190
f 1199 1387 1192
f 1388 1387 1199
f 1391 1388 1199
f 1200 1391 1199
f 1203 1391 1200
f 1392 1391 1203
f 2914 1392 1203
f 2913 1392 2914
f 7766 2913 2914
f 2590 2596 2593
f 2584 2590 2586
f 2596 2590 2584
f 2585 2596 2584
f 2098 2596 2585
f 2096 2098 2585
f 2582 2096 2585
f 2094 2096 2582
f 2580 2094 2582
f 2092 2094 2580
f 2578 2092 2580
f 2091 2092 2578
f 2575 2091 2578
f 2573 2091 2575
f 2089 2091 2573
f 2572 2089 2573
f 2086 2089 2572
f 2085 2086 2572
f 2569 2085 2572
f 2568 2085 2569
f 2566 2085 2568
f 2083 2085 2566
f 2082 2083 2566
f 2563 2082 2566
f 2562 2082 2563
f 2080 2082 2562
f 2560 2080 2562
f 2079 2080 2560
f 2558 2079 2560
f 2557 2079 2558
f 2075 2079 2557
f 2073 2075 2557
f 2555 2073 2557
f 2072 2073 2555
f 2552 2072 2555
f 2551 2072 2552
f 2069 2072 2551
f 2068 2069 2551
f 2550 2068 2551
f 1986 2068 2550
f 1985 1986 2550
f 2547 1985 2550
f 2546 1985 2547
f 1982 1985 2546
f 1980 1982 2546
f 2544 1980 2546
f 1979 1980 2544
f 2542 1979 2544
f 1977 1979 2542
f 2539 1977 2542
f 2538 1977 2539
f 1975 1977 2538
f 2536 1975 2538
f 2534 1975 2536
f 1973 1975 2534
f 2532 1973 2534
f 1971 1973 2532
f 2530 1971 2532
f 1969 1971 2530
f 2529 1969 2530
f 1966 1969 2529
f 1964 1966 2529
f 2527 1964 2529
f 1962 1964 2527
f 2525 1962 2527
f 1961 1962 2525
f 2522 1961 2525
f 2520 1961 2522
f 1959 1961 2520
f 2515 1959 2520
f 1957 1959 2515
f 2512 1957 2515
f 1955 1957 2512
f 2510 1955 2512
f 1954 1955 2510
f 2507 1954 2510
f 2505 1954 2507
f 1952 1954 2505
f 2503 1952 2505
f 1951 1952 2503
f 2500 1951 2503
f 2498 1951 2500
f 1949 1951 2498
f 2499 1949 2498
f 1946 1949 2499
f 1944 1946 2499
f 2496 1944 2499
f 2493 1944 2496
f 1942 1944 2493
f 2491 1942 2493
f 1941 1942 2491
f 2487 1941 2491
f 2484 1941 2487
f 1939 1941 2484
f 2485 1939 2484
f 1937 1939 2485
f 2482 1937 2485
f 2479 1937 2482
f 1935 1937 2479
f 2478 1935 2479
f 1932 1935 2478
f 2475 1932 2478
f 1931 1932 2475
f 2472 1931 2475
f 1930 1931 2472
f 2470 1930 2472
f 1923 1930 2470
f 1922 1923 2470
f 2467 1922 2470
f 1920 1922 2467
f 2465 1920 2467
f 1919 1920 2465
f 1918 1919 2465
f 2462 1918 2465
f 2460 1918 2462
f 1917 1918 2460
f 2458 1917 2460
f 1916 1917 2458
f 2455 1916 2458
f 2453 1916 2455
f 1913 1916 2453
f 2451 1913 2453
f 1911 1913 2451
f 2440 1911 2451
f 2448 2440 2451
f 2438 2440 2448
f 2445 2438 2448
f 2442 2438 2445
f 940 1035 1033
f 938 940 1033
f 1030 938 1033
f 1029 938 1030
f 936 938 1029
f 1027 936 1029
f 935 936 1027
f 933 935 1027
f 1025 933 1027
f 932 933 1025
f 1023 932 1025
f 1021 932 1023
f 930 932 1021
f 1019 930 1021
f 1016 930 1019
f 927 930 1016
f 943 1035 940
f 1039 1035 943
f 1043 1039 943
f 944 1043 943
f 1045 1043 944
f 947 1045 944
f 1048 1045 947
f 949 1048 947
f 952 1048 949
f 1050 1048 952
f 954 1050 952
f 1052 1050 954
f 1054 1052 954
f 955 1054 954
f 1056 1054 955
f 1059 1056 955
f 957 1059 955
f 1069 1059 957
f 1058 1059 1069
f 1065 1058 1069
f 1062 1058 1065
f 1390 2914 1400
f 1394 1390 1400
f 983 1108 1106
f 982 983 1106
f 1103 982 1106
f 1097 982 1103
f 1100 1097 1103
f 1465 1269 1272
f 1463 1269 1465
f 1268 1269 1463
f 1460 1268 1463
f 1458 1268 1460
f 1267 1268 1458
f 1455 1267 1458
f 1454 1267 1455
f 1265 1267 1454
f 1262 1265 1454
f 1451 1262 1454
f 1261 1262 1451
f 1449 1261 1451
f 3027 3036 3031
f 3039 3036 3027
f 2488 3039 3027
f 2489 3039 2488
f 3045 3039 2489
f 2490 3045 2489
f 3046 3045 2490
f 2492 3046 2490
f 2494 3046 2492
f 3047 3046 2494
f 3050 3047 2494
f 2495 3050 2494
f 3052 3050 2495
f 2497 3052 2495
f 2501 3052 2497
f 3053 3052 2501
f 3057 3053 2501
f 2502 3057 2501
f 3059 3057 2502
f 2504 3059 2502
f 2506 3059 2504
f 3061 3059 2506
f 2508 3061 2506
f 3066 3061 2508
f 4389 4385 4382
f 3552 4389 4382
f 3554 4389 3552
f 4390 4389 3554
f 3555 4390 3554
f 4392 4390 3555
f 3558 4392 3555
f 3564 4392 3558
f 4393 4392 3564
f 3565 4393 3564
f 4395 4393 3565
f 4398 4395 3565
f 4400 4398 3565
f 3566 4400 3565
f 4402 4400 3566
f 3568 4402 3566
f 4403 4402 3568
f 4406 4403 3568
f 3569 4406 3568
f 3572 4406 3569
f 4407 4406 3572
f 4411 4407 3572
f 3574 4411 3572
f 4410 4411 3574
f 4414 4410 3574
f 3575 4414 3574
f 4420 4414 3575
f 3577 4420 3575
f 4421 4420 3577
f 3579 4421 3577
f 4423 4421 3579
f 3581 4423 3579
f 4425 4423 3581
f 3583 4425 3581
f 4426 4425 3583
f 3585 4426 3583
f 4428 4426 3585
f 3587 4428 3585
f 4429 4428 3587
f 3589 4429 3587
f 4435 4429 3589
f 3591 4435 3589
f 4436 4435 3591
f 4438 4436 3591
f 4440 4438 3591
f 3592 4440 3591
f 3595 4440 3592
f 5218 4893 4894
f 4898 5218 4894
f 5219 5218 4898
f 4899 5219 4898
f 5221 5219 4899
f 5224 5221 4899
f 4900 5224 4899
f 4903 5224 4900
f 5223 5224 4903
f 5226 5223 4903
f 5230 5226 4903
f 4904 5230 4903
f 5231 5230 4904
f 5238 5231 4904
f 4906 5238 4904
f 4908 5238 4906
f 5240 5238 4908
f 5243 5240 4908
f 4909 5243 4908
f 4912 5243 4909
f 5244 5243 4912
f 4913 5244 4912
f 5246 5244 4913
f 4916 5246 4913
f 5248 5246 4916
f 5216 4893 5218
f 4890 4893 5216
f 5213 4890 5216
f 5211 4890 5213
f 4888 4890 5211
f 5210 4888 5211
f 4887 4888 5210
f 5208 4887 5210
f 4886 4887 5208
f 5206 4886 5208
f 5205 4886 5206
f 4879 4886 5205
f 4875 4879 5205
f 4874 4875 5205
f 5203 4874 5205
f 4872 4874 5203
f 5200 4872 5203
f 5199 4872 5200
f 4871 4872 5199
f 5196 4871 5199
f 5194 4871 5196
f 4869 4871 5194
f 5190 4869 5194
f 5191 4869 5190
f 4868 4869 5191
f 5188 4868 5191
f 5185 4868 5188
f 5182 4868 5185
f 4867 4868 5182
f 5181 4867 5182
f 4865 4867 5181
f 4857 4865 5181
f 5180 4857 5181
f 4852 4857 5180
f 4850 4852 5180
f 4849 4850 5180
f 4848 4849 5180
f 4859 4552 4554
f 4860 4859 4554
f 4863 4860 4554
f 4556 4863 4554
f 4878 4863 4556
f 4876 4863 4878
f 4864 4863 4876
f 4873 4864 4876
f 4551 4552 4859
f 4856 4551 4859
f 4855 4551 4856
f 4548 4551 4855
f 4547 4548 4855
f 4854 4547 4855
f 4546 4547 4854
f 4839 4546 4854
f 4851 4839 4854
f 4847 4839 4851
f 4844 4839 4847
f 4838 4839 4844
f 4841 4838 4844
f 5447 7526 7523
f 5233 5447 7523
f 5445 5447 5233
f 5234 5445 5233
f 5444 5445 5234
f 5449 5444 5234
f 5235 5449 5234
f 5453 5449 5235
f 5236 5453 5235
f 5458 5453 5236
f 5239 5458 5236
f 5459 5458 5239
f 5241 5459 5239
f 5462 5459 5241
f 5242 5462 5241
f 5245 5462 5242
f 5463 5462 5245
f 5247 5463 5245
f 5250 5463 5247
f 5464 5463 5250
f 5467 5464 5250
f 5252 5467 5250
f 5469 5467 5252
f 5472 5469 5252
f 5253 5472 5252
f 5476 5472 5253
f 5255 5476 5253
f 5477 5476 5255
f 5480 5477 5255
f 5256 5480 5255
f 5259 5480 5256
f 5483 5480 5259
f 5261 5483 5259
f 5485 5483 5261
f 5264 5485 5261
f 5487 5485 5264
f 5266 5487 5264
f 5489 5487 5266
f 5492 5489 5266
f 5268 5492 5266
f 5493 5492 5268
f 5278 5493 5268
f 5280 5493 5278
f 5491 5493 5280
f 5495 5491 5280
f 5281 5495 5280
f 5498 5495 5281
f 5283 5498 5281
f 5497 5498 5283
f 5287 5497 5283
f 5500 5497 5287
f 7527 7526 5447
f 5201 7527 5447
f 5446 5201 5447
f 5198 5201 5446
f 5197 5198 5446
f 5443 5197 5446
f 5441 5197 5443
f 5195 5197 5441
f 5439 5195 5441
f 5193 5195 5439
f 5192 5193 5439
f 5435 5192 5439
f 5433 5192 5435
f 5189 5192 5433
f 5432 5189 5433
f 5187 5189 5432
f 5186 5187 5432
f 5429 5186 5432
f 5427 5186 5429
f 5184 5186 5427
f 5424 5184 5427
f 5425 5184 5424
f 5183 5184 5425
f 5178 5183 5425
f 5175 5178 5425
f 5423 5175 5425
f 5174 5175 5423
f 5420 5174 5423
f 5421 5174 5420
f 5172 5174 5421
f 5171 5172 5421
f 5417 5171 5421
f 5414 5171 5417
f 5169 5171 5414
f 5412 5169 5414
f 5168 5169 5412
f 5409 5168 5412
f 5407 5168 5409
f 5166 5168 5407
f 5404 5166 5407
f 5165 5166 5404
f 5401 5165 5404
f 5400 5165 5401
f 5164 5165 5400
f 5398 5164 5400
f 5157 5164 5398
f 5155 5157 5398
f 5397 5155 5398
f 5153 5155 5397
f 5396 5153 5397
f 5151 5153 5396
f 5389 5151 5396
f 5391 5389 5396
f 5387 5389 5391
f 5254 5249 5248
f 5257 5254 5248
f 4916 5257 5248
f 4917 5257 4916
f 5258 5257 4917
f 4919 5258 4917
f 5260 5258 4919
f 5262 5260 4919
f 4921 5262 4919
f 5263 5262 4921
f 4923 5263 4921
f 5265 5263 4923
f 4925 5265 4923
f 5267 5265 4925
f 4930 5267 4925
f 5269 5267 4930
f 5271 5269 4930
f 4931 5271 4930
f 5273 5271 4931
f 4933 5273 4931
f 5274 5273 4933
f 4935 5274 4933
f 7594 5274 4935
f 5022 5274 7594
f 5275 5274 5022
f 5023 5275 5022
f 5276 5275 5023
f 5026 5276 5023
f 5277 5276 5026
f 5279 5277 5026
f 5282 5279 5026
f 5027 5282 5026
f 5029 5282 5027
f 5284 5282 5029
f 5030 5284 5029
f 5034 5284 5030
f 5286 5284 5034
f 5036 5286 5034
f 5288 5286 5036
f 5290 5288 5036
f 5038 5290 5036
f 5039 5290 5038
f 5291 5290 5039
f 5302 5291 5039
f 5299 5291 5302
f 5298 5291 5299
f 5289 5291 5298
f 5293 5289 5298
f 6077 5451 5452
f 5455 6077 5452
f 6079 6077 5455
f 6082 6079 5455
f 5456 6082 5455
f 6084 6082 5456
f 6088 6084 5456
f 5457 6088 5456
f 5460 6088 5457
f 6087 6088 5460
f 5465 6087 5460
f 6089 6087 5465
f 5466 6089 5465
f 6091 6089 5466
f 5468 6091 5466
f 6093 6091 5468
f 5470 6093 5468
f 6095 6093 5470
f 5473 6095 5470
f 6097 6095 5473
f 6100 6097 5473
f 6102 6100 5473
f 5474 6102 5473
f 6105 6102 5474
f 6108 6105 5474
f 5475 6108 5474
f 5478 6108 5475
f 6109 6108 5478
f 5481 6109 5478
f 6111 6109 5481
f 6114 6111 5481
f 5482 6114 5481
f 5484 6114 5482
f 5486 6114 5484
f 6075 5451 6077
f 6073 5451 6075
f 5450 5451 6073
f 6071 5450 6073
f 6070 5450 6071
f 5442 5450 6070
f 5440 5442 6070
f 6068 5440 6070
f 5438 5440 6068
f 6065 5438 6068
f 6064 5438 6065
f 5437 5438 6064
f 6062 5437 6064
f 5436 5437 6062
f 6059 5436 6062
f 6058 5436 6059
f 5434 5436 6058
f 5430 5434 6058
f 6055 5430 6058
f 6045 5430 6055
f 5428 5430 6045
f 6042 5428 6045
f 5426 5428 6042
f 6041 5426 6042
f 5422 5426 6041
f 5419 5422 6041
f 6039 5419 6041
f 5418 5419 6039
f 6036 5418 6039
f 6034 5418 6036
f 5416 5418 6034
f 6033 5416 6034
f 5415 5416 6033
f 6027 5415 6033
f 4848 5180 5177
f 5176 4848 5177
f 4846 4848 5176
f 5162 4846 5176
f 5173 5162 5176
f 5160 5162 5173
f 5170 5160 5173
f 5167 5160 5170
f 5163 5160 5167
f 5496 6121 6122
f 5494 5496 6122
f 5490 5494 6122
f 6120 5490 6122
f 5488 5490 6120
f 6119 5488 6120
f 5486 5488 6119
f 6114 5486 6119
f 6116 6114 6119
f 6123 6121 5496
f 5499 6123 5496
f 5502 6123 5499
f 6124 6123 5502
f 6127 6124 5502
f 5504 6127 5502
f 6129 6127 5504
f 5506 6129 5504
f 6130 6129 5506
f 7520 6130 5506
f 6133 6130 7520
f 5519 6133 7520
f 6134 6133 5519
f 5521 6134 5519
f 6135 6134 5521
f 6493 6115 6117
f 6125 6493 6117
f 6126 6493 6125
f 6492 6493 6126
f 6491 6115 6493
f 6112 6115 6491
f 6489 6112 6491
f 6110 6112 6489
f 6488 6110 6489
f 6107 6110 6488
f 6106 6107 6488
f 6486 6106 6488
f 6483 6106 6486
f 6104 6106 6483
f 6481 6104 6483
f 6103 6104 6481
f 6479 6103 6481
f 6101 6103 6479
f 6477 6101 6479
f 6099 6101 6477
f 6478 6099 6477
f 6098 6099 6478
f 6467 6098 6478
f 6464 6098 6467
f 6096 6098 6464
f 6462 6096 6464
f 6094 6096 6462
f 6460 6094 6462
f 6092 6094 6460
f 6458 6092 6460
f 6090 6092 6458
f 6457 6090 6458
f 6086 6090 6457
f 6085 6086 6457
f 6455 6085 6457
f 6083 6085 6455
f 6454 6083 6455
f 6081 6083 6454
f 6080 6081 6454
f 6451 6080 6454
f 6449 6080 6451
f 6078 6080 6449
f 6447 6078 6449
f 6076 6078 6447
f 6445 6076 6447
f 6074 6076 6445
f 6444 6074 6445
f 6072 6074 6444
f 6443 6072 6444
f 6069 6072 6443
f 6067 6069 6443
f 6441 6067 6443
f 6066 6067 6441
f 6438 6066 6441
f 6436 6066 6438
f 6063 6066 6436
f 6435 6063 6436
f 6061 6063 6435
f 6434 6061 6435
f 6060 6061 6434
f 6430 6060 6434
f 6429 6060 6430
f 6057 6060 6429
f 6056 6057 6429
f 6426 6056 6429
f 6425 6056 6426
f 6054 6056 6425
f 6423 6054 6425
f 6053 6054 6423
f 6422 6053 6423
f 6052 6053 6422
f 6420 6052 6422
f 6409 6052 6420
f 6051 6052 6409
f 6407 6051 6409
f 6402 6051 6407
f 6049 6051 6402
f 6403 6049 6402
f 6048 6049 6403
f 6038 6048 6403
f 6037 6038 6403
f 6400 6037 6403
f 6398 6037 6400
f 6035 6037 6398
f 6395 6035 6398
f 6396 6035 6395
f 6032 6035 6396
f 6031 6032 6396
f 6394 6031 6396
f 6386 6031 6394
f 6384 6031 6386
f 6030 6031 6384
f 6381 6030 6384
f 6380 6030 6381
f 6028 6030 6380
f 6026 6028 6380
f 6378 6026 6380
f 6024 6026 6378
f 6375 6024 6378
f 6374 6024 6375
f 6022 6024 6374
f 6371 6022 6374
f 6369 6022 6371
f 6020 6022 6369
f 6018 6020 6369
f 6367 6018 6369
f 6365 6018 6367
f 6016 6018 6365
f 6366 6016 6365
f 6015 6016 6366
f 6142 6495 6492
f 6144 6495 6142
f 6497 6495 6144
f 6149 6497 6144
f 6499 6497 6149
f 6150 6499 6149
f 6501 6499 6150
f 6152 6501 6150
f 6503 6501 6152
f 6154 6503 6152
f 6505 6503 6154
f 6508 6505 6154
f 6155 6508 6154
f 6158 6508 6155
f 6509 6508 6158
f 6513 6509 6158
f 6160 6513 6158
f 6162 6513 6160
f 6514 6513 6162
f 6517 6514 6162
f 6163 6517 6162
f 6166 6517 6163
f 6516 6517 6166
f 6170 6516 6166
f 6518 6516 6170
f 6171 6518 6170
f 6520 6518 6171
f 6173 6520 6171
f 6521 6520 6173
f 6524 6521 6173
f 6174 6524 6173
f 6526 6524 6174
f 6175 6526 6174
f 6179 6526 6175
f 6527 6526 6179
f 6181 6527 6179
f 6528 6527 6181
f 6531 6528 6181
f 6544 6531 6181
f 6182 6544 6181
f 6545 6544 6182
f 6184 6545 6182
f 6187 6545 6184
f 6546 6545 6187
f 6554 6546 6187
f 6188 6554 6187
f 6191 6554 6188
f 6553 6554 6191
f 6556 6553 6191
f 6192 6556 6191
f 6558 6556 6192
f 6194 6558 6192
f 6561 6558 6194
f 6564 6561 6194
f 6195 6564 6194
f 6200 6564 6195
f 6565 6564 6200
f 6568 6565 6200
f 6201 6568 6200
f 6570 6568 6201
f 6573 6570 6201
f 6204 6573 6201
f 6206 6573 6204
f 6574 6573 6206
f 6577 6574 6206
f 6207 6577 6206
f 6579 6577 6207
f 6212 6579 6207
f 6215 6579 6212
f 6580 6579 6215
f 6216 6580 6215
f 6581 6580 6216
f 6586 6581 6216
f 6589 6586 6216
f 6218 6589 6216
f 6219 6589 6218
f 7517 6589 6219
f 6591 6589 7517
f 6224 6591 7517
f 6593 6591 6224
f 6597 6593 6224
f 6225 6597 6224
f 6227 6597 6225
f 6598 6597 6227
f 6603 6598 6227
f 6228 6603 6227
f 6605 6603 6228
f 6230 6605 6228
f 6607 6605 6230
f 6232 6607 6230
f 6610 6607 6232
f 6234 6610 6232
f 6612 6610 6234
f 6615 6612 6234
f 6235 6615 6234
f 6238 6615 6235
f 6617 6615 6238
f 6243 6617 6238
f 6244 6617 6243
f 6618 6617 6244
f 6621 6618 6244
f 6623 6621 6244
f 6245 6623 6244
f 6253 6623 6245
f 6624 6623 6253
f 6626 6624 6253
f 6254 6626 6253
f 6256 6626 6254
f 6260 6626 6256
f 6627 6626 6260
f 6262 6627 6260
f 6629 6627 6262
f 6634 6629 6262
f 6264 6634 6262
f 6606 6634 6264
f 6604 6606 6264
f 6635 6604 6264
f 6637 6635 6264
f 6265 6637 6264
f 6267 6637 6265
f 6270 6637 6267
f 6636 6637 6270
f 6639 6636 6270
f 6271 6639 6270
f 6142 6492 6126
f 7518 6142 6126
f 6148 5814 5817
f 6147 6148 5817
f 6151 6147 5817
f 5818 6151 5817
f 6153 6151 5818
f 6156 6153 5818
f 5822 6156 5818
f 5824 6156 5822
f 6157 6156 5824
f 6159 6157 5824
f 5825 6159 5824
f 5828 6159 5825
f 6161 6159 5828
f 6164 6161 5828
f 5829 6164 5828
f 6165 6164 5829
f 6168 6165 5829
f 5830 6168 5829
f 6169 6168 5830
f 5812 5814 6148
f 5811 5812 6148
f 6146 5811 6148
f 5810 5811 6146
f 6143 5810 6146
f 6140 5810 6143
f 6138 5810 6140
f 5808 5810 6138
f 6136 5808 6138
f 6135 5808 6136
f 5807 5808 6135
f 5813 5809 5806
f 5947 5805 5807
f 5949 5947 5807
f 6135 5949 5807
f 5521 5949 6135
f 5522 5949 5521
f 5948 5949 5522
f 5524 5948 5522
f 5950 5948 5524
f 5525 5950 5524
f 5952 5950 5525
f 5531 5952 5525
f 5954 5952 5531
f 5956 5954 5531
f 5533 5956 5531
f 5967 5956 5533
f 5958 5956 5967
f 5964 5958 5967
f 5944 5805 5947
f 5945 5805 5944
f 5802 5805 5945
f 5801 5802 5945
f 5943 5801 5945
f 5800 5801 5943
f 5941 5800 5943
f 5938 5800 5941
f 5937 5800 5938
f 5797 5800 5937
f 5936 5797 5937
f 5793 5797 5936
f 5792 5793 5936
f 5933 5792 5936
f 5931 5792 5933
f 5929 5792 5931
f 5789 5792 5929
f 5788 5789 5929
f 5928 5788 5929
f 5785 5788 5928
f 5925 5785 5928
f 5784 5785 5925
f 5923 5784 5925
f 5917 5784 5923
f 5915 5784 5917
f 5782 5784 5915
f 5780 5782 5915
f 5913 5780 5915
f 5778 5780 5913
f 5910 5778 5913
f 5777 5778 5910
f 5906 5777 5910
f 5904 5777 5906
f 5775 5777 5904
f 5902 5775 5904
f 5773 5775 5902
f 5901 5773 5902
f 5771 5773 5901
f 5769 5771 5901
f 5899 5769 5901
f 5768 5769 5899
f 5897 5768 5899
f 5766 5768 5897
f 5895 5766 5897
f 5765 5766 5895
f 5891 5765 5895
f 5892 5765 5891
f 5893 5765 5892
f 5762 5765 5893
f 5759 5762 5893
f 5757 5759 5893
f 5889 5757 5893
f 5888 5757 5889
f 5756 5757 5888
f 5885 5756 5888
f 5752 5756 5885
f 5883 5752 5885
f 5750 5752 5883
f 5881 5750 5883
f 5749 5750 5881
f 5878 5749 5881
f 5875 5749 5878
f 5873 5749 5875
f 5747 5749 5873
f 5872 5747 5873
f 5745 5747 5872
f 5870 5745 5872
f 5744 5745 5870
f 5866 5744 5870
f 5865 5744 5866
f 5742 5744 5865
f 5740 5742 5865
f 5862 5740 5865
f 5738 5740 5862
f 5860 5738 5862
f 5736 5738 5860
f 5859 5736 5860
f 5732 5736 5859
f 5730 5732 5859
f 5856 5730 5859
f 5729 5730 5856
f 5853 5729 5856
f 5851 5729 5853
f 5728 5729 5851
f 5848 5728 5851
f 5847 5728 5848
f 5726 5728 5847
f 5725 5726 5847
f 5844 5725 5847
f 5843 5725 5844
f 5723 5725 5843
f 5838 5723 5843
f 5721 5723 5838
f 5715 5721 5838
f 5836 5715 5838
f 5714 5715 5836
f 5833 5714 5836
f 5832 5714 5833
f 5711 5714 5832
f 5710 5711 5832
f 5827 5710 5832
f 5826 5710 5827
f 5706 5710 5826
f 5705 5706 5826
f 5823 5705 5826
f 5821 5705 5823
f 5820 5705 5821
f 5704 5705 5820
f 5702 5704 5820
f 5816 5702 5820
f 5815 5702 5816
f 5701 5702 5815
f 5700 5701 5815
f 5813 5700 5815
f 5806 5700 5813
f 5804 5700 5806
f 5803 5700 5804
f 5699 5700 5803
f 5799 5699 5803
f 5698 5699 5799
f 5692 5698 5799
f 5795 5692 5799
f 5796 5692 5795
f 5690 5692 5796
f 5688 5690 5796
f 5794 5688 5796
f 5687 5688 5794
f 5791 5687 5794
f 5790 5687 5791
f 5684 5687 5790
f 5683 5684 5790
f 5787 5683 5790
f 5786 5683 5787
f 5681 5683 5786
f 5783 5681 5786
f 5679 5681 5783
f 5781 5679 5783
f 5677 5679 5781
f 5779 5677 5781
f 5676 5677 5779
f 5776 5676 5779
f 5774 5676 5776
f 5674 5676 5774
f 5772 5674 5774
f 5670 5674 5772
f 5770 5670 5772
f 5669 5670 5770
f 5767 5669 5770
f 5764 5669 5767
f 5667 5669 5764
f 5763 5667 5764
f 5665 5667 5763
f 5761 5665 5763
f 5663 5665 5761
f 5760 5663 5761
f 5661 5663 5760
f 5758 5661 5760
f 5659 5661 5758
f 5755 5659 5758
f 5754 5659 5755
f 5656 5659 5754
f 5654 5656 5754
f 5751 5654 5754
f 5653 5654 5751
f 5748 5653 5751
f 5746 5653 5748
f 5651 5653 5746
f 5743 5651 5746
f 5741 5651 5743
f 5649 5651 5741
f 5739 5649 5741
f 5648 5649 5739
f 5737 5648 5739
f 5735 5648 5737
f 5647 5648 5735
f 5733 5647 5735
f 5640 5647 5733
f 5734 5640 5733
f 5639 5640 5734
f 5637 5639 5734
f 6169 6172 6167
f 6177 6172 6169
f 5834 6177 6169
f 5831 5834 6169
f 5830 5831 6169
f 5611 5695 5691
f 5689 5611 5691
f 5609 5611 5689
f 5608 5609 5689
f 5686 5608 5689
f 5685 5608 5686
f 5605 5608 5685
f 5604 5605 5685
f 5682 5604 5685
f 5602 5604 5682
f 5680 5602 5682
f 5601 5602 5680
f 5678 5601 5680
f 5599 5601 5678
f 5675 5599 5678
f 5673 5599 5675
f 5613 5695 5611
f 5696 5695 5613
f 5703 5696 5613
f 5708 5703 5613
f 5614 5708 5613
f 5616 5708 5614
f 5709 5708 5616
f 5621 5709 5616
f 5712 5709 5621
f 5622 5712 5621
f 5624 5712 5622
f 5713 5712 5624
f 5625 5713 5624
f 5716 5713 5625
f 5720 5716 5625
f 5626 5720 5625
f 5628 5720 5626
f 5631 5720 5628
f 5719 5720 5631
f 5633 5719 5631
f 5718 5719 5633
f 5635 5718 5633
f 5722 5718 5635
f 5637 5722 5635
f 5724 5722 5637
f 5564 5612 5610
f 5562 5564 5610
f 5607 5562 5610
f 5606 5562 5607
f 5561 5562 5606
f 5603 5561 5606
f 5600 5561 5603
f 5559 5561 5600
f 5598 5559 5600
f 5597 5559 5598
f 5558 5559 5597
f 5590 5558 5597
f 5587 5558 5590
f 5556 5558 5587
f 5582 5556 5587
f 5580 5556 5582
f 5555 5556 5580
f 5578 5555 5580
f 5553 5555 5578
f 5576 5553 5578
f 5552 5553 5576
f 5573 5552 5576
f 5571 5552 5573
f 5550 5552 5571
f 5569 5550 5571
f 5548 5550 5569
f 5543 5548 5569
f 5568 5543 5569
f 5615 5612 5564
f 5565 5615 5564
f 5618 5615 5565
f 5567 5618 5565
f 5570 5618 5567
f 5619 5618 5570
f 5572 5619 5570
f 5574 5619 5572
f 5620 5619 5574
f 5623 5620 5574
f 5627 5623 5574
f 5575 5627 5574
f 5577 5627 5575
f 5629 5627 5577
f 5579 5629 5577
f 5583 5629 5579
f 5630 5629 5583
f 5632 5630 5583
f 5584 5632 5583
f 5634 5632 5584
f 5636 5634 5584
f 5585 5636 5584
f 5638 5636 5585
f 5641 5638 5585
f 5586 5641 5585
f 5588 5641 5586
f 5644 5641 5588
f 5589 5644 5588
f 5645 5644 5589
f 6664 6284 6286
f 6290 6664 6286
f 6663 6664 6290
f 6294 6663 6290
f 6666 6663 6294
f 6295 6666 6294
f 6675 6666 6295
f 6301 6675 6295
f 6303 6675 6301
f 6304 6675 6303
f 6676 6675 6304
f 7516 6676 6304
f 6321 6676 7516
f 6323 6676 6321
f 6677 6676 6323
f 6325 6677 6323
f 6678 6677 6325
f 6680 6678 6325
f 6327 6680 6325
f 6682 6680 6327
f 6329 6682 6327
f 6332 6682 6329
f 6683 6682 6332
f 6686 6683 6332
f 6688 6686 6332
f 6333 6688 6332
f 6690 6688 6333
f 6693 6690 6333
f 6696 6693 6333
f 6334 6696 6333
f 6697 6696 6334
f 6335 6697 6334
f 6699 6697 6335
f 6701 6699 6335
f 6704 6701 6335
f 6661 6284 6664
f 6283 6284 6661
f 6658 6283 6661
f 6281 6283 6658
f 6656 6281 6658
f 6280 6281 6656
f 6655 6280 6656
f 6274 6280 6655
f 6652 6274 6655
f 6650 6274 6652
f 6272 6274 6650
f 6649 6272 6650
f 6271 6272 6649
f 6647 6271 6649
f 6639 6271 6647
f 6645 6639 6647
f 6638 6639 6645
f 6642 6638 6645
f 6778 6404 6405
f 6780 6778 6405
f 6406 6780 6405
f 6410 6780 6406
f 6781 6780 6410
f 6412 6781 6410
f 6559 6781 6412
f 6560 6781 6559
f 6779 6781 6560
f 6562 6779 6560
f 6777 6779 6562
f 6782 6777 6562
f 6563 6782 6562
f 6566 6782 6563
f 6783 6782 6566
f 6785 6783 6566
f 6567 6785 6566
f 6569 6785 6567
f 6775 6404 6778
f 6776 6404 6775
f 6397 6404 6776
f 6393 6397 6776
f 6392 6393 6776
f 6773 6392 6776
f 6771 6392 6773
f 6391 6392 6771
f 6768 6391 6771
f 6766 6391 6768
f 6389 6391 6766
f 6764 6389 6766
f 6388 6389 6764
f 6760 6388 6764
f 6759 6388 6760
f 6385 6388 6759
f 6383 6385 6759
f 6382 6383 6759
f 6755 6382 6759
f 6754 6382 6755
f 6379 6382 6754
f 6377 6379 6754
f 6753 6377 6754
f 6376 6377 6753
f 6751 6376 6753
f 6748 6376 6751
f 6746 6376 6748
f 6373 6376 6746
f 6372 6373 6746
f 5549 5568 5566
f 5549 5554 5551
f 5557 5554 5549
f 5560 5557 5549
f 5566 5560 5549
f 5563 5560 5566
f 5724 5731 5727
f 5637 5731 5724
f 5734 5731 5637
f 5593 5589 5591
f 5672 5596 5599
f 5673 5672 5599
f 5595 5596 5672
f 5668 5595 5672
f 5666 5595 5668
f 5594 5595 5666
f 5664 5594 5666
f 5662 5594 5664
f 5593 5594 5662
f 5660 5593 5662
f 5657 5593 5660
f 5658 5593 5657
f 5589 5593 5658
f 5645 5589 5658
f 5655 5645 5658
f 5646 5643 5645
f 5650 5646 5645
f 5655 5650 5645
f 5652 5650 5655
f 6794 6569 6571
f 6795 6794 6571
f 6799 6795 6571
f 6572 6799 6571
f 6575 6799 6572
f 6798 6799 6575
f 6802 6798 6575
f 6576 6802 6575
f 6582 6802 6576
f 6803 6802 6582
f 6583 6803 6582
f 6805 6803 6583
f 6785 6569 6794
f 6786 6785 6794
f 6792 6786 6794
f 6789 6786 6792
f 6825 6590 6592
f 6827 6825 6592
f 6594 6827 6592
f 6829 6827 6594
f 6832 6829 6594
f 6595 6832 6594
f 6834 6832 6595
f 6599 6834 6595
f 6835 6834 6599
f 6600 6835 6599
f 6640 6835 6600
f 6836 6835 6640
f 6839 6836 6640
f 6641 6839 6640
f 6643 6839 6641
f 6840 6839 6643
f 6843 6840 6643
f 6644 6843 6643
f 6844 6843 6644
f 6646 6844 6644
f 6846 6844 6646
f 6648 6846 6646
f 6848 6846 6648
f 6651 6848 6648
f 6850 6848 6651
f 6853 6850 6651
f 6653 6853 6651
f 6854 6853 6653
f 6857 6854 6653
f 6654 6857 6653
f 6657 6857 6654
f 6858 6857 6657
f 6659 6858 6657
f 6861 6858 6659
f 6668 6861 6659
f 6670 6861 6668
f 6862 6861 6670
f 6864 6862 6670
f 6867 6864 6670
f 7402 6867 6670
f 6684 6867 7402
f 6685 6867 6684
f 6824 6590 6825
f 6588 6590 6824
f 6587 6588 6824
f 6822 6587 6824
f 6820 6587 6822
f 6585 6587 6820
f 6584 6585 6820
f 6817 6584 6820
f 6814 6584 6817
f 6815 6584 6814
f 6583 6584 6815
f 6805 6583 6815
f 6812 6805 6815
f 6806 6805 6812
f 6809 6967 6965
f 6808 6809 6965
f 6962 6808 6965
f 6963 6808 6962
f 6807 6808 6963
f 6801 6807 6963
f 6800 6801 6963
f 6961 6800 6963
f 6797 6800 6961
f 6959 6797 6961
f 6957 6797 6959
f 6796 6797 6957
f 6956 6796 6957
f 6793 6796 6956
f 6791 6793 6956
f 6954 6791 6956
f 6790 6791 6954
f 6950 6790 6954
f 6949 6790 6950
f 6788 6790 6949
f 6787 6788 6949
f 6946 6787 6949
f 6945 6787 6946
f 6767 6787 6945
f 6765 6767 6945
f 6943 6765 6945
f 6763 6765 6943
f 6940 6763 6943
f 6762 6763 6940
f 6937 6762 6940
f 6761 6762 6937
f 6934 6761 6937
f 6931 6761 6934
f 6756 6761 6931
f 6932 6756 6931
f 6752 6756 6932
f 6750 6752 6932
f 6749 6750 6932
f 6930 6749 6932
f 6922 6749 6930
f 6921 6749 6922
f 6747 6749 6921
f 6744 6747 6921
f 6919 6744 6921
f 6743 6744 6919
f 6916 6743 6919
f 6914 6743 6916
f 6742 6743 6914
f 6912 6742 6914
f 6740 6742 6912
f 6910 6740 6912
f 6738 6740 6910
f 6911 6738 6910
f 6735 6738 6911
f 6734 6735 6911
f 6733 6734 6911
f 6908 6733 6911
f 6905 6733 6908
f 6903 6733 6905
f 6732 6733 6903
f 6901 6732 6903
f 6731 6732 6901
f 6899 6731 6901
f 6897 6731 6899
f 6726 6731 6897
f 6895 6726 6897
f 6725 6726 6895
f 6891 6725 6895
f 6888 6725 6891
f 6723 6725 6888
f 6886 6723 6888
f 6721 6723 6886
f 6884 6721 6886
f 6719 6721 6884
f 6882 6719 6884
f 6718 6719 6882
f 6881 6718 6882
f 7390 6718 6881
f 6691 7390 6881
f 6689 6691 6881
f 6879 6689 6881
f 6687 6689 6879
f 6878 6687 6879
f 6685 6687 6878
f 6876 6685 6878
f 6867 6685 6876
f 6866 6867 6876
f 6871 6866 6876
f 6868 6866 6871
f 6970 6967 6809
f 6810 6970 6809
f 6972 6970 6810
f 6811 6972 6810
f 6813 6972 6811
f 6974 6972 6813
f 6975 6974 6813
f 6816 6975 6813
f 6818 6975 6816
f 6985 6975 6818
f 6987 6985 6818
f 6819 6987 6818
f 6989 6987 6819
f 6821 6989 6819
f 6823 6989 6821
f 6826 6989 6823
f 6990 6989 6826
f 6828 6990 6826
f 6992 6990 6828
f 6830 6992 6828
f 6994 6992 6830
f 6831 6994 6830
f 6997 6994 6831
f 6833 6997 6831
f 6837 6997 6833
f 6998 6997 6837
f 7001 6998 6837
f 6838 7001 6837
f 6841 7001 6838
f 7002 7001 6841
f 7006 7002 6841
f 6842 7006 6841
f 7008 7006 6842
f 6845 7008 6842
f 7010 7008 6845
f 6847 7010 6845
f 7012 7010 6847
f 7015 7012 6847
f 6849 7015 6847
f 7017 7015 6849
f 6851 7017 6849
f 7019 7017 6851
f 6852 7019 6851
f 7021 7019 6852
f 6855 7021 6852
f 6870 7021 6855
f 7022 7021 6870
f 6872 7022 6870
f 7025 7022 6872
f 6873 7025 6872
f 7027 7025 6873
f 6889 7027 6873
f 6890 7027 6889
f 6892 7027 6890
f 7026 7027 6892
f 7029 7026 6892
f 7032 7029 6892
f 6893 7032 6892
f 7033 7032 6893
f 6894 7033 6893
f 7037 7033 6894
f 6896 7037 6894
f 7039 7037 6896
f 6898 7039 6896
f 7040 7039 6898
f 6900 7040 6898
f 7042 7040 6900
f 6902 7042 6900
f 7043 7042 6902
f 6904 7043 6902
f 7045 7043 6904
f 6906 7045 6904
f 7046 7045 6906
f 7048 7046 6906
f 7387 7048 6906
f 6917 7048 7387
f 7049 7048 6917
f 6918 7049 6917
f 7052 7049 6918
f 7056 7052 6918
f 6920 7056 6918
f 6769 6770 6786
f 6789 6769 6786
f 6372 6746 6745
f 6370 6372 6745
f 6741 6370 6745
f 6739 6370 6741
f 6368 6370 6739
f 6737 6368 6739
f 6364 6368 6737
f 6363 6364 6737
f 6736 6363 6737
f 6361 6363 6736
f 6360 6361 6736
f 6728 6360 6736
f 6724 6360 6728
f 6722 6360 6724
f 6359 6360 6722
f 6720 6359 6722
f 6716 6359 6720
f 6356 6357 6359
f 6716 6356 6359
f 6714 6356 6716
f 6712 6356 6714
f 6352 6356 6712
f 6711 6352 6712
f 6350 6352 6711
f 6349 6350 6711
f 6709 6349 6711
f 6707 6349 6709
f 6347 6349 6707
f 6706 6347 6707
f 6345 6347 6706
f 6703 6345 6706
f 6343 6345 6703
f 6704 6343 6703
f 6337 6343 6704
f 6354 6366 6362
f 6358 6354 6362
f 6353 6354 6358
f 6015 6366 6354
f 6355 6015 6354
f 6012 6015 6355
f 6010 6012 6355
f 6351 6010 6355
f 6348 6010 6351
f 6009 6010 6348
f 6346 6009 6348
f 6006 6009 6346
f 6344 6006 6346
f 6004 6006 6344
f 6342 6004 6344
f 6002 6004 6342
f 6341 6002 6342
f 5998 6002 6341
f 5996 5998 6341
f 6339 5996 6341
f 5993 5996 6339
f 5991 5993 6339
f 5500 5287 5292
f 4990 4981 4979
f 4672 4990 4979
f 4452 3595 3599
f 4454 4452 3599
f 3600 4454 3599
f 4456 4454 3600
f 4458 4456 3600
f 3601 4458 3600
f 4461 4458 3601
f 3603 4461 3601
f 4463 4461 3603
f 3605 4463 3603
f 4464 4463 3605
f 3607 4464 3605
f 3610 4464 3607
f 3612 4464 3610
f 4462 4464 3612
f 3614 4462 3612
f 4460 4462 3614
f 3615 4460 3614
f 3618 4460 3615
f 4459 4460 3618
f 3620 4459 3618
f 4465 4459 3620
f 3622 4465 3620
f 4466 4465 3622
f 4468 4466 3622
f 3623 4468 3622
f 3625 4468 3623
f 4469 4468 3625
f 4470 4469 3625
f 3626 4470 3625
f 3629 4470 3626
f 4450 4470 3629
f 3631 4450 3629
f 4447 4450 3631
f 4446 4447 3631
f 3632 4446 3631
f 4445 4446 3632
f 4472 4445 3632
f 3634 4472 3632
f 4475 4472 3634
f 4478 4475 3634
f 3635 4478 3634
f 3637 4478 3635
f 4479 4478 3637
f 7665 4479 3637
f 3645 4479 7665
f 4481 4479 3645
f 3646 4481 3645
f 4483 4481 3646
f 4487 4483 3646
f 3649 4487 3646
f 4449 3595 4452
f 4448 3595 4449
f 4440 3595 4448
f 4439 4440 4448
f 4444 4439 4448
f 2070 2074 2071
f 2037 1558 1561
f 2038 2037 1561
f 1562 2038 1561
f 2076 2038 1562
f 2074 2038 2076
f 2070 2038 2074
f 2036 2038 2070
f 2039 2036 2070
f 2042 2039 2070
f 2067 2042 2070
f 1990 2042 2067
f 2041 2042 1990
f 1991 2041 1990
f 1995 2041 1991
f 2040 2041 1995
f 2043 2040 1995
f 2045 2043 1995
f 1996 2045 1995
f 2047 2045 1996
f 1998 2047 1996
f 2049 2047 1998
f 2000 2049 1998
f 2003 2049 2000
f 1557 1558 2037
f 2035 1557 2037
f 1556 1557 2035
f 2032 1556 2035
f 2030 1556 2032
f 1553 1556 2030
f 1552 1553 2030
f 2029 1552 2030
f 1546 1552 2029
f 1545 1546 2029
f 2026 1545 2029
f 2024 1545 2026
f 1544 1545 2024
f 2022 1544 2024
f 1542 1544 2022
f 1540 1542 2022
f 2019 1540 2022
f 1539 1540 2019
f 2017 1539 2019
f 2015 1539 2017
f 1537 1539 2015
f 2014 1537 2015
f 1535 1537 2014
f 2011 1535 2014
f 2006 1535 2011
f 2008 1535 2006
f 2066 2031 2033
f 2065 2066 2033
f 2044 2065 2033
f 2028 2031 2066
f 2027 2028 2066
f 2064 2027 2066
f 2025 2027 2064
f 2063 2025 2064
f 2023 2025 2063
f 2021 2023 2063
f 2061 2021 2063
f 2020 2021 2061
f 2052 2020 2061
f 2053 2020 2052
f 2018 2020 2053
f 2055 2018 2053
f 2016 2018 2055
f 2059 2016 2055
f 2013 2016 2059
f 2012 2013 2059
f 2056 2012 2059
f 2058 2012 2056
f 2010 2012 2058
f 2004 2010 2058
f 2003 2004 2058
f 2057 2003 2058
f 2049 2003 2057
f 2050 2049 2057
f 2054 2050 2057
f 378 603 600
f 599 378 600
f 376 378 599
f 375 376 599
f 596 375 599
f 594 375 596
f 370 375 594
f 595 370 594
f 368 370 595
f 365 368 595
f 364 365 595
f 592 364 595
f 590 364 592
f 362 364 590
f 588 362 590
f 360 362 588
f 586 360 588
f 358 360 586
f 587 358 586
f 357 358 587
f 575 357 587
f 576 575 587
f 579 576 587
f 583 579 587
f 607 603 378
f 379 607 378
f 381 607 379
f 608 607 381
f 618 608 381
f 615 608 618
f 611 608 615
f 578 1531 1525
f 1527 578 1525
f 1523 7700 7698
f 7726 1523 7698
f 784 538 540
f 785 784 540
f 787 785 540
f 790 787 540
f 541 790 540
f 544 790 541
f 783 538 784
f 536 538 783
f 7706 536 783
f 515 7706 783
f 514 515 783
f 782 514 783
f 7708 514 782
f 779 7708 782
f 776 7708 779
f 775 7708 776
f 509 7708 775
f 507 509 775
f 506 507 775
f 771 506 775
f 768 506 771
f 505 506 768
f 765 505 768
f 763 505 765
f 503 505 763
f 761 503 763
f 500 503 761
f 760 500 761
f 497 500 760
f 495 497 760
f 757 495 760
f 755 495 757
f 494 495 755
f 753 494 755
f 492 494 753
f 752 492 753
f 490 492 752
f 488 490 752
f 750 488 752
f 487 488 750
f 748 487 750
f 486 487 748
f 745 486 748
f 477 486 745
f 743 477 745
f 475 477 743
f 473 475 743
f 741 473 743
f 471 473 741
f 738 471 741
f 469 471 738
f 739 469 738
f 467 469 739
f 735 467 739
f 733 467 735
f 466 467 733
f 730 466 733
f 729 466 730
f 463 466 729
f 725 463 729
f 723 463 725
f 461 463 723
f 721 461 723
f 460 461 721
f 717 460 721
f 716 460 717
f 457 460 716
f 715 457 716
f 455 457 715
f 712 455 715
f 709 455 712
f 708 455 709
f 2395 3391 3389
f 7775 7712 3398
f 7775 3398 7711
f 5568 5544 5543
f 7577 7574 7553
f 6704 6335 6337
f 3382 2910 2911
f 646 643 651
f 2395 3389 2393
f 4500 4516 4502
f 959 880 961
f 1523 1521 7700
f 1896 7719 1893
f 5568 5547 5549
f 5544 5547 5568
f 7712 3403 3398
f 7773 2907 2909
f 2912 2907 7773
f 2917 2912 7773
