# Reduced PyMOL surface OBJ
v -6.858374 5.040909 -1.920563
v -6.282597 5.602308 -1.213303
v -6.524635 5.780966 -2.033890
v -6.725183 5.817265 -2.583481
v -6.794949 5.523180 -2.655930
v -6.773081 5.034542 -0.756546
v -7.513268 4.761553 -1.423615
v -7.792594 4.174728 -2.101120
v -6.110456 4.081503 -2.501526
v -6.300581 4.536190 -2.530060
v -7.473082 4.976255 -0.453140
v -7.549299 5.429226 0.536530
v -6.842299 5.549559 0.120544
v -8.323988 5.034542 0.201965
v -8.248534 4.911549 -0.709915
v -9.023534 4.615526 -0.230927
v -9.023534 4.615526 -1.188889
v -8.248534 4.680059 -1.524796
v -8.727510 4.136549 -1.963882
v -9.502510 3.840527 -1.484909
v -9.063416 3.361549 -2.028412
v -8.248534 3.361549 -2.259903
v -8.272477 2.678259 -2.303162
v -7.233322 2.794586 -2.377930
v -7.753510 2.198549 -2.717880
v -6.800699 2.303677 -2.774536
v -6.368076 2.794586 -2.377930
v -6.800699 3.494587 -2.110565
v -6.021467 3.571733 -2.492401
v -5.780846 3.105038 -2.880264
v -6.100698 2.361963 -3.077942
v -5.777262 2.630194 -3.385681
v -8.907623 4.263535 1.026962
v -8.842797 4.575487 1.865906
v -8.622342 4.884985 1.295410
v -8.965911 4.566935 0.326965
v -9.398535 3.866934 0.594345
v -9.655085 4.359055 -0.197906
v -10.098535 3.808647 0.290939
v -10.531158 4.299557 -0.105652
v -9.619571 4.275578 -0.751114
v -10.798534 3.866934 0.594345
v -11.231158 4.566935 0.326965
v -11.044259 4.418552 -0.290161
v -11.489161 5.138603 0.092087
v -11.582728 4.667324 -0.732224
v -11.326886 3.819494 -0.799957
v -10.332074 3.696321 -0.926117
v -10.635134 3.082239 -1.448883
v -9.862563 3.135384 -1.648315
v -10.295187 2.644474 -2.044922
v -9.187658 2.669903 -2.090393
v -9.441125 1.978258 -2.361450
v -8.575877 1.978258 -2.361450
v -9.008501 1.487349 -2.758041
v -8.101276 1.456890 -2.888885
v -8.618758 0.648550 -2.717880
v -7.753510 0.648550 -2.717880
v -7.344646 1.423550 -3.110718
v -7.017767 0.648096 -3.078613
v -6.374897 1.041025 -3.599777
v -6.365400 0.026236 -3.639435
v -5.037575 3.377550 -9.304962
v -4.653708 2.984682 -8.640762
v -4.640686 3.633581 -8.887589
v -4.750326 4.316906 -9.148605
v -9.174241 3.562218 2.889465
v -8.231954 3.910297 3.329132
v -8.684901 4.216497 2.650482
v -9.398535 3.984926 2.306717
v -10.098535 3.463657 2.767838
v -10.098535 3.717550 1.874084
v -9.398535 3.866934 1.459595
v -10.098535 3.599558 1.026962
v -10.855976 3.820923 1.550644
v -10.948535 3.392878 2.399414
v -11.640183 2.929981 1.979752
v -12.036783 3.362604 1.488846
v -11.317743 4.264679 1.136032
v -12.362371 4.294052 1.594131
v -11.554805 4.830315 1.021393
v -12.398792 5.047550 1.538193
v -11.917206 5.572880 0.942093
v -12.767206 5.897549 1.467422
v -12.442534 6.422878 0.617416
v -11.846429 5.941294 0.092087
v -12.110158 6.513821 -0.281128
v -11.868535 5.864550 -1.126907
v -12.122429 6.758293 -1.126907
v -12.193206 6.389879 -1.976913
v -12.193206 5.339220 -1.976913
v -12.026886 4.952118 -1.232574
v -12.567766 4.475039 -1.745422
v -12.171166 4.042416 -1.254501
v -12.567766 3.609793 -1.745422
v -11.867766 3.342415 -1.312790
v -12.135142 2.909792 -2.012787
v -11.435143 2.851505 -1.709396
v -12.037651 2.757200 -2.539917
v -12.634619 3.183390 -2.537857
v -12.210559 2.569477 -3.026901
v -11.321760 2.495010 -3.061890
v -12.210559 2.360388 -3.762924
v -11.358702 2.520378 -4.049133
v -10.537461 2.138741 -3.597122
v -10.499440 2.228926 -2.786697
v -9.843321 1.596848 -3.119614
v -9.953157 1.607821 -4.083130
v -9.315775 0.871090 -3.713333
v -9.683054 1.256660 -4.652405
v -9.250206 0.695879 -5.120911
v -9.667935 1.630095 -5.505630
v -9.179429 1.064293 -5.970901
v -8.812952 0.211063 -5.985275
v -9.250206 -0.354780 -5.120911
v -9.603204 -0.459944 -4.456894
v -9.623813 -0.103996 -3.803711
v -9.318758 0.381172 -3.150513
v -9.603204 -0.459944 -3.056900
v -8.912682 -0.122009 -2.641937
v -9.206604 -0.892567 -2.565994
v -8.339511 -0.966452 -2.140945
v -8.180993 0.052513 -2.377930
v -7.603487 -0.966452 -1.931854
v -7.243305 -0.106968 -2.288589
v -6.867464 -0.966452 -2.140945
v -6.470863 -0.533829 -2.631866
v -6.470863 -1.399075 -2.631866
v -7.170864 -1.666451 -2.199234
v -7.014500 -2.304263 -2.831619
v -6.527067 -2.265517 -3.488235
v -6.910717 -2.939429 -3.333710
v -6.292576 -1.609598 -3.721573
v -6.236521 -0.904118 -3.767899
v -6.763128 0.968983 -8.910736
v -6.977402 0.194471 -8.576035
v -6.247864 0.784288 -8.478073
v -7.499151 0.968983 -9.119827
v -7.157398 1.765991 -9.099289
v -6.273956 1.795433 -9.110535
v -6.706579 2.495434 -9.377914
v -5.255451 1.925066 -8.484390
v -5.340975 2.677549 -9.246674
v -7.973535 1.736549 -8.976913
v -8.235175 0.968983 -8.910736
v -8.880541 1.804115 -8.852448
v -8.443240 2.496548 -9.267197
v -9.308488 2.496548 -9.267197
v -8.858143 3.249037 -9.751633
v -7.975863 3.411549 -9.899582
v -7.387669 3.406992 -9.525299
v -7.855245 3.919500 -10.046021
v -7.041243 4.137548 -9.693207
v -6.571535 3.377550 -9.402908
v -6.099834 4.190866 -9.589462
v -5.773598 3.377550 -9.514053
v -6.535141 4.727526 -10.029694
v -5.669895 4.727526 -10.029694
v -6.102518 5.427526 -10.297073
v -5.068239 5.472490 -9.700790
v -5.058411 4.872217 -9.618286
v -5.669895 6.127527 -10.029694
v -4.763489 5.938574 -9.460464
v -5.222052 6.812883 -9.596954
v -4.486029 6.812883 -9.387863
v -4.179909 7.526667 -9.395630
v -5.774481 6.927885 -9.599640
v -6.535141 6.127527 -10.029694
v -6.594206 6.883551 -9.498581
v -6.239758 7.680717 -9.312073
v -7.074009 7.647388 -9.064392
v -6.535091 8.488487 -9.093521
v -5.530661 8.341549 -9.361893
v -5.932526 9.243423 -9.429901
v -5.167986 9.227791 -9.440002
v -4.683535 8.341549 -9.243912
v -4.158205 9.191547 -9.568573
v -3.789791 8.341549 -9.497803
v -3.308207 8.866879 -10.093903
v -2.965439 8.139477 -9.900192
v -3.486391 7.641548 -9.439514
v -2.880161 8.432602 -11.001343
v -2.401527 8.056051 -10.511292
v -2.204773 7.573933 -9.892639
v -1.947126 7.587420 -10.384949
v -8.010807 2.621494 3.691757
v -7.266724 2.600542 3.915039
v -7.682805 3.335672 3.730530
v -8.442691 3.147514 3.530716
v -8.589535 2.257549 3.565094
v -9.114863 3.107548 3.240417
v -7.653285 2.142668 3.680740
v -6.945229 2.004410 3.694046
v -7.284302 1.407156 2.814468
v -6.481733 1.599630 3.331909
v -6.584301 1.465443 2.511063
v -7.016924 0.974533 2.114471
v -7.743760 0.799171 2.514359
v -7.417826 0.685011 2.025436
v -8.216494 0.283278 2.077515
v -8.504049 0.748554 2.830353
v -8.916493 0.015900 2.510147
v -9.489756 0.499718 3.183914
v -9.057659 1.385225 3.391418
v -10.369534 0.552549 3.322098
v -10.098535 2.017550 3.574097
v -10.654863 1.207275 3.389908
v -10.992277 2.017550 3.320190
v -10.623863 2.867548 3.249420
v -11.473864 2.542879 2.724091
v -11.513230 1.519621 2.859528
v -11.994419 1.897318 2.371231
v -12.333863 1.046547 2.624420
v -12.694419 1.629940 1.938599
v -12.340183 2.662603 1.547134
v -13.004293 1.952116 1.620560
v -13.198045 0.815056 2.249863
v -12.837727 0.346931 3.007294
v -13.630669 0.324146 2.646454
v -14.063293 0.815056 2.249863
v -14.366693 1.515057 2.191574
v -14.824717 1.149181 2.740173
v -15.015206 2.173880 2.718094
v -14.848886 2.560982 1.973755
v -14.009214 2.122860 1.580841
v -14.452287 2.993605 1.482849
v -13.716263 2.993605 1.273758
v -14.148887 3.693605 1.541138
v -13.292535 3.417784 1.329102
v -12.772807 3.362604 1.279755
v -13.804762 4.206253 1.613174
v -14.637589 4.241886 1.366364
v -14.186277 5.047550 1.538193
v -13.292535 5.047550 1.792084
v -13.817863 5.897549 1.467422
v -14.667864 5.572880 0.942093
v -14.730911 6.078693 0.432114
v -14.124560 6.781523 0.370224
v -13.292535 6.493656 0.985840
v -13.010317 6.857651 0.275192
v -13.568535 7.310658 -0.233170
v -12.718534 7.239878 -0.601578
v -13.568535 7.564550 -1.126907
v -12.718534 7.239878 -1.652237
v -13.515702 7.426378 -2.006683
v -12.856089 6.657185 -2.601166
v -13.682656 7.505064 -2.902878
v -13.165429 6.928293 -3.385910
v -12.802022 6.080076 -3.472076
v -12.550439 5.864550 -2.603256
v -12.943851 5.244370 -3.397415
v -12.588246 4.856218 -2.524338
v -13.108206 4.647221 -2.985901
v -12.890862 3.901402 -2.508713
v -13.343183 4.193010 -3.062927
v -13.343183 3.327765 -3.062927
v -13.891829 3.822613 -3.918228
v -13.426339 3.034214 -3.820267
v -12.910559 2.627764 -3.330307
v -13.018584 2.553156 -4.274216
v -13.844671 2.581182 -4.759277
v -13.018584 2.344067 -5.010239
v -12.226418 2.506824 -4.425278
v -12.226418 2.506824 -5.432541
v -11.411534 2.658550 -4.928909
v -11.411534 2.774200 -5.865158
v -10.561534 2.333878 -5.454239
v -10.561534 2.333878 -4.403580
v -9.965428 1.852293 -4.928909
v -11.001563 2.382801 -6.474533
v -10.510652 1.986200 -6.041916
v -10.274582 1.797974 -6.656281
v -9.775535 1.545877 -6.496231
v -9.683054 1.256660 -7.289413
v -9.250206 0.695879 -6.820908
v -9.308494 0.392479 -7.520905
v -8.839855 -0.110950 -6.983856
v -8.817582 -0.004122 -7.953537
v -8.320628 -0.556654 -7.614532
v -7.620628 -0.614941 -7.917938
v -7.620628 -0.824030 -7.181915
v -6.931732 -0.562269 -7.300430
v -6.963276 -0.984863 -6.601364
v -8.109883 -1.033077 -6.288651
v -7.893149 -1.942496 -5.846420
v -8.904839 -1.705522 -5.587479
v -8.718735 -0.966234 -5.841980
v -9.301438 -1.272898 -5.096558
v -9.301438 -2.138145 -5.096558
v -9.586009 -1.515356 -4.426727
v -8.888508 -2.521933 -5.424484
v -9.363569 -3.038315 -4.763245
v -8.585108 -3.221932 -5.366196
v -9.009408 -3.822074 -4.325546
v -9.500319 -3.425474 -3.892914
v -9.709408 -2.689450 -3.892914
v -9.661491 -1.628590 -3.756897
v -9.870580 -0.892567 -3.756897
v -9.603204 -1.325190 -3.056900
v -9.388528 -2.170450 -3.107361
v -8.938424 -1.651450 -2.530899
v -9.045432 -2.689450 -2.702011
v -8.085471 -2.599451 -2.523911
v -8.036111 -1.666451 -2.199234
v -8.742032 -3.389450 -2.760300
v -7.652847 -3.299450 -2.791290
v -8.309408 -3.880362 -3.156891
v -7.474596 -3.587867 -3.546371
v -7.975276 -3.872710 -4.061157
v -8.152484 -2.521933 -5.633575
v -7.796432 -3.165401 -5.200867
v -7.395418 -2.547366 -5.549927
v -9.009408 -3.822074 -3.460297
v -9.442032 -3.122074 -3.192917
v -8.086739 -3.702662 -4.686127
v -7.120058 -1.950530 -5.779587
v -7.055441 -1.469000 -6.063431
v -7.931775 0.268982 -8.852448
v -7.121611 -0.038862 -8.486908
v -8.550206 0.428501 -8.653534
v -9.250206 0.695879 -8.220901
v -8.853606 1.128502 -8.711823
v -9.624766 1.560061 -7.989410
v -10.274582 1.797974 -7.521530
v -10.007206 2.230597 -8.221527
v -9.575864 2.063925 -8.567200
v -10.137686 2.858112 -8.679306
v -10.707206 2.497974 -7.788910
v -10.707206 3.363220 -7.788910
v -10.266884 3.817547 -8.524033
v -9.611888 3.196548 -9.325485
v -10.155141 4.070927 -9.033142
v -9.541111 3.678926 -9.466949
v -9.618724 4.708511 -9.781174
v -9.144511 4.111549 -9.957870
v -9.023892 4.619501 -10.104309
v -8.287868 4.619501 -10.313385
v -8.720492 5.319502 -10.046021
v -7.738907 5.422171 -10.026382
v -7.551846 4.619501 -10.104309
v -8.055192 6.224840 -9.739365
v -7.054230 6.257206 -9.855820
v -7.587660 6.861225 -9.347580
v -8.529793 6.746208 -9.211929
v -8.055785 7.618668 -9.058258
v -8.983023 7.479549 -8.931808
v -8.799651 8.274899 -7.958908
v -7.985232 8.352819 -8.247147
v -7.623161 8.109577 -8.661652
v -7.117981 8.725315 -8.697250
v -7.379122 9.168030 -7.960754
v -7.065149 9.676046 -8.729904
v -6.668549 9.243423 -9.220825
v -6.314087 10.085270 -9.493195
v -6.694675 10.368505 -8.714722
v -6.592171 10.899153 -9.556793
v -6.101261 10.502552 -9.989410
v -5.614086 9.817892 -9.925812
v -5.383535 10.190935 -10.529404
v -4.683535 9.787655 -10.050171
v -4.626095 10.144924 -10.852859
v -3.833536 9.716877 -10.418579
v -3.833536 9.716877 -11.469238
v -3.237427 9.235292 -10.943909
v -3.308207 8.866879 -11.793915
v -4.031895 9.236099 -12.378815
v -3.789791 8.341549 -12.390015
v -3.308207 7.816219 -11.793915
v -4.158205 7.491550 -12.319244
v -3.837761 6.883171 -11.593185
v -2.911606 7.383596 -11.302994
v -2.904512 6.819433 -11.341995
v -2.136110 6.763502 -11.045944
v -1.880255 7.292227 -10.771851
v -6.151678 0.974533 2.114471
v -5.526278 0.614960 2.356506
v -5.939631 1.215412 2.898071
v -5.242571 -0.095053 2.094162
v -6.044243 0.140551 1.189804
v -6.518578 0.782104 1.818207
v -7.029968 0.196468 1.257614
v -6.476866 -0.559450 0.922424
v -7.333368 -0.503532 1.199326
v -7.863183 -0.184610 1.532486
v -8.166583 -0.884611 1.474197
v -8.563183 -0.451988 1.965103
v -8.563183 -1.317234 1.965103
v -8.916493 -0.849346 2.510147
v -8.621470 -1.620634 2.665100
v -9.444142 -1.560476 3.089310
v -9.747542 -0.860476 3.031021
v -9.813206 -0.257725 3.137909
v -10.873160 -0.262333 3.170364
v -10.382864 -1.450451 3.158417
v -11.305784 -0.962334 3.437744
v -11.609184 -0.262333 3.379456
v -11.216660 0.552549 3.204102
v -11.879537 0.311430 3.064743
v -12.159224 -0.353481 3.542068
v -11.820283 -1.295826 3.824066
v -12.273663 -0.960104 4.322784
v -13.012160 -0.121193 3.764740
v -12.764574 -0.563503 4.755417
v -13.012160 -0.121193 4.629990
v -13.351854 0.037422 4.242126
v -13.630669 0.115057 3.382477
v -14.118535 0.001970 3.971191
v -14.224602 0.296745 3.092514
v -14.818535 0.269346 3.538559
v -14.818535 0.269346 4.403809
v -15.309446 0.665947 3.971191
v -15.251159 0.969347 3.271179
v -15.425272 1.734035 3.377090
v -16.317305 1.003550 4.133316
v -15.921040 0.244719 4.587845
v -16.873535 0.103550 4.477097
v -17.429766 1.003550 4.133316
v -16.873535 1.650097 3.764572
v -15.865206 2.498549 3.243423
v -16.915863 2.498549 3.243423
v -16.390535 3.094658 2.761841
v -15.540535 3.023878 2.393417
v -16.202538 3.593174 2.118286
v -15.273159 3.456501 1.693420
v -15.938202 4.046591 1.646591
v -15.505578 4.537500 1.249985
v -16.370827 4.537500 1.249985
v -15.800488 4.814592 0.906067
v -15.010631 4.845478 1.135818
v -15.367864 5.305502 0.509460
v -16.048323 5.312954 0.452774
v -15.430911 5.811316 -0.000519
v -16.296158 5.811316 -0.000519
v -15.863535 6.511316 -0.267883
v -14.958045 6.483057 -0.126144
v -15.110493 7.220261 -0.966660
v -14.418535 7.239878 -0.601578
v -14.383418 7.412825 -1.630539
v -15.102449 7.468021 -1.764359
v -14.497477 7.619236 -2.452667
v -15.311535 7.883936 -2.971405
v -14.611535 7.734550 -3.385910
v -15.311535 7.883936 -3.800415
v -14.558702 7.596378 -4.265686
v -13.761535 7.409878 -3.911240
v -13.829271 7.158592 -4.688660
v -13.236206 6.559879 -4.235901
v -13.646272 5.949066 -4.894897
v -13.236206 5.509220 -4.235901
v -14.086206 5.184551 -4.761230
v -13.668208 4.623098 -4.039917
v -14.546230 4.558207 -4.404007
v -14.843933 5.219667 -5.143280
v -15.246230 4.290829 -4.836624
v -14.849630 3.858206 -4.345718
v -15.246230 3.425583 -4.836624
v -14.546230 3.158205 -4.404007
v -14.753382 2.580067 -5.092651
v -15.304518 3.122183 -5.536621
v -15.487020 2.258858 -5.680847
v -14.996558 1.734549 -5.022995
v -14.260534 1.734549 -4.813904
v -14.766710 0.992977 -5.017746
v -13.956859 0.919476 -5.039917
v -13.524510 1.734549 -5.022995
v -13.303013 0.938179 -5.371399
v -12.885790 1.616106 -6.044220
v -13.028786 2.327862 -5.585403
v -13.027572 2.621874 -6.382828
v -12.852757 1.801064 -6.574524
v -13.239631 2.318243 -7.231567
v -13.279677 3.188549 -7.134521
v -12.497037 3.188549 -6.789520
v -12.226418 2.715914 -6.168564
v -11.689592 3.331375 -6.633530
v -12.102585 3.945992 -6.835541
v -11.188792 3.888550 -7.192810
v -11.064439 2.957998 -7.162567
v -11.557206 4.738548 -7.263580
v -10.707206 4.413879 -7.788910
v -11.145641 5.212215 -7.818588
v -10.511438 5.098997 -8.401566
v -10.635792 6.029549 -8.431808
v -10.114839 5.531620 -8.892471
v -10.015324 5.141134 -9.290253
v -9.613302 6.004095 -9.022202
v -9.315324 5.408512 -9.722885
v -8.877559 6.004549 -9.382935
v -9.286423 6.779549 -8.990097
v -10.332392 6.729549 -8.373520
v -9.678258 7.352726 -8.397827
v -10.479158 7.530533 -8.011765
v -10.046535 8.021442 -7.615173
v -9.271847 8.122879 -7.758179
v -10.937927 7.911345 -7.161163
v -10.514660 8.595226 -6.982574
v -11.455581 8.387434 -6.808914
v -11.132765 9.432413 -6.906372
v -11.820206 9.088549 -6.965576
v -11.565390 10.132414 -6.639008
v -10.461037 10.167551 -6.659531
v -11.132765 10.623323 -6.242401
v -10.154184 10.905432 -6.272537
v -9.794313 10.037718 -6.468079
v -9.439863 9.240551 -6.654587
v -8.914535 10.090549 -6.329910
v -8.389206 9.240551 -6.654587
v -8.914535 8.644444 -7.136169
v -8.064534 8.715221 -7.504578
v -7.539206 9.565220 -7.179901
v -8.020793 10.090549 -6.583801
v -7.379835 11.042252 -7.206451
v -7.111160 9.999496 -7.972473
v -6.974207 10.606220 -7.891907
v -6.974207 11.656879 -7.891907
v -6.649534 11.131550 -8.741913
v -6.903427 12.025293 -8.741913
v -6.833717 11.687878 -9.552185
v -7.446192 12.562645 -9.001358
v -7.476429 12.438293 -9.931915
v -6.948263 11.756981 -10.304947
v -6.533884 11.202553 -10.256790
v -7.062536 11.560934 -10.916153
v -6.309704 11.273378 -11.316132
v -5.744028 10.712318 -10.806396
v -5.512537 11.086878 -11.670578
v -4.929144 10.401060 -11.310028
v -4.916428 10.605293 -12.195908
v -4.461584 10.125505 -11.914658
v -4.987207 10.236879 -13.045914
v -4.578838 8.817478 -12.710342
v -5.579031 9.019550 -13.574295
v -5.099791 8.319550 -13.171021
v -4.578838 7.821621 -12.710342
v -4.885607 7.297829 -12.662003
v -5.579031 7.619549 -13.574295
v -5.376516 6.901228 -13.094635
v -5.077526 6.631334 -11.940887
v -4.598049 6.832554 -11.909164
v -4.310493 6.367277 -11.156342
v -4.994640 5.793884 -11.032242
v -3.961712 5.709478 -10.936722
v -3.253263 6.031702 -11.047699
v -7.997976 -2.702928 5.694183
v -7.382431 -2.084056 6.152039
v -7.649249 -1.740359 5.771332
v -7.894624 -1.904145 5.152420
v -7.465237 -1.442621 5.289581
v -7.323473 -1.799361 4.459259
v -6.870604 -1.308451 4.927124
v -6.383051 -1.860926 4.303864
v -6.108229 -1.235701 4.611221
v -5.650169 -1.332846 4.553513
v -6.866652 -2.202371 3.719162
v -7.596094 -2.132836 3.433960
v -6.921116 -2.440454 2.744598
v -8.130559 -2.017235 3.097733
v -7.675582 -2.202074 2.073425
v -6.975582 -2.260362 1.770020
v -7.408205 -1.769450 1.373413
v -6.542959 -1.769450 1.373413
v -5.836176 -2.787018 1.546265
v -6.500153 -2.787018 2.737183
v -5.632980 -1.971262 1.599670
v -5.104828 -2.779450 1.189804
v -5.526897 -3.387623 0.823868
v -6.300175 -3.576338 1.486511
v -5.948275 -4.105819 0.527039
v -6.462286 -4.617798 0.953766
v -6.520573 -4.314398 1.653778
v -6.629581 -3.948498 2.387085
v -6.541634 -3.530451 2.714951
v -6.362206 -4.381122 3.087097
v -6.274258 -3.963075 3.414963
v -6.155525 -4.059324 3.937088
v -6.105536 -3.530451 4.250092
v -6.282772 -4.110523 5.011353
v -6.261353 -3.076948 5.051437
v -6.216675 -2.732512 4.250092
v -6.039360 -2.320045 5.017654
v -5.432947 -1.506971 4.781418
v -5.682775 -1.923420 5.369705
v -5.429785 -1.155506 1.536514
v -4.349852 -1.453199 2.031708
v -4.925859 -0.834702 1.984802
v -4.491875 -2.168358 1.467529
v -3.644196 -1.962139 1.799393
v -3.616217 -2.191411 1.027100
v -4.371866 -2.796827 0.680801
v -3.600101 -2.844348 0.254288
v -3.970963 -3.222488 -0.324600
v -4.763012 -3.297750 0.232300
v -4.929535 -3.699157 -0.779205
v -5.248274 -3.838443 0.094421
v -5.420444 -4.095757 -0.346573
v -5.664680 -4.682638 -0.237244
v -5.362158 -4.399157 -1.046585
v -5.362158 -5.264404 -1.046585
v -5.699829 -5.398745 -0.127914
v -6.065685 -5.050422 0.462860
v -6.036320 -5.868450 0.462067
v -6.465221 -5.657936 1.115936
v -6.487392 -6.619826 0.653107
v -6.735535 -6.265450 1.978088
v -6.729662 -5.050422 1.653778
v -6.650204 -5.936543 2.570312
v -6.879917 -6.744707 2.753540
v -6.752102 -6.321146 3.439163
v -6.362206 -5.431779 3.087097
v -6.291428 -5.800193 3.937088
v -6.037535 -4.906450 3.937088
v -6.362206 -5.431779 4.787094
v -6.752102 -6.321146 4.435028
v -6.719439 -5.837003 5.413437
v -6.843792 -4.906450 5.383194
v -7.121141 -5.622684 5.788467
v -7.424541 -4.922684 5.730179
v -7.094603 -4.289335 5.578171
v -7.887176 -4.298018 5.836273
v -7.625535 -3.530451 5.770096
v -6.826424 -3.530451 5.543076
v -7.260220 -2.830451 5.926331
v -6.523024 -2.830451 5.601364
v -6.786963 -2.293582 6.207336
v -6.119749 -2.169971 5.916443
v -8.480209 -3.497534 5.623886
v -8.892911 -4.152451 5.788467
v -9.211709 -3.792092 5.017654
v -8.855241 -3.060745 5.010086
v -9.269997 -3.488692 4.317657
v -9.011904 -2.696120 4.308975
v -8.385535 -2.300745 4.719803
v -8.186094 -2.000774 3.918747
v -9.011518 -2.051387 3.485901
v -9.408504 -2.263496 3.818069
v -9.950240 -2.150451 3.425797
v -9.666596 -3.056068 3.826752
v -10.279645 -2.910451 3.489075
v -10.747489 -2.151567 3.315079
v -11.015669 -2.910451 3.279999
v -11.483513 -2.151567 3.524170
v -11.118888 -1.450451 3.367508
v -11.751693 -2.910451 3.489075
v -12.148293 -2.477827 3.979996
v -12.216883 -1.799452 4.314972
v -12.415668 -2.910451 4.679993
v -12.657206 -2.324780 5.050095
v -12.484259 -1.295826 5.014969
v -12.706286 -1.954798 5.588776
v -12.568535 -1.107450 5.522095
v -12.864559 -1.586428 6.297089
v -12.864559 -0.628473 6.297089
v -12.800027 -0.292566 5.522095
v -13.343535 0.146526 6.001068
v -13.343535 0.146526 5.043121
v -14.118535 0.442549 5.522095
v -14.118535 0.211060 4.707214
v -14.931715 0.283756 5.066147
v -14.893535 0.146526 6.001068
v -15.562710 -0.244005 5.473114
v -15.372511 -0.628473 6.297089
v -15.794172 -1.163567 5.626312
v -16.064194 -0.833691 4.955093
v -16.064194 -1.698937 4.955093
v -16.460793 -1.266314 4.464172
v -16.764193 -1.966313 4.522461
v -17.196815 -1.266314 4.255096
v -17.393406 -0.737619 4.320465
v -17.932840 -1.266314 4.464172
v -18.129429 -0.737619 4.529556
v -17.826031 0.103550 4.587845
v -18.396252 -0.144915 4.920547
v -18.562389 0.570927 4.833328
v -18.663074 0.447790 5.311523
v -18.526030 -1.170242 5.020477
v -18.793406 -0.737619 5.720474
v -18.930450 0.015167 6.011520
v -18.979454 1.020481 6.020203
v -18.787535 0.489550 6.779099
v -19.014545 1.288662 6.779099
v -19.547535 1.719255 6.309387
v -19.837830 1.249548 5.549393
v -19.405205 0.758638 5.152786
v -20.105206 0.816925 4.849380
v -19.634073 0.301083 4.244766
v -18.934074 0.359369 3.941376
v -19.634073 0.091993 3.508743
v -18.934074 0.359369 3.076126
v -18.409454 0.803905 3.557129
v -18.460766 1.125196 2.783600
v -17.869049 1.587746 3.345001
v -17.876661 2.032452 2.604584
v -18.687458 1.623646 2.058456
v -18.687237 2.611923 1.607300
v -17.788866 2.804043 2.192078
v -17.333862 3.060001 2.522095
v -17.787903 3.470684 1.995682
v -17.664612 4.029333 2.004303
v -18.453646 3.995550 1.666077
v -18.124241 4.755548 1.602798
v -17.184830 4.755548 1.602798
v -16.820204 4.054434 1.759460
v -17.599873 5.551565 1.423203
v -16.845209 5.305067 0.956802
v -17.072384 6.041882 0.665314
v -17.545208 6.437691 1.389420
v -16.996159 6.943939 0.432114
v -16.599558 6.511316 -0.058807
v -16.579159 7.520927 -0.202911
v -15.879159 7.253550 -0.635529
v -16.293362 7.922909 -1.028336
v -15.802449 7.526308 -1.460968
v -16.261585 8.246464 -1.795914
v -15.770675 7.849863 -2.228531
v -16.203299 8.549864 -2.495911
v -16.470675 8.982487 -1.795914
v -16.325535 9.373598 -2.528854
v -16.034847 9.037762 -3.307388
v -15.802446 8.398527 -3.385910
v -16.011536 9.016560 -4.233032
v -15.802446 8.280537 -4.233032
v -15.711739 8.693924 -5.068985
v -15.356325 7.975567 -4.880280
v -15.342829 8.370596 -5.794907
v -15.180401 7.651411 -5.408920
v -14.689489 7.254810 -4.976288
v -14.689489 7.254810 -5.841537
v -13.989490 6.987434 -5.408920
v -13.989490 7.196524 -6.144943
v -13.196918 7.205206 -5.886841
v -13.556866 7.687433 -6.541534
v -12.712458 7.662333 -6.296707
v -13.204312 8.425560 -6.588226
v -12.252830 8.388548 -6.698196
v -11.923425 7.628550 -6.634918
v -12.252830 6.868551 -6.698196
v -13.043432 6.720539 -6.197601
v -13.235575 6.379738 -6.867172
v -14.006289 6.613361 -6.419846
v -14.107909 6.410578 -5.598160
v -14.807909 6.352291 -5.901566
v -14.540533 5.919668 -5.201553
v -14.807909 6.352291 -6.766800
v -15.464226 6.027773 -6.298218
v -15.240533 5.652290 -7.034180
v -15.507909 5.219667 -6.334183
v -15.240533 4.787045 -7.034180
v -14.640693 5.207058 -7.696426
v -14.337293 4.507057 -7.638138
v -14.876284 4.083176 -7.072937
v -15.272883 3.650553 -6.582031
v -15.526933 3.970692 -5.709320
v -15.148259 3.050547 -6.115173
v -15.148259 3.050547 -6.980423
v -15.639171 2.653946 -6.547791
v -15.688662 2.327011 -7.393707
v -15.848259 1.917923 -6.547791
v -15.928505 1.470711 -7.396072
v -15.814534 1.105549 -6.495911
v -15.966259 0.601923 -7.310791
v -15.952705 0.225769 -6.443069
v -16.031174 0.496517 -5.690247
v -15.406060 1.048428 -5.333542
v -15.972886 0.193117 -4.990250
v -15.272886 0.460495 -4.557617
v -15.576286 -0.239506 -4.499329
v -14.840262 -0.239506 -4.290237
v -14.407639 0.460495 -4.557617
v -14.085807 -0.386505 -4.334579
v -13.653183 0.313496 -4.601944
v -13.349783 -0.386505 -4.543655
v -12.953183 0.046118 -5.034576
v -12.634240 -0.978683 -5.216461
v -12.685807 -0.386505 -5.734573
v -12.786863 0.433220 -5.778915
v -12.519487 0.000597 -6.478912
v -12.643669 1.065041 -6.574524
v -12.642187 0.116385 -7.101868
v -12.909563 0.549007 -7.801865
v -12.911045 1.497663 -7.274521
v -13.222303 0.994038 -8.089401
v -13.628311 1.777435 -7.739700
v -13.803544 1.536423 -8.707901
v -14.070920 1.969046 -8.007904
v -14.015635 2.617924 -7.680420
v -14.468664 2.778111 -8.303589
v -14.024909 2.363499 -8.765350
v -14.037186 3.319798 -8.822784
v -14.722745 3.579550 -8.143021
v -15.553648 2.784138 -7.953705
v -15.458769 3.579550 -7.933929
v -16.194792 3.579550 -8.143021
v -16.479504 2.773886 -8.180267
v -16.496439 2.036100 -7.972260
v -16.954578 2.330507 -9.181992
v -16.763815 1.603477 -8.672256
v -16.496439 1.170855 -7.972260
v -16.554726 0.867455 -8.672256
v -15.942171 0.370337 -8.451767
v -16.233667 0.665859 -8.862900
v -16.492605 1.137587 -9.225952
v -13.922303 -0.138586 -8.522018
v -14.710130 0.334454 -9.122070
v -14.640912 -0.079844 -8.641296
v -14.481003 -0.578949 -8.317627
v -15.972886 -0.672129 -6.390244
v -15.699942 -0.954655 -6.757553
v -15.699411 -0.392677 -7.384171
v -15.791275 -1.235132 -6.217361
v -15.901510 -1.054766 -5.603806
v -16.240261 -0.239506 -5.690247
v -15.848108 -1.006596 -5.312698
v -15.115331 -1.110794 -4.537033
v -15.573802 -1.249399 -5.069931
v -15.310323 -1.802712 -5.037964
v -14.915073 -1.899445 -4.194336
v -14.257775 -1.014708 -4.083832
v -14.215074 -1.632069 -3.761719
v -13.392528 -1.014708 -4.083832
v -13.349826 -1.632069 -3.761719
v -12.692528 -1.282084 -4.516449
v -12.540805 -1.991121 -4.359787
v -12.373496 -1.779398 -5.225220
v -12.124725 -2.613924 -5.106110
v -12.431784 -2.082798 -5.925232
v -12.569535 -1.235451 -5.991913
v -12.494464 -1.835107 -6.504196
v -12.425152 -0.756195 -6.767365
v -12.692528 -1.188818 -7.467361
v -12.801045 -0.319904 -7.634613
v -13.089128 -0.756195 -7.958267
v -13.306163 0.116385 -8.292786
v -13.609563 -0.583616 -8.234497
v -13.957813 -1.163816 -8.067566
v -13.386823 -1.725188 -7.724136
v -15.173166 -4.506029 -4.203018
v -15.281720 -4.174539 -4.669693
v -15.265386 -3.348752 -4.666794
v -14.776567 -4.073405 -3.712112
v -14.435497 -2.896451 -3.525864
v -14.076242 -3.868711 -3.498550
v -13.699473 -2.896451 -3.316772
v -14.518474 -2.332068 -3.703430
v -13.266850 -2.196451 -3.584137
v -12.963449 -2.896451 -3.525864
v -12.566850 -2.463827 -4.016769
v -12.193312 -3.123611 -4.136002
v -12.639894 -3.664019 -3.494080
v -12.243294 -4.096642 -3.985001
v -11.875955 -3.448451 -4.987000
v -12.077825 -4.288791 -4.878098
v -12.143331 -3.881075 -5.686996
v -12.143331 -3.015827 -5.686996
v -12.506911 -3.239075 -6.361908
v -12.506911 -2.373827 -6.361908
v -12.957420 -2.860210 -6.950516
v -13.013389 -2.296165 -7.285217
v -14.740542 -5.206029 -4.470398
v -14.714200 -5.180396 -5.146835
v -15.137513 -4.696288 -5.047226
v -14.127252 -5.508288 -5.102219
v -14.170606 -5.525730 -4.336563
v -14.473166 -4.773405 -3.770401
v -13.903230 -5.093106 -3.636566
v -13.470606 -4.393106 -3.369186
v -13.037982 -5.093106 -3.636566
v -12.734582 -4.393106 -3.578278
v -13.375917 -3.664019 -3.284988
v -12.337982 -4.825730 -4.069183
v -12.770606 -5.525730 -4.336563
v -12.279695 -5.129130 -4.769196
v -13.093064 -5.470647 -5.290939
v -12.337982 -4.825730 -5.469193
v -13.093064 -5.003982 -5.757599
v -12.788956 -4.270779 -6.039856
v -13.238500 -4.330888 -6.288513
v -13.470607 -5.614856 -5.057602
v -13.470606 -5.584018 -4.033173
v -13.193676 -3.568669 -6.605515
v -13.618903 0.561415 -8.580307
v -14.070920 1.103800 -9.407913
v -14.478616 0.807446 -9.587173
v -14.469914 1.253155 -10.175369
v -13.978898 2.151152 -9.522797
v -13.986529 2.137526 -10.472488
v -13.538576 2.605478 -10.257904
v -13.596864 2.908878 -9.557907
v -13.329488 3.341501 -10.257904
v -13.319552 3.888550 -10.268677
v -13.596864 2.908878 -10.957901
v -14.044817 2.440926 -11.172485
v -14.575566 1.510466 -10.724396
v -14.566794 2.131201 -11.591278
v -14.441417 2.873549 -11.663406
v -14.175863 3.705658 -11.654251
v -13.633994 4.251900 -11.099472
v -13.503572 4.620897 -10.431747
v -13.586928 4.321173 -9.568680
v -13.770948 5.053520 -9.731750
v -13.828246 4.765900 -9.218964
v -14.275496 4.172726 -8.680984
v -14.528246 5.033278 -8.786346
v -15.026145 4.279551 -8.201309
v -15.426131 4.901869 -8.692123
v -15.891393 4.279551 -8.201309
v -16.178963 4.891354 -8.986176
v -16.994297 3.985109 -9.020905
v -15.766535 5.561443 -9.467651
v -16.777910 5.816879 -9.490616
v -16.291862 6.157551 -9.949234
v -17.141865 6.482220 -9.423904
v -17.328363 6.127769 -8.626740
v -17.308184 5.229872 -8.679581
v -17.537910 5.130787 -8.222977
v -17.447624 5.351479 -7.654861
v -18.031015 4.665661 -8.015411
v -17.970535 4.430786 -8.490341
v -18.721573 4.028044 -8.004578
v -18.860998 4.019384 -9.020966
v -19.366999 3.580812 -8.459793
v -18.337891 4.281195 -9.372101
v -17.862204 4.087370 -9.653961
v -16.876104 3.206509 -8.671188
v -17.098677 2.892054 -9.322525
v -17.354362 3.583925 -9.595673
v -15.266794 1.863823 -12.023911
v -15.610293 1.555979 -11.658371
v -15.058759 1.515013 -11.285446
v -16.033331 1.899109 -12.028732
v -16.333738 2.417351 -12.622559
v -14.963394 2.563824 -12.082199
v -15.900635 2.985926 -13.105392
v -16.634142 2.935593 -13.216385
v -16.135954 3.233545 -13.717926
v -15.435954 3.291832 -13.414536
v -14.945043 3.688433 -12.981903
v -15.003330 3.991833 -13.681915
v -14.401988 4.488255 -13.238678
v -14.401534 4.127525 -12.502930
v -14.880510 3.352526 -12.206909
v -13.701988 4.546541 -12.935272
v -13.725305 4.508816 -12.008987
v -13.211077 4.943142 -12.502655
v -13.269364 5.246542 -11.802658
v -13.462698 4.933582 -11.212616
v -13.668875 5.674385 -11.262177
v -13.712661 5.356920 -10.431747
v -14.162698 6.066206 -10.779999
v -14.203572 5.753521 -9.999115
v -14.593911 6.405130 -10.985199
v -15.301258 6.049950 -10.033447
v -14.903572 5.811808 -9.695724
v -14.260870 5.465900 -9.486343
v -14.960870 5.524187 -9.182938
v -15.066535 6.510406 -10.778305
v -15.917723 6.548321 -10.410400
v -15.801535 6.960573 -11.045883
v -16.438784 7.367201 -10.633591
v -16.731798 6.922066 -10.082901
v -17.138783 7.634579 -10.200958
v -17.476082 7.244577 -9.419891
v -17.676624 7.670563 -10.004776
v -17.676624 8.015556 -9.222137
v -18.167534 8.412157 -9.654770
v -18.270199 8.790901 -8.650482
v -17.582186 7.943798 -8.459030
v -17.466534 7.007549 -8.573914
v -17.292870 7.475674 -7.701584
v -17.254732 6.331215 -7.649506
v -17.212641 7.743572 -6.944138
v -16.329632 7.232479 -6.694870
v -16.770794 6.095201 -6.893280
v -16.026232 6.532478 -6.753159
v -16.329632 5.832478 -6.694870
v -16.762255 5.341568 -6.298279
v -17.203419 5.395201 -6.625900
v -16.062256 5.399855 -5.994873
v -16.762255 5.132479 -5.562256
v -16.062256 5.399855 -5.129623
v -16.762255 5.341568 -4.826233
v -17.462254 5.399855 -5.129623
v -17.903418 5.336914 -5.457260
v -18.020918 5.722206 -4.716965
v -18.488535 5.488655 -5.028656
v -18.849201 5.314590 -5.389404
v -19.281826 5.805500 -4.992798
v -19.749401 5.292992 -5.513519
v -19.334972 4.563549 -5.792145
v -18.616776 4.860369 -6.213516
v -17.960859 5.105885 -6.228790
v -17.938534 4.954878 -7.222244
v -18.546911 4.228821 -7.542679
v -19.067596 4.130926 -6.492142
v -19.062807 3.791981 -7.069946
v -19.212484 3.631443 -7.571945
v -19.260757 3.296034 -7.003296
v -20.073502 2.541739 -7.555084
v -19.751669 2.899433 -6.570679
v -19.962917 2.375116 -6.362823
v -20.031963 1.874937 -7.418793
v -19.717564 3.163235 -7.970169
v -15.703330 3.724455 -14.114532
v -16.397751 4.614481 -14.164093
v -16.579264 3.855822 -14.100616
v -15.399930 4.424456 -14.172821
v -15.326179 4.921598 -14.036301
v -14.850863 5.029549 -13.887573
v -15.518091 5.712040 -14.179947
v -14.474726 5.704357 -13.924255
v -13.969364 4.979164 -13.635269
v -13.665964 5.679165 -13.693558
v -13.269364 5.246542 -13.202652
v -13.269364 6.111788 -13.202652
v -13.001988 5.679165 -12.502655
v -13.211077 6.415188 -12.502655
v -13.269364 6.111788 -11.802658
v -13.701988 6.811789 -12.070023
v -13.969364 6.379166 -11.370026
v -14.326535 6.837753 -11.685196
v -14.401988 7.079165 -12.502655
v -14.800370 7.276136 -12.180939
v -15.026535 6.896040 -11.381790
v -15.500370 7.334423 -11.877533
v -15.500370 7.543512 -12.613556
v -16.222223 8.038973 -12.041901
v -16.280510 7.735573 -11.341904
v -16.713135 8.435574 -11.609283
v -16.871407 8.067202 -10.900970
v -17.413136 8.493860 -11.305878
v -17.571407 8.125488 -10.597565
v -18.082893 8.401924 -11.482407
v -18.110092 8.113174 -10.528458
v -18.867535 8.216549 -10.851913
v -18.923477 8.522816 -9.876740
v -19.856617 8.633179 -10.272736
v -19.675673 9.063099 -9.419708
v -19.014534 8.957222 -9.037582
v -19.597927 9.643040 -8.677017
v -19.107016 9.246439 -8.244400
v -19.469267 9.480621 -7.706207
v -18.640606 9.050829 -8.033249
v -18.622509 9.079710 -7.023926
v -17.922510 8.812334 -7.456543
v -17.922510 8.812334 -6.591309
v -17.431599 8.415733 -7.023926
v -17.523899 8.247198 -7.759018
v -17.332535 8.475843 -6.085205
v -18.039734 8.767584 -5.464249
v -17.346935 8.524572 -4.843292
v -16.372152 8.045740 -5.885620
v -16.639528 7.613117 -6.585617
v -16.639528 7.613117 -4.320374
v -15.939528 7.345739 -4.752991
v -15.629631 6.965101 -6.262253
v -15.362255 6.532478 -5.562256
v -15.629631 6.965101 -4.862259
v -15.629631 6.099855 -4.862259
v -16.026232 6.532478 -4.371338
v -16.329632 5.832478 -4.429626
v -16.336128 6.913116 -4.262085
v -17.072151 6.913116 -4.052994
v -17.310911 7.391949 -4.084991
v -18.046936 7.391949 -3.875916
v -17.614311 8.091949 -4.143280
v -18.479559 8.091949 -4.143280
v -18.782959 7.391949 -4.084991
v -18.479559 6.691948 -4.143280
v -18.453541 6.213116 -4.320374
v -18.921158 5.979565 -4.632050
v -19.202059 6.819447 -4.574829
v -19.179558 7.824572 -4.575912
v -19.621159 7.112188 -5.064682
v -19.981825 6.938124 -5.425430
v -19.846209 7.589098 -5.674911
v -20.386292 6.799137 -5.706253
v -20.034603 6.022434 -5.443985
v -21.096466 6.022434 -5.443985
v -20.565535 5.263550 -5.635910
v -21.364647 5.263550 -5.408905
v -21.035240 4.503551 -5.345612
v -19.715645 4.032057 -5.812393
v -20.674862 3.686655 -5.132248
v -20.019045 3.332056 -5.870682
v -19.319046 3.599434 -6.303299
v -20.230293 2.807739 -5.662827
v -20.432909 2.622496 -4.927353
v -20.087912 2.064278 -5.715683
v -20.075642 1.819805 -4.869904
v -19.604885 1.282724 -5.381653
v -19.572016 1.627438 -6.188416
v -19.305634 0.994446 -6.495911
v -19.630302 1.324038 -6.888412
v -19.363920 0.691046 -7.195908
v -20.100245 0.963598 -7.529114
v -19.941824 0.281132 -7.792648
v -15.932994 6.843513 -13.746185
v -16.739996 6.791706 -13.633682
v -16.450022 6.317539 -13.812347
v -14.959305 6.636532 -13.816879
v -15.500370 7.334423 -13.349579
v -14.800370 7.276136 -13.046188
v -14.401988 6.870075 -13.238678
v -13.969364 6.379166 -13.635269
v -13.701988 6.811789 -12.935272
v -16.243401 7.354460 -13.107025
v -17.293476 7.327845 -13.379349
v -16.980511 8.002951 -13.174530
v -16.280510 7.735573 -12.741913
v -16.713135 8.435574 -12.474533
v -17.413136 8.493860 -12.777939
v -17.413136 8.702950 -12.041901
v -18.183025 8.278801 -12.644196
v -17.963314 7.583700 -13.281616
v -18.657610 7.760395 -13.157471
v -19.477949 7.641787 -13.128448
v -19.874151 8.138027 -12.690842
v -20.161737 7.569262 -13.046814
v -20.574152 8.079741 -12.387451
v -19.874151 8.347116 -11.954819
v -19.682419 8.368275 -11.355530
v -20.402853 8.309587 -11.288956
v -21.169535 8.113550 -11.832916
v -21.169535 8.345039 -11.018021
v -20.695700 8.783422 -10.522278
v -21.648510 8.888550 -10.578934
v -21.173420 9.039158 -10.243393
v -20.352840 8.996206 -9.914810
v -20.812862 9.622551 -9.557587
v -21.747080 10.007275 -9.975311
v -21.234911 10.545322 -9.386398
v -20.545486 10.055174 -8.857574
v -20.964462 10.525543 -8.475891
v -20.545486 10.055174 -7.992325
v -21.022751 10.828943 -7.775879
v -21.359241 10.322842 -7.185913
v -20.938862 9.483032 -7.009613
v -20.297926 9.701326 -7.508377
v -19.865303 9.210417 -7.111771
v -20.789536 8.885668 -6.836563
v -19.773230 8.618206 -6.468002
v -19.340607 9.109116 -6.864609
v -18.622509 8.870621 -6.287903
v -19.356142 8.311039 -5.906799
v -20.264206 8.150551 -6.396240
v -21.314863 8.150551 -6.396240
v -20.789536 7.524206 -6.039001
v -21.581867 7.638124 -5.692810
v -21.149244 6.938124 -5.425430
v -21.833256 7.282454 -4.818832
v -21.545845 6.505501 -4.934509
v -21.649435 6.798685 -4.115906
v -21.858524 6.062662 -4.115906
v -21.795240 5.733257 -4.875916
v -22.070894 5.101013 -3.934082
v -21.795240 4.793842 -4.875916
v -21.858524 4.464437 -4.115906
v -21.325535 4.033844 -4.585617
v -21.495094 3.521374 -3.786865
v -21.916811 4.161037 -3.415909
v -22.067511 3.520172 -3.066513
v -21.482399 2.803459 -3.481598
v -20.794851 2.925106 -3.953217
v -21.049774 2.312550 -3.085007
v -20.349775 2.045172 -3.517624
v -20.291487 2.348572 -4.217621
v -20.105879 1.695454 -3.939362
v -20.656572 1.553005 -3.094803
v -19.479534 1.338221 -3.479340
v -19.479534 1.338221 -4.344574
v -18.988625 0.941620 -3.911957
v -19.068390 0.812553 -4.869904
v -18.779533 0.205597 -3.911957
v -18.515303 -0.283962 -4.477402
v -18.457016 0.019438 -5.177399
v -18.972912 0.456278 -5.650131
v -18.515303 -0.283962 -5.877396
v -18.960640 0.211805 -6.495911
v -18.751553 -0.524218 -6.495911
v -19.018929 -0.091595 -7.195908
v -18.996483 -1.081583 -7.083237
v -19.249245 -0.602907 -7.460770
v -19.622196 -0.220953 -7.766434
v -20.781158 8.399549 -13.599289
v -20.390177 7.884930 -14.000183
v -20.932842 7.582335 -13.677780
v -20.912767 8.888096 -13.447617
v -21.713482 8.896868 -13.186874
v -21.169535 9.663549 -13.382904
v -21.984417 9.663549 -13.151413
v -22.423512 9.184572 -12.607910
v -21.944534 8.409573 -12.311890
v -21.244987 7.990557 -12.744781
v -22.488043 8.848665 -11.832916
v -21.944534 8.409573 -11.353928
v -22.423512 9.184572 -11.057907
v -22.719534 9.663549 -11.832916
v -22.423512 10.142527 -11.057907
v -22.050222 9.630209 -10.441269
v -22.103186 10.543552 -10.818024
v -22.049660 10.974178 -11.359070
v -21.733641 11.366293 -10.932907
v -21.662863 10.997879 -10.082916
v -21.137535 11.847878 -10.407578
v -20.863504 11.436930 -9.519836
v -20.287535 11.918655 -10.039169
v -19.899998 11.582932 -9.277893
v -20.654957 11.298477 -8.435425
v -19.687527 11.441513 -8.528351
v -20.655897 11.626747 -7.725571
v -19.660519 11.651615 -7.715729
v -20.129536 12.085539 -7.225021
v -20.889534 12.022255 -6.895615
v -21.359241 11.262257 -7.185913
v -21.422523 11.591661 -6.425903
v -21.649534 10.792549 -6.425903
v -21.359241 11.262257 -5.665909
v -21.745338 10.473076 -5.588593
v -21.773996 9.885544 -6.493469
v -22.164864 9.525879 -5.870911
v -21.683277 9.000549 -6.467010
v -22.164864 8.475220 -5.870911
v -22.489534 9.000549 -5.020905
v -22.235641 8.106806 -5.020905
v -22.305353 8.444221 -4.210632
v -21.864889 7.516060 -3.958405
v -22.121077 8.303179 -3.610855
v -22.138630 7.930035 -3.100906
v -21.916811 7.231308 -3.415909
v -22.482208 7.718857 -2.665390
v -22.425638 6.797249 -2.839951
v -21.916811 6.366062 -3.415909
v -22.537865 6.143288 -2.754898
v -22.282701 5.499983 -3.234085
v -22.934465 5.710665 -2.263992
v -22.938154 4.812248 -2.300552
v -22.323631 4.440550 -3.052246
v -22.680862 3.915220 -2.425903
v -23.005535 4.440550 -1.575912
v -22.959572 3.659201 -1.853745
v -22.572487 3.068762 -2.500748
v -23.168661 2.923178 -1.853745
v -22.767511 2.387548 -2.633881
v -22.031767 2.388002 -2.994614
v -22.288534 1.612549 -2.929901
v -21.482399 1.612549 -2.817627
v -21.915022 0.912548 -3.085007
v -20.999392 1.002550 -2.766296
v -21.302792 0.302549 -2.708008
v -20.373152 0.254074 -2.505447
v -19.746910 0.905598 -2.779327
v -19.443512 0.205597 -2.721039
v -19.046911 0.638220 -3.211960
v -19.046911 -0.227026 -3.211960
v -19.746910 -0.494404 -2.779327
v -19.586777 -1.012241 -3.533752
v -18.950264 -0.623505 -3.949219
v -19.215303 -1.416586 -4.044769
v -18.515303 -1.149208 -4.477402
v -18.947926 -1.849209 -4.744781
v -18.457016 -1.452608 -5.177399
v -18.247927 -0.716585 -5.177399
v -18.515303 -1.149208 -5.877396
v -19.248480 -1.913430 -5.932022
v -18.944113 -1.515377 -6.436615
v -19.915911 8.399549 -13.599289
v -19.125074 7.959370 -14.440552
v -19.692616 7.976999 -14.179947
v -19.612511 9.099550 -13.541000
v -20.348534 9.099550 -13.331909
v -19.627375 9.663549 -13.479721
v -20.363400 9.663549 -13.270630
v -19.093596 9.741167 -13.767563
v -18.844944 8.956635 -14.015381
v -18.448343 9.389257 -14.506287
v -18.683739 10.225628 -14.224686
v -18.394186 9.702644 -15.280060
v -18.380615 10.746481 -14.949799
v -18.411406 11.168655 -14.065491
v -18.651285 10.854809 -13.181183
v -19.351286 10.587431 -12.748566
v -20.216534 10.587431 -12.748566
v -20.690559 10.438549 -13.086884
v -20.519932 11.287432 -12.690277
v -21.094910 11.295948 -12.557892
v -20.791512 11.995949 -12.499603
v -20.216534 11.987432 -12.748566
v -20.386593 12.537678 -12.926254
v -20.990948 12.768520 -12.552750
v -20.827534 13.128572 -13.257889
v -21.371044 13.567665 -12.778915
v -21.197407 13.102577 -12.012222
v -20.981880 12.769567 -11.398743
v -20.596481 13.615868 -11.424942
v -20.099167 12.907095 -11.105911
v -20.531792 12.416185 -10.709320
v -21.272968 11.887245 -11.430832
v -19.854912 12.409565 -10.435760
v -19.335022 13.369370 -10.678131
v -18.838255 12.864267 -10.415604
v -19.431965 12.116936 -9.807022
v -18.570879 12.431644 -9.715607
v -19.014534 11.707878 -9.037582
v -18.527927 12.103060 -8.895020
v -18.960518 11.709902 -8.019119
v -18.119755 12.422579 -8.287491
v -18.682030 12.063908 -7.470108
v -19.382029 12.005619 -7.166702
v -17.944534 12.788877 -9.255585
v -17.271244 13.294868 -8.701752
v -17.623535 13.055527 -7.824890
v -16.454456 13.693455 -7.893402
v -16.886261 13.461449 -7.334167
v -17.623535 13.055527 -6.866928
v -18.219572 12.715578 -6.439453
v -17.615215 12.946423 -6.065933
v -18.587534 12.649878 -5.676239
v -18.661968 12.437010 -6.467667
v -19.324751 12.380611 -6.136566
v -19.429535 12.143826 -5.323395
v -20.129536 12.085539 -5.626801
v -20.129536 12.312550 -6.425903
v -20.889534 12.022255 -5.956207
v -20.688534 11.469877 -4.924576
v -19.944199 11.636198 -4.537476
v -20.644199 11.368822 -4.104858
v -21.300953 10.958857 -4.965912
v -21.708370 10.815044 -3.799805
v -21.774967 10.415245 -4.522980
v -22.331182 9.912981 -3.515244
v -22.305353 9.556877 -4.210632
v -22.235641 9.894293 -5.020905
v -22.394760 9.334557 -3.340637
v -22.561535 10.034550 -2.492905
v -22.439791 9.021080 -2.606857
v -22.374985 9.562851 -1.679596
v -22.449306 9.039257 -1.745331
v -22.672623 8.095856 -1.838242
v -22.471102 8.114010 -0.894150
v -23.163534 7.699255 -1.405609
v -22.934465 7.228434 -2.263992
v -23.633240 6.939257 -1.695908
v -23.202646 6.469549 -2.228897
v -23.633240 5.999842 -1.695908
v -23.923534 6.469549 -0.935913
v -23.696524 5.670437 -0.935913
v -23.214622 5.176573 -1.575912
v -23.262600 5.179733 -0.466888
v -22.989811 4.198175 -1.055786
v -23.053511 4.443710 -0.466888
v -23.141535 3.694550 -0.240906
v -23.212923 3.344364 -1.104767
v -23.433407 2.892521 -0.613220
v -23.607044 2.427433 -1.379913
v -23.642496 2.156498 -0.613220
v -23.838535 1.612549 -1.379913
v -23.542511 2.091526 -2.154907
v -23.626774 1.003035 -2.235229
v -23.103418 1.612549 -2.698410
v -23.090277 0.302549 -2.708008
v -23.571863 -0.222780 -2.111908
v -22.721863 -0.547449 -2.637238
v -22.196535 0.302549 -2.961914
v -21.728411 -0.569775 -2.788239
v -22.261839 -1.173794 -2.279999
v -21.442348 -1.498709 -2.722900
v -20.923107 -0.514816 -2.800827
v -20.454309 -1.148075 -3.272186
v -21.023888 -1.920482 -3.335922
v -20.133863 -1.756452 -3.998230
v -20.565199 -2.643194 -4.200699
v -19.757206 -2.048286 -4.569809
v -20.085884 -2.970439 -4.947403
v -19.679874 -2.357257 -5.316101
v -18.303301 7.711567 -17.429901
v -18.519224 7.201839 -17.365417
v -18.310968 7.483236 -16.858902
v -18.102713 7.764629 -16.352386
v -17.678535 8.555752 -15.910355
v -17.926481 8.021994 -15.910355
v -18.159815 7.932871 -15.299484
v -17.945911 8.988375 -15.210358
v -18.448343 8.524012 -14.506287
v -17.887623 9.291775 -15.910355
v -17.945911 8.988375 -16.610367
v -18.378534 9.688375 -16.342987
v -18.645910 9.255753 -17.042984
v -18.838463 9.930830 -16.302811
v -18.696995 10.215549 -15.658478
v -19.151638 10.974550 -16.229813
v -18.438904 11.049881 -15.649796
v -18.835503 11.482504 -16.140701
v -18.438904 11.915127 -15.649796
v -18.171528 11.482504 -14.949799
v -18.380615 12.218527 -14.949799
v -18.515951 11.969292 -14.065491
v -18.866575 12.612141 -14.423492
v -19.083910 12.420055 -13.448563
v -18.651285 11.720055 -13.181183
v -19.351286 11.987432 -12.748566
v -19.047886 11.287432 -12.690277
v -19.783909 11.287432 -12.481186
v -19.619911 12.573130 -13.197189
v -19.352535 13.005753 -13.897186
v -20.052534 13.064039 -13.593796
v -19.619911 13.531643 -14.155701
v -20.531511 13.607550 -14.032883
v -20.052534 14.382549 -14.328903
v -20.867418 14.382549 -14.097412
v -21.306511 13.903572 -13.553909
v -21.306511 14.861523 -13.553909
v -21.602535 14.382549 -12.778915
v -21.371044 15.197433 -12.778915
v -21.306511 14.861523 -12.003906
v -21.306511 13.903572 -12.003906
v -20.867418 14.382549 -11.460403
v -20.596481 15.149231 -11.424942
v -20.122646 14.382549 -11.132095
v -19.828844 14.808598 -11.051300
v -20.138350 15.581532 -11.010849
v -19.318241 15.290550 -10.640198
v -18.848534 14.515415 -10.786011
v -18.395031 15.249199 -10.505722
v -18.112511 14.515415 -10.576920
v -18.475384 13.689842 -10.496262
v -17.614407 14.142147 -10.033829
v -18.138256 13.131645 -9.982986
v -17.378719 13.628880 -9.402298
v -16.794706 14.498325 -9.560272
v -16.656240 14.104258 -8.847916
v -16.186535 14.864254 -9.138199
v -15.896240 14.394550 -8.378204
v -15.426535 14.927540 -8.808792
v -15.204195 14.364399 -7.919250
v -15.705753 13.693653 -7.439804
v -14.945462 13.744272 -7.123810
v -15.381853 13.213799 -6.498566
v -16.081854 13.155512 -6.801956
v -16.081854 12.946423 -6.065933
v -16.885593 13.075987 -6.460785
v -16.922651 12.822824 -5.654541
v -15.925869 12.778822 -5.363968
v -16.774261 13.039055 -4.924927
v -17.765499 12.980221 -5.050766
v -17.853752 13.202648 -4.202011
v -18.695133 12.734095 -4.685638
v -18.782631 12.812349 -3.627930
v -19.111187 12.280552 -4.314789
v -19.052898 11.977152 -3.614792
v -19.543810 11.580551 -4.047409
v -19.543810 11.580551 -3.182175
v -20.243809 11.313175 -3.614792
v -20.243809 11.522264 -2.878769
v -21.070976 11.432163 -3.309036
v -21.041534 11.554550 -2.492905
v -21.801535 11.264256 -2.962616
v -21.801535 11.264256 -2.023209
v -22.334524 10.833662 -2.492905
v -22.271240 10.504257 -3.252914
v -22.271240 10.504257 -1.732910
v -21.511240 10.794548 -1.263199
v -21.840647 10.034550 -1.199921
v -21.083294 10.102116 -0.848450
v -21.137421 9.517941 -0.662399
v -21.986614 8.973461 -1.152222
v -21.810617 8.606834 -0.406326
v -20.776863 8.934547 0.023422
v -21.163965 8.190212 0.189743
v -22.451174 7.837721 -0.072128
v -21.950031 7.270901 0.428268
v -22.873241 7.229548 0.293793
v -23.163534 7.699255 -0.466202
v -23.633240 6.939257 -0.175903
v -23.696524 7.268661 -0.935913
v -23.202646 6.469549 0.357086
v -23.633240 5.999842 -0.175903
v -22.934465 5.710665 0.392166
v -22.403534 6.469549 0.584091
v -21.939463 5.870893 0.509811
v -22.445293 5.001982 0.708557
v -21.441534 5.170893 0.777191
v -21.939463 4.679983 1.173782
v -22.816864 4.219879 0.609085
v -22.758575 3.916479 1.309097
v -23.198898 3.462152 0.573975
v -23.493670 3.301434 1.912323
v -23.588911 2.546694 0.953079
v -23.336079 2.968922 0.006088
v -23.530624 2.243294 0.253082
v -24.057035 1.789251 0.663757
v -24.052361 1.103045 0.447388
v -24.802561 1.378271 1.080582
v -24.489136 0.534668 1.132721
v -25.246864 0.499552 1.514771
v -24.930988 -0.334972 1.574051
v -24.431278 -0.087433 1.126007
v -24.521912 -0.902121 1.084137
v -24.034678 -0.520056 0.635086
v -24.467300 -1.220057 0.367722
v -23.976391 -0.823456 -0.064911
v -23.767302 -0.087433 -0.064911
v -24.034678 -0.520056 -0.764908
v -23.896534 0.302549 -1.261902
v -23.784985 0.670422 -0.252609
v -24.012186 -0.633699 -1.376785
v -24.512884 -1.293627 -0.576660
v -24.140335 -1.896427 -1.552002
v -23.515043 -1.830843 -1.684036
v -23.082420 -1.130842 -1.951416
v -22.779020 -1.830843 -1.893127
v -22.461365 -2.229451 -1.996857
v -21.820786 -2.102825 -2.246887
v -22.058285 -2.895554 -2.378265
v -21.424187 -2.535449 -2.737793
v -22.764765 -2.929451 -2.055145
v -22.208534 -3.829451 -2.398911
v -21.256039 -3.970620 -2.509659
v -21.029888 -3.264303 -3.285904
v -20.556040 -4.237996 -2.942291
v -20.224239 -3.992156 -3.803909
v -20.265060 -4.943068 -3.695374
v -20.011568 -4.409734 -4.600906
v -20.154583 -3.720496 -4.669983
v -19.837753 -5.029578 -4.931229
v -19.911886 -5.980913 -4.794891
v -19.658102 -5.432260 -5.630569
v -19.853600 -6.284313 -5.494888
v -20.137661 -6.708821 -5.889740
v -20.576042 -7.204568 -5.415909
v -20.511511 -7.540474 -6.190903
v -19.801483 -7.252769 -6.769867
v -19.417912 -6.498075 -6.601913
v -19.045853 -6.921363 -7.413239
v -19.269276 -8.057177 -7.075806
v -18.750605 -7.419086 -7.597488
v -18.345654 -8.094904 -7.088898
v -18.254316 -7.695386 -7.699799
v -17.719324 -7.964004 -7.625046
v -17.873301 -8.351557 -6.957886
v -17.286903 -8.386391 -7.261215
v -17.667526 -8.767493 -6.459763
v -17.074455 -8.836350 -6.639786
v -16.889532 -9.227678 -6.109192
v -18.646736 8.301544 -18.173599
v -18.726292 7.407482 -19.110214
v -18.631123 7.296682 -18.143570
v -18.942287 8.468853 -19.035736
v -19.155418 9.158899 -17.949905
v -18.465481 8.580349 -17.287430
v -19.226419 9.273781 -19.143036
v -19.890533 9.599222 -18.546234
v -19.890533 9.599222 -17.495575
v -19.126019 9.465553 -17.055649
v -19.565863 10.124552 -16.645584
v -20.415863 10.449221 -17.170914
v -19.934277 10.974550 -16.574799
v -20.415863 11.499880 -17.170914
v -19.565863 11.824549 -16.645584
v -19.890533 12.349878 -17.495575
v -19.146198 12.516199 -17.108475
v -18.752911 12.268927 -16.215912
v -18.655289 12.912800 -16.675858
v -18.289495 13.245499 -16.282593
v -18.485535 12.701550 -15.515915
v -18.347782 13.548899 -15.582596
v -18.836411 13.199219 -14.702118
v -18.929678 13.919548 -14.928299
v -18.229677 14.186926 -15.360931
v -18.626278 14.619549 -14.870010
v -19.316511 14.382549 -14.537994
v -19.122046 15.238056 -14.424683
v -19.795769 15.158001 -14.393616
v -19.454863 15.931549 -13.998230
v -20.362926 15.771061 -13.508789
v -20.531511 15.157547 -14.032883
v -20.827534 15.636524 -13.257889
v -20.412531 16.155945 -12.778915
v -20.932661 15.693180 -12.305069
v -20.466484 16.112465 -11.869904
v -20.176617 16.581482 -12.628799
v -20.141523 16.849659 -11.869904
v -20.078239 16.520252 -11.109909
v -19.608536 17.280254 -11.400208
v -19.318241 16.810547 -10.640198
v -19.647646 16.050549 -10.576920
v -18.848534 16.050549 -10.349915
v -18.378830 16.810547 -10.640198
v -18.049423 16.050549 -10.576920
v -17.618828 16.520252 -11.109909
v -17.262360 15.788910 -11.102341
v -17.570158 15.384499 -10.629578
v -16.961670 14.927540 -10.343933
v -16.771450 15.392307 -11.534958
v -16.126534 14.985828 -10.710419
v -16.227886 14.998730 -10.061417
v -15.426535 14.927540 -10.407013
v -15.426535 15.154549 -9.607910
v -14.667650 14.962631 -10.138840
v -14.658967 15.011635 -9.133530
v -13.815200 15.029819 -9.640961
v -13.879555 15.265656 -8.790390
v -14.718419 14.931755 -8.307709
v -13.859535 15.130878 -7.770584
v -14.420986 14.409557 -7.352585
v -13.663544 14.698872 -6.884460
v -14.253863 13.802502 -6.605530
v -13.553864 14.069880 -6.172913
v -13.896630 13.342478 -5.979187
v -14.686487 13.311592 -6.208939
v -14.520370 12.408016 -5.231339
v -15.181535 12.821590 -5.712891
v -15.255191 12.522644 -4.949463
v -14.882149 11.919052 -4.718903
v -15.285428 12.398293 -4.018906
v -15.881535 12.879877 -4.544235
v -15.773935 12.964094 -3.553635
v -16.674093 13.307922 -4.109955
v -16.445534 13.584879 -3.325241
v -17.295534 13.655655 -3.693649
v -17.295534 13.909548 -2.799911
v -18.145535 13.584879 -3.325241
v -18.145535 13.584879 -2.274582
v -18.741642 13.103292 -2.799911
v -18.670864 12.734879 -1.949905
v -19.098909 12.300602 -2.857346
v -19.073309 12.059839 -1.993011
v -19.573967 11.679010 -2.451157
v -18.710230 11.711620 -1.814484
v -19.013630 11.011620 -1.756195
v -19.878878 11.011620 -1.756195
v -20.282650 11.362631 -1.961975
v -20.351435 10.802185 -1.370560
v -21.041534 11.327539 -1.693802
v -19.572336 10.419811 -1.220444
v -18.872335 10.478100 -0.917053
v -19.711559 10.048649 -0.246109
v -20.437420 9.785318 -0.229767
v -20.076864 9.201925 0.456039
v -19.502043 9.562319 0.540604
v -19.396534 9.328878 1.022415
v -19.921864 8.478880 1.347092
v -20.463966 8.457590 0.622360
v -20.447529 7.953550 0.935944
v -19.921864 7.428221 1.347092
v -20.247303 6.831417 0.682983
v -21.123808 7.116356 0.648682
v -20.679926 6.131416 0.415604
v -21.605597 6.469549 0.472946
v -19.943903 6.131416 0.624695
v -20.379143 5.301155 0.730087
v -19.370869 5.237501 0.982605
v -19.680374 4.464567 1.023071
v -20.916206 4.544548 1.134415
v -20.112997 3.764566 1.290436
v -21.183582 4.111925 1.834427
v -20.555883 3.115549 2.098206
v -20.867723 3.699219 2.709030
v -21.183582 4.111925 2.699661
v -20.925428 4.009293 3.613098
v -21.521534 4.490877 3.087769
v -21.521534 4.490877 4.138428
v -22.371534 4.815550 3.613098
v -22.371534 4.561657 2.719345
v -22.371534 4.352568 1.983322
v -23.025545 4.058876 2.201645
v -23.221535 4.490877 3.087769
v -23.806448 3.767189 2.718536
v -23.817640 4.009293 3.613098
v -24.345806 3.327980 3.240051
v -24.288910 3.286568 2.392944
v -24.721535 2.795658 1.996353
v -24.021534 2.853945 1.692947
v -24.288910 2.279316 1.385696
v -25.246864 2.199549 1.514771
v -25.571535 2.724878 2.364761
v -26.096863 1.874880 2.040085
v -25.615278 1.349550 1.443985
v -26.096863 0.824221 2.040085
v -26.421534 1.349550 2.890091
v -26.279377 0.363365 2.926773
v -25.722303 -0.039961 2.271576
v -26.299658 -0.594986 3.180618
v -25.633579 -0.865969 2.153320
v -26.632240 -1.563744 2.807098
v -25.848255 -1.526731 1.976791
v -25.148254 -1.259354 1.544159
v -25.613531 -2.012188 1.256607
v -24.954535 -1.602121 0.816757
v -25.479864 -2.452122 0.492096
v -24.983641 -1.830709 -0.064911
v -25.353186 -2.724451 -0.179794
v -24.912863 -2.199122 -0.914902
v -24.912863 -3.249780 -0.914902
v -24.431278 -2.724451 -1.511017
v -24.186806 -3.570226 -1.523285
v -23.628588 -2.667009 -1.868286
v -23.154850 -3.829451 -2.130081
v -23.664764 -4.385681 -1.498901
v -22.764765 -4.729450 -2.055145
v -23.108534 -5.285681 -1.155136
v -22.315044 -5.416683 -1.620560
v -21.775911 -4.811790 -2.188370
v -21.472511 -5.511790 -2.130081
v -20.961246 -4.849676 -2.423645
v -21.075911 -5.944414 -2.620987
v -20.573256 -5.461355 -2.886841
v -21.776747 -6.215596 -1.462021
v -21.378736 -6.735700 -2.362793
v -21.229534 -7.179451 -3.088913
v -20.904863 -6.654122 -3.938904
v -20.522636 -5.777348 -3.647125
v -20.219046 -6.293567 -4.522308
v -20.766552 -7.179451 -4.718674
v -21.034382 -7.718029 -3.927902
v -20.872240 -7.762683 -4.640457
v -20.611496 -8.563397 -4.649231
v -20.807533 -8.019450 -5.415909
v -20.576042 -8.834332 -5.415909
v -20.511511 -8.498426 -6.190903
v -20.032536 -9.273426 -5.894882
v -19.736511 -8.794450 -6.669891
v -20.072418 -8.019450 -6.734421
v -19.257534 -9.337958 -6.230789
v -18.778559 -8.794450 -6.669891
v -18.482534 -9.273426 -5.894882
v -19.257534 -9.569450 -5.415909
v -18.755703 -9.709280 -4.886688
v -17.892702 -9.318431 -5.471725
v -17.969540 -9.652298 -4.545486
v -17.318535 -9.316451 -5.236908
v -16.734713 -9.529163 -4.611298
v -16.609564 -9.612560 -5.600449
v -16.287008 -9.679585 -5.177948
v -18.597807 8.133495 -19.900574
v -18.373585 7.549587 -20.573654
v -18.676073 7.647480 -19.900955
v -18.698864 8.953220 -19.944916
v -17.879864 8.668278 -20.610733
v -18.217278 9.478550 -20.541016
v -18.748062 10.020441 -20.074097
v -17.848864 10.328548 -20.470245
v -18.409645 10.797058 -20.037384
v -19.130095 10.987617 -19.828354
v -19.692175 10.080000 -19.455826
v -19.934277 10.974550 -19.467010
v -20.415863 10.449221 -18.870911
v -20.415863 11.499880 -18.870911
v -20.740534 10.974550 -18.020905
v -20.486641 10.080807 -18.020905
v -20.486641 11.868294 -18.020905
v -19.890533 12.349878 -18.546234
v -19.565863 11.824549 -19.396240
v -19.126019 12.483547 -18.986176
v -18.589405 13.102242 -18.732162
v -18.231283 12.519413 -19.693405
v -17.814304 13.285061 -19.372421
v -18.170864 13.685879 -18.747910
v -18.625570 13.229227 -17.707596
v -18.326878 14.144482 -17.961578
v -18.371902 14.124971 -17.228027
v -18.347782 13.548899 -16.982590
v -18.080406 13.981522 -16.282593
v -18.383148 15.008415 -17.257462
v -17.962301 14.619549 -16.060928
v -18.171391 15.355572 -16.060928
v -18.035652 15.879215 -15.730896
v -18.351845 15.492031 -14.922623
v -18.215240 16.294254 -16.526901
v -17.511898 16.658749 -15.987244
v -16.985535 16.168774 -15.539032
v -16.985535 15.959682 -14.803009
v -17.785368 16.181377 -14.303680
v -18.578310 16.077923 -14.073181
v -17.675093 16.422924 -13.514954
v -18.379519 16.909615 -13.159729
v -18.994839 16.557892 -13.641006
v -19.317551 16.909615 -13.159729
v -19.872860 16.493000 -13.276917
v -18.848534 17.343540 -12.669022
v -19.608536 17.280254 -12.339615
v -18.848534 17.570545 -11.869904
v -18.088535 17.280254 -12.339615
v -18.088535 17.280254 -11.400208
v -18.848534 17.343540 -11.070801
v -17.555546 16.849659 -11.869904
v -17.446949 16.486481 -12.547379
v -17.230587 16.112465 -11.869904
v -16.956039 16.089878 -12.979996
v -16.881672 16.139877 -14.064926
v -16.078777 15.824604 -13.429016
v -16.357206 15.144878 -12.573914
v -15.657207 14.877502 -13.006531
v -15.924582 14.444881 -12.306534
v -16.415493 14.841480 -11.873901
v -15.924582 14.444881 -11.441284
v -15.224583 14.177504 -11.873901
v -15.091051 14.440105 -11.017807
v -14.184585 14.244070 -11.324249
v -14.184585 14.453159 -10.588211
v -13.484585 14.511448 -10.891617
v -13.484585 14.511448 -11.756866
v -12.993673 14.908047 -11.324249
v -12.607053 15.288258 -11.316483
v -13.051961 15.211445 -12.024246
v -12.399534 15.677639 -12.041931
v -12.764849 16.168549 -12.549667
v -11.966910 16.168549 -12.438538
v -11.586117 15.428524 -12.004242
v -11.517075 15.849415 -12.790085
v -11.095205 15.031925 -12.436859
v -11.095205 15.031925 -11.571609
v -11.614027 15.678913 -11.054199
v -10.827829 15.464546 -10.871613
v -11.297535 15.997540 -10.441025
v -12.057535 15.934254 -10.111618
v -12.607053 15.288258 -10.451233
v -12.647511 15.597767 -9.641907
v -12.953535 15.151882 -10.044235
v -13.115200 15.297199 -9.208344
v -12.309535 15.722927 -8.728531
v -13.009535 15.455547 -8.295914
v -11.766551 15.563614 -8.352097
v -12.057535 15.934254 -9.172195
v -11.297535 15.997540 -8.842804
v -10.827829 15.464546 -8.412201
v -11.171987 15.040436 -7.583862
v -11.766551 15.354523 -7.616074
v -12.178535 15.244549 -7.022903
v -11.328534 14.919880 -6.497574
v -12.178535 14.990658 -6.129166
v -13.028535 14.919880 -6.497574
v -13.027893 15.309647 -7.335724
v -12.703863 14.394550 -5.647583
v -11.653206 14.394550 -5.647583
v -12.178535 13.544550 -5.322906
v -13.072277 13.544550 -5.576797
v -12.733864 12.881821 -5.315094
v -11.621206 12.881821 -5.315094
v -12.177535 12.071548 -5.130905
v -13.057314 12.071548 -5.269073
v -12.702864 11.221550 -5.455582
v -13.522590 11.265884 -5.556641
v -14.258614 11.265884 -5.347549
v -13.997810 10.632950 -5.831360
v -14.730463 10.546829 -5.572815
v -14.882149 11.090046 -4.718903
v -15.246696 10.369156 -4.937561
v -15.285428 10.610806 -4.018906
v -15.031534 11.504549 -4.018906
v -15.244437 10.901749 -3.190887
v -15.183259 12.008175 -3.204025
v -14.940643 11.400978 -2.413040
v -15.009697 12.372562 -2.315338
v -15.393023 13.104927 -2.502625
v -14.996423 13.537550 -2.011719
v -15.551814 13.660267 -2.165207
v -15.819190 13.227644 -2.865219
v -15.958607 14.015984 -1.993607
v -14.522588 12.770868 -1.718872
v -14.251653 13.537550 -1.683411
v -14.587559 14.312550 -1.618881
v -13.812559 14.016527 -1.139908
v -14.291535 14.791523 -0.843887
v -15.066535 14.856060 -1.179794
v -15.066535 15.087547 -0.364914
v -14.291535 14.791523 0.114075
v -15.066535 14.856060 0.449982
v -15.841536 14.791523 0.114075
v -16.527756 14.783581 -0.411896
v -16.456535 14.476658 -1.472656
v -17.306534 14.405880 -1.104233
v -17.410418 14.025202 -1.863663
v -16.658607 14.074270 -2.296997
v -18.088955 13.467621 -1.432983
v -17.902641 13.924294 -0.578903
v -18.156536 13.030550 -0.578903
v -18.368771 12.371086 -1.301239
v -18.126762 12.282881 -0.548401
v -18.313629 11.278997 -1.323563
v -18.054623 11.092007 -0.537445
v -17.399860 11.619099 0.075104
v -16.908157 10.951784 -0.066513
v -17.158886 10.178026 -0.160339
v -18.157303 10.508415 -0.393021
v -17.638929 9.688946 0.401108
v -18.736731 10.012581 0.024200
v -18.546535 9.744648 0.608200
v -17.696535 9.328878 1.022415
v -18.546535 9.399658 1.390839
v -18.021206 8.803549 1.872421
v -19.071863 8.803549 1.872421
v -18.546535 7.953550 2.197098
v -19.440277 7.953550 1.943192
v -19.071863 7.103552 1.872421
v -18.021206 7.103552 1.872421
v -18.611839 6.477207 1.515182
v -19.489861 6.542099 1.151093
v -19.033632 5.878830 1.189148
v -18.124241 6.155550 1.602798
v -18.634844 5.237501 1.191696
v -17.652792 7.953550 1.943192
v -17.171206 7.428221 1.347092
v -17.171206 8.478880 1.347092
v -16.846535 7.953550 0.497086
v -17.134472 8.908237 0.538452
v -16.708117 8.350857 -0.335907
v -17.042141 9.150694 -0.202911
v -16.649830 8.654257 -1.035904
v -16.649830 9.519503 -1.035904
v -16.313717 10.312355 -0.660675
v -16.149132 9.849533 -1.683411
v -15.625534 10.506222 -1.045578
v -15.461838 10.660629 -2.182007
v -16.116446 10.109621 -2.528854
v -15.029428 10.987806 -1.570908
v -15.028128 11.250031 -0.696411
v -14.672160 11.790497 -1.628357
v -14.706540 11.764153 -0.364914
v -14.186410 12.226921 -0.838745
v -14.291535 12.283573 0.114075
v -13.748027 12.722666 -0.364914
v -13.812559 13.058573 -1.139908
v -13.516535 13.537550 -0.364914
v -13.812559 13.058573 0.410095
v -13.812559 14.016527 0.410095
v -13.748027 14.352432 -0.364914
v -14.251653 13.537550 0.953598
v -14.587559 14.312550 0.889069
v -15.066535 13.537550 1.185089
v -15.545511 14.312550 0.889069
v -15.948291 13.748932 0.999146
v -16.421543 14.441849 0.536102
v -16.981863 13.880550 0.796417
v -17.306534 14.405880 -0.053574
v -17.831863 13.555880 0.271088
v -17.350277 13.030550 0.867203
v -17.831863 12.505220 0.271088
v -16.981863 12.180552 0.796417
v -16.456535 13.030550 1.121094
v -15.931206 12.180552 0.796417
v -16.444958 11.526329 0.411911
v -15.570650 11.597158 0.110596
v -15.950206 11.031551 -0.195587
v -15.040764 12.126297 0.505295
v -15.522475 12.724369 1.026306
v -14.587559 12.762550 0.889069
v -15.746102 10.089853 -3.520981
v -16.058159 9.806221 -3.228867
v -15.737607 9.972555 -4.504929
v -15.679319 9.669155 -5.204926
v -15.163087 9.846828 -5.840195
v -15.342829 9.235842 -5.794907
v -14.766487 9.414206 -6.331100
v -14.422113 9.087435 -6.541534
v -14.030463 9.414206 -6.540192
v -13.458559 9.163685 -6.634918
v -13.989490 8.387434 -6.808914
v -14.725513 8.387434 -6.599823
v -14.422113 7.687433 -6.541534
v -15.122113 7.954811 -6.108917
v -13.155159 9.863686 -6.576630
v -12.722535 9.163685 -6.844009
v -12.252830 9.788549 -6.698196
v -12.722535 10.354595 -6.180038
v -12.177535 10.625443 -5.937164
v -13.067259 10.632950 -5.831360
v -13.532535 10.114206 -6.272812
v -14.463087 10.114206 -6.272812
v -11.652206 11.221550 -5.455582
v -11.283792 12.071548 -5.384796
v -10.746712 11.559801 -5.855560
v -10.707020 12.554575 -5.902023
v -10.361883 12.142551 -6.716019
v -9.951200 11.407049 -6.391205
v -9.661883 11.875174 -7.148651
v -9.353185 11.053860 -6.560211
v -8.822050 11.996078 -7.237930
v -8.389206 10.940548 -6.654587
v -7.828424 11.409058 -7.087433
v -7.824206 11.981548 -7.366577
v -8.349535 12.577656 -7.848160
v -7.499537 12.506878 -8.216583
v -8.292093 12.934925 -8.650864
v -9.049535 12.980936 -8.327408
v -8.807652 13.360201 -8.995667
v -7.993656 13.015064 -9.448883
v -8.807652 13.360201 -9.931915
v -8.072536 12.919878 -10.457245
v -8.837049 13.053547 -10.897171
v -8.397206 12.394548 -11.307236
v -9.124606 12.588270 -11.650009
v -8.792582 11.951925 -12.188278
v -7.800401 11.730434 -11.632675
v -7.877418 11.527201 -12.266907
v -7.177418 11.259825 -12.699539
v -8.049000 11.600876 -12.967056
v -7.370583 11.349878 -13.327286
v -6.362535 11.157658 -13.089645
v -6.362535 11.411551 -12.195908
v -5.512537 11.086878 -12.721237
v -5.837206 10.561548 -13.571243
v -6.705803 10.752007 -13.981628
v -6.362535 9.711550 -13.895905
v -5.468792 9.711550 -13.642014
v -7.098558 9.711550 -14.104996
v -6.594933 8.896667 -13.953278
v -7.559521 9.355614 -14.674973
v -7.623884 10.297546 -14.754028
v -7.891260 9.864923 -15.454025
v -7.682172 9.128901 -15.454025
v -7.399370 8.662516 -15.567200
v -7.648438 8.785400 -16.268906
v -7.857527 9.521423 -16.268906
v -7.590151 9.088800 -16.968903
v -6.970316 8.200771 -16.617920
v -7.190281 7.926493 -15.567200
v -6.971928 7.649860 -15.062866
v -6.481018 7.253260 -15.495483
v -6.481018 7.253260 -14.630234
v -6.913641 7.953260 -14.362854
v -6.213640 7.685883 -13.930237
v -6.517040 8.385883 -13.871948
v -5.882431 8.319550 -13.516006
v -5.846409 7.186926 -14.274292
v -5.781017 6.985884 -15.062866
v -5.056200 6.814198 -15.294479
v -4.769325 6.201851 -14.469177
v -5.326782 6.540997 -13.929138
v -5.275148 5.513676 -14.473526
v -5.975149 5.246298 -14.040909
v -6.210150 5.873047 -13.376907
v -5.777527 6.573048 -13.109528
v -6.268436 6.176447 -12.676910
v -5.777527 6.573048 -12.244278
v -6.210150 5.873047 -11.976913
v -5.510149 6.140425 -11.544281
v -5.813549 5.440424 -11.485992
v -6.210150 5.007801 -11.976913
v -5.694641 4.661261 -11.464859
v -5.298040 5.093884 -10.973953
v -4.994640 4.393883 -11.032242
v -4.150118 5.285902 -10.833862
v -4.086470 4.839804 -10.809540
v -5.341829 3.847258 -11.682907
v -4.597902 3.194267 -11.056931
v -3.853090 4.206600 -10.837204
v -3.958651 3.321562 -10.933075
v 13.781761 9.288548 8.283798
v 13.483898 10.114723 7.315735
v 13.349136 9.988548 8.016418
v 12.916512 10.688549 8.283798
v -5.388159 -7.041961 7.892197
v -4.862314 -6.710584 8.377106
v -5.263868 -6.916751 8.486130
v -5.694361 -7.525809 7.543655
v -5.929258 -6.684939 7.476089
v -5.987545 -6.988339 6.776093
v -5.760534 -7.787451 6.776093
v -6.050829 -8.257156 7.536087
v -5.923498 -8.687590 6.800919
v -6.462646 -9.093346 7.312531
v -6.810827 -8.547451 8.005798
v -6.592819 -7.660460 8.219269
v -7.280535 -7.787451 8.296097
v -6.847912 -6.952315 8.127365
v -7.734037 -6.986099 8.140274
v -7.465242 -6.165068 7.775909
v -7.934217 -5.978034 7.901230
v -7.879430 -5.658708 6.921097
v -7.388519 -6.055307 6.488464
v -6.479183 -6.423269 7.229599
v -6.777725 -6.140403 6.113434
v -7.821142 -5.355308 6.221085
v -8.408798 -5.105581 7.236801
v -8.353624 -4.726002 6.325058
v -8.800206 -5.702450 8.296417
v -9.563702 -5.058261 7.802994
v -9.563702 -4.826770 6.988113
v -9.325535 -4.643362 6.185074
v -9.907535 -4.435065 6.031586
v -10.607534 -4.584451 6.446091
v -10.607534 -4.838345 5.552353
v -9.907535 -4.780057 5.248947
v -10.747489 -5.069335 4.715088
v -9.907535 -4.780057 4.383698
v -9.416623 -4.383457 4.816330
v -9.474911 -4.080057 4.116333
v -10.314865 -4.369335 3.582458
v -10.011465 -3.669335 3.524170
v -10.747489 -3.669335 3.315079
v -11.180113 -4.369335 3.582458
v -11.483513 -3.669335 3.524170
v -11.880113 -4.101959 4.015091
v -12.148293 -3.343075 3.979996
v -12.308061 -3.467962 4.716965
v -11.938400 -4.405359 4.715088
v -12.806141 -3.722075 5.244858
v -12.373517 -4.422074 5.512238
v -12.783878 -4.133731 5.544022
v -13.416792 -3.289451 5.761200
v -13.754206 -4.099725 5.830902
v -14.415951 -3.291410 6.149750
v -14.118535 -2.478488 6.436127
v -13.113392 -2.589451 5.819489
v -13.639559 -1.882450 6.776062
v -14.597511 -1.882450 6.776062
v -14.118535 -1.107450 7.072098
v -13.303653 -1.107450 6.840607
v -13.639559 -0.332451 6.776062
v -14.597511 -0.332451 6.776062
v -14.118535 0.211060 6.336975
v -14.933418 -1.107450 6.840607
v -15.116478 -2.362161 6.361343
v -15.358852 -3.206315 6.364929
v -16.127026 -2.403458 5.974426
v -15.914766 -1.852898 5.785614
v -16.496817 -2.398937 5.222473
v -17.196815 -2.666313 5.655090
v -17.196815 -2.457225 4.919067
v -17.896816 -2.398937 5.222473
v -17.629440 -1.966313 4.522461
v -18.329441 -1.698937 4.955093
v -18.452732 -1.831133 5.742172
v -18.018536 -2.546213 6.205414
v -18.651329 -2.045122 6.755814
v -18.889664 -0.792480 6.421768
v -19.073706 -1.529228 7.607925
v -18.935535 -0.649450 7.555084
v -18.898674 -0.308388 6.779099
v -18.943354 0.036047 7.580444
v -19.260206 -0.124121 8.405090
v -19.581985 0.654942 8.186829
v -19.077829 0.959257 7.539093
v -19.837830 1.249548 8.008804
v -19.547535 1.719255 7.248795
v -20.307535 1.782539 7.578201
v -20.307535 2.009550 6.779099
v -21.067535 1.719255 7.248795
v -21.075102 2.075724 6.517456
v -20.278091 1.887165 5.962952
v -21.007534 2.165787 5.548523
v -20.537828 1.516926 5.116760
v -20.805204 1.949549 4.416763
v -20.766697 1.059370 4.208740
v -21.034073 1.491993 3.508743
v -20.824986 0.755970 3.508743
v -20.334074 0.359369 3.941376
v -20.334074 0.359369 3.076126
v -20.766697 1.059370 2.808746
v -20.066698 0.791992 2.376129
v -19.634073 0.301083 2.772720
v -19.201450 0.791992 2.376129
v -19.423260 1.421013 2.062180
v -20.370098 1.491993 2.317841
v -19.855885 1.911922 1.665588
v -18.990635 1.911922 1.665588
v -19.423260 2.611923 1.398209
v -20.159283 2.611923 1.607300
v -20.555883 2.179300 2.098206
v -20.766697 1.924616 2.808746
v -20.823259 2.611923 2.798203
v -20.824986 2.228016 3.508743
v -20.671535 3.115549 3.613098
v -20.845200 2.647425 4.485413
v -20.996206 3.640879 4.463089
v -21.449631 3.043499 5.217941
v -21.846207 3.965548 4.988419
v -22.300533 3.230431 5.428741
v -22.896864 3.965548 4.988419
v -22.371534 4.561657 4.506836
v -23.221535 4.490877 4.138428
v -23.746864 3.640879 4.463089
v -23.669861 3.235001 4.969101
v -24.086840 3.093271 4.340805
v -24.101864 2.348879 5.165085
v -24.519463 2.393270 4.608185
v -24.807020 2.858547 3.855362
v -25.246864 2.199549 4.265427
v -25.571535 2.724878 3.415421
v -26.096863 1.874880 3.740097
v -26.167641 2.243294 2.890091
v -25.615278 1.349550 4.336197
v -26.096863 0.824221 3.740097
v -25.287251 0.551025 4.651825
v -25.908463 -0.023933 4.092514
v -25.511862 -0.456556 4.583420
v -26.236731 -0.733784 4.093460
v -25.872240 -1.273451 4.796799
v -26.632240 -1.563744 4.327087
v -26.695524 -1.234339 3.567093
v -26.922535 -2.033450 3.567093
v -26.632240 -2.503156 4.327087
v -26.695524 -2.832561 3.567093
v -26.632240 -2.503156 2.807098
v -26.162535 -3.263156 3.097382
v -26.071911 -2.544827 2.042084
v -26.295750 -2.033450 2.217117
v -25.775616 -3.324472 1.879974
v -25.804535 -2.977450 1.342087
v -25.686544 -3.824576 1.342087
v -25.630869 -3.445576 0.469772
v -25.475784 -4.069506 0.320343
v -25.079184 -3.636882 -0.170578
v -24.978466 -4.568566 -0.206985
v -24.473316 -4.127124 -0.882095
v -23.978123 -5.010364 -0.827332
v -24.375303 -5.522878 -0.475998
v -23.977829 -6.087451 -0.108612
v -22.845205 -5.654827 -0.808609
v -23.112581 -6.087451 -0.108612
v -22.412582 -6.354827 -0.541245
v -22.988651 -6.713820 0.286758
v -22.497740 -7.110419 -0.145859
v -21.957186 -6.777452 -0.821793
v -21.683184 -7.618881 -0.812576
v -21.516863 -7.231779 -1.556915
v -21.142303 -8.095961 -1.325424
v -21.084015 -7.792561 -2.025421
v -20.776640 -8.474194 -1.641907
v -20.806879 -8.598547 -2.572464
v -20.975641 -8.073194 -3.088913
v -20.514967 -8.594147 -3.586838
v -20.180534 -8.955780 -3.032486
v -20.254641 -9.041193 -4.006912
v -19.658535 -9.522779 -3.481583
v -19.694777 -9.651360 -4.491364
v -18.808535 -9.847450 -4.006912
v -18.808535 -9.593556 -3.113159
v -17.958534 -9.522779 -3.481583
v -18.018368 -9.460062 -2.427139
v -17.379402 -9.175638 -2.514313
v -17.325172 -8.756481 -3.201248
v -17.247492 -9.041877 -3.927399
v -16.814867 -8.341877 -3.660019
v -16.547491 -8.774501 -4.360016
v -16.114868 -8.283589 -3.963409
v -15.737326 -8.863626 -4.215805
v -15.974913 -9.409809 -4.741440
v -15.642975 -12.458190 -3.941162
v -15.337223 -11.773752 -3.937698
v -15.306415 -12.086464 -4.234207
v -14.875695 -12.296412 -4.376999
v -15.374022 -13.027451 -3.818008
v -14.592918 -12.876709 -3.505142
v -14.579953 -12.272552 -3.957626
v -17.201790 8.023558 -20.985916
v -16.751184 7.870306 -21.525604
v -17.282450 7.533998 -21.323975
v -16.433825 8.016359 -21.816376
v -16.705647 8.783449 -21.002991
v -15.977910 9.138926 -21.674911
v -16.587511 9.478550 -21.003998
v -17.323534 9.478550 -20.794907
v -17.091137 10.293432 -20.852280
v -16.256519 10.418674 -21.183990
v -16.559919 11.118675 -21.242279
v -17.257593 11.443211 -20.632004
v -17.545464 11.028549 -20.411957
v -17.707277 11.895550 -20.200012
v -17.310677 12.328173 -20.690918
v -17.503044 12.781435 -20.187302
v -17.170559 12.796558 -21.052322
v -17.182293 13.212797 -20.281738
v -16.914917 13.645420 -20.981735
v -17.182293 14.078043 -20.281738
v -17.124004 14.381443 -20.981735
v -17.341053 14.769218 -20.201965
v -17.608429 14.336596 -19.501953
v -17.608429 15.201843 -19.501953
v -17.805809 14.994926 -19.045792
v -18.039150 15.777096 -18.968735
v -18.144213 15.391201 -18.196350
v -18.215240 16.294254 -18.046906
v -18.505535 15.824551 -17.286911
v -18.278522 16.623661 -17.286911
v -17.745535 17.054256 -17.756607
v -17.745535 17.054256 -16.817200
v -16.985535 17.344547 -17.286911
v -16.985535 17.117542 -16.487793
v -16.198534 17.066692 -16.775513
v -16.516518 16.683617 -15.997101
v -15.743585 16.643158 -16.306595
v -15.743585 16.434067 -15.570572
v -16.163044 16.282230 -15.203781
v -15.340552 16.395687 -14.868530
v -16.077808 16.052692 -14.366272
v -15.377808 16.110981 -14.062866
v -14.849641 16.792290 -14.435913
v -14.850941 16.530071 -13.561417
v -15.224583 15.577503 -13.273911
v -14.392918 15.738026 -13.027313
v -14.791959 14.877502 -13.006531
v -13.751961 14.944069 -12.456863
v -14.354584 14.449020 -12.183395
v -15.224583 14.386593 -12.609940
v -13.494587 15.955990 -12.632538
v -13.928864 16.748547 -13.060577
v -13.215669 16.897991 -12.828293
v -13.696148 17.431377 -13.382797
v -12.869240 17.628548 -12.996201
v -12.399534 16.868549 -12.705902
v -11.929829 17.628548 -12.996201
v -11.600423 16.868549 -12.932922
v -11.169828 17.338253 -13.465912
v -11.066084 16.396847 -13.412598
v -10.768330 16.878628 -14.192123
v -10.755073 15.961540 -14.158340
v -10.890580 15.799435 -13.353912
v -10.623204 15.366810 -14.053909
v -10.681492 15.063412 -13.353912
v -10.163158 14.555172 -14.213913
v -10.430534 14.122549 -13.513916
v -10.626574 14.666496 -12.747223
v -10.163158 13.689926 -12.813904
v -10.377102 14.152245 -12.105835
v -10.556489 14.580715 -11.759232
v -10.004546 13.968525 -11.177048
v -10.404320 14.740940 -10.991882
v -9.946259 14.271925 -10.477051
v -10.067829 15.174252 -10.401901
v -9.777534 14.704548 -9.641907
v -10.004546 15.503658 -9.641907
v -10.537535 15.934254 -10.111618
v -10.537535 15.934254 -9.172195
v -11.297535 16.224545 -9.641907
v -10.067829 15.174252 -8.881912
v -9.946259 14.271925 -8.806778
v -10.404320 14.740940 -8.291931
v -10.004546 13.968525 -8.106781
v -10.329149 13.959055 -7.722916
v -10.674141 14.741692 -7.722916
v -10.732429 14.438293 -7.022903
v -10.375160 13.600101 -6.965469
v -10.803205 14.069880 -6.172913
v -10.652200 13.076426 -6.150589
v -11.284792 13.544550 -5.576797
v -10.362883 12.608301 -6.908020
v -9.966283 13.040924 -7.398941
v -9.662883 12.340923 -7.340652
v -9.280087 12.607893 -7.723816
v -9.513635 13.571924 -8.539398
v -9.568446 13.968525 -9.641907
v -9.513635 13.571924 -10.744415
v -9.425517 13.234690 -11.175278
v -9.916429 13.631290 -11.607910
v -9.879173 13.346581 -12.413574
v -9.484362 12.813398 -12.092285
v -9.871517 12.964870 -13.159195
v -9.411493 12.338526 -12.801956
v -9.380606 12.568270 -13.591812
v -8.920582 11.941925 -13.234573
v -8.653206 12.374548 -13.934586
v -8.056399 11.710434 -13.609146
v -7.803205 12.049879 -14.459915
v -7.375160 11.201099 -14.552460
v -7.478535 11.524549 -15.309906
v -7.682172 10.600946 -15.454025
v -7.630259 11.020924 -16.124786
v -7.739534 10.368549 -16.268906
v -7.472158 10.801172 -16.968903
v -7.590151 9.954046 -16.968903
v -7.131882 10.194363 -17.529388
v -7.188206 9.154928 -17.598953
v -6.598000 9.603870 -18.226883
v -6.404392 8.754942 -18.363907
v -6.609131 8.453236 -17.497742
v -5.936268 7.997501 -18.189484
v -6.051537 7.925877 -17.138580
v -5.181536 7.599936 -17.731415
v -5.181536 7.599936 -16.902405
v -5.583027 7.493031 -16.577805
v -5.118870 7.179911 -16.243881
v -5.818871 7.238197 -15.940475
v -4.481535 7.196655 -16.423172
v -4.356199 6.755911 -15.597870
v -4.481535 7.450550 -17.316910
v -3.640236 7.271626 -16.804688
v -2.895416 6.912825 -16.107285
v -3.550535 6.718655 -15.313171
v -4.033562 6.201427 -14.736389
v -3.025206 6.122547 -14.831573
v -3.550535 5.272549 -14.506912
v -4.397661 5.272549 -14.624893
v -4.075865 4.422550 -14.831573
v -4.842525 4.813675 -14.740906
v -4.869043 4.330067 -15.120804
v -5.316582 4.408596 -14.890915
v -5.578548 4.813675 -14.531815
v -5.995865 4.261135 -14.249603
v -6.016582 4.141220 -15.323532
v -5.316582 4.199507 -15.626938
v -4.400534 3.897221 -15.681580
v -5.180302 4.035532 -16.206909
v -4.391834 3.751472 -16.719131
v -5.296417 3.993185 -17.084503
v -5.924534 3.996548 -16.852905
v -5.924534 4.114538 -17.700027
v -6.624535 3.847162 -17.267410
v -6.641085 3.626104 -16.255402
v -7.132019 3.341839 -16.467239
v -7.148544 3.126436 -15.657913
v -6.582563 3.633827 -15.058090
v -7.090258 2.823036 -14.957916
v -6.449205 3.441219 -14.190903
v -6.896439 2.512243 -14.187256
v -6.262707 3.086769 -13.393738
v -6.124535 3.966549 -13.340912
v -5.975149 3.552046 -12.640915
v -6.268436 4.704401 -12.676910
v -6.242525 4.813675 -13.340912
v -6.477526 5.440424 -12.676910
v -5.777527 4.307800 -12.244278
v -6.037016 2.596672 -12.733353
v -5.492432 2.821226 -11.855576
v -5.492432 1.955980 -11.855576
v -5.095831 2.388603 -11.364670
v -4.782976 1.814997 -11.605469
v -4.327154 2.441435 -11.135391
v -1.885525 2.838572 -16.230042
v -1.922716 2.573648 -15.723907
v -2.160423 2.928307 -15.231415
v -2.376434 3.235172 -16.662674
v -2.850534 3.423162 -15.792404
v -2.726294 3.793518 -14.931366
v -3.550535 3.826443 -15.313171
v -3.011957 4.433556 -14.702057
v -2.205481 4.466885 -14.932632
v -1.511606 3.535421 -14.627945
v -2.103439 3.338877 -14.943146
v -1.025158 4.211409 -15.029587
v -1.257675 5.137980 -15.126343
v -0.543297 4.779663 -15.717606
v -0.579113 4.331549 -16.065002
v -0.302176 3.457142 -15.505463
v -0.297327 3.875610 -16.802734
v -0.263344 3.182835 -16.643829
v -0.294748 3.057684 -16.122223
v -0.217283 2.466553 -16.172531
v -0.837627 2.954752 -17.183289
v -1.066917 2.525892 -16.735962
v -0.370024 3.516665 -17.615906
v -0.913534 3.077572 -18.094879
v -1.688534 2.781549 -17.615906
v -1.688534 3.013039 -18.430786
v -2.463533 3.077572 -18.094879
v -2.463533 3.077572 -17.136932
v -3.059570 3.417521 -17.615906
v -3.008930 3.793961 -18.467010
v -3.781534 3.901163 -17.731415
v -3.656199 3.730900 -17.119339
v -3.313484 3.537548 -16.218475
v -3.426773 4.415960 -18.444656
v -4.481535 4.304443 -18.210648
v -2.503418 4.331549 -18.934418
v -2.293327 5.078548 -18.845596
v -3.587791 5.750549 -18.763016
v -2.723381 5.726566 -18.541931
v -3.092024 6.369057 -18.317673
v -3.956205 6.600548 -18.692230
v -4.400507 5.779270 -19.126419
v -4.713932 6.565432 -19.074280
v -5.110533 6.132809 -19.565186
v -5.146034 5.310848 -19.543243
v -4.946812 4.792950 -18.776459
v -5.679464 4.706829 -19.035004
v -5.745768 4.360443 -18.171890
v -5.291809 4.234730 -17.873230
v -6.445768 4.302156 -18.475281
v -6.142401 4.779272 -19.599289
v -6.936678 3.905556 -18.907913
v -6.877499 3.901522 -17.819443
v -7.473536 3.561573 -18.246933
v -7.473536 3.561573 -17.381683
v -7.964446 3.164972 -17.814301
v -7.899585 3.048655 -16.941620
v -8.390496 2.652054 -17.374237
v -8.481583 2.626551 -16.859955
v -7.681535 2.695843 -16.127609
v -8.441535 2.405548 -15.657913
v -7.606401 2.574272 -15.225281
v -7.914535 2.138693 -14.611908
v -8.872487 2.427549 -15.218857
v -8.872487 2.218460 -14.482834
v -8.439863 1.727551 -14.086243
v -7.389204 1.727551 -14.086243
v -7.914536 1.101206 -13.729004
v -6.828423 1.259041 -13.653381
v -6.539206 2.052219 -13.560913
v -6.098883 1.641300 -12.825790
v -5.977419 0.723637 -13.018387
v -5.338373 1.280209 -12.313187
v 10.184216 -1.911567 -7.639557
v 9.355659 -2.411374 -8.335526
v 9.182980 -1.843013 -7.887161
v 10.616840 -2.402478 -8.036163
v 11.049465 -1.911567 -7.639557
v 10.595135 -1.176451 -7.199234
v 9.386600 -1.224461 -6.932892
v 10.211571 -0.535000 -6.428970
v 9.488564 -0.744314 -5.911911
v 8.846737 -0.640306 -6.042557
v 8.807938 -0.451508 -5.355713
v 9.527317 -0.484362 -4.928741
v 9.005566 0.329006 -4.587219
v 8.533367 0.277025 -5.028183
v 8.217382 0.080835 -5.632797
v 0.877697 -6.802960 6.422577
v 1.935934 -6.964737 6.864456
v 1.145607 -6.644848 6.810577
v 0.563276 -6.187943 6.530792
v 0.564089 -6.533835 5.751221
v 1.304083 -7.568644 6.436722
v 0.765722 -7.874451 5.921204
v 0.139339 -7.168642 5.275146
v -0.228922 -5.852955 5.288986
v 0.097637 -6.994673 4.422256
v 0.117817 -6.096772 4.369431
v -0.225060 -5.800836 4.644531
v -0.103210 -5.515002 4.036453
v -4.401228 -6.726121 -1.574814
v -4.042023 -6.327625 -1.812424
v -4.483477 -5.584843 -1.690704
v -4.797829 -6.293497 -1.083908
v -5.285074 -5.826692 -0.820343
v -4.825052 -7.341772 -0.951218
v -5.151207 -6.899218 -0.233307
v -5.639719 -6.337466 -0.028839
v -6.090792 -7.052450 0.162201
v -5.787392 -7.752450 0.220490
v -6.487392 -7.485074 0.653107
v -6.040199 -8.498802 1.297516
v -6.531109 -8.102202 1.730148
v -6.754768 -7.052450 1.353104
v -6.847816 -7.071587 1.978088
v -6.693815 -7.489794 2.739166
v -6.144638 -8.226126 2.945877
v -6.752102 -7.793194 3.439163
v -6.961191 -7.057170 3.439163
v -6.961191 -7.057170 4.435028
v -6.752102 -7.793194 4.435028
v -6.693815 -7.489794 5.135025
v -6.577871 -6.715843 5.334579
v -6.297215 -7.057170 5.625931
v -6.050829 -7.317745 6.016098
v -5.993814 -7.757170 5.567642
v -6.261192 -8.189794 4.867645
v -5.941080 -8.487834 5.958344
v -5.673704 -8.920458 5.258347
v -5.731991 -9.223858 5.958344
v -5.241081 -9.620458 5.525726
v -5.275322 -9.922414 6.393127
v -6.052557 -9.742544 6.797607
v -5.749157 -10.442543 6.855881
v -6.544512 -10.596311 6.383118
v -6.847912 -9.896311 6.441406
v -7.563223 -10.889220 6.125046
v -7.713159 -9.896311 6.441406
v -7.280535 -9.405399 6.838013
v -8.039419 -9.115532 7.307022
v -7.280535 -9.080440 7.575195
v -7.750240 -8.547451 8.005798
v -8.522485 -8.606057 7.756393
v -8.072170 -7.709558 8.176315
v -8.980113 -7.846335 8.162460
v -8.786957 -7.391445 8.425934
v -9.850863 -7.402451 8.296417
v -9.325535 -6.552450 8.621094
v -8.431792 -6.552450 8.367203
v -10.219277 -6.552450 8.367203
v -9.850863 -5.702450 8.296417
v -10.174911 -5.354684 7.950485
v -11.132863 -5.434450 7.821426
v -10.607534 -4.838345 7.339828
v -11.457535 -4.909122 6.971420
v -11.982863 -5.759122 7.296097
v -12.083879 -5.266355 6.511398
v -11.422418 -4.736176 5.942459
v -12.351254 -4.833731 5.811401
v -12.991394 -5.396538 6.153122
v -13.424019 -4.801083 5.821121
v -14.064158 -5.468433 6.098236
v -14.658825 -4.548286 5.836060
v -15.091449 -5.248286 6.103439
v -15.482754 -4.385368 6.114731
v -15.910084 -4.836188 6.617615
v -16.028719 -3.753434 6.699158
v -16.519424 -4.222450 7.133087
v -16.848829 -3.462450 7.069794
v -16.422388 -2.978265 6.395325
v -17.318535 -2.929461 6.639206
v -17.788240 -3.462450 7.069794
v -18.220175 -2.872475 6.733307
v -18.585489 -3.463566 6.959076
v -18.956888 -2.762450 7.011505
v -19.390911 -3.618121 6.886795
v -19.823534 -3.127210 7.283401
v -19.512257 -2.382393 7.582642
v -20.535206 -2.666451 8.037415
v -19.938400 -2.002335 8.362854
v -20.635534 -2.125794 8.573181
v -20.110207 -1.499451 8.930420
v -19.260206 -1.174780 8.405090
v -19.741791 -0.649450 9.001190
v -20.635534 -0.649450 9.255096
v -20.110207 0.200548 8.930420
v -21.160864 0.200548 8.930420
v -20.635534 0.826893 8.573181
v -21.575027 0.768297 8.178955
v -20.776550 1.348616 8.068909
v -22.010864 -0.124121 8.405090
v -22.032288 0.410799 7.377151
v -21.693903 1.323881 6.837982
v -22.090576 0.714199 6.677139
v -22.487177 1.146822 6.186234
v -22.090504 1.756504 6.347061
v -22.817587 1.880989 6.118469
v -21.768581 2.182638 6.087021
v -22.201206 2.673548 5.690414
v -23.251863 2.673548 5.690414
v -22.791840 3.299892 5.333191
v -23.620277 1.823549 5.761200
v -23.223200 1.146822 5.977142
v -24.122889 1.288006 5.328094
v -24.318247 0.485085 5.469620
v -24.436037 0.916927 5.172104
v -24.832638 1.349550 4.681183
v -24.627529 1.823549 4.753952
v -25.041862 0.019878 5.055084
v -24.684631 -0.440145 5.681442
v -25.172241 -1.006073 5.229416
v -25.132771 -1.448135 5.939087
v -25.536865 -1.707191 5.386078
v -25.132771 -2.178765 5.939087
v -25.536865 -2.359711 5.386078
v -26.201647 -2.033450 4.860077
v -25.872240 -2.793450 4.796799
v -24.916534 -2.984869 5.000732
v -25.402534 -3.326439 4.366196
v -26.162535 -3.263156 4.036804
v -25.317255 -3.795755 3.486816
v -24.969912 -3.817350 3.969604
v -24.884630 -4.495755 3.219437
v -25.462534 -4.395780 2.664764
v -25.671623 -3.659756 2.664764
v -25.566526 -4.060496 1.879974
v -25.729912 -4.828403 1.964767
v -25.839527 -4.502218 1.135818
v -25.967535 -5.327451 1.121094
v -25.677240 -4.857745 0.361084
v -25.677240 -5.797156 0.361084
v -25.246647 -5.327451 -0.171890
v -24.917240 -6.087451 -0.108612
v -25.207535 -6.557157 0.651382
v -24.447535 -6.620440 0.321976
v -24.447535 -6.847451 1.121094
v -23.688650 -6.655532 0.590164
v -23.747536 -7.114827 1.553711
v -24.506418 -6.713820 1.955429
v -23.962158 -7.138651 2.267548
v -24.498573 -6.600945 2.837433
v -23.847294 -7.446678 3.026093
v -24.295641 -6.915194 3.289093
v -23.699535 -7.396780 3.814423
v -23.400484 -8.177365 2.926086
v -23.012241 -8.585156 3.686096
v -23.075523 -8.914562 2.926086
v -22.973772 -8.464559 2.033844
v -22.542534 -9.345157 2.456390
v -22.252241 -8.875451 1.696381
v -22.624044 -7.840335 1.086700
v -21.957527 -8.329035 0.669006
v -22.556026 -7.413819 0.554138
v -21.803864 -7.868779 -0.197906
v -21.278534 -8.718780 0.126770
v -21.047043 -8.344219 -0.737427
v -20.534199 -8.885099 -0.260345
v -20.259413 -9.050966 -1.158875
v -20.543419 -9.159101 0.581085
v -19.883698 -9.374794 0.399002
v -19.236393 -9.420296 -0.765610
v -19.330534 -9.280451 -1.641907
v -20.180534 -8.955780 -2.167236
v -19.445417 -9.396103 -2.578156
v -18.808535 -9.384468 -2.377136
v -18.630535 -9.547827 -1.209290
v -18.033867 -9.707490 -1.456406
v -18.231949 -9.751323 -0.451050
v -17.623428 -10.192892 -1.000793
v -17.279205 -9.744898 -1.793579
v -16.787239 -10.416451 -1.412613
v -16.246777 -9.608261 -1.814301
v -16.566887 -8.792505 -2.068619
v -15.701638 -8.792505 -2.068619
v -16.114868 -8.283589 -2.491364
v -16.834263 -8.359881 -2.768616
v -16.114868 -8.074501 -3.227386
v -15.414867 -8.341877 -2.794769
v -15.340356 -8.618285 -3.749146
v -14.876840 -8.671636 -3.285431
v -14.896628 -12.350655 -2.545532
v -14.610763 -11.959839 -3.661118
v -15.041482 -11.749891 -3.518326
v -15.301202 -12.031025 -2.625046
v -15.301202 -12.031025 -1.759796
v -15.939676 -11.591749 -2.018829
v -16.522535 -12.473475 -2.591888
v -16.519863 -12.249075 -2.112610
v -17.066044 -12.912567 -2.112915
v -17.001511 -13.248474 -2.887909
v -16.296864 -12.895340 -3.440567
v -15.869621 -12.129911 -3.146881
v -16.562418 -13.727450 -3.431412
v -15.747535 -13.727450 -3.662903
v -16.226511 -14.502451 -3.366882
v -15.268559 -14.502451 -3.366882
v -14.932652 -13.727450 -3.431412
v -14.436906 -14.201285 -2.993042
v -14.370739 -13.294827 -2.963821
v -13.922789 -13.915951 -2.450577
v -14.200025 -13.218566 -2.385300
v -13.514206 -13.579123 -1.801910
v -14.039535 -12.729122 -1.477234
v -14.896628 -12.350655 -1.680283
v -14.629252 -11.918031 -0.980286
v -13.650145 -12.204315 -0.675690
v -13.978444 -11.479995 -0.617493
v -14.478559 -10.799217 -0.661011
v -15.337226 -10.898401 -1.001511
v -15.733826 -11.331024 -1.492432
v -15.894859 -10.444898 -1.630753
v -16.483841 -11.116451 -1.354324
v -15.027719 -10.125467 -1.041977
v -15.424319 -9.692843 -1.532883
v -14.724319 -9.425467 -1.100266
v -14.991695 -8.992844 -1.800262
v -14.291696 -8.934556 -1.496857
v -14.291696 -8.725468 -2.232880
v -13.591696 -8.992844 -1.800262
v -13.859072 -9.425467 -1.100266
v -13.291203 -8.769711 -1.350922
v -13.349491 -8.466311 -2.050919
v -12.858580 -8.069712 -1.618286
v -12.858580 -8.069712 -2.483536
v -12.129137 -7.791090 -2.069107
v -12.166939 -8.150914 -3.318878
v -12.700969 -8.384069 -2.954163
v -12.449176 1.127983 -15.996078
v -12.473622 0.417574 -16.172012
v -12.959165 0.851650 -16.330948
v -13.413641 1.663267 -16.306808
v -12.187534 1.895550 -15.929901
v -13.048142 2.449684 -15.980423
v -13.846049 2.320417 -16.198288
v -13.104566 3.461885 -16.099274
v -13.958563 3.652218 -15.912048
v -13.643911 4.542551 -16.201279
v -14.509159 4.542551 -16.201279
v -14.764977 3.626535 -16.311493
v -15.127534 4.298840 -16.741898
v -14.776535 4.975174 -16.901291
v -15.329739 4.712057 -17.410492
v -14.928260 5.478800 -17.716171
v -15.236105 5.113264 -18.059662
v -14.858563 5.366030 -18.538345
v -14.228260 5.746176 -18.148788
v -14.317386 5.354021 -18.915878
v -13.528260 5.478800 -18.581421
v -13.749825 5.162615 -19.153397
v -13.211567 4.914232 -19.429871
v -12.128706 4.134247 -20.186264
v -12.961724 4.665850 -19.706360
v -12.812049 4.334049 -20.130066
v -12.855698 4.156414 -20.749725
v -15.826185 8.635300 -22.489792
v -15.900709 7.724283 -22.864685
v -16.191401 8.059938 -22.209167
v -15.096644 8.253040 -23.317383
v -15.385863 9.046219 -23.224915
v -15.710534 9.571548 -22.374908
v -15.385863 10.096878 -23.224915
v -15.592544 10.418674 -22.374908
v -15.859920 9.986052 -21.674911
v -15.859920 10.851297 -21.674911
v -15.801632 11.154697 -22.374908
v -16.292543 11.551298 -21.942291
v -16.270538 11.650299 -22.527573
v -16.802706 12.179234 -21.822906
v -16.860992 11.875834 -21.122910
v -16.727764 12.569319 -22.722900
v -17.071535 13.125549 -21.822906
v -16.914917 13.645420 -22.664078
v -16.949738 14.000002 -21.822906
v -17.281910 14.835175 -22.399902
v -17.158827 14.736027 -21.822906
v -17.590599 15.195732 -21.912918
v -17.590599 15.195732 -20.974899
v -18.024525 15.686440 -21.443909
v -17.961241 16.015846 -20.683914
v -17.550140 15.505241 -20.201965
v -17.624750 16.521942 -20.093933
v -17.566463 16.218544 -19.393936
v -17.256956 16.991478 -19.434387
v -17.624750 16.521942 -18.693939
v -17.435551 17.066692 -18.547287
v -16.944641 17.463291 -18.979904
v -17.053102 17.469013 -18.193909
v -16.348534 17.944881 -18.454575
v -16.052404 17.555302 -17.581375
v -15.498534 18.015656 -18.086166
v -14.973206 17.419548 -17.604584
v -15.498534 17.008404 -17.078918
v -14.376400 16.755436 -17.279144
v -14.722044 16.631939 -16.258041
v -13.676400 16.488056 -16.846512
v -13.905488 16.844944 -15.902985
v -14.722044 16.841030 -15.522018
v -15.043585 16.701443 -15.137955
v -14.253535 17.273876 -14.961243
v -13.432755 17.360836 -15.466141
v -13.749510 17.761768 -14.225906
v -14.253535 17.273876 -13.910583
v -13.159534 18.098255 -14.695618
v -13.159534 18.098255 -13.756210
v -12.399534 18.388546 -14.225906
v -12.399534 18.161541 -13.426804
v -11.639534 18.098255 -13.756210
v -11.639534 18.098255 -14.695618
v -11.106545 17.667660 -14.225906
v -11.093639 17.404991 -15.043793
v -11.929829 17.628548 -15.455612
v -11.457535 16.716785 -16.238220
v -10.683201 16.919590 -15.499405
v -10.757535 16.658501 -15.934830
v -9.997535 16.270260 -15.403198
v -10.423460 16.530514 -14.809921
v -9.956184 16.404728 -16.326416
v -9.464546 15.839661 -15.872910
v -9.527829 15.510254 -15.112915
v -9.113073 15.040550 -15.805344
v -9.424085 14.568851 -15.059586
v -9.879042 15.046173 -14.513840
v -9.766559 14.122549 -14.704819
v -9.171361 13.830143 -15.105347
v -9.463159 13.422548 -14.646530
v -10.163158 13.689926 -14.213913
v -9.730535 12.989925 -13.946533
v -10.221446 13.386526 -13.513916
v -9.070804 14.083023 -16.036606
v -8.819446 13.296478 -16.267868
v -8.328534 12.899878 -15.835236
v -8.328534 12.899878 -14.784576
v -7.732429 12.418293 -15.309906
v -7.691437 12.127350 -16.137939
v -8.236054 12.610661 -16.628418
v -7.745143 12.214060 -17.061035
v -7.299032 11.570173 -17.124893
v -7.215607 12.181271 -17.688812
v -6.902431 11.137550 -17.615814
v -6.488205 11.987549 -18.031586
v -6.119791 11.137550 -17.960800
v -6.488205 10.287552 -18.031586
v -5.638206 10.612221 -18.556915
v -6.020433 9.735447 -18.848694
v -5.567429 10.243807 -19.406906
v -6.145493 9.368620 -19.773911
v -6.237190 8.986832 -18.908981
v -6.354582 8.632597 -19.773911
v -6.327559 8.156387 -19.562897
v -6.188261 8.245495 -20.518250
v -5.979172 7.509472 -20.518250
v -6.118469 7.420364 -19.562897
v -6.060183 7.723764 -18.862900
v -5.627560 7.023764 -19.130264
v -5.468143 7.240059 -18.549789
v -4.927559 6.965477 -18.826874
v -4.624840 7.189213 -18.228516
v -5.684546 6.929661 -20.031906
v -5.747829 6.600256 -20.791916
v -5.333075 6.130548 -20.099472
v -5.747829 5.660841 -20.791916
v -5.609364 5.266775 -20.079544
v -6.335899 4.774696 -20.372391
v -6.126648 5.019993 -21.522919
v -6.945169 4.251947 -20.675797
v -6.899158 3.928497 -19.918350
v -7.215437 3.416750 -20.688934
v -7.256428 3.125807 -19.860901
v -7.219173 3.410519 -19.055237
v -7.636162 2.685497 -19.310471
v -7.906158 2.861572 -18.514313
v -8.064207 2.251221 -18.517914
v -8.332209 2.348654 -18.074234
v -8.914207 1.926552 -17.992584
v -8.589535 1.401222 -18.842575
v -9.439535 1.330444 -18.474167
v -9.964864 1.926552 -17.992584
v -9.439535 2.337694 -17.466919
v -10.161695 2.617443 -17.195908
v -9.461696 2.559156 -16.892502
v -10.161695 2.826532 -16.459885
v -9.335400 2.553810 -16.079773
v -10.161695 2.617443 -15.723862
v -9.698846 2.172152 -14.960068
v -10.594319 2.126534 -15.327255
v -10.368542 1.761219 -14.736176
v -10.242115 1.611080 -14.112289
v -9.387579 1.652218 -13.802948
v -9.974739 1.178457 -13.412292
v -8.800420 1.144157 -13.400421
v -9.387579 0.461308 -13.138977
v -8.497020 0.444157 -13.342133
v -8.896564 -0.258726 -13.513901
v -8.010704 -0.409029 -13.639572
v -7.416607 0.401205 -13.461624
v -7.313751 -0.317455 -13.685608
v -6.673355 0.061169 -13.528809
v -6.883511 0.754549 -13.597946
v -11.207225 0.653599 -15.228516
v -11.164196 0.052351 -15.215271
v -11.524871 0.042019 -15.623962
v -12.030509 0.062429 -15.948990
v -11.656604 1.136665 -15.737991
v -10.957829 1.425842 -15.169907
v -11.323761 1.847912 -15.778076
v -10.840226 0.159296 -14.558868
v -10.674739 0.911079 -13.844910
v -10.530530 0.100916 -13.934036
v -10.278139 0.478456 -13.354004
v -9.816632 -0.143852 -13.552536
v -10.861695 2.559156 -16.027267
v -11.754910 2.595551 -16.197281
v -11.301099 2.712751 -16.522858
v -11.706478 3.533466 -16.603668
v -12.615519 3.149685 -16.247787
v -12.571726 3.533466 -16.603668
v -12.139102 4.024376 -17.000275
v -11.439102 3.966089 -17.303665
v -12.131535 4.380844 -17.731613
v -12.721510 4.717335 -17.298294
v -12.525580 4.846289 -18.125290
v -13.037349 5.082199 -18.148788
v -13.528260 5.478800 -17.716171
v -13.376535 4.975174 -16.901291
v -14.228260 5.537086 -17.412766
v -14.076535 5.033461 -16.597885
v -12.613484 5.001032 -18.978241
v -11.913485 4.733656 -18.545624
v -11.913485 4.733656 -19.410858
v -11.422573 4.337055 -18.978241
v -11.480861 4.033655 -19.678238
v -11.213485 3.601032 -18.978241
v -11.139535 2.776550 -19.367905
v -10.943929 3.209173 -20.297668
v -11.376553 3.909174 -20.565048
v -10.898726 3.535805 -21.151794
v -11.344435 4.259037 -21.573288
v -12.060493 4.246937 -21.133774
v -12.044435 4.526413 -22.005905
v -11.344435 4.259037 -22.438538
v -12.044435 4.317324 -22.741928
v -11.119022 3.840370 -22.988037
v -12.027534 3.970694 -23.371918
v -11.532114 3.448116 -23.819656
v -12.492811 3.451950 -23.813370
v -12.027534 2.963444 -24.379166
v -12.833200 2.926188 -24.663879
v -13.225463 3.365829 -23.554810
v -13.469622 2.836029 -24.525131
v -12.645754 2.544449 -25.109802
v -13.291816 2.582245 -25.561874
v -13.991816 2.849621 -25.129257
v -13.991816 2.640532 -25.865280
v -14.562072 2.471174 -25.572357
v -14.596146 2.443090 -24.713577
v -14.432328 2.290407 -26.405014
v -14.681187 5.497301 -26.618790
v -15.227551 4.808870 -26.804932
v -15.632425 4.893911 -25.969818
v -15.206534 5.166925 -25.546539
v -14.698404 6.034039 -25.751465
v -14.715624 5.563526 -25.113907
v -15.346532 5.311636 -24.777374
v -15.012044 5.843126 -24.322449
v -14.506535 6.299549 -25.113907
v -14.182576 6.655479 -24.953903
v -14.240864 6.958879 -24.253906
v -14.240864 6.958879 -25.653915
v -13.808016 7.519661 -25.185394
v -13.866303 7.823061 -24.485397
v -14.637464 7.391502 -23.763000
v -14.262903 8.255684 -23.994492
v -13.577910 8.871548 -24.342285
v -14.659805 8.725773 -23.833282
v -14.010534 9.571548 -24.074905
v -14.904277 9.571548 -23.821014
v -14.659805 10.417324 -23.833282
v -13.577910 10.271549 -24.342285
v -14.222965 10.809835 -24.349182
v -14.700045 11.322680 -23.808304
v -15.096644 10.890057 -23.317383
v -15.499952 11.355961 -23.003815
v -15.127766 11.958172 -23.711761
v -15.827765 12.225550 -23.279144
v -15.530405 12.679977 -24.100586
v -16.257862 12.991098 -23.753922
v -15.839864 13.552551 -24.475235
v -16.689865 13.877220 -23.949905
v -16.876364 13.522770 -23.152740
v -17.014534 14.402550 -23.099915
v -16.689865 14.927879 -23.949905
v -16.865866 15.294041 -23.262909
v -16.315304 15.792061 -23.718414
v -16.793449 16.485550 -23.061859
v -17.262466 15.726665 -22.771988
v -17.530645 16.485550 -22.736893
v -17.961241 16.015846 -22.203903
v -17.961241 16.955254 -22.203903
v -18.251534 16.485550 -21.443909
v -18.024525 17.284660 -21.443909
v -17.961241 16.955254 -20.683914
v -17.491535 17.715260 -20.974197
v -17.294365 17.328663 -20.147293
v -16.760977 17.883167 -20.627777
v -16.304199 17.843819 -20.324966
v -16.348534 17.944881 -19.505234
v -15.498534 18.015656 -19.873657
v -15.498534 18.269547 -18.979904
v -14.648534 17.944881 -19.505234
v -14.648534 17.944881 -18.454575
v -13.868768 17.806564 -18.979904
v -13.962109 17.559067 -18.301193
v -14.109024 17.188057 -17.979141
v -13.676400 16.697147 -17.582535
v -13.046419 17.577633 -18.353973
v -12.756551 17.108616 -17.595093
v -12.976400 16.755436 -17.279144
v -11.818519 17.108616 -17.595093
v -12.287535 17.542542 -18.085800
v -11.528650 17.577633 -18.353973
v -11.190159 17.149410 -17.803467
v -11.638027 16.808155 -16.981262
v -10.527847 16.661510 -17.420761
v -10.527847 16.452419 -16.684738
v -12.129207 17.780407 -19.016937
v -11.096026 18.068542 -18.750580
v -10.319863 17.890549 -18.271576
v -10.644535 18.415882 -19.121582
v -9.794535 18.486656 -18.753174
v -9.794535 18.831650 -19.535812
v -9.071809 18.595364 -18.971588
v -9.076418 18.836914 -19.760300
v -8.261535 18.779545 -19.527908
v -8.261535 18.525654 -18.634171
v -8.786863 17.929546 -18.152573
v -9.794535 17.155434 -17.831253
v -9.256111 16.640549 -17.471573
v -9.523487 16.207928 -16.771576
v -8.706259 15.875683 -17.005539
v -8.998158 15.357925 -16.446915
v -8.390863 16.640549 -17.471573
v -7.865535 15.790550 -17.146912
v -8.061158 14.732502 -17.400482
v -8.761158 14.465126 -16.967865
v -8.819446 14.768524 -16.267868
v -8.364558 14.032501 -17.458771
v -8.761158 13.599878 -16.967865
v -8.177767 12.914061 -17.328415
v -7.663939 13.918148 -17.840485
v -7.648230 12.881271 -17.956192
v -7.251629 13.313894 -18.447098
v -6.948229 12.613894 -18.388809
v -6.914352 14.293283 -18.250748
v -7.340204 14.940552 -17.471573
v -6.490206 15.265221 -17.996902
v -6.419428 14.896809 -18.846909
v -6.864767 14.401039 -19.465424
v -6.864767 13.535793 -19.465424
v -6.503410 12.937168 -19.569855
v -6.163536 12.512878 -18.881577
v -6.163536 12.512878 -19.932236
v -5.567429 12.031294 -19.406906
v -5.638206 11.662880 -18.556915
v -5.313534 11.137550 -19.406906
v -5.638206 11.662880 -20.256912
v -5.508686 10.598972 -20.245911
v -5.995440 11.202856 -20.883255
v -5.900705 10.470329 -21.376740
v -5.739262 9.792496 -20.212570
v -5.762533 9.590549 -21.323914
v -6.087206 9.065220 -20.473907
v -6.016426 8.696806 -21.323914
v -5.957685 9.051971 -22.162903
v -6.188261 8.245495 -22.129578
v -6.225515 7.960783 -21.323914
v -6.208918 7.324804 -22.355453
v -6.015816 7.128819 -21.407913
v -5.999828 6.588781 -22.355453
v -5.893635 6.130548 -21.567047
v -5.806440 5.538101 -22.255569
v -5.668377 6.101542 -22.800079
v -5.449207 5.132879 -22.881912
v -5.832855 4.564808 -22.239243
v -5.449207 4.082220 -22.881912
v -6.299206 3.757551 -22.356583
v -6.612104 4.234509 -21.757629
v -7.026608 3.563829 -22.013809
v -7.057493 3.793573 -21.223953
v -6.824535 3.161442 -22.838165
v -7.630200 3.333277 -22.386856
v -8.374536 3.290508 -22.037933
v -8.374536 3.499598 -22.773956
v -8.792967 3.075375 -21.744263
v -8.084025 3.018782 -21.250412
v -9.560534 3.368559 -22.805023
v -9.560534 3.043598 -22.067825
v -9.492265 2.432293 -21.325226
v -10.240129 3.206890 -21.591415
v -10.404799 2.691067 -20.876907
v -9.964864 1.926552 -20.743240
v -8.914207 1.926552 -20.743240
v -9.439535 1.330444 -20.261658
v -8.589535 1.401222 -19.893234
v -7.992128 2.145031 -20.242401
v -7.734322 2.612774 -20.467026
v -7.993428 1.882807 -19.367905
v -9.439535 1.076550 -19.367905
v -10.289536 1.401222 -19.893234
v -10.289536 1.401222 -18.842575
v -10.885641 1.882807 -19.367905
v -10.814864 2.251221 -18.517914
v -10.814864 2.251221 -20.217911
v -10.320535 3.431843 -22.475616
v -10.853523 3.862436 -22.005905
v -10.709026 3.676157 -23.450775
v -9.630707 3.583551 -23.669128
v -10.630108 3.429260 -24.264572
v -9.657928 3.918039 -24.617798
v -10.551190 3.391455 -25.207611
v -11.177534 3.034222 -24.747574
v -10.983814 2.691454 -25.474976
v -11.529316 2.544449 -25.109802
v -11.237535 2.162222 -25.986572
v -12.087535 2.091442 -25.618164
v -12.087535 1.837549 -26.511902
v -12.937535 2.162222 -25.986572
v -12.928835 2.016472 -27.024139
v -13.717301 2.300531 -26.511902
v -13.476362 2.262154 -27.753525
v -14.263543 2.089674 -27.277893
v -14.094902 2.292849 -27.964752
v -14.411911 5.345926 -27.474915
v -14.311580 4.309008 -28.087280
v -14.787388 4.653538 -27.585175
v -13.656491 4.751385 -28.031204
v -13.421864 5.623276 -28.019730
v -14.358475 5.966850 -27.418869
v -13.759277 6.433550 -27.950012
v -14.240864 6.958879 -27.353912
v -14.565535 6.433550 -26.503906
v -14.311641 7.327293 -26.503906
v -13.866303 7.823061 -27.122421
v -13.479135 8.075926 -26.607681
v -13.715535 7.808878 -25.978577
v -12.980418 8.249201 -26.432907
v -12.980418 8.249201 -25.567657
v -12.489507 8.645802 -26.000275
v -12.547794 8.949202 -25.300278
v -13.282911 8.508879 -24.845947
v -12.877911 9.138926 -24.774902
v -12.614794 9.970173 -25.291901
v -12.877911 10.004171 -24.774902
v -13.274510 9.571548 -24.283997
v -13.310534 10.704172 -25.042282
v -13.114418 10.825899 -25.550903
v -13.929301 11.137156 -25.047287
v -13.849535 11.266222 -26.005234
v -14.445641 11.747807 -25.479904
v -14.641757 11.626080 -24.508301
v -14.959199 12.244308 -24.595840
v -14.809048 12.596024 -25.566071
v -15.139864 13.285173 -24.907867
v -14.541183 13.553982 -25.585571
v -14.937783 13.986605 -25.094666
v -14.378285 14.517433 -24.915558
v -15.360062 14.488712 -24.909424
v -14.846411 15.274876 -24.626251
v -15.839864 15.252548 -24.475235
v -16.208279 14.402550 -24.546021
v -15.520250 15.962261 -24.267242
v -14.578511 16.032314 -24.546021
v -15.338863 16.636547 -24.031235
v -16.138168 16.612774 -23.588837
v -15.865477 17.053997 -23.420303
v -16.262518 17.344616 -22.733719
v -14.834208 17.583256 -23.813812
v -14.839535 17.679943 -22.574051
v -15.539535 17.621655 -22.270645
v -15.972651 17.813633 -21.974838
v -16.731535 17.778542 -22.243027
v -17.201241 17.245548 -22.673615
v -17.491535 17.715260 -21.913620
v -16.731535 18.005547 -21.443909
v -15.963967 17.862633 -20.969528
v -15.539535 17.875546 -21.376907
v -15.498534 17.806564 -20.609680
v -14.609768 17.679943 -20.944290
v -14.800081 17.829540 -20.269547
v -14.062355 17.547756 -20.678848
v -14.024629 17.533344 -19.790283
v -13.324629 17.265965 -20.222916
v -13.324629 17.475056 -19.486877
v -12.346419 17.635921 -19.719238
v -12.346419 17.635921 -20.584488
v -11.855508 18.032520 -20.151855
v -11.270879 18.058643 -19.581604
v -11.852631 18.138393 -20.927261
v -11.436240 18.936253 -20.748901
v -11.970840 18.375271 -21.813187
v -11.499523 19.265659 -21.508911
v -10.966535 19.696255 -21.039200
v -10.676240 19.226547 -20.279205
v -10.206534 19.759541 -20.709793
v -9.737518 19.325615 -20.219086
v -10.408864 18.793926 -19.579208
v -9.446534 19.696255 -21.039200
v -8.897017 19.050259 -20.699585
v -8.913546 19.265659 -21.508911
v -8.436205 18.196922 -21.335861
v -8.155869 18.621197 -20.440338
v -7.736205 17.929546 -20.903244
v -7.411535 18.454876 -20.053238
v -6.886206 17.604877 -20.377914
v -6.815428 17.973289 -19.527908
v -7.411535 18.454876 -19.002579
v -6.886206 17.604877 -18.677902
v -7.736205 17.929546 -18.152573
v -6.922207 17.202000 -18.192902
v -7.865535 17.420315 -17.609894
v -8.332537 17.194431 -17.712250
v -7.340204 16.640549 -17.471573
v -6.490206 16.315880 -17.996902
v -6.971792 15.790550 -17.400803
v -6.461800 16.765720 -18.779968
v -6.165535 15.790550 -18.846909
v -6.339199 16.258675 -19.719238
v -6.490206 15.265221 -19.696915
v -7.175423 15.761040 -20.470383
v -7.216263 14.944775 -20.305283
v -7.617276 15.665825 -20.896912
v -7.920676 14.965824 -20.838623
v -7.559834 14.243885 -20.861404
v -7.154083 14.003918 -20.222855
v -7.041935 13.477095 -21.060638
v -6.788750 13.070936 -20.265137
v -6.553429 12.911293 -21.525909
v -6.071053 12.223661 -20.725418
v -6.281174 11.826515 -21.554581
v -6.624207 12.542879 -22.375916
v -6.495625 11.533098 -22.412155
v -6.183884 11.081301 -21.640793
v -6.376423 10.909058 -22.266388
v -6.981440 11.086998 -23.002258
v -6.773024 10.476435 -22.757294
v -6.087206 10.115879 -22.173904
v -6.282959 9.683491 -22.989182
v -6.754391 10.094200 -23.678589
v -6.208454 9.256481 -23.610016
v -6.016426 8.854527 -22.953674
v -6.154491 8.197859 -23.462128
v -5.892075 8.725550 -24.301346
v -5.788425 7.691952 -24.393082
v -5.940445 7.408527 -23.322906
v -5.941542 6.892181 -23.055450
v -5.728207 6.553879 -23.373901
v -5.541706 6.908329 -24.171082
v -5.403534 6.028549 -24.223907
v -5.262707 5.487328 -23.679077
v -5.287884 5.092300 -24.338791
v -5.124535 4.607550 -23.731903
v -5.449207 4.082220 -24.581909
v -5.378429 3.713806 -23.731903
v -5.974537 3.232222 -24.257233
v -5.974537 3.232222 -23.206573
v -6.824535 2.907549 -23.731903
v -6.824535 3.161442 -24.625656
v -7.674536 3.232222 -24.257233
v -7.674536 3.232222 -23.206573
v -8.300879 3.589455 -23.797211
v -8.257928 3.918039 -24.617798
v -8.957928 3.976326 -24.314392
v -8.901264 3.595150 -23.383331
v -9.139259 4.224834 -24.960999
v -8.139977 4.216175 -25.481964
v -8.892809 4.503731 -25.947235
v -9.839259 4.166548 -25.264404
v -9.588200 4.477901 -26.303345
v -10.330171 3.769947 -25.697021
v -10.079111 4.081301 -26.735962
v -10.284161 3.446497 -26.454468
v -10.627991 4.002827 -27.469513
v -10.712206 3.012220 -27.361908
v -10.641429 2.643806 -26.511902
v -11.237535 2.162222 -27.037231
v -11.562206 2.687551 -27.887238
v -12.087535 2.091442 -27.405655
v -12.570562 2.608671 -27.982422
v -12.087535 3.537550 -28.211914
v -12.934661 3.537550 -28.093918
v -13.933761 2.848272 -28.331100
v -13.962287 3.713215 -28.346237
v -12.591161 4.352432 -28.060181
v -11.531206 4.347824 -28.027725
v -11.826443 4.961557 -28.207947
v -12.361909 5.618668 -28.052185
v -11.574464 5.640114 -28.263763
v -11.929285 6.318668 -28.319565
v -12.865535 6.433550 -28.203903
v -12.633137 7.248432 -28.261276
v -13.468334 7.261574 -27.990997
v -12.936537 7.948433 -28.319565
v -12.236537 7.681055 -28.752182
v -12.669161 8.381056 -29.019562
v -13.109927 8.792040 -29.182770
v -13.497366 9.120762 -28.373260
v -14.042534 9.429573 -28.947937
v -13.746511 9.908550 -28.172928
v -13.046511 9.641172 -27.740311
v -13.046511 8.775927 -27.740311
v -13.479135 8.075926 -27.472931
v -12.988223 8.472527 -27.040314
v -12.547794 8.949202 -26.700287
v -12.614794 9.970173 -26.691910
v -12.280418 9.381824 -26.000275
v -12.623507 10.429298 -25.983536
v -13.114418 10.825899 -26.416153
v -13.414882 10.349491 -27.582031
v -13.847506 11.049492 -27.314667
v -13.979823 11.633219 -26.877335
v -13.959343 11.407598 -27.656250
v -13.626707 12.204571 -27.674210
v -13.964798 12.694382 -26.988907
v -14.374864 12.116220 -26.329910
v -14.374864 13.166880 -26.329910
v -13.524863 13.491549 -26.855240
v -13.980223 14.050844 -25.810394
v -12.999535 14.087658 -26.373657
v -12.999535 14.432648 -25.591003
v -13.555222 14.854183 -25.271301
v -12.566911 14.923557 -25.194412
v -12.999535 15.623558 -24.927032
v -14.074885 15.217434 -24.857269
v -14.075843 16.280598 -24.786514
v -13.565240 16.762550 -25.197617
v -14.512106 16.978725 -24.645416
v -13.894645 17.522549 -25.260895
v -14.325240 17.992252 -24.727905
v -13.565240 18.282547 -25.197617
v -13.855535 18.752254 -24.437622
v -14.388523 18.321659 -23.967911
v -13.855535 18.752254 -23.498199
v -14.348623 18.076542 -23.006668
v -13.565240 18.282547 -22.738205
v -13.953815 17.706646 -22.227264
v -13.103463 17.616985 -21.849213
v -13.909768 17.412563 -21.376907
v -14.667210 17.701885 -21.845032
v -13.103463 17.407894 -21.113190
v -12.403463 17.675274 -21.545807
v -12.670839 18.107895 -22.245819
v -12.399411 18.673683 -22.696198
v -13.095534 18.815540 -23.168793
v -12.294184 18.886730 -23.514404
v -11.108864 18.735638 -23.135208
v -11.699411 18.941059 -22.263565
v -10.676240 19.226547 -22.738617
v -10.966535 19.696255 -21.978607
v -10.206534 19.759541 -22.308014
v -10.206534 19.986546 -21.508911
v -9.446534 19.696255 -21.978607
v -9.737518 19.325615 -22.798721
v -8.791018 18.813515 -22.151825
v -8.964180 19.063828 -23.246674
v -8.436205 18.196922 -22.735855
v -8.494493 17.893524 -22.035858
v -7.883987 17.504547 -22.666702
v -8.107392 17.009907 -22.202179
v -8.003581 17.496922 -21.603241
v -8.049105 16.706509 -21.502182
v -7.367792 17.079548 -20.974014
v -7.612265 16.233776 -20.986282
v -6.837006 16.537655 -20.507095
v -8.159439 16.198101 -21.546570
v -8.426815 15.765476 -22.246567
v -8.317276 15.398449 -21.329529
v -8.584652 14.965824 -22.029541
v -8.317276 14.533199 -21.329529
v -8.375564 14.229801 -22.029541
v -7.884652 13.833200 -21.596909
v -7.884652 13.833200 -22.462158
v -7.149536 13.392878 -22.051239
v -7.635887 13.489870 -22.917236
v -7.350264 12.863323 -22.984283
v -7.787104 13.255836 -23.500183
v -7.903263 13.922493 -23.617249
v -8.133814 13.549452 -24.220840
v -8.285032 12.450172 -23.807922
v -7.888433 12.017550 -23.317001
v -7.105791 12.017550 -22.972015
v -7.585032 11.317549 -23.375290
v -8.285032 11.584927 -23.807922
v -7.852408 10.884926 -24.075287
v -7.167809 10.789730 -23.689789
v -7.468969 10.370010 -24.410675
v -7.959880 10.766611 -24.843292
v -7.186535 9.995255 -25.226959
v -7.677445 10.391855 -25.659576
v -7.186535 9.995255 -26.092194
v -6.486534 9.727879 -25.659576
v -6.195553 9.682901 -24.968689
v -5.495552 9.624615 -25.272095
v -5.786533 9.995255 -26.092194
v -5.026535 10.058538 -25.762802
v -4.556828 9.525547 -25.332199
v -4.964621 8.765549 -24.943954
v -4.227423 8.765549 -25.268921
v -4.556828 8.005550 -25.332199
v -5.391825 8.124575 -24.883987
v -4.917208 7.188654 -25.545578
v -4.266537 7.535843 -26.092194
v -4.878027 7.130781 -26.349396
v -5.368937 6.734180 -25.916779
v -5.314285 6.348930 -25.054565
v -5.909897 5.769567 -25.774872
v -5.555260 5.524923 -25.038788
v -6.321259 4.912037 -25.855911
v -5.859272 4.522064 -25.240906
v -6.718319 4.201601 -25.669540
v -6.299206 3.757551 -25.107239
v -7.345814 3.662460 -25.183151
v -6.904968 4.428375 -26.294266
v -6.379545 5.215437 -26.555908
v -6.912537 4.784843 -27.025620
v -7.672535 4.494549 -26.555908
v -8.135367 4.457722 -26.270691
v -8.431419 4.686468 -27.086838
v -8.888200 4.745277 -26.735962
v -9.347109 4.705032 -27.139618
v -8.995958 5.263552 -27.528229
v -9.861206 5.263552 -27.528229
v -9.428582 5.754461 -27.924835
v -10.331534 5.862598 -28.193817
v -10.764158 5.371689 -27.797226
v -11.067558 4.671688 -27.738937
v -11.090419 6.152468 -28.662842
v -10.331534 6.187559 -28.931015
v -10.857897 6.646351 -29.431580
v -11.674077 6.902386 -28.956360
v -11.347867 7.371222 -29.708801
v -12.178249 7.984455 -29.452179
v -11.791418 7.665899 -29.997665
v -12.526535 8.106222 -30.408585
v -13.109927 8.792040 -30.048019
v -13.122641 8.587807 -30.933914
v -13.551622 9.032972 -30.338501
v -14.042534 9.429573 -29.905884
v -13.868877 9.861464 -30.757065
v -14.521510 10.204573 -30.201904
v -14.586042 9.868666 -29.426910
v -14.817534 10.683550 -29.426910
v -14.521510 10.204573 -28.651917
v -14.521510 11.162527 -28.651917
v -14.164892 10.656576 -28.045563
v -14.017631 11.710999 -28.356247
v -14.042534 11.937527 -28.947937
v -13.503160 12.056433 -28.428177
v -13.267534 12.233549 -29.426910
v -12.567534 12.388643 -29.053391
v -12.803161 12.323809 -27.995560
v -11.970869 12.353199 -28.536224
v -11.922535 12.600546 -27.904312
v -12.401511 13.015549 -27.384888
v -13.070537 12.756432 -27.295563
v -12.534258 13.599150 -26.939453
v -11.922535 13.559059 -26.945801
v -12.193870 14.124912 -26.088943
v -11.588478 14.085419 -26.278259
v -11.761246 14.615822 -25.692337
v -11.067037 14.575550 -25.903290
v -11.457846 15.315823 -25.634048
v -10.763637 15.275551 -25.845001
v -11.261565 16.081215 -25.537277
v -11.997589 16.081215 -25.328186
v -12.263511 15.623558 -25.136124
v -12.628471 16.613346 -25.294449
v -11.564965 16.781216 -25.595551
v -12.279400 17.551991 -25.365524
v -13.095534 17.522549 -25.487915
v -12.625829 18.282547 -25.197617
v -11.781058 17.292683 -25.335281
v -10.925844 17.372520 -25.159058
v -11.368503 17.943268 -24.586212
v -10.503255 17.943268 -24.586212
v -11.045559 18.357479 -23.700897
v -11.745559 18.415768 -24.004303
v -12.335534 18.752254 -24.437622
v -10.345559 18.415768 -24.004303
v -10.206534 18.810772 -23.256790
v -9.506535 18.869061 -23.560181
v -9.131886 18.856731 -24.151398
v -9.741882 18.298206 -24.830078
v -9.090535 18.722256 -25.074615
v -8.330535 19.012547 -24.604904
v -8.301093 18.890163 -23.788773
v -7.570536 18.722256 -24.135208
v -7.736205 17.929546 -23.168488
v -7.100828 17.962254 -23.844910
v -7.437319 17.492550 -23.254929
v -7.100828 17.022846 -23.844910
v -7.897965 16.694866 -23.098785
v -7.350225 16.250599 -23.786301
v -7.717991 15.732822 -23.465302
v -8.159439 16.198101 -22.946564
v -8.317276 15.398449 -22.729538
v -7.788568 14.860573 -23.401031
v -8.317276 14.533199 -22.729538
v -7.374161 15.176495 -24.365463
v -7.731429 14.373806 -24.422913
v -7.802206 14.742218 -25.272903
v -8.184435 13.865444 -24.981125
v -8.529591 14.380466 -25.809662
v -8.798403 13.599678 -25.630112
v -8.401190 13.116829 -24.920837
v -8.763814 12.653645 -25.508835
v -8.542835 12.149076 -24.706573
v -8.361428 11.829292 -25.710907
v -8.343320 11.281527 -24.507919
v -8.016437 11.046652 -25.710907
v -8.085113 11.375477 -26.469391
v -7.619158 10.695255 -26.359573
v -8.559495 12.143044 -26.762573
v -8.047705 11.712660 -27.182297
v -8.644592 12.259733 -27.558990
v -7.850535 12.099255 -28.009201
v -7.380829 11.339256 -27.718903
v -7.102150 10.517967 -26.801605
v -6.948206 10.639256 -27.451538
v -6.477654 10.771200 -28.425903
v -5.751236 10.476627 -27.913681
v -5.786871 10.229822 -27.080856
v -6.486534 9.936968 -26.395599
v -4.997093 10.163162 -27.378052
v -5.026535 10.285549 -26.561905
v -4.266537 9.995255 -27.031616
v -4.266537 9.995255 -26.092194
v -3.733545 9.564661 -26.561905
v -3.796829 9.235256 -25.801910
v -3.506535 8.765549 -26.561905
v -3.796829 8.295841 -25.801910
v -3.733545 7.966436 -26.561905
v -3.796534 8.131550 -27.738907
v -4.038158 7.482279 -26.893127
v -4.050426 7.237806 -27.738907
v -4.646536 6.756222 -27.213577
v -4.646536 6.756222 -28.264236
v -5.439095 6.328175 -27.794464
v -5.390871 6.589901 -26.826477
v -5.968182 6.072968 -26.474884
v -6.366638 5.478107 -27.373795
v -6.734821 6.157278 -27.951340
v -7.202827 5.254551 -27.785614
v -7.672535 5.946983 -28.200363
v -8.142241 5.254551 -27.785614
v -7.672535 4.721560 -27.355026
v -8.527849 6.116407 -28.301758
v -8.043534 6.776741 -28.799744
v -8.818988 6.808844 -29.126633
v -9.412130 6.235201 -28.696442
v -9.674007 6.728760 -29.488983
v -8.818988 7.017933 -29.862656
v -9.795535 7.001532 -30.410141
v -8.957262 6.771500 -30.720718
v -9.795535 6.792442 -31.146164
v -10.601200 6.964277 -30.694855
v -10.856956 6.974621 -30.141418
v -11.347867 7.371222 -30.574051
v -11.271879 7.220455 -31.109360
v -11.791418 7.665899 -30.933914
v -11.732553 7.741407 -31.607285
v -12.526535 8.106222 -31.459244
v -12.201863 8.631552 -32.309235
v -13.051864 8.956221 -31.783905
v -12.570277 9.481550 -32.380020
v -13.094630 9.880999 -31.790253
v -13.492186 9.410547 -31.048798
v -13.491230 10.313622 -31.299347
v -12.970277 10.811550 -31.760010
v -13.451863 11.336880 -31.163910
v -14.082417 10.683550 -30.745422
v -14.521510 11.162527 -30.201904
v -13.334215 12.095798 -30.274261
v -14.042534 11.937527 -29.905884
v -14.586042 11.498434 -29.426910
v -12.926535 12.186878 -30.839233
v -12.076534 12.511551 -30.313904
v -12.076534 12.257656 -31.207657
v -11.226534 12.186878 -30.839233
v -11.226534 12.186878 -29.788574
v -12.023702 12.373379 -29.434128
v -11.270869 12.085823 -28.968857
v -10.070535 11.831879 -29.381241
v -10.145670 11.953449 -28.478912
v -10.973419 12.310253 -27.934006
v -10.188568 12.304348 -27.425049
v -10.621192 12.795258 -27.028442
v -11.443559 13.015549 -27.384888
v -11.155854 13.594509 -26.674866
v -10.026600 13.227312 -26.584045
v -10.723230 14.085419 -26.278259
v -9.600558 13.648689 -26.074936
v -10.419830 14.785419 -26.219971
v -9.297158 14.348690 -26.133224
v -9.682424 15.151657 -27.004349
v -10.367037 15.708176 -26.335922
v -10.094240 15.987846 -27.227905
v -10.508996 16.457550 -26.535477
v -10.756701 16.686947 -26.031738
v -10.157523 17.256660 -26.467911
v -10.235879 17.510647 -25.286209
v -9.609535 17.867878 -25.746246
v -9.624535 17.687260 -26.937622
v -8.864534 18.075500 -26.529816
v -8.799551 18.351616 -25.894730
v -7.860829 18.252548 -25.834610
v -8.330535 18.785542 -25.404022
v -7.570536 18.722256 -25.074615
v -7.100828 17.962254 -25.364899
v -7.037544 18.291660 -24.604904
v -6.810535 17.492550 -24.604904
v -7.437319 17.528942 -25.954880
v -6.956161 16.419247 -25.220917
v -7.002171 16.724949 -24.406021
v -7.211260 15.988926 -24.406021
v -7.341505 15.520512 -25.380600
v -7.211260 15.988926 -26.035797
v -7.571545 15.658440 -26.467911
v -8.055400 15.081661 -26.123672
v -8.104535 15.227844 -26.937622
v -8.864534 14.839600 -26.529816
v -8.864534 15.164562 -27.267029
v -8.394829 15.697552 -27.697617
v -9.334240 15.697552 -27.697617
v -8.864534 16.457550 -27.987915
v -9.663646 16.457550 -27.760895
v -9.334240 17.217548 -27.697617
v -10.094240 16.927254 -27.227905
v -8.394829 17.217548 -27.697617
v -8.864534 17.750542 -27.267029
v -8.116370 17.753593 -26.736115
v -7.634829 16.927254 -27.227905
v -7.211260 16.996174 -26.035797
v -7.220074 16.457550 -26.535477
v -7.634829 15.987846 -27.227905
v -8.065423 16.457550 -27.760895
v -9.297158 12.948689 -26.133224
v -9.564534 12.516066 -26.833221
v -8.843318 12.404011 -26.369324
v -9.411886 12.233730 -28.025406
v -9.370535 12.099255 -28.948608
v -8.610535 12.389549 -28.478912
v -8.610535 12.162539 -29.278015
v -7.850535 12.099255 -28.948608
v -8.141519 11.728615 -29.768723
v -7.380829 11.339256 -29.238907
v -7.317545 11.668661 -28.478912
v -7.594202 10.978876 -30.055801
v -6.948206 10.639256 -29.506287
v -6.486872 10.497198 -29.338348
v -6.689653 10.258200 -29.918915
v -5.819853 10.120787 -29.679962
v -5.742537 10.330877 -28.951233
v -5.159143 9.645060 -29.311798
v -5.137445 9.903479 -28.696869
v -4.495609 9.047771 -29.043716
v -4.565559 9.574661 -28.054932
v -4.121206 8.656879 -28.588913
v -3.954885 9.043982 -27.844574
v -3.796829 9.235256 -27.321899
v -4.495453 8.574480 -29.730026
v -4.121206 7.606220 -28.588913
v -4.495453 7.512617 -29.730026
v -4.495609 7.127327 -29.043716
v -5.063536 6.813843 -29.153961
v -5.063536 6.813843 -30.019196
v -5.823534 6.634687 -29.690979
v -5.470119 6.579811 -28.635010
v -6.302198 6.857277 -29.083969
v -6.302198 6.648188 -28.347946
v -7.203365 6.475882 -28.575699
v -7.343534 6.718454 -29.103149
v -6.804535 6.742548 -29.847900
v -7.422703 6.752865 -30.177124
v -8.043534 6.985830 -29.535767
v -6.591101 6.666464 -30.963287
v -7.468540 6.556702 -31.192337
v -8.307534 6.615444 -30.837158
v -8.307534 6.361549 -31.730911
v -7.422125 6.553841 -32.229584
v -8.307534 6.615444 -32.624649
v -9.117808 6.545731 -32.287231
v -9.795535 6.538549 -32.039917
v -9.795535 6.792442 -32.933655
v -10.645535 6.863222 -32.565247
v -10.645535 6.863222 -31.514587
v -11.241641 7.344807 -32.039917
v -11.170864 7.713221 -32.889908
v -11.501863 8.364174 -32.741852
v -11.210231 8.736479 -33.025345
v -10.689278 8.238550 -33.486023
v -10.320864 7.388552 -33.415237
v -10.007966 7.865509 -34.014175
v -10.292678 8.671173 -33.976929
v -10.067037 9.169926 -33.940918
v -10.008749 8.866526 -34.640915
v -9.544485 9.452444 -34.270950
v -9.811861 9.885067 -33.570953
v -10.443586 9.659988 -33.462280
v -9.887259 10.560148 -33.118454
v -10.877863 10.452547 -33.034241
v -11.246277 9.602549 -33.105011
v -11.742044 10.221056 -32.659683
v -11.787637 9.481550 -32.725006
v -12.201863 10.331549 -32.309235
v -12.147536 10.926432 -32.129562
v -11.198309 11.060925 -32.308182
v -11.521370 11.749611 -31.751694
v -12.601863 11.661549 -31.689240
v -10.295093 11.405922 -31.714462
v -10.743294 11.784416 -31.277649
v -10.237651 11.418200 -30.722656
v -10.600190 11.829645 -30.379211
v -9.537651 11.150824 -31.155289
v -9.424093 11.315987 -30.474731
v -8.610535 11.004684 -30.962814
v -8.610535 11.213774 -30.226791
v -9.079551 11.728615 -29.768723
v -7.826526 11.166481 -31.214066
v -8.971534 11.105879 -31.723572
v -8.271534 11.373255 -32.156204
v -7.511534 11.436539 -31.826797
v -7.042517 11.002615 -31.336090
v -7.180563 10.654800 -30.351532
v -6.689653 10.258200 -30.784149
v -6.422276 10.690823 -31.484161
v -5.989653 10.199913 -31.087555
v -5.989653 9.990824 -30.351532
v -5.557030 10.690823 -31.484161
v -4.847458 10.826332 -31.453705
v -4.723204 9.601042 -31.265915
v -4.326603 10.033665 -31.756836
v -3.740791 9.640549 -32.017807
v -3.945024 8.754663 -32.030518
v -3.259207 9.115219 -32.613907
v -3.784536 8.265221 -32.938583
v -4.161205 8.273842 -32.381531
v -4.237360 8.305189 -31.256470
v -4.652115 7.877241 -31.948914
v -4.593828 7.573841 -31.248901
v -4.303534 8.043549 -30.488907
v -4.530544 8.842661 -30.488907
v -4.530544 7.244436 -30.488907
v -5.063536 6.813843 -30.958618
v -5.281584 7.166655 -31.772614
v -5.863194 6.817074 -31.389465
v -5.823534 6.523548 -30.488907
v -5.902853 7.092676 -32.226929
v -6.640312 6.824917 -31.762604
v -6.636194 6.812565 -32.680161
v -5.894535 6.983572 -33.027924
v -6.669535 6.687550 -33.506912
v -7.501869 6.787277 -33.075958
v -7.545534 6.799414 -33.872009
v -8.105463 7.017830 -33.449005
v -8.105463 7.017830 -34.314255
v -8.805463 7.285206 -33.881622
v -8.805463 7.076117 -33.145599
v -9.658662 7.141932 -33.509979
v -9.544485 7.698656 -34.270950
v -8.929518 7.189087 -34.660614
v -9.544485 7.698656 -35.136200
v -9.949678 8.168909 -34.714188
v -10.120104 7.985676 -35.537048
v -9.762535 7.345844 -35.950195
v -10.295524 7.776438 -36.419907
v -10.522535 8.575550 -36.419907
v -10.232241 9.045258 -35.659912
v -10.295524 9.374662 -36.419907
v -9.762535 9.805256 -35.950195
v -9.544485 9.452444 -35.136200
v -9.031977 9.973164 -35.603775
v -9.053574 9.849045 -34.703583
v -8.203552 10.312693 -34.938293
v -8.527867 10.252876 -34.202805
v -7.742879 10.833645 -34.440353
v -8.074364 10.986660 -33.922516
v -8.808147 10.706379 -33.469025
v -8.271534 11.373255 -33.095612
v -8.846869 11.144197 -32.571335
v -7.511534 11.436539 -33.425018
v -7.511534 11.663549 -32.625916
v -6.568317 11.803085 -32.986237
v -6.752649 11.471630 -32.094971
v -5.830750 11.905132 -32.599670
v -5.836960 11.453066 -32.042206
v -5.327242 11.552547 -31.855209
v -4.857534 12.085539 -32.285797
v -4.387827 11.552547 -31.855209
v -4.097536 12.022255 -32.615204
v -3.627829 11.262257 -32.324905
v -4.058422 10.792549 -31.791916
v -3.567719 10.323532 -32.225845
v -3.259207 10.165878 -32.613907
v -3.564545 11.591661 -33.084915
v -3.188427 10.534292 -33.463913
v -2.934534 9.640549 -33.463913
v -3.259207 10.165878 -34.313904
v -3.259207 9.115219 -34.313904
v -3.188427 8.746805 -33.463913
v -3.659184 8.209724 -33.975662
v -3.945024 8.754663 -34.897308
v -4.147865 7.885872 -34.341003
v -4.519653 7.824898 -33.392914
v -4.790537 7.502222 -33.805573
v -5.298498 7.323521 -33.465698
v -5.298498 7.323521 -32.600449
v -5.525654 7.061899 -34.330902
v -5.894081 6.831932 -33.986160
v -6.016563 6.665298 -34.834534
v -6.719807 6.548298 -34.361710
v -7.076517 6.075483 -35.066101
v -7.545534 6.590324 -34.608032
v -8.015240 6.174551 -35.126205
v -8.372839 6.585207 -35.014252
v -8.775240 6.464842 -35.595917
v -8.305534 5.704844 -35.886200
v -8.838523 6.135437 -36.355911
v -9.346759 6.827673 -36.419907
v -8.775240 6.464842 -37.115906
v -9.138749 7.165533 -37.273254
v -9.762535 7.345844 -36.889618
v -9.472240 7.815552 -37.649612
v -10.232241 8.105843 -37.179901
v -9.801646 8.575550 -37.712891
v -10.232241 9.045258 -37.179901
v -9.472240 9.335548 -37.649612
v -9.762535 9.805256 -36.889618
v -9.002535 9.868540 -37.219025
v -9.002535 10.095551 -36.419907
v -8.302535 10.251787 -36.785217
v -8.302535 10.251787 -36.054596
v -7.633302 10.644941 -36.233292
v -7.712641 10.709293 -35.370911
v -7.116535 11.190878 -35.896240
v -7.195414 11.286064 -34.887878
v -6.266535 11.515551 -35.370911
v -6.349476 11.693039 -34.210953
v -6.811533 11.494825 -33.728424
v -6.026552 11.709902 -34.678131
v -5.326551 11.651615 -34.374725
v -5.617533 12.022255 -33.554611
v -4.857534 12.085539 -33.884018
v -4.857534 12.312550 -33.084915
v -4.097536 12.022255 -33.554611
v -4.387827 11.552547 -34.314621
v -3.627829 11.262257 -33.844910
v -3.985264 10.486324 -34.922287
v -4.757538 10.780813 -35.456390
v -4.422104 10.013590 -35.438187
v -3.740791 9.640549 -34.910019
v -4.137392 9.207926 -35.400925
v -4.762140 9.382927 -36.300674
v -4.622440 8.812244 -35.807251
v -4.265207 8.352221 -35.180908
v -4.887884 9.140549 -36.780792
v -5.257427 8.246805 -36.665909
v -5.199141 7.943405 -35.965912
v -4.790537 7.502222 -34.856232
v -5.490152 7.119339 -35.360107
v -5.586376 7.451317 -36.308441
v -5.927584 6.872635 -36.355911
v -6.217453 6.403618 -35.597031
v -6.252544 6.135437 -36.355911
v -6.785536 5.704844 -35.886200
v -6.785536 5.704844 -36.825623
v -7.545534 5.414549 -36.355911
v -7.545534 5.641560 -35.556793
v -7.545534 5.641560 -37.155029
v -8.305534 5.704844 -36.825623
v -8.015240 6.174551 -37.585617
v -7.075827 6.174551 -37.585617
v -7.535458 6.900766 -37.987122
v -8.409307 6.886909 -37.724075
v -8.386864 7.335278 -37.982727
v -6.746422 6.934549 -37.648895
v -6.443022 7.634550 -37.707184
v -7.171659 8.268225 -38.192245
v -7.830535 8.145550 -38.166916
v -8.742966 8.039886 -38.008560
v -8.334161 8.960432 -38.015182
v -9.002535 8.575550 -37.939911
v -8.569911 9.410685 -37.771179
v -8.197790 9.842941 -37.594543
v -7.578857 9.121935 -38.231918
v -7.228865 9.990547 -38.041229
v -7.553535 10.515877 -37.191238
v -6.703535 10.586655 -37.559647
v -6.760975 10.943924 -36.756958
v -5.853537 10.515877 -37.191238
v -6.266535 11.261658 -36.264648
v -5.416536 11.190878 -35.896240
v -4.891207 10.340879 -36.220901
v -5.161886 10.052980 -36.771576
v -5.328207 9.665878 -37.515900
v -6.178205 9.990547 -38.041229
v -5.809792 9.140549 -38.112015
v -5.328207 8.615219 -37.515900
v -6.178205 8.290550 -38.041229
v -5.735321 7.733772 -37.272018
v -6.703535 9.140549 -38.365906
v -5.959360 7.196190 -37.123474
v -6.315828 6.464842 -37.115906
v -5.326551 11.442526 -35.110748
v -9.542260 11.118366 -32.215240
v -10.352534 11.048656 -32.552658
v -5.061806 9.489212 -30.098465
v -13.095534 19.042545 -23.967911
v -13.095534 18.815540 -24.767029
v -11.193792 3.537550 -27.958008
v -6.409651 17.079144 -19.566132
v -8.858285 17.155434 -17.831253
v -10.943929 3.209173 -18.438141
v -11.459982 3.999872 -18.223572
v -10.885641 3.512573 -17.738144
v -10.619111 2.683609 -17.702637
v -10.943929 3.209173 -17.038147
v -12.578043 17.160694 -16.048416
v -12.869240 17.628548 -15.455612
v -12.399534 18.161541 -15.025024
v -12.976400 16.755436 -16.413895
v -15.502353 7.206982 -23.424088
v 5.499012 -9.319745 -9.304138
v 4.331945 -9.825703 -8.870087
v 4.666077 -9.054738 -8.899445
v 4.862217 -10.087103 -9.627594
v 5.499466 -9.680474 -10.039886
v 6.274466 -9.287644 -9.631027
v 6.484800 -9.110089 -9.128937
v 5.991905 -8.724006 -8.819946
v 6.274466 -9.615942 -10.375793
v 7.041147 -9.580490 -10.104858
v 7.290464 -9.147345 -9.413651
v 7.290464 -8.893451 -8.519913
v 6.392101 -8.524387 -8.056732
v 5.421820 -8.045539 -8.353378
v 5.067816 -8.492600 -8.748474
v 10.357479 -4.414391 -7.056870
v 9.486145 -4.350147 -7.088104
v 9.564941 -3.974343 -7.496170
v 10.588566 -3.987961 -7.915283
v 11.022491 -4.478665 -7.446274
v 11.079475 -4.384561 -8.347916
v 10.624588 -3.585450 -8.692139
v 11.142761 -4.055156 -9.107910
v 11.142761 -3.115745 -9.107910
v 10.213795 -2.806031 -8.392883
v 11.316841 -2.344191 -8.339554
v 11.612469 -2.355745 -8.817612
v 11.874527 -2.012074 -8.288147
v 12.453594 -1.974332 -8.591568
v 12.307152 -1.312073 -8.020767
v 11.607151 -1.579451 -7.588150
v 11.910549 -0.879450 -7.529861
v 11.156330 -0.850008 -7.309525
v 11.502762 -0.119452 -7.141617
v 12.234104 -0.111883 -7.498077
v 11.936073 0.470526 -6.805130
v 11.212467 0.350256 -6.381607
v 11.698059 1.081070 -6.192902
v 11.288132 1.226974 -5.579910
v 10.698853 -0.054905 -5.788330
v 10.659943 0.273926 -4.964767
v 10.227318 -0.426075 -5.232132
v 9.959942 0.006548 -4.532135
v 9.905853 0.962664 -4.391693
v 11.059532 1.042273 -5.136444
v 10.662930 1.474895 -4.645538
v 11.059532 1.907518 -5.136444
v 11.190773 2.257698 -5.547073
v 12.054432 1.811886 -6.213272
v 11.769722 2.617550 -6.176010
v 11.261360 3.175768 -5.723007
v 12.014191 3.463326 -6.188278
v 11.502087 3.900055 -5.497116
v 10.758045 3.509434 -5.238281
v 11.123383 4.361639 -4.352539
v 10.200806 4.133389 -4.677338
v 10.354717 4.603106 -3.976257
v 9.852074 5.401060 -1.563797
v 9.174923 5.117456 -1.990860
v 8.764065 5.246428 -1.256317
v 9.293465 5.481926 -0.741287
v 8.737671 5.517580 -0.551025
v 2.624729 -7.959936 5.984085
v 3.269211 -6.976574 6.367249
v 2.659128 -7.177692 6.525208
v 3.185799 -7.406326 5.347412
v 3.119011 -8.339727 5.432693
v 2.967697 -8.874997 5.452789
v 2.198044 -8.713446 5.979935
v 2.488441 -9.650451 5.597183
v 1.659466 -9.504217 5.712112
v 1.147240 -8.715750 5.996170
v 0.923443 -9.504217 5.921204
v 0.569090 -8.916926 5.549957
v 0.569090 -9.782174 5.549957
v 0.313070 -9.755075 4.948853
v 0.313070 -8.889827 4.948853
v 0.284138 -8.399779 5.325089
v -0.143909 -7.818899 4.532532
v -0.690466 -9.113566 4.135178
v -0.644150 -8.255877 3.975433
v -0.148485 -8.049122 3.357712
v 0.284138 -7.349122 3.625092
v 0.342424 -7.652522 2.925095
v -0.227100 -8.227989 2.765335
v 0.079994 -8.316862 2.031235
v 0.697922 -7.492311 2.285187
v 0.816759 -6.511745 2.690094
v 0.385193 -6.529396 3.669434
v 1.182692 -6.933813 2.081924
v 1.515533 -6.222567 2.122009
v 1.066154 -5.739501 2.631485
v 1.195429 -5.049603 2.062088
v 0.755526 -5.173135 2.710312
v 0.315626 -5.296670 3.358551
v -4.117159 -7.965122 -1.272858
v -3.589605 -8.295326 -1.746063
v -3.655846 -7.590646 -1.749435
v -3.684536 -8.665122 -1.005478
v -4.419653 -8.224799 -0.551163
v -3.684536 -8.665122 -0.140244
v -4.575092 -8.204416 0.499420
v -4.916355 -7.790325 0.050980
v -5.347485 -8.400226 0.805603
v -4.640198 -8.498802 1.297516
v -5.340199 -8.766178 1.730148
v -4.620510 -8.462235 2.286697
v -5.320511 -8.520523 2.590103
v -6.030355 -8.480518 2.224731
v -4.512486 -8.536844 3.303406
v -5.328081 -8.529834 3.317841
v -4.505995 -8.901484 3.919174
v -5.328535 -8.681475 4.276062
v -6.261192 -8.189794 3.937088
v -3.742233 -8.542135 3.656540
v -4.177540 -9.287883 3.967560
v -3.260456 -9.321667 3.954300
v -3.644028 -9.760669 4.326172
v -4.455273 -9.818581 4.857010
v -3.939737 -10.175167 4.779099
v -3.998024 -10.478567 5.479095
v -4.541534 -10.039474 5.958069
v -4.012188 -10.818315 6.365585
v -4.837557 -10.518450 6.733063
v -4.501650 -11.293450 6.797607
v -5.316534 -11.293450 7.029083
v -4.837557 -12.068451 6.733063
v -5.804819 -12.102244 6.844467
v -6.131418 -11.293450 6.797607
v -6.791458 -12.138128 6.624191
v -6.930563 -11.519615 6.417511
v -7.922659 -12.216125 6.624420
v -8.195884 -11.658825 6.367355
v -8.852475 -12.429076 6.863220
v -8.895884 -11.391449 6.799973
v -8.499284 -10.958825 6.309067
v -8.895884 -10.526201 6.799973
v -8.195884 -10.258825 6.367355
v -8.472043 -9.606443 6.910431
v -9.258509 -9.796968 7.301514
v -8.955109 -9.096969 7.359802
v -9.511487 -9.067451 7.412048
v -9.078863 -8.367451 7.679413
v -9.944111 -8.367451 7.679413
v -10.247511 -9.067451 7.621140
v -10.927870 -8.278178 7.636139
v -11.360494 -8.978178 7.903519
v -11.998111 -8.534451 7.821426
v -11.565487 -7.834451 7.554047
v -10.923954 -7.152704 7.871643
v -12.097510 -6.688121 7.454514
v -11.501277 -6.284451 7.892197
v -12.400910 -7.388121 7.512802
v -13.016222 -6.581903 7.175461
v -12.682863 -6.026498 6.863464
v -13.631535 -5.959345 6.494827
v -14.156863 -6.555450 6.976425
v -14.610456 -5.834152 6.559616
v -15.022111 -6.555450 6.976425
v -15.434559 -5.803451 6.756073
v -15.810219 -6.595558 7.210251
v -16.532242 -5.760143 7.278900
v -16.615658 -6.680450 7.461319
v -17.133829 -6.210745 7.877090
v -17.554209 -5.370933 7.700806
v -16.787603 -4.981335 7.168167
v -17.220058 -4.446692 7.396759
v -17.930910 -4.896550 7.519608
v -18.152866 -4.163566 7.226456
v -18.689795 -4.861458 7.251419
v -19.087511 -4.318121 6.828506
v -19.390911 -5.018121 6.886795
v -20.039202 -4.404422 6.613281
v -19.989910 -4.966962 6.583984
v -20.689911 -4.699586 6.151367
v -21.122536 -4.208674 6.547974
v -20.471827 -3.704422 6.880661
v -21.592241 -4.624451 6.029800
v -21.956865 -3.923335 6.186462
v -21.862133 -3.322552 7.215195
v -21.060535 -3.262556 7.555832
v -21.585863 -2.666451 8.037415
v -22.121582 -2.573451 7.868805
v -21.972965 -1.922115 8.203735
v -22.986828 -2.573451 7.868805
v -22.697651 -3.141532 7.170029
v -23.456535 -3.106440 7.438202
v -23.926241 -2.573451 7.868805
v -23.456535 -1.813451 8.159088
v -24.255646 -1.813451 7.932083
v -23.926241 -1.053452 7.868805
v -23.023911 -0.978317 7.990372
v -23.456535 -0.520460 7.438202
v -22.683170 -0.449596 7.834869
v -22.323912 -0.710939 8.422989
v -22.037638 -1.207668 8.548187
v -21.529278 -0.649450 9.001190
v -21.160864 -1.499451 8.930420
v -22.523199 0.014198 6.944519
v -23.373652 -0.106539 6.660980
v -22.790575 0.446821 6.244522
v -24.216534 -0.583746 7.108795
v -24.687933 -0.878942 6.510269
v -24.686241 -1.343744 7.399094
v -24.976534 -1.813451 6.639099
v -24.686241 -2.283156 7.399094
v -24.749523 -2.612561 6.639099
v -24.216534 -3.043157 7.108795
v -24.216534 -3.043157 6.169388
v -24.806511 -2.706666 5.737457
v -24.216534 -3.043157 5.304138
v -23.504482 -3.516891 5.628082
v -23.470699 -3.350116 6.449585
v -22.784864 -3.634156 5.827469
v -23.052240 -4.066780 5.127472
v -23.539045 -4.270318 4.722488
v -24.483912 -3.475780 4.604141
v -24.239046 -4.002942 4.289856
v -23.935646 -4.702942 4.231567
v -23.472454 -5.173371 4.763702
v -24.224863 -5.496122 4.139099
v -24.665186 -5.085201 3.403976
v -24.659048 -6.031476 3.375259
v -25.061787 -5.517825 2.913055
v -25.281231 -4.928379 2.728531
v -25.340750 -5.363843 2.471069
v -24.224863 -6.546780 4.139099
v -23.743279 -6.021451 4.735199
v -23.374863 -6.871451 4.664413
v -22.849535 -6.021451 4.989090
v -22.324205 -6.871451 4.664413
v -22.914839 -7.497795 4.307190
v -21.891582 -7.571451 4.397049
v -22.611439 -8.197795 4.248901
v -21.782536 -8.115451 4.446091
v -22.252241 -8.875451 4.155792
v -21.329031 -8.916801 4.290268
v -21.830173 -9.483624 3.789856
v -22.542534 -9.345157 3.395798
v -21.782536 -9.635451 2.926086
v -21.082535 -9.902827 3.358719
v -21.023651 -9.443532 2.395157
v -21.782536 -9.408440 2.126984
v -21.023651 -9.234444 1.659134
v -21.358301 -8.847844 1.084717
v -20.323650 -9.501820 2.091766
v -20.124111 -9.594649 1.203201
v -19.832739 -9.898420 1.659134
v -19.328535 -10.027427 0.742111
v -19.431488 -10.365780 1.542709
v -18.887592 -10.618323 1.073746
v -18.607481 -10.165093 0.340408
v -19.027370 -9.653577 -0.089539
v -17.881487 -10.957827 0.584763
v -17.685707 -10.520224 -0.230545
v -17.234886 -11.249666 0.048080
v -17.176598 -10.946266 -0.651932
v -16.955366 -11.881059 -0.644913
v -17.029186 -12.376202 0.189209
v -16.734135 -12.815851 -0.637909
v -16.892406 -12.447479 -1.346222
v -16.787239 -11.816450 -1.412613
v -17.001511 -13.248474 -1.337906
v -16.856955 -13.727450 -0.561996
v -17.001511 -14.206427 -1.337906
v -17.297535 -13.727450 -2.112915
v -17.066044 -14.542334 -2.112915
v -17.001511 -14.206427 -2.887909
v -16.522535 -14.981426 -2.591888
v -16.627661 -15.038079 -1.639069
v -15.747535 -15.374258 -2.183014
v -15.747535 -15.045959 -2.927795
v -14.980854 -15.081411 -2.656860
v -14.889535 -15.550557 -1.845657
v -14.364206 -14.954451 -2.327240
v -14.039535 -15.479779 -1.477234
v -13.514206 -14.629780 -1.801910
v -13.443429 -14.998194 -0.951904
v -13.086161 -14.195503 -1.009354
v -13.406174 -14.713482 -0.146240
v -12.607526 -13.818954 -0.519287
v -12.794568 -14.332302 0.471985
v -12.337535 -13.761780 0.128769
v -11.637535 -13.703492 0.432159
v -11.821606 -14.270196 1.082397
v -11.204911 -14.194403 0.828766
v -10.937535 -13.761780 0.128769
v -11.379736 -13.213858 -0.618622
v -10.621290 -13.349688 -0.950516
v -11.006241 -12.552156 -1.455902
v -11.524411 -12.082451 -1.040131
v -12.138865 -12.984779 -0.755905
v -12.662882 -12.112131 -0.574158
v -13.031828 -12.983548 -1.051392
v -12.359482 -11.412132 -0.515869
v -13.095506 -11.412132 -0.306778
v -12.642277 -10.678791 -0.586899
v -13.742535 -10.799217 -0.451920
v -13.170362 -9.984608 -0.747955
v -14.175159 -10.099217 -0.719299
v -12.294791 -9.869997 -0.567520
v -12.894604 -9.202335 -0.860001
v -12.158580 -9.202335 -0.650909
v -12.591204 -8.502336 -0.918289
v -11.564065 -8.410451 -0.835709
v -12.158580 -8.011424 -1.314896
v -11.131441 -7.919539 -1.232300
v -11.681535 -7.417827 -2.151291
v -10.981535 -7.359539 -1.847885
v -10.981535 -7.150451 -2.583908
v -11.681535 -7.417827 -3.016525
v -10.981535 -7.359539 -3.319931
v -11.042927 -7.512961 -3.938019
v -10.342927 -7.245585 -3.505402
v -10.211434 -7.564853 -4.239273
v -10.779942 -7.655602 -4.338257
v -11.278752 -7.897980 -4.191895
v 2.244513 -12.079121 -6.262283
v 1.618734 -12.025705 -6.671692
v 2.175161 -11.765911 -6.615356
v 2.737076 -11.589218 -6.831909
v 3.109758 -12.079121 -6.262283
v 3.393982 -11.602930 -7.065353
v 3.809759 -12.346497 -6.694916
v 4.205133 -12.222567 -7.321274
v 4.105341 -11.712801 -7.487350
v 4.433664 -11.595360 -7.869781
v 4.869492 -11.614420 -8.624863
v 4.363604 -11.261660 -8.260300
v 4.905134 -12.489943 -7.753906
v 4.508533 -12.922566 -7.262985
v 5.472088 -12.981451 -7.722290
v 5.931635 -13.040068 -7.949036
v 6.026527 -13.668060 -7.630142
v 6.793442 -13.258548 -8.212708
v 6.199013 -12.607444 -8.649033
v 7.056583 -12.656854 -9.158081
v 6.274466 -12.484450 -9.560913
v 5.446674 -12.292574 -9.084366
v 4.955956 -11.749334 -9.560913
v 4.614567 -10.946191 -9.598633
v 5.020489 -11.413427 -10.335907
v 5.020489 -10.455475 -10.335907
v 5.459581 -10.934450 -10.879410
v 5.795488 -10.159451 -10.814880
v 6.274466 -10.934450 -11.110901
v 6.753443 -10.159451 -10.814880
v 7.089350 -10.934450 -10.879410
v 7.585094 -10.460615 -10.441040
v 7.528440 -11.413427 -10.335907
v 8.184208 -10.593451 -9.966019
v 7.815794 -9.743450 -9.895233
v 8.692566 -10.035233 -9.513016
v 8.140465 -9.218122 -9.045242
v 8.920231 -9.356433 -8.519913
v 8.220230 -9.089057 -8.087280
v 8.920231 -9.147345 -7.783890
v 7.817091 -8.717567 -8.046188
v 7.817091 -8.508479 -7.310165
v 7.290464 -8.684362 -7.783890
v 9.747215 -9.008682 -8.045273
v 9.874195 -9.137396 -7.267242
v 8.764183 -8.767146 -6.841629
v 8.278728 -8.046967 -6.606903
v 7.384468 -8.017568 -6.913559
v 6.659479 -8.091763 -7.356720
v 7.081068 -7.317568 -6.855270
v 7.838795 -7.282451 -6.473236
v 7.535395 -6.582451 -6.414948
v 8.399578 -6.813942 -6.040390
v 8.688797 -7.607122 -5.947906
v 8.637531 -7.015313 -5.298889
v 8.428440 -6.279289 -5.298889
v 8.359009 -5.613107 -6.053452
v 8.519867 -5.369572 -5.344330
v 10.392467 -4.617492 -6.234833
v 9.364506 -4.896543 -5.844894
v 9.232773 -4.755813 -6.473450
v 9.400204 -4.628358 -5.064713
v 10.362381 -4.972921 -5.497910
v 11.062382 -5.031209 -5.832855
v 11.092468 -4.675779 -6.538239
v 11.539192 -5.401794 -6.268173
v 11.755981 -5.172293 -7.414398
v 11.965073 -5.908317 -7.414398
v 11.697693 -5.475693 -8.114395
v 11.513401 -4.875265 -7.878891
v 11.513401 -4.875265 -8.816925
v 11.722492 -5.611289 -8.816925
v 12.115978 -5.597058 -9.364136
v 12.372467 -5.120584 -9.431808
v 11.902763 -4.345450 -9.577621
v 12.825974 -4.386801 -9.712082
v 12.372467 -3.585450 -9.867905
v 11.573357 -3.585450 -9.640900
v 11.902763 -2.825450 -9.577621
v 12.844170 -2.772135 -9.681366
v 12.372467 -2.292460 -9.147018
v 13.213852 -2.075760 -9.068039
v 13.464947 -2.597118 -9.666855
v 13.112137 -3.411121 -9.884903
v 13.897572 -3.297118 -9.934235
v 14.200970 -2.597118 -9.875946
v 14.350235 -1.752162 -9.762207
v 13.830353 -1.263943 -9.202393
v 13.586220 -1.216043 -8.627594
v 12.886219 -1.483421 -8.194962
v 13.189617 -0.783421 -8.136673
v 13.586220 -0.350798 -8.627594
v 12.795700 0.197456 -8.054413
v 13.325470 0.449917 -8.636368
v 13.016815 0.780300 -8.194794
v 12.636070 0.737904 -7.237747
v 12.865089 1.283926 -7.379913
v 12.451035 1.379263 -6.704178
v 12.948959 2.184927 -7.011917
v 12.552361 2.617550 -6.521011
v 12.948959 3.050173 -7.011917
v 12.451035 3.855837 -6.704178
v 12.775879 4.104259 -7.431946
v 12.192410 4.637413 -6.836731
v 11.992996 4.296656 -5.929733
v 12.229046 5.076302 -5.859161
v 12.314293 4.816526 -5.088562
v 12.757996 5.633917 -5.224365
v 12.816280 5.330517 -4.524353
v 12.325371 4.933916 -4.091736
v 11.823383 4.419926 -4.655945
v 11.625370 4.875629 -3.788330
v 12.057995 5.366539 -3.391739
v 11.633137 5.611547 -3.124237
v 11.036331 4.947433 -3.449677
v 10.747017 5.415558 -2.692230
v 10.196587 4.858961 -3.246017
v 11.308468 6.136877 -2.274231
v 10.666958 5.712318 -2.067413
v 11.179802 6.253199 -1.590332
v 10.470207 6.190235 -1.008728
v 10.937569 6.993593 -0.546860
v 10.237572 6.726215 -0.114227
v 9.809124 5.729645 -0.743210
v 9.457237 6.486311 0.025146
v 9.518681 7.211086 0.348801
v 6.330814 9.974300 4.840973
v 5.906832 9.484846 4.357635
v 5.776293 9.246639 4.971252
v 6.389101 9.670900 5.540970
v 5.820292 9.139210 5.446716
v 6.021963 9.341349 6.050125
v 3.416830 -6.634801 5.289978
v 3.705366 -5.594939 4.946579
v 3.767134 -6.097367 5.676102
v 3.508554 -6.527827 4.749695
v 3.299465 -7.263851 4.749695
v 3.415424 -6.284778 4.203049
v 3.554403 -5.171429 4.193130
v 3.256033 -5.526536 3.495468
v 3.465122 -6.262560 3.495468
v 3.690926 -6.939692 3.517654
v 3.961216 -7.210191 3.137360
v 3.566841 -7.696475 4.049698
v 4.162878 -8.036422 3.611923
v 3.999464 -8.396475 4.317062
v 3.861938 -8.616280 4.969742
v 4.556561 -9.159534 4.762131
v 4.051208 -9.617110 5.263077
v 3.224464 -9.650451 5.388092
v 3.597979 -10.350451 5.543182
v 2.321091 -10.137334 5.567368
v 2.752338 -10.927450 5.336105
v 2.016315 -10.927450 5.545197
v 1.405956 -10.170775 5.877975
v 1.226185 -11.078355 6.390167
v 1.053820 -10.507611 6.183456
v 0.786442 -10.940235 6.883453
v 1.167898 -11.381754 7.090164
v 0.786442 -10.940235 7.785095
v 0.249783 -10.500000 7.313385
v 0.136467 -10.482174 6.682587
v 0.136467 -10.482174 5.817337
v -0.740416 -10.951799 6.145340
v -0.740416 -10.951799 5.280090
v -0.119553 -10.455074 5.216232
v -1.065235 -10.541117 4.544586
v -0.386930 -10.022450 4.516235
v -0.993866 -9.813566 4.193466
v -1.519278 -10.130434 4.018173
v -1.443245 -9.330501 3.683990
v -2.255301 -10.130434 3.809097
v -2.413374 -9.319771 3.708710
v -1.952225 -8.583673 3.360001
v -1.139845 -8.630501 3.625702
v -2.800827 -8.595450 3.552795
v -2.510536 -8.125745 2.792801
v -3.270535 -8.062462 3.122208
v -3.270535 -7.835450 2.323090
v -2.510536 -8.125745 1.853394
v -1.714520 -8.305334 2.268433
v -0.918419 -8.544370 2.276154
v -1.261017 -8.830029 1.817169
v -0.561016 -8.771742 1.513763
v -1.205948 -9.036425 0.952576
v -0.450878 -8.766355 0.326096
v 0.175467 -8.409122 0.851425
v 0.384377 -8.044894 -0.162994
v 1.049133 -7.931125 0.519989
v 1.049133 -7.931125 1.385239
v 1.540043 -7.534525 0.952606
v 1.481756 -7.231125 1.652603
v 1.970421 -6.958591 0.931091
v 1.912134 -6.655190 1.631104
v 2.179510 -6.222567 0.931091
v 1.912134 -5.789943 1.631104
v 1.801199 -5.426655 0.867584
v 1.651405 -5.265633 1.504089
v 0.403324 -6.870487 -0.858170
v 0.082230 -6.154740 -0.873383
v -0.394913 -6.825740 -1.503998
v 0.024696 -7.529693 -1.692413
v 0.309082 -7.851906 -0.927704
v 0.024696 -8.394940 -1.692413
v -0.670706 -8.125422 -2.316650
v -0.552191 -7.423017 -1.965149
v -4.376911 -9.395404 -1.707336
v -3.887177 -9.033244 -2.524155
v -3.656385 -8.789817 -2.001801
v -3.622103 -10.146116 -1.156555
v -4.534534 -10.155334 -1.430557
v -3.929199 -11.406178 -0.962967
v -3.189480 -10.846115 -0.889175
v -3.130104 -9.965409 -0.688187
v -2.697481 -10.665409 -0.955551
v -2.430103 -10.232785 -0.255554
v -2.728765 -9.435234 -0.150345
v -3.172520 -9.020622 -0.612106
v -3.236872 -8.796802 0.373657
v -2.496761 -8.880074 0.636826
v -3.501518 -8.438099 0.729874
v -3.270535 -8.062462 1.523987
v -4.029419 -8.236458 1.056137
v -4.030533 -8.125745 1.853394
v -2.010754 -9.464377 0.105896
v -1.564857 -10.232785 -0.255554
v -1.049864 -9.526498 -0.091278
v -0.823671 -9.962265 -0.739731
v -0.349863 -9.259122 -0.523911
v -0.291576 -9.562522 -1.223907
v 0.082983 -8.698340 -0.992416
v -0.349863 -9.259122 -1.923904
v -0.806570 -10.268808 -1.388184
v -0.595612 -9.529995 -2.667328
v -0.380556 -10.438021 -2.227371
v -0.464827 -10.079063 -3.185471
v -5.268650 -8.747443 -3.110870
v -5.418627 -8.997869 -3.985016
v -4.729408 -8.970603 -3.612823
v -4.809534 -8.695404 -2.839951
v -4.809534 -8.904492 -2.103928
v -6.027534 -8.921439 -2.643021
v -6.027534 -8.712351 -3.379044
v -6.569485 -8.505344 -3.127625
v -6.786419 -8.956532 -2.374847
v -6.027534 -9.246399 -1.905823
v -5.242157 -9.395404 -1.707336
v -5.985252 -9.405755 -1.358627
v -5.552629 -10.105755 -1.091248
v -6.252630 -9.838379 -0.658630
v -5.909863 -10.565779 -0.464905
v -5.552629 -10.971003 -1.091248
v -5.038160 -10.855333 -1.163177
v -4.665222 -11.406178 -1.172058
v -5.661179 -11.644880 -1.297729
v -5.909863 -11.431026 -0.464905
v -6.342485 -12.131027 -0.732285
v -6.342485 -12.131027 -1.597534
v -5.738161 -11.987957 -2.130554
v -6.542366 -11.984621 -2.526123
v -5.504101 -12.131754 -2.907974
v -5.013191 -12.528355 -2.475357
v -4.629200 -12.538802 -1.930344
v -5.013191 -12.528355 -3.340607
v -3.957541 -12.476912 -3.727402
v -3.678865 -12.957451 -2.761581
v -3.804031 -12.672726 -1.826248
v -4.361822 -12.106178 -1.230347
v -3.496576 -12.106178 -1.230347
v -3.123535 -12.634344 -1.911652
v -2.778996 -11.926434 -1.122253
v -2.346373 -12.417345 -1.518860
v -1.913750 -11.926434 -1.122253
v -2.346373 -11.226435 -0.854889
v -1.610350 -11.226435 -1.063965
v -1.997480 -10.723697 -0.652161
v -1.297480 -10.665409 -0.955551
v -0.851465 -10.936566 -1.532990
v -1.184307 -11.647812 -1.573074
v -0.454865 -11.369190 -2.023895
v -0.887487 -12.069190 -2.291275
v -0.332972 -11.675312 -3.167480
v -0.834583 -12.140556 -2.974945
v -0.834583 -12.140556 -3.840195
v -0.401960 -11.440557 -4.107574
v -0.038872 -10.804723 -3.130859
v -0.466875 -10.516779 -3.899521
v -0.751541 -11.063190 -4.369293
v -1.145035 -11.638237 -4.427429
v -1.390375 -12.104904 -4.030457
v -2.423534 -12.576057 -3.080292
v -2.426680 -12.272099 -3.702988
v -3.141441 -12.385574 -3.733002
v -3.746099 -12.530818 -3.678604
v -3.123535 -12.843433 -2.647675
v -2.346373 -12.626434 -2.254883
v -1.616930 -12.347812 -2.705704
v -1.646372 -12.359058 -1.822266
v -1.856127 -12.252562 -3.786118
v -4.745813 -12.095731 -4.040604
v -3.951246 -12.044657 -4.004471
v -4.070864 -11.558973 -4.282547
v -4.650568 -11.201546 -4.560516
v -5.269661 -11.514361 -4.132919
v -5.624519 -11.015944 -4.844849
v -8.089510 -8.559946 -3.184189
v -8.210345 -8.184330 -3.680801
v -7.349501 -8.382924 -3.843292
v -7.269485 -8.447057 -2.824219
v -7.766606 -8.815884 -2.492599
v -8.840504 -8.794830 -2.490982
v -8.264535 -9.276557 -1.971649
v -7.422062 -9.359783 -1.522781
v -7.957543 -9.682872 -1.022171
v -7.150015 -9.716038 -0.573822
v -6.685253 -9.347467 -1.055222
v -7.475109 -10.298403 -0.032288
v -6.609863 -10.298403 -0.032288
v -7.042486 -10.998404 0.235092
v -6.306463 -10.998404 0.026001
v -6.609863 -11.698402 -0.032288
v -7.475109 -11.698402 -0.032288
v -7.042486 -12.189314 -0.428879
v -7.742486 -12.131027 -0.732285
v -7.042486 -12.398403 -1.164902
v -7.868842 -12.067914 -1.612885
v -7.295198 -12.272178 -2.060852
v -8.060202 -12.240500 -2.705429
v -7.295198 -12.063089 -2.796875
v -8.119301 -12.309433 -3.405914
v -7.361858 -12.020117 -3.874039
v -6.489534 -11.846451 -3.405914
v -6.604416 -11.730799 -4.342163
v -6.052301 -11.514361 -4.477921
v -5.560234 -11.808721 -3.623138
v -7.096226 -11.178576 -5.112595
v -6.357771 -11.072140 -5.032822
v -8.895758 -8.412936 -3.211304
v -9.479290 -7.645162 -3.505402
v -9.001493 -7.942661 -3.518326
v -7.304417 -11.789086 -4.645554
v -7.729243 -11.467468 -4.926880
v -8.409818 -11.785538 -4.655533
v -8.119301 -12.100345 -4.141937
v -8.769311 -12.158445 -4.114944
v -9.251920 -12.461826 -3.730042
v -8.913519 -12.252386 -2.756042
v -8.760201 -11.973124 -2.272797
v -9.382535 -11.761475 -2.359451
v -9.962076 -12.370757 -2.723969
v -10.575646 -12.082451 -1.988892
v -10.339365 -12.925560 -1.992523
v -9.516866 -13.437712 -2.298920
v -9.458578 -13.134312 -2.998917
v -9.453036 -12.856935 -3.553650
v -9.786351 -13.326555 -3.786240
v -9.249490 -13.870335 -2.998917
v -9.516866 -14.302959 -3.698914
v -9.890643 -13.903104 -4.312546
v -9.977360 -14.805408 -4.300888
v -9.960607 -14.376976 -4.918869
v -9.769457 -15.378027 -4.693069
v -9.718567 -15.027983 -5.479691
v -2.949917 -15.970537 -7.394745
v -2.729933 -15.093921 -6.849777
v -2.805613 -14.991220 -7.330978
v -3.105661 -15.771822 -8.293076
v -2.945509 -15.548466 -8.720856
v -2.693213 -14.447391 -7.998123
v -2.559593 -15.237578 -8.914261
v -3.000534 -15.828474 -9.245880
v -2.225534 -15.763942 -9.581787
v -1.891476 -15.237578 -8.914261
v -1.458853 -15.728490 -9.310852
v -1.026230 -15.237578 -8.914261
v -1.339783 -14.274160 -8.582275
v -0.623377 -14.418368 -8.391037
v -0.568199 -15.305089 -9.217941
v 0.102600 -14.983362 -8.917786
v 0.351364 -14.925075 -8.272415
v 0.069153 -14.403325 -8.032883
v 0.421316 -14.288992 -7.519455
v 0.943787 -13.321170 -6.834930
v 0.592157 -14.138341 -7.324432
v 0.568304 -13.603706 -7.242249
v 1.062870 -13.574659 -6.245041
v 1.404461 -12.800217 -6.336990
v 1.831898 -13.165115 -5.776550
v 1.459469 -14.007283 -5.754135
v 2.264521 -13.865115 -5.509186
v 2.687140 -12.972118 -5.885727
v 3.000544 -13.865115 -5.718277
v 3.397144 -13.432491 -6.209183
v 3.413158 -12.779121 -6.203995
v 3.809759 -13.211744 -6.694916
v 3.749649 -14.150467 -6.793976
v 4.240353 -13.681451 -7.227905
v 4.508533 -14.440335 -7.262985
v 5.039465 -13.681451 -7.454910
v 5.513847 -14.449018 -7.311996
v 4.205133 -15.140335 -7.321274
v 5.592415 -15.657769 -7.266876
v 6.070560 -14.719726 -6.922623
v 6.373960 -14.019726 -6.980911
v 6.806583 -14.719726 -6.713531
v 7.239206 -14.019726 -6.980911
v 6.806583 -13.528814 -7.377518
v 7.650187 -13.580963 -7.690933
v 8.003725 -14.019726 -6.980911
v 8.436348 -13.528814 -7.377518
v 8.471466 -13.146779 -8.135239
v 7.621466 -13.217557 -8.503647
v 8.146795 -12.621450 -8.985245
v 8.996796 -12.296780 -8.459915
v 8.586731 -11.856936 -9.118912
v 7.833895 -12.144491 -9.584183
v 8.665794 -11.118779 -9.369904
v 9.339561 -11.569379 -8.653625
v 9.365791 -10.851403 -8.937286
v 9.889843 -11.575781 -8.340622
v 10.276756 -10.968136 -8.837250
v 9.756626 -10.382467 -9.220886
v 10.492649 -10.382467 -9.429977
v 10.482800 -9.387088 -9.405106
v 9.772949 -9.388029 -9.076828
v 10.298466 -8.863074 -8.300278
v 10.847473 -8.548108 -8.922882
v 11.006821 -8.170020 -7.967239
v 10.574196 -8.870020 -7.699875
v 11.156425 -8.419283 -7.128220
v 10.574196 -8.870020 -6.834625
v 10.632580 -8.635458 -6.210861
v 9.874195 -8.928308 -6.531219
v 9.876999 -8.366746 -5.845062
v 9.031559 -8.334522 -6.141632
v 9.287735 -7.920020 -5.470947
v 9.923897 -8.109989 -4.902145
v 9.432987 -7.713389 -4.469528
v 9.118633 -7.353666 -4.661423
v 9.907475 -8.189948 -4.083527
v 9.428841 -7.813398 -3.593460
v 9.071571 -7.010708 -3.650909
v 8.695816 -6.711913 -4.598892
v 8.610901 -6.489755 -4.148834
v 8.475464 -6.529121 -3.125580
v 8.345421 -6.144958 -3.681534
v 8.010441 -6.113235 -3.065521
v 7.912798 -5.444959 -3.948914
v 7.969982 -6.422741 -2.292587
v 7.420464 -5.776745 -2.632202
v 7.130173 -6.246450 -1.872208
v 6.708103 -5.638279 -2.238129
v 6.625183 -5.422522 -2.966568
v 6.625183 -5.213433 -3.702591
v 5.925182 -5.155146 -3.399185
v 6.295649 -4.671884 -3.935211
v 7.234594 -4.857614 -4.192963
v 9.009029 -3.553451 -4.091675
v 7.723623 -3.181418 -4.215454
v 8.095192 -3.843915 -4.317032
v 8.518414 -4.182689 -4.296234
v 9.222260 -4.340432 -4.598846
v 9.574692 -3.495828 -3.833633
v 8.648537 -2.995403 -4.123825
v 9.045135 -2.562779 -3.632904
v 9.895134 -2.887451 -3.107574
v 10.420464 -3.483557 -3.589172
v 10.420464 -3.828548 -4.371811
v 11.120464 -3.886836 -4.068405
v 10.816814 -4.574077 -5.012650
v 11.534950 -4.714144 -4.457901
v 11.062382 -5.031209 -5.162964
v 11.672054 -5.555346 -4.659790
v 11.521515 -5.751365 -5.497910
v 11.909760 -6.159156 -4.737915
v 11.749187 -6.525164 -5.348434
v 11.811382 -6.220381 -6.256790
v 12.026527 -7.095932 -6.233826
v 11.736359 -6.653090 -7.260544
v 11.680367 -7.665146 -7.256561
v 11.323135 -7.205122 -7.882904
v 11.697693 -6.340940 -8.114395
v 11.252357 -6.836708 -8.732910
v 11.513401 -6.347313 -8.816925
v 11.755135 -6.318999 -9.386917
v 11.323135 -7.205122 -9.582901
v 12.173134 -6.880450 -10.108231
v 12.633160 -6.254107 -9.751007
v 11.804722 -7.730451 -10.179016
v 12.698463 -7.730451 -10.432907
v 13.626133 -6.567500 -10.121429
v 13.489624 -6.008232 -10.165649
v 13.108490 -5.120584 -9.640900
v 13.848160 -5.215780 -10.093994
v 13.582874 -4.353018 -9.934082
v 14.244759 -4.783156 -10.584915
v 14.244759 -3.843745 -10.584915
v 14.675354 -4.313451 -11.117905
v 15.004761 -3.553451 -11.054611
v 14.631355 -3.016838 -10.387741
v 15.474464 -3.020462 -10.624023
v 14.845467 -2.467567 -10.075562
v 15.678841 -2.382450 -9.895279
v 15.375443 -1.682450 -9.836990
v 16.111465 -1.682450 -9.627914
v 15.910065 -0.978451 -9.547516
v 14.998466 -1.054358 -9.670334
v 15.477440 -0.278450 -9.814880
v 14.519493 -0.278450 -9.814880
v 14.000523 -0.758160 -9.400162
v 13.744492 0.017572 -9.335907
v 14.183582 0.496550 -9.879410
v 14.998466 0.496550 -10.110901
v 14.786942 1.802711 -9.889420
v 13.938725 1.716549 -9.526016
v 13.361950 1.233522 -9.008789
v 13.457138 2.241879 -8.929901
v 13.132469 1.716549 -8.079910
v 13.252018 2.593470 -8.014328
v 13.652275 3.048330 -8.953979
v 13.262779 3.728840 -8.253204
v 13.007248 3.353573 -7.711914
v 13.338974 4.263802 -9.146774
v 12.834167 4.407660 -8.131943
v 12.769470 4.716286 -8.608398
v 12.389236 4.996319 -7.670914
v 12.523384 5.552549 -8.453247
v 12.389236 6.108780 -7.670914
v 12.045467 5.552549 -6.770905
v 12.314293 6.498865 -6.770905
v 12.389236 6.108780 -5.870911
v 12.484928 6.940992 -5.939255
v 12.757996 6.499163 -5.224365
v 12.508743 7.144453 -5.481842
v 12.816280 6.802563 -4.524353
v 13.025372 6.066540 -4.524353
v 12.757996 6.499163 -3.824356
v 12.757996 5.633917 -3.824356
v 12.361393 6.066540 -3.333450
v 11.972580 6.462318 -2.871048
v 12.278194 7.517494 -3.478241
v 12.169235 7.057550 -2.550568
v 11.612137 6.549927 -1.934616
v 12.044762 7.249928 -1.667236
v 11.612427 6.953199 -1.322968
v 11.648159 7.682550 -1.176331
v 11.215824 7.385822 -0.832047
v 10.937569 7.858839 -0.546860
v 11.344761 8.382551 -1.234619
v 10.584755 8.672842 -0.764908
v 10.203789 8.180882 -0.093353
v 10.540970 7.426216 -0.055954
v 10.294468 9.142550 -0.004913
v 10.228291 8.880909 0.762665
v 9.669613 8.277399 1.304291
v 9.583889 7.985102 0.761642
v 7.672535 9.938011 2.890564
v 7.991556 8.939144 2.670074
v 7.223410 9.277113 2.771255
v 6.818645 9.984163 3.205856
v 7.252722 10.910549 3.279984
v 6.642073 10.477926 3.796326
v 6.167427 9.562754 3.705688
v 6.771137 11.435879 3.876099
v 6.446465 10.910549 4.726089
v 6.700359 11.804293 4.726089
v 6.771137 11.435879 5.576096
v 6.620132 10.442425 5.598419
v 7.181202 10.996033 6.235092
v 6.700359 10.174526 6.355865
v 7.501411 10.583590 6.967743
v 6.809935 10.175077 7.307800
v 7.514572 10.395117 7.820755
v 9.191696 3.487097 8.885803
v 8.348572 3.951242 9.309143
v 8.598225 3.259420 9.094116
v 8.706142 2.595900 8.757095
v 9.489674 2.891514 8.185120
v 9.367851 2.276424 7.877472
v 8.768696 1.984495 8.282639
v 12.747875 11.305634 7.770615
v 16.348736 -1.062506 7.691757
v 15.953350 -2.031101 8.111084
v 16.631790 -0.684444 6.913620
v 15.944130 -1.757099 7.269653
v 15.944130 -1.757099 6.404419
v 7.821793 -2.928172 6.058624
v 7.642899 -1.975472 6.526932
v 7.405107 -2.503058 6.964386
v 7.107464 -3.088734 6.186890
v 7.333630 -3.550576 5.420715
v 6.552406 -3.636913 5.763290
v 6.998671 -4.035829 4.598373
v 5.730181 -4.225472 4.978027
v 5.934464 -4.208149 5.510529
v 6.049082 -4.075797 6.118912
v 3.523409 -5.959160 2.795471
v 3.996101 -4.847726 2.304810
v 3.651815 -4.955970 2.876923
v 4.363514 -5.416106 1.848907
v 4.425406 -4.771748 1.701248
v 4.884291 -4.887745 1.035934
v 5.197983 -5.598408 1.346512
v 4.666914 -6.116106 1.907181
v 4.357817 -6.777567 2.646454
v 5.114439 -6.663571 2.359604
v 4.661217 -7.477567 2.704742
v 5.664295 -7.552073 2.740448
v 5.065361 -8.332914 3.142334
v 6.034525 -8.326578 2.834442
v 5.700466 -8.852942 3.501968
v 4.595501 -8.736422 3.879303
v 5.364464 -9.170218 4.328949
v 6.174301 -9.291326 3.997726
v 5.886906 -9.615076 4.871140
v 4.983692 -9.960073 5.429367
v 5.992300 -10.048353 5.811279
v 5.271248 -10.425350 6.182190
v 4.463224 -10.350451 5.543182
v 4.560371 -10.962537 6.273148
v 3.936096 -10.731317 5.776688
v 3.488361 -10.927450 5.545197
v 5.255459 -10.742804 6.906937
v 5.413004 -11.300457 7.579529
v 6.256462 -10.430597 7.647385
v 5.708307 -10.847673 8.207489
v 5.471291 -11.603857 8.279526
v 4.908136 -12.236122 7.675095
v 4.980696 -12.652941 8.192596
v 4.208136 -12.503498 7.242462
v 3.775513 -12.994410 7.639069
v 3.511332 -12.425853 7.046463
v 3.922014 -11.899441 6.592422
v 3.452339 -12.060074 6.303482
v 2.785910 -12.342524 6.794083
v 2.752338 -12.118361 6.000076
v 3.184961 -11.627451 5.603470
v 2.319715 -11.627451 5.603470
v 2.052338 -12.060074 6.303482
v 1.619715 -11.360075 6.036102
v 2.119480 -12.299308 7.155472
v 2.240501 -12.470422 7.656631
v 1.628571 -11.902708 7.588089
v 1.749592 -12.073822 8.089264
v 1.167898 -11.381754 8.086014
v 1.229462 -11.611053 8.563095
v 0.782690 -10.973475 8.655197
v 1.749592 -12.073822 9.036926
v 2.187975 -12.569567 8.563095
v 2.123442 -12.905474 9.338089
v 1.413414 -12.617769 9.917053
v 1.409805 -11.402203 10.079300
v 1.219292 -11.160990 9.666611
v 0.870375 -10.567465 9.511841
v 0.204033 -10.247277 8.995499
v 0.249783 -10.500000 8.256790
v -0.563534 -10.424590 8.583023
v -0.563534 -10.313451 7.785095
v -1.323532 -10.603745 8.254791
v -1.323532 -10.603745 7.315384
v -0.563534 -10.540462 6.985977
v -1.105484 -10.956556 6.501389
v -2.056412 -11.358939 7.030426
v -1.839268 -11.236837 6.089630
v -1.497858 -11.241117 5.677216
v -2.255301 -11.530434 5.209091
v -1.555300 -11.263058 4.776474
v -2.255301 -11.321344 4.473068
v -1.822678 -10.830433 4.076462
v -2.687923 -10.830433 4.076462
v -2.955301 -11.263058 4.776474
v -3.507114 -10.875168 5.046463
v -2.991323 -10.130434 4.018173
v -2.955301 -11.263058 5.641708
v -3.471663 -11.146103 5.813141
v -2.760889 -11.678962 6.514267
v -2.344856 -12.157150 6.947174
v -2.433485 -12.592779 6.326462
v -3.141533 -12.547426 5.958069
v -4.015190 -11.848160 6.376633
v -3.841534 -12.489140 5.654663
v -4.541534 -12.547426 5.958069
v -4.322626 -13.122251 5.198700
v -4.982475 -13.138323 5.626434
v -5.262589 -12.685093 6.359772
v -5.682476 -13.405699 6.059067
v -6.052557 -12.844357 6.797607
v -6.574757 -13.141283 6.659927
v -6.315392 -13.859827 6.378113
v -6.898205 -13.898725 6.613907
v -7.454535 -13.088450 6.798096
v -7.986071 -13.939060 6.627823
v -8.848911 -13.391262 6.420609
v -8.665511 -14.212121 6.272507
v -9.401535 -14.212121 6.063416
v -9.834159 -13.512121 6.330795
v -10.213047 -14.393402 6.347305
v -10.933319 -13.881139 6.378616
v -11.052774 -14.673075 6.196808
v -11.449374 -14.240451 5.705902
v -11.752774 -13.540451 5.764191
v -11.485398 -13.107827 6.464188
v -12.185398 -13.049540 6.160782
v -12.185398 -12.840450 6.896805
v -11.517200 -12.945812 7.294128
v -11.790977 -12.755825 7.782150
v -10.711535 -12.908557 7.578827
v -10.887760 -12.410828 8.340363
v -10.186206 -12.312450 8.060425
v -9.981535 -12.958638 7.120605
v -9.336205 -11.987780 7.535095
v -9.817792 -11.462450 8.131195
v -9.336205 -10.937122 7.535095
v -9.927282 -10.764508 8.124207
v -9.784767 -9.955696 7.653503
v -10.358206 -10.427122 8.541092
v -10.803514 -9.521410 8.319214
v -11.208206 -10.102450 9.066422
v -11.733535 -9.506345 8.584839
v -12.258863 -10.102450 9.066422
v -12.664087 -9.476107 8.709183
v -12.363829 -8.848121 8.070465
v -13.063828 -8.580745 8.503082
v -12.716640 -8.034118 7.852417
v -13.533534 -7.820745 8.212799
v -13.266158 -7.388121 7.512802
v -14.293534 -7.432502 7.805008
v -13.746222 -6.954093 7.455246
v -14.589487 -7.046362 7.373016
v -15.320910 -7.388121 7.512802
v -15.053535 -7.820745 8.212799
v -15.832356 -7.900717 7.922546
v -16.312258 -7.380450 7.519608
v -16.668081 -7.956184 7.713699
v -17.073719 -7.149467 7.976151
v -17.677628 -8.128207 7.446411
v -17.893829 -7.440451 8.346802
v -17.564423 -6.680450 8.410080
v -18.363535 -6.680450 8.637085
v -17.893829 -5.920450 8.346802
v -18.833241 -5.920450 8.346802
v -18.363535 -5.387462 7.916199
v -19.123535 -5.450745 7.586792
v -19.593241 -6.210745 7.877090
v -19.761148 -5.864316 7.146530
v -19.883533 -6.680450 7.117096
v -20.039770 -6.315136 6.417084
v -20.374969 -5.986802 5.944778
v -20.293884 -6.612160 5.196732
v -20.804480 -5.694492 5.530746
v -21.158928 -5.214426 5.693314
v -21.504480 -5.636205 5.227341
v -21.931862 -5.173968 5.383804
v -21.937103 -6.127116 4.830734
v -22.617136 -5.206568 5.046448
v -22.286388 -4.554050 5.548737
v -20.993883 -6.344784 4.764099
v -21.348534 -7.262450 4.430084
v -20.612511 -7.262450 4.639175
v -21.230543 -8.109576 4.430084
v -20.494520 -8.109576 4.639175
v -20.572128 -8.883018 4.512268
v -20.097919 -7.676952 5.130096
v -19.948534 -7.262450 5.830093
v -19.810364 -8.142229 5.882919
v -19.729355 -8.859797 5.672012
v -19.764353 -7.818779 6.640366
v -19.752050 -7.511307 7.140915
v -19.123535 -7.910156 7.586792
v -18.867043 -8.263219 7.219604
v -18.363535 -7.973439 7.916199
v -18.833241 -7.440451 8.346802
v -19.593241 -7.150156 7.877090
v -19.162645 -6.680450 8.410080
v -16.742870 -8.804099 6.742523
v -17.442869 -8.745811 6.439117
v -18.248535 -8.708556 6.723831
v -17.875494 -9.236723 6.042526
v -18.855257 -9.163321 6.215927
v -18.331707 -9.691450 5.989670
v -19.425955 -9.559796 5.613724
v -18.773535 -10.391451 5.844086
v -19.719851 -10.391451 5.575256
v -20.229765 -9.835220 4.944092
v -20.229765 -10.947681 4.944092
v -20.669830 -10.522526 4.010178
v -21.046511 -9.650585 4.219086
v -20.626366 -9.402596 4.453186
v -20.304707 -11.337767 4.044098
v -20.229765 -10.947681 3.144089
v -20.576017 -10.069942 2.860962
v -19.876019 -10.337318 2.428345
v -19.478199 -11.390452 2.568848
v -18.998863 -11.065779 1.810089
v -18.473534 -11.915779 2.134766
v -18.148863 -11.390450 1.284760
v -17.729200 -12.082099 1.747665
v -17.448864 -11.657826 0.852142
v -17.238289 -12.478699 1.315033
v -16.923534 -12.507827 2.227463
v -16.970898 -13.080052 1.118973
v -16.388920 -13.296953 1.982086
v -16.588863 -13.837779 1.154099
v -16.913534 -13.312450 0.304092
v -16.659641 -14.206194 0.304092
v -16.063534 -14.687779 0.829422
v -16.347912 -14.753721 -0.106140
v -15.508043 -15.105219 0.437607
v -15.739534 -15.479779 -0.426575
v -16.492661 -14.897554 -0.862305
v -15.739534 -15.479779 -1.477234
v -14.889535 -15.804451 -0.951904
v -14.942368 -15.666280 -0.072128
v -13.959768 -15.608845 -0.519287
v -14.189535 -15.953836 0.327835
v -13.692392 -16.041468 0.180710
v -13.615262 -15.449505 -0.146240
v -13.258766 -15.932209 0.803589
v -13.258766 -15.066961 0.803589
v -12.709898 -15.480346 1.415894
v -12.254230 -14.761106 1.478989
v -11.821606 -15.461107 1.746368
v -11.388982 -14.761106 1.478989
v -11.085582 -15.461107 1.537277
v -10.688982 -15.028482 1.046371
v -10.610840 -15.724121 1.143005
v -10.214240 -15.291497 0.652084
v -10.504911 -14.461780 0.396133
v -10.062436 -14.988400 -0.260406
v -10.188665 -14.049687 -0.683136
v -9.661183 -14.490772 -1.278580
v -9.885861 -13.659344 -1.712234
v -9.559881 -14.245166 -2.138748
v -9.393807 -14.923396 -1.978577
v -9.480192 -14.661377 -2.944580
v -9.730925 -15.481022 -2.832718
v -9.789364 -15.181672 -3.643082
v -9.927534 -16.061451 -3.695908
v -9.955547 -16.418882 -2.788132
v -9.789364 -16.941229 -3.748749
v -9.602863 -16.586779 -4.545914
v -9.077535 -17.436779 -4.221237
v -8.752863 -16.911451 -5.071243
v -9.245630 -16.126755 -5.172256
v -8.655535 -16.220400 -5.945953
v -8.227534 -16.500305 -5.596909
v -7.702205 -16.911451 -5.071243
v -7.235855 -16.104193 -5.188583
v -7.843722 -15.504078 -6.170319
v -8.483596 -15.836030 -6.170319
v -6.776815 -14.430899 -5.439636
v -7.314999 -14.947244 -6.180450
v -6.816833 -14.241138 -6.204758
v -6.198732 -13.797575 -6.156082
v -6.231583 -13.963827 -5.481232
v -5.432266 -13.550371 -5.855743
v -5.529047 -13.908103 -5.169067
v -5.964205 -14.396450 -4.781235
v -5.259134 -14.343290 -4.460297
v -4.826511 -13.852379 -4.856903
v -4.071428 -14.288207 -4.837845
v -4.430122 -13.951051 -5.143967
v -3.231646 -15.423943 -5.386383
v -3.907793 -14.420407 -4.982056
v -3.532387 -14.403084 -5.543503
v -2.835045 -14.991318 -5.877304
v -3.226675 -14.428835 -6.104965
v -2.835045 -15.856565 -5.877304
v -3.520863 -16.217121 -5.293915
v -3.693888 -15.475914 -4.892929
v -3.845535 -16.742451 -4.443909
v -3.520863 -17.267780 -5.293915
v -2.776758 -17.324936 -6.577301
v -2.824472 -16.384291 -6.636581
v -3.139563 -17.041239 -7.395874
v -2.805603 -17.873213 -7.411301
v -3.479511 -17.561426 -7.991913
v -3.479511 -16.603474 -7.991913
v -3.775534 -17.082451 -8.766907
v -3.544044 -16.267567 -8.766907
v -3.479511 -16.603474 -9.541916
v -3.479511 -17.561426 -9.541916
v -3.040419 -17.082451 -10.085419
v -2.704512 -16.307451 -10.020889
v -2.225534 -17.082451 -10.316910
v -1.643385 -16.495117 -10.085724
v -1.398792 -17.115791 -10.191895
v -0.601807 -16.852205 -10.177887
v -1.081043 -15.845969 -9.695023
v -0.287865 -15.938451 -9.984238
v 0.237465 -16.788450 -10.308914
v 0.762794 -15.938451 -9.984238
v 0.237465 -15.342344 -9.502655
v 1.087463 -15.413122 -9.134232
v 1.648916 -16.134441 -9.552231
v 1.713808 -15.770355 -8.674210
v 1.167231 -15.284058 -8.176285
v 2.179296 -15.687622 -7.860687
v 1.426464 -15.400065 -7.395416
v 0.935555 -15.003466 -7.828033
v 0.935555 -14.885474 -6.980911
v 1.426464 -15.282075 -6.548279
v 0.993841 -14.582075 -6.280914
v 1.693842 -14.849451 -5.848282
v 2.126465 -15.340363 -6.244888
v 2.559088 -14.849451 -5.848282
v 2.826466 -15.282075 -6.548279
v 3.397144 -14.297739 -6.209183
v 3.446249 -14.850467 -6.852264
v 3.364752 -15.275179 -7.193344
v 2.972240 -15.791074 -7.630173
v 3.833187 -15.648997 -7.527618
v 3.416716 -16.269396 -7.942657
v 4.136587 -16.348997 -7.585907
v 4.569210 -15.648997 -7.318527
v 5.048466 -16.424450 -7.462906
v 4.717503 -17.328487 -7.702820
v 5.592415 -17.191132 -7.266876
v 6.004084 -16.569893 -7.138840
v 6.203505 -17.272451 -6.884857
v 6.939528 -17.272451 -6.675766
v 6.484417 -18.050934 -6.824249
v 7.283962 -18.073801 -6.631088
v 7.737465 -17.272451 -6.786911
v 7.940794 -16.710724 -6.804733
v 7.384466 -15.900451 -6.988907
v 8.278210 -15.900451 -6.735016
v 7.940794 -15.090177 -6.804733
v 7.542606 -14.719726 -6.922623
v 8.844013 -15.435175 -6.246506
v 9.102562 -14.702522 -6.332626
v 9.728348 -15.318018 -5.647125
v 10.362381 -14.600451 -5.774857
v 9.947563 -14.086334 -6.326096
v 9.108768 -14.047794 -6.715012
v 9.568794 -13.421451 -7.072235
v 10.454918 -13.225460 -6.640228
v 9.627350 -12.858843 -7.338425
v 8.927353 -13.126219 -7.771042
v 10.721466 -12.393734 -7.416702
v 10.130978 -12.043960 -7.649673
v 10.996227 -12.043960 -7.649673
v 10.563602 -11.553048 -8.046280
v 11.014900 -11.499624 -8.309265
v 11.782467 -11.642539 -7.834885
v 11.782467 -11.433451 -8.570908
v 11.022469 -11.143156 -9.040619
v 11.782467 -11.206440 -9.370026
v 11.312763 -10.673450 -9.800613
v 12.252171 -10.673450 -9.800613
v 11.782467 -9.913450 -10.090912
v 10.983356 -9.913450 -9.863892
v 11.251534 -9.154567 -9.898987
v 12.203987 -8.600471 -10.243011
v 11.238918 -8.195726 -9.690506
v 12.884975 -9.213450 -9.922180
v 13.166588 -8.602776 -10.259247
v 13.841602 -9.322734 -9.719269
v 14.058758 -8.351400 -10.388809
v 13.677868 -7.721479 -10.560379
v 14.543354 -7.809450 -10.804901
v 14.058758 -7.267500 -10.388809
v 14.872761 -7.049450 -10.741608
v 14.362156 -6.567500 -10.330521
v 15.342464 -6.274315 -10.595810
v 14.683456 -5.602426 -10.692566
v 14.058758 -5.867500 -10.388809
v 15.812168 -5.649450 -10.741608
v 15.004761 -5.073451 -11.054611
v 15.944168 -5.073451 -11.054611
v 15.474464 -4.313451 -11.344910
v 16.273575 -4.313451 -11.117905
v 15.944168 -3.553451 -11.054611
v 16.704170 -3.843745 -10.584915
v 16.292351 -3.007556 -10.361343
v 16.887054 -3.498242 -9.746597
v 16.525967 -2.382450 -9.777298
v 17.129700 -2.679901 -9.428528
v 17.005207 -1.682450 -9.374008
v 17.486794 -2.207779 -8.777908
v 17.486794 -1.157120 -8.777908
v 16.714264 -0.854425 -9.415009
v 17.460560 -0.452522 -8.715622
v 17.157162 0.247478 -8.657349
v 16.309097 0.022715 -9.441040
v 16.771862 0.496550 -8.920898
v 16.309097 0.970385 -9.441040
v 15.813351 0.496550 -9.879410
v 15.542416 1.263231 -9.914871
v 15.744896 1.822212 -9.621552
v 16.804623 1.788185 -9.455612
v 16.177521 2.522213 -9.354187
v 15.357796 2.566547 -9.455231
v 15.712074 3.747416 -9.099411
v 14.876221 3.626310 -9.291061
v 14.307137 2.566547 -9.455231
v 15.279449 4.447416 -9.366791
v 14.278465 4.205206 -9.541000
v 14.803795 4.831551 -9.898239
v 13.753136 4.831551 -9.898239
v 14.278465 5.681549 -10.222916
v 13.384724 5.681549 -9.969009
v 12.903137 5.156219 -9.372910
v 12.903137 6.206879 -9.372910
v 13.753136 6.531548 -9.898239
v 13.496758 7.274595 -9.201904
v 12.832359 6.575293 -8.522903
v 13.108517 7.075588 -8.441910
v 13.140293 7.399143 -7.674347
v 12.782852 7.018730 -7.358429
v 13.082008 7.702543 -6.974335
v 12.731544 7.340023 -6.584900
v 13.349384 8.135166 -7.674347
v 13.398319 8.932190 -6.958176
v 13.055321 8.429926 -6.220932
v 12.534370 7.931997 -5.760254
v 12.658722 8.862549 -5.730011
v 12.177132 8.337219 -5.133911
v 12.567032 7.447853 -4.781830
v 12.106358 7.968805 -4.283905
v 12.508743 7.144453 -4.081833
v 11.852467 8.862549 -4.283905
v 12.177132 8.337219 -3.433914
v 12.036644 9.418877 -3.473633
v 12.235420 8.640619 -2.733902
v 12.444511 7.904596 -2.733902
v 12.110947 8.226196 -1.850571
v 11.766300 8.888479 -1.989136
v 12.119850 9.393293 -2.854355
v 11.680130 9.468811 -1.823898
v 11.015354 9.142550 -1.297897
v 11.278023 9.960438 -1.310806
v 10.584755 9.612257 -0.764908
v 11.054466 10.372255 -0.474609
v 10.521473 9.941662 -0.004913
v 11.054466 10.372255 0.464798
v 10.584755 9.612257 0.755096
v 11.344761 9.902548 1.224792
v 10.950691 9.190189 1.363266
v 11.680130 9.468811 1.814087
v 11.247509 8.768810 2.081467
v 10.488625 8.478943 1.612442
v 10.668602 8.459417 2.160080
v 9.719814 8.244984 1.734528
v 11.247509 8.768810 2.946701
v 10.668602 8.459417 3.025330
v 10.980133 9.201433 3.646713
v 10.401226 8.892040 3.725327
v 9.968601 8.401131 3.328720
v 9.535976 8.892040 3.725327
v 9.127697 8.150457 2.610016
v 8.928406 8.691633 3.353104
v 9.232578 9.592041 3.783615
v 8.625008 9.391634 3.411392
v 9.968601 9.592041 3.992706
v 9.548569 10.352331 3.732986
v 10.456837 10.632416 4.231506
v 9.622040 11.221230 3.857315
v 9.040207 10.910549 3.279984
v 8.671795 11.760548 3.350769
v 8.146465 10.910549 3.026093
v 7.621136 11.760548 3.350769
v 8.146465 12.356655 3.832352
v 7.296467 12.285877 4.200760
v 8.146465 12.610550 4.726089
v 7.296467 12.285877 5.251419
v 8.040802 12.452198 5.638519
v 7.621136 11.760548 6.101425
v 8.396877 12.055840 6.560135
v 7.934034 11.283590 6.700363
v 8.910236 11.507549 7.355316
v 8.496944 10.801733 7.743256
v 9.466465 10.607550 7.699097
v 9.118488 9.808548 7.878128
v 8.172338 10.088415 8.154541
v 8.728191 9.433180 8.344254
v 9.191696 5.038004 8.885803
v 8.781689 5.830349 9.200638
v 8.420200 5.252935 9.251221
v 8.744591 4.481077 9.041962
v 8.242981 4.699604 9.301697
v 9.448463 4.262550 8.821091
v 9.927437 5.037550 8.525070
v 10.275208 4.229210 8.696075
v 9.927437 3.487551 8.525070
v 10.919495 3.405832 7.923401
v 10.270550 2.932388 7.872437
v 11.352119 2.705832 7.656021
v 10.703175 2.232388 7.605057
v 11.002090 1.736784 7.342484
v 10.104187 1.708950 7.297638
v 10.569466 1.220444 6.731842
v 9.608242 1.172304 6.369781
v 9.371536 1.622829 7.556183
v 8.694370 1.272459 6.846695
v 8.694370 1.481548 6.110672
v 8.137680 1.082806 6.427338
v 8.368225 1.105345 7.235565
v 7.929552 -1.072910 5.144058
v 7.603338 -0.870443 5.803757
v 7.644928 -1.389814 6.196838
v 8.356794 -1.838341 5.437744
v 7.954813 -2.336393 5.954956
v 8.622349 -2.670450 5.428604
v 9.061897 -2.292410 5.023361
v 9.038387 -2.950786 5.244904
v 8.286440 -3.445450 5.364075
v 8.837215 -3.983334 4.985748
v 7.807465 -3.988958 4.924973
v 8.340073 -4.557961 4.055969
v 7.732012 -4.343443 4.063461
v 8.275139 -4.751118 3.400467
v 7.799192 -4.080881 2.797058
v 7.032465 -3.924426 3.631119
v 7.252756 -3.567989 2.808746
v 6.552755 -3.509702 3.112152
v 6.256557 -3.779870 4.110092
v 5.938442 -3.584378 3.288101
v 5.811575 -3.340535 2.562103
v 5.522537 -3.645492 3.082779
v 5.654829 -5.835100 -0.471024
v 5.493494 -5.308917 -0.413589
v 5.192896 -5.087009 0.305023
v 6.145739 -6.231700 -0.038406
v 5.712347 -5.776798 0.960098
v 6.447464 -6.217121 0.363770
v 6.447464 -6.217121 1.414413
v 5.640209 -6.099780 1.880768
v 6.122795 -6.742450 2.264420
v 6.972794 -7.067122 1.739090
v 6.491209 -7.592450 2.335205
v 6.968975 -8.061566 2.126480
v 6.742844 -8.484851 2.466064
v 7.139177 -8.810802 2.307144
v 6.475466 -8.917475 3.166061
v 7.654795 -8.422122 1.543091
v 7.963299 -9.100150 1.842499
v 7.571800 -9.510802 2.574524
v 8.271801 -9.569090 2.271118
v 8.271801 -9.778178 3.007141
v 7.673334 -9.969058 3.642609
v 7.030628 -9.570108 3.509186
v 6.759232 -9.914057 4.347473
v 7.405956 -10.401682 4.342606
v 8.105957 -10.459970 4.039200
v 7.766510 -10.985075 5.028427
v 7.204794 -10.893122 5.630096
v 6.679464 -10.043121 5.305420
v 6.703539 -10.238258 6.111877
v 7.146507 -11.196522 6.330093
v 7.204794 -10.893122 7.030090
v 6.981859 -10.272470 7.472244
v 7.733736 -10.435278 7.780136
v 5.179476 -12.935474 9.226959
v 5.407820 -12.838715 9.791443
v 5.311453 -12.060379 9.390518
v 5.555113 -13.792665 9.593079
v 5.800077 -13.412629 10.270233
v 6.256777 -14.494397 9.824738
v 5.817070 -14.978040 9.284195
v 5.158512 -14.225289 9.102158
v 5.332193 -14.888226 9.032471
v 4.606136 -14.567780 8.424088
v 4.807705 -13.337818 8.638550
v 4.107704 -13.605194 8.205917
v 3.763351 -14.047722 7.906570
v 3.026379 -13.865386 8.161163
v 2.899628 -13.718417 7.308380
v 2.199627 -13.985793 7.740997
v 2.250805 -14.281809 8.590057
v 2.123442 -13.863426 9.338089
v 2.542458 -13.337818 8.638550
v 1.644464 -14.638427 9.042068
v 1.348442 -14.159451 9.817062
v 1.684349 -13.384451 9.881607
v 0.869465 -13.384451 10.113098
v 0.390488 -14.159451 9.817062
v 0.054581 -13.384451 9.881607
v 0.495951 -12.684450 10.268188
v -0.044563 -12.477991 9.934128
v 0.021032 -12.000200 10.550644
v 0.895111 -12.249841 10.444412
v 0.651503 -11.854551 10.758362
v 1.112068 -11.640972 10.549927
v 7.137465 -14.515903 10.106079
v 7.259634 -13.671941 10.418854
v 6.552420 -13.783109 10.458908
v 7.952347 -14.440451 9.751602
v 7.616442 -15.215450 9.687073
v 6.658487 -15.215450 9.687073
v 7.137465 -15.758959 9.247971
v 6.362465 -15.694427 8.912064
v 7.137465 -15.990450 8.433090
v 6.362011 -15.846067 7.953842
v 5.875801 -15.584099 8.486526
v 5.981464 -15.742451 7.574097
v 5.131466 -15.417780 8.099426
v 5.131466 -15.417780 7.048767
v 4.535358 -14.936193 7.574097
v 4.498102 -14.651482 6.768433
v 4.148468 -14.263214 7.024033
v 4.375866 -14.012995 6.114365
v 3.857122 -13.571547 6.579651
v 3.157122 -13.513259 6.883041
v 3.157122 -13.304171 6.147018
v 2.457121 -13.571547 6.579651
v 2.321737 -13.593882 5.826050
v 1.879890 -14.121670 6.173050
v 2.199627 -13.985793 6.875763
v 3.089430 -13.315338 5.272293
v 2.100464 -13.533687 5.148651
v 2.800465 -13.266311 4.716034
v 2.100464 -13.533687 4.283401
v 1.609554 -13.930287 4.716034
v 1.207644 -14.528194 4.904648
v 1.667841 -14.233686 4.016037
v 1.125340 -14.588827 4.063477
v 0.453129 -14.923100 4.421417
v 0.400297 -14.943279 5.319305
v 1.197464 -14.756780 5.673767
v 0.347466 -15.081450 6.199097
v 1.197464 -14.756780 6.724426
v 0.294634 -14.943279 7.078873
v 1.033464 -14.789474 7.673309
v 1.708717 -14.382393 7.308380
v 1.644464 -14.638427 8.084106
v 0.869465 -14.934450 8.563095
v 0.056286 -14.775657 8.107147
v 0.094465 -14.638427 9.042068
v 0.869465 -14.702959 9.377975
v -0.522179 -14.265139 8.617035
v -0.384512 -13.863426 9.338089
v -0.903933 -13.384451 8.923096
v -0.441164 -12.910616 9.443222
v -1.207333 -12.684450 8.981369
v -0.744564 -12.210615 9.501511
v -1.362646 -11.833450 9.078079
v -0.429750 -11.658947 10.062775
v -0.654490 -10.944706 9.716034
v 8.017590 -13.129822 8.906921
v 7.902708 -12.840727 9.525314
v 7.763145 -13.307016 10.066711
v 8.391441 -13.961474 9.208099
v 8.455975 -13.625567 8.433090
v 8.687462 -14.440451 8.433090
v 8.391441 -14.919427 9.208099
v 8.455975 -15.255334 8.433090
v 7.912464 -15.694427 8.912064
v 7.912464 -15.694427 7.954117
v 8.391441 -14.919427 7.658096
v 7.616442 -15.215450 7.179123
v 7.137465 -15.758959 7.618210
v 6.787128 -15.525812 6.965057
v 6.437464 -15.817246 7.314804
v 5.981464 -15.488557 6.680344
v 8.391441 -13.961474 7.658096
v 8.017590 -13.129822 7.959259
v 7.947166 -13.660792 6.944580
v 7.983465 -12.761451 6.825089
v 7.888880 -13.357393 6.244583
v 7.344912 -14.334171 6.340805
v 7.103598 -14.228335 5.873322
v 6.506794 -14.892450 6.198761
v 5.981464 -14.481306 5.673096
v 5.456135 -14.892450 6.198761
v 4.821701 -14.773314 6.398376
v 6.889275 -14.143775 4.901398
v 6.139130 -14.036812 5.040054
v 5.204905 -14.153865 4.917725
v 6.139130 -13.827723 4.304031
v 5.439129 -14.095099 3.871414
v 4.404163 -14.291181 4.430298
v 4.447224 -14.057361 5.164642
v 3.857122 -13.571547 4.718536
v 3.857122 -13.571547 5.649094
v 3.933088 -14.233686 4.016037
v 3.500465 -13.533687 4.283401
v 3.233088 -13.966311 3.583405
v 2.800465 -13.475399 3.980011
v 2.367842 -13.966311 3.583405
v 2.800465 -14.666310 3.316025
v 2.161201 -14.843881 3.444305
v 2.691410 -15.391786 3.246368
v 1.792686 -15.774282 3.075928
v 1.392717 -15.021450 3.363480
v 1.026222 -15.631942 3.127853
v 0.593599 -15.141031 3.524460
v 0.160976 -15.631942 3.127853
v -0.106401 -15.199318 3.827866
v -0.539024 -15.899319 3.560486
v -0.597311 -15.595919 4.260483
v -0.114468 -15.129581 4.903671
v -0.822535 -15.001556 4.810837
v -0.822535 -14.792468 5.546860
v -1.668308 -15.013827 4.566360
v -2.141043 -14.497931 5.003204
v -1.475533 -14.142779 5.734421
v -0.984623 -14.539380 6.167038
v -0.502533 -14.756780 6.724426
v -1.110912 -14.030722 7.044861
v -0.526608 -14.561642 7.530869
v -1.263641 -13.690193 7.588089
v -0.810637 -14.198554 8.146301
v -1.192863 -13.321779 8.438095
v -1.856524 -12.632563 7.785095
v -1.793240 -12.303156 8.545090
v -2.083534 -11.833450 7.785095
v -1.793240 -11.363745 8.545090
v -1.856524 -11.034340 7.785095
v -1.841621 -13.128132 7.038788
v -1.626806 -13.593882 6.572128
v -2.000862 -13.292780 6.059097
v -2.326303 -13.889585 5.394974
v -2.700863 -13.025404 5.626465
v -3.202450 -13.964451 5.081039
v -3.408911 -12.980050 5.258072
v -3.938473 -13.964451 4.871948
v -3.610243 -14.724451 4.692795
v -4.606346 -14.637426 4.775635
v -4.674496 -13.964451 5.081039
v -5.437206 -14.817780 5.291092
v -5.190157 -13.964351 5.526489
v -5.918791 -14.292451 5.887192
v -6.163263 -15.138226 5.899475
v -6.600103 -14.665491 6.415359
v -6.600103 -15.530739 6.415359
v -7.098425 -15.277837 7.123917
v -7.446220 -14.696941 6.938675
v -7.941535 -15.281462 7.360199
v -8.267796 -14.755459 6.695419
v -8.701535 -15.344745 7.030792
v -8.968911 -14.912121 6.330795
v -9.401535 -15.403032 6.727402
v -9.834159 -14.912121 6.330795
v -9.225244 -16.032501 7.437988
v -9.681644 -16.315943 7.369568
v -10.359537 -16.089567 7.000748
v -10.536566 -16.786785 7.166458
v -11.182278 -16.204451 6.631195
v -10.813864 -15.354450 6.560425
v -11.690638 -15.646233 6.178192
v -11.703231 -16.702379 6.170517
v -12.407277 -16.173450 5.718201
v -12.122565 -15.367785 5.755447
v -11.752774 -14.940451 5.764191
v -12.185398 -14.240451 5.496811
v -12.858589 -15.367785 5.546371
v -12.921422 -14.240451 5.705902
v -12.618022 -13.540451 5.764191
v -13.762535 -13.596794 5.964188
v -13.264606 -13.105884 6.360794
v -12.778535 -12.907959 6.488968
v -13.085535 -12.729548 7.065186
v -13.781519 -12.907803 6.868301
v -13.935535 -12.313780 7.479416
v -13.144604 -12.457538 7.903030
v -13.610864 -11.788450 8.329422
v -13.123045 -11.570959 8.691864
v -12.563864 -12.455776 8.267548
v -12.258863 -11.802450 9.066422
v -11.733535 -12.398557 8.584839
v -11.208206 -11.802450 9.066422
v -11.733535 -10.952451 9.391098
v -10.839792 -10.952451 9.137207
v -12.627277 -10.952451 9.137207
v -13.363301 -10.952451 8.928116
v -13.078589 -10.146786 8.965363
v -13.840031 -9.851802 9.107269
v -13.460968 -9.226450 9.022110
v -14.293534 -9.050450 9.263092
v -13.823829 -8.290450 8.972794
v -14.763240 -8.290450 8.972794
v -14.293534 -7.757462 8.542206
v -15.092646 -9.050450 9.036087
v -15.523240 -8.580745 8.503082
v -15.523240 -9.520156 8.503082
v -15.911483 -9.112365 7.743088
v -15.531240 -9.931019 7.513855
v -15.621615 -9.581381 6.984207
v -16.402393 -8.715765 7.310471
v -16.112526 -9.184781 6.551590
v -15.679903 -9.884781 6.284210
v -16.658571 -9.691450 5.633545
v -17.091194 -9.200540 6.030151
v -17.523819 -9.691450 5.633545
v -17.091194 -10.391451 5.366180
v -17.827219 -10.391451 5.575256
v -17.385092 -11.223104 5.404633
v -18.217304 -11.291451 5.500320
v -17.937122 -11.997955 4.630234
v -18.773535 -11.922622 4.990402
v -19.329765 -11.291451 5.500320
v -19.673534 -11.847681 4.600327
v -18.773535 -12.191450 4.044098
v -19.673534 -11.847681 3.487854
v -18.722670 -12.061850 3.147812
v -17.623535 -12.122459 3.507217
v -17.623535 -12.240451 2.660095
v -16.923534 -12.389835 3.074600
v -17.077950 -12.346022 4.035583
v -16.390057 -12.747108 3.653351
v -16.330631 -12.993553 2.682098
v -15.914864 -13.407780 3.532089
v -15.985641 -13.776194 2.682098
v -15.389534 -14.257779 3.207428
v -15.692927 -14.366961 2.307983
v -16.099972 -14.239077 1.802353
v -15.735879 -14.695546 1.487396
v -15.252636 -15.079554 1.980316
v -15.189301 -15.181845 0.989471
v -14.698390 -15.578444 1.422089
v -14.814616 -15.526472 2.121201
v -14.605528 -16.262497 2.121201
v -14.379750 -16.627811 1.530121
v -14.716241 -17.059744 2.120087
v -14.285645 -17.529451 1.587097
v -13.889046 -17.096827 1.096191
v -13.756911 -16.653835 0.595215
v -13.377864 -17.962122 0.439087
v -13.889046 -17.962074 1.096191
v -13.818186 -18.558453 1.174210
v -13.377864 -19.012779 0.439087
v -12.896277 -18.487450 -0.157013
v -12.677504 -17.539459 0.047241
v -13.042955 -16.686838 0.492157
v -12.002535 -17.041344 0.395355
v -11.821606 -16.652018 1.082397
v -12.254230 -16.161106 1.478989
v -11.388982 -16.161106 1.478989
v -10.914240 -16.424122 1.084717
v -11.346864 -16.915031 0.688110
v -10.646864 -16.856745 0.384720
v -10.214240 -16.156744 0.652084
v -10.263968 -16.601938 -0.104767
v -9.957891 -15.789035 -0.260406
v -9.943129 -16.208714 -1.207352
v -9.681364 -15.388672 -1.225739
v -9.635353 -15.712122 -1.983185
v -9.876899 -16.500849 -1.987793
v -10.200599 -17.018635 -1.080887
v -10.200599 -17.018635 -2.018921
v -10.634523 -17.509338 -1.549911
v -10.571240 -17.838745 -2.309906
v -10.118530 -17.334671 -2.893890
v -10.140645 -18.308451 -2.842896
v -9.544477 -17.872616 -3.427521
v -9.341535 -18.376019 -3.194366
v -8.867152 -17.885107 -3.590973
v -8.127784 -18.446568 -2.914566
v -8.227534 -17.852549 -3.807007
v -7.553905 -17.887236 -3.387329
v -7.377535 -17.436779 -4.221237
v -8.227534 -17.507557 -4.589645
v -6.685886 -16.973881 -3.801575
v -6.852205 -16.586779 -4.545914
v -6.411882 -16.132452 -3.810791
v -6.767990 -15.596174 -4.653503
v -5.979259 -15.432452 -4.078171
v -6.509438 -14.863523 -4.739624
v -7.209438 -15.130898 -5.172256
v -5.603649 -14.979843 -4.095413
v -5.279259 -15.374165 -3.774765
v -4.738403 -14.979843 -4.095413
v -4.846636 -15.865076 -3.378174
v -5.711882 -15.865076 -3.378174
v -5.320143 -16.307674 -3.011398
v -4.887520 -16.798584 -2.614792
v -5.752766 -16.798584 -2.614792
v -5.320143 -17.498585 -2.347412
v -4.584120 -17.498585 -2.556503
v -4.187519 -17.065962 -3.047424
v -4.187519 -17.931210 -3.047424
v -3.920143 -17.498585 -3.747421
v -4.129772 -16.221140 -3.777344
v -4.129232 -18.234608 -3.747421
v -3.833574 -18.178802 -4.757965
v -4.620142 -18.631208 -4.180038
v -4.246017 -18.911455 -5.078171
v -3.535046 -18.760960 -5.444672
v -3.231646 -18.060959 -5.386383
v -2.835045 -18.493584 -5.877304
v -2.835045 -17.628336 -5.877304
v -2.567669 -18.060959 -6.577301
v -2.347620 -18.679991 -6.332947
v -2.289333 -18.376591 -7.032944
v -2.080244 -19.112614 -7.032944
v -2.241222 -18.785185 -7.790649
v -1.536045 -19.725319 -7.574295
v -1.370575 -19.385723 -8.198334
v -1.803198 -18.894812 -8.594940
v -2.263260 -18.742352 -8.778656
v -3.000534 -18.336426 -8.287933
v -3.000534 -18.336426 -9.245880
v -3.544044 -17.897333 -8.766907
v -2.225534 -18.400959 -9.581787
v -2.704512 -17.857450 -10.020889
v -1.746557 -17.857450 -10.020889
v -1.430157 -18.341217 -9.490295
v -0.997534 -18.857557 -8.879654
v -0.532257 -18.369051 -9.445450
v -0.287865 -17.638451 -9.984238
v 0.166058 -18.410864 -9.520508
v 0.741091 -17.603334 -10.157181
v 0.953136 -18.464451 -9.703232
v 1.478466 -17.614450 -10.027908
v 1.141287 -16.764814 -10.154419
v 2.003796 -16.764450 -9.703232
v 2.372210 -17.614450 -9.774017
v 2.853794 -17.089121 -9.177902
v 2.328465 -16.239122 -8.853241
v 3.020115 -16.702021 -8.433578
v 2.744972 -16.248682 -8.370422
v 3.118967 -17.597826 -8.971924
v 3.824955 -17.074923 -8.033096
v 3.515568 -18.030451 -8.481003
v 4.298208 -18.030451 -8.136017
v 4.022778 -19.064499 -8.133682
v 4.768084 -19.292883 -7.884995
v 5.237177 -18.358040 -7.628937
v 5.712173 -19.300451 -7.737610
v 6.051794 -18.750933 -7.091614
v 5.748394 -18.050934 -7.033325
v 6.472172 -19.590744 -7.267914
v 6.944183 -18.980515 -6.567688
v 6.762466 -20.060452 -6.507904
v 7.043322 -19.592426 -5.752930
v 7.701633 -18.707874 -6.124191
v 7.805031 -18.916912 -5.308670
v 8.497463 -18.502157 -5.736618
v 8.207170 -18.032450 -6.496613
v 8.967171 -17.742157 -6.026901
v 8.536575 -17.272451 -6.559891
v 8.967171 -16.802744 -6.026901
v 9.355415 -17.334366 -5.266907
v 9.464104 -16.252853 -5.492950
v 9.877121 -16.641512 -4.631287
v 10.348103 -15.968622 -5.020676
v 10.368031 -16.244911 -4.156906
v 11.060463 -15.830156 -4.626617
v 10.770168 -15.360451 -5.386612
v 11.530174 -15.070156 -4.916916
v 11.099575 -14.600451 -5.449890
v 11.745747 -14.110037 -4.815979
v 11.402973 -13.900451 -5.508179
v 10.866539 -13.739227 -5.820496
v 11.299164 -13.248317 -6.217087
v 12.196465 -13.229426 -5.818878
v 11.900440 -12.750450 -6.593887
v 10.988842 -12.826357 -6.716705
v 11.385654 -12.234448 -7.275787
v 12.291489 -12.179667 -7.157242
v 12.480465 -12.472836 -6.720413
v 13.180466 -12.069557 -7.199646
v 12.682537 -11.608884 -7.720612
v 13.552807 -11.356371 -7.794266
v 13.132442 -10.806666 -8.607300
v 12.542465 -11.143156 -9.040619
v 13.169708 -10.354002 -9.381622
v 13.981857 -9.771961 -8.958786
v 13.375683 -9.682467 -9.488266
v 12.581577 -9.913450 -9.863892
v 14.209839 -10.185686 -8.013977
v 14.642464 -9.485686 -8.281342
v 14.574898 -9.395624 -9.250275
v 15.342464 -9.218310 -8.713974
v 15.342464 -9.329451 -9.511902
v 14.583580 -9.137531 -10.042847
v 15.342464 -9.102439 -10.311020
v 14.872761 -8.569450 -10.741608
v 15.812168 -8.569450 -10.741608
v 15.342464 -7.809450 -11.031906
v 16.141575 -7.809450 -10.804901
v 15.812168 -7.049450 -10.741608
v 16.572174 -7.339745 -10.271912
v 16.322773 -6.567500 -10.330521
v 16.573608 -6.632074 -9.830933
v 16.573608 -5.766827 -9.830933
v 16.351357 -5.597159 -10.366852
v 16.872078 -5.129585 -9.854355
v 16.704170 -4.783156 -10.584915
v 16.994461 -4.313451 -9.824905
v 17.233425 -4.733601 -8.896820
v 17.072464 -3.986450 -8.637909
v 17.347130 -4.268003 -7.802582
v 17.344162 -3.433022 -7.932907
v 17.188118 -3.050200 -8.752792
v 17.557571 -2.576193 -7.927902
v 17.288742 -2.807827 -6.994049
v 17.486794 -2.207779 -7.077911
v 17.811462 -1.682450 -7.927902
v 17.615860 -1.249826 -6.998138
v 17.981339 -0.782791 -7.938324
v 18.526466 -0.422779 -7.401230
v 18.039989 0.111492 -8.396774
v 19.258850 0.011076 -7.984390
v 18.499176 0.348278 -8.465332
v 18.325809 0.947479 -8.715622
v 17.460560 0.947479 -8.715622
v 17.797691 1.764172 -9.386185
v 17.075260 1.196550 -8.979187
v 18.891693 0.864174 -8.902176
v 19.364426 0.348278 -8.465332
v 19.631802 0.780901 -9.165344
v 19.212135 1.472551 -9.628235
v 20.071468 0.602221 -9.335236
v 20.157959 -0.048220 -8.265427
v 20.548428 0.003277 -9.022339
v 20.921467 0.531441 -9.703644
v 20.396137 1.127550 -10.185242
v 21.446796 1.127550 -10.185242
v 20.921467 1.977549 -10.509903
v 20.041687 1.924717 -10.371735
v 20.453342 2.849873 -10.336243
v 19.705742 3.213718 -10.276245
v 19.111591 2.350225 -10.263245
v 18.643467 3.222549 -10.436905
v 18.118137 2.372551 -10.112244
v 18.668747 1.838509 -9.863510
v 17.749725 3.222549 -10.183014
v 17.156258 2.643875 -9.686401
v 17.262981 3.436157 -9.812134
v 16.487270 3.506981 -9.352722
v 16.902138 4.158098 -9.834915
v 16.144699 4.447416 -9.366791
v 16.434013 4.915541 -10.124237
v 15.712074 4.938326 -9.763397
v 16.026089 5.490784 -10.320297
v 15.214714 5.566668 -10.338562
v 15.512436 6.449270 -10.625427
v 14.671143 6.465935 -10.358414
v 15.068134 7.270548 -10.191238
v 14.056534 7.231548 -9.839951
v 14.415520 7.910606 -9.846924
v 13.496758 8.139841 -9.201904
v 13.927357 8.609549 -9.734894
v 13.496758 9.079256 -9.201904
v 13.206470 8.609549 -8.441910
v 13.317608 7.811611 -8.441910
v 13.433475 9.408661 -8.441910
v 13.398384 9.140480 -7.683029
v 13.966469 9.839254 -7.972198
v 14.129421 9.849480 -7.155914
v 14.658901 10.254009 -7.534897
v 14.394615 10.700344 -6.763931
v 14.071136 10.152880 -6.455902
v 13.727135 9.979925 -6.091858
v 13.994759 11.272257 -6.061905
v 14.754761 11.562548 -6.531616
v 14.464466 12.032255 -5.771622
v 13.931473 11.601662 -5.301910
v 13.606514 10.864464 -5.301910
v 13.027134 9.712547 -5.659241
v 13.340034 9.235590 -6.258179
v 12.909035 10.352871 -4.839264
v 12.177132 9.387878 -5.133911
v 12.106358 9.756292 -4.283905
v 12.594864 10.322094 -3.818634
v 13.405472 10.936880 -4.110397
v 12.970757 10.770088 -3.380249
v 12.390118 10.466085 -2.969940
v 12.750469 11.126526 -2.557892
v 12.206959 10.687433 -2.078903
v 11.716049 10.290833 -1.646286
v 12.154430 10.786577 -1.172455
v 11.755581 10.528917 -0.839233
v 12.447124 11.086645 -0.689911
v 11.746899 10.787010 -0.004913
v 12.526039 11.048840 0.318420
v 11.970757 10.615322 0.870605
v 13.020466 10.707657 1.126831
v 12.253849 10.157276 1.611755
v 13.222538 10.305269 1.951187
v 12.273468 9.667877 2.267517
v 13.008583 10.108200 2.721848
v 12.273468 9.667877 3.132767
v 11.738419 9.165411 2.514084
v 11.656681 9.630371 3.488831
v 12.308582 9.840824 4.161713
v 11.686562 9.930630 4.388565
v 10.767036 9.945175 3.999619
v 11.253937 10.421539 4.785172
v 12.308582 10.049913 4.897736
v 11.859188 10.427299 5.397598
v 12.559189 10.369013 5.701004
v 12.126564 10.859922 6.097595
v 12.292988 10.569611 6.579712
v 11.939140 11.300812 6.389893
v 12.351273 10.873011 7.279709
v 12.351273 11.738256 7.279709
v 12.309601 12.098726 6.528519
v 11.525578 12.155796 6.372772
v 11.094383 11.563370 5.767441
v 10.922699 11.163780 4.999084
v 10.405983 12.113134 5.196579
v 9.598118 12.235464 4.943268
v 9.865494 12.668087 5.643280
v 8.961349 12.667913 4.958496
v 8.996464 12.285877 4.200760
v 9.562096 13.368088 5.701553
v 8.741333 13.066639 5.616211
v 9.173958 13.557549 6.012817
v 8.531712 12.848799 6.071152
v 8.690292 13.047144 6.596527
v 8.912285 13.804047 6.562744
v 8.878853 13.441414 7.393539
v 9.213634 12.207550 7.297028
v 9.610237 12.640173 7.787949
v 9.610237 11.774927 7.787949
v 9.877846 12.246799 8.624512
v 10.166466 11.740173 8.666473
v 9.899090 11.307550 7.966461
v 10.599091 11.040173 8.399094
v 10.244812 10.558048 7.922302
v 11.140991 10.270861 8.348755
v 10.590534 9.808548 7.878128
v 9.854511 9.808548 7.669037
v 10.287136 9.108547 7.936417
v 9.421886 9.108547 7.936417
v 9.904984 8.617884 8.193039
v 9.121067 8.637232 8.410522
v 9.398853 7.776110 8.408142
v 10.257797 7.803881 8.411087
v 9.384258 7.047430 8.644455
v 10.325195 7.160748 7.968964
v 9.967152 6.292713 7.814148
v 9.570549 5.860090 8.305054
v 10.270550 5.592712 7.872437
v 10.703175 6.292713 7.605057
v 11.135799 5.592712 7.872437
v 10.703175 5.101803 8.269043
v 11.497005 5.061428 8.768234
v 11.161060 4.195869 8.683334
v 12.153137 4.331221 9.408096
v 12.052120 3.838455 8.623398
v 11.352119 3.896742 8.319992
v 11.784744 3.405832 7.923401
v 12.484741 3.138454 8.356018
v 12.088142 2.705832 7.865112
v 12.484741 2.273209 8.356018
v 11.784744 2.005831 7.923401
v 12.076111 1.562546 8.671692
v 11.702087 1.469406 7.775116
v 11.900291 0.979191 7.893524
v 11.967968 0.877167 8.568100
v 12.256760 0.247843 7.901093
v 12.315048 0.551243 7.201096
v 11.824139 0.947844 6.768463
v 12.264313 0.189011 6.396652
v 11.780956 0.526781 5.859604
v 11.124138 1.006130 6.465073
v 11.002037 0.547260 5.478424
v 10.483303 0.857037 5.883621
v 10.355129 1.141445 4.826767
v 9.719467 1.291222 5.312759
v 9.950958 1.665781 4.448578
v 9.250957 1.724068 4.751984
v 9.375072 2.122326 4.070602
v 8.571194 2.015690 3.813919
v 8.401546 1.615910 4.584641
v 8.174644 1.332621 5.510010
v 7.667973 -0.743382 4.868088
v 7.504990 -0.031618 4.793396
v 7.508032 -0.337635 5.463150
v 7.703426 -0.472446 4.101410
v 8.158882 -1.139982 4.435471
v 8.194336 -0.869047 3.668793
v 8.582462 -1.416473 4.589066
v 7.604345 0.020910 3.223862
v 8.149464 -0.698074 2.616470
v 8.849464 -0.965450 3.049088
v 8.955128 -1.123802 2.136658
v 9.659737 -1.149632 2.492767
v 9.691277 -1.201130 3.676086
v 9.454727 -1.723419 4.445770
v 10.238976 -2.046943 4.049866
v 9.761894 -2.559786 4.590744
v 10.298794 -3.018450 4.545425
v 9.541065 -3.053567 4.927460
v 9.773464 -3.868450 4.870087
v 10.525322 -3.812450 4.717682
v 10.298794 -4.718451 4.545425
v 9.248135 -4.718451 4.545425
v 9.773464 -5.314556 4.063828
v 8.923466 -5.243779 3.695419
v 9.773464 -5.568450 3.170090
v 8.923466 -5.243779 2.644760
v 9.720634 -5.430279 2.290314
v 9.189697 -4.940585 1.951202
v 8.663582 -4.366220 1.926956
v 9.477390 -4.394420 1.172714
v 8.324135 -3.515451 1.673767
v 9.475769 -3.320522 1.151657
v 8.849464 -2.665451 1.349091
v 7.969685 -2.718284 1.487259
v 7.163542 -3.104068 2.186462
v 6.866310 -2.560891 1.725342
v 7.416582 -1.776830 1.336670
v 5.925182 -5.155146 -2.533936
v 5.600739 -5.039365 -2.079468
v 5.597246 -5.141041 -1.228470
v 5.527222 -4.680512 -2.911301
v 8.345135 -2.295403 -4.065536
v 7.687561 -1.814980 -3.621735
v 7.693321 -2.368595 -4.006729
v 8.702370 -1.835380 -3.439194
v 8.008202 -1.332598 -3.159882
v 9.048882 -1.338310 -3.027557
v 9.526722 -2.037451 -3.036804
v 10.005962 -1.337450 -2.633530
v 10.339382 -2.262760 -2.689606
v 10.705963 -1.604828 -2.200897
v 10.766006 -2.962451 -2.196472
v 10.622536 -3.081171 -2.764816
v 11.113445 -3.477771 -2.332184
v 11.120464 -3.541844 -3.285767
v 11.611374 -3.938444 -2.853149
v 11.611374 -4.283436 -3.635788
v 11.709366 -4.230301 -2.433914
v 11.591858 -3.942760 -1.970856
v 11.082382 -3.493382 -1.487793
v 11.551399 -4.252266 -1.197922
v 11.980072 -5.161776 -1.523972
v 11.918457 -4.966325 -2.433914
v 11.800468 -5.813451 -2.433914
v 11.952190 -5.309825 -3.248795
v 11.849106 -5.379481 -3.889236
v 11.984650 -6.369780 -3.244186
v 12.177139 -6.591780 -4.037903
v 12.226196 -7.158505 -3.239578
v 11.963432 -7.459467 -3.988739
v 11.814808 -7.713389 -4.469528
v 12.127487 -8.219316 -3.650925
v 11.355072 -8.404475 -4.050690
v 11.323898 -8.109989 -4.902145
v 11.760864 -7.539036 -5.340195
v 11.332581 -8.368082 -5.778244
v 11.823490 -7.971482 -6.210861
v 10.632580 -8.426370 -5.474838
v 10.556862 -8.390921 -4.260117
v 10.520744 -9.028450 -3.509674
v 11.824089 -8.919316 -3.592636
v 11.172417 -9.464794 -3.154556
v 10.253368 -9.461074 -2.809662
v 9.820747 -8.761074 -3.077042
v 9.762459 -9.064474 -2.377045
v 9.553368 -8.328450 -2.377045
v 9.382832 -8.136848 -2.836029
v 9.441116 -7.833448 -2.136032
v 9.100067 -7.281530 -2.802826
v 9.058857 -7.214940 -1.899780
v 8.567947 -6.818340 -2.332397
v 8.537033 -6.683989 -1.748917
v 9.229465 -7.098744 -1.311615
v 8.469467 -6.808450 -0.841904
v 7.562796 -6.737362 -1.475601
v 7.632347 -6.948908 -0.553558
v 6.862795 -6.679074 -1.172211
v 6.932346 -6.681532 -0.120926
v 6.145739 -6.231700 -0.903656
v 6.429482 -6.089099 -1.508698
v 7.534481 -7.095307 0.456467
v 7.043571 -6.698708 0.889099
v 7.468657 -7.504480 1.448853
v 8.207829 -7.560883 0.744263
v 7.811228 -7.993506 1.235184
v 8.511227 -8.260882 0.802551
v 8.354795 -8.689498 1.110474
v 9.459724 -8.804175 1.033096
v 8.989883 -9.208605 1.620087
v 10.035065 -9.592907 1.196808
v 9.927464 -9.677122 2.187424
v 9.024635 -9.490622 2.541870
v 9.424465 -9.599076 3.044144
v 10.409897 -9.987755 2.455170
v 10.274464 -10.027122 3.478424
v 9.424465 -9.956345 3.846832
v 8.596443 -9.915353 3.555893
v 8.899136 -10.552450 4.328415
v 9.949795 -10.552450 4.328415
v 9.500793 -11.740451 4.865417
v 8.515526 -11.474126 4.881622
v 9.066513 -12.590450 5.293472
v 8.257561 -12.185439 5.813110
v 7.759808 -11.743355 5.894531
v 7.729572 -11.867708 6.825089
v 8.310963 -13.030151 5.716431
v 8.510185 -13.548051 4.949631
v 7.626999 -13.781882 5.075333
v 7.664719 -14.407801 4.168915
v 8.671886 -14.393885 4.191345
v 8.176466 -14.878557 3.631836
v 7.326468 -14.807779 3.263428
v 6.839130 -14.095099 3.871414
v 6.599110 -14.638607 3.065720
v 6.139130 -14.036812 3.568008
v 5.706507 -14.527723 3.171417
v 6.239292 -15.404428 2.458893
v 5.451160 -15.699522 2.957520
v 4.953674 -14.815279 3.636688
v 4.433151 -15.459013 3.670258
v 3.965462 -14.682568 3.787750
v 3.480137 -15.387177 3.487915
v 3.536488 -14.666310 3.525116
v 4.036465 -16.197451 3.672089
v 3.142721 -16.197451 3.418198
v 3.511135 -17.047451 3.347427
v 2.775909 -16.676147 3.122162
v 2.147137 -16.571451 2.889420
v 2.566803 -17.263100 2.426529
v 1.841105 -16.950451 2.624237
v 1.327412 -16.527115 2.788361
v 1.071331 -17.106775 2.525375
v 0.593599 -16.331942 2.860489
v 0.224712 -17.155029 3.088531
v -0.142424 -16.331942 3.069580
v -0.652086 -16.820122 3.630417
v -0.334791 -17.650450 3.573196
v -1.137482 -17.593008 3.930466
v -1.473339 -16.394754 3.848251
v -2.106424 -17.251942 4.247574
v -2.517870 -16.122074 4.080078
v -2.149858 -15.422074 4.242920
v -1.195576 -15.529722 4.129517
v -3.140535 -15.314426 4.356308
v -2.671518 -14.823515 4.752899
v -3.692287 -16.225742 4.012619
v -4.078421 -15.737059 3.994598
v -4.276609 -15.280287 4.373749
v -4.943666 -15.737059 3.994598
v -5.211044 -15.304435 4.694595
v -5.584469 -16.264862 4.147049
v -5.962536 -15.667780 4.966415
v -6.397823 -16.423826 4.560760
v -6.453445 -16.064381 5.399048
v -6.830757 -16.808615 4.978088
v -6.711828 -17.044157 5.801086
v -6.395159 -16.367779 6.099045
v -6.421535 -16.574451 6.561096
v -6.549543 -17.399683 6.575806
v -6.711828 -17.044157 7.321091
v -6.711828 -16.104744 7.321091
v -7.142424 -16.574451 7.854080
v -7.471828 -15.814450 7.790802
v -7.941535 -16.574451 8.081085
v -8.411241 -15.814450 7.790802
v -8.856699 -16.617147 7.954437
v -8.306849 -17.274450 8.237335
v -8.692794 -17.661537 8.227707
v -9.489277 -17.634451 7.873199
v -8.999646 -18.731451 8.172089
v -9.752864 -18.709827 7.491043
v -10.038637 -17.592451 7.474182
v -9.985044 -17.015942 7.427856
v -10.452864 -18.442451 7.058426
v -10.821278 -17.592451 7.129196
v -11.302864 -18.117779 6.533096
v -11.306631 -17.135002 6.661438
v -11.743187 -17.663452 5.797974
v -11.373641 -18.486193 5.683090
v -11.864552 -18.089594 5.250473
v -12.599645 -17.491959 5.214569
v -12.162806 -17.019226 5.730469
v -12.888864 -16.698780 5.122086
v -13.416956 -17.330427 4.564606
v -13.510221 -16.270615 4.602142
v -13.113621 -15.837990 5.093063
v -13.851347 -15.556204 4.637115
v -13.470510 -15.015450 5.313065
v -14.245510 -14.719427 4.834091
v -13.838881 -14.307132 5.471344
v -14.678134 -14.019426 5.101471
v -14.517911 -13.774351 5.677597
v -15.018103 -13.634912 5.316849
v -14.950535 -13.283440 6.074203
v -15.710535 -13.220156 5.744797
v -15.420240 -12.750450 6.504791
v -14.342215 -12.797959 6.672165
v -14.992293 -12.058018 6.919556
v -15.749646 -11.990450 6.568085
v -15.353046 -11.557827 7.058990
v -15.534245 -11.181124 6.584610
v -15.212376 -10.808059 7.420074
v -14.460864 -11.463779 7.804092
v -14.620911 -10.980156 7.945419
v -13.997966 -11.044116 8.495743
v -14.329926 -10.400426 8.636307
v -15.053535 -10.280156 8.212799
v -14.763240 -9.810451 8.972794
v -15.679903 -10.750029 6.284210
v -16.252468 -11.655728 6.104630
v -16.649067 -11.223104 5.613724
v -16.215837 -10.354427 5.684280
v -16.873535 -11.990951 5.530670
v -16.180241 -12.460155 6.035095
v -16.243523 -12.789562 5.275085
v -16.734436 -12.392962 4.842468
v -17.241880 -12.019365 4.999908
v -16.347488 -12.707779 4.664719
v -15.809599 -13.280266 4.806076
v -15.856576 -13.104380 4.232086
v -15.158043 -13.883219 4.071594
v -14.667132 -14.279819 4.504227
v -14.725420 -14.583220 3.804230
v -14.305141 -15.077094 4.122040
v -14.363429 -15.380494 3.422043
v -14.868217 -15.108036 2.910065
v -14.570436 -15.994316 2.880096
v -14.363429 -16.245741 3.422043
v -14.779524 -16.730339 2.880096
v -14.716241 -17.059744 3.640091
v -15.006536 -17.529451 2.880096
v -14.716241 -17.999157 3.640091
v -14.779524 -18.328562 2.880096
v -14.716241 -17.999157 2.120087
v -14.246535 -18.759157 2.410385
v -14.070244 -18.338778 1.570572
v -13.554103 -19.173912 1.973083
v -13.554103 -19.173912 2.880096
v -13.063191 -19.570513 2.405716
v -12.960135 -19.946995 1.754364
v -13.448641 -19.381193 1.289093
v -12.852535 -19.862780 0.763763
v -12.117418 -20.303102 1.218094
v -12.002535 -19.933558 0.395355
v -12.527864 -19.337450 -0.086243
v -11.481361 -19.280401 -0.316299
v -12.083562 -18.458731 -0.520416
v -11.125435 -18.710962 -1.117279
v -11.338036 -18.047750 -0.937241
v -11.537258 -17.529850 -0.170456
v -10.804606 -17.443729 -0.429001
v -10.985996 -18.308451 -1.617477
v -10.634523 -19.107563 -1.549911
v -10.571240 -18.778156 -2.309906
v -10.101535 -19.538157 -2.019608
v -9.811240 -19.068451 -2.779617
v -9.377927 -19.658426 -2.443130
v -8.659607 -19.128185 -2.885178
v -8.071312 -20.014282 -2.660736
v -7.695160 -19.146568 -2.647186
v -7.282587 -19.904009 -2.902283
v -6.817883 -19.078146 -2.932449
v -7.121283 -18.378147 -2.990738
v -5.752766 -18.198586 -2.614792
v -6.452766 -17.931210 -3.047424
v -6.056166 -17.498585 -2.556503
v -6.452766 -17.065962 -3.047424
v -6.020144 -18.631208 -3.314789
v -5.320143 -18.689495 -3.011398
v -4.887520 -18.198586 -2.614792
v -4.620142 -18.631208 -3.314789
v -5.432526 -18.950306 -3.850647
v -6.280027 -19.442348 -3.499527
v -5.977533 -19.702026 -4.221237
v -5.010532 -19.045122 -4.638245
v -5.649870 -19.899744 -4.800995
v -4.685863 -19.570450 -5.488235
v -5.054277 -20.420450 -5.559021
v -4.160534 -20.420450 -5.812912
v -3.692410 -19.548126 -5.639236
v -3.224285 -20.305567 -5.928558
v -2.744221 -19.112614 -5.842026
v -2.524284 -20.038191 -6.361191
v -2.347620 -19.545238 -6.332947
v -2.618464 -20.518497 -6.500000
v -1.932646 -20.157942 -7.083389
v -2.221863 -20.951122 -6.990906
v -1.449335 -20.648426 -7.628006
v -1.740278 -21.476450 -7.587021
v -0.846535 -21.476450 -7.840912
v -0.290207 -20.666176 -7.656723
v -0.846535 -19.961567 -7.956558
v 0.148430 -19.916756 -7.690735
v -0.624493 -19.385723 -8.198334
v 0.663584 -19.371815 -8.095505
v -0.191870 -18.894812 -8.594940
v 0.628468 -18.989780 -8.853241
v 1.421024 -19.417826 -8.418961
v 1.478466 -19.060556 -9.221649
v 2.328465 -18.989780 -8.853241
v 2.003796 -18.464451 -9.703232
v 2.853794 -18.139780 -9.177902
v 3.179235 -18.736586 -8.513794
v 2.595842 -19.422403 -8.153244
v 3.554026 -19.519426 -8.119263
v 3.214340 -20.316450 -7.817917
v 4.252998 -20.188450 -7.926346
v 3.593342 -21.188776 -7.762238
v 4.529591 -21.188776 -7.762238
v 5.242466 -20.060452 -8.027908
v 5.712173 -20.820450 -7.737610
v 6.041578 -20.060452 -7.800903
v 6.472172 -20.530155 -7.267914
v 6.002464 -21.290157 -6.977615
v 6.535456 -20.859562 -6.507904
v 5.982475 -21.423954 -6.204529
v 5.586691 -21.808327 -6.507904
v 5.491566 -21.820553 -5.771912
v 5.982475 -21.423954 -5.339279
v 5.158844 -22.358723 -6.617676
v 5.146572 -22.603193 -5.771912
v 5.158844 -22.358723 -4.926132
v 5.789600 -21.877363 -4.423340
v 6.402393 -21.372171 -4.834000
v 6.816896 -20.701492 -5.090179
v 6.758610 -20.398092 -5.790176
v 7.101608 -19.895826 -5.052933
v 7.498209 -20.328451 -4.562012
v 8.072409 -19.349535 -4.608673
v 8.322561 -20.126379 -4.159622
v 8.808170 -19.436451 -4.318619
v 8.505032 -18.858625 -5.005264
v 9.231682 -18.712843 -4.438889
v 9.120358 -18.112404 -5.305450
v 9.300793 -17.774120 -4.548904
v 9.568169 -18.206745 -3.848907
v 9.618099 -17.359516 -3.765717
v 9.509884 -17.038097 -4.548904
v 9.877121 -16.641512 -3.682526
v 9.659348 -17.119442 -2.889954
v 9.868439 -16.383419 -2.889954
v 10.359348 -15.986819 -3.322571
v 10.359348 -15.986819 -2.457336
v 11.059349 -15.719442 -2.889954
v 11.060463 -15.830156 -3.687210
v 11.962521 -15.361488 -3.021729
v 11.593456 -15.399562 -4.156906
v 11.923622 -14.581672 -3.950500
v 12.229851 -13.850953 -3.047913
v 12.066048 -13.572933 -3.916550
v 12.347839 -13.003826 -3.047913
v 12.289555 -12.700427 -3.747910
v 12.301594 -13.286079 -4.866074
v 12.780464 -12.303827 -4.180527
v 12.792503 -12.889479 -5.339905
v 13.466049 -12.382023 -4.652573
v 13.451630 -12.518506 -5.858597
v 12.751629 -12.576794 -6.161987
v 13.451630 -12.309417 -6.594620
v 14.405464 -12.278557 -6.311646
v 13.986130 -12.106812 -6.914932
v 14.930794 -11.682450 -6.793243
v 14.582569 -11.181669 -7.299011
v 15.370728 -10.917935 -6.926910
v 14.898560 -10.421379 -7.349625
v 14.145729 -10.708936 -7.814911
v 15.685177 -10.274723 -7.038345
v 14.909840 -9.918310 -7.581345
v 16.117802 -9.783812 -7.434937
v 15.342464 -9.427399 -7.977951
v 16.425537 -9.285883 -8.240601
v 16.923466 -9.746556 -7.719650
v 17.448795 -9.150450 -8.201233
v 17.135895 -8.673491 -8.800186
v 16.425537 -9.076795 -8.976624
v 16.710640 -8.673223 -9.559540
v 16.102463 -9.039156 -9.981613
v 16.572174 -8.279156 -10.271912
v 16.986923 -7.809450 -9.579483
v 17.436203 -7.728927 -8.753418
v 17.817207 -8.300450 -8.272018
v 17.892120 -7.135700 -8.008789
v 17.451797 -6.724779 -8.743912
v 17.892120 -6.199450 -8.008789
v 17.451797 -5.674122 -8.743912
v 16.970207 -6.199450 -9.340012
v 17.150703 -5.544013 -9.124908
v 17.618111 -5.287020 -7.999573
v 18.075294 -5.283340 -7.247528
v 17.563507 -4.852957 -7.667236
v 17.621796 -4.549557 -6.967239
v 18.272465 -4.896745 -6.420609
v 17.721367 -4.373075 -5.861420
v 17.230457 -3.976475 -6.294037
v 17.288742 -3.673075 -6.994049
v 17.021366 -3.240451 -6.294037
v 17.288742 -3.673075 -5.594040
v 17.277145 -2.758674 -5.555923
v 17.457462 -3.240451 -4.758911
v 17.323837 -2.406120 -4.817795
v 16.963947 -1.983609 -5.314407
v 17.022232 -1.680209 -6.014404
v 16.754856 -1.247585 -5.314407
v 17.022232 -0.814962 -6.014404
v 17.418835 -1.247585 -6.505310
v 17.510452 -0.436962 -6.257401
v 17.396797 0.049219 -5.782913
v 18.096794 0.316597 -6.215530
v 18.210449 -0.169584 -6.690018
v 18.643074 0.321325 -6.293427
v 19.111198 -0.227026 -6.782959
v 18.399494 0.901867 -5.897034
v 19.135517 0.901867 -5.687943
v 18.832119 1.601868 -5.629654
v 19.534470 1.550961 -5.157791
v 19.896690 0.899717 -5.314087
v 20.272842 1.767431 -5.327637
v 20.776466 0.952549 -5.175903
v 20.251137 0.102551 -5.500580
v 21.301796 0.102551 -5.500580
v 20.776466 -0.493557 -5.982162
v 19.926468 -0.422779 -6.350586
v 19.926468 -0.422779 -7.401230
v 20.776466 -0.747450 -6.875916
v 20.776466 -0.493557 -7.769653
v 21.585190 -0.536350 -7.946655
v 20.780785 -0.230413 -8.478851
v 21.547466 -0.194962 -8.749786
v 21.073631 0.243422 -9.245544
v 22.026440 0.348549 -9.188889
v 22.322464 -0.130428 -8.413879
v 22.801445 0.644571 -8.709915
v 22.461494 1.082336 -9.305939
v 22.296799 1.452219 -9.659912
v 22.848160 1.759743 -8.813049
v 22.296799 2.502878 -9.659912
v 21.815208 1.977549 -10.256012
v 21.446796 2.827547 -10.185242
v 21.885845 3.390621 -9.385880
v 20.986771 3.453892 -9.828003
v 21.644989 4.175907 -9.295227
v 20.726559 4.508478 -9.735626
v 20.518448 4.029388 -9.867950
v 19.902206 4.710550 -10.138016
v 19.564793 3.900276 -10.207733
v 19.079464 4.595669 -10.507553
v 18.776066 3.895668 -10.449280
v 18.377090 4.423651 -10.635422
v 17.802025 3.796215 -10.335541
v 17.280426 4.561218 -10.597641
v 17.944466 4.914560 -11.032013
v 17.474762 5.447552 -11.462616
v 16.654648 5.738533 -11.091980
v 17.145355 6.207550 -11.525894
v 16.654648 6.676567 -11.091980
v 17.474762 6.967548 -11.462616
v 16.959618 7.487438 -10.726593
v 16.026089 7.350315 -10.320297
v 16.516716 7.890430 -9.936554
v 15.651466 7.890430 -9.936554
v 16.084091 8.590431 -9.669189
v 15.309799 9.167549 -9.746399
v 14.726467 8.609549 -9.961914
v 14.256763 9.369547 -9.671616
v 14.726467 9.902538 -9.241013
v 13.966469 9.839254 -8.911621
v 14.658901 10.254009 -8.441910
v 15.159092 10.393448 -8.844421
v 15.149811 10.650610 -7.967529
v 15.536060 11.050068 -8.304398
v 15.474472 11.383812 -7.515396
v 15.090828 11.041410 -7.194214
v 15.455448 11.719902 -6.895126
v 16.093552 11.944532 -6.854675
v 15.224464 12.095539 -6.101013
v 15.983349 12.130630 -5.832840
v 15.224464 12.322550 -5.301910
v 16.095490 12.291389 -5.205933
v 15.224464 12.095539 -4.502792
v 14.464466 12.032255 -4.832199
v 14.755447 11.661615 -4.012100
v 13.896381 11.333481 -4.543030
v 13.948730 11.399162 -3.606461
v 14.524464 11.205061 -3.250626
v 13.492126 11.297531 -2.905655
v 14.412689 11.241613 -2.471771
v 13.525467 11.422548 -2.078903
v 13.525467 11.631638 -1.342880
v 13.073467 11.443878 -1.215240
v 12.645340 11.183178 -1.605072
v 14.773464 11.443878 -1.215240
v 13.923466 11.768551 -0.689911
v 13.073467 11.443878 -0.164581
v 13.923466 11.514656 0.203827
v 13.365250 11.061651 0.712189
v 14.125538 11.112270 1.028183
v 13.720467 10.765944 1.430237
v 14.616447 11.508871 1.460815
v 14.153091 11.465944 2.562851
v 13.713448 10.701870 2.383804
v 13.624794 10.664351 3.244843
v 13.981133 11.595425 3.277771
v 13.708584 11.240824 4.161713
v 13.499493 10.504801 4.161713
v 13.008583 10.108200 3.658096
v 13.008583 10.108200 4.594345
v 13.750099 10.823900 4.964981
v 13.259190 10.427299 5.397598
v 13.916523 10.605633 5.447083
v 13.483898 10.114723 5.843689
v 12.783897 10.173010 6.147079
v 13.483898 9.905634 6.579712
v 12.783897 10.173010 7.012329
v 14.251465 10.048550 7.054092
v 14.251465 9.821539 7.853195
v 15.011463 9.758255 7.523804
v 14.721169 9.288548 8.283798
v 14.251465 8.528549 8.574097
v 13.524864 8.683432 8.398453
v 13.070534 9.418549 7.958130
v 12.767136 10.118549 8.016418
v 12.334511 10.609459 8.413025
v 12.657230 11.196157 9.028473
v 13.060555 11.748472 8.589233
v 13.173573 11.806807 9.461090
v 13.551464 12.145073 9.021851
v 13.932461 12.468151 8.855087
v 13.812809 12.599455 8.317780
v 12.577465 11.325222 9.986420
v 13.102798 12.175220 10.311096
v 12.252796 11.850552 10.836426
v 12.849602 12.514666 11.161865
v 13.443726 12.853153 10.739273
v 13.919949 12.858839 9.984512
v 14.143726 13.120529 11.171906
v 14.619949 13.126215 10.417145
v 14.347462 12.987572 9.334076
v 15.047462 13.254948 9.766693
v 15.747463 12.987572 10.199310
v 16.104580 12.895185 9.743744
v 16.104580 13.104275 9.007721
v 16.919464 13.070539 9.351212
v 16.919464 12.952549 8.504089
v 16.104580 13.104275 8.000458
v 15.278351 13.232273 8.516724
v 14.551224 12.970255 7.942215
v 15.278351 13.232273 7.509460
v 14.469856 13.195415 7.064575
v 13.769855 12.928040 7.497208
v 13.626877 12.816837 6.605835
v 12.783897 12.438257 7.012329
v 13.186584 12.104244 7.798752
v 14.469856 12.986326 6.328552
v 14.037231 12.495417 5.931961
v 14.902481 12.495417 5.931961
v 14.469856 11.795416 5.664581
v 13.916523 12.005634 5.447083
v 14.219921 11.305634 5.388794
v 13.959190 11.559923 4.964981
v 15.205879 11.795416 5.873672
v 14.684090 10.748549 5.921463
v 15.710976 12.532274 6.376846
v 16.014374 11.832273 6.318558
v 16.486839 12.370541 6.524338
v 16.919464 11.670540 6.256958
v 16.298512 10.736549 6.186050
v 15.451656 10.605633 6.395844
v 15.019032 10.114723 6.792450
v 14.183899 10.173010 6.147079
v 15.865887 10.036549 6.453415
v 15.598511 9.603926 7.153427
v 16.320217 9.301432 6.893738
v 15.989529 8.407360 7.390701
v 15.481171 8.998257 7.814087
v 15.343704 8.064074 8.005341
v 15.050575 8.528549 8.347076
v 14.616779 7.828548 8.730331
v 15.343704 7.198828 8.005341
v 14.730797 6.664547 8.953415
v 13.725090 7.168549 8.608459
v 14.028488 7.868549 8.550186
v 13.292465 7.868549 8.341095
v 12.714489 7.364502 8.325134
v 12.445339 7.868549 8.223099
v 12.767136 8.718548 8.016418
v 11.901886 8.718548 8.016418
v 12.334511 9.418549 7.749039
v 11.457291 9.245991 8.033752
v 11.901886 10.118549 8.016418
v 11.659592 8.258549 8.143097
v 10.812466 8.258549 8.261093
v 11.208195 7.189468 7.979935
v 11.978466 7.364502 8.116043
v 11.439198 6.292713 7.814148
v 12.411091 6.664501 8.383423
v 11.911308 5.814537 8.484406
v 12.678467 6.231878 9.083420
v 12.153137 5.381880 9.408096
v 13.003136 5.706549 9.933426
v 12.634724 4.856550 10.004196
v 13.528465 4.856550 10.258087
v 13.003136 4.006552 9.933426
v 14.053795 4.006552 9.933426
v 13.574936 3.173531 9.708954
v 12.560249 3.449772 9.164200
v 12.849052 2.714495 9.122665
v 13.507465 2.271610 9.712616
v 12.576302 1.985535 9.129532
v 13.016762 1.477549 9.890793
v 12.256760 1.187258 9.421082
v 12.470135 0.826878 10.237991
v 11.900291 0.455910 9.428650
v 11.409382 0.059309 9.861282
v 11.670265 -0.430481 9.150940
v 12.100098 -0.116781 8.602203
v 12.212971 -0.998783 8.610046
v 12.609573 -0.566160 8.119141
v 12.609573 -1.431406 8.119141
v 12.842628 -0.921432 7.189255
v 12.667858 -0.262760 7.419144
v 12.568104 -0.313482 6.558762
v 12.509819 -0.616882 5.858765
v 13.123192 -1.748961 6.139618
v 12.670761 -1.169159 5.794098
v 12.256004 -0.741211 5.101654
v 12.213577 -0.173220 5.592224
v 11.982086 -0.547779 4.728043
v 11.549465 0.152222 4.995422
v 11.355743 -0.190546 4.268021
v 10.846039 0.744844 4.394150
v 11.024132 1.002220 3.620087
v 10.507698 1.364038 4.034576
v 10.818954 1.867664 3.219696
v 10.097015 2.099541 3.709763
v 10.386330 2.567665 2.952316
v 9.526093 2.568138 3.371170
v 9.143364 2.631039 2.559601
v 9.009083 2.450373 3.156708
v 8.345715 -1.184505 1.511337
v 7.994349 -1.148180 1.308060
v 8.043390 -0.492386 1.691193
v 10.549088 -0.876728 -1.872772
v 10.000809 -0.122505 -1.800491
v 9.705250 -0.452259 -2.121155
v 10.982811 -0.405453 -1.320023
v 11.059189 -0.994694 -1.428909
v 11.250191 -0.838076 -0.620026
v 11.326565 -1.427317 -0.728912
v 11.016266 -1.948696 -1.464905
v 11.117474 -2.163341 -0.728912
v 11.033382 -2.488069 -1.496475
v 10.890469 -2.962451 -0.728912
v 10.734230 -2.597136 -0.028915
v 10.734230 -3.327765 -0.028915
v 11.027573 -3.802404 -0.767456
v 10.784248 -4.224400 0.199463
v 11.590466 -4.315594 -0.067307
v 11.355743 -4.776051 0.677551
v 11.953339 -4.680827 0.115479
v 12.073807 -4.711260 -0.614410
v 12.653339 -4.622540 -0.187927
v 13.085964 -5.113451 -0.584518
v 13.116467 -4.489549 -0.038055
v 13.914967 -5.113451 -0.584518
v 13.500465 -5.813451 -0.733902
v 12.577946 -5.882610 -0.898499
v 12.975136 -6.663451 -1.058578
v 12.125137 -6.338779 -1.583908
v 12.650467 -7.188780 -1.908585
v 12.054359 -6.707193 -2.433914
v 12.685581 -7.570815 -2.666306
v 13.385582 -7.629103 -2.362900
v 13.118206 -8.061727 -3.062912
v 12.524086 -7.786693 -3.160004
v 12.685581 -8.761726 -3.330276
v 13.421604 -8.761726 -3.121201
v 13.118206 -9.461726 -3.062912
v 12.376228 -9.192433 -3.266907
v 12.808853 -9.892433 -2.999527
v 11.943604 -9.892433 -2.999527
v 12.376228 -10.383345 -2.602936
v 11.676228 -10.325057 -2.299530
v 10.953369 -9.728450 -2.377045
v 10.861347 -10.013800 -1.795914
v 10.253368 -9.461074 -1.944412
v 10.370438 -9.617200 -1.363281
v 9.991047 -8.821125 -1.520157
v 10.113930 -9.235456 -0.774338
v 9.989464 -8.328450 -0.841904
v 9.699173 -7.858745 -1.601913
v 9.762459 -7.529340 -0.841904
v 9.699173 -7.858745 -0.081909
v 9.229465 -7.098744 -0.372208
v 8.939171 -7.568450 0.387802
v 8.351974 -7.094528 0.055130
v 9.333244 -8.280811 0.526260
v 9.833649 -8.781954 -0.040558
v 9.762459 -9.064474 0.693222
v 10.055641 -9.538857 -0.074341
v 10.318554 -9.823465 0.268219
v 10.809464 -10.220065 -0.164398
v 10.697960 -10.153626 0.758926
v 11.552208 -10.523948 0.327286
v 11.307392 -11.025730 1.139191
v 10.816483 -10.629129 1.571808
v 10.523571 -10.158709 1.662094
v 10.907825 -10.793419 2.147430
v 11.276508 -11.255474 1.929047
v 11.124462 -11.402451 2.953094
v 10.870571 -10.508707 2.953094
v 10.799797 -10.877122 3.803085
v 10.799797 -11.927779 3.803085
v 10.318207 -11.402451 4.399200
v 9.869205 -12.590450 4.936203
v 10.350792 -13.115780 4.340088
v 9.500793 -13.440451 4.865417
v 9.825462 -13.965779 4.015427
v 9.018204 -14.083121 4.481766
v 9.414318 -14.491445 3.490097
v 9.711941 -14.232860 2.889175
v 9.026466 -14.807779 3.263428
v 9.161510 -15.095335 2.631088
v 8.176466 -15.132450 2.738098
v 8.176466 -15.341539 2.002075
v 7.361584 -15.189815 2.505692
v 7.725466 -15.564306 1.821091
v 6.984739 -15.510165 2.050949
v 7.260189 -16.083050 1.379639
v 6.552116 -16.001076 1.654358
v 6.794914 -16.601795 0.938187
v 6.094913 -16.869171 1.370819
v 5.852116 -16.268452 2.086975
v 5.578114 -17.109882 2.077759
v 5.411793 -16.722780 2.822098
v 4.886463 -17.572779 2.497421
v 4.561794 -17.047451 3.347427
v 4.930208 -16.197451 3.418198
v 4.036465 -17.643557 2.865829
v 4.082510 -17.999685 2.063354
v 3.186466 -17.572779 2.497421
v 3.069523 -17.976830 1.620972
v 2.299425 -17.695723 1.726517
v 2.217464 -17.940557 1.198837
v 1.475822 -17.847284 1.614380
v 1.866802 -17.204811 2.123123
v 1.752926 -18.631941 0.706680
v 0.722116 -18.985453 1.439972
v 0.734179 -17.963099 2.159149
v 0.410860 -18.481827 2.254852
v 0.672459 -17.650450 2.565948
v 0.146793 -18.175779 2.977097
v -0.128271 -18.999935 2.834091
v -0.703205 -18.500450 3.502426
v -0.943855 -19.243971 3.371750
v -1.817207 -19.095779 4.155090
v -1.491766 -19.692585 3.490982
v -2.342537 -19.945780 3.830414
v -2.667206 -19.420450 4.680420
v -2.298792 -18.570450 4.751190
v -1.790432 -18.012232 4.298187
v -2.667206 -17.720451 4.680420
v -3.192535 -18.570450 5.005096
v -3.717865 -17.720451 4.680420
v -3.257841 -17.094107 4.323181
v -2.592531 -17.250566 4.375748
v -4.078421 -17.137058 3.994598
v -4.567863 -18.045122 4.155090
v -4.964464 -17.612497 3.664185
v -5.267864 -16.912498 3.722473
v -4.511044 -16.437057 3.727234
v -5.700487 -17.612497 3.455093
v -6.133110 -16.912498 3.722473
v -6.436510 -17.612497 3.664185
v -6.833111 -17.179874 4.155090
v -6.833111 -18.045122 4.155090
v -7.100487 -17.612497 4.855087
v -6.891397 -18.348522 4.855087
v -6.827827 -17.943264 5.678650
v -6.573809 -18.692987 5.641815
v -6.555166 -18.274029 6.561096
v -6.255650 -19.266682 6.196228
v -6.556074 -18.731451 6.946655
v -6.822542 -17.841406 7.319977
v -6.970829 -18.261745 7.639084
v -6.970829 -17.396498 7.639084
v -7.410603 -17.333336 7.889175
v -7.669604 -17.972567 8.207169
v -7.401423 -18.731451 8.172089
v -8.200535 -18.731451 8.399094
v -7.718758 -19.528460 8.218765
v -8.670240 -19.491451 8.108795
v -8.200535 -20.266586 7.962997
v -8.960535 -19.961157 7.348801
v -9.430241 -19.201157 7.639084
v -9.542289 -19.530699 7.028152
v -9.059599 -20.021267 6.410080
v -9.550510 -19.624666 5.977448
v -10.033200 -19.134100 6.595520
v -10.042418 -19.408102 5.754089
v -10.777535 -18.967779 6.208420
v -10.742418 -19.349815 5.450699
v -10.309794 -19.840725 5.054092
v -11.080612 -20.255234 4.813293
v -11.435849 -19.521450 4.858322
v -11.431929 -18.789593 4.983093
v -11.828528 -19.222218 4.492188
v -12.131928 -18.522217 4.550461
v -12.663750 -19.052435 4.099442
v -13.053911 -18.364586 4.231369
v -12.741479 -17.939905 4.941742
v -13.534174 -18.897623 3.743866
v -13.956241 -18.289450 4.109802
v -14.246535 -18.759157 3.349792
v -13.063191 -19.570513 3.354477
v -12.360350 -19.752434 4.041153
v -12.688483 -20.283365 3.182098
v -12.300241 -20.691156 3.942093
v -12.363523 -21.020561 3.182098
v -12.398616 -20.752382 2.423203
v -11.830535 -21.451157 2.712387
v -11.998303 -21.000586 2.094208
v -11.830535 -21.451157 3.651794
v -11.070535 -21.741451 3.182098
v -11.112418 -21.635815 2.512482
v -11.147535 -21.253780 1.754761
v -11.730927 -20.567961 1.394211
v -11.240016 -20.964561 0.961578
v -11.569911 -20.424469 0.791946
v -10.757767 -20.804409 0.343109
v -11.221245 -19.950991 0.002747
v -10.583997 -20.483444 -0.351471
v -10.692811 -19.410961 -0.849915
v -10.169241 -20.055496 -1.043915
v -10.169241 -20.920746 -1.043915
v -9.668911 -20.238155 -1.752243
v -9.738647 -21.390450 -1.576904
v -9.304850 -20.690451 -1.960144
v -9.013668 -21.279959 -1.832306
v -8.581044 -20.579960 -2.099670
v -8.032529 -21.458019 -1.928375
v -7.716863 -20.811451 -2.474243
v -7.233572 -21.582191 -2.099045
v -6.994408 -21.111780 -2.891571
v -6.533571 -21.640480 -2.402451
v -6.481043 -21.541334 -3.308914
v -6.870781 -20.583580 -3.382645
v -6.416512 -21.205427 -4.083908
v -6.416512 -20.247475 -4.083908
v -6.076563 -20.726450 -4.679947
v -5.740561 -21.586264 -4.624664
v -5.562637 -20.978668 -5.106003
v -5.006310 -21.878826 -4.762177
v -4.685863 -21.270451 -5.488235
v -4.160534 -21.866558 -5.006653
v -3.545048 -21.315147 -5.720230
v -3.460533 -21.924845 -5.310059
v -2.783550 -21.973593 -5.708282
v -2.662186 -21.547453 -6.255798
v -2.292641 -22.370193 -6.140915
v -2.221863 -22.001780 -6.990906
v -1.696533 -22.851780 -6.666245
v -1.371864 -22.326450 -7.516235
v -0.911840 -22.952795 -7.159012
v -0.413912 -22.406218 -7.645309
v -0.110512 -23.106216 -7.587021
v 0.431650 -22.504435 -8.086975
v 0.000591 -21.476450 -7.722916
v 0.921640 -21.517359 -7.747086
v 0.498520 -20.670786 -7.415176
v 1.399607 -20.562725 -7.640625
v 1.096207 -19.862726 -7.698914
v 2.101765 -20.009432 -8.068680
v 2.190483 -20.923475 -7.853745
v 1.721466 -21.623474 -8.121124
v 2.701777 -21.731501 -8.046509
v 2.821817 -21.131334 -7.993271
v 3.325443 -21.946217 -7.682022
v 2.191174 -22.213451 -8.457611
v 1.251759 -22.213451 -8.457611
v 1.721466 -22.973450 -8.747910
v 2.520578 -22.973450 -8.520905
v 3.468706 -22.748892 -7.550705
v 4.225796 -22.559450 -7.147232
v 4.612898 -21.815117 -7.313553
v 3.655746 -23.313530 -6.739807
v 4.550465 -23.084780 -6.297241
v 3.700466 -23.409451 -5.771912
v 4.550465 -23.084780 -5.246582
v 3.700466 -23.155556 -4.878159
v 4.153162 -22.828375 -4.433640
v 3.155785 -23.137033 -4.667450
v 3.224421 -22.835567 -3.779907
v 3.987350 -22.737442 -3.748871
v 4.588558 -22.526184 -3.501541
v 5.089582 -22.144102 -4.052155
v 5.089582 -22.144102 -3.115906
v 5.789583 -21.876726 -3.619537
v 5.794193 -21.844269 -2.559586
v 6.604465 -22.028450 -3.115906
v 6.604465 -21.774557 -4.009659
v 7.454464 -21.703779 -3.641235
v 7.129795 -21.178452 -4.491241
v 7.979795 -20.853779 -3.965912
v 8.050571 -21.222195 -3.115906
v 8.578735 -20.540882 -3.488953
v 8.298897 -20.691147 -2.789841
v 9.197529 -19.966267 -2.619888
v 9.098465 -19.906157 -3.558609
v 9.631454 -19.475563 -3.088913
v 9.568169 -19.146156 -3.848907
v 9.858463 -18.676451 -3.088913
v 9.568169 -19.146156 -2.328903
v 9.137577 -18.676451 -1.795914
v 9.214458 -19.276451 -1.853058
v 8.688797 -19.801779 -1.441910
v 8.806129 -20.268131 -2.249161
v 8.163464 -20.651779 -1.766586
v 7.838795 -20.126450 -0.916580
v 8.207207 -19.276451 -0.845810
v 7.174526 -19.673834 -0.452255
v 7.477926 -18.973833 -0.393967
v 7.852280 -18.588203 -0.346878
v 8.466496 -18.100355 -0.960266
v 8.320118 -17.821779 -0.092804
v 8.960899 -17.380913 -0.794922
v 9.469231 -17.881439 -1.825684
v 9.712883 -17.338213 -1.156036
v 9.706573 -17.050404 -1.913742
v 10.197483 -16.653803 -1.481125
v 9.926727 -16.686819 -2.189957
v 10.626724 -16.419443 -1.757324
v 10.897484 -16.595514 -1.177719
v 11.259350 -16.036102 -1.634903
v 11.154739 -15.845316 -2.315140
v 11.994465 -15.595779 -2.089233
v 12.102066 -15.679996 -1.098633
v 12.637131 -15.212130 -1.574005
v 12.519798 -14.745779 -2.413910
v 13.045460 -14.220450 -2.002762
v 12.648857 -13.787827 -2.493683
v 13.004208 -13.441450 -2.109009
v 12.691257 -12.792499 -2.583557
v 13.128563 -12.510899 -2.139252
v 13.207535 -11.876171 -2.834564
v 12.716625 -12.272771 -3.267181
v 13.207535 -11.876171 -3.699814
v 13.907536 -11.608794 -3.267181
v 13.907536 -11.817883 -4.003220
v 14.261185 -11.543523 -2.839249
v 14.903393 -11.817883 -4.003220
v 14.405464 -12.278557 -4.524170
v 15.255463 -12.207779 -4.892578
v 14.405464 -12.532450 -5.417908
v 15.255463 -12.207779 -5.943237
v 15.706554 -11.943327 -5.577042
v 15.780792 -11.357779 -6.267914
v 16.379734 -11.044882 -5.790955
v 16.123558 -10.630379 -6.461624
v 17.099792 -10.522827 -5.971619
v 16.889084 -10.115805 -6.897263
v 17.836937 -9.813320 -6.301605
v 17.773464 -9.675779 -7.351242
v 18.369572 -9.194193 -6.825912
v 18.298798 -8.825779 -7.675903
v 18.623463 -8.300450 -6.825912
v 18.298798 -7.775122 -7.675903
v 18.631458 -7.393405 -6.709793
v 18.405685 -7.028090 -7.300888
v 18.742172 -6.596156 -6.710907
v 18.405685 -6.126451 -7.300888
v 18.742172 -5.656745 -6.710907
v 19.032463 -6.126451 -5.950912
v 18.805458 -5.327340 -5.950912
v 18.742172 -5.656745 -5.190903
v 18.272465 -4.896745 -5.481201
v 17.982170 -5.366450 -4.721207
v 17.621796 -4.549557 -4.934570
v 16.999786 -5.117170 -4.305893
v 17.282173 -4.233827 -4.288574
v 17.572464 -3.764121 -5.048584
v 16.603188 -4.684546 -3.814987
v 17.035809 -3.984547 -3.547607
v 17.467064 -3.328819 -4.018036
v 17.993477 -2.874778 -3.607361
v 17.780724 -2.585951 -4.095917
v 18.233208 -1.931451 -3.642014
v 17.744560 -1.885522 -3.987625
v 17.864796 -1.081451 -3.571243
v 17.302979 -0.999798 -3.966599
v 17.044563 -1.618145 -4.420258
v 17.592346 -0.506592 -3.216141
v 16.876465 -0.308123 -3.469238
v 16.639465 0.035925 -2.628540
v 16.443840 0.391878 -3.201859
v 16.385555 0.088478 -3.901855
v 16.176464 0.824501 -3.901855
v 16.443840 0.391878 -4.601868
v 16.443840 1.257124 -4.601868
v 16.940002 0.666872 -5.124664
v 16.963947 -0.511562 -5.314407
v 17.205353 1.429497 -5.115753
v 17.663471 0.901867 -5.687943
v 17.966869 1.601868 -5.629654
v 17.788979 2.152405 -4.746674
v 18.399494 2.092777 -5.233063
v 18.748051 2.545637 -4.891495
v 19.219444 2.821831 -5.099686
v 18.822845 3.254454 -4.608765
v 19.522842 3.521832 -5.041397
v 19.955467 2.821831 -5.308777
v 20.388092 3.521832 -5.041397
v 20.691490 2.821831 -5.099686
v 20.899757 3.465599 -4.739014
v 21.374138 2.698032 -5.032196
v 21.110802 1.882732 -5.313599
v 21.731777 2.345541 -5.136826
v 22.183464 2.714560 -4.816803
v 21.713760 3.247551 -4.386200
v 22.653168 3.247551 -4.386200
v 22.943462 2.777843 -5.146210
v 22.527687 2.259672 -5.615906
v 23.001122 2.776937 -6.276581
v 22.585976 1.956272 -6.315903
v 22.280861 1.385172 -5.946136
v 21.670208 0.952549 -5.429810
v 22.151794 0.427219 -6.025909
v 22.592117 0.881546 -6.761032
v 22.285461 -0.012714 -6.790421
v 21.626465 -0.422779 -6.350586
v 22.322464 -0.130428 -7.455933
v 22.801445 0.644571 -7.159912
v 22.865974 0.308664 -7.934906
v 23.097466 1.123549 -7.934906
v 22.912846 1.611834 -7.126114
v 22.865974 1.938433 -7.934906
v 22.692337 2.403519 -7.168228
v 22.656883 2.674456 -7.934906
v 22.901428 3.139542 -7.168228
v 22.585976 3.574926 -7.399811
v 22.425858 3.174692 -8.109909
v 22.367573 2.871292 -8.809906
v 21.981533 3.621687 -8.521927
v 22.039818 3.925087 -7.821930
v 21.772442 4.357710 -8.521927
v 22.039818 4.790333 -7.821930
v 21.981533 5.093733 -8.521927
v 21.288773 4.923550 -9.224335
v 21.592171 5.623550 -9.282608
v 20.423161 5.208479 -9.677338
v 21.122467 6.383549 -9.572906
v 20.288925 5.981932 -9.867859
v 20.026558 5.641102 -10.168259
v 19.588928 6.249310 -10.300476
v 19.570770 5.305220 -10.501999
v 19.174171 5.737843 -10.992905
v 18.753792 4.898033 -10.816620
v 18.414169 5.447552 -11.462616
v 18.743576 6.207550 -11.525894
v 17.944466 6.207550 -11.752914
v 18.414169 6.967548 -11.462616
v 19.174171 6.677258 -10.992905
v 18.924774 7.449501 -11.051514
v 17.908073 7.557526 -11.126129
v 18.211472 8.257526 -11.067841
v 17.327625 8.187439 -10.563751
v 17.821518 8.898869 -10.756866
v 17.216713 9.023054 -10.369186
v 16.820114 8.590431 -9.878265
v 16.478447 9.867550 -9.688110
v 17.111488 10.144527 -10.177902
v 16.771034 10.791590 -9.404175
v 16.071037 10.524212 -8.971558
v 15.628109 9.959524 -9.335129
v 16.458138 11.268547 -8.805237
v 17.436691 11.695927 -8.801178
v 16.983467 11.864655 -8.323654
v 16.133469 11.793877 -7.955231
v 16.983467 12.118549 -7.429901
v 17.798351 11.966824 -7.933533
v 17.887993 12.298460 -6.916901
v 16.775967 12.211559 -6.314957
v 17.676449 12.524616 -6.026718
v 16.903515 12.484158 -5.717224
v 17.385468 12.895256 -5.206619
v 16.736305 12.542706 -4.601883
v 17.310333 13.016827 -4.304291
v 16.707359 12.402292 -3.499908
v 16.286766 11.955376 -3.725266
v 16.415375 11.601662 -2.818008
v 15.924465 11.205061 -3.250626
v 15.586769 11.792545 -4.093277
v 15.224464 11.146774 -3.554031
v 15.224464 10.937685 -2.818008
v 15.954014 11.212849 -2.141586
v 15.224464 11.146774 -2.081985
v 15.473465 11.176502 -1.647858
v 16.041687 11.019955 -1.044891
v 15.399807 11.086645 -0.624603
v 16.099808 10.819269 -0.191986
v 16.799809 11.086645 -0.624603
v 16.799809 11.086645 0.240646
v 15.789139 10.863880 0.851089
v 14.909134 11.237040 0.536804
v 14.773464 11.443878 -0.164581
v 15.089138 11.131256 1.283722
v 15.789139 11.072969 1.587112
v 15.180176 11.625700 1.960785
v 16.221764 11.563879 1.983719
v 15.612801 12.221155 2.292770
v 14.542206 12.149033 2.641098
v 14.982136 12.913548 2.774765
v 14.132133 12.588879 3.300095
v 14.564140 13.475000 3.496078
v 14.061359 12.957293 4.150085
v 13.807468 12.063549 4.150085
v 13.959190 12.567175 4.964981
v 14.270451 13.693316 4.150085
v 13.766754 13.896223 5.473572
v 13.691811 12.999798 5.664978
v 13.370155 13.463600 5.964478
v 12.728821 13.015598 6.545486
v 12.425423 13.715599 6.487198
v 11.992798 13.015598 6.754578
v 11.560173 13.715599 6.487198
v 11.256775 13.015598 6.545486
v 10.807400 13.498665 6.036011
v 10.860176 12.582975 6.054581
v 10.298119 13.368088 5.910645
v 10.276466 14.257549 5.844086
v 11.075577 14.257549 6.071106
v 10.750851 15.025116 5.987000
v 9.806763 15.017548 6.134384
v 9.477356 14.257549 6.071106
v 9.046761 14.727253 6.604095
v 9.235851 15.697327 7.139099
v 8.983479 15.056660 7.364090
v 8.756466 14.257549 7.364090
v 8.912285 14.711056 8.165436
v 9.046761 13.787842 8.124084
v 9.753754 14.476898 9.101044
v 9.692757 13.448221 8.673615
v 9.668522 12.943573 8.487946
v 10.027470 12.700550 9.461090
v 10.021133 14.044275 9.801041
v 10.352135 13.225880 10.311096
v 10.352135 12.175220 10.311096
v 10.281361 11.806807 9.461090
v 10.877468 11.325222 9.986420
v 10.727539 11.269865 9.063782
v 11.727467 11.000549 9.461090
v 11.727467 10.791460 8.725067
v 11.727467 11.254444 10.354828
v 11.202137 11.850552 10.836426
v 10.709373 12.635244 10.937439
v 11.068630 12.526423 11.564423
v 12.016300 12.526423 11.564423
v 11.068630 12.735512 12.300446
v 12.016300 12.735512 12.300446
v 12.797176 12.567297 11.877106
v 12.797176 12.776386 12.613129
v 13.549603 12.572952 12.330505
v 13.352032 12.831087 11.765335
v 14.052032 12.889374 12.068726
v 13.854465 12.369221 13.073761
v 14.704464 12.298443 12.705353
v 14.968369 12.739117 11.678192
v 15.404465 12.240156 12.401947
v 15.828117 12.078369 12.112595
v 15.869469 12.212843 11.189392
v 15.319950 12.858839 10.849762
v 16.160450 12.583483 10.369278
v 16.629467 12.149559 10.859985
v 16.919464 12.861450 10.087234
v 17.389465 12.212843 11.189392
v 17.859177 12.972841 10.899094
v 17.861946 13.566439 9.822601
v 18.294792 14.127220 10.754089
v 18.156479 14.652550 10.133850
v 18.294792 14.127220 9.354095
v 17.769463 13.277222 9.029419
v 18.461113 13.740118 8.609756
v 17.791786 13.126217 8.035965
v 18.752850 13.865606 8.180557
v 19.020226 13.432983 7.480560
v 18.509449 12.641483 7.125900
v 17.735432 12.788563 7.040421
v 16.919464 13.070539 7.656967
v 16.919464 12.861450 6.920944
v 15.978352 12.964897 7.076843
v 17.352089 12.370541 6.524338
v 18.169140 12.191032 6.419800
v 17.736515 11.491032 6.152420
v 18.545841 11.716650 6.238602
v 18.242443 11.016649 6.180313
v 17.256466 10.816317 6.315109
v 17.781796 10.036549 6.453415
v 16.731136 10.036549 6.453415
v 17.256466 9.186550 6.778091
v 18.205402 9.245619 6.597183
v 18.535912 8.683880 6.604416
v 17.959465 7.853550 6.801086
v 17.112339 7.853550 6.683105
v 16.679714 8.553551 6.950470
v 16.376316 7.853550 6.892181
v 16.679714 7.153549 6.950470
v 16.143715 7.159603 7.192841
v 15.877769 7.626219 7.323181
v 15.747116 6.726980 7.683762
v 16.447113 6.459602 7.251129
v 16.179737 6.026979 7.951126
v 15.580795 6.339878 8.428085
v 15.923561 5.612476 8.621811
v 15.300396 5.814503 8.917175
v 15.826698 5.116003 8.828796
v 15.429459 4.856550 8.996948
v 14.903793 5.381880 9.408096
v 14.414349 6.289942 9.247604
v 14.053795 5.706549 9.933426
v 13.528465 6.302658 9.451843
v 14.422207 4.856550 10.004196
v 14.964775 4.335928 9.519073
v 15.229233 3.734417 8.743973
v 14.471794 3.445099 9.212097
v 14.925835 3.034416 8.685684
v 14.110950 2.723158 9.189316
v 15.005096 1.947380 9.197708
v 14.414349 2.023157 9.247604
v 14.770172 1.259501 9.537979
v 13.956169 1.477549 9.890793
v 15.331978 1.171926 9.229813
v 15.127975 0.670435 9.615479
v 15.069691 0.367035 10.315491
v 15.378174 0.182199 9.634033
v 15.319889 -0.121201 10.334030
v 15.117493 -0.111124 11.070816
v 14.280331 0.194147 10.674683
v 14.267506 0.178976 11.150452
v 13.406075 0.366957 11.215683
v 13.687965 0.735086 10.291809
v -5.348900 -6.680702 8.455490
v 13.738464 -2.182826 8.614716
v 13.451412 -2.689083 8.773682
v 12.975803 -2.914325 8.386276
v 13.504326 -2.066223 7.718674
v 14.438465 -1.915450 8.182098
v 14.491295 -1.777279 7.302307
v 13.900467 -1.783352 6.569229
v 13.117374 -1.709225 6.930237
v 14.544128 -1.757099 6.404419
v 13.900467 -1.992440 5.833206
v 14.659351 -2.027533 5.565018
v 13.900467 -2.219452 5.034088
v 13.140469 -1.929157 5.503799
v 13.132900 -2.285625 4.772446
v 12.514099 -1.533783 5.092972
v 12.237293 -2.128414 4.610199
v 12.882660 -2.816834 4.164307
v 11.924465 -2.781334 4.221741
v 11.104225 -2.046943 4.049866
v 11.407623 -1.346943 3.991577
v 10.671600 -1.346943 3.782486
v 10.907204 -0.538185 3.664917
v 11.118519 -3.062785 4.444366
v 11.556313 -3.573856 4.188629
v 12.378796 -3.516451 3.781418
v 11.848793 -4.126403 3.587463
v 11.148796 -4.393779 4.020096
v 12.301918 -4.472460 3.080414
v 12.914394 -3.742171 3.263184
v 13.201950 -4.207447 2.510361
v 12.366810 -4.836547 2.137085
v 11.740463 -5.193780 2.662415
v 11.740463 -5.193780 1.611755
v 10.890465 -5.518451 2.137085
v 10.943298 -5.380280 3.016876
v 10.623463 -5.243779 3.695419
v 10.890465 -5.264557 1.243347
v 10.040466 -5.193780 1.611755
v 10.365135 -4.668451 0.761765
v 12.416466 -4.547836 1.130585
v 11.953339 -4.680827 0.980728
v 13.153343 -4.508709 1.492432
v 13.116467 -4.280460 0.697968
v 13.931351 -4.246727 1.041473
v 13.931351 -4.455815 0.305435
v 14.950897 -4.296624 0.486450
v 14.347591 -4.622540 -0.187927
v 15.149490 -4.332911 -0.687103
v 14.697605 -5.113451 -0.929520
v 15.338806 -4.582537 -1.591751
v 15.004860 -5.380827 -1.504135
v 14.394207 -5.813451 -0.987808
v 14.875793 -6.338779 -1.583908
v 14.025795 -6.663451 -1.058578
v 14.431019 -7.289795 -1.415817
v 13.500465 -7.259557 -1.540161
v 13.933090 -7.750468 -1.936768
v 14.253098 -8.366872 -2.182022
v 13.818207 -8.329103 -2.630280
v 13.818207 -9.194350 -2.630280
v 14.253098 -9.232120 -2.182022
v 13.820473 -9.932119 -1.914642
v 14.409760 -9.596745 -1.480911
v 14.114990 -10.510915 -1.248398
v 13.139229 -10.623344 -1.314926
v 13.076229 -10.325057 -2.299530
v 12.376228 -10.592433 -1.866913
v 12.381790 -10.543116 -1.047028
v 11.618790 -10.303116 -1.398788
v 11.509464 -10.369451 -0.578903
v 10.809464 -10.102075 -1.011536
v 12.359463 -10.694121 -0.053574
v 13.051109 -11.157020 -0.473236
v 12.884796 -11.544122 0.271088
v 12.034794 -11.219450 0.796417
v 12.403206 -12.069450 0.867203
v 11.721893 -11.696409 1.395370
v 11.878067 -12.626568 1.094452
v 11.481468 -12.193943 1.585373
v 11.273849 -11.816953 2.253098
v 10.928856 -12.599593 2.253098
v 10.870571 -12.296194 2.953094
v 10.458824 -13.199482 2.684433
v 10.421570 -13.484194 3.490097
v 10.202850 -13.836260 2.456558
v 10.517113 -13.502882 1.984421
v 10.470226 -14.268883 1.756546
v 9.770226 -14.536259 2.189178
v 10.166828 -14.968884 1.698273
v 9.161510 -15.304424 1.895065
v 9.594135 -15.795335 1.498459
v 9.116043 -15.975451 1.295425
v 8.683418 -15.484539 1.692017
v 8.250795 -15.975451 1.295425
v 8.656017 -16.601795 0.938187
v 7.725466 -16.601795 0.938187
v 7.839815 -17.339132 0.487335
v 7.227537 -17.301794 0.670807
v 7.471443 -18.047451 0.329071
v 6.849798 -17.957500 0.580612
v 6.417175 -17.257500 0.847992
v 6.113775 -17.957500 0.789703
v 5.717175 -17.524878 1.280609
v 5.664396 -18.440567 1.299179
v 5.153841 -18.005404 1.797424
v 4.768150 -18.499451 1.647324
v 5.133465 -19.199451 1.491089
v 4.293510 -19.237991 1.353989
v 3.654205 -18.445726 1.343094
v 3.540249 -18.968468 0.888443
v 2.618172 -18.631941 0.706680
v 2.998640 -19.600441 0.586945
v 2.153631 -19.532413 0.343750
v 2.586254 -20.232414 0.611115
v 1.721008 -20.232414 0.611115
v 1.417608 -19.532413 0.552826
v 0.844715 -20.259506 0.939850
v 1.021008 -19.099791 1.043747
v 0.448114 -19.826881 1.430756
v 0.164642 -20.811451 1.489838
v -0.150208 -20.325901 1.979095
v 0.281794 -19.439779 2.175095
v -0.568205 -19.764450 2.700424
v -1.028229 -20.390795 2.343185
v -1.295607 -19.958172 3.043182
v -2.008535 -20.908567 2.519745
v -2.444908 -20.372736 2.994522
v -2.944784 -20.908567 2.519745
v -3.202349 -20.418747 3.317963
v -3.459253 -20.792898 2.447815
v -4.159254 -20.525522 2.880432
v -3.913059 -20.472620 3.621841
v -3.192535 -20.016556 4.198837
v -3.909210 -19.919334 4.629288
v -3.660660 -19.442776 4.831421
v -4.683323 -19.938259 5.224472
v -4.458912 -19.159498 4.899414
v -4.633583 -20.792780 3.956711
v -4.638161 -21.023003 5.131531
v -5.066206 -20.442122 5.924088
v -5.591536 -19.592121 5.599426
v -5.343254 -19.263433 4.745407
v -4.910631 -18.772522 4.348816
v -4.141472 -18.511383 4.824173
v -5.700487 -18.803410 4.119064
v -5.267864 -18.312498 3.722473
v -6.133110 -18.312498 3.722473
v -6.400488 -18.745121 4.422470
v -6.043255 -19.205147 5.048813
v -5.787525 -20.024124 6.485535
v -5.441589 -21.082157 6.666763
v -5.898121 -20.766422 7.256927
v -6.270828 -20.333780 7.206467
v -6.556074 -19.638456 6.946655
v -6.970829 -20.066404 7.639084
v -6.970829 -19.201157 7.639084
v -7.256424 -20.288809 8.096405
v -6.061535 -21.126474 7.962067
v -5.518024 -21.565567 7.483093
v -5.582558 -21.901474 8.258087
v -6.357557 -21.605450 8.737061
v -6.809561 -20.999111 8.380447
v -7.315512 -21.605450 8.737061
v -7.767911 -20.966585 8.230362
v -8.090510 -21.901474 8.258087
v -8.261518 -21.553709 7.516434
v -8.248783 -20.667856 7.549774
v -8.335670 -21.215351 6.879089
v -8.544759 -20.479328 6.879089
v -8.567640 -20.613661 6.332092
v -8.358552 -21.349684 6.332092
v -8.625928 -20.917061 5.632095
v -9.058552 -20.217060 5.899475
v -9.326669 -20.197336 5.312866
v -8.894045 -20.897335 5.045486
v -9.664813 -20.805704 4.512329
v -9.055152 -21.679083 3.976013
v -9.755152 -21.620796 3.672607
v -10.311650 -21.549532 3.713028
v -10.530061 -20.805704 4.512329
v -11.070535 -21.514441 3.981201
v -11.540240 -20.981451 4.411804
v -9.707834 -21.920527 2.806320
v -8.919367 -21.961279 3.173874
v -8.866534 -22.099449 2.294098
v -9.738859 -21.925785 1.825958
v -10.496301 -21.636467 2.294098
v -10.412418 -21.694103 1.343842
v -10.758528 -21.524780 0.907593
v -8.470519 -22.249516 1.005905
v -8.051651 -21.947727 1.790466
v -7.566551 -21.911869 1.496399
v -7.289536 -21.858780 0.497421
v -8.179536 -22.620155 0.185791
v -8.939535 -22.683439 0.515198
v -9.699535 -22.620155 0.185791
v -8.939535 -22.910450 -0.283905
v -9.699535 -22.620155 -0.753616
v -10.232524 -22.189562 -0.283905
v -10.267616 -21.921381 0.474976
v -10.459536 -21.390450 -0.283905
v -10.169241 -21.860157 -1.043915
v -9.409241 -22.150452 -1.513611
v -8.939535 -22.683439 -1.083023
v -8.469830 -22.150452 -1.513611
v -8.179536 -22.620155 -0.753616
v -7.697585 -22.209057 -1.264221
v -7.304419 -22.353102 -0.876907
v -6.608088 -22.012371 -1.503418
v -6.599808 -22.053268 -0.320587
v -5.789536 -22.237450 -0.876907
v -5.916367 -22.029762 -1.877014
v -4.818550 -22.610826 -1.460770
v -5.364079 -22.493927 -2.311295
v -5.937534 -21.980427 -2.829926
v -5.237988 -22.399445 -3.355545
v -5.937534 -21.980427 -3.787888
v -5.229216 -22.138699 -4.156250
v -4.818550 -22.610826 -3.855057
v -4.533575 -22.394722 -4.325333
v -4.078678 -23.043451 -4.162308
v -3.727911 -22.357468 -4.610046
v -3.296038 -23.043451 -4.507294
v -3.050928 -22.406218 -5.008286
v -2.419611 -23.299667 -5.112427
v -2.350927 -22.673594 -5.440903
v -1.975807 -22.855881 -5.984955
v -1.543184 -23.555882 -5.717575
v -2.972588 -23.800892 -4.461288
v -2.241812 -24.269451 -4.562424
v -1.483524 -24.233427 -5.695038
v -0.944862 -24.054901 -6.265915
v -0.664917 -24.546106 -6.200974
v 0.059746 -24.193117 -6.560944
v -0.526865 -23.493450 -6.987244
v 0.200537 -23.687172 -7.330002
v 0.920116 -24.337631 -6.774399
v 0.961468 -24.203156 -7.697617
v 0.491760 -23.443157 -7.987915
v 1.251759 -23.733452 -8.457611
v 0.922354 -22.973450 -8.520905
v 1.721466 -24.266439 -8.027023
v 2.191174 -23.733452 -8.457611
v 2.481464 -24.203156 -7.697617
v 2.951172 -23.443157 -7.987915
v 3.014456 -23.772562 -7.227905
v 2.481464 -24.203156 -6.758209
v 3.000465 -23.676826 -6.204529
v 2.276464 -23.879780 -5.598587
v 2.872719 -23.502884 -5.197601
v 2.044973 -23.505219 -4.734406
v 2.455784 -23.195320 -4.364044
v 2.033510 -23.499542 -3.779907
v 2.524420 -23.102943 -3.347275
v 2.091797 -23.802942 -3.079895
v 2.791798 -23.535566 -2.647278
v 3.224421 -23.044655 -3.043884
v 3.572691 -23.366327 -2.481903
v 3.988464 -22.848156 -2.951614
v 4.087532 -22.908266 -2.012894
v 4.578442 -22.511665 -2.481903
v 4.567116 -22.111202 -1.651794
v 5.098801 -21.870098 -2.203476
v 5.468409 -21.276535 -1.635910
v 4.508829 -21.807802 -0.951797
v 5.201031 -20.843912 -0.935913
v 5.901031 -20.785625 -1.239319
v 6.604465 -20.767305 -1.214920
v 6.604465 -21.774557 -2.222168
v 7.129795 -21.178452 -1.740585
v 7.454464 -21.703779 -2.590576
v 7.862183 -21.134342 -2.154755
v 7.562418 -20.687540 -1.343979
v 6.668600 -20.492439 -0.764938
v 5.934814 -20.563631 -0.482407
v 6.501637 -20.063225 0.018723
v 5.893463 -20.429157 0.440796
v 6.363171 -19.669157 0.731094
v 6.777925 -19.241209 0.038666
v 6.423281 -18.730434 0.830154
v 5.932577 -19.199451 1.264084
v 5.603172 -19.959450 1.200790
v 5.228481 -20.587772 0.605072
v 4.663757 -19.959450 1.200790
v 4.334972 -20.773279 0.903748
v 3.843649 -19.668467 0.830154
v 3.540249 -20.368467 0.888443
v 3.232765 -20.826521 1.091003
v 3.708841 -21.600498 1.166412
v 2.964506 -21.434177 1.553528
v 2.422945 -21.338818 1.512009
v 2.148489 -20.828451 0.951065
v 1.387417 -21.518366 1.431717
v 1.148115 -20.959505 0.998138
v 0.458073 -21.586317 1.259598
v 0.890696 -22.286316 1.526978
v 0.025450 -22.286316 1.526978
v -0.277950 -21.586317 1.468689
v -0.593840 -21.925522 1.689529
v -0.674551 -21.153692 1.959595
v -1.452206 -21.613176 2.219910
v -1.114792 -22.423450 2.150192
v -2.008535 -22.423450 2.404083
v -2.512161 -21.608566 2.252365
v -2.902279 -22.423450 2.150192
v -3.026630 -21.492899 2.180435
v -3.423231 -21.925522 1.689529
v -3.726631 -21.225523 1.747818
v -4.176519 -21.505585 1.259964
v -4.609142 -21.014673 1.656555
v -4.159254 -20.734612 2.144409
v -4.859255 -20.792898 2.447815
v -5.366585 -21.094902 1.924454
v -5.309143 -21.072960 2.825211
v -4.859255 -20.792898 3.313065
v -5.291878 -21.492899 3.580429
v -5.892536 -21.758780 3.185760
v -5.625158 -22.191402 3.885757
v -5.066206 -21.492779 4.224091
v -5.440765 -22.356960 4.455582
v -4.995426 -21.861195 5.074097
v -5.302727 -22.402563 5.184097
v -5.167261 -22.312506 5.879761
v -5.066206 -21.492779 5.924088
v -5.333582 -21.925404 6.624084
v -5.426226 -22.919579 6.519867
v -5.286535 -22.380451 7.483093
v -5.518024 -23.195333 7.483093
v -5.582558 -22.859426 8.258087
v -6.061535 -23.634426 7.962067
v -6.357557 -23.155451 8.737061
v -6.021650 -22.380451 8.801605
v -6.836535 -22.380451 9.033096
v -7.315512 -23.155451 8.737061
v -7.651418 -22.380451 8.801605
v -8.090510 -22.859426 8.258087
v -7.920147 -23.713493 8.230423
v -8.733719 -23.578773 7.182968
v -8.532081 -22.427834 7.465515
v -8.912632 -22.868347 6.332092
v -8.567640 -22.085709 6.332092
v -8.646169 -22.427454 5.312927
v -8.625928 -21.782309 5.632095
v -8.732407 -22.944479 5.562408
v -8.501562 -23.317991 4.958054
v -8.203511 -22.811426 4.409088
v -8.564240 -22.075684 4.408630
v -8.166534 -22.248837 3.573837
v -7.428513 -23.107450 3.930115
v -7.175158 -22.320469 3.213943
v -8.109093 -22.202826 2.617538
v -7.442535 -21.887844 2.513947
v -6.742535 -21.829556 2.817352
v -6.944607 -21.427170 1.992996
v -6.184317 -21.376551 2.308990
v -6.244606 -21.159794 1.560364
v -6.966036 -21.504171 0.984467
v -6.266035 -21.445883 0.681061
v -6.589535 -21.800491 0.194016
v -5.789536 -21.983557 0.016830
v -5.291607 -21.522884 0.537781
v -4.858984 -22.013794 0.141190
v -5.313536 -22.165451 -0.262909
v -4.613535 -22.432827 -0.695526
v -4.122625 -22.829428 -0.262909
v -4.180912 -23.132828 -0.962906
v -3.913536 -23.565451 -0.262909
v -4.090736 -23.861702 -0.995529
v -4.385927 -23.310827 -1.728149
v -4.256863 -24.268780 -1.807907
v -4.581535 -23.743450 -2.657913
v -4.797995 -23.053436 -2.873032
v -4.385927 -23.310827 -3.587677
v -4.256863 -24.268780 -3.507904
v -3.775278 -23.743450 -4.104019
v -3.406864 -24.593451 -4.033234
v -3.731533 -25.118778 -3.183243
v -2.881535 -25.189556 -3.551651
v -2.448912 -24.673218 -4.162308
v -1.974434 -25.371962 -3.727280
v -1.748911 -24.940594 -4.594925
v -1.483524 -25.768562 -4.159912
v -1.420240 -25.439156 -4.919907
v -1.541811 -24.536827 -4.995041
v -1.054308 -25.017090 -5.528076
v -0.660242 -25.729450 -5.389618
v -0.190535 -25.037018 -5.804367
v 0.279173 -25.729450 -5.389618
v 0.521276 -25.050537 -5.620895
v 0.953899 -24.559624 -6.017502
v 1.395639 -24.707809 -4.927475
v 1.780350 -24.359819 -5.528336
v 1.750908 -24.371065 -6.411774
v 1.612350 -24.205219 -5.001770
v 1.337219 -24.803646 -4.230835
v 1.554064 -23.901819 -4.301773
v 1.617565 -24.383522 -3.485779
v 1.485703 -25.334764 -3.459915
v 2.019381 -24.994450 -2.878860
v 1.159441 -25.862667 -3.258270
v 1.198582 -26.113443 -2.527863
v 0.568350 -26.088444 -2.892960
v 0.427979 -25.864746 -2.317535
v 1.197468 -26.224155 -1.730621
v 1.957466 -26.287439 -2.060013
v 2.427174 -25.754452 -2.490616
v 2.717464 -26.224155 -1.730621
v 3.187172 -25.464157 -2.020905
v 2.756578 -24.994450 -2.553894
v 3.290916 -24.522751 -2.074219
v 2.488398 -24.235565 -2.588989
v 3.484858 -24.869585 -1.455414
v 3.601927 -24.087444 -1.328476
v 3.630978 -23.669727 -1.781906
v 4.136307 -23.392223 -1.149902
v 3.744566 -24.449554 -0.695129
v 4.197571 -23.941193 -0.136902
v 4.451466 -23.047451 -0.136902
v 4.299740 -22.543825 -0.951797
v 4.333475 -22.200325 -0.136902
v 4.095858 -22.211308 0.641098
v 4.095858 -21.346060 0.641098
v 4.626343 -21.352407 -0.320099
v 4.795858 -21.078684 0.208466
v 5.201031 -20.843912 -0.028915
v 4.299740 -23.551075 0.677979
v 4.037571 -22.514708 1.341095
v 4.291466 -23.408451 1.341095
v 3.966793 -22.883121 2.191086
v 3.441463 -22.033123 1.866425
v 3.123978 -22.483551 2.727463
v 2.591465 -21.962345 2.234833
v 2.023718 -22.523003 2.854431
v 1.696915 -21.973537 1.992737
v 1.158073 -22.718941 2.226974
v 1.208149 -22.934000 3.388397
v 0.842184 -23.058146 2.447815
v 0.496361 -23.465155 2.933472
v 0.076078 -23.270327 2.119003
v 0.500883 -23.820820 2.526230
v 0.728476 -23.468340 3.860092
v 0.501465 -24.267450 3.860092
v 0.644381 -24.741833 3.092529
v 0.741222 -24.451336 2.570480
v 0.799509 -24.147936 1.870483
v 0.308599 -23.751335 1.437866
v -0.690027 -23.365932 1.790207
v -0.391401 -23.693048 1.134460
v -1.091402 -23.751335 1.437866
v -1.483206 -23.273451 2.079422
v -2.008535 -23.899796 1.722183
v -2.533865 -23.273451 2.079422
v -3.063026 -23.743799 1.303513
v -3.383863 -22.948780 1.554092
v -3.717928 -23.132828 0.666855
v -3.824186 -22.494452 0.818970
v -3.588863 -24.090778 0.587097
v -2.738865 -24.415451 1.112427
v -3.063534 -24.940781 0.262421
v -3.659641 -24.459194 -0.262909
v -3.594959 -24.663883 -1.230927
v -2.213535 -25.147461 -1.110031
v -2.934366 -25.305279 -1.778137
v -3.731533 -25.118778 -2.132584
v -2.881535 -25.443451 -2.657913
v -2.066652 -25.291725 -2.154282
v -2.124092 -25.546825 -2.981354
v -1.366652 -25.559101 -2.586914
v -1.432486 -25.788055 -3.179596
v -0.555542 -25.806026 -2.823013
v -0.950533 -26.199156 -3.690201
v -0.190535 -26.262440 -3.360794
v -0.190535 -26.489450 -4.159912
v -0.950533 -26.199156 -4.629608
v -0.190535 -26.262440 -4.959015
v 0.569464 -26.199156 -4.629608
v 0.569464 -26.199156 -3.690201
v 1.102455 -25.768562 -4.159912
v 1.039171 -25.439156 -4.919907
v -0.451534 -25.574451 -2.039902
v -1.325891 -25.404526 -1.511520
v -0.451534 -25.320557 -1.146164
v 0.607491 -25.887665 -1.260910
v 0.248466 -25.378845 -0.842773
v 0.647949 -25.578159 -0.451584
v 1.197468 -26.224155 -0.791199
v 1.415516 -25.871346 0.022797
v 1.972801 -26.358810 -0.397980
v 1.957466 -26.514450 -1.260910
v 2.717464 -26.224155 -0.791199
v 2.747408 -26.112957 0.029694
v 3.468750 -25.328053 -0.542572
v 3.250456 -25.793560 -1.260910
v 3.432474 -25.818777 0.271637
v 3.795872 -24.853149 0.135956
v 4.153793 -25.400780 0.833084
v 4.298050 -24.357767 0.763214
v 4.478466 -24.875450 1.683090
v 4.360476 -24.028324 1.683090
v 4.095858 -23.841074 2.270859
v 4.224571 -25.769192 1.683090
v 4.326740 -25.379076 2.497971
v 4.282858 -26.072594 2.383087
v 4.307550 -25.780067 2.856522
v 4.260466 -25.153450 3.160095
v 4.328079 -25.438316 3.653534
v 3.935793 -24.628122 4.010086
v 4.006573 -24.259708 3.160095
v 3.430176 -23.603546 3.759064
v 3.491150 -23.254044 2.988770
v 2.856600 -22.916174 3.427460
v 2.781464 -23.037745 4.329803
v 2.021465 -22.747452 3.860092
v 2.021465 -22.974461 4.659195
v 1.261467 -23.037745 4.329803
v 1.551758 -23.507450 5.089798
v 0.791759 -23.797745 4.620087
v 1.222353 -24.267450 5.153076
v 0.791759 -24.737156 4.620087
v 1.551758 -25.027451 5.089798
v 1.227564 -25.824814 4.287781
v 0.728476 -25.066563 3.860092
v 1.114357 -26.047192 3.160095
v 0.757092 -25.244503 3.102646
v 1.312515 -26.316364 3.624084
v 1.581039 -26.664171 2.703400
v 1.637476 -27.053562 3.624084
v 2.170467 -27.484158 3.154388
v 2.461449 -27.113514 2.334274
v 1.963583 -26.632814 1.915497
v 1.617983 -26.239561 1.841583
v 1.928467 -26.250778 1.157761
v 1.332359 -25.769192 1.683090
v 1.295103 -25.484482 0.877426
v 1.008598 -24.883959 1.870483
v 0.741222 -24.451336 1.170486
v 0.804193 -25.087881 0.444809
v 0.041222 -24.183960 0.737854
v 0.070328 -24.985188 0.201904
v 1.972801 -26.149723 0.338043
v 2.778465 -26.321556 0.789352
v 2.807186 -26.684963 1.602066
v 3.628464 -26.250778 1.157761
v 3.946798 -26.363777 2.047195
v 3.160725 -27.123726 2.312088
v 4.160172 -26.724155 2.864090
v 3.690464 -27.484158 3.154388
v 4.223455 -27.053562 3.624084
v 4.450466 -26.254452 3.624084
v 4.160172 -26.724155 4.384094
v 4.160172 -25.784744 4.384094
v 3.729578 -26.254452 4.917084
v 3.596621 -25.262306 4.706940
v 2.930466 -26.254452 5.144089
v 2.610611 -25.256609 5.199219
v 3.311281 -24.736467 4.719162
v 2.820578 -24.267450 5.153076
v 3.251171 -23.797745 4.620087
v 2.491173 -23.507450 5.089798
v 2.021465 -24.267450 5.380096
v 2.131353 -26.254452 4.917084
v 1.827953 -25.554451 4.975372
v 2.460758 -27.014450 4.853790
v 1.700760 -26.724155 4.384094
v 2.170467 -27.484158 4.093796
v 2.930466 -27.547440 4.423203
v 2.930466 -27.774452 3.624084
v 3.690464 -27.484158 4.093796
v 3.400173 -27.014450 4.853790
v 2.930466 -27.547440 2.824982
v -0.557535 -24.996981 -0.225555
v -0.824024 -24.183960 0.737854
v -1.363537 -24.940781 0.262421
v -1.688206 -24.415451 1.112427
v -2.213535 -25.011557 0.630829
v -2.213535 -25.265450 -0.262909
v -1.257198 -25.148724 -0.694855
v -4.327641 -24.637194 -2.657913
v -4.591606 -21.581171 0.841187
v -6.102186 -22.399132 3.771851
v -6.470558 -23.107450 3.930115
v -5.695559 -22.811426 4.409088
v -6.174536 -23.586426 4.705109
v -5.541222 -23.186165 5.140442
v -6.949535 -23.703487 4.270065
v -6.673672 -24.288780 4.944672
v -6.227161 -24.536194 5.633835
v -5.808077 -24.083878 6.330597
v -6.269024 -25.039333 6.329086
v -6.227161 -24.536194 7.027344
v -5.688143 -23.668961 7.217972
v -6.502476 -24.225323 7.630432
v -7.108557 -24.999451 7.583069
v -7.587534 -24.299904 8.002090
v -6.836535 -23.751488 8.397125
v -8.066510 -24.999451 7.583069
v -8.402417 -24.224451 7.647598
v -8.841510 -24.703426 7.104095
v -8.362534 -25.478428 6.808075
v -8.906042 -25.039333 6.329086
v -9.137534 -24.224451 6.329086
v -8.841510 -24.703426 5.554092
v -8.841510 -23.745474 5.554092
v -9.006150 -23.387405 6.345764
v -8.402417 -24.224451 5.010590
v -8.066510 -24.999451 5.075119
v -7.587534 -24.299904 4.656097
v -7.976648 -23.689493 4.432251
v -7.108557 -24.999451 5.075119
v -7.587534 -25.542959 5.514206
v -6.812534 -25.478428 5.850113
v -7.587534 -25.774450 6.329086
v -6.812534 -25.478428 6.808075
v -7.587534 -25.542959 7.143967
v -8.362534 -25.478428 5.850113
v -0.290440 -22.625523 1.747818
v 1.721466 -24.493450 -7.227905
v -7.442379 -22.181381 -0.106003
v 8.740162 -17.191109 0.532516
v 9.186516 -16.555058 1.092407
v 9.669582 -17.064531 0.643021
v 9.958763 -16.496450 1.341797
v 10.428467 -17.029440 0.911209
v 10.428467 -17.256451 0.112091
v 9.660900 -17.113535 -0.362289
v 10.452286 -17.124968 -0.718765
v 11.188465 -16.966156 -0.357620
v 11.188465 -16.966156 0.581802
v 11.721458 -16.535563 0.112091
v 11.756550 -16.267382 -0.646790
v 12.046417 -15.798366 0.112091
v 11.658173 -16.206156 0.872086
v 11.718285 -15.267434 0.971161
v 12.296349 -15.142220 0.459229
v 11.878067 -14.256334 1.094452
v 12.635796 -14.291451 0.712418
v 12.960464 -14.816779 -0.137573
v 13.485794 -13.966780 0.187088
v 13.556572 -14.335194 -0.662903
v 13.085815 -14.872274 -1.174652
v 13.485794 -13.966780 -1.512909
v 13.810463 -13.441450 -0.662903
v 13.580982 -12.958424 -1.591782
v 13.672295 -12.561672 -0.610077
v 13.848198 -12.222662 -1.592209
v 13.721718 -11.565825 -0.954941
v 14.309963 -11.778906 -2.006821
v 13.561184 -11.810899 -2.406631
v 14.737823 -11.416427 -1.347687
v 13.325119 -11.998449 -0.464020
v 13.266830 -12.301848 0.235977
v 13.485794 -12.916122 0.187088
v 12.733387 -12.593371 0.811691
v 13.004208 -13.441450 0.783203
v 12.110466 -13.441450 1.037094
v 11.374443 -13.441450 1.246185
v 10.913712 -13.935505 1.493515
v 10.977844 -13.008827 1.737091
v 10.959400 -14.977566 1.440170
v 11.227577 -15.736450 1.405075
v 10.428467 -15.736450 1.632095
v 10.898170 -16.496450 1.341797
v 15.169762 -10.826450 -1.011200
v 15.639465 -11.359440 -1.441803
v 15.715965 -11.596455 -2.437347
v 14.977581 -11.572726 -2.977280
v 15.792465 -11.724451 -3.480911
v 16.474598 -11.417727 -2.673538
v 17.036034 -11.481875 -3.110458
v 16.897465 -11.715451 -4.041916
v 15.837135 -11.892042 -4.352142
v 16.897465 -11.488440 -4.841019
v 16.197464 -11.546727 -5.144424
v 17.657463 -11.425157 -4.511612
v 17.367168 -10.955451 -5.271622
v 18.127174 -10.665156 -4.801910
v 17.790680 -10.231844 -5.391891
v 18.031418 -9.258403 -5.275909
v 18.190456 -9.396340 -4.041916
v 18.016457 -8.928496 -4.800797
v 18.160480 -8.300450 -5.196136
v 18.298798 -8.825779 -5.975906
v 18.427856 -7.867826 -5.896149
v 18.389359 -7.410159 -5.408966
v 18.805458 -6.925561 -5.950912
v 18.742172 -6.596156 -5.190903
v 17.982170 -6.886451 -4.721207
v 18.311577 -6.126451 -4.657913
v 17.512466 -6.126451 -4.430908
v 17.038082 -6.894018 -4.573822
v 16.605457 -6.194018 -4.306442
v 16.302059 -6.894018 -4.364731
v 15.871326 -7.076176 -4.168198
v 16.605457 -7.594018 -4.306442
v 16.174725 -7.776175 -4.109909
v 15.474724 -7.508800 -3.677277
v 15.474724 -6.643552 -3.677277
v 15.207348 -7.076176 -2.977280
v 15.416439 -6.340152 -2.977280
v 15.783112 -5.916882 -3.390244
v 15.616798 -5.529779 -2.645905
v 16.057121 -5.075453 -3.381027
v 16.453720 -5.508077 -3.871933
v 15.998833 -4.772053 -2.681030
v 16.489742 -4.375453 -3.113647
v 16.053215 -4.338477 -2.062103
v 17.035809 -3.984547 -2.682358
v 16.555450 -3.802543 -1.704590
v 17.425629 -3.740964 -2.150375
v 18.189465 -3.306780 -2.721237
v 18.189465 -3.306780 -1.670578
v 18.785572 -2.825193 -2.195908
v 18.714798 -2.456779 -3.045914
v 19.039463 -1.931451 -2.195908
v 18.714798 -1.406120 -3.045914
v 18.785572 -1.037708 -2.195908
v 18.189465 -0.556122 -2.721237
v 18.189465 -0.556122 -1.670578
v 17.339466 -0.231451 -2.195908
v 17.489853 -0.173241 -1.166718
v 16.639465 0.035925 -1.763290
v 16.942127 0.176653 -1.118347
v 16.206841 0.735926 -1.495911
v 16.148556 0.432526 -2.195908
v 15.939465 1.168549 -2.195908
v 16.206841 0.735926 -2.895905
v 16.108116 1.298300 -3.198029
v 15.840740 1.730923 -2.498032
v 16.108116 2.163546 -3.198029
v 16.372696 1.736574 -3.750839
v 16.968147 2.068563 -4.183456
v 16.049831 2.466946 -2.498032
v 16.540741 2.863546 -2.930649
v 16.634392 2.939829 -1.924011
v 17.267319 3.259172 -2.098434
v 17.267319 3.259172 -2.963684
v 17.534695 2.826550 -3.663681
v 18.229111 3.629677 -3.276642
v 18.434700 3.170319 -4.219910
v 18.867321 3.870319 -3.952530
v 18.731464 4.461222 -2.935577
v 19.255466 4.282753 -3.596619
v 19.255466 3.954454 -4.341400
v 19.955467 4.341040 -3.900024
v 19.955467 4.012741 -4.644791
v 20.655468 3.954454 -4.341400
v 20.979664 4.517120 -3.759247
v 21.349133 3.948666 -4.229538
v 21.778843 4.594667 -3.894638
v 22.183464 3.939983 -3.971451
v 22.885269 4.581526 -3.955811
v 23.047241 3.959911 -4.247742
v 23.657799 4.884220 -4.592911
v 23.413170 3.537842 -4.855911
v 23.703461 4.007549 -5.615906
v 23.476456 3.208437 -5.615906
v 23.413170 3.537842 -6.375916
v 23.657799 4.884220 -6.292908
v 22.982574 4.007549 -6.908905
v 22.891499 4.603886 -6.926270
v 22.436420 4.357710 -7.331009
v 22.494896 5.036509 -7.417175
v 23.176208 5.409550 -6.889008
v 22.779610 5.842173 -7.379929
v 22.490639 5.519775 -8.100540
v 22.642464 6.383549 -8.052902
v 22.352173 5.913841 -8.812912
v 22.352173 6.853256 -8.812912
v 21.921577 6.383549 -9.345901
v 21.653400 7.142433 -9.380997
v 21.689972 7.861620 -8.822906
v 21.164227 7.851116 -9.697372
v 20.791191 6.916523 -9.619781
v 20.288925 7.381933 -9.867859
v 19.985527 6.681932 -9.809570
v 19.588928 7.114555 -10.300476
v 19.784969 7.980043 -10.681641
v 20.573792 8.215097 -10.438919
v 20.155796 8.776550 -11.160233
v 19.135990 8.756531 -11.295013
v 19.630466 9.626549 -11.484909
v 18.516037 9.646049 -11.140366
v 18.285412 8.820885 -11.059174
v 19.105137 10.476547 -11.160233
v 17.886494 10.440550 -10.656891
v 17.550583 9.665550 -10.721420
v 18.718143 11.130648 -10.323486
v 17.590469 10.919527 -9.881882
v 18.031410 11.510422 -9.550262
v 18.282467 11.683655 -9.045654
v 18.935562 11.452448 -9.378555
v 18.626862 12.053802 -8.312256
v 19.553467 11.981655 -8.683655
v 19.553467 12.235550 -7.789902
v 18.738583 12.083824 -7.286285
v 19.606300 12.097378 -6.910126
v 18.738583 12.292913 -6.550262
v 18.614483 12.524616 -6.026718
v 20.403465 11.910877 -7.264587
v 19.789925 11.707310 -6.204483
v 20.928795 11.060879 -6.939911
v 20.447208 10.535549 -6.343796
v 20.050606 10.968172 -5.852890
v 19.731640 11.403910 -5.504471
v 19.473549 12.196482 -5.495789
v 19.665462 11.665550 -4.736908
v 19.438457 12.464663 -4.736908
v 18.905464 12.895256 -5.206619
v 18.980598 13.016827 -4.304291
v 18.145466 13.185549 -4.736908
v 18.145466 12.958540 -5.536026
v 18.035492 13.341541 -3.990753
v 18.467464 13.704540 -3.496017
v 17.707466 13.641253 -3.166611
v 17.157948 12.995258 -3.506241
v 17.174473 13.210661 -2.696915
v 16.759811 12.295521 -2.695572
v 17.237755 12.881256 -1.936905
v 17.116188 11.978926 -1.861771
v 16.416187 11.711548 -2.294403
v 16.683563 11.278925 -1.594391
v 17.211807 11.653082 -0.974518
v 17.681763 12.121548 -1.183868
v 17.949139 11.688925 -0.483856
v 17.249138 11.421549 -0.051239
v 17.949139 11.688925 0.381378
v 17.135136 11.470877 0.734192
v 17.681763 12.121548 1.081390
v 16.921761 11.831257 1.551086
v 16.489140 11.131256 1.283722
v 17.333580 12.667446 1.774658
v 16.574574 12.377882 2.201767
v 16.877972 13.077883 2.260056
v 15.940090 12.993315 2.645691
v 16.733120 13.438231 2.646851
v 16.279125 13.926258 3.161560
v 15.442162 13.539892 3.131989
v 15.846500 14.626259 3.428925
v 14.924980 14.196941 3.518875
v 14.861073 15.110573 3.302872
v 14.061359 14.429340 4.150085
v 13.621582 15.023899 3.961090
v 13.570450 14.825939 4.582718
v 14.003075 14.125938 4.850098
v 13.334133 14.596226 5.206192
v 13.002510 14.993572 4.880188
v 12.944221 14.690174 5.580185
v 13.066757 14.163601 5.906204
v 12.547623 14.257549 6.071106
v 12.244225 14.957550 6.012817
v 11.811600 14.257549 6.280197
v 11.378975 14.957550 6.012817
v 11.183475 15.725117 5.719635
v 12.260120 15.821453 4.962646
v 11.814125 16.408463 4.748932
v 10.937130 16.772694 5.194153
v 10.399582 16.286160 5.892578
v 10.702980 15.586159 5.950867
v 10.110161 15.717548 6.192673
v 9.806763 16.417549 6.134384
v 9.636368 16.927246 6.287750
v 9.279137 16.467220 6.914093
v 9.128128 17.460674 6.891769
v 8.838814 16.992550 7.649200
v 8.925190 16.225307 8.064087
v 8.225189 16.492683 8.496719
v 8.582642 15.617191 8.639557
v 8.925190 15.360058 8.064087
v 8.145784 15.838299 9.156738
v 8.621132 15.444275 9.801041
v 9.321133 15.176899 9.368408
v 9.321133 15.176899 10.233658
v 9.812042 14.780300 9.801041
v 9.919514 14.791126 10.578461
v 10.352135 14.091125 10.311096
v 10.410423 14.394527 11.011093
v 10.619514 13.658503 11.011093
v 10.352135 14.091125 11.711090
v 10.692039 13.082108 11.717285
v 10.171036 13.666508 12.330826
v 10.585537 12.995829 12.586990
v 9.858135 13.189550 12.929764
v 10.287754 12.567297 13.349152
v 11.068630 12.526423 13.036469
v 10.767467 12.152573 13.868118
v 11.542465 12.088039 13.532211
v 12.016300 12.526423 13.036469
v 12.317463 12.152573 13.868118
v 12.797176 12.567297 13.349152
v 13.141582 12.316275 14.423462
v 13.889580 12.196274 14.102722
v 13.956467 12.164549 14.927094
v 14.757294 12.182720 14.478867
v 14.704464 12.044548 13.599091
v 15.510128 12.261187 14.208130
v 15.519348 12.196274 13.095459
v 16.140465 12.249741 13.883209
v 16.184582 12.183275 13.307709
v 16.407024 12.003937 12.514359
v 16.884583 11.915899 13.740341
v 16.840466 12.191454 14.186600
v 17.564121 11.689455 13.840088
v 17.397034 11.856375 12.869492
v 18.190468 11.332222 13.314758
v 18.528717 11.732201 12.409271
v 17.397034 12.065464 12.133469
v 18.206360 12.426216 11.549759
v 19.338524 12.600855 12.096024
v 19.004795 13.077551 11.734772
v 18.625282 13.467407 11.288361
v 19.373207 13.927549 11.663986
v 19.939011 13.462273 12.152496
v 19.854797 14.452877 12.260101
v 19.128738 14.773327 11.651718
v 18.947773 15.245598 11.447479
v 19.565578 15.246059 12.167603
v 19.183075 15.848263 11.591400
v 18.551170 15.678223 10.956573
v 18.766575 16.487549 10.973099
v 18.369972 16.054924 10.482193
v 18.283794 15.245598 10.256577
v 17.769463 16.027882 9.894669
v 18.440540 15.164776 9.345398
v 17.769463 16.027882 9.029419
v 18.365570 15.546291 8.504089
v 18.619461 14.652550 8.504089
v 18.402824 15.261581 7.698425
v 19.088585 14.758762 7.289490
v 18.999821 14.023369 7.729584
v 19.509399 14.259434 7.164169
v 19.981842 14.882549 6.536469
v 20.208176 13.970255 6.596085
v 19.777576 13.500549 7.129074
v 20.208176 13.030842 6.596085
v 19.448170 12.740551 7.065796
v 19.738464 12.270844 6.305801
v 18.978466 12.207560 6.635208
v 19.046032 11.856089 5.877853
v 19.660973 12.210508 5.406937
v 19.092571 11.753572 5.014862
v 18.613411 11.156088 5.610474
v 18.840797 10.990889 5.099304
v 18.342579 10.505058 6.020569
v 18.798111 10.098982 5.183762
v 18.631798 9.711880 5.928085
v 18.960236 9.243061 5.719604
v 19.196480 9.483316 5.101089
v 19.405571 8.747293 5.101089
v 19.334793 8.378880 5.951096
v 19.659462 7.853550 5.101089
v 19.485802 7.385426 5.973419
v 18.924728 7.939034 6.610092
v 19.353725 7.134823 6.624100
v 18.538841 7.168556 6.967590
v 19.028908 6.689922 7.344147
v 17.854092 6.694500 7.078415
v 18.121468 6.261877 7.778427
v 17.421467 6.203590 7.475021
v 17.579739 6.026979 7.951126
v 16.879738 5.968693 7.647736
v 17.581955 5.505056 8.253860
v 16.639572 5.310303 8.360962
v 17.384697 5.001049 8.479095
v 16.889603 4.340549 8.651810
v 16.153580 4.340549 8.860901
v 16.714928 3.487488 8.613907
v 15.661858 3.034416 8.476593
v 16.745564 2.507549 8.532959
v 16.137722 2.380003 8.497711
v 15.229233 2.334415 8.743973
v 15.728580 1.604549 8.738892
v 16.518547 1.583942 8.496460
v 16.259811 0.782463 8.422256
v 16.912445 1.125572 7.867096
v 16.744122 0.432392 7.816162
v 16.259811 -0.082783 8.422256
v 15.813797 0.309879 9.032089
v 16.201523 -0.386183 9.122253
v 16.182419 -0.675404 8.436096
v 16.449799 -1.108027 9.136093
v 16.784344 -0.981121 9.819214
v 15.810799 -0.517801 9.901413
v 16.338009 -0.695253 10.218521
v 15.860981 -0.367868 10.711929
v 15.192383 -2.037157 8.995544
v 15.569923 -2.617194 9.247940
v 14.796871 -2.557197 9.366333
v 14.438465 -2.124538 8.918121
v 15.192383 -1.828069 8.259521
v 15.892384 -2.095445 8.692154
v 15.248741 -1.731268 7.625763
v 15.244129 -1.489723 6.837036
v 15.244129 -1.698812 6.101013
v 15.676754 -2.189723 5.704407
v 16.376755 -2.457099 6.137039
v 15.930305 -2.855630 5.480576
v 15.389557 -2.424936 4.882416
v 15.843697 -3.205960 4.421600
v 15.143700 -2.938584 3.988983
v 14.711075 -2.447673 4.385574
v 14.774422 -3.115828 3.620422
v 13.675602 -2.794047 3.803467
v 13.900467 -2.428540 4.298065
v 14.074421 -3.057540 3.317017
v 13.242977 -3.284959 3.406860
v 13.641796 -3.548451 2.920425
v 14.434975 -3.640932 2.631195
v 13.966465 -4.073780 2.070419
v 14.959579 -3.829443 2.015045
v 14.259579 -4.096819 1.582428
v 14.959579 -4.038531 1.279022
v 15.718464 -4.003439 1.547195
v 15.718464 -4.230451 0.748093
v 16.519814 -4.074631 1.201599
v 16.474945 -3.882202 0.061340
v 15.761147 -4.048871 -0.170364
v 16.471432 -3.615161 -0.891739
v 15.771431 -3.882537 -1.324371
v 17.104836 -3.544781 -0.710785
v 17.392296 -3.493280 -1.316132
v 17.537457 -2.844781 -0.443420
v 17.948498 -2.737116 -0.712555
v 17.551895 -2.304492 -0.221634
v 18.233208 -1.931451 -0.749802
v 18.714798 -2.456779 -1.345901
v 18.714798 -1.406120 -1.345901
v 17.993477 -0.988125 -0.784454
v 17.836609 -1.498827 -0.258896
v 17.467064 -0.534082 -0.373779
v 17.752899 -1.196938 0.629715
v 17.367691 -0.279785 0.630646
v 17.233738 0.405609 -0.396057
v 17.158600 0.456238 0.630646
v 17.355553 1.235573 0.456085
v 16.906105 1.309277 -0.360046
v 16.509506 0.876654 -0.850967
v 16.509506 1.741899 -0.850967
v 16.206841 1.601171 -1.495911
v 16.201767 2.239828 -1.656631
v 16.921947 2.474552 -1.171173
v 17.209503 2.009277 -0.418335
v 17.759735 2.559605 -0.839798
v 17.334393 2.998116 -1.620605
v 18.211792 3.458220 -1.055908
v 17.958599 3.797665 -1.906677
v 18.823730 4.345440 -1.333908
v 18.823948 4.750439 -2.142395
v 18.099579 3.931143 -2.637436
v 19.095123 5.065489 -1.127533
v 19.586033 5.462090 -1.601913
v 19.586033 5.462090 -2.508911
v 20.331783 5.773100 -2.073608
v 20.286034 5.520376 -2.812317
v 19.717819 4.871941 -3.241974
v 20.434441 4.884550 -3.460938
v 21.301437 5.839596 -3.551697
v 21.346218 5.294668 -3.627258
v 22.159966 5.624573 -3.751846
v 21.849842 6.339315 -3.938507
v 22.807796 6.259548 -4.067581
v 23.176208 5.409550 -3.996796
v 23.657799 5.934879 -4.592911
v 23.132465 6.784878 -4.917572
v 23.728573 6.303293 -5.442902
v 23.982464 5.409550 -5.442902
v 23.657799 5.934879 -6.292908
v 23.132465 6.784878 -5.968231
v 22.971977 6.295435 -6.876297
v 22.431984 6.967258 -6.378342
v 22.450550 6.914480 -7.294022
v 21.596947 7.618048 -7.154922
v 21.882465 7.613255 -7.583206
v 22.415459 7.182661 -8.052902
v 20.972809 8.461218 -7.492752
v 20.914520 8.157818 -6.792740
v 20.639580 9.217041 -6.847427
v 20.972809 9.326464 -7.492752
v 21.369408 8.893841 -7.983658
v 21.625443 9.669573 -8.047913
v 21.689972 9.333666 -8.822906
v 21.480881 8.597643 -8.822906
v 21.344223 8.791348 -9.740082
v 21.568714 8.281494 -9.399658
v 21.535782 9.612560 -9.748856
v 21.005798 9.101219 -10.634903
v 21.005798 10.151878 -10.634903
v 20.524208 9.626549 -11.231018
v 20.155796 10.476547 -11.160233
v 20.553738 11.050493 -10.418793
v 19.630466 11.072655 -10.678650
v 19.693001 11.498459 -9.702011
v 20.371464 11.467060 -9.637787
v 20.371464 11.795357 -8.893021
v 21.146461 11.402527 -9.301880
v 21.251591 11.459179 -8.349075
v 20.403465 11.910877 -8.315231
v 21.029812 11.553644 -7.724609
v 21.497280 10.617039 -7.861465
v 21.689972 10.963434 -8.822906
v 21.921463 10.148550 -8.822906
v 21.625443 10.627527 -9.597916
v 21.285492 10.189762 -10.193939
v 21.285492 10.107338 -7.451874
v 20.928795 10.010220 -6.939911
v 20.202740 9.689774 -6.331528
v 20.242981 8.784418 -6.356522
v 19.765900 9.297262 -5.815643
v 19.765900 10.162508 -5.815643
v 19.498817 9.845011 -5.382889
v 19.498817 8.979765 -5.382889
v 19.231441 9.412388 -4.682892
v 19.434135 10.155952 -4.494232
v 19.554325 10.867613 -4.736908
v 19.628654 10.523186 -3.629852
v 19.849007 11.722858 -3.482193
v 19.701740 11.004923 -2.685028
v 19.987461 12.411549 -2.696915
v 19.697174 12.881256 -3.456909
v 19.496742 12.768063 -4.036911
v 19.760456 13.210661 -2.696915
v 19.227463 13.641253 -3.166611
v 19.227463 13.641253 -2.227203
v 18.467464 13.931547 -2.696915
v 18.467464 13.704540 -1.897797
v 17.707466 13.641253 -2.227203
v 17.997761 13.171547 -1.467209
v 18.937168 13.171547 -1.467209
v 18.509224 12.479115 -1.052444
v 19.266575 12.411549 -1.403915
v 18.869972 11.978926 -0.913010
v 19.360680 11.509909 -1.346939
v 19.214233 11.351061 -0.889404
v 18.811687 11.675526 -0.213013
v 18.986397 11.094543 0.261108
v 19.044685 11.397943 0.961121
v 19.113792 10.459219 0.851089
v 19.381172 10.891842 1.551086
v 19.381172 11.831257 1.551086
v 19.671463 11.361549 2.311096
v 19.444458 12.160662 2.311096
v 18.911465 12.591255 1.841385
v 18.151466 12.654539 1.511978
v 18.059723 12.956093 1.989502
v 18.551056 13.367868 2.369019
v 17.580467 13.447002 2.386093
v 19.270458 12.628504 3.069977
v 19.138397 13.829552 3.018051
v 18.364666 14.743561 2.763702
v 17.101494 14.146549 2.805115
v 17.286701 15.379551 3.098068
v 16.582523 14.626259 3.219833
v 16.221771 15.513962 3.119324
v 16.661705 15.998058 3.334320
v 15.696575 16.460548 2.903107
v 15.390522 15.513405 3.063965
v 14.959381 16.460548 2.578140
v 14.345123 15.795517 2.781525
v 13.736465 16.839550 2.332092
v 13.211136 15.989552 2.656769
v 13.736465 15.393444 3.138351
v 12.886467 15.464222 3.506760
v 12.361137 16.314220 3.182098
v 12.290359 15.945808 4.032089
v 12.778866 15.380005 4.497375
v 11.896614 16.740208 3.983063
v 12.361137 17.364880 3.182098
v 11.964535 17.797504 3.673004
v 11.732132 17.347221 4.116089
v 11.682938 18.414440 3.986908
v 11.206470 17.872551 4.527237
v 10.791809 18.653049 4.490051
v 10.322899 17.793720 4.969910
v 9.943356 18.733551 4.836105
v 9.512760 18.263847 5.369095
v 9.887852 17.322033 5.659622
v 9.344852 17.917416 6.099655
v 9.222466 18.733551 6.129089
v 9.156292 18.471912 6.896652
v 9.414387 19.264484 6.887970
v 9.402985 19.079662 7.561584
v 9.133209 18.026001 7.198471
v 8.970139 18.518879 8.030090
v 8.865833 17.593376 7.898468
v 8.469234 18.026001 8.389389
v 8.142351 17.250549 8.357285
v 7.733488 18.025547 8.750122
v 7.397581 17.250549 8.685577
v 7.733488 16.475552 8.750122
v 6.958488 16.771576 9.229095
v 7.272625 15.799904 9.639572
v 6.440138 16.193218 10.296097
v 6.965467 15.343220 10.620758
v 7.815466 15.272442 10.252350
v 7.815466 15.018547 11.146088
v 8.625740 15.202732 10.589767
v 9.047989 15.075169 11.057526
v 8.876465 14.882740 11.839981
v 9.919514 14.791126 11.443710
v 7.762634 15.156719 12.025879
v 8.268467 15.052837 12.425385
v 8.846062 14.665241 12.709686
v 8.268467 15.052837 13.290634
v 8.701088 14.352835 13.558014
v 9.418205 13.954063 12.796097
v 9.008137 13.514219 13.455093
v 8.304489 13.920212 14.048920
v 8.937359 13.145805 14.305084
v 9.533466 12.664221 13.779755
v 9.533466 12.664221 14.830414
v 8.950073 13.350039 15.190979
v 9.825249 13.046448 15.707199
v 10.297981 12.530552 15.270355
v 10.767467 12.152573 14.826065
v 11.063492 12.631550 15.601074
v 11.542465 12.088039 15.161972
v 11.542465 11.856550 14.347092
v 12.375366 12.050743 14.873566
v 12.016300 12.526423 15.657715
v 13.146194 12.348732 15.483429
v 13.150803 12.590277 16.272141
v 13.982880 12.312811 15.823196
v 13.956467 12.322901 16.704773
v 14.701332 12.705273 16.423462
v 14.806465 12.489222 15.452423
v 15.453899 12.760078 16.002563
v 15.477581 12.670181 15.156509
v 16.177582 12.937557 15.589142
v 16.159023 12.653254 14.740540
v 16.877583 12.670181 15.156509
v 16.907024 12.658936 16.039948
v 17.704033 12.470375 15.645691
v 17.607075 12.018040 14.725983
v 18.515137 11.857552 15.215424
v 18.190468 11.332222 14.365417
v 19.040466 11.261444 14.733841
v 19.040466 11.007549 13.840088
v 20.405247 11.305344 14.276169
v 19.890465 11.332222 13.314758
v 19.040466 11.261444 12.946350
v 19.565796 11.857552 12.464767
v 20.635574 12.132797 12.937851
v 19.934208 12.707550 12.393982
v 20.433380 12.936550 12.648148
v 21.170574 12.936550 12.973099
v 20.907906 13.754440 12.960205
v 20.380459 13.927549 12.671234
v 20.395481 14.693111 13.191696
v 21.131462 14.166254 13.796387
v 20.411484 15.125294 13.867371
v 20.245419 15.810432 13.901093
v 19.920799 15.865425 12.544769
v 20.094463 16.333549 13.417084
v 19.769798 16.858879 12.567093
v 20.116798 17.066425 13.460770
v 19.608559 17.599854 12.856750
v 19.353836 17.321880 12.207214
v 19.197174 16.957253 11.506088
v 18.727463 17.717258 11.796387
v 18.437168 17.247547 11.036392
v 17.967464 17.780540 11.466980
v 17.498447 17.346615 10.976273
v 18.036839 16.460503 10.594666
v 16.931664 17.320553 10.667374
v 16.797501 16.803577 9.961884
v 16.226185 17.647663 10.296921
v 16.306591 17.200180 9.529251
v 17.206680 16.478062 9.502838
v 17.134808 16.531643 8.613098
v 15.805656 17.520473 9.279022
v 15.773350 17.329205 8.542084
v 15.170357 17.957993 8.637207
v 15.225842 17.450565 8.115952
v 15.658466 16.959656 7.719345
v 16.522163 16.827404 7.956039
v 15.799793 16.729637 7.294449
v 16.535866 16.765926 6.959061
v 17.185337 16.515095 7.537109
v 17.235867 16.707638 6.655670
v 17.926720 16.066380 7.378082
v 18.194096 16.499001 6.678085
v 18.461113 15.564980 6.998428
v 18.962349 16.423550 6.323593
v 19.161110 15.297604 6.565796
v 19.893227 16.461403 6.094711
v 20.414467 15.582550 6.269089
v 20.939796 16.432549 5.944427
v 21.308208 15.582550 6.015198
v 20.908173 15.102879 6.163467
v 21.789795 15.057220 5.419098
v 21.264465 14.207222 5.094421
v 20.604774 14.402878 6.105179
v 20.773556 13.810621 5.527039
v 20.596416 13.438635 5.836090
v 20.208176 13.030842 5.076096
v 20.271458 12.701437 5.836090
v 20.585075 13.748871 4.653397
v 21.264465 14.207222 4.043762
v 20.499950 14.073555 3.603821
v 19.970459 13.761127 3.502594
v 19.981842 14.652782 3.064697
v 19.441795 14.529552 2.959763
v 19.763592 15.379551 2.753082
v 18.916466 15.379551 2.635086
v 19.441795 16.229549 2.959763
v 18.391136 16.229549 2.959763
v 18.022724 15.379551 2.888992
v 17.526955 15.998058 3.334320
v 17.830353 16.698059 3.392609
v 17.000656 16.842014 3.645935
v 17.668491 17.198547 3.751114
v 17.372467 17.677525 4.526123
v 18.147465 17.742058 4.190216
v 18.147465 17.973549 5.005096
v 17.372467 17.677525 5.484070
v 18.147465 17.742058 5.819977
v 17.668491 17.198547 6.259064
v 16.658546 16.906406 5.976486
v 18.626438 17.198547 6.259064
v 18.922462 17.677525 5.484070
v 19.581635 17.032600 5.834427
v 19.714466 17.431934 4.983597
v 20.414467 17.028656 5.462830
v 20.414467 17.282547 4.569092
v 21.264465 16.957882 5.094421
v 21.264465 16.957882 4.043762
v 21.860573 16.476292 4.569092
v 21.789795 16.107880 5.419098
v 22.114464 15.582550 4.569092
v 21.789795 16.107880 3.719086
v 21.789795 15.057220 3.719086
v 21.860573 14.688808 4.569092
v 21.308208 15.582550 3.122986
v 20.939796 14.732552 3.193756
v 20.414467 15.582550 2.869095
v 20.939796 16.432549 3.193756
v 20.307045 16.229549 2.959763
v 20.414467 17.028656 3.675354
v 19.483913 17.058891 3.550995
v 19.402176 17.262802 4.007156
v 18.621300 17.303677 3.694458
v 18.916466 16.855896 3.317001
v 18.922462 17.677525 4.526123
v 15.799793 16.520546 6.558426
v 15.958549 16.848122 5.673096
v 15.099792 16.787922 6.125793
v 15.367168 17.220547 5.425797
v 15.657463 17.690258 4.665802
v 15.006790 18.037441 5.212418
v 15.143082 18.289059 4.364777
v 15.657463 17.690258 3.726379
v 14.586464 18.214878 3.506760
v 15.246574 17.339302 2.998856
v 16.197132 16.986912 3.361893
v 14.261795 17.689548 2.656769
v 13.779205 18.332218 3.040405
v 13.211136 17.689548 2.656769
v 13.572739 18.830151 3.506546
v 12.582134 18.722549 3.590759
v 13.107464 19.318657 4.072342
v 12.202400 19.340206 4.350861
v 13.107464 19.572548 4.966095
v 11.984417 19.552158 5.148788
v 11.211483 19.592617 4.839279
v 11.502464 19.963261 5.659393
v 10.742466 20.026543 5.329987
v 10.272762 19.493549 4.899384
v 9.982468 19.963261 5.659393
v 9.512760 19.203255 5.369095
v 9.449478 19.532661 6.129089
v 9.982468 19.963261 6.598801
v 10.742466 20.253548 6.129089
v 10.742466 20.026543 6.928207
v 10.134663 19.749256 7.333984
v 11.284416 19.610447 7.412796
v 10.345467 19.575558 8.032959
v 11.164940 19.726692 8.371826
v 10.345467 19.693546 8.880096
v 9.495468 19.368877 8.354767
v 9.812481 19.694550 9.357330
v 10.512482 19.961926 9.789948
v 9.812481 19.903641 10.093353
v 9.112480 19.961926 9.789948
v 9.379856 20.394550 10.489944
v 8.679855 20.661926 10.057327
v 8.372606 20.394550 9.482697
v 7.911488 19.464787 9.540985
v 8.476395 19.073925 8.872147
v 7.608088 18.764786 9.482697
v 7.175465 19.464787 9.750076
v 6.800217 18.963146 9.937408
v 6.800217 18.097897 9.937408
v 6.958488 17.729523 9.229095
v 6.440138 17.243877 10.296097
v 6.247051 18.580036 10.553162
v 6.233458 17.565674 11.146088
v 6.115465 16.718548 11.146088
v 6.267191 17.222172 11.960968
v 5.976151 16.306725 11.976959
v 6.369358 15.824806 11.146088
v 6.339123 15.700451 12.076645
v 6.965467 15.343220 11.671417
v 6.843134 15.448841 12.550415
v 5.870251 15.544605 12.876465
v 6.409088 15.020782 13.309692
v 7.009802 15.235188 13.227173
v 7.568466 15.320213 12.858002
v 7.568466 15.111122 13.594025
v 7.027073 14.563633 14.070587
v 8.001089 14.620213 13.990631
v 7.515211 13.969833 14.632050
v 6.736813 14.032921 14.927673
v 7.568466 13.802551 15.580093
v 8.268467 13.656971 15.138260
v 8.268467 13.656971 16.021927
v 7.502640 13.949490 16.495224
v 8.268467 13.656971 16.887161
v 9.007515 13.328098 16.091721
v 9.405396 13.459206 16.753372
v 8.349249 13.242449 17.501984
v 9.465683 13.242449 17.501984
v 10.415524 13.504787 16.977768
v 10.225975 13.293068 17.817978
v 11.305073 13.240040 17.306213
v 11.305073 13.240040 16.440964
v 10.605072 13.298326 16.137558
v 11.795982 12.843439 16.873581
v 12.016300 12.735512 16.393738
v 12.933552 12.424662 16.917267
v 11.963272 12.429131 17.834488
v 12.913246 12.000448 17.485992
v 14.029686 12.000448 17.485992
v 13.471466 11.547443 17.994354
v 14.321465 11.618221 18.362762
v 14.904858 12.304039 18.002213
v 14.701332 12.705273 17.288712
v 15.401333 12.763559 17.592117
v 15.401333 12.972649 16.856094
v 16.139458 12.716869 17.337860
v 16.139458 12.716869 16.374313
v 16.936466 12.536549 16.856094
v 16.907024 12.658936 17.672226
v 17.996799 12.591276 17.003036
v 17.704033 12.679464 16.381714
v 18.802464 12.628531 16.718323
v 18.921463 12.344067 15.861694
v 19.671463 12.534039 16.317368
v 19.902447 12.077484 15.555908
v 20.503231 12.743416 15.896957
v 20.841167 12.176552 15.495804
v 20.371464 11.643560 15.065201
v 21.131462 11.706844 14.735794
v 21.601173 12.466843 15.026093
v 21.664455 12.137438 14.266098
v 21.131462 11.706844 13.796387
v 21.601173 12.466843 13.506088
v 21.891460 12.936550 14.266098
v 21.601173 13.406258 13.506088
v 21.664455 13.735661 14.266098
v 21.497456 13.784594 15.661209
v 21.490456 14.203505 15.024979
v 21.117119 14.603786 14.415405
v 21.242241 15.099186 15.051926
v 20.512794 15.377808 14.601105
v 20.909397 15.810432 15.092010
v 20.512794 16.243057 14.601105
v 21.608170 15.521252 15.660095
v 21.067963 16.713245 15.759766
v 20.347832 17.302151 15.147980
v 20.290462 17.534550 14.333099
v 20.065071 18.157471 15.181168
v 20.036572 18.428291 14.333099
v 19.965797 18.059879 13.483093
v 19.440464 18.909878 13.807770
v 19.115795 18.384548 12.957764
v 18.590466 18.980656 13.439346
v 18.092537 18.519985 12.918396
v 17.967464 18.105499 12.204178
v 17.392536 18.578274 12.614990
v 17.267464 18.163784 11.900772
v 16.727734 18.616978 11.850052
v 17.065823 17.837524 11.372879
v 16.471558 18.202477 11.179367
v 16.128792 18.929878 11.373093
v 15.538185 18.513645 10.517166
v 15.637653 19.422596 10.662186
v 15.296799 19.877220 10.072098
v 14.939560 19.471996 9.445740
v 15.430298 18.209064 9.651642
v 14.707573 18.718163 8.892258
v 14.353180 19.566807 9.001190
v 13.900856 18.771526 8.561874
v 14.390827 18.255749 8.155426
v 13.633480 18.338902 7.861877
v 14.377720 17.888187 7.607712
v 13.633480 18.338902 6.996628
v 14.229599 18.058437 6.666855
v 14.467556 17.414543 6.983322
v 14.958466 17.017941 7.415955
v 15.099792 16.787922 6.991043
v 14.608883 17.184525 6.558426
v 14.667168 17.487923 5.858429
v 14.482796 18.397881 5.816086
v 13.605392 18.857983 6.380783
v 13.957462 19.247883 5.491425
v 14.553570 18.766293 4.966095
v 13.957462 19.247883 4.440765
v 14.540855 18.562061 4.080200
v 14.109505 18.813820 3.819656
v 13.107464 19.318657 5.859833
v 12.905392 18.916271 6.684189
v 12.249954 19.501854 6.164352
v 12.135464 19.094883 7.107422
v 11.502464 19.963261 6.598801
v 12.989017 18.781506 7.484650
v 12.135464 19.094883 7.972672
v 12.835464 19.036594 8.276062
v 12.193626 19.539829 8.627060
v 13.139313 19.881138 8.922256
v 12.542843 20.640667 9.178818
v 11.551792 20.043068 8.978043
v 11.984417 20.743069 9.245422
v 11.478088 20.660923 9.580093
v 11.045467 19.960926 9.312714
v 12.152725 21.455551 9.280975
v 13.046467 21.455551 9.027100
v 12.521137 22.305550 9.351761
v 11.631771 21.953480 9.741653
v 10.989159 21.260551 10.263672
v 10.548504 21.094551 10.548233
v 10.685760 21.960552 10.205383
v 10.245106 21.794552 10.489944
v 9.812481 21.094551 10.757324
v 10.245106 20.394550 10.489944
v 9.379856 21.794552 10.489944
v 9.076458 21.094551 10.548233
v 8.628712 21.589970 10.025665
v 8.725464 22.411594 10.765167
v 8.025463 22.469883 10.461761
v 7.698561 21.698479 9.445374
v 8.069206 21.094551 9.540985
v 7.266518 21.037109 9.183716
v 7.643589 20.222225 9.460754
v 6.742842 20.164787 9.482697
v 6.577623 20.867691 8.694397
v 6.113350 20.221466 8.956161
v 6.211029 19.712658 9.794876
v 5.354465 20.029552 9.487091
v 5.660332 19.804668 10.266327
v 4.594467 20.319843 9.956802
v 5.025101 20.222950 11.152206
v 5.320698 19.382267 11.101471
v 4.966814 19.919552 11.852203
v 5.196692 19.074162 11.945755
v 5.846199 18.519909 11.328110
v 5.567192 18.354794 12.393600
v 6.058102 17.958195 11.960968
v 5.999815 17.654797 12.660980
v 5.299814 17.922173 13.093597
v 5.603214 17.222172 13.151886
v 5.999815 16.789547 12.660980
v 5.367434 16.756214 13.330734
v 5.764034 16.323589 12.839813
v 5.082722 15.950550 13.367981
v 4.516920 16.415829 13.856491
v 4.601137 15.425220 13.964096
v 5.451136 15.100552 13.438766
v 5.126467 14.575222 14.288757
v 5.976465 14.504444 13.920349
v 5.976465 14.250549 14.814087
v 5.126467 14.575222 15.339417
v 5.870802 14.408901 15.726517
v 5.357958 14.949780 16.203598
v 6.093216 14.897884 16.579102
v 6.668467 14.146320 16.136322
v 6.863800 14.603550 17.055344
v 6.387554 15.374134 17.349686
v 6.878464 14.977531 17.782303
v 7.398335 14.136362 17.460999
v 7.150103 14.467949 18.089203
v 6.721338 14.996922 18.545258
v 7.104092 14.144497 18.846649
v 6.828104 14.704517 19.004425
v 6.387554 15.374134 18.214920
v 6.151911 15.495060 19.169907
v 6.508091 15.222500 19.867523
v 6.865360 14.419807 19.810089
v 7.449089 13.586279 19.749863
v 7.461361 13.341806 18.904083
v 8.057468 12.860222 19.429413
v 8.057468 12.860222 18.378754
v 8.907467 12.535549 18.904083
v 8.907467 12.789444 18.010345
v 9.757465 12.860222 18.378754
v 9.757465 12.860222 19.429413
v 10.537231 12.998533 18.904083
v 10.457466 13.127598 19.862045
v 11.497196 12.781118 19.261139
v 11.209793 12.885838 18.252777
v 11.534451 12.496407 18.455475
v 12.025360 12.099806 18.888092
v 12.013092 12.344278 19.733871
v 12.621468 11.618221 19.413422
v 12.621468 11.618221 18.362762
v 13.471466 11.293549 18.888092
v 13.471466 11.547443 19.781830
v 14.343788 11.467216 19.356216
v 14.305908 11.582176 20.059143
v 15.278290 12.107338 19.514771
v 14.947811 11.975454 18.822784
v 15.477581 12.670181 18.555664
v 16.189327 12.659897 18.964340
v 16.177582 12.937557 18.123047
v 16.877583 12.670181 18.555664
v 16.858120 12.204454 19.586792
v 17.484467 11.847221 19.126770
v 17.636467 12.380312 18.086655
v 18.334465 11.776443 18.758347
v 17.996799 12.382187 17.739059
v 18.859905 12.062176 18.257034
v 18.802464 12.419441 17.454346
v 19.652462 12.490221 17.822754
v 19.676537 12.685356 17.016312
v 20.235855 13.176039 17.462204
v 20.235855 13.176039 16.596954
v 20.741348 13.479900 16.671844
v 20.741348 13.479900 17.537094
v 21.441349 13.747276 17.104462
v 21.441349 13.538187 16.368439
v 22.333466 14.023157 17.085953
v 21.764832 14.217216 16.361206
v 22.532837 14.541187 16.786255
v 21.757835 14.636127 15.724976
v 22.297443 15.527550 16.373993
v 23.033466 15.527550 16.583084
v 22.722980 16.360821 16.485077
v 21.904114 16.171154 16.160721
v 22.257793 17.123547 16.610764
v 21.299839 17.203312 16.481705
v 21.817947 17.782543 17.020828
v 20.800117 18.000591 16.510590
v 20.502979 17.538120 15.948517
v 20.023857 18.224064 16.084229
v 20.871174 18.530499 17.181198
v 21.396599 18.062435 17.379318
v 20.963974 18.762432 17.646698
v 20.347466 19.218258 17.588379
v 19.587467 19.281540 17.258972
v 19.587467 19.606499 17.996185
v 18.827469 19.218258 17.588379
v 18.842464 18.946644 16.929855
v 19.356483 18.905903 16.464874
v 18.590466 18.771564 15.962860
v 19.464539 18.714741 15.664871
v 18.590466 18.980656 15.226837
v 19.440464 18.909878 14.858429
v 18.590466 19.234547 14.333099
v 17.549465 18.872936 14.662338
v 17.751472 19.039398 13.794510
v 16.960701 18.771564 14.333099
v 16.886856 18.826683 13.541595
v 16.849464 18.605556 15.094971
v 16.149464 18.872936 14.662338
v 16.149464 18.872936 15.527588
v 15.457008 19.257923 15.016022
v 15.371971 19.405315 13.612610
v 16.186855 19.094059 13.108978
v 16.690479 18.901691 12.655716
v 16.199570 19.298290 12.223083
v 15.721680 19.811329 12.829208
v 15.738899 19.819244 11.725159
v 15.204918 20.208561 12.957413
v 15.296799 20.927879 11.772095
v 15.621464 20.402550 10.922089
v 15.367573 21.296291 10.922089
v 15.296799 20.927879 10.072098
v 14.764561 21.253479 9.683365
v 14.815208 20.402550 9.475983
v 14.243607 20.755550 9.222702
v 13.735779 20.521610 9.200455
v 13.940208 21.455551 9.280975
v 14.421799 21.980881 9.877090
v 13.571796 22.305550 9.351761
v 13.896465 22.830883 10.201767
v 13.046467 22.901657 9.833344
v 13.103909 23.258930 10.671539
v 12.346466 23.304935 10.312592
v 12.062473 22.788116 9.790634
v 11.625168 23.480549 10.205383
v 11.155464 22.720551 9.915085
v 10.685760 23.480549 10.205383
v 10.356354 22.720551 10.142105
v 9.925758 23.190254 10.675095
v 9.562248 22.489567 10.517731
v 9.158089 22.902504 11.161758
v 9.578571 23.736881 11.325760
v 9.351799 24.080589 11.792603
v 8.451599 24.058990 11.668472
v 8.919174 24.571499 12.189194
v 8.105173 24.789547 11.836380
v 7.697380 24.029549 11.448135
v 8.000780 23.329548 11.389862
v 8.292841 22.902504 11.161758
v 7.456808 22.918644 10.423782
v 7.024185 23.618645 10.691162
v 6.944845 23.313625 9.913116
v 7.395161 22.398479 9.503662
v 6.556435 22.864929 9.076019
v 7.050451 21.757702 9.077805
v 6.644281 22.018566 8.628021
v 6.145443 23.763546 9.930115
v 5.666466 23.348545 9.410690
v 5.354465 22.842541 8.687973
v 5.824173 22.309547 8.257385
v 6.153578 21.549549 8.194107
v 5.354465 21.549549 7.967087
v 5.824173 20.789551 8.257385
v 4.884758 20.789551 8.257385
v 5.354465 20.256557 8.687973
v 4.594467 20.319843 9.017380
v 4.124760 21.079845 8.727097
v 4.061476 20.750439 9.487091
v 3.834465 21.549549 9.487091
v 4.124760 21.079845 10.247086
v 4.014786 22.031330 10.284103
v 4.432190 21.396927 11.303970
v 4.534191 20.619549 10.719589
v 4.534191 20.619549 11.584839
v 4.312504 20.972553 11.950775
v 4.224424 20.882046 12.478760
v 4.470776 21.340927 12.659088
v 4.521593 21.708576 11.950775
v 4.752438 22.082088 12.555130
v 4.754766 21.714153 13.487915
v 5.018787 22.647484 13.247604
v 5.076046 22.476856 13.940094
v 4.650906 22.000961 14.526611
v 4.207899 21.253010 14.153336
v 4.027466 21.177929 14.967468
v 3.515467 20.838261 14.664795
v 3.515467 20.838261 13.725388
v 2.982475 20.407661 14.195099
v 3.045759 20.078255 13.435089
v 3.739025 20.426441 12.889191
v 3.476353 19.608551 12.902100
v 4.213551 19.608551 12.577148
v 3.805758 18.848553 12.965393
v 4.537106 18.840984 12.608917
v 4.424826 18.142368 13.339722
v 5.038744 18.539833 12.601791
v 3.515467 18.378841 13.725388
v 3.948090 17.678844 13.992767
v 4.366371 17.246246 13.715744
v 4.913980 17.326157 13.435867
v 4.009138 16.786221 14.342087
v 3.625488 17.582710 14.664108
v 3.684465 17.311550 15.192093
v 3.938358 16.417809 15.192093
v 4.173092 15.859501 14.756653
v 4.452749 15.449047 15.659866
v 4.530357 15.056808 14.814087
v 3.850636 16.067440 16.039474
v 4.600515 15.239101 16.600723
v 3.653467 15.680843 16.866379
v 4.413465 15.390549 17.336090
v 5.687553 15.432419 17.046280
v 5.172350 15.582466 17.867020
v 5.687553 15.641510 17.782303
v 5.582483 15.993198 18.929306
v 4.882483 16.051483 18.625916
v 5.331120 16.394329 19.576279
v 4.351551 16.910549 18.954041
v 5.143814 17.238552 19.725967
v 5.523560 16.686329 20.632721
v 6.061331 16.067272 20.411469
v 6.136467 16.188839 21.313797
v 6.552240 15.670670 20.844086
v 6.837582 16.032177 21.678421
v 7.346203 15.228065 21.319092
v 6.936138 14.788219 20.660095
v 7.718966 14.428528 21.258301
v 7.461468 13.938221 20.335419
v 8.617184 13.559130 20.632462
v 8.349249 13.242449 20.306198
v 9.405396 13.250116 20.318787
v 8.907467 12.789444 19.797836
v 9.405396 13.459206 21.054810
v 9.948948 13.518215 20.968140
v 9.948948 13.309126 20.232117
v 10.682732 13.237934 20.514633
v 10.648949 13.250839 21.400757
v 11.416515 12.957655 20.926376
v 11.416515 12.957655 20.061127
v 11.907425 12.561054 20.493759
v 11.929024 12.436935 21.393951
v 12.726032 12.248375 20.999680
v 12.852959 11.992781 20.277603
v 13.442802 11.902187 20.577118
v 13.493599 12.541559 21.474060
v 14.248466 11.939442 20.861832
v 14.773796 12.535551 21.343414
v 15.098465 12.010221 20.493423
v 15.566975 12.443068 21.054199
v 16.417194 12.257404 20.378403
v 16.158119 12.262741 19.890182
v 16.417194 12.466494 21.114426
v 17.117195 12.199118 20.681808
v 17.117195 12.199118 21.547058
v 17.608105 11.802517 21.114426
v 17.571270 11.784630 20.173187
v 18.148983 11.325438 20.601578
v 18.605469 11.213221 19.933762
v 18.525703 11.084154 20.891708
v 19.484188 10.779037 20.378067
v 19.455467 11.142441 19.565353
v 18.957539 11.603115 19.044403
v 19.980797 11.738550 19.083771
v 19.617348 12.108185 18.580490
v 20.473564 12.523243 18.982742
v 20.278805 12.847454 18.282791
v 20.901573 13.324572 18.829330
v 20.959862 13.021172 19.529327
v 21.397697 13.752501 19.497879
v 21.455532 13.716536 18.304398
v 22.097698 14.019878 19.065247
v 22.218582 13.979275 17.779465
v 23.033466 13.827549 18.283096
v 23.033466 14.081444 17.389343
v 23.883465 14.152222 17.757767
v 23.558796 14.677551 16.907761
v 24.408798 15.002220 17.433090
v 23.927208 15.527550 16.836975
v 24.408798 16.052879 17.433090
v 23.558796 16.377548 16.907761
v 23.883465 16.902882 17.757767
v 23.143913 16.927559 17.042770
v 23.208805 17.291645 17.920792
v 22.582462 17.648876 17.460754
v 22.662228 17.777943 18.418716
v 22.133957 18.089344 17.834412
v 22.057182 18.397999 18.571365
v 21.685913 18.530560 18.136765
v 21.624557 19.097996 18.838745
v 21.217789 19.287998 18.426086
v 21.500206 20.028549 18.868988
v 20.606464 20.143433 18.499435
v 20.614841 19.650879 18.288391
v 20.102840 19.652523 18.102844
v 21.131794 20.878548 18.939758
v 20.081135 20.878548 18.939758
v 19.039001 20.012840 18.808533
v 19.195015 20.682560 19.371765
v 18.597507 20.497784 19.723557
v 18.125477 19.901764 19.204117
v 18.091743 19.558262 18.389236
v 18.819901 19.574722 18.319733
v 18.127468 19.159969 17.891785
v 17.425476 19.960049 18.900711
v 16.946846 20.336597 18.410645
v 16.626827 20.854580 19.273758
v 16.589573 21.139290 18.468094
v 16.518799 20.770878 17.618088
v 16.797112 19.928978 17.468430
v 17.328602 19.223618 17.394714
v 18.142464 18.888359 17.233246
v 17.442463 18.946644 16.929855
v 18.142464 18.679268 16.497223
v 17.784801 18.808819 15.678146
v 16.849464 18.814648 15.830994
v 16.716972 19.632896 16.645645
v 16.416840 19.305557 16.227585
v 15.780796 19.866547 16.198761
v 16.198792 20.427998 16.920074
v 15.255466 20.492889 16.556000
v 14.743721 19.991898 16.143265
v 15.255466 19.455402 15.673096
v 14.555466 19.513691 15.369690
v 13.936958 19.749939 15.751953
v 13.881599 19.979435 14.612854
v 14.555466 19.513691 14.504456
v 14.354336 20.453030 13.602158
v 14.915600 19.740437 13.714859
v 13.284794 20.643547 14.287415
v 13.619415 21.281780 13.568451
v 13.907383 21.376102 12.941849
v 14.736794 20.966000 12.668106
v 14.539974 21.403316 12.311600
v 14.102795 21.929504 12.047470
v 14.844910 21.854263 11.498230
v 13.896465 22.830883 11.252426
v 14.492573 22.349293 10.727097
v 13.402794 22.196880 12.480087
v 12.801735 22.268497 13.358978
v 12.671223 23.175568 12.199921
v 12.092770 23.147896 12.648193
v 11.915462 23.950260 11.904800
v 12.505440 23.613766 11.435089
v 11.915462 23.950260 10.965378
v 11.155464 24.240547 11.435089
v 11.155464 24.013542 10.635986
v 10.395466 23.950260 10.965378
v 10.387897 24.097633 11.909470
v 11.184906 24.118168 12.251221
v 10.556877 24.230892 12.793228
v 9.687897 24.365009 12.342102
v 10.095108 24.674648 13.207840
v 9.730377 25.071186 13.160538
v 9.751640 25.299911 13.779526
v 9.345703 25.920155 13.611847
v 8.826973 25.848541 12.931763
v 8.607571 25.313587 12.607468
v 7.961725 25.848541 12.931763
v 7.635466 25.322540 12.266983
v 7.149132 25.670879 12.970200
v 6.875467 25.259258 12.596390
v 7.166449 24.888615 11.776276
v 6.393515 24.848156 12.085785
v 6.441919 24.603256 11.440857
v 5.599785 24.400799 12.031433
v 5.666466 24.538548 11.184097
v 6.441465 24.242527 10.705109
v 5.666466 24.307056 10.369202
v 4.891466 24.242527 10.705109
v 5.187489 23.763546 9.930115
v 4.412489 23.467522 10.409088
v 4.632500 23.110638 9.586548
v 4.235474 22.816505 10.245972
v 4.061476 22.348660 9.487091
v 4.594467 22.779255 9.017380
v 4.124760 22.019253 8.727097
v 4.884758 22.309547 8.257385
v 4.555353 21.549549 8.194107
v 4.116467 22.988548 11.184097
v 4.241482 22.161808 11.217438
v 4.412489 22.509575 11.959091
v 4.412489 23.467522 11.959091
v 4.752438 22.988548 12.555130
v 5.187489 23.763546 12.438065
v 5.454866 23.330921 13.138062
v 5.869528 24.231487 12.752075
v 6.049292 23.767910 13.833664
v 5.558382 23.371311 14.266281
v 5.973137 23.799252 14.958710
v 5.487467 23.540257 14.930389
v 5.017759 22.780254 14.640091
v 4.954475 23.109661 15.400085
v 4.727465 22.310551 15.400085
v 5.017759 22.780254 16.160095
v 5.017759 21.840847 16.160095
v 4.603004 21.403542 15.467651
v 5.267155 21.068600 16.218704
v 4.537106 20.376118 15.781265
v 4.933706 19.943493 16.272171
v 4.233706 19.676117 15.839554
v 3.805758 20.368549 15.424805
v 3.476353 19.608551 15.488083
v 3.045759 20.078255 14.955093
v 3.045759 19.138847 14.955093
v 2.755465 19.608551 14.195099
v 2.982475 18.809441 14.195099
v 3.045759 19.138847 13.435089
v 3.416399 18.318733 14.664108
v 3.456858 18.628242 15.437042
v 3.665947 17.892220 15.437042
v 3.447342 18.414303 16.152054
v 3.291164 17.419926 16.356567
v 3.520250 16.874157 15.986115
v 3.183760 16.440845 16.576096
v 2.893465 16.910549 17.336090
v 3.120476 16.111439 17.336090
v 3.183760 16.440845 18.096085
v 3.653467 15.680843 17.805801
v 3.943758 16.150551 18.565796
v 4.413465 15.617558 18.135208
v 3.614353 16.910549 18.629089
v 3.183760 17.380253 18.096085
v 3.877026 17.728436 18.641983
v 3.653467 18.140255 17.805801
v 4.396803 18.650158 18.226044
v 4.468815 18.422550 18.860977
v 4.512537 17.393597 19.105179
v 4.909138 17.826221 19.596085
v 4.909138 18.876881 19.596085
v 5.266371 18.416855 20.222443
v 5.109089 17.851173 20.144089
v 5.528294 18.282322 20.891724
v 5.376465 17.418549 20.844086
v 5.666759 17.888252 21.604095
v 5.666759 16.948845 21.604095
v 6.136467 18.648258 21.313797
v 6.077858 18.398857 22.086044
v 5.907446 18.063549 22.710327
v 6.019571 18.702255 22.786041
v 5.769136 18.588879 23.490097
v 5.769136 17.538219 23.490097
v 6.371042 16.912621 22.853607
v 6.159031 16.648853 23.842163
v 6.543087 16.367275 23.200317
v 6.333635 16.575436 22.140701
v 7.058983 15.930435 22.727585
v 7.151466 15.641216 23.520767
v 7.666412 15.640507 22.916992
v 7.666412 15.640507 22.051743
v 8.269413 15.034252 22.508072
v 8.325054 14.546513 21.737656
v 8.960464 14.114573 22.244064
v 8.884560 13.991753 21.332474
v 9.660015 13.695557 21.811722
v 9.560684 14.050243 22.743942
v 10.139473 13.700218 22.536346
v 10.174564 13.432037 21.777466
v 10.665474 13.035437 22.210083
v 10.585205 13.385899 22.911469
v 11.198467 12.604843 22.679794
v 11.198467 12.604843 21.740387
v 11.958466 12.314548 22.210083
v 11.929024 12.436935 23.026230
v 12.759815 12.470367 22.663589
v 12.759815 12.470367 21.756592
v 13.548466 12.888407 22.172485
v 13.548466 12.888407 23.037735
v 14.248466 13.155783 22.605103
v 14.248466 12.946693 21.869080
v 15.206421 13.235550 22.476044
v 15.206421 13.026461 21.740021
v 15.906422 12.968174 22.043427
v 15.906422 12.968174 22.908661
v 16.437565 12.706038 22.875717
v 16.437565 12.706038 22.010468
v 16.928474 12.309437 22.443085
v 16.979515 12.289942 23.423401
v 17.559769 11.800442 22.859390
v 17.645359 11.517805 21.920090
v 18.090698 11.022038 22.538605
v 18.241467 11.036221 21.394760
v 18.564579 10.299685 21.845200
v 18.074585 9.993660 22.528885
v 18.376095 9.276037 22.102936
v 19.002079 9.319628 21.685806
v 19.281136 10.124435 21.323730
v 19.669849 9.364445 21.465973
v 19.837727 10.340275 21.088089
v 20.322338 9.673819 21.523636
v 20.355812 10.654463 21.257935
v 20.297523 10.957863 20.557922
v 20.874146 11.372934 21.074829
v 20.901573 11.694805 20.459091
v 20.305466 11.213221 19.933762
v 20.830795 12.063219 19.609100
v 21.155464 12.588549 20.459091
v 21.003742 12.084923 21.273972
v 21.019974 13.136158 21.181961
v 21.135536 13.351206 20.433807
v 21.229065 13.872181 21.181961
v 21.344627 14.087229 20.433807
v 21.842556 14.633808 20.920105
v 21.835537 14.483829 20.001190
v 22.333466 15.030407 20.487488
v 22.568192 14.569950 19.742630
v 23.088989 15.520489 20.113770
v 23.558796 14.677551 19.658417
v 23.033466 14.081444 19.176834
v 23.883465 14.152222 18.808426
v 24.408798 15.002220 19.133087
v 24.479572 14.633808 18.283096
v 24.733463 15.527550 18.283096
v 24.408798 16.052879 19.133087
v 24.479572 16.421291 18.283096
v 23.883465 16.902882 18.808426
v 23.558796 16.377548 19.658417
v 23.219353 17.228317 19.405228
v 23.156883 17.499836 18.706467
v 22.665974 17.896435 19.139099
v 22.601440 17.560524 19.914093
v 22.492336 18.361523 19.905777
v 22.285881 18.695580 19.365265
v 22.168289 19.148769 20.367920
v 22.110374 19.544102 19.428848
v 22.306461 20.028549 20.315094
v 21.981796 20.553879 19.465088
v 22.052570 20.922291 20.315094
v 21.456463 21.403881 19.789764
v 21.456463 21.403881 20.840424
v 20.606464 21.728546 20.315094
v 20.606464 21.474655 19.421356
v 19.756466 21.403881 19.789764
v 19.670422 21.720547 20.557144
v 19.210419 21.482922 20.426758
v 18.943043 21.915546 21.126770
v 18.488712 21.180431 20.686447
v 18.077793 21.915546 21.126770
v 17.504288 21.035519 20.546417
v 17.817738 20.399693 20.009781
v 17.117737 20.457981 19.706375
v 16.639809 21.186764 19.983948
v 16.594509 21.424637 20.730164
v 15.894508 21.482922 20.426758
v 15.894508 21.482922 19.561523
v 15.345539 21.289272 20.186188
v 15.143467 21.691654 19.361832
v 15.993465 21.620876 18.993423
v 15.143467 21.945545 18.468094
v 15.993465 21.620876 17.942764
v 15.143467 21.691654 17.574341
v 15.668797 21.095547 17.092758
v 14.618137 21.095547 17.092758
v 14.315445 21.732647 17.865295
v 13.668999 21.034245 17.594528
v 14.369583 20.449940 16.884583
v 13.513428 20.373817 17.120667
v 13.936958 19.959030 16.487976
v 13.080803 19.882908 16.724060
v 13.080803 19.673817 15.988037
v 12.380802 19.941196 16.420654
v 12.380802 19.941196 15.555420
v 13.080803 19.882908 15.252014
v 12.648178 20.373817 14.855408
v 12.134232 20.702686 14.873962
v 12.790894 20.950214 14.266739
v 11.960865 21.310139 14.757523
v 12.403793 21.694550 14.100418
v 11.676392 21.888271 14.443192
v 11.963947 22.353542 13.690353
v 11.243767 22.588268 14.175812
v 11.540741 22.836552 13.444580
v 11.049831 23.233150 13.877213
v 11.108116 23.536549 13.177216
v 10.779564 24.068348 13.864075
v 10.984428 23.243221 14.783951
v 10.738571 24.359291 14.692093
v 10.242550 24.903309 14.212143
v 10.192505 24.872093 15.049728
v 9.783413 25.623466 14.547089
v 10.667793 23.990879 15.542084
v 9.817795 24.315548 16.067413
v 9.267975 24.861549 15.898361
v 9.395172 26.031254 15.307083
v 9.458454 26.360661 14.547089
v 8.925465 26.791256 15.016800
v 8.925465 26.791256 14.077377
v 8.165464 27.081547 14.547089
v 8.165464 26.854542 13.747986
v 8.635170 26.321548 13.317383
v 7.695757 26.321548 13.317383
v 7.405466 26.791256 14.077377
v 6.935759 26.031254 13.787094
v 6.872475 26.360661 14.547089
v 6.645464 25.561550 14.547089
v 6.579290 25.299911 13.779526
v 6.673136 24.931877 14.526093
v 6.405760 24.499252 13.826096
v 6.342476 24.828659 13.066086
v 6.464046 24.195854 14.526093
v 6.612522 24.655010 15.174469
v 6.179899 23.955013 15.441849
v 6.875648 25.092533 15.406158
v 6.935759 26.031254 15.307083
v 7.366352 25.561550 15.840088
v 7.634533 24.802666 15.875168
v 7.331133 24.102665 15.933456
v 8.049980 24.600941 16.278320
v 7.746580 23.900940 16.336609
v 7.149105 23.660526 16.293304
v 6.247465 23.603542 16.199203
v 6.719166 23.123867 16.733536
v 5.777758 23.070549 16.629791
v 5.487467 23.540257 15.869797
v 6.237389 22.344334 17.031296
v 5.448353 22.310551 16.693085
v 5.716534 21.551666 16.728180
v 6.500496 21.863506 17.220062
v 6.205606 21.299828 17.051559
v 5.765423 20.531429 16.898865
v 6.602207 20.867203 17.542465
v 6.169584 20.167202 17.809845
v 5.434467 19.726879 17.355515
v 5.434467 19.726879 18.220764
v 4.980377 19.209480 17.667038
v 4.957043 19.576488 16.969604
v 4.489468 18.812878 17.234421
v 4.501083 19.243496 16.539551
v 4.838360 19.245293 18.746094
v 5.434467 19.726879 19.271423
v 6.395359 20.266727 18.677277
v 6.198982 19.860546 19.711349
v 5.759136 19.201550 20.121414
v 6.486538 19.395275 20.464188
v 6.026514 18.768925 20.821426
v 6.919161 20.095272 20.196808
v 6.977448 19.791874 20.896805
v 6.627377 19.044857 21.746429
v 7.204292 20.056911 21.726654
v 7.016867 19.460918 22.517960
v 6.525957 19.064320 22.950577
v 6.958580 19.764317 23.217957
v 6.258579 19.496941 23.650574
v 6.646843 20.232529 23.691254
v 5.974354 20.200550 24.025101
v 5.880251 19.298908 23.968109
v 5.440016 19.728848 24.504776
v 5.582636 18.943325 24.287262
v 5.381475 19.359562 25.306763
v 5.618130 18.531673 25.212418
v 5.444464 18.063549 24.340088
v 5.769136 17.538219 25.190094
v 5.698357 17.169807 24.340088
v 6.326517 16.541004 24.941711
v 6.619135 17.213551 25.715424
v 7.476135 16.166550 25.421417
v 7.151466 15.641216 24.571426
v 6.555359 16.122807 24.046097
v 8.001465 15.570442 24.939835
v 7.937717 15.188381 23.956604
v 8.791119 14.883457 24.115097
v 8.791119 14.883457 23.184540
v 9.367306 14.420063 23.614319
v 9.180756 14.471012 23.066437
v 9.417465 14.526222 24.640427
v 10.181301 14.092037 24.160614
v 10.152580 14.085899 23.178848
v 10.942135 13.725222 23.786987
v 10.967464 14.052164 24.529602
v 11.433044 13.328621 24.219604
v 11.395638 12.991438 23.506699
v 11.907425 12.561054 23.926422
v 11.673912 12.863056 24.907272
v 12.166656 12.308643 24.305756
v 12.710812 12.065338 23.890671
v 12.726032 12.248375 23.420502
v 13.158657 11.757465 23.817093
v 13.815842 12.455784 23.737732
v 14.152966 11.581165 23.992096
v 14.681091 12.455784 23.737732
v 14.248466 12.946693 23.341125
v 15.206421 13.026461 23.212067
v 15.608372 12.597460 23.755692
v 15.175747 12.106550 24.152298
v 16.279514 12.231655 24.592041
v 16.308372 12.539173 23.452301
v 16.979515 12.499031 24.159424
v 17.590466 12.491533 24.681335
v 17.679516 12.231655 23.726807
v 18.349140 12.179749 24.237610
v 18.144711 11.514076 23.382553
v 18.873779 11.422604 23.979736
v 18.400955 10.796064 23.353409
v 19.210518 10.709867 23.942047
v 18.527489 10.264450 23.698318
v 18.026550 9.570499 23.209534
v 18.355392 9.516123 23.747498
v 21.195778 10.435549 22.649094
v 21.113667 9.887220 22.631119
v 20.930309 9.687229 21.966324
v 21.008446 10.997572 21.813095
v 21.304466 11.476549 22.588089
v 21.008446 10.997572 23.363098
v 20.891476 12.059090 23.506119
v 21.192184 12.282686 22.588089
v 21.261292 12.639572 22.010056
v 21.507416 13.331917 23.110306
v 21.287354 13.568781 21.881958
v 21.951466 13.894222 22.478760
v 21.719975 14.268782 21.614578
v 22.476799 14.744221 22.154099
v 22.341080 15.378193 21.297455
v 22.476799 15.794880 22.154099
v 22.203209 15.871693 21.210129
v 22.043949 16.355663 21.685577
v 21.994118 16.607716 21.210129
v 22.261497 16.175091 20.510132
v 22.261497 17.081551 20.510132
v 22.658096 16.607716 20.019226
v 21.834858 17.091686 21.685577
v 22.094566 16.671654 22.445877
v 21.621262 17.503925 22.399994
v 21.794464 17.936550 21.549088
v 21.498444 18.415524 22.324097
v 21.624557 19.097996 21.791443
v 21.880733 18.683495 21.120758
v 22.148109 18.250870 20.420761
v 21.981796 19.503220 21.165085
v 21.500206 20.028549 21.761200
v 21.981796 20.553879 21.165085
v 21.114014 20.598026 22.193298
v 20.858109 19.997120 22.611420
v 20.633507 21.131481 22.567093
v 20.691795 21.434879 21.867096
v 20.227989 22.141800 22.296234
v 20.221218 21.966797 21.660141
v 20.712128 21.570194 21.227524
v 19.670422 21.929638 21.293167
v 19.237797 22.420547 21.689758
v 19.562466 22.945881 22.539764
v 18.712467 23.016655 22.171356
v 18.247192 22.528149 21.605545
v 17.828026 23.067406 22.536560
v 17.552464 22.511654 21.608353
v 18.712467 23.270546 23.065094
v 17.862469 22.945881 23.590424
v 18.712467 23.016655 23.958832
v 18.381554 22.410610 24.701630
v 17.279076 22.260059 23.950974
v 16.613647 22.286922 23.420029
v 16.702465 22.440876 21.976761
v 17.027134 21.915546 21.126770
v 16.119072 21.755062 21.616211
v 16.076122 22.083645 22.502090
v 15.282768 21.564857 21.847275
v 15.345539 21.289272 21.051437
v 14.446465 21.165565 21.342331
v 14.645538 21.021893 20.618805
v 13.945538 21.289272 20.186188
v 14.645538 21.230984 19.882782
v 13.637802 21.787197 19.380524
v 14.333191 21.761364 19.024414
v 13.934441 21.771389 18.639069
v 13.234440 22.038769 19.108093
v 13.126415 21.964157 18.127777
v 12.644463 22.375256 18.638382
v 12.354168 21.905548 17.878387
v 12.718796 21.204433 17.721725
v 11.830833 21.402687 17.197495
v 12.134232 20.702686 17.139206
v 12.648178 20.373817 17.120667
v 11.866856 20.270061 16.439209
v 11.434235 20.970062 16.706589
v 11.375946 20.666664 16.006592
v 11.866856 20.270061 15.573959
v 11.434235 20.970062 15.306580
v 11.166855 21.402687 16.006592
v 11.289558 21.791061 15.296097
v 10.902973 22.232433 15.996094
v 11.185482 22.284870 14.875809
v 11.289558 21.791061 16.696091
v 11.144073 22.466568 17.093689
v 10.738571 22.729527 16.321854
v 10.454601 22.595146 17.044464
v 10.021976 23.086056 16.647858
v 10.257729 23.551033 16.201080
v 9.398682 23.871494 16.629730
v 9.157795 23.317547 17.022415
v 8.632465 23.943893 16.665192
v 8.859840 24.395313 16.196487
v 8.107136 23.317547 17.022415
v 8.703465 22.582432 17.462738
v 7.720034 22.573212 17.188736
v 7.154470 22.378117 17.044556
v 7.472656 21.885876 17.933182
v 6.897097 21.430882 17.710968
v 7.053759 21.066254 18.412094
v 7.987411 22.140591 17.888733
v 8.283464 21.889542 18.451202
v 9.187904 21.976147 18.040924
v 9.042347 21.715542 18.919052
v 8.283464 21.680450 19.187225
v 9.042347 21.924633 19.655075
v 7.971859 21.298859 19.717133
v 8.431377 22.007656 20.766403
v 8.030468 21.548260 20.489380
v 7.462385 20.849483 20.200211
v 7.267132 20.705875 19.228989
v 6.796307 20.409569 19.656143
v 7.497477 21.117661 20.959091
v 7.931400 21.608368 21.428101
v 7.560760 20.788254 21.719086
v 7.971859 21.298859 22.201050
v 7.554520 20.358475 22.480042
v 7.964376 20.999660 22.834198
v 7.452587 20.569279 23.253906
v 8.129290 21.118313 23.969254
v 7.242483 21.059616 24.028275
v 7.533464 21.430256 24.848389
v 6.773466 21.493542 24.518982
v 6.303759 20.960548 24.088379
v 6.013468 21.430256 24.848389
v 5.543760 20.670254 24.558090
v 5.480476 20.999660 25.318085
v 5.253466 20.200550 25.318085
v 5.543760 20.670254 26.078094
v 5.543760 19.730846 26.078094
v 5.974354 20.200550 26.611084
v 6.303759 19.440552 26.547791
v 5.896572 18.916843 25.860046
v 6.233953 18.542042 26.027863
v 6.711033 19.054886 26.568741
v 7.085798 18.129608 26.279083
v 6.537354 17.842041 25.969574
v 7.541710 17.547043 26.125854
v 7.247849 19.432983 26.695175
v 6.773466 20.200550 26.838089
v 6.303759 20.960548 26.547791
v 7.243174 20.960548 26.547791
v 8.019915 20.693893 26.440186
v 8.449089 20.163490 26.750946
v 8.057146 19.244991 26.969055
v 8.950466 19.217548 27.122086
v 8.240612 18.299168 26.664459
v 9.554279 18.169224 26.933609
v 8.406956 17.547043 26.125854
v 9.269302 17.125607 26.375076
v 8.623611 16.143665 25.679947
v 7.577087 17.133785 25.844482
v 9.570866 16.235664 26.191452
v 9.647079 15.588425 25.964478
v 9.613453 14.958225 25.526550
v 9.950478 14.888424 25.906189
v 10.362488 14.369381 25.170837
v 10.957943 14.037392 25.603470
v 10.508099 14.476948 26.547211
v 10.890137 13.719219 26.512085
v 11.400085 13.352163 25.662216
v 11.458374 13.655563 24.962219
v 11.310814 13.006798 26.367203
v 11.600128 12.538673 25.609772
v 11.426468 12.070549 26.482086
v 11.751137 11.545219 25.632095
v 12.108368 12.005243 25.005753
v 12.436951 11.184664 25.048706
v 12.443436 11.632715 24.590668
v 12.803490 10.927572 24.754089
v 13.176773 11.352604 24.137451
v 13.578491 10.631550 24.275116
v 13.282467 10.152573 25.050110
v 14.057465 10.088039 24.714203
v 14.536438 10.631550 24.275116
v 14.866257 10.041170 25.040802
v 15.311440 10.927572 24.754089
v 14.872349 11.406549 24.210587
v 15.672173 11.663317 24.753632
v 15.704273 11.336435 25.529083
v 16.163082 12.059917 25.186264
v 16.195183 11.733036 25.961716
v 16.863083 12.118204 25.489655
v 16.775581 11.971186 26.078690
v 15.873535 11.772808 26.424805
v 16.760136 12.225224 26.887543
v 17.590466 12.028549 26.311096
v 17.590466 12.282444 25.417358
v 18.505424 12.235611 25.844391
v 18.382481 12.167011 25.123459
v 18.440464 12.353222 26.836426
v 19.036572 12.834806 26.311096
v 19.106285 13.172222 25.500824
v 19.101097 12.684626 24.693710
v 19.470917 13.525829 24.454803
v 19.867516 13.093206 23.963898
v 19.497700 12.252003 24.202789
v 20.298416 12.243231 23.942047
v 19.754467 11.476549 24.138092
v 20.569351 11.476549 23.906601
v 20.298416 10.709867 23.942047
v 20.689022 13.060555 23.701981
v 20.170914 13.793207 24.022186
v 21.144211 13.776882 23.995773
v 20.636192 14.311951 24.463638
v 21.626797 14.419552 24.379425
v 21.951466 13.894222 23.529419
v 22.476799 14.744221 23.854095
v 22.547573 14.375809 23.004089
v 22.801464 15.269550 23.004089
v 22.476799 15.794880 23.854095
v 22.547573 16.163292 23.004089
v 21.951466 16.644878 23.529419
v 21.513317 15.988548 24.532440
v 21.995209 15.269550 24.450195
v 21.192520 15.212109 24.807465
v 20.757904 15.913548 25.202087
v 20.529816 15.231709 25.154480
v 20.280640 15.693775 25.865723
v 20.432461 16.557549 25.818085
v 20.615974 17.112434 24.670486
v 20.205456 17.356659 25.818085
v 20.263741 17.660057 25.118088
v 20.302109 17.968868 24.710754
v 20.927231 17.616062 23.855591
v 20.698685 18.461018 23.742172
v 21.158493 17.977760 22.920135
v 21.562973 17.200527 23.100006
v 20.851959 18.945255 22.745346
v 20.584579 19.377880 23.445343
v 20.322289 18.866772 24.657928
v 20.563843 19.655499 24.662537
v 20.762569 20.015808 24.117096
v 20.832283 20.353222 23.306824
v 21.016460 20.909550 24.117096
v 20.691795 21.434879 23.267090
v 20.762569 21.803291 24.117096
v 20.274063 22.369095 23.651825
v 20.158573 22.464291 23.065094
v 19.562466 22.945881 23.590424
v 19.431347 22.725201 24.188095
v 20.166462 22.284878 24.642426
v 19.316463 22.355656 25.010834
v 19.841793 21.759548 25.492432
v 18.791134 21.759548 25.492432
v 19.323273 20.915287 25.981110
v 18.336277 20.821651 26.032089
v 17.755875 21.877499 25.160645
v 17.443527 21.430119 26.153168
v 16.813793 21.961254 25.421463
v 16.579075 21.992683 24.383606
v 15.879074 22.260059 24.816223
v 15.985054 22.059765 23.611389
v 15.193981 22.303257 24.222763
v 15.376122 22.025356 23.736038
v 15.261292 21.797100 22.778809
v 14.786793 21.988640 23.405792
v 14.446465 21.719650 22.860992
v 14.446465 21.374657 22.078354
v 13.980373 21.582058 22.404114
v 13.884464 22.063774 23.284210
v 12.982136 21.779549 22.669769
v 13.242645 21.654758 22.124023
v 12.504917 21.936543 21.668091
v 13.204464 21.517529 21.189117
v 12.426414 22.022442 20.391800
v 13.199223 21.623394 20.120636
v 12.644463 22.375256 19.577805
v 11.943348 22.531918 19.942429
v 11.884464 22.665546 19.108093
v 11.542973 22.856941 19.868958
v 10.924465 22.620693 19.486694
v 11.124466 22.375256 18.638382
v 11.884464 22.438541 18.308975
v 11.125580 22.264542 17.841141
v 11.653481 22.062901 17.514877
v 10.534489 22.038769 18.206451
v 10.424465 22.316967 17.469742
v 9.834488 21.980480 17.903046
v 9.834488 21.771389 18.639069
v 10.534489 22.038769 19.071701
v 9.834488 21.980480 19.375092
v 10.267113 22.471390 19.771698
v 9.474972 22.415543 20.051666
v 9.699135 22.973549 20.315765
v 8.849136 22.648880 20.841095
v 9.374466 23.498882 21.165756
v 8.778358 23.017292 21.691086
v 8.421089 22.214603 21.748535
v 8.849136 22.648880 22.541092
v 8.486736 21.906315 22.620392
v 9.206367 22.188854 23.167435
v 9.686489 22.199558 23.384064
v 9.699135 22.973549 23.066422
v 10.224464 22.123550 23.391098
v 9.587463 21.461552 23.550400
v 9.374466 23.498882 22.216415
v 10.224464 23.569656 22.584839
v 10.749794 22.973549 23.066422
v 11.160713 22.238434 23.506744
v 10.810776 21.571552 23.645279
v 10.378151 20.976093 23.977264
v 11.397091 21.019550 23.899475
v 10.964466 20.528641 24.296066
v 10.264465 20.586926 24.599472
v 9.822792 20.743885 24.953964
v 10.964466 20.319550 25.032089
v 11.664467 20.586926 24.599472
v 11.664467 20.586926 25.464722
v 11.185463 20.566948 25.926758
v 12.076450 20.611691 26.347473
v 11.180897 20.206722 26.644684
v 10.268974 20.160030 26.508209
v 9.800465 20.592876 25.947418
v 8.950466 20.917545 25.422089
v 8.950466 20.799557 24.574966
v 8.250465 21.066936 25.007599
v 8.250465 21.066936 25.836594
v 7.533464 21.430256 25.787796
v 8.950466 20.663654 26.315826
v 9.475796 20.067547 26.797424
v 9.908421 19.576637 27.194031
v 11.147114 19.984730 27.401581
v 10.591873 19.529335 27.798584
v 9.907402 19.094933 27.431747
v 10.304001 18.620548 27.922653
v 10.718758 19.090252 28.615082
v 10.718758 18.150845 28.615082
v 10.425468 17.783291 27.373367
v 10.821136 17.126129 27.947083
v 10.403141 16.794918 27.292664
v 10.028866 17.350666 26.882462
v 9.967468 16.668289 26.682373
v 10.393089 15.679996 27.154541
v 10.821136 16.260880 27.947083
v 10.670128 15.267426 27.969421
v 10.614456 14.888424 27.097092
v 10.347076 15.321049 26.397095
v 10.565468 14.244549 27.362091
v 10.772526 14.711250 28.277054
v 10.890137 13.719219 28.212097
v 10.819359 13.350805 27.362091
v 11.297249 12.837772 27.968201
v 11.295418 12.414700 27.228500
v 12.161201 11.985065 27.991089
v 11.751137 11.545219 27.332092
v 12.601135 11.220551 27.857422
v 12.276466 10.695221 27.007416
v 11.680359 11.176805 26.482086
v 12.276466 10.695221 25.956757
v 13.069023 10.267174 26.573151
v 12.686428 10.492521 25.487885
v 13.248672 10.041170 26.017380
v 14.057465 10.088039 26.343979
v 14.057465 9.856550 25.529083
v 14.832462 10.152573 26.008057
v 14.536438 10.631550 26.783066
v 15.311440 10.927572 26.304092
v 15.375973 10.591665 25.529083
v 14.898396 11.112597 26.841187
v 15.201794 11.812597 26.899475
v 14.501793 11.545219 27.332092
v 15.032307 12.410042 27.253571
v 15.803833 12.352600 27.022552
v 15.335705 13.110043 27.311859
v 16.200954 13.110043 27.311859
v 15.768330 13.600952 27.708466
v 16.678036 13.622887 27.852737
v 17.065136 12.878551 27.686432
v 17.590466 13.728550 28.011093
v 18.115795 12.878551 27.686432
v 17.590466 12.282444 27.204834
v 18.484207 13.728550 27.757202
v 18.965797 13.203220 27.161087
v 18.965797 14.253881 27.161087
v 19.290462 13.728550 26.311096
v 19.406120 14.664799 26.425980
v 19.347832 13.960947 25.496216
v 19.829819 14.964333 25.587112
v 19.871140 14.291689 24.892883
v 19.718662 15.327118 26.507782
v 18.877674 15.072304 27.121552
v 19.382168 15.797550 27.047791
v 20.142174 16.087845 26.578094
v 19.711575 16.557549 27.111084
v 20.142174 17.027252 26.578094
v 19.382168 17.317547 27.047791
v 19.726456 17.954067 26.327591
v 18.760464 18.231663 26.420746
v 19.316792 18.936275 26.120911
v 19.996365 18.092682 25.818085
v 20.034733 18.401493 25.410751
v 18.256840 18.931664 26.153366
v 18.760464 19.746548 26.305084
v 19.654205 19.746548 26.051193
v 20.135796 19.221218 25.455093
v 20.220009 20.211826 25.562683
v 17.800480 19.162785 26.139099
v 17.367855 19.862785 26.406464
v 17.064457 19.162785 26.348175
v 16.667854 19.595409 26.839096
v 16.609570 19.898808 27.539093
v 16.143082 19.329914 27.343918
v 16.013462 19.417217 28.064423
v 16.538795 20.267220 28.389099
v 16.860149 20.676991 27.546234
v 16.538795 21.317879 28.389099
v 16.745472 21.639675 27.539093
v 17.012848 21.207050 26.839096
v 17.524128 20.676991 26.355316
v 16.737640 21.929913 26.546524
v 16.671463 22.191551 27.314087
v 16.381172 22.661255 26.554092
v 16.167797 22.300877 25.737198
v 15.677830 23.025745 26.014420
v 15.234440 22.612766 24.995697
v 14.685814 23.083729 25.485596
v 14.644463 22.949261 24.562393
v 13.884464 23.239548 25.032089
v 13.884464 23.012543 24.232986
v 14.354168 22.479549 23.802383
v 13.414761 22.479549 23.802383
v 13.124466 22.949261 24.562393
v 12.642513 22.538158 24.051788
v 12.982136 21.988640 23.405792
v 12.282135 22.046925 23.102386
v 11.882420 22.540928 23.766418
v 11.791225 22.443527 22.669769
v 12.208229 22.084866 24.332092
v 11.700489 21.719551 23.841187
v 12.097092 21.286926 24.332092
v 12.364468 21.719551 25.032089
v 12.155376 20.983528 25.032089
v 12.509071 21.311687 26.080093
v 12.654755 22.189255 25.792084
v 12.969742 21.832642 26.578018
v 12.567360 21.008289 26.780090
v 13.020363 21.516651 27.338318
v 12.549950 20.732944 27.652100
v 11.880898 20.265011 26.948090
v 11.958504 20.259296 27.925247
v 12.870720 20.135479 28.614578
v 11.948463 19.913540 28.654205
v 11.188465 19.850254 28.324799
v 11.478760 19.380547 29.084808
v 12.418167 19.380547 29.084808
v 11.938385 18.654331 29.486298
v 11.149353 18.620548 29.148087
v 11.716324 18.123516 29.389893
v 11.364754 17.811222 29.164612
v 12.112923 17.690891 29.880798
v 12.422848 18.197205 29.896149
v 12.459072 17.814060 30.540955
v 12.124012 17.291523 30.679001
v 11.756485 16.868523 30.101089
v 11.901047 16.389549 30.876999
v 11.759811 15.722549 30.091202
v 11.460464 16.389549 29.326096
v 11.364754 16.945972 29.164612
v 11.071571 17.336842 28.397034
v 11.178368 15.800854 28.573441
v 11.598213 15.542202 29.392776
v 11.247368 15.175102 28.838440
v 11.768326 14.677174 29.299103
v 11.371723 14.244549 28.808197
v 12.194466 14.129667 29.177734
v 11.740135 13.394550 28.737427
v 12.790794 13.394550 28.737427
v 12.446999 12.769379 28.414825
v 13.540966 12.770550 28.331482
v 13.126465 12.070549 28.182083
v 14.020206 12.070549 27.928192
v 13.651794 11.220551 27.857422
v 13.898842 13.103312 28.222153
v 14.541161 12.568478 27.467529
v 14.844559 13.268478 27.525818
v 14.331463 13.803312 28.489532
v 15.277184 13.759388 27.922409
v 15.031464 14.070688 28.922150
v 15.545410 14.055510 28.552734
v 14.127441 13.815243 29.396103
v 15.031464 13.959549 29.720093
v 13.795631 14.024511 30.227432
v 14.659904 13.777573 30.816406
v 15.791462 14.249844 30.189789
v 16.324455 14.680439 29.720093
v 16.314079 14.349960 29.002731
v 16.245411 14.113796 28.249344
v 16.261169 15.009846 30.480087
v 16.551460 15.479549 29.720093
v 16.617638 15.217911 28.952530
v 16.244705 16.124924 29.001999
v 16.064476 15.919895 28.215714
v 16.677330 15.424923 27.869370
v 17.358067 14.543434 28.068451
v 17.377331 15.366638 27.565979
v 18.005455 15.089981 27.462555
v 18.115795 14.578548 27.686432
v 17.809956 15.857548 27.169373
v 18.438080 15.789982 27.195175
v 18.113354 16.557549 27.111084
v 18.912464 16.557549 27.338089
v 18.442760 17.317547 27.047791
v 17.500603 17.088726 26.591522
v 18.103138 17.867065 26.401794
v 17.217010 17.833282 26.414703
v 17.670513 18.567066 26.134430
v 16.888786 18.382179 26.360031
v 16.107059 18.197292 26.585632
v 16.410458 18.897293 26.643921
v 15.710457 18.629917 27.076538
v 15.449715 17.829201 27.067780
v 15.291443 18.197575 27.776093
v 15.652172 18.933315 27.776550
v 14.951492 18.635338 28.372131
v 15.228767 19.316208 28.557190
v 14.339237 19.224834 29.032974
v 14.651237 19.951252 29.060165
v 15.688793 19.942551 28.914429
v 15.163464 20.792549 29.239090
v 16.057205 20.792549 28.985199
v 15.786385 21.640629 29.013702
v 14.587013 21.622879 29.042419
v 15.151466 22.259117 28.958557
v 15.985798 22.250435 28.700470
v 15.621170 22.951550 28.543793
v 16.381172 22.661255 28.074097
v 16.502747 21.758926 28.149231
v 15.911465 23.421261 27.783798
v 16.444458 22.990662 27.314087
v 15.911465 23.421261 26.844391
v 15.151466 23.711548 27.314087
v 15.151466 23.484543 26.514984
v 14.391468 23.421261 26.844391
v 14.652031 23.305725 26.242493
v 13.833424 22.993046 26.748428
v 13.855022 23.117168 25.848236
v 13.398430 22.559765 26.471405
v 13.124466 22.949261 25.501801
v 13.533516 22.253468 27.314087
v 13.858475 22.990662 27.314087
v 13.921761 22.661255 28.074097
v 13.800186 21.758926 28.149231
v 14.077351 22.111057 28.481567
v 13.788132 21.317879 28.389099
v 14.681763 22.951550 28.543793
v 14.391468 23.421261 27.783798
v 15.151466 23.484543 28.113205
v 14.269722 20.792549 28.985199
v 13.445370 20.590477 28.582825
v 13.818409 19.986885 28.813354
v 13.385784 19.286884 29.080750
v 13.924622 18.763065 29.476715
v 12.855473 18.688114 29.499542
v 13.122849 18.255489 30.199554
v 13.932510 18.498707 30.051208
v 13.892464 18.361565 30.662323
v 13.122849 18.255489 31.064804
v 13.892464 18.570656 31.398346
v 13.042465 18.499882 31.766754
v 12.405365 17.727352 31.464066
v 12.446358 18.018291 32.292084
v 12.192467 17.124550 32.292084
v 12.064278 16.766415 31.541656
v 12.076813 16.188301 32.406982
v 11.875469 15.793549 31.606094
v 12.200134 15.268219 32.456085
v 12.129360 14.899807 31.606094
v 12.059647 15.237221 30.795807
v 12.725468 14.418221 31.080765
v 12.461842 14.562290 29.877747
v 12.033821 14.881119 30.100433
v 12.582367 14.391445 32.164307
v 12.939304 14.094206 31.451996
v 12.950958 13.880665 32.274094
v 13.494469 13.441572 31.795120
v 13.795631 13.815422 30.963455
v 13.223419 14.094549 29.870041
v 14.269466 13.377039 31.459198
v 14.269466 13.145550 32.274094
v 15.044464 13.441572 31.795120
v 15.044464 13.441572 32.753067
v 15.587975 13.880665 32.274094
v 15.623428 14.151600 31.507416
v 15.819466 14.695549 32.274094
v 15.884174 14.952316 31.498642
v 15.942459 14.648918 30.798645
v 15.924683 15.515942 31.070068
v 15.694912 15.521915 32.295258
v 15.523445 15.174522 33.049088
v 15.474472 16.277424 32.292084
v 15.267792 16.599220 33.142090
v 15.592461 17.124550 32.292084
v 15.695839 16.801098 31.534653
v 15.850071 16.459858 30.962036
v 15.157578 17.208145 30.606873
v 15.791462 16.709255 30.189789
v 16.261169 15.949253 30.480087
v 16.324455 16.278660 29.720093
v 15.757763 16.670792 29.079559
v 15.199356 17.190262 29.615417
v 15.233154 17.028927 28.476089
v 14.893208 17.466690 29.072128
v 14.951492 17.770088 28.372131
v 15.182335 17.396576 27.767776
v 15.451626 16.414867 27.696808
v 15.509911 16.718266 26.996811
v 15.942535 16.018269 27.264191
v 16.209911 16.450890 26.564178
v 16.764580 15.897816 27.046417
v 17.197205 16.388729 26.649811
v 16.642536 17.150890 26.296814
v 15.906513 17.150890 26.505905
v 14.528770 18.183582 28.989807
v 14.470482 17.880184 29.689819
v 14.523689 17.707035 30.158691
v 14.546474 18.067875 30.880646
v 15.267792 17.649879 31.442093
v 14.742462 18.499882 31.766754
v 15.338570 18.018291 32.292084
v 14.742462 18.499882 32.817413
v 13.892464 18.824547 32.292084
v 13.892464 18.570656 33.185837
v 13.042465 18.499882 32.817413
v 13.367134 17.974548 33.667419
v 12.517136 17.649879 33.142090
v 12.998722 17.124550 33.738190
v 12.517136 16.599220 33.142090
v 13.367134 16.274551 33.667419
v 12.681862 15.767143 33.158508
v 13.725517 15.462231 33.628052
v 12.958836 15.169384 33.154221
v 13.454582 14.695549 33.592590
v 13.015488 14.216572 33.049088
v 12.632984 14.707439 32.924591
v 13.790493 13.920549 33.528076
v 13.494469 13.441572 32.753067
v 14.269466 13.377039 33.088974
v 14.748440 13.920549 33.528076
v 14.269466 14.695549 33.824097
v 15.084351 14.695549 33.592590
v 15.523445 14.216572 33.049088
v 14.813416 15.462231 33.628052
v 14.541122 16.330276 33.765106
v 13.892464 17.124550 33.992096
v 14.786205 17.124550 33.738190
v 14.417793 17.974548 33.667419
v 15.267792 17.649879 33.142090
v 13.656044 13.394550 28.737427
v 13.223419 13.885460 29.134018
v 12.591473 22.518661 25.032089
v 13.972237 10.612171 27.131363
v 13.126465 10.624443 27.375824
v 11.074463 23.498882 22.216415
v 10.224464 23.823547 21.691086
v 11.074463 23.498882 21.165756
v 11.670570 23.017292 21.691086
v 11.841290 22.554340 20.946030
v 10.736214 23.098900 20.260269
v 10.224464 23.569656 20.797348
v 20.210205 20.909550 25.563202
v 20.691795 21.434879 24.967087
v 20.691795 20.384220 24.967087
v 6.773466 21.493542 26.117203
v 6.013468 21.430256 25.787796
v 6.773466 21.720547 25.318085
v 20.899563 9.907513 23.318237
v 18.907120 10.009867 24.000336
v 19.222347 9.450169 24.291855
v 19.751904 9.781843 24.169922
v 18.712223 9.304623 24.123688
v 6.660494 20.563805 18.242462
v 8.165464 25.561550 16.067093
v 7.695757 26.321548 15.776794
v 8.635170 26.321548 15.776794
v 8.964577 25.561550 15.840088
v 8.165464 26.854542 15.346207
v 7.405466 26.791256 15.016800
v 23.927208 15.527550 19.729202
v 3.120476 17.709660 17.336090
v 3.708761 18.328007 16.820740
v 3.872953 19.175926 15.978989
v 4.891466 24.242527 11.663071
v 4.347956 23.803432 11.184097
v 21.235237 12.888912 15.634262
v 20.430347 11.550182 13.431763
v 12.842724 16.839550 2.585983
v 19.537834 13.061127 3.769974
v 19.403831 12.257198 4.199982
v 19.470833 11.923140 3.284973
v 19.172798 11.485674 4.257416
v 19.478729 10.967203 3.394653
v 19.038082 10.214806 4.539551
v 19.383789 9.931742 3.669754
v 19.247173 9.478783 4.539551
v 19.581795 9.230879 3.737091
v 19.808853 8.268053 4.401093
v 19.754742 8.201923 3.701981
v 19.760830 7.642946 4.495972
v 19.703461 7.410549 3.681091
v 19.519279 6.854221 4.491364
v 19.541473 7.006424 5.101089
v 19.393600 6.205057 5.119705
v 19.660980 6.637680 5.819702
v 19.660980 5.772434 5.819702
v 19.946815 6.317373 6.741348
v 20.346794 5.411879 6.403091
v 20.417572 5.780293 7.253098
v 19.821465 6.261877 7.778427
v 20.346794 5.411879 8.103088
v 19.496796 5.736547 8.628418
v 18.971466 6.332657 8.146835
v 18.446136 5.736547 8.628418
v 18.971466 5.001431 9.068741
v 18.077724 4.886549 8.699203
v 18.474327 4.453926 9.190109
v 17.774326 4.186548 8.757492
v 18.352570 3.791260 9.526138
v 17.603157 3.409880 8.817184
v 17.999756 2.977257 9.308090
v 17.553246 2.435547 8.653564
v 18.327137 2.238461 8.369736
v 19.027138 2.180174 8.673141
v 18.626186 3.278219 9.968903
v 18.539116 2.706972 9.892197
v 18.327137 2.447550 9.105759
v 18.942837 2.154524 9.619537
v 19.732208 1.809361 8.550369
v 20.337757 1.827757 9.045151
v 19.730518 1.843840 9.312332
v 20.064674 1.528776 7.773697
v 18.803150 1.663334 7.897461
v 19.344467 1.118443 7.300827
v 18.477692 1.392950 7.434464
v 18.045067 1.883860 7.831070
v 17.612442 1.392950 7.434464
v 17.272495 1.830715 8.030502
v 18.022743 0.969833 6.964951
v 17.322742 0.911547 7.268356
v 17.356476 0.568047 6.453461
v 16.877846 0.191496 6.943527
v 16.914845 -0.306381 6.135468
v 16.449799 -0.242781 7.736084
v 16.905838 -1.346056 6.084854
v 17.338463 -2.046057 6.352234
v 17.786221 -1.622000 5.578049
v 18.038464 -2.104344 6.048828
v 17.836391 -2.506731 6.873184
v 18.644577 -2.582237 6.561874
v 18.537037 -2.972146 7.619873
v 17.882816 -2.399207 8.096786
v 20.285530 3.194000 9.046524
v 20.517868 2.861116 9.296295
v 20.721577 2.150526 9.149963
v 20.581482 2.564548 8.036865
v 20.346794 3.495974 8.103088
v 20.719795 3.089878 7.257095
v 20.856667 2.020210 7.242905
v 21.044464 2.564548 6.407089
v 20.790573 1.670805 6.407089
v 20.194466 1.189220 6.932419
v 20.194466 1.189220 5.881760
v 19.344467 0.864548 6.407089
v 19.344467 1.118443 5.513351
v 18.666603 0.902058 5.936478
v 18.534195 1.048729 6.963425
v 18.644466 1.060156 5.209946
v 17.966602 0.634682 5.503860
v 18.153557 0.663555 4.777328
v 17.533981 -0.065319 5.236481
v 17.937523 -0.285206 4.761444
v 17.976173 0.213596 4.363098
v 18.094009 1.223124 4.416580
v 17.726677 0.596642 3.504089
v 17.917885 -0.089804 3.663086
v 18.290573 -0.922707 3.803085
v 18.280903 -1.202681 4.706314
v 17.418213 -0.921999 5.415222
v 18.635567 -1.705348 3.803085
v 18.996063 -2.090906 4.689819
v 18.477318 -1.649457 5.155090
v 18.888462 -2.175121 5.680420
v 19.484570 -2.656708 5.155090
v 19.413795 -3.025122 6.005096
v 20.036144 -3.392466 5.546097
v 19.305977 -4.068566 6.634491
v 18.968033 -3.648484 7.374527
v 19.351139 -4.337017 7.690643
v 19.555725 4.326540 9.068512
v 19.210159 3.678125 9.808029
v 19.997696 3.448446 9.640182
v 19.989563 3.955997 8.729431
v 19.865208 4.886549 8.699203
v 20.346794 4.361219 8.103088
v 16.644131 -2.889723 6.837036
v 16.668766 -3.032192 7.554123
v 16.501343 -2.628724 7.809982
v 16.435040 -2.153699 6.837036
v 16.801449 -3.550450 6.784851
v 16.534073 -3.117826 6.084854
v 16.663132 -4.075779 6.005096
v 16.235085 -3.641502 5.212540
v 16.592358 -4.444193 5.155090
v 16.189079 -3.964952 4.455093
v 16.593864 -4.620995 4.220367
v 16.105358 -4.055193 3.755096
v 16.701466 -4.536779 3.229767
v 16.418465 -4.061727 2.715851
v 15.614449 -3.658593 3.322464
v 15.718464 -3.794351 2.283234
v 16.418465 -4.061727 1.850601
v 17.053535 -4.146883 2.340393
v 17.061638 -3.875378 1.526230
v 17.791302 -3.508389 1.938995
v 17.394699 -3.075765 1.448090
v 17.011456 -3.509561 0.748093
v 17.238461 -2.710450 0.748093
v 17.046547 -3.241381 -0.010788
v 17.505836 -2.277826 1.448090
v 17.447552 -1.974426 0.748093
v 17.865799 -1.723779 1.598083
v 17.902439 -2.710450 1.938995
v 18.306122 -2.134700 2.333206
v 18.190464 -1.198450 2.448090
v 17.865799 -0.673120 1.598083
v 17.936573 -0.304707 2.448090
v 17.728554 0.070574 2.013046
v 17.438118 -0.019699 1.505203
v 17.438118 0.845547 1.505203
v 17.519463 0.806597 2.013046
v 17.728554 1.542620 2.013046
v 17.858604 1.588860 1.063278
v 18.219463 1.939220 1.580414
v 18.219463 1.939220 0.529770
v 18.845806 2.296453 0.989792
v 18.742348 2.203899 1.634094
v 19.477463 2.644222 1.037766
v 19.152794 3.169552 0.187759
v 18.452797 2.902174 -0.244858
v 18.023476 2.371222 -0.356354
v 17.555351 1.613779 -0.067047
v 18.839897 3.646509 -0.411179
v 19.521206 4.019550 0.116989
v 19.153412 4.762089 -0.427521
v 19.645561 4.950102 0.086746
v 19.586033 5.462090 -0.694901
v 20.002792 4.544880 0.713089
v 19.612900 5.434246 1.065155
v 19.652802 5.915043 0.217087
v 20.049400 6.347666 -0.273834
v 20.278465 5.876844 -1.132202
v 20.748177 6.636843 -0.841904
v 20.811459 6.307438 -1.601913
v 21.038464 7.106550 -1.601913
v 20.846550 6.575619 -2.360794
v 20.748177 7.576258 -2.361908
v 20.809429 7.091293 -2.958221
v 20.904839 6.272219 -3.060791
v 21.149841 6.606693 -3.505890
v 20.736393 7.143270 -3.975815
v 21.496681 7.092651 -4.291809
v 20.938465 7.545658 -4.800171
v 21.788464 7.474878 -5.168579
v 22.345253 6.957581 -4.523392
v 22.397350 7.225201 -5.442902
v 21.596947 7.618048 -6.289673
v 20.505840 8.036568 -5.196762
v 20.675602 8.084417 -6.089142
v 20.184692 8.481018 -5.656509
v 19.931442 8.279764 -5.115509
v 20.238464 7.603945 -4.496765
v 20.245483 7.539871 -3.543182
v 19.890984 7.970259 -3.477341
v 19.400074 8.366859 -3.909958
v 20.182095 7.913357 -2.864410
v 19.627792 8.683445 -2.618240
v 20.811459 7.905663 -1.601913
v 20.748177 7.576258 -0.841904
v 20.317577 7.106550 -0.308914
v 20.108841 8.087927 -0.217911
v 19.970833 8.721901 -0.693024
v 20.029121 9.025301 -1.507904
v 19.739799 9.493425 -0.635590
v 19.913464 9.961550 -1.507904
v 19.694767 9.503307 -2.470520
v 19.761742 10.465176 -2.322784
v 19.580116 10.081547 -3.059799
v 19.775291 10.841328 -1.455078
v 19.588799 10.486879 -0.657913
v 19.381172 10.026596 0.151093
v 19.634773 9.280479 0.301971
v 19.322884 9.723196 0.851089
v 19.562489 9.211536 1.400482
v 19.270458 10.094595 1.552200
v 19.537834 9.661972 2.252213
v 19.549080 10.545414 2.281647
v 19.443481 10.335316 2.887085
v 19.652573 9.599293 2.887085
v 19.841465 8.520550 0.482086
v 19.645428 7.976601 1.248779
v 19.722282 8.149220 2.076813
v 19.906464 8.705549 2.887085
v 19.768295 7.825771 2.834259
v 19.320507 7.188620 2.131088
v 19.378792 6.885220 2.831085
v 19.111416 6.452597 2.131088
v 19.277733 6.065495 2.875427
v 19.449570 6.516806 3.681091
v 18.943542 5.475145 3.508194
v 18.885254 5.778545 4.208191
v 18.572517 4.825214 4.237366
v 18.943542 5.475145 4.908188
v 18.839897 4.392591 4.937363
v 19.236496 4.825214 5.428268
v 19.539894 4.125214 5.369995
v 19.865208 4.886549 5.806992
v 20.287796 3.976000 5.753082
v 20.497803 4.418425 6.380768
v 20.790573 3.458292 6.407089
v 20.553474 4.039423 7.253098
v 20.671463 4.886549 7.253098
v 20.719795 3.089878 5.557098
v 19.998478 3.507875 4.995636
v 20.238209 2.564548 4.960983
v 20.719795 2.039219 5.557098
v 19.869797 1.714550 5.031769
v 19.415466 2.449667 4.591446
v 18.911842 1.634783 4.902695
v 18.679970 2.124847 4.180756
v 19.245972 3.018782 3.817856
v 18.706123 2.553936 3.422028
v 18.177185 2.112310 3.077713
v 17.992390 1.534040 3.637085
v 17.686275 1.715710 2.645096
v 17.477184 0.979687 2.645096
v 18.177185 2.112310 2.212463
v 18.733128 2.477901 2.475525
v 19.245972 3.018782 2.952606
v 19.477463 2.644222 2.088425
v 20.002792 3.494221 2.413086
v 20.073570 3.125807 1.563095
v 20.327461 4.019550 1.563095
v 20.002792 3.494221 0.713089
v 20.002792 4.544880 2.413086
v 20.073570 4.913294 1.563095
v 19.320507 5.716574 2.131088
v 19.276737 4.865326 3.021469
v 19.619144 4.029640 3.055756
v 18.839897 4.392591 3.537369
v 19.325348 3.607105 3.772095
v 18.781609 4.089191 4.237366
v 19.272518 3.692591 4.669983
v 19.645561 3.088999 4.439438
v 19.407562 7.062899 1.339935
v 19.388359 6.221394 1.082611
v 19.652802 6.780289 0.217087
v 19.812344 7.606186 0.365387
v 17.686275 0.243664 2.645096
v 18.118736 -0.471395 2.997421
v 18.457840 -1.631073 3.148087
v 18.926796 -2.636122 2.905090
v 18.997570 -2.267709 3.755096
v 19.278679 -3.406037 3.183441
v 19.522007 -2.974858 4.050842
v 19.991409 -3.652807 3.649399
v 20.012917 -3.371458 4.483459
v 20.712463 -3.790475 4.051117
v 20.712463 -3.790475 5.009064
v 21.255974 -4.229568 4.530090
v 21.191444 -4.565475 5.305084
v 20.416439 -4.269451 5.784073
v 20.752350 -5.044451 5.848602
v 20.031162 -4.456522 6.186523
v 19.969116 -5.399109 6.573212
v 19.634560 -4.889146 6.677429
v 19.576275 -5.192546 7.377441
v 19.362511 -5.816311 7.204102
v 19.234974 -5.955219 6.590607
v 19.711300 -5.982864 6.144119
v 19.426743 -6.470268 5.757416
v 18.616467 -6.400557 6.094833
v 18.616467 -6.654450 5.201096
v 17.766468 -6.329780 5.726425
v 18.040497 -5.918831 6.614166
v 18.051888 -5.633865 7.343140
v 18.375576 -5.961647 8.190338
v 19.102985 -5.659028 8.122299
v 17.494331 -5.140335 6.901855
v 17.241135 -5.479779 6.051086
v 16.859100 -4.722053 6.015976
v 16.930511 -4.508403 6.705093
v 16.813087 -5.045503 5.258530
v 17.170361 -5.848193 5.201096
v 17.241135 -5.479779 4.351089
v 17.766468 -6.329780 4.675766
v 18.091137 -5.804451 3.825760
v 17.494331 -5.140335 3.500320
v 17.984089 -5.098468 3.257950
v 17.551464 -4.607556 2.861343
v 18.682755 -5.883702 3.532150
v 19.110725 -5.077791 3.105103
v 19.458492 -5.819450 3.276123
v 19.937466 -5.044451 2.980087
v 19.373600 -4.479959 3.021698
v 20.416439 -4.269451 3.276123
v 20.752350 -5.044451 3.211578
v 21.191444 -4.565475 3.755096
v 21.191444 -5.523427 3.755096
v 21.487465 -5.044451 4.530090
v 21.255974 -5.859334 4.530090
v 21.191444 -5.523427 5.305084
v 20.712463 -6.298427 5.009064
v 20.416439 -5.819450 5.784073
v 19.981110 -6.452765 5.383804
v 19.937466 -6.594451 4.530090
v 19.162014 -6.659156 4.786865
v 20.712463 -6.298427 4.051117
v 19.937466 -6.362959 3.715210
v 18.616467 -6.400557 4.307343
v 20.416439 -5.819450 3.276123
v 19.004711 -3.656872 2.793655
v 18.445206 -3.161450 2.308990
v 18.076794 -4.011451 2.379761
v 16.987309 -3.869919 7.556702
v 19.800915 11.939850 -1.883591
v 19.697174 12.881256 -1.936905
v 19.190983 9.102882 -3.909958
v 19.440533 8.676365 -4.682892
v 16.391510 -1.411427 8.436096
v 12.511600 15.390171 5.312820
v 15.635002 -5.061793 -2.367203
v 15.316116 -5.884453 -2.319031
v 15.042114 -6.725882 -2.328247
v 15.042114 -7.591129 -2.328247
v 15.416439 -7.812200 -2.977280
v 15.707031 -8.421989 -2.199142
v 15.206841 -8.282550 -1.838394
v 15.639465 -8.773461 -1.441803
v 14.633087 -8.883092 -1.504135
v 15.169762 -9.306451 -1.011200
v 16.109169 -9.306451 -1.011200
v 15.639465 -10.066450 -0.720901
v 14.840355 -10.066450 -0.947922
v 16.438576 -10.066450 -0.947922
v 16.109169 -10.826450 -1.011200
v 16.869171 -10.536156 -1.480911
v 16.399464 -11.296156 -1.771210
v 17.007637 -10.930223 -2.193268
v 17.283928 -10.066450 -2.173340
v 17.763142 -10.272698 -2.685013
v 17.460293 -11.038561 -2.745300
v 18.127174 -10.665156 -3.281906
v 17.657463 -11.425157 -3.572205
v 18.190456 -10.994562 -4.041916
v 18.417461 -10.195451 -4.041916
v 18.127174 -9.725745 -3.281906
v 17.225857 -9.334940 -2.595016
v 17.657463 -8.965745 -3.572205
v 16.642464 -8.649122 -2.955582
v 16.607349 -8.267087 -3.713303
v 17.160126 -8.052002 -4.099213
v 17.714794 -8.719074 -4.021210
v 17.982170 -8.286450 -4.721207
v 17.678772 -7.586451 -4.779495
v 15.907349 -8.208799 -3.409912
v 16.399464 -8.836744 -1.771210
v 16.869171 -9.596745 -1.480911
v 14.023811 -2.675448 9.196320
v 16.629467 11.922548 11.659088
v -11.869645 -20.221451 4.475082
v 10.167175 -3.789420 0.576492
v 10.104286 -3.030263 0.555542
v 10.524437 -2.359511 0.772736
v 9.785713 -2.550568 1.233444
v 10.240044 -1.815452 1.673767
v 9.374794 -1.815452 1.673767
v 10.173473 -1.403315 2.112228
v 10.873474 -1.345028 1.808838
v 10.512630 -0.884380 2.727661
v 11.306099 -0.645027 2.076202
v 11.082420 -0.166426 2.920090
v 11.294853 0.238415 2.105652
v 11.291512 0.569597 2.920090
v 11.172470 1.054550 2.135086
v 11.084373 1.370331 2.719894
v 11.048004 1.961555 2.067520
v 10.877239 2.171064 2.519699
v 10.762764 2.656881 1.807709
v 11.462761 2.389503 1.375092
v 11.030140 3.089504 1.107712
v 10.330139 3.147791 1.411118
v 10.330139 3.356880 0.675095
v 9.234360 2.848156 1.084366
v 9.366428 2.811642 0.256989
v 10.626873 0.406982 -1.121735
v 9.842812 0.914669 -1.233490
v 10.131596 0.477129 -1.421738
v 10.977470 1.189548 -0.960052
v 11.374069 0.756926 -0.469147
v 11.032288 -0.063847 -0.625427
v 11.462761 -0.280403 -0.024902
v 11.730141 0.152220 0.675095
v 11.632847 -0.411196 0.667542
v 11.365471 -0.843819 -0.032455
v 11.423756 -1.147219 0.667542
v 11.241455 -1.338324 0.139099
v 11.364384 -0.948427 1.376205
v 10.940041 -1.548075 1.241135
v 11.032364 -2.074347 0.139099
v 11.573475 -0.212404 1.376205
v 11.462761 0.584843 1.375092
v 11.625008 1.122049 0.415405
v 11.462761 1.524258 1.375092
v 11.730141 1.956881 0.675095
v 11.374069 1.622171 -0.469147
v 11.462761 2.389503 -0.024902
v 11.521049 2.692904 0.675095
v 11.030140 3.089504 0.242462
v 10.762764 2.656881 -0.457535
v 10.330139 3.147791 -0.060928
v 9.365772 2.200054 -0.500107
v 10.674072 1.889549 -0.901764
v 13.155426 6.830822 8.770523
v 15.224106 12.975613 6.702698
v 9.747322 -17.878511 -3.088913
v 5.290104 -21.428623 -7.371689
v -14.285645 -17.529451 4.173080
v -14.017466 -16.770567 4.208176
v -14.083149 -15.833998 4.155823
v 8.649113 -1.884505 1.453049
v 7.518358 0.017815 4.063538
v -6.020144 -16.365961 -3.314789
v -15.202016 -14.763561 2.740601
v 7.820120 -12.325811 7.799622
v 7.967321 -12.292665 9.140259
v 8.037752 -11.638243 8.700317
v 7.787859 -11.564308 7.525085
v 8.053778 -10.971460 8.316040
v -1.147243 -11.024124 9.094604
v 6.716072 -3.296674 2.466614
v 6.309067 -2.997365 2.163834
v 2.126465 -15.549451 -6.980911
v -4.090488 -15.043290 -4.402008
v -0.348707 -10.298895 9.523087
v 2.678885 -12.966167 8.130463
v 6.031538 -10.374730 6.498184
v 8.592720 1.370302 7.824493
v 10.998466 -7.730451 -8.732910
v 6.328438 -15.657769 -7.057785
v -10.246241 -11.322451 -1.925613
v -11.006241 -11.612745 -1.455902
v -10.903654 -10.569997 -0.834900
v -11.402841 -11.180120 -0.964996
v -11.827274 -10.607723 -0.821808
v -11.336278 -9.869997 -0.567520
v -10.600254 -9.869997 -0.776611
v -11.131441 -9.110451 -0.568329
v -10.395417 -9.110451 -0.777420
v -10.698817 -8.410451 -0.835709
v -9.998817 -8.677827 -1.268326
v -10.548911 -7.850451 -1.451279
v -9.639864 -8.355780 -1.927902
v -10.281535 -7.417827 -2.151291
v -9.207862 -9.241902 -1.731918
v -9.661903 -9.652585 -1.205505
v -8.697159 -9.767468 -1.575058
v -9.000559 -10.467468 -1.516769
v -8.390167 -10.382872 -0.754791
v -8.470640 -11.546009 -1.513794
v -8.282639 -11.339573 -0.609848
v -7.778510 -10.998404 0.026001
v -9.306829 -11.322451 -1.925613
v -9.812927 -10.732474 -1.589127
v -9.965303 -10.352585 -1.263794
v -0.636927 -8.827868 -2.351486
v 0.799925 -7.303111 -0.367249
v 0.841089 -6.274450 -0.518219
v 1.212133 -6.922566 -0.201523
v 1.481756 -7.231125 0.252609
v 1.912134 -6.655190 0.231094
v 1.515533 -6.222567 -0.259811
v 1.698229 -5.599685 0.320221
v 1.220652 -5.628986 -0.143448
v 0.616583 -5.755836 -0.487106
v -1.961018 -8.771742 1.513763
v -4.030533 -8.125745 2.792801
v 6.753443 -11.709451 -10.814880
v 7.049465 -12.188427 -10.039886
v 6.274466 -12.252959 -10.375793
v 5.795488 -11.709451 -10.814880
v 5.499466 -12.188427 -10.039886
v -22.389490 -3.432424 6.583054
v -0.083530 -9.322451 4.457947
v 9.755878 5.008989 -2.648315
v 5.839918 -7.696748 -7.858719
v -14.219035 -8.851437 -2.968170
v -25.207535 -6.557157 1.590790
v -25.740524 -6.126561 1.121094
v -25.677240 -5.797156 1.881088
v -3.631536 7.125877 -17.842239
v -2.780535 6.868944 -17.808044
v -2.851768 6.987566 -17.316910
v -2.080534 6.810658 -17.504654
v -2.080534 7.064550 -16.610901
v -1.230536 6.739878 -17.136230
v -1.230536 6.739878 -16.085587
v -2.080534 6.810658 -15.717163
v -1.555204 6.214548 -15.235580
v -2.513157 6.294315 -15.106522
v -2.744871 6.755911 -15.597870
v -1.989481 5.421989 -14.807541
v -2.670757 5.272549 -14.645081
v -0.705206 5.889879 -15.760910
v -0.634426 6.258293 -16.610901
v -0.380533 5.364550 -16.610901
v -0.705206 5.889879 -17.460907
v -0.370024 5.146433 -17.615906
v -0.297327 4.787487 -16.802734
v -0.138535 4.331549 -17.615906
v -0.434557 4.810526 -18.390915
v -0.434557 3.852571 -18.390915
v -0.873650 4.331549 -18.934418
v -1.209557 3.556549 -18.869888
v -1.688534 4.331549 -19.165909
v -2.167511 3.556549 -18.869888
v -1.209557 5.106548 -18.869888
v -0.958401 5.550434 -18.311676
v -1.688534 5.702585 -18.529938
v -1.555204 6.214548 -17.986237
v -2.513157 6.294315 -18.115295
v -11.447489 -4.801959 5.147705
v -11.447489 -4.801959 4.282455
v -10.747489 -4.860247 3.979065
v -6.699371 7.529892 -15.999817
v -18.531631 11.693478 -19.797623
v -19.247749 3.764566 1.290436
v -18.921490 3.236666 1.492081
v -18.944351 4.464567 1.232162
v -19.795769 13.607096 -11.164200
v -21.529530 11.436947 -11.832916
v -21.944534 10.917526 -12.311890
v -22.488043 10.478434 -11.832916
v -22.423512 10.142527 -12.607910
v -21.648510 10.438549 -13.086884
v -19.237846 8.127972 -5.275909
v -18.746935 8.524572 -4.843292
v -18.046936 8.582859 -4.539886
v -18.867535 8.334539 -11.699036
v -17.194878 5.832478 -4.429626
v -17.546535 6.213116 -4.320374
v -14.880883 2.617924 -7.680420
v -14.327748 3.217278 -7.141876
v -13.712301 3.888550 -7.401886
v -13.472045 4.507057 -7.638138
v -12.976277 3.888550 -7.192810
v -13.904669 5.207058 -7.905518
v -13.168645 5.207058 -7.696426
v -13.472045 5.907059 -7.638138
v -12.680325 6.176086 -7.099182
v -11.964088 5.498955 -7.393921
v -11.845641 6.344839 -7.385956
v -11.449041 5.912216 -7.876877
v -11.026558 6.629284 -7.912033
v -11.492829 7.158842 -7.167908
v -11.179158 7.263155 -7.579147
v -14.337293 5.907059 -7.638138
v -13.904669 6.397968 -7.241547
v -18.185467 3.236666 1.701172
v -6.044243 -1.259451 1.189804
v -6.975582 -1.069450 1.106049
v -7.863183 -1.584612 1.532486
v -8.130559 -2.017235 2.232483
v -5.740843 -0.559450 1.131516
v -10.765493 2.194574 -7.088913
v -6.484636 4.996653 -2.693695
v -5.259773 -6.508656 8.372574
v -15.187958 -2.558930 -4.686432
v 9.710674 1.620197 -0.954422
v 17.285194 -4.829273 7.875916
v 17.746719 -5.562715 8.093994
v 9.394226 2.816797 1.859665
v 8.950466 21.008648 23.838943
v 18.103542 9.514986 22.633423
v 20.348225 10.086323 23.835236
v 12.569340 0.628136 11.214325
v 11.948681 0.549946 11.121521
v 11.299679 0.214176 10.772354
v 9.185394 6.294668 8.880890
v 7.927637 -0.309349 2.424744
v 6.542938 9.483725 3.026947
v 6.372293 9.776386 6.673523
v 7.843369 -5.755088 -6.614944
v 7.126188 -6.100739 -6.958908
v 6.569818 -6.616454 -7.192474
v 6.126648 -7.200951 -7.450943
v 4.225103 -10.543680 -8.619476
v 9.053768 5.833485 -0.174133
v 8.717560 8.515142 2.833069
v 9.594364 8.150455 2.321609
v 19.433765 -5.170928 7.904221
v 16.972721 -1.358437 9.296280
v 17.398403 -1.900661 8.853973
v 12.750015 -2.012731 7.659378
v 11.726986 -1.762874 8.569733
v 11.815449 -2.309464 8.102509
v 11.355991 -1.195816 9.086182
v 11.022388 -0.690775 9.619843
v 16.384186 -2.571731 8.299164
v 16.111103 -2.605186 8.870407
v 11.021984 -0.234999 10.183945
v 5.653536 -4.051526 4.426514
v 5.345686 -3.925048 3.790237
v 9.091579 -0.688986 -2.430267
v 8.440296 -0.930721 -2.721115
v 5.706465 -4.645405 -3.577438
v 7.011557 -3.075013 7.007294
v 6.505857 -3.625051 6.718674
v 3.503981 -4.992779 3.495468
v 10.209183 2.781813 -5.011658
v 10.226620 2.113447 -4.740631
v 10.183258 1.452114 -4.538040
v 9.628448 0.473215 -4.423584
v 9.432430 -2.958416 -8.137634
v 10.189480 3.479900 -5.054459
v 8.049585 -5.131195 -4.592865
v 9.468227 -3.496601 -8.009506
v 8.638168 -1.265312 -7.337051
v 8.314682 -0.399197 -6.389969
v 1.087637 -12.452120 -6.849670
v 0.662104 -13.009754 -7.191238
v -2.231041 -14.236616 -8.415497
v -2.870699 -14.801060 -6.433090
v -4.769964 -13.668892 -5.565948
v -9.189878 -15.564665 -6.024048
v 5.493982 -11.455914 8.828674
v 3.577433 -6.600221 6.081573
v -3.831657 -6.966523 -1.834595
v -6.005278 -8.864820 -4.123978
v -6.672052 -8.595964 -3.980759
v -4.342867 -8.943351 -3.085297
v 0.236246 -10.245039 9.395676
v -9.876260 -7.493532 -3.750748
v -11.762502 -7.915620 -3.663284
v -4.722670 -4.842059 -1.530121
v -4.619083 -4.201477 -1.366425
v -4.301058 -3.686902 -0.943466
v -3.235010 -2.498229 0.787323
v -3.216463 -2.246156 1.249222
v -18.580055 8.078505 -14.687256
v -13.431636 -8.768974 -2.959625
v -19.259064 -6.264306 -7.118698
v -19.404318 -5.748856 -6.466232
v 0.196543 -6.098618 5.893112
v -7.016569 -0.291885 -8.022842
v -8.135423 5.255117 0.881516
v -6.094957 1.969778 -3.638672
v -6.454069 5.529299 -0.486649
v -7.067671 4.158649 -2.137909
v -15.839956 0.168684 -7.853745
v -16.734158 3.356882 -13.776245
v -16.269999 5.504507 -14.105103
v -20.750883 7.306200 -13.185349
v -21.062302 7.417303 -13.334335
v -16.763369 1.761057 -9.081375
v -17.841900 7.650036 -20.904251
v -2.683470 6.415752 -11.129013
v -15.088859 6.568769 -23.915497
v -15.619074 5.036287 -25.267807
v -14.279718 2.609068 -23.988129
v -13.776786 3.044600 -23.339737
v -13.223329 3.742682 -22.858521
v -14.289980 3.018040 -16.163361
v -2.897499 7.300579 -9.510208
v -3.459681 6.863298 -9.144852
v -4.223753 6.404955 -9.140564
v -1.179251 2.137403 -15.936340
v -5.032265 2.390867 -8.701767
v -5.751657 1.354677 -8.481232
v -12.755139 4.142416 -21.525620
v -12.890629 4.135637 -22.254425
v -0.911804 3.694302 -15.121078
v -0.721395 2.133055 -16.254089
v 12.429020 -2.916442 7.969955
v 12.098175 -2.820153 7.959213
f 1 2 3
f 4 1 3
f 5 1 4
f 6 2 1
f 7 6 1
f 8 7 1
f 9 8 1
f 10 9 1
f 11 12 13
f 14 12 11
f 15 14 11
f 16 14 15
f 17 16 15
f 18 17 15
f 19 17 18
f 20 17 19
f 21 20 19
f 22 21 19
f 23 21 22
f 24 23 22
f 25 23 24
f 26 25 24
f 27 26 24
f 28 27 24
f 29 27 28
f 30 27 29
f 31 27 30
f 32 31 30
f 33 34 35
f 36 33 35
f 37 33 36
f 38 37 36
f 39 37 38
f 40 39 38
f 41 40 38
f 42 39 40
f 43 42 40
f 44 43 40
f 45 43 44
f 46 45 44
f 47 46 44
f 48 47 44
f 49 47 48
f 50 49 48
f 51 49 50
f 52 51 50
f 53 51 52
f 54 53 52
f 55 53 54
f 56 55 54
f 57 55 56
f 58 57 56
f 59 58 56
f 60 58 59
f 61 60 59
f 62 60 61
f 63 64 65
f 66 63 65
f 67 68 69
f 70 67 69
f 71 67 70
f 72 71 70
f 73 72 70
f 74 72 73
f 75 72 74
f 76 72 75
f 77 76 75
f 78 77 75
f 79 78 75
f 80 78 79
f 81 80 79
f 82 80 81
f 83 82 81
f 84 82 83
f 85 84 83
f 86 85 83
f 87 85 86
f 88 87 86
f 89 87 88
f 90 89 88
f 91 90 88
f 92 91 88
f 93 91 92
f 94 93 92
f 95 93 94
f 96 95 94
f 97 95 96
f 98 97 96
f 99 97 98
f 100 97 99
f 101 100 99
f 102 101 99
f 103 101 102
f 104 103 102
f 105 104 102
f 106 105 102
f 107 105 106
f 108 105 107
f 109 108 107
f 110 108 109
f 111 110 109
f 112 110 111
f 113 112 111
f 114 113 111
f 115 114 111
f 116 115 111
f 109 116 111
f 117 116 109
f 118 117 109
f 119 117 118
f 120 119 118
f 121 119 120
f 122 121 120
f 123 122 120
f 124 122 123
f 125 124 123
f 126 124 125
f 127 126 125
f 128 126 127
f 129 126 128
f 130 129 128
f 131 130 128
f 132 130 131
f 128 133 131
f 134 133 128
f 127 134 128
f 135 136 137
f 138 136 135
f 139 138 135
f 140 139 135
f 137 140 135
f 141 139 140
f 142 141 140
f 143 141 142
f 144 139 141
f 138 139 144
f 145 138 144
f 146 145 144
f 147 146 144
f 148 146 147
f 149 148 147
f 150 149 147
f 151 150 147
f 152 150 151
f 153 152 151
f 154 153 151
f 155 153 154
f 156 155 154
f 157 153 155
f 158 157 155
f 159 157 158
f 160 159 158
f 161 160 158
f 162 160 163
f 164 162 163
f 165 164 163
f 166 164 165
f 167 162 164
f 168 162 167
f 169 168 167
f 170 169 167
f 164 170 167
f 171 169 170
f 172 171 170
f 173 172 170
f 174 172 173
f 175 174 173
f 176 175 173
f 177 175 176
f 178 177 176
f 179 177 178
f 180 179 178
f 181 180 178
f 182 179 180
f 183 182 180
f 184 183 180
f 185 183 184
f 186 187 188
f 189 186 188
f 190 186 189
f 191 190 189
f 192 186 190
f 187 186 192
f 193 187 192
f 194 195 193
f 192 194 193
f 196 195 194
f 197 196 194
f 198 197 194
f 199 197 198
f 200 199 198
f 201 200 198
f 202 200 201
f 203 202 201
f 204 203 201
f 205 203 204
f 206 205 204
f 207 205 206
f 208 207 206
f 209 208 206
f 210 208 209
f 211 208 210
f 212 211 210
f 213 211 212
f 214 213 212
f 215 214 212
f 216 214 215
f 217 213 214
f 216 217 214
f 218 213 217
f 219 218 217
f 220 219 217
f 221 220 217
f 222 220 221
f 223 222 221
f 224 223 221
f 225 224 221
f 226 224 225
f 227 226 225
f 228 226 227
f 229 228 227
f 230 229 227
f 231 228 229
f 232 228 231
f 233 232 231
f 234 233 231
f 235 233 234
f 236 233 235
f 237 236 235
f 238 237 235
f 239 238 235
f 240 238 239
f 241 238 240
f 242 241 240
f 243 241 242
f 244 243 242
f 245 243 244
f 246 245 244
f 247 245 246
f 248 247 246
f 249 248 246
f 250 249 246
f 251 249 250
f 252 251 250
f 253 251 252
f 254 253 252
f 255 253 254
f 256 255 254
f 257 255 256
f 258 257 256
f 259 258 256
f 260 258 259
f 261 258 260
f 262 261 260
f 263 262 260
f 264 262 263
f 265 264 263
f 266 264 265
f 267 266 265
f 268 267 265
f 269 267 268
f 270 266 267
f 271 270 267
f 272 270 271
f 273 272 271
f 274 272 273
f 275 274 273
f 276 274 275
f 277 276 275
f 278 276 277
f 279 278 277
f 280 278 279
f 281 280 279
f 282 280 281
f 283 282 281
f 284 283 281
f 279 284 281
f 277 284 279
f 285 283 284
f 286 285 284
f 287 286 284
f 288 286 287
f 289 286 288
f 290 289 288
f 291 286 289
f 292 291 289
f 293 291 292
f 294 293 292
f 295 294 292
f 296 295 292
f 289 296 292
f 290 296 289
f 297 296 290
f 298 297 290
f 299 297 298
f 300 297 299
f 301 300 299
f 302 300 301
f 303 302 301
f 304 303 301
f 305 302 303
f 306 305 303
f 307 305 306
f 308 307 306
f 309 307 308
f 310 311 312
f 313 307 309
f 305 307 313
f 314 305 313
f 302 305 314
f 300 302 314
f 296 297 300
f 314 296 300
f 295 296 314
f 313 295 314
f 294 295 313
f 309 294 313
f 315 294 309
f 293 294 315
f 311 293 315
f 310 293 311
f 291 293 310
f 286 291 310
f 285 286 310
f 312 285 310
f 316 285 312
f 317 285 316
f 283 285 317
f 318 278 280
f 319 318 280
f 320 278 318
f 321 278 320
f 322 321 320
f 323 321 322
f 276 278 321
f 274 276 321
f 323 274 321
f 324 274 323
f 325 324 323
f 326 325 323
f 327 325 326
f 328 325 327
f 329 328 327
f 330 329 327
f 331 330 327
f 332 330 331
f 333 332 331
f 334 332 333
f 335 334 333
f 336 334 335
f 337 336 335
f 338 336 337
f 339 338 337
f 340 339 337
f 341 338 339
f 342 341 339
f 343 341 342
f 344 341 343
f 345 344 343
f 346 344 345
f 347 346 345
f 348 347 345
f 349 348 345
f 350 348 349
f 351 348 350
f 352 351 350
f 353 352 350
f 354 352 353
f 355 352 354
f 356 355 354
f 357 356 354
f 358 357 354
f 359 357 358
f 360 359 358
f 361 359 360
f 362 361 360
f 363 361 362
f 364 363 362
f 365 363 364
f 366 363 365
f 367 366 365
f 368 367 365
f 369 367 368
f 370 369 368
f 371 370 368
f 372 370 371
f 373 372 371
f 374 373 371
f 375 376 377
f 375 378 376
f 379 378 375
f 380 379 375
f 381 379 380
f 382 379 381
f 383 382 381
f 384 383 381
f 385 383 384
f 386 385 384
f 387 385 386
f 388 387 386
f 389 387 388
f 390 389 388
f 391 390 388
f 392 391 388
f 393 391 392
f 394 391 393
f 395 394 393
f 396 395 393
f 397 396 393
f 398 396 397
f 399 396 398
f 395 396 399
f 400 395 399
f 401 400 399
f 402 401 399
f 403 401 402
f 404 403 402
f 405 404 402
f 406 405 402
f 407 405 406
f 408 407 406
f 409 407 408
f 410 407 409
f 411 410 409
f 412 411 409
f 413 411 412
f 414 411 413
f 415 411 414
f 416 415 414
f 417 416 414
f 418 417 414
f 413 418 414
f 419 418 413
f 420 418 419
f 421 420 419
f 422 421 419
f 423 421 422
f 424 423 422
f 425 423 424
f 426 425 424
f 427 425 426
f 428 427 426
f 429 428 426
f 430 428 429
f 431 428 430
f 432 431 430
f 433 431 432
f 434 433 432
f 435 434 432
f 436 434 435
f 437 436 435
f 438 436 437
f 439 436 438
f 440 439 438
f 441 439 440
f 442 441 440
f 443 441 442
f 444 443 442
f 445 444 442
f 446 444 445
f 447 446 445
f 448 446 447
f 449 448 447
f 450 448 449
f 451 450 449
f 452 450 451
f 453 450 452
f 454 453 452
f 455 454 452
f 456 454 455
f 457 456 455
f 458 456 457
f 459 456 458
f 460 459 458
f 461 460 458
f 462 461 458
f 463 461 462
f 464 463 462
f 465 464 462
f 466 464 465
f 467 466 465
f 468 467 465
f 469 467 468
f 470 467 469
f 471 470 469
f 472 471 469
f 473 472 469
f 474 473 469
f 475 473 474
f 476 473 475
f 477 476 475
f 478 477 475
f 479 476 477
f 480 479 477
f 481 479 480
f 482 481 480
f 483 481 482
f 484 483 482
f 485 484 482
f 486 484 485
f 487 486 485
f 488 486 487
f 489 486 488
f 490 486 489
f 491 490 489
f 492 490 491
f 493 492 491
f 494 493 491
f 495 492 493
f 496 495 493
f 497 495 496
f 498 497 496
f 499 497 498
f 500 499 498
f 501 500 498
f 502 500 501
f 503 502 501
f 504 503 501
f 505 504 501
f 506 504 505
f 507 506 505
f 508 507 505
f 509 507 508
f 510 507 509
f 511 507 510
f 512 511 510
f 513 512 510
f 514 512 513
f 515 512 514
f 516 515 514
f 517 515 516
f 518 517 516
f 519 517 518
f 520 519 518
f 521 520 518
f 522 521 518
f 523 521 522
f 524 523 522
f 525 524 522
f 526 524 525
f 527 526 525
f 528 526 527
f 529 528 527
f 530 528 529
f 531 530 529
f 532 530 531
f 533 532 531
f 534 533 531
f 535 533 534
f 536 533 535
f 537 536 535
f 538 537 535
f 539 538 535
f 540 538 539
f 541 538 540
f 542 541 540
f 543 542 540
f 544 545 546
f 547 544 546
f 548 547 546
f 549 547 548
f 550 549 548
f 551 552 553
f 550 552 551
f 549 550 551
f 554 549 551
f 555 549 554
f 556 555 554
f 557 555 556
f 558 557 556
f 559 558 556
f 560 558 559
f 561 560 559
f 562 561 559
f 563 562 559
f 556 563 559
f 564 561 562
f 565 564 562
f 566 565 562
f 567 566 562
f 568 566 567
f 569 568 567
f 570 569 567
f 571 570 567
f 572 571 567
f 573 571 572
f 574 573 572
f 575 573 574
f 576 575 574
f 577 575 576
f 578 577 576
f 579 578 576
f 580 578 579
f 581 580 579
f 582 580 581
f 583 584 585
f 586 587 584
f 588 587 586
f 589 588 586
f 590 588 589
f 591 590 589
f 592 591 589
f 593 591 592
f 594 593 592
f 595 593 594
f 596 595 594
f 597 595 596
f 598 597 596
f 599 598 596
f 600 599 596
f 601 599 600
f 602 601 600
f 603 601 602
f 604 603 602
f 605 604 602
f 606 604 605
f 607 604 606
f 608 607 606
f 609 608 606
f 610 608 609
f 611 610 609
f 612 610 611
f 613 610 612
f 614 613 612
f 615 614 612
f 616 614 615
f 617 616 615
f 618 617 615
f 619 617 618
f 620 619 618
f 621 620 618
f 622 620 621
f 623 622 621
f 624 622 623
f 625 624 623
f 626 619 620
f 627 619 626
f 628 627 626
f 629 628 626
f 630 628 629
f 631 630 629
f 632 631 629
f 633 631 632
f 634 631 633
f 635 631 634
f 636 635 634
f 637 631 635
f 636 637 635
f 638 637 636
f 639 638 636
f 640 638 639
f 641 640 639
f 642 641 639
f 643 640 641
f 644 643 641
f 645 644 641
f 646 644 645
f 647 646 645
f 648 647 645
f 649 647 648
f 650 649 648
f 651 649 650
f 652 651 650
f 653 652 650
f 654 652 653
f 655 654 653
f 656 654 655
f 657 656 655
f 658 656 657
f 659 656 658
f 660 659 658
f 661 659 660
f 662 661 660
f 663 662 660
f 664 662 663
f 665 664 663
f 666 664 665
f 667 666 665
f 668 667 665
f 669 667 668
f 670 669 668
f 671 670 668
f 672 670 671
f 673 672 671
f 674 672 673
f 675 670 672
f 676 675 672
f 677 676 672
f 674 677 672
f 678 677 674
f 673 678 674
f 679 677 678
f 680 679 678
f 681 680 678
f 682 681 678
f 683 682 678
f 684 682 683
f 685 684 683
f 686 685 683
f 687 685 686
f 688 687 686
f 689 688 686
f 690 688 689
f 691 690 689
f 692 690 691
f 693 690 692
f 694 693 692
f 695 694 692
f 696 695 692
f 697 695 696
f 698 697 696
f 699 697 698
f 700 699 698
f 701 700 698
f 702 701 698
f 703 700 701
f 704 703 701
f 705 703 704
f 706 703 705
f 707 706 705
f 708 707 705
f 709 707 708
f 710 709 708
f 711 709 710
f 712 711 710
f 713 711 712
f 714 713 712
f 715 713 714
f 716 713 715
f 717 716 715
f 718 717 715
f 719 718 715
f 720 718 719
f 721 720 719
f 722 720 721
f 723 722 721
f 724 722 723
f 725 724 723
f 726 725 723
f 727 725 726
f 728 727 726
f 729 727 728
f 730 729 728
f 731 729 730
f 732 731 730
f 733 731 732
f 734 733 732
f 735 734 732
f 736 735 732
f 737 736 732
f 738 736 737
f 739 738 737
f 740 739 737
f 741 739 740
f 742 741 740
f 743 739 741
f 744 743 741
f 745 743 744
f 746 745 744
f 747 745 746
f 748 745 747
f 749 748 747
f 750 749 747
f 751 750 747
f 752 751 747
f 746 752 747
f 753 751 752
f 754 751 753
f 755 754 753
f 756 754 755
f 757 756 755
f 758 756 757
f 759 758 757
f 760 758 759
f 761 760 759
f 762 761 759
f 763 762 759
f 764 762 763
f 765 764 763
f 766 764 765
f 767 766 765
f 768 767 765
f 769 767 768
f 770 769 768
f 771 769 770
f 772 771 770
f 773 771 772
f 774 773 772
f 775 774 772
f 776 774 775
f 777 776 775
f 778 776 777
f 779 778 777
f 780 779 777
f 781 779 780
f 782 781 780
f 783 781 782
f 784 783 782
f 785 784 782
f 786 784 785
f 787 784 786
f 788 787 786
f 789 788 786
f 790 789 786
f 791 789 790
f 792 791 790
f 793 792 790
f 794 793 790
f 795 793 794
f 796 795 794
f 797 796 794
f 798 796 797
f 799 798 797
f 800 798 799
f 801 798 800
f 802 803 804
f 805 802 804
f 806 807 808
f 809 807 806
f 810 809 806
f 811 810 806
f 812 810 811
f 813 814 812
f 815 814 813
f 816 815 813
f 817 816 813
f 818 816 817
f 819 818 817
f 820 818 819
f 821 820 819
f 822 820 821
f 823 822 821
f 824 822 823
f 825 824 823
f 826 825 823
f 827 825 826
f 828 827 826
f 829 827 828
f 830 829 828
f 831 829 830
f 832 831 830
f 833 831 832
f 834 831 833
f 835 831 834
f 836 837 838
f 839 836 838
f 840 839 838
f 841 839 840
f 842 841 840
f 843 842 840
f 844 842 843
f 845 842 844
f 846 845 844
f 847 845 846
f 848 845 847
f 849 848 847
f 850 849 847
f 851 849 850
f 852 851 850
f 853 852 850
f 854 852 853
f 855 854 853
f 856 854 855
f 857 856 855
f 858 859 860
f 861 859 858
f 862 861 858
f 863 862 858
f 864 862 863
f 865 864 863
f 866 864 865
f 867 866 865
f 868 867 865
f 869 866 867
f 870 866 869
f 871 870 869
f 872 870 871
f 873 872 871
f 874 872 873
f 875 874 873
f 876 874 875
f 870 872 877
f 878 870 877
f 866 870 878
f 864 866 878
f 862 864 878
f 877 862 878
f 861 862 877
f 875 879 876
f 854 856 879
f 875 854 879
f 852 854 875
f 873 852 875
f 851 852 873
f 871 851 873
f 869 851 871
f 849 851 869
f 867 849 869
f 848 849 867
f 868 848 867
f 845 848 868
f 842 845 868
f 841 842 868
f 865 841 868
f 863 841 865
f 839 841 863
f 836 839 863
f 858 836 863
f 860 836 858
f 837 836 860
f 829 831 835
f 857 829 835
f 827 829 857
f 855 827 857
f 825 827 855
f 853 825 855
f 824 825 853
f 850 824 853
f 847 824 850
f 846 824 847
f 822 824 846
f 844 822 846
f 820 822 844
f 818 820 844
f 843 818 844
f 816 818 843
f 840 816 843
f 880 803 802
f 881 803 880
f 882 803 881
f 883 882 881
f 884 883 881
f 885 883 884
f 886 885 884
f 887 886 884
f 888 886 887
f 889 888 887
f 890 886 888
f 889 890 888
f 885 886 890
f 891 885 890
f 892 885 891
f 893 892 891
f 894 893 891
f 890 894 891
f 895 894 890
f 896 895 890
f 889 896 890
f 897 896 889
f 898 897 889
f 899 897 898
f 900 899 898
f 901 900 898
f 902 900 901
f 903 902 901
f 904 902 903
f 905 904 903
f 906 904 905
f 907 906 905
f 908 904 906
f 909 908 906
f 910 908 909
f 911 910 909
f 912 911 909
f 913 912 909
f 914 912 913
f 915 912 914
f 916 915 914
f 917 916 914
f 913 917 914
f 918 916 917
f 919 918 917
f 920 918 919
f 917 921 919
f 922 921 917
f 913 922 917
f 923 924 925
f 926 927 928
f 929 927 926
f 930 929 926
f 931 930 926
f 932 933 930
f 934 933 932
f 935 934 932
f 936 935 932
f 937 935 936
f 938 937 936
f 939 938 936
f 940 939 936
f 941 938 939
f 942 941 939
f 943 941 942
f 944 943 942
f 945 944 942
f 946 944 945
f 947 946 945
f 948 946 947
f 949 948 947
f 950 948 949
f 951 950 949
f 952 951 949
f 953 952 949
f 954 952 953
f 955 950 951
f 956 955 951
f 957 955 956
f 958 957 956
f 959 958 956
f 960 958 959
f 961 960 959
f 962 960 961
f 963 962 961
f 964 962 963
f 965 964 963
f 966 965 963
f 961 966 963
f 967 966 961
f 968 966 967
f 969 968 967
f 970 968 969
f 971 970 969
f 972 971 969
f 973 971 972
f 974 973 972
f 975 974 972
f 976 975 972
f 977 974 975
f 978 977 975
f 976 978 975
f 979 977 978
f 980 979 978
f 981 980 978
f 982 981 978
f 983 981 982
f 984 983 982
f 985 984 982
f 986 984 985
f 987 986 985
f 988 987 985
f 989 988 985
f 982 989 985
f 990 989 982
f 991 989 990
f 992 989 991
f 993 989 992
f 994 993 992
f 995 994 992
f 996 994 995
f 997 996 995
f 998 996 997
f 999 998 997
f 1000 999 997
f 995 1001 997
f 1002 1003 1004
f 1005 1003 1002
f 1006 1003 1005
f 1007 1006 1005
f 1008 1006 1007
f 1009 1008 1007
f 1010 1009 1007
f 1011 1009 1010
f 1012 1011 1010
f 1013 1011 1012
f 1014 1013 1012
f 1015 1013 1014
f 1016 1015 1014
f 1017 1015 1016
f 1018 1017 1016
f 1019 1017 1018
f 1020 1017 1019
f 1021 1020 1019
f 1022 1021 1019
f 1023 1021 1022
f 1024 1021 1023
f 1025 1024 1023
f 1026 1025 1023
f 1027 1025 1026
f 1028 1027 1026
f 1029 1027 1028
f 1030 1029 1028
f 1031 1029 1030
f 1032 1031 1030
f 1033 1031 1032
f 1034 1033 1032
f 1035 1033 1034
f 1036 1035 1034
f 1037 1036 1034
f 1038 1036 1037
f 1039 1038 1037
f 1040 1038 1039
f 1041 1040 1039
f 1042 1040 1041
f 1043 1042 1041
f 1044 1042 1043
f 1045 1044 1043
f 1046 1045 1043
f 1047 1044 1045
f 1048 1044 1047
f 1049 1048 1047
f 1050 1049 1047
f 1051 1050 1047
f 1052 1049 1050
f 1053 1052 1050
f 1054 1053 1050
f 1055 1053 1054
f 1056 1053 1055
f 1057 1056 1055
f 1058 1056 1057
f 1059 1058 1057
f 1060 1058 1059
f 1053 1056 1058
f 1060 1053 1058
f 1052 1053 1060
f 1061 1052 1060
f 1062 1052 1061
f 1063 1062 1061
f 1064 1062 1063
f 1065 1064 1063
f 1066 1065 1063
f 1067 1066 1063
f 1068 1067 1063
f 1069 1067 1068
f 1070 1067 1069
f 1066 1067 1070
f 1071 1066 1070
f 1072 1071 1070
f 1073 1072 1070
f 1074 1072 1073
f 1075 1074 1073
f 1076 1075 1073
f 1077 1075 1076
f 1078 1077 1076
f 1079 1077 1078
f 1080 1079 1078
f 1081 1080 1078
f 1082 1080 1081
f 1083 1082 1081
f 1084 1083 1081
f 1085 1082 1083
f 1086 1082 1085
f 1087 1086 1085
f 1088 1086 1087
f 1089 1088 1087
f 1090 1089 1087
f 1091 1089 1090
f 1092 1091 1090
f 1093 1091 1092
f 1094 1093 1092
f 1095 1093 1094
f 1096 1097 1098
f 1099 1096 1098
f 1100 1096 1099
f 1101 1100 1099
f 1102 1101 1099
f 1103 1102 1099
f 1104 1102 1103
f 1105 1096 1100
f 1097 1096 1105
f 1106 1097 1105
f 1107 1106 1105
f 1108 1107 1105
f 1109 1107 1108
f 1110 1107 1109
f 1111 1110 1109
f 1112 1110 1111
f 1113 1110 1112
f 1114 1113 1112
f 1115 1114 1112
f 1116 1117 1115
f 1118 1117 1116
f 1119 1118 1116
f 1120 1119 1116
f 1121 1119 1120
f 1118 1119 1121
f 1122 1118 1121
f 1123 1122 1121
f 1124 1123 1121
f 1125 1123 1124
f 1126 1125 1124
f 1127 1126 1124
f 1128 1126 1127
f 1129 1126 1128
f 1130 1129 1128
f 1131 1130 1128
f 1132 1130 1131
f 1133 1132 1131
f 1134 1132 1133
f 1135 1134 1133
f 1136 1135 1133
f 1137 1136 1133
f 1138 1136 1137
f 1139 1136 1138
f 1140 1139 1138
f 1141 1140 1138
f 1142 1140 1141
f 1143 1140 1142
f 1144 1140 1143
f 1139 1140 1144
f 1145 1139 1144
f 1146 1145 1144
f 1147 1145 1146
f 1148 1147 1146
f 1149 1147 1148
f 1150 1149 1148
f 1151 1149 1150
f 1152 1151 1150
f 1153 1152 1150
f 1154 1152 1153
f 1155 1154 1153
f 1156 1154 1155
f 1157 1156 1155
f 1158 1156 1157
f 1159 1156 1158
f 1160 1159 1158
f 1161 1160 1158
f 1162 1161 1158
f 1157 1162 1158
f 1163 1161 1162
f 1164 1163 1162
f 1165 1164 1162
f 1166 1164 1165
f 1167 1164 1166
f 1168 1167 1166
f 1169 1168 1166
f 1170 1168 1169
f 1171 1170 1169
f 1172 1170 1171
f 1173 1172 1171
f 1174 1173 1171
f 1175 1174 1171
f 1176 1174 1175
f 1177 1176 1175
f 1178 1176 1177
f 1179 1178 1177
f 1180 1178 1179
f 1181 1180 1179
f 1179 1182 1181
f 1183 1184 1185
f 1186 1183 1185
f 1187 1186 1185
f 1188 1186 1187
f 1189 1188 1187
f 1190 1189 1187
f 1191 1190 1187
f 1192 1191 1187
f 1193 1190 1191
f 1194 1193 1191
f 1195 1193 1194
f 1196 1193 1195
f 1197 1196 1195
f 1198 1197 1195
f 1199 1197 1198
f 1200 1197 1199
f 1201 1200 1199
f 1202 1201 1199
f 1203 1201 1202
f 1204 1203 1202
f 1205 1203 1204
f 1206 1205 1204
f 1207 1206 1204
f 1208 1206 1207
f 1209 1208 1207
f 1210 1208 1209
f 1211 1210 1209
f 1212 1211 1209
f 1213 1212 1209
f 1214 1212 1213
f 1215 1214 1213
f 1216 1214 1215
f 1217 1216 1215
f 1218 1217 1215
f 1219 1217 1218
f 1220 1219 1218
f 1221 1219 1220
f 1222 1219 1221
f 1223 1222 1221
f 1224 1222 1223
f 1225 1224 1223
f 1226 1224 1225
f 1227 1226 1225
f 1228 1227 1225
f 1229 1227 1228
f 1230 1229 1228
f 1231 1230 1228
f 1232 1230 1231
f 1233 1232 1231
f 1234 1232 1233
f 1235 1234 1233
f 1236 1235 1233
f 1237 1235 1236
f 1238 1235 1237
f 1239 1238 1237
f 1240 1239 1237
f 1241 1239 1240
f 1242 1241 1240
f 1243 1242 1240
f 1244 1242 1243
f 1245 1244 1243
f 1246 1244 1245
f 1247 1246 1245
f 1248 1246 1247
f 1249 1248 1247
f 1250 1249 1247
f 1251 1249 1250
f 1252 1251 1250
f 1253 1251 1252
f 1254 1251 1253
f 1255 1254 1253
f 1256 1255 1253
f 1257 1255 1256
f 1258 1257 1256
f 1259 1257 1258
f 1260 1259 1258
f 1261 1260 1258
f 1262 1260 1261
f 1263 1260 1262
f 1264 1263 1262
f 1265 1266 1267
f 1268 1266 1265
f 1269 1268 1265
f 1270 1268 1269
f 1271 1270 1269
f 1272 1268 1270
f 1273 1268 1272
f 1274 1273 1272
f 1275 1274 1272
f 1276 1274 1275
f 1277 1276 1275
f 1278 1277 1275
f 1279 1278 1275
f 1272 1279 1275
f 1280 1279 1272
f 1270 1280 1272
f 1281 1280 1270
f 1271 1281 1270
f 1282 1281 1271
f 1283 1281 1282
f 1284 1283 1282
f 1285 1283 1284
f 1286 1283 1285
f 1287 1286 1285
f 1288 1287 1285
f 1289 1287 1288
f 1290 1289 1288
f 1291 1290 1288
f 1292 1291 1288
f 1293 1291 1292
f 1294 1293 1292
f 1295 1294 1292
f 1296 1295 1292
f 1297 1294 1295
f 1298 1294 1297
f 1299 1298 1297
f 1300 1299 1297
f 1301 1299 1300
f 1302 1301 1300
f 1303 1301 1302
f 1304 1303 1302
f 1305 1303 1304
f 1306 1305 1304
f 1307 1306 1304
f 1308 1303 1305
f 1309 1308 1305
f 1310 1309 1305
f 1311 1309 1310
f 1312 1311 1310
f 1313 1312 1310
f 1314 1313 1310
f 1315 1313 1314
f 1316 1315 1314
f 1317 1316 1314
f 1318 1316 1317
f 1319 1316 1318
f 1320 1319 1318
f 1321 1320 1318
f 1322 1320 1321
f 1323 1320 1322
f 1324 1320 1323
f 1325 1324 1323
f 1326 1325 1323
f 1327 1325 1326
f 1328 1327 1326
f 1329 1327 1328
f 1330 1329 1328
f 1331 1330 1328
f 1332 1329 1330
f 1333 1329 1332
f 1334 1333 1332
f 1335 1333 1334
f 1336 1335 1334
f 1337 1336 1334
f 1338 1336 1337
f 1339 1338 1337
f 1340 1339 1337
f 1341 1339 1340
f 1342 1341 1340
f 1343 1341 1342
f 1344 1341 1343
f 1345 1344 1343
f 1346 1345 1343
f 1347 1345 1346
f 1348 1347 1346
f 1349 1347 1348
f 1350 1349 1348
f 1351 1350 1348
f 1352 1350 1351
f 1353 1352 1351
f 1354 1352 1353
f 1355 1354 1353
f 1356 1355 1353
f 1357 1355 1356
f 1358 1357 1356
f 1359 1357 1358
f 1360 1357 1359
f 1361 1360 1359
f 1362 1361 1359
f 1363 1361 1362
f 1364 1361 1363
f 1365 1364 1363
f 1366 1365 1363
f 1367 1365 1366
f 1368 1365 1367
f 1369 1368 1367
f 1370 1368 1369
f 1371 1370 1369
f 1372 1370 1371
f 1373 1372 1371
f 1374 1375 1376
f 1377 1374 1376
f 1378 1379 1380
f 1381 1378 1380
f 1382 1381 1380
f 1383 1378 1381
f 1384 1378 1383
f 1385 1384 1383
f 1386 1384 1385
f 1387 1386 1385
f 1388 1387 1385
f 1389 1387 1388
f 1390 1389 1388
f 1391 1389 1390
f 1392 1391 1390
f 1393 1392 1390
f 1394 1392 1393
f 1395 1394 1393
f 1396 1394 1395
f 1397 1396 1395
f 1398 1397 1395
f 1399 1397 1398
f 1400 1399 1398
f 1401 1399 1400
f 1402 1397 1399
f 1403 1397 1402
f 1404 1403 1402
f 1405 1403 1404
f 1406 1405 1404
f 1407 1405 1406
f 1408 1407 1406
f 1409 1408 1406
f 1410 1408 1409
f 1411 1410 1409
f 1412 1410 1411
f 1413 1412 1411
f 1414 1413 1411
f 1415 1413 1414
f 1416 1413 1415
f 1417 1416 1415
f 1418 1416 1417
f 1419 1416 1418
f 1420 1419 1418
f 1421 1420 1418
f 1417 1421 1418
f 1422 1420 1421
f 1423 1422 1421
f 1424 1423 1421
f 1425 1423 1424
f 1426 1425 1424
f 1427 1425 1426
f 1428 1425 1427
f 1429 1428 1427
f 1430 1428 1429
f 1431 1430 1429
f 1432 1430 1431
f 1433 1432 1431
f 1434 1433 1431
f 1435 1433 1434
f 1436 1435 1434
f 1437 1436 1434
f 1438 1436 1437
f 1439 1438 1437
f 1440 1438 1439
f 1441 1438 1440
f 1442 1441 1440
f 1443 1442 1440
f 1444 1442 1443
f 1445 1444 1443
f 1446 1444 1445
f 1447 1446 1445
f 1448 1446 1447
f 1449 1448 1447
f 1450 1448 1449
f 1451 1450 1449
f 1452 1450 1451
f 1453 1452 1451
f 1454 1452 1453
f 1455 1454 1453
f 1456 1454 1455
f 1457 1456 1455
f 1458 1457 1455
f 1459 1456 1457
f 1460 1456 1459
f 1461 1460 1459
f 1462 1460 1461
f 1463 1462 1461
f 1464 1463 1461
f 1465 1463 1464
f 1466 1463 1465
f 1467 1466 1465
f 1468 1467 1465
f 1469 1467 1468
f 1470 1469 1468
f 1471 1470 1468
f 1472 1470 1471
f 1473 1472 1471
f 1474 1470 1472
f 1475 1474 1472
f 1476 1474 1475
f 1477 1474 1476
f 1478 1477 1476
f 1479 1478 1476
f 1480 1478 1479
f 1481 1480 1479
f 1482 1481 1479
f 1483 1481 1482
f 1484 1483 1482
f 1485 1483 1484
f 1486 1485 1484
f 1487 1486 1484
f 1488 1486 1487
f 1489 1486 1488
f 1490 1489 1488
f 1491 1489 1490
f 1492 1491 1490
f 1493 1491 1492
f 1494 1493 1492
f 1495 1494 1492
f 1496 1494 1495
f 1497 1496 1495
f 1492 1497 1495
f 1498 1496 1497
f 1499 1498 1497
f 1500 1499 1497
f 1501 1499 1500
f 1502 1501 1500
f 1503 1502 1500
f 1504 1501 1502
f 1505 1501 1504
f 1506 1505 1504
f 1507 1506 1504
f 1508 1507 1504
f 1509 1507 1508
f 1510 1507 1509
f 1511 1510 1509
f 1512 1510 1511
f 1513 1512 1511
f 1514 1510 1512
f 1515 1514 1512
f 1516 1515 1512
f 1517 1516 1512
f 1513 1517 1512
f 1518 1516 1517
f 1519 1518 1517
f 1520 1518 1519
f 1521 1520 1519
f 1522 1521 1519
f 1523 1520 1521
f 1524 1523 1525
f 1526 1524 1525
f 1527 1526 1525
f 1528 1526 1527
f 1529 1528 1527
f 1530 1529 1527
f 1531 1530 1527
f 1532 1530 1531
f 1533 1530 1532
f 1534 1533 1532
f 1535 1534 1536
f 1537 1535 1536
f 1538 1535 1537
f 1539 1538 1537
f 1540 1538 1539
f 1541 1540 1539
f 1542 1540 1541
f 1543 1544 1545
f 1546 1544 1543
f 1547 1546 1543
f 1548 1547 1543
f 1549 1546 1547
f 1550 1549 1547
f 1551 1550 1547
f 1552 1551 1547
f 1553 1551 1552
f 1554 1551 1553
f 1555 1554 1553
f 1556 1554 1555
f 1557 1556 1555
f 1558 1556 1557
f 1559 1558 1557
f 1560 1559 1557
f 1561 1559 1560
f 1562 1561 1560
f 1563 1562 1560
f 1564 1562 1563
f 1565 1564 1563
f 1566 1564 1565
f 1567 1564 1566
f 1568 1567 1566
f 1569 1568 1566
f 1570 1568 1569
f 1571 1570 1569
f 1572 1570 1571
f 1573 1572 1571
f 1574 1573 1571
f 1575 1573 1574
f 1576 1573 1575
f 1577 1576 1575
f 1578 1576 1577
f 1579 1576 1578
f 1580 1579 1578
f 1581 1580 1578
f 1582 1580 1581
f 1583 1582 1581
f 1584 1583 1581
f 1585 1583 1584
f 1586 1583 1585
f 1587 1586 1585
f 1588 1586 1587
f 1589 1588 1587
f 1590 1589 1587
f 1591 1589 1590
f 1592 1589 1591
f 1593 1592 1591
f 1594 1593 1591
f 1595 1593 1594
f 1596 1595 1594
f 1597 1595 1596
f 1598 1597 1596
f 1599 1597 1598
f 1600 1599 1598
f 1601 1600 1598
f 1602 1600 1601
f 1603 1602 1601
f 1604 1602 1603
f 1605 1604 1603
f 1606 1604 1605
f 1607 1606 1605
f 1608 1607 1605
f 1609 1607 1608
f 1610 1609 1608
f 1611 1609 1610
f 1612 1609 1611
f 1613 1612 1611
f 1614 1613 1611
f 1615 1613 1614
f 1616 1615 1614
f 1617 1615 1616
f 1618 1617 1616
f 1619 1617 1618
f 1620 1619 1618
f 1621 1619 1620
f 1622 1621 1620
f 1623 1621 1622
f 1624 1623 1622
f 1625 1623 1624
f 1626 1625 1624
f 1627 1625 1626
f 1628 1627 1626
f 1629 1628 1626
f 1630 1629 1626
f 1631 1629 1630
f 1632 1631 1630
f 1633 1629 1631
f 1628 1629 1633
f 1634 1628 1633
f 1635 1634 1633
f 1636 1635 1633
f 1631 1636 1633
f 1637 1635 1636
f 1638 1635 1637
f 1639 1638 1637
f 1640 1639 1637
f 1641 1640 1637
f 1642 1640 1641
f 1643 1640 1642
f 1644 1643 1642
f 1645 1644 1642
f 1646 1644 1645
f 1647 1646 1645
f 1648 1644 1646
f 1649 1648 1646
f 1650 1648 1649
f 1651 1650 1649
f 1652 1651 1649
f 1653 1651 1652
f 1654 1653 1652
f 1655 1653 1654
f 1656 1655 1654
f 1657 1656 1654
f 1658 1656 1657
f 1659 1658 1657
f 1660 1658 1659
f 1661 1660 1659
f 1662 1661 1659
f 1657 1662 1659
f 1663 1662 1657
f 1654 1663 1657
f 1664 1662 1663
f 1665 1662 1664
f 1666 1665 1664
f 1667 1665 1666
f 1668 1667 1666
f 1669 1668 1666
f 1670 1668 1669
f 1671 1670 1669
f 1672 1670 1671
f 1673 1670 1672
f 1674 1670 1673
f 1675 1674 1673
f 1676 1675 1673
f 1677 1675 1676
f 1678 1675 1677
f 1679 1678 1677
f 1680 1679 1677
f 1681 1679 1680
f 1682 1681 1680
f 1683 1681 1682
f 1684 1683 1682
f 1685 1684 1682
f 1686 1684 1685
f 1687 1686 1685
f 1688 1686 1687
f 1689 1688 1687
f 1690 1688 1689
f 1691 1690 1689
f 1692 1690 1691
f 1693 1692 1691
f 1694 1692 1693
f 1695 1694 1693
f 1696 1694 1695
f 1697 1694 1696
f 1698 1697 1696
f 1699 1697 1698
f 1700 1699 1698
f 1701 1700 1698
f 1702 1700 1701
f 1703 1702 1701
f 1704 1702 1703
f 1705 1704 1703
f 1706 1700 1702
f 1707 1706 1702
f 1704 1707 1702
f 1708 1707 1704
f 1709 1708 1704
f 1710 1709 1704
f 1705 1710 1704
f 1711 1709 1710
f 1712 1709 1711
f 1713 1709 1712
f 1714 1713 1712
f 1715 1713 1714
f 1716 1715 1714
f 1717 1715 1716
f 1718 1717 1716
f 1719 1717 1718
f 1720 1719 1718
f 1721 1720 1718
f 1722 1719 1720
f 1723 1722 1720
f 1724 1722 1723
f 1725 1722 1724
f 1726 1725 1724
f 1727 1726 1724
f 1728 1726 1727
f 1729 1728 1727
f 1730 1728 1729
f 1731 1730 1729
f 1732 1730 1731
f 1733 1734 1735
f 1736 1734 1733
f 1737 1734 1736
f 1738 1737 1736
f 1739 1738 1736
f 1740 1738 1739
f 1741 1740 1739
f 1742 1741 1739
f 1743 1742 1739
f 1744 1742 1743
f 1745 1744 1743
f 1746 1744 1745
f 1747 1746 1745
f 1748 1747 1745
f 1749 1746 1747
f 1750 1746 1749
f 1751 1746 1750
f 1752 1751 1750
f 1753 1752 1750
f 1754 1752 1753
f 1755 1754 1753
f 1756 1755 1753
f 1757 1756 1753
f 1758 1756 1757
f 1759 1758 1757
f 1760 1759 1757
f 1761 1759 1760
f 1762 1758 1759
f 1763 1762 1759
f 1761 1763 1759
f 1764 1762 1763
f 1765 1764 1763
f 1766 1765 1763
f 1767 1764 1765
f 1768 1767 1765
f 1769 1768 1765
f 1770 1769 1765
f 1766 1770 1765
f 1771 1770 1766
f 1772 1771 1766
f 1773 1771 1772
f 1774 1773 1772
f 1775 1774 1772
f 1776 1774 1775
f 1777 1776 1775
f 1778 1774 1776
f 1779 1778 1776
f 1780 1778 1779
f 1781 1778 1780
f 1782 1781 1780
f 1783 1782 1780
f 1784 1781 1782
f 1785 1781 1784
f 1786 1785 1784
f 1787 1785 1786
f 1774 1778 1781
f 1785 1774 1781
f 1773 1774 1785
f 1787 1773 1785
f 1788 1773 1787
f 1789 1788 1787
f 1790 1789 1787
f 1786 1790 1787
f 1791 1789 1790
f 1792 1791 1790
f 1793 1792 1790
f 1794 1792 1793
f 1795 1792 1794
f 1796 1795 1794
f 1797 1795 1796
f 1798 1797 1796
f 1799 1797 1798
f 1800 1797 1799
f 1801 1800 1799
f 1802 1801 1799
f 1803 1801 1802
f 1804 1803 1802
f 1805 1803 1804
f 1806 1805 1804
f 1807 1806 1804
f 1808 1806 1807
f 1809 1808 1807
f 1810 1809 1807
f 1811 1810 1807
f 1812 1810 1811
f 1813 1812 1811
f 1814 1813 1811
f 1815 1814 1811
f 1816 1814 1815
f 1817 1816 1815
f 1818 1816 1817
f 1819 1816 1818
f 1820 1819 1818
f 1821 1819 1820
f 1822 1819 1821
f 1823 1822 1821
f 1824 1823 1821
f 1825 1824 1821
f 1826 1825 1821
f 1827 1825 1826
f 1828 1825 1827
f 1829 1828 1827
f 1830 1829 1827
f 1831 1830 1827
f 1826 1831 1827
f 1832 1829 1830
f 1833 1829 1832
f 1834 1833 1832
f 1835 1834 1832
f 1836 1834 1835
f 1837 1834 1836
f 1838 1837 1836
f 1839 1838 1836
f 1835 1839 1836
f 1840 1838 1839
f 1841 1840 1839
f 1842 1841 1839
f 1843 1841 1842
f 1844 1843 1842
f 1845 1844 1842
f 1846 1844 1845
f 1847 1846 1845
f 1848 1847 1845
f 1849 1847 1848
f 1850 1849 1848
f 1851 1849 1850
f 1852 1851 1850
f 1853 1852 1850
f 1854 1852 1853
f 1855 1854 1853
f 1856 1855 1853
f 1857 1855 1856
f 1854 1855 1857
f 1858 1852 1854
f 1859 1858 1854
f 1860 1859 1854
f 1861 1859 1860
f 1862 1861 1860
f 1863 1862 1860
f 1864 1862 1863
f 1865 1862 1864
f 1866 1865 1864
f 1867 1866 1864
f 1868 1867 1864
f 1863 1868 1864
f 1869 1868 1863
f 1870 1868 1869
f 1871 1870 1869
f 1872 1871 1869
f 1873 1870 1871
f 1874 1870 1873
f 1875 1874 1873
f 1876 1875 1873
f 1877 1875 1876
f 1878 1877 1876
f 1879 1877 1878
f 1880 1877 1879
f 1881 1880 1879
f 1882 1881 1879
f 1883 1882 1879
f 1884 1882 1883
f 1885 1884 1883
f 1886 1884 1885
f 1887 1884 1886
f 1888 1887 1886
f 1889 1887 1888
f 1890 1889 1888
f 1891 1889 1890
f 1892 1891 1890
f 1893 1891 1892
f 1894 1891 1893
f 1895 1894 1893
f 1896 1895 1893
f 1897 1895 1896
f 1898 1895 1897
f 1899 1898 1897
f 1894 1895 1898
f 1900 1891 1894
f 1901 1900 1894
f 1902 1900 1901
f 1903 1902 1901
f 1904 1902 1903
f 1905 1904 1903
f 1906 1904 1905
f 1907 1906 1905
f 1908 1906 1907
f 1889 1891 1900
f 1902 1889 1900
f 1887 1889 1902
f 1904 1887 1902
f 1884 1887 1904
f 1906 1884 1904
f 1882 1884 1906
f 1908 1882 1906
f 1909 1882 1908
f 1910 1909 1908
f 1911 1909 1910
f 1912 1911 1910
f 1913 1912 1910
f 1914 1911 1912
f 1915 1911 1914
f 1916 1915 1914
f 1917 1915 1916
f 1918 1917 1916
f 1919 1917 1918
f 1920 1919 1918
f 1921 1920 1918
f 1922 1920 1921
f 1923 1920 1922
f 1924 1923 1922
f 1925 1924 1922
f 1926 1923 1924
f 1927 1926 1924
f 1928 1926 1927
f 1929 1928 1927
f 1930 1928 1929
f 1931 1930 1929
f 1932 1930 1931
f 1933 1932 1931
f 1934 1932 1933
f 1935 1932 1934
f 1936 1935 1934
f 1937 1935 1936
f 1938 1935 1937
f 1939 1938 1937
f 1940 1939 1937
f 1941 1939 1940
f 1942 1941 1940
f 1943 1939 1941
f 1944 1939 1943
f 1945 1944 1943
f 1938 1939 1944
f 1932 1935 1938
f 1930 1932 1938
f 1944 1930 1938
f 1928 1930 1944
f 1945 1928 1944
f 1926 1928 1945
f 1923 1926 1945
f 1919 1920 1923
f 1945 1919 1923
f 1943 1919 1945
f 1917 1919 1943
f 1941 1917 1943
f 1915 1917 1941
f 1942 1915 1941
f 1911 1915 1942
f 1909 1911 1942
f 1881 1882 1909
f 1942 1881 1909
f 1940 1881 1942
f 1880 1881 1940
f 1937 1880 1940
f 1936 1880 1937
f 1877 1880 1936
f 1875 1877 1936
f 1934 1875 1936
f 1874 1875 1934
f 1933 1874 1934
f 1870 1874 1933
f 1868 1870 1933
f 1931 1868 1933
f 1867 1868 1931
f 1929 1867 1931
f 1866 1867 1929
f 1927 1866 1929
f 1865 1866 1927
f 1924 1865 1927
f 1925 1865 1924
f 1862 1865 1925
f 1861 1862 1925
f 1922 1861 1925
f 1921 1861 1922
f 1859 1861 1921
f 1858 1859 1921
f 1918 1858 1921
f 1916 1858 1918
f 1852 1858 1916
f 1851 1852 1916
f 1914 1851 1916
f 1912 1851 1914
f 1849 1851 1912
f 1913 1849 1912
f 1946 1849 1913
f 1947 1946 1913
f 1847 1849 1946
f 1948 1847 1946
f 1846 1847 1948
f 1949 1846 1948
f 1950 1846 1949
f 1951 1950 1949
f 1952 1950 1951
f 1953 1952 1951
f 1954 1952 1953
f 1955 1954 1953
f 1956 1955 1953
f 1957 1956 1953
f 1958 1956 1957
f 1959 1958 1957
f 1960 1954 1955
f 1961 1960 1955
f 1962 1960 1961
f 1963 1960 1962
f 1964 1963 1962
f 1965 1963 1964
f 1966 1963 1965
f 1960 1963 1966
f 1954 1960 1966
f 1967 1954 1966
f 1952 1954 1967
f 1950 1952 1967
f 1844 1846 1950
f 1967 1844 1950
f 1843 1844 1967
f 1966 1843 1967
f 1965 1843 1966
f 1841 1843 1965
f 1840 1841 1965
f 1964 1840 1965
f 1968 1840 1964
f 1838 1840 1968
f 1969 1838 1968
f 1970 1969 1968
f 1971 1969 1970
f 1972 1971 1970
f 1973 1972 1970
f 1974 1972 1973
f 1975 1974 1973
f 1976 1974 1975
f 1977 1976 1975
f 1978 1976 1977
f 1979 1976 1978
f 1980 1976 1979
f 1981 1980 1979
f 1982 1980 1981
f 1983 1980 1982
f 1984 1983 1982
f 1985 1984 1982
f 1986 1984 1985
f 1987 1986 1985
f 1988 1986 1987
f 1989 1988 1987
f 1990 1988 1989
f 1991 1990 1989
f 1992 1991 1989
f 1993 1991 1992
f 1994 1993 1992
f 1995 1993 1994
f 1996 1995 1994
f 1997 1996 1994
f 1998 1997 1994
f 1999 1997 1998
f 2000 1997 1999
f 2001 1997 2000
f 2002 2001 2000
f 2003 2002 2000
f 2004 2001 2002
f 2005 2004 2002
f 2006 2004 2005
f 2007 2004 2006
f 2008 2007 2006
f 2009 2008 2006
f 2010 2009 2006
f 2011 2009 2010
f 2012 2009 2011
f 2013 2012 2011
f 2014 2013 2011
f 2015 2014 2011
f 2010 2015 2011
f 2016 2015 2010
f 2017 2015 2016
f 2018 2017 2016
f 2019 2018 2016
f 2020 2018 2019
f 2021 2020 2019
f 2022 2020 2021
f 2023 2018 2020
f 2024 2018 2023
f 2025 2024 2023
f 2026 2025 2023
f 2027 2026 2023
f 2028 2026 2027
f 2029 2028 2027
f 2030 2029 2027
f 2031 2030 2027
f 2032 2030 2031
f 2033 2032 2031
f 2034 2032 2033
f 2035 2034 2033
f 2036 2034 2035
f 2037 2034 2036
f 2038 2037 2036
f 2039 2038 2036
f 2040 2038 2039
f 2041 2040 2039
f 2042 2040 2041
f 2043 2038 2040
f 2044 2043 2040
f 2045 2044 2040
f 2046 2044 2045
f 2047 2048 2049
f 2049 2048 2050
f 2051 2052 2053
f 2054 2051 2053
f 2055 2051 2054
f 2056 2055 2054
f 2057 2056 2054
f 2058 2057 2054
f 2059 2057 2058
f 2060 2059 2058
f 2061 2060 2058
f 2062 2061 2058
f 2054 2062 2058
f 2063 2061 2062
f 2064 2063 2062
f 2065 2063 2064
f 2066 2065 2064
f 2067 2065 2066
f 2068 2067 2066
f 2069 2068 2066
f 2070 2069 2066
f 2064 2070 2066
f 2071 2069 2070
f 2072 2068 2069
f 2073 2068 2072
f 2074 2073 2072
f 2067 2068 2073
f 2075 2067 2073
f 2076 2075 2073
f 2077 2076 2073
f 2074 2077 2073
f 2078 2077 2074
f 2079 2077 2078
f 2080 2077 2079
f 2081 2080 2079
f 2082 2081 2079
f 2078 2082 2079
f 2083 2081 2082
f 2084 2083 2082
f 2085 2084 2082
f 2086 2084 2085
f 2087 2084 2086
f 2088 2087 2086
f 2089 2087 2088
f 2090 2087 2089
f 2091 2090 2089
f 2092 2090 2091
f 2093 2092 2091
f 2094 2092 2093
f 2095 2092 2094
f 2096 2095 2094
f 2097 2095 2096
f 2098 2097 2096
f 2099 2098 2096
f 2100 2098 2099
f 2101 2100 2099
f 2102 2101 2099
f 2103 2102 2099
f 2096 2103 2099
f 2104 2102 2103
f 2105 2102 2104
f 2106 2105 2104
f 2107 2106 2104
f 2108 2106 2107
f 2109 2106 2108
f 2110 2109 2108
f 2111 2106 2109
f 2105 2106 2111
f 2112 2105 2111
f 2102 2105 2112
f 2101 2102 2112
f 2113 2101 2112
f 2114 2113 2112
f 2115 2114 2112
f 2116 2114 2115
f 2117 2114 2116
f 2118 2117 2116
f 2119 2117 2118
f 2120 2119 2118
f 2121 2119 2120
f 2122 2119 2121
f 2123 2119 2122
f 2124 2123 2122
f 2125 2124 2122
f 2126 2124 2125
f 2127 2126 2125
f 2128 2127 2125
f 2129 2127 2128
f 2130 2127 2129
f 2131 2130 2129
f 2132 2131 2129
f 2133 2131 2132
f 2134 2133 2132
f 2135 2133 2134
f 2136 2135 2134
f 2137 2135 2136
f 2138 2137 2136
f 2139 2138 2136
f 2140 2138 2139
f 2141 2140 2139
f 2142 2140 2141
f 2143 2142 2141
f 2144 2142 2143
f 2145 2144 2143
f 2146 2145 2143
f 2147 2145 2146
f 2148 2145 2147
f 2149 2148 2147
f 2150 2149 2147
f 2151 2149 2150
f 2152 2149 2151
f 2153 2149 2152
f 2154 2153 2152
f 2155 2154 2152
f 2156 2154 2155
f 2157 2154 2156
f 2158 2154 2157
f 2153 2154 2158
f 2159 2153 2158
f 2160 2159 2158
f 2161 2159 2160
f 2162 2161 2160
f 2163 2161 2162
f 2164 2163 2162
f 2165 2163 2164
f 2166 2165 2164
f 2167 2165 2166
f 2168 2167 2166
f 2169 2168 2166
f 2170 2168 2169
f 2171 2168 2170
f 2172 2168 2171
f 2173 2172 2171
f 2174 2172 2173
f 2175 2174 2173
f 2176 2175 2173
f 2177 2175 2176
f 2178 2177 2176
f 2179 2177 2178
f 2180 2179 2178
f 2181 2177 2179
f 2182 2181 2179
f 2183 2181 2182
f 2184 2183 2182
f 2185 2183 2184
f 2186 2185 2184
f 2187 2185 2186
f 2188 2187 2186
f 2189 2188 2186
f 2190 2188 2189
f 2191 2188 2190
f 2192 2191 2190
f 2193 2192 2190
f 2194 2192 2193
f 2195 2194 2193
f 2196 2195 2193
f 2197 2194 2195
f 2198 2197 2195
f 2199 2197 2198
f 2200 2199 2198
f 2201 2199 2200
f 2202 2201 2200
f 2203 2201 2202
f 2204 2203 2202
f 2205 2203 2204
f 2206 2203 2205
f 2207 2206 2205
f 2208 2207 2205
f 2209 2207 2208
f 2210 2209 2208
f 2211 2209 2210
f 2212 2211 2210
f 2213 2212 2210
f 2214 2212 2213
f 2215 2214 2213
f 2216 2214 2215
f 2217 2216 2215
f 2218 2216 2217
f 2219 2218 2217
f 2220 2219 2217
f 2221 2219 2220
f 2222 2219 2221
f 2223 2222 2221
f 2224 2222 2223
f 2225 2224 2223
f 2226 2224 2225
f 2227 2224 2226
f 2228 2227 2226
f 2229 2227 2228
f 2230 2229 2228
f 2231 2230 2228
f 2232 2231 2228
f 2233 2231 2232
f 2234 2233 2232
f 2235 2233 2234
f 2236 2235 2234
f 2237 2236 2234
f 2238 2239 2240
f 2241 2238 2240
f 2242 2238 2241
f 2243 2242 2241
f 2244 2243 2241
f 2245 2246 2247
f 2248 2246 2245
f 2249 2248 2245
f 2250 2248 2249
f 2251 2250 2249
f 2252 2251 2249
f 2253 2251 2252
f 2254 2251 2253
f 2255 2254 2253
f 2256 2255 2253
f 2257 2256 2253
f 2258 2256 2257
f 2259 2256 2258
f 2260 2259 2258
f 2261 2259 2260
f 2262 2261 2260
f 2263 2261 2262
f 2264 2263 2262
f 2260 2264 2262
f 2265 2263 2264
f 2266 2265 2264
f 2267 2266 2264
f 2268 2266 2267
f 2269 2268 2267
f 2270 2268 2269
f 2271 2270 2269
f 2272 2270 2271
f 2273 2272 2271
f 2274 2272 2273
f 2275 2272 2274
f 2276 2275 2274
f 2277 2275 2276
f 2278 2277 2276
f 2279 2277 2278
f 2280 2279 2278
f 2281 2279 2280
f 2282 2281 2280
f 2283 2282 2280
f 2284 2282 2283
f 2285 2284 2283
f 2286 2284 2285
f 2287 2284 2286
f 2288 2287 2286
f 2289 2288 2286
f 2290 2288 2289
f 2291 2290 2289
f 2292 2290 2291
f 2293 2292 2291
f 2294 2293 2291
f 2295 2290 2292
f 2296 2290 2295
f 2297 2296 2295
f 2298 2296 2297
f 2299 2298 2297
f 2300 2299 2297
f 2301 2299 2300
f 2302 2301 2300
f 2303 2301 2302
f 2304 2303 2302
f 2305 2303 2304
f 2306 2305 2304
f 2307 2306 2304
f 2308 2306 2307
f 2309 2308 2307
f 2310 2308 2309
f 2311 2310 2309
f 2312 2311 2309
f 2313 2311 2312
f 2314 2313 2312
f 2315 2314 2312
f 2316 2314 2315
f 2317 2316 2315
f 2318 2316 2317
f 2319 2318 2317
f 2320 2318 2319
f 2321 2320 2319
f 2322 2321 2319
f 2323 2321 2322
f 2324 2323 2322
f 2325 2321 2323
f 2320 2321 2325
f 2326 2320 2325
f 2327 2326 2325
f 2328 2326 2327
f 2329 2328 2327
f 2330 2329 2327
f 2331 2329 2330
f 2332 2329 2331
f 2333 2332 2331
f 2334 2332 2333
f 2335 2334 2333
f 2336 2332 2334
f 2337 2332 2336
f 2338 2337 2336
f 2339 2337 2338
f 2329 2332 2337
f 2328 2329 2337
f 2340 2326 2328
f 2341 2326 2340
f 2320 2326 2341
f 2318 2320 2341
f 2342 2318 2341
f 2316 2318 2342
f 2343 2316 2342
f 2344 2316 2343
f 2344 2314 2316
f 2345 2314 2344
f 2346 2345 2344
f 2343 2346 2344
f 2347 2345 2346
f 2348 2347 2346
f 2349 2347 2348
f 2350 2349 2348
f 2351 2349 2350
f 2352 2351 2350
f 2353 2351 2352
f 2354 2353 2352
f 2355 2353 2354
f 2356 2355 2354
f 2357 2355 2356
f 2358 2357 2356
f 2359 2357 2358
f 2360 2359 2358
f 2361 2359 2360
f 2362 2361 2360
f 2363 2361 2362
f 2364 2363 2362
f 2365 2364 2362
f 2366 2364 2365
f 2367 2366 2365
f 2368 2366 2367
f 2369 2368 2367
f 2370 2369 2367
f 2371 2369 2370
f 2372 2371 2370
f 2373 2369 2371
f 2374 2373 2371
f 2375 2369 2373
f 2376 2375 2373
f 2374 2376 2373
f 2377 2376 2374
f 2378 2377 2374
f 2379 2378 2374
f 2380 2378 2379
f 2381 2380 2379
f 2382 2381 2379
f 2383 2381 2382
f 2384 2383 2382
f 2385 2383 2384
f 2386 2385 2384
f 2387 2386 2384
f 2388 2386 2387
f 2389 2386 2388
f 2390 2386 2389
f 2385 2386 2390
f 2391 2385 2390
f 2392 2391 2390
f 2393 2391 2392
f 2394 2393 2392
f 2395 2394 2392
f 2390 2395 2392
f 2396 2394 2395
f 2397 2396 2395
f 2398 2397 2395
f 2399 2397 2398
f 2400 2399 2398
f 2401 2400 2398
f 2402 2400 2401
f 2403 2402 2401
f 2404 2402 2403
f 2405 2404 2403
f 2406 2405 2403
f 2407 2405 2406
f 2408 2407 2406
f 2409 2408 2406
f 2410 2408 2409
f 2411 2407 2408
f 2412 2405 2407
f 2413 2412 2407
f 2414 2412 2413
f 2415 2414 2413
f 2416 2414 2415
f 2417 2416 2415
f 2418 2419 2420
f 2421 2418 2420
f 2422 2421 2420
f 2423 2422 2420
f 2424 2422 2423
f 2425 2424 2423
f 2426 2425 2423
f 2427 2426 2423
f 2428 2427 2423
f 2429 2426 2427
f 2430 2426 2429
f 2431 2430 2429
f 2432 2431 2429
f 2433 2432 2429
f 2434 2432 2433
f 2435 2434 2433
f 2436 2435 2433
f 2437 2435 2436
f 2438 2435 2437
f 2439 2438 2437
f 2440 2435 2438
f 2441 2440 2438
f 2442 2441 2438
f 2439 2442 2438
f 2443 2441 2442
f 2444 2443 2442
f 2445 2444 2442
f 2446 2444 2445
f 2447 2444 2446
f 2448 2447 2446
f 2449 2448 2446
f 2445 2449 2446
f 2450 2449 2445
f 2451 2447 2448
f 2452 2451 2448
f 2449 2452 2448
f 2453 2447 2451
f 2454 2453 2451
f 2455 2454 2451
f 2456 2454 2455
f 2457 2456 2455
f 2458 2457 2455
f 2459 2458 2455
f 2460 2458 2459
f 2461 2460 2459
f 2462 2461 2459
f 2463 2462 2459
f 2464 2462 2463
f 2465 2464 2463
f 2466 2465 2463
f 2467 2464 2465
f 2468 2464 2467
f 2469 2468 2467
f 2470 2469 2467
f 2471 2469 2470
f 2472 2471 2470
f 2473 2471 2472
f 2474 2473 2472
f 2475 2473 2474
f 2476 2475 2474
f 2477 2476 2474
f 2478 2476 2477
f 2479 2478 2477
f 2480 2478 2479
f 2481 2478 2480
f 2482 2481 2480
f 2483 2482 2480
f 2484 2483 2480
f 2485 2483 2484
f 2486 2485 2484
f 2487 2486 2484
f 2488 2486 2487
f 2489 2486 2488
f 2490 2489 2488
f 2491 2492 2493
f 2494 2492 2491
f 2495 2494 2491
f 2496 2495 2491
f 2497 2496 2491
f 2498 2496 2497
f 2499 2498 2497
f 2500 2499 2497
f 2501 2499 2500
f 2502 2499 2501
f 2503 2502 2501
f 2504 2503 2501
f 2505 2504 2501
f 2506 2507 2508
f 2509 2506 2508
f 2510 2506 2509
f 2511 2507 2506
f 2512 2511 2506
f 2510 2512 2506
f 2513 2512 2510
f 2514 2513 2510
f 2515 2513 2514
f 2516 2515 2514
f 2517 2516 2514
f 2518 2516 2517
f 2519 2520 2521
f 2522 2519 2521
f 2523 2522 2521
f 2524 2519 2522
f 2525 2524 2522
f 2523 2525 2522
f 2526 2525 2523
f 2527 2525 2526
f 2528 2525 2527
f 2529 2528 2527
f 2530 2528 2529
f 2531 2530 2529
f 2532 2531 2529
f 2533 2531 2532
f 2534 2531 2533
f 2535 2531 2534
f 2536 2535 2534
f 2537 2536 2534
f 2538 2536 2537
f 2539 2536 2538
f 2540 2539 2538
f 2541 2540 2538
f 2542 2540 2541
f 2543 2542 2541
f 2544 2542 2543
f 2540 2542 2544
f 2545 2540 2544
f 2546 2545 2544
f 2543 2546 2544
f 2547 2545 2546
f 2548 2547 2546
f 2549 2547 2548
f 2550 2549 2548
f 2551 2550 2548
f 2552 2550 2551
f 2553 2552 2551
f 2554 2553 2551
f 2555 2553 2554
f 2556 2555 2554
f 2557 2556 2554
f 2558 2556 2557
f 2559 2558 2557
f 2560 2558 2559
f 2561 2558 2560
f 2562 2561 2560
f 2563 2561 2562
f 2564 2563 2562
f 2565 2563 2564
f 2566 2565 2564
f 2567 2566 2564
f 2568 2565 2566
f 2569 2568 2566
f 2570 2568 2569
f 2571 2568 2570
f 2572 2571 2570
f 2573 2571 2572
f 2574 2571 2573
f 2575 2574 2573
f 2576 2575 2573
f 2577 2575 2576
f 2578 2575 2577
f 2579 2578 2577
f 2580 2578 2579
f 2581 2580 2579
f 2582 2580 2581
f 2583 2582 2581
f 2584 2582 2583
f 2585 2584 2583
f 2586 2584 2585
f 2587 2586 2585
f 2588 2587 2585
f 2589 2587 2588
f 2590 2587 2589
f 2591 2590 2589
f 2592 2590 2591
f 2593 2592 2591
f 2594 2592 2593
f 2595 2594 2593
f 2596 2595 2593
f 2597 2595 2596
f 2598 2597 2596
f 2599 2597 2598
f 2600 2599 2598
f 2601 2600 2598
f 2602 2600 2601
f 2603 2600 2602
f 2604 2603 2602
f 2605 2603 2604
f 2606 2605 2604
f 2607 2605 2606
f 2608 2607 2606
f 2609 2605 2607
f 2610 2609 2607
f 2611 2610 2607
f 2612 2610 2611
f 2613 2612 2611
f 2614 2613 2611
f 2615 2613 2614
f 2616 2615 2614
f 2617 2615 2616
f 2618 2615 2617
f 2619 2618 2617
f 2620 2615 2618
f 2621 2615 2620
f 2622 2621 2620
f 2623 2621 2622
f 2624 2623 2622
f 2625 2624 2622
f 2626 2625 2622
f 2627 2623 2624
f 2628 2623 2627
f 2629 2628 2627
f 2630 2628 2629
f 2631 2630 2629
f 2632 2630 2631
f 2633 2632 2631
f 2634 2633 2631
f 2635 2633 2634
f 2636 2633 2635
f 2637 2636 2635
f 2638 2637 2635
f 2639 2637 2638
f 2640 2637 2639
f 2641 2640 2639
f 2642 2641 2639
f 2643 2642 2639
f 2644 2642 2643
f 2645 2642 2644
f 2646 2645 2644
f 2647 2645 2646
f 2648 2647 2646
f 2649 2647 2648
f 2650 2649 2648
f 2651 2649 2650
f 2652 2649 2651
f 2653 2652 2651
f 2654 2652 2653
f 2655 2654 2653
f 2656 2654 2655
f 2657 2654 2656
f 2658 2657 2656
f 2659 2657 2658
f 2660 2659 2658
f 2661 2659 2660
f 2662 2661 2660
f 2663 2662 2660
f 2658 2663 2660
f 2664 2662 2663
f 2665 2664 2663
f 2666 2665 2663
f 2667 2665 2666
f 2668 2667 2666
f 2669 2668 2666
f 2670 2668 2669
f 2671 2670 2669
f 2672 2670 2671
f 2673 2670 2672
f 2674 2673 2672
f 2675 2673 2674
f 2676 2675 2674
f 2677 2673 2675
f 2678 2677 2675
f 2679 2678 2675
f 2676 2679 2675
f 2680 2679 2676
f 2681 2680 2676
f 2682 2680 2681
f 2683 2680 2682
f 2684 2680 2683
f 2685 2684 2683
f 2686 2684 2685
f 2687 2686 2685
f 2688 2687 2685
f 2689 2687 2688
f 2690 2689 2688
f 2691 2690 2688
f 2692 2690 2691
f 2693 2692 2691
f 2694 2693 2691
f 2695 2693 2694
f 2696 2693 2695
f 2697 2696 2695
f 2698 2696 2697
f 2699 2700 2701
f 2702 2699 2701
f 2703 2699 2702
f 2704 2703 2702
f 2705 2704 2702
f 2706 2704 2705
f 2707 2706 2705
f 2708 2707 2705
f 2709 2708 2705
f 2710 2709 2705
f 2711 2708 2709
f 2712 2711 2709
f 2713 2711 2712
f 2714 2713 2712
f 2715 2714 2712
f 2716 2714 2715
f 2717 2716 2715
f 2718 2716 2717
f 2719 2718 2717
f 2720 2718 2719
f 2721 2720 2719
f 2722 2721 2719
f 2723 2721 2722
f 2724 2721 2723
f 2725 2724 2723
f 2726 2725 2723
f 2727 2726 2723
f 2728 2727 2723
f 2729 2727 2728
f 2730 2729 2728
f 2731 2727 2729
f 2732 2731 2729
f 2733 2731 2732
f 2734 2733 2732
f 2735 2733 2734
f 2736 2735 2734
f 2737 2735 2736
f 2738 2735 2737
f 2739 2738 2737
f 2740 2739 2737
f 2741 2739 2740
f 2742 2741 2740
f 2743 2741 2742
f 2744 2743 2742
f 2745 2744 2742
f 2746 2747 2748
f 2749 2746 2748
f 2750 2746 2749
f 2751 2750 2749
f 2752 2751 2749
f 2753 2751 2752
f 2754 2753 2752
f 2755 2753 2754
f 2756 2755 2754
f 2757 2756 2754
f 2758 2756 2757
f 2759 2756 2758
f 2760 2759 2758
f 2761 2759 2760
f 2762 2761 2760
f 2763 2761 2762
f 2764 2761 2763
f 2765 2764 2763
f 2766 2765 2767
f 2768 2766 2767
f 2769 2770 2771
f 2772 2769 2771
f 2773 2774 2775
f 2776 2774 2773
f 2777 2776 2773
f 2778 2777 2773
f 2779 2777 2778
f 2780 2779 2778
f 2781 2780 2778
f 2782 2780 2781
f 2783 2780 2782
f 2784 2783 2782
f 2785 2783 2784
f 2786 2785 2784
f 2787 2786 2784
f 2788 2785 2786
f 2789 2788 2786
f 2790 2788 2789
f 2791 2790 2789
f 2792 2790 2791
f 2793 2792 2791
f 2794 2792 2793
f 2795 2794 2793
f 2796 2794 2795
f 2797 2796 2795
f 2798 2797 2795
f 2799 2797 2798
f 2800 2799 2798
f 2801 2799 2800
f 2802 2801 2800
f 2803 2801 2802
f 2804 2801 2803
f 2805 2804 2803
f 2806 2804 2805
f 2807 2806 2805
f 2808 2806 2807
f 2809 2808 2807
f 2810 2809 2807
f 2811 2809 2810
f 2812 2811 2810
f 2813 2811 2812
f 2814 2813 2812
f 2815 2814 2812
f 2816 2815 2812
f 2817 2815 2816
f 2814 2815 2817
f 2818 2814 2817
f 2819 2818 2817
f 2820 2819 2817
f 2821 2818 2819
f 2822 2821 2819
f 2823 2821 2822
f 2824 2823 2822
f 2825 2823 2824
f 2826 2823 2825
f 2827 2826 2825
f 2828 2826 2827
f 2829 2826 2828
f 2830 2829 2828
f 2831 2830 2828
f 2832 2830 2831
f 2833 2832 2831
f 2834 2833 2831
f 2828 2834 2831
f 2835 2832 2833
f 2836 2835 2833
f 2837 2836 2833
f 2834 2837 2833
f 2838 2836 2837
f 2839 2838 2837
f 2840 2839 2837
f 2841 2839 2840
f 2842 2839 2841
f 2843 2842 2841
f 2844 2843 2841
f 2845 2843 2844
f 2846 2845 2844
f 2847 2839 2842
f 2848 2847 2842
f 2849 2848 2842
f 2850 2849 2842
f 2843 2850 2842
f 2851 2849 2850
f 2852 2849 2851
f 2853 2849 2852
f 2854 2853 2852
f 2855 2854 2852
f 2856 2854 2855
f 2857 2856 2855
f 2858 2856 2857
f 2859 2858 2857
f 2860 2859 2857
f 2861 2859 2860
f 2862 2861 2860
f 2863 2861 2862
f 2864 2863 2862
f 2865 2864 2862
f 2866 2864 2865
f 2867 2866 2865
f 2868 2866 2867
f 2869 2868 2867
f 2870 2869 2867
f 2871 2870 2867
f 2865 2871 2867
f 2872 2870 2871
f 2873 2872 2871
f 2874 2872 2873
f 2875 2874 2873
f 2876 2870 2872
f 2869 2870 2876
f 2877 2869 2876
f 2878 2877 2876
f 2879 2877 2878
f 2880 2879 2878
f 2881 2879 2880
f 2882 2879 2881
f 2883 2882 2881
f 2884 2883 2881
f 2885 2883 2884
f 2886 2885 2884
f 2887 2886 2884
f 2888 2886 2887
f 2889 2888 2887
f 2890 2888 2889
f 2891 2890 2889
f 2892 2890 2891
f 2893 2890 2892
f 2894 2893 2892
f 2895 2894 2892
f 2896 2895 2892
f 2897 2895 2896
f 2898 2897 2896
f 2899 2897 2898
f 2900 2899 2898
f 2901 2899 2900
f 2902 2901 2900
f 2903 2901 2902
f 2904 2903 2902
f 2905 2904 2902
f 2906 2905 2902
f 2907 2905 2906
f 2908 2907 2906
f 2909 2907 2908
f 2910 2909 2908
f 2911 2909 2910
f 2912 2911 2910
f 2913 2912 2910
f 2914 2912 2913
f 2915 2914 2913
f 2916 2915 2913
f 2917 2918 2919
f 2920 2917 2919
f 2921 2917 2920
f 2922 2917 2921
f 2923 2922 2921
f 2924 2917 2922
f 2918 2917 2924
f 2925 2926 2924
f 2927 2926 2925
f 2928 2926 2927
f 2909 2911 2928
f 2927 2909 2928
f 2907 2909 2927
f 2925 2907 2927
f 2905 2907 2925
f 2904 2905 2925
f 2924 2904 2925
f 2922 2904 2924
f 2903 2904 2922
f 2923 2903 2922
f 2929 2903 2923
f 2930 2929 2923
f 2931 2929 2930
f 2932 2931 2930
f 2933 2932 2930
f 2934 2932 2933
f 2935 2932 2934
f 2936 2932 2935
f 2937 2936 2935
f 2938 2937 2935
f 2934 2938 2935
f 2939 2937 2938
f 2940 2939 2938
f 2941 2940 2938
f 2942 2941 2938
f 2943 2941 2942
f 2944 2943 2942
f 2945 2939 2940
f 2946 2939 2945
f 2947 2946 2945
f 2948 2946 2947
f 2949 2948 2947
f 2950 2948 2949
f 2951 2950 2949
f 2952 2951 2949
f 2953 2952 2949
f 2954 2952 2953
f 2955 2954 2953
f 2956 2955 2953
f 2957 2955 2956
f 2958 2955 2957
f 2959 2958 2957
f 2960 2958 2959
f 2961 2960 2959
f 2962 2960 2961
f 2963 2962 2961
f 2964 2962 2963
f 2965 2964 2963
f 2966 2965 2963
f 2967 2965 2966
f 2968 2965 2967
f 2969 2968 2967
f 2970 2969 2967
f 2971 2969 2970
f 2972 2971 2970
f 2973 2972 2970
f 2967 2973 2970
f 2974 2971 2972
f 2975 2976 2977
f 2978 2975 2977
f 2979 2975 2978
f 2980 2979 2978
f 2981 2980 2978
f 2982 2980 2981
f 2983 2980 2982
f 2984 2983 2982
f 2985 2984 2982
f 2986 2983 2984
f 2987 2986 2984
f 2985 2987 2984
f 2988 2987 2985
f 2989 2988 2985
f 2990 2988 2989
f 2991 2988 2990
f 2992 2991 2990
f 2993 2991 2992
f 2994 2993 2992
f 2995 2993 2994
f 2996 2993 2995
f 2997 2996 2995
f 2998 2997 2995
f 2999 2998 2995
f 3000 2998 2999
f 3001 2998 3000
f 3002 3001 3000
f 3003 3001 3002
f 3004 3003 3002
f 3005 3003 3004
f 3006 3005 3004
f 3007 3006 3004
f 3008 3006 3007
f 3009 3006 3008
f 3010 3009 3008
f 3011 3009 3010
f 3012 3011 3010
f 3013 3012 3010
f 3014 3012 3013
f 3015 3014 3013
f 3016 3014 3015
f 3017 3016 3015
f 3018 3016 3017
f 3019 3018 3017
f 3020 3018 3019
f 3021 3020 3019
f 3022 3020 3021
f 3023 3022 3021
f 3024 3023 3021
f 3025 3023 3024
f 3026 3025 3024
f 3027 3025 3026
f 3028 3027 3026
f 3029 3027 3028
f 3030 3029 3028
f 3031 3030 3028
f 3032 3030 3031
f 3033 3030 3032
f 3034 3033 3032
f 3035 3034 3032
f 3036 3034 3035
f 3037 3034 3036
f 3038 3037 3036
f 3039 3038 3036
f 3040 3039 3036
f 3041 3039 3040
f 3042 3041 3040
f 3043 3037 3038
f 3044 3043 3038
f 3045 3044 3038
f 3039 3045 3038
f 3046 3044 3045
f 3047 3046 3045
f 3048 3046 3047
f 3049 3048 3047
f 3050 3048 3049
f 3051 3050 3049
f 3052 3051 3049
f 3053 3052 3049
f 3047 3053 3049
f 3045 3053 3047
f 3054 3053 3045
f 3039 3054 3045
f 3041 3054 3039
f 3055 3054 3041
f 3056 3055 3041
f 3042 3056 3041
f 3057 3055 3056
f 3058 3057 3056
f 3059 3055 3057
f 3060 3059 3057
f 3061 3060 3057
f 3062 3061 3057
f 3058 3062 3057
f 3063 3062 3058
f 3064 3061 3062
f 3065 3064 3062
f 3066 3064 3065
f 3067 3064 3066
f 3068 3067 3066
f 3069 3067 3068
f 3070 3069 3068
f 3071 3067 3069
f 3072 3067 3071
f 3073 3072 3071
f 3074 3073 3071
f 3075 3074 3071
f 3076 3075 3071
f 3069 3076 3071
f 3077 3076 3069
f 3070 3077 3069
f 3078 3077 3070
f 3079 3077 3078
f 3080 3079 3078
f 3081 3080 3078
f 3082 3080 3081
f 3083 3080 3082
f 3084 3083 3082
f 3085 3083 3084
f 3086 3085 3084
f 3087 3086 3084
f 3088 3086 3087
f 3089 3088 3087
f 3090 3088 3089
f 3091 3088 3090
f 3092 3091 3090
f 3093 3092 3090
f 3094 3092 3093
f 3095 3094 3093
f 3096 3094 3095
f 3097 3096 3095
f 3098 3096 3097
f 3099 3096 3098
f 3100 3099 3098
f 3101 3100 3098
f 3102 3100 3101
f 3103 3102 3101
f 3104 3103 3101
f 3105 3103 3104
f 3106 3105 3104
f 3107 3103 3105
f 3108 3107 3105
f 3109 3108 3105
f 3110 3108 3109
f 3111 3110 3109
f 3112 3111 3109
f 3113 3110 3111
f 3114 3113 3111
f 3115 3114 3111
f 3116 3114 3115
f 3117 3116 3115
f 3118 3117 3115
f 3119 3118 3115
f 3120 3118 3119
f 3121 3120 3119
f 3122 3121 3119
f 3123 3122 3119
f 3124 3121 3122
f 3125 3120 3121
f 3126 3120 3125
f 3127 3126 3125
f 3128 3126 3127
f 3129 3128 3127
f 3130 3126 3128
f 3118 3120 3126
f 3130 3118 3126
f 3117 3118 3130
f 3131 3114 3116
f 3132 3131 3116
f 3113 3114 3131
f 3133 3113 3131
f 3134 3113 3133
f 3135 3134 3133
f 3136 3134 3135
f 3137 3136 3135
f 3138 3137 3135
f 3139 3137 3138
f 3140 3139 3138
f 3141 3139 3140
f 3142 3141 3140
f 3143 3141 3142
f 3144 3143 3142
f 3145 3143 3144
f 3146 3145 3144
f 3147 3145 3146
f 3148 3147 3146
f 3149 3147 3148
f 3150 3151 3152
f 3153 3151 3150
f 3154 3153 3150
f 3155 3154 3150
f 3156 3154 3155
f 3157 3156 3155
f 3158 3157 3155
f 3159 3157 3158
f 3160 3157 3159
f 3161 3160 3159
f 3162 3161 3159
f 3163 3161 3162
f 3164 3163 3162
f 3165 3163 3164
f 3166 3165 3164
f 3167 3166 3164
f 3168 3166 3167
f 3169 3166 3168
f 3170 3169 3168
f 3171 3170 3168
f 3172 3169 3170
f 3173 3169 3172
f 3174 3173 3172
f 3175 3173 3174
f 3176 3175 3174
f 3177 3176 3174
f 3178 3176 3177
f 3179 3176 3178
f 3180 3179 3178
f 3181 3179 3180
f 3182 3181 3180
f 3183 3181 3182
f 3184 3183 3182
f 3185 3183 3184
f 3186 3185 3184
f 3187 3186 3184
f 3188 3185 3186
f 3189 3185 3188
f 3190 3189 3188
f 3191 3190 3188
f 3192 3190 3191
f 3193 3192 3191
f 3194 3190 3192
f 3195 3194 3192
f 3196 3195 3192
f 3193 3196 3192
f 3197 3196 3193
f 3198 3197 3193
f 3199 3198 3193
f 3200 3198 3199
f 3201 3198 3200
f 3197 3198 3201
f 3202 3197 3201
f 3203 3197 3202
f 3204 3203 3202
f 3205 3203 3204
f 3206 3205 3204
f 3207 3205 3206
f 3208 3207 3206
f 3209 3207 3208
f 3210 3209 3208
f 3211 3209 3210
f 3212 3209 3211
f 3213 3212 3211
f 3214 3213 3211
f 3215 3212 3213
f 3216 3215 3213
f 3214 3216 3213
f 3217 3215 3216
f 3218 3217 3216
f 3219 3218 3216
f 3220 3219 3216
f 3221 3219 3220
f 3222 3221 3220
f 3223 3222 3220
f 3224 3221 3222
f 3225 3224 3222
f 3226 3224 3225
f 3227 3226 3225
f 3228 3227 3225
f 3229 3227 3228
f 3230 3229 3228
f 3231 3229 3230
f 3232 3231 3230
f 3233 3232 3230
f 3234 3232 3233
f 3235 3234 3233
f 3236 3234 3235
f 3237 3236 3235
f 3238 3237 3235
f 3239 3236 3237
f 3240 3236 3239
f 3241 3240 3239
f 3242 3236 3240
f 3243 3242 3240
f 3244 3242 3243
f 3245 3244 3243
f 3246 3244 3245
f 3247 3246 3245
f 3248 3246 3247
f 3249 3248 3247
f 3250 3249 3247
f 3251 3250 3247
f 3252 3250 3251
f 3253 3252 3251
f 3254 3252 3253
f 3255 3254 3253
f 3256 3254 3255
f 3257 3254 3256
f 3258 3257 3256
f 3259 3258 3256
f 3260 3258 3259
f 3261 3258 3260
f 3262 3261 3260
f 3263 3262 3260
f 3264 3262 3263
f 3265 3262 3264
f 3266 3265 3264
f 3267 3266 3264
f 3268 3266 3267
f 3269 3266 3268
f 3270 3269 3268
f 3271 3270 3268
f 3272 3271 3268
f 3273 3271 3272
f 3274 3271 3273
f 3275 3274 3273
f 3276 3275 3273
f 3277 3275 3276
f 3278 3277 3276
f 3279 3277 3278
f 3280 3279 3278
f 3281 3279 3280
f 3282 3281 3280
f 3283 3281 3282
f 3284 3281 3283
f 3285 3284 3283
f 3286 3285 3283
f 3287 3285 3286
f 3288 3285 3287
f 3289 3288 3287
f 3290 3289 3287
f 3291 3288 3289
f 3292 3288 3291
f 3293 3292 3291
f 3294 3293 3291
f 3295 3293 3294
f 3296 3295 3294
f 3297 3295 3296
f 3298 3297 3296
f 3299 3297 3298
f 3300 3299 3298
f 3301 3300 3298
f 3302 3300 3301
f 3303 3300 3302
f 3304 3303 3302
f 3305 3303 3304
f 3306 3303 3305
f 3307 3306 3305
f 3308 3307 3305
f 3309 3307 3308
f 3310 3307 3309
f 3306 3307 3310
f 3311 3306 3310
f 3312 3311 3310
f 3313 3312 3310
f 3314 3312 3313
f 3315 3314 3313
f 3316 3315 3313
f 3317 3315 3316
f 3318 3317 3316
f 3319 3317 3318
f 3320 3317 3319
f 3321 3320 3319
f 3322 3321 3319
f 3323 3322 3319
f 3324 3322 3323
f 3325 3324 3323
f 3326 3325 3323
f 3327 3326 3323
f 3328 3327 3323
f 3329 3327 3328
f 3330 3327 3329
f 3326 3327 3330
f 3331 3326 3330
f 3332 3331 3330
f 3333 3331 3332
f 3334 3331 3333
f 3335 3331 3334
f 3336 3335 3334
f 3337 3336 3334
f 3338 3336 3337
f 3339 3338 3337
f 3340 3339 3337
f 3341 3340 3337
f 3342 3340 3341
f 3343 3340 3342
f 3344 3343 3342
f 3345 3343 3344
f 3346 3345 3344
f 3347 3346 3344
f 3348 3346 3347
f 3349 3348 3347
f 3350 3349 3347
f 3351 3349 3350
f 3352 3349 3351
f 3353 3352 3351
f 3354 3352 3353
f 3355 3354 3353
f 3356 3354 3355
f 3357 3356 3355
f 3358 3357 3355
f 3359 3357 3358
f 3360 3359 3358
f 3361 3359 3360
f 3362 3361 3360
f 3363 3361 3362
f 3364 3363 3362
f 3365 3364 3362
f 3366 3363 3364
f 3367 3363 3366
f 3368 3363 3367
f 3361 3363 3368
f 3369 3361 3368
f 3370 3361 3369
f 3371 3370 3369
f 3372 3371 3369
f 3373 3372 3369
f 3374 3372 3373
f 3375 3374 3373
f 3376 3374 3375
f 3377 3376 3375
f 3378 3376 3377
f 3379 3376 3378
f 3380 3379 3378
f 3381 3379 3380
f 3382 3381 3380
f 3383 3382 3380
f 3384 3382 3383
f 3385 3384 3383
f 3386 3385 3383
f 3387 3385 3386
f 3388 3387 3386
f 3389 3387 3388
f 3390 3389 3388
f 3391 3387 3389
f 3385 3387 3391
f 3392 3385 3391
f 3393 3392 3391
f 3394 3392 3393
f 3395 3394 3393
f 3396 3394 3395
f 3397 3396 3395
f 3398 3396 3397
f 3399 3398 3397
f 3400 3398 3399
f 3401 3400 3399
f 3402 3400 3401
f 3403 3400 3402
f 3404 3403 3402
f 3405 3404 3402
f 3406 3405 3402
f 3401 3406 3402
f 3407 3406 3401
f 3408 3406 3407
f 3409 3406 3408
f 3410 3409 3408
f 3411 3410 3408
f 3412 3410 3411
f 3413 3410 3412
f 3414 3413 3412
f 3415 3413 3414
f 3416 3415 3414
f 3417 3416 3414
f 3418 3417 3414
f 3419 3417 3418
f 3420 3417 3419
f 3421 3420 3419
f 3422 3421 3419
f 3423 3422 3419
f 3424 3422 3423
f 3425 3424 3423
f 3426 3425 3423
f 3427 3425 3426
f 3428 3425 3427
f 3429 3428 3427
f 3430 3429 3427
f 3431 3430 3427
f 3432 3430 3431
f 3433 3432 3431
f 3434 3432 3433
f 3435 3434 3433
f 3436 3434 3435
f 3437 3436 3435
f 3438 3436 3437
f 3439 3436 3438
f 3434 3436 3439
f 3440 3434 3439
f 3441 3440 3439
f 3442 3441 3439
f 3443 3442 3439
f 3444 3442 3443
f 3445 3444 3443
f 3446 3444 3445
f 3447 3444 3446
f 3448 3447 3446
f 3449 3447 3448
f 3450 3449 3448
f 3451 3450 3448
f 3452 3451 3448
f 3453 3450 3451
f 3454 3450 3453
f 3455 3454 3453
f 3456 3455 3453
f 3457 3455 3456
f 3458 3457 3456
f 3459 3457 3458
f 3460 3459 3458
f 3461 3460 3458
f 3462 3460 3461
f 3463 3462 3461
f 3464 3463 3461
f 3465 3463 3464
f 3466 3465 3464
f 3467 3466 3464
f 3468 3466 3467
f 3469 3468 3467
f 3470 3468 3469
f 3471 3470 3469
f 3472 3470 3471
f 3473 3470 3472
f 3474 3473 3472
f 3475 3473 3474
f 3476 3475 3474
f 3477 3476 3474
f 3478 3476 3477
f 3479 3478 3477
f 3480 3479 3477
f 3481 3480 3477
f 3482 3480 3481
f 3483 3480 3482
f 3484 3483 3482
f 3485 3483 3484
f 3486 3485 3484
f 3487 3485 3486
f 3488 3487 3486
f 3489 3487 3488
f 3490 3489 3488
f 3491 3490 3488
f 3492 3491 3488
f 3493 3491 3492
f 3494 3491 3493
f 3495 3494 3493
f 3496 3495 3493
f 3497 3495 3496
f 3498 3495 3497
f 3494 3495 3498
f 3499 3494 3498
f 3500 3499 3498
f 3501 3499 3500
f 3502 3501 3500
f 3503 3502 3500
f 3504 3503 3500
f 3505 3501 3502
f 3506 3505 3502
f 3507 3505 3506
f 3508 3505 3507
f 3509 3505 3508
f 3510 3509 3508
f 3511 3510 3508
f 3512 3511 3508
f 3513 3511 3512
f 3514 3513 3512
f 3515 3513 3514
f 3516 3515 3514
f 3517 3515 3516
f 3518 3517 3516
f 3519 3517 3518
f 3520 3519 3518
f 3521 3520 3518
f 3522 3520 3521
f 3523 3520 3522
f 3524 3523 3522
f 3525 3520 3523
f 3526 3525 3523
f 3527 3525 3526
f 3528 3527 3526
f 3529 3527 3528
f 3530 3529 3528
f 3531 3530 3528
f 3532 3530 3531
f 3533 3532 3531
f 3534 3532 3533
f 3535 3534 3533
f 3536 3534 3535
f 3537 3534 3536
f 3538 3537 3536
f 3539 3534 3537
f 3540 3539 3537
f 3541 3539 3540
f 3542 3541 3540
f 3543 3542 3540
f 3537 3543 3540
f 3544 3543 3537
f 3538 3544 3537
f 3545 3543 3544
f 3546 3543 3545
f 3547 3546 3545
f 3548 3547 3545
f 3549 3548 3545
f 3544 3549 3545
f 3550 3547 3548
f 3551 3550 3548
f 3552 3550 3551
f 3553 3552 3551
f 3554 3552 3553
f 3555 3554 3553
f 3556 3554 3555
f 3557 3556 3555
f 3558 3556 3557
f 3559 3556 3558
f 3560 3559 3558
f 3561 3559 3560
f 3562 3561 3560
f 3563 3561 3562
f 3564 3563 3562
f 3565 3564 3562
f 3566 3564 3565
f 3567 3564 3566
f 3568 3564 3567
f 3569 3568 3567
f 3570 3568 3569
f 3571 3570 3569
f 3572 3571 3569
f 3573 3570 3571
f 3574 3570 3573
f 3575 3574 3573
f 3576 3575 3573
f 3577 3575 3576
f 3578 3575 3577
f 3579 3578 3577
f 3580 3578 3579
f 3581 3580 3579
f 3582 3581 3579
f 3583 3582 3579
f 3577 3583 3579
f 3584 3582 3583
f 3585 3582 3584
f 3586 3585 3584
f 3587 3585 3586
f 3588 3587 3586
f 3589 3587 3588
f 3590 3589 3588
f 3591 3589 3590
f 3592 3591 3590
f 3593 3592 3590
f 3594 3592 3593
f 3595 3592 3594
f 3596 3595 3594
f 3597 3596 3594
f 3598 3596 3597
f 3599 3596 3598
f 3600 3599 3598
f 3601 3600 3598
f 3602 3596 3599
f 3603 3602 3599
f 3604 3602 3603
f 3605 3604 3603
f 3606 3605 3603
f 3607 3606 3603
f 3608 3606 3607
f 3609 3606 3608
f 3610 3609 3608
f 3611 3610 3608
f 3612 3610 3611
f 3613 3612 3611
f 3614 3613 3611
f 3615 3613 3614
f 3616 3613 3615
f 3617 3616 3615
f 3618 3616 3617
f 3619 3618 3617
f 3620 3618 3619
f 3621 3620 3619
f 3622 3621 3619
f 3623 3621 3622
f 3624 3623 3622
f 3625 3624 3622
f 3626 3624 3625
f 3627 3626 3625
f 3628 3626 3627
f 3629 3626 3628
f 3630 3629 3628
f 3631 3630 3628
f 3632 3630 3631
f 3633 3632 3631
f 3634 3632 3633
f 3635 3632 3634
f 3636 3635 3634
f 3637 3635 3636
f 3638 3635 3637
f 3639 3638 3637
f 3640 3639 3637
f 3641 3639 3640
f 3642 3639 3641
f 3643 3639 3642
f 3644 3643 3642
f 3645 3644 3642
f 3646 3644 3645
f 3647 3646 3645
f 3648 3646 3647
f 3649 3646 3648
f 3650 3649 3648
f 3651 3649 3650
f 3652 3651 3650
f 3653 3651 3652
f 3654 3653 3652
f 3655 3651 3653
f 3656 3655 3653
f 3657 3655 3656
f 3658 3655 3657
f 3659 3658 3657
f 3660 3658 3659
f 3661 3658 3660
f 3662 3658 3661
f 3655 3658 3662
f 3651 3655 3662
f 3649 3651 3662
f 3661 3649 3662
f 3646 3649 3661
f 3644 3646 3661
f 3660 3644 3661
f 3643 3644 3660
f 3659 3643 3660
f 3639 3643 3659
f 3659 3638 3639
f 3632 3635 3638
f 3663 3616 3618
f 3664 3616 3663
f 3665 3664 3663
f 3613 3616 3664
f 3612 3613 3664
f 3666 3612 3664
f 3610 3612 3666
f 3667 3610 3666
f 3668 3667 3666
f 3669 3667 3668
f 3670 3669 3668
f 3671 3669 3670
f 3672 3671 3670
f 3673 3672 3670
f 3674 3671 3672
f 3675 3674 3672
f 3676 3675 3672
f 3677 3675 3676
f 3678 3677 3676
f 3679 3678 3676
f 3680 3678 3679
f 3681 3680 3679
f 3682 3680 3681
f 3683 3682 3681
f 3684 3682 3683
f 3685 3684 3683
f 3686 3685 3683
f 3687 3682 3684
f 3688 3687 3684
f 3689 3687 3688
f 3690 3689 3688
f 3691 3689 3690
f 3692 3689 3691
f 3693 3692 3691
f 3694 3693 3691
f 3695 3693 3694
f 3696 3695 3694
f 3697 3695 3696
f 3698 3695 3697
f 3699 3695 3698
f 3700 3699 3698
f 3701 3700 3698
f 3702 3699 3700
f 3703 3702 3700
f 3704 3703 3700
f 3701 3704 3700
f 3705 3703 3704
f 3706 3703 3705
f 3707 3706 3705
f 3708 3707 3705
f 3709 3708 3705
f 3710 3708 3709
f 3711 3710 3709
f 3712 3711 3709
f 3713 3711 3712
f 3714 3711 3713
f 3715 3714 3713
f 3716 3714 3715
f 3717 3714 3716
f 3718 3714 3717
f 3719 3718 3717
f 3720 3719 3717
f 3721 3720 3717
f 3722 3720 3721
f 3723 3722 3721
f 3724 3723 3721
f 3725 3724 3721
f 3726 3724 3725
f 3727 3726 3725
f 3728 3727 3725
f 3729 3727 3728
f 3730 3729 3728
f 3731 3729 3730
f 3732 3729 3731
f 3733 3729 3732
f 3734 3733 3732
f 3735 3734 3732
f 3736 3733 3734
f 3737 3736 3734
f 3738 3736 3737
f 3739 3738 3737
f 3740 3736 3738
f 3741 3740 3738
f 3739 3741 3738
f 3742 3740 3741
f 3743 3742 3741
f 3744 3743 3741
f 3745 3742 3743
f 3746 3742 3745
f 3747 3746 3745
f 3748 3747 3745
f 3749 3748 3745
f 3750 3749 3745
f 3751 3749 3750
f 3752 3749 3751
f 3753 3752 3751
f 3754 3753 3751
f 3755 3752 3753
f 3756 3755 3753
f 3757 3756 3753
f 3758 3756 3757
f 3759 3758 3757
f 3760 3759 3757
f 3761 3759 3760
f 3762 3761 3760
f 3763 3762 3760
f 3764 3763 3760
f 3765 3763 3764
f 3766 3765 3764
f 3767 3766 3764
f 3768 3767 3764
f 3769 3766 3767
f 3770 3766 3769
f 3771 3766 3770
f 3772 3771 3770
f 3773 3772 3770
f 3774 3771 3772
f 3775 3774 3772
f 3776 3774 3775
f 3777 3774 3776
f 3778 3777 3776
f 3779 3778 3776
f 3780 3778 3779
f 3781 3780 3779
f 3782 3780 3781
f 3783 3782 3781
f 3784 3783 3781
f 3785 3783 3784
f 3786 3783 3785
f 3787 3783 3786
f 3788 3787 3786
f 3789 3788 3786
f 3790 3788 3789
f 3791 3788 3790
f 3792 3791 3790
f 3793 3792 3790
f 3794 3793 3790
f 3795 3793 3794
f 3796 3795 3794
f 3797 3796 3794
f 3798 3796 3797
f 3799 3798 3797
f 3800 3798 3799
f 3801 3800 3799
f 3802 3800 3801
f 3803 3802 3801
f 3804 3803 3801
f 3805 3803 3804
f 3806 3805 3804
f 3807 3803 3805
f 3808 3807 3805
f 3809 3807 3808
f 3810 3809 3808
f 3811 3809 3810
f 3812 3811 3810
f 3813 3811 3812
f 3814 3811 3813
f 3815 3814 3813
f 3816 3814 3815
f 3817 3816 3815
f 3818 3817 3815
f 3819 3817 3818
f 3820 3817 3819
f 3821 3816 3817
f 3822 3821 3817
f 3820 3822 3817
f 3823 3822 3820
f 3824 3822 3823
f 3825 3824 3823
f 3826 3825 3823
f 3827 3825 3826
f 3828 3825 3827
f 3829 3828 3827
f 3830 3829 3827
f 3831 3829 3830
f 3832 3831 3830
f 3833 3832 3830
f 3834 3831 3832
f 3835 3834 3832
f 3836 3834 3835
f 3837 3836 3835
f 3838 3836 3837
f 3839 3838 3837
f 3840 3838 3839
f 3841 3840 3839
f 3842 3840 3841
f 3843 3840 3842
f 3844 3843 3842
f 3845 3844 3842
f 3846 3844 3845
f 3847 3846 3845
f 3848 3847 3845
f 3849 3847 3848
f 3850 3849 3848
f 3851 3849 3850
f 3852 3851 3850
f 3853 3851 3852
f 3854 3853 3852
f 3855 3853 3854
f 3856 3855 3854
f 3857 3855 3856
f 3858 3857 3856
f 3859 3857 3858
f 3860 3859 3858
f 3861 3859 3860
f 3862 3861 3860
f 3863 3861 3862
f 3864 3863 3862
f 3865 3864 3862
f 3866 3863 3864
f 3867 3866 3864
f 3868 3867 3864
f 3869 3867 3868
f 3870 3869 3868
f 3871 3869 3870
f 3872 3869 3871
f 3873 3872 3871
f 3874 3872 3873
f 3875 3872 3874
f 3876 3875 3874
f 3877 3876 3874
f 3878 3876 3877
f 3879 3876 3878
f 3880 3879 3878
f 3881 3880 3878
f 3882 3879 3880
f 3883 3882 3880
f 3884 3883 3880
f 3881 3884 3880
f 3885 3884 3881
f 3886 3884 3885
f 3887 3884 3886
f 3888 3887 3886
f 3889 3888 3886
f 3890 3888 3889
f 3891 3890 3889
f 3892 3890 3891
f 3893 3892 3891
f 3894 3893 3891
f 3895 3892 3893
f 3896 3895 3893
f 3897 3895 3896
f 3898 3895 3897
f 3899 3898 3897
f 3900 3899 3897
f 3901 3899 3900
f 3902 3898 3899
f 3903 3902 3899
f 3904 3903 3899
f 3905 3904 3899
f 3901 3905 3899
f 3906 3905 3901
f 3907 3905 3906
f 3908 3907 3906
f 3909 3907 3908
f 3910 3907 3909
f 3911 3907 3910
f 3912 3911 3910
f 3913 3912 3910
f 3914 3912 3913
f 3915 3914 3913
f 3916 3914 3915
f 3917 3916 3915
f 3918 3916 3917
f 3919 3916 3918
f 3920 3916 3919
f 3921 3916 3920
f 3922 3916 3921
f 3923 3922 3921
f 3924 3923 3921
f 3925 3923 3924
f 3926 3925 3924
f 3927 3923 3925
f 3922 3923 3927
f 3914 3916 3922
f 3912 3914 3922
f 3927 3912 3922
f 3911 3912 3927
f 3905 3907 3911
f 3904 3905 3911
f 3927 3904 3911
f 3925 3904 3927
f 3903 3904 3925
f 3926 3903 3925
f 3928 3903 3926
f 3902 3903 3928
f 3929 3902 3928
f 3898 3902 3929
f 3892 3895 3898
f 3929 3892 3898
f 3890 3892 3929
f 3888 3890 3929
f 3928 3888 3929
f 3887 3888 3928
f 3926 3887 3928
f 3883 3884 3887
f 3926 3883 3887
f 3924 3883 3926
f 3882 3883 3924
f 3921 3882 3924
f 3920 3882 3921
f 3879 3882 3920
f 3919 3879 3920
f 3876 3879 3919
f 3875 3876 3919
f 3918 3875 3919
f 3930 3875 3918
f 3872 3875 3930
f 3867 3869 3872
f 3930 3867 3872
f 3866 3867 3930
f 3863 3866 3930
f 3918 3863 3930
f 3917 3863 3918
f 3861 3863 3917
f 3915 3861 3917
f 3859 3861 3915
f 3913 3859 3915
f 3857 3859 3913
f 3910 3857 3913
f 3855 3857 3910
f 3909 3855 3910
f 3853 3855 3909
f 3908 3853 3909
f 3851 3853 3908
f 3849 3851 3908
f 3906 3849 3908
f 3847 3849 3906
f 3901 3847 3906
f 3900 3847 3901
f 3846 3847 3900
f 3897 3846 3900
f 3896 3846 3897
f 3844 3846 3896
f 3843 3844 3896
f 3893 3843 3896
f 3894 3843 3893
f 3840 3843 3894
f 3838 3840 3894
f 3891 3838 3894
f 3889 3838 3891
f 3836 3838 3889
f 3886 3836 3889
f 3834 3836 3886
f 3885 3834 3886
f 3831 3834 3885
f 3829 3831 3885
f 3881 3829 3885
f 3828 3829 3881
f 3878 3828 3881
f 3877 3828 3878
f 3825 3828 3877
f 3824 3825 3877
f 3874 3824 3877
f 3873 3824 3874
f 3822 3824 3873
f 3821 3822 3873
f 3871 3821 3873
f 3816 3821 3871
f 3870 3816 3871
f 3814 3816 3870
f 3811 3814 3870
f 3868 3811 3870
f 3809 3811 3868
f 3864 3809 3868
f 3865 3809 3864
f 3807 3809 3865
f 3802 3803 3807
f 3865 3802 3807
f 3862 3802 3865
f 3860 3802 3862
f 3800 3802 3860
f 3858 3800 3860
f 3798 3800 3858
f 3856 3798 3858
f 3796 3798 3856
f 3854 3796 3856
f 3795 3796 3854
f 3852 3795 3854
f 3793 3795 3852
f 3850 3793 3852
f 3792 3793 3850
f 3848 3792 3850
f 3791 3792 3848
f 3845 3791 3848
f 3782 3783 3787
f 3765 3766 3771
f 3740 3742 3746
f 3931 3740 3746
f 3736 3740 3931
f 3932 3736 3931
f 3733 3736 3932
f 3727 3729 3733
f 3932 3727 3733
f 3726 3727 3932
f 3931 3726 3932
f 3711 3714 3718
f 3710 3711 3718
f 3693 3695 3699
f 3933 3682 3687
f 3680 3682 3933
f 3678 3680 3933
f 3609 3610 3667
f 3501 3505 3509
f 3490 3491 3494
f 3432 3434 3440
f 3405 3406 3409
f 3398 3400 3403
f 3374 3376 3379
f 3934 3370 3371
f 3359 3361 3370
f 3934 3359 3370
f 3357 3359 3934
f 3935 3357 3934
f 3356 3357 3935
f 3326 3331 3335
f 3325 3326 3335
f 3936 3306 3311
f 3303 3306 3936
f 3300 3303 3936
f 3299 3300 3936
f 3311 3299 3936
f 3270 3271 3274
f 3937 3242 3244
f 3234 3236 3242
f 3937 3234 3242
f 3232 3234 3937
f 3231 3232 3937
f 3196 3197 3203
f 3079 3080 3083
f 3061 3064 3067
f 3072 3061 3067
f 3060 3061 3072
f 3938 3055 3059
f 3054 3055 3938
f 3053 3054 3938
f 3033 3034 3037
f 3043 3033 3037
f 3029 3030 3033
f 2979 2980 2983
f 2986 2979 2983
f 2964 2965 2968
f 3939 2950 2951
f 3940 2950 3939
f 3941 3940 3939
f 3942 3941 3939
f 3943 3941 3942
f 2948 2950 3940
f 2946 2948 3940
f 2937 2939 2946
f 3940 2937 2946
f 2936 2937 3940
f 3941 2936 3940
f 3943 2936 3941
f 2932 2936 3943
f 2931 2932 3943
f 2901 2903 2929
f 2899 2901 2929
f 2931 2899 2929
f 3943 2899 2931
f 2897 2899 3943
f 3942 2897 3943
f 2895 2897 3942
f 2848 2849 2853
f 2838 2839 2847
f 3944 2829 2830
f 3945 2829 3944
f 3946 2829 3945
f 2826 2829 3946
f 2823 2826 3946
f 2821 2823 3946
f 3945 2821 3946
f 2818 2821 3945
f 3944 2818 3945
f 3947 2818 3944
f 2814 2818 3947
f 2813 2814 3947
f 3948 2774 2776
f 2764 2765 2766
f 3949 3950 3951
f 3952 3950 3949
f 3953 3952 3949
f 3954 3953 3949
f 3955 3954 3949
f 3956 3955 3949
f 3957 3953 3954
f 3958 3957 3954
f 3959 3958 3954
f 3955 3959 3954
f 3960 3959 3955
f 3961 3960 3955
f 3956 3961 3955
f 3962 3961 3956
f 3963 3962 3956
f 3949 3963 3956
f 3951 3963 3949
f 3964 3965 3966
f 3967 3964 3966
f 3968 3964 3967
f 3969 3968 3967
f 3970 3969 3967
f 3971 3969 3970
f 3972 3971 3970
f 3973 3972 3970
f 3974 3972 3973
f 3975 3972 3974
f 3976 3975 3974
f 3977 3975 3976
f 3978 3977 3976
f 3979 3978 3976
f 3980 3978 3979
f 3981 3980 3979
f 3982 3980 3981
f 3983 3980 3982
f 3984 3983 3982
f 3985 3984 3982
f 3981 3985 3982
f 3986 3984 3985
f 3987 3986 3985
f 3988 3987 3985
f 3989 3987 3988
f 3990 3989 3988
f 3991 3989 3990
f 3992 3989 3991
f 3993 3989 3992
f 3994 3993 3992
f 3995 3993 3994
f 3993 3987 3989
f 3995 3987 3993
f 3996 3987 3995
f 3997 3987 3996
f 3998 3997 3996
f 3999 3998 3996
f 4000 3998 3999
f 4001 4000 3999
f 4002 4001 3999
f 4003 4001 4002
f 4004 4003 4002
f 4005 4003 4004
f 4006 4007 4008
f 4009 4006 4008
f 4010 4009 4008
f 4011 4012 4013
f 4014 4012 4011
f 4015 4014 4011
f 4016 4015 4011
f 4017 4016 4011
f 4018 4016 4017
f 4019 4018 4017
f 4020 4019 4017
f 4021 4019 4020
f 4022 4021 4020
f 4023 4021 4022
f 4024 4023 4022
f 4025 4024 4022
f 4026 4025 4022
f 4027 4025 4026
f 4028 4025 4027
f 4029 4028 4027
f 4030 4029 4027
f 4031 4030 4027
f 4032 4030 4031
f 4033 4030 4032
f 4034 4033 4032
f 4035 4034 4032
f 4036 4035 4032
f 4037 4036 4032
f 4031 4037 4032
f 4038 4035 4036
f 4039 4038 4036
f 4040 4039 4036
f 4041 4039 4040
f 4042 4041 4040
f 4043 4042 4040
f 4036 4043 4040
f 4037 4043 4036
f 4044 4045 4046
f 4047 4045 4044
f 4048 4047 4044
f 4049 4047 4048
f 4050 4049 4048
f 4051 4050 4048
f 4052 4050 4051
f 4053 4050 4052
f 4054 4053 4052
f 4055 4053 4054
f 4056 4055 4054
f 4057 4056 4054
f 4058 4055 4056
f 4059 4058 4056
f 4060 4058 4059
f 4061 4060 4059
f 4062 4061 4059
f 4063 4058 4060
f 4064 4063 4060
f 4065 4063 4064
f 4066 4065 4064
f 4067 4066 4064
f 4068 4066 4067
f 4069 4068 4067
f 4070 4069 4067
f 4071 4069 4070
f 4072 4071 4070
f 4073 4071 4072
f 4074 4073 4072
f 4075 4073 4074
f 4076 4075 4074
f 4077 4076 4074
f 4078 4076 4077
f 4079 4078 4077
f 4080 4078 4079
f 4081 4080 4079
f 4082 4080 4081
f 4083 4082 4081
f 4084 4083 4081
f 4085 4083 4084
f 4086 4085 4084
f 4087 4085 4086
f 4088 4085 4087
f 4089 4088 4087
f 4090 4088 4089
f 4091 4090 4089
f 4092 4090 4091
f 4093 4090 4092
f 4094 4093 4092
f 4095 4093 4094
f 4096 4095 4094
f 4097 4096 4094
f 4098 4097 4094
f 4099 4097 4098
f 4100 4099 4098
f 4101 4097 4099
f 4102 4101 4099
f 4103 4102 4099
f 4104 4102 4103
f 4105 4102 4104
f 4106 4105 4104
f 4107 4105 4106
f 4108 4107 4106
f 4109 4107 4108
f 4110 4109 4108
f 4111 4109 4110
f 4112 4111 4110
f 4113 4112 4110
f 4114 4113 4110
f 4115 4113 4114
f 4116 4113 4115
f 4117 4116 4115
f 4118 4116 4117
f 4119 4118 4117
f 4120 4118 4119
f 4121 4120 4119
f 4122 4120 4121
f 4123 4122 4121
f 4124 4123 4121
f 4125 4124 4121
f 4126 4123 4124
f 4127 4126 4124
f 4128 4127 4124
f 4129 4128 4124
f 4125 4129 4124
f 4130 4128 4129
f 4131 4128 4130
f 4132 4131 4130
f 4133 4131 4132
f 4134 4131 4133
f 4135 4134 4133
f 4136 4135 4133
f 4137 4136 4133
f 4138 4136 4137
f 4139 4138 4137
f 4140 4139 4137
f 4141 4139 4140
f 4142 4141 4140
f 4143 4142 4140
f 4144 4143 4140
f 4145 4143 4144
f 4146 4145 4144
f 4147 4141 4142
f 4148 4141 4147
f 4149 4148 4147
f 4150 4141 4148
f 4151 4150 4148
f 4152 4150 4151
f 4153 4152 4151
f 4154 4152 4153
f 4155 4154 4153
f 4156 4154 4155
f 4157 4156 4155
f 4158 4157 4155
f 4159 4157 4158
f 4160 4157 4159
f 4161 4157 4160
f 4162 4161 4160
f 4163 4162 4160
f 4164 4163 4160
f 4165 4164 4160
f 4159 4165 4160
f 4166 4164 4165
f 4167 4164 4166
f 4168 4164 4167
f 4169 4168 4167
f 4170 4169 4167
f 4171 4169 4170
f 4172 4171 4170
f 4173 4172 4170
f 4174 4172 4173
f 4175 4169 4171
f 4176 4169 4175
f 4177 4176 4175
f 4178 4176 4177
f 4179 4178 4177
f 4180 4179 4177
f 4181 4179 4180
f 4182 4181 4180
f 4183 4181 4182
f 4184 4183 4182
f 4185 4183 4184
f 4186 4185 4184
f 4187 4186 4184
f 4188 4186 4187
f 4189 4186 4188
f 4190 4189 4188
f 4191 4190 4188
f 4192 4190 4191
f 4193 4192 4191
f 4194 4190 4192
f 4195 4194 4192
f 4196 4194 4195
f 4197 4196 4195
f 4198 4196 4197
f 4199 4198 4197
f 4200 4199 4197
f 4201 4200 4197
f 4202 4199 4200
f 4203 4202 4200
f 4204 4202 4203
f 4205 4204 4203
f 4206 4204 4205
f 4207 4204 4206
f 4208 4207 4206
f 4209 4208 4206
f 4210 4209 4206
f 4211 4208 4209
f 4212 4208 4211
f 4213 4212 4211
f 4214 4213 4211
f 4215 4213 4214
f 4216 4215 4214
f 4217 4215 4216
f 4218 4215 4217
f 4219 4218 4217
f 4220 4219 4217
f 4221 4219 4220
f 4222 4219 4221
f 4223 4222 4221
f 4224 4222 4223
f 4225 4224 4223
f 4226 4224 4225
f 4227 4226 4225
f 4228 4226 4227
f 4229 4228 4227
f 4230 4228 4229
f 4231 4230 4229
f 4232 4231 4229
f 4233 4231 4232
f 4234 4233 4232
f 4235 4234 4232
f 4236 4235 4232
f 4237 4235 4236
f 4238 4237 4236
f 4239 4238 4236
f 4240 4239 4236
f 4241 4239 4240
f 4242 4241 4240
f 4243 4239 4241
f 4244 4243 4241
f 4245 4243 4244
f 4246 4245 4244
f 4247 4245 4246
f 4248 4247 4246
f 4249 4245 4247
f 4250 4249 4247
f 4251 4249 4250
f 4252 4251 4250
f 4253 4251 4252
f 4254 4253 4252
f 4255 4253 4254
f 4256 4255 4254
f 4257 4255 4256
f 4258 4257 4256
f 4259 4258 4256
f 4260 4258 4259
f 4261 4260 4259
f 4262 4260 4261
f 4263 4262 4261
f 4264 4263 4261
f 4265 4264 4261
f 4266 4267 4268
f 4269 4266 4268
f 4270 4266 4269
f 4271 4270 4269
f 4272 4270 4271
f 4273 4272 4271
f 4274 4273 4271
f 4275 4273 4274
f 4276 4275 4277
f 4278 4275 4276
f 4273 4275 4278
f 4279 4273 4278
f 4280 4279 4278
f 4281 4280 4278
f 4282 4280 4281
f 4283 4282 4281
f 4284 4283 4281
f 4285 4283 4284
f 4286 4285 4284
f 4287 4286 4284
f 4281 4287 4284
f 4278 4287 4281
f 4276 4287 4278
f 4288 4287 4276
f 4289 4288 4276
f 4290 4288 4289
f 4291 4290 4289
f 4292 4290 4291
f 4293 4292 4291
f 4294 4292 4293
f 4295 4294 4293
f 4296 4294 4295
f 4297 4296 4295
f 4298 4296 4297
f 4299 4298 4297
f 4300 4299 4297
f 4301 4299 4300
f 4302 4301 4300
f 4303 4301 4302
f 4304 4303 4302
f 4305 4303 4304
f 4306 4305 4304
f 4307 4305 4306
f 4308 4307 4306
f 4309 4303 4305
f 4310 4309 4305
f 4311 4310 4305
f 4307 4311 4305
f 4312 4311 4307
f 4313 4312 4307
f 4308 4313 4307
f 4314 4313 4308
f 4315 4313 4314
f 4316 4313 4315
f 4317 4316 4315
f 4318 4316 4317
f 4319 4316 4318
f 4320 4319 4318
f 4321 4320 4318
f 4322 4321 4318
f 4323 4321 4322
f 4324 4325 4326
f 4327 4325 4324
f 4328 4327 4324
f 4329 4328 4324
f 4330 4329 4324
f 4331 4329 4330
f 4332 4331 4330
f 4333 4331 4332
f 4334 4333 4332
f 4335 4334 4332
f 4336 4334 4335
f 4337 4334 4336
f 4338 4337 4336
f 4339 4338 4336
f 4340 4339 4336
f 4341 4339 4340
f 4342 4341 4340
f 4343 4342 4340
f 4344 4342 4343
f 4345 4342 4344
f 4346 4345 4344
f 4347 4345 4346
f 4348 4345 4347
f 4349 4345 4348
f 4350 4349 4348
f 4351 4350 4348
f 4352 4351 4348
f 4347 4352 4348
f 4353 4352 4347
f 4354 4353 4347
f 4355 4354 4347
f 4356 4354 4355
f 4357 4354 4356
f 4358 4357 4356
f 4359 4357 4358
f 4360 4359 4358
f 4361 4360 4358
f 4362 4360 4361
f 4363 4362 4361
f 4364 4362 4363
f 4365 4364 4363
f 4366 4364 4365
f 4367 4366 4365
f 4368 4366 4367
f 4369 4368 4367
f 4370 4369 4367
f 4371 4369 4370
f 4372 4371 4370
f 4373 4371 4372
f 4374 4373 4372
f 4375 4374 4372
f 4376 4375 4372
f 4377 4375 4376
f 4378 4375 4377
f 4379 4378 4377
f 4380 4379 4377
f 4381 4379 4380
f 4382 4381 4380
f 4383 4379 4381
f 4384 4383 4381
f 4385 4383 4384
f 4386 4385 4384
f 4387 4385 4386
f 4388 4387 4386
f 4389 4388 4386
f 4390 4388 4389
f 4391 4388 4390
f 4392 4393 4394
f 4395 4392 4394
f 4396 4395 4394
f 4397 4395 4396
f 4398 4399 4400
f 4401 4399 4398
f 4402 4401 4398
f 4403 4399 4401
f 4402 4403 4401
f 4403 4404 4399
f 4405 4404 4403
f 4406 4405 4403
f 4407 4406 4403
f 4408 4406 4407
f 4409 4408 4407
f 4410 4408 4409
f 4411 4410 4409
f 4412 4411 4409
f 4413 4411 4412
f 4414 4413 4412
f 4415 4414 4412
f 4416 4414 4415
f 4417 4416 4415
f 4418 4416 4417
f 4419 4418 4417
f 4420 4419 4417
f 4421 4419 4420
f 4422 4421 4420
f 4423 4421 4422
f 4424 4421 4423
f 4425 4424 4423
f 4426 4425 4423
f 4427 4426 4423
f 4422 4427 4423
f 4428 4427 4422
f 4429 4427 4428
f 4430 4429 4428
f 4431 4430 4428
f 4432 4430 4431
f 4433 4432 4431
f 4434 4432 4433
f 4435 4432 4434
f 4436 4435 4434
f 4437 4435 4436
f 4438 4437 4436
f 4439 4438 4436
f 4440 4439 4436
f 4441 4438 4439
f 4442 4441 4439
f 4443 4441 4442
f 4444 4443 4442
f 4445 4444 4442
f 4446 4445 4442
f 4439 4446 4442
f 4447 4446 4439
f 4448 4446 4447
f 4449 4448 4447
f 4450 4448 4449
f 4451 4450 4449
f 4452 4451 4449
f 4453 4451 4452
f 4454 4453 4452
f 4455 4454 4452
f 4456 4454 4455
f 4457 4456 4455
f 4458 4456 4457
f 4459 4458 4457
f 4460 4458 4459
f 4461 4460 4459
f 4462 4460 4461
f 4463 4462 4461
f 4464 4465 4466
f 4467 4464 4466
f 4468 4464 4467
f 4469 4468 4467
f 4470 4469 4467
f 4471 4470 4467
f 4472 4473 4474
f 4475 4472 4474
f 4476 4472 4475
f 4477 4476 4475
f 4478 4477 4475
f 4479 4478 4475
f 4480 4478 4479
f 4481 4480 4479
f 4482 4481 4479
f 4483 4482 4479
f 4475 4483 4479
f 4474 4483 4475
f 4484 4482 4483
f 4485 4482 4484
f 4486 4485 4484
f 4487 4485 4486
f 4488 4487 4486
f 4489 4487 4488
f 4490 4482 4485
f 4481 4482 4490
f 4491 4481 4490
f 4492 4491 4490
f 4493 4491 4492
f 4494 4493 4492
f 4495 4493 4494
f 4496 4495 4494
f 4497 4495 4496
f 4498 4495 4497
f 4499 4498 4497
f 4500 4498 4499
f 4501 4500 4499
f 4502 4503 4504
f 4505 4502 4504
f 4506 4502 4505
f 4507 4502 4506
f 4508 4502 4507
f 4509 4508 4507
f 4510 4509 4507
f 4511 4510 4507
f 4512 4511 4507
f 4506 4512 4507
f 4513 4511 4512
f 4514 4513 4512
f 4515 4513 4514
f 4516 4515 4514
f 4517 4516 4514
f 4518 4517 4514
f 4519 4517 4518
f 4520 4517 4519
f 4521 4517 4520
f 4522 4521 4520
f 4523 4522 4520
f 4524 4523 4520
f 4525 4523 4524
f 4526 4525 4524
f 4527 4526 4524
f 4528 4527 4524
f 4529 4526 4527
f 4530 4529 4527
f 4531 4530 4527
f 4528 4531 4527
f 4532 4531 4528
f 4533 4532 4528
f 4534 4532 4533
f 4535 4532 4534
f 4536 4535 4534
f 4537 4535 4536
f 4538 4537 4536
f 4539 4538 4536
f 4540 4538 4539
f 4541 4540 4539
f 4542 4540 4541
f 4543 4540 4542
f 4544 4540 4543
f 4545 4544 4543
f 4546 4544 4545
f 4547 4546 4545
f 4548 4546 4547
f 4549 4548 4547
f 4550 4549 4547
f 4551 4550 4547
f 4545 4551 4547
f 4552 4550 4551
f 4553 4550 4552
f 4554 4550 4553
f 4549 4550 4554
f 4555 4549 4554
f 4556 4557 4558
f 4559 4556 4558
f 4560 4556 4559
f 4561 4556 4560
f 4562 4556 4561
f 4563 4562 4561
f 4564 4556 4562
f 4557 4556 4564
f 4549 4555 4564
f 4548 4549 4564
f 4562 4548 4564
f 4546 4548 4562
f 4563 4546 4562
f 4544 4546 4563
f 4538 4540 4544
f 4563 4538 4544
f 4537 4538 4563
f 4561 4537 4563
f 4535 4537 4561
f 4560 4535 4561
f 4531 4532 4535
f 4560 4531 4535
f 4559 4531 4560
f 4530 4531 4559
f 4565 4530 4566
f 4567 4565 4566
f 4568 4565 4567
f 4569 4565 4568
f 4570 4569 4568
f 4571 4572 4573
f 4574 4571 4573
f 4575 4571 4574
f 4576 4571 4575
f 4577 4576 4575
f 4578 4577 4575
f 4579 4577 4578
f 4580 4579 4578
f 4581 4580 4578
f 4582 4579 4580
f 4583 4582 4580
f 4584 4582 4583
f 4585 4584 4583
f 4586 4584 4585
f 4587 4584 4586
f 4588 4587 4586
f 4589 4587 4588
f 4590 4589 4588
f 4591 4589 4590
f 4592 4591 4590
f 4593 4591 4592
f 4594 4593 4592
f 4595 4593 4594
f 4596 4595 4594
f 4597 4596 4594
f 4598 4596 4597
f 4599 4598 4597
f 4600 4599 4597
f 4601 4598 4599
f 4602 4601 4599
f 4603 4604 4605
f 4606 4601 4607
f 4608 4606 4607
f 4609 4606 4608
f 4610 4609 4608
f 4611 4609 4610
f 4598 4601 4606
f 4596 4598 4606
f 4609 4596 4606
f 4595 4596 4609
f 4611 4595 4609
f 4612 4595 4611
f 4593 4595 4612
f 4613 4593 4612
f 4614 4613 4612
f 4615 4614 4612
f 4611 4615 4612
f 4616 4614 4615
f 4617 4616 4615
f 4618 4617 4615
f 4619 4618 4615
f 4620 4619 4615
f 4621 4619 4620
f 4622 4619 4621
f 4623 4622 4621
f 4624 4623 4621
f 4625 4623 4624
f 4626 4625 4624
f 4627 4625 4626
f 4628 4627 4626
f 4629 4630 4631
f 4632 4629 4631
f 4633 4632 4631
f 4634 4633 4631
f 4635 4633 4634
f 4636 4633 4635
f 4637 4636 4635
f 4638 4637 4635
f 4639 4637 4638
f 4640 4639 4638
f 4641 4640 4638
f 4635 4641 4638
f 4642 4640 4641
f 4643 4640 4642
f 4644 4643 4642
f 4645 4644 4642
f 4646 4645 4642
f 4647 4645 4646
f 4648 4649 4650
f 4651 4649 4648
f 4652 4651 4648
f 4653 4651 4652
f 4654 4651 4653
f 4655 4654 4653
f 4656 4655 4653
f 4657 4655 4656
f 4658 4657 4656
f 4659 4658 4656
f 4660 4658 4659
f 4661 4658 4660
f 4662 4661 4660
f 4663 4661 4662
f 4664 4663 4662
f 4665 4663 4664
f 4666 4663 4665
f 4667 4666 4665
f 4668 4667 4665
f 4669 4668 4665
f 4670 4668 4669
f 4671 4670 4669
f 4672 4671 4669
f 4673 4671 4672
f 4674 4671 4673
f 4675 4674 4673
f 4676 4675 4673
f 4677 4676 4673
f 4678 4676 4677
f 4679 4676 4678
f 4680 4679 4678
f 4681 4680 4678
f 4682 4680 4681
f 4683 4680 4682
f 4684 4683 4682
f 4685 4683 4684
f 4686 4685 4684
f 4687 4686 4684
f 4688 4686 4687
f 4689 4688 4687
f 4690 4689 4687
f 4691 4689 4690
f 4692 4689 4691
f 4693 4692 4691
f 4694 4693 4691
f 4695 4693 4694
f 4696 4695 4694
f 4697 4695 4696
f 4698 4697 4696
f 4699 4697 4698
f 4700 4699 4698
f 4701 4699 4700
f 4702 4699 4701
f 4703 4702 4701
f 4704 4703 4701
f 4705 4702 4703
f 4706 4705 4703
f 4707 4706 4703
f 4704 4707 4703
f 4708 4707 4704
f 4709 4707 4708
f 4710 4707 4709
f 4711 4710 4709
f 4712 4710 4711
f 4713 4712 4711
f 4709 4713 4711
f 4714 4710 4712
f 4715 4714 4712
f 4716 4714 4715
f 4717 4716 4715
f 4718 4717 4715
f 4719 4718 4715
f 4720 4718 4719
f 4721 4720 4719
f 4722 4721 4719
f 4723 4724 4725
f 4726 4723 4725
f 4727 4723 4726
f 4728 4723 4727
f 4729 4723 4728
f 4730 4729 4728
f 4731 4730 4728
f 4732 4731 4728
f 4733 4732 4728
f 4727 4733 4728
f 4734 4732 4733
f 4735 4734 4733
f 4736 4734 4735
f 4737 4736 4735
f 4738 4736 4737
f 4739 4738 4737
f 4740 4738 4739
f 4741 4740 4739
f 4742 4741 4739
f 4743 4741 4742
f 4744 4743 4742
f 4745 4743 4744
f 4746 4745 4744
f 4747 4746 4744
f 4748 4746 4747
f 4749 4748 4747
f 4750 4748 4749
f 4751 4748 4750
f 4752 4751 4750
f 4753 4752 4750
f 4754 4751 4752
f 4755 4754 4752
f 4756 4755 4752
f 4753 4756 4752
f 4757 4756 4753
f 4758 4757 4753
f 4759 4757 4758
f 4760 4759 4758
f 4761 4759 4760
f 4762 4761 4760
f 4763 4761 4762
f 4764 4763 4762
f 4765 4764 4762
f 4766 4764 4765
f 4767 4766 4765
f 4768 4766 4767
f 4769 4768 4767
f 4770 4768 4769
f 4771 4770 4769
f 4772 4771 4769
f 4773 4771 4772
f 4774 4773 4772
f 4775 4774 4772
f 4776 4774 4775
f 4777 4774 4776
f 4778 4774 4777
f 4779 4778 4777
f 4780 4779 4777
f 4781 4780 4777
f 4776 4781 4777
f 4782 4780 4781
f 4783 4782 4781
f 4784 4782 4783
f 4785 4782 4784
f 4786 4785 4784
f 4787 4786 4784
f 4788 4785 4786
f 4789 4788 4786
f 4790 4788 4789
f 4791 4790 4789
f 4792 4790 4791
f 4793 4792 4791
f 4794 4793 4791
f 4795 4793 4794
f 4796 4795 4794
f 4797 4795 4796
f 4798 4797 4796
f 4799 4797 4798
f 4800 4799 4798
f 4801 4800 4798
f 4802 4800 4801
f 4803 4802 4801
f 4804 4802 4803
f 4805 4802 4804
f 4806 4802 4805
f 4807 4806 4805
f 4808 4807 4805
f 4809 4807 4808
f 4810 4809 4808
f 4811 4809 4810
f 4812 4811 4810
f 4813 4811 4812
f 4814 4811 4813
f 4815 4814 4813
f 4816 4815 4813
f 4817 4816 4813
f 4818 4815 4816
f 4819 4818 4816
f 4820 4819 4816
f 4821 4820 4816
f 4822 4823 4824
f 4825 4822 4824
f 4826 4822 4825
f 4827 4826 4825
f 4828 4827 4825
f 4829 4826 4827
f 4830 4829 4827
f 4831 4829 4830
f 4832 4831 4830
f 4833 4832 4830
f 4834 4832 4833
f 4835 4834 4833
f 4836 4834 4835
f 4837 4836 4835
f 4838 4836 4837
f 4839 4840 4841
f 4842 4839 4841
f 4843 4839 4842
f 4844 4843 4842
f 4845 4844 4842
f 2050 2048 4846
f 4847 4848 4849
f 4850 4851 4848
f 4852 4853 4854
f 4855 4852 4854
f 4856 4852 4855
f 4857 4856 4855
f 4858 4856 4857
f 4859 4858 4857
f 4860 4859 4857
f 4861 4860 4857
f 4862 4863 4864
f 4865 4866 4863
f 4867 4866 4865
f 4868 4867 4865
f 4869 4868 4865
f 4863 4869 4865
f 4862 4869 4863
f 4870 4869 4862
f 4871 4869 4870
f 4872 4871 4870
f 4873 4871 4872
f 4874 4873 4872
f 4875 4873 4874
f 4876 4875 4874
f 4877 4876 4874
f 4878 4876 4877
f 4879 4876 4878
f 4880 4879 4878
f 4881 4880 4878
f 4882 4880 4881
f 4883 4882 4881
f 4884 4883 4881
f 4885 4883 4884
f 4886 4885 4884
f 4887 4885 4886
f 4888 4883 4885
f 4889 4888 4885
f 4890 4888 4889
f 4891 4890 4889
f 4892 4891 4889
f 4893 4892 4889
f 4894 4892 4893
f 4895 4894 4893
f 4896 4894 4895
f 4897 4896 4895
f 4898 4897 4895
f 4899 4897 4898
f 4900 4897 4899
f 4901 4900 4899
f 4902 4901 4899
f 4898 4902 4899
f 4903 4901 4902
f 4904 4901 4903
f 4905 4904 4903
f 4900 4901 4904
f 4906 4900 4904
f 4907 4900 4906
f 4908 4907 4906
f 4909 4907 4908
f 4910 4909 4908
f 4911 4909 4910
f 4912 4911 4910
f 4913 4909 4911
f 4914 4909 4913
f 4915 4914 4913
f 4916 4915 4913
f 4917 4916 4913
f 4918 4917 4913
f 4911 4918 4913
f 4912 4918 4911
f 4919 4918 4912
f 4920 4919 4912
f 4921 4920 4912
f 4922 4920 4921
f 4923 4922 4921
f 4924 4922 4923
f 4925 4924 4923
f 4926 4925 4923
f 4927 4925 4926
f 4928 4925 4927
f 4929 4928 4927
f 4930 4929 4927
f 4931 4929 4930
f 4932 4931 4930
f 4933 4931 4932
f 4934 4933 4932
f 4935 4933 4934
f 4936 4933 4935
f 4937 4936 4935
f 4938 4937 4935
f 4939 4936 4937
f 4940 4939 4937
f 4931 4933 4936
f 4939 4931 4936
f 4929 4931 4939
f 4941 4928 4929
f 4939 4941 4929
f 4940 4941 4939
f 4942 4928 4941
f 4943 4942 4941
f 4944 4943 4941
f 4945 4944 4941
f 4946 4944 4945
f 4947 4946 4945
f 4948 4946 4947
f 4949 4948 4947
f 4950 4949 4947
f 4951 4949 4950
f 4952 4951 4950
f 4953 4951 4952
f 4954 4951 4953
f 4955 4954 4953
f 4956 4955 4953
f 4957 4955 4956
f 4958 4957 4956
f 4959 4957 4958
f 4960 4959 4958
f 4961 4960 4958
f 4962 4960 4961
f 4963 4962 4961
f 4964 4962 4963
f 4965 4964 4963
f 4966 4965 4963
f 4967 4966 4963
f 4968 4966 4967
f 4969 4968 4967
f 4970 4969 4967
f 4971 4969 4970
f 4972 4971 4970
f 4973 4971 4972
f 4974 4973 4972
f 4975 4974 4972
f 4976 4974 4975
f 4977 4974 4976
f 4978 4977 4976
f 4979 4977 4978
f 4980 4979 4978
f 4981 4979 4980
f 4982 4981 4980
f 4983 4981 4982
f 4984 4983 4982
f 4985 4983 4984
f 4986 4985 4984
f 4987 4986 4984
f 4988 4986 4987
f 4989 4988 4987
f 4990 4988 4989
f 4991 4990 4989
f 4992 4990 4991
f 4993 4992 4991
f 4994 4992 4993
f 4995 4992 4994
f 4996 4992 4995
f 4997 4996 4995
f 4998 4997 4995
f 4999 4997 4998
f 5000 4999 4998
f 5001 4999 5000
f 5002 5001 5000
f 5003 5002 5000
f 5004 5002 5003
f 5005 5004 5003
f 5006 5004 5005
f 5007 5006 5005
f 5008 5006 5007
f 5009 5006 5008
f 5010 5009 5008
f 5011 5009 5010
f 5012 5011 5010
f 5013 5012 5010
f 5014 5012 5013
f 5015 5014 5013
f 5016 5015 5013
f 5017 5015 5016
f 5018 5017 5016
f 5019 5017 5018
f 5020 5019 5018
f 5021 5020 5018
f 5022 5017 5019
f 5023 5022 5019
f 5024 5022 5023
f 5025 5024 5023
f 5026 5024 5025
f 5027 5026 5025
f 5028 5024 5026
f 5015 5017 5022
f 5014 5015 5022
f 5024 5014 5022
f 5028 5014 5024
f 5029 5014 5028
f 5030 5029 5028
f 5031 5030 5028
f 5032 5030 5031
f 5029 5030 5032
f 5033 5029 5032
f 5034 5033 5032
f 5035 5034 5032
f 5036 5034 5035
f 5037 5034 5036
f 5038 5034 5037
f 5039 5038 5037
f 5033 5034 5038
f 5012 5014 5029
f 5029 5011 5012
f 5040 4999 5001
f 5041 5040 5001
f 5042 5041 5001
f 5043 5041 5042
f 5044 5043 5042
f 5045 5043 5044
f 5046 5045 5044
f 5047 5045 5046
f 5048 5047 5046
f 5049 5048 5046
f 5050 5048 5049
f 5051 5050 5049
f 5052 5051 5049
f 5053 5052 5049
f 5054 5050 5051
f 5055 5054 5051
f 5056 5055 5051
f 5057 5055 5056
f 5058 5055 5057
f 5059 5058 5057
f 5060 5058 5059
f 5061 5060 5059
f 5062 5060 5061
f 5063 5062 5061
f 5064 5062 5063
f 5065 5062 5064
f 5066 5065 5064
f 5067 5065 5066
f 5068 5067 5066
f 5069 5068 5066
f 5070 5068 5069
f 5071 5068 5070
f 5072 5071 5070
f 5073 5071 5072
f 5074 5073 5072
f 5075 5074 5072
f 5076 5074 5075
f 5077 5074 5076
f 5078 5074 5077
f 5079 5078 5077
f 5080 5078 5079
f 5081 5080 5079
f 5082 5081 5079
f 5083 5081 5082
f 5084 5083 5082
f 5085 5083 5084
f 5086 5085 5084
f 5087 5085 5086
f 5088 5087 5086
f 5089 5087 5088
f 5090 5089 5088
f 5091 5089 5090
f 5092 5091 5090
f 5093 5092 5090
f 5094 5092 5093
f 5095 5094 5093
f 5096 5094 5095
f 5097 5096 5095
f 5098 5096 5097
f 5099 5096 5098
f 5100 5099 5098
f 5101 5099 5100
f 5102 5101 5100
f 5103 5101 5102
f 5104 5101 5103
f 5105 5104 5103
f 5106 5105 5103
f 5107 5105 5106
f 5108 5107 5106
f 5109 5108 5106
f 5110 5108 5109
f 5111 5108 5110
f 5112 5108 5111
f 5113 5112 5111
f 5114 5113 5111
f 5110 5114 5111
f 5115 5114 5110
f 5116 5117 5118
f 5119 5116 5118
f 5120 5116 5119
f 5121 5120 5119
f 5122 5120 5121
f 5123 5120 5122
f 5124 5123 5122
f 5125 5124 5122
f 5126 5124 5125
f 5127 5126 5125
f 5128 5129 5130
f 5131 5128 5130
f 5132 5131 5130
f 5133 5128 5131
f 5134 5128 5133
f 5135 5128 5134
f 5136 5135 5134
f 5137 5136 5134
f 5133 5137 5134
f 5138 5137 5133
f 5139 5138 5133
f 5140 5138 5139
f 5141 5138 5140
f 5142 5141 5140
f 5143 5142 5140
f 5144 5142 5143
f 5145 5144 5143
f 5146 5144 5145
f 5147 5144 5146
f 5148 5147 5146
f 5149 5148 5146
f 5150 5148 5149
f 5151 5150 5149
f 5152 5150 5151
f 5153 5152 5151
f 5154 5153 5151
f 5155 5153 5154
f 5156 5153 5155
f 5157 5156 5155
f 5158 5157 5155
f 5159 5157 5158
f 5160 5157 5159
f 5161 5160 5159
f 5162 5161 5159
f 5163 5161 5162
f 5164 5163 5162
f 5165 5164 5162
f 5166 5164 5165
f 5167 5164 5166
f 5168 5167 5166
f 5169 5167 5168
f 5170 5167 5169
f 5171 5170 5169
f 5172 5170 5171
f 5173 5172 5171
f 5174 5172 5173
f 5175 5172 5174
f 5176 5172 5175
f 5177 5176 5175
f 5178 5176 5177
f 5179 5178 5177
f 5180 5179 5177
f 5181 5179 5180
f 5182 5179 5181
f 5183 5182 5181
f 5184 5183 5181
f 5185 5183 5184
f 5186 5185 5184
f 5187 5185 5186
f 5188 5187 5186
f 5189 5188 5186
f 5190 5189 5186
f 5191 5190 5186
f 5192 5190 5191
f 5193 5192 5191
f 5194 5193 5191
f 5195 5192 5193
f 5196 5195 5193
f 5197 5195 5196
f 5198 5197 5196
f 5199 5198 5196
f 5200 5199 5196
f 5201 5199 5200
f 5202 5199 5201
f 5203 5202 5201
f 5204 5203 5201
f 5205 5202 5203
f 5206 5205 5203
f 5207 5205 5206
f 5208 5207 5206
f 5209 5207 5208
f 5210 5207 5209
f 5211 5210 5209
f 5212 5211 5209
f 5213 5211 5212
f 5214 5213 5212
f 5215 5213 5214
f 5216 5215 5214
f 5217 5216 5214
f 5218 5216 5217
f 5219 5216 5218
f 5220 5219 5218
f 5221 5216 5219
f 5222 5221 5219
f 5223 5221 5222
f 5224 5223 5222
f 5225 5224 5222
f 5226 5224 5225
f 5227 5226 5225
f 5228 5226 5227
f 5229 5228 5227
f 5230 5228 5229
f 5231 5230 5229
f 5232 5231 5229
f 5233 5230 5231
f 5234 5233 5231
f 5235 5233 5234
f 5236 5235 5234
f 5237 5235 5236
f 5238 5237 5236
f 5239 5237 5238
f 5240 5239 5238
f 5241 5239 5240
f 5242 5241 5240
f 5243 5241 5242
f 5244 5243 5242
f 5245 5243 5244
f 5246 5245 5244
f 5247 5246 5244
f 5248 5246 5247
f 5249 5248 5247
f 5250 5249 5247
f 5251 5249 5250
f 5252 5251 5250
f 5253 5252 5250
f 5254 5252 5253
f 5255 5252 5254
f 5256 5252 5255
f 5257 5256 5255
f 5258 5257 5255
f 5259 5257 5258
f 5260 5259 5258
f 5261 5260 5258
f 5262 5259 5260
f 5263 5262 5260
f 5264 5262 5263
f 5265 5264 5263
f 5266 5264 5265
f 5267 5266 5265
f 5268 5267 5265
f 5269 5267 5268
f 5270 5267 5269
f 5271 5270 5269
f 5272 5271 5269
f 5273 5271 5272
f 5274 5273 5272
f 5275 5274 5272
f 5276 5274 5275
f 5277 5276 5275
f 5278 5274 5276
f 5279 5278 5276
f 5280 5279 5276
f 5277 5280 5276
f 5281 5280 5277
f 5282 5280 5281
f 5283 5282 5281
f 5284 5283 5281
f 5285 5283 5284
f 5286 5285 5284
f 5287 5283 5285
f 5288 5287 5285
f 5289 5287 5288
f 5290 5289 5288
f 5291 5290 5288
f 5292 5290 5291
f 5293 5290 5292
f 5294 5290 5293
f 5295 5294 5293
f 5296 5295 5293
f 5297 5295 5296
f 5298 5297 5296
f 5299 5297 5298
f 5300 5299 5298
f 5301 5299 5300
f 5302 5301 5300
f 5303 5301 5302
f 5304 5303 5302
f 5305 5303 5304
f 5306 5305 5304
f 5307 5306 5304
f 5308 5306 5307
f 5309 5308 5307
f 5310 5306 5308
f 5311 5310 5308
f 5312 5310 5311
f 5313 5312 5311
f 5314 5313 5311
f 5315 5313 5314
f 5316 5315 5314
f 5317 5315 5316
f 5318 5315 5317
f 5319 5318 5317
f 5320 5315 5318
f 5321 5320 5318
f 5319 5321 5318
f 5322 5320 5321
f 5323 5322 5321
f 5324 5323 5321
f 5325 5323 5324
f 5326 5325 5324
f 5327 5325 5326
f 5328 5325 5327
f 5329 5328 5327
f 5330 5328 5329
f 5331 5330 5329
f 5332 5330 5331
f 5333 5332 5331
f 5334 5332 5333
f 5335 5334 5333
f 5336 5334 5335
f 5337 5336 5335
f 5338 5336 5337
f 5339 5338 5337
f 5340 5339 5337
f 5341 5339 5340
f 5342 5343 5344
f 5345 5342 5344
f 5346 5345 5344
f 5347 5342 5345
f 5348 5342 5347
f 5349 5348 5347
f 5350 5349 5347
f 5351 5349 5350
f 5352 5351 5350
f 5353 5351 5352
f 5354 5353 5352
f 5355 5353 5354
f 5356 5355 5354
f 5357 5355 5356
f 5358 5357 5356
f 5359 5358 5356
f 5360 5358 5359
f 5361 5358 5360
f 5362 5361 5360
f 5363 5362 5360
f 5364 5365 5366
f 5367 5364 5366
f 5368 5367 5366
f 5369 5367 5368
f 5370 5367 5369
f 5371 5370 5369
f 5372 5371 5369
f 5373 5371 5372
f 5374 5373 5372
f 5375 5373 5374
f 5376 5375 5374
f 5377 5375 5376
f 5378 5377 5376
f 5379 5378 5376
f 5380 5378 5379
f 5381 5380 5379
f 5382 5381 5379
f 5383 5381 5382
f 5384 5381 5383
f 5385 5384 5383
f 5386 5387 5388
f 5389 5386 5388
f 5390 5389 5388
f 5391 5389 5390
f 5392 5391 5390
f 5393 5392 5390
f 5394 5392 5393
f 5395 5392 5394
f 5396 5395 5394
f 5397 5395 5396
f 5398 5397 5396
f 5399 5397 5398
f 5400 5399 5398
f 5401 5397 5399
f 5402 5401 5399
f 5403 5402 5399
f 5404 5402 5403
f 5405 5404 5403
f 5406 5405 5403
f 5407 5406 5403
f 5408 5406 5407
f 5409 5406 5408
f 5410 5406 5409
f 5411 5410 5409
f 5412 5411 5409
f 5413 5412 5409
f 5408 5413 5409
f 5414 5412 5413
f 5415 5412 5414
f 5416 5415 5414
f 5417 5416 5414
f 5418 5416 5417
f 5419 5420 5421
f 5422 5420 5419
f 5423 5420 5422
f 5424 5423 5422
f 5425 5424 5422
f 5426 5425 5422
f 5427 5425 5426
f 5428 5427 5426
f 5429 5428 5426
f 5422 5429 5426
f 5419 5429 5422
f 5430 5428 5429
f 5431 5428 5430
f 5432 5431 5430
f 5433 5431 5432
f 5434 5433 5432
f 5435 5434 5432
f 5436 5435 5432
f 5437 5436 5432
f 5438 5435 5436
f 5439 5438 5436
f 5440 5439 5436
f 5441 5439 5440
f 5442 5439 5441
f 5443 5442 5441
f 5444 5443 5441
f 5445 5443 5444
f 5446 5445 5444
f 5447 5446 5444
f 5448 5446 5447
f 5449 5448 5447
f 5450 5451 5452
f 5453 5451 5450
f 5454 5453 5450
f 5455 5454 5450
f 5456 5454 5455
f 5457 5456 5455
f 5458 5456 5457
f 5459 5458 5457
f 5460 5459 5457
f 5461 5459 5460
f 5462 5461 5460
f 5463 5461 5462
f 5464 5463 5462
f 5465 5463 5464
f 5466 5465 5464
f 5467 5465 5466
f 5468 5467 5466
f 5469 5468 5466
f 5470 5468 5469
f 5471 5470 5469
f 5472 5470 5471
f 5473 5472 5471
f 5474 5473 5471
f 5475 5470 5472
f 5476 5475 5472
f 5473 5476 5472
f 5477 5475 5476
f 5478 5477 5476
f 5479 5478 5476
f 5480 5479 5476
f 5481 5479 5480
f 5482 5481 5480
f 5483 5482 5480
f 5484 5483 5480
f 5485 5484 5480
f 5486 5484 5485
f 5487 5486 5485
f 5488 5486 5487
f 5489 5488 5487
f 5490 5489 5487
f 5491 5489 5490
f 5492 5489 5491
f 5493 5489 5492
f 5494 5493 5492
f 5495 5494 5492
f 5496 5493 5494
f 5497 5496 5494
f 5498 5496 5497
f 5499 5498 5497
f 5500 5498 5499
f 5501 5500 5499
f 5502 5500 5501
f 5503 5502 5501
f 5504 5502 5503
f 5505 5506 5507
f 5508 5505 5507
f 5509 5505 5508
f 5510 5509 5508
f 5511 5510 5508
f 5512 5510 5511
f 5513 5512 5511
f 5514 5512 5513
f 5515 5512 5514
f 5516 5515 5514
f 5517 5516 5514
f 5518 5516 5517
f 5519 5518 5517
f 5520 5518 5519
f 5510 5512 5515
f 5521 5510 5515
f 5509 5510 5521
f 5522 5509 5521
f 5523 5522 5521
f 5515 5523 5521
f 5524 5522 5523
f 5525 5524 5523
f 5526 5525 5523
f 5527 5525 5526
f 5528 5527 5526
f 5529 5527 5528
f 5530 5529 5528
f 5531 5529 5530
f 5532 5527 5529
f 5533 5532 5529
f 5534 5533 5529
f 5535 5533 5534
f 5536 5535 5534
f 5537 5536 5534
f 5538 5537 5534
f 5539 5537 5538
f 5540 5539 5538
f 5541 5537 5539
f 5542 5541 5539
f 5543 5541 5542
f 5544 5543 5542
f 5545 5543 5544
f 5546 5543 5545
f 5547 5546 5545
f 5548 5546 5547
f 5549 5548 5547
f 5550 5549 5547
f 5551 5549 5550
f 5552 5551 5550
f 5553 5551 5552
f 5554 5553 5552
f 5555 5553 5554
f 5556 5555 5554
f 5557 5556 5554
f 5558 5556 5557
f 5559 5558 5557
f 5560 5558 5559
f 5561 5560 5559
f 5562 5561 5559
f 5563 5562 5559
f 5564 5563 5559
f 5565 5563 5564
f 5566 5565 5564
f 5567 5565 5566
f 5568 5567 5566
f 5569 5567 5568
f 5570 5567 5569
f 5571 5570 5569
f 5572 5570 5571
f 5573 5572 5571
f 5574 5572 5573
f 5575 5567 5570
f 5576 5567 5575
f 5577 5576 5575
f 5565 5567 5576
f 5576 5563 5565
f 5562 5563 5576
f 5577 5562 5576
f 5578 5562 5577
f 5579 5578 5577
f 5580 5578 5579
f 5581 5580 5579
f 5582 5580 5581
f 5583 5580 5582
f 5584 5583 5582
f 5585 5584 5582
f 5586 5584 5585
f 5587 5586 5585
f 5588 5586 5587
f 5589 5586 5588
f 5590 5589 5588
f 5591 5589 5590
f 5592 5591 5590
f 5593 5592 5590
f 5594 5592 5593
f 5595 5594 5593
f 5596 5594 5595
f 5597 5596 5595
f 5598 5596 5597
f 5599 5598 5597
f 5600 5596 5598
f 5601 5600 5598
f 5602 5601 5598
f 5603 5601 5602
f 5604 5603 5602
f 5605 5604 5602
f 5598 5605 5602
f 5599 5605 5598
f 5606 5604 5605
f 5607 5604 5606
f 5608 5607 5606
f 5609 5608 5606
f 5610 5609 5606
f 5611 5609 5610
f 5612 5609 5611
f 5613 5612 5611
f 5614 5613 5611
f 5615 5613 5614
f 5616 5615 5614
f 5617 5616 5614
f 5618 5616 5617
f 5619 5616 5618
f 5620 5619 5618
f 5621 5620 5618
f 5622 5620 5621
f 5623 5622 5621
f 5624 5623 5621
f 5625 5623 5624
f 5626 5625 5624
f 5627 5625 5626
f 5628 5625 5627
f 5629 5628 5627
f 5630 5625 5628
f 5623 5625 5630
f 5631 5623 5630
f 5632 5631 5630
f 5633 5631 5632
f 5634 5633 5632
f 5635 5633 5634
f 5636 5635 5634
f 5637 5635 5636
f 5638 5637 5636
f 5639 5635 5637
f 5640 5639 5637
f 5641 5639 5640
f 5642 5641 5640
f 5643 5641 5642
f 5644 5643 5642
f 5645 5644 5642
f 5646 5644 5645
f 5647 5644 5646
f 5648 5647 5646
f 5649 5648 5646
f 5650 5648 5649
f 5651 5648 5650
f 5652 5651 5650
f 5653 5651 5652
f 5654 5653 5652
f 5655 5653 5654
f 5656 5655 5654
f 5657 5656 5654
f 5658 5656 5657
f 5659 5656 5658
f 5660 5659 5658
f 5661 5659 5660
f 5662 5659 5661
f 5663 5662 5661
f 5664 5662 5663
f 5665 5662 5664
f 5666 5665 5664
f 5667 5666 5664
f 5668 5666 5667
f 5669 5668 5667
f 5670 5668 5669
f 5671 5670 5669
f 5672 5671 5669
f 5673 5671 5672
f 5674 5671 5673
f 5675 5674 5673
f 5676 5674 5675
f 5677 5674 5676
f 5678 5677 5676
f 5679 5678 5676
f 5680 5678 5679
f 5681 5680 5679
f 5682 5681 5679
f 5683 5682 5679
f 5684 5682 5683
f 5685 5682 5684
f 5686 5685 5684
f 5687 5686 5684
f 5688 5687 5684
f 5689 5688 5684
f 5690 5689 5684
f 5691 5689 5690
f 5692 5691 5690
f 5693 5692 5690
f 5694 5692 5693
f 5695 5692 5694
f 5696 5692 5695
f 5697 5696 5695
f 5698 5697 5695
f 5699 5697 5698
f 5700 5699 5698
f 5701 5699 5700
f 5702 5701 5700
f 5703 5701 5702
f 5704 5701 5703
f 5705 5701 5704
f 5706 5705 5704
f 5707 5705 5706
f 5708 5707 5706
f 5709 5708 5706
f 5710 5708 5709
f 5711 5710 5709
f 5712 5710 5711
f 5713 5712 5711
f 5714 5712 5713
f 5715 5714 5713
f 5716 5714 5715
f 5717 5716 5715
f 5718 5717 5715
f 5719 5716 5717
f 5720 5719 5717
f 5721 5719 5720
f 5722 5721 5720
f 5723 5721 5722
f 5724 5723 5722
f 5725 5724 5722
f 5726 5723 5724
f 5727 5723 5726
f 5728 5727 5726
f 5729 5727 5728
f 5730 5727 5729
f 5731 5730 5729
f 5732 5731 5729
f 5733 5731 5732
f 5734 5733 5732
f 5735 5734 5732
f 5736 5735 5732
f 5737 5735 5736
f 5738 5737 5736
f 5739 5738 5736
f 5740 5737 5738
f 5741 5740 5738
f 5742 5740 5741
f 5743 5742 5741
f 5744 5743 5741
f 5745 5744 5741
f 5746 5744 5745
f 5747 5746 5745
f 5748 5746 5747
f 5749 5746 5748
f 5750 5749 5748
f 5751 5749 5750
f 5752 5751 5750
f 5753 5751 5752
f 5754 5753 5752
f 5755 5754 5752
f 5756 5755 5752
f 5757 5756 5752
f 5758 5756 5757
f 5759 5758 5757
f 5760 5756 5758
f 5761 5760 5758
f 5762 5760 5761
f 5763 5760 5762
f 5756 5760 5763
f 5755 5756 5763
f 5764 5755 5763
f 5765 5764 5763
f 5766 5765 5763
f 5767 5765 5766
f 5768 5767 5766
f 5769 5767 5768
f 5770 5769 5768
f 5771 5770 5768
f 5772 5770 5771
f 5773 5770 5772
f 5774 5773 5772
f 5775 5774 5772
f 5776 5774 5775
f 5777 5776 5775
f 5778 5774 5776
f 5779 5778 5776
f 5780 5778 5779
f 5781 5780 5779
f 5782 5780 5781
f 5783 5782 5781
f 5784 5783 5781
f 5785 5783 5784
f 5786 5785 5784
f 5787 5786 5784
f 5788 5785 5786
f 5789 5788 5786
f 5790 5788 5789
f 5791 5790 5789
f 5792 5791 5789
f 5793 5791 5792
f 5794 5793 5792
f 5795 5794 5792
f 5796 5794 5795
f 5797 5796 5795
f 5798 5796 5797
f 5799 5796 5798
f 5800 5799 5798
f 5801 5799 5800
f 5802 5801 5800
f 5803 5801 5802
f 5804 5803 5802
f 5805 5804 5802
f 5806 5804 5805
f 5807 5806 5805
f 5808 5806 5807
f 5809 5808 5807
f 5810 5809 5807
f 5811 5809 5810
f 5812 5809 5811
f 5813 5812 5811
f 5814 5813 5811
f 5815 5813 5814
f 5816 5813 5815
f 5817 5813 5816
f 5818 5817 5816
f 5819 5818 5816
f 5820 5818 5819
f 5821 5820 5819
f 5822 5821 5819
f 5823 5821 5822
f 5824 5821 5823
f 5825 5824 5823
f 5826 5825 5823
f 5827 5821 5824
f 5828 5827 5824
f 5829 5828 5824
f 5830 5828 5829
f 5831 5830 5829
f 5832 5831 5829
f 5833 5831 5832
f 5834 5833 5832
f 5835 5833 5834
f 5836 5835 5834
f 5837 5835 5836
f 5838 5837 5836
f 5839 5837 5838
f 5840 5839 5838
f 5841 5839 5840
f 5842 5841 5840
f 5843 5842 5840
f 5844 5842 5843
f 5845 5844 5843
f 5846 5844 5845
f 5847 5844 5846
f 5848 5847 5846
f 5849 5847 5848
f 5850 5849 5848
f 5851 5850 5848
f 5852 5850 5851
f 5853 5850 5852
f 5854 5853 5852
f 5855 5854 5852
f 5856 5854 5855
f 5857 5856 5855
f 5858 5856 5857
f 5859 5858 5857
f 5860 5858 5859
f 5861 5860 5859
f 5862 5861 5859
f 5863 5862 5859
f 5864 5862 5863
f 5865 5864 5863
f 5866 5861 5862
f 5867 5861 5866
f 5868 5867 5866
f 5869 5868 5866
f 5870 5868 5869
f 5867 5868 5870
f 5871 5867 5870
f 5872 5871 5870
f 5873 5872 5870
f 5874 5873 5870
f 5875 5873 5874
f 5876 5875 5874
f 5877 5876 5874
f 5878 5876 5877
f 5879 5878 5877
f 5880 5879 5877
f 5881 5879 5880
f 5882 5881 5880
f 5883 5882 5880
f 5884 5881 5882
f 5885 5884 5882
f 5886 5884 5885
f 5887 5886 5885
f 5888 5886 5887
f 5889 5888 5887
f 5890 5888 5889
f 5891 5890 5889
f 5892 5890 5891
f 5893 5892 5891
f 5894 5892 5893
f 5895 5894 5893
f 5896 5894 5895
f 5897 5896 5895
f 5898 5896 5897
f 5899 5898 5897
f 5900 5898 5899
f 5901 5900 5899
f 5902 5901 5899
f 5903 5902 5899
f 5904 5901 5902
f 5905 5904 5902
f 5906 5904 5905
f 5907 5906 5905
f 5908 5906 5907
f 5909 5908 5907
f 5910 5909 5907
f 5911 5910 5907
f 5912 5909 5910
f 5911 5912 5910
f 5913 5909 5912
f 5914 5913 5912
f 5915 5914 5912
f 5916 5915 5912
f 5911 5916 5912
f 5917 5916 5911
f 5918 5917 5911
f 5919 5916 5917
f 5920 5919 5917
f 5921 5919 5920
f 5922 5919 5921
f 5923 5919 5922
f 5924 5923 5922
f 5925 5924 5922
f 5926 5924 5925
f 5927 5926 5925
f 5928 5927 5925
f 5929 5927 5928
f 5930 5929 5928
f 5931 5929 5930
f 5932 5931 5930
f 5933 5931 5932
f 5934 5933 5932
f 5935 5933 5934
f 5936 5935 5934
f 5937 5935 5936
f 5938 5937 5936
f 5939 5937 5938
f 5940 5939 5938
f 5941 5940 5938
f 5942 5940 5941
f 5943 5940 5942
f 5944 5943 5942
f 5945 5944 5942
f 5946 5944 5945
f 5947 5944 5946
f 5948 5947 5946
f 5949 5947 5948
f 5950 5949 5948
f 5951 5949 5950
f 5952 5951 5950
f 5953 5951 5952
f 5954 5953 5952
f 5955 5954 5952
f 5956 5955 5952
f 5957 5956 5952
f 5950 5957 5952
f 5948 5957 5950
f 5958 5957 5948
f 5946 5958 5948
f 5959 5957 5958
f 5960 5959 5958
f 5961 5959 5960
f 5962 5961 5960
f 5963 5962 5960
f 5964 5961 5962
f 5965 5964 5962
f 5966 5964 5965
f 5967 5966 5965
f 5968 5966 5967
f 5969 5966 5968
f 5970 5969 5968
f 5971 5970 5968
f 5972 5970 5971
f 5973 5972 5971
f 5974 5972 5973
f 5975 5974 5973
f 5976 5975 5973
f 5977 5975 5976
f 5978 5977 5976
f 5979 5977 5978
f 5980 5979 5978
f 5981 5980 5978
f 5982 5980 5981
f 5983 5982 5981
f 5984 5982 5983
f 5985 5984 5983
f 5986 5984 5985
f 5987 5986 5988
f 5989 5987 5988
f 5990 5989 5988
f 5991 5990 5988
f 5992 5990 5991
f 5993 5990 5992
f 5994 5993 5992
f 5995 5994 5992
f 5996 5994 5995
f 5997 5996 5995
f 5998 5996 5997
f 5999 5998 5997
f 6000 5999 5997
f 6001 5999 6000
f 6002 5999 6001
f 6003 6002 6001
f 6004 6002 6003
f 6005 6004 6003
f 6006 6004 6005
f 6007 6006 6005
f 6008 6006 6007
f 6009 6006 6008
f 6010 6009 6008
f 6011 6010 6008
f 6012 6011 6008
f 6007 6012 6008
f 6013 6011 6012
f 6014 6013 6012
f 6015 6014 6012
f 6016 6014 6015
f 6017 6016 6015
f 6018 6016 6017
f 6019 6018 6017
f 6020 6018 6019
f 6021 6020 6019
f 6022 6020 6021
f 6023 6022 6021
f 6024 6023 6021
f 6021 6025 6024
f 6026 6027 6028
f 6029 6027 6026
f 6030 6029 6026
f 6031 6029 6030
f 6032 6031 6030
f 6033 6029 6031
f 6034 6033 6031
f 6035 6034 6031
f 6036 6034 6035
f 6037 6036 6035
f 6038 6037 6035
f 6031 6038 6035
f 6032 6038 6031
f 6039 6038 6032
f 6040 6038 6039
f 6041 6040 6039
f 6042 6040 6041
f 6043 6042 6041
f 6044 6042 6043
f 6045 6042 6044
f 6046 6045 6044
f 6047 6046 6044
f 6048 6046 6047
f 6049 6048 6047
f 6050 6048 6049
f 6051 6050 6049
f 6052 6050 6051
f 6053 6052 6051
f 6054 6053 6051
f 6055 6053 6054
f 6056 6055 6054
f 6057 6055 6056
f 6058 6057 6056
f 6059 6058 6056
f 6060 6059 6056
f 6061 6059 6060
f 6062 6059 6061
f 6063 6064 6065
f 6066 6064 6063
f 6067 6068 6069
f 6070 6068 6067
f 6071 6068 6070
f 6072 6071 6070
f 6073 6072 6070
f 6074 6072 6073
f 6075 6074 6073
f 6076 6074 6075
f 6077 6076 6075
f 6078 6077 6075
f 6079 6077 6078
f 6080 6079 6078
f 6081 6079 6080
f 6082 6081 6080
f 6083 6081 6082
f 6084 6081 6083
f 6079 6081 6084
f 6085 6079 6084
f 6086 6085 6084
f 6083 6086 6084
f 6087 6086 6083
f 6088 6087 6083
f 6089 6087 6088
f 6090 6089 6088
f 6083 6090 6088
f 6082 6090 6083
f 6091 6090 6082
f 6092 6090 6091
f 6093 6092 6091
f 6094 6092 6093
f 6095 6094 6093
f 6096 6095 6093
f 6097 6095 6096
f 6098 6097 6096
f 6099 6098 6096
f 6100 6099 6096
f 6101 6099 6100
f 6102 6101 6100
f 6103 6099 6101
f 6104 6099 6103
f 6098 6099 6104
f 6105 6098 6104
f 6106 6098 6105
f 6107 6106 6105
f 6108 6107 6105
f 6109 6108 6105
f 6110 6108 6109
f 6111 6110 6109
f 6112 6111 6109
f 6113 6111 6112
f 6114 6113 6112
f 6115 6113 6114
f 6116 6115 6114
f 6117 6115 6116
f 6118 6115 6117
f 6119 6118 6117
f 6120 6119 6117
f 6121 6119 6120
f 6122 6121 6120
f 6123 6121 6122
f 6124 6123 6122
f 6125 6124 6122
f 6126 6121 6123
f 6127 6126 6123
f 6128 6126 6127
f 6129 6126 6128
f 6130 6129 6128
f 6131 6129 6130
f 6132 6131 6130
f 6133 6131 6132
f 6134 6133 6132
f 6135 6133 6134
f 6136 6135 6134
f 6137 6136 6134
f 6138 6136 6137
f 6139 6136 6138
f 6140 6139 6138
f 6141 6140 6138
f 6142 6141 6138
f 6143 6141 6142
f 6144 6141 6143
f 6145 6144 6143
f 6146 6145 6143
f 6147 6145 6146
f 6148 6147 6146
f 6149 6148 6146
f 6150 6148 6149
f 6151 6147 6148
f 6152 6147 6151
f 6153 6152 6151
f 6154 6152 6153
f 6155 6152 6154
f 6156 6155 6154
f 6157 6156 6154
f 6158 6157 6154
f 6159 6157 6158
f 6160 6159 6158
f 6161 6159 6160
f 6162 6159 6161
f 6163 6162 6161
f 6164 6163 6161
f 6165 6163 6164
f 6166 6165 6164
f 6167 6165 6166
f 6168 6167 6166
f 6169 6165 6167
f 6170 6169 6167
f 6171 6169 6170
f 6172 6171 6170
f 6173 6172 6170
f 6174 6172 6173
f 6175 6174 6173
f 6176 6175 6173
f 6177 6175 6176
f 6178 6177 6176
f 6179 6177 6178
f 6180 6179 6178
f 6181 6179 6180
f 6182 6179 6181
f 6183 6182 6181
f 6184 6183 6181
f 6185 6183 6184
f 6186 6185 6184
f 6187 6186 6184
f 6188 6187 6184
f 6189 6186 6187
f 6190 6189 6187
f 6191 6186 6189
f 6192 6191 6189
f 6193 6192 6189
f 6194 6192 6193
f 6195 6194 6193
f 6196 6194 6195
f 6197 6196 6195
f 6198 6196 6197
f 6199 6198 6197
f 6200 6198 6199
f 6201 6200 6199
f 6202 6201 6199
f 6203 6201 6202
f 6204 6201 6203
f 6205 6204 6203
f 6206 6205 6203
f 6207 6205 6206
f 6208 6207 6206
f 6209 6207 6208
f 6210 6209 6208
f 6211 6209 6210
f 6212 6209 6211
f 6213 6212 6211
f 6214 6213 6211
f 6215 6213 6214
f 6216 6215 6214
f 6217 6216 6214
f 6218 6217 6214
f 6211 6218 6214
f 6219 6216 6217
f 6220 6219 6217
f 6221 6219 6220
f 6222 6221 6220
f 6223 6221 6222
f 6224 6221 6223
f 6225 6224 6223
f 6226 6225 6223
f 6227 6226 6223
f 6228 6226 6227
f 6229 6226 6228
f 6230 6229 6228
f 6231 6230 6228
f 6232 6230 6231
f 6233 6232 6231
f 6234 6232 6233
f 6235 6234 6233
f 6236 6234 6235
f 6237 6236 6235
f 6238 6236 6237
f 6239 6238 6237
f 6240 6238 6239
f 6241 6240 6239
f 6242 6241 6239
f 6243 6241 6242
f 6244 6241 6243
f 6245 6244 6243
f 6246 6244 6245
f 6247 6246 6245
f 6248 6247 6245
f 6243 6248 6245
f 6249 6247 6248
f 6250 6249 6248
f 6251 6249 6250
f 6252 6249 6251
f 6253 6252 6251
f 6247 6249 6252
f 6254 6246 6247
f 6255 6246 6254
f 6256 6255 6254
f 6257 6256 6254
f 6258 6255 6256
f 6259 6255 6258
f 6260 6259 6258
f 6261 6260 6258
f 6262 6261 6258
f 6263 6260 6261
f 6264 6260 6263
f 6265 6264 6263
f 6266 6264 6265
f 6244 6246 6255
f 6259 6244 6255
f 6241 6244 6259
f 6240 6241 6259
f 6260 6240 6259
f 6264 6240 6260
f 6238 6240 6264
f 6266 6238 6264
f 6267 6238 6266
f 6268 6267 6266
f 6269 6267 6268
f 6270 6269 6268
f 6271 6270 6268
f 6272 6270 6271
f 6273 6270 6272
f 6274 6273 6272
f 6275 6273 6274
f 6276 6275 6274
f 6277 6275 6276
f 6278 6277 6276
f 6279 6278 6276
f 6280 6278 6279
f 6281 6280 6279
f 6282 6280 6281
f 6283 6280 6282
f 6284 6283 6282
f 6285 6284 6282
f 6286 6285 6282
f 6287 6285 6286
f 6288 6285 6287
f 6289 6288 6287
f 6290 6289 6287
f 6291 6289 6290
f 6292 6291 6290
f 6293 6291 6292
f 6294 6293 6292
f 6295 6294 6292
f 6296 6294 6295
f 6297 6293 6294
f 6298 6293 6297
f 6299 6298 6297
f 6300 6298 6299
f 6301 6300 6299
f 6302 6300 6301
f 6303 6302 6301
f 6304 6302 6303
f 6305 6304 6303
f 6306 6304 6305
f 6307 6306 6305
f 6308 6307 6305
f 6309 6307 6308
f 6310 6309 6308
f 6311 6309 6310
f 6312 6311 6310
f 6313 6307 6309
f 6314 6313 6309
f 6315 6314 6309
f 6316 6314 6315
f 6317 6314 6316
f 6313 6314 6317
f 6318 6313 6317
f 6319 6318 6317
f 6320 6319 6317
f 6321 6319 6320
f 6322 6321 6320
f 6323 6321 6322
f 6324 6323 6322
f 6325 6324 6322
f 6326 6324 6325
f 6327 6326 6325
f 6328 6326 6327
f 6329 6328 6327
f 6330 6328 6329
f 6331 6330 6329
f 6332 6330 6331
f 6333 6332 6331
f 6334 6332 6333
f 6335 6334 6333
f 6336 6335 6333
f 6337 6336 6333
f 6338 6336 6337
f 6339 6338 6337
f 6340 6338 6339
f 6341 6340 6339
f 6342 6340 6341
f 6343 6340 6342
f 6344 6343 6342
f 6345 6343 6344
f 6346 6345 6344
f 6347 6345 6346
f 6348 6345 6347
f 6349 6345 6348
f 6350 6349 6348
f 6351 6349 6350
f 6352 6351 6350
f 6353 6351 6352
f 6354 6353 6352
f 6355 6354 6352
f 6356 6354 6355
f 6357 6356 6355
f 6358 6356 6357
f 6359 6356 6358
f 6360 6359 6358
f 6361 6359 6360
f 6362 6359 6361
f 6363 6362 6361
f 6364 6363 6361
f 6365 6362 6363
f 6366 6365 6363
f 6367 6366 6363
f 6364 6367 6363
f 6368 6367 6364
f 6369 6368 6364
f 6370 6369 6364
f 6371 6370 6364
f 6361 6371 6364
f 6360 6371 6361
f 6372 6370 6371
f 6373 6370 6372
f 6374 6373 6372
f 6375 6373 6374
f 6376 6375 6374
f 6377 6376 6374
f 6378 6376 6377
f 6379 6378 6377
f 6380 6378 6379
f 6381 6378 6380
f 6382 6381 6380
f 6383 6382 6380
f 6384 6382 6383
f 6385 6382 6384
f 6386 6385 6384
f 6387 6386 6384
f 6388 6386 6387
f 6389 6388 6387
f 6390 6389 6387
f 6391 6389 6390
f 6392 6391 6390
f 6393 6391 6392
f 6394 6391 6393
f 6395 6394 6393
f 6396 6394 6395
f 6397 6396 6395
f 6398 6397 6395
f 6399 6397 6398
f 6400 6399 6398
f 6401 6399 6400
f 6402 6401 6400
f 6403 6402 6400
f 6404 6402 6403
f 6405 6402 6404
f 6406 6405 6404
f 6407 6405 6406
f 6408 6407 6406
f 6409 6407 6408
f 6410 6409 6408
f 6411 6410 6408
f 6412 6409 6410
f 6413 6412 6410
f 6414 6412 6413
f 6415 6414 6413
f 6416 6414 6415
f 6417 6414 6416
f 6418 6417 6416
f 6419 6418 6416
f 6420 6419 6416
f 6421 6419 6420
f 6422 6421 6420
f 6423 6421 6422
f 6424 6421 6423
f 6419 6421 6424
f 6425 6419 6424
f 6426 6419 6425
f 6427 6426 6425
f 6428 6427 6425
f 6424 6428 6425
f 6429 6427 6428
f 6430 6429 6428
f 6431 6430 6428
f 6432 6430 6431
f 6433 6429 6430
f 6434 6429 6433
f 6435 6434 6433
f 6436 6434 6435
f 6437 6434 6436
f 6438 6437 6436
f 6439 6438 6436
f 6440 6439 6436
f 6441 6439 6440
f 6442 6439 6441
f 6443 6442 6441
f 6444 6442 6443
f 6445 6444 6443
f 6446 6445 6443
f 6447 6446 6443
f 6448 6446 6447
f 6449 6448 6447
f 6450 6449 6447
f 6451 6449 6450
f 6452 6449 6451
f 6453 6452 6451
f 6454 6453 6451
f 6455 6453 6454
f 6456 6455 6454
f 6457 6453 6455
f 6458 6457 6455
f 6459 6457 6458
f 6460 6459 6458
f 6461 6460 6458
f 6462 6460 6461
f 6463 6462 6461
f 6464 6463 6461
f 6458 6464 6461
f 6465 6463 6464
f 6466 6465 6464
f 6467 6466 6464
f 6458 6467 6464
f 6455 6467 6458
f 6456 6467 6455
f 6468 6467 6456
f 6469 6467 6468
f 6470 6469 6468
f 6471 6469 6470
f 6472 6471 6470
f 6473 6471 6472
f 6474 6473 6472
f 6475 6473 6474
f 6476 6473 6475
f 6477 6476 6475
f 6478 6477 6475
f 6479 6478 6475
f 6480 6478 6479
f 6481 6480 6479
f 6482 6481 6479
f 6483 6481 6482
f 6484 6481 6483
f 6485 6484 6483
f 6486 6484 6485
f 6487 6486 6485
f 6488 6487 6485
f 6489 6487 6488
f 6490 6489 6488
f 6491 6489 6490
f 6492 6491 6490
f 6493 6491 6492
f 6494 6493 6492
f 6495 6493 6494
f 6496 6493 6495
f 6497 6496 6495
f 6498 6497 6495
f 6499 6497 6498
f 6500 6499 6498
f 6501 6499 6500
f 6502 6501 6500
f 6503 6502 6500
f 6504 6502 6503
f 6505 6504 6503
f 6506 6504 6505
f 6507 6506 6505
f 6508 6507 6505
f 6509 6507 6508
f 6510 6507 6509
f 6511 6510 6509
f 6512 6510 6511
f 6513 6510 6512
f 6514 6513 6512
f 6515 6513 6514
f 6516 6515 6514
f 6517 6516 6514
f 6518 6516 6517
f 6519 6516 6518
f 6520 6519 6518
f 6521 6519 6520
f 6522 6521 6520
f 6523 6521 6522
f 6524 6523 6522
f 6525 6524 6522
f 6526 6524 6525
f 6527 6526 6525
f 6528 6526 6527
f 6529 6526 6528
f 6530 6529 6528
f 6531 6529 6530
f 6532 6531 6530
f 6533 6531 6532
f 6534 6533 6532
f 6535 6534 6532
f 6536 6531 6533
f 6537 6536 6533
f 6534 6537 6533
f 6538 6537 6534
f 6539 6537 6538
f 6540 6539 6538
f 6541 6539 6540
f 6542 6541 6540
f 6543 6541 6542
f 6544 6543 6542
f 6545 6544 6542
f 6546 6544 6545
f 6547 6544 6546
f 6548 6547 6546
f 6549 6548 6546
f 6550 6549 6546
f 6551 6549 6550
f 6552 6549 6551
f 6553 6552 6551
f 6554 6552 6553
f 6555 6554 6553
f 6556 6555 6553
f 6557 6555 6556
f 6558 6557 6556
f 2048 6557 6558
f 6559 6557 2048
f 6560 6559 2048
f 2047 6560 2048
f 6561 6559 6560
f 6562 6561 6560
f 2047 6562 6560
f 6563 6562 2047
f 6564 6563 2047
f 6565 6564 2047
f 2049 6565 2047
f 6566 6565 2049
f 2050 6566 2049
f 6567 6566 2050
f 6568 6567 2050
f 6569 6568 2050
f 6570 6568 6569
f 6571 6570 6569
f 6572 6571 6569
f 6573 6572 6569
f 6572 6570 6571
f 6574 6568 6570
f 6575 6574 6570
f 6576 6574 6575
f 6577 6576 6575
f 6578 6577 6575
f 6579 6578 6575
f 6580 6578 6579
f 6581 6580 6579
f 6582 6581 6579
f 6583 6581 6582
f 6584 6581 6583
f 6585 6584 6583
f 6586 6585 6583
f 6587 6585 6586
f 6588 6587 6586
f 6589 6588 6586
f 6590 6589 6586
f 6583 6590 6586
f 6582 6590 6583
f 6591 6590 6582
f 6592 6590 6591
f 6593 6592 6591
f 6594 6593 6591
f 6595 6593 6594
f 6596 6595 6594
f 6597 6596 6594
f 6598 6593 6595
f 6599 6598 6595
f 6600 6598 6599
f 6601 6600 6599
f 6602 6601 6599
f 6603 6601 6602
f 6604 6603 6602
f 6605 6600 6601
f 6606 6605 6601
f 6603 6606 6601
f 6607 6600 6605
f 6608 6607 6605
f 6609 6607 6608
f 6610 6609 6608
f 6611 6610 6608
f 6612 6611 6608
f 6605 6612 6608
f 6606 6612 6605
f 6613 6612 6606
f 6614 6613 6606
f 6615 6612 6613
f 6616 6615 6613
f 6617 6615 6616
f 6618 6617 6616
f 6619 6618 6616
f 6620 6618 6619
f 6621 6620 6619
f 6622 6620 6621
f 6623 6620 6622
f 6624 6623 6622
f 6625 6624 6622
f 6626 6625 6622
f 6627 6625 6626
f 6628 6625 6627
f 6629 6628 6627
f 6630 6629 6627
f 6631 6629 6630
f 6632 6631 6630
f 6633 6631 6632
f 6634 6633 6632
f 6635 6631 6633
f 6636 6635 6633
f 6637 6635 6636
f 6638 6635 6637
f 6639 6638 6637
f 6640 6638 6639
f 6641 6640 6639
f 6642 6640 6641
f 6643 6642 6641
f 6644 6642 6643
f 6645 6644 6643
f 6646 6644 6645
f 6647 6646 6645
f 6648 6646 6647
f 6649 6648 6647
f 6650 6649 6647
f 6651 6649 6650
f 6652 6649 6651
f 6653 6652 6651
f 6654 6652 6653
f 6655 6654 6653
f 6656 6654 6655
f 6657 6656 6655
f 6658 6656 6657
f 6659 6658 6657
f 6660 6659 6657
f 6661 6659 6660
f 6662 6661 6660
f 6663 6661 6662
f 6664 6663 6662
f 6665 6664 6662
f 6666 6664 6665
f 6667 6664 6666
f 6668 6664 6667
f 6669 6668 6667
f 6670 6669 6667
f 6671 6670 6667
f 6672 6670 6671
f 6673 6672 6671
f 6674 6672 6673
f 6675 6674 6673
f 6676 6674 6675
f 6677 6676 6675
f 6678 6676 6677
f 6679 6678 6677
f 6680 6678 6679
f 6681 6680 6679
f 6682 6680 6681
f 6683 6682 6681
f 6684 6685 6686
f 6687 6688 6689
f 6690 6688 6687
f 6691 6690 6687
f 6692 6690 6691
f 6693 6692 6691
f 6694 6693 6691
f 6695 6693 6694
f 6696 6695 6694
f 6697 6695 6696
f 6698 6695 6697
f 6699 6698 6697
f 6700 6699 6697
f 6701 6699 6700
f 6702 6701 6700
f 6703 6701 6702
f 6704 6703 6702
f 6705 6704 6702
f 6706 6704 6705
f 6707 6706 6705
f 6708 6706 6707
f 6709 6708 6707
f 6710 6709 6707
f 6711 6710 6707
f 6705 6711 6707
f 6712 6710 6711
f 6713 6712 6711
f 6714 6712 6713
f 6715 6714 6713
f 6716 6714 6715
f 6717 6714 6716
f 6718 6717 6716
f 6719 6718 6716
f 6720 6718 6719
f 6721 6718 6720
f 6722 6721 6720
f 6723 6722 6720
f 6724 6722 6723
f 6725 6724 6723
f 6726 6724 6725
f 6727 6726 6725
f 6728 6727 6725
f 6729 6727 6728
f 6730 6729 6728
f 6731 6729 6730
f 6732 6731 6730
f 6733 6731 6732
f 6734 6733 6732
f 6735 6734 6732
f 6736 6734 6735
f 6737 6734 6736
f 6738 6737 6736
f 6739 6737 6738
f 6740 6739 6738
f 6741 6737 6739
f 6742 6737 6741
f 6743 6742 6741
f 6744 6742 6743
f 6745 6744 6743
f 6746 6744 6745
f 6747 6746 6745
f 6748 6746 6747
f 6749 6748 6747
f 6750 6749 6747
f 6751 6750 6747
f 6752 6750 6751
f 6753 6750 6752
f 6754 6753 6752
f 6755 6754 6752
f 6756 6754 6755
f 6757 6754 6756
f 6758 6757 6756
f 6759 6757 6758
f 6760 6757 6759
f 6761 6760 6759
f 6762 6760 6761
f 6763 6762 6761
f 6764 6762 6763
f 6765 6762 6764
f 6766 6765 6764
f 6767 6765 6766
f 6768 6767 6766
f 6769 6767 6768
f 6770 6769 6768
f 6771 6769 6770
f 6772 6771 6770
f 6773 6771 6772
f 6774 6773 6772
f 6775 6773 6774
f 6776 6775 6774
f 6777 6776 6774
f 6778 6776 6777
f 6779 6778 6777
f 6780 6778 6779
f 6781 6780 6779
f 6782 6781 6779
f 6783 6780 6781
f 6784 6780 6783
f 6785 6784 6783
f 6786 6784 6785
f 6787 6786 6785
f 6788 6786 6787
f 6789 6788 6787
f 6790 6789 6787
f 6791 6788 6789
f 6792 6791 6789
f 6793 6792 6789
f 6794 6792 6793
f 6795 6794 6793
f 6796 6794 6795
f 6797 6794 6796
f 6798 6797 6796
f 6799 6797 6798
f 6800 6799 6798
f 6801 6799 6800
f 6802 6801 6800
f 6803 6802 6800
f 6804 6803 6800
f 6805 6804 6800
f 6798 6805 6800
f 6806 6804 6805
f 6807 6804 6806
f 6808 6807 6806
f 6809 6808 6806
f 6810 6809 6806
f 6811 6808 6809
f 6812 6808 6811
f 6813 6812 6811
f 6814 6813 6811
f 6815 6814 6811
f 6816 6813 6814
f 6817 6816 6814
f 6818 6816 6817
f 6819 6818 6817
f 6820 6818 6819
f 6821 6820 6819
f 6822 6820 6821
f 6823 6822 6821
f 6824 6822 6823
f 6825 6824 6823
f 6826 6824 6825
f 6827 6826 6825
f 6828 6827 6825
f 6829 6827 6828
f 6830 6829 6828
f 6831 6829 6830
f 6832 6829 6831
f 6833 6829 6832
f 6834 6833 6832
f 6835 6833 6834
f 6836 6835 6834
f 6837 6835 6836
f 6838 6837 6836
f 6839 6838 6836
f 6840 6838 6839
f 6841 6838 6840
f 6842 6841 6840
f 6843 6842 6840
f 6844 6842 6843
f 6845 6844 6843
f 6846 6844 6845
f 6847 6844 6846
f 6848 6847 6846
f 6849 6848 6846
f 6850 6849 6846
f 6851 6849 6850
f 6852 6851 6850
f 6853 6851 6852
f 6854 6853 6852
f 6855 6854 6852
f 6856 6853 6854
f 6857 6856 6854
f 6858 6856 6857
f 6859 6853 6856
f 6860 6853 6859
f 6861 6860 6859
f 6862 6860 6861
f 6863 6862 6861
f 6864 6863 6861
f 6865 6863 6864
f 6866 6865 6864
f 6867 6863 6865
f 6868 6867 6865
f 6869 6868 6865
f 6866 6869 6865
f 6870 6869 6866
f 6871 6870 6866
f 6872 6870 6871
f 6873 6872 6871
f 6874 6872 6873
f 6875 6874 6873
f 6876 6874 6875
f 6877 6876 6875
f 6878 6876 6877
f 6879 6876 6878
f 6880 6879 6878
f 6881 6879 6880
f 6882 6881 6880
f 6883 6881 6882
f 6884 6883 6882
f 6880 6884 6882
f 6885 6883 6884
f 6886 6885 6884
f 6887 6885 6886
f 6888 6887 6886
f 6889 6887 6888
f 6890 6889 6888
f 6891 6890 6888
f 6892 6890 6891
f 6893 6892 6891
f 6894 6892 6893
f 6895 6892 6894
f 6896 6895 6894
f 6897 6895 6896
f 6898 6897 6896
f 6899 6897 6898
f 6900 6899 6898
f 6901 6899 6900
f 6902 6901 6900
f 6903 6902 6900
f 6904 6902 6903
f 6905 6904 6903
f 6906 6904 6905
f 6907 6906 6905
f 6908 6906 6907
f 6909 6908 6907
f 6910 6908 6909
f 6911 6910 6909
f 6912 6911 6909
f 6913 6911 6912
f 6914 6913 6912
f 6915 6913 6914
f 6916 6915 6914
f 6917 6915 6916
f 6918 6915 6917
f 6919 6915 6918
f 6920 6919 6918
f 6921 6920 6918
f 6922 6920 6921
f 6923 6919 6920
f 6924 6919 6923
f 6925 6924 6923
f 6926 6925 6923
f 6920 6926 6923
f 6927 6926 6920
f 6922 6927 6920
f 6928 6927 6922
f 6929 6928 6922
f 6930 6927 6928
f 6931 6930 6928
f 6932 6930 6931
f 6933 6932 6931
f 6934 6932 6933
f 6935 6934 6933
f 6936 6934 6935
f 6937 6936 6935
f 6938 6937 6935
f 6939 6938 6935
f 6940 6939 6935
f 6941 6939 6940
f 6942 6941 6940
f 6943 6941 6942
f 6944 6943 6942
f 6945 6944 6942
f 6946 6944 6945
f 6947 6946 6945
f 6948 6946 6947
f 6949 6946 6948
f 6950 6949 6948
f 6951 6949 6950
f 6952 6951 6950
f 6953 6952 6950
f 6954 6952 6953
f 6955 6954 6953
f 6956 6954 6955
f 6957 6954 6956
f 6958 6957 6956
f 6959 6957 6958
f 6960 6959 6958
f 6961 6959 6960
f 6962 6961 6960
f 6963 6962 6960
f 6964 6963 6960
f 6965 6963 6964
f 6966 6965 6964
f 6967 6966 6964
f 6968 6967 6964
f 6969 6967 6968
f 6970 6969 6968
f 6971 6970 6968
f 6972 6970 6971
f 6973 6972 6971
f 6974 6972 6973
f 6975 6974 6973
f 6976 6974 6975
f 6977 6974 6976
f 6978 6977 6976
f 6979 6978 6976
f 6980 6978 6979
f 6981 6978 6980
f 6982 6981 6980
f 6983 6982 6980
f 6984 6982 6983
f 6985 6984 6983
f 6986 6984 6985
f 6987 6986 6985
f 6988 6986 6987
f 6989 6988 6987
f 6990 6989 6987
f 6991 6989 6990
f 6992 6989 6991
f 6993 6992 6991
f 6994 6992 6993
f 6995 6994 6993
f 6996 6995 6993
f 6997 6995 6996
f 6998 6997 6996
f 6999 6997 6998
f 7000 6997 6999
f 7001 7000 6999
f 7002 7000 7001
f 7003 7002 7001
f 7004 7002 7003
f 7005 7004 7003
f 7006 7004 7005
f 7007 7006 7005
f 7008 7006 7007
f 7009 7008 7007
f 7010 7008 7009
f 7011 7010 7009
f 7012 7010 7011
f 7013 7012 7011
f 7014 7012 7013
f 7015 7014 7013
f 7016 7014 7015
f 7017 7014 7016
f 7018 7017 7016
f 7019 7017 7018
f 7020 7019 7018
f 7021 7019 7020
f 7022 7021 7020
f 7023 7021 7022
f 7024 7023 7022
f 7025 7024 7022
f 7026 7023 7024
f 7027 7026 7024
f 7028 7027 7024
f 7029 7027 7028
f 7030 7029 7028
f 7031 7029 7030
f 7032 7031 7030
f 7033 7031 7032
f 7034 7033 7032
f 7035 7034 7032
f 7036 7033 7034
f 7037 7036 7034
f 7038 7036 7037
f 7039 7038 7037
f 7040 7039 7037
f 7041 7039 7040
f 7042 7041 7040
f 7043 7041 7042
f 7044 7043 7042
f 7045 7044 7042
f 7046 7043 7044
f 7047 7046 7044
f 7048 7046 7047
f 7049 7046 7048
f 7050 7049 7048
f 7051 7049 7050
f 7052 7051 7050
f 7053 7051 7052
f 7054 7053 7052
f 7055 7054 7052
f 7056 7054 7055
f 7057 7056 7055
f 7058 7056 7057
f 7059 7058 7057
f 7060 7059 7057
f 7061 7059 7060
f 7062 7059 7061
f 7063 7059 7062
f 7064 7063 7062
f 7065 7064 7062
f 7066 7065 7062
f 7061 7066 7062
f 7067 7065 7066
f 7068 7067 7066
f 7069 7068 7066
f 7061 7069 7066
f 7060 7069 7061
f 7070 7069 7060
f 7071 7069 7070
f 7072 7069 7071
f 7073 7072 7071
f 7074 7073 7071
f 7075 7073 7074
f 7076 7073 7075
f 7077 7076 7075
f 7078 7076 7077
f 7079 7076 7078
f 7080 7079 7078
f 7081 7079 7080
f 7082 7081 7080
f 7083 7081 7082
f 7084 7083 7082
f 7085 7084 7082
f 7086 7085 7082
f 7087 7085 7086
f 7088 7085 7087
f 7089 7088 7087
f 7090 7088 7089
f 7091 7090 7089
f 7092 7091 7089
f 7093 7091 7092
f 7094 7093 7092
f 7095 7093 7094
f 7096 7095 7094
f 7097 7096 7094
f 7098 7096 7097
f 7099 7098 7097
f 7100 7098 7099
f 7101 7100 7099
f 7102 7100 7101
f 7103 7100 7102
f 7104 7103 7102
f 7105 7103 7104
f 7106 7103 7105
f 7107 7106 7105
f 7108 7107 7105
f 7109 7107 7108
f 7110 7109 7108
f 7111 7109 7110
f 7112 7111 7110
f 7113 7112 7110
f 7114 7112 7113
f 7115 7112 7114
f 7116 7115 7114
f 7117 7116 7114
f 7118 7117 7114
f 7119 7116 7117
f 7120 7116 7119
f 7121 7120 7119
f 7122 7121 7119
f 7123 7121 7122
f 7124 7121 7123
f 7125 7124 7123
f 7126 7125 7123
f 7127 7125 7126
f 7128 7127 7126
f 7129 7127 7128
f 7130 7129 7128
f 7131 7129 7130
f 7132 7131 7130
f 7133 7132 7130
f 7134 7132 7133
f 7135 7134 7133
f 7136 7135 7133
f 7137 7135 7136
f 7138 7135 7137
f 7139 7135 7138
f 7140 7139 7138
f 7141 7139 7140
f 7142 7139 7141
f 7143 7142 7141
f 7144 7142 7143
f 7145 7142 7144
f 7146 7145 7144
f 7147 7146 7144
f 7148 7147 7144
f 7143 7148 7144
f 7149 7148 7143
f 7150 7147 7148
f 7151 7147 7150
f 7152 7151 7150
f 7153 7151 7152
f 7154 7153 7152
f 7155 7154 7152
f 7156 7154 7155
f 7157 7156 7155
f 7158 7156 7157
f 7159 7158 7157
f 7160 7159 7157
f 7161 7159 7160
f 7162 7159 7161
f 7163 7162 7161
f 7164 7163 7161
f 7165 7163 7164
f 7166 7165 7164
f 7167 7165 7166
f 7168 7167 7166
f 7169 7167 7168
f 7170 7169 7168
f 7171 7169 7170
f 7172 7171 7170
f 7173 7171 7172
f 7174 7171 7173
f 7175 7171 7174
f 7176 7175 7174
f 7177 7176 7174
f 7178 7177 7174
f 7179 7177 7178
f 7180 7177 7179
f 7181 7180 7179
f 7182 7181 7179
f 7183 7181 7182
f 7184 7183 7182
f 7185 7183 7184
f 7186 7185 7184
f 7187 7186 7184
f 7188 7186 7187
f 7189 7185 7186
f 7188 7189 7186
f 7190 7189 7188
f 7191 7190 7188
f 7192 7191 7188
f 7193 7191 7192
f 7194 7193 7192
f 7195 7193 7194
f 7196 7195 7194
f 7197 7193 7195
f 7198 7193 7197
f 7191 7193 7198
f 7199 7191 7198
f 7200 7199 7198
f 7201 7200 7198
f 7202 7200 7201
f 7203 7202 7201
f 7204 7203 7201
f 7205 7203 7204
f 7206 7205 7204
f 7207 7206 7204
f 7208 7206 7207
f 7209 7206 7208
f 7210 7209 7208
f 7211 7210 7208
f 7212 7210 7211
f 7213 7212 7211
f 7214 7213 7211
f 7215 7214 7211
f 7216 7214 7215
f 7217 7214 7216
f 7218 7217 7216
f 7219 7217 7218
f 7220 7219 7218
f 7221 7220 7218
f 7222 7220 7221
f 7223 7222 7221
f 7224 7223 7221
f 7225 7224 7221
f 7226 7224 7225
f 7227 7226 7225
f 7228 7226 7227
f 7229 7228 7227
f 7230 7229 7227
f 7231 7230 7227
f 7232 7231 7227
f 7233 7231 7232
f 7234 7233 7232
f 7235 7231 7233
f 7236 7231 7235
f 7237 7236 7235
f 7238 7236 7237
f 7239 7238 7237
f 7240 7239 7237
f 7241 7239 7240
f 7242 7241 7240
f 7243 7241 7242
f 7244 7241 7243
f 7245 7244 7243
f 7246 7245 7243
f 7247 7246 7243
f 7248 7247 7243
f 7249 7247 7248
f 7250 7247 7249
f 7251 7250 7249
f 7252 7251 7249
f 7253 7251 7252
f 7254 7251 7253
f 7255 7254 7253
f 7256 7255 7253
f 7257 7255 7256
f 7258 7257 7256
f 7259 7257 7258
f 7260 7259 7258
f 7261 7260 7258
f 7262 7261 7258
f 7263 7261 7262
f 7264 7263 7262
f 7265 7261 7263
f 7266 7261 7265
f 7260 7261 7266
f 7267 7260 7266
f 7268 7267 7266
f 7269 7267 7268
f 7270 7269 7268
f 7271 7269 7270
f 7272 7271 7270
f 7273 7271 7272
f 7274 7273 7272
f 7275 7271 7273
f 7276 7275 7273
f 7277 7276 7273
f 7278 7276 7277
f 7279 7278 7277
f 7280 7279 7277
f 7281 7280 7277
f 7282 7280 7281
f 7283 7282 7281
f 7284 7283 7281
f 7277 7284 7281
f 7273 7284 7277
f 7274 7284 7273
f 2054 7285 2062
f 2062 7285 2064
f 7286 7287 7288
f 7289 7286 7288
f 7290 7286 7289
f 7291 7290 7289
f 7292 7291 7289
f 7293 7292 7289
f 7294 7291 7292
f 7295 7294 7292
f 7296 7294 7295
f 7297 7296 7295
f 7298 7297 7295
f 7299 7297 7298
f 7300 7299 7298
f 7301 7299 7300
f 7302 7299 7301
f 7303 7302 7301
f 7304 7303 7301
f 7305 7304 7301
f 7306 7304 7305
f 7307 7306 7305
f 7308 7303 7304
f 7309 7303 7308
f 7310 7303 7309
f 7311 7310 7309
f 7312 7311 7309
f 7313 7311 7312
f 7314 7311 7313
f 7315 7314 7313
f 7316 7315 7313
f 7317 7316 7313
f 7318 7316 7317
f 7319 7318 7317
f 7320 7319 7317
f 7321 7320 7317
f 7322 7318 7319
f 7323 7322 7319
f 7324 7322 7323
f 7325 7316 7318
f 7326 7325 7318
f 7327 7316 7325
f 7328 7327 7325
f 7326 7328 7325
f 7329 7327 7328
f 7330 7329 7328
f 7331 7329 7330
f 7332 7331 7330
f 7333 7331 7332
f 7334 7333 7332
f 7335 7333 7334
f 7336 7335 7334
f 7337 7336 7334
f 7338 7336 7337
f 7339 7338 7337
f 7340 7338 7339
f 7341 7340 7339
f 7342 7340 7341
f 7343 7340 7342
f 7344 7343 7342
f 7345 7343 7344
f 7346 7343 7345
f 7347 7346 7345
f 7348 7346 7347
f 7349 7348 7347
f 7350 7349 7347
f 7351 7350 7347
f 7345 7351 7347
f 7352 7350 7351
f 7353 7350 7352
f 7354 7353 7352
f 7355 7353 7354
f 7356 7355 7354
f 7357 7353 7355
f 7358 7353 7357
f 7359 7358 7357
f 7360 7359 7357
f 7361 7359 7360
f 7362 7361 7360
f 7363 7361 7362
f 7364 7363 7362
f 7365 7364 7362
f 7366 7364 7365
f 7367 7366 7365
f 7368 7366 7367
f 7369 7368 7367
f 7370 7368 7369
f 7371 7368 7370
f 7372 7371 7370
f 7373 7372 7370
f 7374 7372 7373
f 7375 7374 7373
f 7376 7374 7375
f 7377 7376 7375
f 7378 7377 7375
f 7379 7377 7378
f 7380 7377 7379
f 7381 7380 7379
f 7382 7380 7381
f 7383 7382 7381
f 7384 7382 7383
f 7385 7384 7383
f 7386 7385 7383
f 7387 7385 7386
f 7388 7387 7386
f 7389 7387 7388
f 7390 7389 7388
f 7391 7389 7390
f 7392 7389 7391
f 7393 7392 7391
f 7394 7393 7391
f 7395 7393 7394
f 7396 7395 7394
f 7397 7395 7396
f 7398 7397 7396
f 7399 7397 7398
f 7400 7399 7398
f 7401 7400 7398
f 7402 7400 7401
f 7403 7402 7401
f 7404 7402 7403
f 7405 7402 7404
f 7406 7405 7404
f 7407 7406 7404
f 7408 7406 7407
f 7409 7406 7408
f 7410 7409 7408
f 7411 7409 7410
f 7412 7411 7410
f 7413 7411 7412
f 7414 7413 7412
f 7415 7413 7414
f 7416 7415 7414
f 7417 7416 7414
f 7418 7417 7414
f 7419 7417 7418
f 7420 7419 7418
f 7421 7419 7420
f 7422 7421 7420
f 7423 7417 7419
f 7424 7423 7419
f 7421 7424 7419
f 7425 7424 7421
f 7426 7425 7421
f 7427 7426 7421
f 7422 7427 7421
f 7428 7427 7422
f 7429 7428 7422
f 7420 7429 7422
f 7430 7427 7428
f 7431 7430 7428
f 7432 7430 7431
f 7433 7430 7432
f 7434 7430 7433
f 7427 7430 7434
f 7426 7427 7434
f 7435 7425 7426
f 7436 7425 7435
f 7437 7436 7435
f 7438 7437 7435
f 7439 7438 7435
f 7440 7438 7439
f 7441 7440 7439
f 7442 7438 7440
f 7443 7437 7438
f 7444 7437 7443
f 7445 7444 7443
f 7446 7445 7443
f 7447 7446 7443
f 7448 7446 7447
f 7449 7448 7447
f 7450 7448 7449
f 7451 7450 7449
f 7452 7451 7449
f 7453 7451 7452
f 7454 7453 7452
f 7455 7453 7454
f 7456 7453 7455
f 7457 7456 7455
f 7458 7457 7455
f 7459 7457 7458
f 7460 7457 7459
f 7461 7460 7459
f 7462 7460 7461
f 7463 7462 7461
f 7464 7463 7461
f 7465 7464 7461
f 7466 7464 7465
f 7467 7466 7465
f 7468 7463 7464
f 7469 7463 7468
f 7470 7469 7468
f 7471 7470 7468
f 7472 7471 7468
f 7473 7471 7472
f 7474 7471 7473
f 7475 7470 7471
f 7476 7470 7475
f 7477 7476 7475
f 7478 7477 7475
f 7479 7478 7475
f 7480 7479 7475
f 7481 7480 7475
f 7482 7480 7481
f 7483 7482 7481
f 7484 7483 7481
f 7485 7484 7481
f 7486 7484 7485
f 7487 7484 7486
f 7483 7484 7487
f 7488 7483 7487
f 7489 7483 7488
f 7490 7489 7488
f 7491 7489 7490
f 7492 7491 7490
f 7493 7491 7492
f 7494 7493 7492
f 7495 7493 7494
f 7496 7495 7494
f 7497 7496 7494
f 7498 7496 7497
f 7499 7498 7497
f 7500 7499 7497
f 7501 7499 7500
f 7502 7501 7500
f 7503 7501 7502
f 7504 7501 7503
f 7505 7504 7503
f 7506 7504 7505
f 7507 7506 7505
f 7508 7506 7507
f 7509 7508 7507
f 7510 7508 7509
f 7511 7510 7509
f 7512 7510 7511
f 7513 7510 7512
f 7514 7508 7510
f 7515 7514 7510
f 7516 7515 7510
f 7513 7516 7510
f 7517 7516 7513
f 7518 7516 7517
f 7519 7518 7517
f 7520 7519 7517
f 7521 7519 7520
f 7522 7519 7521
f 7523 7522 7521
f 7524 7523 7521
f 7525 7523 7524
f 7526 7525 7524
f 7527 7523 7525
f 7528 7527 7525
f 7529 7527 7528
f 7530 7529 7528
f 7531 7529 7530
f 7532 7529 7531
f 7533 7532 7531
f 7534 7532 7533
f 7535 7534 7533
f 7536 7534 7535
f 7537 7536 7535
f 7538 7536 7537
f 7539 7538 7537
f 7540 7538 7539
f 7541 7540 7539
f 7542 7541 7539
f 7543 7541 7542
f 7544 7543 7542
f 7545 7543 7544
f 7546 7545 7544
f 7547 7545 7546
f 7548 7547 7546
f 7549 7547 7548
f 7550 7547 7549
f 7551 7550 7549
f 7552 7551 7549
f 7553 7552 7549
f 7554 7553 7549
f 7555 7553 7554
f 7556 7555 7554
f 7557 7555 7556
f 7558 7555 7557
f 7553 7555 7558
f 7559 7553 7558
f 7552 7553 7559
f 7560 7552 7559
f 7561 7560 7559
f 7562 7560 7561
f 7563 7562 7561
f 7564 7563 7561
f 7565 7563 7564
f 7566 7563 7565
f 7567 7563 7566
f 7562 7563 7567
f 7568 7562 7567
f 7569 7568 7567
f 7570 7568 7569
f 7571 7570 7569
f 7572 7570 7571
f 7573 7570 7572
f 7574 7570 7573
f 7575 7574 7573
f 7576 7575 7573
f 7577 7576 7573
f 7578 7576 7577
f 7579 7578 7577
f 7580 7578 7579
f 7581 7578 7580
f 7582 7581 7580
f 7583 7582 7580
f 7584 7582 7583
f 7585 7584 7583
f 7586 7584 7585
f 7587 7584 7586
f 7588 7587 7586
f 7589 7588 7586
f 7590 7588 7589
f 7591 7590 7589
f 7592 7590 7591
f 7593 7592 7591
f 7594 7592 7593
f 7595 7594 7593
f 7596 7595 7593
f 7597 7595 7596
f 7598 7595 7597
f 7599 7598 7597
f 7600 7599 7597
f 7601 7599 7600
f 7602 7599 7601
f 7603 7602 7601
f 7604 7603 7601
f 7605 7603 7604
f 7606 7605 7604
f 7607 7605 7606
f 7608 7607 7606
f 7609 7608 7606
f 7610 7608 7609
f 7611 7608 7610
f 7612 7611 7610
f 7613 7611 7612
f 7614 7613 7612
f 7615 7613 7614
f 7616 7615 7614
f 7617 7616 7614
f 7618 7616 7617
f 7619 7616 7618
f 7620 7619 7618
f 7621 7619 7620
f 7622 7619 7621
f 7623 7622 7621
f 7624 7623 7621
f 7625 7623 7624
f 7626 7625 7624
f 7627 7625 7626
f 7628 7627 7626
f 7629 7625 7627
f 7630 7629 7627
f 7631 7630 7627
f 7632 7631 7627
f 7628 7632 7627
f 7633 7631 7632
f 7634 7631 7633
f 7635 7634 7633
f 7636 7635 7633
f 7637 7635 7636
f 7638 7635 7637
f 7639 7638 7637
f 7640 7638 7639
f 7641 7640 7639
f 7642 7641 7639
f 7643 7641 7642
f 7644 7643 7642
f 7645 7643 7644
f 7646 7643 7645
f 7647 7646 7645
f 7648 7647 7645
f 7649 7647 7648
f 7650 7647 7649
f 7651 7650 7649
f 7652 7650 7651
f 7653 7652 7651
f 7654 7653 7651
f 7655 7653 7654
f 7656 7655 7654
f 7657 7656 7654
f 7658 7656 7657
f 7659 7656 7658
f 7660 7659 7658
f 7661 7659 7660
f 7662 7659 7661
f 7663 7662 7661
f 7664 7663 7661
f 7665 7663 7664
f 7666 7665 7664
f 7667 7665 7666
f 7668 7667 7666
f 7669 7668 7666
f 7670 7668 7669
f 7671 7668 7670
f 7672 7671 7670
f 7673 7671 7672
f 7674 7673 7672
f 7675 7674 7672
f 7676 7674 7675
f 7677 7676 7675
f 7678 7677 7675
f 7679 7676 7677
f 7680 7676 7679
f 7681 7680 7679
f 7682 7680 7681
f 7683 7680 7682
f 7684 7683 7682
f 7685 7683 7684
f 7686 7685 7684
f 7687 7685 7686
f 7688 7687 7686
f 7689 7688 7686
f 7690 7689 7686
f 7691 7690 7686
f 7692 7690 7691
f 7693 7692 7691
f 7694 7693 7691
f 7695 7693 7694
f 7696 7695 7694
f 7697 7693 7695
f 7698 7697 7695
f 7699 7698 7695
f 7700 7698 7699
f 7701 7698 7700
f 7702 7701 7700
f 7703 7702 7700
f 7704 7703 7700
f 7705 7703 7704
f 7706 7703 7705
f 7707 7706 7705
f 7708 7707 7705
f 7709 7707 7708
f 7710 7709 7708
f 7711 7703 7706
f 7712 7711 7706
f 7713 7711 7712
f 7714 7713 7712
f 7715 7714 7712
f 7716 7714 7715
f 7717 7716 7715
f 7718 7716 7717
f 7719 7718 7717
f 7720 7718 7719
f 7721 7718 7720
f 7722 7721 7720
f 7723 7721 7722
f 7724 7723 7722
f 7725 7723 7724
f 7726 7721 7723
f 7727 7726 7723
f 7728 7727 7723
f 7729 7728 7723
f 7725 7729 7723
f 7730 7729 7725
f 7731 7730 7725
f 7724 7731 7725
f 7732 7731 7724
f 7733 7731 7732
f 7734 7733 7732
f 7735 7734 7732
f 7736 7734 7735
f 7737 7736 7735
f 7738 7736 7737
f 7739 7738 7737
f 7740 7738 7739
f 7741 7740 7739
f 7742 7738 7740
f 7743 7738 7742
f 7744 7743 7742
f 7745 7744 7742
f 7746 7744 7745
f 7747 7744 7746
f 7748 7747 7746
f 7749 7748 7746
f 7750 7748 7749
f 7751 7748 7750
f 7752 7751 7750
f 7753 7751 7752
f 7754 7753 7752
f 7755 7753 7754
f 7756 7755 7754
f 7757 7755 7756
f 7758 7757 7756
f 7759 7758 7756
f 7760 7758 7759
f 7761 7758 7760
f 7762 7758 7761
f 7763 7762 7761
f 7764 7763 7761
f 7757 7758 7762
f 7765 7753 7755
f 7766 7753 7765
f 7767 7766 7765
f 7768 7767 7765
f 7769 7767 7768
f 7770 7769 7768
f 7771 7770 7768
f 7772 7770 7771
f 7773 7772 7771
f 7774 7773 7771
f 7775 7773 7774
f 7776 7773 7775
f 7777 7776 7775
f 7778 7777 7775
f 7779 7776 7777
f 7780 7779 7777
f 7781 7779 7780
f 7782 7781 7780
f 7783 7781 7782
f 7784 7783 7782
f 7785 7783 7784
f 7786 7781 7783
f 7787 7786 7783
f 7788 7786 7787
f 7789 7788 7787
f 7790 7789 7787
f 7791 7789 7790
f 7792 7791 7790
f 7793 7792 7790
f 7794 7792 7793
f 7795 7794 7793
f 7796 7794 7795
f 7797 7794 7796
f 7798 7797 7796
f 7799 7797 7798
f 7800 7799 7798
f 7801 7799 7800
f 7802 7801 7800
f 7803 7801 7802
f 7804 7803 7802
f 7805 7803 7804
f 7806 7805 7804
f 7807 7806 7804
f 7808 7806 7807
f 7809 7808 7807
f 7810 7806 7808
f 7811 7810 7808
f 7812 7810 7811
f 7813 7812 7811
f 7814 7813 7811
f 7815 7814 7811
f 7816 7815 7811
f 7817 7815 7816
f 7818 7817 7816
f 7819 7817 7818
f 7820 7819 7818
f 7816 7820 7818
f 7821 7819 7820
f 7822 7819 7821
f 7823 7822 7821
f 7824 7822 7823
f 7825 7817 7819
f 7826 7817 7825
f 7827 7817 7826
f 7828 7827 7826
f 7829 7827 7828
f 7830 7827 7829
f 7831 7830 7829
f 7832 7830 7831
f 7833 7832 7831
f 7834 7833 7831
f 7835 7833 7834
f 7836 7835 7834
f 7837 7835 7836
f 7838 7837 7836
f 7839 7837 7838
f 7840 7839 7838
f 7841 7840 7838
f 7842 7840 7841
f 7843 7842 7841
f 7844 7842 7843
f 7845 7842 7844
f 7840 7842 7845
f 7846 7839 7840
f 7847 7846 7840
f 7848 7839 7846
f 7849 7848 7846
f 7850 7848 7849
f 7851 7848 7850
f 7852 7851 7850
f 7853 7851 7852
f 7854 7851 7853
f 7848 7851 7854
f 7839 7848 7854
f 7837 7839 7854
f 7835 7837 7854
f 7853 7835 7854
f 7833 7835 7853
f 7832 7833 7853
f 7852 7832 7853
f 7855 7832 7852
f 7830 7832 7855
f 7815 7817 7827
f 7814 7815 7827
f 7830 7814 7827
f 7855 7814 7830
f 7813 7814 7855
f 7852 7813 7855
f 7850 7813 7852
f 7812 7813 7850
f 7849 7812 7850
f 7810 7812 7849
f 7806 7810 7849
f 7846 7806 7849
f 7847 7806 7846
f 7805 7806 7847
f 7840 7805 7847
f 7845 7805 7840
f 7803 7805 7845
f 7801 7803 7845
f 7844 7801 7845
f 7799 7801 7844
f 7797 7799 7844
f 7843 7797 7844
f 7794 7797 7843
f 7792 7794 7843
f 7841 7792 7843
f 7838 7792 7841
f 7836 7792 7838
f 7791 7792 7836
f 7834 7791 7836
f 7789 7791 7834
f 7831 7789 7834
f 7788 7789 7831
f 7829 7788 7831
f 7786 7788 7829
f 7828 7786 7829
f 7781 7786 7828
f 7779 7781 7828
f 7826 7779 7828
f 7776 7779 7826
f 7825 7776 7826
f 7773 7776 7825
f 7772 7773 7825
f 7819 7772 7825
f 7822 7772 7819
f 7770 7772 7822
f 7824 7770 7822
f 7769 7770 7824
f 7856 7769 7824
f 7857 7856 7824
f 7823 7857 7824
f 7858 7856 7857
f 7859 7858 7857
f 7860 7858 7859
f 7861 7858 7860
f 7862 7858 7861
f 7856 7858 7862
f 7767 7769 7856
f 7862 7767 7856
f 7766 7767 7862
f 7751 7753 7766
f 7747 7748 7751
f 7766 7747 7751
f 7862 7747 7766
f 7861 7747 7862
f 7861 7744 7747
f 7860 7744 7861
f 7743 7744 7860
f 7859 7743 7860
f 7736 7738 7743
f 7859 7736 7743
f 7734 7736 7859
f 7857 7734 7859
f 7733 7734 7857
f 7823 7733 7857
f 7731 7733 7823
f 7821 7731 7823
f 7730 7731 7821
f 7820 7730 7821
f 7729 7730 7820
f 7728 7729 7820
f 7702 7703 7711
f 7697 7698 7701
f 7863 7659 7662
f 7656 7659 7863
f 7655 7656 7863
f 7864 7646 7647
f 7646 7641 7643
f 7865 7635 7638
f 7866 7635 7865
f 7867 7866 7865
f 7868 7866 7867
f 7869 7868 7867
f 7870 7866 7868
f 7871 7870 7868
f 7872 7871 7868
f 7869 7872 7868
f 7873 7872 7869
f 7874 7872 7873
f 7875 7874 7873
f 7876 7875 7873
f 7877 7875 7876
f 7878 7875 7877
f 7879 7878 7877
f 7880 7879 7877
f 7881 7878 7879
f 7882 7881 7879
f 7883 7881 7882
f 7884 7881 7883
f 7885 7884 7883
f 7886 7885 7883
f 7887 7885 7886
f 7888 7887 7886
f 7889 7888 7886
f 7890 7887 7888
f 7891 7887 7890
f 7892 7891 7890
f 7893 7892 7890
f 7894 7891 7892
f 7895 7891 7894
f 7896 7895 7894
f 7897 7895 7896
f 7898 7897 7896
f 7899 7897 7898
f 7900 7895 7897
f 7891 7895 7900
f 7887 7891 7900
f 7885 7887 7900
f 7884 7885 7900
f 7897 7884 7900
f 7899 7884 7897
f 7881 7884 7899
f 7878 7881 7899
f 7898 7878 7899
f 7875 7878 7898
f 7874 7875 7898
f 7896 7874 7898
f 7872 7874 7896
f 7894 7872 7896
f 7871 7872 7894
f 7892 7871 7894
f 7870 7871 7892
f 7893 7870 7892
f 7634 7635 7866
f 7870 7634 7866
f 7893 7634 7870
f 7631 7634 7893
f 7630 7631 7893
f 7890 7630 7893
f 7888 7630 7890
f 7629 7630 7888
f 7889 7629 7888
f 7625 7629 7889
f 7623 7625 7889
f 7886 7623 7889
f 7883 7623 7886
f 7882 7623 7883
f 7622 7623 7882
f 7879 7622 7882
f 7880 7622 7879
f 7619 7622 7880
f 7616 7619 7880
f 7615 7616 7880
f 7877 7615 7880
f 7876 7615 7877
f 7613 7615 7876
f 7611 7613 7876
f 7873 7611 7876
f 7901 7584 7587
f 7582 7584 7901
f 7901 7581 7582
f 7551 7552 7560
f 7902 7529 7532
f 7527 7529 7902
f 7523 7527 7902
f 7522 7523 7902
f 7903 7493 7495
f 7491 7493 7903
f 7482 7483 7489
f 7491 7482 7489
f 7479 7480 7482
f 7491 7479 7482
f 7903 7479 7491
f 7478 7479 7903
f 7462 7463 7469
f 7456 7451 7453
f 7436 7437 7444
f 7904 7380 7382
f 7905 7380 7904
f 7906 7905 7904
f 7907 7905 7906
f 7908 7907 7906
f 7909 7908 7906
f 7910 7909 7906
f 7904 7910 7906
f 7911 7909 7910
f 7912 7909 7911
f 7913 7909 7912
f 7914 7913 7912
f 7915 7914 7912
f 7916 7914 7915
f 7917 7914 7916
f 7918 7917 7916
f 7919 7918 7916
f 7920 7918 7919
f 7921 7920 7919
f 7922 7921 7919
f 7916 7922 7919
f 7923 7921 7922
f 7924 7923 7922
f 7925 7924 7922
f 7926 7924 7925
f 7927 7924 7926
f 7928 7927 7926
f 7929 7927 7928
f 7930 7929 7928
f 7931 7929 7930
f 7932 7931 7930
f 7933 7932 7930
f 7934 7931 7932
f 7935 7929 7931
f 7936 7929 7935
f 7937 7929 7936
f 7938 7937 7936
f 7939 7937 7938
f 7940 7939 7938
f 7927 7929 7937
f 7923 7924 7927
f 7937 7923 7927
f 7939 7923 7937
f 7921 7923 7939
f 7940 7921 7939
f 7920 7921 7940
f 7941 7920 7940
f 7942 7920 7941
f 7943 7942 7941
f 7944 7920 7942
f 7918 7920 7944
f 7945 7918 7944
f 7946 7945 7944
f 7947 7945 7946
f 7917 7918 7945
f 7947 7917 7945
f 7913 7914 7917
f 7947 7913 7917
f 7908 7909 7913
f 7947 7908 7913
f 7907 7908 7947
f 7946 7907 7947
f 7377 7380 7905
f 7376 7377 7905
f 7907 7376 7905
f 7946 7376 7907
f 7374 7376 7946
f 7944 7374 7946
f 7372 7374 7944
f 7942 7372 7944
f 7371 7372 7942
f 7943 7371 7942
f 7366 7368 7371
f 7943 7366 7371
f 7364 7366 7943
f 7363 7364 7943
f 7941 7363 7943
f 7940 7363 7941
f 7938 7363 7940
f 7361 7363 7938
f 7936 7361 7938
f 7359 7361 7936
f 7935 7359 7936
f 7358 7359 7935
f 7931 7358 7935
f 7350 7353 7358
f 7931 7350 7358
f 7349 7350 7931
f 7934 7349 7931
f 7948 7349 7934
f 7949 7948 7934
f 7950 7949 7934
f 7932 7950 7934
f 7951 7950 7932
f 7952 7950 7951
f 7953 7950 7952
f 7954 7953 7952
f 7955 7954 7952
f 7956 7955 7952
f 7957 7955 7956
f 7958 7957 7956
f 7959 7955 7957
f 7960 7959 7957
f 7961 7959 7960
f 7962 7961 7960
f 7963 7961 7962
f 7964 7961 7963
f 7965 7964 7963
f 7966 7965 7963
f 7967 7966 7963
f 7968 7966 7967
f 7969 7966 7968
f 7970 7969 7968
f 7971 7969 7970
f 7972 7969 7971
f 7973 7972 7971
f 7974 7972 7973
f 7975 7972 7974
f 7976 7975 7974
f 7977 7975 7976
f 7978 7977 7976
f 7979 7977 7978
f 7980 7979 7978
f 7981 7980 7978
f 7982 7981 7978
f 7983 7981 7982
f 7984 7983 7982
f 7985 7984 7982
f 7986 7984 7985
f 7987 7986 7985
f 7988 7987 7985
f 7989 7986 7987
f 7990 7989 7987
f 7991 7989 7990
f 7992 7991 7990
f 7993 7991 7992
f 7994 7993 7992
f 7995 7994 7992
f 7996 7994 7995
f 7997 7996 7995
f 7998 7997 7995
f 7999 7997 7998
f 8000 7999 7998
f 8001 7999 8000
f 8002 8001 8000
f 8003 8001 8002
f 8004 8003 8002
f 8005 8003 8004
f 8006 8005 8004
f 8007 8005 8006
f 8008 8007 8006
f 8009 8008 8006
f 8010 8008 8009
f 8011 8010 8009
f 8012 8010 8011
f 8013 8010 8012
f 8014 8013 8012
f 8015 8014 8012
f 8016 8014 8015
f 8017 8013 8014
f 8018 8017 8014
f 8019 8017 8018
f 8020 8019 8018
f 8021 8020 8018
f 8022 8021 8018
f 8023 8021 8022
f 8024 8023 8022
f 8025 8023 8024
f 8026 8023 8025
f 8027 8026 8025
f 8028 8027 8025
f 8029 8027 8028
f 8030 8029 8028
f 8031 8029 8030
f 8032 8029 8031
f 8033 8032 8031
f 8034 8032 8033
f 8035 8034 8033
f 8036 8034 8035
f 8037 8036 8035
f 8038 8036 8037
f 8039 8038 8037
f 8040 8038 8039
f 8041 8040 8039
f 8042 8040 8041
f 8043 8040 8042
f 8044 8043 8042
f 8045 8043 8044
f 8046 8045 8044
f 8047 8045 8046
f 8048 8045 8047
f 8049 8048 8047
f 8050 8049 8047
f 8051 8049 8050
f 8052 8051 8050
f 8053 8051 8052
f 8054 8053 8052
f 8055 8053 8054
f 8056 8053 8055
f 8057 8056 8055
f 8058 8057 8055
f 8059 8057 8058
f 8060 8059 8058
f 8061 8059 8060
f 8062 8059 8061
f 8063 8059 8062
f 8064 8063 8062
f 8065 8064 8062
f 8066 8064 8065
f 8067 8066 8065
f 8068 8067 8065
f 8069 8066 8067
f 8070 8069 8067
f 8071 8070 8067
f 8072 8069 8070
f 8073 8072 8070
f 8074 8072 8073
f 8075 8074 8073
f 8076 8074 8075
f 8077 8076 8075
f 8078 8076 8077
f 8079 8078 8077
f 8080 8079 8077
f 8081 8079 8080
f 8082 8081 8080
f 8083 8081 8082
f 8084 8079 8081
f 8085 8084 8081
f 8086 8084 8085
f 8087 8086 8085
f 8088 8087 8085
f 8089 8088 8085
f 8090 8089 8085
f 8091 8089 8090
f 8092 8091 8090
f 8093 8092 8090
f 8094 8092 8093
f 8095 8094 8093
f 8096 8095 8093
f 8097 8094 8095
f 8098 8094 8097
f 8099 8098 8097
f 8100 8099 8097
f 8101 8099 8100
f 8102 8101 8100
f 8103 8101 8102
f 8104 8103 8102
f 8105 8104 8102
f 8106 8104 8105
f 8107 8104 8106
f 8108 8104 8107
f 8109 8108 8107
f 8110 8109 8107
f 8111 8109 8110
f 8112 8111 8110
f 8113 8111 8112
f 8114 8113 8112
f 8115 8114 8112
f 8116 8113 8114
f 8117 8116 8114
f 8118 8116 8117
f 8119 8118 8117
f 8120 8118 8119
f 8121 8120 8119
f 8122 8121 8119
f 8123 8121 8122
f 8124 8123 8122
f 8125 8123 8124
f 8126 8125 8124
f 8127 8125 8126
f 8128 8127 8126
f 8129 8128 8126
f 8130 8128 8129
f 8131 8128 8130
f 8132 8131 8130
f 8133 8132 8130
f 8134 8132 8133
f 8135 8132 8134
f 8136 8135 8134
f 8137 8135 8136
f 8138 8135 8137
f 8139 8135 8138
f 8140 8139 8138
f 8141 8140 8138
f 8142 8141 8138
f 8143 8142 8138
f 8144 8142 8143
f 8145 8142 8144
f 8146 8142 8145
f 8147 8146 8145
f 8144 8147 8145
f 8148 8146 8147
f 8149 8148 8147
f 8150 8149 8147
f 8151 8149 8150
f 8152 8151 8150
f 8153 8152 8150
f 8154 8151 8152
f 8155 8154 8152
f 8156 8155 8152
f 8157 8155 8156
f 8158 8157 8156
f 8159 8157 8158
f 8160 8159 8158
f 8161 8159 8160
f 8162 8161 8160
f 8163 8161 8162
f 8164 8163 8162
f 8165 8163 8164
f 8166 8165 8164
f 8167 8165 8166
f 8168 8167 8166
f 8169 8168 8166
f 8170 8168 8169
f 8171 8170 8169
f 8172 8171 8169
f 8173 8171 8172
f 8174 8173 8172
f 8175 8173 8174
f 8176 8175 8174
f 8177 8175 8176
f 8178 8177 8176
f 8179 8178 8176
f 8180 8178 8179
f 8181 8180 8179
f 8182 8180 8181
f 8183 8182 8181
f 8184 8183 8181
f 8185 8182 8183
f 8186 8182 8185
f 8187 8186 8185
f 8188 8187 8185
f 8189 8187 8188
f 8190 8189 8188
f 8191 8190 8188
f 8192 8190 8191
f 8193 8190 8192
f 8194 8193 8192
f 8195 8194 8192
f 8196 8194 8195
f 8197 8194 8196
f 8198 8197 8196
f 8199 8198 8196
f 8200 8199 8196
f 8201 8199 8200
f 8202 8201 8200
f 8203 8202 8200
f 8204 8202 8203
f 8205 8204 8203
f 8206 8205 8203
f 8207 8205 8206
f 8208 8207 8206
f 8209 8207 8208
f 8210 8209 8208
f 8211 8210 8208
f 8212 8210 8211
f 8213 8212 8211
f 8214 8213 8211
f 8215 8213 8214
f 8216 8213 8215
f 8217 8216 8215
f 8218 8217 8215
f 8219 8217 8218
f 8220 8219 8218
f 8221 8219 8220
f 8222 8221 8220
f 8223 8221 8222
f 8224 8221 8223
f 8225 8224 8223
f 8226 8225 8223
f 8227 8225 8226
f 8228 8227 8226
f 8229 8227 8228
f 8230 8229 8228
f 8231 8229 8230
f 8232 8229 8231
f 8233 8232 8231
f 8234 8233 8231
f 8235 8233 8234
f 8236 8235 8234
f 8237 8236 8234
f 8238 8236 8237
f 8239 8238 8237
f 8240 8238 8239
f 8241 8240 8239
f 8242 8240 8241
f 8243 8242 8241
f 8244 8242 8243
f 8245 8244 8243
f 8246 8244 8245
f 8247 8246 8245
f 8248 8246 8247
f 8249 8248 8247
f 8250 8249 8247
f 8251 8249 8250
f 8252 8251 8250
f 8253 8251 8252
f 8254 8253 8252
f 8255 8254 8252
f 8256 8254 8255
f 8257 8254 8256
f 8258 8257 8256
f 8259 8257 8258
f 8260 8259 8258
f 8261 8260 8258
f 8262 8261 8258
f 8263 8261 8262
f 8264 8261 8263
f 8265 8264 8263
f 8266 8265 8263
f 8267 8266 8263
f 8268 8266 8267
f 8269 8268 8267
f 8270 8271 8272
f 8273 8270 8272
f 8274 8270 8273
f 8275 8270 8274
f 4848 8275 8274
f 8276 4848 8274
f 4850 4848 8276
f 8277 4850 8276
f 4851 4850 8277
f 8278 4851 8277
f 8279 4851 8278
f 8280 4851 8279
f 8281 8280 8279
f 8282 8281 8279
f 8283 8281 8282
f 8284 8283 8282
f 8285 8284 8282
f 8286 8284 8285
f 8287 8286 8285
f 8288 8287 8285
f 8289 8286 8287
f 8290 8289 8287
f 8291 8289 8290
f 8292 8289 8291
f 8293 8292 8291
f 8294 8292 8293
f 8295 8294 8293
f 8296 8294 8295
f 8297 8294 8296
f 8298 8297 8296
f 8299 8297 8298
f 8300 8299 8298
f 8301 8300 8298
f 8302 8300 8301
f 8303 8302 8301
f 8304 8300 8302
f 8305 8304 8302
f 8306 8304 8305
f 8307 8306 8305
f 8308 8306 8307
f 8309 8308 8307
f 8310 8309 8307
f 8311 8309 8310
f 8312 8309 8311
f 8313 8309 8312
f 8314 8313 8312
f 8315 8313 8314
f 8316 8315 8314
f 8317 8316 8314
f 8318 8316 8317
f 8319 8318 8317
f 8320 8319 8317
f 8321 8320 8317
f 8322 8320 8321
f 8323 8322 8321
f 8324 8322 8323
f 8325 8322 8324
f 8326 8322 8325
f 8327 8326 8325
f 8328 8327 8325
f 8329 8327 8328
f 8330 8329 8328
f 8331 8329 8330
f 8332 8331 8330
f 8333 8332 8330
f 8334 8331 8332
f 8335 8334 8332
f 8336 8335 8332
f 8337 8335 8336
f 8338 8337 8336
f 8339 8338 8336
f 8340 8338 8339
f 8341 8338 8340
f 8342 8341 8340
f 8343 8341 8342
f 8344 8341 8343
f 8345 8344 8343
f 8346 8345 8343
f 8347 8345 8346
f 8348 8345 8347
f 8349 8348 8347
f 8350 8349 8347
f 8351 8349 8350
f 8352 8349 8351
f 8353 8352 8351
f 8354 8352 8353
f 8355 8354 8353
f 8356 8354 8355
f 8357 8356 8355
f 8358 8357 8355
f 8359 8356 8357
f 8360 8356 8359
f 8361 8360 8359
f 8362 8361 8359
f 8363 8362 8359
f 8364 8362 8363
f 8365 8364 8363
f 8366 8365 8363
f 8367 8365 8366
f 8368 8367 8366
f 8369 8365 8367
f 8370 8369 8367
f 8371 8369 8370
f 8372 8371 8370
f 8373 8371 8372
f 8374 8371 8373
f 8375 8374 8373
f 8376 8374 8375
f 8377 8374 8376
f 8378 8377 8376
f 8379 8377 8378
f 8380 8379 8378
f 8381 8380 8378
f 8382 8380 8381
f 8383 8380 8382
f 8384 8380 8383
f 8385 8384 8383
f 8386 8384 8385
f 8379 8380 8384
f 8386 8379 8384
f 8374 8377 8379
f 8386 8374 8379
f 8387 8374 8386
f 8371 8374 8387
f 8369 8371 8387
f 8386 8369 8387
f 8385 8369 8386
f 8365 8369 8385
f 8364 8365 8385
f 8383 8364 8385
f 8388 8364 8383
f 8362 8364 8388
f 8389 8362 8388
f 8361 8362 8389
f 8390 8361 8389
f 8391 8361 8390
f 8392 8391 8390
f 8393 8392 8390
f 8394 8392 8393
f 8395 8392 8394
f 8396 8395 8394
f 8397 8396 8394
f 8398 8397 8394
f 8393 8398 8394
f 8399 8397 8398
f 8400 8399 8398
f 8401 8399 8400
f 8402 8401 8400
f 8403 8402 8400
f 8404 8403 8400
f 8405 8402 8403
f 8406 8405 8403
f 8404 8406 8403
f 8407 8405 8406
f 8408 8407 8406
f 8409 8407 8408
f 8410 8409 8408
f 8411 8409 8410
f 8412 8409 8411
f 8413 8412 8411
f 8414 8412 8413
f 8415 8414 8413
f 8416 8414 8415
f 8417 8416 8415
f 8418 8417 8415
f 8419 8417 8418
f 8420 8419 8418
f 8421 8419 8420
f 8422 8421 8420
f 8423 8422 8420
f 8424 8422 8423
f 8425 8424 8423
f 8426 8425 8423
f 8427 8426 8423
f 8428 8426 8427
f 8429 8426 8428
f 8430 8429 8428
f 8431 8425 8426
f 8429 8431 8426
f 8432 8431 8429
f 8433 8432 8429
f 8430 8433 8429
f 8434 8433 8430
f 8435 8433 8434
f 8436 8435 8434
f 8437 8435 8436
f 8438 8435 8437
f 8439 8438 8437
f 8440 8439 8437
f 8441 8439 8440
f 8442 8441 8440
f 8443 8441 8442
f 8444 8443 8442
f 8445 8444 8442
f 8446 8444 8445
f 8447 8444 8446
f 8448 8447 8446
f 8449 8448 8446
f 8450 8447 8448
f 8451 8447 8450
f 8452 8451 8450
f 8453 8452 8450
f 8454 8452 8453
f 8455 8454 8453
f 8456 8454 8455
f 8457 8456 8455
f 8458 8456 8457
f 8459 8458 8457
f 8460 8459 8457
f 8461 8459 8460
f 8462 8459 8461
f 8463 8462 8461
f 8464 8462 8463
f 8465 8464 8463
f 8466 8465 8463
f 8467 8465 8466
f 8468 8467 8466
f 8469 8467 8468
f 8470 8469 8468
f 8471 8469 8470
f 8472 8471 8470
f 8473 8472 8470
f 8474 8472 8473
f 8475 8474 8473
f 8476 8474 8475
f 8477 8476 8475
f 8478 8477 8475
f 8479 8477 8478
f 8480 8479 8478
f 8481 8479 8480
f 8482 8479 8481
f 8483 8482 8481
f 8484 8479 8482
f 8485 8484 8482
f 8486 8485 8482
f 8487 8485 8486
f 8488 8487 8486
f 8489 8488 8486
f 8490 8488 8489
f 8491 8488 8490
f 8492 8491 8490
f 8493 8492 8490
f 8494 8492 8493
f 8495 8492 8494
f 8496 8495 8494
f 8497 8496 8494
f 8498 8497 8494
f 8499 8497 8498
f 8500 8499 8498
f 8501 8500 8498
f 8502 8500 8501
f 8503 8500 8502
f 8504 8503 8502
f 8505 8503 8504
f 8506 8505 8504
f 8507 8505 8506
f 8508 8507 8506
f 8509 8508 8506
f 8510 8508 8509
f 8511 8510 8509
f 8512 8510 8511
f 8513 8512 8511
f 8514 8512 8513
f 8515 8512 8514
f 8516 8515 8514
f 8517 8516 8514
f 8518 8516 8517
f 8519 8518 8517
f 8520 8518 8519
f 8521 8520 8519
f 8522 8520 8521
f 8523 8522 8521
f 8524 8523 8521
f 8525 8523 8524
f 8526 8523 8525
f 8527 8526 8525
f 8528 8526 8527
f 8529 8526 8528
f 8530 8529 8528
f 8531 8530 8528
f 8532 8530 8531
f 8533 8530 8532
f 8534 8533 8532
f 8535 8534 8532
f 8536 8535 8532
f 8537 8535 8536
f 8538 8537 8536
f 8539 8537 8538
f 8540 8539 8538
f 8541 8540 8538
f 8542 8541 8538
f 8543 8541 8542
f 8544 8543 8542
f 8545 8543 8544
f 8546 8545 8544
f 8547 8546 8544
f 8548 8546 8547
f 8549 8548 8547
f 8550 8548 8549
f 8551 8550 8549
f 8552 8551 8549
f 8553 8551 8552
f 8554 8550 8551
f 8555 8554 8551
f 8556 8554 8555
f 8557 8556 8555
f 8558 8557 8555
f 8559 8558 8555
f 8560 8558 8559
f 8561 8560 8559
f 8562 8561 8559
f 8563 8561 8562
f 8564 8563 8562
f 8565 8563 8564
f 8566 8565 8564
f 8567 8565 8566
f 8568 8567 8566
f 8569 8567 8568
f 8570 8569 8568
f 8571 8569 8570
f 8572 8571 8570
f 8573 8572 8570
f 8574 8572 8573
f 8575 8574 8573
f 8576 8575 8573
f 8577 8575 8576
f 8578 8577 8576
f 8579 8577 8578
f 8580 8579 8578
f 8581 8577 8579
f 8575 8577 8581
f 8582 8575 8581
f 8583 8582 8581
f 8584 8583 8581
f 8585 8583 8584
f 8586 8585 8584
f 8587 8585 8586
f 8588 8587 8586
f 8589 8587 8588
f 8590 8589 8588
f 8591 8590 8588
f 8592 8590 8591
f 8593 8590 8592
f 8594 8593 8592
f 8595 8593 8594
f 8596 8595 8594
f 8597 8595 8596
f 8598 8597 8596
f 8599 8598 8596
f 8600 8598 8599
f 8601 8600 8599
f 8602 8601 8599
f 8603 8600 8601
f 8604 8600 8603
f 8605 8604 8603
f 8606 8604 8605
f 8607 8606 8605
f 8608 8606 8607
f 8609 8608 8607
f 8610 8608 8609
f 8611 8610 8609
f 8612 8611 8609
f 8613 8611 8612
f 8614 8611 8613
f 8615 8614 8613
f 8616 8615 8613
f 8617 8614 8615
f 8618 8617 8615
f 8619 8617 8618
f 8620 8617 8619
f 8621 8620 8619
f 8622 8620 8621
f 8623 8622 8621
f 8624 8622 8623
f 8625 8624 8623
f 8626 8625 8623
f 8614 8617 8620
f 8610 8611 8614
f 8620 8610 8614
f 8622 8610 8620
f 8608 8610 8622
f 8624 8608 8622
f 8606 8608 8624
f 8627 8606 8624
f 8625 8627 8624
f 8604 8606 8627
f 8598 8600 8604
f 8627 8598 8604
f 8597 8598 8627
f 8625 8597 8627
f 8595 8597 8625
f 8593 8595 8625
f 8626 8593 8625
f 8590 8593 8626
f 8589 8590 8626
f 8623 8589 8626
f 8621 8589 8623
f 8587 8589 8621
f 8619 8587 8621
f 8585 8587 8619
f 8618 8585 8619
f 8583 8585 8618
f 8582 8583 8618
f 8615 8582 8618
f 8616 8582 8615
f 8575 8582 8616
f 8574 8575 8616
f 8613 8574 8616
f 8612 8574 8613
f 8572 8574 8612
f 8571 8572 8612
f 8609 8571 8612
f 8607 8571 8609
f 8569 8571 8607
f 8605 8569 8607
f 8567 8569 8605
f 8603 8567 8605
f 8565 8567 8603
f 8601 8565 8603
f 8563 8565 8601
f 8602 8563 8601
f 8561 8563 8602
f 8628 8561 8602
f 8629 8628 8602
f 8630 8628 8629
f 8631 8630 8629
f 8632 8631 8629
f 8633 8631 8632
f 8634 8633 8632
f 8635 8634 8632
f 8636 8634 8635
f 8637 8636 8635
f 8638 8637 8635
f 8639 8636 8637
f 8640 8636 8639
f 8641 8640 8639
f 8642 8640 8641
f 8643 8642 8641
f 8644 8642 8643
f 8645 8644 8643
f 8646 8644 8645
f 8647 8646 8645
f 8648 8647 8645
f 8649 8647 8648
f 8650 8649 8648
f 8651 8650 8648
f 8652 8650 8651
f 8653 8652 8651
f 8654 8652 8653
f 8655 8652 8654
f 8656 8652 8655
f 8657 8656 8655
f 8658 8657 8655
f 8659 8657 8658
f 8660 8659 8658
f 8661 8659 8660
f 8662 8661 8660
f 8663 8662 8660
f 8664 8662 8663
f 8665 8662 8664
f 8666 8665 8664
f 8667 8666 8664
f 8668 8666 8667
f 8669 8668 8667
f 8670 8669 8667
f 8671 8670 8667
f 8672 8671 8667
f 8673 8671 8672
f 8674 8671 8673
f 8675 8674 8673
f 8676 8675 8673
f 8677 8676 8673
f 8678 8676 8677
f 8679 8676 8678
f 8680 8679 8678
f 8681 8680 8678
f 8682 8680 8681
f 8683 8682 8681
f 8684 8683 8681
f 8685 8683 8684
f 8686 8685 8684
f 8687 8685 8686
f 8688 8685 8687
f 8689 8688 8687
f 8690 8689 8687
f 8691 8690 8687
f 8692 8690 8691
f 8693 8690 8692
f 8694 8693 8692
f 8695 8693 8694
f 8696 8693 8695
f 8697 8696 8695
f 8698 8697 8695
f 8699 8697 8698
f 8700 8697 8699
f 8701 8700 8699
f 8702 8701 8699
f 8703 8701 8702
f 8704 8701 8703
f 8705 8704 8703
f 8706 8705 8703
f 8707 8705 8706
f 8708 8707 8706
f 8709 8708 8706
f 8710 8709 8706
f 8703 8710 8706
f 8711 8708 8709
f 8712 8711 8709
f 8713 8711 8712
f 8714 8711 8713
f 8715 8714 8713
f 8716 8715 8713
f 8717 8715 8716
f 8718 8717 8716
f 8719 8718 8716
f 8720 8719 8716
f 8721 8719 8720
f 8722 8721 8720
f 8723 8721 8722
f 8724 8723 8722
f 8725 8723 8724
f 8726 8723 8725
f 8727 8726 8725
f 8728 8727 8725
f 8729 8727 8728
f 8730 8729 8728
f 8731 8729 8730
f 8732 8731 8730
f 8733 8731 8732
f 8734 8733 8732
f 8735 8734 8732
f 8736 8734 8735
f 8737 8734 8736
f 8738 8737 8736
f 8739 8738 8736
f 8740 8738 8739
f 8741 8738 8740
f 8742 8741 8740
f 8743 8741 8742
f 8737 8738 8741
f 8743 8737 8741
f 8744 8737 8743
f 8745 8744 8743
f 8746 8745 8743
f 8747 8745 8746
f 8748 8747 8746
f 8749 8747 8748
f 8750 8749 8748
f 8751 8747 8749
f 8752 8751 8749
f 8750 8752 8749
f 8753 8752 8750
f 8754 8753 8750
f 8755 8753 8754
f 8756 8755 8754
f 8757 8756 8754
f 8758 8756 8757
f 8759 8758 8757
f 8760 8758 8759
f 8761 8760 8759
f 8762 8761 8759
f 8763 8761 8762
f 8764 8763 8762
f 8765 8763 8764
f 8766 8765 8764
f 8767 8765 8766
f 8768 8765 8767
f 8769 8768 8767
f 8770 8768 8769
f 8771 8770 8769
f 8772 8771 8769
f 8773 8772 8769
f 8774 8772 8773
f 8775 8772 8774
f 8776 8775 8774
f 8777 8776 8774
f 8778 8776 8777
f 8779 8778 8777
f 8780 8778 8779
f 8781 8780 8779
f 8782 8781 8779
f 8783 8782 8779
f 8784 8782 8783
f 8785 8782 8784
f 8785 8781 8782
f 8786 8781 8785
f 8787 8781 8786
f 8788 8781 8787
f 8789 8788 8787
f 8790 8789 8787
f 8791 8789 8790
f 8792 8791 8790
f 8793 8791 8792
f 8794 8788 8789
f 8795 8788 8794
f 8796 8795 8794
f 8797 8795 8796
f 8798 8797 8796
f 8799 8795 8797
f 8800 8799 8797
f 8801 8799 8800
f 8802 8801 8800
f 8803 8801 8802
f 8804 8803 8802
f 8805 8804 8802
f 8806 8804 8805
f 8807 8806 8805
f 8808 8807 8805
f 8809 8806 8807
f 8804 8806 8809
f 8810 8804 8809
f 8811 8810 8809
f 8812 8811 8809
f 8807 8812 8809
f 8813 8812 8807
f 8814 8813 8807
f 8815 8813 8814
f 8816 8815 8814
f 8817 8816 8814
f 8818 8817 8814
f 8819 8816 8817
f 8820 8819 8817
f 8821 8819 8820
f 8822 8819 8821
f 8823 8822 8821
f 8824 8823 8821
f 8825 8824 8821
f 8826 8824 8825
f 8827 8826 8825
f 8828 8826 8827
f 8829 8826 8828
f 8830 8829 8828
f 8831 8830 8828
f 8832 8830 8831
f 8833 8832 8831
f 8834 8832 8833
f 8835 8834 8833
f 8836 8835 8833
f 8837 8835 8836
f 8838 8837 8836
f 8839 8838 8836
f 8840 8838 8839
f 8841 8840 8839
f 8842 8840 8841
f 8843 8840 8842
f 8844 8843 8842
f 8845 8844 8842
f 8846 8844 8845
f 8847 8846 8845
f 8848 8846 8847
f 8849 8846 8848
f 8850 8849 8848
f 8851 8850 8848
f 8852 8850 8851
f 8853 8852 8851
f 8854 8852 8853
f 8855 8852 8854
f 8856 8855 8854
f 8857 8855 8856
f 8858 8857 8856
f 8859 8858 8856
f 8860 8858 8859
f 8861 8858 8860
f 8862 8861 8860
f 8863 8862 8860
f 8864 8862 8863
f 8865 8862 8864
f 8866 8865 8864
f 8867 8865 8866
f 8868 8862 8865
f 8869 8868 8865
f 8867 8869 8865
f 8870 8869 8867
f 8871 8870 8867
f 8866 8871 8867
f 8872 8871 8866
f 8873 8872 8866
f 8864 8873 8866
f 8874 8872 8873
f 8875 8874 8873
f 8876 8874 8875
f 8877 8876 8875
f 8878 8876 8877
f 8879 8876 8878
f 8880 8879 8878
f 8881 8879 8880
f 8882 8881 8880
f 8883 8882 8880
f 8884 8882 8883
f 8885 8882 8884
f 8886 8882 8885
f 8887 8886 8885
f 8888 8887 8885
f 8889 8887 8888
f 8890 8887 8889
f 8891 8890 8889
f 8892 8890 8891
f 8893 8892 8891
f 8894 8893 8891
f 8895 8893 8894
f 8896 8893 8895
f 8897 8896 8895
f 8898 8896 8897
f 8899 8896 8898
f 8900 8899 8898
f 8901 8900 8898
f 8902 8900 8901
f 8903 8902 8901
f 8904 8902 8903
f 8905 8904 8903
f 8906 8904 8905
f 8907 8906 8905
f 8908 8906 8907
f 8909 8908 8907
f 8910 8908 8909
f 8911 8908 8910
f 8912 8911 8910
f 8913 8912 8910
f 8909 8913 8910
f 8914 8912 8913
f 8915 8914 8913
f 8916 8914 8915
f 8917 8916 8915
f 8918 8916 8917
f 8919 8916 8918
f 8920 8919 8918
f 8921 8920 8918
f 8922 8920 8921
f 8923 8922 8921
f 8924 8922 8923
f 8925 8924 8923
f 8926 8925 8923
f 8927 8925 8926
f 8928 8925 8927
f 8929 8925 8928
f 8930 8929 8928
f 8931 8930 8928
f 8932 8931 8928
f 8933 8931 8932
f 8934 8933 8932
f 8935 8934 8932
f 8936 8935 8932
f 8937 8935 8936
f 8938 8937 8936
f 8939 8937 8938
f 8940 8939 8938
f 8941 8939 8940
f 8942 8939 8941
f 8943 8942 8941
f 8944 8942 8943
f 8945 8944 8943
f 8946 8942 8944
f 8947 8946 8944
f 8945 8947 8944
f 8948 8946 8947
f 8949 8948 8947
f 8950 8949 8947
f 8951 8950 8947
f 8945 8951 8947
f 8952 8951 8945
f 8953 8951 8952
f 8954 8951 8953
f 8955 8954 8953
f 8956 8954 8955
f 8957 8956 8955
f 8958 8957 8955
f 8959 8957 8958
f 8960 8959 8958
f 8961 8959 8960
f 8962 8961 8960
f 8963 8961 8962
f 8964 8963 8962
f 8965 8963 8964
f 8961 8963 8965
f 8966 8961 8965
f 8967 8966 8965
f 8968 8966 8967
f 8969 8968 8967
f 8970 8968 8969
f 8971 8970 8969
f 8972 8971 8969
f 8973 8971 8972
f 8974 8973 8972
f 8975 8973 8974
f 8976 8975 8974
f 8977 8975 8976
f 8978 8977 8976
f 8979 8977 8978
f 8980 8977 8979
f 8981 8980 8979
f 8982 8981 8979
f 8983 8981 8982
f 8984 8983 8982
f 8985 8984 8982
f 8986 8985 8982
f 8987 8986 8982
f 8988 8986 8987
f 8989 8986 8988
f 8990 8989 8988
f 8991 8990 8988
f 8992 8990 8991
f 8993 8992 8991
f 8994 8992 8993
f 8995 8990 8992
f 8996 8995 8992
f 8997 8996 8992
f 8998 8997 8992
f 8994 8998 8992
f 8999 8998 8994
f 9000 8998 8999
f 9001 9000 8999
f 9002 9000 9001
f 9003 9002 9001
f 9004 9002 9003
f 9005 9002 9004
f 9006 9005 9004
f 9007 9005 9006
f 9008 9007 9006
f 9009 9007 9008
f 9010 9009 9008
f 9011 9010 9008
f 9012 9010 9011
f 9013 9010 9012
f 9014 9013 9012
f 9015 9013 9014
f 9016 9013 9015
f 9017 9016 9015
f 9018 9017 9015
f 9014 9018 9015
f 9019 9017 9018
f 9020 9019 9018
f 9021 9020 9018
f 9022 9021 9018
f 9023 9021 9022
f 9024 9023 9022
f 9025 9024 9022
f 9026 9024 9025
f 9027 9026 9025
f 9028 9027 9025
f 9029 9027 9028
f 9030 9029 9028
f 9031 9029 9030
f 9032 9031 9030
f 9033 9031 9032
f 9034 9033 9032
f 9035 9031 9033
f 9036 9035 9033
f 9037 9036 9033
f 9038 9037 9033
f 9039 9036 9037
f 9040 9036 9039
f 9041 9040 9039
f 9042 9041 9039
f 9043 9042 9039
f 9044 9042 9043
f 9045 9044 9043
f 9046 9042 9044
f 9047 9046 9044
f 9048 9046 9047
f 9049 9048 9047
f 9050 9049 9047
f 9051 9049 9050
f 9052 9051 9050
f 9053 9051 9052
f 9054 9051 9053
f 9055 9054 9053
f 9056 9054 9055
f 9057 9056 9055
f 9058 9057 9055
f 9059 9058 9055
f 9060 9058 9059
f 9061 9060 9059
f 9062 9060 9061
f 9063 9062 9061
f 9064 9063 9061
f 9065 9063 9064
f 9066 9065 9064
f 9067 9065 9066
f 9068 9067 9066
f 9069 9067 9068
f 9070 9069 9068
f 9071 9067 9069
f 9072 9071 9069
f 9073 9072 9069
f 9074 9072 9073
f 9075 9072 9074
f 9076 9075 9074
f 9077 9076 9074
f 9078 9076 9077
f 9079 9076 9078
f 9080 9079 9078
f 9081 9080 9078
f 9082 9080 9081
f 9083 9080 9082
f 9084 9083 9082
f 9085 9083 9084
f 9086 9085 9084
f 9087 9085 9086
f 9088 9087 9086
f 9089 9088 9086
f 9090 9087 9088
f 9091 9090 9088
f 9092 9090 9091
f 9093 9092 9091
f 9094 9093 9091
f 9095 9093 9094
f 9096 9095 9094
f 9097 9095 9096
f 9098 9097 9096
f 9099 9098 9096
f 9100 9099 9096
f 9101 9099 9100
f 9102 9101 9100
f 9103 9101 9102
f 9104 9103 9102
f 9105 9103 9104
f 9106 9103 9105
f 9107 9106 9105
f 9108 9107 9105
f 9109 9107 9108
f 9110 9109 9108
f 9111 9109 9110
f 9112 9111 9110
f 9113 9111 9112
f 9114 9113 9112
f 9115 9113 9114
f 9116 9115 9114
f 9117 9115 9116
f 9118 9117 9116
f 9119 9117 9118
f 9120 9119 9118
f 9121 9119 9120
f 9122 9121 9120
f 9123 9121 9122
f 9124 9123 9122
f 9125 9123 9124
f 9126 9125 9124
f 9127 9125 9126
f 9128 9127 9126
f 9129 9127 9128
f 9130 9129 9128
f 9131 9130 9128
f 9132 9130 9131
f 9133 9129 9130
f 9134 9133 9130
f 9132 9134 9130
f 9135 9134 9132
f 9136 9134 9135
f 9137 9136 9135
f 9138 9137 9135
f 9139 9138 9135
f 9140 9139 9135
f 9141 9139 9140
f 9142 9138 9139
f 9143 9142 9139
f 9144 9142 9143
f 9145 9144 9143
f 9146 9145 9143
f 9147 9146 9143
f 9148 9147 9143
f 9139 9148 9143
f 9141 9148 9139
f 9149 9148 9141
f 9150 9148 9149
f 9151 9150 9149
f 9152 9150 9151
f 9153 9150 9152
f 9154 9150 9153
f 9155 9154 9153
f 9156 9154 9155
f 9157 9154 9156
f 9158 9157 9156
f 9159 9158 9156
f 9160 9159 9156
f 9161 9159 9160
f 9162 9159 9161
f 9163 9162 9161
f 9164 9163 9161
f 9165 9163 9164
f 9166 9165 9164
f 9167 9163 9165
f 9168 9167 9165
f 9169 9168 9165
f 9170 9169 9165
f 9171 9169 9170
f 9172 9169 9171
f 9173 9172 9171
f 9174 9172 9173
f 9175 9174 9173
f 9176 9169 9172
f 9176 9168 9169
f 9177 9168 9176
f 9178 9177 9176
f 9179 9177 9178
f 9180 9179 9178
f 9181 9180 9178
f 9182 9180 9181
f 9183 9180 9182
f 9184 9183 9182
f 9185 9183 9184
f 9186 9183 9185
f 9187 9183 9186
f 9188 9187 9186
f 9189 9188 9186
f 9190 9188 9189
f 9191 9190 9189
f 9192 9190 9191
f 9193 9192 9191
f 9194 9193 9191
f 9195 9194 9191
f 9196 9194 9195
f 9197 9196 9195
f 9198 9196 9197
f 9199 9198 9197
f 9200 9199 9197
f 9201 9199 9200
f 9202 9201 9200
f 9203 9201 9202
f 9204 9203 9202
f 9205 9204 9202
f 9206 9204 9205
f 9207 9204 9206
f 9208 9207 9206
f 9209 9207 9208
f 9210 9209 9208
f 9211 9209 9210
f 9212 9211 9210
f 9213 9212 9210
f 9214 9212 9213
f 9215 9214 9213
f 9216 9214 9215
f 9217 9209 9211
f 9218 9217 9211
f 9219 9217 9218
f 9220 9217 9219
f 9221 9220 9219
f 9222 9220 9221
f 9223 9222 9221
f 9224 9222 9223
f 9225 9224 9223
f 9226 9225 9223
f 9227 9225 9226
f 9228 9227 9226
f 9229 9228 9226
f 9230 9228 9229
f 9231 9230 9229
f 9232 9230 9231
f 9233 9232 9231
f 9234 9233 9231
f 9235 9233 9234
f 9236 9235 9234
f 9237 9235 9236
f 9238 9237 9236
f 9239 9238 9236
f 9240 9238 9239
f 9241 9240 9239
f 9242 9240 9241
f 9243 9242 9241
f 9244 9242 9243
f 9245 9244 9243
f 9246 9242 9244
f 9247 9242 9246
f 9248 9247 9246
f 9249 9247 9248
f 9250 9249 9248
f 9251 9250 9248
f 9252 9250 9251
f 9253 9250 9252
f 9254 9253 9252
f 9255 9253 9254
f 9256 9255 9254
f 9257 9255 9256
f 9258 9257 9256
f 9259 9255 9257
f 9260 9255 9259
f 9261 9260 9259
f 9262 9260 9261
f 9263 9262 9261
f 9264 9263 9261
f 9265 9264 9261
f 9266 9264 9265
f 9267 9264 9266
f 9268 9267 9266
f 9269 9268 9266
f 9270 9268 9269
f 9271 9270 9269
f 9272 9270 9271
f 9273 9272 9271
f 9274 9270 9272
f 9275 9274 9272
f 9276 9275 9272
f 9277 9275 9276
f 9278 9277 9276
f 9279 9278 9276
f 9280 9279 9276
f 9281 9279 9280
f 9282 9281 9280
f 9283 9282 9280
f 9284 9282 9283
f 9285 9282 9284
f 9286 9285 9284
f 9287 9286 9284
f 9288 9286 9287
f 9289 9288 9287
f 9290 9288 9289
f 9291 9290 9289
f 9292 9290 9291
f 9293 9290 9292
f 9294 9293 9292
f 9295 9294 9292
f 9296 9294 9295
f 9297 9294 9296
f 9298 9297 9296
f 9299 9298 9296
f 9300 9298 9299
f 9301 9298 9300
f 9302 9301 9300
f 9303 9302 9300
f 9304 9302 9303
f 9305 9302 9304
f 9306 9305 9304
f 9307 9306 9304
f 9308 9306 9307
f 9309 9308 9307
f 9310 9308 9309
f 9311 9308 9310
f 9312 9311 9310
f 9313 9312 9310
f 9314 9312 9313
f 9315 9312 9314
f 9316 9315 9314
f 9317 9316 9314
f 9318 9316 9317
f 9319 9318 9317
f 9320 9318 9319
f 9321 9318 9320
f 9322 9321 9320
f 9323 9322 9320
f 9324 9323 9320
f 9325 9323 9324
f 9326 9325 9324
f 9327 9325 9326
f 9328 9327 9326
f 9329 9328 9326
f 9330 9328 9329
f 9331 9330 9329
f 9332 9331 9329
f 9333 9331 9332
f 9334 9331 9333
f 9335 9331 9334
f 9336 9335 9334
f 9337 9336 9334
f 9338 9336 9337
f 9339 9338 9337
f 9340 9338 9339
f 9341 9340 9339
f 9342 9340 9341
f 9343 9342 9341
f 9344 9342 9343
f 9345 9344 9343
f 9346 9345 9343
f 9347 9345 9346
f 9348 9345 9347
f 9349 9348 9347
f 9350 9348 9349
f 9351 9348 9350
f 9352 9351 9350
f 9353 9351 9352
f 9354 9351 9353
f 9355 9354 9353
f 9356 9355 9353
f 9357 9355 9356
f 9358 9355 9357
f 9359 9358 9357
f 9360 9359 9357
f 9361 9359 9360
f 9362 9361 9360
f 9363 9361 9362
f 9364 9363 9362
f 9365 9363 9364
f 9366 9365 9364
f 9367 9365 9366
f 9368 9367 9366
f 9369 9368 9366
f 9370 9368 9369
f 9371 9368 9370
f 9372 9371 9370
f 9373 9371 9372
f 9374 9373 9372
f 9375 9373 9374
f 9376 9375 9374
f 9377 9376 9374
f 9378 9376 9377
f 9379 9376 9378
f 9380 9376 9379
f 9381 9380 9379
f 9382 9381 9379
f 9383 9381 9382
f 9384 9383 9382
f 9385 9384 9382
f 9386 9384 9385
f 9387 9386 9385
f 9388 9386 9387
f 9389 9388 9387
f 9390 9388 9389
f 9391 9388 9390
f 9392 9391 9390
f 9393 9392 9390
f 9394 9392 9393
f 9395 9394 9393
f 9396 9394 9395
f 9397 9396 9395
f 9398 9396 9397
f 9399 9398 9397
f 9400 9399 9397
f 9401 9399 9400
f 9402 9399 9401
f 9403 9402 9401
f 9404 9402 9403
f 9405 9404 9403
f 9406 9404 9405
f 9407 9406 9405
f 9408 9406 9407
f 9409 9408 9407
f 9410 9408 9409
f 9411 9410 9409
f 9412 9410 9411
f 9413 9410 9412
f 9414 9413 9412
f 9415 9414 9412
f 9416 9414 9415
f 9417 9416 9415
f 9418 9414 9416
f 9419 9418 9416
f 9420 9419 9416
f 9421 9420 9416
f 9417 9421 9416
f 9422 9421 9417
f 9423 9421 9422
f 9424 9423 9422
f 9425 9423 9424
f 9426 9425 9424
f 9427 9426 9424
f 9428 9426 9427
f 9429 9426 9428
f 9430 9429 9428
f 9431 9429 9430
f 9432 9431 9430
f 9433 9432 9430
f 9434 9432 9433
f 9435 9434 9433
f 9436 9435 9433
f 9437 9434 9435
f 9438 9434 9437
f 9439 9438 9437
f 9440 9434 9438
f 9432 9434 9440
f 9441 9432 9440
f 9442 9441 9440
f 9443 9442 9440
f 9444 9443 9440
f 9438 9444 9440
f 9445 9443 9444
f 9446 9445 9444
f 9447 9446 9444
f 9448 9447 9444
f 9449 9447 9448
f 9450 9449 9448
f 9451 9450 9448
f 9452 9449 9450
f 9453 9452 9450
f 9454 9452 9453
f 9455 9452 9454
f 9456 9455 9454
f 9457 9456 9454
f 9458 9456 9457
f 9459 9458 9457
f 9460 9459 9457
f 9461 9459 9460
f 9462 9461 9460
f 9463 9462 9460
f 9464 9462 9463
f 9465 9464 9463
f 9466 9461 9462
f 9467 9461 9466
f 9468 9461 9467
f 9469 9468 9467
f 9470 9469 9467
f 9471 9469 9470
f 9472 9471 9470
f 9473 9469 9471
f 9474 9473 9471
f 9475 9474 9471
f 9472 9475 9471
f 9476 9474 9475
f 9477 9476 9475
f 9478 9477 9475
f 9479 9477 9478
f 9480 9479 9478
f 9481 9479 9480
f 9482 9481 9480
f 9483 9482 9480
f 9484 9482 9483
f 9485 9484 9483
f 9486 9484 9485
f 9487 9486 9485
f 9488 9487 9485
f 9489 9487 9488
f 9490 9489 9488
f 9491 9489 9490
f 9492 9489 9491
f 9493 9492 9491
f 9494 9493 9491
f 9495 9494 9491
f 9496 9493 9494
f 9497 9496 9494
f 9498 9496 9497
f 9499 9498 9497
f 9500 9498 9499
f 9501 9500 9499
f 9502 9498 9500
f 9503 9502 9500
f 9504 9503 9500
f 9505 9503 9504
f 9506 9503 9505
f 9507 9506 9505
f 9508 9507 9505
f 9509 9507 9508
f 9510 9507 9509
f 9511 9510 9509
f 9512 9511 9509
f 9513 9512 9509
f 9514 9512 9513
f 9515 9514 9513
f 9516 9514 9515
f 9517 9516 9515
f 9518 9517 9515
f 9519 9517 9518
f 9520 9517 9519
f 9521 9517 9520
f 9522 9521 9520
f 9523 9522 9520
f 9524 9522 9523
f 9525 9522 9524
f 9526 9525 9524
f 9527 9525 9526
f 9528 9527 9526
f 9529 9527 9528
f 9530 9529 9528
f 9531 9529 9530
f 9532 9531 9530
f 9533 9532 9530
f 9534 9532 9533
f 9535 9536 9537
f 9538 9535 9537
f 9539 9535 9538
f 9540 9535 9539
f 9541 9540 9539
f 9542 9541 9539
f 9543 9542 9539
f 9544 9542 9543
f 9545 9544 9543
f 9546 9544 9545
f 9547 9546 9545
f 9548 9546 9547
f 9549 9548 9547
f 9550 9548 9549
f 9551 9550 9549
f 9552 9550 9551
f 9553 9552 9551
f 9554 9553 9551
f 9549 9554 9551
f 9555 9553 9554
f 9556 9555 9554
f 9557 9553 9555
f 9552 9553 9557
f 9558 9552 9557
f 9559 9558 9557
f 9560 9559 9557
f 9561 9559 9560
f 9562 9561 9560
f 9563 9562 9560
f 9564 9563 9560
f 9565 9562 9563
f 9566 9562 9565
f 9567 9566 9565
f 9568 9566 9567
f 9569 9566 9568
f 9570 9569 9568
f 9571 9570 9568
f 9572 9570 9571
f 9573 9572 9571
f 9574 9573 9571
f 9575 9573 9574
f 9576 9573 9575
f 9572 9573 9576
f 9577 9572 9576
f 9578 9577 9576
f 9579 9578 9576
f 9580 9578 9579
f 9581 9580 9579
f 9582 9578 9580
f 9583 9582 9580
f 9584 9582 9583
f 9585 9584 9583
f 9586 9585 9583
f 9587 9586 9583
f 9580 9587 9583
f 9588 9587 9580
f 9581 9588 9580
f 9589 9588 9581
f 9590 9588 9589
f 9591 9588 9590
f 9592 9591 9590
f 9593 9592 9590
f 9594 9592 9593
f 9595 9594 9593
f 9596 9594 9595
f 9597 9596 9595
f 9598 9596 9597
f 9599 9598 9597
f 9600 9598 9599
f 9601 9598 9600
f 9602 9601 9600
f 9603 9601 9602
f 9604 9603 9602
f 9605 9604 9602
f 9606 9604 9605
f 9607 9606 9605
f 9608 9607 9605
f 9609 9607 9608
f 9610 9607 9609
f 9611 9610 9609
f 9612 9611 9609
f 9613 9611 9612
f 9614 9611 9613
f 9615 9614 9613
f 9616 9614 9615
f 9617 9616 9615
f 9618 9614 9616
f 9619 9618 9616
f 9620 9619 9616
f 9621 9619 9620
f 9622 9621 9620
f 9623 9622 9620
f 9624 9622 9623
f 9625 9622 9624
f 9626 9625 9624
f 9627 9626 9624
f 9628 9625 9626
f 9629 9625 9628
f 9630 9629 9628
f 9631 9630 9628
f 9632 9630 9631
f 9633 9632 9631
f 9634 9632 9633
f 9635 9630 9632
f 9636 9635 9632
f 9634 9636 9632
f 9637 9635 9636
f 9638 9637 9636
f 9639 9638 9636
f 9640 9638 9639
f 9641 9640 9639
f 9642 9640 9641
f 9643 9642 9641
f 9644 9643 9641
f 9645 9644 9641
f 9639 9645 9641
f 9646 9644 9645
f 9647 9643 9644
f 9648 9643 9647
f 9649 9648 9647
f 9650 9648 9649
f 9651 9650 9649
f 9652 9650 9651
f 9653 9652 9651
f 9654 9652 9653
f 9655 9654 9653
f 9656 9654 9655
f 9657 9656 9655
f 9658 9657 9655
f 9659 9657 9658
f 9660 9659 9658
f 9661 9659 9660
f 9662 9661 9660
f 9663 9661 9662
f 9664 9663 9662
f 9665 9663 9664
f 9666 9665 9664
f 9667 9666 9664
f 9668 9666 9667
f 9669 9666 9668
f 9670 9669 9668
f 9671 9670 9668
f 9667 9671 9668
f 9672 9670 9671
f 9673 9666 9669
f 9674 9666 9673
f 9665 9666 9674
f 9675 9665 9674
f 9676 9675 9674
f 9677 9676 9674
f 9673 9677 9674
f 9678 9677 9673
f 9679 9678 9673
f 9669 9679 9673
f 9680 9678 9679
f 9681 9680 9679
f 9682 9680 9681
f 9683 9682 9681
f 9684 9682 9683
f 9685 9684 9683
f 9686 9685 9683
f 9687 9684 9685
f 9688 9687 9685
f 9689 9688 9685
f 9690 9688 9689
f 9691 9690 9689
f 9692 9690 9691
f 9693 9690 9692
f 9694 9693 9692
f 9695 9694 9692
f 9696 9695 9692
f 9697 9694 9695
f 9698 9697 9695
f 9699 9697 9698
f 9700 9699 9698
f 9701 9700 9698
f 9702 9700 9701
f 9703 9702 9701
f 9704 9702 9703
f 9705 9704 9703
f 9706 9704 9705
f 9707 9704 9706
f 9708 9707 9706
f 9709 9708 9706
f 9710 9708 9709
f 9711 9710 9709
f 9712 9711 9709
f 9713 9711 9712
f 9714 9711 9713
f 9715 9714 9713
f 9716 9714 9715
f 9717 9716 9715
f 9718 9716 9717
f 9719 9716 9718
f 9720 9719 9718
f 9721 9720 9718
f 9722 9721 9718
f 9717 9722 9718
f 9723 9721 9722
f 9724 9723 9722
f 9725 9721 9723
f 9726 9725 9723
f 9727 9726 9723
f 9724 9727 9723
f 9728 9727 9724
f 9729 9727 9728
f 9730 9729 9728
f 9731 9730 9728
f 9732 9730 9731
f 9733 9732 9731
f 9734 9732 9733
f 9735 9734 9733
f 9736 9730 9732
f 9737 9730 9736
f 9738 9737 9736
f 9739 9737 9738
f 9740 9739 9738
f 9741 9740 9738
f 9742 9740 9741
f 9743 9742 9741
f 9744 9742 9743
f 9745 9742 9744
f 9746 9745 9744
f 9747 9745 9746
f 9748 9745 9747
f 9749 9745 9748
f 9750 9749 9748
f 9751 9750 9748
f 9752 9750 9751
f 9753 9752 9751
f 9754 9753 9751
f 9755 9754 9751
f 9748 9755 9751
f 9756 9754 9755
f 9757 9756 9755
f 9758 9757 9755
f 9759 9758 9755
f 9760 9758 9759
f 9761 9760 9759
f 9762 9761 9759
f 9763 9760 9761
f 9764 9760 9763
f 9765 9760 9764
f 9766 9765 9764
f 9767 9766 9764
f 9768 9767 9764
f 9769 9767 9768
f 9770 9769 9768
f 9771 9769 9770
f 9772 9771 9770
f 9773 9772 9770
f 9774 9772 9773
f 9775 9772 9774
f 9776 9772 9775
f 9777 9776 9775
f 9778 9776 9777
f 9779 9778 9777
f 9780 9778 9779
f 9781 9780 9779
f 9782 9781 9779
f 9783 9781 9782
f 9784 9783 9782
f 9785 9784 9782
f 9786 9784 9785
f 9787 9786 9785
f 9788 9786 9787
f 9789 9788 9787
f 9790 9789 9787
f 9791 9789 9790
f 9792 9791 9790
f 9793 9792 9790
f 9794 9792 9793
f 9795 9792 9794
f 9796 9795 9794
f 9797 9796 9794
f 9793 9797 9794
f 9798 9796 9797
f 9799 9798 9797
f 9800 9798 9799
f 9801 9800 9799
f 9802 9800 9801
f 9803 9800 9802
f 9804 9803 9802
f 9805 9803 9804
f 9806 9805 9804
f 9807 9806 9804
f 9808 9807 9804
f 9809 9807 9808
f 9810 9809 9808
f 9811 9807 9809
f 9812 9811 9809
f 9813 9811 9812
f 9814 9811 9813
f 9815 9811 9814
f 9816 9815 9814
f 9817 9815 9816
f 9818 9817 9816
f 9819 9817 9818
f 9820 9819 9818
f 9821 9819 9820
f 9822 9821 9820
f 9823 9822 9820
f 9824 9822 9823
f 9825 9824 9823
f 9826 9824 9825
f 9827 9826 9825
f 9828 9824 9826
f 9827 9828 9826
f 9829 9828 9827
f 9830 9829 9827
f 9831 9824 9828
f 9832 9831 9828
f 9833 9832 9828
f 9829 9833 9828
f 9834 9833 9829
f 9835 9834 9829
f 9830 9835 9829
f 9836 9835 9830
f 9837 9835 9836
f 9838 9837 9836
f 9839 9838 9836
f 9840 9839 9836
f 9841 9839 9840
f 9838 9839 9841
f 9842 9838 9841
f 9843 9842 9841
f 9844 9843 9841
f 9845 9843 9844
f 9846 9845 9844
f 9847 9846 9844
f 9848 9847 9844
f 9841 9848 9844
f 9840 9848 9841
f 9849 9848 9840
f 9850 9849 9840
f 9851 9849 9850
f 9852 9849 9851
f 9853 9852 9851
f 9854 9849 9852
f 9848 9849 9854
f 9855 9848 9854
f 9847 9848 9855
f 9856 9847 9855
f 9857 9847 9856
f 9858 9857 9856
f 9859 9858 9856
f 9860 9858 9859
f 9861 9858 9860
f 9862 9861 9860
f 9863 9862 9860
f 9864 9862 9863
f 9865 9864 9863
f 9866 9865 9863
f 9867 9865 9866
f 9868 9865 9867
f 9869 9865 9868
f 9870 9869 9868
f 9871 9870 9868
f 9872 9871 9868
f 9873 9870 9871
f 9874 9870 9873
f 9875 9874 9873
f 9876 9875 9873
f 9877 9875 9876
f 9878 9877 9876
f 9879 9877 9878
f 9880 9879 9878
f 9881 9879 9880
f 9882 9881 9880
f 9883 9882 9880
f 9884 9882 9883
f 9885 9882 9884
f 9886 9885 9884
f 9887 9885 9886
f 9888 9885 9887
f 9889 9888 9887
f 9890 9888 9889
f 9891 9888 9890
f 9892 9891 9890
f 9893 9892 9890
f 9894 9891 9892
f 9895 9894 9892
f 9896 9894 9895
f 9897 9896 9895
f 9898 9897 9895
f 9899 9897 9898
f 9900 9899 9898
f 9901 9899 9900
f 9902 9901 9900
f 9903 9902 9900
f 9904 9902 9903
f 9905 9904 9903
f 9906 9905 9903
f 9907 9904 9905
f 9908 9907 9905
f 9909 9907 9908
f 9910 9909 9908
f 9911 9909 9910
f 9912 9911 9910
f 9913 9911 9912
f 9914 9913 9912
f 9915 9911 9913
f 9916 9911 9915
f 9917 9916 9915
f 9918 9917 9915
f 9919 9917 9918
f 9920 9919 9918
f 9921 9919 9920
f 9922 9921 9920
f 9923 9921 9922
f 9924 9923 9922
f 9925 9924 9922
f 9926 9924 9925
f 9927 9923 9924
f 9928 9927 9924
f 9929 9928 9924
f 9930 9929 9924
f 9926 9930 9924
f 9931 9929 9930
f 9932 9927 9928
f 9933 9932 9928
f 9934 9932 9933
f 9935 9934 9933
f 9936 9935 9933
f 9937 9935 9936
f 9938 9937 9936
f 9939 9938 9936
f 9940 9939 9936
f 9941 9939 9940
f 9942 9941 9940
f 9943 9942 9940
f 9944 9943 9940
f 9945 9942 9943
f 9946 9942 9945
f 9947 9946 9945
f 9948 9947 9945
f 9949 9947 9948
f 9950 9949 9948
f 9951 9949 9950
f 9952 9951 9950
f 9953 9951 9952
f 9954 9953 9952
f 9955 9954 9952
f 9956 9954 9955
f 9957 9954 9956
f 9958 9957 9956
f 9959 9958 9956
f 9960 9958 9959
f 9961 9958 9960
f 9962 9961 9960
f 9963 9958 9961
f 9964 9963 9961
f 9965 9963 9964
f 9966 9963 9965
f 9967 9966 9965
f 9968 9966 9967
f 9969 9966 9968
f 9970 9969 9968
f 9971 9970 9968
f 9972 9970 9971
f 9973 9972 9971
f 9974 9973 9971
f 9975 9973 9974
f 9976 9973 9975
f 9977 9976 9975
f 9978 9977 9975
f 9979 9977 9978
f 9980 9977 9979
f 9981 9980 9979
f 9982 9981 9979
f 9983 9981 9982
f 9984 9983 9982
f 9985 9983 9984
f 9986 9983 9985
f 9987 9986 9985
f 9988 9987 9985
f 9989 9988 9985
f 9990 9988 9989
f 9991 9990 9989
f 9992 9991 9989
f 9993 9992 9989
f 9985 9993 9989
f 9984 9993 9985
f 9994 9993 9984
f 9995 9992 9993
f 9996 9992 9995
f 9997 9996 9995
f 9998 9996 9997
f 9999 9998 9997
f 10000 9998 9999
f 10001 10000 9999
f 10002 10000 10001
f 10003 10002 10001
f 10004 10002 10003
f 10005 10004 10003
f 10006 10004 10005
f 10007 10006 10005
f 10008 10004 10006
f 10009 10008 10006
f 10010 10008 10009
f 10011 10008 10010
f 10012 10011 10010
f 10013 10011 10012
f 10014 10013 10012
f 10015 10011 10013
f 10016 10015 10013
f 10014 10016 10013
f 10017 10015 10016
f 10018 10017 10016
f 10019 10018 10016
f 10020 10019 10016
f 10021 10020 10016
f 10014 10021 10016
f 10022 10021 10014
f 10023 10019 10020
f 10024 10023 10020
f 10025 10024 10020
f 10021 10025 10020
f 10026 10024 10025
f 10027 10026 10025
f 10028 10027 10025
f 10029 10028 10025
f 10030 10028 10029
f 10031 10030 10029
f 10032 10031 10029
f 10033 10030 10031
f 10034 10033 10031
f 10035 10033 10034
f 10036 10035 10034
f 10037 10035 10036
f 10038 10035 10037
f 10039 10038 10037
f 10040 10038 10039
f 10041 10040 10039
f 10042 10040 10041
f 10043 10040 10042
f 10044 10043 10042
f 10045 10043 10044
f 10046 10043 10045
f 10047 10046 10045
f 10048 10047 10045
f 10049 10047 10048
f 10050 10049 10048
f 10051 10049 10050
f 10052 10051 10050
f 10053 10052 10050
f 10054 10052 10053
f 10055 10054 10053
f 10056 10054 10055
f 10057 10054 10056
f 10058 10057 10056
f 10059 10058 10056
f 10060 10058 10059
f 10061 10060 10059
f 10062 10061 10059
f 10063 10060 10061
f 10064 10063 10061
f 10065 10063 10064
f 10066 10063 10065
f 10067 10066 10065
f 10068 10066 10067
f 10069 10068 10067
f 10070 10068 10069
f 10071 10070 10069
f 10072 10070 10071
f 10073 10072 10071
f 10074 10070 10072
f 10075 10070 10074
f 10076 10075 10074
f 10077 10076 10074
f 10078 10076 10077
f 10079 10078 10077
f 10080 10076 10078
f 10081 10076 10080
f 10082 10081 10080
f 10075 10076 10081
f 10068 10070 10075
f 10081 10068 10075
f 10066 10068 10081
f 10082 10066 10081
f 10063 10066 10082
f 10060 10063 10082
f 10080 10060 10082
f 10058 10060 10080
f 10078 10058 10080
f 10057 10058 10078
f 10079 10057 10078
f 10083 10057 10079
f 10084 10083 10079
f 10077 10084 10079
f 10085 10083 10084
f 10054 10057 10083
f 10052 10054 10083
f 10085 10052 10083
f 10051 10052 10085
f 10086 10051 10085
f 10087 10051 10086
f 10088 10087 10086
f 10089 10087 10088
f 10090 10087 10089
f 10091 10090 10089
f 10092 10091 10089
f 10093 10091 10092
f 10094 10093 10092
f 10095 10094 10092
f 10096 10094 10095
f 10097 10096 10095
f 10098 10097 10095
f 10099 10097 10098
f 10100 10099 10098
f 10101 10099 10100
f 10102 10101 10100
f 10103 10102 10100
f 10104 10102 10103
f 10105 10104 10103
f 10106 10105 10103
f 10107 10102 10104
f 10108 10107 10104
f 10109 10107 10108
f 10110 10109 10108
f 10111 10110 10108
f 10104 10111 10108
f 10112 10111 10104
f 10105 10112 10104
f 10113 10110 10111
f 10114 10110 10113
f 10115 10114 10113
f 10116 10114 10115
f 10117 10116 10115
f 10118 10117 10115
f 10119 10117 10118
f 10120 10119 10118
f 10121 10120 10118
f 10122 10120 10121
f 10123 10119 10120
f 10122 10123 10120
f 10124 10119 10123
f 10125 10124 10123
f 10126 10124 10125
f 10127 10126 10125
f 10128 10127 10125
f 10129 10128 10125
f 10130 10128 10129
f 10131 10130 10129
f 10132 10131 10129
f 10133 10131 10132
f 10134 10131 10133
f 10135 10131 10134
f 10136 10135 10134
f 10137 10135 10136
f 10138 10137 10136
f 10139 10138 10136
f 10140 10139 10136
f 10141 10139 10140
f 10142 10141 10140
f 10143 10141 10142
f 10144 10143 10142
f 10145 10143 10144
f 10146 10143 10145
f 10147 10143 10146
f 10141 10143 10147
f 10148 10137 10138
f 10149 10137 10148
f 10135 10137 10149
f 10150 10135 10149
f 10130 10131 10135
f 10150 10130 10135
f 10151 10130 10150
f 10152 10130 10151
f 10153 10152 10151
f 10154 10152 10153
f 10155 10154 10153
f 10156 10155 10153
f 10157 10155 10156
f 10158 10157 10156
f 10159 10157 10158
f 10160 10159 10158
f 10161 10159 10160
f 10162 10161 10160
f 10163 10161 10162
f 10164 10163 10162
f 10165 10163 10164
f 10166 10165 10164
f 10167 10165 10166
f 10168 10167 10166
f 10169 10168 10166
f 10170 10167 10168
f 10171 10170 10168
f 10172 10170 10171
f 10173 10170 10172
f 10174 10170 10173
f 10175 10174 10173
f 10176 10175 10173
f 10177 10174 10175
f 10167 10170 10174
f 10165 10167 10174
f 10177 10165 10174
f 10178 10165 10177
f 10163 10165 10178
f 10179 10163 10178
f 10180 10179 10178
f 10181 10179 10180
f 10182 10181 10180
f 10161 10163 10179
f 10159 10161 10179
f 10181 10159 10179
f 10157 10159 10181
f 10155 10157 10181
f 10182 10155 10181
f 10154 10155 10182
f 10128 10130 10152
f 10127 10128 10152
f 10154 10127 10152
f 10182 10127 10154
f 10126 10127 10182
f 10180 10126 10182
f 10178 10126 10180
f 10177 10126 10178
f 10124 10126 10177
f 10175 10124 10177
f 10176 10124 10175
f 10119 10124 10176
f 10117 10119 10176
f 10116 10117 10176
f 10173 10116 10176
f 10172 10116 10173
f 10114 10116 10172
f 10171 10114 10172
f 10110 10114 10171
f 10109 10110 10171
f 10168 10109 10171
f 10107 10109 10168
f 10169 10107 10168
f 10101 10102 10107
f 10169 10101 10107
f 10166 10101 10169
f 10164 10101 10166
f 10099 10101 10164
f 10162 10099 10164
f 10097 10099 10162
f 10160 10097 10162
f 10096 10097 10160
f 10158 10096 10160
f 10094 10096 10158
f 10156 10094 10158
f 10093 10094 10156
f 10153 10093 10156
f 10151 10093 10153
f 10091 10093 10151
f 10150 10091 10151
f 10090 10091 10150
f 10149 10090 10150
f 10087 10090 10149
f 10148 10087 10149
f 10051 10087 10148
f 10049 10051 10148
f 10138 10049 10148
f 10047 10049 10138
f 10139 10047 10138
f 10046 10047 10139
f 10141 10046 10139
f 10147 10046 10141
f 10043 10046 10147
f 10146 10043 10147
f 10040 10043 10146
f 10038 10040 10146
f 10145 10038 10146
f 10035 10038 10145
f 10033 10035 10145
f 10144 10033 10145
f 10030 10033 10144
f 10028 10030 10144
f 10142 10028 10144
f 10027 10028 10142
f 10140 10027 10142
f 10136 10027 10140
f 10134 10027 10136
f 10026 10027 10134
f 10133 10026 10134
f 10024 10026 10133
f 10132 10024 10133
f 10023 10024 10132
f 10183 10011 10015
f 10184 10183 10015
f 10008 10011 10183
f 10004 10008 10183
f 10002 10004 10183
f 10184 10002 10183
f 10000 10002 10184
f 9991 9992 9996
f 9981 9983 9986
f 9976 9977 9980
f 10185 9966 9969
f 9963 9966 10185
f 10185 9958 9963
f 9957 9958 10185
f 9953 9954 9957
f 9909 9911 9916
f 9891 9894 9896
f 10186 9891 9896
f 9888 9891 10186
f 9885 9888 10186
f 10187 9885 10186
f 9882 9885 10187
f 9881 9882 10187
f 9864 9865 9869
f 9846 9847 9857
f 9837 9838 9842
f 10188 9832 9833
f 10189 9832 10188
f 10190 10189 10188
f 10191 10190 10188
f 10192 10190 10191
f 10193 10190 10192
f 10194 10190 10193
f 10189 10190 10194
f 9831 9832 10189
f 9822 9824 9831
f 9821 9822 9831
f 10189 9821 9831
f 10194 9821 10189
f 9819 9821 10194
f 10193 9819 10194
f 9817 9819 10193
f 9807 9811 9815
f 9806 9807 9815
f 9817 9806 9815
f 10193 9806 9817
f 9805 9806 10193
f 9791 9792 9795
f 9788 9789 9791
f 10195 9778 9780
f 10196 9778 10195
f 10197 10196 10195
f 9776 9778 10196
f 9771 9772 9776
f 10196 9771 9776
f 9769 9771 10196
f 10197 9769 10196
f 9767 9769 10197
f 9766 9767 10197
f 9758 9760 9765
f 9742 9745 9749
f 9740 9742 9749
f 9750 9740 9749
f 9739 9740 9750
f 9752 9739 9750
f 9729 9730 9737
f 9714 9716 9719
f 10198 9675 9676
f 10199 9675 10198
f 10200 10199 10198
f 9663 9665 9675
f 10199 9663 9675
f 9661 9663 10199
f 9659 9661 10199
f 10200 9659 10199
f 9657 9659 10200
f 9656 9657 10200
f 9642 9643 9648
f 9629 9630 9635
f 9637 9629 9635
f 9610 9611 9614
f 9618 9610 9614
f 9606 9607 9610
f 9618 9606 9610
f 9587 9588 9591
f 9577 9578 9582
f 9562 9566 9569
f 9550 9552 9558
f 10201 9535 9540
f 9536 9535 10201
f 10202 10203 10204
f 10205 10203 10202
f 9516 9517 9521
f 9502 9496 9498
f 9459 9461 9468
f 10206 9459 9468
f 9458 9459 10206
f 9446 9447 9449
f 10207 9443 9445
f 9442 9443 10207
f 10208 9442 10207
f 10209 10208 10207
f 10210 10209 10207
f 10211 10208 10209
f 10212 10208 10211
f 9441 9442 10208
f 10212 9441 10208
f 9431 9432 9441
f 10212 9431 9441
f 9429 9431 10212
f 9425 9426 9429
f 10212 9425 9429
f 10211 9425 10212
f 9423 9425 10211
f 10209 9423 10211
f 9421 9423 10209
f 10210 9421 10209
f 9420 9421 10210
f 9413 9414 9418
f 9408 9410 9413
f 9386 9388 9391
f 10213 9351 9354
f 9348 9351 10213
f 9345 9348 10213
f 9344 9345 10213
f 9354 9344 10213
f 9330 9331 9335
f 10214 9260 9262
f 10215 10214 9262
f 9253 9255 9260
f 10214 9253 9260
f 9250 9253 10214
f 10215 9250 10214
f 9249 9250 10215
f 10216 9249 10215
f 9247 9249 10216
f 9240 9242 9247
f 10216 9240 9247
f 9238 9240 10216
f 10217 9220 9222
f 10218 9220 10217
f 9217 9220 10218
f 9209 9217 10218
f 9207 9209 10218
f 10217 9207 10218
f 9204 9207 10217
f 9203 9204 10217
f 9222 9203 10217
f 9224 9203 9222
f 9201 9203 9224
f 9180 9183 9187
f 9179 9180 9187
f 9148 9150 9154
f 9147 9148 9154
f 9157 9147 9154
f 9146 9147 9157
f 9010 9013 9016
f 8989 8990 8995
f 8985 8986 8989
f 8950 8951 8954
f 8956 8950 8954
f 8924 8925 8929
f 8861 8862 8868
f 8815 8812 8813
f 8780 8781 8788
f 8795 8780 8788
f 8799 8780 8795
f 8778 8780 8799
f 8801 8778 8799
f 8776 8778 8801
f 8803 8776 8801
f 8775 8776 8803
f 10219 8737 8744
f 8734 8737 10219
f 8733 8734 10219
f 8708 8711 8714
f 8689 8690 8693
f 8675 8676 8679
f 8650 8652 8656
f 8649 8650 8656
f 8560 8561 8628
f 8540 8541 8543
f 8535 8537 8539
f 10220 8523 8526
f 8522 8523 10220
f 8499 8500 8503
f 10221 8447 8451
f 8444 8447 10221
f 8443 8444 10221
f 10222 8431 8432
f 10223 8431 10222
f 10224 8431 10223
f 10225 10224 10223
f 10226 10224 10225
f 10227 10226 10225
f 10228 10226 10227
f 10229 10228 10227
f 10230 10228 10229
f 10231 10230 10229
f 10232 10230 10231
f 10233 10232 10231
f 10234 10232 10233
f 10235 10234 10233
f 10236 10235 10233
f 10237 10235 10236
f 10238 10237 10236
f 10239 10237 10238
f 10240 10239 10238
f 10241 10239 10240
f 10242 10241 10240
f 10243 10242 10240
f 10244 10242 10243
f 10245 10244 10243
f 10246 10245 10243
f 10247 10245 10246
f 10248 10245 10247
f 10249 10248 10247
f 10250 10248 10249
f 10251 10250 10249
f 10252 10250 10251
f 10253 10252 10251
f 10254 10252 10253
f 10255 10254 10253
f 10256 10254 10255
f 10257 10254 10256
f 10258 10252 10254
f 10259 10258 10254
f 10260 10259 10254
f 10261 10259 10260
f 10262 10263 10264
f 10265 10263 10262
f 10266 10265 10262
f 10267 10265 10266
f 10268 10267 10266
f 10269 10268 10266
f 10270 10268 10269
f 10271 10270 10269
f 10272 10268 10270
f 10273 10272 10270
f 10274 10272 10273
f 10275 10274 10273
f 10276 10274 10275
f 4849 10276 10275
f 10277 4849 10275
f 4847 4849 10277
f 10278 10276 4849
f 10279 10278 4849
f 10280 10278 10279
f 10281 10280 10279
f 10282 10281 10279
f 10283 10281 10282
f 10284 10283 10282
f 10285 10284 10282
f 10286 10287 10288
f 10289 10286 10288
f 10290 10286 10289
f 10291 10290 10289
f 10292 10291 10289
f 10293 10291 10292
f 10294 10293 10292
f 10295 10294 10292
f 10296 10294 10295
f 10297 10296 10295
f 10298 10296 10297
f 10299 10298 10297
f 10300 10299 10297
f 10301 10298 10299
f 10302 10301 10299
f 10303 10301 10302
f 10304 10303 10302
f 10305 10303 10304
f 10306 10303 10305
f 10307 10303 10306
f 10308 10307 10306
f 10309 10308 10306
f 10305 10309 10306
f 10310 10309 10305
f 10311 10310 10305
f 10312 10311 10305
f 10304 10312 10305
f 10313 10310 10311
f 10314 10313 10311
f 10315 10314 10311
f 10316 10314 10315
f 10317 10314 10316
f 10318 10317 10316
f 10319 10317 10318
f 10320 10319 10318
f 10321 10320 10318
f 10322 10320 10321
f 10323 10324 10325
f 10326 10323 10325
f 10327 10323 10326
f 10328 10327 10326
f 10329 10330 10331
f 10332 10329 10331
f 10333 10330 10329
f 10334 10333 10329
f 10335 10333 10334
f 10336 10335 10334
f 10337 10335 10336
f 10338 10337 10336
f 10339 10337 10338
f 10340 10339 10338
f 10341 10339 10340
f 10342 10341 10340
f 10343 10342 10340
f 10344 10342 10343
f 10345 10342 10344
f 10346 10342 10345
f 10347 10346 10345
f 10348 10346 10347
f 10349 10348 10347
f 10350 10349 10347
f 10351 10349 10350
f 10352 10351 10350
f 10353 10349 10351
f 10354 10353 10351
f 10355 10353 10354
f 10356 10353 10355
f 10357 10356 10355
f 10358 10357 10355
f 10359 10358 10355
f 10360 10358 10359
f 10361 10360 10359
f 10362 10361 10359
f 10363 10361 10362
f 10364 10361 10363
f 10365 10364 10363
f 10366 10365 10363
f 10367 10365 10366
f 10368 10367 10366
f 10369 10367 10368
f 10370 10367 10369
f 10371 10370 10369
f 10372 10371 10369
f 10373 10372 10369
f 10368 10373 10369
f 10374 10373 10368
f 10375 10374 10368
f 10376 10372 10373
f 10377 10372 10376
f 10378 10377 10376
f 10379 10377 10378
f 10380 10379 10378
f 10381 10377 10379
f 10382 10381 10379
f 10383 10382 10379
f 10380 10383 10379
f 10384 10383 10380
f 10385 10384 10380
f 10386 10384 10385
f 10387 10386 10385
f 10388 10386 10387
f 10389 10388 10387
f 10390 10388 10389
f 10391 10390 10389
f 10392 10391 10389
f 10393 10391 10392
f 10394 10391 10393
f 10395 10394 10393
f 10396 10394 10395
f 10397 10396 10395
f 10398 10397 10395
f 10399 10397 10398
f 10400 10397 10399
f 10401 10396 10397
f 10402 10401 10397
f 10400 10402 10397
f 10403 10401 10402
f 10404 10401 10403
f 10405 10401 10404
f 10396 10401 10405
f 10394 10396 10405
f 10406 10394 10405
f 10407 10406 10405
f 10408 10407 10405
f 10409 10406 10407
f 10410 10409 10407
f 10408 10410 10407
f 10391 10394 10406
f 10409 10391 10406
f 10390 10391 10409
f 10411 10388 10390
f 10409 10411 10390
f 10412 10388 10411
f 10386 10388 10412
f 10413 10386 10412
f 10414 10413 10412
f 10415 10414 10412
f 10411 10415 10412
f 10416 10415 10411
f 10417 10415 10416
f 10418 10417 10416
f 10419 10418 10416
f 10420 10418 10419
f 10421 10420 10419
f 10422 10418 10420
f 10423 10418 10422
f 10417 10418 10423
f 10424 10417 10423
f 10425 10417 10424
f 10426 10425 10424
f 10427 10425 10426
f 10428 10427 10426
f 10429 10427 10428
f 10430 10429 10428
f 10431 10429 10430
f 10432 10429 10431
f 10433 10425 10427
f 10434 10433 10427
f 10435 10434 10427
f 10429 10435 10427
f 10436 10435 10429
f 10432 10436 10429
f 10437 10435 10436
f 10438 10435 10437
f 10439 10438 10437
f 10440 10438 10439
f 10441 10440 10439
f 10442 10441 10439
f 10443 10441 10442
f 10444 10443 10442
f 10445 10443 10444
f 10446 10445 10444
f 10447 10445 10446
f 10448 10447 10446
f 10449 10447 10448
f 10450 10449 10448
f 10451 10449 10450
f 10452 10451 10450
f 10453 10451 10452
f 10454 10453 10452
f 10455 10454 10452
f 10456 10451 10453
f 10457 10451 10456
f 10458 10457 10456
f 10459 10458 10456
f 10460 10458 10459
f 10461 10458 10460
f 10462 10461 10460
f 10463 10461 10462
f 10464 10461 10463
f 10465 10464 10463
f 10466 10465 10463
f 10467 10466 10463
f 10468 10466 10467
f 10469 10468 10467
f 10470 10466 10468
f 10471 10466 10470
f 10465 10466 10471
f 10472 10465 10471
f 10473 10472 10471
f 10474 10472 10473
f 10475 10474 10473
f 10476 10474 10475
f 10477 10476 10475
f 10478 10474 10476
f 10479 10478 10476
f 10480 10478 10479
f 10481 10478 10480
f 10482 10478 10481
f 10483 10482 10481
f 10484 10482 10483
f 10485 10484 10483
f 10486 10484 10485
f 10487 10484 10486
f 10474 10478 10482
f 10472 10474 10482
f 10484 10472 10482
f 10464 10465 10472
f 10449 10451 10457
f 10488 10438 10440
f 10489 10488 10440
f 10490 10488 10489
f 10491 10488 10490
f 10434 10435 10438
f 10488 10434 10438
f 10491 10434 10488
f 10433 10434 10491
f 10415 10417 10425
f 10433 10415 10425
f 10414 10415 10433
f 10491 10414 10433
f 10413 10414 10491
f 10490 10413 10491
f 10384 10386 10413
f 10490 10384 10413
f 10383 10384 10490
f 10489 10383 10490
f 10382 10383 10489
f 10492 10361 10364
f 10360 10361 10492
f 10493 10360 10492
f 10358 10360 10493
f 10494 10358 10493
f 10357 10358 10494
f 10495 10357 10494
f 10496 10495 10494
f 10497 10495 10496
f 10498 10497 10496
f 10499 10497 10498
f 10500 10499 10498
f 10501 10499 10500
f 10502 10501 10500
f 10503 10501 10502
f 10504 10503 10502
f 10505 10504 10502
f 10506 10504 10505
f 10507 10506 10505
f 10508 10506 10507
f 10509 10508 10507
f 10510 10508 10509
f 10511 10508 10510
f 10512 10508 10511
f 10513 10508 10512
f 10514 10513 10512
f 10515 10514 10512
f 10516 10514 10515
f 10517 10516 10515
f 10518 10517 10515
f 10512 10518 10515
f 10519 10518 10512
f 10511 10519 10512
f 10520 10519 10511
f 10521 10520 10511
f 10522 10518 10519
f 10523 10518 10522
f 10524 10523 10522
f 10525 10524 10522
f 10526 10523 10524
f 10527 10523 10526
f 10528 10527 10526
f 10529 10527 10528
f 10530 10529 10528
f 10531 10530 10528
f 10532 10530 10531
f 10533 10532 10531
f 10534 10530 10532
f 10535 10534 10532
f 10536 10534 10535
f 10537 10536 10535
f 10538 10537 10535
f 10539 10537 10538
f 10540 10537 10539
f 10541 10540 10539
f 10542 10540 10541
f 10543 10542 10541
f 10544 10542 10543
f 10545 10544 10543
f 10546 10544 10545
f 10547 10546 10545
f 10548 10546 10547
f 10549 10546 10548
f 10550 10549 10548
f 10551 10546 10549
f 10552 10551 10549
f 10550 10552 10549
f 10553 10552 10550
f 10554 10551 10552
f 10544 10546 10551
f 10542 10544 10551
f 10554 10542 10551
f 10540 10542 10554
f 10537 10540 10554
f 10536 10537 10554
f 10552 10536 10554
f 10534 10536 10552
f 10553 10534 10552
f 10530 10534 10553
f 10529 10530 10553
f 10517 10518 10523
f 10527 10517 10523
f 10529 10517 10527
f 10516 10517 10529
f 10553 10516 10529
f 10550 10516 10553
f 10514 10516 10550
f 10548 10514 10550
f 10513 10514 10548
f 10547 10513 10548
f 10508 10513 10547
f 10506 10508 10547
f 10545 10506 10547
f 10504 10506 10545
f 10543 10504 10545
f 10503 10504 10543
f 10541 10503 10543
f 10501 10503 10541
f 10539 10501 10541
f 10499 10501 10539
f 10538 10499 10539
f 10497 10499 10538
f 10555 10497 10538
f 10495 10497 10555
f 10556 10495 10555
f 10557 10556 10555
f 10357 10495 10556
f 10356 10357 10556
f 10349 10353 10356
f 10348 10349 10356
f 10556 10348 10356
f 10557 10348 10556
f 10346 10348 10557
f 10341 10342 10346
f 10558 10330 10333
f 10301 10303 10307
f 8425 8431 10224
f 8424 8425 10224
f 10226 8424 10224
f 10559 8414 8416
f 10560 8414 10559
f 8412 8414 10560
f 8407 8409 8412
f 10560 8407 8412
f 8405 8407 10560
f 8402 8405 10560
f 10559 8402 10560
f 8401 8402 10559
f 10561 8396 8397
f 10562 8396 10561
f 8395 8396 10562
f 8360 8361 8391
f 8348 8349 8352
f 8320 8322 8326
f 8308 8309 8313
f 8286 8289 8292
f 8271 8270 8275
f 10563 8264 8265
f 8253 8254 8257
f 8242 8244 8246
f 8198 8199 8201
f 8193 8194 8197
f 10564 8135 8139
f 8132 8135 10564
f 8131 8132 10564
f 8103 8104 8108
f 8072 8074 8076
f 8057 8059 8063
f 8043 8045 8048
f 10565 7989 7991
f 7986 7989 10565
f 10566 7986 10565
f 7984 7986 10566
f 10567 7984 10566
f 7983 7984 10567
f 10568 7983 10567
f 10569 7983 10568
f 10570 10569 10568
f 10571 10570 10568
f 10572 10570 10571
f 10573 10572 10571
f 10574 10572 10573
f 10575 10572 10574
f 10576 10575 10574
f 10577 10576 10574
f 10578 10575 10576
f 10579 10578 10576
f 10580 10578 10579
f 10581 10580 10579
f 10582 10580 10581
f 10583 10580 10582
f 10584 10583 10582
f 10585 10584 10582
f 10586 10584 10585
f 10587 10586 10585
f 10588 10586 10587
f 10589 10586 10588
f 10590 10586 10589
f 10584 10586 10590
f 10591 10584 10590
f 10592 10591 10590
f 10593 10591 10592
f 10594 10593 10592
f 10595 10594 10592
f 10596 10595 10592
f 10597 10595 10596
f 10598 10595 10597
f 10599 10593 10594
f 10600 10591 10593
f 10601 10591 10600
f 10583 10584 10591
f 10601 10583 10591
f 10580 10583 10601
f 10578 10580 10601
f 10575 10578 10601
f 10600 10575 10601
f 10572 10575 10600
f 10570 10572 10600
f 10593 10570 10600
f 10599 10570 10593
f 10569 10570 10599
f 7981 7983 10569
f 10599 7981 10569
f 7980 7981 10599
f 10594 7980 10599
f 7979 7980 10594
f 10595 7979 10594
f 7975 7977 7979
f 7315 7316 7327
f 7310 7311 7314
f 7302 7303 7310
f 10602 7287 7286
f 7250 7251 7254
f 7230 7231 7236
f 10603 7217 7219
f 7214 7217 10603
f 7213 7214 10603
f 7205 7206 7209
f 7190 7191 7199
f 7169 7171 7175
f 7158 7159 7162
f 7134 7135 7139
f 7120 7121 7124
f 7100 7103 7106
f 7098 7100 7106
f 7084 7085 7088
f 7072 7073 7076
f 7079 7072 7076
f 7068 7069 7072
f 7079 7068 7072
f 7081 7068 7079
f 7067 7068 7081
f 7083 7067 7081
f 7058 7059 7063
f 6952 6954 6957
f 6959 6952 6957
f 6961 6952 6959
f 6951 6952 6961
f 6962 6951 6961
f 6913 6915 6919
f 6924 6913 6919
f 6911 6913 6924
f 6862 6863 6867
f 10604 6860 6862
f 6851 6853 6860
f 10604 6851 6860
f 6849 6851 10604
f 6848 6849 10604
f 6803 6804 6807
f 6749 6750 6753
f 6734 6737 6742
f 6733 6734 6742
f 6744 6733 6742
f 10605 6699 6701
f 10606 6699 10605
f 6698 6699 10606
f 10607 6698 10606
f 10608 10607 10606
f 10609 10607 10608
f 10610 10609 10608
f 10611 10609 10610
f 10612 10609 10611
f 10613 10612 10611
f 10614 10612 10613
f 10615 10614 10613
f 10616 10614 10615
f 10617 10616 10615
f 10618 10616 10617
f 10619 10618 10617
f 10620 10618 10619
f 10621 10620 10619
f 10622 10620 10621
f 10623 10620 10622
f 10624 10623 10622
f 10625 10624 10622
f 10626 10624 10625
f 10627 10626 10625
f 10628 10626 10627
f 10629 10630 10631
f 10632 10630 10629
f 10633 10632 10629
f 10634 10633 10629
f 10635 10633 10634
f 10636 10633 10635
f 10637 10636 10635
f 10638 10637 10635
f 10639 10637 10638
f 10640 10639 10638
f 10641 10637 10639
f 10642 10641 10639
f 10640 10642 10639
f 10643 10642 10640
f 10644 10637 10641
f 10636 10637 10644
f 10645 10636 10644
f 10646 10636 10645
f 10647 10646 10645
f 10648 10646 10647
f 10649 10646 10648
f 10650 10649 10648
f 10651 10650 10648
f 10652 10650 10651
f 10653 10650 10652
f 10654 10653 10652
f 10655 10653 10654
f 10656 10653 10655
f 10649 10650 10653
f 10656 10649 10653
f 10633 10636 10646
f 10649 10633 10646
f 10632 10633 10649
f 10656 10632 10649
f 10630 10632 10656
f 10657 6640 6642
f 6629 6631 6635
f 6638 6629 6635
f 6628 6629 6638
f 6640 6628 6638
f 10657 6628 6640
f 6625 6628 10657
f 6611 6612 6615
f 10658 6600 6607
f 6598 6600 10658
f 6593 6598 10658
f 6592 6593 10658
f 6589 6590 6592
f 6548 6549 6552
f 6477 6478 6480
f 6471 6473 6476
f 6466 6467 6469
f 6438 6439 6442
f 6418 6419 6426
f 10659 6382 6385
f 6381 6382 10659
f 10660 6359 6362
f 6365 10660 6362
f 6356 6359 10660
f 6354 6356 10660
f 6343 6345 6349
f 6326 6328 6330
f 6307 6313 6318
f 6306 6307 6318
f 10661 6275 6277
f 10662 6275 10661
f 6273 6275 10662
f 10663 6273 10662
f 6270 6273 10663
f 6269 6270 10663
f 6236 6238 6267
f 6234 6236 6267
f 6269 6234 6267
f 6232 6234 6269
f 10663 6232 6269
f 6230 6232 10663
f 10662 6230 10663
f 6229 6230 10662
f 10661 6229 10662
f 6140 6141 6144
f 6097 6098 6106
f 6089 6090 6092
f 6077 6079 6085
f 10664 6059 6062
f 6058 6059 10664
f 10665 6029 6033
f 6027 6029 10665
f 5989 5990 5993
f 5984 5986 5987
f 4846 5953 5954
f 5943 5944 5947
f 5916 5919 5923
f 5860 5861 5867
f 5871 5860 5867
f 5754 5755 5764
f 10666 5731 5733
f 5730 5731 10666
f 5723 5727 5730
f 5721 5723 5730
f 10666 5721 5730
f 5719 5721 10666
f 5705 5699 5701
f 5691 5692 5696
f 5681 5682 5685
f 10667 5671 5674
f 5670 5671 10667
f 5655 5656 5659
f 5662 5655 5659
f 5665 5655 5662
f 5643 5644 5647
f 5619 5615 5616
f 5608 5609 5612
f 5561 5562 5578
f 5532 5533 5535
f 10668 5522 5524
f 10669 5522 10668
f 10670 10669 10668
f 10671 10670 10668
f 10672 10670 10671
f 5505 5509 5522
f 10669 5505 5522
f 5506 5505 10669
f 10673 5502 5504
f 5488 5489 5493
f 5478 5479 5481
f 10674 5384 10675
f 5381 5384 10674
f 5380 5381 10674
f 5313 5315 5320
f 5312 5313 5320
f 5289 5290 5294
f 5266 5267 5270
f 10676 5172 5176
f 5170 5172 10676
f 5167 5170 10676
f 5164 5167 10676
f 5163 5164 10676
f 5176 5163 10676
f 5129 5128 5135
f 10677 5129 5135
f 5126 5129 10677
f 5116 5120 5123
f 5073 5074 5078
f 4977 4979 4981
f 4973 4974 4977
f 10678 4920 4922
f 4907 4909 4914
f 10679 4907 4914
f 4897 4900 4907
f 10680 4888 4890
f 4883 4888 10680
f 4882 4883 10680
f 4844 4845 10681
f 4773 4774 4778
f 10682 4748 4751
f 4746 4748 10682
f 4729 4724 4723
f 4679 4680 4683
f 4685 4679 4683
f 10683 4668 4670
f 4667 4668 10683
f 4661 4663 4666
f 4639 4640 4643
f 4618 4619 4622
f 10684 4614 4616
f 10685 10684 4616
f 10686 10684 10685
f 10687 10686 10685
f 10688 10686 10687
f 10689 10686 10688
f 10690 10686 10689
f 10691 10690 10689
f 10692 10690 10691
f 10693 10692 10691
f 10694 10692 10693
f 10695 10694 10693
f 10696 10694 10695
f 10697 10696 10695
f 10698 10694 10696
f 10699 10694 10698
f 10700 10699 10698
f 10701 10699 10700
f 10702 10701 10700
f 10703 10701 10702
f 10704 10703 10702
f 10705 10704 10702
f 10706 10701 10703
f 10707 10701 10706
f 10708 10701 10707
f 10699 10701 10708
f 10692 10694 10699
f 10690 10692 10699
f 10708 10690 10699
f 10686 10690 10708
f 10707 10686 10708
f 4591 4593 4613
f 4529 4530 4565
f 4516 4517 4521
f 4513 4510 4511
f 4503 4502 4508
f 4493 4495 4498
f 4469 4470 10709
f 10710 4464 4468
f 10711 4464 10710
f 10712 10711 10710
f 10713 10712 10710
f 10714 10712 10713
f 10715 10712 10714
f 10716 10715 10714
f 10717 10715 10716
f 10711 10712 10715
f 10717 10711 10715
f 10718 10711 10717
f 4465 4464 10711
f 10718 4465 10711
f 4460 4462 10716
f 10714 4460 10716
f 4458 4460 10714
f 10713 4458 10714
f 4456 4458 10713
f 4454 4456 10713
f 10710 4454 10713
f 4453 4454 10710
f 4468 4453 10710
f 10719 4448 4450
f 4446 4448 10719
f 4445 4446 10719
f 10720 4443 4444
f 4342 4345 4349
f 4341 4342 4349
f 4312 4313 4316
f 4319 4312 4316
f 10721 4296 4298
f 10722 10721 4298
f 10723 10721 10722
f 10724 10721 10723
f 10725 10724 10723
f 4294 4296 10721
f 10724 4294 10721
f 4292 4294 10724
f 4290 4292 10724
f 10725 4290 10724
f 4288 4290 10725
f 4287 4288 10725
f 4286 4287 10725
f 10723 4286 10725
f 10722 4286 10723
f 4285 4286 10722
f 4272 4273 4279
f 4262 4258 4260
f 4230 4231 4233
f 4213 4215 4218
f 4168 4169 4176
f 4178 4168 4176
f 4163 4164 4168
f 10726 4161 4162
f 4156 4157 4161
f 4139 4141 4150
f 4152 4139 4150
f 4138 4139 4152
f 4154 4138 4152
f 4136 4138 4154
f 4156 4136 4154
f 4135 4136 4156
f 4161 4135 4156
f 4134 4135 4161
f 10726 4134 4161
f 4128 4131 4134
f 10726 4128 4134
f 4127 4128 10726
f 4162 4127 10726
f 4029 4030 4033
f 10727 4025 4028
f 4024 4025 10727
f 10728 4007 4006
f 3986 3987 3997
f 3978 3980 3983
f 3961 3962 10729
f 2733 2735 2738
f 2726 2727 2731
f 10730 2696 2698
f 2692 2693 2696
f 2679 2680 2684
f 2686 2679 2684
f 10731 2654 2657
f 2659 10731 2657
f 2652 2654 10731
f 10732 2652 10731
f 10733 10732 10731
f 2649 2652 10732
f 2647 2649 10732
f 10733 2647 10732
f 2645 2647 10733
f 2613 2615 2621
f 2539 2540 2545
f 2462 2464 2468
f 10734 2457 2458
f 10735 2457 10734
f 10736 10735 10734
f 10737 10735 10736
f 10738 10737 10736
f 10739 10737 10738
f 10740 10739 10738
f 10741 10740 10738
f 10742 10740 10741
f 10743 10742 10741
f 10744 10743 10741
f 10745 10742 10743
f 10746 10745 10743
f 10747 10740 10742
f 10748 10740 10747
f 10749 10748 10747
f 10750 10748 10749
f 10751 10750 10749
f 10752 10751 10749
f 10753 10751 10752
f 10754 10751 10753
f 10755 10754 10753
f 10756 10754 10755
f 10757 10756 10755
f 10758 10756 10757
f 10759 10758 10757
f 10760 10756 10758
f 10754 10756 10760
f 10761 10754 10760
f 10762 10761 10760
f 10763 10761 10762
f 10764 10763 10762
f 10751 10754 10761
f 10750 10751 10761
f 10763 10750 10761
f 10739 10740 10748
f 10750 10739 10748
f 10763 10739 10750
f 10737 10739 10763
f 10764 10737 10763
f 10735 10737 10764
f 2457 10735 10764
f 2456 2457 10764
f 10762 2456 10764
f 2454 2456 10762
f 10760 2454 10762
f 10758 2454 10760
f 2453 2454 10758
f 10759 2453 10758
f 2447 2453 10759
f 2444 2447 10759
f 2443 2444 10759
f 10757 2443 10759
f 2441 2443 10757
f 10755 2441 10757
f 2440 2441 10755
f 10753 2440 10755
f 2434 2435 2440
f 10753 2434 2440
f 10752 2434 10753
f 2432 2434 10752
f 2431 2432 10752
f 10749 2431 10752
f 10747 2431 10749
f 2430 2431 10747
f 10742 2430 10747
f 10745 2430 10742
f 2426 2430 10745
f 10746 2426 10745
f 2425 2426 10746
f 2383 2385 2391
f 2368 2369 2375
f 2313 2314 2345
f 2347 2313 2345
f 2288 2290 2296
f 2148 2149 2153
f 2159 2148 2153
f 2144 2145 2148
f 2159 2144 2148
f 2161 2144 2159
f 2142 2144 2161
f 2163 2142 2161
f 2140 2142 2163
f 2165 2140 2163
f 2117 2119 2123
f 10765 2095 2097
f 10766 2095 10765
f 2092 2095 10766
f 2090 2092 10766
f 10767 2090 10766
f 2087 2090 10767
f 2084 2087 10767
f 2083 2084 10767
f 10766 2083 10767
f 10765 2083 10766
f 2081 2083 10765
f 2017 2018 2024
f 10768 2015 2017
f 10768 2014 2015
f 2008 2009 2012
f 2001 2004 2007
f 1996 1997 2001
f 1991 1993 1995
f 1837 1838 1969
f 1971 1837 1969
f 1828 1829 1833
f 1816 1819 1822
f 1814 1816 1822
f 1800 1801 1803
f 1771 1773 1788
f 1770 1771 1788
f 10769 1752 1754
f 1751 1752 10769
f 1744 1746 1751
f 1742 1744 1751
f 10769 1742 1751
f 1741 1742 10769
f 1719 1722 1725
f 1708 1709 1713
f 1661 1662 1665
f 10770 1651 1653
f 10771 10770 1653
f 10772 1651 10770
f 1650 1651 10772
f 1623 1625 1627
f 1533 1534 1535
f 1499 1501 1505
f 1498 1499 1505
f 1470 1474 1477
f 1469 1470 1477
f 1396 1397 1403
f 1377 1379 1378
f 1384 1377 1378
f 1319 1320 1324
f 1301 1303 1308
f 10773 1294 1298
f 1293 1294 10773
f 1266 1268 1273
f 1259 1260 1263
f 1249 1251 1254
f 1226 1227 1229
f 10774 1200 1201
f 10775 1200 10774
f 10776 1200 10775
f 10777 10776 10775
f 10778 10777 10775
f 1197 1200 10776
f 1196 1197 10776
f 10777 1196 10776
f 1190 1193 1196
f 10777 1190 1196
f 1189 1190 10777
f 10778 1189 10777
f 1188 1189 10778
f 1163 1164 1167
f 1154 1156 1159
f 1107 1110 1113
f 1106 1107 1113
f 10779 1071 1072
f 1074 10779 1072
f 10780 1071 10779
f 1065 1066 1071
f 10780 1065 1071
f 10781 1065 10780
f 1064 1065 10781
f 1052 1062 1064
f 1049 1052 1064
f 10781 1049 1064
f 1048 1049 10781
f 10780 1048 10781
f 10779 1048 10780
f 10782 1031 1033
f 988 989 993
f 10783 981 983
f 10784 10783 983
f 980 981 10783
f 883 885 892
f 796 798 801
f 783 784 787
f 10785 754 756
f 10786 754 10785
f 754 750 751
f 10786 750 754
f 10787 749 750
f 10786 10787 750
f 10788 749 10787
f 10789 10788 10787
f 10790 749 10788
f 10791 10790 10788
f 10792 10790 10791
f 10793 10792 10791
f 10794 10793 10791
f 10795 10793 10794
f 10796 10795 10794
f 10797 10795 10796
f 10798 10795 10797
f 10799 10798 10797
f 10800 10790 10792
f 10801 10800 10792
f 748 749 10790
f 10800 748 10790
f 745 748 10800
f 743 745 10800
f 10801 743 10800
f 739 743 10801
f 738 739 10801
f 10792 738 10801
f 10793 738 10792
f 736 738 10793
f 10795 736 10793
f 10798 736 10795
f 735 736 10798
f 10802 697 699
f 695 697 10802
f 694 695 10802
f 669 670 675
f 630 631 637
f 608 610 613
f 593 595 597
f 10803 561 564
f 10804 561 10803
f 560 561 10804
f 10805 560 10804
f 558 560 10805
f 10806 558 10805
f 557 558 10806
f 523 520 521
f 506 507 511
f 486 483 484
f 490 483 486
f 410 411 415
f 390 391 394
f 10807 379 382
f 378 379 10807
f 324 325 328
f 10808 324 328
f 272 274 324
f 10808 272 324
f 270 272 10808
f 255 251 253
f 207 208 211
f 159 160 162
f 168 159 162
f 152 149 150
f 124 126 129
f 95 97 100
f 71 72 76
f 26 27 31
f 5 10809 1
f 3791 3845 3842
f 3788 3791 3842
f 3787 3788 3842
f 3841 3787 3842
f 3782 3787 3841
f 3839 3782 3841
f 3780 3782 3839
f 3837 3780 3839
f 3778 3780 3837
f 3835 3778 3837
f 3777 3778 3835
f 3832 3777 3835
f 3833 3777 3832
f 3774 3777 3833
f 3771 3774 3833
f 3765 3771 3833
f 3830 3765 3833
f 3763 3765 3830
f 3762 3763 3830
f 3827 3762 3830
f 3826 3762 3827
f 3761 3762 3826
f 3823 3761 3826
f 3820 3761 3823
f 3759 3761 3820
f 3819 3759 3820
f 3758 3759 3819
f 3818 3758 3819
f 3756 3758 3818
f 3815 3756 3818
f 3813 3756 3815
f 3755 3756 3813
f 3812 3755 3813
f 3752 3755 3812
f 3810 3752 3812
f 3749 3752 3810
f 3748 3749 3810
f 3808 3748 3810
f 3747 3748 3808
f 3805 3747 3808
f 3806 3747 3805
f 3746 3747 3806
f 3931 3746 3806
f 3806 3726 3931
f 3804 3726 3806
f 3724 3726 3804
f 3801 3724 3804
f 3723 3724 3801
f 3799 3723 3801
f 3797 3723 3799
f 3722 3723 3797
f 3794 3722 3797
f 3790 3722 3794
f 3789 3722 3790
f 3720 3722 3789
f 3719 3720 3789
f 3786 3719 3789
f 3785 3719 3786
f 3718 3719 3785
f 3710 3718 3785
f 3784 3710 3785
f 3708 3710 3784
f 3707 3708 3784
f 3781 3707 3784
f 3779 3707 3781
f 3706 3707 3779
f 3776 3706 3779
f 3775 3706 3776
f 3703 3706 3775
f 3702 3703 3775
f 3772 3702 3775
f 3773 3702 3772
f 3699 3702 3773
f 3693 3699 3773
f 3692 3693 3773
f 3770 3692 3773
f 3769 3692 3770
f 3689 3692 3769
f 3767 3689 3769
f 3687 3689 3767
f 3768 3687 3767
f 3933 3687 3768
f 3638 3659 3657
f 3632 3638 3657
f 3630 3632 3657
f 3656 3630 3657
f 3629 3630 3656
f 3653 3629 3656
f 3654 3629 3653
f 3626 3629 3654
f 3624 3626 3654
f 3623 3624 3654
f 3652 3623 3654
f 3650 3623 3652
f 3621 3623 3650
f 3648 3621 3650
f 3647 3621 3648
f 3620 3621 3647
f 913 909 906
f 746 744 741
f 563 556 554
f 683 678 673
f 673 686 683
f 2710 2705 2702
f 7611 7873 7869
f 7608 7611 7869
f 7607 7608 7869
f 7867 7607 7869
f 7605 7607 7867
f 7603 7605 7867
f 7865 7603 7867
f 7602 7603 7865
f 7602 7865 7638
f 7640 7602 7638
f 7599 7602 7640
f 7598 7599 7640
f 7641 7598 7640
f 7646 7598 7641
f 7595 7598 7646
f 7864 7595 7646
f 7594 7595 7864
f 7979 10595 10598
f 7975 7979 10598
f 7972 7975 10598
f 7969 7972 10598
f 7966 7969 10598
f 10597 7966 10598
f 7965 7966 10597
f 10596 7965 10597
f 7964 7965 10596
f 10592 7964 10596
f 10590 7964 10592
f 10589 7964 10590
f 7961 7964 10589
f 10588 7961 10589
f 7959 7961 10588
f 10587 7959 10588
f 7955 7959 10587
f 7954 7955 10587
f 10585 7954 10587
f 7953 7954 10585
f 10582 7953 10585
f 10581 7953 10582
f 7950 7953 10581
f 7949 7950 10581
f 10579 7949 10581
f 7948 7949 10579
f 10576 7948 10579
f 10577 7948 10576
f 7349 7948 10577
f 7348 7349 10577
f 10574 7348 10577
f 10573 7348 10574
f 7346 7348 10573
f 7343 7346 10573
f 10571 7343 10573
f 7340 7343 10571
f 10464 10472 10484
f 10487 10464 10484
f 10461 10464 10487
f 10458 10461 10487
f 10457 10458 10487
f 10486 10457 10487
f 10449 10457 10486
f 10447 10449 10486
f 10485 10447 10486
f 10445 10447 10485
f 10483 10445 10485
f 10443 10445 10483
f 10481 10443 10483
f 10441 10443 10481
f 10480 10441 10481
f 10440 10441 10480
f 10489 10440 10480
f 10382 10489 10480
f 10479 10382 10480
f 10381 10382 10479
f 10476 10381 10479
f 10477 10381 10476
f 10377 10381 10477
f 10372 10377 10477
f 10371 10372 10477
f 10475 10371 10477
f 10473 10371 10475
f 10370 10371 10473
f 10471 10370 10473
f 10470 10370 10471
f 10367 10370 10470
f 10365 10367 10470
f 10468 10365 10470
f 10469 10365 10468
f 10364 10365 10469
f 10492 10364 10469
f 9420 10210 10207
f 9445 9420 10207
f 9805 10193 10192
f 9803 9805 10192
f 9800 9803 10192
f 9798 9800 10192
f 10191 9798 10192
f 977 973 974
f 2064 7285 2055
f 2055 7285 10810
f 840 838 10811
f 816 840 10811
f 815 816 10811
f 833 805 834
f 802 805 833
f 832 802 833
f 880 802 832
f 932 930 931
f 3764 3760 3757
f 3768 3764 3757
f 3933 3768 3757
f 3753 3933 3757
f 3754 3933 3753
f 3678 3933 3754
f 3677 3678 3754
f 3751 3677 3754
f 3750 3677 3751
f 3675 3677 3750
f 3674 3675 3750
f 3745 3674 3750
f 3743 3674 3745
f 3671 3674 3743
f 3744 3671 3743
f 3669 3671 3744
f 3667 3669 3744
f 3609 3667 3744
f 3741 3609 3744
f 3739 3609 3741
f 3606 3609 3739
f 3605 3606 3739
f 3737 3605 3739
f 3734 3605 3737
f 3604 3605 3734
f 3735 3604 3734
f 3602 3604 3735
f 3596 3602 3735
f 3595 3596 3735
f 3732 3595 3735
f 3731 3595 3732
f 3592 3595 3731
f 3591 3592 3731
f 3730 3591 3731
f 3589 3591 3730
f 3717 3725 3721
f 3716 3725 3717
f 3728 3725 3716
f 3730 3728 3716
f 3715 3730 3716
f 3589 3730 3715
f 3587 3589 3715
f 3713 3587 3715
f 3585 3587 3713
f 3712 3585 3713
f 3582 3585 3712
f 3581 3582 3712
f 3709 3581 3712
f 3580 3581 3709
f 3705 3580 3709
f 3704 3580 3705
f 3578 3580 3704
f 3701 3578 3704
f 3575 3578 3701
f 3574 3575 3701
f 3698 3574 3701
f 3697 3574 3698
f 3570 3574 3697
f 3568 3570 3697
f 3696 3568 3697
f 3564 3568 3696
f 3694 3564 3696
f 3563 3564 3694
f 3691 3563 3694
f 3690 3563 3691
f 3688 3563 3690
f 3561 3563 3688
f 3559 3561 3688
f 3684 3559 3688
f 3685 3559 3684
f 3686 3559 3685
f 3556 3559 3686
f 3554 3556 3686
f 3552 3554 3686
f 3683 3552 3686
f 3550 3552 3683
f 3681 3550 3683
f 3547 3550 3681
f 3679 3547 3681
f 3546 3547 3679
f 3676 3546 3679
f 3672 3546 3676
f 3673 3546 3672
f 3543 3546 3673
f 3542 3543 3673
f 3670 3542 3673
f 3668 3542 3670
f 3541 3542 3668
f 3666 3541 3668
f 3664 3541 3666
f 3539 3541 3664
f 3665 3539 3664
f 3534 3539 3665
f 3532 3534 3665
f 3663 3532 3665
f 3530 3532 3663
f 3618 3530 3663
f 3620 3530 3618
f 3529 3530 3620
f 3647 3529 3620
f 3645 3529 3647
f 3527 3529 3645
f 3642 3527 3645
f 3525 3527 3642
f 3641 3525 3642
f 3520 3525 3641
f 3519 3520 3641
f 3640 3519 3641
f 3517 3519 3640
f 3637 3517 3640
f 3515 3517 3637
f 3636 3515 3637
f 3513 3515 3636
f 3634 3513 3636
f 3511 3513 3634
f 3633 3511 3634
f 3510 3511 3633
f 3631 3510 3633
f 3628 3510 3631
f 3509 3510 3628
f 3627 3509 3628
f 3501 3509 3627
f 3499 3501 3627
f 3625 3499 3627
f 3494 3499 3625
f 3490 3494 3625
f 3622 3490 3625
f 3489 3490 3622
f 3619 3489 3622
f 3487 3489 3619
f 3617 3487 3619
f 3485 3487 3617
f 3615 3485 3617
f 3483 3485 3615
f 3614 3483 3615
f 3480 3483 3614
f 3479 3480 3614
f 3611 3479 3614
f 3478 3479 3611
f 3608 3478 3611
f 3607 3478 3608
f 3476 3478 3607
f 3475 3476 3607
f 3603 3475 3607
f 3599 3475 3603
f 3600 3475 3599
f 3473 3475 3600
f 3601 3473 3600
f 3470 3473 3601
f 3468 3470 3601
f 3598 3468 3601
f 3466 3468 3598
f 3597 3466 3598
f 3465 3466 3597
f 3594 3465 3597
f 3593 3465 3594
f 3463 3465 3593
f 3462 3463 3593
f 3590 3462 3593
f 3588 3462 3590
f 3460 3462 3588
f 3586 3460 3588
f 3459 3460 3586
f 3584 3459 3586
f 3457 3459 3584
f 3583 3457 3584
f 3455 3457 3583
f 3577 3455 3583
f 3454 3455 3577
f 3576 3454 3577
f 3450 3454 3576
f 3449 3450 3576
f 3573 3449 3576
f 3447 3449 3573
f 3571 3447 3573
f 3444 3447 3571
f 3572 3444 3571
f 3442 3444 3572
f 3441 3442 3572
f 3569 3441 3572
f 3567 3441 3569
f 3440 3441 3567
f 3566 3440 3567
f 3432 3440 3566
f 3430 3432 3566
f 3565 3430 3566
f 3429 3430 3565
f 3562 3429 3565
f 3560 3429 3562
f 3428 3429 3560
f 3558 3428 3560
f 3557 3428 3558
f 3425 3428 3557
f 3424 3425 3557
f 3555 3424 3557
f 3422 3424 3555
f 3553 3422 3555
f 3421 3422 3553
f 3551 3421 3553
f 3420 3421 3551
f 3548 3420 3551
f 3549 3420 3548
f 3417 3420 3549
f 3416 3417 3549
f 3544 3416 3549
f 3538 3416 3544
f 3415 3416 3538
f 3536 3415 3538
f 3413 3415 3536
f 3535 3413 3536
f 3410 3413 3535
f 3409 3410 3535
f 3533 3409 3535
f 3405 3409 3533
f 3531 3405 3533
f 3404 3405 3531
f 3528 3404 3531
f 3526 3404 3528
f 3403 3404 3526
f 3523 3403 3526
f 3524 3403 3523
f 3398 3403 3524
f 3396 3398 3524
f 3394 3396 3524
f 3522 3394 3524
f 3392 3394 3522
f 3521 3392 3522
f 3385 3392 3521
f 3518 3385 3521
f 3384 3385 3518
f 3516 3384 3518
f 3514 3384 3516
f 3382 3384 3514
f 3512 3382 3514
f 3381 3382 3512
f 3508 3381 3512
f 3507 3381 3508
f 3379 3381 3507
f 3506 3379 3507
f 3374 3379 3506
f 3372 3374 3506
f 3502 3372 3506
f 3503 3372 3502
f 3371 3372 3503
f 3504 3371 3503
f 3934 3371 3504
f 3935 3934 3504
f 3412 3418 3414
f 3492 3488 3486
f 168 157 159
f 164 173 170
f 166 173 164
f 176 173 166
f 178 176 166
f 181 178 166
f 898 889 887
f 10789 10791 10788
f 1951 1957 1953
f 1757 1753 1750
f 3497 3500 3498
f 3504 3500 3497
f 3935 3504 3497
f 3356 3935 3497
f 3496 3356 3497
f 3354 3356 3496
f 3352 3354 3496
f 3493 3352 3496
f 3349 3352 3493
f 3492 3349 3493
f 3348 3349 3492
f 3486 3348 3492
f 3484 3348 3486
f 3346 3348 3484
f 3345 3346 3484
f 3482 3345 3484
f 3343 3345 3482
f 3481 3343 3482
f 3340 3343 3481
f 3339 3340 3481
f 3477 3339 3481
f 3474 3339 3477
f 3472 3339 3474
f 3338 3339 3472
f 3471 3338 3472
f 3336 3338 3471
f 3335 3336 3471
f 3325 3335 3471
f 3469 3325 3471
f 3324 3325 3469
f 3467 3324 3469
f 3464 3324 3467
f 3322 3324 3464
f 3461 3322 3464
f 3321 3322 3461
f 3458 3321 3461
f 3320 3321 3458
f 3456 3320 3458
f 3317 3320 3456
f 3315 3317 3456
f 3453 3315 3456
f 3314 3315 3453
f 3451 3314 3453
f 3312 3314 3451
f 3452 3312 3451
f 3311 3312 3452
f 3299 3311 3452
f 3448 3299 3452
f 3297 3299 3448
f 3446 3297 3448
f 3295 3297 3446
f 3445 3295 3446
f 3293 3295 3445
f 3443 3293 3445
f 3292 3293 3443
f 3439 3292 3443
f 3438 3292 3439
f 3288 3292 3438
f 3285 3288 3438
f 3284 3285 3438
f 3437 3284 3438
f 3281 3284 3437
f 3279 3281 3437
f 3435 3279 3437
f 3277 3279 3435
f 3433 3277 3435
f 3275 3277 3433
f 3431 3275 3433
f 3274 3275 3431
f 3427 3274 3431
f 3426 3274 3427
f 3270 3274 3426
f 3269 3270 3426
f 3423 3269 3426
f 3419 3269 3423
f 3418 3269 3419
f 3266 3269 3418
f 3265 3266 3418
f 3412 3265 3418
f 3411 3265 3412
f 3262 3265 3411
f 3261 3262 3411
f 3408 3261 3411
f 3407 3261 3408
f 3258 3261 3407
f 3257 3258 3407
f 3401 3257 3407
f 3399 3257 3401
f 3254 3257 3399
f 3252 3254 3399
f 3397 3252 3399
f 3250 3252 3397
f 3395 3250 3397
f 3249 3250 3395
f 3393 3249 3395
f 3248 3249 3393
f 3391 3248 3393
f 3389 3248 3391
f 3246 3248 3389
f 3390 3246 3389
f 3244 3246 3390
f 3937 3244 3390
f 3231 3937 3390
f 3388 3231 3390
f 3229 3231 3388
f 3386 3229 3388
f 3227 3229 3386
f 3383 3227 3386
f 3380 3227 3383
f 3226 3227 3380
f 3378 3226 3380
f 3224 3226 3378
f 3377 3224 3378
f 3221 3224 3377
f 3219 3221 3377
f 3375 3219 3377
f 3218 3219 3375
f 3373 3218 3375
f 3217 3218 3373
f 3369 3217 3373
f 3368 3217 3369
f 3367 3217 3368
f 3215 3217 3367
f 3212 3215 3367
f 3366 3212 3367
f 3209 3212 3366
f 3207 3209 3366
f 3364 3207 3366
f 3205 3207 3364
f 3365 3205 3364
f 3203 3205 3365
f 3196 3203 3365
f 3195 3196 3365
f 3362 3195 3365
f 3360 3195 3362
f 3194 3195 3360
f 3358 3194 3360
f 3355 3194 3358
f 3353 3194 3355
f 3190 3194 3353
f 3189 3190 3353
f 3351 3189 3353
f 3350 3189 3351
f 3185 3189 3350
f 3183 3185 3350
f 3347 3183 3350
f 3344 3183 3347
f 3181 3183 3344
f 3342 3181 3344
f 3179 3181 3342
f 3341 3179 3342
f 3176 3179 3341
f 3175 3176 3341
f 3337 3175 3341
f 3334 3175 3337
f 3173 3175 3334
f 3333 3173 3334
f 3169 3173 3333
f 3332 3169 3333
f 3166 3169 3332
f 3165 3166 3332
f 3330 3165 3332
f 3163 3165 3330
f 3329 3163 3330
f 3161 3163 3329
f 3328 3161 3329
f 3160 3161 3328
f 3157 3160 3328
f 3214 3220 3216
f 3223 3220 3214
f 3040 3036 3035
f 2340 2328 2337
f 2339 2340 2337
f 1857 1860 1854
f 1863 1860 1857
f 1869 1863 1857
f 1872 1869 1857
f 1856 1872 1857
f 1310 1305 1306
f 1314 1310 1306
f 1317 1314 1306
f 1307 1317 1306
f 1318 1317 1307
f 1321 1318 1307
f 730 737 732
f 1059 1061 1060
f 696 702 698
f 277 287 284
f 4229 4236 4232
f 4240 4236 4229
f 4242 4240 4229
f 4227 4242 4229
f 10707 10684 10686
f 10706 10684 10707
f 4614 10684 10706
f 4613 4614 10706
f 10703 4613 10706
f 4591 4613 10703
f 4589 4591 10703
f 10704 4589 10703
f 4587 4589 10704
f 10705 4587 10704
f 4584 4587 10705
f 4582 4584 10705
f 10702 4582 10705
f 4579 4582 10702
f 10700 4579 10702
f 4577 4579 10700
f 10698 4577 10700
f 4576 4577 10698
f 10696 4576 10698
f 4132 4137 4133
f 4140 4137 4132
f 4144 4140 4132
f 4146 4144 4132
f 5011 5029 5033
f 5038 5011 5033
f 5009 5011 5038
f 5039 5009 5038
f 5006 5009 5039
f 5004 5006 5039
f 5037 5004 5039
f 5002 5004 5037
f 5036 5002 5037
f 5001 5002 5036
f 5035 5001 5036
f 5042 5001 5035
f 5044 5042 5035
f 5032 5044 5035
f 5031 5044 5032
f 5046 5044 5031
f 5049 5046 5031
f 5683 5690 5684
f 6871 6866 6864
f 7471 7481 7475
f 7485 7481 7471
f 4528 4524 4520
f 4519 4528 4520
f 4533 4528 4519
f 4402 4407 4403
f 4409 4407 4402
f 4893 4898 4895
f 4908 4906 4904
f 7720 7724 7722
f 7808 7816 7811
f 7820 7816 7808
f 7809 7820 7808
f 7728 7820 7809
f 7807 7728 7809
f 7727 7728 7807
f 7804 7727 7807
f 7802 7727 7804
f 7726 7727 7802
f 7800 7726 7802
f 7721 7726 7800
f 7798 7721 7800
f 7718 7721 7798
f 7796 7718 7798
f 7716 7718 7796
f 7795 7716 7796
f 7714 7716 7795
f 7787 7793 7790
f 7785 7787 7783
f 7793 7787 7785
f 7795 7793 7785
f 7714 7795 7785
f 7713 7714 7785
f 7784 7713 7785
f 7782 7713 7784
f 7711 7713 7782
f 7702 7711 7782
f 7780 7702 7782
f 7701 7702 7780
f 7777 7701 7780
f 7697 7701 7777
f 7778 7697 7777
f 7693 7697 7778
f 7692 7693 7778
f 7775 7692 7778
f 7774 7692 7775
f 7690 7692 7774
f 7689 7690 7774
f 7771 7689 7774
f 7768 7689 7771
f 7688 7689 7768
f 7765 7688 7768
f 7755 7688 7765
f 7687 7688 7755
f 7757 7687 7755
f 7762 7687 7757
f 7685 7687 7762
f 7763 7685 7762
f 7683 7685 7763
f 7680 7683 7763
f 7764 7680 7763
f 7676 7680 7764
f 7674 7676 7764
f 7673 7674 7764
f 7761 7673 7764
f 7760 7673 7761
f 7671 7673 7760
f 7759 7671 7760
f 7668 7671 7759
f 7667 7668 7759
f 7756 7667 7759
f 7754 7667 7756
f 7665 7667 7754
f 7752 7665 7754
f 7663 7665 7752
f 7750 7663 7752
f 7662 7663 7750
f 7749 7662 7750
f 7863 7662 7749
f 7655 7863 7749
f 7746 7655 7749
f 7653 7655 7746
f 7745 7653 7746
f 7652 7653 7745
f 7742 7652 7745
f 7740 7652 7742
f 7650 7652 7740
f 7741 7650 7740
f 7647 7650 7741
f 7864 7647 7741
f 7594 7864 7741
f 7592 7594 7741
f 7739 7592 7741
f 7590 7592 7739
f 7737 7590 7739
f 7588 7590 7737
f 7735 7588 7737
f 7587 7588 7735
f 7732 7587 7735
f 7901 7587 7732
f 7724 7901 7732
f 7581 7901 7724
f 7720 7581 7724
f 7719 7581 7720
f 7578 7581 7719
f 7576 7578 7719
f 7717 7576 7719
f 7575 7576 7717
f 7715 7575 7717
f 7574 7575 7715
f 7712 7574 7715
f 7706 7574 7712
f 7707 7574 7706
f 7570 7574 7707
f 7709 7570 7707
f 7568 7570 7709
f 7710 7568 7709
f 7562 7568 7710
f 7560 7562 7710
f 7551 7560 7710
f 7708 7551 7710
f 7550 7551 7708
f 7705 7550 7708
f 7704 7550 7705
f 7547 7550 7704
f 7545 7547 7704
f 7700 7545 7704
f 7699 7545 7700
f 7543 7545 7699
f 7541 7543 7699
f 7695 7541 7699
f 7696 7541 7695
f 7540 7541 7696
f 7691 7686 7684
f 7694 7691 7684
f 7696 7694 7684
f 7540 7696 7684
f 7682 7540 7684
f 7538 7540 7682
f 7681 7538 7682
f 7536 7538 7681
f 7679 7536 7681
f 7534 7536 7679
f 7677 7534 7679
f 7678 7534 7677
f 7532 7534 7678
f 7902 7532 7678
f 7522 7902 7678
f 7675 7522 7678
f 7519 7522 7675
f 7672 7519 7675
f 7518 7519 7672
f 7670 7518 7672
f 7516 7518 7670
f 7669 7516 7670
f 6964 6960 6958
f 6968 6964 6958
f 6971 6968 6958
f 6956 6971 6958
f 5526 5523 5515
f 5516 5526 5515
f 5518 5526 5516
f 5528 5526 5518
f 5520 5528 5518
f 5530 5528 5520
f 7976 7982 7978
f 7985 7982 7976
f 7988 7985 7976
f 10567 10571 10568
f 7340 10571 10567
f 7338 7340 10567
f 10566 7338 10567
f 7336 7338 10566
f 10565 7336 10566
f 7335 7336 10565
f 7991 7335 10565
f 10812 10630 10656
f 10655 10812 10656
f 10654 10628 10655
f 10626 10628 10654
f 10652 10626 10654
f 10624 10626 10652
f 10651 10624 10652
f 10623 10624 10651
f 10648 10623 10651
f 10647 10623 10648
f 10620 10623 10647
f 10618 10620 10647
f 10645 10618 10647
f 10616 10618 10645
f 10644 10616 10645
f 10614 10616 10644
f 10641 10614 10644
f 10612 10614 10641
f 10642 10612 10641
f 10609 10612 10642
f 10607 10609 10642
f 10643 10607 10642
f 6698 10607 10643
f 6695 6698 10643
f 6693 6695 10643
f 10640 6693 10643
f 6692 6693 10640
f 10638 6692 10640
f 10635 6692 10638
f 10634 6692 10635
f 6690 6692 10634
f 10629 6690 10634
f 6688 6690 10629
f 10631 6688 10629
f 10555 10538 10535
f 10557 10555 10535
f 10532 10557 10535
f 10533 10557 10532
f 10346 10557 10533
f 10341 10346 10533
f 10531 10341 10533
f 10339 10341 10531
f 10528 10339 10531
f 10526 10339 10528
f 10337 10339 10526
f 10524 10337 10526
f 10335 10337 10524
f 10525 10335 10524
f 10333 10335 10525
f 10558 10333 10525
f 10813 10558 10525
f 10522 10813 10525
f 10519 10813 10522
f 10814 10813 10519
f 10520 10814 10519
f 10625 10815 10627
f 6682 10815 10625
f 10622 6682 10625
f 6680 6682 10622
f 10621 6680 10622
f 6678 6680 10621
f 10619 6678 10621
f 6676 6678 10619
f 10617 6676 10619
f 10615 6676 10617
f 6674 6676 10615
f 5319 5324 5321
f 5326 5324 5319
f 5907 5918 5911
f 8366 8363 8359
f 5869 5874 5870
f 5877 5874 5869
f 5880 5877 5869
f 5883 5880 5869
f 5866 5883 5869
f 5862 5883 5866
f 5864 5883 5862
f 5882 5883 5864
f 5885 5882 5864
f 10404 10408 10405
f 8420 8427 8423
f 8602 8599 8596
f 6579 6575 6570
f 6572 6579 6570
f 6582 6579 6572
f 6573 6582 6572
f 6591 6582 6573
f 6594 6591 6573
f 6597 6594 6573
f 6569 6597 6573
f 6602 6599 6595
f 9560 9557 9555
f 9564 9560 9555
f 9755 9748 9747
f 9759 9755 9747
f 9762 9759 9747
f 10816 9850 9840
f 9836 10816 9840
f 9830 10816 9836
f 9670 9679 9669
f 9681 9679 9670
f 9672 9681 9670
f 9683 9681 9672
f 9686 9683 9672
f 8863 8873 8864
f 9439 9444 9438
f 9448 9444 9439
f 9451 9448 9439
f 9639 9636 9634
f 9645 9639 9634
f 9830 9827 9825
f 10816 9830 9825
f 10022 10025 10021
f 10125 10123 10122
f 10129 10125 10122
f 10132 10129 10122
f 10023 10132 10122
f 10121 10023 10122
f 10019 10023 10121
f 10118 10019 10121
f 10018 10019 10118
f 10115 10018 10118
f 10113 10018 10115
f 10111 10018 10113
f 10017 10018 10111
f 10112 10017 10111
f 10015 10017 10112
f 10184 10015 10112
f 10000 10184 10112
f 10105 10000 10112
f 9998 10000 10105
f 10106 9998 10105
f 9996 9998 10106
f 9991 9996 10106
f 10103 9991 10106
f 9990 9991 10103
f 10100 9990 10103
f 10098 9990 10100
f 9988 9990 10098
f 10095 9988 10098
f 9987 9988 10095
f 10092 9987 10095
f 10089 9987 10092
f 9986 9987 10089
f 10088 9986 10089
f 9981 9986 10088
f 9980 9981 10088
f 10086 9980 10088
f 9976 9980 10086
f 10085 9976 10086
f 10084 9976 10085
f 9973 9976 10084
f 9972 9973 10084
f 10077 9972 10084
f 10074 9972 10077
f 9970 9972 10074
f 10072 9970 10074
f 9969 9970 10072
f 10073 9969 10072
f 10185 9969 10073
f 9957 10185 10073
f 9953 9957 10073
f 10071 9953 10073
f 9951 9953 10071
f 10069 9951 10071
f 9949 9951 10069
f 10067 9949 10069
f 10065 9949 10067
f 9947 9949 10065
f 10064 9947 10065
f 9946 9947 10064
f 10061 9946 10064
f 10062 9946 10061
f 9942 9946 10062
f 9941 9942 10062
f 10059 9941 10062
f 10056 9941 10059
f 10055 9941 10056
f 9939 9941 10055
f 10053 9939 10055
f 9938 9939 10053
f 10050 9938 10053
f 10048 9938 10050
f 9937 9938 10048
f 10045 9937 10048
f 10044 9937 10045
f 9935 9937 10044
f 9934 9935 10044
f 10042 9934 10044
f 10041 9934 10042
f 9932 9934 10041
f 9927 9932 10041
f 10039 9927 10041
f 9923 9927 10039
f 10037 9923 10039
f 9921 9923 10037
f 10036 9921 10037
f 9919 9921 10036
f 9917 9919 10036
f 10034 9917 10036
f 9916 9917 10034
f 10031 9916 10034
f 10032 9916 10031
f 9909 9916 10032
f 9907 9909 10032
f 9904 9907 10032
f 10029 9904 10032
f 9902 9904 10029
f 10679 4897 4907
f 4896 4897 10679
f 7669 7515 7516
f 7666 7515 7669
f 7664 7515 7666
f 7514 7515 7664
f 7661 7514 7664
f 7660 7514 7661
f 7508 7514 7660
f 7506 7508 7660
f 7658 7506 7660
f 7504 7506 7658
f 7657 7504 7658
f 7501 7504 7657
f 7499 7501 7657
f 7654 7499 7657
f 7498 7499 7654
f 7651 7498 7654
f 7649 7498 7651
f 7496 7498 7649
f 7648 7496 7649
f 7645 7496 7648
f 7495 7496 7645
f 7644 7495 7645
f 7903 7495 7644
f 7478 7903 7644
f 7642 7478 7644
f 7477 7478 7642
f 7639 7477 7642
f 7637 7477 7639
f 7476 7477 7637
f 7636 7476 7637
f 7470 7476 7636
f 7469 7470 7636
f 7633 7469 7636
f 7462 7469 7633
f 7632 7462 7633
f 7460 7462 7632
f 7628 7460 7632
f 7457 7460 7628
f 7456 7457 7628
f 7626 7456 7628
f 7451 7456 7626
f 7624 7451 7626
f 7450 7451 7624
f 7621 7450 7624
f 7620 7450 7621
f 7448 7450 7620
f 7618 7448 7620
f 7446 7448 7618
f 7617 7446 7618
f 7445 7446 7617
f 7614 7445 7617
f 7612 7445 7614
f 7444 7445 7612
f 7610 7444 7612
f 7436 7444 7610
f 7609 7436 7610
f 7425 7436 7609
f 7424 7425 7609
f 7606 7424 7609
f 7604 7424 7606
f 7423 7424 7604
f 7601 7423 7604
f 7600 7423 7601
f 7417 7423 7600
f 7416 7417 7600
f 7597 7416 7600
f 7596 7416 7597
f 7415 7416 7596
f 7593 7415 7596
f 7591 7415 7593
f 7413 7415 7591
f 7589 7413 7591
f 7411 7413 7589
f 7586 7411 7589
f 7409 7411 7586
f 7585 7409 7586
f 7406 7409 7585
f 7405 7406 7585
f 7583 7405 7585
f 7580 7405 7583
f 7579 7405 7580
f 7402 7405 7579
f 7400 7402 7579
f 7577 7400 7579
f 7399 7400 7577
f 7573 7399 7577
f 7572 7399 7573
f 7397 7399 7572
f 7571 7397 7572
f 7395 7397 7571
f 7393 7395 7571
f 7569 7393 7571
f 7392 7393 7569
f 7567 7392 7569
f 7566 7392 7567
f 7389 7392 7566
f 7565 7389 7566
f 7387 7389 7565
f 7385 7387 7565
f 7384 7385 7565
f 7564 7384 7565
f 9940 9936 9933
f 9944 9940 9933
f 9861 9982 9979
f 9978 9861 9979
f 9858 9861 9978
f 9857 9858 9978
f 9975 9857 9978
f 9974 9857 9975
f 9846 9857 9974
f 9845 9846 9974
f 9971 9845 9974
f 9968 9845 9971
f 9843 9845 9968
f 9967 9843 9968
f 9842 9843 9967
f 9965 9842 9967
f 9837 9842 9965
f 9964 9837 9965
f 9835 9837 9964
f 9834 9835 9964
f 9961 9834 9964
f 9833 9834 9961
f 9862 9982 9861
f 9984 9982 9862
f 9994 9984 9862
f 9864 9994 9862
f 9869 9994 9864
f 9993 9994 9869
f 9995 9993 9869
f 9870 9995 9869
f 9997 9995 9870
f 9874 9997 9870
f 9999 9997 9874
f 9875 9999 9874
f 10001 9999 9875
f 9877 10001 9875
f 10003 10001 9877
f 9879 10003 9877
f 10005 10003 9879
f 9881 10005 9879
f 10007 10005 9881
f 10187 10007 9881
f 10186 10007 10187
f 9896 10007 10186
f 10006 10007 9896
f 10009 10006 9896
f 9897 10009 9896
f 10010 10009 9897
f 9899 10010 9897
f 10012 10010 9899
f 9901 10012 9899
f 10014 10012 9901
f 10022 10014 9901
f 9902 10022 9901
f 10029 10022 9902
f 9680 9859 9856
f 9855 9680 9856
f 9678 9680 9855
f 9854 9678 9855
f 9677 9678 9854
f 9852 9677 9854
f 9853 9677 9852
f 9676 9677 9853
f 10198 9676 9853
f 10200 10198 9853
f 9656 10200 9853
f 9851 9656 9853
f 9654 9656 9851
f 9850 9654 9851
f 10816 9654 9850
f 9652 9654 10816
f 9825 9652 10816
f 9650 9652 9825
f 9823 9650 9825
f 9648 9650 9823
f 9642 9648 9823
f 9820 9642 9823
f 9818 9642 9820
f 9640 9642 9818
f 9816 9640 9818
f 9638 9640 9816
f 9814 9638 9816
f 9637 9638 9814
f 9813 9637 9814
f 9629 9637 9813
f 9682 9859 9680
f 9860 9859 9682
f 9863 9860 9682
f 9866 9863 9682
f 9684 9866 9682
f 9867 9866 9684
f 9687 9867 9684
f 9688 9867 9687
f 9868 9867 9688
f 9872 9868 9688
f 9690 9872 9688
f 9693 9872 9690
f 9871 9872 9693
f 9873 9871 9693
f 9694 9873 9693
f 9876 9873 9694
f 9697 9876 9694
f 9878 9876 9697
f 9699 9878 9697
f 9880 9878 9699
f 9883 9880 9699
f 9700 9883 9699
f 9884 9883 9700
f 9702 9884 9700
f 9886 9884 9702
f 9704 9886 9702
f 9707 9886 9704
f 9887 9886 9707
f 9889 9887 9707
f 9708 9889 9707
f 9710 9889 9708
f 9890 9889 9710
f 9893 9890 9710
f 9711 9893 9710
f 9714 9893 9711
f 9892 9893 9714
f 9719 9892 9714
f 9895 9892 9719
f 9898 9895 9719
f 9720 9898 9719
f 9900 9898 9720
f 9903 9900 9720
f 9906 9903 9720
f 9721 9906 9720
f 9725 9906 9721
f 9905 9906 9725
f 9908 9905 9725
f 9726 9908 9725
f 9910 9908 9726
f 9727 9910 9726
f 9912 9910 9727
f 9729 9912 9727
f 9914 9912 9729
f 9737 9914 9729
f 9739 9914 9737
f 9752 9914 9739
f 9913 9914 9752
f 9753 9913 9752
f 9915 9913 9753
f 9918 9915 9753
f 9754 9918 9753
f 9920 9918 9754
f 9756 9920 9754
f 9922 9920 9756
f 9925 9922 9756
f 9757 9925 9756
f 9926 9925 9757
f 9758 9926 9757
f 9765 9926 9758
f 9930 9926 9765
f 9766 9930 9765
f 9931 9930 9766
f 10197 9931 9766
f 10195 9931 10197
f 9780 9931 10195
f 9929 9931 9780
f 9928 9929 9780
f 9781 9928 9780
f 9933 9928 9781
f 9944 9933 9781
f 9783 9944 9781
f 9943 9944 9783
f 9945 9943 9783
f 9784 9945 9783
f 9948 9945 9784
f 9786 9948 9784
f 9950 9948 9786
f 9788 9950 9786
f 9952 9950 9788
f 9955 9952 9788
f 9791 9955 9788
f 9795 9955 9791
f 9956 9955 9795
f 9959 9956 9795
f 9796 9959 9795
f 9960 9959 9796
f 9962 9960 9796
f 9798 9962 9796
f 10191 9962 9798
f 10188 9962 10191
f 9833 9962 10188
f 9506 9692 9691
f 9503 9506 9691
f 9502 9503 9691
f 9689 9502 9691
f 9496 9502 9689
f 9685 9496 9689
f 9493 9496 9685
f 9686 9493 9685
f 9492 9493 9686
f 9672 9492 9686
f 9671 9492 9672
f 9489 9492 9671
f 9487 9489 9671
f 9667 9487 9671
f 9486 9487 9667
f 9664 9486 9667
f 9662 9486 9664
f 9484 9486 9662
f 9660 9484 9662
f 9482 9484 9660
f 9658 9482 9660
f 9481 9482 9658
f 9655 9481 9658
f 9653 9481 9655
f 9479 9481 9653
f 9651 9479 9653
f 9477 9479 9651
f 9476 9477 9651
f 9649 9476 9651
f 9647 9476 9649
f 9474 9476 9647
f 9644 9474 9647
f 9473 9474 9644
f 9646 9473 9644
f 9469 9473 9646
f 9468 9469 9646
f 9645 9468 9646
f 9634 9468 9645
f 10206 9468 9634
f 9458 10206 9634
f 9633 9458 9634
f 9456 9458 9633
f 9455 9456 9633
f 9631 9455 9633
f 9452 9455 9631
f 9449 9452 9631
f 9628 9449 9631
f 9446 9449 9628
f 9626 9446 9628
f 9445 9446 9626
f 9627 9445 9626
f 9420 9445 9627
f 9419 9420 9627
f 9624 9419 9627
f 9623 9419 9624
f 9418 9419 9623
f 9620 9418 9623
f 9696 9692 9506
f 9507 9696 9506
f 9510 9696 9507
f 9695 9696 9510
f 9698 9695 9510
f 9701 9698 9510
f 9511 9701 9510
f 9703 9701 9511
f 9512 9703 9511
f 9705 9703 9512
f 9514 9705 9512
f 9516 9705 9514
f 9706 9705 9516
f 9709 9706 9516
f 9712 9709 9516
f 9521 9712 9516
f 9713 9712 9521
f 9522 9713 9521
f 9715 9713 9522
f 9717 9715 9522
f 9525 9717 9522
f 9722 9717 9525
f 9724 9722 9525
f 9527 9724 9525
f 9529 9724 9527
f 9311 9520 9519
f 9308 9311 9519
f 9306 9308 9519
f 9518 9306 9519
f 9305 9306 9518
f 9515 9305 9518
f 9513 9305 9515
f 9302 9305 9513
f 9301 9302 9513
f 9509 9301 9513
f 9508 9301 9509
f 9298 9301 9508
f 9297 9298 9508
f 9505 9297 9508
f 9504 9297 9505
f 9294 9297 9504
f 9293 9294 9504
f 9500 9293 9504
f 9501 9293 9500
f 9290 9293 9501
f 9288 9290 9501
f 9499 9288 9501
f 9286 9288 9499
f 9497 9286 9499
f 9285 9286 9497
f 9494 9285 9497
f 9495 9285 9494
f 9282 9285 9495
f 9281 9282 9495
f 9491 9281 9495
f 9490 9281 9491
f 9279 9281 9490
f 9488 9279 9490
f 9278 9279 9488
f 9485 9278 9488
f 9483 9278 9485
f 9480 9278 9483
f 9478 9278 9480
f 9277 9278 9478
f 9275 9277 9478
f 9523 9520 9311
f 9312 9523 9311
f 9315 9523 9312
f 9524 9523 9315
f 9526 9524 9315
f 9316 9526 9315
f 9528 9526 9316
f 9318 9528 9316
f 9530 9528 9318
f 9321 9530 9318
f 9533 9530 9321
f 10817 9533 9321
f 9322 10817 9321
f 9328 9537 9327
f 9538 9537 9328
f 9330 9538 9328
f 9335 9538 9330
f 9539 9538 9335
f 9543 9539 9335
f 9336 9543 9335
f 9545 9543 9336
f 9338 9545 9336
f 9547 9545 9338
f 9340 9547 9338
f 9587 9787 9785
f 9586 9587 9785
f 9591 9787 9587
f 9790 9787 9591
f 9592 9790 9591
f 9793 9790 9592
f 9594 9793 9592
f 9585 9782 9779
f 9777 9585 9779
f 9775 9585 9777
f 9584 9585 9775
f 9774 9584 9775
f 9582 9584 9774
f 9577 9582 9774
f 9773 9577 9774
f 9572 9577 9773
f 9770 9572 9773
f 9570 9572 9770
f 9768 9570 9770
f 9569 9570 9768
f 9764 9569 9768
f 9763 9569 9764
f 9562 9569 9763
f 9561 9562 9763
f 9761 9561 9763
f 9559 9561 9761
f 9762 9559 9761
f 9558 9559 9762
f 9747 9558 9762
f 9746 9558 9747
f 9550 9558 9746
f 9744 9550 9746
f 9548 9550 9744
f 9743 9548 9744
f 9546 9548 9743
f 9741 9546 9743
f 9544 9546 9741
f 9738 9544 9741
f 9736 9544 9738
f 9542 9544 9736
f 9541 9542 9736
f 9732 9541 9736
f 9734 9541 9732
f 9540 9541 9734
f 9735 9540 9734
f 10201 9540 9735
f 10818 10201 9735
f 10204 10818 9735
f 9586 9782 9585
f 9785 9782 9586
f 9594 9797 9793
f 9799 9797 9594
f 9596 9799 9594
f 9801 9799 9596
f 9598 9801 9596
f 9601 9801 9598
f 9802 9801 9601
f 9603 9802 9601
f 9804 9802 9603
f 9808 9804 9603
f 9604 9808 9603
f 9810 9808 9604
f 9606 9810 9604
f 9618 9810 9606
f 9619 9810 9618
f 9809 9810 9619
f 9812 9809 9619
f 9621 9812 9619
f 9622 9812 9621
f 9375 9581 9579
f 9373 9375 9579
f 9576 9373 9579
f 9575 9373 9576
f 9371 9373 9575
f 9589 9581 9375
f 9376 9589 9375
f 9380 9589 9376
f 9590 9589 9380
f 9381 9590 9380
f 9593 9590 9381
f 9383 9593 9381
f 9595 9593 9383
f 9597 9595 9383
f 9384 9597 9383
f 9599 9597 9384
f 9386 9599 9384
f 9391 9599 9386
f 9600 9599 9391
f 9602 9600 9391
f 9392 9602 9391
f 9605 9602 9392
f 9394 9605 9392
f 9608 9605 9394
f 9396 9608 9394
f 9398 9608 9396
f 9609 9608 9398
f 9612 9609 9398
f 9399 9612 9398
f 9402 9612 9399
f 9613 9612 9402
f 9404 9613 9402
f 9615 9613 9404
f 9406 9615 9404
f 9617 9615 9406
f 9408 9617 9406
f 9413 9617 9408
f 9144 9379 9378
f 9142 9144 9378
f 9377 9142 9378
f 9138 9142 9377
f 9137 9138 9377
f 9374 9137 9377
f 9372 9137 9374
f 9136 9137 9372
f 9370 9136 9372
f 9134 9136 9370
f 9369 9134 9370
f 9133 9134 9369
f 9366 9133 9369
f 9364 9133 9366
f 9129 9133 9364
f 9362 9129 9364
f 9127 9129 9362
f 9360 9127 9362
f 9125 9127 9360
f 9357 9125 9360
f 9123 9125 9357
f 9356 9123 9357
f 9121 9123 9356
f 9353 9121 9356
f 9119 9121 9353
f 9352 9119 9353
f 9117 9119 9352
f 9350 9117 9352
f 9115 9117 9350
f 9349 9115 9350
f 9113 9115 9349
f 9347 9113 9349
f 9111 9113 9347
f 9346 9111 9347
f 9109 9111 9346
f 9343 9109 9346
f 9341 9109 9343
f 9107 9109 9341
f 9339 9107 9341
f 9337 9107 9339
f 9106 9107 9337
f 9334 9106 9337
f 9333 9106 9334
f 9103 9106 9333
f 9101 9103 9333
f 9332 9101 9333
f 9099 9101 9332
f 9098 9099 9332
f 9329 9098 9332
f 9326 9098 9329
f 9324 9098 9326
f 9097 9098 9324
f 9320 9097 9324
f 9319 9097 9320
f 9095 9097 9319
f 9093 9095 9319
f 9317 9093 9319
f 9092 9093 9317
f 9314 9092 9317
f 9313 9092 9314
f 9090 9092 9313
f 9310 9090 9313
f 9087 9090 9310
f 9309 9087 9310
f 9085 9087 9309
f 9307 9085 9309
f 9083 9085 9307
f 9304 9083 9307
f 9303 9083 9304
f 9080 9083 9303
f 9079 9080 9303
f 9300 9079 9303
f 9299 9079 9300
f 9076 9079 9299
f 9075 9076 9299
f 9296 9075 9299
f 9295 9075 9296
f 9072 9075 9295
f 9292 9072 9295
f 9071 9072 9292
f 9291 9071 9292
f 9067 9071 9291
f 9382 9379 9144
f 9385 9382 9144
f 9145 9385 9144
f 9387 9385 9145
f 9146 9387 9145
f 9389 9387 9146
f 9157 9389 9146
f 9158 9389 9157
f 9390 9389 9158
f 9393 9390 9158
f 9159 9393 9158
f 9395 9393 9159
f 9162 9395 9159
f 9397 9395 9162
f 9400 9397 9162
f 9163 9400 9162
f 9167 9400 9163
f 9401 9400 9167
f 9403 9401 9167
f 9168 9403 9167
f 9405 9403 9168
f 9177 9405 9168
f 9407 9405 9177
f 9179 9407 9177
f 9409 9407 9179
f 9411 9409 9179
f 9187 9411 9179
f 9188 9411 9187
f 9412 9411 9188
f 9190 9412 9188
f 9415 9412 9190
f 9192 9415 9190
f 9417 9415 9192
f 9193 9417 9192
f 9422 9417 9193
f 9424 9422 9193
f 9427 9424 9193
f 9194 9427 9193
f 9196 9427 9194
f 9428 9427 9196
f 9198 9428 9196
f 9430 9428 9198
f 9433 9430 9198
f 9436 9433 9198
f 9199 9436 9198
f 9201 9436 9199
f 9224 9436 9201
f 9435 9436 9224
f 9225 9435 9224
f 9437 9435 9225
f 9227 9437 9225
f 9439 9437 9227
f 9228 9439 9227
f 9451 9439 9228
f 9230 9451 9228
f 9232 9451 9230
f 9450 9451 9232
f 9453 9450 9232
f 9233 9453 9232
f 9454 9453 9233
f 9235 9454 9233
f 9457 9454 9235
f 9237 9457 9235
f 9460 9457 9237
f 9463 9460 9237
f 9465 9463 9237
f 9238 9465 9237
f 10216 9465 9238
f 10215 9465 10216
f 9464 9465 10215
f 9262 9464 10215
f 9263 9464 9262
f 9462 9464 9263
f 9466 9462 9263
f 9264 9466 9263
f 9267 9466 9264
f 9467 9466 9267
f 9470 9467 9267
f 9268 9470 9267
f 9472 9470 9268
f 9270 9472 9268
f 9274 9472 9270
f 9475 9472 9274
f 9275 9475 9274
f 9478 9475 9275
f 9371 9575 9574
f 9368 9371 9574
f 9367 9368 9574
f 9571 9367 9574
f 9568 9367 9571
f 9567 9367 9568
f 9365 9367 9567
f 9363 9365 9567
f 9565 9363 9567
f 9361 9363 9565
f 9563 9361 9565
f 9564 9361 9563
f 9359 9361 9564
f 9358 9359 9564
f 9555 9358 9564
f 9556 9358 9555
f 9355 9358 9556
f 9354 9355 9556
f 9344 9354 9556
f 9554 9344 9556
f 9342 9344 9554
f 9549 9342 9554
f 9340 9342 9549
f 9547 9340 9549
f 9622 9813 9812
f 9629 9813 9622
f 9625 9629 9622
f 9620 9616 9617
f 9413 9620 9617
f 9418 9620 9413
f 9021 9231 9229
f 9020 9021 9229
f 9226 9020 9229
f 9223 9020 9226
f 9019 9020 9223
f 9221 9019 9223
f 9017 9019 9221
f 9219 9017 9221
f 9016 9017 9219
f 9218 9016 9219
f 9010 9016 9218
f 9009 9010 9218
f 9211 9009 9218
f 9212 9009 9211
f 9007 9009 9212
f 9214 9007 9212
f 9005 9007 9214
f 9216 9005 9214
f 9002 9005 9216
f 9000 9002 9216
f 9215 9000 9216
f 8998 9000 9215
f 8997 8998 9215
f 9213 8997 9215
f 9210 8997 9213
f 8996 8997 9210
f 9208 8996 9210
f 8995 8996 9208
f 9206 8995 9208
f 9205 8995 9206
f 8989 8995 9205
f 9202 8989 9205
f 8985 8989 9202
f 9200 8985 9202
f 8984 8985 9200
f 9197 8984 9200
f 9195 8984 9197
f 8983 8984 9195
f 9191 8983 9195
f 9189 8983 9191
f 8981 8983 9189
f 9186 8981 9189
f 8980 8981 9186
f 9185 8980 9186
f 8977 8980 9185
f 8975 8977 9185
f 9184 8975 9185
f 8973 8975 9184
f 9182 8973 9184
f 8971 8973 9182
f 9181 8971 9182
f 8970 8971 9181
f 9178 8970 9181
f 9234 9231 9021
f 9023 9234 9021
f 9236 9234 9023
f 9239 9236 9023
f 9024 9239 9023
f 9241 9239 9024
f 9026 9241 9024
f 9243 9241 9026
f 9027 9243 9026
f 9245 9243 9027
f 9029 9245 9027
f 9031 9245 9029
f 9035 9245 9031
f 9244 9245 9035
f 9246 9244 9035
f 9036 9246 9035
f 9040 9246 9036
f 9248 9246 9040
f 9041 9248 9040
f 9251 9248 9041
f 9042 9251 9041
f 9046 9251 9042
f 9252 9251 9046
f 9048 9252 9046
f 9254 9252 9048
f 9256 9254 9048
f 9049 9256 9048
f 9258 9256 9049
f 9051 9258 9049
f 9054 9258 9051
f 9257 9258 9054
f 9056 9257 9054
f 9259 9257 9056
f 9261 9259 9056
f 9265 9261 9056
f 9057 9265 9056
f 9266 9265 9057
f 9269 9266 9057
f 9271 9269 9057
f 9058 9271 9057
f 9273 9271 9058
f 9060 9273 9058
f 8987 8982 8979
f 8849 9037 9038
f 8846 8849 9038
f 8844 8846 9038
f 8843 8844 9038
f 9033 8843 9038
f 9034 8843 9033
f 8840 8843 9034
f 8838 8840 9034
f 9032 8838 9034
f 9030 8838 9032
f 8837 8838 9030
f 9039 9037 8849
f 9043 9039 8849
f 8850 9043 8849
f 9045 9043 8850
f 8852 9045 8850
f 8855 9045 8852
f 9044 9045 8855
f 8857 9044 8855
f 9047 9044 8857
f 9050 9047 8857
f 8858 9050 8857
f 8861 9050 8858
f 9052 9050 8861
f 8868 9052 8861
f 9053 9052 8868
f 8869 9053 8868
f 9055 9053 8869
f 9059 9055 8869
f 8870 9059 8869
f 9061 9059 8870
f 9064 9061 8870
f 8871 9064 8870
f 9066 9064 8871
f 8872 9066 8871
f 9068 9066 8872
f 8874 9068 8872
f 9070 9068 8874
f 8876 9070 8874
f 8879 9070 8876
f 9069 9070 8879
f 9073 9069 8879
f 8881 9073 8879
f 9074 9073 8881
f 9077 9074 8881
f 8882 9077 8881
f 8886 9077 8882
f 9078 9077 8886
f 9081 9078 8886
f 8887 9081 8886
f 8890 9081 8887
f 9082 9081 8890
f 8892 9082 8890
f 9084 9082 8892
f 9086 9084 8892
f 8893 9086 8892
f 9089 9086 8893
f 8896 9089 8893
f 8899 9089 8896
f 9088 9089 8899
f 9091 9088 8899
f 9094 9091 8899
f 8900 9094 8899
f 9096 9094 8900
f 8902 9096 8900
f 9100 9096 8902
f 8904 9100 8902
f 9102 9100 8904
f 8906 9102 8904
f 9104 9102 8906
f 8908 9104 8906
f 8911 9104 8908
f 9105 9104 8911
f 9108 9105 8911
f 8912 9108 8911
f 9110 9108 8912
f 8914 9110 8912
f 9112 9110 8914
f 8916 9112 8914
f 9114 9112 8916
f 8919 9114 8916
f 9116 9114 8919
f 9118 9116 8919
f 8920 9118 8919
f 9120 9118 8920
f 8922 9120 8920
f 9122 9120 8922
f 8924 9122 8922
f 9124 9122 8924
f 8929 9124 8924
f 9126 9124 8929
f 8930 9126 8929
f 9128 9126 8930
f 9131 9128 8930
f 8931 9131 8930
f 9132 9131 8931
f 8933 9132 8931
f 9018 9025 9022
f 9014 9025 9018
f 9028 9025 9014
f 9030 9028 9014
f 8837 9030 9014
f 9012 8837 9014
f 8835 8837 9012
f 9011 8835 9012
f 8834 8835 9011
f 9008 8834 9011
f 9006 8834 9008
f 9004 8834 9006
f 8832 8834 9004
f 9003 8832 9004
f 8830 8832 9003
f 9001 8830 9003
f 8829 8830 9001
f 8999 8829 9001
f 8994 8829 8999
f 8993 8829 8994
f 8826 8829 8993
f 8824 8826 8993
f 8991 8824 8993
f 8823 8824 8991
f 8988 8823 8991
f 8987 8823 8988
f 8822 8823 8987
f 8979 8822 8987
f 8978 8822 8979
f 8819 8822 8978
f 8816 8819 8978
f 8976 8816 8978
f 8815 8816 8976
f 8974 8815 8976
f 8812 8815 8974
f 8972 8812 8974
f 8811 8812 8972
f 8969 8811 8972
f 8967 8811 8969
f 8810 8811 8967
f 8965 8810 8967
f 8964 8810 8965
f 8804 8810 8964
f 8803 8804 8964
f 8775 8803 8964
f 8962 8775 8964
f 8772 8775 8962
f 8771 8772 8962
f 8960 8771 8962
f 8958 8771 8960
f 8770 8771 8958
f 8955 8770 8958
f 8768 8770 8955
f 8953 8768 8955
f 8765 8768 8953
f 8952 8765 8953
f 8763 8765 8952
f 8945 8763 8952
f 8943 8763 8945
f 8761 8763 8943
f 8760 8761 8943
f 8941 8760 8943
f 8758 8760 8941
f 8940 8758 8941
f 8756 8758 8940
f 8755 8756 8940
f 8938 8755 8940
f 8679 8836 8833
f 8831 8679 8833
f 8675 8679 8831
f 8674 8675 8831
f 8828 8674 8831
f 8827 8674 8828
f 8671 8674 8827
f 8670 8671 8827
f 8825 8670 8827
f 8669 8670 8825
f 8821 8669 8825
f 8820 8669 8821
f 8668 8669 8820
f 8817 8668 8820
f 8818 8668 8817
f 8666 8668 8818
f 8665 8666 8818
f 8814 8665 8818
f 8807 8665 8814
f 8808 8665 8807
f 8662 8665 8808
f 8661 8662 8808
f 8805 8661 8808
f 8802 8661 8805
f 8800 8661 8802
f 8659 8661 8800
f 8797 8659 8800
f 8798 8659 8797
f 8657 8659 8798
f 8656 8657 8798
f 8649 8656 8798
f 8796 8649 8798
f 8647 8649 8796
f 8794 8647 8796
f 8646 8647 8794
f 8789 8646 8794
f 8791 8646 8789
f 8644 8646 8791
f 8642 8644 8791
f 8793 8642 8791
f 8640 8642 8793
f 8636 8640 8793
f 8792 8636 8793
f 8634 8636 8792
f 8790 8634 8792
f 8633 8634 8790
f 8787 8633 8790
f 8786 8633 8787
f 8631 8633 8786
f 8630 8631 8786
f 8785 8630 8786
f 8784 8630 8785
f 8628 8630 8784
f 8560 8628 8784
f 8783 8560 8784
f 8558 8560 8783
f 8557 8558 8783
f 8779 8557 8783
f 8777 8557 8779
f 8556 8557 8777
f 8774 8556 8777
f 8773 8556 8774
f 8554 8556 8773
f 8550 8554 8773
f 8769 8550 8773
f 8767 8550 8769
f 8548 8550 8767
f 8766 8548 8767
f 8546 8548 8766
f 8545 8546 8766
f 8764 8545 8766
f 8762 8545 8764
f 8543 8545 8762
f 8759 8543 8762
f 8540 8543 8759
f 8757 8540 8759
f 8539 8540 8757
f 8754 8539 8757
f 8750 8539 8754
f 8535 8539 8750
f 8748 8535 8750
f 8534 8535 8748
f 8746 8534 8748
f 8533 8534 8746
f 8743 8533 8746
f 8742 8533 8743
f 8530 8533 8742
f 8529 8530 8742
f 8740 8529 8742
f 8526 8529 8740
f 8739 8526 8740
f 10220 8526 8739
f 8522 10220 8739
f 8736 8522 8739
f 8735 8522 8736
f 8520 8522 8735
f 8732 8520 8735
f 8518 8520 8732
f 8730 8518 8732
f 8516 8518 8730
f 8728 8516 8730
f 8515 8516 8728
f 8725 8515 8728
f 8724 8515 8725
f 8512 8515 8724
f 8510 8512 8724
f 8722 8510 8724
f 8508 8510 8722
f 8720 8508 8722
f 8507 8508 8720
f 8716 8507 8720
f 8713 8507 8716
f 8505 8507 8713
f 8712 8505 8713
f 8503 8505 8712
f 8499 8503 8712
f 8709 8499 8712
f 8710 8499 8709
f 8497 8499 8710
f 8496 8497 8710
f 8703 8496 8710
f 8702 8496 8703
f 8495 8496 8702
f 8699 8495 8702
f 8698 8495 8699
f 8492 8495 8698
f 8491 8492 8698
f 8695 8491 8698
f 8694 8491 8695
f 8488 8491 8694
f 8487 8488 8694
f 8692 8487 8694
f 8691 8487 8692
f 8485 8487 8691
f 8484 8485 8691
f 8687 8484 8691
f 8686 8484 8687
f 8479 8484 8686
f 8477 8479 8686
f 8684 8477 8686
f 8476 8477 8684
f 8681 8476 8684
f 8678 8476 8681
f 8474 8476 8678
f 8677 8474 8678
f 8472 8474 8677
f 8471 8472 8677
f 8673 8471 8677
f 8672 8471 8673
f 8469 8471 8672
f 8467 8469 8672
f 8839 8836 8679
f 8680 8839 8679
f 8841 8839 8680
f 8682 8841 8680
f 8842 8841 8682
f 8845 8842 8682
f 8683 8845 8682
f 8847 8845 8683
f 8685 8847 8683
f 8688 8847 8685
f 8848 8847 8688
f 8851 8848 8688
f 8689 8851 8688
f 8853 8851 8689
f 8693 8853 8689
f 8854 8853 8693
f 8696 8854 8693
f 8856 8854 8696
f 8859 8856 8696
f 8697 8859 8696
f 8700 8859 8697
f 8860 8859 8700
f 8863 8860 8700
f 8701 8863 8700
f 8704 8863 8701
f 8873 8863 8704
f 8875 8873 8704
f 8877 8875 8704
f 8705 8877 8704
f 8878 8877 8705
f 8707 8878 8705
f 8880 8878 8707
f 8883 8880 8707
f 8708 8883 8707
f 8714 8883 8708
f 8884 8883 8714
f 8885 8884 8714
f 8888 8885 8714
f 8715 8888 8714
f 8717 8888 8715
f 8889 8888 8717
f 8718 8889 8717
f 8891 8889 8718
f 8894 8891 8718
f 8719 8894 8718
f 8895 8894 8719
f 8721 8895 8719
f 8897 8895 8721
f 8723 8897 8721
f 8726 8897 8723
f 8898 8897 8726
f 8901 8898 8726
f 8903 8901 8726
f 8727 8903 8726
f 8905 8903 8727
f 8729 8905 8727
f 8907 8905 8729
f 8731 8907 8729
f 8909 8907 8731
f 8733 8909 8731
f 8913 8909 8733
f 10219 8913 8733
f 8744 8913 10219
f 8915 8913 8744
f 8917 8915 8744
f 8745 8917 8744
f 8747 8917 8745
f 8751 8917 8747
f 8918 8917 8751
f 8921 8918 8751
f 8752 8921 8751
f 8923 8921 8752
f 8926 8923 8752
f 8753 8926 8752
f 8755 8926 8753
f 8927 8926 8755
f 8938 8927 8755
f 8936 8927 8938
f 8664 8672 8667
f 8663 8672 8664
f 8467 8672 8663
f 8465 8467 8663
f 8660 8465 8663
f 8658 8465 8660
f 8464 8465 8658
f 8655 8464 8658
f 8654 8464 8655
f 8462 8464 8654
f 8653 8462 8654
f 8459 8462 8653
f 8458 8459 8653
f 8651 8458 8653
f 8456 8458 8651
f 8648 8456 8651
f 8454 8456 8648
f 8645 8454 8648
f 8643 8454 8645
f 8452 8454 8643
f 8451 8452 8643
f 8641 8451 8643
f 10221 8451 8641
f 8443 10221 8641
f 8639 8443 8641
f 8441 8443 8639
f 8637 8441 8639
f 8439 8441 8637
f 8638 8439 8637
f 8438 8439 8638
f 8489 8486 8482
f 8483 8489 8482
f 9283 9272 9273
f 9060 9283 9273
f 9062 9283 9060
f 9284 9283 9062
f 9287 9284 9062
f 9063 9287 9062
f 9289 9287 9063
f 9065 9289 9063
f 9291 9289 9065
f 9067 9291 9065
f 9276 9272 9283
f 9280 9276 9283
f 9731 9728 9724
f 8927 8932 8928
f 8936 8932 8927
f 8934 9141 9140
f 8933 8934 9140
f 9135 8933 9140
f 9132 8933 9135
f 9149 9141 8934
f 8935 9149 8934
f 9151 9149 8935
f 8937 9151 8935
f 9152 9151 8937
f 8939 9152 8937
f 8942 9152 8939
f 8946 9152 8942
f 9153 9152 8946
f 8948 9153 8946
f 9155 9153 8948
f 9156 9155 8948
f 9160 9156 8948
f 8949 9160 8948
f 9161 9160 8949
f 9164 9161 8949
f 8950 9164 8949
f 9166 9164 8950
f 8956 9166 8950
f 9165 9166 8956
f 9170 9165 8956
f 8957 9170 8956
f 9171 9170 8957
f 9173 9171 8957
f 8959 9173 8957
f 9175 9173 8959
f 8961 9175 8959
f 8966 9175 8961
f 8968 9175 8966
f 9174 9175 8968
f 8970 9174 8968
f 9178 9174 8970
f 9176 9174 9178
f 9172 9174 9176
f 8180 8513 8511
f 8178 8180 8511
f 8509 8178 8511
f 8177 8178 8509
f 8506 8177 8509
f 8504 8177 8506
f 8175 8177 8504
f 8502 8175 8504
f 8173 8175 8502
f 8501 8173 8502
f 8171 8173 8501
f 8170 8171 8501
f 8498 8170 8501
f 8168 8170 8498
f 8494 8168 8498
f 8493 8168 8494
f 8167 8168 8493
f 8490 8167 8493
f 8489 8167 8490
f 8165 8167 8489
f 8163 8165 8489
f 8182 8513 8180
f 8186 8513 8182
f 8514 8513 8186
f 8517 8514 8186
f 8187 8517 8186
f 8519 8517 8187
f 8189 8519 8187
f 8521 8519 8189
f 8524 8521 8189
f 8190 8524 8189
f 8525 8524 8190
f 8193 8525 8190
f 8527 8525 8193
f 8197 8527 8193
f 8528 8527 8197
f 8531 8528 8197
f 8198 8531 8197
f 8532 8531 8198
f 8201 8532 8198
f 8536 8532 8201
f 8202 8536 8201
f 8538 8536 8202
f 8542 8538 8202
f 8204 8542 8202
f 8544 8542 8204
f 8547 8544 8204
f 8205 8547 8204
f 8207 8547 8205
f 9529 9733 9731
f 9531 9733 9529
f 9735 9733 9531
f 10204 9735 9531
f 10202 10204 9531
f 9532 10202 9531
f 9534 10202 9532
f 10205 10202 9534
f 7222 8200 8196
f 8195 7222 8196
f 7220 7222 8195
f 8192 7220 8195
f 7219 7220 8192
f 8191 7219 8192
f 10603 7219 8191
f 8206 8203 8200
f 7222 8206 8200
f 7223 8206 7222
f 8208 8206 7223
f 7224 8208 7223
f 8211 8208 7224
f 7226 8211 7224
f 7228 8211 7226
f 8214 8211 7228
f 7229 8214 7228
f 8215 8214 7229
f 8218 8215 7229
f 8220 8218 7229
f 7230 8220 7229
f 8222 8220 7230
f 7236 8222 7230
f 7238 8222 7236
f 8223 8222 7238
f 8226 8223 7238
f 7239 8226 7238
f 8228 8226 7239
f 7241 8228 7239
f 8230 8228 7241
f 7244 8230 7241
f 8231 8230 7244
f 7245 8231 7244
f 8234 8231 7245
f 8237 8234 7245
f 7246 8237 7245
f 8239 8237 7246
f 8241 8239 7246
f 7247 8241 7246
f 7250 8241 7247
f 8243 8241 7250
f 7254 8243 7250
f 8245 8243 7254
f 7255 8245 7254
f 8247 8245 7255
f 7257 8247 7255
f 7259 8247 7257
f 8250 8247 7259
f 7260 8250 7259
f 7267 8250 7260
f 8184 8185 8183
f 8188 8185 8184
f 8191 8188 8184
f 10603 8191 8184
f 7213 10603 8184
f 7212 7213 8184
f 8181 7212 8184
f 7210 7212 8181
f 8179 7210 8181
f 7209 7210 8179
f 8176 7209 8179
f 8174 7209 8176
f 7205 7209 8174
f 8172 7205 8174
f 7203 7205 8172
f 7202 7203 8172
f 8169 7202 8172
f 8166 7202 8169
f 8164 7202 8166
f 7200 7202 8164
f 7199 7200 8164
f 8162 7199 8164
f 7190 7199 8162
f 8160 7190 8162
f 7189 7190 8160
f 8158 7189 8160
f 7185 7189 8158
f 8156 7185 8158
f 7183 7185 8156
f 8152 7183 8156
f 8153 7183 8152
f 7181 7183 8153
f 7180 7181 8153
f 8150 7180 8153
f 8147 7180 8150
f 8144 7180 8147
f 7177 7180 8144
f 7176 7177 8144
f 8143 7176 8144
f 8138 7176 8143
f 8137 7176 8138
f 7175 7176 8137
f 8136 7175 8137
f 7169 7175 8136
f 7167 7169 8136
f 8134 7167 8136
f 8133 7167 8134
f 7165 7167 8133
f 7163 7165 8133
f 8130 7163 8133
f 8129 7163 8130
f 6584 7216 7215
f 6581 6584 7215
f 6580 6581 7215
f 7211 6580 7215
f 7208 6580 7211
f 7207 6580 7208
f 6578 6580 7207
f 6577 6578 7207
f 7204 6577 7207
f 7201 6577 7204
f 6576 6577 7201
f 7198 6576 7201
f 7197 6576 7198
f 6574 6576 7197
f 7195 6574 7197
f 6568 6574 7195
f 7196 6568 7195
f 6567 6568 7196
f 6585 7216 6584
f 7218 7216 6585
f 6587 7218 6585
f 7221 7218 6587
f 7225 7221 6587
f 6588 7225 6587
f 7227 7225 6588
f 7232 7227 6588
f 6589 7232 6588
f 7234 7232 6589
f 6592 7234 6589
f 10658 7234 6592
f 6607 7234 10658
f 6609 7234 6607
f 7233 7234 6609
f 7235 7233 6609
f 6610 7235 6609
f 7237 7235 6610
f 7240 7237 6610
f 6611 7240 6610
f 7242 7240 6611
f 6615 7242 6611
f 6617 7242 6615
f 7243 7242 6617
f 7248 7243 6617
f 6618 7248 6617
f 7249 7248 6618
f 7252 7249 6618
f 6620 7252 6618
f 6623 7252 6620
f 7253 7252 6623
f 7256 7253 6623
f 6624 7256 6623
f 7258 7256 6624
f 7262 7258 6624
f 6625 7262 6624
f 7264 7262 6625
f 10657 7264 6625
f 6642 7264 10657
f 6644 7264 6642
f 7263 7264 6644
f 6646 7263 6644
f 7265 7263 6646
f 6648 7265 6646
f 7266 7265 6648
f 7268 7266 6648
f 6649 7268 6648
f 7270 7268 6649
f 6652 7270 6649
f 7272 7270 6652
f 7274 7272 6652
f 6654 7274 6652
f 7284 7274 6654
f 6656 7284 6654
f 7283 7284 6656
f 10819 7283 6656
f 10820 10819 6656
f 10821 10820 6656
f 6658 10821 6656
f 8163 8489 8483
f 8161 8163 8483
f 8159 8161 8483
f 8481 8159 8483
f 8157 8159 8481
f 8480 8157 8481
f 8155 8157 8480
f 8478 8155 8480
f 8154 8155 8478
f 8475 8154 8478
f 8473 8154 8475
f 8151 8154 8473
f 8470 8151 8473
f 8149 8151 8470
f 8468 8149 8470
f 8148 8149 8468
f 8466 8148 8468
f 8463 8148 8466
f 8461 8148 8463
f 8146 8148 8461
f 8460 8146 8461
f 8142 8146 8460
f 8141 8142 8460
f 8457 8141 8460
f 8455 8141 8457
f 8453 8141 8455
f 8140 8141 8453
f 8450 8140 8453
f 8448 8140 8450
f 8139 8140 8448
f 8449 8139 8448
f 10564 8139 8449
f 8131 10564 8449
f 8128 8131 8449
f 8127 8128 8449
f 8446 8127 8449
f 8445 8127 8446
f 8125 8127 8445
f 8442 8125 8445
f 8440 8125 8442
f 8123 8125 8440
f 8437 8123 8440
f 8436 8123 8437
f 8121 8123 8436
f 8434 8121 8436
f 8120 8121 8434
f 8430 8120 8434
f 8118 8120 8430
f 8116 8118 8430
f 8428 8116 8430
f 8427 8116 8428
f 8113 8116 8427
f 8553 8555 8551
f 8559 8555 8553
f 8562 8559 8553
f 8564 8562 8553
f 8207 8549 8547
f 8552 8549 8207
f 8209 8552 8207
f 8553 8552 8209
f 8210 8553 8209
f 8564 8553 8210
f 8212 8564 8210
f 8566 8564 8212
f 8213 8566 8212
f 8568 8566 8213
f 8216 8568 8213
f 8570 8568 8216
f 8573 8570 8216
f 8576 8573 8216
f 8217 8576 8216
f 8578 8576 8217
f 8219 8578 8217
f 8580 8578 8219
f 8221 8580 8219
f 8224 8580 8221
f 8579 8580 8224
f 8129 7162 7163
f 8126 7162 8129
f 8124 7162 8126
f 7158 7162 8124
f 8122 7158 8124
f 7156 7158 8122
f 8119 7156 8122
f 7154 7156 8119
f 8117 7154 8119
f 7153 7154 8117
f 8114 7153 8117
f 8115 7153 8114
f 7151 7153 8115
f 7147 7151 8115
f 7146 7147 8115
f 8112 7146 8115
f 8110 7146 8112
f 7145 7146 8110
f 8107 7145 8110
f 8106 7145 8107
f 7142 7145 8106
f 7139 7142 8106
f 8105 7139 8106
f 7134 7139 8105
f 8102 7134 8105
f 7132 7134 8102
f 8100 7132 8102
f 7131 7132 8100
f 8097 7131 8100
f 8095 7131 8097
f 7129 7131 8095
f 8096 7129 8095
f 7127 7129 8096
f 5954 6596 6597
f 4846 5954 6597
f 6569 4846 6597
f 5955 6596 5954
f 7166 6595 6596
f 5955 7166 6596
f 7168 7166 5955
f 5956 7168 5955
f 7170 7168 5956
f 7172 7170 5956
f 5957 7172 5956
f 5959 7172 5957
f 5961 7172 5959
f 7173 7172 5961
f 5964 7173 5961
f 5966 7173 5964
f 7173 7178 7174
f 5966 7178 7173
f 5969 7178 5966
f 7179 7178 5969
f 7182 7179 5969
f 5970 7182 5969
f 7184 7182 5970
f 5972 7184 5970
f 7187 7184 5972
f 5974 7187 5972
f 7188 7187 5974
f 7192 7188 5974
f 5975 7192 5974
f 7194 7192 5975
f 5977 7194 5975
f 7196 7194 5977
f 5979 7196 5977
f 5330 5965 5962
f 5963 5330 5962
f 5328 5330 5963
f 5325 5328 5963
f 5323 5325 5963
f 5960 5323 5963
f 5958 5323 5960
f 5322 5323 5958
f 5946 5322 5958
f 5945 5322 5946
f 5320 5322 5945
f 5312 5320 5945
f 5942 5312 5945
f 5310 5312 5942
f 5941 5310 5942
f 5306 5310 5941
f 5305 5306 5941
f 5938 5305 5941
f 5936 5305 5938
f 5303 5305 5936
f 5934 5303 5936
f 5301 5303 5934
f 5932 5301 5934
f 5299 5301 5932
f 5930 5299 5932
f 5297 5299 5930
f 5928 5297 5930
f 5295 5297 5928
f 5332 5965 5330
f 5967 5965 5332
f 5334 5967 5332
f 5968 5967 5334
f 5971 5968 5334
f 5336 5971 5334
f 5973 5971 5336
f 5976 5973 5336
f 5338 5976 5336
f 5978 5976 5338
f 5981 5978 5338
f 5339 5981 5338
f 5983 5981 5339
f 5341 5983 5339
f 5985 5983 5341
f 5991 5988 10822
f 5343 5991 10822
f 5342 5991 5343
f 5348 5991 5342
f 5992 5991 5348
f 5995 5992 5348
f 5349 5995 5348
f 5997 5995 5349
f 6000 5997 5349
f 5351 6000 5349
f 6001 6000 5351
f 5353 6001 5351
f 6003 6001 5353
f 6005 6003 5353
f 5355 6005 5353
f 6007 6005 5355
f 6595 7166 7164
f 6634 6567 7196
f 5979 6634 7196
f 6633 6634 5979
f 5980 6633 5979
f 5982 6633 5980
f 6636 6633 5982
f 5984 6636 5982
f 5987 6636 5984
f 6637 6636 5987
f 5989 6637 5987
f 5993 6637 5989
f 6639 6637 5993
f 5994 6639 5993
f 6641 6639 5994
f 5996 6641 5994
f 6643 6641 5996
f 5998 6643 5996
f 6645 6643 5998
f 6647 6645 5998
f 6650 6647 5998
f 5999 6650 5998
f 6002 6650 5999
f 6651 6650 6002
f 6004 6651 6002
f 6653 6651 6004
f 6006 6653 6004
f 6655 6653 6006
f 6009 6655 6006
f 6657 6655 6009
f 6660 6657 6009
f 6010 6660 6009
f 6662 6660 6010
f 6665 6662 6010
f 6011 6665 6010
f 6666 6665 6011
f 6013 6666 6011
f 6667 6666 6013
f 6671 6667 6013
f 6014 6671 6013
f 6673 6671 6014
f 6016 6673 6014
f 6675 6673 6016
f 6018 6675 6016
f 6677 6675 6018
f 6020 6677 6018
f 6679 6677 6020
f 6022 6679 6020
f 6681 6679 6022
f 6023 6681 6022
f 6683 6681 6023
f 6034 10823 6033
f 6686 10823 6034
f 6036 6686 6034
f 6684 6686 6036
f 6566 6567 6634
f 6632 6566 6634
f 6565 6566 6632
f 6630 6565 6632
f 6564 6565 6630
f 6627 6564 6630
f 6626 6564 6627
f 6563 6564 6626
f 6622 6563 6626
f 6621 6563 6622
f 6562 6563 6621
f 6619 6562 6621
f 6561 6562 6619
f 6616 6561 6619
f 6613 6561 6616
f 6559 6561 6613
f 6614 6559 6613
f 6557 6559 6614
f 6555 6557 6614
f 6554 6555 6614
f 6606 6554 6614
f 6603 6554 6606
f 6552 6554 6603
f 6604 6552 6603
f 6548 6552 6604
f 8632 8629 8602
f 8596 8632 8602
f 8638 8635 8632
f 8596 8638 8632
f 8594 8638 8596
f 8438 8638 8594
f 8592 8438 8594
f 8435 8438 8592
f 8591 8435 8592
f 8433 8435 8591
f 8588 8433 8591
f 8586 8433 8588
f 8432 8433 8586
f 8584 8432 8586
f 10222 8432 8584
f 8581 10222 8584
f 8579 10222 8581
f 10223 10222 8579
f 8224 10223 8579
f 8225 10223 8224
f 10225 10223 8225
f 8227 10225 8225
f 10227 10225 8227
f 8229 10227 8227
f 8232 10227 8229
f 10229 10227 8232
f 8233 10229 8232
f 10231 10229 8233
f 8235 10231 8233
f 10233 10231 8235
f 10236 10233 8235
f 8236 10236 8235
f 10238 10236 8236
f 8238 10238 8236
f 10240 10238 8238
f 8240 10240 8238
f 10243 10240 8240
f 10246 10243 8240
f 8242 10246 8240
f 10247 10246 8242
f 8246 10247 8242
f 10249 10247 8246
f 8248 10249 8246
f 10251 10249 8248
f 8249 10251 8248
f 10253 10251 8249
f 8251 10253 8249
f 8253 10253 8251
f 10255 10253 8253
f 10431 10226 10228
f 10432 10431 10228
f 10230 10432 10228
f 10436 10432 10230
f 10232 10436 10230
f 10437 10436 10232
f 10234 10437 10232
f 10439 10437 10234
f 10442 10439 10234
f 10235 10442 10234
f 10444 10442 10235
f 10237 10444 10235
f 10446 10444 10237
f 10239 10446 10237
f 10448 10446 10239
f 10450 10448 10239
f 10241 10450 10239
f 10452 10450 10241
f 10455 10452 10241
f 10242 10455 10241
f 10244 10455 10242
f 10430 10226 10431
f 8424 10226 10430
f 8422 8424 10430
f 10428 8422 10430
f 8421 8422 10428
f 10426 8421 10428
f 10424 8421 10426
f 8419 8421 10424
f 10423 8419 10424
f 8417 8419 10423
f 10422 8417 10423
f 8416 8417 10422
f 10559 8416 10422
f 8401 10559 10422
f 10420 8401 10422
f 10421 8401 10420
f 8399 8401 10421
f 8397 8399 10421
f 10561 8397 10421
f 8111 8427 8420
f 8418 8111 8420
f 8109 8111 8418
f 8415 8109 8418
f 8413 8109 8415
f 8108 8109 8413
f 8411 8108 8413
f 8103 8108 8411
f 8410 8103 8411
f 8101 8103 8410
f 8099 8101 8410
f 8408 8099 8410
f 8098 8099 8408
f 8406 8098 8408
f 8094 8098 8406
f 8404 8094 8406
f 8092 8094 8404
f 8113 8427 8111
f 6543 7152 7150
f 6541 6543 7150
f 7148 6541 7150
f 6544 7152 6543
f 7155 7152 6544
f 6547 7155 6544
f 7157 7155 6547
f 7160 7157 6547
f 6548 7160 6547
f 6604 7160 6548
f 7161 7160 6604
f 6602 7161 6604
f 7164 7161 6602
f 6539 7148 7149
f 6537 6539 7149
f 6536 6537 7149
f 7143 6536 7149
f 7141 6536 7143
f 7140 6536 7141
f 6531 6536 7140
f 7138 6531 7140
f 6529 6531 7138
f 7137 6529 7138
f 6526 6529 7137
f 7136 6526 7137
f 6524 6526 7136
f 6523 6524 7136
f 6541 7148 6539
f 6553 5947 5949
f 6556 6553 5949
f 5951 6556 5949
f 6558 6556 5951
f 5953 6558 5951
f 4846 6558 5953
f 2048 6558 4846
f 6551 5947 6553
f 5943 5947 6551
f 6550 5943 6551
f 5940 5943 6550
f 5939 5940 6550
f 6546 5939 6550
f 6545 5939 6546
f 5937 5939 6545
f 6542 5937 6545
f 5935 5937 6542
f 6540 5935 6542
f 5933 5935 6540
f 6538 5933 6540
f 5931 5933 6538
f 6534 5931 6538
f 6535 5931 6534
f 5929 5931 6535
f 5927 5929 6535
f 5926 5927 6535
f 6532 5926 6535
f 6530 5926 6532
f 5924 5926 6530
f 6528 5924 6530
f 5923 5924 6528
f 6527 5923 6528
f 5916 5923 6527
f 5915 5916 6527
f 6525 5915 6527
f 5914 5915 6525
f 6522 5914 6525
f 6520 5914 6522
f 5913 5914 6520
f 6518 5913 6520
f 6517 5913 6518
f 5909 5913 6517
f 5908 5909 6517
f 6514 5908 6517
f 6512 5908 6514
f 5906 5908 6512
f 6511 5906 6512
f 5904 5906 6511
f 5901 5904 6511
f 6509 5901 6511
f 5900 5901 6509
f 6508 5900 6509
f 5898 5900 6508
f 6505 5898 6508
f 5896 5898 6505
f 6503 5896 6505
f 5894 5896 6503
f 6500 5894 6503
f 6498 5894 6500
f 5892 5894 6498
f 5890 5892 6498
f 6495 5890 6498
f 5888 5890 6495
f 6494 5888 6495
f 5886 5888 6494
f 5884 5886 6494
f 5881 5884 6494
f 6492 5881 6494
f 5879 5881 6492
f 6490 5879 6492
f 6488 5879 6490
f 5878 5879 6488
f 6485 5878 6488
f 6483 5878 6485
f 5876 5878 6483
f 6482 5876 6483
f 5875 5876 6482
f 6479 5875 6482
f 6475 5875 6479
f 5873 5875 6475
f 6474 5873 6475
f 5872 5873 6474
f 6472 5872 6474
f 5871 5872 6472
f 6470 5871 6472
f 6468 5871 6470
f 5860 5871 6468
f 6456 5860 6468
f 5858 5860 6456
f 6454 5858 6456
f 5856 5858 6454
f 6451 5856 6454
f 6450 5856 6451
f 5854 5856 6450
f 6447 5854 6450
f 5853 5854 6447
f 6443 5853 6447
f 6441 5853 6443
f 6440 5853 6441
f 5850 5853 6440
f 5849 5850 6440
f 6436 5849 6440
f 6435 5849 6436
f 6433 5849 6435
f 5847 5849 6433
f 6430 5847 6433
f 6432 5847 6430
f 5844 5847 6432
f 5842 5844 6432
f 6431 5842 6432
f 5841 5842 6431
f 8337 10387 10385
f 8335 8337 10385
f 10380 8335 10385
f 8334 8335 10380
f 10378 8334 10380
f 8331 8334 10378
f 10376 8331 10378
f 8329 8331 10376
f 10373 8329 10376
f 8327 8329 10373
f 10374 8327 10373
f 8326 8327 10374
f 10375 8326 10374
f 8320 8326 10375
f 8319 8320 10375
f 10368 8319 10375
f 10366 8319 10368
f 10363 8319 10366
f 8318 8319 10363
f 10362 8318 10363
f 8316 8318 10362
f 10359 8316 10362
f 8315 8316 10359
f 10355 8315 10359
f 10354 8315 10355
f 8313 8315 10354
f 8308 8313 10354
f 10351 8308 10354
f 10352 8308 10351
f 8306 8308 10352
f 8304 8306 10352
f 8300 8304 10352
f 10350 8300 10352
f 8299 8300 10350
f 10347 8299 10350
f 10345 8299 10347
f 8297 8299 10345
f 10344 8297 10345
f 8294 8297 10344
f 10389 10387 8337
f 10392 10389 8337
f 8338 10392 8337
f 8341 10392 8338
f 10393 10392 8341
f 8344 10393 8341
f 10395 10393 8344
f 10398 10395 8344
f 8345 10398 8344
f 8348 10398 8345
f 10399 10398 8348
f 8352 10399 8348
f 8354 10399 8352
f 10400 10399 8354
f 8356 10400 8354
f 8360 10400 8356
f 10402 10400 8360
f 8391 10402 8360
f 10403 10402 8391
f 8392 10403 8391
f 8395 10403 8392
f 10404 10403 8395
f 10562 10404 8395
f 10408 10404 10562
f 10561 10408 10562
f 10410 10408 10561
f 10421 10410 10561
f 10419 10410 10421
f 10416 10410 10419
f 10411 10410 10416
f 10409 10410 10411
f 8034 8343 8342
f 8032 8034 8342
f 8340 8032 8342
f 8029 8032 8340
f 8339 8029 8340
f 8027 8029 8339
f 8026 8027 8339
f 8336 8026 8339
f 8332 8026 8336
f 8333 8026 8332
f 8023 8026 8333
f 8021 8023 8333
f 8020 8021 8333
f 8330 8020 8333
f 8328 8020 8330
f 8019 8020 8328
f 8325 8019 8328
f 8324 8019 8325
f 8017 8019 8324
f 8013 8017 8324
f 8323 8013 8324
f 8010 8013 8323
f 8008 8010 8323
f 8321 8008 8323
f 8007 8008 8321
f 8317 8007 8321
f 8005 8007 8317
f 8314 8005 8317
f 8312 8005 8314
f 8003 8005 8312
f 8311 8003 8312
f 8001 8003 8311
f 7999 8001 8311
f 8310 7999 8311
f 7997 7999 8310
f 7996 7997 8310
f 8307 7996 8310
f 8305 7996 8307
f 7994 7996 8305
f 7993 7994 8305
f 8302 7993 8305
f 8303 7993 8302
f 7991 7993 8303
f 7335 7991 8303
f 7333 7335 8303
f 8301 7333 8303
f 7331 7333 8301
f 8298 7331 8301
f 8296 7331 8298
f 7329 7331 8296
f 8295 7329 8296
f 8293 7329 8295
f 7327 7329 8293
f 7315 7327 8293
f 8291 7315 8293
f 7314 7315 8291
f 8290 7314 8291
f 7310 7314 8290
f 7302 7310 8290
f 8287 7302 8290
f 8288 7302 8287
f 7299 7302 8288
f 7297 7299 8288
f 8285 7297 8288
f 7296 7297 8285
f 8282 7296 8285
f 8279 7296 8282
f 8278 7296 8279
f 7294 7296 8278
f 8277 7294 8278
f 7291 7294 8277
f 8276 7291 8277
f 7290 7291 8276
f 8274 7290 8276
f 8273 7290 8274
f 7286 7290 8273
f 10602 7286 8273
f 8272 10602 8273
f 7279 7280 8269
f 8267 7279 8269
f 7278 7279 8267
f 8263 7278 8267
f 8262 7278 8263
f 7276 7278 8262
f 7275 7276 8262
f 8258 7275 8262
f 8256 7275 8258
f 7271 7275 8256
f 8255 7271 8256
f 7269 7271 8255
f 8252 7269 8255
f 7267 7269 8252
f 8250 7267 8252
f 8036 8343 8034
f 8346 8343 8036
f 8038 8346 8036
f 8347 8346 8038
f 8350 8347 8038
f 8040 8350 8038
f 8043 8350 8040
f 8351 8350 8043
f 8048 8351 8043
f 8353 8351 8048
f 8049 8353 8048
f 8355 8353 8049
f 8051 8355 8049
f 8358 8355 8051
f 8053 8358 8051
f 8056 8358 8053
f 8357 8358 8056
f 8359 8357 8056
f 8366 8359 8056
f 8368 8366 8056
f 8057 8368 8056
f 8367 8368 8057
f 8063 8367 8057
f 8370 8367 8063
f 8064 8370 8063
f 8372 8370 8064
f 8066 8372 8064
f 8373 8372 8066
f 8069 8373 8066
f 8375 8373 8069
f 8072 8375 8069
f 8376 8375 8072
f 8076 8376 8072
f 8078 8376 8076
f 8378 8376 8078
f 8381 8378 8078
f 8079 8381 8078
f 8084 8381 8079
f 8382 8381 8084
f 8086 8382 8084
f 8383 8382 8086
f 8388 8383 8086
f 8389 8388 8086
f 8087 8389 8086
f 8390 8389 8087
f 8393 8390 8087
f 8088 8393 8087
f 8089 8393 8088
f 8398 8393 8089
f 8091 8398 8089
f 7130 7136 7133
f 6523 7136 7130
f 7128 6523 7130
f 6521 6523 7128
f 7126 6521 7128
f 6519 6521 7126
f 7123 6519 7126
f 7122 6519 7123
f 6516 6519 7122
f 6515 6516 7122
f 7119 6515 7122
f 7117 6515 7119
f 6513 6515 7117
f 7118 6513 7117
f 6510 6513 7118
f 6507 6510 7118
f 7114 6507 7118
f 6506 6507 7114
f 7113 6506 7114
f 6504 6506 7113
f 7110 6504 7113
f 6502 6504 7110
f 7108 6502 7110
f 6501 6502 7108
f 7105 6501 7108
f 7104 6501 7105
f 6499 6501 7104
f 6497 6499 7104
f 7102 6497 7104
f 6496 6497 7102
f 7101 6496 7102
f 6493 6496 7101
f 6491 6493 7101
f 7099 6491 7101
f 6489 6491 7099
f 7097 6489 7099
f 7094 6489 7097
f 6487 6489 7094
f 7092 6487 7094
f 6486 6487 7092
f 7089 6486 7092
f 7087 6486 7089
f 6484 6486 7087
f 7086 6484 7087
f 6481 6484 7086
f 6480 6481 7086
f 7082 6480 7086
f 7080 6480 7082
f 7078 6480 7080
f 6477 6480 7078
f 7077 6477 7078
f 6476 6477 7077
f 7075 6476 7077
f 6471 6476 7075
f 7074 6471 7075
f 6469 6471 7074
f 6466 6469 7074
f 6465 6466 7074
f 7071 6465 7074
f 7070 6465 7071
f 6463 6465 7070
f 7060 6463 7070
f 6462 6463 7060
f 7057 6462 7060
f 7055 6462 7057
f 6460 6462 7055
f 8091 8400 8398
f 8404 8400 8091
f 8092 8404 8091
f 8083 8096 8093
f 8090 8083 8093
f 7127 8096 8083
f 7125 7127 8083
f 8082 7125 8083
f 8080 7125 8082
f 7124 7125 8080
f 8077 7124 8080
f 8075 7124 8077
f 7120 7124 8075
f 8073 7120 8075
f 7116 7120 8073
f 7115 7116 8073
f 8070 7115 8073
f 8071 7115 8070
f 7112 7115 8071
f 7111 7112 8071
f 8067 7111 8071
f 8068 7111 8067
f 7109 7111 8068
f 8065 7109 8068
f 7107 7109 8065
f 8062 7107 8065
f 8061 7107 8062
f 7106 7107 8061
f 7098 7106 8061
f 8060 7098 8061
f 7096 7098 8060
f 8058 7096 8060
f 7095 7096 8058
f 8055 7095 8058
f 8054 7095 8055
f 7093 7095 8054
f 8052 7093 8054
f 7091 7093 8052
f 8050 7091 8052
f 7090 7091 8050
f 8047 7090 8050
f 8046 7090 8047
f 7088 7090 8046
f 7084 7088 8046
f 8044 7084 8046
f 7083 7084 8044
f 8042 7083 8044
f 7067 7083 8042
f 8041 7067 8042
f 7065 7067 8041
f 8039 7065 8041
f 7064 7065 8039
f 8037 7064 8039
f 8035 7064 8037
f 7063 7064 8035
f 8033 7063 8035
f 7058 7063 8033
f 8031 7058 8033
f 7056 7058 8031
f 8030 7056 8031
f 7054 7056 8030
f 8028 7054 8030
f 7053 7054 8028
f 8025 7053 8028
f 8024 7053 8025
f 7051 7053 8024
f 8090 8085 8081
f 8083 8090 8081
f 8016 8022 8018
f 8014 8016 8018
f 8016 7046 7049
f 8022 8016 7049
f 8024 8022 7049
f 7051 8024 7049
f 7043 7046 8016
f 8015 7043 8016
f 7041 7043 8015
f 8012 7041 8015
f 7039 7041 8012
f 8011 7039 8012
f 7038 7039 8011
f 8009 7038 8011
f 8006 7038 8009
f 8004 7038 8006
f 7036 7038 8004
f 8002 7036 8004
f 7033 7036 8002
f 8000 7033 8002
f 7031 7033 8000
f 7998 7031 8000
f 7029 7031 7998
f 7995 7029 7998
f 6460 7052 7050
f 6459 6460 7050
f 7048 6459 7050
f 6457 6459 7048
f 7047 6457 7048
f 6453 6457 7047
f 6452 6453 7047
f 7044 6452 7047
f 7045 6452 7044
f 6449 6452 7045
f 6448 6449 7045
f 7055 7052 6460
f 5257 5887 5885
f 5256 5257 5885
f 5864 5256 5885
f 5865 5256 5864
f 5252 5256 5865
f 5251 5252 5865
f 5863 5251 5865
f 5249 5251 5863
f 5859 5249 5863
f 5248 5249 5859
f 5857 5248 5859
f 5246 5248 5857
f 5855 5246 5857
f 5245 5246 5855
f 5852 5245 5855
f 5851 5245 5852
f 5243 5245 5851
f 5241 5243 5851
f 5848 5241 5851
f 5846 5241 5848
f 5239 5241 5846
f 5845 5239 5846
f 5237 5239 5845
f 5235 5237 5845
f 5843 5235 5845
f 5233 5235 5843
f 5840 5233 5843
f 5230 5233 5840
f 5838 5230 5840
f 5228 5230 5838
f 5836 5228 5838
f 5226 5228 5836
f 5834 5226 5836
f 5224 5226 5834
f 5832 5224 5834
f 5223 5224 5832
f 5829 5223 5832
f 5824 5223 5829
f 5825 5223 5824
f 5221 5223 5825
f 5826 5221 5825
f 5259 5887 5257
f 5889 5887 5259
f 5262 5889 5259
f 5891 5889 5262
f 5264 5891 5262
f 5893 5891 5264
f 5266 5893 5264
f 5895 5893 5266
f 5270 5895 5266
f 5897 5895 5270
f 5271 5897 5270
f 5899 5897 5271
f 5903 5899 5271
f 5273 5903 5271
f 5274 5903 5273
f 5278 5903 5274
f 5902 5903 5278
f 5905 5902 5278
f 5279 5905 5278
f 5907 5905 5279
f 5918 5907 5279
f 5280 5918 5279
f 5282 5918 5280
f 5917 5918 5282
f 5920 5917 5282
f 5283 5920 5282
f 5287 5920 5283
f 5921 5920 5287
f 5289 5921 5287
f 5922 5921 5289
f 5925 5922 5289
f 5294 5925 5289
f 5928 5925 5294
f 5295 5928 5294
f 4785 5260 5261
f 4782 4785 5261
f 4780 4782 5261
f 4779 4780 5261
f 5258 4779 5261
f 5255 4779 5258
f 5254 4779 5255
f 4778 4779 5254
f 5253 4778 5254
f 4773 4778 5253
f 5250 4773 5253
f 4771 4773 5250
f 5247 4771 5250
f 4770 4771 5247
f 5244 4770 5247
f 5242 4770 5244
f 4768 4770 5242
f 5240 4768 5242
f 4766 4768 5240
f 5238 4766 5240
f 4764 4766 5238
f 5236 4764 5238
f 4763 4764 5236
f 5234 4763 5236
f 4761 4763 5234
f 5231 4761 5234
f 4759 4761 5231
f 5232 4759 5231
f 4757 4759 5232
f 4756 4757 5232
f 5229 4756 5232
f 5227 4756 5229
f 5225 4756 5227
f 4755 4756 5225
f 5222 4755 5225
f 5219 4755 5222
f 4754 4755 5219
f 5220 4754 5219
f 4751 4754 5220
f 10682 4751 5220
f 5263 5260 4785
f 4788 5263 4785
f 5265 5263 4788
f 5268 5265 4788
f 4790 5268 4788
f 4792 5268 4790
f 5269 5268 4792
f 5272 5269 4792
f 4793 5272 4792
f 5275 5272 4793
f 4795 5275 4793
f 5277 5275 4795
f 4797 5277 4795
f 5281 5277 4797
f 4799 5281 4797
f 5284 5281 4799
f 4800 5284 4799
f 5286 5284 4800
f 4802 5286 4800
f 4806 5286 4802
f 5285 5286 4806
f 5288 5285 4806
f 5291 5288 4806
f 4807 5291 4806
f 4809 5291 4807
f 5292 5291 4809
f 4811 5292 4809
f 4814 5292 4811
f 5293 5292 4814
f 5296 5293 4814
f 4815 5296 4814
f 5298 5296 4815
f 4818 5298 4815
f 5300 5298 4818
f 5302 5300 4818
f 4819 5302 4818
f 5304 5302 4819
f 5307 5304 4819
f 4820 5307 4819
f 5309 5307 4820
f 4368 4786 4787
f 4366 4368 4787
f 4784 4366 4787
f 4364 4366 4784
f 4783 4364 4784
f 4362 4364 4783
f 4360 4362 4783
f 4781 4360 4783
f 4359 4360 4781
f 4776 4359 4781
f 4357 4359 4776
f 4775 4357 4776
f 4354 4357 4775
f 4353 4354 4775
f 4352 4353 4775
f 4772 4352 4775
f 4769 4352 4772
f 4767 4352 4769
f 4351 4352 4767
f 4765 4351 4767
f 4350 4351 4765
f 4762 4350 4765
f 4760 4350 4762
f 4349 4350 4760
f 4341 4349 4760
f 4758 4341 4760
f 4339 4341 4758
f 4338 4339 4758
f 4753 4338 4758
f 4750 4338 4753
f 4337 4338 4750
f 4749 4337 4750
f 4747 4337 4749
f 4334 4337 4747
f 4333 4334 4747
f 4744 4333 4747
f 4742 4333 4744
f 4331 4333 4742
f 4739 4331 4742
f 4329 4331 4739
f 4737 4329 4739
f 4328 4329 4737
f 4735 4328 4737
f 4327 4328 4735
f 4789 4786 4368
f 4791 4789 4368
f 4369 4791 4368
f 4794 4791 4369
f 4371 4794 4369
f 4796 4794 4371
f 4373 4796 4371
f 4798 4796 4373
f 4801 4798 4373
f 4374 4801 4373
f 4803 4801 4374
f 4375 4803 4374
f 4378 4803 4375
f 4804 4803 4378
f 4379 4804 4378
f 4805 4804 4379
f 4383 4805 4379
f 4808 4805 4383
f 4385 4808 4383
f 4810 4808 4385
f 4387 4810 4385
f 4812 4810 4387
f 4813 4812 4387
f 4817 4813 4387
f 4388 4817 4387
f 4391 4817 4388
f 4816 4817 4391
f 4821 4816 4391
f 4825 4824 10824
f 4828 4825 10824
f 4827 4828 4393
f 4392 4827 4393
f 4830 4827 4392
f 4833 4830 4392
f 4395 4833 4392
f 4835 4833 4395
f 4397 4835 4395
f 10825 4835 4397
f 4837 4835 10825
f 4000 4370 4367
f 4365 4000 4367
f 3998 4000 4365
f 3997 3998 4365
f 4363 3997 4365
f 3986 3997 4363
f 3984 3986 4363
f 4361 3984 4363
f 3983 3984 4361
f 4358 3983 4361
f 4356 3983 4358
f 3978 3983 4356
f 4355 3978 4356
f 3977 3978 4355
f 4347 3977 4355
f 4346 3977 4347
f 3975 3977 4346
f 4344 3975 4346
f 3972 3975 4344
f 4343 3972 4344
f 3971 3972 4343
f 4340 3971 4343
f 4336 3971 4340
f 3969 3971 4336
f 4335 3969 4336
f 3968 3969 4335
f 4332 3968 4335
f 4330 3968 4332
f 3964 3968 4330
f 4324 3964 4330
f 3965 3964 4324
f 4326 3965 4324
f 4318 10826 4322
f 4317 10826 4318
f 10827 10826 4317
f 4315 10827 4317
f 10828 10827 4315
f 10829 10828 4315
f 4314 10829 4315
f 10729 10829 4314
f 3961 10729 4314
f 4308 3961 4314
f 3960 3961 4308
f 4306 3960 4308
f 4304 3960 4306
f 4302 3960 4304
f 3959 3960 4302
f 4300 3959 4302
f 3958 3959 4300
f 4297 3958 4300
f 4295 3958 4297
f 3957 3958 4295
f 4293 3957 4295
f 3953 3957 4293
f 4291 3953 4293
f 3952 3953 4291
f 4289 3952 4291
f 3950 3952 4289
f 10830 3950 4289
f 4276 10830 4289
f 4277 10830 4276
f 4001 4370 4000
f 4372 4370 4001
f 4376 4372 4001
f 4003 4376 4001
f 4377 4376 4003
f 4380 4377 4003
f 4005 4380 4003
f 4382 4380 4005
f 4381 4382 10728
f 4384 4381 10728
f 4006 4384 10728
f 4386 4384 4006
f 4389 4386 4006
f 4009 4389 4006
f 4390 4389 4009
f 10831 4390 4009
f 4010 10831 4009
f 4846 6569 2050
f 4838 5340 5337
f 5345 5346 4840
f 4839 5345 4840
f 5347 5345 4839
f 5350 5347 4839
f 4843 5350 4839
f 5352 5350 4843
f 4844 5352 4843
f 4836 5337 5335
f 4834 4836 5335
f 5333 4834 5335
f 4832 4834 5333
f 5331 4832 5333
f 4831 4832 5331
f 5329 4831 5331
f 4829 4831 5329
f 5327 4829 5329
f 4826 4829 5327
f 5326 4826 5327
f 4822 4826 5326
f 5319 4822 5326
f 4823 4822 5319
f 5317 4823 5319
f 10832 4823 5317
f 5316 10832 5317
f 5314 10833 5316
f 4838 5337 4836
f 5308 5314 5311
f 10833 5314 5308
f 5309 10833 5308
f 10307 10467 10463
f 10462 10307 10463
f 10301 10307 10462
f 10298 10301 10462
f 10460 10298 10462
f 10296 10298 10460
f 10459 10296 10460
f 10294 10296 10459
f 10293 10294 10459
f 10456 10293 10459
f 10453 10293 10456
f 10291 10293 10453
f 10454 10291 10453
f 10290 10291 10454
f 10308 10467 10307
f 10469 10467 10308
f 10492 10469 10308
f 10309 10492 10308
f 10493 10492 10309
f 10310 10493 10309
f 10494 10493 10310
f 10313 10494 10310
f 10496 10494 10313
f 10314 10496 10313
f 10498 10496 10314
f 10317 10498 10314
f 10500 10498 10317
f 10319 10500 10317
f 10502 10500 10319
f 10505 10502 10319
f 10507 10505 10319
f 10320 10507 10319
f 10509 10507 10320
f 10322 10509 10320
f 10510 10509 10322
f 10834 10510 10322
f 10521 10510 10834
f 10295 10265 10267
f 10297 10295 10267
f 10300 10297 10267
f 10268 10300 10267
f 10272 10300 10268
f 10292 10265 10295
f 10289 10265 10292
f 10272 10299 10300
f 10274 10299 10272
f 10302 10299 10274
f 10304 10302 10274
f 10276 10304 10274
f 10312 10304 10276
f 10278 10312 10276
f 10280 10312 10278
f 10311 10312 10280
f 10315 10311 10280
f 10281 10315 10280
f 10316 10315 10281
f 10283 10316 10281
f 10318 10316 10283
f 10321 10318 10283
f 10284 10321 10283
f 10286 10325 10287
f 10326 10325 10286
f 10290 10326 10286
f 10328 10326 10290
f 10454 10328 10290
f 10455 10328 10454
f 10244 10328 10455
f 10327 10328 10244
f 10245 10327 10244
f 10248 10327 10245
f 10323 10327 10248
f 10250 10323 10248
f 10324 10323 10250
f 10252 10324 10250
f 10258 10324 10252
f 10257 10262 10264
f 10261 10257 10264
f 10260 10257 10261
f 10266 10262 10257
f 10256 10266 10257
f 10269 10266 10256
f 10255 10269 10256
f 10271 10269 10255
f 8253 10271 10255
f 8257 10271 8253
f 8259 10271 8257
f 10270 10271 8259
f 10273 10270 8259
f 8260 10273 8259
f 10275 10273 8260
f 10277 10275 8260
f 8261 10277 8260
f 8264 10277 8261
f 4847 10277 8264
f 10563 4847 8264
f 10265 10288 10263
f 10289 10288 10265
f 10835 8265 8266
f 10836 8265 10835
f 10563 8265 10836
f 4850 4849 4847
f 4848 4850 4847
f 10563 4849 4847
f 4848 4850 4849
f 6668 7295 7292
f 7293 6668 7292
f 7298 7295 6668
f 6669 7298 6668
f 7300 7298 6669
f 6670 7300 6669
f 6672 7300 6670
f 7305 7301 7300
f 6672 7305 7300
f 6674 7305 6672
f 7307 7305 6674
f 10615 7307 6674
f 10613 7307 10615
f 10334 8280 8281
f 10336 10334 8281
f 8283 10336 8281
f 10338 10336 8283
f 10340 10338 8283
f 10343 10340 8283
f 8284 10343 8283
f 8286 10343 8284
f 8292 10343 8286
f 10344 10343 8292
f 8294 10344 8292
f 10329 8280 10334
f 10332 8280 10329
f 4851 8280 10332
f 10331 4851 10332
f 7293 6664 6668
f 10837 7293 7289
f 7285 2054 2053
f 6664 7293 10837
f 6663 6664 10837
f 551 553 581
f 10838 6663 10839
f 6661 6663 10838
f 10840 6661 10838
f 6659 6661 10840
f 10841 6659 10840
f 6658 6659 10841
f 4848 10331 10842
f 8275 4848 10842
f 10843 8275 10842
f 8271 8275 10843
f 4851 10331 4848
f 5355 6015 6012
f 6007 5355 6012
f 5357 6015 5355
f 6017 6015 5357
f 5358 6017 5357
f 6019 6017 5358
f 5361 6019 5358
f 6021 6019 5361
f 6025 6021 5361
f 5362 6025 5361
f 5364 6028 5365
f 6026 6028 5364
f 6030 6026 5364
f 6032 6030 5364
f 5367 6032 5364
f 5370 6032 5367
f 6039 6032 5370
f 6041 6039 5370
f 6043 6041 5370
f 5371 6043 5370
f 6658 10841 10844
f 10821 6658 10844
f 10613 7306 7307
f 10613 6037 6038
f 10611 6037 10613
f 10610 6037 10611
f 6036 6037 10610
f 6038 7306 10613
f 6040 7306 6038
f 7304 7306 6040
f 6042 7304 6040
f 7308 7304 6042
f 6045 7308 6042
f 7309 7308 6045
f 7312 7309 6045
f 6046 7312 6045
f 5368 5366 4853
f 4852 5368 4853
f 5369 5368 4852
f 5372 5369 4852
f 4856 5372 4852
f 5374 5372 4856
f 4858 5374 4856
f 5376 5374 4858
f 5379 5376 4858
f 5382 5379 4858
f 4859 5382 4858
f 10845 5382 4859
f 10846 5382 10845
f 5383 5382 10846
f 5385 5383 10846
f 4868 5388 4867
f 5390 5388 4868
f 5393 5390 4868
f 4869 5393 4868
f 4871 5393 4869
f 5394 5393 4871
f 4873 5394 4871
f 5396 5394 4873
f 4875 5396 4873
f 5398 5396 4875
f 5400 5398 4875
f 4876 5400 4875
f 4879 5400 4876
f 5360 10681 5363
f 5359 10681 5360
f 4844 10681 5359
f 5356 4844 5359
f 5352 4844 5356
f 5354 5352 5356
f 10279 10285 10282
f 4849 10285 10279
f 7328 6706 6708
f 7330 7328 6708
f 6709 7330 6708
f 7332 7330 6709
f 7334 7332 6709
f 7337 7334 6709
f 6710 7337 6709
f 7339 7337 6710
f 6712 7339 6710
f 7341 7339 6712
f 6714 7341 6712
f 6717 7341 6714
f 7342 7341 6717
f 7344 7342 6717
f 6718 7344 6717
f 6721 7344 6718
f 7345 7344 6721
f 6722 7345 6721
f 6724 7345 6722
f 7351 7345 6724
f 6726 7351 6724
f 7352 7351 6726
f 6727 7352 6726
f 7354 7352 6727
f 6729 7354 6727
f 7356 7354 6729
f 6731 7356 6729
f 6733 7356 6731
f 6704 6706 7328
f 7326 6704 7328
f 6703 6704 7326
f 7318 6703 7326
f 7322 6703 7318
f 7324 6703 7322
f 6701 6703 7324
f 10605 6701 7324
f 6076 6694 6691
f 6687 6076 6691
f 6074 6076 6687
f 6689 6074 6687
f 10847 6074 6689
f 6072 6074 10847
f 10848 6072 10847
f 6071 6072 10848
f 6684 6062 6685
f 10664 6062 6684
f 6036 10664 6684
f 10610 10664 6036
f 6058 10664 10610
f 10608 6058 10610
f 6057 6058 10608
f 10606 6057 10608
f 10605 6057 10606
f 6055 6057 10605
f 7324 6055 10605
f 7323 6055 7324
f 6053 6055 7323
f 6052 6053 7323
f 7319 6052 7323
f 7320 6052 7319
f 6050 6052 7320
f 7321 6050 7320
f 6048 6050 7321
f 6046 6048 7321
f 7312 6046 7321
f 7317 7312 7321
f 7313 7312 7317
f 6696 6694 6076
f 6077 6696 6076
f 6085 6696 6077
f 6697 6696 6085
f 6700 6697 6085
f 6086 6700 6085
f 6702 6700 6086
f 6705 6702 6086
f 6087 6705 6086
f 6711 6705 6087
f 6713 6711 6087
f 6089 6713 6087
f 6715 6713 6089
f 6092 6715 6089
f 6094 6715 6092
f 6716 6715 6094
f 6719 6716 6094
f 6095 6719 6094
f 6097 6719 6095
f 6720 6719 6097
f 6106 6720 6097
f 6723 6720 6106
f 6725 6723 6106
f 6107 6725 6106
f 6728 6725 6107
f 6108 6728 6107
f 6730 6728 6108
f 6110 6730 6108
f 6732 6730 6110
f 6111 6732 6110
f 6735 6732 6111
f 6113 6735 6111
f 6115 6735 6113
f 6118 6735 6115
f 6736 6735 6118
f 6738 6736 6118
f 6119 6738 6118
f 6740 6738 6119
f 6121 6740 6119
f 6126 6740 6121
f 6129 6740 6126
f 6739 6740 6129
f 6131 6739 6129
f 6741 6739 6131
f 6133 6741 6131
f 6743 6741 6133
f 6135 6743 6133
f 6745 6743 6135
f 6747 6745 6135
f 6751 6747 6135
f 6136 6751 6135
f 6139 6751 6136
f 6752 6751 6139
f 6755 6752 6139
f 6140 6755 6139
f 6756 6755 6140
f 6144 6756 6140
f 6758 6756 6144
f 6145 6758 6144
f 6759 6758 6145
f 6147 6759 6145
f 6761 6759 6147
f 6152 6761 6147
f 6763 6761 6152
f 6155 6763 6152
f 6764 6763 6155
f 6766 6764 6155
f 6156 6766 6155
f 6768 6766 6156
f 6157 6768 6156
f 6770 6768 6157
f 6159 6770 6157
f 6162 6770 6159
f 6772 6770 6162
f 6774 6772 6162
f 6777 6774 6162
f 6163 6777 6162
f 6779 6777 6163
f 6782 6779 6163
f 6165 6782 6163
f 6169 6782 6165
f 6781 6782 6169
f 6171 6781 6169
f 6783 6781 6171
f 6785 6783 6171
f 6172 6785 6171
f 6174 6785 6172
f 6787 6785 6174
f 6790 6787 6174
f 6175 6790 6174
f 6177 6790 6175
f 4731 6075 6073
f 4730 4731 6073
f 6070 4730 6073
f 6067 4730 6070
f 4729 4730 6067
f 4724 4729 6067
f 6069 4724 6067
f 4720 4721 10849
f 6066 4720 10849
f 6063 4720 6066
f 4718 4720 6063
f 4717 4718 6063
f 6065 4717 6063
f 6078 6075 4731
f 4732 6078 4731
f 6080 6078 4732
f 4734 6080 4732
f 6082 6080 4734
f 4736 6082 4734
f 6091 6082 4736
f 4738 6091 4736
f 4740 6091 4738
f 6093 6091 4740
f 4741 6093 4740
f 6096 6093 4741
f 6100 6096 4741
f 4743 6100 4741
f 6102 6100 4743
f 4745 6102 4743
f 6049 5375 5377
f 6051 6049 5377
f 6054 6051 5377
f 5378 6054 5377
f 6056 6054 5378
f 6060 6056 5378
f 5380 6060 5378
f 10674 6060 5380
f 10675 6060 10674
f 6061 6060 10675
f 5386 6065 5387
f 6047 5375 6049
f 5373 5375 6047
f 6044 5373 6047
f 6043 5373 6044
f 5371 5373 6043
f 4855 10850 10851
f 4857 4855 10851
f 4861 4857 10851
f 4405 10852 4404
f 4864 10852 4405
f 4862 4864 4405
f 4406 4862 4405
f 4870 4862 4406
f 4408 4870 4406
f 4872 4870 4408
f 4410 4872 4408
f 4874 4872 4410
f 4877 4874 4410
f 4411 4877 4410
f 4413 4877 4411
f 4878 4877 4413
f 4881 4878 4413
f 4414 4881 4413
f 4884 4881 4414
f 4416 4884 4414
f 4886 4884 4416
f 4887 4886 4416
f 4418 4887 4416
f 4854 10850 4855
f 10853 3996 3995
f 10854 10853 3995
f 3994 10854 3995
f 10855 10854 3994
f 3992 10855 3994
f 3991 10856 3992
f 2503 10856 3991
f 2502 2503 3991
f 3990 2502 3991
f 2499 2502 3990
f 2498 2499 3990
f 3988 2498 3990
f 3985 2498 3988
f 3981 2498 3985
f 2496 2498 3981
f 2495 2496 3981
f 3979 2495 3981
f 3976 2495 3979
f 3974 2495 3976
f 2494 2495 3974
f 3973 2494 3974
f 2492 2494 3973
f 10857 2492 3973
f 3999 3996 10853
f 4002 3999 10853
f 10858 4002 10853
f 4004 4002 10858
f 7042 7040 7037
f 7034 7042 7037
f 7045 7042 7034
f 7035 7045 7034
f 6448 7045 7035
f 6446 6448 7035
f 6445 6446 7035
f 7032 6445 7035
f 7030 6445 7032
f 6444 6445 7030
f 7028 6444 7030
f 7024 6444 7028
f 7025 6444 7024
f 6442 6444 7025
f 6438 6442 7025
f 7022 6438 7025
f 7020 6438 7022
f 6437 6438 7020
f 7018 6437 7020
f 7016 6437 7018
f 6434 6437 7016
f 7015 6434 7016
f 6429 6434 7015
f 7013 6429 7015
f 6427 6429 7013
f 7011 6427 7013
f 6426 6427 7011
f 7009 6426 7011
f 6418 6426 7009
f 7007 6418 7009
f 6417 6418 7007
f 7005 6417 7007
f 6414 6417 7005
f 6412 6414 7005
f 7003 6412 7005
f 6409 6412 7003
f 7001 6409 7003
f 6407 6409 7001
f 6999 6407 7001
f 6405 6407 6999
f 6998 6405 6999
f 6402 6405 6998
f 6401 6402 6998
f 6996 6401 6998
f 6993 6401 6996
f 6991 6401 6993
f 6399 6401 6991
f 6990 6399 6991
f 6397 6399 6990
f 6396 6397 6990
f 6987 6396 6990
f 6985 6396 6987
f 6394 6396 6985
f 6983 6394 6985
f 7974 7021 7023
f 7976 7974 7023
f 7988 7976 7023
f 7026 7988 7023
f 7987 7988 7026
f 7990 7987 7026
f 7027 7990 7026
f 7992 7990 7027
f 7995 7992 7027
f 7029 7995 7027
f 7973 7021 7974
f 7019 7021 7973
f 7971 7019 7973
f 7017 7019 7971
f 7970 7017 7971
f 7014 7017 7970
f 7012 7014 7970
f 7968 7012 7970
f 7010 7012 7968
f 7967 7010 7968
f 7008 7010 7967
f 7006 7008 7967
f 7963 7006 7967
f 7962 7006 7963
f 7004 7006 7962
f 7960 7004 7962
f 7002 7004 7960
f 7957 7002 7960
f 7958 7002 7957
f 7000 7002 7958
f 6997 7000 7958
f 7956 6997 7958
f 6995 6997 7956
f 7952 6995 7956
f 7951 6995 7952
f 4321 4323 10859
f 4733 4327 4735
f 4727 4327 4733
f 3967 3966 10860
f 3970 3967 10860
f 10860 3973 3970
f 10857 3973 10860
f 10861 2491 2493
f 2497 2491 10861
f 2500 2497 10861
f 10862 2500 10861
f 2501 2500 10862
f 2505 2501 10862
f 5841 6431 6428
f 6424 5841 6428
f 5839 5841 6424
f 6423 5839 6424
f 5837 5839 6423
f 5835 5837 6423
f 6422 5835 6423
f 5833 5835 6422
f 5831 5833 6422
f 6420 5831 6422
f 5830 5831 6420
f 6416 5830 6420
f 6415 5830 6416
f 5828 5830 6415
f 6413 5828 6415
f 5827 5828 6413
f 6410 5827 6413
f 6411 5827 6410
f 6411 5821 5827
f 5820 5821 6411
f 6408 5820 6411
f 6406 5820 6408
f 5818 5820 6406
f 6404 5818 6406
f 5817 5818 6404
f 6403 5817 6404
f 5813 5817 6403
f 5812 5813 6403
f 6400 5812 6403
f 6398 5812 6400
f 5809 5812 6398
f 5808 5809 6398
f 6395 5808 6398
f 6393 5808 6395
f 5806 5808 6393
f 6392 5806 6393
f 5804 5806 6392
f 6390 5804 6392
f 5803 5804 6390
f 6387 5803 6390
f 6384 5803 6387
f 5801 5803 6384
f 6383 5801 6384
f 5799 5801 6383
f 6380 5799 6383
f 6379 5799 6380
f 5796 5799 6379
f 5794 5796 6379
f 6377 5794 6379
f 5793 5794 6377
f 6374 5793 6377
f 6372 5793 6374
f 5791 5793 6372
f 6371 5791 6372
f 5790 5791 6371
f 6360 5790 6371
f 6358 5790 6360
f 5788 5790 6358
f 6357 5788 6358
f 5785 5788 6357
f 6355 5785 6357
f 5783 5785 6355
f 6352 5783 6355
f 5782 5783 6352
f 6350 5782 6352
f 6348 5782 6350
f 5780 5782 6348
f 6347 5780 6348
f 5778 5780 6347
f 5774 5778 6347
f 5773 5774 6347
f 6346 5773 6347
f 5770 5773 6346
f 5769 5770 6346
f 6344 5769 6346
f 6342 5769 6344
f 5767 5769 6342
f 6341 5767 6342
f 5765 5767 6341
f 5764 5765 6341
f 6339 5764 6341
f 5754 5764 6339
f 6337 5754 6339
f 5753 5754 6337
f 6333 5753 6337
f 6331 5753 6333
f 5751 5753 6331
f 6329 5751 6331
f 5749 5751 6329
f 6327 5749 6329
f 5746 5749 6327
f 5744 5746 6327
f 6325 5744 6327
f 5743 5744 6325
f 6322 5743 6325
f 6320 5743 6322
f 5742 5743 6320
f 6317 5742 6320
f 6316 5742 6317
f 5740 5742 6316
f 5737 5740 6316
f 6315 5737 6316
f 5735 5737 6315
f 5734 5735 6315
f 6309 5734 6315
f 6311 5734 6309
f 5733 5734 6311
f 6312 5733 6311
f 10666 5733 6312
f 5719 10666 6312
f 6310 5719 6312
f 5716 5719 6310
f 6308 5716 6310
f 5714 5716 6308
f 6305 5714 6308
f 6303 5714 6305
f 5712 5714 6303
f 6301 5712 6303
f 5710 5712 6301
f 6299 5710 6301
f 5708 5710 6299
f 6297 5708 6299
f 5707 5708 6297
f 6294 5707 6297
f 6296 5707 6294
f 5705 5707 6296
f 5699 5705 6296
f 5697 5699 6296
f 6295 5697 6296
f 5696 5697 6295
f 5691 5696 6295
f 5689 5691 6295
f 6292 5689 6295
f 5688 5689 6292
f 6290 5688 6292
f 5687 5688 6290
f 6287 5687 6290
f 6286 5687 6287
f 5686 5687 6286
f 6282 5686 6286
f 6281 5686 6282
f 5685 5686 6281
f 5681 5685 6281
f 6279 5681 6281
f 5680 5681 6279
f 6276 5680 6279
f 6274 5680 6276
f 5678 5680 6274
f 6272 5678 6274
f 5677 5678 6272
f 6271 5677 6272
f 5674 5677 6271
f 10667 5674 6271
f 5670 10667 6271
f 6268 5670 6271
f 6266 5670 6268
f 5668 5670 6266
f 6265 5668 6266
f 5666 5668 6265
f 6263 5666 6265
f 5665 5666 6263
f 6261 5665 6263
f 6262 5665 6261
f 5655 5665 6262
f 5653 5655 6262
f 6258 5653 6262
f 6256 5653 6258
f 5651 5653 6256
f 6257 5651 6256
f 5648 5651 6257
f 5647 5648 6257
f 6254 5647 6257
f 5643 5647 6254
f 6247 5643 6254
f 6252 5643 6247
f 5641 5643 6252
f 6253 5641 6252
f 5639 5641 6253
f 5635 5639 6253
f 5633 5635 6253
f 6251 5633 6253
f 5631 5633 6251
f 6250 5631 6251
f 5623 5631 6250
f 5622 5623 6250
f 6248 5622 6250
f 5620 5622 6248
f 6243 5620 6248
f 6242 5620 6243
f 5619 5620 6242
f 5615 5619 6242
f 6239 5615 6242
f 6237 5615 6239
f 6235 5615 6237
f 5613 5615 6235
f 6233 5613 6235
f 5612 5613 6233
f 6231 5612 6233
f 5608 5612 6231
f 6228 5608 6231
f 6227 5608 6228
f 5607 5608 6227
f 6223 5607 6227
f 6222 5607 6223
f 5604 5607 6222
f 5603 5604 6222
f 6220 5603 6222
f 6217 5603 6220
f 6218 5603 6217
f 5601 5603 6218
f 5600 5601 6218
f 6211 5600 6218
f 6210 5600 6211
f 5596 5600 6210
f 5594 5596 6210
f 6208 5594 6210
f 5592 5594 6208
f 6206 5592 6208
f 5591 5592 6206
f 6203 5591 6206
f 6202 5591 6203
f 6199 5591 6202
f 5589 5591 6199
f 6197 5589 6199
f 5586 5589 6197
f 6195 5586 6197
f 5584 5586 6195
f 6193 5584 6195
f 5583 5584 6193
f 6189 5583 6193
f 6190 5583 6189
f 5580 5583 6190
f 5578 5580 6190
f 5561 5578 6190
f 5560 5561 6190
f 6187 5560 6190
f 6188 5560 6187
f 5558 5560 6188
f 5556 5558 6188
f 5555 5556 6188
f 6184 5555 6188
f 6181 5555 6184
f 6180 5555 6181
f 5553 5555 6180
f 6178 5553 6180
f 5551 5553 6178
f 6176 5551 6178
f 5549 5551 6176
f 6173 5549 6176
f 5548 5549 6173
f 6170 5548 6173
f 6167 5548 6170
f 5546 5548 6167
f 6168 5546 6167
f 5543 5546 6168
f 5541 5543 6168
f 6166 5541 6168
f 5537 5541 6166
f 6164 5537 6166
f 5536 5537 6164
f 6161 5536 6164
f 6160 5536 6161
f 5535 5536 6160
f 6158 5535 6160
f 5532 5535 6158
f 6154 5532 6158
f 6153 5532 6154
f 5527 5532 6153
f 5525 5527 6153
f 6151 5525 6153
f 5524 5525 6151
f 6148 5524 6151
f 6150 5524 6148
f 10668 5524 6150
f 10671 10668 6150
f 5215 5823 5822
f 5213 5215 5822
f 5211 5213 5822
f 5819 5211 5822
f 5210 5211 5819
f 5816 5210 5819
f 5815 5210 5816
f 5207 5210 5815
f 5205 5207 5815
f 5814 5205 5815
f 5202 5205 5814
f 5811 5202 5814
f 5810 5202 5811
f 5199 5202 5810
f 5198 5199 5810
f 5807 5198 5810
f 5805 5198 5807
f 5197 5198 5805
f 5802 5197 5805
f 5800 5197 5802
f 5195 5197 5800
f 5798 5195 5800
f 5192 5195 5798
f 5190 5192 5798
f 5797 5190 5798
f 5189 5190 5797
f 5795 5189 5797
f 5188 5189 5795
f 5792 5188 5795
f 5789 5188 5792
f 5187 5188 5789
f 5786 5187 5789
f 5787 5187 5786
f 5185 5187 5787
f 5183 5185 5787
f 5784 5183 5787
f 5182 5183 5784
f 5781 5182 5784
f 5779 5182 5781
f 5179 5182 5779
f 5178 5179 5779
f 5776 5178 5779
f 5777 5178 5776
f 5176 5178 5777
f 5163 5176 5777
f 5775 5163 5777
f 5161 5163 5775
f 5160 5161 5775
f 5772 5160 5775
f 5771 5160 5772
f 5157 5160 5771
f 5156 5157 5771
f 5768 5156 5771
f 5766 5156 5768
f 5153 5156 5766
f 5152 5153 5766
f 5763 5152 5766
f 5762 5152 5763
f 5150 5152 5762
f 5761 5150 5762
f 5148 5150 5761
f 5147 5148 5761
f 5758 5147 5761
f 5759 5147 5758
f 5144 5147 5759
f 5142 5144 5759
f 5757 5142 5759
f 5141 5142 5757
f 5752 5141 5757
f 5750 5141 5752
f 5748 5141 5750
f 5138 5141 5748
f 5747 5138 5748
f 5826 5823 5215
f 5216 5826 5215
f 5221 5826 5216
f 4693 4745 4746
f 10682 4693 4746
f 4692 4693 10682
f 5220 4692 10682
f 5218 4692 5220
f 4689 4692 5218
f 5217 4689 5218
f 4688 4689 5217
f 5214 4688 5217
f 5212 4688 5214
f 4686 4688 5212
f 5209 4686 5212
f 5208 4686 5209
f 4685 4686 5208
f 5206 4685 5208
f 4679 4685 5206
f 5203 4679 5206
f 5204 4679 5203
f 4676 4679 5204
f 4675 4676 5204
f 5201 4675 5204
f 5200 4675 5201
f 4674 4675 5200
f 5196 4674 5200
f 5193 4674 5196
f 5194 4674 5193
f 4671 4674 5194
f 4670 4671 5194
f 5191 4670 5194
f 10683 4670 5191
f 4695 4745 4693
f 6102 4745 4695
f 6101 6102 4695
f 4697 6101 4695
f 6103 6101 4697
f 4699 6103 4697
f 4702 6103 4699
f 6104 6103 4702
f 4705 6104 4702
f 6105 6104 4705
f 6109 6105 4705
f 4706 6109 4705
f 6112 6109 4706
f 6114 6112 4706
f 4707 6114 4706
f 4710 6114 4707
f 6116 6114 4710
f 4714 6116 4710
f 6117 6116 4714
f 6120 6117 4714
f 4716 6120 4714
f 6122 6120 4716
f 6125 6122 4716
f 4717 6125 4716
f 6065 6125 4717
f 6124 6125 6065
f 5386 6124 6065
f 5389 6124 5386
f 6123 6124 5389
f 5391 6123 5389
f 6127 6123 5391
f 5392 6127 5391
f 5395 6127 5392
f 6128 6127 5395
f 5397 6128 5395
f 5401 6128 5397
f 6130 6128 5401
f 6132 6130 5401
f 5402 6132 5401
f 6134 6132 5402
f 5404 6134 5402
f 6137 6134 5404
f 5405 6137 5404
f 6138 6137 5405
f 6142 6138 5405
f 5406 6142 5405
f 5410 6142 5406
f 6143 6142 5410
f 6146 6143 5410
f 5411 6146 5410
f 6149 6146 5411
f 5412 6149 5411
f 5415 6149 5412
f 6150 6149 5415
f 5416 6150 5415
f 10671 6150 5416
f 5418 10671 5416
f 10672 10671 5418
f 4309 4691 4690
f 4303 4309 4690
f 4301 4303 4690
f 4687 4301 4690
f 4684 4301 4687
f 4682 4301 4684
f 4299 4301 4682
f 4298 4299 4682
f 4681 4298 4682
f 10722 4298 4681
f 4285 10722 4681
f 4678 4285 4681
f 4677 4285 4678
f 4283 4285 4677
f 4673 4283 4677
f 4672 4283 4673
f 4282 4283 4672
f 4669 4282 4672
f 4665 4282 4669
f 4664 4282 4665
f 4280 4282 4664
f 4279 4280 4664
f 4662 4279 4664
f 4660 4279 4662
f 4272 4279 4660
f 4659 4272 4660
f 4270 4272 4659
f 4656 4270 4659
f 4266 4270 4656
f 4653 4266 4656
f 4652 4266 4653
f 4267 4266 4652
f 10863 4267 4652
f 4648 10863 4652
f 10864 10863 4648
f 4650 10864 4648
f 4635 10865 4641
f 4634 10865 4635
f 4694 4691 4309
f 4310 4694 4309
f 4696 4694 4310
f 4698 4696 4310
f 4311 4698 4310
f 4700 4698 4311
f 4312 4700 4311
f 4319 4700 4312
f 4701 4700 4319
f 4320 4701 4319
f 4704 4701 4320
f 4708 4704 4320
f 4321 4708 4320
f 4709 4708 4321
f 4713 4709 4321
f 10859 4713 4321
f 4722 4713 10859
f 4719 4713 4722
f 4715 4713 4719
f 4712 4713 4715
f 7951 6994 6995
f 7933 6989 6992
f 6994 7933 6992
f 7932 7933 6994
f 7951 7932 6994
f 6988 6989 7933
f 7930 6988 7933
f 7928 6988 7930
f 6986 6988 7928
f 7926 6986 7928
f 6984 6986 7926
f 7925 6984 7926
f 6982 6984 7925
f 6981 6982 7925
f 7922 6981 7925
f 7916 6981 7922
f 7915 6981 7916
f 6978 6981 7915
f 6977 6978 7915
f 7912 6977 7915
f 7911 6977 7912
f 6974 6977 7911
f 6972 6974 7911
f 7910 6972 7911
f 6970 6972 7910
f 7904 6970 7910
f 6969 6970 7904
f 7382 6969 7904
f 7384 6969 7382
f 6967 6969 7384
f 6966 6967 7384
f 7564 6966 7384
f 6965 6966 7564
f 7561 6965 7564
f 7559 6965 7561
f 6963 6965 7559
f 7558 6963 7559
f 6962 6963 7558
f 7557 6962 7558
f 6951 6962 7557
f 6949 6951 7557
f 7556 6949 7557
f 6946 6949 7556
f 6944 6946 7556
f 7554 6944 7556
f 6943 6944 7554
f 7549 6943 7554
f 7548 6943 7549
f 6941 6943 7548
f 7546 6941 7548
f 6939 6941 7546
f 7544 6939 7546
f 6938 6939 7544
f 7542 6938 7544
f 6937 6938 7542
f 7539 6937 7542
f 7537 6937 7539
f 6936 6937 7537
f 7535 6936 7537
f 6934 6936 7535
f 6932 6934 7535
f 7533 6932 7535
f 6930 6932 7533
f 7531 6930 7533
f 6927 6930 7531
f 7530 6927 7531
f 6926 6927 7530
f 7528 6926 7530
f 6925 6926 7528
f 7525 6925 7528
f 7526 6925 7525
f 6924 6925 7526
f 6911 6924 7526
f 7524 6911 7526
f 6910 6911 7524
f 7521 6910 7524
f 7520 6910 7521
f 6908 6910 7520
f 6983 6391 6394
f 6980 6391 6983
f 6979 6391 6980
f 6389 6391 6979
f 6388 6389 6979
f 6976 6388 6979
f 6975 6388 6976
f 6386 6388 6975
f 6385 6386 6975
f 6973 6385 6975
f 6971 6385 6973
f 10659 6385 6971
f 6956 10659 6971
f 6381 10659 6956
f 6955 6381 6956
f 6378 6381 6955
f 6376 6378 6955
f 6953 6376 6955
f 6375 6376 6953
f 6950 6375 6953
f 6948 6375 6950
f 6373 6375 6948
f 6947 6373 6948
f 6370 6373 6947
f 6369 6370 6947
f 6945 6369 6947
f 6368 6369 6945
f 6942 6368 6945
f 6940 6368 6942
f 6367 6368 6940
f 6935 6367 6940
f 6933 6367 6935
f 6366 6367 6933
f 6931 6366 6933
f 6365 6366 6931
f 6928 6365 6931
f 6929 6365 6928
f 10660 6365 6929
f 6354 10660 6929
f 6353 6354 6929
f 6922 6353 6929
f 6921 6353 6922
f 6351 6353 6921
f 6918 6351 6921
f 6917 6351 6918
f 6349 6351 6917
f 6343 6349 6917
f 6916 6343 6917
f 6340 6343 6916
f 6338 6340 6916
f 6914 6338 6916
f 6336 6338 6914
f 6912 6336 6914
f 6335 6336 6912
f 6909 6335 6912
f 6907 6335 6909
f 6334 6335 6907
f 6905 6334 6907
f 6332 6334 6905
f 6903 6332 6905
f 6330 6332 6903
f 6326 6330 6903
f 6900 6326 6903
f 6324 6326 6900
f 6898 6324 6900
f 6323 6324 6898
f 6896 6323 6898
f 6321 6323 6896
f 6894 6321 6896
f 6893 6321 6894
f 6319 6321 6893
f 6318 6319 6893
f 6891 6318 6893
f 6306 6318 6891
f 6888 6306 6891
f 6886 6306 6888
f 6304 6306 6886
f 6884 6304 6886
f 6302 6304 6884
f 6880 6302 6884
f 6300 6302 6880
f 6878 6300 6880
f 6298 6300 6878
f 6877 6298 6878
f 6293 6298 6877
f 6291 6293 6877
f 6875 6291 6877
f 6289 6291 6875
f 6873 6289 6875
f 6288 6289 6873
f 6871 6288 6873
f 7369 6762 6765
f 7370 7369 6765
f 7373 7370 6765
f 6767 7373 6765
f 7375 7373 6767
f 7378 7375 6767
f 6769 7378 6767
f 7379 7378 6769
f 6771 7379 6769
f 6773 7379 6771
f 7381 7379 6773
f 6775 7381 6773
f 7383 7381 6775
f 7386 7383 6775
f 6776 7386 6775
f 7388 7386 6776
f 6778 7388 6776
f 7390 7388 6778
f 6780 7390 6778
f 6784 7390 6780
f 7391 7390 6784
f 7394 7391 6784
f 6786 7394 6784
f 7396 7394 6786
f 6788 7396 6786
f 6791 7396 6788
f 7398 7396 6791
f 7401 7398 6791
f 7403 7401 6791
f 6792 7403 6791
f 7404 7403 6792
f 7407 7404 6792
f 6794 7407 6792
f 6797 7407 6794
f 7408 7407 6797
f 6799 7408 6797
f 7410 7408 6799
f 6801 7410 6799
f 7412 7410 6801
f 6802 7412 6801
f 7414 7412 6802
f 7418 7414 6802
f 6803 7418 6802
f 7420 7418 6803
f 6807 7420 6803
f 7429 7420 6807
f 6808 7429 6807
f 6812 7429 6808
f 7428 7429 6812
f 7431 7428 6812
f 6813 7431 6812
f 6816 7431 6813
f 7432 7431 6816
f 6818 7432 6816
f 6820 7432 6818
f 7433 7432 6820
f 6822 7433 6820
f 7434 7433 6822
f 6824 7434 6822
f 6826 7434 6824
f 7426 7434 6826
f 7435 7426 6826
f 7439 7435 6826
f 6827 7439 6826
f 7441 7439 6827
f 6829 7441 6827
f 6833 7441 6829
f 6835 7441 6833
f 7440 7441 6835
f 7442 7440 6835
f 6837 7442 6835
f 6760 6762 7369
f 6757 6760 7369
f 7367 6757 7369
f 6754 6757 7367
f 7365 6754 7367
f 6753 6754 7365
f 7362 6753 7365
f 6749 6753 7362
f 7360 6749 7362
f 6748 6749 7360
f 7357 6748 7360
f 7355 6748 7357
f 6746 6748 7355
f 7356 6746 7355
f 6744 6746 7356
f 6733 6744 7356
f 5403 5399 5400
f 5407 5403 5400
f 4879 5407 5400
f 5408 5407 4879
f 4880 5408 4879
f 5413 5408 4880
f 4882 5413 4880
f 5414 5413 4882
f 10680 5414 4882
f 6908 7520 7517
f 6906 6908 7517
f 7513 6906 7517
f 7512 6906 7513
f 6904 6906 7512
f 7511 6904 7512
f 6902 6904 7511
f 7509 6902 7511
f 6901 6902 7509
f 7507 6901 7509
f 6899 6901 7507
f 7505 6899 7507
f 6897 6899 7505
f 7503 6897 7505
f 6895 6897 7503
f 7502 6895 7503
f 6892 6895 7502
f 6890 6892 7502
f 7500 6890 7502
f 6889 6890 7500
f 7497 6889 7500
f 7494 6889 7497
f 6887 6889 7494
f 7492 6887 7494
f 6885 6887 7492
f 7490 6885 7492
f 6883 6885 7490
f 7488 6883 7490
f 6881 6883 7488
f 7487 6881 7488
f 6879 6881 7487
f 7486 6879 7487
f 6876 6879 7486
f 6874 6876 7486
f 7485 6874 7486
f 4647 5166 5165
f 4645 4647 5165
f 5162 4645 5165
f 4649 5166 4647
f 5168 5166 4649
f 4651 5168 4649
f 4654 5168 4651
f 5169 5168 4654
f 4655 5169 4654
f 5171 5169 4655
f 4657 5171 4655
f 5173 5171 4657
f 4658 5173 4657
f 4661 5173 4658
f 5174 5173 4661
f 4666 5174 4661
f 5175 5174 4666
f 5177 5175 4666
f 5180 5177 4666
f 4667 5180 4666
f 5181 5180 4667
f 5184 5181 4667
f 10683 5184 4667
f 5191 5184 10683
f 5186 5184 5191
f 4643 5158 5155
f 5154 4643 5155
f 4639 4643 5154
f 5151 4639 5154
f 4637 4639 5151
f 5149 4637 5151
f 4636 4637 5149
f 5146 4636 5149
f 5145 4636 5146
f 4633 4636 5145
f 4632 4633 5145
f 5143 4632 5145
f 4629 4632 5143
f 5140 4629 5143
f 5139 4629 5140
f 4630 4629 5139
f 5133 4630 5139
f 5131 4630 5133
f 10866 4630 5131
f 5132 10866 5131
f 5125 10867 5127
f 5122 10867 5125
f 5121 10867 5122
f 5110 10868 5115
f 5109 10868 5110
f 4644 5158 4643
f 5159 5158 4644
f 4645 5159 4644
f 5162 5159 4645
f 4898 4885 4887
f 4902 4898 4887
f 4418 4902 4887
f 4903 4902 4418
f 4419 4903 4418
f 4905 4903 4419
f 4421 4905 4419
f 4889 4885 4898
f 4893 4889 4898
f 4421 4904 4905
f 4424 4904 4421
f 4908 4904 4424
f 4910 4908 4424
f 4425 4910 4424
f 4912 4910 4425
f 4921 4912 4425
f 4426 4921 4425
f 4923 4921 4426
f 4926 4923 4426
f 4427 4926 4426
f 4429 4926 4427
f 4927 4926 4429
f 4930 4927 4429
f 4430 4930 4429
f 4932 4930 4430
f 4432 4932 4430
f 4934 4932 4432
f 4435 4934 4432
f 4437 4934 4435
f 4935 4934 4437
f 4938 4935 4437
f 4438 4938 4437
f 5481 5547 5545
f 5478 5481 5545
f 5544 5478 5545
f 5477 5478 5544
f 5542 5477 5544
f 5475 5477 5542
f 5539 5475 5542
f 5540 5475 5539
f 5470 5475 5540
f 5468 5470 5540
f 5467 5468 5540
f 5538 5467 5540
f 5534 5467 5538
f 5550 5547 5481
f 5482 5550 5481
f 5552 5550 5482
f 5483 5552 5482
f 5554 5552 5483
f 5557 5554 5483
f 5484 5557 5483
f 5559 5557 5484
f 5486 5559 5484
f 5564 5559 5486
f 5488 5564 5486
f 5566 5564 5488
f 5493 5566 5488
f 5568 5566 5493
f 5496 5568 5493
f 5498 5568 5496
f 5569 5568 5498
f 5500 5569 5498
f 5571 5569 5500
f 5502 5571 5500
f 5573 5571 5502
f 10673 5573 5502
f 5473 5480 5476
f 5485 5480 5473
f 5487 5485 5473
f 5490 5487 5473
f 5474 5490 5473
f 5417 10680 4890
f 4892 10869 4891
f 5421 10869 4892
f 4894 5421 4892
f 5419 5421 4894
f 5429 5419 4894
f 5430 5429 4894
f 4896 5430 4894
f 10679 5430 4896
f 5531 5465 5467
f 5463 5465 5531
f 5530 5463 5531
f 5520 5463 5530
f 5461 5463 5520
f 5519 5461 5520
f 5459 5461 5519
f 5517 5459 5519
f 5458 5459 5517
f 5514 5458 5517
f 5513 5458 5514
f 5456 5458 5513
f 5454 5456 5513
f 5511 5454 5513
f 5453 5454 5511
f 5508 5453 5511
f 5507 5453 5508
f 5451 5453 5507
f 5445 5446 5503
f 5501 5445 5503
f 5499 5445 5501
f 5443 5445 5499
f 5497 5443 5499
f 5442 5443 5497
f 5494 5442 5497
f 5495 5442 5494
f 5439 5442 5495
f 5438 5439 5495
f 5492 5438 5495
f 5491 5438 5492
f 5435 5438 5491
f 5434 5435 5491
f 5490 5434 5491
f 5474 5434 5490
f 5433 5434 5474
f 5471 5433 5474
f 5469 5433 5471
f 5431 5433 5469
f 5466 5431 5469
f 5464 5431 5466
f 5428 5431 5464
f 5462 5428 5464
f 5427 5428 5462
f 5460 5427 5462
f 5425 5427 5460
f 5457 5425 5460
f 5455 5425 5457
f 5424 5425 5455
f 5450 5424 5455
f 5452 5424 5450
f 5423 5424 5452
f 5534 5529 5531
f 5467 5534 5531
f 4415 4016 4018
f 4417 4415 4018
f 4019 4417 4018
f 4420 4417 4019
f 4021 4420 4019
f 4422 4420 4021
f 4023 4422 4021
f 4428 4422 4023
f 4431 4428 4023
f 4024 4431 4023
f 4433 4431 4024
f 10727 4433 4024
f 4028 4433 10727
f 4434 4433 4028
f 4436 4434 4028
f 4440 4436 4028
f 4029 4440 4028
f 4033 4440 4029
f 4412 4016 4415
f 4015 4016 4412
f 4014 4015 4412
f 4409 4014 4412
f 4402 4014 4409
f 4398 4014 4402
f 4012 4014 4398
f 10870 4012 4398
f 4400 10870 4398
f 4455 4034 4035
f 4457 4455 4035
f 4038 4457 4035
f 4459 4457 4038
f 4039 4459 4038
f 4461 4459 4039
f 4041 4461 4039
f 4463 4461 4041
f 4452 4034 4455
f 4449 4034 4452
f 4447 4034 4449
f 4033 4034 4447
f 4440 4447 4439
f 4033 4447 4440
f 4065 4438 4441
f 4063 4065 4441
f 4443 4063 4441
f 10720 4063 4443
f 4058 4063 10720
f 4055 4058 10720
f 4938 4438 4065
f 4066 4938 4065
f 4068 4938 4066
f 4937 4938 4068
f 4069 4937 4068
f 4940 4937 4069
f 4071 4940 4069
f 4073 4940 4071
f 4020 2511 2512
f 4022 4020 2512
f 4026 4022 2512
f 4017 2511 4020
f 4011 2511 4017
f 2507 2511 4011
f 4013 2507 4011
f 4026 2512 2513
f 4027 4026 2513
f 2515 4027 2513
f 4031 4027 2515
f 4037 4031 2515
f 2516 4037 2515
f 2518 4037 2516
f 4043 4037 2518
f 2519 10871 2520
f 4046 10871 2519
f 2524 4046 2519
f 4044 4046 2524
f 4048 4044 2524
f 4051 4048 2524
f 2525 4051 2524
f 2528 4051 2525
f 4052 4051 2528
f 4497 10709 4499
f 4469 10709 4497
f 4496 4469 4497
f 4468 4469 4496
f 4453 4468 4496
f 4451 4453 4496
f 4494 4451 4496
f 4492 4451 4494
f 4450 4451 4492
f 4490 4450 4492
f 4485 4450 4490
f 10719 4450 4485
f 4445 10719 4485
f 4487 4445 4485
f 4444 4445 4487
f 4489 4444 4487
f 10720 4444 4489
f 4055 10720 4489
f 4053 4055 4489
f 4488 4053 4489
f 4050 4053 4488
f 4486 4050 4488
f 4049 4050 4486
f 4484 4049 4486
f 4483 4049 4484
f 4047 4049 4483
f 4474 4047 4483
f 4542 4491 4493
f 4498 4542 4493
f 4543 4542 4498
f 4500 4543 4498
f 4545 4543 4500
f 4551 4545 4500
f 4501 4551 4500
f 4552 4551 4501
f 4508 10872 4503
f 10873 10872 4508
f 4509 10873 4508
f 4573 10873 4509
f 4574 4573 4509
f 4510 4574 4509
f 4575 4574 4510
f 4578 4575 4510
f 4581 4578 4510
f 4513 4581 4510
f 4515 4581 4513
f 4580 4581 4515
f 4583 4580 4515
f 4516 4583 4515
f 4585 4583 4516
f 4521 4585 4516
f 4586 4585 4521
f 4522 4586 4521
f 4588 4586 4522
f 4590 4588 4522
f 4523 4590 4522
f 4592 4590 4523
f 4525 4592 4523
f 4594 4592 4525
f 4597 4594 4525
f 4526 4597 4525
f 4600 4597 4526
f 4529 4600 4526
f 4565 4600 4529
f 4569 4600 4565
f 4599 4600 4569
f 4570 4599 4569
f 4602 4599 4570
f 4603 4605 4572
f 4571 4603 4572
f 4576 4603 4571
f 10696 4603 4576
f 4604 4603 10696
f 10697 4604 10696
f 4541 4491 4542
f 4481 4491 4541
f 4480 4481 4541
f 4539 4480 4541
f 4478 4480 4539
f 4536 4478 4539
f 4477 4478 4536
f 4534 4477 4536
f 4533 4477 4534
f 4519 4477 4533
f 4518 4477 4519
f 4476 4477 4518
f 4514 4476 4518
f 4512 4476 4514
f 4472 4476 4512
f 4506 4472 4512
f 4473 4472 4506
f 4505 4473 4506
f 10874 4473 4505
f 4504 10874 4505
f 4471 4467 4466
f 6177 6789 6790
f 6793 6789 6177
f 6795 6793 6177
f 6179 6795 6177
f 6796 6795 6179
f 6182 6796 6179
f 6798 6796 6182
f 6183 6798 6182
f 6805 6798 6183
f 6185 6805 6183
f 6806 6805 6185
f 6810 6806 6185
f 6809 6810 6185
f 6186 6809 6185
f 6191 6809 6186
f 6811 6809 6191
f 6815 6811 6191
f 6192 6815 6191
f 6194 6815 6192
f 6196 6815 6194
f 6814 6815 6196
f 6817 6814 6196
f 6198 6817 6196
f 6819 6817 6198
f 6200 6819 6198
f 6821 6819 6200
f 6201 6821 6200
f 6823 6821 6201
f 6204 6823 6201
f 6825 6823 6204
f 6828 6825 6204
f 6205 6828 6204
f 6830 6828 6205
f 6207 6830 6205
f 6831 6830 6207
f 6209 6831 6207
f 6212 6831 6209
f 6832 6831 6212
f 6213 6832 6212
f 6834 6832 6213
f 6215 6834 6213
f 6836 6834 6215
f 6839 6836 6215
f 6216 6839 6215
f 6840 6839 6216
f 6843 6840 6216
f 6219 6843 6216
f 6845 6843 6219
f 6221 6845 6219
f 6224 6845 6221
f 6846 6845 6224
f 6850 6846 6224
f 6225 6850 6224
f 6852 6850 6225
f 6855 6852 6225
f 6226 6855 6225
f 6229 6855 6226
f 6854 6855 6229
f 6857 6854 6229
f 10661 6857 6229
f 6277 6857 10661
f 6858 6857 6277
f 6278 6858 6277
f 6280 6858 6278
f 6283 6858 6280
f 6856 6858 6283
f 6859 6856 6283
f 6284 6859 6283
f 6861 6859 6284
f 6864 6861 6284
f 6285 6864 6284
f 6288 6864 6285
f 6871 6864 6288
f 4948 5585 5582
f 5581 4948 5582
f 4946 4948 5581
f 4944 4946 5581
f 5579 4944 5581
f 4943 4944 5579
f 5577 4943 5579
f 5575 4943 5577
f 4942 4943 5575
f 5570 4942 5575
f 5572 4942 5570
f 4928 4942 5572
f 5574 4928 5572
f 4925 4928 5574
f 4924 4925 5574
f 5573 4924 5574
f 10673 4924 5573
f 4922 4924 10673
f 10678 4922 10673
f 5504 10678 10673
f 4949 5585 4948
f 5587 5585 4949
f 4951 5587 4949
f 5588 5587 4951
f 4954 5588 4951
f 5590 5588 4954
f 4955 5590 4954
f 5593 5590 4955
f 4957 5593 4955
f 5595 5593 4957
f 4959 5595 4957
f 5597 5595 4959
f 4960 5597 4959
f 5599 5597 4960
f 4962 5599 4960
f 5605 5599 4962
f 4964 5605 4962
f 5606 5605 4964
f 5610 5606 4964
f 4965 5610 4964
f 5611 5610 4965
f 4966 5611 4965
f 5614 5611 4966
f 4968 5614 4966
f 5617 5614 4968
f 4969 5617 4968
f 5618 5617 4969
f 5621 5618 4969
f 4971 5621 4969
f 5624 5621 4971
f 5626 5624 4971
f 4973 5626 4971
f 5627 5626 4973
f 5629 5627 4973
f 4977 5629 4973
f 4981 5629 4977
f 4983 5629 4981
f 5628 5629 4983
f 4985 5628 4983
f 5630 5628 4985
f 5632 5630 4985
f 4986 5632 4985
f 5634 5632 4986
f 4988 5634 4986
f 5636 5634 4988
f 4990 5636 4988
f 5638 5636 4990
f 4992 5638 4990
f 4996 5638 4992
f 5637 5638 4996
f 5640 5637 4996
f 4997 5640 4996
f 5642 5640 4997
f 5645 5642 4997
f 4999 5645 4997
f 5040 5645 4999
f 5646 5645 5040
f 5649 5646 5040
f 5041 5649 5040
f 5043 5649 5041
f 5650 5649 5043
f 5045 5650 5043
f 5652 5650 5045
f 5047 5652 5045
f 5654 5652 5047
f 5657 5654 5047
f 5048 5657 5047
f 5050 5657 5048
f 5658 5657 5050
f 5054 5658 5050
f 5660 5658 5054
f 5055 5660 5054
f 5058 5660 5055
f 5661 5660 5058
f 5060 5661 5058
f 5663 5661 5060
f 5062 5663 5060
f 5065 5663 5062
f 5664 5663 5065
f 5667 5664 5065
f 5067 5667 5065
f 5669 5667 5067
f 5672 5669 5067
f 5068 5672 5067
f 5071 5672 5068
f 5673 5672 5071
f 5675 5673 5071
f 5073 5675 5071
f 5078 5675 5073
f 5080 5675 5078
f 5676 5675 5080
f 5679 5676 5080
f 5683 5679 5080
f 5081 5683 5080
f 5690 5683 5081
f 5083 5690 5081
f 5693 5690 5083
f 5085 5693 5083
f 5087 5693 5085
f 5694 5693 5087
f 5089 5694 5087
f 5091 5694 5089
f 5695 5694 5091
f 5698 5695 5091
f 5092 5698 5091
f 5700 5698 5092
f 5094 5700 5092
f 5702 5700 5094
f 5096 5702 5094
f 5099 5702 5096
f 5703 5702 5099
f 5101 5703 5099
f 5104 5703 5101
f 5704 5703 5104
f 5706 5704 5104
f 5709 5706 5104
f 5105 5709 5104
f 5711 5709 5105
f 5107 5711 5105
f 5713 5711 5107
f 5715 5713 5107
f 5718 5715 5107
f 5108 5718 5107
f 5112 5718 5108
f 5717 5718 5112
f 5720 5717 5112
f 5113 5720 5112
f 5722 5720 5113
f 5725 5722 5113
f 5114 5725 5113
f 5117 5725 5114
f 5116 5725 5117
f 5724 5725 5116
f 5123 5724 5116
f 5726 5724 5123
f 5124 5726 5123
f 5728 5726 5124
f 5126 5728 5124
f 10677 5728 5126
f 5135 5728 10677
f 4945 4941 4940
f 4073 4945 4940
f 4075 4945 4073
f 4947 4945 4075
f 4950 4947 4075
f 4076 4950 4075
f 4952 4950 4076
f 4078 4952 4076
f 4953 4952 4078
f 4956 4953 4078
f 4080 4956 4078
f 4958 4956 4080
f 4082 4958 4080
f 10875 4919 4920
f 10678 10875 4920
f 5447 4917 5449
f 4916 4917 5447
f 5444 4916 5447
f 5441 4916 5444
f 5440 4916 5441
f 4915 4916 5440
f 5436 4915 5440
f 5437 4915 5436
f 4914 4915 5437
f 10679 4914 5437
f 5432 10679 5437
f 5430 10679 5432
f 4067 4064 4060
f 4061 4067 4060
f 2549 4070 4067
f 4061 2549 4067
f 2547 2549 4061
f 2545 2547 4061
f 4062 2545 4061
f 2539 2545 4062
f 2536 2539 4062
f 2535 2536 4062
f 4059 2535 4062
f 4056 2535 4059
f 4057 2535 4056
f 2531 2535 4057
f 2530 2531 4057
f 4054 2530 4057
f 4052 2530 4054
f 2528 2530 4052
f 2550 4070 2549
f 4072 4070 2550
f 2552 4072 2550
f 4074 4072 2552
f 4077 4074 2552
f 2553 4077 2552
f 4079 4077 2553
f 2555 4079 2553
f 4081 4079 2555
f 4084 4081 2555
f 4086 4084 2555
f 2556 4086 2555
f 4087 4086 2556
f 2558 4087 2556
f 4089 4087 2558
f 2561 4089 2558
f 4091 4089 2561
f 2563 4091 2561
f 4092 4091 2563
f 2565 4092 2563
f 4094 4092 2565
f 4098 4094 2565
f 2568 4098 2565
f 4100 4098 2568
f 2571 4100 2568
f 2574 4100 2571
f 4099 4100 2574
f 4103 4099 2574
f 2575 4103 2574
f 2578 4103 2575
f 4104 4103 2578
f 2580 4104 2578
f 4106 4104 2580
f 2582 4106 2580
f 4108 4106 2582
f 2584 4108 2582
f 4110 4108 2584
f 4114 4110 2584
f 2586 4114 2584
f 4115 4114 2586
f 2587 4115 2586
f 2590 4115 2587
f 4117 4115 2590
f 2592 4117 2590
f 4119 4117 2592
f 2594 4119 2592
f 4121 4119 2594
f 4125 4121 2594
f 2595 4125 2594
f 4129 4125 2595
f 2597 4129 2595
f 4130 4129 2597
f 2599 4130 2597
f 4132 4130 2599
f 4146 4132 2599
f 2600 4146 2599
f 2603 4146 2600
f 4145 4146 2603
f 2605 4145 2603
f 2609 4145 2605
f 4143 4145 2609
f 4142 4143 2609
f 2610 4142 2609
f 4147 4142 2610
f 2612 4147 2610
f 4149 4147 2612
f 2613 4149 2612
f 2621 4149 2613
f 4148 4149 2621
f 2623 4148 2621
f 2628 4148 2623
f 4151 4148 2628
f 2630 4151 2628
f 4153 4151 2630
f 2632 4153 2630
f 4155 4153 2632
f 4158 4155 2632
f 2633 4158 2632
f 2636 4158 2633
f 4159 4158 2636
f 4165 4159 2636
f 2637 4165 2636
f 2640 4165 2637
f 4166 4165 2640
f 2641 4166 2640
f 5136 5738 5739
f 5135 5136 5739
f 5728 5135 5739
f 5729 5728 5739
f 5736 5729 5739
f 5732 5729 5736
f 5741 5738 5136
f 5137 5741 5136
f 5745 5741 5137
f 5747 5745 5137
f 5138 5747 5137
f 4976 4082 4083
f 4978 4976 4083
f 4085 4978 4083
f 4088 4978 4085
f 4980 4978 4088
f 4090 4980 4088
f 4093 4980 4090
f 4982 4980 4093
f 4095 4982 4093
f 4984 4982 4095
f 4987 4984 4095
f 4096 4987 4095
f 4989 4987 4096
f 4097 4989 4096
f 4101 4989 4097
f 4991 4989 4101
f 4102 4991 4101
f 4993 4991 4102
f 4105 4993 4102
f 4994 4993 4105
f 4107 4994 4105
f 4995 4994 4107
f 4109 4995 4107
f 4998 4995 4109
f 4111 4998 4109
f 5000 4998 4111
f 4112 5000 4111
f 5003 5000 4112
f 5005 5003 4112
f 4113 5005 4112
f 5007 5005 4113
f 4116 5007 4113
f 4118 5007 4116
f 5008 5007 4118
f 4120 5008 4118
f 5010 5008 4120
f 4122 5010 4120
f 5013 5010 4122
f 4123 5013 4122
f 5016 5013 4123
f 4126 5016 4123
f 5018 5016 4126
f 5021 5018 4126
f 4127 5021 4126
f 4162 5021 4127
f 4163 5021 4162
f 5020 5021 4163
f 4168 5020 4163
f 4178 5020 4168
f 5019 5020 4178
f 4179 5019 4178
f 5023 5019 4179
f 4181 5023 4179
f 5025 5023 4181
f 4183 5025 4181
f 4185 5025 4183
f 5027 5025 4185
f 4975 4082 4976
f 4958 4082 4975
f 4961 4958 4975
f 4963 4961 4975
f 2059 2548 2546
f 2057 2059 2546
f 2543 2057 2546
f 2056 2057 2543
f 2551 2548 2059
f 2060 2551 2059
f 2554 2551 2060
f 2557 2554 2060
f 2559 2557 2060
f 2061 2559 2060
f 2560 2559 2061
f 2063 2560 2061
f 2562 2560 2063
f 2065 2562 2063
f 2564 2562 2065
f 2567 2564 2065
f 2067 2567 2065
f 2075 2567 2067
f 2566 2567 2075
f 2569 2566 2075
f 2076 2569 2075
f 2570 2569 2076
f 2572 2570 2076
f 2077 2572 2076
f 2080 2572 2077
f 2573 2572 2080
f 2576 2573 2080
f 2081 2576 2080
f 10765 2576 2081
f 2097 2576 10765
f 2577 2576 2097
f 2098 2577 2097
f 2579 2577 2098
f 2100 2579 2098
f 2581 2579 2100
f 2101 2581 2100
f 2583 2581 2101
f 2113 2583 2101
f 2585 2583 2113
f 2588 2585 2113
f 2114 2588 2113
f 2117 2588 2114
f 2589 2588 2117
f 2123 2589 2117
f 2591 2589 2123
f 2124 2591 2123
f 2593 2591 2124
f 2596 2593 2124
f 2126 2596 2124
f 2598 2596 2126
f 2601 2598 2126
f 2127 2601 2126
f 2130 2601 2127
f 2602 2601 2130
f 2604 2602 2130
f 2131 2604 2130
f 2606 2604 2131
f 2133 2606 2131
f 2608 2606 2133
f 2135 2608 2133
f 2137 2608 2135
f 2607 2608 2137
f 2611 2607 2137
f 2138 2611 2137
f 2614 2611 2138
f 2616 2614 2138
f 2140 2616 2138
f 2165 2616 2140
f 2617 2616 2165
f 2167 2617 2165
f 2619 2617 2167
f 2168 2619 2167
f 2172 2619 2168
f 2618 2619 2172
f 2174 2618 2172
f 2620 2618 2174
f 2622 2620 2174
f 2626 2622 2174
f 2175 2626 2174
f 2177 2626 2175
f 2625 2626 2177
f 2181 2625 2177
f 2183 2625 2181
f 2624 2625 2183
f 2627 2624 2183
f 2185 2627 2183
f 2629 2627 2185
f 2187 2629 2185
f 2631 2629 2187
f 2634 2631 2187
f 2188 2634 2187
f 2191 2634 2188
f 2635 2634 2191
f 2638 2635 2191
f 2192 2638 2191
f 2194 2638 2192
f 2639 2638 2194
f 2643 2639 2194
f 2197 2643 2194
f 2644 2643 2197
f 2199 2644 2197
f 2646 2644 2199
f 2201 2646 2199
f 2648 2646 2201
f 2203 2648 2201
f 2650 2648 2203
f 2206 2650 2203
f 2651 2650 2206
f 2207 2651 2206
f 2653 2651 2207
f 2655 2653 2207
f 2209 2655 2207
f 2211 2655 2209
f 4618 5098 5097
f 4617 4618 5097
f 4622 5098 4618
f 5100 5098 4622
f 4623 5100 4622
f 5102 5100 4623
f 4625 5102 4623
f 4627 5102 4625
f 5103 5102 4627
f 5106 5103 4627
f 5109 5106 4627
f 10868 5109 4627
f 4628 10868 4627
f 7474 6872 6874
f 7485 7474 6874
f 6870 6872 7474
f 7473 6870 7474
f 7472 6870 7473
f 6869 6870 7472
f 6868 6869 7472
f 7468 6868 7472
f 7464 6868 7468
f 7466 6868 7464
f 6867 6868 7466
f 7467 6867 7466
f 6862 6867 7467
f 10604 6862 7467
f 6848 10604 7467
f 7465 6848 7467
f 6847 6848 7465
f 7461 6847 7465
f 7459 6847 7461
f 6844 6847 7459
f 6842 6844 7459
f 7458 6842 7459
f 6841 6842 7458
f 7455 6841 7458
f 7454 6841 7455
f 6838 6841 7454
f 7452 6838 7454
f 6837 6838 7452
f 7449 6837 7452
f 7442 6837 7449
f 7447 7442 7449
f 7438 7442 7447
f 7443 7438 7447
f 7474 7485 7471
f 5088 4233 4234
f 5090 5088 4234
f 5093 5090 4234
f 4235 5093 4234
f 5095 5093 4235
f 4237 5095 4235
f 5097 5095 4237
f 4617 5097 4237
f 4238 4617 4237
f 4616 4617 4238
f 10685 4616 4238
f 4239 10685 4238
f 10687 10685 4239
f 4243 10687 4239
f 10688 10687 4243
f 4245 10688 4243
f 4249 10688 4245
f 10689 10688 4249
f 4251 10689 4249
f 10691 10689 4251
f 4253 10691 4251
f 10693 10691 4253
f 4255 10693 4253
f 10695 10693 4255
f 4257 10695 4255
f 10697 10695 4257
f 4258 10697 4257
f 4262 10697 4258
f 4604 10697 4262
f 10876 4604 4262
f 4263 10876 4262
f 5086 4233 5088
f 4230 4233 5086
f 5084 4230 5086
f 4228 4230 5084
f 5082 4228 5084
f 4226 4228 5082
f 5079 4226 5082
f 4224 4226 5079
f 5077 4224 5079
f 4222 4224 5077
f 5076 4222 5077
f 4219 4222 5076
f 4218 4219 5076
f 5075 4218 5076
f 4213 4218 5075
f 4212 4213 5075
f 5072 4212 5075
f 5070 4212 5072
f 5069 4212 5070
f 4208 4212 5069
f 4207 4208 5069
f 5066 4207 5069
f 5064 4207 5066
f 5063 4207 5064
f 4204 4207 5063
f 4202 4204 5063
f 5061 4202 5063
f 4199 4202 5061
f 5059 4199 5061
f 4198 4199 5059
f 5057 4198 5059
f 4196 4198 5057
f 4194 4196 5057
f 5056 4194 5057
f 4190 4194 5056
f 4189 4190 5056
f 5051 4189 5056
f 5052 4189 5051
f 4186 4189 5052
f 4185 4186 5052
f 5053 4185 5052
f 5027 4185 5053
f 5049 5027 5053
f 5031 5027 5049
f 5028 5027 5031
f 5026 5027 5028
f 4970 4967 4963
f 4975 4970 4963
f 4972 4970 4975
f 2716 4223 4221
f 2714 2716 4221
f 4220 2714 4221
f 2713 2714 4220
f 4217 2713 4220
f 4216 2713 4217
f 2711 2713 4216
f 2708 2711 4216
f 4214 2708 4216
f 2707 2708 4214
f 4211 2707 4214
f 4209 2707 4211
f 2706 2707 4209
f 4210 2706 4209
f 2704 2706 4210
f 2718 4223 2716
f 4225 4223 2718
f 2720 4225 2718
f 4227 4225 2720
f 4242 4227 2720
f 2721 4242 2720
f 2724 4242 2721
f 4241 4242 2724
f 4244 4241 2724
f 2725 4244 2724
f 4246 4244 2725
f 2726 4246 2725
f 4248 4246 2726
f 2731 4248 2726
f 2733 4248 2731
f 2738 4248 2733
f 4247 4248 2738
f 4250 4247 2738
f 2739 4250 2738
f 4252 4250 2739
f 2741 4252 2739
f 4254 4252 2741
f 2743 4254 2741
f 4256 4254 2743
f 2744 4256 2743
f 4259 4256 2744
f 10877 4259 2744
f 4261 4259 10877
f 4265 4261 10877
f 2699 2719 2717
f 2700 2699 2717
f 2722 2719 2699
f 2703 2722 2699
f 2723 2722 2703
f 2728 2723 2703
f 2704 2728 2703
f 2730 2728 2704
f 4210 2730 2704
f 4206 2730 4210
f 4205 2730 4206
f 2242 2715 2712
f 2709 2242 2712
f 2238 2242 2709
f 2710 2238 2709
f 2239 2238 2710
f 2243 2715 2242
f 2717 2715 2243
f 2244 2717 2243
f 2701 2710 2702
f 2235 2236 2697
f 2695 2235 2697
f 2233 2235 2695
f 2694 2233 2695
f 2231 2233 2694
f 2230 2231 2694
f 2691 2230 2694
f 2688 2230 2691
f 2229 2230 2688
f 2685 2229 2688
f 2683 2229 2685
f 2227 2229 2683
f 2682 2227 2683
f 2224 2227 2682
f 2222 2224 2682
f 2681 2222 2682
f 2219 2222 2681
f 2218 2219 2681
f 2676 2218 2681
f 2674 2218 2676
f 2216 2218 2674
f 2214 2216 2674
f 2672 2214 2674
f 2212 2214 2672
f 2671 2212 2672
f 2211 2212 2671
f 2655 2211 2671
f 2656 2655 2671
f 2669 2656 2671
f 2666 2656 2669
f 2658 2656 2666
f 2663 2658 2666
f 628 2085 2082
f 627 628 2082
f 2078 627 2082
f 2074 627 2078
f 619 627 2074
f 617 619 2074
f 2072 617 2074
f 616 617 2072
f 2069 616 2072
f 2071 616 2069
f 614 616 2071
f 2086 2085 628
f 630 2086 628
f 637 2086 630
f 2088 2086 637
f 638 2088 637
f 2089 2088 638
f 640 2089 638
f 2091 2089 640
f 643 2091 640
f 2093 2091 643
f 644 2093 643
f 646 2093 644
f 2094 2093 646
f 2096 2094 646
f 2103 2096 646
f 647 2103 646
f 649 2103 647
f 651 2103 649
f 2104 2103 651
f 2107 2104 651
f 652 2107 651
f 2108 2107 652
f 654 2108 652
f 2110 2108 654
f 656 2110 654
f 659 2110 656
f 2109 2110 659
f 661 2109 659
f 2111 2109 661
f 662 2111 661
f 2112 2111 662
f 2115 2112 662
f 664 2115 662
f 2116 2115 664
f 666 2116 664
f 2118 2116 666
f 2120 2118 666
f 667 2120 666
f 669 2120 667
f 2121 2120 669
f 675 2121 669
f 2122 2121 675
f 676 2122 675
f 2125 2122 676
f 677 2125 676
f 2128 2125 677
f 679 2128 677
f 2129 2128 679
f 2132 2129 679
f 680 2132 679
f 2134 2132 680
f 681 2134 680
f 2136 2134 681
f 2139 2136 681
f 682 2139 681
f 2141 2139 682
f 684 2141 682
f 2143 2141 684
f 2146 2143 684
f 685 2146 684
f 687 2146 685
f 2147 2146 687
f 2150 2147 687
f 688 2150 687
f 2151 2150 688
f 690 2151 688
f 693 2151 690
f 2152 2151 693
f 2155 2152 693
f 694 2155 693
f 2156 2155 694
f 2070 2055 2056
f 2071 2070 2056
f 2543 2071 2056
f 2541 2071 2543
f 614 2071 2541
f 613 614 2541
f 2538 613 2541
f 2537 613 2538
f 608 613 2537
f 607 608 2537
f 2534 607 2537
f 2533 607 2534
f 604 607 2533
f 2532 604 2533
f 603 604 2532
f 2529 603 2532
f 2527 603 2529
f 2526 603 2527
f 601 603 2526
f 599 601 2526
f 2523 599 2526
f 598 599 2523
f 2521 598 2523
f 10878 598 2521
f 597 598 10878
f 10879 597 10878
f 593 597 10879
f 10880 593 10879
f 591 593 10880
f 588 590 10881
f 10882 588 10881
f 587 588 10882
f 2064 2055 2070
f 416 665 663
f 415 416 663
f 660 415 663
f 658 415 660
f 410 415 658
f 657 410 658
f 407 410 657
f 405 407 657
f 655 405 657
f 404 405 655
f 653 404 655
f 403 404 653
f 650 403 653
f 648 403 650
f 401 403 648
f 645 401 648
f 400 401 645
f 641 400 645
f 642 400 641
f 395 400 642
f 394 395 642
f 639 394 642
f 636 394 639
f 390 394 636
f 634 390 636
f 389 390 634
f 668 665 416
f 671 668 416
f 417 671 416
f 673 671 417
f 1681 2189 2186
f 2184 1681 2186
f 1679 1681 2184
f 2182 1679 2184
f 1678 1679 2182
f 2179 1678 2182
f 2180 1678 2179
f 1675 1678 2180
f 1674 1675 2180
f 2178 1674 2180
f 1683 2189 1681
f 2190 2189 1683
f 2193 2190 1683
f 2196 2193 1683
f 1684 2196 1683
f 2195 2196 1684
f 1686 2195 1684
f 2198 2195 1686
f 1688 2198 1686
f 2200 2198 1688
f 1690 2200 1688
f 2202 2200 1690
f 1692 2202 1690
f 2204 2202 1692
f 1694 2204 1692
f 1697 2204 1694
f 2205 2204 1697
f 1699 2205 1697
f 2208 2205 1699
f 1700 2208 1699
f 1706 2208 1700
f 2210 2208 1706
f 2213 2210 1706
f 2215 2213 1706
f 1707 2215 1706
f 2217 2215 1707
f 1708 2217 1707
f 2220 2217 1708
f 1713 2220 1708
f 2221 2220 1713
f 1715 2221 1713
f 2223 2221 1715
f 2225 2223 1715
f 1717 2225 1715
f 1719 2225 1717
f 1725 2225 1719
f 1726 2225 1725
f 2226 2225 1726
f 1728 2226 1726
f 2228 2226 1728
f 2232 2228 1728
f 1730 2232 1728
f 2234 2232 1730
f 2237 2234 1730
f 1732 2237 1730
f 4173 2641 2642
f 2645 4173 2642
f 4174 4173 2645
f 10733 4174 2645
f 4172 4174 10733
f 4170 2641 4173
f 1491 1676 1673
f 1672 1491 1673
f 1489 1491 1672
f 1486 1489 1672
f 1671 1486 1672
f 1485 1486 1671
f 1669 1485 1671
f 1666 1485 1669
f 1664 1485 1666
f 1483 1485 1664
f 1663 1483 1664
f 1481 1483 1663
f 1654 1481 1663
f 1652 1481 1654
f 1480 1481 1652
f 1649 1480 1652
f 1646 1480 1649
f 1478 1480 1646
f 1647 1478 1646
f 1477 1478 1647
f 1469 1477 1647
f 1645 1469 1647
f 1467 1469 1645
f 1642 1467 1645
f 1641 1467 1642
f 1466 1467 1641
f 1637 1466 1641
f 1636 1466 1637
f 1463 1466 1636
f 1462 1463 1636
f 1493 1676 1491
f 1677 1676 1493
f 1680 1677 1493
f 1494 1680 1493
f 1682 1680 1494
f 1685 1682 1494
f 1496 1685 1494
f 1687 1685 1496
f 1498 1687 1496
f 1689 1687 1498
f 1505 1689 1498
f 1691 1689 1505
f 1506 1691 1505
f 1693 1691 1506
f 1695 1693 1506
f 1507 1695 1506
f 1674 1668 1670
f 2178 1668 1674
f 2176 1668 2178
f 2173 1668 2176
f 1667 1668 2173
f 2171 1667 2173
f 2170 1667 2171
f 1665 1667 2170
f 1661 1665 2170
f 2169 1661 2170
f 1660 1661 2169
f 2166 1660 2169
f 2164 1660 2166
f 1658 1660 2164
f 2162 1658 2164
f 1656 1658 2162
f 2160 1656 2162
f 1655 1656 2160
f 2158 1655 2160
f 2157 1655 2158
f 1653 1655 2157
f 2156 1653 2157
f 1354 1488 1487
f 1352 1354 1487
f 1350 1352 1487
f 1484 1350 1487
f 1482 1350 1484
f 1349 1350 1482
f 1479 1349 1482
f 1347 1349 1479
f 1476 1347 1479
f 1475 1347 1476
f 1345 1347 1475
f 1344 1345 1475
f 1472 1344 1475
f 1473 1344 1472
f 1341 1344 1473
f 1339 1341 1473
f 1471 1339 1473
f 1338 1339 1471
f 1468 1338 1471
f 1465 1338 1468
f 1464 1338 1465
f 1336 1338 1464
f 1335 1336 1464
f 1461 1335 1464
f 1459 1335 1461
f 1333 1335 1459
f 1457 1333 1459
f 1458 1333 1457
f 1329 1333 1458
f 1327 1329 1458
f 1455 1327 1458
f 1453 1327 1455
f 1325 1327 1453
f 1451 1325 1453
f 1324 1325 1451
f 1449 1324 1451
f 1447 1324 1449
f 1319 1324 1447
f 1445 1319 1447
f 1316 1319 1445
f 1443 1316 1445
f 1315 1316 1443
f 1440 1315 1443
f 1439 1315 1440
f 1313 1315 1439
f 1312 1313 1439
f 1437 1312 1439
f 1434 1312 1437
f 1311 1312 1434
f 1431 1311 1434
f 1429 1311 1431
f 1309 1311 1429
f 1427 1309 1429
f 1308 1309 1427
f 1426 1308 1427
f 1301 1308 1426
f 1299 1301 1426
f 1424 1299 1426
f 1298 1299 1424
f 1421 1298 1424
f 1417 1298 1421
f 10773 1298 1417
f 1293 10773 1417
f 1415 1293 1417
f 1414 1293 1415
f 1291 1293 1414
f 1290 1291 1414
f 1411 1290 1414
f 1409 1290 1411
f 1289 1290 1409
f 1406 1289 1409
f 1404 1289 1406
f 1287 1289 1404
f 1402 1287 1404
f 1286 1287 1402
f 1399 1286 1402
f 1401 1286 1399
f 1283 1286 1401
f 1281 1283 1401
f 1280 1281 1401
f 1400 1280 1401
f 1279 1280 1400
f 1398 1279 1400
f 1278 1279 1398
f 1395 1278 1398
f 1393 1278 1395
f 1277 1278 1393
f 1390 1277 1393
f 1388 1277 1390
f 1276 1277 1388
f 1385 1276 1388
f 1383 1276 1385
f 1381 1276 1383
f 1274 1276 1381
f 1382 1274 1381
f 1273 1274 1382
f 1266 1273 1382
f 10883 1266 1382
f 1380 10883 1382
f 1490 1488 1354
f 1500 1492 1490
f 1503 1500 1490
f 1354 1503 1490
f 1355 1503 1354
f 1502 1503 1355
f 1357 1502 1355
f 1360 1502 1357
f 1504 1502 1360
f 1508 1504 1360
f 1361 1508 1360
f 1364 1508 1361
f 1509 1508 1364
f 1511 1509 1364
f 1365 1511 1364
f 1513 1511 1365
f 1368 1513 1365
f 1517 1513 1368
f 1370 1517 1368
f 1519 1517 1370
f 1522 1519 1370
f 1372 1522 1370
f 1497 1492 1500
f 10771 694 10802
f 699 10771 10802
f 10770 10771 699
f 10772 10770 699
f 700 10772 699
f 2156 694 10771
f 1653 2156 10771
f 4167 4166 2641
f 4170 4167 2641
f 4172 10733 10731
f 2659 4172 10731
f 4171 4172 2659
f 2661 4171 2659
f 4175 4171 2661
f 2662 4175 2661
f 4177 4175 2662
f 4180 4177 2662
f 2664 4180 2662
f 4182 4180 2664
f 4184 4182 2664
f 4187 4184 2664
f 2665 4187 2664
f 2667 4187 2665
f 4188 4187 2667
f 4191 4188 2667
f 2668 4191 2667
f 4193 4191 2668
f 2670 4193 2668
f 2673 4193 2670
f 2677 4193 2673
f 4192 4193 2677
f 4195 4192 2677
f 2678 4195 2677
f 4197 4195 2678
f 4201 4197 2678
f 2679 4201 2678
f 2686 4201 2679
f 4200 4201 2686
f 4203 4200 2686
f 2687 4203 2686
f 4205 4203 2687
f 2689 4205 2687
f 2730 4205 2689
f 2729 2730 2689
f 2690 2729 2689
f 2732 2729 2690
f 2692 2732 2690
f 2734 2732 2692
f 2696 2734 2692
f 2736 2734 2696
f 10730 2736 2696
f 10884 2736 10730
f 2737 2736 10884
f 1514 1696 1695
f 1510 1514 1695
f 1507 1510 1695
f 1515 1696 1514
f 1698 1696 1515
f 1701 1698 1515
f 1516 1701 1515
f 1703 1701 1516
f 1518 1703 1516
f 1705 1703 1518
f 1520 1705 1518
f 1710 1705 1520
f 1523 1710 1520
f 1711 1710 1523
f 1524 1711 1523
f 1526 1711 1524
f 1528 1711 1526
f 1712 1711 1528
f 1714 1712 1528
f 1716 1714 1528
f 1529 1716 1528
f 1718 1716 1529
f 1721 1718 1529
f 1530 1721 1529
f 1533 1721 1530
f 1720 1721 1533
f 1723 1720 1533
f 1535 1723 1533
f 1538 1723 1535
f 1540 1723 1538
f 1724 1723 1540
f 1727 1724 1540
f 1542 1727 1540
f 1729 1727 1542
f 1731 1729 1542
f 1531 10885 1532
f 10886 10885 1531
f 1525 10886 1531
f 1527 1525 1531
f 2742 10884 2745
f 2740 10884 2742
f 568 596 594
f 566 568 594
f 592 566 594
f 565 566 592
f 589 565 592
f 586 565 589
f 564 565 586
f 600 596 568
f 569 600 568
f 602 600 569
f 605 602 569
f 570 605 569
f 571 605 570
f 609 606 605
f 557 634 633
f 555 557 633
f 549 555 633
f 632 549 633
f 547 549 632
f 544 547 632
f 629 544 632
f 626 544 629
f 620 544 626
f 622 544 620
f 545 544 622
f 624 545 622
f 389 634 557
f 10806 389 557
f 387 389 10806
f 10805 387 10806
f 385 387 10805
f 383 385 10805
f 10804 383 10805
f 382 383 10804
f 10803 382 10804
f 10807 382 10803
f 199 384 381
f 380 199 381
f 197 199 380
f 375 197 380
f 196 197 375
f 377 196 375
f 195 196 377
f 183 185 374
f 200 384 199
f 386 384 200
f 202 386 200
f 388 386 202
f 392 388 202
f 203 392 202
f 205 392 203
f 393 392 205
f 397 393 205
f 207 397 205
f 211 397 207
f 398 397 211
f 213 398 211
f 218 398 213
f 399 398 218
f 402 399 218
f 406 402 218
f 219 406 218
f 408 406 219
f 220 408 219
f 222 408 220
f 409 408 222
f 412 409 222
f 413 412 222
f 223 413 222
f 419 413 223
f 422 419 223
f 224 422 223
f 424 422 224
f 226 424 224
f 228 424 226
f 232 424 228
f 426 424 232
f 429 426 232
f 233 429 232
f 236 429 233
f 430 429 236
f 237 430 236
f 432 430 237
f 435 432 237
f 238 435 237
f 437 435 238
f 241 437 238
f 243 437 241
f 438 437 243
f 245 438 243
f 440 438 245
f 247 440 245
f 442 440 247
f 445 442 247
f 248 445 247
f 447 445 248
f 249 447 248
f 449 447 249
f 251 449 249
f 451 449 251
f 255 451 251
f 257 451 255
f 452 451 257
f 455 452 257
f 457 455 257
f 258 457 257
f 261 457 258
f 458 457 261
f 462 458 261
f 465 462 261
f 262 465 261
f 468 465 262
f 264 468 262
f 577 615 612
f 611 577 612
f 575 577 611
f 573 575 611
f 609 573 611
f 618 615 577
f 621 618 577
f 578 621 577
f 623 621 578
f 580 623 578
f 625 623 580
f 582 625 580
f 573 609 605
f 571 573 605
f 2510 10887 2514
f 2509 10887 2510
f 579 576 574
f 563 554 551
f 551 581 579
f 563 551 579
f 574 563 579
f 572 563 574
f 567 563 572
f 129 303 304
f 124 129 304
f 122 124 304
f 301 122 304
f 121 122 301
f 299 121 301
f 119 121 299
f 298 119 299
f 117 119 298
f 116 117 298
f 290 116 298
f 288 116 290
f 115 116 288
f 287 115 288
f 114 115 287
f 277 114 287
f 275 114 277
f 113 114 275
f 273 113 275
f 112 113 273
f 271 112 273
f 267 112 271
f 269 112 267
f 110 112 269
f 108 110 269
f 268 108 269
f 105 108 268
f 104 105 268
f 265 104 268
f 263 104 265
f 103 104 263
f 260 103 263
f 259 103 260
f 101 103 259
f 100 101 259
f 256 100 259
f 254 100 256
f 95 100 254
f 93 95 254
f 252 93 254
f 91 93 252
f 250 91 252
f 90 91 250
f 246 90 250
f 244 90 246
f 89 90 244
f 242 89 244
f 87 89 242
f 240 87 242
f 85 87 240
f 239 85 240
f 84 85 239
f 235 84 239
f 234 84 235
f 82 84 234
f 80 82 234
f 231 80 234
f 229 80 231
f 230 80 229
f 78 80 230
f 130 303 129
f 306 303 130
f 132 306 130
f 308 306 132
f 280 282 10888
f 319 280 10888
f 318 319 136
f 138 318 136
f 145 318 138
f 320 318 145
f 322 320 145
f 146 322 145
f 57 120 118
f 55 57 118
f 109 55 118
f 107 55 109
f 53 55 107
f 106 53 107
f 51 53 106
f 102 51 106
f 123 120 57
f 58 123 57
f 125 123 58
f 60 125 58
f 62 125 60
f 127 125 62
f 134 127 62
f 583 378 10807
f 10803 583 10807
f 564 583 10803
f 586 583 564
f 584 583 586
f 585 378 583
f 216 221 217
f 225 221 216
f 227 225 216
f 215 227 216
f 230 227 215
f 78 230 215
f 77 78 215
f 212 77 215
f 210 77 212
f 76 77 210
f 209 76 210
f 71 76 209
f 191 67 71
f 189 67 191
f 68 67 189
f 188 68 189
f 191 71 209
f 206 191 209
f 204 191 206
f 190 191 204
f 192 190 204
f 70 69 34
f 73 70 34
f 33 73 34
f 37 73 33
f 74 73 37
f 39 74 37
f 42 74 39
f 75 74 42
f 79 75 42
f 43 79 42
f 81 79 43
f 45 81 43
f 83 81 45
f 86 83 45
f 88 86 45
f 46 88 45
f 92 88 46
f 94 92 46
f 47 94 46
f 96 94 47
f 49 96 47
f 98 96 49
f 51 98 49
f 102 98 51
f 99 98 102
f 16 38 36
f 14 16 36
f 35 14 36
f 10889 14 35
f 12 14 10889
f 41 38 16
f 17 41 16
f 20 41 17
f 48 40 41
f 20 48 41
f 50 48 20
f 21 50 20
f 52 50 21
f 23 52 21
f 54 52 23
f 25 54 23
f 56 54 25
f 59 56 25
f 26 59 25
f 61 59 26
f 10890 61 26
f 31 10890 26
f 32 10890 31
f 44 40 48
f 198 194 192
f 204 198 192
f 201 198 204
f 7 18 15
f 11 7 15
f 6 7 11
f 13 6 11
f 10891 6 13
f 2 6 10891
f 8 18 7
f 19 18 8
f 22 19 8
f 10892 22 8
f 24 22 10892
f 28 24 10892
f 9 29 28
f 10892 9 28
f 763 460 461
f 463 763 461
f 765 763 463
f 768 765 463
f 464 768 463
f 770 768 464
f 466 770 464
f 772 770 466
f 775 772 466
f 467 775 466
f 777 775 467
f 470 777 467
f 780 777 470
f 471 780 470
f 782 780 471
f 785 782 471
f 472 785 471
f 759 460 763
f 757 460 759
f 755 460 757
f 753 460 755
f 459 460 753
f 752 459 753
f 456 459 752
f 454 456 752
f 453 454 752
f 746 453 752
f 741 453 746
f 742 453 741
f 450 453 742
f 448 450 742
f 740 448 742
f 737 448 740
f 474 468 264
f 266 474 264
f 475 474 266
f 270 475 266
f 478 475 270
f 10808 478 270
f 328 478 10808
f 329 478 328
f 477 478 329
f 480 477 329
f 330 480 329
f 482 480 330
f 332 482 330
f 485 482 332
f 334 485 332
f 487 485 334
f 336 487 334
f 338 487 336
f 488 487 338
f 341 488 338
f 344 488 341
f 489 488 344
f 346 489 344
f 491 489 346
f 347 491 346
f 494 491 347
f 828 774 776
f 778 828 776
f 830 828 778
f 779 830 778
f 832 830 779
f 781 832 779
f 880 832 781
f 783 880 781
f 881 880 783
f 884 881 783
f 787 884 783
f 887 884 787
f 788 887 787
f 898 887 788
f 901 898 788
f 789 901 788
f 903 901 789
f 791 903 789
f 905 903 791
f 792 905 791
f 907 905 792
f 826 774 828
f 773 774 826
f 823 773 826
f 821 773 823
f 771 773 821
f 819 771 821
f 769 771 819
f 817 769 819
f 767 769 817
f 813 767 817
f 766 767 813
f 812 766 813
f 764 766 812
f 811 764 812
f 762 764 811
f 761 762 811
f 806 761 811
f 808 761 806
f 760 761 808
f 10893 760 808
f 799 760 10893
f 797 760 799
f 758 760 797
f 794 758 797
f 756 758 794
f 146 323 322
f 326 323 146
f 148 326 146
f 327 326 148
f 331 327 148
f 149 331 148
f 333 331 149
f 335 333 149
f 152 335 149
f 337 335 152
f 340 337 152
f 153 340 152
f 157 340 153
f 339 340 157
f 168 339 157
f 342 339 168
f 169 342 168
f 343 342 169
f 171 343 169
f 345 343 171
f 349 345 171
f 350 349 171
f 172 350 171
f 353 350 172
f 174 353 172
f 354 353 174
f 358 354 174
f 175 358 174
f 360 358 175
f 177 360 175
f 362 360 177
f 179 362 177
f 364 362 179
f 182 364 179
f 365 364 182
f 368 365 182
f 371 368 182
f 183 371 182
f 374 371 183
f 1255 1369 1367
f 1254 1255 1367
f 1366 1254 1367
f 1249 1254 1366
f 1248 1249 1366
f 1363 1248 1366
f 1362 1248 1363
f 1246 1248 1362
f 1244 1246 1362
f 1257 1369 1255
f 1371 1369 1257
f 1259 1371 1257
f 1373 1371 1259
f 1263 1373 1259
f 427 701 702
f 425 427 702
f 423 425 702
f 704 701 427
f 428 704 427
f 431 704 428
f 433 704 431
f 705 704 433
f 708 705 433
f 434 708 433
f 710 708 434
f 703 1898 1899
f 700 703 1899
f 10772 700 1899
f 1650 10772 1899
f 1897 1650 1899
f 1648 1650 1897
f 1896 1648 1897
f 1644 1648 1896
f 1643 1644 1896
f 1893 1643 1896
f 1892 1643 1893
f 1640 1643 1892
f 1890 1640 1892
f 1639 1640 1890
f 1888 1639 1890
f 1886 1639 1888
f 1638 1639 1886
f 1885 1638 1886
f 1635 1638 1885
f 1634 1635 1885
f 1883 1634 1885
f 1879 1634 1883
f 1878 1634 1879
f 1628 1634 1878
f 1627 1628 1878
f 1876 1627 1878
f 1623 1627 1876
f 1873 1623 1876
f 1621 1623 1873
f 1871 1621 1873
f 1619 1621 1871
f 1872 1619 1871
f 1617 1619 1872
f 1856 1617 1872
f 1615 1617 1856
f 1853 1615 1856
f 1850 1615 1853
f 1613 1615 1850
f 1848 1613 1850
f 1612 1613 1848
f 1845 1612 1848
f 1842 1612 1845
f 1609 1612 1842
f 1839 1609 1842
f 1607 1609 1839
f 1835 1607 1839
f 1606 1607 1835
f 1832 1606 1835
f 1830 1606 1832
f 1604 1606 1830
f 1831 1604 1830
f 1602 1604 1831
f 706 1898 703
f 1894 1898 706
f 1901 1894 706
f 707 1901 706
f 1903 1901 707
f 709 1903 707
f 1905 1903 709
f 711 1905 709
f 1907 1905 711
f 713 1907 711
f 716 1907 713
f 1908 1907 716
f 1910 1908 716
f 717 1910 716
f 1913 1910 717
f 1947 1913 717
f 718 1947 717
f 1946 1947 718
f 720 1946 718
f 1948 1946 720
f 1949 1948 720
f 722 1949 720
f 1951 1949 722
f 724 1951 722
f 1957 1951 724
f 1959 1957 724
f 725 1959 724
f 727 1959 725
f 1958 1959 727
f 729 1958 727
f 731 1958 729
f 1956 1958 731
f 733 1956 731
f 1955 1956 733
f 1961 1955 733
f 734 1961 733
f 696 421 423
f 702 696 423
f 420 421 696
f 692 420 696
f 691 420 692
f 418 420 691
f 417 418 691
f 689 417 691
f 673 417 689
f 686 673 689
f 710 434 436
f 712 710 436
f 439 712 436
f 714 712 439
f 441 714 439
f 715 714 441
f 719 715 441
f 443 719 441
f 721 719 443
f 723 721 443
f 444 723 443
f 726 723 444
f 446 726 444
f 728 726 446
f 730 728 446
f 10784 1063 1061
f 10783 10784 1061
f 1059 10783 1061
f 980 10783 1059
f 979 980 1059
f 1057 979 1059
f 1055 979 1057
f 977 979 1055
f 973 977 1055
f 1054 973 1055
f 971 973 1054
f 1068 1063 10784
f 983 1068 10784
f 1069 1068 983
f 984 1069 983
f 986 1069 984
f 1070 1069 986
f 1073 1070 986
f 1076 1073 986
f 987 1076 986
f 1078 1076 987
f 988 1078 987
f 1081 1078 988
f 993 1081 988
f 1084 1081 993
f 994 1084 993
f 996 1084 994
f 998 1084 996
f 1083 1084 998
f 1085 1083 998
f 999 1085 998
f 1087 1085 999
f 1090 1087 999
f 1092 1090 999
f 1000 1092 999
f 1094 1092 1000
f 971 1050 1051
f 970 971 1051
f 1054 1050 971
f 970 1051 1047
f 1045 970 1047
f 1046 970 1045
f 968 970 1046
f 966 968 1046
f 965 966 1046
f 1043 965 1046
f 1041 965 1043
f 1039 965 1041
f 1037 965 1039
f 964 965 1037
f 1034 964 1037
f 1032 964 1034
f 962 964 1032
f 1030 962 1032
f 960 962 1030
f 1028 960 1030
f 958 960 1028
f 1026 958 1028
f 957 958 1026
f 1023 957 1026
f 1022 957 1023
f 955 957 1022
f 950 955 1022
f 1019 950 1022
f 1018 950 1019
f 948 950 1018
f 946 948 1018
f 1016 946 1018
f 944 946 1016
f 1014 944 1016
f 943 944 1014
f 1012 943 1014
f 941 943 1012
f 1010 941 1012
f 938 941 1010
f 1007 938 1010
f 937 938 1007
f 1005 937 1007
f 1002 937 1005
f 935 937 1002
f 934 935 1002
f 1004 934 1002
f 10894 934 1004
f 933 934 10894
f 995 920 1001
f 918 920 995
f 992 918 995
f 916 918 992
f 991 916 992
f 915 916 991
f 982 978 976
f 990 982 976
f 991 990 976
f 915 991 976
f 972 915 976
f 969 915 972
f 912 915 969
f 967 912 969
f 911 912 967
f 961 911 967
f 959 911 961
f 910 911 959
f 956 910 959
f 951 910 956
f 908 910 951
f 952 908 951
f 954 908 952
f 904 908 954
f 902 904 954
f 953 902 954
f 900 902 953
f 899 900 953
f 949 899 953
f 947 899 949
f 897 899 947
f 945 897 947
f 896 897 945
f 942 896 945
f 895 896 942
f 939 895 942
f 940 895 939
f 894 895 940
f 1082 1162 1157
f 1080 1082 1157
f 1155 1080 1157
f 1079 1080 1155
f 1153 1079 1155
f 1077 1079 1153
f 1150 1077 1153
f 1148 1077 1150
f 1075 1077 1148
f 1146 1075 1148
f 1074 1075 1146
f 1144 1074 1146
f 1143 1074 1144
f 10779 1074 1143
f 1142 10779 1143
f 1048 10779 1142
f 1044 1048 1142
f 1042 1044 1142
f 1141 1042 1142
f 1040 1042 1141
f 1138 1040 1141
f 1137 1040 1138
f 1133 1040 1137
f 1038 1040 1133
f 1131 1038 1133
f 1036 1038 1131
f 1128 1036 1131
f 1127 1036 1128
f 1035 1036 1127
f 1124 1035 1127
f 1121 1035 1124
f 1120 1035 1121
f 1033 1035 1120
f 10782 1033 1120
f 1116 10782 1120
f 1115 10782 1116
f 1112 10782 1115
f 1031 10782 1112
f 1111 1031 1112
f 1029 1031 1111
f 1027 1029 1111
f 1109 1027 1111
f 1025 1027 1109
f 1108 1025 1109
f 1024 1025 1108
f 1105 1024 1108
f 1100 1024 1105
f 1101 1024 1100
f 1021 1024 1101
f 1020 1021 1101
f 1102 1020 1101
f 1104 1020 1102
f 1017 1020 1104
f 1015 1017 1104
f 1013 1015 1104
f 1103 1013 1104
f 1011 1013 1103
f 1009 1011 1103
f 1099 1009 1103
f 1008 1009 1099
f 1098 1008 1099
f 10895 1008 1098
f 1006 1008 10895
f 1003 1006 10895
f 1086 1162 1082
f 1165 1162 1086
f 1088 1165 1086
f 1166 1165 1088
f 1169 1166 1088
f 1089 1169 1088
f 1171 1169 1089
f 1175 1171 1089
f 1091 1175 1089
f 1177 1175 1091
f 1093 1177 1091
f 1179 1177 1093
f 1095 1179 1093
f 1182 1179 1095
f 1118 10896 1117
f 1149 1225 1223
f 1147 1149 1223
f 1221 1147 1223
f 1145 1147 1221
f 1220 1145 1221
f 1139 1145 1220
f 1136 1139 1220
f 1218 1136 1220
f 1135 1136 1218
f 1215 1135 1218
f 1213 1135 1215
f 1134 1135 1213
f 1209 1134 1213
f 1207 1134 1209
f 1132 1134 1207
f 1130 1132 1207
f 1204 1130 1207
f 1202 1130 1204
f 1129 1130 1202
f 1199 1129 1202
f 1198 1129 1199
f 1126 1129 1198
f 1125 1126 1198
f 1195 1125 1198
f 1194 1125 1195
f 1123 1125 1194
f 1122 1123 1194
f 1191 1122 1194
f 1192 1122 1191
f 1118 1122 1192
f 10896 1118 1192
f 10897 10896 1192
f 1151 1225 1149
f 1228 1225 1151
f 1231 1228 1151
f 1152 1231 1151
f 1233 1231 1152
f 1154 1233 1152
f 1236 1233 1154
f 1159 1236 1154
f 1160 1236 1159
f 1237 1236 1160
f 1240 1237 1160
f 1243 1240 1160
f 1161 1243 1160
f 1163 1243 1161
f 1245 1243 1163
f 1167 1245 1163
f 1247 1245 1167
f 1250 1247 1167
f 1168 1250 1167
f 1252 1250 1168
f 1170 1252 1168
f 1172 1252 1170
f 1253 1252 1172
f 1256 1253 1172
f 1173 1256 1172
f 1258 1256 1173
f 1261 1258 1173
f 1174 1261 1173
f 1176 1261 1174
f 1262 1261 1176
f 1178 1262 1176
f 1180 1262 1178
f 1264 1262 1180
f 1265 1267 1184
f 1183 1265 1184
f 1269 1265 1183
f 1186 1269 1183
f 1271 1269 1186
f 1188 1271 1186
f 1282 1271 1188
f 10778 1282 1188
f 1284 1282 10778
f 10775 1284 10778
f 10774 1284 10775
f 1285 1284 10774
f 1340 1229 1230
f 1342 1340 1230
f 1232 1342 1230
f 1234 1342 1232
f 1343 1342 1234
f 1346 1343 1234
f 1235 1346 1234
f 1238 1346 1235
f 1348 1346 1238
f 1239 1348 1238
f 1351 1348 1239
f 1241 1351 1239
f 1353 1351 1241
f 1356 1353 1241
f 1242 1356 1241
f 1358 1356 1242
f 1244 1358 1242
f 1359 1358 1244
f 1362 1359 1244
f 1337 1229 1340
f 1334 1229 1337
f 1226 1229 1334
f 1332 1226 1334
f 1224 1226 1332
f 1330 1224 1332
f 1222 1224 1330
f 1331 1222 1330
f 1219 1222 1331
f 1217 1219 1331
f 1328 1217 1331
f 1326 1217 1328
f 1216 1217 1326
f 1323 1216 1326
f 1322 1216 1323
f 1214 1216 1322
f 1212 1214 1322
f 1321 1212 1322
f 1211 1212 1321
f 1307 1211 1321
f 1210 1211 1307
f 1304 1210 1307
f 1208 1210 1304
f 1302 1208 1304
f 1206 1208 1302
f 1300 1206 1302
f 1205 1206 1300
f 1297 1205 1300
f 1295 1205 1297
f 1203 1205 1295
f 1296 1203 1295
f 1201 1203 1296
f 10774 1201 1296
f 1285 10774 1296
f 1288 1285 1296
f 1292 1288 1296
f 785 10786 10785
f 472 10786 785
f 10787 10786 472
f 10789 10787 472
f 473 10789 472
f 476 10789 473
f 479 10789 476
f 10791 10789 479
f 10794 10791 479
f 481 10794 479
f 10796 10794 481
f 483 10796 481
f 10797 10796 483
f 490 10797 483
f 492 10797 490
f 10799 10797 492
f 495 10799 492
f 10798 10799 495
f 735 10798 495
f 497 735 495
f 734 735 497
f 499 734 497
f 1961 734 499
f 1962 1961 499
f 500 1962 499
f 1964 1962 500
f 502 1964 500
f 1968 1964 502
f 1970 1968 502
f 503 1970 502
f 1973 1970 503
f 1975 1973 503
f 504 1975 503
f 506 1975 504
f 1977 1975 506
f 511 1977 506
f 512 1977 511
f 1978 1977 512
f 1979 1978 512
f 515 1979 512
f 1981 1979 515
f 517 1981 515
f 519 1981 517
f 1982 1981 519
f 1985 1982 519
f 520 1985 519
f 1987 1985 520
f 790 10785 756
f 786 10785 790
f 756 794 790
f 10898 795 796
f 801 10898 796
f 893 928 892
f 926 928 893
f 931 926 893
f 894 931 893
f 940 931 894
f 936 931 940
f 932 931 936
f 923 795 924
f 793 795 923
f 792 793 923
f 907 792 923
f 925 907 923
f 922 907 925
f 913 906 907
f 1462 1636 1631
f 1460 1462 1631
f 1632 1460 1631
f 1456 1460 1632
f 1454 1456 1632
f 1630 1454 1632
f 1452 1454 1630
f 1626 1452 1630
f 1450 1452 1626
f 1624 1450 1626
f 1448 1450 1624
f 1446 1448 1624
f 1622 1446 1624
f 1620 1446 1622
f 1444 1446 1620
f 1618 1444 1620
f 1616 1444 1618
f 1442 1444 1616
f 1614 1442 1616
f 1441 1442 1614
f 1611 1441 1614
f 1610 1441 1611
f 1438 1441 1610
f 1436 1438 1610
f 1608 1436 1610
f 1435 1436 1608
f 1605 1435 1608
f 1603 1435 1605
f 1433 1435 1603
f 1601 1433 1603
f 1432 1433 1601
f 1598 1432 1601
f 1596 1432 1598
f 1430 1432 1596
f 1594 1430 1596
f 1428 1430 1594
f 1591 1428 1594
f 1425 1428 1591
f 1423 1425 1591
f 1590 1423 1591
f 1422 1423 1590
f 1587 1422 1590
f 1585 1422 1587
f 1420 1422 1585
f 1584 1420 1585
f 1419 1420 1584
f 1581 1419 1584
f 1578 1419 1581
f 1416 1419 1578
f 1577 1416 1578
f 1413 1416 1577
f 1412 1413 1577
f 1575 1412 1577
f 1410 1412 1575
f 1574 1410 1575
f 1408 1410 1574
f 1407 1408 1574
f 1571 1407 1574
f 1569 1407 1571
f 1405 1407 1569
f 1566 1405 1569
f 1565 1405 1566
f 1403 1405 1565
f 1396 1403 1565
f 1394 1396 1565
f 1563 1394 1565
f 1392 1394 1563
f 1560 1392 1563
f 1391 1392 1560
f 1557 1391 1560
f 1389 1391 1557
f 1555 1389 1557
f 1553 1389 1555
f 1387 1389 1553
f 1552 1387 1553
f 1386 1387 1552
f 1547 1386 1552
f 1548 1386 1547
f 1384 1386 1548
f 1377 1384 1548
f 1374 1377 1548
f 1543 1374 1548
f 1545 1374 1543
f 1375 1374 1545
f 1796 1593 1595
f 1597 1796 1595
f 1798 1796 1597
f 1599 1798 1597
f 1799 1798 1599
f 1794 1593 1796
f 1793 1593 1794
f 1592 1593 1793
f 1790 1592 1793
f 1786 1592 1790
f 1589 1592 1786
f 1588 1589 1786
f 1784 1588 1786
f 1782 1588 1784
f 1586 1588 1782
f 1783 1586 1782
f 1583 1586 1783
f 1582 1583 1783
f 1780 1582 1783
f 1779 1582 1780
f 1580 1582 1779
f 1579 1580 1779
f 1776 1579 1779
f 1777 1579 1776
f 1576 1579 1777
f 1573 1576 1777
f 1572 1573 1777
f 1775 1572 1777
f 1772 1572 1775
f 1570 1572 1772
f 1766 1570 1772
f 1568 1570 1766
f 1567 1568 1766
f 1800 2292 2293
f 1797 1800 2293
f 1795 1797 2293
f 2294 1795 2293
f 1792 1795 2294
f 1791 1792 2294
f 2291 1791 2294
f 2289 1791 2291
f 1789 1791 2289
f 2286 1789 2289
f 2285 1789 2286
f 1788 1789 2285
f 1770 1788 2285
f 2283 1770 2285
f 1769 1770 2283
f 2280 1769 2283
f 1768 1769 2280
f 2278 1768 2280
f 2276 1768 2278
f 1767 1768 2276
f 2274 1767 2276
f 2273 1767 2274
f 1764 1767 2273
f 1762 1764 2273
f 2271 1762 2273
f 1758 1762 2271
f 2269 1758 2271
f 1756 1758 2269
f 2267 1756 2269
f 1755 1756 2267
f 2264 1755 2267
f 2260 1755 2264
f 1754 1755 2260
f 2258 1754 2260
f 10769 1754 2258
f 1741 10769 2258
f 2257 1741 2258
f 1740 1741 2257
f 2253 1740 2257
f 2252 1740 2253
f 1738 1740 2252
f 1737 1738 2252
f 2249 1737 2252
f 2245 1737 2249
f 1734 1737 2245
f 10899 1734 2245
f 2247 10899 2245
f 1803 2292 1800
f 2295 2292 1803
f 1805 2295 1803
f 2297 2295 1805
f 2300 2297 1805
f 1806 2300 1805
f 2302 2300 1806
f 1808 2302 1806
f 2304 2302 1808
f 2307 2304 1808
f 1809 2307 1808
f 2309 2307 1809
f 2312 2309 1809
f 2315 2312 1809
f 1810 2315 1809
f 2317 2315 1810
f 1812 2317 1810
f 2319 2317 1812
f 2322 2319 1812
f 1813 2322 1812
f 2324 2322 1813
f 1814 2324 1813
f 1822 2324 1814
f 1823 2324 1822
f 2323 2324 1823
f 1824 2323 1823
f 2325 2323 1824
f 2327 2325 1824
f 2330 2327 1824
f 1825 2330 1824
f 2331 2330 1825
f 1828 2331 1825
f 2333 2331 1828
f 1833 2333 1828
f 2335 2333 1833
f 1834 2335 1833
f 1837 2335 1834
f 1971 2335 1837
f 2334 2335 1971
f 2336 2334 1971
f 1972 2336 1971
f 2338 2336 1972
f 1974 2338 1972
f 1976 2338 1974
f 2339 2338 1976
f 1980 2339 1976
f 1983 2339 1980
f 2340 2339 1983
f 1984 2340 1983
f 2341 2340 1984
f 1986 2341 1984
f 2342 2341 1986
f 1988 2342 1986
f 2343 2342 1988
f 1990 2343 1988
f 2346 2343 1990
f 1991 2346 1990
f 2348 2346 1991
f 2350 2348 1991
f 1995 2350 1991
f 2352 2350 1995
f 1996 2352 1995
f 2354 2352 1996
f 2001 2354 1996
f 2007 2354 2001
f 2356 2354 2007
f 2008 2356 2007
f 2358 2356 2008
f 2012 2358 2008
f 2360 2358 2012
f 2013 2360 2012
f 2362 2360 2013
f 2365 2362 2013
f 2014 2365 2013
f 2367 2365 2014
f 10768 2367 2014
f 2370 2367 10768
f 2372 2370 10768
f 2017 2372 10768
f 2024 2372 2017
f 2025 2372 2024
f 2371 2372 2025
f 2374 2371 2025
f 2379 2374 2025
f 2026 2379 2025
f 2382 2379 2026
f 2028 2382 2026
f 2384 2382 2028
f 2387 2384 2028
f 2029 2387 2028
f 2388 2387 2029
f 1815 1802 1799
f 1817 1815 1799
f 1811 1802 1815
f 1807 1802 1811
f 1804 1802 1807
f 1817 1799 1599
f 1818 1817 1599
f 1600 1818 1599
f 1820 1818 1600
f 1602 1820 1600
f 1831 1820 1602
f 1826 1820 1831
f 1821 1820 1826
f 1192 1187 1185
f 10897 1192 1185
f 501 498 496
f 505 501 496
f 1989 1987 520
f 523 1989 520
f 1992 1989 523
f 1998 1994 1992
f 523 1998 1992
f 524 1998 523
f 526 1998 524
f 1999 1998 526
f 528 1999 526
f 530 1999 528
f 2000 1999 530
f 2003 2000 530
f 532 2003 530
f 2002 2003 532
f 2005 2002 532
f 494 496 493
f 505 496 494
f 508 505 494
f 347 508 494
f 509 508 347
f 348 509 347
f 351 509 348
f 510 509 351
f 513 510 351
f 352 513 351
f 355 513 352
f 514 513 355
f 516 514 355
f 356 516 355
f 518 516 356
f 522 518 356
f 357 522 356
f 525 522 357
f 359 525 357
f 527 525 359
f 361 527 359
f 529 527 361
f 363 529 361
f 366 529 363
f 531 529 366
f 367 531 366
f 534 531 367
f 369 534 367
f 535 534 369
f 539 535 369
f 370 539 369
f 540 539 370
f 543 540 370
f 372 543 370
f 10900 543 372
f 373 10900 372
f 2347 2845 2846
f 2313 2347 2846
f 2311 2313 2846
f 2844 2311 2846
f 2310 2311 2844
f 2841 2310 2844
f 2840 2310 2841
f 2308 2310 2840
f 2306 2308 2840
f 2349 2845 2347
f 2351 2845 2349
f 2843 2845 2351
f 2850 2843 2351
f 2353 2850 2351
f 2851 2850 2353
f 2355 2851 2353
f 2852 2851 2355
f 2357 2852 2355
f 2855 2852 2357
f 2359 2855 2357
f 2857 2855 2359
f 2361 2857 2359
f 2860 2857 2361
f 2363 2860 2361
f 2862 2860 2363
f 2865 2862 2363
f 2364 2865 2363
f 2366 2865 2364
f 2871 2865 2366
f 2873 2871 2366
f 2368 2873 2366
f 2875 2873 2368
f 2375 2875 2368
f 3056 2835 2836
f 3058 3056 2836
f 2838 3058 2836
f 3063 3058 2838
f 2847 3063 2838
f 3062 3063 2847
f 3065 3062 2847
f 2848 3065 2847
f 2853 3065 2848
f 3066 3065 2853
f 2854 3066 2853
f 3068 3066 2854
f 2856 3068 2854
f 3070 3068 2856
f 2858 3070 2856
f 3078 3070 2858
f 3081 3078 2858
f 2859 3081 2858
f 2861 3081 2859
f 3082 3081 2861
f 2863 3082 2861
f 3084 3082 2863
f 3087 3084 2863
f 2864 3087 2863
f 3089 3087 2864
f 2866 3089 2864
f 2868 3089 2866
f 3090 3089 2868
f 3093 3090 2868
f 2869 3093 2868
f 3095 3093 2869
f 2877 3095 2869
f 3097 3095 2877
f 2879 3097 2877
f 2882 3097 2879
f 3098 3097 2882
f 3101 3098 2882
f 3104 3101 2882
f 2883 3104 2882
f 3106 3104 2883
f 2885 3106 2883
f 3042 2835 3056
f 2832 2835 3042
f 2830 2832 3042
f 3040 2830 3042
f 3944 2830 3040
f 3035 3944 3040
f 3947 3944 3035
f 2813 3947 3035
f 3032 2813 3035
f 2811 2813 3032
f 3031 2811 3032
f 2809 2811 3031
f 3028 2809 3031
f 2808 2809 3028
f 3026 2808 3028
f 2806 2808 3026
f 3024 2806 3026
f 2804 2806 3024
f 3021 2804 3024
f 2801 2804 3021
f 2799 2801 3021
f 3019 2799 3021
f 2797 2799 3019
f 3017 2797 3019
f 2796 2797 3017
f 3015 2796 3017
f 2794 2796 3015
f 3013 2794 3015
f 2792 2794 3013
f 3010 2792 3013
f 3008 2792 3010
f 2790 2792 3008
f 3007 2790 3008
f 2788 2790 3007
f 3004 2788 3007
f 3002 2788 3004
f 2785 2788 3002
f 3000 2785 3002
f 2783 2785 3000
f 2780 2783 3000
f 2999 2780 3000
f 2779 2780 2999
f 2995 2779 2999
f 2994 2779 2995
f 2777 2779 2994
f 2992 2777 2994
f 2776 2777 2992
f 2990 2776 2992
f 2989 2776 2990
f 3948 2776 2989
f 10901 3948 2989
f 2985 10901 2989
f 2982 10901 2985
f 2978 10902 2981
f 2977 10902 2978
f 2967 10903 2973
f 10904 10903 2967
f 2966 10904 2967
f 10905 10904 2966
f 2840 2837 2834
f 2306 2840 2834
f 2305 2306 2834
f 2828 2305 2834
f 2827 2305 2828
f 2303 2305 2827
f 2825 2303 2827
f 2301 2303 2825
f 2824 2301 2825
f 2299 2301 2824
f 2822 2299 2824
f 2298 2299 2822
f 2819 2298 2822
f 2820 2298 2819
f 2296 2298 2820
f 2288 2296 2820
f 2287 2288 2820
f 2817 2287 2820
f 2816 2287 2817
f 2284 2287 2816
f 2282 2284 2816
f 2812 2282 2816
f 2281 2282 2812
f 2810 2281 2812
f 2279 2281 2810
f 2807 2279 2810
f 2277 2279 2807
f 2805 2277 2807
f 2275 2277 2805
f 2803 2275 2805
f 2802 2275 2803
f 2272 2275 2802
f 2270 2272 2802
f 2800 2270 2802
f 2268 2270 2800
f 2798 2268 2800
f 2266 2268 2798
f 2795 2266 2798
f 2265 2266 2795
f 2793 2265 2795
f 2791 2265 2793
f 2263 2265 2791
f 2789 2263 2791
f 2261 2263 2789
f 2786 2261 2789
f 2787 2261 2786
f 2259 2261 2787
f 2256 2259 2787
f 2255 2256 2787
f 2784 2255 2787
f 2782 2255 2784
f 2254 2255 2782
f 2781 2254 2782
f 2251 2254 2781
f 2250 2251 2781
f 2778 2250 2781
f 2773 2250 2778
f 2248 2250 2773
f 2775 2248 2773
f 2754 10906 2757
f 2752 10906 2754
f 3214 3043 3044
f 3046 3214 3044
f 3223 3214 3046
f 3048 3223 3046
f 3222 3223 3048
f 3050 3222 3048
f 3225 3222 3050
f 3228 3225 3050
f 3051 3228 3050
f 3230 3228 3051
f 3233 3230 3051
f 3052 3233 3051
f 3235 3233 3052
f 3053 3235 3052
f 3238 3235 3053
f 3938 3238 3053
f 3059 3238 3938
f 3237 3238 3059
f 3239 3237 3059
f 3060 3239 3059
f 3241 3239 3060
f 3072 3241 3060
f 3073 3241 3072
f 3240 3241 3073
f 3243 3240 3073
f 3074 3243 3073
f 3245 3243 3074
f 3075 3245 3074
f 3247 3245 3075
f 3251 3247 3075
f 3076 3251 3075
f 3253 3251 3076
f 3077 3253 3076
f 3079 3253 3077
f 3255 3253 3079
f 3083 3255 3079
f 3085 3255 3083
f 3256 3255 3085
f 3259 3256 3085
f 3086 3259 3085
f 3260 3259 3086
f 3263 3260 3086
f 3088 3263 3086
f 3091 3263 3088
f 3264 3263 3091
f 3267 3264 3091
f 3092 3267 3091
f 3268 3267 3092
f 3094 3268 3092
f 3272 3268 3094
f 3096 3272 3094
f 3099 3272 3096
f 3273 3272 3099
f 3276 3273 3099
f 3100 3276 3099
f 3278 3276 3100
f 3102 3278 3100
f 3280 3278 3102
f 3282 3280 3102
f 3103 3282 3102
f 3107 3282 3103
f 3283 3282 3107
f 3286 3283 3107
f 3108 3286 3107
f 3110 3286 3108
f 3287 3286 3110
f 3290 3287 3110
f 3113 3290 3110
f 3134 3290 3113
f 3289 3290 3134
f 3136 3289 3134
f 3291 3289 3136
f 3294 3291 3136
f 3137 3294 3136
f 3296 3294 3137
f 3298 3296 3137
f 3139 3298 3137
f 3301 3298 3139
f 3141 3301 3139
f 3302 3301 3141
f 3143 3302 3141
f 3304 3302 3143
f 3145 3304 3143
f 3305 3304 3145
f 3147 3305 3145
f 3308 3305 3147
f 3149 3308 3147
f 3153 3309 3151
f 3310 3309 3153
f 3154 3310 3153
f 3313 3310 3154
f 3316 3313 3154
f 3156 3316 3154
f 3318 3316 3156
f 3157 3318 3156
f 3328 3318 3157
f 3211 3043 3214
f 3210 3043 3211
f 3033 3043 3210
f 3029 3033 3210
f 3208 3029 3210
f 3027 3029 3208
f 3206 3027 3208
f 3025 3027 3206
f 3204 3025 3206
f 3023 3025 3204
f 3202 3023 3204
f 3022 3023 3202
f 3201 3022 3202
f 3020 3022 3201
f 3200 3020 3201
f 3018 3020 3200
f 3016 3018 3200
f 3199 3016 3200
f 3014 3016 3199
f 3012 3014 3199
f 3193 3012 3199
f 3191 3012 3193
f 3011 3012 3191
f 3188 3011 3191
f 3186 3011 3188
f 3009 3011 3186
f 3187 3009 3186
f 3006 3009 3187
f 3005 3006 3187
f 3184 3005 3187
f 3182 3005 3184
f 3180 3005 3182
f 3003 3005 3180
f 3178 3003 3180
f 3001 3003 3178
f 3177 3001 3178
f 2998 3001 3177
f 2997 2998 3177
f 3174 2997 3177
f 3172 2997 3174
f 2996 2997 3172
f 3170 2996 3172
f 3171 2996 3170
f 2993 2996 3171
f 2991 2993 3171
f 3168 2991 3171
f 3167 2991 3168
f 2988 2991 3167
f 2987 2988 3167
f 3164 2987 3167
f 3162 2987 3164
f 2986 2987 3162
f 3159 2986 3162
f 3158 2986 3159
f 2979 2986 3158
f 2975 2979 3158
f 3155 2975 3158
f 3150 2975 3155
f 2976 2975 3150
f 3152 2976 3150
f 3146 2974 3148
f 2971 2974 3146
f 2969 2971 3146
f 3144 2969 3146
f 2968 2969 3144
f 3142 2968 3144
f 3140 2968 3142
f 2964 2968 3140
f 3138 2964 3140
f 2962 2964 3138
f 3135 2962 3138
f 3133 2962 3135
f 2960 2962 3133
f 3131 2960 3133
f 3132 2960 3131
f 2958 2960 3132
f 2955 2958 3132
f 2954 2955 3132
f 3116 2954 3132
f 3117 2954 3116
f 2952 2954 3117
f 3130 2952 3117
f 2951 2952 3130
f 3128 2951 3130
f 3129 2951 3128
f 3939 2951 3129
f 3942 3939 3129
f 2895 3942 3129
f 3127 2895 3129
f 2894 2895 3127
f 3125 2894 3127
f 2893 2894 3125
f 3121 2893 3125
f 3124 2893 3121
f 2890 2893 3124
f 2888 2890 3124
f 3122 2888 3124
f 3123 2888 3122
f 2886 2888 3123
f 2885 2886 3123
f 1567 1766 1763
f 1761 1567 1763
f 1564 1567 1761
f 1562 1564 1761
f 1760 1562 1761
f 1561 1562 1760
f 1757 1561 1760
f 1559 1561 1757
f 1558 1559 1757
f 1750 1558 1757
f 1749 1558 1750
f 1556 1558 1749
f 1747 1556 1749
f 1554 1556 1747
f 1748 1554 1747
f 1551 1554 1748
f 1550 1551 1748
f 1745 1550 1748
f 1743 1550 1745
f 1549 1550 1743
f 1739 1549 1743
f 1736 1549 1739
f 1546 1549 1736
f 1733 1546 1736
f 1544 1546 1733
f 1735 1544 1733
f 2410 2030 2032
f 2034 2410 2032
f 2037 2410 2034
f 2408 2410 2037
f 2411 2408 2037
f 2038 2411 2037
f 2043 2411 2038
f 2407 2411 2043
f 2413 2407 2043
f 2044 2413 2043
f 2415 2413 2044
f 2417 2415 2044
f 2046 2417 2044
f 2409 2030 2410
f 2029 2030 2409
f 2388 2029 2409
f 2406 2388 2409
f 2403 2388 2406
f 2401 2388 2403
f 2389 2388 2401
f 2398 2389 2401
f 2395 2389 2398
f 2390 2389 2395
f 541 2036 2035
f 2039 2036 541
f 2041 2039 541
f 542 2041 541
f 2033 537 538
f 2035 2033 538
f 541 2035 538
f 2031 537 2033
f 2027 537 2031
f 2019 2016 2010
f 2006 2019 2010
f 2005 2019 2006
f 2021 2019 2005
f 2022 2021 2005
f 532 2022 2005
f 533 2022 532
f 536 2022 533
f 2020 2022 536
f 2023 2020 536
f 2027 2023 536
f 537 2027 536
f 10907 180 181
f 184 180 10907
f 10908 166 165
f 10909 10908 165
f 163 10909 165
f 158 66 161
f 155 66 158
f 156 66 155
f 63 66 156
f 181 166 10908
f 10907 181 10908
f 2487 2405 2412
f 2488 2487 2412
f 2414 2488 2412
f 2490 2488 2414
f 2416 2490 2414
f 2418 10910 2419
f 2404 2405 2487
f 2484 2404 2487
f 2480 2404 2484
f 2402 2404 2480
f 2479 2402 2480
f 2400 2402 2479
f 2477 2400 2479
f 2399 2400 2477
f 2474 2399 2477
f 2472 2399 2474
f 2397 2399 2472
f 2470 2397 2472
f 2396 2397 2470
f 2467 2396 2470
f 2465 2396 2467
f 2466 2396 2465
f 2394 2396 2466
f 2900 2476 2478
f 2481 2900 2478
f 2902 2900 2481
f 2482 2902 2481
f 2906 2902 2482
f 2483 2906 2482
f 2908 2906 2483
f 2485 2908 2483
f 2910 2908 2485
f 2913 2910 2485
f 2916 2913 2485
f 2486 2916 2485
f 2489 2916 2486
f 2915 2916 2489
f 2898 2476 2900
f 2896 2476 2898
f 2475 2476 2896
f 2892 2475 2896
f 2891 2475 2892
f 2473 2475 2891
f 2889 2473 2891
f 2471 2473 2889
f 2887 2471 2889
f 2469 2471 2887
f 2884 2469 2887
f 2468 2469 2884
f 2881 2468 2884
f 2880 2468 2881
f 2462 2468 2880
f 2878 2462 2880
f 2461 2462 2878
f 2876 2461 2878
f 2872 2461 2876
f 2460 2461 2872
f 2874 2460 2872
f 2458 2460 2874
f 2875 2458 2874
f 10734 2458 2875
f 2375 10734 2875
f 2376 10734 2375
f 10736 10734 2376
f 2377 10736 2376
f 10738 10736 2377
f 10741 10738 2377
f 10744 10741 2377
f 2378 10744 2377
f 2380 10744 2378
f 10743 10744 2380
f 10746 10743 2380
f 2381 10746 2380
f 2425 10746 2381
f 2383 2425 2381
f 2424 2425 2383
f 2391 2424 2383
f 141 154 151
f 147 141 151
f 144 141 147
f 156 154 141
f 143 156 141
f 63 156 143
f 64 63 143
f 10911 64 143
f 142 10911 143
f 2045 2040 2042
f 10912 140 137
f 142 140 10912
f 2755 2938 2934
f 2753 2755 2934
f 2933 2753 2934
f 2751 2753 2933
f 2930 2751 2933
f 2750 2751 2930
f 2923 2750 2930
f 2921 2750 2923
f 2746 2750 2921
f 2920 2746 2921
f 2747 2746 2920
f 2942 2938 2755
f 2944 2942 2755
f 2756 2944 2755
f 2759 2944 2756
f 2943 2944 2759
f 2761 2943 2759
f 2764 2943 2761
f 2941 2943 2764
f 2766 2941 2764
f 2940 2941 2766
f 2945 2940 2766
f 2768 2945 2766
f 2770 2945 2768
f 2947 2945 2770
f 2769 2947 2770
f 2949 2947 2769
f 2953 2949 2769
f 2956 2953 2769
f 2772 2956 2769
f 10913 2956 2772
f 2957 2956 10913
f 10914 2957 10913
f 2959 2957 10914
f 2961 2959 10914
f 10905 2961 10914
f 2963 2961 10905
f 2966 2963 10905
f 2463 2455 2451
f 2452 2463 2451
f 2466 2463 2452
f 2394 2466 2452
f 2393 2394 2452
f 2449 2393 2452
f 2450 2393 2449
f 2391 2393 2450
f 2424 2391 2450
f 2422 2424 2450
f 2421 2422 2450
f 2459 2455 2463
f 2428 2423 2420
f 2429 2427 10915
f 2433 2429 10915
f 2439 2437 10916
f 10910 2439 10916
f 2418 2439 10910
f 2442 2439 2418
f 2445 2442 2418
f 2421 2445 2418
f 2450 2445 2421
f 3112 3106 2885
f 3123 3112 2885
f 3119 3112 3123
f 3115 3112 3119
f 3111 3112 3115
f 3105 3106 3112
f 3109 3105 3112
f 3328 3319 3318
f 737 730 448
f 448 730 446
f 10917 10918 10837
f 2051 10810 2052
f 10809 9 10892
f 8 10809 10892
f 10563 10836 10285
f 10563 10285 4849
f 4474 4045 4047
f 2701 2239 2710
f 10810 2051 2055
f 10809 10 1
f 10510 10521 10511
f 10257 10260 10254
f 4615 4611 4620
f 913 907 922
f 3319 3328 3323
f 10785 786 785
f 469 468 474
f 10809 9 8
f 567 562 563
f 2737 10884 2740
f 2717 2244 2700
f 5414 10680 5417
f 6595 7164 6602
f 9724 9529 9731
f 10025 10022 10029
f 9962 9833 9961
f 10839 6663 10837
f 7288 10837 7289
f 10917 10837 7288
f 10918 10839 10837
